  姝ｅ湪纭畾瑕佽繕鍘熺殑椤圭洰鈥?
C:\MesIngest\Ticket11\run-wpf-ui-20260810-0145-v20-approved-final\Source\mes\ingest\csharp\MesIngest.Watch.UiTests\MesIngest.Watch.UiTests.csproj : warning NU1801: 鏃犳硶鍔犺浇婧?https://api.nuget.org/v3/index.json 鐨勬湇鍔＄储寮曘€?
C:\MesIngest\Ticket11\run-wpf-ui-20260810-0145-v20-approved-final\Source\mes\ingest\csharp\MesIngest.Watch\MesIngest.Watch.csproj : warning NU1801: 鏃犳硶鍔犺浇婧?https://api.nuget.org/v3/index.json 鐨勬湇鍔＄储寮曘€?[C:\MesIngest\Ticket11\run-wpf-ui-20260810-0145-v20-approved-final\Source\mes\ingest\csharp\MesIngest.Watch.UiTests\MesIngest.Watch.UiTests.csproj]
C:\MesIngest\Ticket11\run-wpf-ui-20260810-0145-v20-approved-final\Source\mes\ingest\csharp\MesIngest.Core\MesIngest.Core.csproj : warning NU1801: 鏃犳硶鍔犺浇婧?https://api.nuget.org/v3/index.json 鐨勬湇鍔＄储寮曘€?[C:\MesIngest\Ticket11\run-wpf-ui-20260810-0145-v20-approved-final\Source\mes\ingest\csharp\MesIngest.Watch.UiTests\MesIngest.Watch.UiTests.csproj]
C:\MesIngest\Ticket11\run-wpf-ui-20260810-0145-v20-approved-final\Source\mes\ingest\csharp\MesIngest.Core\MesIngest.Core.csproj : warning NU1801: 鏃犳硶鍔犺浇婧?https://api.nuget.org/v3/index.json 鐨勬湇鍔＄储寮曘€?[C:\MesIngest\Ticket11\run-wpf-ui-20260810-0145-v20-approved-final\Source\mes\ingest\csharp\MesIngest.Watch.UiTests\MesIngest.Watch.UiTests.csproj]
C:\MesIngest\Ticket11\run-wpf-ui-20260810-0145-v20-approved-final\Source\mes\ingest\csharp\MesIngest.Watch\MesIngest.Watch.csproj : warning NU1801: 鏃犳硶鍔犺浇婧?https://api.nuget.org/v3/index.json 鐨勬湇鍔＄储寮曘€?[C:\MesIngest\Ticket11\run-wpf-ui-20260810-0145-v20-approved-final\Source\mes\ingest\csharp\MesIngest.Watch.UiTests\MesIngest.Watch.UiTests.csproj]
C:\MesIngest\Ticket11\run-wpf-ui-20260810-0145-v20-approved-final\Source\mes\ingest\csharp\MesIngest.Core\MesIngest.Core.csproj : warning NU1603: Azure.Identity 1.11.4 渚濊禆浜?System.Memory (>= 4.5.4)锛屼絾鎵句笉鍒?System.Memory 4.5.4銆?宸茶В鍐?System.Memory 4.6.0 鐨勮繎浼兼渶浣冲尮閰嶃€? [C:\MesIngest\Ticket11\run-wpf-ui-20260810-0145-v20-approved-final\Source\mes\ingest\csharp\MesIngest.Watch.UiTests\MesIngest.Watch.UiTests.csproj]
C:\MesIngest\Ticket11\run-wpf-ui-20260810-0145-v20-approved-final\Source\mes\ingest\csharp\MesIngest.Watch\MesIngest.Watch.csproj : warning NU1603: Azure.Identity 1.11.4 渚濊禆浜?System.Memory (>= 4.5.4)锛屼絾鎵句笉鍒?System.Memory 4.5.4銆?宸茶В鍐?System.Memory 4.6.0 鐨勮繎浼兼渶浣冲尮閰嶃€? [C:\MesIngest\Ticket11\run-wpf-ui-20260810-0145-v20-approved-final\Source\mes\ingest\csharp\MesIngest.Watch.UiTests\MesIngest.Watch.UiTests.csproj]
C:\MesIngest\Ticket11\run-wpf-ui-20260810-0145-v20-approved-final\Source\mes\ingest\csharp\MesIngest.Core\MesIngest.Core.csproj : warning NU1603: Azure.Identity 1.11.4 渚濊禆浜?System.Security.Cryptography.ProtectedData (>= 4.7.0)锛屼絾鎵句笉鍒?System.Security.Cryptography.ProtectedData 4.7.0銆?宸茶В鍐?System.Security.Cryptography.ProtectedData 8.0.0 鐨勮繎浼兼渶浣冲尮閰嶃€? [C:\MesIngest\Ticket11\run-wpf-ui-20260810-0145-v20-approved-final\Source\mes\ingest\csharp\MesIngest.Watch.UiTests\MesIngest.Watch.UiTests.csproj]
C:\MesIngest\Ticket11\run-wpf-ui-20260810-0145-v20-approved-final\Source\mes\ingest\csharp\MesIngest.Watch\MesIngest.Watch.csproj : warning NU1603: Azure.Identity 1.11.4 渚濊禆浜?System.Security.Cryptography.ProtectedData (>= 4.7.0)锛屼絾鎵句笉鍒?System.Security.Cryptography.ProtectedData 4.7.0銆?宸茶В鍐?System.Security.Cryptography.ProtectedData 8.0.0 鐨勮繎浼兼渶浣冲尮閰嶃€? [C:\MesIngest\Ticket11\run-wpf-ui-20260810-0145-v20-approved-final\Source\mes\ingest\csharp\MesIngest.Watch.UiTests\MesIngest.Watch.UiTests.csproj]
  宸茶繕鍘?C:\MesIngest\Ticket11\run-wpf-ui-20260810-0145-v20-approved-final\Source\mes\ingest\csharp\MesIngest.Core\MesIngest.Core.csproj (鐢ㄦ椂 17.48 绉?銆?
  宸茶繕鍘?C:\MesIngest\Ticket11\run-wpf-ui-20260810-0145-v20-approved-final\Source\mes\ingest\csharp\MesIngest.Watch\MesIngest.Watch.csproj (鐢ㄦ椂 17.48 绉?銆?
C:\MesIngest\Ticket11\run-wpf-ui-20260810-0145-v20-approved-final\Source\mes\ingest\csharp\MesIngest.Watch.UiTests\MesIngest.Watch.UiTests.csproj : warning NU1801: 鏃犳硶鍔犺浇婧?https://api.nuget.org/v3/index.json 鐨勬湇鍔＄储寮曘€?
C:\MesIngest\Ticket11\run-wpf-ui-20260810-0145-v20-approved-final\Source\mes\ingest\csharp\MesIngest.Watch.UiTests\MesIngest.Watch.UiTests.csproj : warning NU1801: 鏃犳硶鍔犺浇婧?https://api.nuget.org/v3/index.json 鐨勬湇鍔＄储寮曘€?
C:\MesIngest\Ticket11\run-wpf-ui-20260810-0145-v20-approved-final\Source\mes\ingest\csharp\MesIngest.Watch.UiTests\MesIngest.Watch.UiTests.csproj : warning NU1801: 鏃犳硶鍔犺浇婧?https://api.nuget.org/v3/index.json 鐨勬湇鍔＄储寮曘€?
C:\MesIngest\Ticket11\run-wpf-ui-20260810-0145-v20-approved-final\Source\mes\ingest\csharp\MesIngest.Watch.UiTests\MesIngest.Watch.UiTests.csproj : warning NU1801: 鏃犳硶鍔犺浇婧?https://api.nuget.org/v3/index.json 鐨勬湇鍔＄储寮曘€?
C:\MesIngest\Ticket11\run-wpf-ui-20260810-0145-v20-approved-final\Source\mes\ingest\csharp\MesIngest.Watch.UiTests\MesIngest.Watch.UiTests.csproj : warning NU1603: Verify.XunitV3 31.16.1 渚濊禆浜?DiffEngine (>= 19.1.2)锛屼絾鎵句笉鍒?DiffEngine 19.1.2銆?宸茶В鍐?DiffEngine 19.1.3 鐨勮繎浼兼渶浣冲尮閰嶃€?
C:\MesIngest\Ticket11\run-wpf-ui-20260810-0145-v20-approved-final\Source\mes\ingest\csharp\MesIngest.Watch.UiTests\MesIngest.Watch.UiTests.csproj : warning NU1603: xunit.v3.common 3.2.2 渚濊禆浜?Microsoft.Bcl.AsyncInterfaces (>= 6.0.0)锛屼絾鎵句笉鍒?Microsoft.Bcl.AsyncInterfaces 6.0.0銆?宸茶В鍐?Microsoft.Bcl.AsyncInterfaces 10.0.6 鐨勮繎浼兼渶浣冲尮閰嶃€?
C:\MesIngest\Ticket11\run-wpf-ui-20260810-0145-v20-approved-final\Source\mes\ingest\csharp\MesIngest.Watch.UiTests\MesIngest.Watch.UiTests.csproj : warning NU1603: Microsoft.ApplicationInsights 2.23.0 渚濊禆浜?System.Diagnostics.DiagnosticSource (>= 5.0.0)锛屼絾鎵句笉鍒?System.Diagnostics.DiagnosticSource 5.0.0銆?宸茶В鍐?System.Diagnostics.DiagnosticSource 6.0.1 鐨勮繎浼兼渶浣冲尮閰嶃€?
C:\MesIngest\Ticket11\run-wpf-ui-20260810-0145-v20-approved-final\Source\mes\ingest\csharp\MesIngest.Watch.UiTests\MesIngest.Watch.UiTests.csproj : warning NU1603: Azure.Identity 1.11.4 渚濊禆浜?System.Memory (>= 4.5.4)锛屼絾鎵句笉鍒?System.Memory 4.5.4銆?宸茶В鍐?System.Memory 4.6.0 鐨勮繎浼兼渶浣冲尮閰嶃€?
C:\MesIngest\Ticket11\run-wpf-ui-20260810-0145-v20-approved-final\Source\mes\ingest\csharp\MesIngest.Watch.UiTests\MesIngest.Watch.UiTests.csproj : warning NU1603: Azure.Identity 1.11.4 渚濊禆浜?System.Security.Cryptography.ProtectedData (>= 4.7.0)锛屼絾鎵句笉鍒?System.Security.Cryptography.ProtectedData 4.7.0銆?宸茶В鍐?System.Security.Cryptography.ProtectedData 8.0.0 鐨勮繎浼兼渶浣冲尮閰嶃€?
  宸茶繕鍘?C:\MesIngest\Ticket11\run-wpf-ui-20260810-0145-v20-approved-final\Source\mes\ingest\csharp\MesIngest.Watch.UiTests\MesIngest.Watch.UiTests.csproj (鐢ㄦ椂 28.54 绉?銆?
C:\MesIngest\Ticket11\run-wpf-ui-20260810-0145-v20-approved-final\Source\mes\ingest\csharp\MesIngest.Watch.UiTests\MesIngest.Watch.UiTests.csproj : warning NU1801: 鏃犳硶鍔犺浇婧?https://api.nuget.org/v3/index.json 鐨勬湇鍔＄储寮曘€?
C:\MesIngest\Ticket11\run-wpf-ui-20260810-0145-v20-approved-final\Source\mes\ingest\csharp\MesIngest.Watch.UiTests\MesIngest.Watch.UiTests.csproj : warning NU1801: 鏃犳硶鍔犺浇婧?https://api.nuget.org/v3/index.json 鐨勬湇鍔＄储寮曘€?
C:\MesIngest\Ticket11\run-wpf-ui-20260810-0145-v20-approved-final\Source\mes\ingest\csharp\MesIngest.Watch.UiTests\MesIngest.Watch.UiTests.csproj : warning NU1801: 鏃犳硶鍔犺浇婧?https://api.nuget.org/v3/index.json 鐨勬湇鍔＄储寮曘€?
C:\MesIngest\Ticket11\run-wpf-ui-20260810-0145-v20-approved-final\Source\mes\ingest\csharp\MesIngest.Watch.UiTests\MesIngest.Watch.UiTests.csproj : warning NU1801: 鏃犳硶鍔犺浇婧?https://api.nuget.org/v3/index.json 鐨勬湇鍔＄储寮曘€?
C:\MesIngest\Ticket11\run-wpf-ui-20260810-0145-v20-approved-final\Source\mes\ingest\csharp\MesIngest.Watch.UiTests\MesIngest.Watch.UiTests.csproj : warning NU1801: 鏃犳硶鍔犺浇婧?https://api.nuget.org/v3/index.json 鐨勬湇鍔＄储寮曘€?
C:\MesIngest\Ticket11\run-wpf-ui-20260810-0145-v20-approved-final\Source\mes\ingest\csharp\MesIngest.Watch.UiTests\MesIngest.Watch.UiTests.csproj : warning NU1603: Verify.XunitV3 31.16.1 渚濊禆浜?DiffEngine (>= 19.1.2)锛屼絾鎵句笉鍒?DiffEngine 19.1.2銆?宸茶В鍐?DiffEngine 19.1.3 鐨勮繎浼兼渶浣冲尮閰嶃€?
C:\MesIngest\Ticket11\run-wpf-ui-20260810-0145-v20-approved-final\Source\mes\ingest\csharp\MesIngest.Watch.UiTests\MesIngest.Watch.UiTests.csproj : warning NU1603: xunit.v3.common 3.2.2 渚濊禆浜?Microsoft.Bcl.AsyncInterfaces (>= 6.0.0)锛屼絾鎵句笉鍒?Microsoft.Bcl.AsyncInterfaces 6.0.0銆?宸茶В鍐?Microsoft.Bcl.AsyncInterfaces 10.0.6 鐨勮繎浼兼渶浣冲尮閰嶃€?
C:\MesIngest\Ticket11\run-wpf-ui-20260810-0145-v20-approved-final\Source\mes\ingest\csharp\MesIngest.Watch.UiTests\MesIngest.Watch.UiTests.csproj : warning NU1603: Microsoft.ApplicationInsights 2.23.0 渚濊禆浜?System.Diagnostics.DiagnosticSource (>= 5.0.0)锛屼絾鎵句笉鍒?System.Diagnostics.DiagnosticSource 5.0.0銆?宸茶В鍐?System.Diagnostics.DiagnosticSource 6.0.1 鐨勮繎浼兼渶浣冲尮閰嶃€?
C:\MesIngest\Ticket11\run-wpf-ui-20260810-0145-v20-approved-final\Source\mes\ingest\csharp\MesIngest.Watch.UiTests\MesIngest.Watch.UiTests.csproj : warning NU1603: Azure.Identity 1.11.4 渚濊禆浜?System.Memory (>= 4.5.4)锛屼絾鎵句笉鍒?System.Memory 4.5.4銆?宸茶В鍐?System.Memory 4.6.0 鐨勮繎浼兼渶浣冲尮閰嶃€?
C:\MesIngest\Ticket11\run-wpf-ui-20260810-0145-v20-approved-final\Source\mes\ingest\csharp\MesIngest.Watch.UiTests\MesIngest.Watch.UiTests.csproj : warning NU1603: Azure.Identity 1.11.4 渚濊禆浜?System.Security.Cryptography.ProtectedData (>= 4.7.0)锛屼絾鎵句笉鍒?System.Security.Cryptography.ProtectedData 4.7.0銆?宸茶В鍐?System.Security.Cryptography.ProtectedData 8.0.0 鐨勮繎浼兼渶浣冲尮閰嶃€?
C:\MesIngest\Ticket11\run-wpf-ui-20260810-0145-v20-approved-final\Source\mes\ingest\csharp\MesIngest.Core\MesIngest.Core.csproj : warning NU1801: 鏃犳硶鍔犺浇婧?https://api.nuget.org/v3/index.json 鐨勬湇鍔＄储寮曘€?
C:\MesIngest\Ticket11\run-wpf-ui-20260810-0145-v20-approved-final\Source\mes\ingest\csharp\MesIngest.Core\MesIngest.Core.csproj : warning NU1801: 鏃犳硶鍔犺浇婧?https://api.nuget.org/v3/index.json 鐨勬湇鍔＄储寮曘€?
C:\MesIngest\Ticket11\run-wpf-ui-20260810-0145-v20-approved-final\Source\mes\ingest\csharp\MesIngest.Core\MesIngest.Core.csproj : warning NU1603: Azure.Identity 1.11.4 渚濊禆浜?System.Memory (>= 4.5.4)锛屼絾鎵句笉鍒?System.Memory 4.5.4銆?宸茶В鍐?System.Memory 4.6.0 鐨勮繎浼兼渶浣冲尮閰嶃€?
C:\MesIngest\Ticket11\run-wpf-ui-20260810-0145-v20-approved-final\Source\mes\ingest\csharp\MesIngest.Core\MesIngest.Core.csproj : warning NU1603: Azure.Identity 1.11.4 渚濊禆浜?System.Security.Cryptography.ProtectedData (>= 4.7.0)锛屼絾鎵句笉鍒?System.Security.Cryptography.ProtectedData 4.7.0銆?宸茶В鍐?System.Security.Cryptography.ProtectedData 8.0.0 鐨勮繎浼兼渶浣冲尮閰嶃€?
C:\MesIngest\Ticket11\run-wpf-ui-20260810-0145-v20-approved-final\Source\mes\ingest\csharp\MesIngest.Watch\MesIngest.Watch.csproj : warning NU1801: 鏃犳硶鍔犺浇婧?https://api.nuget.org/v3/index.json 鐨勬湇鍔＄储寮曘€?
C:\MesIngest\Ticket11\run-wpf-ui-20260810-0145-v20-approved-final\Source\mes\ingest\csharp\MesIngest.Watch\MesIngest.Watch.csproj : warning NU1801: 鏃犳硶鍔犺浇婧?https://api.nuget.org/v3/index.json 鐨勬湇鍔＄储寮曘€?
C:\MesIngest\Ticket11\run-wpf-ui-20260810-0145-v20-approved-final\Source\mes\ingest\csharp\MesIngest.Watch\MesIngest.Watch.csproj : warning NU1603: Azure.Identity 1.11.4 渚濊禆浜?System.Memory (>= 4.5.4)锛屼絾鎵句笉鍒?System.Memory 4.5.4銆?宸茶В鍐?System.Memory 4.6.0 鐨勮繎浼兼渶浣冲尮閰嶃€?
C:\MesIngest\Ticket11\run-wpf-ui-20260810-0145-v20-approved-final\Source\mes\ingest\csharp\MesIngest.Watch\MesIngest.Watch.csproj : warning NU1603: Azure.Identity 1.11.4 渚濊禆浜?System.Security.Cryptography.ProtectedData (>= 4.7.0)锛屼絾鎵句笉鍒?System.Security.Cryptography.ProtectedData 4.7.0銆?宸茶В鍐?System.Security.Cryptography.ProtectedData 8.0.0 鐨勮繎浼兼渶浣冲尮閰嶃€?
xUnit.net v3 In-Process Runner v3.2.2+728c1dce01 (64-bit .NET 8.0.29)
  Discovering: MesIngest.Watch.UiTests
  Discovered:  MesIngest.Watch.UiTests
  Starting:    MesIngest.Watch.UiTests
  Finished:    MesIngest.Watch.UiTests (ID = 'c49bbc9a0087275b64c3bfc324ba83e568b5e6f4e2b7e1b399a6c9bb3932cfd3')
=== TEST EXECUTION SUMMARY ===
   MesIngest.Watch.UiTests  Total: 1, Errors: 0, Failed: 0, Skipped: 0, Not Run: 0, Time: 0.420s
WATCH_UI_ENVIRONMENT_OK: session=1 name=(not exported; validated by Explorer and OpenInputDesktop); suite=watch-xaml-visual; artifacts=C:\MesIngest\Ticket11\run-wpf-ui-20260810-0145-v20-approved-final\Source\mes\ingest\csharp\TestResults\watch-ui\20260810-014258-990; running serial xUnit v3 UI tests.
C:\MesIngest\Ticket11\run-wpf-ui-20260810-0145-v20-approved-final\Source\mes\ingest\csharp\MesIngest.Watch.UiTests\MesIngest.Watch.UiTests.csproj : warning NU1801: 鏃犳硶鍔犺浇婧?https://api.nuget.org/v3/index.json 鐨勬湇鍔＄储寮曘€?
C:\MesIngest\Ticket11\run-wpf-ui-20260810-0145-v20-approved-final\Source\mes\ingest\csharp\MesIngest.Watch.UiTests\MesIngest.Watch.UiTests.csproj : warning NU1801: 鏃犳硶鍔犺浇婧?https://api.nuget.org/v3/index.json 鐨勬湇鍔＄储寮曘€?
C:\MesIngest\Ticket11\run-wpf-ui-20260810-0145-v20-approved-final\Source\mes\ingest\csharp\MesIngest.Watch.UiTests\MesIngest.Watch.UiTests.csproj : warning NU1801: 鏃犳硶鍔犺浇婧?https://api.nuget.org/v3/index.json 鐨勬湇鍔＄储寮曘€?
C:\MesIngest\Ticket11\run-wpf-ui-20260810-0145-v20-approved-final\Source\mes\ingest\csharp\MesIngest.Watch.UiTests\MesIngest.Watch.UiTests.csproj : warning NU1801: 鏃犳硶鍔犺浇婧?https://api.nuget.org/v3/index.json 鐨勬湇鍔＄储寮曘€?
C:\MesIngest\Ticket11\run-wpf-ui-20260810-0145-v20-approved-final\Source\mes\ingest\csharp\MesIngest.Watch.UiTests\MesIngest.Watch.UiTests.csproj : warning NU1801: 鏃犳硶鍔犺浇婧?https://api.nuget.org/v3/index.json 鐨勬湇鍔＄储寮曘€?
C:\MesIngest\Ticket11\run-wpf-ui-20260810-0145-v20-approved-final\Source\mes\ingest\csharp\MesIngest.Watch.UiTests\MesIngest.Watch.UiTests.csproj : warning NU1603: Verify.XunitV3 31.16.1 渚濊禆浜?DiffEngine (>= 19.1.2)锛屼絾鎵句笉鍒?DiffEngine 19.1.2銆?宸茶В鍐?DiffEngine 19.1.3 鐨勮繎浼兼渶浣冲尮閰嶃€?
C:\MesIngest\Ticket11\run-wpf-ui-20260810-0145-v20-approved-final\Source\mes\ingest\csharp\MesIngest.Watch.UiTests\MesIngest.Watch.UiTests.csproj : warning NU1603: xunit.v3.common 3.2.2 渚濊禆浜?Microsoft.Bcl.AsyncInterfaces (>= 6.0.0)锛屼絾鎵句笉鍒?Microsoft.Bcl.AsyncInterfaces 6.0.0銆?宸茶В鍐?Microsoft.Bcl.AsyncInterfaces 10.0.6 鐨勮繎浼兼渶浣冲尮閰嶃€?
C:\MesIngest\Ticket11\run-wpf-ui-20260810-0145-v20-approved-final\Source\mes\ingest\csharp\MesIngest.Watch.UiTests\MesIngest.Watch.UiTests.csproj : warning NU1603: Microsoft.ApplicationInsights 2.23.0 渚濊禆浜?System.Diagnostics.DiagnosticSource (>= 5.0.0)锛屼絾鎵句笉鍒?System.Diagnostics.DiagnosticSource 5.0.0銆?宸茶В鍐?System.Diagnostics.DiagnosticSource 6.0.1 鐨勮繎浼兼渶浣冲尮閰嶃€?
C:\MesIngest\Ticket11\run-wpf-ui-20260810-0145-v20-approved-final\Source\mes\ingest\csharp\MesIngest.Watch.UiTests\MesIngest.Watch.UiTests.csproj : warning NU1603: Azure.Identity 1.11.4 渚濊禆浜?System.Memory (>= 4.5.4)锛屼絾鎵句笉鍒?System.Memory 4.5.4銆?宸茶В鍐?System.Memory 4.6.0 鐨勮繎浼兼渶浣冲尮閰嶃€?
C:\MesIngest\Ticket11\run-wpf-ui-20260810-0145-v20-approved-final\Source\mes\ingest\csharp\MesIngest.Watch.UiTests\MesIngest.Watch.UiTests.csproj : warning NU1603: Azure.Identity 1.11.4 渚濊禆浜?System.Security.Cryptography.ProtectedData (>= 4.7.0)锛屼絾鎵句笉鍒?System.Security.Cryptography.ProtectedData 4.7.0銆?宸茶В鍐?System.Security.Cryptography.ProtectedData 8.0.0 鐨勮繎浼兼渶浣冲尮閰嶃€?
C:\MesIngest\Ticket11\run-wpf-ui-20260810-0145-v20-approved-final\Source\mes\ingest\csharp\MesIngest.Core\MesIngest.Core.csproj : warning NU1801: 鏃犳硶鍔犺浇婧?https://api.nuget.org/v3/index.json 鐨勬湇鍔＄储寮曘€?
C:\MesIngest\Ticket11\run-wpf-ui-20260810-0145-v20-approved-final\Source\mes\ingest\csharp\MesIngest.Core\MesIngest.Core.csproj : warning NU1801: 鏃犳硶鍔犺浇婧?https://api.nuget.org/v3/index.json 鐨勬湇鍔＄储寮曘€?
C:\MesIngest\Ticket11\run-wpf-ui-20260810-0145-v20-approved-final\Source\mes\ingest\csharp\MesIngest.Core\MesIngest.Core.csproj : warning NU1603: Azure.Identity 1.11.4 渚濊禆浜?System.Memory (>= 4.5.4)锛屼絾鎵句笉鍒?System.Memory 4.5.4銆?宸茶В鍐?System.Memory 4.6.0 鐨勮繎浼兼渶浣冲尮閰嶃€?
C:\MesIngest\Ticket11\run-wpf-ui-20260810-0145-v20-approved-final\Source\mes\ingest\csharp\MesIngest.Core\MesIngest.Core.csproj : warning NU1603: Azure.Identity 1.11.4 渚濊禆浜?System.Security.Cryptography.ProtectedData (>= 4.7.0)锛屼絾鎵句笉鍒?System.Security.Cryptography.ProtectedData 4.7.0銆?宸茶В鍐?System.Security.Cryptography.ProtectedData 8.0.0 鐨勮繎浼兼渶浣冲尮閰嶃€?
C:\MesIngest\Ticket11\run-wpf-ui-20260810-0145-v20-approved-final\Source\mes\ingest\csharp\MesIngest.Watch\MesIngest.Watch.csproj : warning NU1801: 鏃犳硶鍔犺浇婧?https://api.nuget.org/v3/index.json 鐨勬湇鍔＄储寮曘€?
C:\MesIngest\Ticket11\run-wpf-ui-20260810-0145-v20-approved-final\Source\mes\ingest\csharp\MesIngest.Watch\MesIngest.Watch.csproj : warning NU1801: 鏃犳硶鍔犺浇婧?https://api.nuget.org/v3/index.json 鐨勬湇鍔＄储寮曘€?
C:\MesIngest\Ticket11\run-wpf-ui-20260810-0145-v20-approved-final\Source\mes\ingest\csharp\MesIngest.Watch\MesIngest.Watch.csproj : warning NU1603: Azure.Identity 1.11.4 渚濊禆浜?System.Memory (>= 4.5.4)锛屼絾鎵句笉鍒?System.Memory 4.5.4銆?宸茶В鍐?System.Memory 4.6.0 鐨勮繎浼兼渶浣冲尮閰嶃€?
C:\MesIngest\Ticket11\run-wpf-ui-20260810-0145-v20-approved-final\Source\mes\ingest\csharp\MesIngest.Watch\MesIngest.Watch.csproj : warning NU1603: Azure.Identity 1.11.4 渚濊禆浜?System.Security.Cryptography.ProtectedData (>= 4.7.0)锛屼絾鎵句笉鍒?System.Security.Cryptography.ProtectedData 4.7.0銆?宸茶В鍐?System.Security.Cryptography.ProtectedData 8.0.0 鐨勮繎浼兼渶浣冲尮閰嶃€?
xUnit.net v3 In-Process Runner v3.2.2+728c1dce01 (64-bit .NET 8.0.29)
  Discovering: MesIngest.Watch.UiTests
  Discovered:  MesIngest.Watch.UiTests
  Starting:    MesIngest.Watch.UiTests
  Finished:    MesIngest.Watch.UiTests (ID = 'c49bbc9a0087275b64c3bfc324ba83e568b5e6f4e2b7e1b399a6c9bb3932cfd3')
=== TEST EXECUTION SUMMARY ===
   MesIngest.Watch.UiTests  Total: 20, Errors: 0, Failed: 0, Skipped: 0, Not Run: 0, Time: 29.655s
WATCH_UI_ALL_PASSED: suite=watch-xaml-visual artifacts=C:\MesIngest\Ticket11\run-wpf-ui-20260810-0145-v20-approved-final\Source\mes\ingest\csharp\TestResults\watch-ui\20260810-014258-990
WATCH_XAML_STABILITY_RUN: 1/10
  姝ｅ湪纭畾瑕佽繕鍘熺殑椤圭洰鈥?
C:\MesIngest\Ticket11\run-wpf-ui-20260810-0145-v20-approved-final\Source\mes\ingest\csharp\MesIngest.Watch.UiTests\MesIngest.Watch.UiTests.csproj : warning NU1801: 鏃犳硶鍔犺浇婧?https://api.nuget.org/v3/index.json 鐨勬湇鍔＄储寮曘€?
C:\MesIngest\Ticket11\run-wpf-ui-20260810-0145-v20-approved-final\Source\mes\ingest\csharp\MesIngest.Watch\MesIngest.Watch.csproj : warning NU1801: 鏃犳硶鍔犺浇婧?https://api.nuget.org/v3/index.json 鐨勬湇鍔＄储寮曘€?[C:\MesIngest\Ticket11\run-wpf-ui-20260810-0145-v20-approved-final\Source\mes\ingest\csharp\MesIngest.Watch.UiTests\MesIngest.Watch.UiTests.csproj]
C:\MesIngest\Ticket11\run-wpf-ui-20260810-0145-v20-approved-final\Source\mes\ingest\csharp\MesIngest.Core\MesIngest.Core.csproj : warning NU1801: 鏃犳硶鍔犺浇婧?https://api.nuget.org/v3/index.json 鐨勬湇鍔＄储寮曘€?[C:\MesIngest\Ticket11\run-wpf-ui-20260810-0145-v20-approved-final\Source\mes\ingest\csharp\MesIngest.Watch.UiTests\MesIngest.Watch.UiTests.csproj]
C:\MesIngest\Ticket11\run-wpf-ui-20260810-0145-v20-approved-final\Source\mes\ingest\csharp\MesIngest.Watch.UiTests\MesIngest.Watch.UiTests.csproj : warning NU1801: 鏃犳硶鍔犺浇婧?https://api.nuget.org/v3/index.json 鐨勬湇鍔＄储寮曘€?
C:\MesIngest\Ticket11\run-wpf-ui-20260810-0145-v20-approved-final\Source\mes\ingest\csharp\MesIngest.Watch\MesIngest.Watch.csproj : warning NU1801: 鏃犳硶鍔犺浇婧?https://api.nuget.org/v3/index.json 鐨勬湇鍔＄储寮曘€?[C:\MesIngest\Ticket11\run-wpf-ui-20260810-0145-v20-approved-final\Source\mes\ingest\csharp\MesIngest.Watch.UiTests\MesIngest.Watch.UiTests.csproj]
C:\MesIngest\Ticket11\run-wpf-ui-20260810-0145-v20-approved-final\Source\mes\ingest\csharp\MesIngest.Watch.UiTests\MesIngest.Watch.UiTests.csproj : warning NU1801: 鏃犳硶鍔犺浇婧?https://api.nuget.org/v3/index.json 鐨勬湇鍔＄储寮曘€?
C:\MesIngest\Ticket11\run-wpf-ui-20260810-0145-v20-approved-final\Source\mes\ingest\csharp\MesIngest.Core\MesIngest.Core.csproj : warning NU1801: 鏃犳硶鍔犺浇婧?https://api.nuget.org/v3/index.json 鐨勬湇鍔＄储寮曘€?[C:\MesIngest\Ticket11\run-wpf-ui-20260810-0145-v20-approved-final\Source\mes\ingest\csharp\MesIngest.Watch.UiTests\MesIngest.Watch.UiTests.csproj]
C:\MesIngest\Ticket11\run-wpf-ui-20260810-0145-v20-approved-final\Source\mes\ingest\csharp\MesIngest.Watch.UiTests\MesIngest.Watch.UiTests.csproj : warning NU1801: 鏃犳硶鍔犺浇婧?https://api.nuget.org/v3/index.json 鐨勬湇鍔＄储寮曘€?
C:\MesIngest\Ticket11\run-wpf-ui-20260810-0145-v20-approved-final\Source\mes\ingest\csharp\MesIngest.Watch.UiTests\MesIngest.Watch.UiTests.csproj : warning NU1801: 鏃犳硶鍔犺浇婧?https://api.nuget.org/v3/index.json 鐨勬湇鍔＄储寮曘€?
C:\MesIngest\Ticket11\run-wpf-ui-20260810-0145-v20-approved-final\Source\mes\ingest\csharp\MesIngest.Core\MesIngest.Core.csproj : warning NU1603: Azure.Identity 1.11.4 渚濊禆浜?System.Memory (>= 4.5.4)锛屼絾鎵句笉鍒?System.Memory 4.5.4銆?宸茶В鍐?System.Memory 4.6.0 鐨勮繎浼兼渶浣冲尮閰嶃€? [C:\MesIngest\Ticket11\run-wpf-ui-20260810-0145-v20-approved-final\Source\mes\ingest\csharp\MesIngest.Watch.UiTests\MesIngest.Watch.UiTests.csproj]
C:\MesIngest\Ticket11\run-wpf-ui-20260810-0145-v20-approved-final\Source\mes\ingest\csharp\MesIngest.Core\MesIngest.Core.csproj : warning NU1603: Azure.Identity 1.11.4 渚濊禆浜?System.Security.Cryptography.ProtectedData (>= 4.7.0)锛屼絾鎵句笉鍒?System.Security.Cryptography.ProtectedData 4.7.0銆?宸茶В鍐?System.Security.Cryptography.ProtectedData 8.0.0 鐨勮繎浼兼渶浣冲尮閰嶃€? [C:\MesIngest\Ticket11\run-wpf-ui-20260810-0145-v20-approved-final\Source\mes\ingest\csharp\MesIngest.Watch.UiTests\MesIngest.Watch.UiTests.csproj]
C:\MesIngest\Ticket11\run-wpf-ui-20260810-0145-v20-approved-final\Source\mes\ingest\csharp\MesIngest.Watch.UiTests\MesIngest.Watch.UiTests.csproj : warning NU1603: Verify.XunitV3 31.16.1 渚濊禆浜?DiffEngine (>= 19.1.2)锛屼絾鎵句笉鍒?DiffEngine 19.1.2銆?宸茶В鍐?DiffEngine 19.1.3 鐨勮繎浼兼渶浣冲尮閰嶃€?
C:\MesIngest\Ticket11\run-wpf-ui-20260810-0145-v20-approved-final\Source\mes\ingest\csharp\MesIngest.Watch\MesIngest.Watch.csproj : warning NU1603: Azure.Identity 1.11.4 渚濊禆浜?System.Memory (>= 4.5.4)锛屼絾鎵句笉鍒?System.Memory 4.5.4銆?宸茶В鍐?System.Memory 4.6.0 鐨勮繎浼兼渶浣冲尮閰嶃€? [C:\MesIngest\Ticket11\run-wpf-ui-20260810-0145-v20-approved-final\Source\mes\ingest\csharp\MesIngest.Watch.UiTests\MesIngest.Watch.UiTests.csproj]
C:\MesIngest\Ticket11\run-wpf-ui-20260810-0145-v20-approved-final\Source\mes\ingest\csharp\MesIngest.Watch.UiTests\MesIngest.Watch.UiTests.csproj : warning NU1603: xunit.v3.common 3.2.2 渚濊禆浜?Microsoft.Bcl.AsyncInterfaces (>= 6.0.0)锛屼絾鎵句笉鍒?Microsoft.Bcl.AsyncInterfaces 6.0.0銆?宸茶В鍐?Microsoft.Bcl.AsyncInterfaces 10.0.6 鐨勮繎浼兼渶浣冲尮閰嶃€?
C:\MesIngest\Ticket11\run-wpf-ui-20260810-0145-v20-approved-final\Source\mes\ingest\csharp\MesIngest.Watch\MesIngest.Watch.csproj : warning NU1603: Azure.Identity 1.11.4 渚濊禆浜?System.Security.Cryptography.ProtectedData (>= 4.7.0)锛屼絾鎵句笉鍒?System.Security.Cryptography.ProtectedData 4.7.0銆?宸茶В鍐?System.Security.Cryptography.ProtectedData 8.0.0 鐨勮繎浼兼渶浣冲尮閰嶃€? [C:\MesIngest\Ticket11\run-wpf-ui-20260810-0145-v20-approved-final\Source\mes\ingest\csharp\MesIngest.Watch.UiTests\MesIngest.Watch.UiTests.csproj]
C:\MesIngest\Ticket11\run-wpf-ui-20260810-0145-v20-approved-final\Source\mes\ingest\csharp\MesIngest.Watch.UiTests\MesIngest.Watch.UiTests.csproj : warning NU1603: Microsoft.ApplicationInsights 2.23.0 渚濊禆浜?System.Diagnostics.DiagnosticSource (>= 5.0.0)锛屼絾鎵句笉鍒?System.Diagnostics.DiagnosticSource 5.0.0銆?宸茶В鍐?System.Diagnostics.DiagnosticSource 6.0.1 鐨勮繎浼兼渶浣冲尮閰嶃€?
C:\MesIngest\Ticket11\run-wpf-ui-20260810-0145-v20-approved-final\Source\mes\ingest\csharp\MesIngest.Watch.UiTests\MesIngest.Watch.UiTests.csproj : warning NU1603: Azure.Identity 1.11.4 渚濊禆浜?System.Memory (>= 4.5.4)锛屼絾鎵句笉鍒?System.Memory 4.5.4銆?宸茶В鍐?System.Memory 4.6.0 鐨勮繎浼兼渶浣冲尮閰嶃€?
C:\MesIngest\Ticket11\run-wpf-ui-20260810-0145-v20-approved-final\Source\mes\ingest\csharp\MesIngest.Watch.UiTests\MesIngest.Watch.UiTests.csproj : warning NU1603: Azure.Identity 1.11.4 渚濊禆浜?System.Security.Cryptography.ProtectedData (>= 4.7.0)锛屼絾鎵句笉鍒?System.Security.Cryptography.ProtectedData 4.7.0銆?宸茶В鍐?System.Security.Cryptography.ProtectedData 8.0.0 鐨勮繎浼兼渶浣冲尮閰嶃€?
  鎵€鏈夐」鐩潎鏄渶鏂扮殑锛屾棤娉曡繕鍘熴€?
C:\MesIngest\Ticket11\run-wpf-ui-20260810-0145-v20-approved-final\Source\mes\ingest\csharp\MesIngest.Watch.UiTests\MesIngest.Watch.UiTests.csproj : warning NU1801: 鏃犳硶鍔犺浇婧?https://api.nuget.org/v3/index.json 鐨勬湇鍔＄储寮曘€?
C:\MesIngest\Ticket11\run-wpf-ui-20260810-0145-v20-approved-final\Source\mes\ingest\csharp\MesIngest.Watch.UiTests\MesIngest.Watch.UiTests.csproj : warning NU1801: 鏃犳硶鍔犺浇婧?https://api.nuget.org/v3/index.json 鐨勬湇鍔＄储寮曘€?
C:\MesIngest\Ticket11\run-wpf-ui-20260810-0145-v20-approved-final\Source\mes\ingest\csharp\MesIngest.Watch.UiTests\MesIngest.Watch.UiTests.csproj : warning NU1801: 鏃犳硶鍔犺浇婧?https://api.nuget.org/v3/index.json 鐨勬湇鍔＄储寮曘€?
C:\MesIngest\Ticket11\run-wpf-ui-20260810-0145-v20-approved-final\Source\mes\ingest\csharp\MesIngest.Watch.UiTests\MesIngest.Watch.UiTests.csproj : warning NU1801: 鏃犳硶鍔犺浇婧?https://api.nuget.org/v3/index.json 鐨勬湇鍔＄储寮曘€?
C:\MesIngest\Ticket11\run-wpf-ui-20260810-0145-v20-approved-final\Source\mes\ingest\csharp\MesIngest.Watch.UiTests\MesIngest.Watch.UiTests.csproj : warning NU1801: 鏃犳硶鍔犺浇婧?https://api.nuget.org/v3/index.json 鐨勬湇鍔＄储寮曘€?
C:\MesIngest\Ticket11\run-wpf-ui-20260810-0145-v20-approved-final\Source\mes\ingest\csharp\MesIngest.Watch.UiTests\MesIngest.Watch.UiTests.csproj : warning NU1603: Verify.XunitV3 31.16.1 渚濊禆浜?DiffEngine (>= 19.1.2)锛屼絾鎵句笉鍒?DiffEngine 19.1.2銆?宸茶В鍐?DiffEngine 19.1.3 鐨勮繎浼兼渶浣冲尮閰嶃€?
C:\MesIngest\Ticket11\run-wpf-ui-20260810-0145-v20-approved-final\Source\mes\ingest\csharp\MesIngest.Watch.UiTests\MesIngest.Watch.UiTests.csproj : warning NU1603: xunit.v3.common 3.2.2 渚濊禆浜?Microsoft.Bcl.AsyncInterfaces (>= 6.0.0)锛屼絾鎵句笉鍒?Microsoft.Bcl.AsyncInterfaces 6.0.0銆?宸茶В鍐?Microsoft.Bcl.AsyncInterfaces 10.0.6 鐨勮繎浼兼渶浣冲尮閰嶃€?
C:\MesIngest\Ticket11\run-wpf-ui-20260810-0145-v20-approved-final\Source\mes\ingest\csharp\MesIngest.Watch.UiTests\MesIngest.Watch.UiTests.csproj : warning NU1603: Microsoft.ApplicationInsights 2.23.0 渚濊禆浜?System.Diagnostics.DiagnosticSource (>= 5.0.0)锛屼絾鎵句笉鍒?System.Diagnostics.DiagnosticSource 5.0.0銆?宸茶В鍐?System.Diagnostics.DiagnosticSource 6.0.1 鐨勮繎浼兼渶浣冲尮閰嶃€?
C:\MesIngest\Ticket11\run-wpf-ui-20260810-0145-v20-approved-final\Source\mes\ingest\csharp\MesIngest.Watch.UiTests\MesIngest.Watch.UiTests.csproj : warning NU1603: Azure.Identity 1.11.4 渚濊禆浜?System.Memory (>= 4.5.4)锛屼絾鎵句笉鍒?System.Memory 4.5.4銆?宸茶В鍐?System.Memory 4.6.0 鐨勮繎浼兼渶浣冲尮閰嶃€?
C:\MesIngest\Ticket11\run-wpf-ui-20260810-0145-v20-approved-final\Source\mes\ingest\csharp\MesIngest.Watch.UiTests\MesIngest.Watch.UiTests.csproj : warning NU1603: Azure.Identity 1.11.4 渚濊禆浜?System.Security.Cryptography.ProtectedData (>= 4.7.0)锛屼絾鎵句笉鍒?System.Security.Cryptography.ProtectedData 4.7.0銆?宸茶В鍐?System.Security.Cryptography.ProtectedData 8.0.0 鐨勮繎浼兼渶浣冲尮閰嶃€?
C:\MesIngest\Ticket11\run-wpf-ui-20260810-0145-v20-approved-final\Source\mes\ingest\csharp\MesIngest.Core\MesIngest.Core.csproj : warning NU1801: 鏃犳硶鍔犺浇婧?https://api.nuget.org/v3/index.json 鐨勬湇鍔＄储寮曘€?
C:\MesIngest\Ticket11\run-wpf-ui-20260810-0145-v20-approved-final\Source\mes\ingest\csharp\MesIngest.Core\MesIngest.Core.csproj : warning NU1801: 鏃犳硶鍔犺浇婧?https://api.nuget.org/v3/index.json 鐨勬湇鍔＄储寮曘€?
C:\MesIngest\Ticket11\run-wpf-ui-20260810-0145-v20-approved-final\Source\mes\ingest\csharp\MesIngest.Core\MesIngest.Core.csproj : warning NU1603: Azure.Identity 1.11.4 渚濊禆浜?System.Memory (>= 4.5.4)锛屼絾鎵句笉鍒?System.Memory 4.5.4銆?宸茶В鍐?System.Memory 4.6.0 鐨勮繎浼兼渶浣冲尮閰嶃€?
C:\MesIngest\Ticket11\run-wpf-ui-20260810-0145-v20-approved-final\Source\mes\ingest\csharp\MesIngest.Core\MesIngest.Core.csproj : warning NU1603: Azure.Identity 1.11.4 渚濊禆浜?System.Security.Cryptography.ProtectedData (>= 4.7.0)锛屼絾鎵句笉鍒?System.Security.Cryptography.ProtectedData 4.7.0銆?宸茶В鍐?System.Security.Cryptography.ProtectedData 8.0.0 鐨勮繎浼兼渶浣冲尮閰嶃€?
C:\MesIngest\Ticket11\run-wpf-ui-20260810-0145-v20-approved-final\Source\mes\ingest\csharp\MesIngest.Watch\MesIngest.Watch.csproj : warning NU1801: 鏃犳硶鍔犺浇婧?https://api.nuget.org/v3/index.json 鐨勬湇鍔＄储寮曘€?
C:\MesIngest\Ticket11\run-wpf-ui-20260810-0145-v20-approved-final\Source\mes\ingest\csharp\MesIngest.Watch\MesIngest.Watch.csproj : warning NU1801: 鏃犳硶鍔犺浇婧?https://api.nuget.org/v3/index.json 鐨勬湇鍔＄储寮曘€?
C:\MesIngest\Ticket11\run-wpf-ui-20260810-0145-v20-approved-final\Source\mes\ingest\csharp\MesIngest.Watch\MesIngest.Watch.csproj : warning NU1603: Azure.Identity 1.11.4 渚濊禆浜?System.Memory (>= 4.5.4)锛屼絾鎵句笉鍒?System.Memory 4.5.4銆?宸茶В鍐?System.Memory 4.6.0 鐨勮繎浼兼渶浣冲尮閰嶃€?
C:\MesIngest\Ticket11\run-wpf-ui-20260810-0145-v20-approved-final\Source\mes\ingest\csharp\MesIngest.Watch\MesIngest.Watch.csproj : warning NU1603: Azure.Identity 1.11.4 渚濊禆浜?System.Security.Cryptography.ProtectedData (>= 4.7.0)锛屼絾鎵句笉鍒?System.Security.Cryptography.ProtectedData 4.7.0銆?宸茶В鍐?System.Security.Cryptography.ProtectedData 8.0.0 鐨勮繎浼兼渶浣冲尮閰嶃€?
xUnit.net v3 In-Process Runner v3.2.2+728c1dce01 (64-bit .NET 8.0.29)
  Discovering: MesIngest.Watch.UiTests
  Discovered:  MesIngest.Watch.UiTests
  Starting:    MesIngest.Watch.UiTests
  Finished:    MesIngest.Watch.UiTests (ID = 'c49bbc9a0087275b64c3bfc324ba83e568b5e6f4e2b7e1b399a6c9bb3932cfd3')
=== TEST EXECUTION SUMMARY ===
   MesIngest.Watch.UiTests  Total: 1, Errors: 0, Failed: 0, Skipped: 0, Not Run: 0, Time: 0.112s
WATCH_UI_ENVIRONMENT_OK: session=1 name=(not exported; validated by Explorer and OpenInputDesktop); suite=watch-xaml-visual; artifacts=C:\MesIngest\Ticket11\run-wpf-ui-20260810-0145-v20-approved-final\Source\mes\ingest\csharp\TestResults\watch-ui\20260810-014406-291; running serial xUnit v3 UI tests.
C:\MesIngest\Ticket11\run-wpf-ui-20260810-0145-v20-approved-final\Source\mes\ingest\csharp\MesIngest.Watch.UiTests\MesIngest.Watch.UiTests.csproj : warning NU1801: 鏃犳硶鍔犺浇婧?https://api.nuget.org/v3/index.json 鐨勬湇鍔＄储寮曘€?
C:\MesIngest\Ticket11\run-wpf-ui-20260810-0145-v20-approved-final\Source\mes\ingest\csharp\MesIngest.Watch.UiTests\MesIngest.Watch.UiTests.csproj : warning NU1801: 鏃犳硶鍔犺浇婧?https://api.nuget.org/v3/index.json 鐨勬湇鍔＄储寮曘€?
C:\MesIngest\Ticket11\run-wpf-ui-20260810-0145-v20-approved-final\Source\mes\ingest\csharp\MesIngest.Watch.UiTests\MesIngest.Watch.UiTests.csproj : warning NU1801: 鏃犳硶鍔犺浇婧?https://api.nuget.org/v3/index.json 鐨勬湇鍔＄储寮曘€?
C:\MesIngest\Ticket11\run-wpf-ui-20260810-0145-v20-approved-final\Source\mes\ingest\csharp\MesIngest.Watch.UiTests\MesIngest.Watch.UiTests.csproj : warning NU1801: 鏃犳硶鍔犺浇婧?https://api.nuget.org/v3/index.json 鐨勬湇鍔＄储寮曘€?
C:\MesIngest\Ticket11\run-wpf-ui-20260810-0145-v20-approved-final\Source\mes\ingest\csharp\MesIngest.Watch.UiTests\MesIngest.Watch.UiTests.csproj : warning NU1801: 鏃犳硶鍔犺浇婧?https://api.nuget.org/v3/index.json 鐨勬湇鍔＄储寮曘€?
C:\MesIngest\Ticket11\run-wpf-ui-20260810-0145-v20-approved-final\Source\mes\ingest\csharp\MesIngest.Watch.UiTests\MesIngest.Watch.UiTests.csproj : warning NU1603: Verify.XunitV3 31.16.1 渚濊禆浜?DiffEngine (>= 19.1.2)锛屼絾鎵句笉鍒?DiffEngine 19.1.2銆?宸茶В鍐?DiffEngine 19.1.3 鐨勮繎浼兼渶浣冲尮閰嶃€?
C:\MesIngest\Ticket11\run-wpf-ui-20260810-0145-v20-approved-final\Source\mes\ingest\csharp\MesIngest.Watch.UiTests\MesIngest.Watch.UiTests.csproj : warning NU1603: xunit.v3.common 3.2.2 渚濊禆浜?Microsoft.Bcl.AsyncInterfaces (>= 6.0.0)锛屼絾鎵句笉鍒?Microsoft.Bcl.AsyncInterfaces 6.0.0銆?宸茶В鍐?Microsoft.Bcl.AsyncInterfaces 10.0.6 鐨勮繎浼兼渶浣冲尮閰嶃€?
C:\MesIngest\Ticket11\run-wpf-ui-20260810-0145-v20-approved-final\Source\mes\ingest\csharp\MesIngest.Watch.UiTests\MesIngest.Watch.UiTests.csproj : warning NU1603: Microsoft.ApplicationInsights 2.23.0 渚濊禆浜?System.Diagnostics.DiagnosticSource (>= 5.0.0)锛屼絾鎵句笉鍒?System.Diagnostics.DiagnosticSource 5.0.0銆?宸茶В鍐?System.Diagnostics.DiagnosticSource 6.0.1 鐨勮繎浼兼渶浣冲尮閰嶃€?
C:\MesIngest\Ticket11\run-wpf-ui-20260810-0145-v20-approved-final\Source\mes\ingest\csharp\MesIngest.Watch.UiTests\MesIngest.Watch.UiTests.csproj : warning NU1603: Azure.Identity 1.11.4 渚濊禆浜?System.Memory (>= 4.5.4)锛屼絾鎵句笉鍒?System.Memory 4.5.4銆?宸茶В鍐?System.Memory 4.6.0 鐨勮繎浼兼渶浣冲尮閰嶃€?
C:\MesIngest\Ticket11\run-wpf-ui-20260810-0145-v20-approved-final\Source\mes\ingest\csharp\MesIngest.Watch.UiTests\MesIngest.Watch.UiTests.csproj : warning NU1603: Azure.Identity 1.11.4 渚濊禆浜?System.Security.Cryptography.ProtectedData (>= 4.7.0)锛屼絾鎵句笉鍒?System.Security.Cryptography.ProtectedData 4.7.0銆?宸茶В鍐?System.Security.Cryptography.ProtectedData 8.0.0 鐨勮繎浼兼渶浣冲尮閰嶃€?
C:\MesIngest\Ticket11\run-wpf-ui-20260810-0145-v20-approved-final\Source\mes\ingest\csharp\MesIngest.Core\MesIngest.Core.csproj : warning NU1801: 鏃犳硶鍔犺浇婧?https://api.nuget.org/v3/index.json 鐨勬湇鍔＄储寮曘€?
C:\MesIngest\Ticket11\run-wpf-ui-20260810-0145-v20-approved-final\Source\mes\ingest\csharp\MesIngest.Core\MesIngest.Core.csproj : warning NU1801: 鏃犳硶鍔犺浇婧?https://api.nuget.org/v3/index.json 鐨勬湇鍔＄储寮曘€?
C:\MesIngest\Ticket11\run-wpf-ui-20260810-0145-v20-approved-final\Source\mes\ingest\csharp\MesIngest.Core\MesIngest.Core.csproj : warning NU1603: Azure.Identity 1.11.4 渚濊禆浜?System.Memory (>= 4.5.4)锛屼絾鎵句笉鍒?System.Memory 4.5.4銆?宸茶В鍐?System.Memory 4.6.0 鐨勮繎浼兼渶浣冲尮閰嶃€?
C:\MesIngest\Ticket11\run-wpf-ui-20260810-0145-v20-approved-final\Source\mes\ingest\csharp\MesIngest.Core\MesIngest.Core.csproj : warning NU1603: Azure.Identity 1.11.4 渚濊禆浜?System.Security.Cryptography.ProtectedData (>= 4.7.0)锛屼絾鎵句笉鍒?System.Security.Cryptography.ProtectedData 4.7.0銆?宸茶В鍐?System.Security.Cryptography.ProtectedData 8.0.0 鐨勮繎浼兼渶浣冲尮閰嶃€?
C:\MesIngest\Ticket11\run-wpf-ui-20260810-0145-v20-approved-final\Source\mes\ingest\csharp\MesIngest.Watch\MesIngest.Watch.csproj : warning NU1801: 鏃犳硶鍔犺浇婧?https://api.nuget.org/v3/index.json 鐨勬湇鍔＄储寮曘€?
C:\MesIngest\Ticket11\run-wpf-ui-20260810-0145-v20-approved-final\Source\mes\ingest\csharp\MesIngest.Watch\MesIngest.Watch.csproj : warning NU1801: 鏃犳硶鍔犺浇婧?https://api.nuget.org/v3/index.json 鐨勬湇鍔＄储寮曘€?
C:\MesIngest\Ticket11\run-wpf-ui-20260810-0145-v20-approved-final\Source\mes\ingest\csharp\MesIngest.Watch\MesIngest.Watch.csproj : warning NU1603: Azure.Identity 1.11.4 渚濊禆浜?System.Memory (>= 4.5.4)锛屼絾鎵句笉鍒?System.Memory 4.5.4銆?宸茶В鍐?System.Memory 4.6.0 鐨勮繎浼兼渶浣冲尮閰嶃€?
C:\MesIngest\Ticket11\run-wpf-ui-20260810-0145-v20-approved-final\Source\mes\ingest\csharp\MesIngest.Watch\MesIngest.Watch.csproj : warning NU1603: Azure.Identity 1.11.4 渚濊禆浜?System.Security.Cryptography.ProtectedData (>= 4.7.0)锛屼絾鎵句笉鍒?System.Security.Cryptography.ProtectedData 4.7.0銆?宸茶В鍐?System.Security.Cryptography.ProtectedData 8.0.0 鐨勮繎浼兼渶浣冲尮閰嶃€?
xUnit.net v3 In-Process Runner v3.2.2+728c1dce01 (64-bit .NET 8.0.29)
  Discovering: MesIngest.Watch.UiTests
  Discovered:  MesIngest.Watch.UiTests
  Starting:    MesIngest.Watch.UiTests
  Finished:    MesIngest.Watch.UiTests (ID = 'c49bbc9a0087275b64c3bfc324ba83e568b5e6f4e2b7e1b399a6c9bb3932cfd3')
=== TEST EXECUTION SUMMARY ===
   MesIngest.Watch.UiTests  Total: 20, Errors: 0, Failed: 0, Skipped: 0, Not Run: 0, Time: 27.434s
WATCH_UI_ALL_PASSED: suite=watch-xaml-visual artifacts=C:\MesIngest\Ticket11\run-wpf-ui-20260810-0145-v20-approved-final\Source\mes\ingest\csharp\TestResults\watch-ui\20260810-014406-291
WATCH_XAML_STABILITY_RUN: 2/10
  姝ｅ湪纭畾瑕佽繕鍘熺殑椤圭洰鈥?
C:\MesIngest\Ticket11\run-wpf-ui-20260810-0145-v20-approved-final\Source\mes\ingest\csharp\MesIngest.Watch.UiTests\MesIngest.Watch.UiTests.csproj : warning NU1801: 鏃犳硶鍔犺浇婧?https://api.nuget.org/v3/index.json 鐨勬湇鍔＄储寮曘€?
C:\MesIngest\Ticket11\run-wpf-ui-20260810-0145-v20-approved-final\Source\mes\ingest\csharp\MesIngest.Watch\MesIngest.Watch.csproj : warning NU1801: 鏃犳硶鍔犺浇婧?https://api.nuget.org/v3/index.json 鐨勬湇鍔＄储寮曘€?[C:\MesIngest\Ticket11\run-wpf-ui-20260810-0145-v20-approved-final\Source\mes\ingest\csharp\MesIngest.Watch.UiTests\MesIngest.Watch.UiTests.csproj]
C:\MesIngest\Ticket11\run-wpf-ui-20260810-0145-v20-approved-final\Source\mes\ingest\csharp\MesIngest.Watch.UiTests\MesIngest.Watch.UiTests.csproj : warning NU1801: 鏃犳硶鍔犺浇婧?https://api.nuget.org/v3/index.json 鐨勬湇鍔＄储寮曘€?
C:\MesIngest\Ticket11\run-wpf-ui-20260810-0145-v20-approved-final\Source\mes\ingest\csharp\MesIngest.Watch.UiTests\MesIngest.Watch.UiTests.csproj : warning NU1801: 鏃犳硶鍔犺浇婧?https://api.nuget.org/v3/index.json 鐨勬湇鍔＄储寮曘€?
C:\MesIngest\Ticket11\run-wpf-ui-20260810-0145-v20-approved-final\Source\mes\ingest\csharp\MesIngest.Watch.UiTests\MesIngest.Watch.UiTests.csproj : warning NU1801: 鏃犳硶鍔犺浇婧?https://api.nuget.org/v3/index.json 鐨勬湇鍔＄储寮曘€?
C:\MesIngest\Ticket11\run-wpf-ui-20260810-0145-v20-approved-final\Source\mes\ingest\csharp\MesIngest.Watch.UiTests\MesIngest.Watch.UiTests.csproj : warning NU1801: 鏃犳硶鍔犺浇婧?https://api.nuget.org/v3/index.json 鐨勬湇鍔＄储寮曘€?
C:\MesIngest\Ticket11\run-wpf-ui-20260810-0145-v20-approved-final\Source\mes\ingest\csharp\MesIngest.Core\MesIngest.Core.csproj : warning NU1801: 鏃犳硶鍔犺浇婧?https://api.nuget.org/v3/index.json 鐨勬湇鍔＄储寮曘€?[C:\MesIngest\Ticket11\run-wpf-ui-20260810-0145-v20-approved-final\Source\mes\ingest\csharp\MesIngest.Watch.UiTests\MesIngest.Watch.UiTests.csproj]
C:\MesIngest\Ticket11\run-wpf-ui-20260810-0145-v20-approved-final\Source\mes\ingest\csharp\MesIngest.Watch\MesIngest.Watch.csproj : warning NU1801: 鏃犳硶鍔犺浇婧?https://api.nuget.org/v3/index.json 鐨勬湇鍔＄储寮曘€?[C:\MesIngest\Ticket11\run-wpf-ui-20260810-0145-v20-approved-final\Source\mes\ingest\csharp\MesIngest.Watch.UiTests\MesIngest.Watch.UiTests.csproj]
C:\MesIngest\Ticket11\run-wpf-ui-20260810-0145-v20-approved-final\Source\mes\ingest\csharp\MesIngest.Core\MesIngest.Core.csproj : warning NU1801: 鏃犳硶鍔犺浇婧?https://api.nuget.org/v3/index.json 鐨勬湇鍔＄储寮曘€?[C:\MesIngest\Ticket11\run-wpf-ui-20260810-0145-v20-approved-final\Source\mes\ingest\csharp\MesIngest.Watch.UiTests\MesIngest.Watch.UiTests.csproj]
C:\MesIngest\Ticket11\run-wpf-ui-20260810-0145-v20-approved-final\Source\mes\ingest\csharp\MesIngest.Core\MesIngest.Core.csproj : warning NU1603: Azure.Identity 1.11.4 渚濊禆浜?System.Memory (>= 4.5.4)锛屼絾鎵句笉鍒?System.Memory 4.5.4銆?宸茶В鍐?System.Memory 4.6.0 鐨勮繎浼兼渶浣冲尮閰嶃€? [C:\MesIngest\Ticket11\run-wpf-ui-20260810-0145-v20-approved-final\Source\mes\ingest\csharp\MesIngest.Watch.UiTests\MesIngest.Watch.UiTests.csproj]
C:\MesIngest\Ticket11\run-wpf-ui-20260810-0145-v20-approved-final\Source\mes\ingest\csharp\MesIngest.Core\MesIngest.Core.csproj : warning NU1603: Azure.Identity 1.11.4 渚濊禆浜?System.Security.Cryptography.ProtectedData (>= 4.7.0)锛屼絾鎵句笉鍒?System.Security.Cryptography.ProtectedData 4.7.0銆?宸茶В鍐?System.Security.Cryptography.ProtectedData 8.0.0 鐨勮繎浼兼渶浣冲尮閰嶃€? [C:\MesIngest\Ticket11\run-wpf-ui-20260810-0145-v20-approved-final\Source\mes\ingest\csharp\MesIngest.Watch.UiTests\MesIngest.Watch.UiTests.csproj]
C:\MesIngest\Ticket11\run-wpf-ui-20260810-0145-v20-approved-final\Source\mes\ingest\csharp\MesIngest.Watch\MesIngest.Watch.csproj : warning NU1603: Azure.Identity 1.11.4 渚濊禆浜?System.Memory (>= 4.5.4)锛屼絾鎵句笉鍒?System.Memory 4.5.4銆?宸茶В鍐?System.Memory 4.6.0 鐨勮繎浼兼渶浣冲尮閰嶃€? [C:\MesIngest\Ticket11\run-wpf-ui-20260810-0145-v20-approved-final\Source\mes\ingest\csharp\MesIngest.Watch.UiTests\MesIngest.Watch.UiTests.csproj]
C:\MesIngest\Ticket11\run-wpf-ui-20260810-0145-v20-approved-final\Source\mes\ingest\csharp\MesIngest.Watch\MesIngest.Watch.csproj : warning NU1603: Azure.Identity 1.11.4 渚濊禆浜?System.Security.Cryptography.ProtectedData (>= 4.7.0)锛屼絾鎵句笉鍒?System.Security.Cryptography.ProtectedData 4.7.0銆?宸茶В鍐?System.Security.Cryptography.ProtectedData 8.0.0 鐨勮繎浼兼渶浣冲尮閰嶃€? [C:\MesIngest\Ticket11\run-wpf-ui-20260810-0145-v20-approved-final\Source\mes\ingest\csharp\MesIngest.Watch.UiTests\MesIngest.Watch.UiTests.csproj]
C:\MesIngest\Ticket11\run-wpf-ui-20260810-0145-v20-approved-final\Source\mes\ingest\csharp\MesIngest.Watch.UiTests\MesIngest.Watch.UiTests.csproj : warning NU1603: Verify.XunitV3 31.16.1 渚濊禆浜?DiffEngine (>= 19.1.2)锛屼絾鎵句笉鍒?DiffEngine 19.1.2銆?宸茶В鍐?DiffEngine 19.1.3 鐨勮繎浼兼渶浣冲尮閰嶃€?
C:\MesIngest\Ticket11\run-wpf-ui-20260810-0145-v20-approved-final\Source\mes\ingest\csharp\MesIngest.Watch.UiTests\MesIngest.Watch.UiTests.csproj : warning NU1603: xunit.v3.common 3.2.2 渚濊禆浜?Microsoft.Bcl.AsyncInterfaces (>= 6.0.0)锛屼絾鎵句笉鍒?Microsoft.Bcl.AsyncInterfaces 6.0.0銆?宸茶В鍐?Microsoft.Bcl.AsyncInterfaces 10.0.6 鐨勮繎浼兼渶浣冲尮閰嶃€?
C:\MesIngest\Ticket11\run-wpf-ui-20260810-0145-v20-approved-final\Source\mes\ingest\csharp\MesIngest.Watch.UiTests\MesIngest.Watch.UiTests.csproj : warning NU1603: Microsoft.ApplicationInsights 2.23.0 渚濊禆浜?System.Diagnostics.DiagnosticSource (>= 5.0.0)锛屼絾鎵句笉鍒?System.Diagnostics.DiagnosticSource 5.0.0銆?宸茶В鍐?System.Diagnostics.DiagnosticSource 6.0.1 鐨勮繎浼兼渶浣冲尮閰嶃€?
C:\MesIngest\Ticket11\run-wpf-ui-20260810-0145-v20-approved-final\Source\mes\ingest\csharp\MesIngest.Watch.UiTests\MesIngest.Watch.UiTests.csproj : warning NU1603: Azure.Identity 1.11.4 渚濊禆浜?System.Memory (>= 4.5.4)锛屼絾鎵句笉鍒?System.Memory 4.5.4銆?宸茶В鍐?System.Memory 4.6.0 鐨勮繎浼兼渶浣冲尮閰嶃€?
C:\MesIngest\Ticket11\run-wpf-ui-20260810-0145-v20-approved-final\Source\mes\ingest\csharp\MesIngest.Watch.UiTests\MesIngest.Watch.UiTests.csproj : warning NU1603: Azure.Identity 1.11.4 渚濊禆浜?System.Security.Cryptography.ProtectedData (>= 4.7.0)锛屼絾鎵句笉鍒?System.Security.Cryptography.ProtectedData 4.7.0銆?宸茶В鍐?System.Security.Cryptography.ProtectedData 8.0.0 鐨勮繎浼兼渶浣冲尮閰嶃€?
  鎵€鏈夐」鐩潎鏄渶鏂扮殑锛屾棤娉曡繕鍘熴€?
C:\MesIngest\Ticket11\run-wpf-ui-20260810-0145-v20-approved-final\Source\mes\ingest\csharp\MesIngest.Watch.UiTests\MesIngest.Watch.UiTests.csproj : warning NU1801: 鏃犳硶鍔犺浇婧?https://api.nuget.org/v3/index.json 鐨勬湇鍔＄储寮曘€?
C:\MesIngest\Ticket11\run-wpf-ui-20260810-0145-v20-approved-final\Source\mes\ingest\csharp\MesIngest.Watch.UiTests\MesIngest.Watch.UiTests.csproj : warning NU1801: 鏃犳硶鍔犺浇婧?https://api.nuget.org/v3/index.json 鐨勬湇鍔＄储寮曘€?
C:\MesIngest\Ticket11\run-wpf-ui-20260810-0145-v20-approved-final\Source\mes\ingest\csharp\MesIngest.Watch.UiTests\MesIngest.Watch.UiTests.csproj : warning NU1801: 鏃犳硶鍔犺浇婧?https://api.nuget.org/v3/index.json 鐨勬湇鍔＄储寮曘€?
C:\MesIngest\Ticket11\run-wpf-ui-20260810-0145-v20-approved-final\Source\mes\ingest\csharp\MesIngest.Watch.UiTests\MesIngest.Watch.UiTests.csproj : warning NU1801: 鏃犳硶鍔犺浇婧?https://api.nuget.org/v3/index.json 鐨勬湇鍔＄储寮曘€?
C:\MesIngest\Ticket11\run-wpf-ui-20260810-0145-v20-approved-final\Source\mes\ingest\csharp\MesIngest.Watch.UiTests\MesIngest.Watch.UiTests.csproj : warning NU1801: 鏃犳硶鍔犺浇婧?https://api.nuget.org/v3/index.json 鐨勬湇鍔＄储寮曘€?
C:\MesIngest\Ticket11\run-wpf-ui-20260810-0145-v20-approved-final\Source\mes\ingest\csharp\MesIngest.Watch.UiTests\MesIngest.Watch.UiTests.csproj : warning NU1603: Verify.XunitV3 31.16.1 渚濊禆浜?DiffEngine (>= 19.1.2)锛屼絾鎵句笉鍒?DiffEngine 19.1.2銆?宸茶В鍐?DiffEngine 19.1.3 鐨勮繎浼兼渶浣冲尮閰嶃€?
C:\MesIngest\Ticket11\run-wpf-ui-20260810-0145-v20-approved-final\Source\mes\ingest\csharp\MesIngest.Watch.UiTests\MesIngest.Watch.UiTests.csproj : warning NU1603: xunit.v3.common 3.2.2 渚濊禆浜?Microsoft.Bcl.AsyncInterfaces (>= 6.0.0)锛屼絾鎵句笉鍒?Microsoft.Bcl.AsyncInterfaces 6.0.0銆?宸茶В鍐?Microsoft.Bcl.AsyncInterfaces 10.0.6 鐨勮繎浼兼渶浣冲尮閰嶃€?
C:\MesIngest\Ticket11\run-wpf-ui-20260810-0145-v20-approved-final\Source\mes\ingest\csharp\MesIngest.Watch.UiTests\MesIngest.Watch.UiTests.csproj : warning NU1603: Microsoft.ApplicationInsights 2.23.0 渚濊禆浜?System.Diagnostics.DiagnosticSource (>= 5.0.0)锛屼絾鎵句笉鍒?System.Diagnostics.DiagnosticSource 5.0.0銆?宸茶В鍐?System.Diagnostics.DiagnosticSource 6.0.1 鐨勮繎浼兼渶浣冲尮閰嶃€?
C:\MesIngest\Ticket11\run-wpf-ui-20260810-0145-v20-approved-final\Source\mes\ingest\csharp\MesIngest.Watch.UiTests\MesIngest.Watch.UiTests.csproj : warning NU1603: Azure.Identity 1.11.4 渚濊禆浜?System.Memory (>= 4.5.4)锛屼絾鎵句笉鍒?System.Memory 4.5.4銆?宸茶В鍐?System.Memory 4.6.0 鐨勮繎浼兼渶浣冲尮閰嶃€?
C:\MesIngest\Ticket11\run-wpf-ui-20260810-0145-v20-approved-final\Source\mes\ingest\csharp\MesIngest.Watch.UiTests\MesIngest.Watch.UiTests.csproj : warning NU1603: Azure.Identity 1.11.4 渚濊禆浜?System.Security.Cryptography.ProtectedData (>= 4.7.0)锛屼絾鎵句笉鍒?System.Security.Cryptography.ProtectedData 4.7.0銆?宸茶В鍐?System.Security.Cryptography.ProtectedData 8.0.0 鐨勮繎浼兼渶浣冲尮閰嶃€?
C:\MesIngest\Ticket11\run-wpf-ui-20260810-0145-v20-approved-final\Source\mes\ingest\csharp\MesIngest.Core\MesIngest.Core.csproj : warning NU1801: 鏃犳硶鍔犺浇婧?https://api.nuget.org/v3/index.json 鐨勬湇鍔＄储寮曘€?
C:\MesIngest\Ticket11\run-wpf-ui-20260810-0145-v20-approved-final\Source\mes\ingest\csharp\MesIngest.Core\MesIngest.Core.csproj : warning NU1801: 鏃犳硶鍔犺浇婧?https://api.nuget.org/v3/index.json 鐨勬湇鍔＄储寮曘€?
C:\MesIngest\Ticket11\run-wpf-ui-20260810-0145-v20-approved-final\Source\mes\ingest\csharp\MesIngest.Core\MesIngest.Core.csproj : warning NU1603: Azure.Identity 1.11.4 渚濊禆浜?System.Memory (>= 4.5.4)锛屼絾鎵句笉鍒?System.Memory 4.5.4銆?宸茶В鍐?System.Memory 4.6.0 鐨勮繎浼兼渶浣冲尮閰嶃€?
C:\MesIngest\Ticket11\run-wpf-ui-20260810-0145-v20-approved-final\Source\mes\ingest\csharp\MesIngest.Core\MesIngest.Core.csproj : warning NU1603: Azure.Identity 1.11.4 渚濊禆浜?System.Security.Cryptography.ProtectedData (>= 4.7.0)锛屼絾鎵句笉鍒?System.Security.Cryptography.ProtectedData 4.7.0銆?宸茶В鍐?System.Security.Cryptography.ProtectedData 8.0.0 鐨勮繎浼兼渶浣冲尮閰嶃€?
C:\MesIngest\Ticket11\run-wpf-ui-20260810-0145-v20-approved-final\Source\mes\ingest\csharp\MesIngest.Watch\MesIngest.Watch.csproj : warning NU1801: 鏃犳硶鍔犺浇婧?https://api.nuget.org/v3/index.json 鐨勬湇鍔＄储寮曘€?
C:\MesIngest\Ticket11\run-wpf-ui-20260810-0145-v20-approved-final\Source\mes\ingest\csharp\MesIngest.Watch\MesIngest.Watch.csproj : warning NU1801: 鏃犳硶鍔犺浇婧?https://api.nuget.org/v3/index.json 鐨勬湇鍔＄储寮曘€?
C:\MesIngest\Ticket11\run-wpf-ui-20260810-0145-v20-approved-final\Source\mes\ingest\csharp\MesIngest.Watch\MesIngest.Watch.csproj : warning NU1603: Azure.Identity 1.11.4 渚濊禆浜?System.Memory (>= 4.5.4)锛屼絾鎵句笉鍒?System.Memory 4.5.4銆?宸茶В鍐?System.Memory 4.6.0 鐨勮繎浼兼渶浣冲尮閰嶃€?
C:\MesIngest\Ticket11\run-wpf-ui-20260810-0145-v20-approved-final\Source\mes\ingest\csharp\MesIngest.Watch\MesIngest.Watch.csproj : warning NU1603: Azure.Identity 1.11.4 渚濊禆浜?System.Security.Cryptography.ProtectedData (>= 4.7.0)锛屼絾鎵句笉鍒?System.Security.Cryptography.ProtectedData 4.7.0銆?宸茶В鍐?System.Security.Cryptography.ProtectedData 8.0.0 鐨勮繎浼兼渶浣冲尮閰嶃€?
xUnit.net v3 In-Process Runner v3.2.2+728c1dce01 (64-bit .NET 8.0.29)
  Discovering: MesIngest.Watch.UiTests
  Discovered:  MesIngest.Watch.UiTests
  Starting:    MesIngest.Watch.UiTests
  Finished:    MesIngest.Watch.UiTests (ID = 'c49bbc9a0087275b64c3bfc324ba83e568b5e6f4e2b7e1b399a6c9bb3932cfd3')
=== TEST EXECUTION SUMMARY ===
   MesIngest.Watch.UiTests  Total: 1, Errors: 0, Failed: 0, Skipped: 0, Not Run: 0, Time: 0.104s
WATCH_UI_ENVIRONMENT_OK: session=1 name=(not exported; validated by Explorer and OpenInputDesktop); suite=watch-xaml-visual; artifacts=C:\MesIngest\Ticket11\run-wpf-ui-20260810-0145-v20-approved-final\Source\mes\ingest\csharp\TestResults\watch-ui\20260810-014438-494; running serial xUnit v3 UI tests.
C:\MesIngest\Ticket11\run-wpf-ui-20260810-0145-v20-approved-final\Source\mes\ingest\csharp\MesIngest.Watch.UiTests\MesIngest.Watch.UiTests.csproj : warning NU1801: 鏃犳硶鍔犺浇婧?https://api.nuget.org/v3/index.json 鐨勬湇鍔＄储寮曘€?
C:\MesIngest\Ticket11\run-wpf-ui-20260810-0145-v20-approved-final\Source\mes\ingest\csharp\MesIngest.Watch.UiTests\MesIngest.Watch.UiTests.csproj : warning NU1801: 鏃犳硶鍔犺浇婧?https://api.nuget.org/v3/index.json 鐨勬湇鍔＄储寮曘€?
C:\MesIngest\Ticket11\run-wpf-ui-20260810-0145-v20-approved-final\Source\mes\ingest\csharp\MesIngest.Watch.UiTests\MesIngest.Watch.UiTests.csproj : warning NU1801: 鏃犳硶鍔犺浇婧?https://api.nuget.org/v3/index.json 鐨勬湇鍔＄储寮曘€?
C:\MesIngest\Ticket11\run-wpf-ui-20260810-0145-v20-approved-final\Source\mes\ingest\csharp\MesIngest.Watch.UiTests\MesIngest.Watch.UiTests.csproj : warning NU1801: 鏃犳硶鍔犺浇婧?https://api.nuget.org/v3/index.json 鐨勬湇鍔＄储寮曘€?
C:\MesIngest\Ticket11\run-wpf-ui-20260810-0145-v20-approved-final\Source\mes\ingest\csharp\MesIngest.Watch.UiTests\MesIngest.Watch.UiTests.csproj : warning NU1801: 鏃犳硶鍔犺浇婧?https://api.nuget.org/v3/index.json 鐨勬湇鍔＄储寮曘€?
C:\MesIngest\Ticket11\run-wpf-ui-20260810-0145-v20-approved-final\Source\mes\ingest\csharp\MesIngest.Watch.UiTests\MesIngest.Watch.UiTests.csproj : warning NU1603: Verify.XunitV3 31.16.1 渚濊禆浜?DiffEngine (>= 19.1.2)锛屼絾鎵句笉鍒?DiffEngine 19.1.2銆?宸茶В鍐?DiffEngine 19.1.3 鐨勮繎浼兼渶浣冲尮閰嶃€?
C:\MesIngest\Ticket11\run-wpf-ui-20260810-0145-v20-approved-final\Source\mes\ingest\csharp\MesIngest.Watch.UiTests\MesIngest.Watch.UiTests.csproj : warning NU1603: xunit.v3.common 3.2.2 渚濊禆浜?Microsoft.Bcl.AsyncInterfaces (>= 6.0.0)锛屼絾鎵句笉鍒?Microsoft.Bcl.AsyncInterfaces 6.0.0銆?宸茶В鍐?Microsoft.Bcl.AsyncInterfaces 10.0.6 鐨勮繎浼兼渶浣冲尮閰嶃€?
C:\MesIngest\Ticket11\run-wpf-ui-20260810-0145-v20-approved-final\Source\mes\ingest\csharp\MesIngest.Watch.UiTests\MesIngest.Watch.UiTests.csproj : warning NU1603: Microsoft.ApplicationInsights 2.23.0 渚濊禆浜?System.Diagnostics.DiagnosticSource (>= 5.0.0)锛屼絾鎵句笉鍒?System.Diagnostics.DiagnosticSource 5.0.0銆?宸茶В鍐?System.Diagnostics.DiagnosticSource 6.0.1 鐨勮繎浼兼渶浣冲尮閰嶃€?
C:\MesIngest\Ticket11\run-wpf-ui-20260810-0145-v20-approved-final\Source\mes\ingest\csharp\MesIngest.Watch.UiTests\MesIngest.Watch.UiTests.csproj : warning NU1603: Azure.Identity 1.11.4 渚濊禆浜?System.Memory (>= 4.5.4)锛屼絾鎵句笉鍒?System.Memory 4.5.4銆?宸茶В鍐?System.Memory 4.6.0 鐨勮繎浼兼渶浣冲尮閰嶃€?
C:\MesIngest\Ticket11\run-wpf-ui-20260810-0145-v20-approved-final\Source\mes\ingest\csharp\MesIngest.Watch.UiTests\MesIngest.Watch.UiTests.csproj : warning NU1603: Azure.Identity 1.11.4 渚濊禆浜?System.Security.Cryptography.ProtectedData (>= 4.7.0)锛屼絾鎵句笉鍒?System.Security.Cryptography.ProtectedData 4.7.0銆?宸茶В鍐?System.Security.Cryptography.ProtectedData 8.0.0 鐨勮繎浼兼渶浣冲尮閰嶃€?
C:\MesIngest\Ticket11\run-wpf-ui-20260810-0145-v20-approved-final\Source\mes\ingest\csharp\MesIngest.Core\MesIngest.Core.csproj : warning NU1801: 鏃犳硶鍔犺浇婧?https://api.nuget.org/v3/index.json 鐨勬湇鍔＄储寮曘€?
C:\MesIngest\Ticket11\run-wpf-ui-20260810-0145-v20-approved-final\Source\mes\ingest\csharp\MesIngest.Core\MesIngest.Core.csproj : warning NU1801: 鏃犳硶鍔犺浇婧?https://api.nuget.org/v3/index.json 鐨勬湇鍔＄储寮曘€?
C:\MesIngest\Ticket11\run-wpf-ui-20260810-0145-v20-approved-final\Source\mes\ingest\csharp\MesIngest.Core\MesIngest.Core.csproj : warning NU1603: Azure.Identity 1.11.4 渚濊禆浜?System.Memory (>= 4.5.4)锛屼絾鎵句笉鍒?System.Memory 4.5.4銆?宸茶В鍐?System.Memory 4.6.0 鐨勮繎浼兼渶浣冲尮閰嶃€?
C:\MesIngest\Ticket11\run-wpf-ui-20260810-0145-v20-approved-final\Source\mes\ingest\csharp\MesIngest.Core\MesIngest.Core.csproj : warning NU1603: Azure.Identity 1.11.4 渚濊禆浜?System.Security.Cryptography.ProtectedData (>= 4.7.0)锛屼絾鎵句笉鍒?System.Security.Cryptography.ProtectedData 4.7.0銆?宸茶В鍐?System.Security.Cryptography.ProtectedData 8.0.0 鐨勮繎浼兼渶浣冲尮閰嶃€?
C:\MesIngest\Ticket11\run-wpf-ui-20260810-0145-v20-approved-final\Source\mes\ingest\csharp\MesIngest.Watch\MesIngest.Watch.csproj : warning NU1801: 鏃犳硶鍔犺浇婧?https://api.nuget.org/v3/index.json 鐨勬湇鍔＄储寮曘€?
C:\MesIngest\Ticket11\run-wpf-ui-20260810-0145-v20-approved-final\Source\mes\ingest\csharp\MesIngest.Watch\MesIngest.Watch.csproj : warning NU1801: 鏃犳硶鍔犺浇婧?https://api.nuget.org/v3/index.json 鐨勬湇鍔＄储寮曘€?
C:\MesIngest\Ticket11\run-wpf-ui-20260810-0145-v20-approved-final\Source\mes\ingest\csharp\MesIngest.Watch\MesIngest.Watch.csproj : warning NU1603: Azure.Identity 1.11.4 渚濊禆浜?System.Memory (>= 4.5.4)锛屼絾鎵句笉鍒?System.Memory 4.5.4銆?宸茶В鍐?System.Memory 4.6.0 鐨勮繎浼兼渶浣冲尮閰嶃€?
C:\MesIngest\Ticket11\run-wpf-ui-20260810-0145-v20-approved-final\Source\mes\ingest\csharp\MesIngest.Watch\MesIngest.Watch.csproj : warning NU1603: Azure.Identity 1.11.4 渚濊禆浜?System.Security.Cryptography.ProtectedData (>= 4.7.0)锛屼絾鎵句笉鍒?System.Security.Cryptography.ProtectedData 4.7.0銆?宸茶В鍐?System.Security.Cryptography.ProtectedData 8.0.0 鐨勮繎浼兼渶浣冲尮閰嶃€?
xUnit.net v3 In-Process Runner v3.2.2+728c1dce01 (64-bit .NET 8.0.29)
  Discovering: MesIngest.Watch.UiTests
  Discovered:  MesIngest.Watch.UiTests
  Starting:    MesIngest.Watch.UiTests
  Finished:    MesIngest.Watch.UiTests (ID = 'c49bbc9a0087275b64c3bfc324ba83e568b5e6f4e2b7e1b399a6c9bb3932cfd3')
=== TEST EXECUTION SUMMARY ===
   MesIngest.Watch.UiTests  Total: 20, Errors: 0, Failed: 0, Skipped: 0, Not Run: 0, Time: 27.365s
WATCH_UI_ALL_PASSED: suite=watch-xaml-visual artifacts=C:\MesIngest\Ticket11\run-wpf-ui-20260810-0145-v20-approved-final\Source\mes\ingest\csharp\TestResults\watch-ui\20260810-014438-494
WATCH_XAML_STABILITY_RUN: 3/10
  姝ｅ湪纭畾瑕佽繕鍘熺殑椤圭洰鈥?
C:\MesIngest\Ticket11\run-wpf-ui-20260810-0145-v20-approved-final\Source\mes\ingest\csharp\MesIngest.Watch\MesIngest.Watch.csproj : warning NU1801: 鏃犳硶鍔犺浇婧?https://api.nuget.org/v3/index.json 鐨勬湇鍔＄储寮曘€?[C:\MesIngest\Ticket11\run-wpf-ui-20260810-0145-v20-approved-final\Source\mes\ingest\csharp\MesIngest.Watch.UiTests\MesIngest.Watch.UiTests.csproj]
C:\MesIngest\Ticket11\run-wpf-ui-20260810-0145-v20-approved-final\Source\mes\ingest\csharp\MesIngest.Core\MesIngest.Core.csproj : warning NU1801: 鏃犳硶鍔犺浇婧?https://api.nuget.org/v3/index.json 鐨勬湇鍔＄储寮曘€?[C:\MesIngest\Ticket11\run-wpf-ui-20260810-0145-v20-approved-final\Source\mes\ingest\csharp\MesIngest.Watch.UiTests\MesIngest.Watch.UiTests.csproj]
C:\MesIngest\Ticket11\run-wpf-ui-20260810-0145-v20-approved-final\Source\mes\ingest\csharp\MesIngest.Watch\MesIngest.Watch.csproj : warning NU1801: 鏃犳硶鍔犺浇婧?https://api.nuget.org/v3/index.json 鐨勬湇鍔＄储寮曘€?[C:\MesIngest\Ticket11\run-wpf-ui-20260810-0145-v20-approved-final\Source\mes\ingest\csharp\MesIngest.Watch.UiTests\MesIngest.Watch.UiTests.csproj]
C:\MesIngest\Ticket11\run-wpf-ui-20260810-0145-v20-approved-final\Source\mes\ingest\csharp\MesIngest.Core\MesIngest.Core.csproj : warning NU1801: 鏃犳硶鍔犺浇婧?https://api.nuget.org/v3/index.json 鐨勬湇鍔＄储寮曘€?[C:\MesIngest\Ticket11\run-wpf-ui-20260810-0145-v20-approved-final\Source\mes\ingest\csharp\MesIngest.Watch.UiTests\MesIngest.Watch.UiTests.csproj]
C:\MesIngest\Ticket11\run-wpf-ui-20260810-0145-v20-approved-final\Source\mes\ingest\csharp\MesIngest.Watch.UiTests\MesIngest.Watch.UiTests.csproj : warning NU1801: 鏃犳硶鍔犺浇婧?https://api.nuget.org/v3/index.json 鐨勬湇鍔＄储寮曘€?
C:\MesIngest\Ticket11\run-wpf-ui-20260810-0145-v20-approved-final\Source\mes\ingest\csharp\MesIngest.Watch.UiTests\MesIngest.Watch.UiTests.csproj : warning NU1801: 鏃犳硶鍔犺浇婧?https://api.nuget.org/v3/index.json 鐨勬湇鍔＄储寮曘€?
C:\MesIngest\Ticket11\run-wpf-ui-20260810-0145-v20-approved-final\Source\mes\ingest\csharp\MesIngest.Watch.UiTests\MesIngest.Watch.UiTests.csproj : warning NU1801: 鏃犳硶鍔犺浇婧?https://api.nuget.org/v3/index.json 鐨勬湇鍔＄储寮曘€?
C:\MesIngest\Ticket11\run-wpf-ui-20260810-0145-v20-approved-final\Source\mes\ingest\csharp\MesIngest.Watch.UiTests\MesIngest.Watch.UiTests.csproj : warning NU1801: 鏃犳硶鍔犺浇婧?https://api.nuget.org/v3/index.json 鐨勬湇鍔＄储寮曘€?
C:\MesIngest\Ticket11\run-wpf-ui-20260810-0145-v20-approved-final\Source\mes\ingest\csharp\MesIngest.Watch.UiTests\MesIngest.Watch.UiTests.csproj : warning NU1801: 鏃犳硶鍔犺浇婧?https://api.nuget.org/v3/index.json 鐨勬湇鍔＄储寮曘€?
C:\MesIngest\Ticket11\run-wpf-ui-20260810-0145-v20-approved-final\Source\mes\ingest\csharp\MesIngest.Core\MesIngest.Core.csproj : warning NU1603: Azure.Identity 1.11.4 渚濊禆浜?System.Memory (>= 4.5.4)锛屼絾鎵句笉鍒?System.Memory 4.5.4銆?宸茶В鍐?System.Memory 4.6.0 鐨勮繎浼兼渶浣冲尮閰嶃€? [C:\MesIngest\Ticket11\run-wpf-ui-20260810-0145-v20-approved-final\Source\mes\ingest\csharp\MesIngest.Watch.UiTests\MesIngest.Watch.UiTests.csproj]
C:\MesIngest\Ticket11\run-wpf-ui-20260810-0145-v20-approved-final\Source\mes\ingest\csharp\MesIngest.Core\MesIngest.Core.csproj : warning NU1603: Azure.Identity 1.11.4 渚濊禆浜?System.Security.Cryptography.ProtectedData (>= 4.7.0)锛屼絾鎵句笉鍒?System.Security.Cryptography.ProtectedData 4.7.0銆?宸茶В鍐?System.Security.Cryptography.ProtectedData 8.0.0 鐨勮繎浼兼渶浣冲尮閰嶃€? [C:\MesIngest\Ticket11\run-wpf-ui-20260810-0145-v20-approved-final\Source\mes\ingest\csharp\MesIngest.Watch.UiTests\MesIngest.Watch.UiTests.csproj]
C:\MesIngest\Ticket11\run-wpf-ui-20260810-0145-v20-approved-final\Source\mes\ingest\csharp\MesIngest.Watch\MesIngest.Watch.csproj : warning NU1603: Azure.Identity 1.11.4 渚濊禆浜?System.Memory (>= 4.5.4)锛屼絾鎵句笉鍒?System.Memory 4.5.4銆?宸茶В鍐?System.Memory 4.6.0 鐨勮繎浼兼渶浣冲尮閰嶃€? [C:\MesIngest\Ticket11\run-wpf-ui-20260810-0145-v20-approved-final\Source\mes\ingest\csharp\MesIngest.Watch.UiTests\MesIngest.Watch.UiTests.csproj]
C:\MesIngest\Ticket11\run-wpf-ui-20260810-0145-v20-approved-final\Source\mes\ingest\csharp\MesIngest.Watch\MesIngest.Watch.csproj : warning NU1603: Azure.Identity 1.11.4 渚濊禆浜?System.Security.Cryptography.ProtectedData (>= 4.7.0)锛屼絾鎵句笉鍒?System.Security.Cryptography.ProtectedData 4.7.0銆?宸茶В鍐?System.Security.Cryptography.ProtectedData 8.0.0 鐨勮繎浼兼渶浣冲尮閰嶃€? [C:\MesIngest\Ticket11\run-wpf-ui-20260810-0145-v20-approved-final\Source\mes\ingest\csharp\MesIngest.Watch.UiTests\MesIngest.Watch.UiTests.csproj]
C:\MesIngest\Ticket11\run-wpf-ui-20260810-0145-v20-approved-final\Source\mes\ingest\csharp\MesIngest.Watch.UiTests\MesIngest.Watch.UiTests.csproj : warning NU1603: Verify.XunitV3 31.16.1 渚濊禆浜?DiffEngine (>= 19.1.2)锛屼絾鎵句笉鍒?DiffEngine 19.1.2銆?宸茶В鍐?DiffEngine 19.1.3 鐨勮繎浼兼渶浣冲尮閰嶃€?
C:\MesIngest\Ticket11\run-wpf-ui-20260810-0145-v20-approved-final\Source\mes\ingest\csharp\MesIngest.Watch.UiTests\MesIngest.Watch.UiTests.csproj : warning NU1603: xunit.v3.common 3.2.2 渚濊禆浜?Microsoft.Bcl.AsyncInterfaces (>= 6.0.0)锛屼絾鎵句笉鍒?Microsoft.Bcl.AsyncInterfaces 6.0.0銆?宸茶В鍐?Microsoft.Bcl.AsyncInterfaces 10.0.6 鐨勮繎浼兼渶浣冲尮閰嶃€?
C:\MesIngest\Ticket11\run-wpf-ui-20260810-0145-v20-approved-final\Source\mes\ingest\csharp\MesIngest.Watch.UiTests\MesIngest.Watch.UiTests.csproj : warning NU1603: Microsoft.ApplicationInsights 2.23.0 渚濊禆浜?System.Diagnostics.DiagnosticSource (>= 5.0.0)锛屼絾鎵句笉鍒?System.Diagnostics.DiagnosticSource 5.0.0銆?宸茶В鍐?System.Diagnostics.DiagnosticSource 6.0.1 鐨勮繎浼兼渶浣冲尮閰嶃€?
C:\MesIngest\Ticket11\run-wpf-ui-20260810-0145-v20-approved-final\Source\mes\ingest\csharp\MesIngest.Watch.UiTests\MesIngest.Watch.UiTests.csproj : warning NU1603: Azure.Identity 1.11.4 渚濊禆浜?System.Memory (>= 4.5.4)锛屼絾鎵句笉鍒?System.Memory 4.5.4銆?宸茶В鍐?System.Memory 4.6.0 鐨勮繎浼兼渶浣冲尮閰嶃€?
C:\MesIngest\Ticket11\run-wpf-ui-20260810-0145-v20-approved-final\Source\mes\ingest\csharp\MesIngest.Watch.UiTests\MesIngest.Watch.UiTests.csproj : warning NU1603: Azure.Identity 1.11.4 渚濊禆浜?System.Security.Cryptography.ProtectedData (>= 4.7.0)锛屼絾鎵句笉鍒?System.Security.Cryptography.ProtectedData 4.7.0銆?宸茶В鍐?System.Security.Cryptography.ProtectedData 8.0.0 鐨勮繎浼兼渶浣冲尮閰嶃€?
  鎵€鏈夐」鐩潎鏄渶鏂扮殑锛屾棤娉曡繕鍘熴€?
C:\MesIngest\Ticket11\run-wpf-ui-20260810-0145-v20-approved-final\Source\mes\ingest\csharp\MesIngest.Watch.UiTests\MesIngest.Watch.UiTests.csproj : warning NU1801: 鏃犳硶鍔犺浇婧?https://api.nuget.org/v3/index.json 鐨勬湇鍔＄储寮曘€?
C:\MesIngest\Ticket11\run-wpf-ui-20260810-0145-v20-approved-final\Source\mes\ingest\csharp\MesIngest.Watch.UiTests\MesIngest.Watch.UiTests.csproj : warning NU1801: 鏃犳硶鍔犺浇婧?https://api.nuget.org/v3/index.json 鐨勬湇鍔＄储寮曘€?
C:\MesIngest\Ticket11\run-wpf-ui-20260810-0145-v20-approved-final\Source\mes\ingest\csharp\MesIngest.Watch.UiTests\MesIngest.Watch.UiTests.csproj : warning NU1801: 鏃犳硶鍔犺浇婧?https://api.nuget.org/v3/index.json 鐨勬湇鍔＄储寮曘€?
C:\MesIngest\Ticket11\run-wpf-ui-20260810-0145-v20-approved-final\Source\mes\ingest\csharp\MesIngest.Watch.UiTests\MesIngest.Watch.UiTests.csproj : warning NU1801: 鏃犳硶鍔犺浇婧?https://api.nuget.org/v3/index.json 鐨勬湇鍔＄储寮曘€?
C:\MesIngest\Ticket11\run-wpf-ui-20260810-0145-v20-approved-final\Source\mes\ingest\csharp\MesIngest.Watch.UiTests\MesIngest.Watch.UiTests.csproj : warning NU1801: 鏃犳硶鍔犺浇婧?https://api.nuget.org/v3/index.json 鐨勬湇鍔＄储寮曘€?
C:\MesIngest\Ticket11\run-wpf-ui-20260810-0145-v20-approved-final\Source\mes\ingest\csharp\MesIngest.Watch.UiTests\MesIngest.Watch.UiTests.csproj : warning NU1603: Verify.XunitV3 31.16.1 渚濊禆浜?DiffEngine (>= 19.1.2)锛屼絾鎵句笉鍒?DiffEngine 19.1.2銆?宸茶В鍐?DiffEngine 19.1.3 鐨勮繎浼兼渶浣冲尮閰嶃€?
C:\MesIngest\Ticket11\run-wpf-ui-20260810-0145-v20-approved-final\Source\mes\ingest\csharp\MesIngest.Watch.UiTests\MesIngest.Watch.UiTests.csproj : warning NU1603: xunit.v3.common 3.2.2 渚濊禆浜?Microsoft.Bcl.AsyncInterfaces (>= 6.0.0)锛屼絾鎵句笉鍒?Microsoft.Bcl.AsyncInterfaces 6.0.0銆?宸茶В鍐?Microsoft.Bcl.AsyncInterfaces 10.0.6 鐨勮繎浼兼渶浣冲尮閰嶃€?
C:\MesIngest\Ticket11\run-wpf-ui-20260810-0145-v20-approved-final\Source\mes\ingest\csharp\MesIngest.Watch.UiTests\MesIngest.Watch.UiTests.csproj : warning NU1603: Microsoft.ApplicationInsights 2.23.0 渚濊禆浜?System.Diagnostics.DiagnosticSource (>= 5.0.0)锛屼絾鎵句笉鍒?System.Diagnostics.DiagnosticSource 5.0.0銆?宸茶В鍐?System.Diagnostics.DiagnosticSource 6.0.1 鐨勮繎浼兼渶浣冲尮閰嶃€?
C:\MesIngest\Ticket11\run-wpf-ui-20260810-0145-v20-approved-final\Source\mes\ingest\csharp\MesIngest.Watch.UiTests\MesIngest.Watch.UiTests.csproj : warning NU1603: Azure.Identity 1.11.4 渚濊禆浜?System.Memory (>= 4.5.4)锛屼絾鎵句笉鍒?System.Memory 4.5.4銆?宸茶В鍐?System.Memory 4.6.0 鐨勮繎浼兼渶浣冲尮閰嶃€?
C:\MesIngest\Ticket11\run-wpf-ui-20260810-0145-v20-approved-final\Source\mes\ingest\csharp\MesIngest.Watch.UiTests\MesIngest.Watch.UiTests.csproj : warning NU1603: Azure.Identity 1.11.4 渚濊禆浜?System.Security.Cryptography.ProtectedData (>= 4.7.0)锛屼絾鎵句笉鍒?System.Security.Cryptography.ProtectedData 4.7.0銆?宸茶В鍐?System.Security.Cryptography.ProtectedData 8.0.0 鐨勮繎浼兼渶浣冲尮閰嶃€?
C:\MesIngest\Ticket11\run-wpf-ui-20260810-0145-v20-approved-final\Source\mes\ingest\csharp\MesIngest.Core\MesIngest.Core.csproj : warning NU1801: 鏃犳硶鍔犺浇婧?https://api.nuget.org/v3/index.json 鐨勬湇鍔＄储寮曘€?
C:\MesIngest\Ticket11\run-wpf-ui-20260810-0145-v20-approved-final\Source\mes\ingest\csharp\MesIngest.Core\MesIngest.Core.csproj : warning NU1801: 鏃犳硶鍔犺浇婧?https://api.nuget.org/v3/index.json 鐨勬湇鍔＄储寮曘€?
C:\MesIngest\Ticket11\run-wpf-ui-20260810-0145-v20-approved-final\Source\mes\ingest\csharp\MesIngest.Core\MesIngest.Core.csproj : warning NU1603: Azure.Identity 1.11.4 渚濊禆浜?System.Memory (>= 4.5.4)锛屼絾鎵句笉鍒?System.Memory 4.5.4銆?宸茶В鍐?System.Memory 4.6.0 鐨勮繎浼兼渶浣冲尮閰嶃€?
C:\MesIngest\Ticket11\run-wpf-ui-20260810-0145-v20-approved-final\Source\mes\ingest\csharp\MesIngest.Core\MesIngest.Core.csproj : warning NU1603: Azure.Identity 1.11.4 渚濊禆浜?System.Security.Cryptography.ProtectedData (>= 4.7.0)锛屼絾鎵句笉鍒?System.Security.Cryptography.ProtectedData 4.7.0銆?宸茶В鍐?System.Security.Cryptography.ProtectedData 8.0.0 鐨勮繎浼兼渶浣冲尮閰嶃€?
C:\MesIngest\Ticket11\run-wpf-ui-20260810-0145-v20-approved-final\Source\mes\ingest\csharp\MesIngest.Watch\MesIngest.Watch.csproj : warning NU1801: 鏃犳硶鍔犺浇婧?https://api.nuget.org/v3/index.json 鐨勬湇鍔＄储寮曘€?
C:\MesIngest\Ticket11\run-wpf-ui-20260810-0145-v20-approved-final\Source\mes\ingest\csharp\MesIngest.Watch\MesIngest.Watch.csproj : warning NU1801: 鏃犳硶鍔犺浇婧?https://api.nuget.org/v3/index.json 鐨勬湇鍔＄储寮曘€?
C:\MesIngest\Ticket11\run-wpf-ui-20260810-0145-v20-approved-final\Source\mes\ingest\csharp\MesIngest.Watch\MesIngest.Watch.csproj : warning NU1603: Azure.Identity 1.11.4 渚濊禆浜?System.Memory (>= 4.5.4)锛屼絾鎵句笉鍒?System.Memory 4.5.4銆?宸茶В鍐?System.Memory 4.6.0 鐨勮繎浼兼渶浣冲尮閰嶃€?
C:\MesIngest\Ticket11\run-wpf-ui-20260810-0145-v20-approved-final\Source\mes\ingest\csharp\MesIngest.Watch\MesIngest.Watch.csproj : warning NU1603: Azure.Identity 1.11.4 渚濊禆浜?System.Security.Cryptography.ProtectedData (>= 4.7.0)锛屼絾鎵句笉鍒?System.Security.Cryptography.ProtectedData 4.7.0銆?宸茶В鍐?System.Security.Cryptography.ProtectedData 8.0.0 鐨勮繎浼兼渶浣冲尮閰嶃€?
xUnit.net v3 In-Process Runner v3.2.2+728c1dce01 (64-bit .NET 8.0.29)
  Discovering: MesIngest.Watch.UiTests
  Discovered:  MesIngest.Watch.UiTests
  Starting:    MesIngest.Watch.UiTests
  Finished:    MesIngest.Watch.UiTests (ID = 'c49bbc9a0087275b64c3bfc324ba83e568b5e6f4e2b7e1b399a6c9bb3932cfd3')
=== TEST EXECUTION SUMMARY ===
   MesIngest.Watch.UiTests  Total: 1, Errors: 0, Failed: 0, Skipped: 0, Not Run: 0, Time: 0.101s
WATCH_UI_ENVIRONMENT_OK: session=1 name=(not exported; validated by Explorer and OpenInputDesktop); suite=watch-xaml-visual; artifacts=C:\MesIngest\Ticket11\run-wpf-ui-20260810-0145-v20-approved-final\Source\mes\ingest\csharp\TestResults\watch-ui\20260810-014510-578; running serial xUnit v3 UI tests.
C:\MesIngest\Ticket11\run-wpf-ui-20260810-0145-v20-approved-final\Source\mes\ingest\csharp\MesIngest.Watch.UiTests\MesIngest.Watch.UiTests.csproj : warning NU1801: 鏃犳硶鍔犺浇婧?https://api.nuget.org/v3/index.json 鐨勬湇鍔＄储寮曘€?
C:\MesIngest\Ticket11\run-wpf-ui-20260810-0145-v20-approved-final\Source\mes\ingest\csharp\MesIngest.Watch.UiTests\MesIngest.Watch.UiTests.csproj : warning NU1801: 鏃犳硶鍔犺浇婧?https://api.nuget.org/v3/index.json 鐨勬湇鍔＄储寮曘€?
C:\MesIngest\Ticket11\run-wpf-ui-20260810-0145-v20-approved-final\Source\mes\ingest\csharp\MesIngest.Watch.UiTests\MesIngest.Watch.UiTests.csproj : warning NU1801: 鏃犳硶鍔犺浇婧?https://api.nuget.org/v3/index.json 鐨勬湇鍔＄储寮曘€?
C:\MesIngest\Ticket11\run-wpf-ui-20260810-0145-v20-approved-final\Source\mes\ingest\csharp\MesIngest.Watch.UiTests\MesIngest.Watch.UiTests.csproj : warning NU1801: 鏃犳硶鍔犺浇婧?https://api.nuget.org/v3/index.json 鐨勬湇鍔＄储寮曘€?
C:\MesIngest\Ticket11\run-wpf-ui-20260810-0145-v20-approved-final\Source\mes\ingest\csharp\MesIngest.Watch.UiTests\MesIngest.Watch.UiTests.csproj : warning NU1801: 鏃犳硶鍔犺浇婧?https://api.nuget.org/v3/index.json 鐨勬湇鍔＄储寮曘€?
C:\MesIngest\Ticket11\run-wpf-ui-20260810-0145-v20-approved-final\Source\mes\ingest\csharp\MesIngest.Watch.UiTests\MesIngest.Watch.UiTests.csproj : warning NU1603: Verify.XunitV3 31.16.1 渚濊禆浜?DiffEngine (>= 19.1.2)锛屼絾鎵句笉鍒?DiffEngine 19.1.2銆?宸茶В鍐?DiffEngine 19.1.3 鐨勮繎浼兼渶浣冲尮閰嶃€?
C:\MesIngest\Ticket11\run-wpf-ui-20260810-0145-v20-approved-final\Source\mes\ingest\csharp\MesIngest.Watch.UiTests\MesIngest.Watch.UiTests.csproj : warning NU1603: xunit.v3.common 3.2.2 渚濊禆浜?Microsoft.Bcl.AsyncInterfaces (>= 6.0.0)锛屼絾鎵句笉鍒?Microsoft.Bcl.AsyncInterfaces 6.0.0銆?宸茶В鍐?Microsoft.Bcl.AsyncInterfaces 10.0.6 鐨勮繎浼兼渶浣冲尮閰嶃€?
C:\MesIngest\Ticket11\run-wpf-ui-20260810-0145-v20-approved-final\Source\mes\ingest\csharp\MesIngest.Watch.UiTests\MesIngest.Watch.UiTests.csproj : warning NU1603: Microsoft.ApplicationInsights 2.23.0 渚濊禆浜?System.Diagnostics.DiagnosticSource (>= 5.0.0)锛屼絾鎵句笉鍒?System.Diagnostics.DiagnosticSource 5.0.0銆?宸茶В鍐?System.Diagnostics.DiagnosticSource 6.0.1 鐨勮繎浼兼渶浣冲尮閰嶃€?
C:\MesIngest\Ticket11\run-wpf-ui-20260810-0145-v20-approved-final\Source\mes\ingest\csharp\MesIngest.Watch.UiTests\MesIngest.Watch.UiTests.csproj : warning NU1603: Azure.Identity 1.11.4 渚濊禆浜?System.Memory (>= 4.5.4)锛屼絾鎵句笉鍒?System.Memory 4.5.4銆?宸茶В鍐?System.Memory 4.6.0 鐨勮繎浼兼渶浣冲尮閰嶃€?
C:\MesIngest\Ticket11\run-wpf-ui-20260810-0145-v20-approved-final\Source\mes\ingest\csharp\MesIngest.Watch.UiTests\MesIngest.Watch.UiTests.csproj : warning NU1603: Azure.Identity 1.11.4 渚濊禆浜?System.Security.Cryptography.ProtectedData (>= 4.7.0)锛屼絾鎵句笉鍒?System.Security.Cryptography.ProtectedData 4.7.0銆?宸茶В鍐?System.Security.Cryptography.ProtectedData 8.0.0 鐨勮繎浼兼渶浣冲尮閰嶃€?
C:\MesIngest\Ticket11\run-wpf-ui-20260810-0145-v20-approved-final\Source\mes\ingest\csharp\MesIngest.Core\MesIngest.Core.csproj : warning NU1801: 鏃犳硶鍔犺浇婧?https://api.nuget.org/v3/index.json 鐨勬湇鍔＄储寮曘€?
C:\MesIngest\Ticket11\run-wpf-ui-20260810-0145-v20-approved-final\Source\mes\ingest\csharp\MesIngest.Core\MesIngest.Core.csproj : warning NU1801: 鏃犳硶鍔犺浇婧?https://api.nuget.org/v3/index.json 鐨勬湇鍔＄储寮曘€?
C:\MesIngest\Ticket11\run-wpf-ui-20260810-0145-v20-approved-final\Source\mes\ingest\csharp\MesIngest.Core\MesIngest.Core.csproj : warning NU1603: Azure.Identity 1.11.4 渚濊禆浜?System.Memory (>= 4.5.4)锛屼絾鎵句笉鍒?System.Memory 4.5.4銆?宸茶В鍐?System.Memory 4.6.0 鐨勮繎浼兼渶浣冲尮閰嶃€?
C:\MesIngest\Ticket11\run-wpf-ui-20260810-0145-v20-approved-final\Source\mes\ingest\csharp\MesIngest.Core\MesIngest.Core.csproj : warning NU1603: Azure.Identity 1.11.4 渚濊禆浜?System.Security.Cryptography.ProtectedData (>= 4.7.0)锛屼絾鎵句笉鍒?System.Security.Cryptography.ProtectedData 4.7.0銆?宸茶В鍐?System.Security.Cryptography.ProtectedData 8.0.0 鐨勮繎浼兼渶浣冲尮閰嶃€?
C:\MesIngest\Ticket11\run-wpf-ui-20260810-0145-v20-approved-final\Source\mes\ingest\csharp\MesIngest.Watch\MesIngest.Watch.csproj : warning NU1801: 鏃犳硶鍔犺浇婧?https://api.nuget.org/v3/index.json 鐨勬湇鍔＄储寮曘€?
C:\MesIngest\Ticket11\run-wpf-ui-20260810-0145-v20-approved-final\Source\mes\ingest\csharp\MesIngest.Watch\MesIngest.Watch.csproj : warning NU1801: 鏃犳硶鍔犺浇婧?https://api.nuget.org/v3/index.json 鐨勬湇鍔＄储寮曘€?
C:\MesIngest\Ticket11\run-wpf-ui-20260810-0145-v20-approved-final\Source\mes\ingest\csharp\MesIngest.Watch\MesIngest.Watch.csproj : warning NU1603: Azure.Identity 1.11.4 渚濊禆浜?System.Memory (>= 4.5.4)锛屼絾鎵句笉鍒?System.Memory 4.5.4銆?宸茶В鍐?System.Memory 4.6.0 鐨勮繎浼兼渶浣冲尮閰嶃€?
C:\MesIngest\Ticket11\run-wpf-ui-20260810-0145-v20-approved-final\Source\mes\ingest\csharp\MesIngest.Watch\MesIngest.Watch.csproj : warning NU1603: Azure.Identity 1.11.4 渚濊禆浜?System.Security.Cryptography.ProtectedData (>= 4.7.0)锛屼絾鎵句笉鍒?System.Security.Cryptography.ProtectedData 4.7.0銆?宸茶В鍐?System.Security.Cryptography.ProtectedData 8.0.0 鐨勮繎浼兼渶浣冲尮閰嶃€?
xUnit.net v3 In-Process Runner v3.2.2+728c1dce01 (64-bit .NET 8.0.29)
  Discovering: MesIngest.Watch.UiTests
  Discovered:  MesIngest.Watch.UiTests
  Starting:    MesIngest.Watch.UiTests
  Finished:    MesIngest.Watch.UiTests (ID = 'c49bbc9a0087275b64c3bfc324ba83e568b5e6f4e2b7e1b399a6c9bb3932cfd3')
=== TEST EXECUTION SUMMARY ===
   MesIngest.Watch.UiTests  Total: 20, Errors: 0, Failed: 0, Skipped: 0, Not Run: 0, Time: 27.506s
WATCH_UI_ALL_PASSED: suite=watch-xaml-visual artifacts=C:\MesIngest\Ticket11\run-wpf-ui-20260810-0145-v20-approved-final\Source\mes\ingest\csharp\TestResults\watch-ui\20260810-014510-578
WATCH_XAML_STABILITY_RUN: 4/10
  姝ｅ湪纭畾瑕佽繕鍘熺殑椤圭洰鈥?
C:\MesIngest\Ticket11\run-wpf-ui-20260810-0145-v20-approved-final\Source\mes\ingest\csharp\MesIngest.Watch.UiTests\MesIngest.Watch.UiTests.csproj : warning NU1801: 鏃犳硶鍔犺浇婧?https://api.nuget.org/v3/index.json 鐨勬湇鍔＄储寮曘€?
C:\MesIngest\Ticket11\run-wpf-ui-20260810-0145-v20-approved-final\Source\mes\ingest\csharp\MesIngest.Watch\MesIngest.Watch.csproj : warning NU1801: 鏃犳硶鍔犺浇婧?https://api.nuget.org/v3/index.json 鐨勬湇鍔＄储寮曘€?[C:\MesIngest\Ticket11\run-wpf-ui-20260810-0145-v20-approved-final\Source\mes\ingest\csharp\MesIngest.Watch.UiTests\MesIngest.Watch.UiTests.csproj]
C:\MesIngest\Ticket11\run-wpf-ui-20260810-0145-v20-approved-final\Source\mes\ingest\csharp\MesIngest.Watch.UiTests\MesIngest.Watch.UiTests.csproj : warning NU1801: 鏃犳硶鍔犺浇婧?https://api.nuget.org/v3/index.json 鐨勬湇鍔＄储寮曘€?
C:\MesIngest\Ticket11\run-wpf-ui-20260810-0145-v20-approved-final\Source\mes\ingest\csharp\MesIngest.Watch.UiTests\MesIngest.Watch.UiTests.csproj : warning NU1801: 鏃犳硶鍔犺浇婧?https://api.nuget.org/v3/index.json 鐨勬湇鍔＄储寮曘€?
C:\MesIngest\Ticket11\run-wpf-ui-20260810-0145-v20-approved-final\Source\mes\ingest\csharp\MesIngest.Watch.UiTests\MesIngest.Watch.UiTests.csproj : warning NU1801: 鏃犳硶鍔犺浇婧?https://api.nuget.org/v3/index.json 鐨勬湇鍔＄储寮曘€?
C:\MesIngest\Ticket11\run-wpf-ui-20260810-0145-v20-approved-final\Source\mes\ingest\csharp\MesIngest.Watch\MesIngest.Watch.csproj : warning NU1801: 鏃犳硶鍔犺浇婧?https://api.nuget.org/v3/index.json 鐨勬湇鍔＄储寮曘€?[C:\MesIngest\Ticket11\run-wpf-ui-20260810-0145-v20-approved-final\Source\mes\ingest\csharp\MesIngest.Watch.UiTests\MesIngest.Watch.UiTests.csproj]
C:\MesIngest\Ticket11\run-wpf-ui-20260810-0145-v20-approved-final\Source\mes\ingest\csharp\MesIngest.Watch.UiTests\MesIngest.Watch.UiTests.csproj : warning NU1801: 鏃犳硶鍔犺浇婧?https://api.nuget.org/v3/index.json 鐨勬湇鍔＄储寮曘€?
C:\MesIngest\Ticket11\run-wpf-ui-20260810-0145-v20-approved-final\Source\mes\ingest\csharp\MesIngest.Core\MesIngest.Core.csproj : warning NU1801: 鏃犳硶鍔犺浇婧?https://api.nuget.org/v3/index.json 鐨勬湇鍔＄储寮曘€?[C:\MesIngest\Ticket11\run-wpf-ui-20260810-0145-v20-approved-final\Source\mes\ingest\csharp\MesIngest.Watch.UiTests\MesIngest.Watch.UiTests.csproj]
C:\MesIngest\Ticket11\run-wpf-ui-20260810-0145-v20-approved-final\Source\mes\ingest\csharp\MesIngest.Core\MesIngest.Core.csproj : warning NU1801: 鏃犳硶鍔犺浇婧?https://api.nuget.org/v3/index.json 鐨勬湇鍔＄储寮曘€?[C:\MesIngest\Ticket11\run-wpf-ui-20260810-0145-v20-approved-final\Source\mes\ingest\csharp\MesIngest.Watch.UiTests\MesIngest.Watch.UiTests.csproj]
C:\MesIngest\Ticket11\run-wpf-ui-20260810-0145-v20-approved-final\Source\mes\ingest\csharp\MesIngest.Core\MesIngest.Core.csproj : warning NU1603: Azure.Identity 1.11.4 渚濊禆浜?System.Memory (>= 4.5.4)锛屼絾鎵句笉鍒?System.Memory 4.5.4銆?宸茶В鍐?System.Memory 4.6.0 鐨勮繎浼兼渶浣冲尮閰嶃€? [C:\MesIngest\Ticket11\run-wpf-ui-20260810-0145-v20-approved-final\Source\mes\ingest\csharp\MesIngest.Watch.UiTests\MesIngest.Watch.UiTests.csproj]
C:\MesIngest\Ticket11\run-wpf-ui-20260810-0145-v20-approved-final\Source\mes\ingest\csharp\MesIngest.Core\MesIngest.Core.csproj : warning NU1603: Azure.Identity 1.11.4 渚濊禆浜?System.Security.Cryptography.ProtectedData (>= 4.7.0)锛屼絾鎵句笉鍒?System.Security.Cryptography.ProtectedData 4.7.0銆?宸茶В鍐?System.Security.Cryptography.ProtectedData 8.0.0 鐨勮繎浼兼渶浣冲尮閰嶃€? [C:\MesIngest\Ticket11\run-wpf-ui-20260810-0145-v20-approved-final\Source\mes\ingest\csharp\MesIngest.Watch.UiTests\MesIngest.Watch.UiTests.csproj]
C:\MesIngest\Ticket11\run-wpf-ui-20260810-0145-v20-approved-final\Source\mes\ingest\csharp\MesIngest.Watch.UiTests\MesIngest.Watch.UiTests.csproj : warning NU1603: Verify.XunitV3 31.16.1 渚濊禆浜?DiffEngine (>= 19.1.2)锛屼絾鎵句笉鍒?DiffEngine 19.1.2銆?宸茶В鍐?DiffEngine 19.1.3 鐨勮繎浼兼渶浣冲尮閰嶃€?
C:\MesIngest\Ticket11\run-wpf-ui-20260810-0145-v20-approved-final\Source\mes\ingest\csharp\MesIngest.Watch\MesIngest.Watch.csproj : warning NU1603: Azure.Identity 1.11.4 渚濊禆浜?System.Memory (>= 4.5.4)锛屼絾鎵句笉鍒?System.Memory 4.5.4銆?宸茶В鍐?System.Memory 4.6.0 鐨勮繎浼兼渶浣冲尮閰嶃€? [C:\MesIngest\Ticket11\run-wpf-ui-20260810-0145-v20-approved-final\Source\mes\ingest\csharp\MesIngest.Watch.UiTests\MesIngest.Watch.UiTests.csproj]
C:\MesIngest\Ticket11\run-wpf-ui-20260810-0145-v20-approved-final\Source\mes\ingest\csharp\MesIngest.Watch.UiTests\MesIngest.Watch.UiTests.csproj : warning NU1603: xunit.v3.common 3.2.2 渚濊禆浜?Microsoft.Bcl.AsyncInterfaces (>= 6.0.0)锛屼絾鎵句笉鍒?Microsoft.Bcl.AsyncInterfaces 6.0.0銆?宸茶В鍐?Microsoft.Bcl.AsyncInterfaces 10.0.6 鐨勮繎浼兼渶浣冲尮閰嶃€?
C:\MesIngest\Ticket11\run-wpf-ui-20260810-0145-v20-approved-final\Source\mes\ingest\csharp\MesIngest.Watch\MesIngest.Watch.csproj : warning NU1603: Azure.Identity 1.11.4 渚濊禆浜?System.Security.Cryptography.ProtectedData (>= 4.7.0)锛屼絾鎵句笉鍒?System.Security.Cryptography.ProtectedData 4.7.0銆?宸茶В鍐?System.Security.Cryptography.ProtectedData 8.0.0 鐨勮繎浼兼渶浣冲尮閰嶃€? [C:\MesIngest\Ticket11\run-wpf-ui-20260810-0145-v20-approved-final\Source\mes\ingest\csharp\MesIngest.Watch.UiTests\MesIngest.Watch.UiTests.csproj]
C:\MesIngest\Ticket11\run-wpf-ui-20260810-0145-v20-approved-final\Source\mes\ingest\csharp\MesIngest.Watch.UiTests\MesIngest.Watch.UiTests.csproj : warning NU1603: Microsoft.ApplicationInsights 2.23.0 渚濊禆浜?System.Diagnostics.DiagnosticSource (>= 5.0.0)锛屼絾鎵句笉鍒?System.Diagnostics.DiagnosticSource 5.0.0銆?宸茶В鍐?System.Diagnostics.DiagnosticSource 6.0.1 鐨勮繎浼兼渶浣冲尮閰嶃€?
C:\MesIngest\Ticket11\run-wpf-ui-20260810-0145-v20-approved-final\Source\mes\ingest\csharp\MesIngest.Watch.UiTests\MesIngest.Watch.UiTests.csproj : warning NU1603: Azure.Identity 1.11.4 渚濊禆浜?System.Memory (>= 4.5.4)锛屼絾鎵句笉鍒?System.Memory 4.5.4銆?宸茶В鍐?System.Memory 4.6.0 鐨勮繎浼兼渶浣冲尮閰嶃€?
C:\MesIngest\Ticket11\run-wpf-ui-20260810-0145-v20-approved-final\Source\mes\ingest\csharp\MesIngest.Watch.UiTests\MesIngest.Watch.UiTests.csproj : warning NU1603: Azure.Identity 1.11.4 渚濊禆浜?System.Security.Cryptography.ProtectedData (>= 4.7.0)锛屼絾鎵句笉鍒?System.Security.Cryptography.ProtectedData 4.7.0銆?宸茶В鍐?System.Security.Cryptography.ProtectedData 8.0.0 鐨勮繎浼兼渶浣冲尮閰嶃€?
  鎵€鏈夐」鐩潎鏄渶鏂扮殑锛屾棤娉曡繕鍘熴€?
C:\MesIngest\Ticket11\run-wpf-ui-20260810-0145-v20-approved-final\Source\mes\ingest\csharp\MesIngest.Watch.UiTests\MesIngest.Watch.UiTests.csproj : warning NU1801: 鏃犳硶鍔犺浇婧?https://api.nuget.org/v3/index.json 鐨勬湇鍔＄储寮曘€?
C:\MesIngest\Ticket11\run-wpf-ui-20260810-0145-v20-approved-final\Source\mes\ingest\csharp\MesIngest.Watch.UiTests\MesIngest.Watch.UiTests.csproj : warning NU1801: 鏃犳硶鍔犺浇婧?https://api.nuget.org/v3/index.json 鐨勬湇鍔＄储寮曘€?
C:\MesIngest\Ticket11\run-wpf-ui-20260810-0145-v20-approved-final\Source\mes\ingest\csharp\MesIngest.Watch.UiTests\MesIngest.Watch.UiTests.csproj : warning NU1801: 鏃犳硶鍔犺浇婧?https://api.nuget.org/v3/index.json 鐨勬湇鍔＄储寮曘€?
C:\MesIngest\Ticket11\run-wpf-ui-20260810-0145-v20-approved-final\Source\mes\ingest\csharp\MesIngest.Watch.UiTests\MesIngest.Watch.UiTests.csproj : warning NU1801: 鏃犳硶鍔犺浇婧?https://api.nuget.org/v3/index.json 鐨勬湇鍔＄储寮曘€?
C:\MesIngest\Ticket11\run-wpf-ui-20260810-0145-v20-approved-final\Source\mes\ingest\csharp\MesIngest.Watch.UiTests\MesIngest.Watch.UiTests.csproj : warning NU1801: 鏃犳硶鍔犺浇婧?https://api.nuget.org/v3/index.json 鐨勬湇鍔＄储寮曘€?
C:\MesIngest\Ticket11\run-wpf-ui-20260810-0145-v20-approved-final\Source\mes\ingest\csharp\MesIngest.Watch.UiTests\MesIngest.Watch.UiTests.csproj : warning NU1603: Verify.XunitV3 31.16.1 渚濊禆浜?DiffEngine (>= 19.1.2)锛屼絾鎵句笉鍒?DiffEngine 19.1.2銆?宸茶В鍐?DiffEngine 19.1.3 鐨勮繎浼兼渶浣冲尮閰嶃€?
C:\MesIngest\Ticket11\run-wpf-ui-20260810-0145-v20-approved-final\Source\mes\ingest\csharp\MesIngest.Watch.UiTests\MesIngest.Watch.UiTests.csproj : warning NU1603: xunit.v3.common 3.2.2 渚濊禆浜?Microsoft.Bcl.AsyncInterfaces (>= 6.0.0)锛屼絾鎵句笉鍒?Microsoft.Bcl.AsyncInterfaces 6.0.0銆?宸茶В鍐?Microsoft.Bcl.AsyncInterfaces 10.0.6 鐨勮繎浼兼渶浣冲尮閰嶃€?
C:\MesIngest\Ticket11\run-wpf-ui-20260810-0145-v20-approved-final\Source\mes\ingest\csharp\MesIngest.Watch.UiTests\MesIngest.Watch.UiTests.csproj : warning NU1603: Microsoft.ApplicationInsights 2.23.0 渚濊禆浜?System.Diagnostics.DiagnosticSource (>= 5.0.0)锛屼絾鎵句笉鍒?System.Diagnostics.DiagnosticSource 5.0.0銆?宸茶В鍐?System.Diagnostics.DiagnosticSource 6.0.1 鐨勮繎浼兼渶浣冲尮閰嶃€?
C:\MesIngest\Ticket11\run-wpf-ui-20260810-0145-v20-approved-final\Source\mes\ingest\csharp\MesIngest.Watch.UiTests\MesIngest.Watch.UiTests.csproj : warning NU1603: Azure.Identity 1.11.4 渚濊禆浜?System.Memory (>= 4.5.4)锛屼絾鎵句笉鍒?System.Memory 4.5.4銆?宸茶В鍐?System.Memory 4.6.0 鐨勮繎浼兼渶浣冲尮閰嶃€?
C:\MesIngest\Ticket11\run-wpf-ui-20260810-0145-v20-approved-final\Source\mes\ingest\csharp\MesIngest.Watch.UiTests\MesIngest.Watch.UiTests.csproj : warning NU1603: Azure.Identity 1.11.4 渚濊禆浜?System.Security.Cryptography.ProtectedData (>= 4.7.0)锛屼絾鎵句笉鍒?System.Security.Cryptography.ProtectedData 4.7.0銆?宸茶В鍐?System.Security.Cryptography.ProtectedData 8.0.0 鐨勮繎浼兼渶浣冲尮閰嶃€?
C:\MesIngest\Ticket11\run-wpf-ui-20260810-0145-v20-approved-final\Source\mes\ingest\csharp\MesIngest.Core\MesIngest.Core.csproj : warning NU1801: 鏃犳硶鍔犺浇婧?https://api.nuget.org/v3/index.json 鐨勬湇鍔＄储寮曘€?
C:\MesIngest\Ticket11\run-wpf-ui-20260810-0145-v20-approved-final\Source\mes\ingest\csharp\MesIngest.Core\MesIngest.Core.csproj : warning NU1801: 鏃犳硶鍔犺浇婧?https://api.nuget.org/v3/index.json 鐨勬湇鍔＄储寮曘€?
C:\MesIngest\Ticket11\run-wpf-ui-20260810-0145-v20-approved-final\Source\mes\ingest\csharp\MesIngest.Core\MesIngest.Core.csproj : warning NU1603: Azure.Identity 1.11.4 渚濊禆浜?System.Memory (>= 4.5.4)锛屼絾鎵句笉鍒?System.Memory 4.5.4銆?宸茶В鍐?System.Memory 4.6.0 鐨勮繎浼兼渶浣冲尮閰嶃€?
C:\MesIngest\Ticket11\run-wpf-ui-20260810-0145-v20-approved-final\Source\mes\ingest\csharp\MesIngest.Core\MesIngest.Core.csproj : warning NU1603: Azure.Identity 1.11.4 渚濊禆浜?System.Security.Cryptography.ProtectedData (>= 4.7.0)锛屼絾鎵句笉鍒?System.Security.Cryptography.ProtectedData 4.7.0銆?宸茶В鍐?System.Security.Cryptography.ProtectedData 8.0.0 鐨勮繎浼兼渶浣冲尮閰嶃€?
C:\MesIngest\Ticket11\run-wpf-ui-20260810-0145-v20-approved-final\Source\mes\ingest\csharp\MesIngest.Watch\MesIngest.Watch.csproj : warning NU1801: 鏃犳硶鍔犺浇婧?https://api.nuget.org/v3/index.json 鐨勬湇鍔＄储寮曘€?
C:\MesIngest\Ticket11\run-wpf-ui-20260810-0145-v20-approved-final\Source\mes\ingest\csharp\MesIngest.Watch\MesIngest.Watch.csproj : warning NU1801: 鏃犳硶鍔犺浇婧?https://api.nuget.org/v3/index.json 鐨勬湇鍔＄储寮曘€?
C:\MesIngest\Ticket11\run-wpf-ui-20260810-0145-v20-approved-final\Source\mes\ingest\csharp\MesIngest.Watch\MesIngest.Watch.csproj : warning NU1603: Azure.Identity 1.11.4 渚濊禆浜?System.Memory (>= 4.5.4)锛屼絾鎵句笉鍒?System.Memory 4.5.4銆?宸茶В鍐?System.Memory 4.6.0 鐨勮繎浼兼渶浣冲尮閰嶃€?
C:\MesIngest\Ticket11\run-wpf-ui-20260810-0145-v20-approved-final\Source\mes\ingest\csharp\MesIngest.Watch\MesIngest.Watch.csproj : warning NU1603: Azure.Identity 1.11.4 渚濊禆浜?System.Security.Cryptography.ProtectedData (>= 4.7.0)锛屼絾鎵句笉鍒?System.Security.Cryptography.ProtectedData 4.7.0銆?宸茶В鍐?System.Security.Cryptography.ProtectedData 8.0.0 鐨勮繎浼兼渶浣冲尮閰嶃€?
xUnit.net v3 In-Process Runner v3.2.2+728c1dce01 (64-bit .NET 8.0.29)
  Discovering: MesIngest.Watch.UiTests
  Discovered:  MesIngest.Watch.UiTests
  Starting:    MesIngest.Watch.UiTests
  Finished:    MesIngest.Watch.UiTests (ID = 'c49bbc9a0087275b64c3bfc324ba83e568b5e6f4e2b7e1b399a6c9bb3932cfd3')
=== TEST EXECUTION SUMMARY ===
   MesIngest.Watch.UiTests  Total: 1, Errors: 0, Failed: 0, Skipped: 0, Not Run: 0, Time: 0.138s
WATCH_UI_ENVIRONMENT_OK: session=1 name=(not exported; validated by Explorer and OpenInputDesktop); suite=watch-xaml-visual; artifacts=C:\MesIngest\Ticket11\run-wpf-ui-20260810-0145-v20-approved-final\Source\mes\ingest\csharp\TestResults\watch-ui\20260810-014542-690; running serial xUnit v3 UI tests.
C:\MesIngest\Ticket11\run-wpf-ui-20260810-0145-v20-approved-final\Source\mes\ingest\csharp\MesIngest.Watch.UiTests\MesIngest.Watch.UiTests.csproj : warning NU1801: 鏃犳硶鍔犺浇婧?https://api.nuget.org/v3/index.json 鐨勬湇鍔＄储寮曘€?
C:\MesIngest\Ticket11\run-wpf-ui-20260810-0145-v20-approved-final\Source\mes\ingest\csharp\MesIngest.Watch.UiTests\MesIngest.Watch.UiTests.csproj : warning NU1801: 鏃犳硶鍔犺浇婧?https://api.nuget.org/v3/index.json 鐨勬湇鍔＄储寮曘€?
C:\MesIngest\Ticket11\run-wpf-ui-20260810-0145-v20-approved-final\Source\mes\ingest\csharp\MesIngest.Watch.UiTests\MesIngest.Watch.UiTests.csproj : warning NU1801: 鏃犳硶鍔犺浇婧?https://api.nuget.org/v3/index.json 鐨勬湇鍔＄储寮曘€?
C:\MesIngest\Ticket11\run-wpf-ui-20260810-0145-v20-approved-final\Source\mes\ingest\csharp\MesIngest.Watch.UiTests\MesIngest.Watch.UiTests.csproj : warning NU1801: 鏃犳硶鍔犺浇婧?https://api.nuget.org/v3/index.json 鐨勬湇鍔＄储寮曘€?
C:\MesIngest\Ticket11\run-wpf-ui-20260810-0145-v20-approved-final\Source\mes\ingest\csharp\MesIngest.Watch.UiTests\MesIngest.Watch.UiTests.csproj : warning NU1801: 鏃犳硶鍔犺浇婧?https://api.nuget.org/v3/index.json 鐨勬湇鍔＄储寮曘€?
C:\MesIngest\Ticket11\run-wpf-ui-20260810-0145-v20-approved-final\Source\mes\ingest\csharp\MesIngest.Watch.UiTests\MesIngest.Watch.UiTests.csproj : warning NU1603: Verify.XunitV3 31.16.1 渚濊禆浜?DiffEngine (>= 19.1.2)锛屼絾鎵句笉鍒?DiffEngine 19.1.2銆?宸茶В鍐?DiffEngine 19.1.3 鐨勮繎浼兼渶浣冲尮閰嶃€?
C:\MesIngest\Ticket11\run-wpf-ui-20260810-0145-v20-approved-final\Source\mes\ingest\csharp\MesIngest.Watch.UiTests\MesIngest.Watch.UiTests.csproj : warning NU1603: xunit.v3.common 3.2.2 渚濊禆浜?Microsoft.Bcl.AsyncInterfaces (>= 6.0.0)锛屼絾鎵句笉鍒?Microsoft.Bcl.AsyncInterfaces 6.0.0銆?宸茶В鍐?Microsoft.Bcl.AsyncInterfaces 10.0.6 鐨勮繎浼兼渶浣冲尮閰嶃€?
C:\MesIngest\Ticket11\run-wpf-ui-20260810-0145-v20-approved-final\Source\mes\ingest\csharp\MesIngest.Watch.UiTests\MesIngest.Watch.UiTests.csproj : warning NU1603: Microsoft.ApplicationInsights 2.23.0 渚濊禆浜?System.Diagnostics.DiagnosticSource (>= 5.0.0)锛屼絾鎵句笉鍒?System.Diagnostics.DiagnosticSource 5.0.0銆?宸茶В鍐?System.Diagnostics.DiagnosticSource 6.0.1 鐨勮繎浼兼渶浣冲尮閰嶃€?
C:\MesIngest\Ticket11\run-wpf-ui-20260810-0145-v20-approved-final\Source\mes\ingest\csharp\MesIngest.Watch.UiTests\MesIngest.Watch.UiTests.csproj : warning NU1603: Azure.Identity 1.11.4 渚濊禆浜?System.Memory (>= 4.5.4)锛屼絾鎵句笉鍒?System.Memory 4.5.4銆?宸茶В鍐?System.Memory 4.6.0 鐨勮繎浼兼渶浣冲尮閰嶃€?
C:\MesIngest\Ticket11\run-wpf-ui-20260810-0145-v20-approved-final\Source\mes\ingest\csharp\MesIngest.Watch.UiTests\MesIngest.Watch.UiTests.csproj : warning NU1603: Azure.Identity 1.11.4 渚濊禆浜?System.Security.Cryptography.ProtectedData (>= 4.7.0)锛屼絾鎵句笉鍒?System.Security.Cryptography.ProtectedData 4.7.0銆?宸茶В鍐?System.Security.Cryptography.ProtectedData 8.0.0 鐨勮繎浼兼渶浣冲尮閰嶃€?
C:\MesIngest\Ticket11\run-wpf-ui-20260810-0145-v20-approved-final\Source\mes\ingest\csharp\MesIngest.Core\MesIngest.Core.csproj : warning NU1801: 鏃犳硶鍔犺浇婧?https://api.nuget.org/v3/index.json 鐨勬湇鍔＄储寮曘€?
C:\MesIngest\Ticket11\run-wpf-ui-20260810-0145-v20-approved-final\Source\mes\ingest\csharp\MesIngest.Core\MesIngest.Core.csproj : warning NU1801: 鏃犳硶鍔犺浇婧?https://api.nuget.org/v3/index.json 鐨勬湇鍔＄储寮曘€?
C:\MesIngest\Ticket11\run-wpf-ui-20260810-0145-v20-approved-final\Source\mes\ingest\csharp\MesIngest.Core\MesIngest.Core.csproj : warning NU1603: Azure.Identity 1.11.4 渚濊禆浜?System.Memory (>= 4.5.4)锛屼絾鎵句笉鍒?System.Memory 4.5.4銆?宸茶В鍐?System.Memory 4.6.0 鐨勮繎浼兼渶浣冲尮閰嶃€?
C:\MesIngest\Ticket11\run-wpf-ui-20260810-0145-v20-approved-final\Source\mes\ingest\csharp\MesIngest.Core\MesIngest.Core.csproj : warning NU1603: Azure.Identity 1.11.4 渚濊禆浜?System.Security.Cryptography.ProtectedData (>= 4.7.0)锛屼絾鎵句笉鍒?System.Security.Cryptography.ProtectedData 4.7.0銆?宸茶В鍐?System.Security.Cryptography.ProtectedData 8.0.0 鐨勮繎浼兼渶浣冲尮閰嶃€?
C:\MesIngest\Ticket11\run-wpf-ui-20260810-0145-v20-approved-final\Source\mes\ingest\csharp\MesIngest.Watch\MesIngest.Watch.csproj : warning NU1801: 鏃犳硶鍔犺浇婧?https://api.nuget.org/v3/index.json 鐨勬湇鍔＄储寮曘€?
C:\MesIngest\Ticket11\run-wpf-ui-20260810-0145-v20-approved-final\Source\mes\ingest\csharp\MesIngest.Watch\MesIngest.Watch.csproj : warning NU1801: 鏃犳硶鍔犺浇婧?https://api.nuget.org/v3/index.json 鐨勬湇鍔＄储寮曘€?
C:\MesIngest\Ticket11\run-wpf-ui-20260810-0145-v20-approved-final\Source\mes\ingest\csharp\MesIngest.Watch\MesIngest.Watch.csproj : warning NU1603: Azure.Identity 1.11.4 渚濊禆浜?System.Memory (>= 4.5.4)锛屼絾鎵句笉鍒?System.Memory 4.5.4銆?宸茶В鍐?System.Memory 4.6.0 鐨勮繎浼兼渶浣冲尮閰嶃€?
C:\MesIngest\Ticket11\run-wpf-ui-20260810-0145-v20-approved-final\Source\mes\ingest\csharp\MesIngest.Watch\MesIngest.Watch.csproj : warning NU1603: Azure.Identity 1.11.4 渚濊禆浜?System.Security.Cryptography.ProtectedData (>= 4.7.0)锛屼絾鎵句笉鍒?System.Security.Cryptography.ProtectedData 4.7.0銆?宸茶В鍐?System.Security.Cryptography.ProtectedData 8.0.0 鐨勮繎浼兼渶浣冲尮閰嶃€?
xUnit.net v3 In-Process Runner v3.2.2+728c1dce01 (64-bit .NET 8.0.29)
  Discovering: MesIngest.Watch.UiTests
  Discovered:  MesIngest.Watch.UiTests
  Starting:    MesIngest.Watch.UiTests
  Finished:    MesIngest.Watch.UiTests (ID = 'c49bbc9a0087275b64c3bfc324ba83e568b5e6f4e2b7e1b399a6c9bb3932cfd3')
=== TEST EXECUTION SUMMARY ===
   MesIngest.Watch.UiTests  Total: 20, Errors: 0, Failed: 0, Skipped: 0, Not Run: 0, Time: 27.815s
WATCH_UI_ALL_PASSED: suite=watch-xaml-visual artifacts=C:\MesIngest\Ticket11\run-wpf-ui-20260810-0145-v20-approved-final\Source\mes\ingest\csharp\TestResults\watch-ui\20260810-014542-690
WATCH_XAML_STABILITY_RUN: 5/10
  姝ｅ湪纭畾瑕佽繕鍘熺殑椤圭洰鈥?
C:\MesIngest\Ticket11\run-wpf-ui-20260810-0145-v20-approved-final\Source\mes\ingest\csharp\MesIngest.Core\MesIngest.Core.csproj : warning NU1801: 鏃犳硶鍔犺浇婧?https://api.nuget.org/v3/index.json 鐨勬湇鍔＄储寮曘€?[C:\MesIngest\Ticket11\run-wpf-ui-20260810-0145-v20-approved-final\Source\mes\ingest\csharp\MesIngest.Watch.UiTests\MesIngest.Watch.UiTests.csproj]
C:\MesIngest\Ticket11\run-wpf-ui-20260810-0145-v20-approved-final\Source\mes\ingest\csharp\MesIngest.Watch.UiTests\MesIngest.Watch.UiTests.csproj : warning NU1801: 鏃犳硶鍔犺浇婧?https://api.nuget.org/v3/index.json 鐨勬湇鍔＄储寮曘€?
C:\MesIngest\Ticket11\run-wpf-ui-20260810-0145-v20-approved-final\Source\mes\ingest\csharp\MesIngest.Core\MesIngest.Core.csproj : warning NU1801: 鏃犳硶鍔犺浇婧?https://api.nuget.org/v3/index.json 鐨勬湇鍔＄储寮曘€?[C:\MesIngest\Ticket11\run-wpf-ui-20260810-0145-v20-approved-final\Source\mes\ingest\csharp\MesIngest.Watch.UiTests\MesIngest.Watch.UiTests.csproj]
C:\MesIngest\Ticket11\run-wpf-ui-20260810-0145-v20-approved-final\Source\mes\ingest\csharp\MesIngest.Watch.UiTests\MesIngest.Watch.UiTests.csproj : warning NU1801: 鏃犳硶鍔犺浇婧?https://api.nuget.org/v3/index.json 鐨勬湇鍔＄储寮曘€?
C:\MesIngest\Ticket11\run-wpf-ui-20260810-0145-v20-approved-final\Source\mes\ingest\csharp\MesIngest.Watch\MesIngest.Watch.csproj : warning NU1801: 鏃犳硶鍔犺浇婧?https://api.nuget.org/v3/index.json 鐨勬湇鍔＄储寮曘€?[C:\MesIngest\Ticket11\run-wpf-ui-20260810-0145-v20-approved-final\Source\mes\ingest\csharp\MesIngest.Watch.UiTests\MesIngest.Watch.UiTests.csproj]
C:\MesIngest\Ticket11\run-wpf-ui-20260810-0145-v20-approved-final\Source\mes\ingest\csharp\MesIngest.Watch.UiTests\MesIngest.Watch.UiTests.csproj : warning NU1801: 鏃犳硶鍔犺浇婧?https://api.nuget.org/v3/index.json 鐨勬湇鍔＄储寮曘€?
C:\MesIngest\Ticket11\run-wpf-ui-20260810-0145-v20-approved-final\Source\mes\ingest\csharp\MesIngest.Watch.UiTests\MesIngest.Watch.UiTests.csproj : warning NU1801: 鏃犳硶鍔犺浇婧?https://api.nuget.org/v3/index.json 鐨勬湇鍔＄储寮曘€?
C:\MesIngest\Ticket11\run-wpf-ui-20260810-0145-v20-approved-final\Source\mes\ingest\csharp\MesIngest.Watch.UiTests\MesIngest.Watch.UiTests.csproj : warning NU1801: 鏃犳硶鍔犺浇婧?https://api.nuget.org/v3/index.json 鐨勬湇鍔＄储寮曘€?
C:\MesIngest\Ticket11\run-wpf-ui-20260810-0145-v20-approved-final\Source\mes\ingest\csharp\MesIngest.Watch\MesIngest.Watch.csproj : warning NU1801: 鏃犳硶鍔犺浇婧?https://api.nuget.org/v3/index.json 鐨勬湇鍔＄储寮曘€?[C:\MesIngest\Ticket11\run-wpf-ui-20260810-0145-v20-approved-final\Source\mes\ingest\csharp\MesIngest.Watch.UiTests\MesIngest.Watch.UiTests.csproj]
C:\MesIngest\Ticket11\run-wpf-ui-20260810-0145-v20-approved-final\Source\mes\ingest\csharp\MesIngest.Core\MesIngest.Core.csproj : warning NU1603: Azure.Identity 1.11.4 渚濊禆浜?System.Memory (>= 4.5.4)锛屼絾鎵句笉鍒?System.Memory 4.5.4銆?宸茶В鍐?System.Memory 4.6.0 鐨勮繎浼兼渶浣冲尮閰嶃€? [C:\MesIngest\Ticket11\run-wpf-ui-20260810-0145-v20-approved-final\Source\mes\ingest\csharp\MesIngest.Watch.UiTests\MesIngest.Watch.UiTests.csproj]
C:\MesIngest\Ticket11\run-wpf-ui-20260810-0145-v20-approved-final\Source\mes\ingest\csharp\MesIngest.Core\MesIngest.Core.csproj : warning NU1603: Azure.Identity 1.11.4 渚濊禆浜?System.Security.Cryptography.ProtectedData (>= 4.7.0)锛屼絾鎵句笉鍒?System.Security.Cryptography.ProtectedData 4.7.0銆?宸茶В鍐?System.Security.Cryptography.ProtectedData 8.0.0 鐨勮繎浼兼渶浣冲尮閰嶃€? [C:\MesIngest\Ticket11\run-wpf-ui-20260810-0145-v20-approved-final\Source\mes\ingest\csharp\MesIngest.Watch.UiTests\MesIngest.Watch.UiTests.csproj]
C:\MesIngest\Ticket11\run-wpf-ui-20260810-0145-v20-approved-final\Source\mes\ingest\csharp\MesIngest.Watch.UiTests\MesIngest.Watch.UiTests.csproj : warning NU1603: Verify.XunitV3 31.16.1 渚濊禆浜?DiffEngine (>= 19.1.2)锛屼絾鎵句笉鍒?DiffEngine 19.1.2銆?宸茶В鍐?DiffEngine 19.1.3 鐨勮繎浼兼渶浣冲尮閰嶃€?
C:\MesIngest\Ticket11\run-wpf-ui-20260810-0145-v20-approved-final\Source\mes\ingest\csharp\MesIngest.Watch.UiTests\MesIngest.Watch.UiTests.csproj : warning NU1603: xunit.v3.common 3.2.2 渚濊禆浜?Microsoft.Bcl.AsyncInterfaces (>= 6.0.0)锛屼絾鎵句笉鍒?Microsoft.Bcl.AsyncInterfaces 6.0.0銆?宸茶В鍐?Microsoft.Bcl.AsyncInterfaces 10.0.6 鐨勮繎浼兼渶浣冲尮閰嶃€?
C:\MesIngest\Ticket11\run-wpf-ui-20260810-0145-v20-approved-final\Source\mes\ingest\csharp\MesIngest.Watch.UiTests\MesIngest.Watch.UiTests.csproj : warning NU1603: Microsoft.ApplicationInsights 2.23.0 渚濊禆浜?System.Diagnostics.DiagnosticSource (>= 5.0.0)锛屼絾鎵句笉鍒?System.Diagnostics.DiagnosticSource 5.0.0銆?宸茶В鍐?System.Diagnostics.DiagnosticSource 6.0.1 鐨勮繎浼兼渶浣冲尮閰嶃€?
C:\MesIngest\Ticket11\run-wpf-ui-20260810-0145-v20-approved-final\Source\mes\ingest\csharp\MesIngest.Watch\MesIngest.Watch.csproj : warning NU1603: Azure.Identity 1.11.4 渚濊禆浜?System.Memory (>= 4.5.4)锛屼絾鎵句笉鍒?System.Memory 4.5.4銆?宸茶В鍐?System.Memory 4.6.0 鐨勮繎浼兼渶浣冲尮閰嶃€? [C:\MesIngest\Ticket11\run-wpf-ui-20260810-0145-v20-approved-final\Source\mes\ingest\csharp\MesIngest.Watch.UiTests\MesIngest.Watch.UiTests.csproj]
C:\MesIngest\Ticket11\run-wpf-ui-20260810-0145-v20-approved-final\Source\mes\ingest\csharp\MesIngest.Watch\MesIngest.Watch.csproj : warning NU1603: Azure.Identity 1.11.4 渚濊禆浜?System.Security.Cryptography.ProtectedData (>= 4.7.0)锛屼絾鎵句笉鍒?System.Security.Cryptography.ProtectedData 4.7.0銆?宸茶В鍐?System.Security.Cryptography.ProtectedData 8.0.0 鐨勮繎浼兼渶浣冲尮閰嶃€? [C:\MesIngest\Ticket11\run-wpf-ui-20260810-0145-v20-approved-final\Source\mes\ingest\csharp\MesIngest.Watch.UiTests\MesIngest.Watch.UiTests.csproj]
C:\MesIngest\Ticket11\run-wpf-ui-20260810-0145-v20-approved-final\Source\mes\ingest\csharp\MesIngest.Watch.UiTests\MesIngest.Watch.UiTests.csproj : warning NU1603: Azure.Identity 1.11.4 渚濊禆浜?System.Memory (>= 4.5.4)锛屼絾鎵句笉鍒?System.Memory 4.5.4銆?宸茶В鍐?System.Memory 4.6.0 鐨勮繎浼兼渶浣冲尮閰嶃€?
C:\MesIngest\Ticket11\run-wpf-ui-20260810-0145-v20-approved-final\Source\mes\ingest\csharp\MesIngest.Watch.UiTests\MesIngest.Watch.UiTests.csproj : warning NU1603: Azure.Identity 1.11.4 渚濊禆浜?System.Security.Cryptography.ProtectedData (>= 4.7.0)锛屼絾鎵句笉鍒?System.Security.Cryptography.ProtectedData 4.7.0銆?宸茶В鍐?System.Security.Cryptography.ProtectedData 8.0.0 鐨勮繎浼兼渶浣冲尮閰嶃€?
  鎵€鏈夐」鐩潎鏄渶鏂扮殑锛屾棤娉曡繕鍘熴€?
C:\MesIngest\Ticket11\run-wpf-ui-20260810-0145-v20-approved-final\Source\mes\ingest\csharp\MesIngest.Watch.UiTests\MesIngest.Watch.UiTests.csproj : warning NU1801: 鏃犳硶鍔犺浇婧?https://api.nuget.org/v3/index.json 鐨勬湇鍔＄储寮曘€?
C:\MesIngest\Ticket11\run-wpf-ui-20260810-0145-v20-approved-final\Source\mes\ingest\csharp\MesIngest.Watch.UiTests\MesIngest.Watch.UiTests.csproj : warning NU1801: 鏃犳硶鍔犺浇婧?https://api.nuget.org/v3/index.json 鐨勬湇鍔＄储寮曘€?
C:\MesIngest\Ticket11\run-wpf-ui-20260810-0145-v20-approved-final\Source\mes\ingest\csharp\MesIngest.Watch.UiTests\MesIngest.Watch.UiTests.csproj : warning NU1801: 鏃犳硶鍔犺浇婧?https://api.nuget.org/v3/index.json 鐨勬湇鍔＄储寮曘€?
C:\MesIngest\Ticket11\run-wpf-ui-20260810-0145-v20-approved-final\Source\mes\ingest\csharp\MesIngest.Watch.UiTests\MesIngest.Watch.UiTests.csproj : warning NU1801: 鏃犳硶鍔犺浇婧?https://api.nuget.org/v3/index.json 鐨勬湇鍔＄储寮曘€?
C:\MesIngest\Ticket11\run-wpf-ui-20260810-0145-v20-approved-final\Source\mes\ingest\csharp\MesIngest.Watch.UiTests\MesIngest.Watch.UiTests.csproj : warning NU1801: 鏃犳硶鍔犺浇婧?https://api.nuget.org/v3/index.json 鐨勬湇鍔＄储寮曘€?
C:\MesIngest\Ticket11\run-wpf-ui-20260810-0145-v20-approved-final\Source\mes\ingest\csharp\MesIngest.Watch.UiTests\MesIngest.Watch.UiTests.csproj : warning NU1603: Verify.XunitV3 31.16.1 渚濊禆浜?DiffEngine (>= 19.1.2)锛屼絾鎵句笉鍒?DiffEngine 19.1.2銆?宸茶В鍐?DiffEngine 19.1.3 鐨勮繎浼兼渶浣冲尮閰嶃€?
C:\MesIngest\Ticket11\run-wpf-ui-20260810-0145-v20-approved-final\Source\mes\ingest\csharp\MesIngest.Watch.UiTests\MesIngest.Watch.UiTests.csproj : warning NU1603: xunit.v3.common 3.2.2 渚濊禆浜?Microsoft.Bcl.AsyncInterfaces (>= 6.0.0)锛屼絾鎵句笉鍒?Microsoft.Bcl.AsyncInterfaces 6.0.0銆?宸茶В鍐?Microsoft.Bcl.AsyncInterfaces 10.0.6 鐨勮繎浼兼渶浣冲尮閰嶃€?
C:\MesIngest\Ticket11\run-wpf-ui-20260810-0145-v20-approved-final\Source\mes\ingest\csharp\MesIngest.Watch.UiTests\MesIngest.Watch.UiTests.csproj : warning NU1603: Microsoft.ApplicationInsights 2.23.0 渚濊禆浜?System.Diagnostics.DiagnosticSource (>= 5.0.0)锛屼絾鎵句笉鍒?System.Diagnostics.DiagnosticSource 5.0.0銆?宸茶В鍐?System.Diagnostics.DiagnosticSource 6.0.1 鐨勮繎浼兼渶浣冲尮閰嶃€?
C:\MesIngest\Ticket11\run-wpf-ui-20260810-0145-v20-approved-final\Source\mes\ingest\csharp\MesIngest.Watch.UiTests\MesIngest.Watch.UiTests.csproj : warning NU1603: Azure.Identity 1.11.4 渚濊禆浜?System.Memory (>= 4.5.4)锛屼絾鎵句笉鍒?System.Memory 4.5.4銆?宸茶В鍐?System.Memory 4.6.0 鐨勮繎浼兼渶浣冲尮閰嶃€?
C:\MesIngest\Ticket11\run-wpf-ui-20260810-0145-v20-approved-final\Source\mes\ingest\csharp\MesIngest.Watch.UiTests\MesIngest.Watch.UiTests.csproj : warning NU1603: Azure.Identity 1.11.4 渚濊禆浜?System.Security.Cryptography.ProtectedData (>= 4.7.0)锛屼絾鎵句笉鍒?System.Security.Cryptography.ProtectedData 4.7.0銆?宸茶В鍐?System.Security.Cryptography.ProtectedData 8.0.0 鐨勮繎浼兼渶浣冲尮閰嶃€?
C:\MesIngest\Ticket11\run-wpf-ui-20260810-0145-v20-approved-final\Source\mes\ingest\csharp\MesIngest.Core\MesIngest.Core.csproj : warning NU1801: 鏃犳硶鍔犺浇婧?https://api.nuget.org/v3/index.json 鐨勬湇鍔＄储寮曘€?
C:\MesIngest\Ticket11\run-wpf-ui-20260810-0145-v20-approved-final\Source\mes\ingest\csharp\MesIngest.Core\MesIngest.Core.csproj : warning NU1801: 鏃犳硶鍔犺浇婧?https://api.nuget.org/v3/index.json 鐨勬湇鍔＄储寮曘€?
C:\MesIngest\Ticket11\run-wpf-ui-20260810-0145-v20-approved-final\Source\mes\ingest\csharp\MesIngest.Core\MesIngest.Core.csproj : warning NU1603: Azure.Identity 1.11.4 渚濊禆浜?System.Memory (>= 4.5.4)锛屼絾鎵句笉鍒?System.Memory 4.5.4銆?宸茶В鍐?System.Memory 4.6.0 鐨勮繎浼兼渶浣冲尮閰嶃€?
C:\MesIngest\Ticket11\run-wpf-ui-20260810-0145-v20-approved-final\Source\mes\ingest\csharp\MesIngest.Core\MesIngest.Core.csproj : warning NU1603: Azure.Identity 1.11.4 渚濊禆浜?System.Security.Cryptography.ProtectedData (>= 4.7.0)锛屼絾鎵句笉鍒?System.Security.Cryptography.ProtectedData 4.7.0銆?宸茶В鍐?System.Security.Cryptography.ProtectedData 8.0.0 鐨勮繎浼兼渶浣冲尮閰嶃€?
C:\MesIngest\Ticket11\run-wpf-ui-20260810-0145-v20-approved-final\Source\mes\ingest\csharp\MesIngest.Watch\MesIngest.Watch.csproj : warning NU1801: 鏃犳硶鍔犺浇婧?https://api.nuget.org/v3/index.json 鐨勬湇鍔＄储寮曘€?
C:\MesIngest\Ticket11\run-wpf-ui-20260810-0145-v20-approved-final\Source\mes\ingest\csharp\MesIngest.Watch\MesIngest.Watch.csproj : warning NU1801: 鏃犳硶鍔犺浇婧?https://api.nuget.org/v3/index.json 鐨勬湇鍔＄储寮曘€?
C:\MesIngest\Ticket11\run-wpf-ui-20260810-0145-v20-approved-final\Source\mes\ingest\csharp\MesIngest.Watch\MesIngest.Watch.csproj : warning NU1603: Azure.Identity 1.11.4 渚濊禆浜?System.Memory (>= 4.5.4)锛屼絾鎵句笉鍒?System.Memory 4.5.4銆?宸茶В鍐?System.Memory 4.6.0 鐨勮繎浼兼渶浣冲尮閰嶃€?
C:\MesIngest\Ticket11\run-wpf-ui-20260810-0145-v20-approved-final\Source\mes\ingest\csharp\MesIngest.Watch\MesIngest.Watch.csproj : warning NU1603: Azure.Identity 1.11.4 渚濊禆浜?System.Security.Cryptography.ProtectedData (>= 4.7.0)锛屼絾鎵句笉鍒?System.Security.Cryptography.ProtectedData 4.7.0銆?宸茶В鍐?System.Security.Cryptography.ProtectedData 8.0.0 鐨勮繎浼兼渶浣冲尮閰嶃€?
xUnit.net v3 In-Process Runner v3.2.2+728c1dce01 (64-bit .NET 8.0.29)
  Discovering: MesIngest.Watch.UiTests
  Discovered:  MesIngest.Watch.UiTests
  Starting:    MesIngest.Watch.UiTests
  Finished:    MesIngest.Watch.UiTests (ID = 'c49bbc9a0087275b64c3bfc324ba83e568b5e6f4e2b7e1b399a6c9bb3932cfd3')
=== TEST EXECUTION SUMMARY ===
   MesIngest.Watch.UiTests  Total: 1, Errors: 0, Failed: 0, Skipped: 0, Not Run: 0, Time: 0.104s
WATCH_UI_ENVIRONMENT_OK: session=1 name=(not exported; validated by Explorer and OpenInputDesktop); suite=watch-xaml-visual; artifacts=C:\MesIngest\Ticket11\run-wpf-ui-20260810-0145-v20-approved-final\Source\mes\ingest\csharp\TestResults\watch-ui\20260810-014615-747; running serial xUnit v3 UI tests.
C:\MesIngest\Ticket11\run-wpf-ui-20260810-0145-v20-approved-final\Source\mes\ingest\csharp\MesIngest.Watch.UiTests\MesIngest.Watch.UiTests.csproj : warning NU1801: 鏃犳硶鍔犺浇婧?https://api.nuget.org/v3/index.json 鐨勬湇鍔＄储寮曘€?
C:\MesIngest\Ticket11\run-wpf-ui-20260810-0145-v20-approved-final\Source\mes\ingest\csharp\MesIngest.Watch.UiTests\MesIngest.Watch.UiTests.csproj : warning NU1801: 鏃犳硶鍔犺浇婧?https://api.nuget.org/v3/index.json 鐨勬湇鍔＄储寮曘€?
C:\MesIngest\Ticket11\run-wpf-ui-20260810-0145-v20-approved-final\Source\mes\ingest\csharp\MesIngest.Watch.UiTests\MesIngest.Watch.UiTests.csproj : warning NU1801: 鏃犳硶鍔犺浇婧?https://api.nuget.org/v3/index.json 鐨勬湇鍔＄储寮曘€?
C:\MesIngest\Ticket11\run-wpf-ui-20260810-0145-v20-approved-final\Source\mes\ingest\csharp\MesIngest.Watch.UiTests\MesIngest.Watch.UiTests.csproj : warning NU1801: 鏃犳硶鍔犺浇婧?https://api.nuget.org/v3/index.json 鐨勬湇鍔＄储寮曘€?
C:\MesIngest\Ticket11\run-wpf-ui-20260810-0145-v20-approved-final\Source\mes\ingest\csharp\MesIngest.Watch.UiTests\MesIngest.Watch.UiTests.csproj : warning NU1801: 鏃犳硶鍔犺浇婧?https://api.nuget.org/v3/index.json 鐨勬湇鍔＄储寮曘€?
C:\MesIngest\Ticket11\run-wpf-ui-20260810-0145-v20-approved-final\Source\mes\ingest\csharp\MesIngest.Watch.UiTests\MesIngest.Watch.UiTests.csproj : warning NU1603: Verify.XunitV3 31.16.1 渚濊禆浜?DiffEngine (>= 19.1.2)锛屼絾鎵句笉鍒?DiffEngine 19.1.2銆?宸茶В鍐?DiffEngine 19.1.3 鐨勮繎浼兼渶浣冲尮閰嶃€?
C:\MesIngest\Ticket11\run-wpf-ui-20260810-0145-v20-approved-final\Source\mes\ingest\csharp\MesIngest.Watch.UiTests\MesIngest.Watch.UiTests.csproj : warning NU1603: xunit.v3.common 3.2.2 渚濊禆浜?Microsoft.Bcl.AsyncInterfaces (>= 6.0.0)锛屼絾鎵句笉鍒?Microsoft.Bcl.AsyncInterfaces 6.0.0銆?宸茶В鍐?Microsoft.Bcl.AsyncInterfaces 10.0.6 鐨勮繎浼兼渶浣冲尮閰嶃€?
C:\MesIngest\Ticket11\run-wpf-ui-20260810-0145-v20-approved-final\Source\mes\ingest\csharp\MesIngest.Watch.UiTests\MesIngest.Watch.UiTests.csproj : warning NU1603: Microsoft.ApplicationInsights 2.23.0 渚濊禆浜?System.Diagnostics.DiagnosticSource (>= 5.0.0)锛屼絾鎵句笉鍒?System.Diagnostics.DiagnosticSource 5.0.0銆?宸茶В鍐?System.Diagnostics.DiagnosticSource 6.0.1 鐨勮繎浼兼渶浣冲尮閰嶃€?
C:\MesIngest\Ticket11\run-wpf-ui-20260810-0145-v20-approved-final\Source\mes\ingest\csharp\MesIngest.Watch.UiTests\MesIngest.Watch.UiTests.csproj : warning NU1603: Azure.Identity 1.11.4 渚濊禆浜?System.Memory (>= 4.5.4)锛屼絾鎵句笉鍒?System.Memory 4.5.4銆?宸茶В鍐?System.Memory 4.6.0 鐨勮繎浼兼渶浣冲尮閰嶃€?
C:\MesIngest\Ticket11\run-wpf-ui-20260810-0145-v20-approved-final\Source\mes\ingest\csharp\MesIngest.Watch.UiTests\MesIngest.Watch.UiTests.csproj : warning NU1603: Azure.Identity 1.11.4 渚濊禆浜?System.Security.Cryptography.ProtectedData (>= 4.7.0)锛屼絾鎵句笉鍒?System.Security.Cryptography.ProtectedData 4.7.0銆?宸茶В鍐?System.Security.Cryptography.ProtectedData 8.0.0 鐨勮繎浼兼渶浣冲尮閰嶃€?
C:\MesIngest\Ticket11\run-wpf-ui-20260810-0145-v20-approved-final\Source\mes\ingest\csharp\MesIngest.Core\MesIngest.Core.csproj : warning NU1801: 鏃犳硶鍔犺浇婧?https://api.nuget.org/v3/index.json 鐨勬湇鍔＄储寮曘€?
C:\MesIngest\Ticket11\run-wpf-ui-20260810-0145-v20-approved-final\Source\mes\ingest\csharp\MesIngest.Core\MesIngest.Core.csproj : warning NU1801: 鏃犳硶鍔犺浇婧?https://api.nuget.org/v3/index.json 鐨勬湇鍔＄储寮曘€?
C:\MesIngest\Ticket11\run-wpf-ui-20260810-0145-v20-approved-final\Source\mes\ingest\csharp\MesIngest.Core\MesIngest.Core.csproj : warning NU1603: Azure.Identity 1.11.4 渚濊禆浜?System.Memory (>= 4.5.4)锛屼絾鎵句笉鍒?System.Memory 4.5.4銆?宸茶В鍐?System.Memory 4.6.0 鐨勮繎浼兼渶浣冲尮閰嶃€?
C:\MesIngest\Ticket11\run-wpf-ui-20260810-0145-v20-approved-final\Source\mes\ingest\csharp\MesIngest.Core\MesIngest.Core.csproj : warning NU1603: Azure.Identity 1.11.4 渚濊禆浜?System.Security.Cryptography.ProtectedData (>= 4.7.0)锛屼絾鎵句笉鍒?System.Security.Cryptography.ProtectedData 4.7.0銆?宸茶В鍐?System.Security.Cryptography.ProtectedData 8.0.0 鐨勮繎浼兼渶浣冲尮閰嶃€?
C:\MesIngest\Ticket11\run-wpf-ui-20260810-0145-v20-approved-final\Source\mes\ingest\csharp\MesIngest.Watch\MesIngest.Watch.csproj : warning NU1801: 鏃犳硶鍔犺浇婧?https://api.nuget.org/v3/index.json 鐨勬湇鍔＄储寮曘€?
C:\MesIngest\Ticket11\run-wpf-ui-20260810-0145-v20-approved-final\Source\mes\ingest\csharp\MesIngest.Watch\MesIngest.Watch.csproj : warning NU1801: 鏃犳硶鍔犺浇婧?https://api.nuget.org/v3/index.json 鐨勬湇鍔＄储寮曘€?
C:\MesIngest\Ticket11\run-wpf-ui-20260810-0145-v20-approved-final\Source\mes\ingest\csharp\MesIngest.Watch\MesIngest.Watch.csproj : warning NU1603: Azure.Identity 1.11.4 渚濊禆浜?System.Memory (>= 4.5.4)锛屼絾鎵句笉鍒?System.Memory 4.5.4銆?宸茶В鍐?System.Memory 4.6.0 鐨勮繎浼兼渶浣冲尮閰嶃€?
C:\MesIngest\Ticket11\run-wpf-ui-20260810-0145-v20-approved-final\Source\mes\ingest\csharp\MesIngest.Watch\MesIngest.Watch.csproj : warning NU1603: Azure.Identity 1.11.4 渚濊禆浜?System.Security.Cryptography.ProtectedData (>= 4.7.0)锛屼絾鎵句笉鍒?System.Security.Cryptography.ProtectedData 4.7.0銆?宸茶В鍐?System.Security.Cryptography.ProtectedData 8.0.0 鐨勮繎浼兼渶浣冲尮閰嶃€?
xUnit.net v3 In-Process Runner v3.2.2+728c1dce01 (64-bit .NET 8.0.29)
  Discovering: MesIngest.Watch.UiTests
  Discovered:  MesIngest.Watch.UiTests
  Starting:    MesIngest.Watch.UiTests
  Finished:    MesIngest.Watch.UiTests (ID = 'c49bbc9a0087275b64c3bfc324ba83e568b5e6f4e2b7e1b399a6c9bb3932cfd3')
=== TEST EXECUTION SUMMARY ===
   MesIngest.Watch.UiTests  Total: 20, Errors: 0, Failed: 0, Skipped: 0, Not Run: 0, Time: 27.646s
WATCH_UI_ALL_PASSED: suite=watch-xaml-visual artifacts=C:\MesIngest\Ticket11\run-wpf-ui-20260810-0145-v20-approved-final\Source\mes\ingest\csharp\TestResults\watch-ui\20260810-014615-747
WATCH_XAML_STABILITY_RUN: 6/10
  姝ｅ湪纭畾瑕佽繕鍘熺殑椤圭洰鈥?
C:\MesIngest\Ticket11\run-wpf-ui-20260810-0145-v20-approved-final\Source\mes\ingest\csharp\MesIngest.Core\MesIngest.Core.csproj : warning NU1801: 鏃犳硶鍔犺浇婧?https://api.nuget.org/v3/index.json 鐨勬湇鍔＄储寮曘€?[C:\MesIngest\Ticket11\run-wpf-ui-20260810-0145-v20-approved-final\Source\mes\ingest\csharp\MesIngest.Watch.UiTests\MesIngest.Watch.UiTests.csproj]
C:\MesIngest\Ticket11\run-wpf-ui-20260810-0145-v20-approved-final\Source\mes\ingest\csharp\MesIngest.Watch\MesIngest.Watch.csproj : warning NU1801: 鏃犳硶鍔犺浇婧?https://api.nuget.org/v3/index.json 鐨勬湇鍔＄储寮曘€?[C:\MesIngest\Ticket11\run-wpf-ui-20260810-0145-v20-approved-final\Source\mes\ingest\csharp\MesIngest.Watch.UiTests\MesIngest.Watch.UiTests.csproj]
C:\MesIngest\Ticket11\run-wpf-ui-20260810-0145-v20-approved-final\Source\mes\ingest\csharp\MesIngest.Watch.UiTests\MesIngest.Watch.UiTests.csproj : warning NU1801: 鏃犳硶鍔犺浇婧?https://api.nuget.org/v3/index.json 鐨勬湇鍔＄储寮曘€?
C:\MesIngest\Ticket11\run-wpf-ui-20260810-0145-v20-approved-final\Source\mes\ingest\csharp\MesIngest.Core\MesIngest.Core.csproj : warning NU1801: 鏃犳硶鍔犺浇婧?https://api.nuget.org/v3/index.json 鐨勬湇鍔＄储寮曘€?[C:\MesIngest\Ticket11\run-wpf-ui-20260810-0145-v20-approved-final\Source\mes\ingest\csharp\MesIngest.Watch.UiTests\MesIngest.Watch.UiTests.csproj]
C:\MesIngest\Ticket11\run-wpf-ui-20260810-0145-v20-approved-final\Source\mes\ingest\csharp\MesIngest.Watch\MesIngest.Watch.csproj : warning NU1801: 鏃犳硶鍔犺浇婧?https://api.nuget.org/v3/index.json 鐨勬湇鍔＄储寮曘€?[C:\MesIngest\Ticket11\run-wpf-ui-20260810-0145-v20-approved-final\Source\mes\ingest\csharp\MesIngest.Watch.UiTests\MesIngest.Watch.UiTests.csproj]
C:\MesIngest\Ticket11\run-wpf-ui-20260810-0145-v20-approved-final\Source\mes\ingest\csharp\MesIngest.Watch.UiTests\MesIngest.Watch.UiTests.csproj : warning NU1801: 鏃犳硶鍔犺浇婧?https://api.nuget.org/v3/index.json 鐨勬湇鍔＄储寮曘€?
C:\MesIngest\Ticket11\run-wpf-ui-20260810-0145-v20-approved-final\Source\mes\ingest\csharp\MesIngest.Watch.UiTests\MesIngest.Watch.UiTests.csproj : warning NU1801: 鏃犳硶鍔犺浇婧?https://api.nuget.org/v3/index.json 鐨勬湇鍔＄储寮曘€?
C:\MesIngest\Ticket11\run-wpf-ui-20260810-0145-v20-approved-final\Source\mes\ingest\csharp\MesIngest.Watch.UiTests\MesIngest.Watch.UiTests.csproj : warning NU1801: 鏃犳硶鍔犺浇婧?https://api.nuget.org/v3/index.json 鐨勬湇鍔＄储寮曘€?
C:\MesIngest\Ticket11\run-wpf-ui-20260810-0145-v20-approved-final\Source\mes\ingest\csharp\MesIngest.Watch.UiTests\MesIngest.Watch.UiTests.csproj : warning NU1801: 鏃犳硶鍔犺浇婧?https://api.nuget.org/v3/index.json 鐨勬湇鍔＄储寮曘€?
C:\MesIngest\Ticket11\run-wpf-ui-20260810-0145-v20-approved-final\Source\mes\ingest\csharp\MesIngest.Core\MesIngest.Core.csproj : warning NU1603: Azure.Identity 1.11.4 渚濊禆浜?System.Memory (>= 4.5.4)锛屼絾鎵句笉鍒?System.Memory 4.5.4銆?宸茶В鍐?System.Memory 4.6.0 鐨勮繎浼兼渶浣冲尮閰嶃€? [C:\MesIngest\Ticket11\run-wpf-ui-20260810-0145-v20-approved-final\Source\mes\ingest\csharp\MesIngest.Watch.UiTests\MesIngest.Watch.UiTests.csproj]
C:\MesIngest\Ticket11\run-wpf-ui-20260810-0145-v20-approved-final\Source\mes\ingest\csharp\MesIngest.Core\MesIngest.Core.csproj : warning NU1603: Azure.Identity 1.11.4 渚濊禆浜?System.Security.Cryptography.ProtectedData (>= 4.7.0)锛屼絾鎵句笉鍒?System.Security.Cryptography.ProtectedData 4.7.0銆?宸茶В鍐?System.Security.Cryptography.ProtectedData 8.0.0 鐨勮繎浼兼渶浣冲尮閰嶃€? [C:\MesIngest\Ticket11\run-wpf-ui-20260810-0145-v20-approved-final\Source\mes\ingest\csharp\MesIngest.Watch.UiTests\MesIngest.Watch.UiTests.csproj]
C:\MesIngest\Ticket11\run-wpf-ui-20260810-0145-v20-approved-final\Source\mes\ingest\csharp\MesIngest.Watch\MesIngest.Watch.csproj : warning NU1603: Azure.Identity 1.11.4 渚濊禆浜?System.Memory (>= 4.5.4)锛屼絾鎵句笉鍒?System.Memory 4.5.4銆?宸茶В鍐?System.Memory 4.6.0 鐨勮繎浼兼渶浣冲尮閰嶃€? [C:\MesIngest\Ticket11\run-wpf-ui-20260810-0145-v20-approved-final\Source\mes\ingest\csharp\MesIngest.Watch.UiTests\MesIngest.Watch.UiTests.csproj]
C:\MesIngest\Ticket11\run-wpf-ui-20260810-0145-v20-approved-final\Source\mes\ingest\csharp\MesIngest.Watch\MesIngest.Watch.csproj : warning NU1603: Azure.Identity 1.11.4 渚濊禆浜?System.Security.Cryptography.ProtectedData (>= 4.7.0)锛屼絾鎵句笉鍒?System.Security.Cryptography.ProtectedData 4.7.0銆?宸茶В鍐?System.Security.Cryptography.ProtectedData 8.0.0 鐨勮繎浼兼渶浣冲尮閰嶃€? [C:\MesIngest\Ticket11\run-wpf-ui-20260810-0145-v20-approved-final\Source\mes\ingest\csharp\MesIngest.Watch.UiTests\MesIngest.Watch.UiTests.csproj]
C:\MesIngest\Ticket11\run-wpf-ui-20260810-0145-v20-approved-final\Source\mes\ingest\csharp\MesIngest.Watch.UiTests\MesIngest.Watch.UiTests.csproj : warning NU1603: Verify.XunitV3 31.16.1 渚濊禆浜?DiffEngine (>= 19.1.2)锛屼絾鎵句笉鍒?DiffEngine 19.1.2銆?宸茶В鍐?DiffEngine 19.1.3 鐨勮繎浼兼渶浣冲尮閰嶃€?
C:\MesIngest\Ticket11\run-wpf-ui-20260810-0145-v20-approved-final\Source\mes\ingest\csharp\MesIngest.Watch.UiTests\MesIngest.Watch.UiTests.csproj : warning NU1603: xunit.v3.common 3.2.2 渚濊禆浜?Microsoft.Bcl.AsyncInterfaces (>= 6.0.0)锛屼絾鎵句笉鍒?Microsoft.Bcl.AsyncInterfaces 6.0.0銆?宸茶В鍐?Microsoft.Bcl.AsyncInterfaces 10.0.6 鐨勮繎浼兼渶浣冲尮閰嶃€?
C:\MesIngest\Ticket11\run-wpf-ui-20260810-0145-v20-approved-final\Source\mes\ingest\csharp\MesIngest.Watch.UiTests\MesIngest.Watch.UiTests.csproj : warning NU1603: Microsoft.ApplicationInsights 2.23.0 渚濊禆浜?System.Diagnostics.DiagnosticSource (>= 5.0.0)锛屼絾鎵句笉鍒?System.Diagnostics.DiagnosticSource 5.0.0銆?宸茶В鍐?System.Diagnostics.DiagnosticSource 6.0.1 鐨勮繎浼兼渶浣冲尮閰嶃€?
C:\MesIngest\Ticket11\run-wpf-ui-20260810-0145-v20-approved-final\Source\mes\ingest\csharp\MesIngest.Watch.UiTests\MesIngest.Watch.UiTests.csproj : warning NU1603: Azure.Identity 1.11.4 渚濊禆浜?System.Memory (>= 4.5.4)锛屼絾鎵句笉鍒?System.Memory 4.5.4銆?宸茶В鍐?System.Memory 4.6.0 鐨勮繎浼兼渶浣冲尮閰嶃€?
C:\MesIngest\Ticket11\run-wpf-ui-20260810-0145-v20-approved-final\Source\mes\ingest\csharp\MesIngest.Watch.UiTests\MesIngest.Watch.UiTests.csproj : warning NU1603: Azure.Identity 1.11.4 渚濊禆浜?System.Security.Cryptography.ProtectedData (>= 4.7.0)锛屼絾鎵句笉鍒?System.Security.Cryptography.ProtectedData 4.7.0銆?宸茶В鍐?System.Security.Cryptography.ProtectedData 8.0.0 鐨勮繎浼兼渶浣冲尮閰嶃€?
  鎵€鏈夐」鐩潎鏄渶鏂扮殑锛屾棤娉曡繕鍘熴€?
C:\MesIngest\Ticket11\run-wpf-ui-20260810-0145-v20-approved-final\Source\mes\ingest\csharp\MesIngest.Watch.UiTests\MesIngest.Watch.UiTests.csproj : warning NU1801: 鏃犳硶鍔犺浇婧?https://api.nuget.org/v3/index.json 鐨勬湇鍔＄储寮曘€?
C:\MesIngest\Ticket11\run-wpf-ui-20260810-0145-v20-approved-final\Source\mes\ingest\csharp\MesIngest.Watch.UiTests\MesIngest.Watch.UiTests.csproj : warning NU1801: 鏃犳硶鍔犺浇婧?https://api.nuget.org/v3/index.json 鐨勬湇鍔＄储寮曘€?
C:\MesIngest\Ticket11\run-wpf-ui-20260810-0145-v20-approved-final\Source\mes\ingest\csharp\MesIngest.Watch.UiTests\MesIngest.Watch.UiTests.csproj : warning NU1801: 鏃犳硶鍔犺浇婧?https://api.nuget.org/v3/index.json 鐨勬湇鍔＄储寮曘€?
C:\MesIngest\Ticket11\run-wpf-ui-20260810-0145-v20-approved-final\Source\mes\ingest\csharp\MesIngest.Watch.UiTests\MesIngest.Watch.UiTests.csproj : warning NU1801: 鏃犳硶鍔犺浇婧?https://api.nuget.org/v3/index.json 鐨勬湇鍔＄储寮曘€?
C:\MesIngest\Ticket11\run-wpf-ui-20260810-0145-v20-approved-final\Source\mes\ingest\csharp\MesIngest.Watch.UiTests\MesIngest.Watch.UiTests.csproj : warning NU1801: 鏃犳硶鍔犺浇婧?https://api.nuget.org/v3/index.json 鐨勬湇鍔＄储寮曘€?
C:\MesIngest\Ticket11\run-wpf-ui-20260810-0145-v20-approved-final\Source\mes\ingest\csharp\MesIngest.Watch.UiTests\MesIngest.Watch.UiTests.csproj : warning NU1603: Verify.XunitV3 31.16.1 渚濊禆浜?DiffEngine (>= 19.1.2)锛屼絾鎵句笉鍒?DiffEngine 19.1.2銆?宸茶В鍐?DiffEngine 19.1.3 鐨勮繎浼兼渶浣冲尮閰嶃€?
C:\MesIngest\Ticket11\run-wpf-ui-20260810-0145-v20-approved-final\Source\mes\ingest\csharp\MesIngest.Watch.UiTests\MesIngest.Watch.UiTests.csproj : warning NU1603: xunit.v3.common 3.2.2 渚濊禆浜?Microsoft.Bcl.AsyncInterfaces (>= 6.0.0)锛屼絾鎵句笉鍒?Microsoft.Bcl.AsyncInterfaces 6.0.0銆?宸茶В鍐?Microsoft.Bcl.AsyncInterfaces 10.0.6 鐨勮繎浼兼渶浣冲尮閰嶃€?
C:\MesIngest\Ticket11\run-wpf-ui-20260810-0145-v20-approved-final\Source\mes\ingest\csharp\MesIngest.Watch.UiTests\MesIngest.Watch.UiTests.csproj : warning NU1603: Microsoft.ApplicationInsights 2.23.0 渚濊禆浜?System.Diagnostics.DiagnosticSource (>= 5.0.0)锛屼絾鎵句笉鍒?System.Diagnostics.DiagnosticSource 5.0.0銆?宸茶В鍐?System.Diagnostics.DiagnosticSource 6.0.1 鐨勮繎浼兼渶浣冲尮閰嶃€?
C:\MesIngest\Ticket11\run-wpf-ui-20260810-0145-v20-approved-final\Source\mes\ingest\csharp\MesIngest.Watch.UiTests\MesIngest.Watch.UiTests.csproj : warning NU1603: Azure.Identity 1.11.4 渚濊禆浜?System.Memory (>= 4.5.4)锛屼絾鎵句笉鍒?System.Memory 4.5.4銆?宸茶В鍐?System.Memory 4.6.0 鐨勮繎浼兼渶浣冲尮閰嶃€?
C:\MesIngest\Ticket11\run-wpf-ui-20260810-0145-v20-approved-final\Source\mes\ingest\csharp\MesIngest.Watch.UiTests\MesIngest.Watch.UiTests.csproj : warning NU1603: Azure.Identity 1.11.4 渚濊禆浜?System.Security.Cryptography.ProtectedData (>= 4.7.0)锛屼絾鎵句笉鍒?System.Security.Cryptography.ProtectedData 4.7.0銆?宸茶В鍐?System.Security.Cryptography.ProtectedData 8.0.0 鐨勮繎浼兼渶浣冲尮閰嶃€?
C:\MesIngest\Ticket11\run-wpf-ui-20260810-0145-v20-approved-final\Source\mes\ingest\csharp\MesIngest.Core\MesIngest.Core.csproj : warning NU1801: 鏃犳硶鍔犺浇婧?https://api.nuget.org/v3/index.json 鐨勬湇鍔＄储寮曘€?
C:\MesIngest\Ticket11\run-wpf-ui-20260810-0145-v20-approved-final\Source\mes\ingest\csharp\MesIngest.Core\MesIngest.Core.csproj : warning NU1801: 鏃犳硶鍔犺浇婧?https://api.nuget.org/v3/index.json 鐨勬湇鍔＄储寮曘€?
C:\MesIngest\Ticket11\run-wpf-ui-20260810-0145-v20-approved-final\Source\mes\ingest\csharp\MesIngest.Core\MesIngest.Core.csproj : warning NU1603: Azure.Identity 1.11.4 渚濊禆浜?System.Memory (>= 4.5.4)锛屼絾鎵句笉鍒?System.Memory 4.5.4銆?宸茶В鍐?System.Memory 4.6.0 鐨勮繎浼兼渶浣冲尮閰嶃€?
C:\MesIngest\Ticket11\run-wpf-ui-20260810-0145-v20-approved-final\Source\mes\ingest\csharp\MesIngest.Core\MesIngest.Core.csproj : warning NU1603: Azure.Identity 1.11.4 渚濊禆浜?System.Security.Cryptography.ProtectedData (>= 4.7.0)锛屼絾鎵句笉鍒?System.Security.Cryptography.ProtectedData 4.7.0銆?宸茶В鍐?System.Security.Cryptography.ProtectedData 8.0.0 鐨勮繎浼兼渶浣冲尮閰嶃€?
C:\MesIngest\Ticket11\run-wpf-ui-20260810-0145-v20-approved-final\Source\mes\ingest\csharp\MesIngest.Watch\MesIngest.Watch.csproj : warning NU1801: 鏃犳硶鍔犺浇婧?https://api.nuget.org/v3/index.json 鐨勬湇鍔＄储寮曘€?
C:\MesIngest\Ticket11\run-wpf-ui-20260810-0145-v20-approved-final\Source\mes\ingest\csharp\MesIngest.Watch\MesIngest.Watch.csproj : warning NU1801: 鏃犳硶鍔犺浇婧?https://api.nuget.org/v3/index.json 鐨勬湇鍔＄储寮曘€?
C:\MesIngest\Ticket11\run-wpf-ui-20260810-0145-v20-approved-final\Source\mes\ingest\csharp\MesIngest.Watch\MesIngest.Watch.csproj : warning NU1603: Azure.Identity 1.11.4 渚濊禆浜?System.Memory (>= 4.5.4)锛屼絾鎵句笉鍒?System.Memory 4.5.4銆?宸茶В鍐?System.Memory 4.6.0 鐨勮繎浼兼渶浣冲尮閰嶃€?
C:\MesIngest\Ticket11\run-wpf-ui-20260810-0145-v20-approved-final\Source\mes\ingest\csharp\MesIngest.Watch\MesIngest.Watch.csproj : warning NU1603: Azure.Identity 1.11.4 渚濊禆浜?System.Security.Cryptography.ProtectedData (>= 4.7.0)锛屼絾鎵句笉鍒?System.Security.Cryptography.ProtectedData 4.7.0銆?宸茶В鍐?System.Security.Cryptography.ProtectedData 8.0.0 鐨勮繎浼兼渶浣冲尮閰嶃€?
xUnit.net v3 In-Process Runner v3.2.2+728c1dce01 (64-bit .NET 8.0.29)
  Discovering: MesIngest.Watch.UiTests
  Discovered:  MesIngest.Watch.UiTests
  Starting:    MesIngest.Watch.UiTests
  Finished:    MesIngest.Watch.UiTests (ID = 'c49bbc9a0087275b64c3bfc324ba83e568b5e6f4e2b7e1b399a6c9bb3932cfd3')
=== TEST EXECUTION SUMMARY ===
   MesIngest.Watch.UiTests  Total: 1, Errors: 0, Failed: 0, Skipped: 0, Not Run: 0, Time: 0.117s
WATCH_UI_ENVIRONMENT_OK: session=1 name=(not exported; validated by Explorer and OpenInputDesktop); suite=watch-xaml-visual; artifacts=C:\MesIngest\Ticket11\run-wpf-ui-20260810-0145-v20-approved-final\Source\mes\ingest\csharp\TestResults\watch-ui\20260810-014648-151; running serial xUnit v3 UI tests.
C:\MesIngest\Ticket11\run-wpf-ui-20260810-0145-v20-approved-final\Source\mes\ingest\csharp\MesIngest.Watch.UiTests\MesIngest.Watch.UiTests.csproj : warning NU1801: 鏃犳硶鍔犺浇婧?https://api.nuget.org/v3/index.json 鐨勬湇鍔＄储寮曘€?
C:\MesIngest\Ticket11\run-wpf-ui-20260810-0145-v20-approved-final\Source\mes\ingest\csharp\MesIngest.Watch.UiTests\MesIngest.Watch.UiTests.csproj : warning NU1801: 鏃犳硶鍔犺浇婧?https://api.nuget.org/v3/index.json 鐨勬湇鍔＄储寮曘€?
C:\MesIngest\Ticket11\run-wpf-ui-20260810-0145-v20-approved-final\Source\mes\ingest\csharp\MesIngest.Watch.UiTests\MesIngest.Watch.UiTests.csproj : warning NU1801: 鏃犳硶鍔犺浇婧?https://api.nuget.org/v3/index.json 鐨勬湇鍔＄储寮曘€?
C:\MesIngest\Ticket11\run-wpf-ui-20260810-0145-v20-approved-final\Source\mes\ingest\csharp\MesIngest.Watch.UiTests\MesIngest.Watch.UiTests.csproj : warning NU1801: 鏃犳硶鍔犺浇婧?https://api.nuget.org/v3/index.json 鐨勬湇鍔＄储寮曘€?
C:\MesIngest\Ticket11\run-wpf-ui-20260810-0145-v20-approved-final\Source\mes\ingest\csharp\MesIngest.Watch.UiTests\MesIngest.Watch.UiTests.csproj : warning NU1801: 鏃犳硶鍔犺浇婧?https://api.nuget.org/v3/index.json 鐨勬湇鍔＄储寮曘€?
C:\MesIngest\Ticket11\run-wpf-ui-20260810-0145-v20-approved-final\Source\mes\ingest\csharp\MesIngest.Watch.UiTests\MesIngest.Watch.UiTests.csproj : warning NU1603: Verify.XunitV3 31.16.1 渚濊禆浜?DiffEngine (>= 19.1.2)锛屼絾鎵句笉鍒?DiffEngine 19.1.2銆?宸茶В鍐?DiffEngine 19.1.3 鐨勮繎浼兼渶浣冲尮閰嶃€?
C:\MesIngest\Ticket11\run-wpf-ui-20260810-0145-v20-approved-final\Source\mes\ingest\csharp\MesIngest.Watch.UiTests\MesIngest.Watch.UiTests.csproj : warning NU1603: xunit.v3.common 3.2.2 渚濊禆浜?Microsoft.Bcl.AsyncInterfaces (>= 6.0.0)锛屼絾鎵句笉鍒?Microsoft.Bcl.AsyncInterfaces 6.0.0銆?宸茶В鍐?Microsoft.Bcl.AsyncInterfaces 10.0.6 鐨勮繎浼兼渶浣冲尮閰嶃€?
C:\MesIngest\Ticket11\run-wpf-ui-20260810-0145-v20-approved-final\Source\mes\ingest\csharp\MesIngest.Watch.UiTests\MesIngest.Watch.UiTests.csproj : warning NU1603: Microsoft.ApplicationInsights 2.23.0 渚濊禆浜?System.Diagnostics.DiagnosticSource (>= 5.0.0)锛屼絾鎵句笉鍒?System.Diagnostics.DiagnosticSource 5.0.0銆?宸茶В鍐?System.Diagnostics.DiagnosticSource 6.0.1 鐨勮繎浼兼渶浣冲尮閰嶃€?
C:\MesIngest\Ticket11\run-wpf-ui-20260810-0145-v20-approved-final\Source\mes\ingest\csharp\MesIngest.Watch.UiTests\MesIngest.Watch.UiTests.csproj : warning NU1603: Azure.Identity 1.11.4 渚濊禆浜?System.Memory (>= 4.5.4)锛屼絾鎵句笉鍒?System.Memory 4.5.4銆?宸茶В鍐?System.Memory 4.6.0 鐨勮繎浼兼渶浣冲尮閰嶃€?
C:\MesIngest\Ticket11\run-wpf-ui-20260810-0145-v20-approved-final\Source\mes\ingest\csharp\MesIngest.Watch.UiTests\MesIngest.Watch.UiTests.csproj : warning NU1603: Azure.Identity 1.11.4 渚濊禆浜?System.Security.Cryptography.ProtectedData (>= 4.7.0)锛屼絾鎵句笉鍒?System.Security.Cryptography.ProtectedData 4.7.0銆?宸茶В鍐?System.Security.Cryptography.ProtectedData 8.0.0 鐨勮繎浼兼渶浣冲尮閰嶃€?
C:\MesIngest\Ticket11\run-wpf-ui-20260810-0145-v20-approved-final\Source\mes\ingest\csharp\MesIngest.Core\MesIngest.Core.csproj : warning NU1801: 鏃犳硶鍔犺浇婧?https://api.nuget.org/v3/index.json 鐨勬湇鍔＄储寮曘€?
C:\MesIngest\Ticket11\run-wpf-ui-20260810-0145-v20-approved-final\Source\mes\ingest\csharp\MesIngest.Core\MesIngest.Core.csproj : warning NU1801: 鏃犳硶鍔犺浇婧?https://api.nuget.org/v3/index.json 鐨勬湇鍔＄储寮曘€?
C:\MesIngest\Ticket11\run-wpf-ui-20260810-0145-v20-approved-final\Source\mes\ingest\csharp\MesIngest.Core\MesIngest.Core.csproj : warning NU1603: Azure.Identity 1.11.4 渚濊禆浜?System.Memory (>= 4.5.4)锛屼絾鎵句笉鍒?System.Memory 4.5.4銆?宸茶В鍐?System.Memory 4.6.0 鐨勮繎浼兼渶浣冲尮閰嶃€?
C:\MesIngest\Ticket11\run-wpf-ui-20260810-0145-v20-approved-final\Source\mes\ingest\csharp\MesIngest.Core\MesIngest.Core.csproj : warning NU1603: Azure.Identity 1.11.4 渚濊禆浜?System.Security.Cryptography.ProtectedData (>= 4.7.0)锛屼絾鎵句笉鍒?System.Security.Cryptography.ProtectedData 4.7.0銆?宸茶В鍐?System.Security.Cryptography.ProtectedData 8.0.0 鐨勮繎浼兼渶浣冲尮閰嶃€?
C:\MesIngest\Ticket11\run-wpf-ui-20260810-0145-v20-approved-final\Source\mes\ingest\csharp\MesIngest.Watch\MesIngest.Watch.csproj : warning NU1801: 鏃犳硶鍔犺浇婧?https://api.nuget.org/v3/index.json 鐨勬湇鍔＄储寮曘€?
C:\MesIngest\Ticket11\run-wpf-ui-20260810-0145-v20-approved-final\Source\mes\ingest\csharp\MesIngest.Watch\MesIngest.Watch.csproj : warning NU1801: 鏃犳硶鍔犺浇婧?https://api.nuget.org/v3/index.json 鐨勬湇鍔＄储寮曘€?
C:\MesIngest\Ticket11\run-wpf-ui-20260810-0145-v20-approved-final\Source\mes\ingest\csharp\MesIngest.Watch\MesIngest.Watch.csproj : warning NU1603: Azure.Identity 1.11.4 渚濊禆浜?System.Memory (>= 4.5.4)锛屼絾鎵句笉鍒?System.Memory 4.5.4銆?宸茶В鍐?System.Memory 4.6.0 鐨勮繎浼兼渶浣冲尮閰嶃€?
C:\MesIngest\Ticket11\run-wpf-ui-20260810-0145-v20-approved-final\Source\mes\ingest\csharp\MesIngest.Watch\MesIngest.Watch.csproj : warning NU1603: Azure.Identity 1.11.4 渚濊禆浜?System.Security.Cryptography.ProtectedData (>= 4.7.0)锛屼絾鎵句笉鍒?System.Security.Cryptography.ProtectedData 4.7.0銆?宸茶В鍐?System.Security.Cryptography.ProtectedData 8.0.0 鐨勮繎浼兼渶浣冲尮閰嶃€?
xUnit.net v3 In-Process Runner v3.2.2+728c1dce01 (64-bit .NET 8.0.29)
  Discovering: MesIngest.Watch.UiTests
  Discovered:  MesIngest.Watch.UiTests
  Starting:    MesIngest.Watch.UiTests
  Finished:    MesIngest.Watch.UiTests (ID = 'c49bbc9a0087275b64c3bfc324ba83e568b5e6f4e2b7e1b399a6c9bb3932cfd3')
=== TEST EXECUTION SUMMARY ===
   MesIngest.Watch.UiTests  Total: 20, Errors: 0, Failed: 0, Skipped: 0, Not Run: 0, Time: 27.444s
WATCH_UI_ALL_PASSED: suite=watch-xaml-visual artifacts=C:\MesIngest\Ticket11\run-wpf-ui-20260810-0145-v20-approved-final\Source\mes\ingest\csharp\TestResults\watch-ui\20260810-014648-151
WATCH_XAML_STABILITY_RUN: 7/10
  姝ｅ湪纭畾瑕佽繕鍘熺殑椤圭洰鈥?
C:\MesIngest\Ticket11\run-wpf-ui-20260810-0145-v20-approved-final\Source\mes\ingest\csharp\MesIngest.Core\MesIngest.Core.csproj : warning NU1801: 鏃犳硶鍔犺浇婧?https://api.nuget.org/v3/index.json 鐨勬湇鍔＄储寮曘€?[C:\MesIngest\Ticket11\run-wpf-ui-20260810-0145-v20-approved-final\Source\mes\ingest\csharp\MesIngest.Watch.UiTests\MesIngest.Watch.UiTests.csproj]
C:\MesIngest\Ticket11\run-wpf-ui-20260810-0145-v20-approved-final\Source\mes\ingest\csharp\MesIngest.Watch\MesIngest.Watch.csproj : warning NU1801: 鏃犳硶鍔犺浇婧?https://api.nuget.org/v3/index.json 鐨勬湇鍔＄储寮曘€?[C:\MesIngest\Ticket11\run-wpf-ui-20260810-0145-v20-approved-final\Source\mes\ingest\csharp\MesIngest.Watch.UiTests\MesIngest.Watch.UiTests.csproj]
C:\MesIngest\Ticket11\run-wpf-ui-20260810-0145-v20-approved-final\Source\mes\ingest\csharp\MesIngest.Core\MesIngest.Core.csproj : warning NU1801: 鏃犳硶鍔犺浇婧?https://api.nuget.org/v3/index.json 鐨勬湇鍔＄储寮曘€?[C:\MesIngest\Ticket11\run-wpf-ui-20260810-0145-v20-approved-final\Source\mes\ingest\csharp\MesIngest.Watch.UiTests\MesIngest.Watch.UiTests.csproj]
C:\MesIngest\Ticket11\run-wpf-ui-20260810-0145-v20-approved-final\Source\mes\ingest\csharp\MesIngest.Watch\MesIngest.Watch.csproj : warning NU1801: 鏃犳硶鍔犺浇婧?https://api.nuget.org/v3/index.json 鐨勬湇鍔＄储寮曘€?[C:\MesIngest\Ticket11\run-wpf-ui-20260810-0145-v20-approved-final\Source\mes\ingest\csharp\MesIngest.Watch.UiTests\MesIngest.Watch.UiTests.csproj]
C:\MesIngest\Ticket11\run-wpf-ui-20260810-0145-v20-approved-final\Source\mes\ingest\csharp\MesIngest.Watch.UiTests\MesIngest.Watch.UiTests.csproj : warning NU1801: 鏃犳硶鍔犺浇婧?https://api.nuget.org/v3/index.json 鐨勬湇鍔＄储寮曘€?
C:\MesIngest\Ticket11\run-wpf-ui-20260810-0145-v20-approved-final\Source\mes\ingest\csharp\MesIngest.Watch.UiTests\MesIngest.Watch.UiTests.csproj : warning NU1801: 鏃犳硶鍔犺浇婧?https://api.nuget.org/v3/index.json 鐨勬湇鍔＄储寮曘€?
C:\MesIngest\Ticket11\run-wpf-ui-20260810-0145-v20-approved-final\Source\mes\ingest\csharp\MesIngest.Watch.UiTests\MesIngest.Watch.UiTests.csproj : warning NU1801: 鏃犳硶鍔犺浇婧?https://api.nuget.org/v3/index.json 鐨勬湇鍔＄储寮曘€?
C:\MesIngest\Ticket11\run-wpf-ui-20260810-0145-v20-approved-final\Source\mes\ingest\csharp\MesIngest.Watch.UiTests\MesIngest.Watch.UiTests.csproj : warning NU1801: 鏃犳硶鍔犺浇婧?https://api.nuget.org/v3/index.json 鐨勬湇鍔＄储寮曘€?
C:\MesIngest\Ticket11\run-wpf-ui-20260810-0145-v20-approved-final\Source\mes\ingest\csharp\MesIngest.Watch.UiTests\MesIngest.Watch.UiTests.csproj : warning NU1801: 鏃犳硶鍔犺浇婧?https://api.nuget.org/v3/index.json 鐨勬湇鍔＄储寮曘€?
C:\MesIngest\Ticket11\run-wpf-ui-20260810-0145-v20-approved-final\Source\mes\ingest\csharp\MesIngest.Core\MesIngest.Core.csproj : warning NU1603: Azure.Identity 1.11.4 渚濊禆浜?System.Memory (>= 4.5.4)锛屼絾鎵句笉鍒?System.Memory 4.5.4銆?宸茶В鍐?System.Memory 4.6.0 鐨勮繎浼兼渶浣冲尮閰嶃€? [C:\MesIngest\Ticket11\run-wpf-ui-20260810-0145-v20-approved-final\Source\mes\ingest\csharp\MesIngest.Watch.UiTests\MesIngest.Watch.UiTests.csproj]
C:\MesIngest\Ticket11\run-wpf-ui-20260810-0145-v20-approved-final\Source\mes\ingest\csharp\MesIngest.Core\MesIngest.Core.csproj : warning NU1603: Azure.Identity 1.11.4 渚濊禆浜?System.Security.Cryptography.ProtectedData (>= 4.7.0)锛屼絾鎵句笉鍒?System.Security.Cryptography.ProtectedData 4.7.0銆?宸茶В鍐?System.Security.Cryptography.ProtectedData 8.0.0 鐨勮繎浼兼渶浣冲尮閰嶃€? [C:\MesIngest\Ticket11\run-wpf-ui-20260810-0145-v20-approved-final\Source\mes\ingest\csharp\MesIngest.Watch.UiTests\MesIngest.Watch.UiTests.csproj]
C:\MesIngest\Ticket11\run-wpf-ui-20260810-0145-v20-approved-final\Source\mes\ingest\csharp\MesIngest.Watch\MesIngest.Watch.csproj : warning NU1603: Azure.Identity 1.11.4 渚濊禆浜?System.Memory (>= 4.5.4)锛屼絾鎵句笉鍒?System.Memory 4.5.4銆?宸茶В鍐?System.Memory 4.6.0 鐨勮繎浼兼渶浣冲尮閰嶃€? [C:\MesIngest\Ticket11\run-wpf-ui-20260810-0145-v20-approved-final\Source\mes\ingest\csharp\MesIngest.Watch.UiTests\MesIngest.Watch.UiTests.csproj]
C:\MesIngest\Ticket11\run-wpf-ui-20260810-0145-v20-approved-final\Source\mes\ingest\csharp\MesIngest.Watch\MesIngest.Watch.csproj : warning NU1603: Azure.Identity 1.11.4 渚濊禆浜?System.Security.Cryptography.ProtectedData (>= 4.7.0)锛屼絾鎵句笉鍒?System.Security.Cryptography.ProtectedData 4.7.0銆?宸茶В鍐?System.Security.Cryptography.ProtectedData 8.0.0 鐨勮繎浼兼渶浣冲尮閰嶃€? [C:\MesIngest\Ticket11\run-wpf-ui-20260810-0145-v20-approved-final\Source\mes\ingest\csharp\MesIngest.Watch.UiTests\MesIngest.Watch.UiTests.csproj]
C:\MesIngest\Ticket11\run-wpf-ui-20260810-0145-v20-approved-final\Source\mes\ingest\csharp\MesIngest.Watch.UiTests\MesIngest.Watch.UiTests.csproj : warning NU1603: Verify.XunitV3 31.16.1 渚濊禆浜?DiffEngine (>= 19.1.2)锛屼絾鎵句笉鍒?DiffEngine 19.1.2銆?宸茶В鍐?DiffEngine 19.1.3 鐨勮繎浼兼渶浣冲尮閰嶃€?
C:\MesIngest\Ticket11\run-wpf-ui-20260810-0145-v20-approved-final\Source\mes\ingest\csharp\MesIngest.Watch.UiTests\MesIngest.Watch.UiTests.csproj : warning NU1603: xunit.v3.common 3.2.2 渚濊禆浜?Microsoft.Bcl.AsyncInterfaces (>= 6.0.0)锛屼絾鎵句笉鍒?Microsoft.Bcl.AsyncInterfaces 6.0.0銆?宸茶В鍐?Microsoft.Bcl.AsyncInterfaces 10.0.6 鐨勮繎浼兼渶浣冲尮閰嶃€?
C:\MesIngest\Ticket11\run-wpf-ui-20260810-0145-v20-approved-final\Source\mes\ingest\csharp\MesIngest.Watch.UiTests\MesIngest.Watch.UiTests.csproj : warning NU1603: Microsoft.ApplicationInsights 2.23.0 渚濊禆浜?System.Diagnostics.DiagnosticSource (>= 5.0.0)锛屼絾鎵句笉鍒?System.Diagnostics.DiagnosticSource 5.0.0銆?宸茶В鍐?System.Diagnostics.DiagnosticSource 6.0.1 鐨勮繎浼兼渶浣冲尮閰嶃€?
C:\MesIngest\Ticket11\run-wpf-ui-20260810-0145-v20-approved-final\Source\mes\ingest\csharp\MesIngest.Watch.UiTests\MesIngest.Watch.UiTests.csproj : warning NU1603: Azure.Identity 1.11.4 渚濊禆浜?System.Memory (>= 4.5.4)锛屼絾鎵句笉鍒?System.Memory 4.5.4銆?宸茶В鍐?System.Memory 4.6.0 鐨勮繎浼兼渶浣冲尮閰嶃€?
C:\MesIngest\Ticket11\run-wpf-ui-20260810-0145-v20-approved-final\Source\mes\ingest\csharp\MesIngest.Watch.UiTests\MesIngest.Watch.UiTests.csproj : warning NU1603: Azure.Identity 1.11.4 渚濊禆浜?System.Security.Cryptography.ProtectedData (>= 4.7.0)锛屼絾鎵句笉鍒?System.Security.Cryptography.ProtectedData 4.7.0銆?宸茶В鍐?System.Security.Cryptography.ProtectedData 8.0.0 鐨勮繎浼兼渶浣冲尮閰嶃€?
  鎵€鏈夐」鐩潎鏄渶鏂扮殑锛屾棤娉曡繕鍘熴€?
C:\MesIngest\Ticket11\run-wpf-ui-20260810-0145-v20-approved-final\Source\mes\ingest\csharp\MesIngest.Watch.UiTests\MesIngest.Watch.UiTests.csproj : warning NU1801: 鏃犳硶鍔犺浇婧?https://api.nuget.org/v3/index.json 鐨勬湇鍔＄储寮曘€?
C:\MesIngest\Ticket11\run-wpf-ui-20260810-0145-v20-approved-final\Source\mes\ingest\csharp\MesIngest.Watch.UiTests\MesIngest.Watch.UiTests.csproj : warning NU1801: 鏃犳硶鍔犺浇婧?https://api.nuget.org/v3/index.json 鐨勬湇鍔＄储寮曘€?
C:\MesIngest\Ticket11\run-wpf-ui-20260810-0145-v20-approved-final\Source\mes\ingest\csharp\MesIngest.Watch.UiTests\MesIngest.Watch.UiTests.csproj : warning NU1801: 鏃犳硶鍔犺浇婧?https://api.nuget.org/v3/index.json 鐨勬湇鍔＄储寮曘€?
C:\MesIngest\Ticket11\run-wpf-ui-20260810-0145-v20-approved-final\Source\mes\ingest\csharp\MesIngest.Watch.UiTests\MesIngest.Watch.UiTests.csproj : warning NU1801: 鏃犳硶鍔犺浇婧?https://api.nuget.org/v3/index.json 鐨勬湇鍔＄储寮曘€?
C:\MesIngest\Ticket11\run-wpf-ui-20260810-0145-v20-approved-final\Source\mes\ingest\csharp\MesIngest.Watch.UiTests\MesIngest.Watch.UiTests.csproj : warning NU1801: 鏃犳硶鍔犺浇婧?https://api.nuget.org/v3/index.json 鐨勬湇鍔＄储寮曘€?
C:\MesIngest\Ticket11\run-wpf-ui-20260810-0145-v20-approved-final\Source\mes\ingest\csharp\MesIngest.Watch.UiTests\MesIngest.Watch.UiTests.csproj : warning NU1603: Verify.XunitV3 31.16.1 渚濊禆浜?DiffEngine (>= 19.1.2)锛屼絾鎵句笉鍒?DiffEngine 19.1.2銆?宸茶В鍐?DiffEngine 19.1.3 鐨勮繎浼兼渶浣冲尮閰嶃€?
C:\MesIngest\Ticket11\run-wpf-ui-20260810-0145-v20-approved-final\Source\mes\ingest\csharp\MesIngest.Watch.UiTests\MesIngest.Watch.UiTests.csproj : warning NU1603: xunit.v3.common 3.2.2 渚濊禆浜?Microsoft.Bcl.AsyncInterfaces (>= 6.0.0)锛屼絾鎵句笉鍒?Microsoft.Bcl.AsyncInterfaces 6.0.0銆?宸茶В鍐?Microsoft.Bcl.AsyncInterfaces 10.0.6 鐨勮繎浼兼渶浣冲尮閰嶃€?
C:\MesIngest\Ticket11\run-wpf-ui-20260810-0145-v20-approved-final\Source\mes\ingest\csharp\MesIngest.Watch.UiTests\MesIngest.Watch.UiTests.csproj : warning NU1603: Microsoft.ApplicationInsights 2.23.0 渚濊禆浜?System.Diagnostics.DiagnosticSource (>= 5.0.0)锛屼絾鎵句笉鍒?System.Diagnostics.DiagnosticSource 5.0.0銆?宸茶В鍐?System.Diagnostics.DiagnosticSource 6.0.1 鐨勮繎浼兼渶浣冲尮閰嶃€?
C:\MesIngest\Ticket11\run-wpf-ui-20260810-0145-v20-approved-final\Source\mes\ingest\csharp\MesIngest.Watch.UiTests\MesIngest.Watch.UiTests.csproj : warning NU1603: Azure.Identity 1.11.4 渚濊禆浜?System.Memory (>= 4.5.4)锛屼絾鎵句笉鍒?System.Memory 4.5.4銆?宸茶В鍐?System.Memory 4.6.0 鐨勮繎浼兼渶浣冲尮閰嶃€?
C:\MesIngest\Ticket11\run-wpf-ui-20260810-0145-v20-approved-final\Source\mes\ingest\csharp\MesIngest.Watch.UiTests\MesIngest.Watch.UiTests.csproj : warning NU1603: Azure.Identity 1.11.4 渚濊禆浜?System.Security.Cryptography.ProtectedData (>= 4.7.0)锛屼絾鎵句笉鍒?System.Security.Cryptography.ProtectedData 4.7.0銆?宸茶В鍐?System.Security.Cryptography.ProtectedData 8.0.0 鐨勮繎浼兼渶浣冲尮閰嶃€?
C:\MesIngest\Ticket11\run-wpf-ui-20260810-0145-v20-approved-final\Source\mes\ingest\csharp\MesIngest.Core\MesIngest.Core.csproj : warning NU1801: 鏃犳硶鍔犺浇婧?https://api.nuget.org/v3/index.json 鐨勬湇鍔＄储寮曘€?
C:\MesIngest\Ticket11\run-wpf-ui-20260810-0145-v20-approved-final\Source\mes\ingest\csharp\MesIngest.Core\MesIngest.Core.csproj : warning NU1801: 鏃犳硶鍔犺浇婧?https://api.nuget.org/v3/index.json 鐨勬湇鍔＄储寮曘€?
C:\MesIngest\Ticket11\run-wpf-ui-20260810-0145-v20-approved-final\Source\mes\ingest\csharp\MesIngest.Core\MesIngest.Core.csproj : warning NU1603: Azure.Identity 1.11.4 渚濊禆浜?System.Memory (>= 4.5.4)锛屼絾鎵句笉鍒?System.Memory 4.5.4銆?宸茶В鍐?System.Memory 4.6.0 鐨勮繎浼兼渶浣冲尮閰嶃€?
C:\MesIngest\Ticket11\run-wpf-ui-20260810-0145-v20-approved-final\Source\mes\ingest\csharp\MesIngest.Core\MesIngest.Core.csproj : warning NU1603: Azure.Identity 1.11.4 渚濊禆浜?System.Security.Cryptography.ProtectedData (>= 4.7.0)锛屼絾鎵句笉鍒?System.Security.Cryptography.ProtectedData 4.7.0銆?宸茶В鍐?System.Security.Cryptography.ProtectedData 8.0.0 鐨勮繎浼兼渶浣冲尮閰嶃€?
C:\MesIngest\Ticket11\run-wpf-ui-20260810-0145-v20-approved-final\Source\mes\ingest\csharp\MesIngest.Watch\MesIngest.Watch.csproj : warning NU1801: 鏃犳硶鍔犺浇婧?https://api.nuget.org/v3/index.json 鐨勬湇鍔＄储寮曘€?
C:\MesIngest\Ticket11\run-wpf-ui-20260810-0145-v20-approved-final\Source\mes\ingest\csharp\MesIngest.Watch\MesIngest.Watch.csproj : warning NU1801: 鏃犳硶鍔犺浇婧?https://api.nuget.org/v3/index.json 鐨勬湇鍔＄储寮曘€?
C:\MesIngest\Ticket11\run-wpf-ui-20260810-0145-v20-approved-final\Source\mes\ingest\csharp\MesIngest.Watch\MesIngest.Watch.csproj : warning NU1603: Azure.Identity 1.11.4 渚濊禆浜?System.Memory (>= 4.5.4)锛屼絾鎵句笉鍒?System.Memory 4.5.4銆?宸茶В鍐?System.Memory 4.6.0 鐨勮繎浼兼渶浣冲尮閰嶃€?
C:\MesIngest\Ticket11\run-wpf-ui-20260810-0145-v20-approved-final\Source\mes\ingest\csharp\MesIngest.Watch\MesIngest.Watch.csproj : warning NU1603: Azure.Identity 1.11.4 渚濊禆浜?System.Security.Cryptography.ProtectedData (>= 4.7.0)锛屼絾鎵句笉鍒?System.Security.Cryptography.ProtectedData 4.7.0銆?宸茶В鍐?System.Security.Cryptography.ProtectedData 8.0.0 鐨勮繎浼兼渶浣冲尮閰嶃€?
xUnit.net v3 In-Process Runner v3.2.2+728c1dce01 (64-bit .NET 8.0.29)
  Discovering: MesIngest.Watch.UiTests
  Discovered:  MesIngest.Watch.UiTests
  Starting:    MesIngest.Watch.UiTests
  Finished:    MesIngest.Watch.UiTests (ID = 'c49bbc9a0087275b64c3bfc324ba83e568b5e6f4e2b7e1b399a6c9bb3932cfd3')
=== TEST EXECUTION SUMMARY ===
   MesIngest.Watch.UiTests  Total: 1, Errors: 0, Failed: 0, Skipped: 0, Not Run: 0, Time: 0.103s
WATCH_UI_ENVIRONMENT_OK: session=1 name=(not exported; validated by Explorer and OpenInputDesktop); suite=watch-xaml-visual; artifacts=C:\MesIngest\Ticket11\run-wpf-ui-20260810-0145-v20-approved-final\Source\mes\ingest\csharp\TestResults\watch-ui\20260810-014720-698; running serial xUnit v3 UI tests.
C:\MesIngest\Ticket11\run-wpf-ui-20260810-0145-v20-approved-final\Source\mes\ingest\csharp\MesIngest.Watch.UiTests\MesIngest.Watch.UiTests.csproj : warning NU1801: 鏃犳硶鍔犺浇婧?https://api.nuget.org/v3/index.json 鐨勬湇鍔＄储寮曘€?
C:\MesIngest\Ticket11\run-wpf-ui-20260810-0145-v20-approved-final\Source\mes\ingest\csharp\MesIngest.Watch.UiTests\MesIngest.Watch.UiTests.csproj : warning NU1801: 鏃犳硶鍔犺浇婧?https://api.nuget.org/v3/index.json 鐨勬湇鍔＄储寮曘€?
C:\MesIngest\Ticket11\run-wpf-ui-20260810-0145-v20-approved-final\Source\mes\ingest\csharp\MesIngest.Watch.UiTests\MesIngest.Watch.UiTests.csproj : warning NU1801: 鏃犳硶鍔犺浇婧?https://api.nuget.org/v3/index.json 鐨勬湇鍔＄储寮曘€?
C:\MesIngest\Ticket11\run-wpf-ui-20260810-0145-v20-approved-final\Source\mes\ingest\csharp\MesIngest.Watch.UiTests\MesIngest.Watch.UiTests.csproj : warning NU1801: 鏃犳硶鍔犺浇婧?https://api.nuget.org/v3/index.json 鐨勬湇鍔＄储寮曘€?
C:\MesIngest\Ticket11\run-wpf-ui-20260810-0145-v20-approved-final\Source\mes\ingest\csharp\MesIngest.Watch.UiTests\MesIngest.Watch.UiTests.csproj : warning NU1801: 鏃犳硶鍔犺浇婧?https://api.nuget.org/v3/index.json 鐨勬湇鍔＄储寮曘€?
C:\MesIngest\Ticket11\run-wpf-ui-20260810-0145-v20-approved-final\Source\mes\ingest\csharp\MesIngest.Watch.UiTests\MesIngest.Watch.UiTests.csproj : warning NU1603: Verify.XunitV3 31.16.1 渚濊禆浜?DiffEngine (>= 19.1.2)锛屼絾鎵句笉鍒?DiffEngine 19.1.2銆?宸茶В鍐?DiffEngine 19.1.3 鐨勮繎浼兼渶浣冲尮閰嶃€?
C:\MesIngest\Ticket11\run-wpf-ui-20260810-0145-v20-approved-final\Source\mes\ingest\csharp\MesIngest.Watch.UiTests\MesIngest.Watch.UiTests.csproj : warning NU1603: xunit.v3.common 3.2.2 渚濊禆浜?Microsoft.Bcl.AsyncInterfaces (>= 6.0.0)锛屼絾鎵句笉鍒?Microsoft.Bcl.AsyncInterfaces 6.0.0銆?宸茶В鍐?Microsoft.Bcl.AsyncInterfaces 10.0.6 鐨勮繎浼兼渶浣冲尮閰嶃€?
C:\MesIngest\Ticket11\run-wpf-ui-20260810-0145-v20-approved-final\Source\mes\ingest\csharp\MesIngest.Watch.UiTests\MesIngest.Watch.UiTests.csproj : warning NU1603: Microsoft.ApplicationInsights 2.23.0 渚濊禆浜?System.Diagnostics.DiagnosticSource (>= 5.0.0)锛屼絾鎵句笉鍒?System.Diagnostics.DiagnosticSource 5.0.0銆?宸茶В鍐?System.Diagnostics.DiagnosticSource 6.0.1 鐨勮繎浼兼渶浣冲尮閰嶃€?
C:\MesIngest\Ticket11\run-wpf-ui-20260810-0145-v20-approved-final\Source\mes\ingest\csharp\MesIngest.Watch.UiTests\MesIngest.Watch.UiTests.csproj : warning NU1603: Azure.Identity 1.11.4 渚濊禆浜?System.Memory (>= 4.5.4)锛屼絾鎵句笉鍒?System.Memory 4.5.4銆?宸茶В鍐?System.Memory 4.6.0 鐨勮繎浼兼渶浣冲尮閰嶃€?
C:\MesIngest\Ticket11\run-wpf-ui-20260810-0145-v20-approved-final\Source\mes\ingest\csharp\MesIngest.Watch.UiTests\MesIngest.Watch.UiTests.csproj : warning NU1603: Azure.Identity 1.11.4 渚濊禆浜?System.Security.Cryptography.ProtectedData (>= 4.7.0)锛屼絾鎵句笉鍒?System.Security.Cryptography.ProtectedData 4.7.0銆?宸茶В鍐?System.Security.Cryptography.ProtectedData 8.0.0 鐨勮繎浼兼渶浣冲尮閰嶃€?
C:\MesIngest\Ticket11\run-wpf-ui-20260810-0145-v20-approved-final\Source\mes\ingest\csharp\MesIngest.Core\MesIngest.Core.csproj : warning NU1801: 鏃犳硶鍔犺浇婧?https://api.nuget.org/v3/index.json 鐨勬湇鍔＄储寮曘€?
C:\MesIngest\Ticket11\run-wpf-ui-20260810-0145-v20-approved-final\Source\mes\ingest\csharp\MesIngest.Core\MesIngest.Core.csproj : warning NU1801: 鏃犳硶鍔犺浇婧?https://api.nuget.org/v3/index.json 鐨勬湇鍔＄储寮曘€?
C:\MesIngest\Ticket11\run-wpf-ui-20260810-0145-v20-approved-final\Source\mes\ingest\csharp\MesIngest.Core\MesIngest.Core.csproj : warning NU1603: Azure.Identity 1.11.4 渚濊禆浜?System.Memory (>= 4.5.4)锛屼絾鎵句笉鍒?System.Memory 4.5.4銆?宸茶В鍐?System.Memory 4.6.0 鐨勮繎浼兼渶浣冲尮閰嶃€?
C:\MesIngest\Ticket11\run-wpf-ui-20260810-0145-v20-approved-final\Source\mes\ingest\csharp\MesIngest.Core\MesIngest.Core.csproj : warning NU1603: Azure.Identity 1.11.4 渚濊禆浜?System.Security.Cryptography.ProtectedData (>= 4.7.0)锛屼絾鎵句笉鍒?System.Security.Cryptography.ProtectedData 4.7.0銆?宸茶В鍐?System.Security.Cryptography.ProtectedData 8.0.0 鐨勮繎浼兼渶浣冲尮閰嶃€?
C:\MesIngest\Ticket11\run-wpf-ui-20260810-0145-v20-approved-final\Source\mes\ingest\csharp\MesIngest.Watch\MesIngest.Watch.csproj : warning NU1801: 鏃犳硶鍔犺浇婧?https://api.nuget.org/v3/index.json 鐨勬湇鍔＄储寮曘€?
C:\MesIngest\Ticket11\run-wpf-ui-20260810-0145-v20-approved-final\Source\mes\ingest\csharp\MesIngest.Watch\MesIngest.Watch.csproj : warning NU1801: 鏃犳硶鍔犺浇婧?https://api.nuget.org/v3/index.json 鐨勬湇鍔＄储寮曘€?
C:\MesIngest\Ticket11\run-wpf-ui-20260810-0145-v20-approved-final\Source\mes\ingest\csharp\MesIngest.Watch\MesIngest.Watch.csproj : warning NU1603: Azure.Identity 1.11.4 渚濊禆浜?System.Memory (>= 4.5.4)锛屼絾鎵句笉鍒?System.Memory 4.5.4銆?宸茶В鍐?System.Memory 4.6.0 鐨勮繎浼兼渶浣冲尮閰嶃€?
C:\MesIngest\Ticket11\run-wpf-ui-20260810-0145-v20-approved-final\Source\mes\ingest\csharp\MesIngest.Watch\MesIngest.Watch.csproj : warning NU1603: Azure.Identity 1.11.4 渚濊禆浜?System.Security.Cryptography.ProtectedData (>= 4.7.0)锛屼絾鎵句笉鍒?System.Security.Cryptography.ProtectedData 4.7.0銆?宸茶В鍐?System.Security.Cryptography.ProtectedData 8.0.0 鐨勮繎浼兼渶浣冲尮閰嶃€?
xUnit.net v3 In-Process Runner v3.2.2+728c1dce01 (64-bit .NET 8.0.29)
  Discovering: MesIngest.Watch.UiTests
  Discovered:  MesIngest.Watch.UiTests
  Starting:    MesIngest.Watch.UiTests
  Finished:    MesIngest.Watch.UiTests (ID = 'c49bbc9a0087275b64c3bfc324ba83e568b5e6f4e2b7e1b399a6c9bb3932cfd3')
=== TEST EXECUTION SUMMARY ===
   MesIngest.Watch.UiTests  Total: 20, Errors: 0, Failed: 0, Skipped: 0, Not Run: 0, Time: 27.538s
WATCH_UI_ALL_PASSED: suite=watch-xaml-visual artifacts=C:\MesIngest\Ticket11\run-wpf-ui-20260810-0145-v20-approved-final\Source\mes\ingest\csharp\TestResults\watch-ui\20260810-014720-698
WATCH_XAML_STABILITY_RUN: 8/10
  姝ｅ湪纭畾瑕佽繕鍘熺殑椤圭洰鈥?
C:\MesIngest\Ticket11\run-wpf-ui-20260810-0145-v20-approved-final\Source\mes\ingest\csharp\MesIngest.Core\MesIngest.Core.csproj : warning NU1801: 鏃犳硶鍔犺浇婧?https://api.nuget.org/v3/index.json 鐨勬湇鍔＄储寮曘€?[C:\MesIngest\Ticket11\run-wpf-ui-20260810-0145-v20-approved-final\Source\mes\ingest\csharp\MesIngest.Watch.UiTests\MesIngest.Watch.UiTests.csproj]
C:\MesIngest\Ticket11\run-wpf-ui-20260810-0145-v20-approved-final\Source\mes\ingest\csharp\MesIngest.Watch.UiTests\MesIngest.Watch.UiTests.csproj : warning NU1801: 鏃犳硶鍔犺浇婧?https://api.nuget.org/v3/index.json 鐨勬湇鍔＄储寮曘€?
C:\MesIngest\Ticket11\run-wpf-ui-20260810-0145-v20-approved-final\Source\mes\ingest\csharp\MesIngest.Core\MesIngest.Core.csproj : warning NU1801: 鏃犳硶鍔犺浇婧?https://api.nuget.org/v3/index.json 鐨勬湇鍔＄储寮曘€?[C:\MesIngest\Ticket11\run-wpf-ui-20260810-0145-v20-approved-final\Source\mes\ingest\csharp\MesIngest.Watch.UiTests\MesIngest.Watch.UiTests.csproj]
C:\MesIngest\Ticket11\run-wpf-ui-20260810-0145-v20-approved-final\Source\mes\ingest\csharp\MesIngest.Watch\MesIngest.Watch.csproj : warning NU1801: 鏃犳硶鍔犺浇婧?https://api.nuget.org/v3/index.json 鐨勬湇鍔＄储寮曘€?[C:\MesIngest\Ticket11\run-wpf-ui-20260810-0145-v20-approved-final\Source\mes\ingest\csharp\MesIngest.Watch.UiTests\MesIngest.Watch.UiTests.csproj]
C:\MesIngest\Ticket11\run-wpf-ui-20260810-0145-v20-approved-final\Source\mes\ingest\csharp\MesIngest.Watch.UiTests\MesIngest.Watch.UiTests.csproj : warning NU1801: 鏃犳硶鍔犺浇婧?https://api.nuget.org/v3/index.json 鐨勬湇鍔＄储寮曘€?
C:\MesIngest\Ticket11\run-wpf-ui-20260810-0145-v20-approved-final\Source\mes\ingest\csharp\MesIngest.Watch\MesIngest.Watch.csproj : warning NU1801: 鏃犳硶鍔犺浇婧?https://api.nuget.org/v3/index.json 鐨勬湇鍔＄储寮曘€?[C:\MesIngest\Ticket11\run-wpf-ui-20260810-0145-v20-approved-final\Source\mes\ingest\csharp\MesIngest.Watch.UiTests\MesIngest.Watch.UiTests.csproj]
C:\MesIngest\Ticket11\run-wpf-ui-20260810-0145-v20-approved-final\Source\mes\ingest\csharp\MesIngest.Watch.UiTests\MesIngest.Watch.UiTests.csproj : warning NU1801: 鏃犳硶鍔犺浇婧?https://api.nuget.org/v3/index.json 鐨勬湇鍔＄储寮曘€?
C:\MesIngest\Ticket11\run-wpf-ui-20260810-0145-v20-approved-final\Source\mes\ingest\csharp\MesIngest.Watch.UiTests\MesIngest.Watch.UiTests.csproj : warning NU1801: 鏃犳硶鍔犺浇婧?https://api.nuget.org/v3/index.json 鐨勬湇鍔＄储寮曘€?
C:\MesIngest\Ticket11\run-wpf-ui-20260810-0145-v20-approved-final\Source\mes\ingest\csharp\MesIngest.Watch.UiTests\MesIngest.Watch.UiTests.csproj : warning NU1801: 鏃犳硶鍔犺浇婧?https://api.nuget.org/v3/index.json 鐨勬湇鍔＄储寮曘€?
C:\MesIngest\Ticket11\run-wpf-ui-20260810-0145-v20-approved-final\Source\mes\ingest\csharp\MesIngest.Core\MesIngest.Core.csproj : warning NU1603: Azure.Identity 1.11.4 渚濊禆浜?System.Memory (>= 4.5.4)锛屼絾鎵句笉鍒?System.Memory 4.5.4銆?宸茶В鍐?System.Memory 4.6.0 鐨勮繎浼兼渶浣冲尮閰嶃€? [C:\MesIngest\Ticket11\run-wpf-ui-20260810-0145-v20-approved-final\Source\mes\ingest\csharp\MesIngest.Watch.UiTests\MesIngest.Watch.UiTests.csproj]
C:\MesIngest\Ticket11\run-wpf-ui-20260810-0145-v20-approved-final\Source\mes\ingest\csharp\MesIngest.Core\MesIngest.Core.csproj : warning NU1603: Azure.Identity 1.11.4 渚濊禆浜?System.Security.Cryptography.ProtectedData (>= 4.7.0)锛屼絾鎵句笉鍒?System.Security.Cryptography.ProtectedData 4.7.0銆?宸茶В鍐?System.Security.Cryptography.ProtectedData 8.0.0 鐨勮繎浼兼渶浣冲尮閰嶃€? [C:\MesIngest\Ticket11\run-wpf-ui-20260810-0145-v20-approved-final\Source\mes\ingest\csharp\MesIngest.Watch.UiTests\MesIngest.Watch.UiTests.csproj]
C:\MesIngest\Ticket11\run-wpf-ui-20260810-0145-v20-approved-final\Source\mes\ingest\csharp\MesIngest.Watch.UiTests\MesIngest.Watch.UiTests.csproj : warning NU1603: Verify.XunitV3 31.16.1 渚濊禆浜?DiffEngine (>= 19.1.2)锛屼絾鎵句笉鍒?DiffEngine 19.1.2銆?宸茶В鍐?DiffEngine 19.1.3 鐨勮繎浼兼渶浣冲尮閰嶃€?
C:\MesIngest\Ticket11\run-wpf-ui-20260810-0145-v20-approved-final\Source\mes\ingest\csharp\MesIngest.Watch\MesIngest.Watch.csproj : warning NU1603: Azure.Identity 1.11.4 渚濊禆浜?System.Memory (>= 4.5.4)锛屼絾鎵句笉鍒?System.Memory 4.5.4銆?宸茶В鍐?System.Memory 4.6.0 鐨勮繎浼兼渶浣冲尮閰嶃€? [C:\MesIngest\Ticket11\run-wpf-ui-20260810-0145-v20-approved-final\Source\mes\ingest\csharp\MesIngest.Watch.UiTests\MesIngest.Watch.UiTests.csproj]
C:\MesIngest\Ticket11\run-wpf-ui-20260810-0145-v20-approved-final\Source\mes\ingest\csharp\MesIngest.Watch.UiTests\MesIngest.Watch.UiTests.csproj : warning NU1603: xunit.v3.common 3.2.2 渚濊禆浜?Microsoft.Bcl.AsyncInterfaces (>= 6.0.0)锛屼絾鎵句笉鍒?Microsoft.Bcl.AsyncInterfaces 6.0.0銆?宸茶В鍐?Microsoft.Bcl.AsyncInterfaces 10.0.6 鐨勮繎浼兼渶浣冲尮閰嶃€?
C:\MesIngest\Ticket11\run-wpf-ui-20260810-0145-v20-approved-final\Source\mes\ingest\csharp\MesIngest.Watch.UiTests\MesIngest.Watch.UiTests.csproj : warning NU1603: Microsoft.ApplicationInsights 2.23.0 渚濊禆浜?System.Diagnostics.DiagnosticSource (>= 5.0.0)锛屼絾鎵句笉鍒?System.Diagnostics.DiagnosticSource 5.0.0銆?宸茶В鍐?System.Diagnostics.DiagnosticSource 6.0.1 鐨勮繎浼兼渶浣冲尮閰嶃€?
C:\MesIngest\Ticket11\run-wpf-ui-20260810-0145-v20-approved-final\Source\mes\ingest\csharp\MesIngest.Watch.UiTests\MesIngest.Watch.UiTests.csproj : warning NU1603: Azure.Identity 1.11.4 渚濊禆浜?System.Memory (>= 4.5.4)锛屼絾鎵句笉鍒?System.Memory 4.5.4銆?宸茶В鍐?System.Memory 4.6.0 鐨勮繎浼兼渶浣冲尮閰嶃€?
C:\MesIngest\Ticket11\run-wpf-ui-20260810-0145-v20-approved-final\Source\mes\ingest\csharp\MesIngest.Watch.UiTests\MesIngest.Watch.UiTests.csproj : warning NU1603: Azure.Identity 1.11.4 渚濊禆浜?System.Security.Cryptography.ProtectedData (>= 4.7.0)锛屼絾鎵句笉鍒?System.Security.Cryptography.ProtectedData 4.7.0銆?宸茶В鍐?System.Security.Cryptography.ProtectedData 8.0.0 鐨勮繎浼兼渶浣冲尮閰嶃€?
C:\MesIngest\Ticket11\run-wpf-ui-20260810-0145-v20-approved-final\Source\mes\ingest\csharp\MesIngest.Watch\MesIngest.Watch.csproj : warning NU1603: Azure.Identity 1.11.4 渚濊禆浜?System.Security.Cryptography.ProtectedData (>= 4.7.0)锛屼絾鎵句笉鍒?System.Security.Cryptography.ProtectedData 4.7.0銆?宸茶В鍐?System.Security.Cryptography.ProtectedData 8.0.0 鐨勮繎浼兼渶浣冲尮閰嶃€? [C:\MesIngest\Ticket11\run-wpf-ui-20260810-0145-v20-approved-final\Source\mes\ingest\csharp\MesIngest.Watch.UiTests\MesIngest.Watch.UiTests.csproj]
  鎵€鏈夐」鐩潎鏄渶鏂扮殑锛屾棤娉曡繕鍘熴€?
C:\MesIngest\Ticket11\run-wpf-ui-20260810-0145-v20-approved-final\Source\mes\ingest\csharp\MesIngest.Watch.UiTests\MesIngest.Watch.UiTests.csproj : warning NU1801: 鏃犳硶鍔犺浇婧?https://api.nuget.org/v3/index.json 鐨勬湇鍔＄储寮曘€?
C:\MesIngest\Ticket11\run-wpf-ui-20260810-0145-v20-approved-final\Source\mes\ingest\csharp\MesIngest.Watch.UiTests\MesIngest.Watch.UiTests.csproj : warning NU1801: 鏃犳硶鍔犺浇婧?https://api.nuget.org/v3/index.json 鐨勬湇鍔＄储寮曘€?
C:\MesIngest\Ticket11\run-wpf-ui-20260810-0145-v20-approved-final\Source\mes\ingest\csharp\MesIngest.Watch.UiTests\MesIngest.Watch.UiTests.csproj : warning NU1801: 鏃犳硶鍔犺浇婧?https://api.nuget.org/v3/index.json 鐨勬湇鍔＄储寮曘€?
C:\MesIngest\Ticket11\run-wpf-ui-20260810-0145-v20-approved-final\Source\mes\ingest\csharp\MesIngest.Watch.UiTests\MesIngest.Watch.UiTests.csproj : warning NU1801: 鏃犳硶鍔犺浇婧?https://api.nuget.org/v3/index.json 鐨勬湇鍔＄储寮曘€?
C:\MesIngest\Ticket11\run-wpf-ui-20260810-0145-v20-approved-final\Source\mes\ingest\csharp\MesIngest.Watch.UiTests\MesIngest.Watch.UiTests.csproj : warning NU1801: 鏃犳硶鍔犺浇婧?https://api.nuget.org/v3/index.json 鐨勬湇鍔＄储寮曘€?
C:\MesIngest\Ticket11\run-wpf-ui-20260810-0145-v20-approved-final\Source\mes\ingest\csharp\MesIngest.Watch.UiTests\MesIngest.Watch.UiTests.csproj : warning NU1603: Verify.XunitV3 31.16.1 渚濊禆浜?DiffEngine (>= 19.1.2)锛屼絾鎵句笉鍒?DiffEngine 19.1.2銆?宸茶В鍐?DiffEngine 19.1.3 鐨勮繎浼兼渶浣冲尮閰嶃€?
C:\MesIngest\Ticket11\run-wpf-ui-20260810-0145-v20-approved-final\Source\mes\ingest\csharp\MesIngest.Watch.UiTests\MesIngest.Watch.UiTests.csproj : warning NU1603: xunit.v3.common 3.2.2 渚濊禆浜?Microsoft.Bcl.AsyncInterfaces (>= 6.0.0)锛屼絾鎵句笉鍒?Microsoft.Bcl.AsyncInterfaces 6.0.0銆?宸茶В鍐?Microsoft.Bcl.AsyncInterfaces 10.0.6 鐨勮繎浼兼渶浣冲尮閰嶃€?
C:\MesIngest\Ticket11\run-wpf-ui-20260810-0145-v20-approved-final\Source\mes\ingest\csharp\MesIngest.Watch.UiTests\MesIngest.Watch.UiTests.csproj : warning NU1603: Microsoft.ApplicationInsights 2.23.0 渚濊禆浜?System.Diagnostics.DiagnosticSource (>= 5.0.0)锛屼絾鎵句笉鍒?System.Diagnostics.DiagnosticSource 5.0.0銆?宸茶В鍐?System.Diagnostics.DiagnosticSource 6.0.1 鐨勮繎浼兼渶浣冲尮閰嶃€?
C:\MesIngest\Ticket11\run-wpf-ui-20260810-0145-v20-approved-final\Source\mes\ingest\csharp\MesIngest.Watch.UiTests\MesIngest.Watch.UiTests.csproj : warning NU1603: Azure.Identity 1.11.4 渚濊禆浜?System.Memory (>= 4.5.4)锛屼絾鎵句笉鍒?System.Memory 4.5.4銆?宸茶В鍐?System.Memory 4.6.0 鐨勮繎浼兼渶浣冲尮閰嶃€?
C:\MesIngest\Ticket11\run-wpf-ui-20260810-0145-v20-approved-final\Source\mes\ingest\csharp\MesIngest.Watch.UiTests\MesIngest.Watch.UiTests.csproj : warning NU1603: Azure.Identity 1.11.4 渚濊禆浜?System.Security.Cryptography.ProtectedData (>= 4.7.0)锛屼絾鎵句笉鍒?System.Security.Cryptography.ProtectedData 4.7.0銆?宸茶В鍐?System.Security.Cryptography.ProtectedData 8.0.0 鐨勮繎浼兼渶浣冲尮閰嶃€?
C:\MesIngest\Ticket11\run-wpf-ui-20260810-0145-v20-approved-final\Source\mes\ingest\csharp\MesIngest.Core\MesIngest.Core.csproj : warning NU1801: 鏃犳硶鍔犺浇婧?https://api.nuget.org/v3/index.json 鐨勬湇鍔＄储寮曘€?
C:\MesIngest\Ticket11\run-wpf-ui-20260810-0145-v20-approved-final\Source\mes\ingest\csharp\MesIngest.Core\MesIngest.Core.csproj : warning NU1801: 鏃犳硶鍔犺浇婧?https://api.nuget.org/v3/index.json 鐨勬湇鍔＄储寮曘€?
C:\MesIngest\Ticket11\run-wpf-ui-20260810-0145-v20-approved-final\Source\mes\ingest\csharp\MesIngest.Core\MesIngest.Core.csproj : warning NU1603: Azure.Identity 1.11.4 渚濊禆浜?System.Memory (>= 4.5.4)锛屼絾鎵句笉鍒?System.Memory 4.5.4銆?宸茶В鍐?System.Memory 4.6.0 鐨勮繎浼兼渶浣冲尮閰嶃€?
C:\MesIngest\Ticket11\run-wpf-ui-20260810-0145-v20-approved-final\Source\mes\ingest\csharp\MesIngest.Core\MesIngest.Core.csproj : warning NU1603: Azure.Identity 1.11.4 渚濊禆浜?System.Security.Cryptography.ProtectedData (>= 4.7.0)锛屼絾鎵句笉鍒?System.Security.Cryptography.ProtectedData 4.7.0銆?宸茶В鍐?System.Security.Cryptography.ProtectedData 8.0.0 鐨勮繎浼兼渶浣冲尮閰嶃€?
C:\MesIngest\Ticket11\run-wpf-ui-20260810-0145-v20-approved-final\Source\mes\ingest\csharp\MesIngest.Watch\MesIngest.Watch.csproj : warning NU1801: 鏃犳硶鍔犺浇婧?https://api.nuget.org/v3/index.json 鐨勬湇鍔＄储寮曘€?
C:\MesIngest\Ticket11\run-wpf-ui-20260810-0145-v20-approved-final\Source\mes\ingest\csharp\MesIngest.Watch\MesIngest.Watch.csproj : warning NU1801: 鏃犳硶鍔犺浇婧?https://api.nuget.org/v3/index.json 鐨勬湇鍔＄储寮曘€?
C:\MesIngest\Ticket11\run-wpf-ui-20260810-0145-v20-approved-final\Source\mes\ingest\csharp\MesIngest.Watch\MesIngest.Watch.csproj : warning NU1603: Azure.Identity 1.11.4 渚濊禆浜?System.Memory (>= 4.5.4)锛屼絾鎵句笉鍒?System.Memory 4.5.4銆?宸茶В鍐?System.Memory 4.6.0 鐨勮繎浼兼渶浣冲尮閰嶃€?
C:\MesIngest\Ticket11\run-wpf-ui-20260810-0145-v20-approved-final\Source\mes\ingest\csharp\MesIngest.Watch\MesIngest.Watch.csproj : warning NU1603: Azure.Identity 1.11.4 渚濊禆浜?System.Security.Cryptography.ProtectedData (>= 4.7.0)锛屼絾鎵句笉鍒?System.Security.Cryptography.ProtectedData 4.7.0銆?宸茶В鍐?System.Security.Cryptography.ProtectedData 8.0.0 鐨勮繎浼兼渶浣冲尮閰嶃€?
xUnit.net v3 In-Process Runner v3.2.2+728c1dce01 (64-bit .NET 8.0.29)
  Discovering: MesIngest.Watch.UiTests
  Discovered:  MesIngest.Watch.UiTests
  Starting:    MesIngest.Watch.UiTests
  Finished:    MesIngest.Watch.UiTests (ID = 'c49bbc9a0087275b64c3bfc324ba83e568b5e6f4e2b7e1b399a6c9bb3932cfd3')
=== TEST EXECUTION SUMMARY ===
   MesIngest.Watch.UiTests  Total: 1, Errors: 0, Failed: 0, Skipped: 0, Not Run: 0, Time: 0.102s
WATCH_UI_ENVIRONMENT_OK: session=1 name=(not exported; validated by Explorer and OpenInputDesktop); suite=watch-xaml-visual; artifacts=C:\MesIngest\Ticket11\run-wpf-ui-20260810-0145-v20-approved-final\Source\mes\ingest\csharp\TestResults\watch-ui\20260810-014752-973; running serial xUnit v3 UI tests.
C:\MesIngest\Ticket11\run-wpf-ui-20260810-0145-v20-approved-final\Source\mes\ingest\csharp\MesIngest.Watch.UiTests\MesIngest.Watch.UiTests.csproj : warning NU1801: 鏃犳硶鍔犺浇婧?https://api.nuget.org/v3/index.json 鐨勬湇鍔＄储寮曘€?
C:\MesIngest\Ticket11\run-wpf-ui-20260810-0145-v20-approved-final\Source\mes\ingest\csharp\MesIngest.Watch.UiTests\MesIngest.Watch.UiTests.csproj : warning NU1801: 鏃犳硶鍔犺浇婧?https://api.nuget.org/v3/index.json 鐨勬湇鍔＄储寮曘€?
C:\MesIngest\Ticket11\run-wpf-ui-20260810-0145-v20-approved-final\Source\mes\ingest\csharp\MesIngest.Watch.UiTests\MesIngest.Watch.UiTests.csproj : warning NU1801: 鏃犳硶鍔犺浇婧?https://api.nuget.org/v3/index.json 鐨勬湇鍔＄储寮曘€?
C:\MesIngest\Ticket11\run-wpf-ui-20260810-0145-v20-approved-final\Source\mes\ingest\csharp\MesIngest.Watch.UiTests\MesIngest.Watch.UiTests.csproj : warning NU1801: 鏃犳硶鍔犺浇婧?https://api.nuget.org/v3/index.json 鐨勬湇鍔＄储寮曘€?
C:\MesIngest\Ticket11\run-wpf-ui-20260810-0145-v20-approved-final\Source\mes\ingest\csharp\MesIngest.Watch.UiTests\MesIngest.Watch.UiTests.csproj : warning NU1801: 鏃犳硶鍔犺浇婧?https://api.nuget.org/v3/index.json 鐨勬湇鍔＄储寮曘€?
C:\MesIngest\Ticket11\run-wpf-ui-20260810-0145-v20-approved-final\Source\mes\ingest\csharp\MesIngest.Watch.UiTests\MesIngest.Watch.UiTests.csproj : warning NU1603: Verify.XunitV3 31.16.1 渚濊禆浜?DiffEngine (>= 19.1.2)锛屼絾鎵句笉鍒?DiffEngine 19.1.2銆?宸茶В鍐?DiffEngine 19.1.3 鐨勮繎浼兼渶浣冲尮閰嶃€?
C:\MesIngest\Ticket11\run-wpf-ui-20260810-0145-v20-approved-final\Source\mes\ingest\csharp\MesIngest.Watch.UiTests\MesIngest.Watch.UiTests.csproj : warning NU1603: xunit.v3.common 3.2.2 渚濊禆浜?Microsoft.Bcl.AsyncInterfaces (>= 6.0.0)锛屼絾鎵句笉鍒?Microsoft.Bcl.AsyncInterfaces 6.0.0銆?宸茶В鍐?Microsoft.Bcl.AsyncInterfaces 10.0.6 鐨勮繎浼兼渶浣冲尮閰嶃€?
C:\MesIngest\Ticket11\run-wpf-ui-20260810-0145-v20-approved-final\Source\mes\ingest\csharp\MesIngest.Watch.UiTests\MesIngest.Watch.UiTests.csproj : warning NU1603: Microsoft.ApplicationInsights 2.23.0 渚濊禆浜?System.Diagnostics.DiagnosticSource (>= 5.0.0)锛屼絾鎵句笉鍒?System.Diagnostics.DiagnosticSource 5.0.0銆?宸茶В鍐?System.Diagnostics.DiagnosticSource 6.0.1 鐨勮繎浼兼渶浣冲尮閰嶃€?
C:\MesIngest\Ticket11\run-wpf-ui-20260810-0145-v20-approved-final\Source\mes\ingest\csharp\MesIngest.Watch.UiTests\MesIngest.Watch.UiTests.csproj : warning NU1603: Azure.Identity 1.11.4 渚濊禆浜?System.Memory (>= 4.5.4)锛屼絾鎵句笉鍒?System.Memory 4.5.4銆?宸茶В鍐?System.Memory 4.6.0 鐨勮繎浼兼渶浣冲尮閰嶃€?
C:\MesIngest\Ticket11\run-wpf-ui-20260810-0145-v20-approved-final\Source\mes\ingest\csharp\MesIngest.Watch.UiTests\MesIngest.Watch.UiTests.csproj : warning NU1603: Azure.Identity 1.11.4 渚濊禆浜?System.Security.Cryptography.ProtectedData (>= 4.7.0)锛屼絾鎵句笉鍒?System.Security.Cryptography.ProtectedData 4.7.0銆?宸茶В鍐?System.Security.Cryptography.ProtectedData 8.0.0 鐨勮繎浼兼渶浣冲尮閰嶃€?
C:\MesIngest\Ticket11\run-wpf-ui-20260810-0145-v20-approved-final\Source\mes\ingest\csharp\MesIngest.Core\MesIngest.Core.csproj : warning NU1801: 鏃犳硶鍔犺浇婧?https://api.nuget.org/v3/index.json 鐨勬湇鍔＄储寮曘€?
C:\MesIngest\Ticket11\run-wpf-ui-20260810-0145-v20-approved-final\Source\mes\ingest\csharp\MesIngest.Core\MesIngest.Core.csproj : warning NU1801: 鏃犳硶鍔犺浇婧?https://api.nuget.org/v3/index.json 鐨勬湇鍔＄储寮曘€?
C:\MesIngest\Ticket11\run-wpf-ui-20260810-0145-v20-approved-final\Source\mes\ingest\csharp\MesIngest.Core\MesIngest.Core.csproj : warning NU1603: Azure.Identity 1.11.4 渚濊禆浜?System.Memory (>= 4.5.4)锛屼絾鎵句笉鍒?System.Memory 4.5.4銆?宸茶В鍐?System.Memory 4.6.0 鐨勮繎浼兼渶浣冲尮閰嶃€?
C:\MesIngest\Ticket11\run-wpf-ui-20260810-0145-v20-approved-final\Source\mes\ingest\csharp\MesIngest.Core\MesIngest.Core.csproj : warning NU1603: Azure.Identity 1.11.4 渚濊禆浜?System.Security.Cryptography.ProtectedData (>= 4.7.0)锛屼絾鎵句笉鍒?System.Security.Cryptography.ProtectedData 4.7.0銆?宸茶В鍐?System.Security.Cryptography.ProtectedData 8.0.0 鐨勮繎浼兼渶浣冲尮閰嶃€?
C:\MesIngest\Ticket11\run-wpf-ui-20260810-0145-v20-approved-final\Source\mes\ingest\csharp\MesIngest.Watch\MesIngest.Watch.csproj : warning NU1801: 鏃犳硶鍔犺浇婧?https://api.nuget.org/v3/index.json 鐨勬湇鍔＄储寮曘€?
C:\MesIngest\Ticket11\run-wpf-ui-20260810-0145-v20-approved-final\Source\mes\ingest\csharp\MesIngest.Watch\MesIngest.Watch.csproj : warning NU1801: 鏃犳硶鍔犺浇婧?https://api.nuget.org/v3/index.json 鐨勬湇鍔＄储寮曘€?
C:\MesIngest\Ticket11\run-wpf-ui-20260810-0145-v20-approved-final\Source\mes\ingest\csharp\MesIngest.Watch\MesIngest.Watch.csproj : warning NU1603: Azure.Identity 1.11.4 渚濊禆浜?System.Memory (>= 4.5.4)锛屼絾鎵句笉鍒?System.Memory 4.5.4銆?宸茶В鍐?System.Memory 4.6.0 鐨勮繎浼兼渶浣冲尮閰嶃€?
C:\MesIngest\Ticket11\run-wpf-ui-20260810-0145-v20-approved-final\Source\mes\ingest\csharp\MesIngest.Watch\MesIngest.Watch.csproj : warning NU1603: Azure.Identity 1.11.4 渚濊禆浜?System.Security.Cryptography.ProtectedData (>= 4.7.0)锛屼絾鎵句笉鍒?System.Security.Cryptography.ProtectedData 4.7.0銆?宸茶В鍐?System.Security.Cryptography.ProtectedData 8.0.0 鐨勮繎浼兼渶浣冲尮閰嶃€?
xUnit.net v3 In-Process Runner v3.2.2+728c1dce01 (64-bit .NET 8.0.29)
  Discovering: MesIngest.Watch.UiTests
  Discovered:  MesIngest.Watch.UiTests
  Starting:    MesIngest.Watch.UiTests
  Finished:    MesIngest.Watch.UiTests (ID = 'c49bbc9a0087275b64c3bfc324ba83e568b5e6f4e2b7e1b399a6c9bb3932cfd3')
=== TEST EXECUTION SUMMARY ===
   MesIngest.Watch.UiTests  Total: 20, Errors: 0, Failed: 0, Skipped: 0, Not Run: 0, Time: 27.170s
WATCH_UI_ALL_PASSED: suite=watch-xaml-visual artifacts=C:\MesIngest\Ticket11\run-wpf-ui-20260810-0145-v20-approved-final\Source\mes\ingest\csharp\TestResults\watch-ui\20260810-014752-973
WATCH_XAML_STABILITY_RUN: 9/10
  姝ｅ湪纭畾瑕佽繕鍘熺殑椤圭洰鈥?
C:\MesIngest\Ticket11\run-wpf-ui-20260810-0145-v20-approved-final\Source\mes\ingest\csharp\MesIngest.Watch\MesIngest.Watch.csproj : warning NU1801: 鏃犳硶鍔犺浇婧?https://api.nuget.org/v3/index.json 鐨勬湇鍔＄储寮曘€?[C:\MesIngest\Ticket11\run-wpf-ui-20260810-0145-v20-approved-final\Source\mes\ingest\csharp\MesIngest.Watch.UiTests\MesIngest.Watch.UiTests.csproj]
C:\MesIngest\Ticket11\run-wpf-ui-20260810-0145-v20-approved-final\Source\mes\ingest\csharp\MesIngest.Watch.UiTests\MesIngest.Watch.UiTests.csproj : warning NU1801: 鏃犳硶鍔犺浇婧?https://api.nuget.org/v3/index.json 鐨勬湇鍔＄储寮曘€?
C:\MesIngest\Ticket11\run-wpf-ui-20260810-0145-v20-approved-final\Source\mes\ingest\csharp\MesIngest.Core\MesIngest.Core.csproj : warning NU1801: 鏃犳硶鍔犺浇婧?https://api.nuget.org/v3/index.json 鐨勬湇鍔＄储寮曘€?[C:\MesIngest\Ticket11\run-wpf-ui-20260810-0145-v20-approved-final\Source\mes\ingest\csharp\MesIngest.Watch.UiTests\MesIngest.Watch.UiTests.csproj]
C:\MesIngest\Ticket11\run-wpf-ui-20260810-0145-v20-approved-final\Source\mes\ingest\csharp\MesIngest.Watch\MesIngest.Watch.csproj : warning NU1801: 鏃犳硶鍔犺浇婧?https://api.nuget.org/v3/index.json 鐨勬湇鍔＄储寮曘€?[C:\MesIngest\Ticket11\run-wpf-ui-20260810-0145-v20-approved-final\Source\mes\ingest\csharp\MesIngest.Watch.UiTests\MesIngest.Watch.UiTests.csproj]
C:\MesIngest\Ticket11\run-wpf-ui-20260810-0145-v20-approved-final\Source\mes\ingest\csharp\MesIngest.Core\MesIngest.Core.csproj : warning NU1801: 鏃犳硶鍔犺浇婧?https://api.nuget.org/v3/index.json 鐨勬湇鍔＄储寮曘€?[C:\MesIngest\Ticket11\run-wpf-ui-20260810-0145-v20-approved-final\Source\mes\ingest\csharp\MesIngest.Watch.UiTests\MesIngest.Watch.UiTests.csproj]
C:\MesIngest\Ticket11\run-wpf-ui-20260810-0145-v20-approved-final\Source\mes\ingest\csharp\MesIngest.Watch.UiTests\MesIngest.Watch.UiTests.csproj : warning NU1801: 鏃犳硶鍔犺浇婧?https://api.nuget.org/v3/index.json 鐨勬湇鍔＄储寮曘€?
C:\MesIngest\Ticket11\run-wpf-ui-20260810-0145-v20-approved-final\Source\mes\ingest\csharp\MesIngest.Watch.UiTests\MesIngest.Watch.UiTests.csproj : warning NU1801: 鏃犳硶鍔犺浇婧?https://api.nuget.org/v3/index.json 鐨勬湇鍔＄储寮曘€?
C:\MesIngest\Ticket11\run-wpf-ui-20260810-0145-v20-approved-final\Source\mes\ingest\csharp\MesIngest.Watch.UiTests\MesIngest.Watch.UiTests.csproj : warning NU1801: 鏃犳硶鍔犺浇婧?https://api.nuget.org/v3/index.json 鐨勬湇鍔＄储寮曘€?
C:\MesIngest\Ticket11\run-wpf-ui-20260810-0145-v20-approved-final\Source\mes\ingest\csharp\MesIngest.Watch.UiTests\MesIngest.Watch.UiTests.csproj : warning NU1801: 鏃犳硶鍔犺浇婧?https://api.nuget.org/v3/index.json 鐨勬湇鍔＄储寮曘€?
C:\MesIngest\Ticket11\run-wpf-ui-20260810-0145-v20-approved-final\Source\mes\ingest\csharp\MesIngest.Core\MesIngest.Core.csproj : warning NU1603: Azure.Identity 1.11.4 渚濊禆浜?System.Memory (>= 4.5.4)锛屼絾鎵句笉鍒?System.Memory 4.5.4銆?宸茶В鍐?System.Memory 4.6.0 鐨勮繎浼兼渶浣冲尮閰嶃€? [C:\MesIngest\Ticket11\run-wpf-ui-20260810-0145-v20-approved-final\Source\mes\ingest\csharp\MesIngest.Watch.UiTests\MesIngest.Watch.UiTests.csproj]
C:\MesIngest\Ticket11\run-wpf-ui-20260810-0145-v20-approved-final\Source\mes\ingest\csharp\MesIngest.Core\MesIngest.Core.csproj : warning NU1603: Azure.Identity 1.11.4 渚濊禆浜?System.Security.Cryptography.ProtectedData (>= 4.7.0)锛屼絾鎵句笉鍒?System.Security.Cryptography.ProtectedData 4.7.0銆?宸茶В鍐?System.Security.Cryptography.ProtectedData 8.0.0 鐨勮繎浼兼渶浣冲尮閰嶃€? [C:\MesIngest\Ticket11\run-wpf-ui-20260810-0145-v20-approved-final\Source\mes\ingest\csharp\MesIngest.Watch.UiTests\MesIngest.Watch.UiTests.csproj]
C:\MesIngest\Ticket11\run-wpf-ui-20260810-0145-v20-approved-final\Source\mes\ingest\csharp\MesIngest.Watch.UiTests\MesIngest.Watch.UiTests.csproj : warning NU1603: Verify.XunitV3 31.16.1 渚濊禆浜?DiffEngine (>= 19.1.2)锛屼絾鎵句笉鍒?DiffEngine 19.1.2銆?宸茶В鍐?DiffEngine 19.1.3 鐨勮繎浼兼渶浣冲尮閰嶃€?
C:\MesIngest\Ticket11\run-wpf-ui-20260810-0145-v20-approved-final\Source\mes\ingest\csharp\MesIngest.Watch.UiTests\MesIngest.Watch.UiTests.csproj : warning NU1603: xunit.v3.common 3.2.2 渚濊禆浜?Microsoft.Bcl.AsyncInterfaces (>= 6.0.0)锛屼絾鎵句笉鍒?Microsoft.Bcl.AsyncInterfaces 6.0.0銆?宸茶В鍐?Microsoft.Bcl.AsyncInterfaces 10.0.6 鐨勮繎浼兼渶浣冲尮閰嶃€?
C:\MesIngest\Ticket11\run-wpf-ui-20260810-0145-v20-approved-final\Source\mes\ingest\csharp\MesIngest.Watch\MesIngest.Watch.csproj : warning NU1603: Azure.Identity 1.11.4 渚濊禆浜?System.Memory (>= 4.5.4)锛屼絾鎵句笉鍒?System.Memory 4.5.4銆?宸茶В鍐?System.Memory 4.6.0 鐨勮繎浼兼渶浣冲尮閰嶃€? [C:\MesIngest\Ticket11\run-wpf-ui-20260810-0145-v20-approved-final\Source\mes\ingest\csharp\MesIngest.Watch.UiTests\MesIngest.Watch.UiTests.csproj]
C:\MesIngest\Ticket11\run-wpf-ui-20260810-0145-v20-approved-final\Source\mes\ingest\csharp\MesIngest.Watch.UiTests\MesIngest.Watch.UiTests.csproj : warning NU1603: Microsoft.ApplicationInsights 2.23.0 渚濊禆浜?System.Diagnostics.DiagnosticSource (>= 5.0.0)锛屼絾鎵句笉鍒?System.Diagnostics.DiagnosticSource 5.0.0銆?宸茶В鍐?System.Diagnostics.DiagnosticSource 6.0.1 鐨勮繎浼兼渶浣冲尮閰嶃€?
C:\MesIngest\Ticket11\run-wpf-ui-20260810-0145-v20-approved-final\Source\mes\ingest\csharp\MesIngest.Watch.UiTests\MesIngest.Watch.UiTests.csproj : warning NU1603: Azure.Identity 1.11.4 渚濊禆浜?System.Memory (>= 4.5.4)锛屼絾鎵句笉鍒?System.Memory 4.5.4銆?宸茶В鍐?System.Memory 4.6.0 鐨勮繎浼兼渶浣冲尮閰嶃€?
C:\MesIngest\Ticket11\run-wpf-ui-20260810-0145-v20-approved-final\Source\mes\ingest\csharp\MesIngest.Watch.UiTests\MesIngest.Watch.UiTests.csproj : warning NU1603: Azure.Identity 1.11.4 渚濊禆浜?System.Security.Cryptography.ProtectedData (>= 4.7.0)锛屼絾鎵句笉鍒?System.Security.Cryptography.ProtectedData 4.7.0銆?宸茶В鍐?System.Security.Cryptography.ProtectedData 8.0.0 鐨勮繎浼兼渶浣冲尮閰嶃€?
C:\MesIngest\Ticket11\run-wpf-ui-20260810-0145-v20-approved-final\Source\mes\ingest\csharp\MesIngest.Watch\MesIngest.Watch.csproj : warning NU1603: Azure.Identity 1.11.4 渚濊禆浜?System.Security.Cryptography.ProtectedData (>= 4.7.0)锛屼絾鎵句笉鍒?System.Security.Cryptography.ProtectedData 4.7.0銆?宸茶В鍐?System.Security.Cryptography.ProtectedData 8.0.0 鐨勮繎浼兼渶浣冲尮閰嶃€? [C:\MesIngest\Ticket11\run-wpf-ui-20260810-0145-v20-approved-final\Source\mes\ingest\csharp\MesIngest.Watch.UiTests\MesIngest.Watch.UiTests.csproj]
  鎵€鏈夐」鐩潎鏄渶鏂扮殑锛屾棤娉曡繕鍘熴€?
C:\MesIngest\Ticket11\run-wpf-ui-20260810-0145-v20-approved-final\Source\mes\ingest\csharp\MesIngest.Watch.UiTests\MesIngest.Watch.UiTests.csproj : warning NU1801: 鏃犳硶鍔犺浇婧?https://api.nuget.org/v3/index.json 鐨勬湇鍔＄储寮曘€?
C:\MesIngest\Ticket11\run-wpf-ui-20260810-0145-v20-approved-final\Source\mes\ingest\csharp\MesIngest.Watch.UiTests\MesIngest.Watch.UiTests.csproj : warning NU1801: 鏃犳硶鍔犺浇婧?https://api.nuget.org/v3/index.json 鐨勬湇鍔＄储寮曘€?
C:\MesIngest\Ticket11\run-wpf-ui-20260810-0145-v20-approved-final\Source\mes\ingest\csharp\MesIngest.Watch.UiTests\MesIngest.Watch.UiTests.csproj : warning NU1801: 鏃犳硶鍔犺浇婧?https://api.nuget.org/v3/index.json 鐨勬湇鍔＄储寮曘€?
C:\MesIngest\Ticket11\run-wpf-ui-20260810-0145-v20-approved-final\Source\mes\ingest\csharp\MesIngest.Watch.UiTests\MesIngest.Watch.UiTests.csproj : warning NU1801: 鏃犳硶鍔犺浇婧?https://api.nuget.org/v3/index.json 鐨勬湇鍔＄储寮曘€?
C:\MesIngest\Ticket11\run-wpf-ui-20260810-0145-v20-approved-final\Source\mes\ingest\csharp\MesIngest.Watch.UiTests\MesIngest.Watch.UiTests.csproj : warning NU1801: 鏃犳硶鍔犺浇婧?https://api.nuget.org/v3/index.json 鐨勬湇鍔＄储寮曘€?
C:\MesIngest\Ticket11\run-wpf-ui-20260810-0145-v20-approved-final\Source\mes\ingest\csharp\MesIngest.Watch.UiTests\MesIngest.Watch.UiTests.csproj : warning NU1603: Verify.XunitV3 31.16.1 渚濊禆浜?DiffEngine (>= 19.1.2)锛屼絾鎵句笉鍒?DiffEngine 19.1.2銆?宸茶В鍐?DiffEngine 19.1.3 鐨勮繎浼兼渶浣冲尮閰嶃€?
C:\MesIngest\Ticket11\run-wpf-ui-20260810-0145-v20-approved-final\Source\mes\ingest\csharp\MesIngest.Watch.UiTests\MesIngest.Watch.UiTests.csproj : warning NU1603: xunit.v3.common 3.2.2 渚濊禆浜?Microsoft.Bcl.AsyncInterfaces (>= 6.0.0)锛屼絾鎵句笉鍒?Microsoft.Bcl.AsyncInterfaces 6.0.0銆?宸茶В鍐?Microsoft.Bcl.AsyncInterfaces 10.0.6 鐨勮繎浼兼渶浣冲尮閰嶃€?
C:\MesIngest\Ticket11\run-wpf-ui-20260810-0145-v20-approved-final\Source\mes\ingest\csharp\MesIngest.Watch.UiTests\MesIngest.Watch.UiTests.csproj : warning NU1603: Microsoft.ApplicationInsights 2.23.0 渚濊禆浜?System.Diagnostics.DiagnosticSource (>= 5.0.0)锛屼絾鎵句笉鍒?System.Diagnostics.DiagnosticSource 5.0.0銆?宸茶В鍐?System.Diagnostics.DiagnosticSource 6.0.1 鐨勮繎浼兼渶浣冲尮閰嶃€?
C:\MesIngest\Ticket11\run-wpf-ui-20260810-0145-v20-approved-final\Source\mes\ingest\csharp\MesIngest.Watch.UiTests\MesIngest.Watch.UiTests.csproj : warning NU1603: Azure.Identity 1.11.4 渚濊禆浜?System.Memory (>= 4.5.4)锛屼絾鎵句笉鍒?System.Memory 4.5.4銆?宸茶В鍐?System.Memory 4.6.0 鐨勮繎浼兼渶浣冲尮閰嶃€?
C:\MesIngest\Ticket11\run-wpf-ui-20260810-0145-v20-approved-final\Source\mes\ingest\csharp\MesIngest.Watch.UiTests\MesIngest.Watch.UiTests.csproj : warning NU1603: Azure.Identity 1.11.4 渚濊禆浜?System.Security.Cryptography.ProtectedData (>= 4.7.0)锛屼絾鎵句笉鍒?System.Security.Cryptography.ProtectedData 4.7.0銆?宸茶В鍐?System.Security.Cryptography.ProtectedData 8.0.0 鐨勮繎浼兼渶浣冲尮閰嶃€?
C:\MesIngest\Ticket11\run-wpf-ui-20260810-0145-v20-approved-final\Source\mes\ingest\csharp\MesIngest.Core\MesIngest.Core.csproj : warning NU1801: 鏃犳硶鍔犺浇婧?https://api.nuget.org/v3/index.json 鐨勬湇鍔＄储寮曘€?
C:\MesIngest\Ticket11\run-wpf-ui-20260810-0145-v20-approved-final\Source\mes\ingest\csharp\MesIngest.Core\MesIngest.Core.csproj : warning NU1801: 鏃犳硶鍔犺浇婧?https://api.nuget.org/v3/index.json 鐨勬湇鍔＄储寮曘€?
C:\MesIngest\Ticket11\run-wpf-ui-20260810-0145-v20-approved-final\Source\mes\ingest\csharp\MesIngest.Core\MesIngest.Core.csproj : warning NU1603: Azure.Identity 1.11.4 渚濊禆浜?System.Memory (>= 4.5.4)锛屼絾鎵句笉鍒?System.Memory 4.5.4銆?宸茶В鍐?System.Memory 4.6.0 鐨勮繎浼兼渶浣冲尮閰嶃€?
C:\MesIngest\Ticket11\run-wpf-ui-20260810-0145-v20-approved-final\Source\mes\ingest\csharp\MesIngest.Core\MesIngest.Core.csproj : warning NU1603: Azure.Identity 1.11.4 渚濊禆浜?System.Security.Cryptography.ProtectedData (>= 4.7.0)锛屼絾鎵句笉鍒?System.Security.Cryptography.ProtectedData 4.7.0銆?宸茶В鍐?System.Security.Cryptography.ProtectedData 8.0.0 鐨勮繎浼兼渶浣冲尮閰嶃€?
C:\MesIngest\Ticket11\run-wpf-ui-20260810-0145-v20-approved-final\Source\mes\ingest\csharp\MesIngest.Watch\MesIngest.Watch.csproj : warning NU1801: 鏃犳硶鍔犺浇婧?https://api.nuget.org/v3/index.json 鐨勬湇鍔＄储寮曘€?
C:\MesIngest\Ticket11\run-wpf-ui-20260810-0145-v20-approved-final\Source\mes\ingest\csharp\MesIngest.Watch\MesIngest.Watch.csproj : warning NU1801: 鏃犳硶鍔犺浇婧?https://api.nuget.org/v3/index.json 鐨勬湇鍔＄储寮曘€?
C:\MesIngest\Ticket11\run-wpf-ui-20260810-0145-v20-approved-final\Source\mes\ingest\csharp\MesIngest.Watch\MesIngest.Watch.csproj : warning NU1603: Azure.Identity 1.11.4 渚濊禆浜?System.Memory (>= 4.5.4)锛屼絾鎵句笉鍒?System.Memory 4.5.4銆?宸茶В鍐?System.Memory 4.6.0 鐨勮繎浼兼渶浣冲尮閰嶃€?
C:\MesIngest\Ticket11\run-wpf-ui-20260810-0145-v20-approved-final\Source\mes\ingest\csharp\MesIngest.Watch\MesIngest.Watch.csproj : warning NU1603: Azure.Identity 1.11.4 渚濊禆浜?System.Security.Cryptography.ProtectedData (>= 4.7.0)锛屼絾鎵句笉鍒?System.Security.Cryptography.ProtectedData 4.7.0銆?宸茶В鍐?System.Security.Cryptography.ProtectedData 8.0.0 鐨勮繎浼兼渶浣冲尮閰嶃€?
xUnit.net v3 In-Process Runner v3.2.2+728c1dce01 (64-bit .NET 8.0.29)
  Discovering: MesIngest.Watch.UiTests
  Discovered:  MesIngest.Watch.UiTests
  Starting:    MesIngest.Watch.UiTests
  Finished:    MesIngest.Watch.UiTests (ID = 'c49bbc9a0087275b64c3bfc324ba83e568b5e6f4e2b7e1b399a6c9bb3932cfd3')
=== TEST EXECUTION SUMMARY ===
   MesIngest.Watch.UiTests  Total: 1, Errors: 0, Failed: 0, Skipped: 0, Not Run: 0, Time: 0.101s
WATCH_UI_ENVIRONMENT_OK: session=1 name=(not exported; validated by Explorer and OpenInputDesktop); suite=watch-xaml-visual; artifacts=C:\MesIngest\Ticket11\run-wpf-ui-20260810-0145-v20-approved-final\Source\mes\ingest\csharp\TestResults\watch-ui\20260810-014824-855; running serial xUnit v3 UI tests.
C:\MesIngest\Ticket11\run-wpf-ui-20260810-0145-v20-approved-final\Source\mes\ingest\csharp\MesIngest.Watch.UiTests\MesIngest.Watch.UiTests.csproj : warning NU1801: 鏃犳硶鍔犺浇婧?https://api.nuget.org/v3/index.json 鐨勬湇鍔＄储寮曘€?
C:\MesIngest\Ticket11\run-wpf-ui-20260810-0145-v20-approved-final\Source\mes\ingest\csharp\MesIngest.Watch.UiTests\MesIngest.Watch.UiTests.csproj : warning NU1801: 鏃犳硶鍔犺浇婧?https://api.nuget.org/v3/index.json 鐨勬湇鍔＄储寮曘€?
C:\MesIngest\Ticket11\run-wpf-ui-20260810-0145-v20-approved-final\Source\mes\ingest\csharp\MesIngest.Watch.UiTests\MesIngest.Watch.UiTests.csproj : warning NU1801: 鏃犳硶鍔犺浇婧?https://api.nuget.org/v3/index.json 鐨勬湇鍔＄储寮曘€?
C:\MesIngest\Ticket11\run-wpf-ui-20260810-0145-v20-approved-final\Source\mes\ingest\csharp\MesIngest.Watch.UiTests\MesIngest.Watch.UiTests.csproj : warning NU1801: 鏃犳硶鍔犺浇婧?https://api.nuget.org/v3/index.json 鐨勬湇鍔＄储寮曘€?
C:\MesIngest\Ticket11\run-wpf-ui-20260810-0145-v20-approved-final\Source\mes\ingest\csharp\MesIngest.Watch.UiTests\MesIngest.Watch.UiTests.csproj : warning NU1801: 鏃犳硶鍔犺浇婧?https://api.nuget.org/v3/index.json 鐨勬湇鍔＄储寮曘€?
C:\MesIngest\Ticket11\run-wpf-ui-20260810-0145-v20-approved-final\Source\mes\ingest\csharp\MesIngest.Watch.UiTests\MesIngest.Watch.UiTests.csproj : warning NU1603: Verify.XunitV3 31.16.1 渚濊禆浜?DiffEngine (>= 19.1.2)锛屼絾鎵句笉鍒?DiffEngine 19.1.2銆?宸茶В鍐?DiffEngine 19.1.3 鐨勮繎浼兼渶浣冲尮閰嶃€?
C:\MesIngest\Ticket11\run-wpf-ui-20260810-0145-v20-approved-final\Source\mes\ingest\csharp\MesIngest.Watch.UiTests\MesIngest.Watch.UiTests.csproj : warning NU1603: xunit.v3.common 3.2.2 渚濊禆浜?Microsoft.Bcl.AsyncInterfaces (>= 6.0.0)锛屼絾鎵句笉鍒?Microsoft.Bcl.AsyncInterfaces 6.0.0銆?宸茶В鍐?Microsoft.Bcl.AsyncInterfaces 10.0.6 鐨勮繎浼兼渶浣冲尮閰嶃€?
C:\MesIngest\Ticket11\run-wpf-ui-20260810-0145-v20-approved-final\Source\mes\ingest\csharp\MesIngest.Watch.UiTests\MesIngest.Watch.UiTests.csproj : warning NU1603: Microsoft.ApplicationInsights 2.23.0 渚濊禆浜?System.Diagnostics.DiagnosticSource (>= 5.0.0)锛屼絾鎵句笉鍒?System.Diagnostics.DiagnosticSource 5.0.0銆?宸茶В鍐?System.Diagnostics.DiagnosticSource 6.0.1 鐨勮繎浼兼渶浣冲尮閰嶃€?
C:\MesIngest\Ticket11\run-wpf-ui-20260810-0145-v20-approved-final\Source\mes\ingest\csharp\MesIngest.Watch.UiTests\MesIngest.Watch.UiTests.csproj : warning NU1603: Azure.Identity 1.11.4 渚濊禆浜?System.Memory (>= 4.5.4)锛屼絾鎵句笉鍒?System.Memory 4.5.4銆?宸茶В鍐?System.Memory 4.6.0 鐨勮繎浼兼渶浣冲尮閰嶃€?
C:\MesIngest\Ticket11\run-wpf-ui-20260810-0145-v20-approved-final\Source\mes\ingest\csharp\MesIngest.Watch.UiTests\MesIngest.Watch.UiTests.csproj : warning NU1603: Azure.Identity 1.11.4 渚濊禆浜?System.Security.Cryptography.ProtectedData (>= 4.7.0)锛屼絾鎵句笉鍒?System.Security.Cryptography.ProtectedData 4.7.0銆?宸茶В鍐?System.Security.Cryptography.ProtectedData 8.0.0 鐨勮繎浼兼渶浣冲尮閰嶃€?
C:\MesIngest\Ticket11\run-wpf-ui-20260810-0145-v20-approved-final\Source\mes\ingest\csharp\MesIngest.Core\MesIngest.Core.csproj : warning NU1801: 鏃犳硶鍔犺浇婧?https://api.nuget.org/v3/index.json 鐨勬湇鍔＄储寮曘€?
C:\MesIngest\Ticket11\run-wpf-ui-20260810-0145-v20-approved-final\Source\mes\ingest\csharp\MesIngest.Core\MesIngest.Core.csproj : warning NU1801: 鏃犳硶鍔犺浇婧?https://api.nuget.org/v3/index.json 鐨勬湇鍔＄储寮曘€?
C:\MesIngest\Ticket11\run-wpf-ui-20260810-0145-v20-approved-final\Source\mes\ingest\csharp\MesIngest.Core\MesIngest.Core.csproj : warning NU1603: Azure.Identity 1.11.4 渚濊禆浜?System.Memory (>= 4.5.4)锛屼絾鎵句笉鍒?System.Memory 4.5.4銆?宸茶В鍐?System.Memory 4.6.0 鐨勮繎浼兼渶浣冲尮閰嶃€?
C:\MesIngest\Ticket11\run-wpf-ui-20260810-0145-v20-approved-final\Source\mes\ingest\csharp\MesIngest.Core\MesIngest.Core.csproj : warning NU1603: Azure.Identity 1.11.4 渚濊禆浜?System.Security.Cryptography.ProtectedData (>= 4.7.0)锛屼絾鎵句笉鍒?System.Security.Cryptography.ProtectedData 4.7.0銆?宸茶В鍐?System.Security.Cryptography.ProtectedData 8.0.0 鐨勮繎浼兼渶浣冲尮閰嶃€?
C:\MesIngest\Ticket11\run-wpf-ui-20260810-0145-v20-approved-final\Source\mes\ingest\csharp\MesIngest.Watch\MesIngest.Watch.csproj : warning NU1801: 鏃犳硶鍔犺浇婧?https://api.nuget.org/v3/index.json 鐨勬湇鍔＄储寮曘€?
C:\MesIngest\Ticket11\run-wpf-ui-20260810-0145-v20-approved-final\Source\mes\ingest\csharp\MesIngest.Watch\MesIngest.Watch.csproj : warning NU1801: 鏃犳硶鍔犺浇婧?https://api.nuget.org/v3/index.json 鐨勬湇鍔＄储寮曘€?
C:\MesIngest\Ticket11\run-wpf-ui-20260810-0145-v20-approved-final\Source\mes\ingest\csharp\MesIngest.Watch\MesIngest.Watch.csproj : warning NU1603: Azure.Identity 1.11.4 渚濊禆浜?System.Memory (>= 4.5.4)锛屼絾鎵句笉鍒?System.Memory 4.5.4銆?宸茶В鍐?System.Memory 4.6.0 鐨勮繎浼兼渶浣冲尮閰嶃€?
C:\MesIngest\Ticket11\run-wpf-ui-20260810-0145-v20-approved-final\Source\mes\ingest\csharp\MesIngest.Watch\MesIngest.Watch.csproj : warning NU1603: Azure.Identity 1.11.4 渚濊禆浜?System.Security.Cryptography.ProtectedData (>= 4.7.0)锛屼絾鎵句笉鍒?System.Security.Cryptography.ProtectedData 4.7.0銆?宸茶В鍐?System.Security.Cryptography.ProtectedData 8.0.0 鐨勮繎浼兼渶浣冲尮閰嶃€?
xUnit.net v3 In-Process Runner v3.2.2+728c1dce01 (64-bit .NET 8.0.29)
  Discovering: MesIngest.Watch.UiTests
  Discovered:  MesIngest.Watch.UiTests
  Starting:    MesIngest.Watch.UiTests
  Finished:    MesIngest.Watch.UiTests (ID = 'c49bbc9a0087275b64c3bfc324ba83e568b5e6f4e2b7e1b399a6c9bb3932cfd3')
=== TEST EXECUTION SUMMARY ===
   MesIngest.Watch.UiTests  Total: 20, Errors: 0, Failed: 0, Skipped: 0, Not Run: 0, Time: 27.443s
WATCH_UI_ALL_PASSED: suite=watch-xaml-visual artifacts=C:\MesIngest\Ticket11\run-wpf-ui-20260810-0145-v20-approved-final\Source\mes\ingest\csharp\TestResults\watch-ui\20260810-014824-855
WATCH_XAML_STABILITY_RUN: 10/10
WATCH_XAML_STABLE: all approved baselines matched in 10 consecutive runs.
