  姝ｅ湪纭畾瑕佽繕鍘熺殑椤圭洰鈥?
C:\MesIngest\Ticket11\run-wpf-ui-20260810-0405-v26-normalized\Source\mes\ingest\csharp\MesIngest.Watch.UiTests\MesIngest.Watch.UiTests.csproj : warning NU1801: 鏃犳硶鍔犺浇婧?https://api.nuget.org/v3/index.json 鐨勬湇鍔＄储寮曘€?
C:\MesIngest\Ticket11\run-wpf-ui-20260810-0405-v26-normalized\Source\mes\ingest\csharp\MesIngest.Core\MesIngest.Core.csproj : warning NU1801: 鏃犳硶鍔犺浇婧?https://api.nuget.org/v3/index.json 鐨勬湇鍔＄储寮曘€?[C:\MesIngest\Ticket11\run-wpf-ui-20260810-0405-v26-normalized\Source\mes\ingest\csharp\MesIngest.Watch.UiTests\MesIngest.Watch.UiTests.csproj]
C:\MesIngest\Ticket11\run-wpf-ui-20260810-0405-v26-normalized\Source\mes\ingest\csharp\MesIngest.Watch\MesIngest.Watch.csproj : warning NU1801: 鏃犳硶鍔犺浇婧?https://api.nuget.org/v3/index.json 鐨勬湇鍔＄储寮曘€?[C:\MesIngest\Ticket11\run-wpf-ui-20260810-0405-v26-normalized\Source\mes\ingest\csharp\MesIngest.Watch.UiTests\MesIngest.Watch.UiTests.csproj]
C:\MesIngest\Ticket11\run-wpf-ui-20260810-0405-v26-normalized\Source\mes\ingest\csharp\MesIngest.Core\MesIngest.Core.csproj : warning NU1801: 鏃犳硶鍔犺浇婧?https://api.nuget.org/v3/index.json 鐨勬湇鍔＄储寮曘€?[C:\MesIngest\Ticket11\run-wpf-ui-20260810-0405-v26-normalized\Source\mes\ingest\csharp\MesIngest.Watch.UiTests\MesIngest.Watch.UiTests.csproj]
C:\MesIngest\Ticket11\run-wpf-ui-20260810-0405-v26-normalized\Source\mes\ingest\csharp\MesIngest.Watch\MesIngest.Watch.csproj : warning NU1801: 鏃犳硶鍔犺浇婧?https://api.nuget.org/v3/index.json 鐨勬湇鍔＄储寮曘€?[C:\MesIngest\Ticket11\run-wpf-ui-20260810-0405-v26-normalized\Source\mes\ingest\csharp\MesIngest.Watch.UiTests\MesIngest.Watch.UiTests.csproj]
C:\MesIngest\Ticket11\run-wpf-ui-20260810-0405-v26-normalized\Source\mes\ingest\csharp\MesIngest.Watch\MesIngest.Watch.csproj : warning NU1603: Azure.Identity 1.11.4 渚濊禆浜?System.Memory (>= 4.5.4)锛屼絾鎵句笉鍒?System.Memory 4.5.4銆?宸茶В鍐?System.Memory 4.6.0 鐨勮繎浼兼渶浣冲尮閰嶃€? [C:\MesIngest\Ticket11\run-wpf-ui-20260810-0405-v26-normalized\Source\mes\ingest\csharp\MesIngest.Watch.UiTests\MesIngest.Watch.UiTests.csproj]
C:\MesIngest\Ticket11\run-wpf-ui-20260810-0405-v26-normalized\Source\mes\ingest\csharp\MesIngest.Core\MesIngest.Core.csproj : warning NU1603: Azure.Identity 1.11.4 渚濊禆浜?System.Memory (>= 4.5.4)锛屼絾鎵句笉鍒?System.Memory 4.5.4銆?宸茶В鍐?System.Memory 4.6.0 鐨勮繎浼兼渶浣冲尮閰嶃€? [C:\MesIngest\Ticket11\run-wpf-ui-20260810-0405-v26-normalized\Source\mes\ingest\csharp\MesIngest.Watch.UiTests\MesIngest.Watch.UiTests.csproj]
C:\MesIngest\Ticket11\run-wpf-ui-20260810-0405-v26-normalized\Source\mes\ingest\csharp\MesIngest.Watch\MesIngest.Watch.csproj : warning NU1603: Azure.Identity 1.11.4 渚濊禆浜?System.Security.Cryptography.ProtectedData (>= 4.7.0)锛屼絾鎵句笉鍒?System.Security.Cryptography.ProtectedData 4.7.0銆?宸茶В鍐?System.Security.Cryptography.ProtectedData 8.0.0 鐨勮繎浼兼渶浣冲尮閰嶃€? [C:\MesIngest\Ticket11\run-wpf-ui-20260810-0405-v26-normalized\Source\mes\ingest\csharp\MesIngest.Watch.UiTests\MesIngest.Watch.UiTests.csproj]
C:\MesIngest\Ticket11\run-wpf-ui-20260810-0405-v26-normalized\Source\mes\ingest\csharp\MesIngest.Core\MesIngest.Core.csproj : warning NU1603: Azure.Identity 1.11.4 渚濊禆浜?System.Security.Cryptography.ProtectedData (>= 4.7.0)锛屼絾鎵句笉鍒?System.Security.Cryptography.ProtectedData 4.7.0銆?宸茶В鍐?System.Security.Cryptography.ProtectedData 8.0.0 鐨勮繎浼兼渶浣冲尮閰嶃€? [C:\MesIngest\Ticket11\run-wpf-ui-20260810-0405-v26-normalized\Source\mes\ingest\csharp\MesIngest.Watch.UiTests\MesIngest.Watch.UiTests.csproj]
  宸茶繕鍘?C:\MesIngest\Ticket11\run-wpf-ui-20260810-0405-v26-normalized\Source\mes\ingest\csharp\MesIngest.Core\MesIngest.Core.csproj (鐢ㄦ椂 17.25 绉?銆?
  宸茶繕鍘?C:\MesIngest\Ticket11\run-wpf-ui-20260810-0405-v26-normalized\Source\mes\ingest\csharp\MesIngest.Watch\MesIngest.Watch.csproj (鐢ㄦ椂 17.25 绉?銆?
C:\MesIngest\Ticket11\run-wpf-ui-20260810-0405-v26-normalized\Source\mes\ingest\csharp\MesIngest.Watch.UiTests\MesIngest.Watch.UiTests.csproj : warning NU1801: 鏃犳硶鍔犺浇婧?https://api.nuget.org/v3/index.json 鐨勬湇鍔＄储寮曘€?
C:\MesIngest\Ticket11\run-wpf-ui-20260810-0405-v26-normalized\Source\mes\ingest\csharp\MesIngest.Watch.UiTests\MesIngest.Watch.UiTests.csproj : warning NU1801: 鏃犳硶鍔犺浇婧?https://api.nuget.org/v3/index.json 鐨勬湇鍔＄储寮曘€?
C:\MesIngest\Ticket11\run-wpf-ui-20260810-0405-v26-normalized\Source\mes\ingest\csharp\MesIngest.Watch.UiTests\MesIngest.Watch.UiTests.csproj : warning NU1801: 鏃犳硶鍔犺浇婧?https://api.nuget.org/v3/index.json 鐨勬湇鍔＄储寮曘€?
C:\MesIngest\Ticket11\run-wpf-ui-20260810-0405-v26-normalized\Source\mes\ingest\csharp\MesIngest.Watch.UiTests\MesIngest.Watch.UiTests.csproj : warning NU1801: 鏃犳硶鍔犺浇婧?https://api.nuget.org/v3/index.json 鐨勬湇鍔＄储寮曘€?
C:\MesIngest\Ticket11\run-wpf-ui-20260810-0405-v26-normalized\Source\mes\ingest\csharp\MesIngest.Watch.UiTests\MesIngest.Watch.UiTests.csproj : warning NU1603: Verify.XunitV3 31.16.1 渚濊禆浜?DiffEngine (>= 19.1.2)锛屼絾鎵句笉鍒?DiffEngine 19.1.2銆?宸茶В鍐?DiffEngine 19.1.3 鐨勮繎浼兼渶浣冲尮閰嶃€?
C:\MesIngest\Ticket11\run-wpf-ui-20260810-0405-v26-normalized\Source\mes\ingest\csharp\MesIngest.Watch.UiTests\MesIngest.Watch.UiTests.csproj : warning NU1603: xunit.v3.common 3.2.2 渚濊禆浜?Microsoft.Bcl.AsyncInterfaces (>= 6.0.0)锛屼絾鎵句笉鍒?Microsoft.Bcl.AsyncInterfaces 6.0.0銆?宸茶В鍐?Microsoft.Bcl.AsyncInterfaces 10.0.6 鐨勮繎浼兼渶浣冲尮閰嶃€?
C:\MesIngest\Ticket11\run-wpf-ui-20260810-0405-v26-normalized\Source\mes\ingest\csharp\MesIngest.Watch.UiTests\MesIngest.Watch.UiTests.csproj : warning NU1603: Microsoft.ApplicationInsights 2.23.0 渚濊禆浜?System.Diagnostics.DiagnosticSource (>= 5.0.0)锛屼絾鎵句笉鍒?System.Diagnostics.DiagnosticSource 5.0.0銆?宸茶В鍐?System.Diagnostics.DiagnosticSource 6.0.1 鐨勮繎浼兼渶浣冲尮閰嶃€?
C:\MesIngest\Ticket11\run-wpf-ui-20260810-0405-v26-normalized\Source\mes\ingest\csharp\MesIngest.Watch.UiTests\MesIngest.Watch.UiTests.csproj : warning NU1603: Azure.Identity 1.11.4 渚濊禆浜?System.Memory (>= 4.5.4)锛屼絾鎵句笉鍒?System.Memory 4.5.4銆?宸茶В鍐?System.Memory 4.6.0 鐨勮繎浼兼渶浣冲尮閰嶃€?
C:\MesIngest\Ticket11\run-wpf-ui-20260810-0405-v26-normalized\Source\mes\ingest\csharp\MesIngest.Watch.UiTests\MesIngest.Watch.UiTests.csproj : warning NU1603: Azure.Identity 1.11.4 渚濊禆浜?System.Security.Cryptography.ProtectedData (>= 4.7.0)锛屼絾鎵句笉鍒?System.Security.Cryptography.ProtectedData 4.7.0銆?宸茶В鍐?System.Security.Cryptography.ProtectedData 8.0.0 鐨勮繎浼兼渶浣冲尮閰嶃€?
  宸茶繕鍘?C:\MesIngest\Ticket11\run-wpf-ui-20260810-0405-v26-normalized\Source\mes\ingest\csharp\MesIngest.Watch.UiTests\MesIngest.Watch.UiTests.csproj (鐢ㄦ椂 27.92 绉?銆?
C:\MesIngest\Ticket11\run-wpf-ui-20260810-0405-v26-normalized\Source\mes\ingest\csharp\MesIngest.Watch.UiTests\MesIngest.Watch.UiTests.csproj : warning NU1801: 鏃犳硶鍔犺浇婧?https://api.nuget.org/v3/index.json 鐨勬湇鍔＄储寮曘€?
C:\MesIngest\Ticket11\run-wpf-ui-20260810-0405-v26-normalized\Source\mes\ingest\csharp\MesIngest.Watch.UiTests\MesIngest.Watch.UiTests.csproj : warning NU1801: 鏃犳硶鍔犺浇婧?https://api.nuget.org/v3/index.json 鐨勬湇鍔＄储寮曘€?
C:\MesIngest\Ticket11\run-wpf-ui-20260810-0405-v26-normalized\Source\mes\ingest\csharp\MesIngest.Watch.UiTests\MesIngest.Watch.UiTests.csproj : warning NU1801: 鏃犳硶鍔犺浇婧?https://api.nuget.org/v3/index.json 鐨勬湇鍔＄储寮曘€?
C:\MesIngest\Ticket11\run-wpf-ui-20260810-0405-v26-normalized\Source\mes\ingest\csharp\MesIngest.Watch.UiTests\MesIngest.Watch.UiTests.csproj : warning NU1801: 鏃犳硶鍔犺浇婧?https://api.nuget.org/v3/index.json 鐨勬湇鍔＄储寮曘€?
C:\MesIngest\Ticket11\run-wpf-ui-20260810-0405-v26-normalized\Source\mes\ingest\csharp\MesIngest.Watch.UiTests\MesIngest.Watch.UiTests.csproj : warning NU1801: 鏃犳硶鍔犺浇婧?https://api.nuget.org/v3/index.json 鐨勬湇鍔＄储寮曘€?
C:\MesIngest\Ticket11\run-wpf-ui-20260810-0405-v26-normalized\Source\mes\ingest\csharp\MesIngest.Watch.UiTests\MesIngest.Watch.UiTests.csproj : warning NU1603: Verify.XunitV3 31.16.1 渚濊禆浜?DiffEngine (>= 19.1.2)锛屼絾鎵句笉鍒?DiffEngine 19.1.2銆?宸茶В鍐?DiffEngine 19.1.3 鐨勮繎浼兼渶浣冲尮閰嶃€?
C:\MesIngest\Ticket11\run-wpf-ui-20260810-0405-v26-normalized\Source\mes\ingest\csharp\MesIngest.Watch.UiTests\MesIngest.Watch.UiTests.csproj : warning NU1603: xunit.v3.common 3.2.2 渚濊禆浜?Microsoft.Bcl.AsyncInterfaces (>= 6.0.0)锛屼絾鎵句笉鍒?Microsoft.Bcl.AsyncInterfaces 6.0.0銆?宸茶В鍐?Microsoft.Bcl.AsyncInterfaces 10.0.6 鐨勮繎浼兼渶浣冲尮閰嶃€?
C:\MesIngest\Ticket11\run-wpf-ui-20260810-0405-v26-normalized\Source\mes\ingest\csharp\MesIngest.Watch.UiTests\MesIngest.Watch.UiTests.csproj : warning NU1603: Microsoft.ApplicationInsights 2.23.0 渚濊禆浜?System.Diagnostics.DiagnosticSource (>= 5.0.0)锛屼絾鎵句笉鍒?System.Diagnostics.DiagnosticSource 5.0.0銆?宸茶В鍐?System.Diagnostics.DiagnosticSource 6.0.1 鐨勮繎浼兼渶浣冲尮閰嶃€?
C:\MesIngest\Ticket11\run-wpf-ui-20260810-0405-v26-normalized\Source\mes\ingest\csharp\MesIngest.Watch.UiTests\MesIngest.Watch.UiTests.csproj : warning NU1603: Azure.Identity 1.11.4 渚濊禆浜?System.Memory (>= 4.5.4)锛屼絾鎵句笉鍒?System.Memory 4.5.4銆?宸茶В鍐?System.Memory 4.6.0 鐨勮繎浼兼渶浣冲尮閰嶃€?
C:\MesIngest\Ticket11\run-wpf-ui-20260810-0405-v26-normalized\Source\mes\ingest\csharp\MesIngest.Watch.UiTests\MesIngest.Watch.UiTests.csproj : warning NU1603: Azure.Identity 1.11.4 渚濊禆浜?System.Security.Cryptography.ProtectedData (>= 4.7.0)锛屼絾鎵句笉鍒?System.Security.Cryptography.ProtectedData 4.7.0銆?宸茶В鍐?System.Security.Cryptography.ProtectedData 8.0.0 鐨勮繎浼兼渶浣冲尮閰嶃€?
C:\MesIngest\Ticket11\run-wpf-ui-20260810-0405-v26-normalized\Source\mes\ingest\csharp\MesIngest.Core\MesIngest.Core.csproj : warning NU1801: 鏃犳硶鍔犺浇婧?https://api.nuget.org/v3/index.json 鐨勬湇鍔＄储寮曘€?
C:\MesIngest\Ticket11\run-wpf-ui-20260810-0405-v26-normalized\Source\mes\ingest\csharp\MesIngest.Core\MesIngest.Core.csproj : warning NU1801: 鏃犳硶鍔犺浇婧?https://api.nuget.org/v3/index.json 鐨勬湇鍔＄储寮曘€?
C:\MesIngest\Ticket11\run-wpf-ui-20260810-0405-v26-normalized\Source\mes\ingest\csharp\MesIngest.Core\MesIngest.Core.csproj : warning NU1603: Azure.Identity 1.11.4 渚濊禆浜?System.Memory (>= 4.5.4)锛屼絾鎵句笉鍒?System.Memory 4.5.4銆?宸茶В鍐?System.Memory 4.6.0 鐨勮繎浼兼渶浣冲尮閰嶃€?
C:\MesIngest\Ticket11\run-wpf-ui-20260810-0405-v26-normalized\Source\mes\ingest\csharp\MesIngest.Core\MesIngest.Core.csproj : warning NU1603: Azure.Identity 1.11.4 渚濊禆浜?System.Security.Cryptography.ProtectedData (>= 4.7.0)锛屼絾鎵句笉鍒?System.Security.Cryptography.ProtectedData 4.7.0銆?宸茶В鍐?System.Security.Cryptography.ProtectedData 8.0.0 鐨勮繎浼兼渶浣冲尮閰嶃€?
C:\MesIngest\Ticket11\run-wpf-ui-20260810-0405-v26-normalized\Source\mes\ingest\csharp\MesIngest.Watch\MesIngest.Watch.csproj : warning NU1801: 鏃犳硶鍔犺浇婧?https://api.nuget.org/v3/index.json 鐨勬湇鍔＄储寮曘€?
C:\MesIngest\Ticket11\run-wpf-ui-20260810-0405-v26-normalized\Source\mes\ingest\csharp\MesIngest.Watch\MesIngest.Watch.csproj : warning NU1801: 鏃犳硶鍔犺浇婧?https://api.nuget.org/v3/index.json 鐨勬湇鍔＄储寮曘€?
C:\MesIngest\Ticket11\run-wpf-ui-20260810-0405-v26-normalized\Source\mes\ingest\csharp\MesIngest.Watch\MesIngest.Watch.csproj : warning NU1603: Azure.Identity 1.11.4 渚濊禆浜?System.Memory (>= 4.5.4)锛屼絾鎵句笉鍒?System.Memory 4.5.4銆?宸茶В鍐?System.Memory 4.6.0 鐨勮繎浼兼渶浣冲尮閰嶃€?
C:\MesIngest\Ticket11\run-wpf-ui-20260810-0405-v26-normalized\Source\mes\ingest\csharp\MesIngest.Watch\MesIngest.Watch.csproj : warning NU1603: Azure.Identity 1.11.4 渚濊禆浜?System.Security.Cryptography.ProtectedData (>= 4.7.0)锛屼絾鎵句笉鍒?System.Security.Cryptography.ProtectedData 4.7.0銆?宸茶В鍐?System.Security.Cryptography.ProtectedData 8.0.0 鐨勮繎浼兼渶浣冲尮閰嶃€?
xUnit.net v3 In-Process Runner v3.2.2+728c1dce01 (64-bit .NET 8.0.29)
  Discovering: MesIngest.Watch.UiTests
  Discovered:  MesIngest.Watch.UiTests
  Starting:    MesIngest.Watch.UiTests
  Finished:    MesIngest.Watch.UiTests (ID = '21393fcd2f516a01831d764045a412bb82c968bdde63c97f453ac53ba0c23067')
=== TEST EXECUTION SUMMARY ===
   MesIngest.Watch.UiTests  Total: 1, Errors: 0, Failed: 0, Skipped: 0, Not Run: 0, Time: 0.459s
WATCH_UI_ENVIRONMENT_OK: session=1 name=(not exported; validated by Explorer and OpenInputDesktop); suite=watch-xaml-visual; artifacts=C:\MesIngest\Ticket11\run-wpf-ui-20260810-0405-v26-normalized\Source\mes\ingest\csharp\TestResults\watch-ui\20260810-024501-736; running serial xUnit v3 UI tests.
C:\MesIngest\Ticket11\run-wpf-ui-20260810-0405-v26-normalized\Source\mes\ingest\csharp\MesIngest.Watch.UiTests\MesIngest.Watch.UiTests.csproj : warning NU1801: 鏃犳硶鍔犺浇婧?https://api.nuget.org/v3/index.json 鐨勬湇鍔＄储寮曘€?
C:\MesIngest\Ticket11\run-wpf-ui-20260810-0405-v26-normalized\Source\mes\ingest\csharp\MesIngest.Watch.UiTests\MesIngest.Watch.UiTests.csproj : warning NU1801: 鏃犳硶鍔犺浇婧?https://api.nuget.org/v3/index.json 鐨勬湇鍔＄储寮曘€?
C:\MesIngest\Ticket11\run-wpf-ui-20260810-0405-v26-normalized\Source\mes\ingest\csharp\MesIngest.Watch.UiTests\MesIngest.Watch.UiTests.csproj : warning NU1801: 鏃犳硶鍔犺浇婧?https://api.nuget.org/v3/index.json 鐨勬湇鍔＄储寮曘€?
C:\MesIngest\Ticket11\run-wpf-ui-20260810-0405-v26-normalized\Source\mes\ingest\csharp\MesIngest.Watch.UiTests\MesIngest.Watch.UiTests.csproj : warning NU1801: 鏃犳硶鍔犺浇婧?https://api.nuget.org/v3/index.json 鐨勬湇鍔＄储寮曘€?
C:\MesIngest\Ticket11\run-wpf-ui-20260810-0405-v26-normalized\Source\mes\ingest\csharp\MesIngest.Watch.UiTests\MesIngest.Watch.UiTests.csproj : warning NU1801: 鏃犳硶鍔犺浇婧?https://api.nuget.org/v3/index.json 鐨勬湇鍔＄储寮曘€?
C:\MesIngest\Ticket11\run-wpf-ui-20260810-0405-v26-normalized\Source\mes\ingest\csharp\MesIngest.Watch.UiTests\MesIngest.Watch.UiTests.csproj : warning NU1603: Verify.XunitV3 31.16.1 渚濊禆浜?DiffEngine (>= 19.1.2)锛屼絾鎵句笉鍒?DiffEngine 19.1.2銆?宸茶В鍐?DiffEngine 19.1.3 鐨勮繎浼兼渶浣冲尮閰嶃€?
C:\MesIngest\Ticket11\run-wpf-ui-20260810-0405-v26-normalized\Source\mes\ingest\csharp\MesIngest.Watch.UiTests\MesIngest.Watch.UiTests.csproj : warning NU1603: xunit.v3.common 3.2.2 渚濊禆浜?Microsoft.Bcl.AsyncInterfaces (>= 6.0.0)锛屼絾鎵句笉鍒?Microsoft.Bcl.AsyncInterfaces 6.0.0銆?宸茶В鍐?Microsoft.Bcl.AsyncInterfaces 10.0.6 鐨勮繎浼兼渶浣冲尮閰嶃€?
C:\MesIngest\Ticket11\run-wpf-ui-20260810-0405-v26-normalized\Source\mes\ingest\csharp\MesIngest.Watch.UiTests\MesIngest.Watch.UiTests.csproj : warning NU1603: Microsoft.ApplicationInsights 2.23.0 渚濊禆浜?System.Diagnostics.DiagnosticSource (>= 5.0.0)锛屼絾鎵句笉鍒?System.Diagnostics.DiagnosticSource 5.0.0銆?宸茶В鍐?System.Diagnostics.DiagnosticSource 6.0.1 鐨勮繎浼兼渶浣冲尮閰嶃€?
C:\MesIngest\Ticket11\run-wpf-ui-20260810-0405-v26-normalized\Source\mes\ingest\csharp\MesIngest.Watch.UiTests\MesIngest.Watch.UiTests.csproj : warning NU1603: Azure.Identity 1.11.4 渚濊禆浜?System.Memory (>= 4.5.4)锛屼絾鎵句笉鍒?System.Memory 4.5.4銆?宸茶В鍐?System.Memory 4.6.0 鐨勮繎浼兼渶浣冲尮閰嶃€?
C:\MesIngest\Ticket11\run-wpf-ui-20260810-0405-v26-normalized\Source\mes\ingest\csharp\MesIngest.Watch.UiTests\MesIngest.Watch.UiTests.csproj : warning NU1603: Azure.Identity 1.11.4 渚濊禆浜?System.Security.Cryptography.ProtectedData (>= 4.7.0)锛屼絾鎵句笉鍒?System.Security.Cryptography.ProtectedData 4.7.0銆?宸茶В鍐?System.Security.Cryptography.ProtectedData 8.0.0 鐨勮繎浼兼渶浣冲尮閰嶃€?
C:\MesIngest\Ticket11\run-wpf-ui-20260810-0405-v26-normalized\Source\mes\ingest\csharp\MesIngest.Core\MesIngest.Core.csproj : warning NU1801: 鏃犳硶鍔犺浇婧?https://api.nuget.org/v3/index.json 鐨勬湇鍔＄储寮曘€?
C:\MesIngest\Ticket11\run-wpf-ui-20260810-0405-v26-normalized\Source\mes\ingest\csharp\MesIngest.Core\MesIngest.Core.csproj : warning NU1801: 鏃犳硶鍔犺浇婧?https://api.nuget.org/v3/index.json 鐨勬湇鍔＄储寮曘€?
C:\MesIngest\Ticket11\run-wpf-ui-20260810-0405-v26-normalized\Source\mes\ingest\csharp\MesIngest.Core\MesIngest.Core.csproj : warning NU1603: Azure.Identity 1.11.4 渚濊禆浜?System.Memory (>= 4.5.4)锛屼絾鎵句笉鍒?System.Memory 4.5.4銆?宸茶В鍐?System.Memory 4.6.0 鐨勮繎浼兼渶浣冲尮閰嶃€?
C:\MesIngest\Ticket11\run-wpf-ui-20260810-0405-v26-normalized\Source\mes\ingest\csharp\MesIngest.Core\MesIngest.Core.csproj : warning NU1603: Azure.Identity 1.11.4 渚濊禆浜?System.Security.Cryptography.ProtectedData (>= 4.7.0)锛屼絾鎵句笉鍒?System.Security.Cryptography.ProtectedData 4.7.0銆?宸茶В鍐?System.Security.Cryptography.ProtectedData 8.0.0 鐨勮繎浼兼渶浣冲尮閰嶃€?
C:\MesIngest\Ticket11\run-wpf-ui-20260810-0405-v26-normalized\Source\mes\ingest\csharp\MesIngest.Watch\MesIngest.Watch.csproj : warning NU1801: 鏃犳硶鍔犺浇婧?https://api.nuget.org/v3/index.json 鐨勬湇鍔＄储寮曘€?
C:\MesIngest\Ticket11\run-wpf-ui-20260810-0405-v26-normalized\Source\mes\ingest\csharp\MesIngest.Watch\MesIngest.Watch.csproj : warning NU1801: 鏃犳硶鍔犺浇婧?https://api.nuget.org/v3/index.json 鐨勬湇鍔＄储寮曘€?
C:\MesIngest\Ticket11\run-wpf-ui-20260810-0405-v26-normalized\Source\mes\ingest\csharp\MesIngest.Watch\MesIngest.Watch.csproj : warning NU1603: Azure.Identity 1.11.4 渚濊禆浜?System.Memory (>= 4.5.4)锛屼絾鎵句笉鍒?System.Memory 4.5.4銆?宸茶В鍐?System.Memory 4.6.0 鐨勮繎浼兼渶浣冲尮閰嶃€?
C:\MesIngest\Ticket11\run-wpf-ui-20260810-0405-v26-normalized\Source\mes\ingest\csharp\MesIngest.Watch\MesIngest.Watch.csproj : warning NU1603: Azure.Identity 1.11.4 渚濊禆浜?System.Security.Cryptography.ProtectedData (>= 4.7.0)锛屼絾鎵句笉鍒?System.Security.Cryptography.ProtectedData 4.7.0銆?宸茶В鍐?System.Security.Cryptography.ProtectedData 8.0.0 鐨勮繎浼兼渶浣冲尮閰嶃€?
xUnit.net v3 In-Process Runner v3.2.2+728c1dce01 (64-bit .NET 8.0.29)
  Discovering: MesIngest.Watch.UiTests
  Discovered:  MesIngest.Watch.UiTests
  Starting:    MesIngest.Watch.UiTests
  Finished:    MesIngest.Watch.UiTests (ID = '21393fcd2f516a01831d764045a412bb82c968bdde63c97f453ac53ba0c23067')
=== TEST EXECUTION SUMMARY ===
   MesIngest.Watch.UiTests  Total: 20, Errors: 0, Failed: 0, Skipped: 0, Not Run: 0, Time: 30.618s
WATCH_UI_ALL_PASSED: suite=watch-xaml-visual artifacts=C:\MesIngest\Ticket11\run-wpf-ui-20260810-0405-v26-normalized\Source\mes\ingest\csharp\TestResults\watch-ui\20260810-024501-736
WATCH_XAML_STABILITY_RUN: 1/10
  姝ｅ湪纭畾瑕佽繕鍘熺殑椤圭洰鈥?
C:\MesIngest\Ticket11\run-wpf-ui-20260810-0405-v26-normalized\Source\mes\ingest\csharp\MesIngest.Watch\MesIngest.Watch.csproj : warning NU1801: 鏃犳硶鍔犺浇婧?https://api.nuget.org/v3/index.json 鐨勬湇鍔＄储寮曘€?[C:\MesIngest\Ticket11\run-wpf-ui-20260810-0405-v26-normalized\Source\mes\ingest\csharp\MesIngest.Watch.UiTests\MesIngest.Watch.UiTests.csproj]
C:\MesIngest\Ticket11\run-wpf-ui-20260810-0405-v26-normalized\Source\mes\ingest\csharp\MesIngest.Watch\MesIngest.Watch.csproj : warning NU1801: 鏃犳硶鍔犺浇婧?https://api.nuget.org/v3/index.json 鐨勬湇鍔＄储寮曘€?[C:\MesIngest\Ticket11\run-wpf-ui-20260810-0405-v26-normalized\Source\mes\ingest\csharp\MesIngest.Watch.UiTests\MesIngest.Watch.UiTests.csproj]
C:\MesIngest\Ticket11\run-wpf-ui-20260810-0405-v26-normalized\Source\mes\ingest\csharp\MesIngest.Watch.UiTests\MesIngest.Watch.UiTests.csproj : warning NU1801: 鏃犳硶鍔犺浇婧?https://api.nuget.org/v3/index.json 鐨勬湇鍔＄储寮曘€?
C:\MesIngest\Ticket11\run-wpf-ui-20260810-0405-v26-normalized\Source\mes\ingest\csharp\MesIngest.Core\MesIngest.Core.csproj : warning NU1801: 鏃犳硶鍔犺浇婧?https://api.nuget.org/v3/index.json 鐨勬湇鍔＄储寮曘€?[C:\MesIngest\Ticket11\run-wpf-ui-20260810-0405-v26-normalized\Source\mes\ingest\csharp\MesIngest.Watch.UiTests\MesIngest.Watch.UiTests.csproj]
C:\MesIngest\Ticket11\run-wpf-ui-20260810-0405-v26-normalized\Source\mes\ingest\csharp\MesIngest.Watch.UiTests\MesIngest.Watch.UiTests.csproj : warning NU1801: 鏃犳硶鍔犺浇婧?https://api.nuget.org/v3/index.json 鐨勬湇鍔＄储寮曘€?
C:\MesIngest\Ticket11\run-wpf-ui-20260810-0405-v26-normalized\Source\mes\ingest\csharp\MesIngest.Watch.UiTests\MesIngest.Watch.UiTests.csproj : warning NU1801: 鏃犳硶鍔犺浇婧?https://api.nuget.org/v3/index.json 鐨勬湇鍔＄储寮曘€?
C:\MesIngest\Ticket11\run-wpf-ui-20260810-0405-v26-normalized\Source\mes\ingest\csharp\MesIngest.Watch.UiTests\MesIngest.Watch.UiTests.csproj : warning NU1801: 鏃犳硶鍔犺浇婧?https://api.nuget.org/v3/index.json 鐨勬湇鍔＄储寮曘€?
C:\MesIngest\Ticket11\run-wpf-ui-20260810-0405-v26-normalized\Source\mes\ingest\csharp\MesIngest.Core\MesIngest.Core.csproj : warning NU1801: 鏃犳硶鍔犺浇婧?https://api.nuget.org/v3/index.json 鐨勬湇鍔＄储寮曘€?[C:\MesIngest\Ticket11\run-wpf-ui-20260810-0405-v26-normalized\Source\mes\ingest\csharp\MesIngest.Watch.UiTests\MesIngest.Watch.UiTests.csproj]
C:\MesIngest\Ticket11\run-wpf-ui-20260810-0405-v26-normalized\Source\mes\ingest\csharp\MesIngest.Watch.UiTests\MesIngest.Watch.UiTests.csproj : warning NU1801: 鏃犳硶鍔犺浇婧?https://api.nuget.org/v3/index.json 鐨勬湇鍔＄储寮曘€?
C:\MesIngest\Ticket11\run-wpf-ui-20260810-0405-v26-normalized\Source\mes\ingest\csharp\MesIngest.Core\MesIngest.Core.csproj : warning NU1603: Azure.Identity 1.11.4 渚濊禆浜?System.Memory (>= 4.5.4)锛屼絾鎵句笉鍒?System.Memory 4.5.4銆?宸茶В鍐?System.Memory 4.6.0 鐨勮繎浼兼渶浣冲尮閰嶃€? [C:\MesIngest\Ticket11\run-wpf-ui-20260810-0405-v26-normalized\Source\mes\ingest\csharp\MesIngest.Watch.UiTests\MesIngest.Watch.UiTests.csproj]
C:\MesIngest\Ticket11\run-wpf-ui-20260810-0405-v26-normalized\Source\mes\ingest\csharp\MesIngest.Core\MesIngest.Core.csproj : warning NU1603: Azure.Identity 1.11.4 渚濊禆浜?System.Security.Cryptography.ProtectedData (>= 4.7.0)锛屼絾鎵句笉鍒?System.Security.Cryptography.ProtectedData 4.7.0銆?宸茶В鍐?System.Security.Cryptography.ProtectedData 8.0.0 鐨勮繎浼兼渶浣冲尮閰嶃€? [C:\MesIngest\Ticket11\run-wpf-ui-20260810-0405-v26-normalized\Source\mes\ingest\csharp\MesIngest.Watch.UiTests\MesIngest.Watch.UiTests.csproj]
C:\MesIngest\Ticket11\run-wpf-ui-20260810-0405-v26-normalized\Source\mes\ingest\csharp\MesIngest.Watch.UiTests\MesIngest.Watch.UiTests.csproj : warning NU1603: Verify.XunitV3 31.16.1 渚濊禆浜?DiffEngine (>= 19.1.2)锛屼絾鎵句笉鍒?DiffEngine 19.1.2銆?宸茶В鍐?DiffEngine 19.1.3 鐨勮繎浼兼渶浣冲尮閰嶃€?
C:\MesIngest\Ticket11\run-wpf-ui-20260810-0405-v26-normalized\Source\mes\ingest\csharp\MesIngest.Watch\MesIngest.Watch.csproj : warning NU1603: Azure.Identity 1.11.4 渚濊禆浜?System.Memory (>= 4.5.4)锛屼絾鎵句笉鍒?System.Memory 4.5.4銆?宸茶В鍐?System.Memory 4.6.0 鐨勮繎浼兼渶浣冲尮閰嶃€? [C:\MesIngest\Ticket11\run-wpf-ui-20260810-0405-v26-normalized\Source\mes\ingest\csharp\MesIngest.Watch.UiTests\MesIngest.Watch.UiTests.csproj]
C:\MesIngest\Ticket11\run-wpf-ui-20260810-0405-v26-normalized\Source\mes\ingest\csharp\MesIngest.Watch.UiTests\MesIngest.Watch.UiTests.csproj : warning NU1603: xunit.v3.common 3.2.2 渚濊禆浜?Microsoft.Bcl.AsyncInterfaces (>= 6.0.0)锛屼絾鎵句笉鍒?Microsoft.Bcl.AsyncInterfaces 6.0.0銆?宸茶В鍐?Microsoft.Bcl.AsyncInterfaces 10.0.6 鐨勮繎浼兼渶浣冲尮閰嶃€?
C:\MesIngest\Ticket11\run-wpf-ui-20260810-0405-v26-normalized\Source\mes\ingest\csharp\MesIngest.Watch.UiTests\MesIngest.Watch.UiTests.csproj : warning NU1603: Microsoft.ApplicationInsights 2.23.0 渚濊禆浜?System.Diagnostics.DiagnosticSource (>= 5.0.0)锛屼絾鎵句笉鍒?System.Diagnostics.DiagnosticSource 5.0.0銆?宸茶В鍐?System.Diagnostics.DiagnosticSource 6.0.1 鐨勮繎浼兼渶浣冲尮閰嶃€?
C:\MesIngest\Ticket11\run-wpf-ui-20260810-0405-v26-normalized\Source\mes\ingest\csharp\MesIngest.Watch.UiTests\MesIngest.Watch.UiTests.csproj : warning NU1603: Azure.Identity 1.11.4 渚濊禆浜?System.Memory (>= 4.5.4)锛屼絾鎵句笉鍒?System.Memory 4.5.4銆?宸茶В鍐?System.Memory 4.6.0 鐨勮繎浼兼渶浣冲尮閰嶃€?
C:\MesIngest\Ticket11\run-wpf-ui-20260810-0405-v26-normalized\Source\mes\ingest\csharp\MesIngest.Watch\MesIngest.Watch.csproj : warning NU1603: Azure.Identity 1.11.4 渚濊禆浜?System.Security.Cryptography.ProtectedData (>= 4.7.0)锛屼絾鎵句笉鍒?System.Security.Cryptography.ProtectedData 4.7.0銆?宸茶В鍐?System.Security.Cryptography.ProtectedData 8.0.0 鐨勮繎浼兼渶浣冲尮閰嶃€? [C:\MesIngest\Ticket11\run-wpf-ui-20260810-0405-v26-normalized\Source\mes\ingest\csharp\MesIngest.Watch.UiTests\MesIngest.Watch.UiTests.csproj]
C:\MesIngest\Ticket11\run-wpf-ui-20260810-0405-v26-normalized\Source\mes\ingest\csharp\MesIngest.Watch.UiTests\MesIngest.Watch.UiTests.csproj : warning NU1603: Azure.Identity 1.11.4 渚濊禆浜?System.Security.Cryptography.ProtectedData (>= 4.7.0)锛屼絾鎵句笉鍒?System.Security.Cryptography.ProtectedData 4.7.0銆?宸茶В鍐?System.Security.Cryptography.ProtectedData 8.0.0 鐨勮繎浼兼渶浣冲尮閰嶃€?
  鎵€鏈夐」鐩潎鏄渶鏂扮殑锛屾棤娉曡繕鍘熴€?
C:\MesIngest\Ticket11\run-wpf-ui-20260810-0405-v26-normalized\Source\mes\ingest\csharp\MesIngest.Watch.UiTests\MesIngest.Watch.UiTests.csproj : warning NU1801: 鏃犳硶鍔犺浇婧?https://api.nuget.org/v3/index.json 鐨勬湇鍔＄储寮曘€?
C:\MesIngest\Ticket11\run-wpf-ui-20260810-0405-v26-normalized\Source\mes\ingest\csharp\MesIngest.Watch.UiTests\MesIngest.Watch.UiTests.csproj : warning NU1801: 鏃犳硶鍔犺浇婧?https://api.nuget.org/v3/index.json 鐨勬湇鍔＄储寮曘€?
C:\MesIngest\Ticket11\run-wpf-ui-20260810-0405-v26-normalized\Source\mes\ingest\csharp\MesIngest.Watch.UiTests\MesIngest.Watch.UiTests.csproj : warning NU1801: 鏃犳硶鍔犺浇婧?https://api.nuget.org/v3/index.json 鐨勬湇鍔＄储寮曘€?
C:\MesIngest\Ticket11\run-wpf-ui-20260810-0405-v26-normalized\Source\mes\ingest\csharp\MesIngest.Watch.UiTests\MesIngest.Watch.UiTests.csproj : warning NU1801: 鏃犳硶鍔犺浇婧?https://api.nuget.org/v3/index.json 鐨勬湇鍔＄储寮曘€?
C:\MesIngest\Ticket11\run-wpf-ui-20260810-0405-v26-normalized\Source\mes\ingest\csharp\MesIngest.Watch.UiTests\MesIngest.Watch.UiTests.csproj : warning NU1801: 鏃犳硶鍔犺浇婧?https://api.nuget.org/v3/index.json 鐨勬湇鍔＄储寮曘€?
C:\MesIngest\Ticket11\run-wpf-ui-20260810-0405-v26-normalized\Source\mes\ingest\csharp\MesIngest.Watch.UiTests\MesIngest.Watch.UiTests.csproj : warning NU1603: Verify.XunitV3 31.16.1 渚濊禆浜?DiffEngine (>= 19.1.2)锛屼絾鎵句笉鍒?DiffEngine 19.1.2銆?宸茶В鍐?DiffEngine 19.1.3 鐨勮繎浼兼渶浣冲尮閰嶃€?
C:\MesIngest\Ticket11\run-wpf-ui-20260810-0405-v26-normalized\Source\mes\ingest\csharp\MesIngest.Watch.UiTests\MesIngest.Watch.UiTests.csproj : warning NU1603: xunit.v3.common 3.2.2 渚濊禆浜?Microsoft.Bcl.AsyncInterfaces (>= 6.0.0)锛屼絾鎵句笉鍒?Microsoft.Bcl.AsyncInterfaces 6.0.0銆?宸茶В鍐?Microsoft.Bcl.AsyncInterfaces 10.0.6 鐨勮繎浼兼渶浣冲尮閰嶃€?
C:\MesIngest\Ticket11\run-wpf-ui-20260810-0405-v26-normalized\Source\mes\ingest\csharp\MesIngest.Watch.UiTests\MesIngest.Watch.UiTests.csproj : warning NU1603: Microsoft.ApplicationInsights 2.23.0 渚濊禆浜?System.Diagnostics.DiagnosticSource (>= 5.0.0)锛屼絾鎵句笉鍒?System.Diagnostics.DiagnosticSource 5.0.0銆?宸茶В鍐?System.Diagnostics.DiagnosticSource 6.0.1 鐨勮繎浼兼渶浣冲尮閰嶃€?
C:\MesIngest\Ticket11\run-wpf-ui-20260810-0405-v26-normalized\Source\mes\ingest\csharp\MesIngest.Watch.UiTests\MesIngest.Watch.UiTests.csproj : warning NU1603: Azure.Identity 1.11.4 渚濊禆浜?System.Memory (>= 4.5.4)锛屼絾鎵句笉鍒?System.Memory 4.5.4銆?宸茶В鍐?System.Memory 4.6.0 鐨勮繎浼兼渶浣冲尮閰嶃€?
C:\MesIngest\Ticket11\run-wpf-ui-20260810-0405-v26-normalized\Source\mes\ingest\csharp\MesIngest.Watch.UiTests\MesIngest.Watch.UiTests.csproj : warning NU1603: Azure.Identity 1.11.4 渚濊禆浜?System.Security.Cryptography.ProtectedData (>= 4.7.0)锛屼絾鎵句笉鍒?System.Security.Cryptography.ProtectedData 4.7.0銆?宸茶В鍐?System.Security.Cryptography.ProtectedData 8.0.0 鐨勮繎浼兼渶浣冲尮閰嶃€?
C:\MesIngest\Ticket11\run-wpf-ui-20260810-0405-v26-normalized\Source\mes\ingest\csharp\MesIngest.Core\MesIngest.Core.csproj : warning NU1801: 鏃犳硶鍔犺浇婧?https://api.nuget.org/v3/index.json 鐨勬湇鍔＄储寮曘€?
C:\MesIngest\Ticket11\run-wpf-ui-20260810-0405-v26-normalized\Source\mes\ingest\csharp\MesIngest.Core\MesIngest.Core.csproj : warning NU1801: 鏃犳硶鍔犺浇婧?https://api.nuget.org/v3/index.json 鐨勬湇鍔＄储寮曘€?
C:\MesIngest\Ticket11\run-wpf-ui-20260810-0405-v26-normalized\Source\mes\ingest\csharp\MesIngest.Core\MesIngest.Core.csproj : warning NU1603: Azure.Identity 1.11.4 渚濊禆浜?System.Memory (>= 4.5.4)锛屼絾鎵句笉鍒?System.Memory 4.5.4銆?宸茶В鍐?System.Memory 4.6.0 鐨勮繎浼兼渶浣冲尮閰嶃€?
C:\MesIngest\Ticket11\run-wpf-ui-20260810-0405-v26-normalized\Source\mes\ingest\csharp\MesIngest.Core\MesIngest.Core.csproj : warning NU1603: Azure.Identity 1.11.4 渚濊禆浜?System.Security.Cryptography.ProtectedData (>= 4.7.0)锛屼絾鎵句笉鍒?System.Security.Cryptography.ProtectedData 4.7.0銆?宸茶В鍐?System.Security.Cryptography.ProtectedData 8.0.0 鐨勮繎浼兼渶浣冲尮閰嶃€?
C:\MesIngest\Ticket11\run-wpf-ui-20260810-0405-v26-normalized\Source\mes\ingest\csharp\MesIngest.Watch\MesIngest.Watch.csproj : warning NU1801: 鏃犳硶鍔犺浇婧?https://api.nuget.org/v3/index.json 鐨勬湇鍔＄储寮曘€?
C:\MesIngest\Ticket11\run-wpf-ui-20260810-0405-v26-normalized\Source\mes\ingest\csharp\MesIngest.Watch\MesIngest.Watch.csproj : warning NU1801: 鏃犳硶鍔犺浇婧?https://api.nuget.org/v3/index.json 鐨勬湇鍔＄储寮曘€?
C:\MesIngest\Ticket11\run-wpf-ui-20260810-0405-v26-normalized\Source\mes\ingest\csharp\MesIngest.Watch\MesIngest.Watch.csproj : warning NU1603: Azure.Identity 1.11.4 渚濊禆浜?System.Memory (>= 4.5.4)锛屼絾鎵句笉鍒?System.Memory 4.5.4銆?宸茶В鍐?System.Memory 4.6.0 鐨勮繎浼兼渶浣冲尮閰嶃€?
C:\MesIngest\Ticket11\run-wpf-ui-20260810-0405-v26-normalized\Source\mes\ingest\csharp\MesIngest.Watch\MesIngest.Watch.csproj : warning NU1603: Azure.Identity 1.11.4 渚濊禆浜?System.Security.Cryptography.ProtectedData (>= 4.7.0)锛屼絾鎵句笉鍒?System.Security.Cryptography.ProtectedData 4.7.0銆?宸茶В鍐?System.Security.Cryptography.ProtectedData 8.0.0 鐨勮繎浼兼渶浣冲尮閰嶃€?
xUnit.net v3 In-Process Runner v3.2.2+728c1dce01 (64-bit .NET 8.0.29)
  Discovering: MesIngest.Watch.UiTests
  Discovered:  MesIngest.Watch.UiTests
  Starting:    MesIngest.Watch.UiTests
  Finished:    MesIngest.Watch.UiTests (ID = '21393fcd2f516a01831d764045a412bb82c968bdde63c97f453ac53ba0c23067')
=== TEST EXECUTION SUMMARY ===
   MesIngest.Watch.UiTests  Total: 1, Errors: 0, Failed: 0, Skipped: 0, Not Run: 0, Time: 0.122s
WATCH_UI_ENVIRONMENT_OK: session=1 name=(not exported; validated by Explorer and OpenInputDesktop); suite=watch-xaml-visual; artifacts=C:\MesIngest\Ticket11\run-wpf-ui-20260810-0405-v26-normalized\Source\mes\ingest\csharp\TestResults\watch-ui\20260810-024610-323; running serial xUnit v3 UI tests.
C:\MesIngest\Ticket11\run-wpf-ui-20260810-0405-v26-normalized\Source\mes\ingest\csharp\MesIngest.Watch.UiTests\MesIngest.Watch.UiTests.csproj : warning NU1801: 鏃犳硶鍔犺浇婧?https://api.nuget.org/v3/index.json 鐨勬湇鍔＄储寮曘€?
C:\MesIngest\Ticket11\run-wpf-ui-20260810-0405-v26-normalized\Source\mes\ingest\csharp\MesIngest.Watch.UiTests\MesIngest.Watch.UiTests.csproj : warning NU1801: 鏃犳硶鍔犺浇婧?https://api.nuget.org/v3/index.json 鐨勬湇鍔＄储寮曘€?
C:\MesIngest\Ticket11\run-wpf-ui-20260810-0405-v26-normalized\Source\mes\ingest\csharp\MesIngest.Watch.UiTests\MesIngest.Watch.UiTests.csproj : warning NU1801: 鏃犳硶鍔犺浇婧?https://api.nuget.org/v3/index.json 鐨勬湇鍔＄储寮曘€?
C:\MesIngest\Ticket11\run-wpf-ui-20260810-0405-v26-normalized\Source\mes\ingest\csharp\MesIngest.Watch.UiTests\MesIngest.Watch.UiTests.csproj : warning NU1801: 鏃犳硶鍔犺浇婧?https://api.nuget.org/v3/index.json 鐨勬湇鍔＄储寮曘€?
C:\MesIngest\Ticket11\run-wpf-ui-20260810-0405-v26-normalized\Source\mes\ingest\csharp\MesIngest.Watch.UiTests\MesIngest.Watch.UiTests.csproj : warning NU1801: 鏃犳硶鍔犺浇婧?https://api.nuget.org/v3/index.json 鐨勬湇鍔＄储寮曘€?
C:\MesIngest\Ticket11\run-wpf-ui-20260810-0405-v26-normalized\Source\mes\ingest\csharp\MesIngest.Watch.UiTests\MesIngest.Watch.UiTests.csproj : warning NU1603: Verify.XunitV3 31.16.1 渚濊禆浜?DiffEngine (>= 19.1.2)锛屼絾鎵句笉鍒?DiffEngine 19.1.2銆?宸茶В鍐?DiffEngine 19.1.3 鐨勮繎浼兼渶浣冲尮閰嶃€?
C:\MesIngest\Ticket11\run-wpf-ui-20260810-0405-v26-normalized\Source\mes\ingest\csharp\MesIngest.Watch.UiTests\MesIngest.Watch.UiTests.csproj : warning NU1603: xunit.v3.common 3.2.2 渚濊禆浜?Microsoft.Bcl.AsyncInterfaces (>= 6.0.0)锛屼絾鎵句笉鍒?Microsoft.Bcl.AsyncInterfaces 6.0.0銆?宸茶В鍐?Microsoft.Bcl.AsyncInterfaces 10.0.6 鐨勮繎浼兼渶浣冲尮閰嶃€?
C:\MesIngest\Ticket11\run-wpf-ui-20260810-0405-v26-normalized\Source\mes\ingest\csharp\MesIngest.Watch.UiTests\MesIngest.Watch.UiTests.csproj : warning NU1603: Microsoft.ApplicationInsights 2.23.0 渚濊禆浜?System.Diagnostics.DiagnosticSource (>= 5.0.0)锛屼絾鎵句笉鍒?System.Diagnostics.DiagnosticSource 5.0.0銆?宸茶В鍐?System.Diagnostics.DiagnosticSource 6.0.1 鐨勮繎浼兼渶浣冲尮閰嶃€?
C:\MesIngest\Ticket11\run-wpf-ui-20260810-0405-v26-normalized\Source\mes\ingest\csharp\MesIngest.Watch.UiTests\MesIngest.Watch.UiTests.csproj : warning NU1603: Azure.Identity 1.11.4 渚濊禆浜?System.Memory (>= 4.5.4)锛屼絾鎵句笉鍒?System.Memory 4.5.4銆?宸茶В鍐?System.Memory 4.6.0 鐨勮繎浼兼渶浣冲尮閰嶃€?
C:\MesIngest\Ticket11\run-wpf-ui-20260810-0405-v26-normalized\Source\mes\ingest\csharp\MesIngest.Watch.UiTests\MesIngest.Watch.UiTests.csproj : warning NU1603: Azure.Identity 1.11.4 渚濊禆浜?System.Security.Cryptography.ProtectedData (>= 4.7.0)锛屼絾鎵句笉鍒?System.Security.Cryptography.ProtectedData 4.7.0銆?宸茶В鍐?System.Security.Cryptography.ProtectedData 8.0.0 鐨勮繎浼兼渶浣冲尮閰嶃€?
C:\MesIngest\Ticket11\run-wpf-ui-20260810-0405-v26-normalized\Source\mes\ingest\csharp\MesIngest.Core\MesIngest.Core.csproj : warning NU1801: 鏃犳硶鍔犺浇婧?https://api.nuget.org/v3/index.json 鐨勬湇鍔＄储寮曘€?
C:\MesIngest\Ticket11\run-wpf-ui-20260810-0405-v26-normalized\Source\mes\ingest\csharp\MesIngest.Core\MesIngest.Core.csproj : warning NU1801: 鏃犳硶鍔犺浇婧?https://api.nuget.org/v3/index.json 鐨勬湇鍔＄储寮曘€?
C:\MesIngest\Ticket11\run-wpf-ui-20260810-0405-v26-normalized\Source\mes\ingest\csharp\MesIngest.Core\MesIngest.Core.csproj : warning NU1603: Azure.Identity 1.11.4 渚濊禆浜?System.Memory (>= 4.5.4)锛屼絾鎵句笉鍒?System.Memory 4.5.4銆?宸茶В鍐?System.Memory 4.6.0 鐨勮繎浼兼渶浣冲尮閰嶃€?
C:\MesIngest\Ticket11\run-wpf-ui-20260810-0405-v26-normalized\Source\mes\ingest\csharp\MesIngest.Core\MesIngest.Core.csproj : warning NU1603: Azure.Identity 1.11.4 渚濊禆浜?System.Security.Cryptography.ProtectedData (>= 4.7.0)锛屼絾鎵句笉鍒?System.Security.Cryptography.ProtectedData 4.7.0銆?宸茶В鍐?System.Security.Cryptography.ProtectedData 8.0.0 鐨勮繎浼兼渶浣冲尮閰嶃€?
C:\MesIngest\Ticket11\run-wpf-ui-20260810-0405-v26-normalized\Source\mes\ingest\csharp\MesIngest.Watch\MesIngest.Watch.csproj : warning NU1801: 鏃犳硶鍔犺浇婧?https://api.nuget.org/v3/index.json 鐨勬湇鍔＄储寮曘€?
C:\MesIngest\Ticket11\run-wpf-ui-20260810-0405-v26-normalized\Source\mes\ingest\csharp\MesIngest.Watch\MesIngest.Watch.csproj : warning NU1801: 鏃犳硶鍔犺浇婧?https://api.nuget.org/v3/index.json 鐨勬湇鍔＄储寮曘€?
C:\MesIngest\Ticket11\run-wpf-ui-20260810-0405-v26-normalized\Source\mes\ingest\csharp\MesIngest.Watch\MesIngest.Watch.csproj : warning NU1603: Azure.Identity 1.11.4 渚濊禆浜?System.Memory (>= 4.5.4)锛屼絾鎵句笉鍒?System.Memory 4.5.4銆?宸茶В鍐?System.Memory 4.6.0 鐨勮繎浼兼渶浣冲尮閰嶃€?
C:\MesIngest\Ticket11\run-wpf-ui-20260810-0405-v26-normalized\Source\mes\ingest\csharp\MesIngest.Watch\MesIngest.Watch.csproj : warning NU1603: Azure.Identity 1.11.4 渚濊禆浜?System.Security.Cryptography.ProtectedData (>= 4.7.0)锛屼絾鎵句笉鍒?System.Security.Cryptography.ProtectedData 4.7.0銆?宸茶В鍐?System.Security.Cryptography.ProtectedData 8.0.0 鐨勮繎浼兼渶浣冲尮閰嶃€?
xUnit.net v3 In-Process Runner v3.2.2+728c1dce01 (64-bit .NET 8.0.29)
  Discovering: MesIngest.Watch.UiTests
  Discovered:  MesIngest.Watch.UiTests
  Starting:    MesIngest.Watch.UiTests
  Finished:    MesIngest.Watch.UiTests (ID = '21393fcd2f516a01831d764045a412bb82c968bdde63c97f453ac53ba0c23067')
=== TEST EXECUTION SUMMARY ===
   MesIngest.Watch.UiTests  Total: 20, Errors: 0, Failed: 0, Skipped: 0, Not Run: 0, Time: 27.500s
WATCH_UI_ALL_PASSED: suite=watch-xaml-visual artifacts=C:\MesIngest\Ticket11\run-wpf-ui-20260810-0405-v26-normalized\Source\mes\ingest\csharp\TestResults\watch-ui\20260810-024610-323
WATCH_XAML_STABILITY_RUN: 2/10
  姝ｅ湪纭畾瑕佽繕鍘熺殑椤圭洰鈥?
C:\MesIngest\Ticket11\run-wpf-ui-20260810-0405-v26-normalized\Source\mes\ingest\csharp\MesIngest.Watch.UiTests\MesIngest.Watch.UiTests.csproj : warning NU1801: 鏃犳硶鍔犺浇婧?https://api.nuget.org/v3/index.json 鐨勬湇鍔＄储寮曘€?
C:\MesIngest\Ticket11\run-wpf-ui-20260810-0405-v26-normalized\Source\mes\ingest\csharp\MesIngest.Watch\MesIngest.Watch.csproj : warning NU1801: 鏃犳硶鍔犺浇婧?https://api.nuget.org/v3/index.json 鐨勬湇鍔＄储寮曘€?[C:\MesIngest\Ticket11\run-wpf-ui-20260810-0405-v26-normalized\Source\mes\ingest\csharp\MesIngest.Watch.UiTests\MesIngest.Watch.UiTests.csproj]
C:\MesIngest\Ticket11\run-wpf-ui-20260810-0405-v26-normalized\Source\mes\ingest\csharp\MesIngest.Core\MesIngest.Core.csproj : warning NU1801: 鏃犳硶鍔犺浇婧?https://api.nuget.org/v3/index.json 鐨勬湇鍔＄储寮曘€?[C:\MesIngest\Ticket11\run-wpf-ui-20260810-0405-v26-normalized\Source\mes\ingest\csharp\MesIngest.Watch.UiTests\MesIngest.Watch.UiTests.csproj]
C:\MesIngest\Ticket11\run-wpf-ui-20260810-0405-v26-normalized\Source\mes\ingest\csharp\MesIngest.Watch\MesIngest.Watch.csproj : warning NU1801: 鏃犳硶鍔犺浇婧?https://api.nuget.org/v3/index.json 鐨勬湇鍔＄储寮曘€?[C:\MesIngest\Ticket11\run-wpf-ui-20260810-0405-v26-normalized\Source\mes\ingest\csharp\MesIngest.Watch.UiTests\MesIngest.Watch.UiTests.csproj]
C:\MesIngest\Ticket11\run-wpf-ui-20260810-0405-v26-normalized\Source\mes\ingest\csharp\MesIngest.Watch.UiTests\MesIngest.Watch.UiTests.csproj : warning NU1801: 鏃犳硶鍔犺浇婧?https://api.nuget.org/v3/index.json 鐨勬湇鍔＄储寮曘€?
C:\MesIngest\Ticket11\run-wpf-ui-20260810-0405-v26-normalized\Source\mes\ingest\csharp\MesIngest.Core\MesIngest.Core.csproj : warning NU1801: 鏃犳硶鍔犺浇婧?https://api.nuget.org/v3/index.json 鐨勬湇鍔＄储寮曘€?[C:\MesIngest\Ticket11\run-wpf-ui-20260810-0405-v26-normalized\Source\mes\ingest\csharp\MesIngest.Watch.UiTests\MesIngest.Watch.UiTests.csproj]
C:\MesIngest\Ticket11\run-wpf-ui-20260810-0405-v26-normalized\Source\mes\ingest\csharp\MesIngest.Watch.UiTests\MesIngest.Watch.UiTests.csproj : warning NU1801: 鏃犳硶鍔犺浇婧?https://api.nuget.org/v3/index.json 鐨勬湇鍔＄储寮曘€?
C:\MesIngest\Ticket11\run-wpf-ui-20260810-0405-v26-normalized\Source\mes\ingest\csharp\MesIngest.Watch.UiTests\MesIngest.Watch.UiTests.csproj : warning NU1801: 鏃犳硶鍔犺浇婧?https://api.nuget.org/v3/index.json 鐨勬湇鍔＄储寮曘€?
C:\MesIngest\Ticket11\run-wpf-ui-20260810-0405-v26-normalized\Source\mes\ingest\csharp\MesIngest.Watch.UiTests\MesIngest.Watch.UiTests.csproj : warning NU1801: 鏃犳硶鍔犺浇婧?https://api.nuget.org/v3/index.json 鐨勬湇鍔＄储寮曘€?
C:\MesIngest\Ticket11\run-wpf-ui-20260810-0405-v26-normalized\Source\mes\ingest\csharp\MesIngest.Core\MesIngest.Core.csproj : warning NU1603: Azure.Identity 1.11.4 渚濊禆浜?System.Memory (>= 4.5.4)锛屼絾鎵句笉鍒?System.Memory 4.5.4銆?宸茶В鍐?System.Memory 4.6.0 鐨勮繎浼兼渶浣冲尮閰嶃€? [C:\MesIngest\Ticket11\run-wpf-ui-20260810-0405-v26-normalized\Source\mes\ingest\csharp\MesIngest.Watch.UiTests\MesIngest.Watch.UiTests.csproj]
C:\MesIngest\Ticket11\run-wpf-ui-20260810-0405-v26-normalized\Source\mes\ingest\csharp\MesIngest.Core\MesIngest.Core.csproj : warning NU1603: Azure.Identity 1.11.4 渚濊禆浜?System.Security.Cryptography.ProtectedData (>= 4.7.0)锛屼絾鎵句笉鍒?System.Security.Cryptography.ProtectedData 4.7.0銆?宸茶В鍐?System.Security.Cryptography.ProtectedData 8.0.0 鐨勮繎浼兼渶浣冲尮閰嶃€? [C:\MesIngest\Ticket11\run-wpf-ui-20260810-0405-v26-normalized\Source\mes\ingest\csharp\MesIngest.Watch.UiTests\MesIngest.Watch.UiTests.csproj]
C:\MesIngest\Ticket11\run-wpf-ui-20260810-0405-v26-normalized\Source\mes\ingest\csharp\MesIngest.Watch\MesIngest.Watch.csproj : warning NU1603: Azure.Identity 1.11.4 渚濊禆浜?System.Memory (>= 4.5.4)锛屼絾鎵句笉鍒?System.Memory 4.5.4銆?宸茶В鍐?System.Memory 4.6.0 鐨勮繎浼兼渶浣冲尮閰嶃€? [C:\MesIngest\Ticket11\run-wpf-ui-20260810-0405-v26-normalized\Source\mes\ingest\csharp\MesIngest.Watch.UiTests\MesIngest.Watch.UiTests.csproj]
C:\MesIngest\Ticket11\run-wpf-ui-20260810-0405-v26-normalized\Source\mes\ingest\csharp\MesIngest.Watch\MesIngest.Watch.csproj : warning NU1603: Azure.Identity 1.11.4 渚濊禆浜?System.Security.Cryptography.ProtectedData (>= 4.7.0)锛屼絾鎵句笉鍒?System.Security.Cryptography.ProtectedData 4.7.0銆?宸茶В鍐?System.Security.Cryptography.ProtectedData 8.0.0 鐨勮繎浼兼渶浣冲尮閰嶃€? [C:\MesIngest\Ticket11\run-wpf-ui-20260810-0405-v26-normalized\Source\mes\ingest\csharp\MesIngest.Watch.UiTests\MesIngest.Watch.UiTests.csproj]
C:\MesIngest\Ticket11\run-wpf-ui-20260810-0405-v26-normalized\Source\mes\ingest\csharp\MesIngest.Watch.UiTests\MesIngest.Watch.UiTests.csproj : warning NU1603: Verify.XunitV3 31.16.1 渚濊禆浜?DiffEngine (>= 19.1.2)锛屼絾鎵句笉鍒?DiffEngine 19.1.2銆?宸茶В鍐?DiffEngine 19.1.3 鐨勮繎浼兼渶浣冲尮閰嶃€?
C:\MesIngest\Ticket11\run-wpf-ui-20260810-0405-v26-normalized\Source\mes\ingest\csharp\MesIngest.Watch.UiTests\MesIngest.Watch.UiTests.csproj : warning NU1603: xunit.v3.common 3.2.2 渚濊禆浜?Microsoft.Bcl.AsyncInterfaces (>= 6.0.0)锛屼絾鎵句笉鍒?Microsoft.Bcl.AsyncInterfaces 6.0.0銆?宸茶В鍐?Microsoft.Bcl.AsyncInterfaces 10.0.6 鐨勮繎浼兼渶浣冲尮閰嶃€?
C:\MesIngest\Ticket11\run-wpf-ui-20260810-0405-v26-normalized\Source\mes\ingest\csharp\MesIngest.Watch.UiTests\MesIngest.Watch.UiTests.csproj : warning NU1603: Microsoft.ApplicationInsights 2.23.0 渚濊禆浜?System.Diagnostics.DiagnosticSource (>= 5.0.0)锛屼絾鎵句笉鍒?System.Diagnostics.DiagnosticSource 5.0.0銆?宸茶В鍐?System.Diagnostics.DiagnosticSource 6.0.1 鐨勮繎浼兼渶浣冲尮閰嶃€?
C:\MesIngest\Ticket11\run-wpf-ui-20260810-0405-v26-normalized\Source\mes\ingest\csharp\MesIngest.Watch.UiTests\MesIngest.Watch.UiTests.csproj : warning NU1603: Azure.Identity 1.11.4 渚濊禆浜?System.Memory (>= 4.5.4)锛屼絾鎵句笉鍒?System.Memory 4.5.4銆?宸茶В鍐?System.Memory 4.6.0 鐨勮繎浼兼渶浣冲尮閰嶃€?
C:\MesIngest\Ticket11\run-wpf-ui-20260810-0405-v26-normalized\Source\mes\ingest\csharp\MesIngest.Watch.UiTests\MesIngest.Watch.UiTests.csproj : warning NU1603: Azure.Identity 1.11.4 渚濊禆浜?System.Security.Cryptography.ProtectedData (>= 4.7.0)锛屼絾鎵句笉鍒?System.Security.Cryptography.ProtectedData 4.7.0銆?宸茶В鍐?System.Security.Cryptography.ProtectedData 8.0.0 鐨勮繎浼兼渶浣冲尮閰嶃€?
  鎵€鏈夐」鐩潎鏄渶鏂扮殑锛屾棤娉曡繕鍘熴€?
C:\MesIngest\Ticket11\run-wpf-ui-20260810-0405-v26-normalized\Source\mes\ingest\csharp\MesIngest.Watch.UiTests\MesIngest.Watch.UiTests.csproj : warning NU1801: 鏃犳硶鍔犺浇婧?https://api.nuget.org/v3/index.json 鐨勬湇鍔＄储寮曘€?
C:\MesIngest\Ticket11\run-wpf-ui-20260810-0405-v26-normalized\Source\mes\ingest\csharp\MesIngest.Watch.UiTests\MesIngest.Watch.UiTests.csproj : warning NU1801: 鏃犳硶鍔犺浇婧?https://api.nuget.org/v3/index.json 鐨勬湇鍔＄储寮曘€?
C:\MesIngest\Ticket11\run-wpf-ui-20260810-0405-v26-normalized\Source\mes\ingest\csharp\MesIngest.Watch.UiTests\MesIngest.Watch.UiTests.csproj : warning NU1801: 鏃犳硶鍔犺浇婧?https://api.nuget.org/v3/index.json 鐨勬湇鍔＄储寮曘€?
C:\MesIngest\Ticket11\run-wpf-ui-20260810-0405-v26-normalized\Source\mes\ingest\csharp\MesIngest.Watch.UiTests\MesIngest.Watch.UiTests.csproj : warning NU1801: 鏃犳硶鍔犺浇婧?https://api.nuget.org/v3/index.json 鐨勬湇鍔＄储寮曘€?
C:\MesIngest\Ticket11\run-wpf-ui-20260810-0405-v26-normalized\Source\mes\ingest\csharp\MesIngest.Watch.UiTests\MesIngest.Watch.UiTests.csproj : warning NU1801: 鏃犳硶鍔犺浇婧?https://api.nuget.org/v3/index.json 鐨勬湇鍔＄储寮曘€?
C:\MesIngest\Ticket11\run-wpf-ui-20260810-0405-v26-normalized\Source\mes\ingest\csharp\MesIngest.Watch.UiTests\MesIngest.Watch.UiTests.csproj : warning NU1603: Verify.XunitV3 31.16.1 渚濊禆浜?DiffEngine (>= 19.1.2)锛屼絾鎵句笉鍒?DiffEngine 19.1.2銆?宸茶В鍐?DiffEngine 19.1.3 鐨勮繎浼兼渶浣冲尮閰嶃€?
C:\MesIngest\Ticket11\run-wpf-ui-20260810-0405-v26-normalized\Source\mes\ingest\csharp\MesIngest.Watch.UiTests\MesIngest.Watch.UiTests.csproj : warning NU1603: xunit.v3.common 3.2.2 渚濊禆浜?Microsoft.Bcl.AsyncInterfaces (>= 6.0.0)锛屼絾鎵句笉鍒?Microsoft.Bcl.AsyncInterfaces 6.0.0銆?宸茶В鍐?Microsoft.Bcl.AsyncInterfaces 10.0.6 鐨勮繎浼兼渶浣冲尮閰嶃€?
C:\MesIngest\Ticket11\run-wpf-ui-20260810-0405-v26-normalized\Source\mes\ingest\csharp\MesIngest.Watch.UiTests\MesIngest.Watch.UiTests.csproj : warning NU1603: Microsoft.ApplicationInsights 2.23.0 渚濊禆浜?System.Diagnostics.DiagnosticSource (>= 5.0.0)锛屼絾鎵句笉鍒?System.Diagnostics.DiagnosticSource 5.0.0銆?宸茶В鍐?System.Diagnostics.DiagnosticSource 6.0.1 鐨勮繎浼兼渶浣冲尮閰嶃€?
C:\MesIngest\Ticket11\run-wpf-ui-20260810-0405-v26-normalized\Source\mes\ingest\csharp\MesIngest.Watch.UiTests\MesIngest.Watch.UiTests.csproj : warning NU1603: Azure.Identity 1.11.4 渚濊禆浜?System.Memory (>= 4.5.4)锛屼絾鎵句笉鍒?System.Memory 4.5.4銆?宸茶В鍐?System.Memory 4.6.0 鐨勮繎浼兼渶浣冲尮閰嶃€?
C:\MesIngest\Ticket11\run-wpf-ui-20260810-0405-v26-normalized\Source\mes\ingest\csharp\MesIngest.Watch.UiTests\MesIngest.Watch.UiTests.csproj : warning NU1603: Azure.Identity 1.11.4 渚濊禆浜?System.Security.Cryptography.ProtectedData (>= 4.7.0)锛屼絾鎵句笉鍒?System.Security.Cryptography.ProtectedData 4.7.0銆?宸茶В鍐?System.Security.Cryptography.ProtectedData 8.0.0 鐨勮繎浼兼渶浣冲尮閰嶃€?
C:\MesIngest\Ticket11\run-wpf-ui-20260810-0405-v26-normalized\Source\mes\ingest\csharp\MesIngest.Core\MesIngest.Core.csproj : warning NU1801: 鏃犳硶鍔犺浇婧?https://api.nuget.org/v3/index.json 鐨勬湇鍔＄储寮曘€?
C:\MesIngest\Ticket11\run-wpf-ui-20260810-0405-v26-normalized\Source\mes\ingest\csharp\MesIngest.Core\MesIngest.Core.csproj : warning NU1801: 鏃犳硶鍔犺浇婧?https://api.nuget.org/v3/index.json 鐨勬湇鍔＄储寮曘€?
C:\MesIngest\Ticket11\run-wpf-ui-20260810-0405-v26-normalized\Source\mes\ingest\csharp\MesIngest.Core\MesIngest.Core.csproj : warning NU1603: Azure.Identity 1.11.4 渚濊禆浜?System.Memory (>= 4.5.4)锛屼絾鎵句笉鍒?System.Memory 4.5.4銆?宸茶В鍐?System.Memory 4.6.0 鐨勮繎浼兼渶浣冲尮閰嶃€?
C:\MesIngest\Ticket11\run-wpf-ui-20260810-0405-v26-normalized\Source\mes\ingest\csharp\MesIngest.Core\MesIngest.Core.csproj : warning NU1603: Azure.Identity 1.11.4 渚濊禆浜?System.Security.Cryptography.ProtectedData (>= 4.7.0)锛屼絾鎵句笉鍒?System.Security.Cryptography.ProtectedData 4.7.0銆?宸茶В鍐?System.Security.Cryptography.ProtectedData 8.0.0 鐨勮繎浼兼渶浣冲尮閰嶃€?
C:\MesIngest\Ticket11\run-wpf-ui-20260810-0405-v26-normalized\Source\mes\ingest\csharp\MesIngest.Watch\MesIngest.Watch.csproj : warning NU1801: 鏃犳硶鍔犺浇婧?https://api.nuget.org/v3/index.json 鐨勬湇鍔＄储寮曘€?
C:\MesIngest\Ticket11\run-wpf-ui-20260810-0405-v26-normalized\Source\mes\ingest\csharp\MesIngest.Watch\MesIngest.Watch.csproj : warning NU1801: 鏃犳硶鍔犺浇婧?https://api.nuget.org/v3/index.json 鐨勬湇鍔＄储寮曘€?
C:\MesIngest\Ticket11\run-wpf-ui-20260810-0405-v26-normalized\Source\mes\ingest\csharp\MesIngest.Watch\MesIngest.Watch.csproj : warning NU1603: Azure.Identity 1.11.4 渚濊禆浜?System.Memory (>= 4.5.4)锛屼絾鎵句笉鍒?System.Memory 4.5.4銆?宸茶В鍐?System.Memory 4.6.0 鐨勮繎浼兼渶浣冲尮閰嶃€?
C:\MesIngest\Ticket11\run-wpf-ui-20260810-0405-v26-normalized\Source\mes\ingest\csharp\MesIngest.Watch\MesIngest.Watch.csproj : warning NU1603: Azure.Identity 1.11.4 渚濊禆浜?System.Security.Cryptography.ProtectedData (>= 4.7.0)锛屼絾鎵句笉鍒?System.Security.Cryptography.ProtectedData 4.7.0銆?宸茶В鍐?System.Security.Cryptography.ProtectedData 8.0.0 鐨勮繎浼兼渶浣冲尮閰嶃€?
xUnit.net v3 In-Process Runner v3.2.2+728c1dce01 (64-bit .NET 8.0.29)
  Discovering: MesIngest.Watch.UiTests
  Discovered:  MesIngest.Watch.UiTests
  Starting:    MesIngest.Watch.UiTests
  Finished:    MesIngest.Watch.UiTests (ID = '21393fcd2f516a01831d764045a412bb82c968bdde63c97f453ac53ba0c23067')
=== TEST EXECUTION SUMMARY ===
   MesIngest.Watch.UiTests  Total: 1, Errors: 0, Failed: 0, Skipped: 0, Not Run: 0, Time: 0.109s
WATCH_UI_ENVIRONMENT_OK: session=1 name=(not exported; validated by Explorer and OpenInputDesktop); suite=watch-xaml-visual; artifacts=C:\MesIngest\Ticket11\run-wpf-ui-20260810-0405-v26-normalized\Source\mes\ingest\csharp\TestResults\watch-ui\20260810-024642-892; running serial xUnit v3 UI tests.
C:\MesIngest\Ticket11\run-wpf-ui-20260810-0405-v26-normalized\Source\mes\ingest\csharp\MesIngest.Watch.UiTests\MesIngest.Watch.UiTests.csproj : warning NU1801: 鏃犳硶鍔犺浇婧?https://api.nuget.org/v3/index.json 鐨勬湇鍔＄储寮曘€?
C:\MesIngest\Ticket11\run-wpf-ui-20260810-0405-v26-normalized\Source\mes\ingest\csharp\MesIngest.Watch.UiTests\MesIngest.Watch.UiTests.csproj : warning NU1801: 鏃犳硶鍔犺浇婧?https://api.nuget.org/v3/index.json 鐨勬湇鍔＄储寮曘€?
C:\MesIngest\Ticket11\run-wpf-ui-20260810-0405-v26-normalized\Source\mes\ingest\csharp\MesIngest.Watch.UiTests\MesIngest.Watch.UiTests.csproj : warning NU1801: 鏃犳硶鍔犺浇婧?https://api.nuget.org/v3/index.json 鐨勬湇鍔＄储寮曘€?
C:\MesIngest\Ticket11\run-wpf-ui-20260810-0405-v26-normalized\Source\mes\ingest\csharp\MesIngest.Watch.UiTests\MesIngest.Watch.UiTests.csproj : warning NU1801: 鏃犳硶鍔犺浇婧?https://api.nuget.org/v3/index.json 鐨勬湇鍔＄储寮曘€?
C:\MesIngest\Ticket11\run-wpf-ui-20260810-0405-v26-normalized\Source\mes\ingest\csharp\MesIngest.Watch.UiTests\MesIngest.Watch.UiTests.csproj : warning NU1801: 鏃犳硶鍔犺浇婧?https://api.nuget.org/v3/index.json 鐨勬湇鍔＄储寮曘€?
C:\MesIngest\Ticket11\run-wpf-ui-20260810-0405-v26-normalized\Source\mes\ingest\csharp\MesIngest.Watch.UiTests\MesIngest.Watch.UiTests.csproj : warning NU1603: Verify.XunitV3 31.16.1 渚濊禆浜?DiffEngine (>= 19.1.2)锛屼絾鎵句笉鍒?DiffEngine 19.1.2銆?宸茶В鍐?DiffEngine 19.1.3 鐨勮繎浼兼渶浣冲尮閰嶃€?
C:\MesIngest\Ticket11\run-wpf-ui-20260810-0405-v26-normalized\Source\mes\ingest\csharp\MesIngest.Watch.UiTests\MesIngest.Watch.UiTests.csproj : warning NU1603: xunit.v3.common 3.2.2 渚濊禆浜?Microsoft.Bcl.AsyncInterfaces (>= 6.0.0)锛屼絾鎵句笉鍒?Microsoft.Bcl.AsyncInterfaces 6.0.0銆?宸茶В鍐?Microsoft.Bcl.AsyncInterfaces 10.0.6 鐨勮繎浼兼渶浣冲尮閰嶃€?
C:\MesIngest\Ticket11\run-wpf-ui-20260810-0405-v26-normalized\Source\mes\ingest\csharp\MesIngest.Watch.UiTests\MesIngest.Watch.UiTests.csproj : warning NU1603: Microsoft.ApplicationInsights 2.23.0 渚濊禆浜?System.Diagnostics.DiagnosticSource (>= 5.0.0)锛屼絾鎵句笉鍒?System.Diagnostics.DiagnosticSource 5.0.0銆?宸茶В鍐?System.Diagnostics.DiagnosticSource 6.0.1 鐨勮繎浼兼渶浣冲尮閰嶃€?
C:\MesIngest\Ticket11\run-wpf-ui-20260810-0405-v26-normalized\Source\mes\ingest\csharp\MesIngest.Watch.UiTests\MesIngest.Watch.UiTests.csproj : warning NU1603: Azure.Identity 1.11.4 渚濊禆浜?System.Memory (>= 4.5.4)锛屼絾鎵句笉鍒?System.Memory 4.5.4銆?宸茶В鍐?System.Memory 4.6.0 鐨勮繎浼兼渶浣冲尮閰嶃€?
C:\MesIngest\Ticket11\run-wpf-ui-20260810-0405-v26-normalized\Source\mes\ingest\csharp\MesIngest.Watch.UiTests\MesIngest.Watch.UiTests.csproj : warning NU1603: Azure.Identity 1.11.4 渚濊禆浜?System.Security.Cryptography.ProtectedData (>= 4.7.0)锛屼絾鎵句笉鍒?System.Security.Cryptography.ProtectedData 4.7.0銆?宸茶В鍐?System.Security.Cryptography.ProtectedData 8.0.0 鐨勮繎浼兼渶浣冲尮閰嶃€?
C:\MesIngest\Ticket11\run-wpf-ui-20260810-0405-v26-normalized\Source\mes\ingest\csharp\MesIngest.Core\MesIngest.Core.csproj : warning NU1801: 鏃犳硶鍔犺浇婧?https://api.nuget.org/v3/index.json 鐨勬湇鍔＄储寮曘€?
C:\MesIngest\Ticket11\run-wpf-ui-20260810-0405-v26-normalized\Source\mes\ingest\csharp\MesIngest.Core\MesIngest.Core.csproj : warning NU1801: 鏃犳硶鍔犺浇婧?https://api.nuget.org/v3/index.json 鐨勬湇鍔＄储寮曘€?
C:\MesIngest\Ticket11\run-wpf-ui-20260810-0405-v26-normalized\Source\mes\ingest\csharp\MesIngest.Core\MesIngest.Core.csproj : warning NU1603: Azure.Identity 1.11.4 渚濊禆浜?System.Memory (>= 4.5.4)锛屼絾鎵句笉鍒?System.Memory 4.5.4銆?宸茶В鍐?System.Memory 4.6.0 鐨勮繎浼兼渶浣冲尮閰嶃€?
C:\MesIngest\Ticket11\run-wpf-ui-20260810-0405-v26-normalized\Source\mes\ingest\csharp\MesIngest.Core\MesIngest.Core.csproj : warning NU1603: Azure.Identity 1.11.4 渚濊禆浜?System.Security.Cryptography.ProtectedData (>= 4.7.0)锛屼絾鎵句笉鍒?System.Security.Cryptography.ProtectedData 4.7.0銆?宸茶В鍐?System.Security.Cryptography.ProtectedData 8.0.0 鐨勮繎浼兼渶浣冲尮閰嶃€?
C:\MesIngest\Ticket11\run-wpf-ui-20260810-0405-v26-normalized\Source\mes\ingest\csharp\MesIngest.Watch\MesIngest.Watch.csproj : warning NU1801: 鏃犳硶鍔犺浇婧?https://api.nuget.org/v3/index.json 鐨勬湇鍔＄储寮曘€?
C:\MesIngest\Ticket11\run-wpf-ui-20260810-0405-v26-normalized\Source\mes\ingest\csharp\MesIngest.Watch\MesIngest.Watch.csproj : warning NU1801: 鏃犳硶鍔犺浇婧?https://api.nuget.org/v3/index.json 鐨勬湇鍔＄储寮曘€?
C:\MesIngest\Ticket11\run-wpf-ui-20260810-0405-v26-normalized\Source\mes\ingest\csharp\MesIngest.Watch\MesIngest.Watch.csproj : warning NU1603: Azure.Identity 1.11.4 渚濊禆浜?System.Memory (>= 4.5.4)锛屼絾鎵句笉鍒?System.Memory 4.5.4銆?宸茶В鍐?System.Memory 4.6.0 鐨勮繎浼兼渶浣冲尮閰嶃€?
C:\MesIngest\Ticket11\run-wpf-ui-20260810-0405-v26-normalized\Source\mes\ingest\csharp\MesIngest.Watch\MesIngest.Watch.csproj : warning NU1603: Azure.Identity 1.11.4 渚濊禆浜?System.Security.Cryptography.ProtectedData (>= 4.7.0)锛屼絾鎵句笉鍒?System.Security.Cryptography.ProtectedData 4.7.0銆?宸茶В鍐?System.Security.Cryptography.ProtectedData 8.0.0 鐨勮繎浼兼渶浣冲尮閰嶃€?
xUnit.net v3 In-Process Runner v3.2.2+728c1dce01 (64-bit .NET 8.0.29)
  Discovering: MesIngest.Watch.UiTests
  Discovered:  MesIngest.Watch.UiTests
  Starting:    MesIngest.Watch.UiTests
  Finished:    MesIngest.Watch.UiTests (ID = '21393fcd2f516a01831d764045a412bb82c968bdde63c97f453ac53ba0c23067')
=== TEST EXECUTION SUMMARY ===
   MesIngest.Watch.UiTests  Total: 20, Errors: 0, Failed: 0, Skipped: 0, Not Run: 0, Time: 27.812s
WATCH_UI_ALL_PASSED: suite=watch-xaml-visual artifacts=C:\MesIngest\Ticket11\run-wpf-ui-20260810-0405-v26-normalized\Source\mes\ingest\csharp\TestResults\watch-ui\20260810-024642-892
WATCH_XAML_STABILITY_RUN: 3/10
  姝ｅ湪纭畾瑕佽繕鍘熺殑椤圭洰鈥?
C:\MesIngest\Ticket11\run-wpf-ui-20260810-0405-v26-normalized\Source\mes\ingest\csharp\MesIngest.Core\MesIngest.Core.csproj : warning NU1801: 鏃犳硶鍔犺浇婧?https://api.nuget.org/v3/index.json 鐨勬湇鍔＄储寮曘€?[C:\MesIngest\Ticket11\run-wpf-ui-20260810-0405-v26-normalized\Source\mes\ingest\csharp\MesIngest.Watch.UiTests\MesIngest.Watch.UiTests.csproj]
C:\MesIngest\Ticket11\run-wpf-ui-20260810-0405-v26-normalized\Source\mes\ingest\csharp\MesIngest.Watch.UiTests\MesIngest.Watch.UiTests.csproj : warning NU1801: 鏃犳硶鍔犺浇婧?https://api.nuget.org/v3/index.json 鐨勬湇鍔＄储寮曘€?
C:\MesIngest\Ticket11\run-wpf-ui-20260810-0405-v26-normalized\Source\mes\ingest\csharp\MesIngest.Watch\MesIngest.Watch.csproj : warning NU1801: 鏃犳硶鍔犺浇婧?https://api.nuget.org/v3/index.json 鐨勬湇鍔＄储寮曘€?[C:\MesIngest\Ticket11\run-wpf-ui-20260810-0405-v26-normalized\Source\mes\ingest\csharp\MesIngest.Watch.UiTests\MesIngest.Watch.UiTests.csproj]
C:\MesIngest\Ticket11\run-wpf-ui-20260810-0405-v26-normalized\Source\mes\ingest\csharp\MesIngest.Watch.UiTests\MesIngest.Watch.UiTests.csproj : warning NU1801: 鏃犳硶鍔犺浇婧?https://api.nuget.org/v3/index.json 鐨勬湇鍔＄储寮曘€?
C:\MesIngest\Ticket11\run-wpf-ui-20260810-0405-v26-normalized\Source\mes\ingest\csharp\MesIngest.Watch\MesIngest.Watch.csproj : warning NU1801: 鏃犳硶鍔犺浇婧?https://api.nuget.org/v3/index.json 鐨勬湇鍔＄储寮曘€?[C:\MesIngest\Ticket11\run-wpf-ui-20260810-0405-v26-normalized\Source\mes\ingest\csharp\MesIngest.Watch.UiTests\MesIngest.Watch.UiTests.csproj]
C:\MesIngest\Ticket11\run-wpf-ui-20260810-0405-v26-normalized\Source\mes\ingest\csharp\MesIngest.Core\MesIngest.Core.csproj : warning NU1801: 鏃犳硶鍔犺浇婧?https://api.nuget.org/v3/index.json 鐨勬湇鍔＄储寮曘€?[C:\MesIngest\Ticket11\run-wpf-ui-20260810-0405-v26-normalized\Source\mes\ingest\csharp\MesIngest.Watch.UiTests\MesIngest.Watch.UiTests.csproj]
C:\MesIngest\Ticket11\run-wpf-ui-20260810-0405-v26-normalized\Source\mes\ingest\csharp\MesIngest.Watch.UiTests\MesIngest.Watch.UiTests.csproj : warning NU1801: 鏃犳硶鍔犺浇婧?https://api.nuget.org/v3/index.json 鐨勬湇鍔＄储寮曘€?
C:\MesIngest\Ticket11\run-wpf-ui-20260810-0405-v26-normalized\Source\mes\ingest\csharp\MesIngest.Watch.UiTests\MesIngest.Watch.UiTests.csproj : warning NU1801: 鏃犳硶鍔犺浇婧?https://api.nuget.org/v3/index.json 鐨勬湇鍔＄储寮曘€?
C:\MesIngest\Ticket11\run-wpf-ui-20260810-0405-v26-normalized\Source\mes\ingest\csharp\MesIngest.Watch.UiTests\MesIngest.Watch.UiTests.csproj : warning NU1801: 鏃犳硶鍔犺浇婧?https://api.nuget.org/v3/index.json 鐨勬湇鍔＄储寮曘€?
C:\MesIngest\Ticket11\run-wpf-ui-20260810-0405-v26-normalized\Source\mes\ingest\csharp\MesIngest.Core\MesIngest.Core.csproj : warning NU1603: Azure.Identity 1.11.4 渚濊禆浜?System.Memory (>= 4.5.4)锛屼絾鎵句笉鍒?System.Memory 4.5.4銆?宸茶В鍐?System.Memory 4.6.0 鐨勮繎浼兼渶浣冲尮閰嶃€? [C:\MesIngest\Ticket11\run-wpf-ui-20260810-0405-v26-normalized\Source\mes\ingest\csharp\MesIngest.Watch.UiTests\MesIngest.Watch.UiTests.csproj]
C:\MesIngest\Ticket11\run-wpf-ui-20260810-0405-v26-normalized\Source\mes\ingest\csharp\MesIngest.Core\MesIngest.Core.csproj : warning NU1603: Azure.Identity 1.11.4 渚濊禆浜?System.Security.Cryptography.ProtectedData (>= 4.7.0)锛屼絾鎵句笉鍒?System.Security.Cryptography.ProtectedData 4.7.0銆?宸茶В鍐?System.Security.Cryptography.ProtectedData 8.0.0 鐨勮繎浼兼渶浣冲尮閰嶃€? [C:\MesIngest\Ticket11\run-wpf-ui-20260810-0405-v26-normalized\Source\mes\ingest\csharp\MesIngest.Watch.UiTests\MesIngest.Watch.UiTests.csproj]
C:\MesIngest\Ticket11\run-wpf-ui-20260810-0405-v26-normalized\Source\mes\ingest\csharp\MesIngest.Watch.UiTests\MesIngest.Watch.UiTests.csproj : warning NU1603: Verify.XunitV3 31.16.1 渚濊禆浜?DiffEngine (>= 19.1.2)锛屼絾鎵句笉鍒?DiffEngine 19.1.2銆?宸茶В鍐?DiffEngine 19.1.3 鐨勮繎浼兼渶浣冲尮閰嶃€?
C:\MesIngest\Ticket11\run-wpf-ui-20260810-0405-v26-normalized\Source\mes\ingest\csharp\MesIngest.Watch.UiTests\MesIngest.Watch.UiTests.csproj : warning NU1603: xunit.v3.common 3.2.2 渚濊禆浜?Microsoft.Bcl.AsyncInterfaces (>= 6.0.0)锛屼絾鎵句笉鍒?Microsoft.Bcl.AsyncInterfaces 6.0.0銆?宸茶В鍐?Microsoft.Bcl.AsyncInterfaces 10.0.6 鐨勮繎浼兼渶浣冲尮閰嶃€?
C:\MesIngest\Ticket11\run-wpf-ui-20260810-0405-v26-normalized\Source\mes\ingest\csharp\MesIngest.Watch\MesIngest.Watch.csproj : warning NU1603: Azure.Identity 1.11.4 渚濊禆浜?System.Memory (>= 4.5.4)锛屼絾鎵句笉鍒?System.Memory 4.5.4銆?宸茶В鍐?System.Memory 4.6.0 鐨勮繎浼兼渶浣冲尮閰嶃€? [C:\MesIngest\Ticket11\run-wpf-ui-20260810-0405-v26-normalized\Source\mes\ingest\csharp\MesIngest.Watch.UiTests\MesIngest.Watch.UiTests.csproj]
C:\MesIngest\Ticket11\run-wpf-ui-20260810-0405-v26-normalized\Source\mes\ingest\csharp\MesIngest.Watch.UiTests\MesIngest.Watch.UiTests.csproj : warning NU1603: Microsoft.ApplicationInsights 2.23.0 渚濊禆浜?System.Diagnostics.DiagnosticSource (>= 5.0.0)锛屼絾鎵句笉鍒?System.Diagnostics.DiagnosticSource 5.0.0銆?宸茶В鍐?System.Diagnostics.DiagnosticSource 6.0.1 鐨勮繎浼兼渶浣冲尮閰嶃€?
C:\MesIngest\Ticket11\run-wpf-ui-20260810-0405-v26-normalized\Source\mes\ingest\csharp\MesIngest.Watch.UiTests\MesIngest.Watch.UiTests.csproj : warning NU1603: Azure.Identity 1.11.4 渚濊禆浜?System.Memory (>= 4.5.4)锛屼絾鎵句笉鍒?System.Memory 4.5.4銆?宸茶В鍐?System.Memory 4.6.0 鐨勮繎浼兼渶浣冲尮閰嶃€?
C:\MesIngest\Ticket11\run-wpf-ui-20260810-0405-v26-normalized\Source\mes\ingest\csharp\MesIngest.Watch.UiTests\MesIngest.Watch.UiTests.csproj : warning NU1603: Azure.Identity 1.11.4 渚濊禆浜?System.Security.Cryptography.ProtectedData (>= 4.7.0)锛屼絾鎵句笉鍒?System.Security.Cryptography.ProtectedData 4.7.0銆?宸茶В鍐?System.Security.Cryptography.ProtectedData 8.0.0 鐨勮繎浼兼渶浣冲尮閰嶃€?
C:\MesIngest\Ticket11\run-wpf-ui-20260810-0405-v26-normalized\Source\mes\ingest\csharp\MesIngest.Watch\MesIngest.Watch.csproj : warning NU1603: Azure.Identity 1.11.4 渚濊禆浜?System.Security.Cryptography.ProtectedData (>= 4.7.0)锛屼絾鎵句笉鍒?System.Security.Cryptography.ProtectedData 4.7.0銆?宸茶В鍐?System.Security.Cryptography.ProtectedData 8.0.0 鐨勮繎浼兼渶浣冲尮閰嶃€? [C:\MesIngest\Ticket11\run-wpf-ui-20260810-0405-v26-normalized\Source\mes\ingest\csharp\MesIngest.Watch.UiTests\MesIngest.Watch.UiTests.csproj]
  鎵€鏈夐」鐩潎鏄渶鏂扮殑锛屾棤娉曡繕鍘熴€?
C:\MesIngest\Ticket11\run-wpf-ui-20260810-0405-v26-normalized\Source\mes\ingest\csharp\MesIngest.Watch.UiTests\MesIngest.Watch.UiTests.csproj : warning NU1801: 鏃犳硶鍔犺浇婧?https://api.nuget.org/v3/index.json 鐨勬湇鍔＄储寮曘€?
C:\MesIngest\Ticket11\run-wpf-ui-20260810-0405-v26-normalized\Source\mes\ingest\csharp\MesIngest.Watch.UiTests\MesIngest.Watch.UiTests.csproj : warning NU1801: 鏃犳硶鍔犺浇婧?https://api.nuget.org/v3/index.json 鐨勬湇鍔＄储寮曘€?
C:\MesIngest\Ticket11\run-wpf-ui-20260810-0405-v26-normalized\Source\mes\ingest\csharp\MesIngest.Watch.UiTests\MesIngest.Watch.UiTests.csproj : warning NU1801: 鏃犳硶鍔犺浇婧?https://api.nuget.org/v3/index.json 鐨勬湇鍔＄储寮曘€?
C:\MesIngest\Ticket11\run-wpf-ui-20260810-0405-v26-normalized\Source\mes\ingest\csharp\MesIngest.Watch.UiTests\MesIngest.Watch.UiTests.csproj : warning NU1801: 鏃犳硶鍔犺浇婧?https://api.nuget.org/v3/index.json 鐨勬湇鍔＄储寮曘€?
C:\MesIngest\Ticket11\run-wpf-ui-20260810-0405-v26-normalized\Source\mes\ingest\csharp\MesIngest.Watch.UiTests\MesIngest.Watch.UiTests.csproj : warning NU1801: 鏃犳硶鍔犺浇婧?https://api.nuget.org/v3/index.json 鐨勬湇鍔＄储寮曘€?
C:\MesIngest\Ticket11\run-wpf-ui-20260810-0405-v26-normalized\Source\mes\ingest\csharp\MesIngest.Watch.UiTests\MesIngest.Watch.UiTests.csproj : warning NU1603: Verify.XunitV3 31.16.1 渚濊禆浜?DiffEngine (>= 19.1.2)锛屼絾鎵句笉鍒?DiffEngine 19.1.2銆?宸茶В鍐?DiffEngine 19.1.3 鐨勮繎浼兼渶浣冲尮閰嶃€?
C:\MesIngest\Ticket11\run-wpf-ui-20260810-0405-v26-normalized\Source\mes\ingest\csharp\MesIngest.Watch.UiTests\MesIngest.Watch.UiTests.csproj : warning NU1603: xunit.v3.common 3.2.2 渚濊禆浜?Microsoft.Bcl.AsyncInterfaces (>= 6.0.0)锛屼絾鎵句笉鍒?Microsoft.Bcl.AsyncInterfaces 6.0.0銆?宸茶В鍐?Microsoft.Bcl.AsyncInterfaces 10.0.6 鐨勮繎浼兼渶浣冲尮閰嶃€?
C:\MesIngest\Ticket11\run-wpf-ui-20260810-0405-v26-normalized\Source\mes\ingest\csharp\MesIngest.Watch.UiTests\MesIngest.Watch.UiTests.csproj : warning NU1603: Microsoft.ApplicationInsights 2.23.0 渚濊禆浜?System.Diagnostics.DiagnosticSource (>= 5.0.0)锛屼絾鎵句笉鍒?System.Diagnostics.DiagnosticSource 5.0.0銆?宸茶В鍐?System.Diagnostics.DiagnosticSource 6.0.1 鐨勮繎浼兼渶浣冲尮閰嶃€?
C:\MesIngest\Ticket11\run-wpf-ui-20260810-0405-v26-normalized\Source\mes\ingest\csharp\MesIngest.Watch.UiTests\MesIngest.Watch.UiTests.csproj : warning NU1603: Azure.Identity 1.11.4 渚濊禆浜?System.Memory (>= 4.5.4)锛屼絾鎵句笉鍒?System.Memory 4.5.4銆?宸茶В鍐?System.Memory 4.6.0 鐨勮繎浼兼渶浣冲尮閰嶃€?
C:\MesIngest\Ticket11\run-wpf-ui-20260810-0405-v26-normalized\Source\mes\ingest\csharp\MesIngest.Watch.UiTests\MesIngest.Watch.UiTests.csproj : warning NU1603: Azure.Identity 1.11.4 渚濊禆浜?System.Security.Cryptography.ProtectedData (>= 4.7.0)锛屼絾鎵句笉鍒?System.Security.Cryptography.ProtectedData 4.7.0銆?宸茶В鍐?System.Security.Cryptography.ProtectedData 8.0.0 鐨勮繎浼兼渶浣冲尮閰嶃€?
C:\MesIngest\Ticket11\run-wpf-ui-20260810-0405-v26-normalized\Source\mes\ingest\csharp\MesIngest.Core\MesIngest.Core.csproj : warning NU1801: 鏃犳硶鍔犺浇婧?https://api.nuget.org/v3/index.json 鐨勬湇鍔＄储寮曘€?
C:\MesIngest\Ticket11\run-wpf-ui-20260810-0405-v26-normalized\Source\mes\ingest\csharp\MesIngest.Core\MesIngest.Core.csproj : warning NU1801: 鏃犳硶鍔犺浇婧?https://api.nuget.org/v3/index.json 鐨勬湇鍔＄储寮曘€?
C:\MesIngest\Ticket11\run-wpf-ui-20260810-0405-v26-normalized\Source\mes\ingest\csharp\MesIngest.Core\MesIngest.Core.csproj : warning NU1603: Azure.Identity 1.11.4 渚濊禆浜?System.Memory (>= 4.5.4)锛屼絾鎵句笉鍒?System.Memory 4.5.4銆?宸茶В鍐?System.Memory 4.6.0 鐨勮繎浼兼渶浣冲尮閰嶃€?
C:\MesIngest\Ticket11\run-wpf-ui-20260810-0405-v26-normalized\Source\mes\ingest\csharp\MesIngest.Core\MesIngest.Core.csproj : warning NU1603: Azure.Identity 1.11.4 渚濊禆浜?System.Security.Cryptography.ProtectedData (>= 4.7.0)锛屼絾鎵句笉鍒?System.Security.Cryptography.ProtectedData 4.7.0銆?宸茶В鍐?System.Security.Cryptography.ProtectedData 8.0.0 鐨勮繎浼兼渶浣冲尮閰嶃€?
C:\MesIngest\Ticket11\run-wpf-ui-20260810-0405-v26-normalized\Source\mes\ingest\csharp\MesIngest.Watch\MesIngest.Watch.csproj : warning NU1801: 鏃犳硶鍔犺浇婧?https://api.nuget.org/v3/index.json 鐨勬湇鍔＄储寮曘€?
C:\MesIngest\Ticket11\run-wpf-ui-20260810-0405-v26-normalized\Source\mes\ingest\csharp\MesIngest.Watch\MesIngest.Watch.csproj : warning NU1801: 鏃犳硶鍔犺浇婧?https://api.nuget.org/v3/index.json 鐨勬湇鍔＄储寮曘€?
C:\MesIngest\Ticket11\run-wpf-ui-20260810-0405-v26-normalized\Source\mes\ingest\csharp\MesIngest.Watch\MesIngest.Watch.csproj : warning NU1603: Azure.Identity 1.11.4 渚濊禆浜?System.Memory (>= 4.5.4)锛屼絾鎵句笉鍒?System.Memory 4.5.4銆?宸茶В鍐?System.Memory 4.6.0 鐨勮繎浼兼渶浣冲尮閰嶃€?
C:\MesIngest\Ticket11\run-wpf-ui-20260810-0405-v26-normalized\Source\mes\ingest\csharp\MesIngest.Watch\MesIngest.Watch.csproj : warning NU1603: Azure.Identity 1.11.4 渚濊禆浜?System.Security.Cryptography.ProtectedData (>= 4.7.0)锛屼絾鎵句笉鍒?System.Security.Cryptography.ProtectedData 4.7.0銆?宸茶В鍐?System.Security.Cryptography.ProtectedData 8.0.0 鐨勮繎浼兼渶浣冲尮閰嶃€?
xUnit.net v3 In-Process Runner v3.2.2+728c1dce01 (64-bit .NET 8.0.29)
  Discovering: MesIngest.Watch.UiTests
  Discovered:  MesIngest.Watch.UiTests
  Starting:    MesIngest.Watch.UiTests
  Finished:    MesIngest.Watch.UiTests (ID = '21393fcd2f516a01831d764045a412bb82c968bdde63c97f453ac53ba0c23067')
=== TEST EXECUTION SUMMARY ===
   MesIngest.Watch.UiTests  Total: 1, Errors: 0, Failed: 0, Skipped: 0, Not Run: 0, Time: 0.107s
WATCH_UI_ENVIRONMENT_OK: session=1 name=(not exported; validated by Explorer and OpenInputDesktop); suite=watch-xaml-visual; artifacts=C:\MesIngest\Ticket11\run-wpf-ui-20260810-0405-v26-normalized\Source\mes\ingest\csharp\TestResults\watch-ui\20260810-024715-867; running serial xUnit v3 UI tests.
C:\MesIngest\Ticket11\run-wpf-ui-20260810-0405-v26-normalized\Source\mes\ingest\csharp\MesIngest.Watch.UiTests\MesIngest.Watch.UiTests.csproj : warning NU1801: 鏃犳硶鍔犺浇婧?https://api.nuget.org/v3/index.json 鐨勬湇鍔＄储寮曘€?
C:\MesIngest\Ticket11\run-wpf-ui-20260810-0405-v26-normalized\Source\mes\ingest\csharp\MesIngest.Watch.UiTests\MesIngest.Watch.UiTests.csproj : warning NU1801: 鏃犳硶鍔犺浇婧?https://api.nuget.org/v3/index.json 鐨勬湇鍔＄储寮曘€?
C:\MesIngest\Ticket11\run-wpf-ui-20260810-0405-v26-normalized\Source\mes\ingest\csharp\MesIngest.Watch.UiTests\MesIngest.Watch.UiTests.csproj : warning NU1801: 鏃犳硶鍔犺浇婧?https://api.nuget.org/v3/index.json 鐨勬湇鍔＄储寮曘€?
C:\MesIngest\Ticket11\run-wpf-ui-20260810-0405-v26-normalized\Source\mes\ingest\csharp\MesIngest.Watch.UiTests\MesIngest.Watch.UiTests.csproj : warning NU1801: 鏃犳硶鍔犺浇婧?https://api.nuget.org/v3/index.json 鐨勬湇鍔＄储寮曘€?
C:\MesIngest\Ticket11\run-wpf-ui-20260810-0405-v26-normalized\Source\mes\ingest\csharp\MesIngest.Watch.UiTests\MesIngest.Watch.UiTests.csproj : warning NU1801: 鏃犳硶鍔犺浇婧?https://api.nuget.org/v3/index.json 鐨勬湇鍔＄储寮曘€?
C:\MesIngest\Ticket11\run-wpf-ui-20260810-0405-v26-normalized\Source\mes\ingest\csharp\MesIngest.Watch.UiTests\MesIngest.Watch.UiTests.csproj : warning NU1603: Verify.XunitV3 31.16.1 渚濊禆浜?DiffEngine (>= 19.1.2)锛屼絾鎵句笉鍒?DiffEngine 19.1.2銆?宸茶В鍐?DiffEngine 19.1.3 鐨勮繎浼兼渶浣冲尮閰嶃€?
C:\MesIngest\Ticket11\run-wpf-ui-20260810-0405-v26-normalized\Source\mes\ingest\csharp\MesIngest.Watch.UiTests\MesIngest.Watch.UiTests.csproj : warning NU1603: xunit.v3.common 3.2.2 渚濊禆浜?Microsoft.Bcl.AsyncInterfaces (>= 6.0.0)锛屼絾鎵句笉鍒?Microsoft.Bcl.AsyncInterfaces 6.0.0銆?宸茶В鍐?Microsoft.Bcl.AsyncInterfaces 10.0.6 鐨勮繎浼兼渶浣冲尮閰嶃€?
C:\MesIngest\Ticket11\run-wpf-ui-20260810-0405-v26-normalized\Source\mes\ingest\csharp\MesIngest.Watch.UiTests\MesIngest.Watch.UiTests.csproj : warning NU1603: Microsoft.ApplicationInsights 2.23.0 渚濊禆浜?System.Diagnostics.DiagnosticSource (>= 5.0.0)锛屼絾鎵句笉鍒?System.Diagnostics.DiagnosticSource 5.0.0銆?宸茶В鍐?System.Diagnostics.DiagnosticSource 6.0.1 鐨勮繎浼兼渶浣冲尮閰嶃€?
C:\MesIngest\Ticket11\run-wpf-ui-20260810-0405-v26-normalized\Source\mes\ingest\csharp\MesIngest.Watch.UiTests\MesIngest.Watch.UiTests.csproj : warning NU1603: Azure.Identity 1.11.4 渚濊禆浜?System.Memory (>= 4.5.4)锛屼絾鎵句笉鍒?System.Memory 4.5.4銆?宸茶В鍐?System.Memory 4.6.0 鐨勮繎浼兼渶浣冲尮閰嶃€?
C:\MesIngest\Ticket11\run-wpf-ui-20260810-0405-v26-normalized\Source\mes\ingest\csharp\MesIngest.Watch.UiTests\MesIngest.Watch.UiTests.csproj : warning NU1603: Azure.Identity 1.11.4 渚濊禆浜?System.Security.Cryptography.ProtectedData (>= 4.7.0)锛屼絾鎵句笉鍒?System.Security.Cryptography.ProtectedData 4.7.0銆?宸茶В鍐?System.Security.Cryptography.ProtectedData 8.0.0 鐨勮繎浼兼渶浣冲尮閰嶃€?
C:\MesIngest\Ticket11\run-wpf-ui-20260810-0405-v26-normalized\Source\mes\ingest\csharp\MesIngest.Core\MesIngest.Core.csproj : warning NU1801: 鏃犳硶鍔犺浇婧?https://api.nuget.org/v3/index.json 鐨勬湇鍔＄储寮曘€?
C:\MesIngest\Ticket11\run-wpf-ui-20260810-0405-v26-normalized\Source\mes\ingest\csharp\MesIngest.Core\MesIngest.Core.csproj : warning NU1801: 鏃犳硶鍔犺浇婧?https://api.nuget.org/v3/index.json 鐨勬湇鍔＄储寮曘€?
C:\MesIngest\Ticket11\run-wpf-ui-20260810-0405-v26-normalized\Source\mes\ingest\csharp\MesIngest.Core\MesIngest.Core.csproj : warning NU1603: Azure.Identity 1.11.4 渚濊禆浜?System.Memory (>= 4.5.4)锛屼絾鎵句笉鍒?System.Memory 4.5.4銆?宸茶В鍐?System.Memory 4.6.0 鐨勮繎浼兼渶浣冲尮閰嶃€?
C:\MesIngest\Ticket11\run-wpf-ui-20260810-0405-v26-normalized\Source\mes\ingest\csharp\MesIngest.Core\MesIngest.Core.csproj : warning NU1603: Azure.Identity 1.11.4 渚濊禆浜?System.Security.Cryptography.ProtectedData (>= 4.7.0)锛屼絾鎵句笉鍒?System.Security.Cryptography.ProtectedData 4.7.0銆?宸茶В鍐?System.Security.Cryptography.ProtectedData 8.0.0 鐨勮繎浼兼渶浣冲尮閰嶃€?
C:\MesIngest\Ticket11\run-wpf-ui-20260810-0405-v26-normalized\Source\mes\ingest\csharp\MesIngest.Watch\MesIngest.Watch.csproj : warning NU1801: 鏃犳硶鍔犺浇婧?https://api.nuget.org/v3/index.json 鐨勬湇鍔＄储寮曘€?
C:\MesIngest\Ticket11\run-wpf-ui-20260810-0405-v26-normalized\Source\mes\ingest\csharp\MesIngest.Watch\MesIngest.Watch.csproj : warning NU1801: 鏃犳硶鍔犺浇婧?https://api.nuget.org/v3/index.json 鐨勬湇鍔＄储寮曘€?
C:\MesIngest\Ticket11\run-wpf-ui-20260810-0405-v26-normalized\Source\mes\ingest\csharp\MesIngest.Watch\MesIngest.Watch.csproj : warning NU1603: Azure.Identity 1.11.4 渚濊禆浜?System.Memory (>= 4.5.4)锛屼絾鎵句笉鍒?System.Memory 4.5.4銆?宸茶В鍐?System.Memory 4.6.0 鐨勮繎浼兼渶浣冲尮閰嶃€?
C:\MesIngest\Ticket11\run-wpf-ui-20260810-0405-v26-normalized\Source\mes\ingest\csharp\MesIngest.Watch\MesIngest.Watch.csproj : warning NU1603: Azure.Identity 1.11.4 渚濊禆浜?System.Security.Cryptography.ProtectedData (>= 4.7.0)锛屼絾鎵句笉鍒?System.Security.Cryptography.ProtectedData 4.7.0銆?宸茶В鍐?System.Security.Cryptography.ProtectedData 8.0.0 鐨勮繎浼兼渶浣冲尮閰嶃€?
xUnit.net v3 In-Process Runner v3.2.2+728c1dce01 (64-bit .NET 8.0.29)
  Discovering: MesIngest.Watch.UiTests
  Discovered:  MesIngest.Watch.UiTests
  Starting:    MesIngest.Watch.UiTests
  Finished:    MesIngest.Watch.UiTests (ID = '21393fcd2f516a01831d764045a412bb82c968bdde63c97f453ac53ba0c23067')
=== TEST EXECUTION SUMMARY ===
   MesIngest.Watch.UiTests  Total: 20, Errors: 0, Failed: 0, Skipped: 0, Not Run: 0, Time: 28.219s
WATCH_UI_ALL_PASSED: suite=watch-xaml-visual artifacts=C:\MesIngest\Ticket11\run-wpf-ui-20260810-0405-v26-normalized\Source\mes\ingest\csharp\TestResults\watch-ui\20260810-024715-867
WATCH_XAML_STABILITY_RUN: 4/10
  姝ｅ湪纭畾瑕佽繕鍘熺殑椤圭洰鈥?
C:\MesIngest\Ticket11\run-wpf-ui-20260810-0405-v26-normalized\Source\mes\ingest\csharp\MesIngest.Watch.UiTests\MesIngest.Watch.UiTests.csproj : warning NU1801: 鏃犳硶鍔犺浇婧?https://api.nuget.org/v3/index.json 鐨勬湇鍔＄储寮曘€?
C:\MesIngest\Ticket11\run-wpf-ui-20260810-0405-v26-normalized\Source\mes\ingest\csharp\MesIngest.Core\MesIngest.Core.csproj : warning NU1801: 鏃犳硶鍔犺浇婧?https://api.nuget.org/v3/index.json 鐨勬湇鍔＄储寮曘€?[C:\MesIngest\Ticket11\run-wpf-ui-20260810-0405-v26-normalized\Source\mes\ingest\csharp\MesIngest.Watch.UiTests\MesIngest.Watch.UiTests.csproj]
C:\MesIngest\Ticket11\run-wpf-ui-20260810-0405-v26-normalized\Source\mes\ingest\csharp\MesIngest.Watch.UiTests\MesIngest.Watch.UiTests.csproj : warning NU1801: 鏃犳硶鍔犺浇婧?https://api.nuget.org/v3/index.json 鐨勬湇鍔＄储寮曘€?
C:\MesIngest\Ticket11\run-wpf-ui-20260810-0405-v26-normalized\Source\mes\ingest\csharp\MesIngest.Watch.UiTests\MesIngest.Watch.UiTests.csproj : warning NU1801: 鏃犳硶鍔犺浇婧?https://api.nuget.org/v3/index.json 鐨勬湇鍔＄储寮曘€?
C:\MesIngest\Ticket11\run-wpf-ui-20260810-0405-v26-normalized\Source\mes\ingest\csharp\MesIngest.Watch.UiTests\MesIngest.Watch.UiTests.csproj : warning NU1801: 鏃犳硶鍔犺浇婧?https://api.nuget.org/v3/index.json 鐨勬湇鍔＄储寮曘€?
C:\MesIngest\Ticket11\run-wpf-ui-20260810-0405-v26-normalized\Source\mes\ingest\csharp\MesIngest.Watch\MesIngest.Watch.csproj : warning NU1801: 鏃犳硶鍔犺浇婧?https://api.nuget.org/v3/index.json 鐨勬湇鍔＄储寮曘€?[C:\MesIngest\Ticket11\run-wpf-ui-20260810-0405-v26-normalized\Source\mes\ingest\csharp\MesIngest.Watch.UiTests\MesIngest.Watch.UiTests.csproj]
C:\MesIngest\Ticket11\run-wpf-ui-20260810-0405-v26-normalized\Source\mes\ingest\csharp\MesIngest.Watch.UiTests\MesIngest.Watch.UiTests.csproj : warning NU1801: 鏃犳硶鍔犺浇婧?https://api.nuget.org/v3/index.json 鐨勬湇鍔＄储寮曘€?
C:\MesIngest\Ticket11\run-wpf-ui-20260810-0405-v26-normalized\Source\mes\ingest\csharp\MesIngest.Core\MesIngest.Core.csproj : warning NU1801: 鏃犳硶鍔犺浇婧?https://api.nuget.org/v3/index.json 鐨勬湇鍔＄储寮曘€?[C:\MesIngest\Ticket11\run-wpf-ui-20260810-0405-v26-normalized\Source\mes\ingest\csharp\MesIngest.Watch.UiTests\MesIngest.Watch.UiTests.csproj]
C:\MesIngest\Ticket11\run-wpf-ui-20260810-0405-v26-normalized\Source\mes\ingest\csharp\MesIngest.Watch\MesIngest.Watch.csproj : warning NU1801: 鏃犳硶鍔犺浇婧?https://api.nuget.org/v3/index.json 鐨勬湇鍔＄储寮曘€?[C:\MesIngest\Ticket11\run-wpf-ui-20260810-0405-v26-normalized\Source\mes\ingest\csharp\MesIngest.Watch.UiTests\MesIngest.Watch.UiTests.csproj]
C:\MesIngest\Ticket11\run-wpf-ui-20260810-0405-v26-normalized\Source\mes\ingest\csharp\MesIngest.Core\MesIngest.Core.csproj : warning NU1603: Azure.Identity 1.11.4 渚濊禆浜?System.Memory (>= 4.5.4)锛屼絾鎵句笉鍒?System.Memory 4.5.4銆?宸茶В鍐?System.Memory 4.6.0 鐨勮繎浼兼渶浣冲尮閰嶃€? [C:\MesIngest\Ticket11\run-wpf-ui-20260810-0405-v26-normalized\Source\mes\ingest\csharp\MesIngest.Watch.UiTests\MesIngest.Watch.UiTests.csproj]
C:\MesIngest\Ticket11\run-wpf-ui-20260810-0405-v26-normalized\Source\mes\ingest\csharp\MesIngest.Core\MesIngest.Core.csproj : warning NU1603: Azure.Identity 1.11.4 渚濊禆浜?System.Security.Cryptography.ProtectedData (>= 4.7.0)锛屼絾鎵句笉鍒?System.Security.Cryptography.ProtectedData 4.7.0銆?宸茶В鍐?System.Security.Cryptography.ProtectedData 8.0.0 鐨勮繎浼兼渶浣冲尮閰嶃€? [C:\MesIngest\Ticket11\run-wpf-ui-20260810-0405-v26-normalized\Source\mes\ingest\csharp\MesIngest.Watch.UiTests\MesIngest.Watch.UiTests.csproj]
C:\MesIngest\Ticket11\run-wpf-ui-20260810-0405-v26-normalized\Source\mes\ingest\csharp\MesIngest.Watch\MesIngest.Watch.csproj : warning NU1603: Azure.Identity 1.11.4 渚濊禆浜?System.Memory (>= 4.5.4)锛屼絾鎵句笉鍒?System.Memory 4.5.4銆?宸茶В鍐?System.Memory 4.6.0 鐨勮繎浼兼渶浣冲尮閰嶃€? [C:\MesIngest\Ticket11\run-wpf-ui-20260810-0405-v26-normalized\Source\mes\ingest\csharp\MesIngest.Watch.UiTests\MesIngest.Watch.UiTests.csproj]
C:\MesIngest\Ticket11\run-wpf-ui-20260810-0405-v26-normalized\Source\mes\ingest\csharp\MesIngest.Watch.UiTests\MesIngest.Watch.UiTests.csproj : warning NU1603: Verify.XunitV3 31.16.1 渚濊禆浜?DiffEngine (>= 19.1.2)锛屼絾鎵句笉鍒?DiffEngine 19.1.2銆?宸茶В鍐?DiffEngine 19.1.3 鐨勮繎浼兼渶浣冲尮閰嶃€?
C:\MesIngest\Ticket11\run-wpf-ui-20260810-0405-v26-normalized\Source\mes\ingest\csharp\MesIngest.Watch\MesIngest.Watch.csproj : warning NU1603: Azure.Identity 1.11.4 渚濊禆浜?System.Security.Cryptography.ProtectedData (>= 4.7.0)锛屼絾鎵句笉鍒?System.Security.Cryptography.ProtectedData 4.7.0銆?宸茶В鍐?System.Security.Cryptography.ProtectedData 8.0.0 鐨勮繎浼兼渶浣冲尮閰嶃€? [C:\MesIngest\Ticket11\run-wpf-ui-20260810-0405-v26-normalized\Source\mes\ingest\csharp\MesIngest.Watch.UiTests\MesIngest.Watch.UiTests.csproj]
C:\MesIngest\Ticket11\run-wpf-ui-20260810-0405-v26-normalized\Source\mes\ingest\csharp\MesIngest.Watch.UiTests\MesIngest.Watch.UiTests.csproj : warning NU1603: xunit.v3.common 3.2.2 渚濊禆浜?Microsoft.Bcl.AsyncInterfaces (>= 6.0.0)锛屼絾鎵句笉鍒?Microsoft.Bcl.AsyncInterfaces 6.0.0銆?宸茶В鍐?Microsoft.Bcl.AsyncInterfaces 10.0.6 鐨勮繎浼兼渶浣冲尮閰嶃€?
C:\MesIngest\Ticket11\run-wpf-ui-20260810-0405-v26-normalized\Source\mes\ingest\csharp\MesIngest.Watch.UiTests\MesIngest.Watch.UiTests.csproj : warning NU1603: Microsoft.ApplicationInsights 2.23.0 渚濊禆浜?System.Diagnostics.DiagnosticSource (>= 5.0.0)锛屼絾鎵句笉鍒?System.Diagnostics.DiagnosticSource 5.0.0銆?宸茶В鍐?System.Diagnostics.DiagnosticSource 6.0.1 鐨勮繎浼兼渶浣冲尮閰嶃€?
C:\MesIngest\Ticket11\run-wpf-ui-20260810-0405-v26-normalized\Source\mes\ingest\csharp\MesIngest.Watch.UiTests\MesIngest.Watch.UiTests.csproj : warning NU1603: Azure.Identity 1.11.4 渚濊禆浜?System.Memory (>= 4.5.4)锛屼絾鎵句笉鍒?System.Memory 4.5.4銆?宸茶В鍐?System.Memory 4.6.0 鐨勮繎浼兼渶浣冲尮閰嶃€?
C:\MesIngest\Ticket11\run-wpf-ui-20260810-0405-v26-normalized\Source\mes\ingest\csharp\MesIngest.Watch.UiTests\MesIngest.Watch.UiTests.csproj : warning NU1603: Azure.Identity 1.11.4 渚濊禆浜?System.Security.Cryptography.ProtectedData (>= 4.7.0)锛屼絾鎵句笉鍒?System.Security.Cryptography.ProtectedData 4.7.0銆?宸茶В鍐?System.Security.Cryptography.ProtectedData 8.0.0 鐨勮繎浼兼渶浣冲尮閰嶃€?
  鎵€鏈夐」鐩潎鏄渶鏂扮殑锛屾棤娉曡繕鍘熴€?
C:\MesIngest\Ticket11\run-wpf-ui-20260810-0405-v26-normalized\Source\mes\ingest\csharp\MesIngest.Watch.UiTests\MesIngest.Watch.UiTests.csproj : warning NU1801: 鏃犳硶鍔犺浇婧?https://api.nuget.org/v3/index.json 鐨勬湇鍔＄储寮曘€?
C:\MesIngest\Ticket11\run-wpf-ui-20260810-0405-v26-normalized\Source\mes\ingest\csharp\MesIngest.Watch.UiTests\MesIngest.Watch.UiTests.csproj : warning NU1801: 鏃犳硶鍔犺浇婧?https://api.nuget.org/v3/index.json 鐨勬湇鍔＄储寮曘€?
C:\MesIngest\Ticket11\run-wpf-ui-20260810-0405-v26-normalized\Source\mes\ingest\csharp\MesIngest.Watch.UiTests\MesIngest.Watch.UiTests.csproj : warning NU1801: 鏃犳硶鍔犺浇婧?https://api.nuget.org/v3/index.json 鐨勬湇鍔＄储寮曘€?
C:\MesIngest\Ticket11\run-wpf-ui-20260810-0405-v26-normalized\Source\mes\ingest\csharp\MesIngest.Watch.UiTests\MesIngest.Watch.UiTests.csproj : warning NU1801: 鏃犳硶鍔犺浇婧?https://api.nuget.org/v3/index.json 鐨勬湇鍔＄储寮曘€?
C:\MesIngest\Ticket11\run-wpf-ui-20260810-0405-v26-normalized\Source\mes\ingest\csharp\MesIngest.Watch.UiTests\MesIngest.Watch.UiTests.csproj : warning NU1801: 鏃犳硶鍔犺浇婧?https://api.nuget.org/v3/index.json 鐨勬湇鍔＄储寮曘€?
C:\MesIngest\Ticket11\run-wpf-ui-20260810-0405-v26-normalized\Source\mes\ingest\csharp\MesIngest.Watch.UiTests\MesIngest.Watch.UiTests.csproj : warning NU1603: Verify.XunitV3 31.16.1 渚濊禆浜?DiffEngine (>= 19.1.2)锛屼絾鎵句笉鍒?DiffEngine 19.1.2銆?宸茶В鍐?DiffEngine 19.1.3 鐨勮繎浼兼渶浣冲尮閰嶃€?
C:\MesIngest\Ticket11\run-wpf-ui-20260810-0405-v26-normalized\Source\mes\ingest\csharp\MesIngest.Watch.UiTests\MesIngest.Watch.UiTests.csproj : warning NU1603: xunit.v3.common 3.2.2 渚濊禆浜?Microsoft.Bcl.AsyncInterfaces (>= 6.0.0)锛屼絾鎵句笉鍒?Microsoft.Bcl.AsyncInterfaces 6.0.0銆?宸茶В鍐?Microsoft.Bcl.AsyncInterfaces 10.0.6 鐨勮繎浼兼渶浣冲尮閰嶃€?
C:\MesIngest\Ticket11\run-wpf-ui-20260810-0405-v26-normalized\Source\mes\ingest\csharp\MesIngest.Watch.UiTests\MesIngest.Watch.UiTests.csproj : warning NU1603: Microsoft.ApplicationInsights 2.23.0 渚濊禆浜?System.Diagnostics.DiagnosticSource (>= 5.0.0)锛屼絾鎵句笉鍒?System.Diagnostics.DiagnosticSource 5.0.0銆?宸茶В鍐?System.Diagnostics.DiagnosticSource 6.0.1 鐨勮繎浼兼渶浣冲尮閰嶃€?
C:\MesIngest\Ticket11\run-wpf-ui-20260810-0405-v26-normalized\Source\mes\ingest\csharp\MesIngest.Watch.UiTests\MesIngest.Watch.UiTests.csproj : warning NU1603: Azure.Identity 1.11.4 渚濊禆浜?System.Memory (>= 4.5.4)锛屼絾鎵句笉鍒?System.Memory 4.5.4銆?宸茶В鍐?System.Memory 4.6.0 鐨勮繎浼兼渶浣冲尮閰嶃€?
C:\MesIngest\Ticket11\run-wpf-ui-20260810-0405-v26-normalized\Source\mes\ingest\csharp\MesIngest.Watch.UiTests\MesIngest.Watch.UiTests.csproj : warning NU1603: Azure.Identity 1.11.4 渚濊禆浜?System.Security.Cryptography.ProtectedData (>= 4.7.0)锛屼絾鎵句笉鍒?System.Security.Cryptography.ProtectedData 4.7.0銆?宸茶В鍐?System.Security.Cryptography.ProtectedData 8.0.0 鐨勮繎浼兼渶浣冲尮閰嶃€?
C:\MesIngest\Ticket11\run-wpf-ui-20260810-0405-v26-normalized\Source\mes\ingest\csharp\MesIngest.Core\MesIngest.Core.csproj : warning NU1801: 鏃犳硶鍔犺浇婧?https://api.nuget.org/v3/index.json 鐨勬湇鍔＄储寮曘€?
C:\MesIngest\Ticket11\run-wpf-ui-20260810-0405-v26-normalized\Source\mes\ingest\csharp\MesIngest.Core\MesIngest.Core.csproj : warning NU1801: 鏃犳硶鍔犺浇婧?https://api.nuget.org/v3/index.json 鐨勬湇鍔＄储寮曘€?
C:\MesIngest\Ticket11\run-wpf-ui-20260810-0405-v26-normalized\Source\mes\ingest\csharp\MesIngest.Core\MesIngest.Core.csproj : warning NU1603: Azure.Identity 1.11.4 渚濊禆浜?System.Memory (>= 4.5.4)锛屼絾鎵句笉鍒?System.Memory 4.5.4銆?宸茶В鍐?System.Memory 4.6.0 鐨勮繎浼兼渶浣冲尮閰嶃€?
C:\MesIngest\Ticket11\run-wpf-ui-20260810-0405-v26-normalized\Source\mes\ingest\csharp\MesIngest.Core\MesIngest.Core.csproj : warning NU1603: Azure.Identity 1.11.4 渚濊禆浜?System.Security.Cryptography.ProtectedData (>= 4.7.0)锛屼絾鎵句笉鍒?System.Security.Cryptography.ProtectedData 4.7.0銆?宸茶В鍐?System.Security.Cryptography.ProtectedData 8.0.0 鐨勮繎浼兼渶浣冲尮閰嶃€?
C:\MesIngest\Ticket11\run-wpf-ui-20260810-0405-v26-normalized\Source\mes\ingest\csharp\MesIngest.Watch\MesIngest.Watch.csproj : warning NU1801: 鏃犳硶鍔犺浇婧?https://api.nuget.org/v3/index.json 鐨勬湇鍔＄储寮曘€?
C:\MesIngest\Ticket11\run-wpf-ui-20260810-0405-v26-normalized\Source\mes\ingest\csharp\MesIngest.Watch\MesIngest.Watch.csproj : warning NU1801: 鏃犳硶鍔犺浇婧?https://api.nuget.org/v3/index.json 鐨勬湇鍔＄储寮曘€?
C:\MesIngest\Ticket11\run-wpf-ui-20260810-0405-v26-normalized\Source\mes\ingest\csharp\MesIngest.Watch\MesIngest.Watch.csproj : warning NU1603: Azure.Identity 1.11.4 渚濊禆浜?System.Memory (>= 4.5.4)锛屼絾鎵句笉鍒?System.Memory 4.5.4銆?宸茶В鍐?System.Memory 4.6.0 鐨勮繎浼兼渶浣冲尮閰嶃€?
C:\MesIngest\Ticket11\run-wpf-ui-20260810-0405-v26-normalized\Source\mes\ingest\csharp\MesIngest.Watch\MesIngest.Watch.csproj : warning NU1603: Azure.Identity 1.11.4 渚濊禆浜?System.Security.Cryptography.ProtectedData (>= 4.7.0)锛屼絾鎵句笉鍒?System.Security.Cryptography.ProtectedData 4.7.0銆?宸茶В鍐?System.Security.Cryptography.ProtectedData 8.0.0 鐨勮繎浼兼渶浣冲尮閰嶃€?
xUnit.net v3 In-Process Runner v3.2.2+728c1dce01 (64-bit .NET 8.0.29)
  Discovering: MesIngest.Watch.UiTests
  Discovered:  MesIngest.Watch.UiTests
  Starting:    MesIngest.Watch.UiTests
  Finished:    MesIngest.Watch.UiTests (ID = '21393fcd2f516a01831d764045a412bb82c968bdde63c97f453ac53ba0c23067')
=== TEST EXECUTION SUMMARY ===
   MesIngest.Watch.UiTests  Total: 1, Errors: 0, Failed: 0, Skipped: 0, Not Run: 0, Time: 0.108s
WATCH_UI_ENVIRONMENT_OK: session=1 name=(not exported; validated by Explorer and OpenInputDesktop); suite=watch-xaml-visual; artifacts=C:\MesIngest\Ticket11\run-wpf-ui-20260810-0405-v26-normalized\Source\mes\ingest\csharp\TestResults\watch-ui\20260810-024749-497; running serial xUnit v3 UI tests.
C:\MesIngest\Ticket11\run-wpf-ui-20260810-0405-v26-normalized\Source\mes\ingest\csharp\MesIngest.Watch.UiTests\MesIngest.Watch.UiTests.csproj : warning NU1801: 鏃犳硶鍔犺浇婧?https://api.nuget.org/v3/index.json 鐨勬湇鍔＄储寮曘€?
C:\MesIngest\Ticket11\run-wpf-ui-20260810-0405-v26-normalized\Source\mes\ingest\csharp\MesIngest.Watch.UiTests\MesIngest.Watch.UiTests.csproj : warning NU1801: 鏃犳硶鍔犺浇婧?https://api.nuget.org/v3/index.json 鐨勬湇鍔＄储寮曘€?
C:\MesIngest\Ticket11\run-wpf-ui-20260810-0405-v26-normalized\Source\mes\ingest\csharp\MesIngest.Watch.UiTests\MesIngest.Watch.UiTests.csproj : warning NU1801: 鏃犳硶鍔犺浇婧?https://api.nuget.org/v3/index.json 鐨勬湇鍔＄储寮曘€?
C:\MesIngest\Ticket11\run-wpf-ui-20260810-0405-v26-normalized\Source\mes\ingest\csharp\MesIngest.Watch.UiTests\MesIngest.Watch.UiTests.csproj : warning NU1801: 鏃犳硶鍔犺浇婧?https://api.nuget.org/v3/index.json 鐨勬湇鍔＄储寮曘€?
C:\MesIngest\Ticket11\run-wpf-ui-20260810-0405-v26-normalized\Source\mes\ingest\csharp\MesIngest.Watch.UiTests\MesIngest.Watch.UiTests.csproj : warning NU1801: 鏃犳硶鍔犺浇婧?https://api.nuget.org/v3/index.json 鐨勬湇鍔＄储寮曘€?
C:\MesIngest\Ticket11\run-wpf-ui-20260810-0405-v26-normalized\Source\mes\ingest\csharp\MesIngest.Watch.UiTests\MesIngest.Watch.UiTests.csproj : warning NU1603: Verify.XunitV3 31.16.1 渚濊禆浜?DiffEngine (>= 19.1.2)锛屼絾鎵句笉鍒?DiffEngine 19.1.2銆?宸茶В鍐?DiffEngine 19.1.3 鐨勮繎浼兼渶浣冲尮閰嶃€?
C:\MesIngest\Ticket11\run-wpf-ui-20260810-0405-v26-normalized\Source\mes\ingest\csharp\MesIngest.Watch.UiTests\MesIngest.Watch.UiTests.csproj : warning NU1603: xunit.v3.common 3.2.2 渚濊禆浜?Microsoft.Bcl.AsyncInterfaces (>= 6.0.0)锛屼絾鎵句笉鍒?Microsoft.Bcl.AsyncInterfaces 6.0.0銆?宸茶В鍐?Microsoft.Bcl.AsyncInterfaces 10.0.6 鐨勮繎浼兼渶浣冲尮閰嶃€?
C:\MesIngest\Ticket11\run-wpf-ui-20260810-0405-v26-normalized\Source\mes\ingest\csharp\MesIngest.Watch.UiTests\MesIngest.Watch.UiTests.csproj : warning NU1603: Microsoft.ApplicationInsights 2.23.0 渚濊禆浜?System.Diagnostics.DiagnosticSource (>= 5.0.0)锛屼絾鎵句笉鍒?System.Diagnostics.DiagnosticSource 5.0.0銆?宸茶В鍐?System.Diagnostics.DiagnosticSource 6.0.1 鐨勮繎浼兼渶浣冲尮閰嶃€?
C:\MesIngest\Ticket11\run-wpf-ui-20260810-0405-v26-normalized\Source\mes\ingest\csharp\MesIngest.Watch.UiTests\MesIngest.Watch.UiTests.csproj : warning NU1603: Azure.Identity 1.11.4 渚濊禆浜?System.Memory (>= 4.5.4)锛屼絾鎵句笉鍒?System.Memory 4.5.4銆?宸茶В鍐?System.Memory 4.6.0 鐨勮繎浼兼渶浣冲尮閰嶃€?
C:\MesIngest\Ticket11\run-wpf-ui-20260810-0405-v26-normalized\Source\mes\ingest\csharp\MesIngest.Watch.UiTests\MesIngest.Watch.UiTests.csproj : warning NU1603: Azure.Identity 1.11.4 渚濊禆浜?System.Security.Cryptography.ProtectedData (>= 4.7.0)锛屼絾鎵句笉鍒?System.Security.Cryptography.ProtectedData 4.7.0銆?宸茶В鍐?System.Security.Cryptography.ProtectedData 8.0.0 鐨勮繎浼兼渶浣冲尮閰嶃€?
C:\MesIngest\Ticket11\run-wpf-ui-20260810-0405-v26-normalized\Source\mes\ingest\csharp\MesIngest.Core\MesIngest.Core.csproj : warning NU1801: 鏃犳硶鍔犺浇婧?https://api.nuget.org/v3/index.json 鐨勬湇鍔＄储寮曘€?
C:\MesIngest\Ticket11\run-wpf-ui-20260810-0405-v26-normalized\Source\mes\ingest\csharp\MesIngest.Core\MesIngest.Core.csproj : warning NU1801: 鏃犳硶鍔犺浇婧?https://api.nuget.org/v3/index.json 鐨勬湇鍔＄储寮曘€?
C:\MesIngest\Ticket11\run-wpf-ui-20260810-0405-v26-normalized\Source\mes\ingest\csharp\MesIngest.Core\MesIngest.Core.csproj : warning NU1603: Azure.Identity 1.11.4 渚濊禆浜?System.Memory (>= 4.5.4)锛屼絾鎵句笉鍒?System.Memory 4.5.4銆?宸茶В鍐?System.Memory 4.6.0 鐨勮繎浼兼渶浣冲尮閰嶃€?
C:\MesIngest\Ticket11\run-wpf-ui-20260810-0405-v26-normalized\Source\mes\ingest\csharp\MesIngest.Core\MesIngest.Core.csproj : warning NU1603: Azure.Identity 1.11.4 渚濊禆浜?System.Security.Cryptography.ProtectedData (>= 4.7.0)锛屼絾鎵句笉鍒?System.Security.Cryptography.ProtectedData 4.7.0銆?宸茶В鍐?System.Security.Cryptography.ProtectedData 8.0.0 鐨勮繎浼兼渶浣冲尮閰嶃€?
C:\MesIngest\Ticket11\run-wpf-ui-20260810-0405-v26-normalized\Source\mes\ingest\csharp\MesIngest.Watch\MesIngest.Watch.csproj : warning NU1801: 鏃犳硶鍔犺浇婧?https://api.nuget.org/v3/index.json 鐨勬湇鍔＄储寮曘€?
C:\MesIngest\Ticket11\run-wpf-ui-20260810-0405-v26-normalized\Source\mes\ingest\csharp\MesIngest.Watch\MesIngest.Watch.csproj : warning NU1801: 鏃犳硶鍔犺浇婧?https://api.nuget.org/v3/index.json 鐨勬湇鍔＄储寮曘€?
C:\MesIngest\Ticket11\run-wpf-ui-20260810-0405-v26-normalized\Source\mes\ingest\csharp\MesIngest.Watch\MesIngest.Watch.csproj : warning NU1603: Azure.Identity 1.11.4 渚濊禆浜?System.Memory (>= 4.5.4)锛屼絾鎵句笉鍒?System.Memory 4.5.4銆?宸茶В鍐?System.Memory 4.6.0 鐨勮繎浼兼渶浣冲尮閰嶃€?
C:\MesIngest\Ticket11\run-wpf-ui-20260810-0405-v26-normalized\Source\mes\ingest\csharp\MesIngest.Watch\MesIngest.Watch.csproj : warning NU1603: Azure.Identity 1.11.4 渚濊禆浜?System.Security.Cryptography.ProtectedData (>= 4.7.0)锛屼絾鎵句笉鍒?System.Security.Cryptography.ProtectedData 4.7.0銆?宸茶В鍐?System.Security.Cryptography.ProtectedData 8.0.0 鐨勮繎浼兼渶浣冲尮閰嶃€?
xUnit.net v3 In-Process Runner v3.2.2+728c1dce01 (64-bit .NET 8.0.29)
  Discovering: MesIngest.Watch.UiTests
  Discovered:  MesIngest.Watch.UiTests
  Starting:    MesIngest.Watch.UiTests
  Finished:    MesIngest.Watch.UiTests (ID = '21393fcd2f516a01831d764045a412bb82c968bdde63c97f453ac53ba0c23067')
=== TEST EXECUTION SUMMARY ===
   MesIngest.Watch.UiTests  Total: 20, Errors: 0, Failed: 0, Skipped: 0, Not Run: 0, Time: 27.595s
WATCH_UI_ALL_PASSED: suite=watch-xaml-visual artifacts=C:\MesIngest\Ticket11\run-wpf-ui-20260810-0405-v26-normalized\Source\mes\ingest\csharp\TestResults\watch-ui\20260810-024749-497
WATCH_XAML_STABILITY_RUN: 5/10
  姝ｅ湪纭畾瑕佽繕鍘熺殑椤圭洰鈥?
C:\MesIngest\Ticket11\run-wpf-ui-20260810-0405-v26-normalized\Source\mes\ingest\csharp\MesIngest.Core\MesIngest.Core.csproj : warning NU1801: 鏃犳硶鍔犺浇婧?https://api.nuget.org/v3/index.json 鐨勬湇鍔＄储寮曘€?[C:\MesIngest\Ticket11\run-wpf-ui-20260810-0405-v26-normalized\Source\mes\ingest\csharp\MesIngest.Watch.UiTests\MesIngest.Watch.UiTests.csproj]
C:\MesIngest\Ticket11\run-wpf-ui-20260810-0405-v26-normalized\Source\mes\ingest\csharp\MesIngest.Watch\MesIngest.Watch.csproj : warning NU1801: 鏃犳硶鍔犺浇婧?https://api.nuget.org/v3/index.json 鐨勬湇鍔＄储寮曘€?[C:\MesIngest\Ticket11\run-wpf-ui-20260810-0405-v26-normalized\Source\mes\ingest\csharp\MesIngest.Watch.UiTests\MesIngest.Watch.UiTests.csproj]
C:\MesIngest\Ticket11\run-wpf-ui-20260810-0405-v26-normalized\Source\mes\ingest\csharp\MesIngest.Watch.UiTests\MesIngest.Watch.UiTests.csproj : warning NU1801: 鏃犳硶鍔犺浇婧?https://api.nuget.org/v3/index.json 鐨勬湇鍔＄储寮曘€?
C:\MesIngest\Ticket11\run-wpf-ui-20260810-0405-v26-normalized\Source\mes\ingest\csharp\MesIngest.Core\MesIngest.Core.csproj : warning NU1801: 鏃犳硶鍔犺浇婧?https://api.nuget.org/v3/index.json 鐨勬湇鍔＄储寮曘€?[C:\MesIngest\Ticket11\run-wpf-ui-20260810-0405-v26-normalized\Source\mes\ingest\csharp\MesIngest.Watch.UiTests\MesIngest.Watch.UiTests.csproj]
C:\MesIngest\Ticket11\run-wpf-ui-20260810-0405-v26-normalized\Source\mes\ingest\csharp\MesIngest.Watch.UiTests\MesIngest.Watch.UiTests.csproj : warning NU1801: 鏃犳硶鍔犺浇婧?https://api.nuget.org/v3/index.json 鐨勬湇鍔＄储寮曘€?
C:\MesIngest\Ticket11\run-wpf-ui-20260810-0405-v26-normalized\Source\mes\ingest\csharp\MesIngest.Watch\MesIngest.Watch.csproj : warning NU1801: 鏃犳硶鍔犺浇婧?https://api.nuget.org/v3/index.json 鐨勬湇鍔＄储寮曘€?[C:\MesIngest\Ticket11\run-wpf-ui-20260810-0405-v26-normalized\Source\mes\ingest\csharp\MesIngest.Watch.UiTests\MesIngest.Watch.UiTests.csproj]
C:\MesIngest\Ticket11\run-wpf-ui-20260810-0405-v26-normalized\Source\mes\ingest\csharp\MesIngest.Watch.UiTests\MesIngest.Watch.UiTests.csproj : warning NU1801: 鏃犳硶鍔犺浇婧?https://api.nuget.org/v3/index.json 鐨勬湇鍔＄储寮曘€?
C:\MesIngest\Ticket11\run-wpf-ui-20260810-0405-v26-normalized\Source\mes\ingest\csharp\MesIngest.Watch.UiTests\MesIngest.Watch.UiTests.csproj : warning NU1801: 鏃犳硶鍔犺浇婧?https://api.nuget.org/v3/index.json 鐨勬湇鍔＄储寮曘€?
C:\MesIngest\Ticket11\run-wpf-ui-20260810-0405-v26-normalized\Source\mes\ingest\csharp\MesIngest.Watch.UiTests\MesIngest.Watch.UiTests.csproj : warning NU1801: 鏃犳硶鍔犺浇婧?https://api.nuget.org/v3/index.json 鐨勬湇鍔＄储寮曘€?
C:\MesIngest\Ticket11\run-wpf-ui-20260810-0405-v26-normalized\Source\mes\ingest\csharp\MesIngest.Core\MesIngest.Core.csproj : warning NU1603: Azure.Identity 1.11.4 渚濊禆浜?System.Memory (>= 4.5.4)锛屼絾鎵句笉鍒?System.Memory 4.5.4銆?宸茶В鍐?System.Memory 4.6.0 鐨勮繎浼兼渶浣冲尮閰嶃€? [C:\MesIngest\Ticket11\run-wpf-ui-20260810-0405-v26-normalized\Source\mes\ingest\csharp\MesIngest.Watch.UiTests\MesIngest.Watch.UiTests.csproj]
C:\MesIngest\Ticket11\run-wpf-ui-20260810-0405-v26-normalized\Source\mes\ingest\csharp\MesIngest.Core\MesIngest.Core.csproj : warning NU1603: Azure.Identity 1.11.4 渚濊禆浜?System.Security.Cryptography.ProtectedData (>= 4.7.0)锛屼絾鎵句笉鍒?System.Security.Cryptography.ProtectedData 4.7.0銆?宸茶В鍐?System.Security.Cryptography.ProtectedData 8.0.0 鐨勮繎浼兼渶浣冲尮閰嶃€? [C:\MesIngest\Ticket11\run-wpf-ui-20260810-0405-v26-normalized\Source\mes\ingest\csharp\MesIngest.Watch.UiTests\MesIngest.Watch.UiTests.csproj]
C:\MesIngest\Ticket11\run-wpf-ui-20260810-0405-v26-normalized\Source\mes\ingest\csharp\MesIngest.Watch.UiTests\MesIngest.Watch.UiTests.csproj : warning NU1603: Verify.XunitV3 31.16.1 渚濊禆浜?DiffEngine (>= 19.1.2)锛屼絾鎵句笉鍒?DiffEngine 19.1.2銆?宸茶В鍐?DiffEngine 19.1.3 鐨勮繎浼兼渶浣冲尮閰嶃€?
C:\MesIngest\Ticket11\run-wpf-ui-20260810-0405-v26-normalized\Source\mes\ingest\csharp\MesIngest.Watch.UiTests\MesIngest.Watch.UiTests.csproj : warning NU1603: xunit.v3.common 3.2.2 渚濊禆浜?Microsoft.Bcl.AsyncInterfaces (>= 6.0.0)锛屼絾鎵句笉鍒?Microsoft.Bcl.AsyncInterfaces 6.0.0銆?宸茶В鍐?Microsoft.Bcl.AsyncInterfaces 10.0.6 鐨勮繎浼兼渶浣冲尮閰嶃€?
C:\MesIngest\Ticket11\run-wpf-ui-20260810-0405-v26-normalized\Source\mes\ingest\csharp\MesIngest.Watch.UiTests\MesIngest.Watch.UiTests.csproj : warning NU1603: Microsoft.ApplicationInsights 2.23.0 渚濊禆浜?System.Diagnostics.DiagnosticSource (>= 5.0.0)锛屼絾鎵句笉鍒?System.Diagnostics.DiagnosticSource 5.0.0銆?宸茶В鍐?System.Diagnostics.DiagnosticSource 6.0.1 鐨勮繎浼兼渶浣冲尮閰嶃€?
C:\MesIngest\Ticket11\run-wpf-ui-20260810-0405-v26-normalized\Source\mes\ingest\csharp\MesIngest.Watch\MesIngest.Watch.csproj : warning NU1603: Azure.Identity 1.11.4 渚濊禆浜?System.Memory (>= 4.5.4)锛屼絾鎵句笉鍒?System.Memory 4.5.4銆?宸茶В鍐?System.Memory 4.6.0 鐨勮繎浼兼渶浣冲尮閰嶃€? [C:\MesIngest\Ticket11\run-wpf-ui-20260810-0405-v26-normalized\Source\mes\ingest\csharp\MesIngest.Watch.UiTests\MesIngest.Watch.UiTests.csproj]
C:\MesIngest\Ticket11\run-wpf-ui-20260810-0405-v26-normalized\Source\mes\ingest\csharp\MesIngest.Watch.UiTests\MesIngest.Watch.UiTests.csproj : warning NU1603: Azure.Identity 1.11.4 渚濊禆浜?System.Memory (>= 4.5.4)锛屼絾鎵句笉鍒?System.Memory 4.5.4銆?宸茶В鍐?System.Memory 4.6.0 鐨勮繎浼兼渶浣冲尮閰嶃€?
C:\MesIngest\Ticket11\run-wpf-ui-20260810-0405-v26-normalized\Source\mes\ingest\csharp\MesIngest.Watch.UiTests\MesIngest.Watch.UiTests.csproj : warning NU1603: Azure.Identity 1.11.4 渚濊禆浜?System.Security.Cryptography.ProtectedData (>= 4.7.0)锛屼絾鎵句笉鍒?System.Security.Cryptography.ProtectedData 4.7.0銆?宸茶В鍐?System.Security.Cryptography.ProtectedData 8.0.0 鐨勮繎浼兼渶浣冲尮閰嶃€?
C:\MesIngest\Ticket11\run-wpf-ui-20260810-0405-v26-normalized\Source\mes\ingest\csharp\MesIngest.Watch\MesIngest.Watch.csproj : warning NU1603: Azure.Identity 1.11.4 渚濊禆浜?System.Security.Cryptography.ProtectedData (>= 4.7.0)锛屼絾鎵句笉鍒?System.Security.Cryptography.ProtectedData 4.7.0銆?宸茶В鍐?System.Security.Cryptography.ProtectedData 8.0.0 鐨勮繎浼兼渶浣冲尮閰嶃€? [C:\MesIngest\Ticket11\run-wpf-ui-20260810-0405-v26-normalized\Source\mes\ingest\csharp\MesIngest.Watch.UiTests\MesIngest.Watch.UiTests.csproj]
  鎵€鏈夐」鐩潎鏄渶鏂扮殑锛屾棤娉曡繕鍘熴€?
C:\MesIngest\Ticket11\run-wpf-ui-20260810-0405-v26-normalized\Source\mes\ingest\csharp\MesIngest.Watch.UiTests\MesIngest.Watch.UiTests.csproj : warning NU1801: 鏃犳硶鍔犺浇婧?https://api.nuget.org/v3/index.json 鐨勬湇鍔＄储寮曘€?
C:\MesIngest\Ticket11\run-wpf-ui-20260810-0405-v26-normalized\Source\mes\ingest\csharp\MesIngest.Watch.UiTests\MesIngest.Watch.UiTests.csproj : warning NU1801: 鏃犳硶鍔犺浇婧?https://api.nuget.org/v3/index.json 鐨勬湇鍔＄储寮曘€?
C:\MesIngest\Ticket11\run-wpf-ui-20260810-0405-v26-normalized\Source\mes\ingest\csharp\MesIngest.Watch.UiTests\MesIngest.Watch.UiTests.csproj : warning NU1801: 鏃犳硶鍔犺浇婧?https://api.nuget.org/v3/index.json 鐨勬湇鍔＄储寮曘€?
C:\MesIngest\Ticket11\run-wpf-ui-20260810-0405-v26-normalized\Source\mes\ingest\csharp\MesIngest.Watch.UiTests\MesIngest.Watch.UiTests.csproj : warning NU1801: 鏃犳硶鍔犺浇婧?https://api.nuget.org/v3/index.json 鐨勬湇鍔＄储寮曘€?
C:\MesIngest\Ticket11\run-wpf-ui-20260810-0405-v26-normalized\Source\mes\ingest\csharp\MesIngest.Watch.UiTests\MesIngest.Watch.UiTests.csproj : warning NU1801: 鏃犳硶鍔犺浇婧?https://api.nuget.org/v3/index.json 鐨勬湇鍔＄储寮曘€?
C:\MesIngest\Ticket11\run-wpf-ui-20260810-0405-v26-normalized\Source\mes\ingest\csharp\MesIngest.Watch.UiTests\MesIngest.Watch.UiTests.csproj : warning NU1603: Verify.XunitV3 31.16.1 渚濊禆浜?DiffEngine (>= 19.1.2)锛屼絾鎵句笉鍒?DiffEngine 19.1.2銆?宸茶В鍐?DiffEngine 19.1.3 鐨勮繎浼兼渶浣冲尮閰嶃€?
C:\MesIngest\Ticket11\run-wpf-ui-20260810-0405-v26-normalized\Source\mes\ingest\csharp\MesIngest.Watch.UiTests\MesIngest.Watch.UiTests.csproj : warning NU1603: xunit.v3.common 3.2.2 渚濊禆浜?Microsoft.Bcl.AsyncInterfaces (>= 6.0.0)锛屼絾鎵句笉鍒?Microsoft.Bcl.AsyncInterfaces 6.0.0銆?宸茶В鍐?Microsoft.Bcl.AsyncInterfaces 10.0.6 鐨勮繎浼兼渶浣冲尮閰嶃€?
C:\MesIngest\Ticket11\run-wpf-ui-20260810-0405-v26-normalized\Source\mes\ingest\csharp\MesIngest.Watch.UiTests\MesIngest.Watch.UiTests.csproj : warning NU1603: Microsoft.ApplicationInsights 2.23.0 渚濊禆浜?System.Diagnostics.DiagnosticSource (>= 5.0.0)锛屼絾鎵句笉鍒?System.Diagnostics.DiagnosticSource 5.0.0銆?宸茶В鍐?System.Diagnostics.DiagnosticSource 6.0.1 鐨勮繎浼兼渶浣冲尮閰嶃€?
C:\MesIngest\Ticket11\run-wpf-ui-20260810-0405-v26-normalized\Source\mes\ingest\csharp\MesIngest.Watch.UiTests\MesIngest.Watch.UiTests.csproj : warning NU1603: Azure.Identity 1.11.4 渚濊禆浜?System.Memory (>= 4.5.4)锛屼絾鎵句笉鍒?System.Memory 4.5.4銆?宸茶В鍐?System.Memory 4.6.0 鐨勮繎浼兼渶浣冲尮閰嶃€?
C:\MesIngest\Ticket11\run-wpf-ui-20260810-0405-v26-normalized\Source\mes\ingest\csharp\MesIngest.Watch.UiTests\MesIngest.Watch.UiTests.csproj : warning NU1603: Azure.Identity 1.11.4 渚濊禆浜?System.Security.Cryptography.ProtectedData (>= 4.7.0)锛屼絾鎵句笉鍒?System.Security.Cryptography.ProtectedData 4.7.0銆?宸茶В鍐?System.Security.Cryptography.ProtectedData 8.0.0 鐨勮繎浼兼渶浣冲尮閰嶃€?
C:\MesIngest\Ticket11\run-wpf-ui-20260810-0405-v26-normalized\Source\mes\ingest\csharp\MesIngest.Core\MesIngest.Core.csproj : warning NU1801: 鏃犳硶鍔犺浇婧?https://api.nuget.org/v3/index.json 鐨勬湇鍔＄储寮曘€?
C:\MesIngest\Ticket11\run-wpf-ui-20260810-0405-v26-normalized\Source\mes\ingest\csharp\MesIngest.Core\MesIngest.Core.csproj : warning NU1801: 鏃犳硶鍔犺浇婧?https://api.nuget.org/v3/index.json 鐨勬湇鍔＄储寮曘€?
C:\MesIngest\Ticket11\run-wpf-ui-20260810-0405-v26-normalized\Source\mes\ingest\csharp\MesIngest.Core\MesIngest.Core.csproj : warning NU1603: Azure.Identity 1.11.4 渚濊禆浜?System.Memory (>= 4.5.4)锛屼絾鎵句笉鍒?System.Memory 4.5.4銆?宸茶В鍐?System.Memory 4.6.0 鐨勮繎浼兼渶浣冲尮閰嶃€?
C:\MesIngest\Ticket11\run-wpf-ui-20260810-0405-v26-normalized\Source\mes\ingest\csharp\MesIngest.Core\MesIngest.Core.csproj : warning NU1603: Azure.Identity 1.11.4 渚濊禆浜?System.Security.Cryptography.ProtectedData (>= 4.7.0)锛屼絾鎵句笉鍒?System.Security.Cryptography.ProtectedData 4.7.0銆?宸茶В鍐?System.Security.Cryptography.ProtectedData 8.0.0 鐨勮繎浼兼渶浣冲尮閰嶃€?
C:\MesIngest\Ticket11\run-wpf-ui-20260810-0405-v26-normalized\Source\mes\ingest\csharp\MesIngest.Watch\MesIngest.Watch.csproj : warning NU1801: 鏃犳硶鍔犺浇婧?https://api.nuget.org/v3/index.json 鐨勬湇鍔＄储寮曘€?
C:\MesIngest\Ticket11\run-wpf-ui-20260810-0405-v26-normalized\Source\mes\ingest\csharp\MesIngest.Watch\MesIngest.Watch.csproj : warning NU1801: 鏃犳硶鍔犺浇婧?https://api.nuget.org/v3/index.json 鐨勬湇鍔＄储寮曘€?
C:\MesIngest\Ticket11\run-wpf-ui-20260810-0405-v26-normalized\Source\mes\ingest\csharp\MesIngest.Watch\MesIngest.Watch.csproj : warning NU1603: Azure.Identity 1.11.4 渚濊禆浜?System.Memory (>= 4.5.4)锛屼絾鎵句笉鍒?System.Memory 4.5.4銆?宸茶В鍐?System.Memory 4.6.0 鐨勮繎浼兼渶浣冲尮閰嶃€?
C:\MesIngest\Ticket11\run-wpf-ui-20260810-0405-v26-normalized\Source\mes\ingest\csharp\MesIngest.Watch\MesIngest.Watch.csproj : warning NU1603: Azure.Identity 1.11.4 渚濊禆浜?System.Security.Cryptography.ProtectedData (>= 4.7.0)锛屼絾鎵句笉鍒?System.Security.Cryptography.ProtectedData 4.7.0銆?宸茶В鍐?System.Security.Cryptography.ProtectedData 8.0.0 鐨勮繎浼兼渶浣冲尮閰嶃€?
xUnit.net v3 In-Process Runner v3.2.2+728c1dce01 (64-bit .NET 8.0.29)
  Discovering: MesIngest.Watch.UiTests
  Discovered:  MesIngest.Watch.UiTests
  Starting:    MesIngest.Watch.UiTests
  Finished:    MesIngest.Watch.UiTests (ID = '21393fcd2f516a01831d764045a412bb82c968bdde63c97f453ac53ba0c23067')
=== TEST EXECUTION SUMMARY ===
   MesIngest.Watch.UiTests  Total: 1, Errors: 0, Failed: 0, Skipped: 0, Not Run: 0, Time: 0.102s
WATCH_UI_ENVIRONMENT_OK: session=1 name=(not exported; validated by Explorer and OpenInputDesktop); suite=watch-xaml-visual; artifacts=C:\MesIngest\Ticket11\run-wpf-ui-20260810-0405-v26-normalized\Source\mes\ingest\csharp\TestResults\watch-ui\20260810-024821-881; running serial xUnit v3 UI tests.
C:\MesIngest\Ticket11\run-wpf-ui-20260810-0405-v26-normalized\Source\mes\ingest\csharp\MesIngest.Watch.UiTests\MesIngest.Watch.UiTests.csproj : warning NU1801: 鏃犳硶鍔犺浇婧?https://api.nuget.org/v3/index.json 鐨勬湇鍔＄储寮曘€?
C:\MesIngest\Ticket11\run-wpf-ui-20260810-0405-v26-normalized\Source\mes\ingest\csharp\MesIngest.Watch.UiTests\MesIngest.Watch.UiTests.csproj : warning NU1801: 鏃犳硶鍔犺浇婧?https://api.nuget.org/v3/index.json 鐨勬湇鍔＄储寮曘€?
C:\MesIngest\Ticket11\run-wpf-ui-20260810-0405-v26-normalized\Source\mes\ingest\csharp\MesIngest.Watch.UiTests\MesIngest.Watch.UiTests.csproj : warning NU1801: 鏃犳硶鍔犺浇婧?https://api.nuget.org/v3/index.json 鐨勬湇鍔＄储寮曘€?
C:\MesIngest\Ticket11\run-wpf-ui-20260810-0405-v26-normalized\Source\mes\ingest\csharp\MesIngest.Watch.UiTests\MesIngest.Watch.UiTests.csproj : warning NU1801: 鏃犳硶鍔犺浇婧?https://api.nuget.org/v3/index.json 鐨勬湇鍔＄储寮曘€?
C:\MesIngest\Ticket11\run-wpf-ui-20260810-0405-v26-normalized\Source\mes\ingest\csharp\MesIngest.Watch.UiTests\MesIngest.Watch.UiTests.csproj : warning NU1801: 鏃犳硶鍔犺浇婧?https://api.nuget.org/v3/index.json 鐨勬湇鍔＄储寮曘€?
C:\MesIngest\Ticket11\run-wpf-ui-20260810-0405-v26-normalized\Source\mes\ingest\csharp\MesIngest.Watch.UiTests\MesIngest.Watch.UiTests.csproj : warning NU1603: Verify.XunitV3 31.16.1 渚濊禆浜?DiffEngine (>= 19.1.2)锛屼絾鎵句笉鍒?DiffEngine 19.1.2銆?宸茶В鍐?DiffEngine 19.1.3 鐨勮繎浼兼渶浣冲尮閰嶃€?
C:\MesIngest\Ticket11\run-wpf-ui-20260810-0405-v26-normalized\Source\mes\ingest\csharp\MesIngest.Watch.UiTests\MesIngest.Watch.UiTests.csproj : warning NU1603: xunit.v3.common 3.2.2 渚濊禆浜?Microsoft.Bcl.AsyncInterfaces (>= 6.0.0)锛屼絾鎵句笉鍒?Microsoft.Bcl.AsyncInterfaces 6.0.0銆?宸茶В鍐?Microsoft.Bcl.AsyncInterfaces 10.0.6 鐨勮繎浼兼渶浣冲尮閰嶃€?
C:\MesIngest\Ticket11\run-wpf-ui-20260810-0405-v26-normalized\Source\mes\ingest\csharp\MesIngest.Watch.UiTests\MesIngest.Watch.UiTests.csproj : warning NU1603: Microsoft.ApplicationInsights 2.23.0 渚濊禆浜?System.Diagnostics.DiagnosticSource (>= 5.0.0)锛屼絾鎵句笉鍒?System.Diagnostics.DiagnosticSource 5.0.0銆?宸茶В鍐?System.Diagnostics.DiagnosticSource 6.0.1 鐨勮繎浼兼渶浣冲尮閰嶃€?
C:\MesIngest\Ticket11\run-wpf-ui-20260810-0405-v26-normalized\Source\mes\ingest\csharp\MesIngest.Watch.UiTests\MesIngest.Watch.UiTests.csproj : warning NU1603: Azure.Identity 1.11.4 渚濊禆浜?System.Memory (>= 4.5.4)锛屼絾鎵句笉鍒?System.Memory 4.5.4銆?宸茶В鍐?System.Memory 4.6.0 鐨勮繎浼兼渶浣冲尮閰嶃€?
C:\MesIngest\Ticket11\run-wpf-ui-20260810-0405-v26-normalized\Source\mes\ingest\csharp\MesIngest.Watch.UiTests\MesIngest.Watch.UiTests.csproj : warning NU1603: Azure.Identity 1.11.4 渚濊禆浜?System.Security.Cryptography.ProtectedData (>= 4.7.0)锛屼絾鎵句笉鍒?System.Security.Cryptography.ProtectedData 4.7.0銆?宸茶В鍐?System.Security.Cryptography.ProtectedData 8.0.0 鐨勮繎浼兼渶浣冲尮閰嶃€?
C:\MesIngest\Ticket11\run-wpf-ui-20260810-0405-v26-normalized\Source\mes\ingest\csharp\MesIngest.Core\MesIngest.Core.csproj : warning NU1801: 鏃犳硶鍔犺浇婧?https://api.nuget.org/v3/index.json 鐨勬湇鍔＄储寮曘€?
C:\MesIngest\Ticket11\run-wpf-ui-20260810-0405-v26-normalized\Source\mes\ingest\csharp\MesIngest.Core\MesIngest.Core.csproj : warning NU1801: 鏃犳硶鍔犺浇婧?https://api.nuget.org/v3/index.json 鐨勬湇鍔＄储寮曘€?
C:\MesIngest\Ticket11\run-wpf-ui-20260810-0405-v26-normalized\Source\mes\ingest\csharp\MesIngest.Core\MesIngest.Core.csproj : warning NU1603: Azure.Identity 1.11.4 渚濊禆浜?System.Memory (>= 4.5.4)锛屼絾鎵句笉鍒?System.Memory 4.5.4銆?宸茶В鍐?System.Memory 4.6.0 鐨勮繎浼兼渶浣冲尮閰嶃€?
C:\MesIngest\Ticket11\run-wpf-ui-20260810-0405-v26-normalized\Source\mes\ingest\csharp\MesIngest.Core\MesIngest.Core.csproj : warning NU1603: Azure.Identity 1.11.4 渚濊禆浜?System.Security.Cryptography.ProtectedData (>= 4.7.0)锛屼絾鎵句笉鍒?System.Security.Cryptography.ProtectedData 4.7.0銆?宸茶В鍐?System.Security.Cryptography.ProtectedData 8.0.0 鐨勮繎浼兼渶浣冲尮閰嶃€?
C:\MesIngest\Ticket11\run-wpf-ui-20260810-0405-v26-normalized\Source\mes\ingest\csharp\MesIngest.Watch\MesIngest.Watch.csproj : warning NU1801: 鏃犳硶鍔犺浇婧?https://api.nuget.org/v3/index.json 鐨勬湇鍔＄储寮曘€?
C:\MesIngest\Ticket11\run-wpf-ui-20260810-0405-v26-normalized\Source\mes\ingest\csharp\MesIngest.Watch\MesIngest.Watch.csproj : warning NU1801: 鏃犳硶鍔犺浇婧?https://api.nuget.org/v3/index.json 鐨勬湇鍔＄储寮曘€?
C:\MesIngest\Ticket11\run-wpf-ui-20260810-0405-v26-normalized\Source\mes\ingest\csharp\MesIngest.Watch\MesIngest.Watch.csproj : warning NU1603: Azure.Identity 1.11.4 渚濊禆浜?System.Memory (>= 4.5.4)锛屼絾鎵句笉鍒?System.Memory 4.5.4銆?宸茶В鍐?System.Memory 4.6.0 鐨勮繎浼兼渶浣冲尮閰嶃€?
C:\MesIngest\Ticket11\run-wpf-ui-20260810-0405-v26-normalized\Source\mes\ingest\csharp\MesIngest.Watch\MesIngest.Watch.csproj : warning NU1603: Azure.Identity 1.11.4 渚濊禆浜?System.Security.Cryptography.ProtectedData (>= 4.7.0)锛屼絾鎵句笉鍒?System.Security.Cryptography.ProtectedData 4.7.0銆?宸茶В鍐?System.Security.Cryptography.ProtectedData 8.0.0 鐨勮繎浼兼渶浣冲尮閰嶃€?
xUnit.net v3 In-Process Runner v3.2.2+728c1dce01 (64-bit .NET 8.0.29)
  Discovering: MesIngest.Watch.UiTests
  Discovered:  MesIngest.Watch.UiTests
  Starting:    MesIngest.Watch.UiTests
  Finished:    MesIngest.Watch.UiTests (ID = '21393fcd2f516a01831d764045a412bb82c968bdde63c97f453ac53ba0c23067')
=== TEST EXECUTION SUMMARY ===
   MesIngest.Watch.UiTests  Total: 20, Errors: 0, Failed: 0, Skipped: 0, Not Run: 0, Time: 27.788s
WATCH_UI_ALL_PASSED: suite=watch-xaml-visual artifacts=C:\MesIngest\Ticket11\run-wpf-ui-20260810-0405-v26-normalized\Source\mes\ingest\csharp\TestResults\watch-ui\20260810-024821-881
WATCH_XAML_STABILITY_RUN: 6/10
  姝ｅ湪纭畾瑕佽繕鍘熺殑椤圭洰鈥?
C:\MesIngest\Ticket11\run-wpf-ui-20260810-0405-v26-normalized\Source\mes\ingest\csharp\MesIngest.Core\MesIngest.Core.csproj : warning NU1801: 鏃犳硶鍔犺浇婧?https://api.nuget.org/v3/index.json 鐨勬湇鍔＄储寮曘€?[C:\MesIngest\Ticket11\run-wpf-ui-20260810-0405-v26-normalized\Source\mes\ingest\csharp\MesIngest.Watch.UiTests\MesIngest.Watch.UiTests.csproj]
C:\MesIngest\Ticket11\run-wpf-ui-20260810-0405-v26-normalized\Source\mes\ingest\csharp\MesIngest.Watch\MesIngest.Watch.csproj : warning NU1801: 鏃犳硶鍔犺浇婧?https://api.nuget.org/v3/index.json 鐨勬湇鍔＄储寮曘€?[C:\MesIngest\Ticket11\run-wpf-ui-20260810-0405-v26-normalized\Source\mes\ingest\csharp\MesIngest.Watch.UiTests\MesIngest.Watch.UiTests.csproj]
C:\MesIngest\Ticket11\run-wpf-ui-20260810-0405-v26-normalized\Source\mes\ingest\csharp\MesIngest.Core\MesIngest.Core.csproj : warning NU1801: 鏃犳硶鍔犺浇婧?https://api.nuget.org/v3/index.json 鐨勬湇鍔＄储寮曘€?[C:\MesIngest\Ticket11\run-wpf-ui-20260810-0405-v26-normalized\Source\mes\ingest\csharp\MesIngest.Watch.UiTests\MesIngest.Watch.UiTests.csproj]
C:\MesIngest\Ticket11\run-wpf-ui-20260810-0405-v26-normalized\Source\mes\ingest\csharp\MesIngest.Watch\MesIngest.Watch.csproj : warning NU1801: 鏃犳硶鍔犺浇婧?https://api.nuget.org/v3/index.json 鐨勬湇鍔＄储寮曘€?[C:\MesIngest\Ticket11\run-wpf-ui-20260810-0405-v26-normalized\Source\mes\ingest\csharp\MesIngest.Watch.UiTests\MesIngest.Watch.UiTests.csproj]
C:\MesIngest\Ticket11\run-wpf-ui-20260810-0405-v26-normalized\Source\mes\ingest\csharp\MesIngest.Watch.UiTests\MesIngest.Watch.UiTests.csproj : warning NU1801: 鏃犳硶鍔犺浇婧?https://api.nuget.org/v3/index.json 鐨勬湇鍔＄储寮曘€?
C:\MesIngest\Ticket11\run-wpf-ui-20260810-0405-v26-normalized\Source\mes\ingest\csharp\MesIngest.Watch.UiTests\MesIngest.Watch.UiTests.csproj : warning NU1801: 鏃犳硶鍔犺浇婧?https://api.nuget.org/v3/index.json 鐨勬湇鍔＄储寮曘€?
C:\MesIngest\Ticket11\run-wpf-ui-20260810-0405-v26-normalized\Source\mes\ingest\csharp\MesIngest.Watch.UiTests\MesIngest.Watch.UiTests.csproj : warning NU1801: 鏃犳硶鍔犺浇婧?https://api.nuget.org/v3/index.json 鐨勬湇鍔＄储寮曘€?
C:\MesIngest\Ticket11\run-wpf-ui-20260810-0405-v26-normalized\Source\mes\ingest\csharp\MesIngest.Watch.UiTests\MesIngest.Watch.UiTests.csproj : warning NU1801: 鏃犳硶鍔犺浇婧?https://api.nuget.org/v3/index.json 鐨勬湇鍔＄储寮曘€?
C:\MesIngest\Ticket11\run-wpf-ui-20260810-0405-v26-normalized\Source\mes\ingest\csharp\MesIngest.Watch.UiTests\MesIngest.Watch.UiTests.csproj : warning NU1801: 鏃犳硶鍔犺浇婧?https://api.nuget.org/v3/index.json 鐨勬湇鍔＄储寮曘€?
C:\MesIngest\Ticket11\run-wpf-ui-20260810-0405-v26-normalized\Source\mes\ingest\csharp\MesIngest.Core\MesIngest.Core.csproj : warning NU1603: Azure.Identity 1.11.4 渚濊禆浜?System.Memory (>= 4.5.4)锛屼絾鎵句笉鍒?System.Memory 4.5.4銆?宸茶В鍐?System.Memory 4.6.0 鐨勮繎浼兼渶浣冲尮閰嶃€? [C:\MesIngest\Ticket11\run-wpf-ui-20260810-0405-v26-normalized\Source\mes\ingest\csharp\MesIngest.Watch.UiTests\MesIngest.Watch.UiTests.csproj]
C:\MesIngest\Ticket11\run-wpf-ui-20260810-0405-v26-normalized\Source\mes\ingest\csharp\MesIngest.Core\MesIngest.Core.csproj : warning NU1603: Azure.Identity 1.11.4 渚濊禆浜?System.Security.Cryptography.ProtectedData (>= 4.7.0)锛屼絾鎵句笉鍒?System.Security.Cryptography.ProtectedData 4.7.0銆?宸茶В鍐?System.Security.Cryptography.ProtectedData 8.0.0 鐨勮繎浼兼渶浣冲尮閰嶃€? [C:\MesIngest\Ticket11\run-wpf-ui-20260810-0405-v26-normalized\Source\mes\ingest\csharp\MesIngest.Watch.UiTests\MesIngest.Watch.UiTests.csproj]
C:\MesIngest\Ticket11\run-wpf-ui-20260810-0405-v26-normalized\Source\mes\ingest\csharp\MesIngest.Watch\MesIngest.Watch.csproj : warning NU1603: Azure.Identity 1.11.4 渚濊禆浜?System.Memory (>= 4.5.4)锛屼絾鎵句笉鍒?System.Memory 4.5.4銆?宸茶В鍐?System.Memory 4.6.0 鐨勮繎浼兼渶浣冲尮閰嶃€? [C:\MesIngest\Ticket11\run-wpf-ui-20260810-0405-v26-normalized\Source\mes\ingest\csharp\MesIngest.Watch.UiTests\MesIngest.Watch.UiTests.csproj]
C:\MesIngest\Ticket11\run-wpf-ui-20260810-0405-v26-normalized\Source\mes\ingest\csharp\MesIngest.Watch.UiTests\MesIngest.Watch.UiTests.csproj : warning NU1603: Verify.XunitV3 31.16.1 渚濊禆浜?DiffEngine (>= 19.1.2)锛屼絾鎵句笉鍒?DiffEngine 19.1.2銆?宸茶В鍐?DiffEngine 19.1.3 鐨勮繎浼兼渶浣冲尮閰嶃€?
C:\MesIngest\Ticket11\run-wpf-ui-20260810-0405-v26-normalized\Source\mes\ingest\csharp\MesIngest.Watch\MesIngest.Watch.csproj : warning NU1603: Azure.Identity 1.11.4 渚濊禆浜?System.Security.Cryptography.ProtectedData (>= 4.7.0)锛屼絾鎵句笉鍒?System.Security.Cryptography.ProtectedData 4.7.0銆?宸茶В鍐?System.Security.Cryptography.ProtectedData 8.0.0 鐨勮繎浼兼渶浣冲尮閰嶃€? [C:\MesIngest\Ticket11\run-wpf-ui-20260810-0405-v26-normalized\Source\mes\ingest\csharp\MesIngest.Watch.UiTests\MesIngest.Watch.UiTests.csproj]
C:\MesIngest\Ticket11\run-wpf-ui-20260810-0405-v26-normalized\Source\mes\ingest\csharp\MesIngest.Watch.UiTests\MesIngest.Watch.UiTests.csproj : warning NU1603: xunit.v3.common 3.2.2 渚濊禆浜?Microsoft.Bcl.AsyncInterfaces (>= 6.0.0)锛屼絾鎵句笉鍒?Microsoft.Bcl.AsyncInterfaces 6.0.0銆?宸茶В鍐?Microsoft.Bcl.AsyncInterfaces 10.0.6 鐨勮繎浼兼渶浣冲尮閰嶃€?
C:\MesIngest\Ticket11\run-wpf-ui-20260810-0405-v26-normalized\Source\mes\ingest\csharp\MesIngest.Watch.UiTests\MesIngest.Watch.UiTests.csproj : warning NU1603: Microsoft.ApplicationInsights 2.23.0 渚濊禆浜?System.Diagnostics.DiagnosticSource (>= 5.0.0)锛屼絾鎵句笉鍒?System.Diagnostics.DiagnosticSource 5.0.0銆?宸茶В鍐?System.Diagnostics.DiagnosticSource 6.0.1 鐨勮繎浼兼渶浣冲尮閰嶃€?
C:\MesIngest\Ticket11\run-wpf-ui-20260810-0405-v26-normalized\Source\mes\ingest\csharp\MesIngest.Watch.UiTests\MesIngest.Watch.UiTests.csproj : warning NU1603: Azure.Identity 1.11.4 渚濊禆浜?System.Memory (>= 4.5.4)锛屼絾鎵句笉鍒?System.Memory 4.5.4銆?宸茶В鍐?System.Memory 4.6.0 鐨勮繎浼兼渶浣冲尮閰嶃€?
C:\MesIngest\Ticket11\run-wpf-ui-20260810-0405-v26-normalized\Source\mes\ingest\csharp\MesIngest.Watch.UiTests\MesIngest.Watch.UiTests.csproj : warning NU1603: Azure.Identity 1.11.4 渚濊禆浜?System.Security.Cryptography.ProtectedData (>= 4.7.0)锛屼絾鎵句笉鍒?System.Security.Cryptography.ProtectedData 4.7.0銆?宸茶В鍐?System.Security.Cryptography.ProtectedData 8.0.0 鐨勮繎浼兼渶浣冲尮閰嶃€?
  鎵€鏈夐」鐩潎鏄渶鏂扮殑锛屾棤娉曡繕鍘熴€?
C:\MesIngest\Ticket11\run-wpf-ui-20260810-0405-v26-normalized\Source\mes\ingest\csharp\MesIngest.Watch.UiTests\MesIngest.Watch.UiTests.csproj : warning NU1801: 鏃犳硶鍔犺浇婧?https://api.nuget.org/v3/index.json 鐨勬湇鍔＄储寮曘€?
C:\MesIngest\Ticket11\run-wpf-ui-20260810-0405-v26-normalized\Source\mes\ingest\csharp\MesIngest.Watch.UiTests\MesIngest.Watch.UiTests.csproj : warning NU1801: 鏃犳硶鍔犺浇婧?https://api.nuget.org/v3/index.json 鐨勬湇鍔＄储寮曘€?
C:\MesIngest\Ticket11\run-wpf-ui-20260810-0405-v26-normalized\Source\mes\ingest\csharp\MesIngest.Watch.UiTests\MesIngest.Watch.UiTests.csproj : warning NU1801: 鏃犳硶鍔犺浇婧?https://api.nuget.org/v3/index.json 鐨勬湇鍔＄储寮曘€?
C:\MesIngest\Ticket11\run-wpf-ui-20260810-0405-v26-normalized\Source\mes\ingest\csharp\MesIngest.Watch.UiTests\MesIngest.Watch.UiTests.csproj : warning NU1801: 鏃犳硶鍔犺浇婧?https://api.nuget.org/v3/index.json 鐨勬湇鍔＄储寮曘€?
C:\MesIngest\Ticket11\run-wpf-ui-20260810-0405-v26-normalized\Source\mes\ingest\csharp\MesIngest.Watch.UiTests\MesIngest.Watch.UiTests.csproj : warning NU1801: 鏃犳硶鍔犺浇婧?https://api.nuget.org/v3/index.json 鐨勬湇鍔＄储寮曘€?
C:\MesIngest\Ticket11\run-wpf-ui-20260810-0405-v26-normalized\Source\mes\ingest\csharp\MesIngest.Watch.UiTests\MesIngest.Watch.UiTests.csproj : warning NU1603: Verify.XunitV3 31.16.1 渚濊禆浜?DiffEngine (>= 19.1.2)锛屼絾鎵句笉鍒?DiffEngine 19.1.2銆?宸茶В鍐?DiffEngine 19.1.3 鐨勮繎浼兼渶浣冲尮閰嶃€?
C:\MesIngest\Ticket11\run-wpf-ui-20260810-0405-v26-normalized\Source\mes\ingest\csharp\MesIngest.Watch.UiTests\MesIngest.Watch.UiTests.csproj : warning NU1603: xunit.v3.common 3.2.2 渚濊禆浜?Microsoft.Bcl.AsyncInterfaces (>= 6.0.0)锛屼絾鎵句笉鍒?Microsoft.Bcl.AsyncInterfaces 6.0.0銆?宸茶В鍐?Microsoft.Bcl.AsyncInterfaces 10.0.6 鐨勮繎浼兼渶浣冲尮閰嶃€?
C:\MesIngest\Ticket11\run-wpf-ui-20260810-0405-v26-normalized\Source\mes\ingest\csharp\MesIngest.Watch.UiTests\MesIngest.Watch.UiTests.csproj : warning NU1603: Microsoft.ApplicationInsights 2.23.0 渚濊禆浜?System.Diagnostics.DiagnosticSource (>= 5.0.0)锛屼絾鎵句笉鍒?System.Diagnostics.DiagnosticSource 5.0.0銆?宸茶В鍐?System.Diagnostics.DiagnosticSource 6.0.1 鐨勮繎浼兼渶浣冲尮閰嶃€?
C:\MesIngest\Ticket11\run-wpf-ui-20260810-0405-v26-normalized\Source\mes\ingest\csharp\MesIngest.Watch.UiTests\MesIngest.Watch.UiTests.csproj : warning NU1603: Azure.Identity 1.11.4 渚濊禆浜?System.Memory (>= 4.5.4)锛屼絾鎵句笉鍒?System.Memory 4.5.4銆?宸茶В鍐?System.Memory 4.6.0 鐨勮繎浼兼渶浣冲尮閰嶃€?
C:\MesIngest\Ticket11\run-wpf-ui-20260810-0405-v26-normalized\Source\mes\ingest\csharp\MesIngest.Watch.UiTests\MesIngest.Watch.UiTests.csproj : warning NU1603: Azure.Identity 1.11.4 渚濊禆浜?System.Security.Cryptography.ProtectedData (>= 4.7.0)锛屼絾鎵句笉鍒?System.Security.Cryptography.ProtectedData 4.7.0銆?宸茶В鍐?System.Security.Cryptography.ProtectedData 8.0.0 鐨勮繎浼兼渶浣冲尮閰嶃€?
C:\MesIngest\Ticket11\run-wpf-ui-20260810-0405-v26-normalized\Source\mes\ingest\csharp\MesIngest.Core\MesIngest.Core.csproj : warning NU1801: 鏃犳硶鍔犺浇婧?https://api.nuget.org/v3/index.json 鐨勬湇鍔＄储寮曘€?
C:\MesIngest\Ticket11\run-wpf-ui-20260810-0405-v26-normalized\Source\mes\ingest\csharp\MesIngest.Core\MesIngest.Core.csproj : warning NU1801: 鏃犳硶鍔犺浇婧?https://api.nuget.org/v3/index.json 鐨勬湇鍔＄储寮曘€?
C:\MesIngest\Ticket11\run-wpf-ui-20260810-0405-v26-normalized\Source\mes\ingest\csharp\MesIngest.Core\MesIngest.Core.csproj : warning NU1603: Azure.Identity 1.11.4 渚濊禆浜?System.Memory (>= 4.5.4)锛屼絾鎵句笉鍒?System.Memory 4.5.4銆?宸茶В鍐?System.Memory 4.6.0 鐨勮繎浼兼渶浣冲尮閰嶃€?
C:\MesIngest\Ticket11\run-wpf-ui-20260810-0405-v26-normalized\Source\mes\ingest\csharp\MesIngest.Core\MesIngest.Core.csproj : warning NU1603: Azure.Identity 1.11.4 渚濊禆浜?System.Security.Cryptography.ProtectedData (>= 4.7.0)锛屼絾鎵句笉鍒?System.Security.Cryptography.ProtectedData 4.7.0銆?宸茶В鍐?System.Security.Cryptography.ProtectedData 8.0.0 鐨勮繎浼兼渶浣冲尮閰嶃€?
C:\MesIngest\Ticket11\run-wpf-ui-20260810-0405-v26-normalized\Source\mes\ingest\csharp\MesIngest.Watch\MesIngest.Watch.csproj : warning NU1801: 鏃犳硶鍔犺浇婧?https://api.nuget.org/v3/index.json 鐨勬湇鍔＄储寮曘€?
C:\MesIngest\Ticket11\run-wpf-ui-20260810-0405-v26-normalized\Source\mes\ingest\csharp\MesIngest.Watch\MesIngest.Watch.csproj : warning NU1801: 鏃犳硶鍔犺浇婧?https://api.nuget.org/v3/index.json 鐨勬湇鍔＄储寮曘€?
C:\MesIngest\Ticket11\run-wpf-ui-20260810-0405-v26-normalized\Source\mes\ingest\csharp\MesIngest.Watch\MesIngest.Watch.csproj : warning NU1603: Azure.Identity 1.11.4 渚濊禆浜?System.Memory (>= 4.5.4)锛屼絾鎵句笉鍒?System.Memory 4.5.4銆?宸茶В鍐?System.Memory 4.6.0 鐨勮繎浼兼渶浣冲尮閰嶃€?
C:\MesIngest\Ticket11\run-wpf-ui-20260810-0405-v26-normalized\Source\mes\ingest\csharp\MesIngest.Watch\MesIngest.Watch.csproj : warning NU1603: Azure.Identity 1.11.4 渚濊禆浜?System.Security.Cryptography.ProtectedData (>= 4.7.0)锛屼絾鎵句笉鍒?System.Security.Cryptography.ProtectedData 4.7.0銆?宸茶В鍐?System.Security.Cryptography.ProtectedData 8.0.0 鐨勮繎浼兼渶浣冲尮閰嶃€?
xUnit.net v3 In-Process Runner v3.2.2+728c1dce01 (64-bit .NET 8.0.29)
  Discovering: MesIngest.Watch.UiTests
  Discovered:  MesIngest.Watch.UiTests
  Starting:    MesIngest.Watch.UiTests
  Finished:    MesIngest.Watch.UiTests (ID = '21393fcd2f516a01831d764045a412bb82c968bdde63c97f453ac53ba0c23067')
=== TEST EXECUTION SUMMARY ===
   MesIngest.Watch.UiTests  Total: 1, Errors: 0, Failed: 0, Skipped: 0, Not Run: 0, Time: 0.113s
WATCH_UI_ENVIRONMENT_OK: session=1 name=(not exported; validated by Explorer and OpenInputDesktop); suite=watch-xaml-visual; artifacts=C:\MesIngest\Ticket11\run-wpf-ui-20260810-0405-v26-normalized\Source\mes\ingest\csharp\TestResults\watch-ui\20260810-024854-442; running serial xUnit v3 UI tests.
C:\MesIngest\Ticket11\run-wpf-ui-20260810-0405-v26-normalized\Source\mes\ingest\csharp\MesIngest.Watch.UiTests\MesIngest.Watch.UiTests.csproj : warning NU1801: 鏃犳硶鍔犺浇婧?https://api.nuget.org/v3/index.json 鐨勬湇鍔＄储寮曘€?
C:\MesIngest\Ticket11\run-wpf-ui-20260810-0405-v26-normalized\Source\mes\ingest\csharp\MesIngest.Watch.UiTests\MesIngest.Watch.UiTests.csproj : warning NU1801: 鏃犳硶鍔犺浇婧?https://api.nuget.org/v3/index.json 鐨勬湇鍔＄储寮曘€?
C:\MesIngest\Ticket11\run-wpf-ui-20260810-0405-v26-normalized\Source\mes\ingest\csharp\MesIngest.Watch.UiTests\MesIngest.Watch.UiTests.csproj : warning NU1801: 鏃犳硶鍔犺浇婧?https://api.nuget.org/v3/index.json 鐨勬湇鍔＄储寮曘€?
C:\MesIngest\Ticket11\run-wpf-ui-20260810-0405-v26-normalized\Source\mes\ingest\csharp\MesIngest.Watch.UiTests\MesIngest.Watch.UiTests.csproj : warning NU1801: 鏃犳硶鍔犺浇婧?https://api.nuget.org/v3/index.json 鐨勬湇鍔＄储寮曘€?
C:\MesIngest\Ticket11\run-wpf-ui-20260810-0405-v26-normalized\Source\mes\ingest\csharp\MesIngest.Watch.UiTests\MesIngest.Watch.UiTests.csproj : warning NU1801: 鏃犳硶鍔犺浇婧?https://api.nuget.org/v3/index.json 鐨勬湇鍔＄储寮曘€?
C:\MesIngest\Ticket11\run-wpf-ui-20260810-0405-v26-normalized\Source\mes\ingest\csharp\MesIngest.Watch.UiTests\MesIngest.Watch.UiTests.csproj : warning NU1603: Verify.XunitV3 31.16.1 渚濊禆浜?DiffEngine (>= 19.1.2)锛屼絾鎵句笉鍒?DiffEngine 19.1.2銆?宸茶В鍐?DiffEngine 19.1.3 鐨勮繎浼兼渶浣冲尮閰嶃€?
C:\MesIngest\Ticket11\run-wpf-ui-20260810-0405-v26-normalized\Source\mes\ingest\csharp\MesIngest.Watch.UiTests\MesIngest.Watch.UiTests.csproj : warning NU1603: xunit.v3.common 3.2.2 渚濊禆浜?Microsoft.Bcl.AsyncInterfaces (>= 6.0.0)锛屼絾鎵句笉鍒?Microsoft.Bcl.AsyncInterfaces 6.0.0銆?宸茶В鍐?Microsoft.Bcl.AsyncInterfaces 10.0.6 鐨勮繎浼兼渶浣冲尮閰嶃€?
C:\MesIngest\Ticket11\run-wpf-ui-20260810-0405-v26-normalized\Source\mes\ingest\csharp\MesIngest.Watch.UiTests\MesIngest.Watch.UiTests.csproj : warning NU1603: Microsoft.ApplicationInsights 2.23.0 渚濊禆浜?System.Diagnostics.DiagnosticSource (>= 5.0.0)锛屼絾鎵句笉鍒?System.Diagnostics.DiagnosticSource 5.0.0銆?宸茶В鍐?System.Diagnostics.DiagnosticSource 6.0.1 鐨勮繎浼兼渶浣冲尮閰嶃€?
C:\MesIngest\Ticket11\run-wpf-ui-20260810-0405-v26-normalized\Source\mes\ingest\csharp\MesIngest.Watch.UiTests\MesIngest.Watch.UiTests.csproj : warning NU1603: Azure.Identity 1.11.4 渚濊禆浜?System.Memory (>= 4.5.4)锛屼絾鎵句笉鍒?System.Memory 4.5.4銆?宸茶В鍐?System.Memory 4.6.0 鐨勮繎浼兼渶浣冲尮閰嶃€?
C:\MesIngest\Ticket11\run-wpf-ui-20260810-0405-v26-normalized\Source\mes\ingest\csharp\MesIngest.Watch.UiTests\MesIngest.Watch.UiTests.csproj : warning NU1603: Azure.Identity 1.11.4 渚濊禆浜?System.Security.Cryptography.ProtectedData (>= 4.7.0)锛屼絾鎵句笉鍒?System.Security.Cryptography.ProtectedData 4.7.0銆?宸茶В鍐?System.Security.Cryptography.ProtectedData 8.0.0 鐨勮繎浼兼渶浣冲尮閰嶃€?
C:\MesIngest\Ticket11\run-wpf-ui-20260810-0405-v26-normalized\Source\mes\ingest\csharp\MesIngest.Core\MesIngest.Core.csproj : warning NU1801: 鏃犳硶鍔犺浇婧?https://api.nuget.org/v3/index.json 鐨勬湇鍔＄储寮曘€?
C:\MesIngest\Ticket11\run-wpf-ui-20260810-0405-v26-normalized\Source\mes\ingest\csharp\MesIngest.Core\MesIngest.Core.csproj : warning NU1801: 鏃犳硶鍔犺浇婧?https://api.nuget.org/v3/index.json 鐨勬湇鍔＄储寮曘€?
C:\MesIngest\Ticket11\run-wpf-ui-20260810-0405-v26-normalized\Source\mes\ingest\csharp\MesIngest.Core\MesIngest.Core.csproj : warning NU1603: Azure.Identity 1.11.4 渚濊禆浜?System.Memory (>= 4.5.4)锛屼絾鎵句笉鍒?System.Memory 4.5.4銆?宸茶В鍐?System.Memory 4.6.0 鐨勮繎浼兼渶浣冲尮閰嶃€?
C:\MesIngest\Ticket11\run-wpf-ui-20260810-0405-v26-normalized\Source\mes\ingest\csharp\MesIngest.Core\MesIngest.Core.csproj : warning NU1603: Azure.Identity 1.11.4 渚濊禆浜?System.Security.Cryptography.ProtectedData (>= 4.7.0)锛屼絾鎵句笉鍒?System.Security.Cryptography.ProtectedData 4.7.0銆?宸茶В鍐?System.Security.Cryptography.ProtectedData 8.0.0 鐨勮繎浼兼渶浣冲尮閰嶃€?
C:\MesIngest\Ticket11\run-wpf-ui-20260810-0405-v26-normalized\Source\mes\ingest\csharp\MesIngest.Watch\MesIngest.Watch.csproj : warning NU1801: 鏃犳硶鍔犺浇婧?https://api.nuget.org/v3/index.json 鐨勬湇鍔＄储寮曘€?
C:\MesIngest\Ticket11\run-wpf-ui-20260810-0405-v26-normalized\Source\mes\ingest\csharp\MesIngest.Watch\MesIngest.Watch.csproj : warning NU1801: 鏃犳硶鍔犺浇婧?https://api.nuget.org/v3/index.json 鐨勬湇鍔＄储寮曘€?
C:\MesIngest\Ticket11\run-wpf-ui-20260810-0405-v26-normalized\Source\mes\ingest\csharp\MesIngest.Watch\MesIngest.Watch.csproj : warning NU1603: Azure.Identity 1.11.4 渚濊禆浜?System.Memory (>= 4.5.4)锛屼絾鎵句笉鍒?System.Memory 4.5.4銆?宸茶В鍐?System.Memory 4.6.0 鐨勮繎浼兼渶浣冲尮閰嶃€?
C:\MesIngest\Ticket11\run-wpf-ui-20260810-0405-v26-normalized\Source\mes\ingest\csharp\MesIngest.Watch\MesIngest.Watch.csproj : warning NU1603: Azure.Identity 1.11.4 渚濊禆浜?System.Security.Cryptography.ProtectedData (>= 4.7.0)锛屼絾鎵句笉鍒?System.Security.Cryptography.ProtectedData 4.7.0銆?宸茶В鍐?System.Security.Cryptography.ProtectedData 8.0.0 鐨勮繎浼兼渶浣冲尮閰嶃€?
xUnit.net v3 In-Process Runner v3.2.2+728c1dce01 (64-bit .NET 8.0.29)
  Discovering: MesIngest.Watch.UiTests
  Discovered:  MesIngest.Watch.UiTests
  Starting:    MesIngest.Watch.UiTests
  Finished:    MesIngest.Watch.UiTests (ID = '21393fcd2f516a01831d764045a412bb82c968bdde63c97f453ac53ba0c23067')
=== TEST EXECUTION SUMMARY ===
   MesIngest.Watch.UiTests  Total: 20, Errors: 0, Failed: 0, Skipped: 0, Not Run: 0, Time: 27.946s
WATCH_UI_ALL_PASSED: suite=watch-xaml-visual artifacts=C:\MesIngest\Ticket11\run-wpf-ui-20260810-0405-v26-normalized\Source\mes\ingest\csharp\TestResults\watch-ui\20260810-024854-442
WATCH_XAML_STABILITY_RUN: 7/10
  姝ｅ湪纭畾瑕佽繕鍘熺殑椤圭洰鈥?
C:\MesIngest\Ticket11\run-wpf-ui-20260810-0405-v26-normalized\Source\mes\ingest\csharp\MesIngest.Watch.UiTests\MesIngest.Watch.UiTests.csproj : warning NU1801: 鏃犳硶鍔犺浇婧?https://api.nuget.org/v3/index.json 鐨勬湇鍔＄储寮曘€?
C:\MesIngest\Ticket11\run-wpf-ui-20260810-0405-v26-normalized\Source\mes\ingest\csharp\MesIngest.Core\MesIngest.Core.csproj : warning NU1801: 鏃犳硶鍔犺浇婧?https://api.nuget.org/v3/index.json 鐨勬湇鍔＄储寮曘€?[C:\MesIngest\Ticket11\run-wpf-ui-20260810-0405-v26-normalized\Source\mes\ingest\csharp\MesIngest.Watch.UiTests\MesIngest.Watch.UiTests.csproj]
C:\MesIngest\Ticket11\run-wpf-ui-20260810-0405-v26-normalized\Source\mes\ingest\csharp\MesIngest.Watch\MesIngest.Watch.csproj : warning NU1801: 鏃犳硶鍔犺浇婧?https://api.nuget.org/v3/index.json 鐨勬湇鍔＄储寮曘€?[C:\MesIngest\Ticket11\run-wpf-ui-20260810-0405-v26-normalized\Source\mes\ingest\csharp\MesIngest.Watch.UiTests\MesIngest.Watch.UiTests.csproj]
C:\MesIngest\Ticket11\run-wpf-ui-20260810-0405-v26-normalized\Source\mes\ingest\csharp\MesIngest.Watch.UiTests\MesIngest.Watch.UiTests.csproj : warning NU1801: 鏃犳硶鍔犺浇婧?https://api.nuget.org/v3/index.json 鐨勬湇鍔＄储寮曘€?
C:\MesIngest\Ticket11\run-wpf-ui-20260810-0405-v26-normalized\Source\mes\ingest\csharp\MesIngest.Core\MesIngest.Core.csproj : warning NU1801: 鏃犳硶鍔犺浇婧?https://api.nuget.org/v3/index.json 鐨勬湇鍔＄储寮曘€?[C:\MesIngest\Ticket11\run-wpf-ui-20260810-0405-v26-normalized\Source\mes\ingest\csharp\MesIngest.Watch.UiTests\MesIngest.Watch.UiTests.csproj]
C:\MesIngest\Ticket11\run-wpf-ui-20260810-0405-v26-normalized\Source\mes\ingest\csharp\MesIngest.Watch.UiTests\MesIngest.Watch.UiTests.csproj : warning NU1801: 鏃犳硶鍔犺浇婧?https://api.nuget.org/v3/index.json 鐨勬湇鍔＄储寮曘€?
C:\MesIngest\Ticket11\run-wpf-ui-20260810-0405-v26-normalized\Source\mes\ingest\csharp\MesIngest.Watch.UiTests\MesIngest.Watch.UiTests.csproj : warning NU1801: 鏃犳硶鍔犺浇婧?https://api.nuget.org/v3/index.json 鐨勬湇鍔＄储寮曘€?
C:\MesIngest\Ticket11\run-wpf-ui-20260810-0405-v26-normalized\Source\mes\ingest\csharp\MesIngest.Watch\MesIngest.Watch.csproj : warning NU1801: 鏃犳硶鍔犺浇婧?https://api.nuget.org/v3/index.json 鐨勬湇鍔＄储寮曘€?[C:\MesIngest\Ticket11\run-wpf-ui-20260810-0405-v26-normalized\Source\mes\ingest\csharp\MesIngest.Watch.UiTests\MesIngest.Watch.UiTests.csproj]
C:\MesIngest\Ticket11\run-wpf-ui-20260810-0405-v26-normalized\Source\mes\ingest\csharp\MesIngest.Watch.UiTests\MesIngest.Watch.UiTests.csproj : warning NU1801: 鏃犳硶鍔犺浇婧?https://api.nuget.org/v3/index.json 鐨勬湇鍔＄储寮曘€?
C:\MesIngest\Ticket11\run-wpf-ui-20260810-0405-v26-normalized\Source\mes\ingest\csharp\MesIngest.Core\MesIngest.Core.csproj : warning NU1603: Azure.Identity 1.11.4 渚濊禆浜?System.Memory (>= 4.5.4)锛屼絾鎵句笉鍒?System.Memory 4.5.4銆?宸茶В鍐?System.Memory 4.6.0 鐨勮繎浼兼渶浣冲尮閰嶃€? [C:\MesIngest\Ticket11\run-wpf-ui-20260810-0405-v26-normalized\Source\mes\ingest\csharp\MesIngest.Watch.UiTests\MesIngest.Watch.UiTests.csproj]
C:\MesIngest\Ticket11\run-wpf-ui-20260810-0405-v26-normalized\Source\mes\ingest\csharp\MesIngest.Core\MesIngest.Core.csproj : warning NU1603: Azure.Identity 1.11.4 渚濊禆浜?System.Security.Cryptography.ProtectedData (>= 4.7.0)锛屼絾鎵句笉鍒?System.Security.Cryptography.ProtectedData 4.7.0銆?宸茶В鍐?System.Security.Cryptography.ProtectedData 8.0.0 鐨勮繎浼兼渶浣冲尮閰嶃€? [C:\MesIngest\Ticket11\run-wpf-ui-20260810-0405-v26-normalized\Source\mes\ingest\csharp\MesIngest.Watch.UiTests\MesIngest.Watch.UiTests.csproj]
C:\MesIngest\Ticket11\run-wpf-ui-20260810-0405-v26-normalized\Source\mes\ingest\csharp\MesIngest.Watch.UiTests\MesIngest.Watch.UiTests.csproj : warning NU1603: Verify.XunitV3 31.16.1 渚濊禆浜?DiffEngine (>= 19.1.2)锛屼絾鎵句笉鍒?DiffEngine 19.1.2銆?宸茶В鍐?DiffEngine 19.1.3 鐨勮繎浼兼渶浣冲尮閰嶃€?
C:\MesIngest\Ticket11\run-wpf-ui-20260810-0405-v26-normalized\Source\mes\ingest\csharp\MesIngest.Watch\MesIngest.Watch.csproj : warning NU1603: Azure.Identity 1.11.4 渚濊禆浜?System.Memory (>= 4.5.4)锛屼絾鎵句笉鍒?System.Memory 4.5.4銆?宸茶В鍐?System.Memory 4.6.0 鐨勮繎浼兼渶浣冲尮閰嶃€? [C:\MesIngest\Ticket11\run-wpf-ui-20260810-0405-v26-normalized\Source\mes\ingest\csharp\MesIngest.Watch.UiTests\MesIngest.Watch.UiTests.csproj]
C:\MesIngest\Ticket11\run-wpf-ui-20260810-0405-v26-normalized\Source\mes\ingest\csharp\MesIngest.Watch.UiTests\MesIngest.Watch.UiTests.csproj : warning NU1603: xunit.v3.common 3.2.2 渚濊禆浜?Microsoft.Bcl.AsyncInterfaces (>= 6.0.0)锛屼絾鎵句笉鍒?Microsoft.Bcl.AsyncInterfaces 6.0.0銆?宸茶В鍐?Microsoft.Bcl.AsyncInterfaces 10.0.6 鐨勮繎浼兼渶浣冲尮閰嶃€?
C:\MesIngest\Ticket11\run-wpf-ui-20260810-0405-v26-normalized\Source\mes\ingest\csharp\MesIngest.Watch\MesIngest.Watch.csproj : warning NU1603: Azure.Identity 1.11.4 渚濊禆浜?System.Security.Cryptography.ProtectedData (>= 4.7.0)锛屼絾鎵句笉鍒?System.Security.Cryptography.ProtectedData 4.7.0銆?宸茶В鍐?System.Security.Cryptography.ProtectedData 8.0.0 鐨勮繎浼兼渶浣冲尮閰嶃€? [C:\MesIngest\Ticket11\run-wpf-ui-20260810-0405-v26-normalized\Source\mes\ingest\csharp\MesIngest.Watch.UiTests\MesIngest.Watch.UiTests.csproj]
C:\MesIngest\Ticket11\run-wpf-ui-20260810-0405-v26-normalized\Source\mes\ingest\csharp\MesIngest.Watch.UiTests\MesIngest.Watch.UiTests.csproj : warning NU1603: Microsoft.ApplicationInsights 2.23.0 渚濊禆浜?System.Diagnostics.DiagnosticSource (>= 5.0.0)锛屼絾鎵句笉鍒?System.Diagnostics.DiagnosticSource 5.0.0銆?宸茶В鍐?System.Diagnostics.DiagnosticSource 6.0.1 鐨勮繎浼兼渶浣冲尮閰嶃€?
C:\MesIngest\Ticket11\run-wpf-ui-20260810-0405-v26-normalized\Source\mes\ingest\csharp\MesIngest.Watch.UiTests\MesIngest.Watch.UiTests.csproj : warning NU1603: Azure.Identity 1.11.4 渚濊禆浜?System.Memory (>= 4.5.4)锛屼絾鎵句笉鍒?System.Memory 4.5.4銆?宸茶В鍐?System.Memory 4.6.0 鐨勮繎浼兼渶浣冲尮閰嶃€?
C:\MesIngest\Ticket11\run-wpf-ui-20260810-0405-v26-normalized\Source\mes\ingest\csharp\MesIngest.Watch.UiTests\MesIngest.Watch.UiTests.csproj : warning NU1603: Azure.Identity 1.11.4 渚濊禆浜?System.Security.Cryptography.ProtectedData (>= 4.7.0)锛屼絾鎵句笉鍒?System.Security.Cryptography.ProtectedData 4.7.0銆?宸茶В鍐?System.Security.Cryptography.ProtectedData 8.0.0 鐨勮繎浼兼渶浣冲尮閰嶃€?
  鎵€鏈夐」鐩潎鏄渶鏂扮殑锛屾棤娉曡繕鍘熴€?
C:\MesIngest\Ticket11\run-wpf-ui-20260810-0405-v26-normalized\Source\mes\ingest\csharp\MesIngest.Watch.UiTests\MesIngest.Watch.UiTests.csproj : warning NU1801: 鏃犳硶鍔犺浇婧?https://api.nuget.org/v3/index.json 鐨勬湇鍔＄储寮曘€?
C:\MesIngest\Ticket11\run-wpf-ui-20260810-0405-v26-normalized\Source\mes\ingest\csharp\MesIngest.Watch.UiTests\MesIngest.Watch.UiTests.csproj : warning NU1801: 鏃犳硶鍔犺浇婧?https://api.nuget.org/v3/index.json 鐨勬湇鍔＄储寮曘€?
C:\MesIngest\Ticket11\run-wpf-ui-20260810-0405-v26-normalized\Source\mes\ingest\csharp\MesIngest.Watch.UiTests\MesIngest.Watch.UiTests.csproj : warning NU1801: 鏃犳硶鍔犺浇婧?https://api.nuget.org/v3/index.json 鐨勬湇鍔＄储寮曘€?
C:\MesIngest\Ticket11\run-wpf-ui-20260810-0405-v26-normalized\Source\mes\ingest\csharp\MesIngest.Watch.UiTests\MesIngest.Watch.UiTests.csproj : warning NU1801: 鏃犳硶鍔犺浇婧?https://api.nuget.org/v3/index.json 鐨勬湇鍔＄储寮曘€?
C:\MesIngest\Ticket11\run-wpf-ui-20260810-0405-v26-normalized\Source\mes\ingest\csharp\MesIngest.Watch.UiTests\MesIngest.Watch.UiTests.csproj : warning NU1801: 鏃犳硶鍔犺浇婧?https://api.nuget.org/v3/index.json 鐨勬湇鍔＄储寮曘€?
C:\MesIngest\Ticket11\run-wpf-ui-20260810-0405-v26-normalized\Source\mes\ingest\csharp\MesIngest.Watch.UiTests\MesIngest.Watch.UiTests.csproj : warning NU1603: Verify.XunitV3 31.16.1 渚濊禆浜?DiffEngine (>= 19.1.2)锛屼絾鎵句笉鍒?DiffEngine 19.1.2銆?宸茶В鍐?DiffEngine 19.1.3 鐨勮繎浼兼渶浣冲尮閰嶃€?
C:\MesIngest\Ticket11\run-wpf-ui-20260810-0405-v26-normalized\Source\mes\ingest\csharp\MesIngest.Watch.UiTests\MesIngest.Watch.UiTests.csproj : warning NU1603: xunit.v3.common 3.2.2 渚濊禆浜?Microsoft.Bcl.AsyncInterfaces (>= 6.0.0)锛屼絾鎵句笉鍒?Microsoft.Bcl.AsyncInterfaces 6.0.0銆?宸茶В鍐?Microsoft.Bcl.AsyncInterfaces 10.0.6 鐨勮繎浼兼渶浣冲尮閰嶃€?
C:\MesIngest\Ticket11\run-wpf-ui-20260810-0405-v26-normalized\Source\mes\ingest\csharp\MesIngest.Watch.UiTests\MesIngest.Watch.UiTests.csproj : warning NU1603: Microsoft.ApplicationInsights 2.23.0 渚濊禆浜?System.Diagnostics.DiagnosticSource (>= 5.0.0)锛屼絾鎵句笉鍒?System.Diagnostics.DiagnosticSource 5.0.0銆?宸茶В鍐?System.Diagnostics.DiagnosticSource 6.0.1 鐨勮繎浼兼渶浣冲尮閰嶃€?
C:\MesIngest\Ticket11\run-wpf-ui-20260810-0405-v26-normalized\Source\mes\ingest\csharp\MesIngest.Watch.UiTests\MesIngest.Watch.UiTests.csproj : warning NU1603: Azure.Identity 1.11.4 渚濊禆浜?System.Memory (>= 4.5.4)锛屼絾鎵句笉鍒?System.Memory 4.5.4銆?宸茶В鍐?System.Memory 4.6.0 鐨勮繎浼兼渶浣冲尮閰嶃€?
C:\MesIngest\Ticket11\run-wpf-ui-20260810-0405-v26-normalized\Source\mes\ingest\csharp\MesIngest.Watch.UiTests\MesIngest.Watch.UiTests.csproj : warning NU1603: Azure.Identity 1.11.4 渚濊禆浜?System.Security.Cryptography.ProtectedData (>= 4.7.0)锛屼絾鎵句笉鍒?System.Security.Cryptography.ProtectedData 4.7.0銆?宸茶В鍐?System.Security.Cryptography.ProtectedData 8.0.0 鐨勮繎浼兼渶浣冲尮閰嶃€?
C:\MesIngest\Ticket11\run-wpf-ui-20260810-0405-v26-normalized\Source\mes\ingest\csharp\MesIngest.Core\MesIngest.Core.csproj : warning NU1801: 鏃犳硶鍔犺浇婧?https://api.nuget.org/v3/index.json 鐨勬湇鍔＄储寮曘€?
C:\MesIngest\Ticket11\run-wpf-ui-20260810-0405-v26-normalized\Source\mes\ingest\csharp\MesIngest.Core\MesIngest.Core.csproj : warning NU1801: 鏃犳硶鍔犺浇婧?https://api.nuget.org/v3/index.json 鐨勬湇鍔＄储寮曘€?
C:\MesIngest\Ticket11\run-wpf-ui-20260810-0405-v26-normalized\Source\mes\ingest\csharp\MesIngest.Core\MesIngest.Core.csproj : warning NU1603: Azure.Identity 1.11.4 渚濊禆浜?System.Memory (>= 4.5.4)锛屼絾鎵句笉鍒?System.Memory 4.5.4銆?宸茶В鍐?System.Memory 4.6.0 鐨勮繎浼兼渶浣冲尮閰嶃€?
C:\MesIngest\Ticket11\run-wpf-ui-20260810-0405-v26-normalized\Source\mes\ingest\csharp\MesIngest.Core\MesIngest.Core.csproj : warning NU1603: Azure.Identity 1.11.4 渚濊禆浜?System.Security.Cryptography.ProtectedData (>= 4.7.0)锛屼絾鎵句笉鍒?System.Security.Cryptography.ProtectedData 4.7.0銆?宸茶В鍐?System.Security.Cryptography.ProtectedData 8.0.0 鐨勮繎浼兼渶浣冲尮閰嶃€?
C:\MesIngest\Ticket11\run-wpf-ui-20260810-0405-v26-normalized\Source\mes\ingest\csharp\MesIngest.Watch\MesIngest.Watch.csproj : warning NU1801: 鏃犳硶鍔犺浇婧?https://api.nuget.org/v3/index.json 鐨勬湇鍔＄储寮曘€?
C:\MesIngest\Ticket11\run-wpf-ui-20260810-0405-v26-normalized\Source\mes\ingest\csharp\MesIngest.Watch\MesIngest.Watch.csproj : warning NU1801: 鏃犳硶鍔犺浇婧?https://api.nuget.org/v3/index.json 鐨勬湇鍔＄储寮曘€?
C:\MesIngest\Ticket11\run-wpf-ui-20260810-0405-v26-normalized\Source\mes\ingest\csharp\MesIngest.Watch\MesIngest.Watch.csproj : warning NU1603: Azure.Identity 1.11.4 渚濊禆浜?System.Memory (>= 4.5.4)锛屼絾鎵句笉鍒?System.Memory 4.5.4銆?宸茶В鍐?System.Memory 4.6.0 鐨勮繎浼兼渶浣冲尮閰嶃€?
C:\MesIngest\Ticket11\run-wpf-ui-20260810-0405-v26-normalized\Source\mes\ingest\csharp\MesIngest.Watch\MesIngest.Watch.csproj : warning NU1603: Azure.Identity 1.11.4 渚濊禆浜?System.Security.Cryptography.ProtectedData (>= 4.7.0)锛屼絾鎵句笉鍒?System.Security.Cryptography.ProtectedData 4.7.0銆?宸茶В鍐?System.Security.Cryptography.ProtectedData 8.0.0 鐨勮繎浼兼渶浣冲尮閰嶃€?
xUnit.net v3 In-Process Runner v3.2.2+728c1dce01 (64-bit .NET 8.0.29)
  Discovering: MesIngest.Watch.UiTests
  Discovered:  MesIngest.Watch.UiTests
  Starting:    MesIngest.Watch.UiTests
  Finished:    MesIngest.Watch.UiTests (ID = '21393fcd2f516a01831d764045a412bb82c968bdde63c97f453ac53ba0c23067')
=== TEST EXECUTION SUMMARY ===
   MesIngest.Watch.UiTests  Total: 1, Errors: 0, Failed: 0, Skipped: 0, Not Run: 0, Time: 0.103s
WATCH_UI_ENVIRONMENT_OK: session=1 name=(not exported; validated by Explorer and OpenInputDesktop); suite=watch-xaml-visual; artifacts=C:\MesIngest\Ticket11\run-wpf-ui-20260810-0405-v26-normalized\Source\mes\ingest\csharp\TestResults\watch-ui\20260810-024927-373; running serial xUnit v3 UI tests.
C:\MesIngest\Ticket11\run-wpf-ui-20260810-0405-v26-normalized\Source\mes\ingest\csharp\MesIngest.Watch.UiTests\MesIngest.Watch.UiTests.csproj : warning NU1801: 鏃犳硶鍔犺浇婧?https://api.nuget.org/v3/index.json 鐨勬湇鍔＄储寮曘€?
C:\MesIngest\Ticket11\run-wpf-ui-20260810-0405-v26-normalized\Source\mes\ingest\csharp\MesIngest.Watch.UiTests\MesIngest.Watch.UiTests.csproj : warning NU1801: 鏃犳硶鍔犺浇婧?https://api.nuget.org/v3/index.json 鐨勬湇鍔＄储寮曘€?
C:\MesIngest\Ticket11\run-wpf-ui-20260810-0405-v26-normalized\Source\mes\ingest\csharp\MesIngest.Watch.UiTests\MesIngest.Watch.UiTests.csproj : warning NU1801: 鏃犳硶鍔犺浇婧?https://api.nuget.org/v3/index.json 鐨勬湇鍔＄储寮曘€?
C:\MesIngest\Ticket11\run-wpf-ui-20260810-0405-v26-normalized\Source\mes\ingest\csharp\MesIngest.Watch.UiTests\MesIngest.Watch.UiTests.csproj : warning NU1801: 鏃犳硶鍔犺浇婧?https://api.nuget.org/v3/index.json 鐨勬湇鍔＄储寮曘€?
C:\MesIngest\Ticket11\run-wpf-ui-20260810-0405-v26-normalized\Source\mes\ingest\csharp\MesIngest.Watch.UiTests\MesIngest.Watch.UiTests.csproj : warning NU1801: 鏃犳硶鍔犺浇婧?https://api.nuget.org/v3/index.json 鐨勬湇鍔＄储寮曘€?
C:\MesIngest\Ticket11\run-wpf-ui-20260810-0405-v26-normalized\Source\mes\ingest\csharp\MesIngest.Watch.UiTests\MesIngest.Watch.UiTests.csproj : warning NU1603: Verify.XunitV3 31.16.1 渚濊禆浜?DiffEngine (>= 19.1.2)锛屼絾鎵句笉鍒?DiffEngine 19.1.2銆?宸茶В鍐?DiffEngine 19.1.3 鐨勮繎浼兼渶浣冲尮閰嶃€?
C:\MesIngest\Ticket11\run-wpf-ui-20260810-0405-v26-normalized\Source\mes\ingest\csharp\MesIngest.Watch.UiTests\MesIngest.Watch.UiTests.csproj : warning NU1603: xunit.v3.common 3.2.2 渚濊禆浜?Microsoft.Bcl.AsyncInterfaces (>= 6.0.0)锛屼絾鎵句笉鍒?Microsoft.Bcl.AsyncInterfaces 6.0.0銆?宸茶В鍐?Microsoft.Bcl.AsyncInterfaces 10.0.6 鐨勮繎浼兼渶浣冲尮閰嶃€?
C:\MesIngest\Ticket11\run-wpf-ui-20260810-0405-v26-normalized\Source\mes\ingest\csharp\MesIngest.Watch.UiTests\MesIngest.Watch.UiTests.csproj : warning NU1603: Microsoft.ApplicationInsights 2.23.0 渚濊禆浜?System.Diagnostics.DiagnosticSource (>= 5.0.0)锛屼絾鎵句笉鍒?System.Diagnostics.DiagnosticSource 5.0.0銆?宸茶В鍐?System.Diagnostics.DiagnosticSource 6.0.1 鐨勮繎浼兼渶浣冲尮閰嶃€?
C:\MesIngest\Ticket11\run-wpf-ui-20260810-0405-v26-normalized\Source\mes\ingest\csharp\MesIngest.Watch.UiTests\MesIngest.Watch.UiTests.csproj : warning NU1603: Azure.Identity 1.11.4 渚濊禆浜?System.Memory (>= 4.5.4)锛屼絾鎵句笉鍒?System.Memory 4.5.4銆?宸茶В鍐?System.Memory 4.6.0 鐨勮繎浼兼渶浣冲尮閰嶃€?
C:\MesIngest\Ticket11\run-wpf-ui-20260810-0405-v26-normalized\Source\mes\ingest\csharp\MesIngest.Watch.UiTests\MesIngest.Watch.UiTests.csproj : warning NU1603: Azure.Identity 1.11.4 渚濊禆浜?System.Security.Cryptography.ProtectedData (>= 4.7.0)锛屼絾鎵句笉鍒?System.Security.Cryptography.ProtectedData 4.7.0銆?宸茶В鍐?System.Security.Cryptography.ProtectedData 8.0.0 鐨勮繎浼兼渶浣冲尮閰嶃€?
C:\MesIngest\Ticket11\run-wpf-ui-20260810-0405-v26-normalized\Source\mes\ingest\csharp\MesIngest.Core\MesIngest.Core.csproj : warning NU1801: 鏃犳硶鍔犺浇婧?https://api.nuget.org/v3/index.json 鐨勬湇鍔＄储寮曘€?
C:\MesIngest\Ticket11\run-wpf-ui-20260810-0405-v26-normalized\Source\mes\ingest\csharp\MesIngest.Core\MesIngest.Core.csproj : warning NU1801: 鏃犳硶鍔犺浇婧?https://api.nuget.org/v3/index.json 鐨勬湇鍔＄储寮曘€?
C:\MesIngest\Ticket11\run-wpf-ui-20260810-0405-v26-normalized\Source\mes\ingest\csharp\MesIngest.Core\MesIngest.Core.csproj : warning NU1603: Azure.Identity 1.11.4 渚濊禆浜?System.Memory (>= 4.5.4)锛屼絾鎵句笉鍒?System.Memory 4.5.4銆?宸茶В鍐?System.Memory 4.6.0 鐨勮繎浼兼渶浣冲尮閰嶃€?
C:\MesIngest\Ticket11\run-wpf-ui-20260810-0405-v26-normalized\Source\mes\ingest\csharp\MesIngest.Core\MesIngest.Core.csproj : warning NU1603: Azure.Identity 1.11.4 渚濊禆浜?System.Security.Cryptography.ProtectedData (>= 4.7.0)锛屼絾鎵句笉鍒?System.Security.Cryptography.ProtectedData 4.7.0銆?宸茶В鍐?System.Security.Cryptography.ProtectedData 8.0.0 鐨勮繎浼兼渶浣冲尮閰嶃€?
C:\MesIngest\Ticket11\run-wpf-ui-20260810-0405-v26-normalized\Source\mes\ingest\csharp\MesIngest.Watch\MesIngest.Watch.csproj : warning NU1801: 鏃犳硶鍔犺浇婧?https://api.nuget.org/v3/index.json 鐨勬湇鍔＄储寮曘€?
C:\MesIngest\Ticket11\run-wpf-ui-20260810-0405-v26-normalized\Source\mes\ingest\csharp\MesIngest.Watch\MesIngest.Watch.csproj : warning NU1801: 鏃犳硶鍔犺浇婧?https://api.nuget.org/v3/index.json 鐨勬湇鍔＄储寮曘€?
C:\MesIngest\Ticket11\run-wpf-ui-20260810-0405-v26-normalized\Source\mes\ingest\csharp\MesIngest.Watch\MesIngest.Watch.csproj : warning NU1603: Azure.Identity 1.11.4 渚濊禆浜?System.Memory (>= 4.5.4)锛屼絾鎵句笉鍒?System.Memory 4.5.4銆?宸茶В鍐?System.Memory 4.6.0 鐨勮繎浼兼渶浣冲尮閰嶃€?
C:\MesIngest\Ticket11\run-wpf-ui-20260810-0405-v26-normalized\Source\mes\ingest\csharp\MesIngest.Watch\MesIngest.Watch.csproj : warning NU1603: Azure.Identity 1.11.4 渚濊禆浜?System.Security.Cryptography.ProtectedData (>= 4.7.0)锛屼絾鎵句笉鍒?System.Security.Cryptography.ProtectedData 4.7.0銆?宸茶В鍐?System.Security.Cryptography.ProtectedData 8.0.0 鐨勮繎浼兼渶浣冲尮閰嶃€?
xUnit.net v3 In-Process Runner v3.2.2+728c1dce01 (64-bit .NET 8.0.29)
  Discovering: MesIngest.Watch.UiTests
  Discovered:  MesIngest.Watch.UiTests
  Starting:    MesIngest.Watch.UiTests
  Finished:    MesIngest.Watch.UiTests (ID = '21393fcd2f516a01831d764045a412bb82c968bdde63c97f453ac53ba0c23067')
=== TEST EXECUTION SUMMARY ===
   MesIngest.Watch.UiTests  Total: 20, Errors: 0, Failed: 0, Skipped: 0, Not Run: 0, Time: 27.884s
WATCH_UI_ALL_PASSED: suite=watch-xaml-visual artifacts=C:\MesIngest\Ticket11\run-wpf-ui-20260810-0405-v26-normalized\Source\mes\ingest\csharp\TestResults\watch-ui\20260810-024927-373
WATCH_XAML_STABILITY_RUN: 8/10
  姝ｅ湪纭畾瑕佽繕鍘熺殑椤圭洰鈥?
C:\MesIngest\Ticket11\run-wpf-ui-20260810-0405-v26-normalized\Source\mes\ingest\csharp\MesIngest.Core\MesIngest.Core.csproj : warning NU1801: 鏃犳硶鍔犺浇婧?https://api.nuget.org/v3/index.json 鐨勬湇鍔＄储寮曘€?[C:\MesIngest\Ticket11\run-wpf-ui-20260810-0405-v26-normalized\Source\mes\ingest\csharp\MesIngest.Watch.UiTests\MesIngest.Watch.UiTests.csproj]
C:\MesIngest\Ticket11\run-wpf-ui-20260810-0405-v26-normalized\Source\mes\ingest\csharp\MesIngest.Watch\MesIngest.Watch.csproj : warning NU1801: 鏃犳硶鍔犺浇婧?https://api.nuget.org/v3/index.json 鐨勬湇鍔＄储寮曘€?[C:\MesIngest\Ticket11\run-wpf-ui-20260810-0405-v26-normalized\Source\mes\ingest\csharp\MesIngest.Watch.UiTests\MesIngest.Watch.UiTests.csproj]
C:\MesIngest\Ticket11\run-wpf-ui-20260810-0405-v26-normalized\Source\mes\ingest\csharp\MesIngest.Core\MesIngest.Core.csproj : warning NU1801: 鏃犳硶鍔犺浇婧?https://api.nuget.org/v3/index.json 鐨勬湇鍔＄储寮曘€?[C:\MesIngest\Ticket11\run-wpf-ui-20260810-0405-v26-normalized\Source\mes\ingest\csharp\MesIngest.Watch.UiTests\MesIngest.Watch.UiTests.csproj]
C:\MesIngest\Ticket11\run-wpf-ui-20260810-0405-v26-normalized\Source\mes\ingest\csharp\MesIngest.Watch\MesIngest.Watch.csproj : warning NU1801: 鏃犳硶鍔犺浇婧?https://api.nuget.org/v3/index.json 鐨勬湇鍔＄储寮曘€?[C:\MesIngest\Ticket11\run-wpf-ui-20260810-0405-v26-normalized\Source\mes\ingest\csharp\MesIngest.Watch.UiTests\MesIngest.Watch.UiTests.csproj]
C:\MesIngest\Ticket11\run-wpf-ui-20260810-0405-v26-normalized\Source\mes\ingest\csharp\MesIngest.Watch.UiTests\MesIngest.Watch.UiTests.csproj : warning NU1801: 鏃犳硶鍔犺浇婧?https://api.nuget.org/v3/index.json 鐨勬湇鍔＄储寮曘€?
C:\MesIngest\Ticket11\run-wpf-ui-20260810-0405-v26-normalized\Source\mes\ingest\csharp\MesIngest.Watch.UiTests\MesIngest.Watch.UiTests.csproj : warning NU1801: 鏃犳硶鍔犺浇婧?https://api.nuget.org/v3/index.json 鐨勬湇鍔＄储寮曘€?
C:\MesIngest\Ticket11\run-wpf-ui-20260810-0405-v26-normalized\Source\mes\ingest\csharp\MesIngest.Watch.UiTests\MesIngest.Watch.UiTests.csproj : warning NU1801: 鏃犳硶鍔犺浇婧?https://api.nuget.org/v3/index.json 鐨勬湇鍔＄储寮曘€?
C:\MesIngest\Ticket11\run-wpf-ui-20260810-0405-v26-normalized\Source\mes\ingest\csharp\MesIngest.Watch.UiTests\MesIngest.Watch.UiTests.csproj : warning NU1801: 鏃犳硶鍔犺浇婧?https://api.nuget.org/v3/index.json 鐨勬湇鍔＄储寮曘€?
C:\MesIngest\Ticket11\run-wpf-ui-20260810-0405-v26-normalized\Source\mes\ingest\csharp\MesIngest.Watch.UiTests\MesIngest.Watch.UiTests.csproj : warning NU1801: 鏃犳硶鍔犺浇婧?https://api.nuget.org/v3/index.json 鐨勬湇鍔＄储寮曘€?
C:\MesIngest\Ticket11\run-wpf-ui-20260810-0405-v26-normalized\Source\mes\ingest\csharp\MesIngest.Core\MesIngest.Core.csproj : warning NU1603: Azure.Identity 1.11.4 渚濊禆浜?System.Memory (>= 4.5.4)锛屼絾鎵句笉鍒?System.Memory 4.5.4銆?宸茶В鍐?System.Memory 4.6.0 鐨勮繎浼兼渶浣冲尮閰嶃€? [C:\MesIngest\Ticket11\run-wpf-ui-20260810-0405-v26-normalized\Source\mes\ingest\csharp\MesIngest.Watch.UiTests\MesIngest.Watch.UiTests.csproj]
C:\MesIngest\Ticket11\run-wpf-ui-20260810-0405-v26-normalized\Source\mes\ingest\csharp\MesIngest.Core\MesIngest.Core.csproj : warning NU1603: Azure.Identity 1.11.4 渚濊禆浜?System.Security.Cryptography.ProtectedData (>= 4.7.0)锛屼絾鎵句笉鍒?System.Security.Cryptography.ProtectedData 4.7.0銆?宸茶В鍐?System.Security.Cryptography.ProtectedData 8.0.0 鐨勮繎浼兼渶浣冲尮閰嶃€? [C:\MesIngest\Ticket11\run-wpf-ui-20260810-0405-v26-normalized\Source\mes\ingest\csharp\MesIngest.Watch.UiTests\MesIngest.Watch.UiTests.csproj]
C:\MesIngest\Ticket11\run-wpf-ui-20260810-0405-v26-normalized\Source\mes\ingest\csharp\MesIngest.Watch.UiTests\MesIngest.Watch.UiTests.csproj : warning NU1603: Verify.XunitV3 31.16.1 渚濊禆浜?DiffEngine (>= 19.1.2)锛屼絾鎵句笉鍒?DiffEngine 19.1.2銆?宸茶В鍐?DiffEngine 19.1.3 鐨勮繎浼兼渶浣冲尮閰嶃€?
C:\MesIngest\Ticket11\run-wpf-ui-20260810-0405-v26-normalized\Source\mes\ingest\csharp\MesIngest.Watch.UiTests\MesIngest.Watch.UiTests.csproj : warning NU1603: xunit.v3.common 3.2.2 渚濊禆浜?Microsoft.Bcl.AsyncInterfaces (>= 6.0.0)锛屼絾鎵句笉鍒?Microsoft.Bcl.AsyncInterfaces 6.0.0銆?宸茶В鍐?Microsoft.Bcl.AsyncInterfaces 10.0.6 鐨勮繎浼兼渶浣冲尮閰嶃€?
C:\MesIngest\Ticket11\run-wpf-ui-20260810-0405-v26-normalized\Source\mes\ingest\csharp\MesIngest.Watch\MesIngest.Watch.csproj : warning NU1603: Azure.Identity 1.11.4 渚濊禆浜?System.Memory (>= 4.5.4)锛屼絾鎵句笉鍒?System.Memory 4.5.4銆?宸茶В鍐?System.Memory 4.6.0 鐨勮繎浼兼渶浣冲尮閰嶃€? [C:\MesIngest\Ticket11\run-wpf-ui-20260810-0405-v26-normalized\Source\mes\ingest\csharp\MesIngest.Watch.UiTests\MesIngest.Watch.UiTests.csproj]
C:\MesIngest\Ticket11\run-wpf-ui-20260810-0405-v26-normalized\Source\mes\ingest\csharp\MesIngest.Watch.UiTests\MesIngest.Watch.UiTests.csproj : warning NU1603: Microsoft.ApplicationInsights 2.23.0 渚濊禆浜?System.Diagnostics.DiagnosticSource (>= 5.0.0)锛屼絾鎵句笉鍒?System.Diagnostics.DiagnosticSource 5.0.0銆?宸茶В鍐?System.Diagnostics.DiagnosticSource 6.0.1 鐨勮繎浼兼渶浣冲尮閰嶃€?
C:\MesIngest\Ticket11\run-wpf-ui-20260810-0405-v26-normalized\Source\mes\ingest\csharp\MesIngest.Watch.UiTests\MesIngest.Watch.UiTests.csproj : warning NU1603: Azure.Identity 1.11.4 渚濊禆浜?System.Memory (>= 4.5.4)锛屼絾鎵句笉鍒?System.Memory 4.5.4銆?宸茶В鍐?System.Memory 4.6.0 鐨勮繎浼兼渶浣冲尮閰嶃€?
C:\MesIngest\Ticket11\run-wpf-ui-20260810-0405-v26-normalized\Source\mes\ingest\csharp\MesIngest.Watch.UiTests\MesIngest.Watch.UiTests.csproj : warning NU1603: Azure.Identity 1.11.4 渚濊禆浜?System.Security.Cryptography.ProtectedData (>= 4.7.0)锛屼絾鎵句笉鍒?System.Security.Cryptography.ProtectedData 4.7.0銆?宸茶В鍐?System.Security.Cryptography.ProtectedData 8.0.0 鐨勮繎浼兼渶浣冲尮閰嶃€?
C:\MesIngest\Ticket11\run-wpf-ui-20260810-0405-v26-normalized\Source\mes\ingest\csharp\MesIngest.Watch\MesIngest.Watch.csproj : warning NU1603: Azure.Identity 1.11.4 渚濊禆浜?System.Security.Cryptography.ProtectedData (>= 4.7.0)锛屼絾鎵句笉鍒?System.Security.Cryptography.ProtectedData 4.7.0銆?宸茶В鍐?System.Security.Cryptography.ProtectedData 8.0.0 鐨勮繎浼兼渶浣冲尮閰嶃€? [C:\MesIngest\Ticket11\run-wpf-ui-20260810-0405-v26-normalized\Source\mes\ingest\csharp\MesIngest.Watch.UiTests\MesIngest.Watch.UiTests.csproj]
  鎵€鏈夐」鐩潎鏄渶鏂扮殑锛屾棤娉曡繕鍘熴€?
C:\MesIngest\Ticket11\run-wpf-ui-20260810-0405-v26-normalized\Source\mes\ingest\csharp\MesIngest.Watch.UiTests\MesIngest.Watch.UiTests.csproj : warning NU1801: 鏃犳硶鍔犺浇婧?https://api.nuget.org/v3/index.json 鐨勬湇鍔＄储寮曘€?
C:\MesIngest\Ticket11\run-wpf-ui-20260810-0405-v26-normalized\Source\mes\ingest\csharp\MesIngest.Watch.UiTests\MesIngest.Watch.UiTests.csproj : warning NU1801: 鏃犳硶鍔犺浇婧?https://api.nuget.org/v3/index.json 鐨勬湇鍔＄储寮曘€?
C:\MesIngest\Ticket11\run-wpf-ui-20260810-0405-v26-normalized\Source\mes\ingest\csharp\MesIngest.Watch.UiTests\MesIngest.Watch.UiTests.csproj : warning NU1801: 鏃犳硶鍔犺浇婧?https://api.nuget.org/v3/index.json 鐨勬湇鍔＄储寮曘€?
C:\MesIngest\Ticket11\run-wpf-ui-20260810-0405-v26-normalized\Source\mes\ingest\csharp\MesIngest.Watch.UiTests\MesIngest.Watch.UiTests.csproj : warning NU1801: 鏃犳硶鍔犺浇婧?https://api.nuget.org/v3/index.json 鐨勬湇鍔＄储寮曘€?
C:\MesIngest\Ticket11\run-wpf-ui-20260810-0405-v26-normalized\Source\mes\ingest\csharp\MesIngest.Watch.UiTests\MesIngest.Watch.UiTests.csproj : warning NU1801: 鏃犳硶鍔犺浇婧?https://api.nuget.org/v3/index.json 鐨勬湇鍔＄储寮曘€?
C:\MesIngest\Ticket11\run-wpf-ui-20260810-0405-v26-normalized\Source\mes\ingest\csharp\MesIngest.Watch.UiTests\MesIngest.Watch.UiTests.csproj : warning NU1603: Verify.XunitV3 31.16.1 渚濊禆浜?DiffEngine (>= 19.1.2)锛屼絾鎵句笉鍒?DiffEngine 19.1.2銆?宸茶В鍐?DiffEngine 19.1.3 鐨勮繎浼兼渶浣冲尮閰嶃€?
C:\MesIngest\Ticket11\run-wpf-ui-20260810-0405-v26-normalized\Source\mes\ingest\csharp\MesIngest.Watch.UiTests\MesIngest.Watch.UiTests.csproj : warning NU1603: xunit.v3.common 3.2.2 渚濊禆浜?Microsoft.Bcl.AsyncInterfaces (>= 6.0.0)锛屼絾鎵句笉鍒?Microsoft.Bcl.AsyncInterfaces 6.0.0銆?宸茶В鍐?Microsoft.Bcl.AsyncInterfaces 10.0.6 鐨勮繎浼兼渶浣冲尮閰嶃€?
C:\MesIngest\Ticket11\run-wpf-ui-20260810-0405-v26-normalized\Source\mes\ingest\csharp\MesIngest.Watch.UiTests\MesIngest.Watch.UiTests.csproj : warning NU1603: Microsoft.ApplicationInsights 2.23.0 渚濊禆浜?System.Diagnostics.DiagnosticSource (>= 5.0.0)锛屼絾鎵句笉鍒?System.Diagnostics.DiagnosticSource 5.0.0銆?宸茶В鍐?System.Diagnostics.DiagnosticSource 6.0.1 鐨勮繎浼兼渶浣冲尮閰嶃€?
C:\MesIngest\Ticket11\run-wpf-ui-20260810-0405-v26-normalized\Source\mes\ingest\csharp\MesIngest.Watch.UiTests\MesIngest.Watch.UiTests.csproj : warning NU1603: Azure.Identity 1.11.4 渚濊禆浜?System.Memory (>= 4.5.4)锛屼絾鎵句笉鍒?System.Memory 4.5.4銆?宸茶В鍐?System.Memory 4.6.0 鐨勮繎浼兼渶浣冲尮閰嶃€?
C:\MesIngest\Ticket11\run-wpf-ui-20260810-0405-v26-normalized\Source\mes\ingest\csharp\MesIngest.Watch.UiTests\MesIngest.Watch.UiTests.csproj : warning NU1603: Azure.Identity 1.11.4 渚濊禆浜?System.Security.Cryptography.ProtectedData (>= 4.7.0)锛屼絾鎵句笉鍒?System.Security.Cryptography.ProtectedData 4.7.0銆?宸茶В鍐?System.Security.Cryptography.ProtectedData 8.0.0 鐨勮繎浼兼渶浣冲尮閰嶃€?
C:\MesIngest\Ticket11\run-wpf-ui-20260810-0405-v26-normalized\Source\mes\ingest\csharp\MesIngest.Core\MesIngest.Core.csproj : warning NU1801: 鏃犳硶鍔犺浇婧?https://api.nuget.org/v3/index.json 鐨勬湇鍔＄储寮曘€?
C:\MesIngest\Ticket11\run-wpf-ui-20260810-0405-v26-normalized\Source\mes\ingest\csharp\MesIngest.Core\MesIngest.Core.csproj : warning NU1801: 鏃犳硶鍔犺浇婧?https://api.nuget.org/v3/index.json 鐨勬湇鍔＄储寮曘€?
C:\MesIngest\Ticket11\run-wpf-ui-20260810-0405-v26-normalized\Source\mes\ingest\csharp\MesIngest.Core\MesIngest.Core.csproj : warning NU1603: Azure.Identity 1.11.4 渚濊禆浜?System.Memory (>= 4.5.4)锛屼絾鎵句笉鍒?System.Memory 4.5.4銆?宸茶В鍐?System.Memory 4.6.0 鐨勮繎浼兼渶浣冲尮閰嶃€?
C:\MesIngest\Ticket11\run-wpf-ui-20260810-0405-v26-normalized\Source\mes\ingest\csharp\MesIngest.Core\MesIngest.Core.csproj : warning NU1603: Azure.Identity 1.11.4 渚濊禆浜?System.Security.Cryptography.ProtectedData (>= 4.7.0)锛屼絾鎵句笉鍒?System.Security.Cryptography.ProtectedData 4.7.0銆?宸茶В鍐?System.Security.Cryptography.ProtectedData 8.0.0 鐨勮繎浼兼渶浣冲尮閰嶃€?
C:\MesIngest\Ticket11\run-wpf-ui-20260810-0405-v26-normalized\Source\mes\ingest\csharp\MesIngest.Watch\MesIngest.Watch.csproj : warning NU1801: 鏃犳硶鍔犺浇婧?https://api.nuget.org/v3/index.json 鐨勬湇鍔＄储寮曘€?
C:\MesIngest\Ticket11\run-wpf-ui-20260810-0405-v26-normalized\Source\mes\ingest\csharp\MesIngest.Watch\MesIngest.Watch.csproj : warning NU1801: 鏃犳硶鍔犺浇婧?https://api.nuget.org/v3/index.json 鐨勬湇鍔＄储寮曘€?
C:\MesIngest\Ticket11\run-wpf-ui-20260810-0405-v26-normalized\Source\mes\ingest\csharp\MesIngest.Watch\MesIngest.Watch.csproj : warning NU1603: Azure.Identity 1.11.4 渚濊禆浜?System.Memory (>= 4.5.4)锛屼絾鎵句笉鍒?System.Memory 4.5.4銆?宸茶В鍐?System.Memory 4.6.0 鐨勮繎浼兼渶浣冲尮閰嶃€?
C:\MesIngest\Ticket11\run-wpf-ui-20260810-0405-v26-normalized\Source\mes\ingest\csharp\MesIngest.Watch\MesIngest.Watch.csproj : warning NU1603: Azure.Identity 1.11.4 渚濊禆浜?System.Security.Cryptography.ProtectedData (>= 4.7.0)锛屼絾鎵句笉鍒?System.Security.Cryptography.ProtectedData 4.7.0銆?宸茶В鍐?System.Security.Cryptography.ProtectedData 8.0.0 鐨勮繎浼兼渶浣冲尮閰嶃€?
xUnit.net v3 In-Process Runner v3.2.2+728c1dce01 (64-bit .NET 8.0.29)
  Discovering: MesIngest.Watch.UiTests
  Discovered:  MesIngest.Watch.UiTests
  Starting:    MesIngest.Watch.UiTests
  Finished:    MesIngest.Watch.UiTests (ID = '21393fcd2f516a01831d764045a412bb82c968bdde63c97f453ac53ba0c23067')
=== TEST EXECUTION SUMMARY ===
   MesIngest.Watch.UiTests  Total: 1, Errors: 0, Failed: 0, Skipped: 0, Not Run: 0, Time: 0.104s
WATCH_UI_ENVIRONMENT_OK: session=1 name=(not exported; validated by Explorer and OpenInputDesktop); suite=watch-xaml-visual; artifacts=C:\MesIngest\Ticket11\run-wpf-ui-20260810-0405-v26-normalized\Source\mes\ingest\csharp\TestResults\watch-ui\20260810-025000-574; running serial xUnit v3 UI tests.
C:\MesIngest\Ticket11\run-wpf-ui-20260810-0405-v26-normalized\Source\mes\ingest\csharp\MesIngest.Watch.UiTests\MesIngest.Watch.UiTests.csproj : warning NU1801: 鏃犳硶鍔犺浇婧?https://api.nuget.org/v3/index.json 鐨勬湇鍔＄储寮曘€?
C:\MesIngest\Ticket11\run-wpf-ui-20260810-0405-v26-normalized\Source\mes\ingest\csharp\MesIngest.Watch.UiTests\MesIngest.Watch.UiTests.csproj : warning NU1801: 鏃犳硶鍔犺浇婧?https://api.nuget.org/v3/index.json 鐨勬湇鍔＄储寮曘€?
C:\MesIngest\Ticket11\run-wpf-ui-20260810-0405-v26-normalized\Source\mes\ingest\csharp\MesIngest.Watch.UiTests\MesIngest.Watch.UiTests.csproj : warning NU1801: 鏃犳硶鍔犺浇婧?https://api.nuget.org/v3/index.json 鐨勬湇鍔＄储寮曘€?
C:\MesIngest\Ticket11\run-wpf-ui-20260810-0405-v26-normalized\Source\mes\ingest\csharp\MesIngest.Watch.UiTests\MesIngest.Watch.UiTests.csproj : warning NU1801: 鏃犳硶鍔犺浇婧?https://api.nuget.org/v3/index.json 鐨勬湇鍔＄储寮曘€?
C:\MesIngest\Ticket11\run-wpf-ui-20260810-0405-v26-normalized\Source\mes\ingest\csharp\MesIngest.Watch.UiTests\MesIngest.Watch.UiTests.csproj : warning NU1801: 鏃犳硶鍔犺浇婧?https://api.nuget.org/v3/index.json 鐨勬湇鍔＄储寮曘€?
C:\MesIngest\Ticket11\run-wpf-ui-20260810-0405-v26-normalized\Source\mes\ingest\csharp\MesIngest.Watch.UiTests\MesIngest.Watch.UiTests.csproj : warning NU1603: Verify.XunitV3 31.16.1 渚濊禆浜?DiffEngine (>= 19.1.2)锛屼絾鎵句笉鍒?DiffEngine 19.1.2銆?宸茶В鍐?DiffEngine 19.1.3 鐨勮繎浼兼渶浣冲尮閰嶃€?
C:\MesIngest\Ticket11\run-wpf-ui-20260810-0405-v26-normalized\Source\mes\ingest\csharp\MesIngest.Watch.UiTests\MesIngest.Watch.UiTests.csproj : warning NU1603: xunit.v3.common 3.2.2 渚濊禆浜?Microsoft.Bcl.AsyncInterfaces (>= 6.0.0)锛屼絾鎵句笉鍒?Microsoft.Bcl.AsyncInterfaces 6.0.0銆?宸茶В鍐?Microsoft.Bcl.AsyncInterfaces 10.0.6 鐨勮繎浼兼渶浣冲尮閰嶃€?
C:\MesIngest\Ticket11\run-wpf-ui-20260810-0405-v26-normalized\Source\mes\ingest\csharp\MesIngest.Watch.UiTests\MesIngest.Watch.UiTests.csproj : warning NU1603: Microsoft.ApplicationInsights 2.23.0 渚濊禆浜?System.Diagnostics.DiagnosticSource (>= 5.0.0)锛屼絾鎵句笉鍒?System.Diagnostics.DiagnosticSource 5.0.0銆?宸茶В鍐?System.Diagnostics.DiagnosticSource 6.0.1 鐨勮繎浼兼渶浣冲尮閰嶃€?
C:\MesIngest\Ticket11\run-wpf-ui-20260810-0405-v26-normalized\Source\mes\ingest\csharp\MesIngest.Watch.UiTests\MesIngest.Watch.UiTests.csproj : warning NU1603: Azure.Identity 1.11.4 渚濊禆浜?System.Memory (>= 4.5.4)锛屼絾鎵句笉鍒?System.Memory 4.5.4銆?宸茶В鍐?System.Memory 4.6.0 鐨勮繎浼兼渶浣冲尮閰嶃€?
C:\MesIngest\Ticket11\run-wpf-ui-20260810-0405-v26-normalized\Source\mes\ingest\csharp\MesIngest.Watch.UiTests\MesIngest.Watch.UiTests.csproj : warning NU1603: Azure.Identity 1.11.4 渚濊禆浜?System.Security.Cryptography.ProtectedData (>= 4.7.0)锛屼絾鎵句笉鍒?System.Security.Cryptography.ProtectedData 4.7.0銆?宸茶В鍐?System.Security.Cryptography.ProtectedData 8.0.0 鐨勮繎浼兼渶浣冲尮閰嶃€?
C:\MesIngest\Ticket11\run-wpf-ui-20260810-0405-v26-normalized\Source\mes\ingest\csharp\MesIngest.Core\MesIngest.Core.csproj : warning NU1801: 鏃犳硶鍔犺浇婧?https://api.nuget.org/v3/index.json 鐨勬湇鍔＄储寮曘€?
C:\MesIngest\Ticket11\run-wpf-ui-20260810-0405-v26-normalized\Source\mes\ingest\csharp\MesIngest.Core\MesIngest.Core.csproj : warning NU1801: 鏃犳硶鍔犺浇婧?https://api.nuget.org/v3/index.json 鐨勬湇鍔＄储寮曘€?
C:\MesIngest\Ticket11\run-wpf-ui-20260810-0405-v26-normalized\Source\mes\ingest\csharp\MesIngest.Core\MesIngest.Core.csproj : warning NU1603: Azure.Identity 1.11.4 渚濊禆浜?System.Memory (>= 4.5.4)锛屼絾鎵句笉鍒?System.Memory 4.5.4銆?宸茶В鍐?System.Memory 4.6.0 鐨勮繎浼兼渶浣冲尮閰嶃€?
C:\MesIngest\Ticket11\run-wpf-ui-20260810-0405-v26-normalized\Source\mes\ingest\csharp\MesIngest.Core\MesIngest.Core.csproj : warning NU1603: Azure.Identity 1.11.4 渚濊禆浜?System.Security.Cryptography.ProtectedData (>= 4.7.0)锛屼絾鎵句笉鍒?System.Security.Cryptography.ProtectedData 4.7.0銆?宸茶В鍐?System.Security.Cryptography.ProtectedData 8.0.0 鐨勮繎浼兼渶浣冲尮閰嶃€?
C:\MesIngest\Ticket11\run-wpf-ui-20260810-0405-v26-normalized\Source\mes\ingest\csharp\MesIngest.Watch\MesIngest.Watch.csproj : warning NU1801: 鏃犳硶鍔犺浇婧?https://api.nuget.org/v3/index.json 鐨勬湇鍔＄储寮曘€?
C:\MesIngest\Ticket11\run-wpf-ui-20260810-0405-v26-normalized\Source\mes\ingest\csharp\MesIngest.Watch\MesIngest.Watch.csproj : warning NU1801: 鏃犳硶鍔犺浇婧?https://api.nuget.org/v3/index.json 鐨勬湇鍔＄储寮曘€?
C:\MesIngest\Ticket11\run-wpf-ui-20260810-0405-v26-normalized\Source\mes\ingest\csharp\MesIngest.Watch\MesIngest.Watch.csproj : warning NU1603: Azure.Identity 1.11.4 渚濊禆浜?System.Memory (>= 4.5.4)锛屼絾鎵句笉鍒?System.Memory 4.5.4銆?宸茶В鍐?System.Memory 4.6.0 鐨勮繎浼兼渶浣冲尮閰嶃€?
C:\MesIngest\Ticket11\run-wpf-ui-20260810-0405-v26-normalized\Source\mes\ingest\csharp\MesIngest.Watch\MesIngest.Watch.csproj : warning NU1603: Azure.Identity 1.11.4 渚濊禆浜?System.Security.Cryptography.ProtectedData (>= 4.7.0)锛屼絾鎵句笉鍒?System.Security.Cryptography.ProtectedData 4.7.0銆?宸茶В鍐?System.Security.Cryptography.ProtectedData 8.0.0 鐨勮繎浼兼渶浣冲尮閰嶃€?
xUnit.net v3 In-Process Runner v3.2.2+728c1dce01 (64-bit .NET 8.0.29)
  Discovering: MesIngest.Watch.UiTests
  Discovered:  MesIngest.Watch.UiTests
  Starting:    MesIngest.Watch.UiTests
  Finished:    MesIngest.Watch.UiTests (ID = '21393fcd2f516a01831d764045a412bb82c968bdde63c97f453ac53ba0c23067')
=== TEST EXECUTION SUMMARY ===
   MesIngest.Watch.UiTests  Total: 20, Errors: 0, Failed: 0, Skipped: 0, Not Run: 0, Time: 28.564s
WATCH_UI_ALL_PASSED: suite=watch-xaml-visual artifacts=C:\MesIngest\Ticket11\run-wpf-ui-20260810-0405-v26-normalized\Source\mes\ingest\csharp\TestResults\watch-ui\20260810-025000-574
WATCH_XAML_STABILITY_RUN: 9/10
  姝ｅ湪纭畾瑕佽繕鍘熺殑椤圭洰鈥?
C:\MesIngest\Ticket11\run-wpf-ui-20260810-0405-v26-normalized\Source\mes\ingest\csharp\MesIngest.Watch\MesIngest.Watch.csproj : warning NU1801: 鏃犳硶鍔犺浇婧?https://api.nuget.org/v3/index.json 鐨勬湇鍔＄储寮曘€?[C:\MesIngest\Ticket11\run-wpf-ui-20260810-0405-v26-normalized\Source\mes\ingest\csharp\MesIngest.Watch.UiTests\MesIngest.Watch.UiTests.csproj]
C:\MesIngest\Ticket11\run-wpf-ui-20260810-0405-v26-normalized\Source\mes\ingest\csharp\MesIngest.Core\MesIngest.Core.csproj : warning NU1801: 鏃犳硶鍔犺浇婧?https://api.nuget.org/v3/index.json 鐨勬湇鍔＄储寮曘€?[C:\MesIngest\Ticket11\run-wpf-ui-20260810-0405-v26-normalized\Source\mes\ingest\csharp\MesIngest.Watch.UiTests\MesIngest.Watch.UiTests.csproj]
C:\MesIngest\Ticket11\run-wpf-ui-20260810-0405-v26-normalized\Source\mes\ingest\csharp\MesIngest.Watch\MesIngest.Watch.csproj : warning NU1801: 鏃犳硶鍔犺浇婧?https://api.nuget.org/v3/index.json 鐨勬湇鍔＄储寮曘€?[C:\MesIngest\Ticket11\run-wpf-ui-20260810-0405-v26-normalized\Source\mes\ingest\csharp\MesIngest.Watch.UiTests\MesIngest.Watch.UiTests.csproj]
C:\MesIngest\Ticket11\run-wpf-ui-20260810-0405-v26-normalized\Source\mes\ingest\csharp\MesIngest.Core\MesIngest.Core.csproj : warning NU1801: 鏃犳硶鍔犺浇婧?https://api.nuget.org/v3/index.json 鐨勬湇鍔＄储寮曘€?[C:\MesIngest\Ticket11\run-wpf-ui-20260810-0405-v26-normalized\Source\mes\ingest\csharp\MesIngest.Watch.UiTests\MesIngest.Watch.UiTests.csproj]
C:\MesIngest\Ticket11\run-wpf-ui-20260810-0405-v26-normalized\Source\mes\ingest\csharp\MesIngest.Watch.UiTests\MesIngest.Watch.UiTests.csproj : warning NU1801: 鏃犳硶鍔犺浇婧?https://api.nuget.org/v3/index.json 鐨勬湇鍔＄储寮曘€?
C:\MesIngest\Ticket11\run-wpf-ui-20260810-0405-v26-normalized\Source\mes\ingest\csharp\MesIngest.Watch.UiTests\MesIngest.Watch.UiTests.csproj : warning NU1801: 鏃犳硶鍔犺浇婧?https://api.nuget.org/v3/index.json 鐨勬湇鍔＄储寮曘€?
C:\MesIngest\Ticket11\run-wpf-ui-20260810-0405-v26-normalized\Source\mes\ingest\csharp\MesIngest.Watch.UiTests\MesIngest.Watch.UiTests.csproj : warning NU1801: 鏃犳硶鍔犺浇婧?https://api.nuget.org/v3/index.json 鐨勬湇鍔＄储寮曘€?
C:\MesIngest\Ticket11\run-wpf-ui-20260810-0405-v26-normalized\Source\mes\ingest\csharp\MesIngest.Watch.UiTests\MesIngest.Watch.UiTests.csproj : warning NU1801: 鏃犳硶鍔犺浇婧?https://api.nuget.org/v3/index.json 鐨勬湇鍔＄储寮曘€?
C:\MesIngest\Ticket11\run-wpf-ui-20260810-0405-v26-normalized\Source\mes\ingest\csharp\MesIngest.Watch.UiTests\MesIngest.Watch.UiTests.csproj : warning NU1801: 鏃犳硶鍔犺浇婧?https://api.nuget.org/v3/index.json 鐨勬湇鍔＄储寮曘€?
C:\MesIngest\Ticket11\run-wpf-ui-20260810-0405-v26-normalized\Source\mes\ingest\csharp\MesIngest.Core\MesIngest.Core.csproj : warning NU1603: Azure.Identity 1.11.4 渚濊禆浜?System.Memory (>= 4.5.4)锛屼絾鎵句笉鍒?System.Memory 4.5.4銆?宸茶В鍐?System.Memory 4.6.0 鐨勮繎浼兼渶浣冲尮閰嶃€? [C:\MesIngest\Ticket11\run-wpf-ui-20260810-0405-v26-normalized\Source\mes\ingest\csharp\MesIngest.Watch.UiTests\MesIngest.Watch.UiTests.csproj]
C:\MesIngest\Ticket11\run-wpf-ui-20260810-0405-v26-normalized\Source\mes\ingest\csharp\MesIngest.Core\MesIngest.Core.csproj : warning NU1603: Azure.Identity 1.11.4 渚濊禆浜?System.Security.Cryptography.ProtectedData (>= 4.7.0)锛屼絾鎵句笉鍒?System.Security.Cryptography.ProtectedData 4.7.0銆?宸茶В鍐?System.Security.Cryptography.ProtectedData 8.0.0 鐨勮繎浼兼渶浣冲尮閰嶃€? [C:\MesIngest\Ticket11\run-wpf-ui-20260810-0405-v26-normalized\Source\mes\ingest\csharp\MesIngest.Watch.UiTests\MesIngest.Watch.UiTests.csproj]
C:\MesIngest\Ticket11\run-wpf-ui-20260810-0405-v26-normalized\Source\mes\ingest\csharp\MesIngest.Watch\MesIngest.Watch.csproj : warning NU1603: Azure.Identity 1.11.4 渚濊禆浜?System.Memory (>= 4.5.4)锛屼絾鎵句笉鍒?System.Memory 4.5.4銆?宸茶В鍐?System.Memory 4.6.0 鐨勮繎浼兼渶浣冲尮閰嶃€? [C:\MesIngest\Ticket11\run-wpf-ui-20260810-0405-v26-normalized\Source\mes\ingest\csharp\MesIngest.Watch.UiTests\MesIngest.Watch.UiTests.csproj]
C:\MesIngest\Ticket11\run-wpf-ui-20260810-0405-v26-normalized\Source\mes\ingest\csharp\MesIngest.Watch\MesIngest.Watch.csproj : warning NU1603: Azure.Identity 1.11.4 渚濊禆浜?System.Security.Cryptography.ProtectedData (>= 4.7.0)锛屼絾鎵句笉鍒?System.Security.Cryptography.ProtectedData 4.7.0銆?宸茶В鍐?System.Security.Cryptography.ProtectedData 8.0.0 鐨勮繎浼兼渶浣冲尮閰嶃€? [C:\MesIngest\Ticket11\run-wpf-ui-20260810-0405-v26-normalized\Source\mes\ingest\csharp\MesIngest.Watch.UiTests\MesIngest.Watch.UiTests.csproj]
C:\MesIngest\Ticket11\run-wpf-ui-20260810-0405-v26-normalized\Source\mes\ingest\csharp\MesIngest.Watch.UiTests\MesIngest.Watch.UiTests.csproj : warning NU1603: Verify.XunitV3 31.16.1 渚濊禆浜?DiffEngine (>= 19.1.2)锛屼絾鎵句笉鍒?DiffEngine 19.1.2銆?宸茶В鍐?DiffEngine 19.1.3 鐨勮繎浼兼渶浣冲尮閰嶃€?
C:\MesIngest\Ticket11\run-wpf-ui-20260810-0405-v26-normalized\Source\mes\ingest\csharp\MesIngest.Watch.UiTests\MesIngest.Watch.UiTests.csproj : warning NU1603: xunit.v3.common 3.2.2 渚濊禆浜?Microsoft.Bcl.AsyncInterfaces (>= 6.0.0)锛屼絾鎵句笉鍒?Microsoft.Bcl.AsyncInterfaces 6.0.0銆?宸茶В鍐?Microsoft.Bcl.AsyncInterfaces 10.0.6 鐨勮繎浼兼渶浣冲尮閰嶃€?
C:\MesIngest\Ticket11\run-wpf-ui-20260810-0405-v26-normalized\Source\mes\ingest\csharp\MesIngest.Watch.UiTests\MesIngest.Watch.UiTests.csproj : warning NU1603: Microsoft.ApplicationInsights 2.23.0 渚濊禆浜?System.Diagnostics.DiagnosticSource (>= 5.0.0)锛屼絾鎵句笉鍒?System.Diagnostics.DiagnosticSource 5.0.0銆?宸茶В鍐?System.Diagnostics.DiagnosticSource 6.0.1 鐨勮繎浼兼渶浣冲尮閰嶃€?
C:\MesIngest\Ticket11\run-wpf-ui-20260810-0405-v26-normalized\Source\mes\ingest\csharp\MesIngest.Watch.UiTests\MesIngest.Watch.UiTests.csproj : warning NU1603: Azure.Identity 1.11.4 渚濊禆浜?System.Memory (>= 4.5.4)锛屼絾鎵句笉鍒?System.Memory 4.5.4銆?宸茶В鍐?System.Memory 4.6.0 鐨勮繎浼兼渶浣冲尮閰嶃€?
C:\MesIngest\Ticket11\run-wpf-ui-20260810-0405-v26-normalized\Source\mes\ingest\csharp\MesIngest.Watch.UiTests\MesIngest.Watch.UiTests.csproj : warning NU1603: Azure.Identity 1.11.4 渚濊禆浜?System.Security.Cryptography.ProtectedData (>= 4.7.0)锛屼絾鎵句笉鍒?System.Security.Cryptography.ProtectedData 4.7.0銆?宸茶В鍐?System.Security.Cryptography.ProtectedData 8.0.0 鐨勮繎浼兼渶浣冲尮閰嶃€?
  鎵€鏈夐」鐩潎鏄渶鏂扮殑锛屾棤娉曡繕鍘熴€?
C:\MesIngest\Ticket11\run-wpf-ui-20260810-0405-v26-normalized\Source\mes\ingest\csharp\MesIngest.Watch.UiTests\MesIngest.Watch.UiTests.csproj : warning NU1801: 鏃犳硶鍔犺浇婧?https://api.nuget.org/v3/index.json 鐨勬湇鍔＄储寮曘€?
C:\MesIngest\Ticket11\run-wpf-ui-20260810-0405-v26-normalized\Source\mes\ingest\csharp\MesIngest.Watch.UiTests\MesIngest.Watch.UiTests.csproj : warning NU1801: 鏃犳硶鍔犺浇婧?https://api.nuget.org/v3/index.json 鐨勬湇鍔＄储寮曘€?
C:\MesIngest\Ticket11\run-wpf-ui-20260810-0405-v26-normalized\Source\mes\ingest\csharp\MesIngest.Watch.UiTests\MesIngest.Watch.UiTests.csproj : warning NU1801: 鏃犳硶鍔犺浇婧?https://api.nuget.org/v3/index.json 鐨勬湇鍔＄储寮曘€?
C:\MesIngest\Ticket11\run-wpf-ui-20260810-0405-v26-normalized\Source\mes\ingest\csharp\MesIngest.Watch.UiTests\MesIngest.Watch.UiTests.csproj : warning NU1801: 鏃犳硶鍔犺浇婧?https://api.nuget.org/v3/index.json 鐨勬湇鍔＄储寮曘€?
C:\MesIngest\Ticket11\run-wpf-ui-20260810-0405-v26-normalized\Source\mes\ingest\csharp\MesIngest.Watch.UiTests\MesIngest.Watch.UiTests.csproj : warning NU1801: 鏃犳硶鍔犺浇婧?https://api.nuget.org/v3/index.json 鐨勬湇鍔＄储寮曘€?
C:\MesIngest\Ticket11\run-wpf-ui-20260810-0405-v26-normalized\Source\mes\ingest\csharp\MesIngest.Watch.UiTests\MesIngest.Watch.UiTests.csproj : warning NU1603: Verify.XunitV3 31.16.1 渚濊禆浜?DiffEngine (>= 19.1.2)锛屼絾鎵句笉鍒?DiffEngine 19.1.2銆?宸茶В鍐?DiffEngine 19.1.3 鐨勮繎浼兼渶浣冲尮閰嶃€?
C:\MesIngest\Ticket11\run-wpf-ui-20260810-0405-v26-normalized\Source\mes\ingest\csharp\MesIngest.Watch.UiTests\MesIngest.Watch.UiTests.csproj : warning NU1603: xunit.v3.common 3.2.2 渚濊禆浜?Microsoft.Bcl.AsyncInterfaces (>= 6.0.0)锛屼絾鎵句笉鍒?Microsoft.Bcl.AsyncInterfaces 6.0.0銆?宸茶В鍐?Microsoft.Bcl.AsyncInterfaces 10.0.6 鐨勮繎浼兼渶浣冲尮閰嶃€?
C:\MesIngest\Ticket11\run-wpf-ui-20260810-0405-v26-normalized\Source\mes\ingest\csharp\MesIngest.Watch.UiTests\MesIngest.Watch.UiTests.csproj : warning NU1603: Microsoft.ApplicationInsights 2.23.0 渚濊禆浜?System.Diagnostics.DiagnosticSource (>= 5.0.0)锛屼絾鎵句笉鍒?System.Diagnostics.DiagnosticSource 5.0.0銆?宸茶В鍐?System.Diagnostics.DiagnosticSource 6.0.1 鐨勮繎浼兼渶浣冲尮閰嶃€?
C:\MesIngest\Ticket11\run-wpf-ui-20260810-0405-v26-normalized\Source\mes\ingest\csharp\MesIngest.Watch.UiTests\MesIngest.Watch.UiTests.csproj : warning NU1603: Azure.Identity 1.11.4 渚濊禆浜?System.Memory (>= 4.5.4)锛屼絾鎵句笉鍒?System.Memory 4.5.4銆?宸茶В鍐?System.Memory 4.6.0 鐨勮繎浼兼渶浣冲尮閰嶃€?
C:\MesIngest\Ticket11\run-wpf-ui-20260810-0405-v26-normalized\Source\mes\ingest\csharp\MesIngest.Watch.UiTests\MesIngest.Watch.UiTests.csproj : warning NU1603: Azure.Identity 1.11.4 渚濊禆浜?System.Security.Cryptography.ProtectedData (>= 4.7.0)锛屼絾鎵句笉鍒?System.Security.Cryptography.ProtectedData 4.7.0銆?宸茶В鍐?System.Security.Cryptography.ProtectedData 8.0.0 鐨勮繎浼兼渶浣冲尮閰嶃€?
C:\MesIngest\Ticket11\run-wpf-ui-20260810-0405-v26-normalized\Source\mes\ingest\csharp\MesIngest.Core\MesIngest.Core.csproj : warning NU1801: 鏃犳硶鍔犺浇婧?https://api.nuget.org/v3/index.json 鐨勬湇鍔＄储寮曘€?
C:\MesIngest\Ticket11\run-wpf-ui-20260810-0405-v26-normalized\Source\mes\ingest\csharp\MesIngest.Core\MesIngest.Core.csproj : warning NU1801: 鏃犳硶鍔犺浇婧?https://api.nuget.org/v3/index.json 鐨勬湇鍔＄储寮曘€?
C:\MesIngest\Ticket11\run-wpf-ui-20260810-0405-v26-normalized\Source\mes\ingest\csharp\MesIngest.Core\MesIngest.Core.csproj : warning NU1603: Azure.Identity 1.11.4 渚濊禆浜?System.Memory (>= 4.5.4)锛屼絾鎵句笉鍒?System.Memory 4.5.4銆?宸茶В鍐?System.Memory 4.6.0 鐨勮繎浼兼渶浣冲尮閰嶃€?
C:\MesIngest\Ticket11\run-wpf-ui-20260810-0405-v26-normalized\Source\mes\ingest\csharp\MesIngest.Core\MesIngest.Core.csproj : warning NU1603: Azure.Identity 1.11.4 渚濊禆浜?System.Security.Cryptography.ProtectedData (>= 4.7.0)锛屼絾鎵句笉鍒?System.Security.Cryptography.ProtectedData 4.7.0銆?宸茶В鍐?System.Security.Cryptography.ProtectedData 8.0.0 鐨勮繎浼兼渶浣冲尮閰嶃€?
C:\MesIngest\Ticket11\run-wpf-ui-20260810-0405-v26-normalized\Source\mes\ingest\csharp\MesIngest.Watch\MesIngest.Watch.csproj : warning NU1801: 鏃犳硶鍔犺浇婧?https://api.nuget.org/v3/index.json 鐨勬湇鍔＄储寮曘€?
C:\MesIngest\Ticket11\run-wpf-ui-20260810-0405-v26-normalized\Source\mes\ingest\csharp\MesIngest.Watch\MesIngest.Watch.csproj : warning NU1801: 鏃犳硶鍔犺浇婧?https://api.nuget.org/v3/index.json 鐨勬湇鍔＄储寮曘€?
C:\MesIngest\Ticket11\run-wpf-ui-20260810-0405-v26-normalized\Source\mes\ingest\csharp\MesIngest.Watch\MesIngest.Watch.csproj : warning NU1603: Azure.Identity 1.11.4 渚濊禆浜?System.Memory (>= 4.5.4)锛屼絾鎵句笉鍒?System.Memory 4.5.4銆?宸茶В鍐?System.Memory 4.6.0 鐨勮繎浼兼渶浣冲尮閰嶃€?
C:\MesIngest\Ticket11\run-wpf-ui-20260810-0405-v26-normalized\Source\mes\ingest\csharp\MesIngest.Watch\MesIngest.Watch.csproj : warning NU1603: Azure.Identity 1.11.4 渚濊禆浜?System.Security.Cryptography.ProtectedData (>= 4.7.0)锛屼絾鎵句笉鍒?System.Security.Cryptography.ProtectedData 4.7.0銆?宸茶В鍐?System.Security.Cryptography.ProtectedData 8.0.0 鐨勮繎浼兼渶浣冲尮閰嶃€?
xUnit.net v3 In-Process Runner v3.2.2+728c1dce01 (64-bit .NET 8.0.29)
  Discovering: MesIngest.Watch.UiTests
  Discovered:  MesIngest.Watch.UiTests
  Starting:    MesIngest.Watch.UiTests
  Finished:    MesIngest.Watch.UiTests (ID = '21393fcd2f516a01831d764045a412bb82c968bdde63c97f453ac53ba0c23067')
=== TEST EXECUTION SUMMARY ===
   MesIngest.Watch.UiTests  Total: 1, Errors: 0, Failed: 0, Skipped: 0, Not Run: 0, Time: 0.104s
WATCH_UI_ENVIRONMENT_OK: session=1 name=(not exported; validated by Explorer and OpenInputDesktop); suite=watch-xaml-visual; artifacts=C:\MesIngest\Ticket11\run-wpf-ui-20260810-0405-v26-normalized\Source\mes\ingest\csharp\TestResults\watch-ui\20260810-025034-049; running serial xUnit v3 UI tests.
C:\MesIngest\Ticket11\run-wpf-ui-20260810-0405-v26-normalized\Source\mes\ingest\csharp\MesIngest.Watch.UiTests\MesIngest.Watch.UiTests.csproj : warning NU1801: 鏃犳硶鍔犺浇婧?https://api.nuget.org/v3/index.json 鐨勬湇鍔＄储寮曘€?
C:\MesIngest\Ticket11\run-wpf-ui-20260810-0405-v26-normalized\Source\mes\ingest\csharp\MesIngest.Watch.UiTests\MesIngest.Watch.UiTests.csproj : warning NU1801: 鏃犳硶鍔犺浇婧?https://api.nuget.org/v3/index.json 鐨勬湇鍔＄储寮曘€?
C:\MesIngest\Ticket11\run-wpf-ui-20260810-0405-v26-normalized\Source\mes\ingest\csharp\MesIngest.Watch.UiTests\MesIngest.Watch.UiTests.csproj : warning NU1801: 鏃犳硶鍔犺浇婧?https://api.nuget.org/v3/index.json 鐨勬湇鍔＄储寮曘€?
C:\MesIngest\Ticket11\run-wpf-ui-20260810-0405-v26-normalized\Source\mes\ingest\csharp\MesIngest.Watch.UiTests\MesIngest.Watch.UiTests.csproj : warning NU1801: 鏃犳硶鍔犺浇婧?https://api.nuget.org/v3/index.json 鐨勬湇鍔＄储寮曘€?
C:\MesIngest\Ticket11\run-wpf-ui-20260810-0405-v26-normalized\Source\mes\ingest\csharp\MesIngest.Watch.UiTests\MesIngest.Watch.UiTests.csproj : warning NU1801: 鏃犳硶鍔犺浇婧?https://api.nuget.org/v3/index.json 鐨勬湇鍔＄储寮曘€?
C:\MesIngest\Ticket11\run-wpf-ui-20260810-0405-v26-normalized\Source\mes\ingest\csharp\MesIngest.Watch.UiTests\MesIngest.Watch.UiTests.csproj : warning NU1603: Verify.XunitV3 31.16.1 渚濊禆浜?DiffEngine (>= 19.1.2)锛屼絾鎵句笉鍒?DiffEngine 19.1.2銆?宸茶В鍐?DiffEngine 19.1.3 鐨勮繎浼兼渶浣冲尮閰嶃€?
C:\MesIngest\Ticket11\run-wpf-ui-20260810-0405-v26-normalized\Source\mes\ingest\csharp\MesIngest.Watch.UiTests\MesIngest.Watch.UiTests.csproj : warning NU1603: xunit.v3.common 3.2.2 渚濊禆浜?Microsoft.Bcl.AsyncInterfaces (>= 6.0.0)锛屼絾鎵句笉鍒?Microsoft.Bcl.AsyncInterfaces 6.0.0銆?宸茶В鍐?Microsoft.Bcl.AsyncInterfaces 10.0.6 鐨勮繎浼兼渶浣冲尮閰嶃€?
C:\MesIngest\Ticket11\run-wpf-ui-20260810-0405-v26-normalized\Source\mes\ingest\csharp\MesIngest.Watch.UiTests\MesIngest.Watch.UiTests.csproj : warning NU1603: Microsoft.ApplicationInsights 2.23.0 渚濊禆浜?System.Diagnostics.DiagnosticSource (>= 5.0.0)锛屼絾鎵句笉鍒?System.Diagnostics.DiagnosticSource 5.0.0銆?宸茶В鍐?System.Diagnostics.DiagnosticSource 6.0.1 鐨勮繎浼兼渶浣冲尮閰嶃€?
C:\MesIngest\Ticket11\run-wpf-ui-20260810-0405-v26-normalized\Source\mes\ingest\csharp\MesIngest.Watch.UiTests\MesIngest.Watch.UiTests.csproj : warning NU1603: Azure.Identity 1.11.4 渚濊禆浜?System.Memory (>= 4.5.4)锛屼絾鎵句笉鍒?System.Memory 4.5.4銆?宸茶В鍐?System.Memory 4.6.0 鐨勮繎浼兼渶浣冲尮閰嶃€?
C:\MesIngest\Ticket11\run-wpf-ui-20260810-0405-v26-normalized\Source\mes\ingest\csharp\MesIngest.Watch.UiTests\MesIngest.Watch.UiTests.csproj : warning NU1603: Azure.Identity 1.11.4 渚濊禆浜?System.Security.Cryptography.ProtectedData (>= 4.7.0)锛屼絾鎵句笉鍒?System.Security.Cryptography.ProtectedData 4.7.0銆?宸茶В鍐?System.Security.Cryptography.ProtectedData 8.0.0 鐨勮繎浼兼渶浣冲尮閰嶃€?
C:\MesIngest\Ticket11\run-wpf-ui-20260810-0405-v26-normalized\Source\mes\ingest\csharp\MesIngest.Core\MesIngest.Core.csproj : warning NU1801: 鏃犳硶鍔犺浇婧?https://api.nuget.org/v3/index.json 鐨勬湇鍔＄储寮曘€?
C:\MesIngest\Ticket11\run-wpf-ui-20260810-0405-v26-normalized\Source\mes\ingest\csharp\MesIngest.Core\MesIngest.Core.csproj : warning NU1801: 鏃犳硶鍔犺浇婧?https://api.nuget.org/v3/index.json 鐨勬湇鍔＄储寮曘€?
C:\MesIngest\Ticket11\run-wpf-ui-20260810-0405-v26-normalized\Source\mes\ingest\csharp\MesIngest.Core\MesIngest.Core.csproj : warning NU1603: Azure.Identity 1.11.4 渚濊禆浜?System.Memory (>= 4.5.4)锛屼絾鎵句笉鍒?System.Memory 4.5.4銆?宸茶В鍐?System.Memory 4.6.0 鐨勮繎浼兼渶浣冲尮閰嶃€?
C:\MesIngest\Ticket11\run-wpf-ui-20260810-0405-v26-normalized\Source\mes\ingest\csharp\MesIngest.Core\MesIngest.Core.csproj : warning NU1603: Azure.Identity 1.11.4 渚濊禆浜?System.Security.Cryptography.ProtectedData (>= 4.7.0)锛屼絾鎵句笉鍒?System.Security.Cryptography.ProtectedData 4.7.0銆?宸茶В鍐?System.Security.Cryptography.ProtectedData 8.0.0 鐨勮繎浼兼渶浣冲尮閰嶃€?
C:\MesIngest\Ticket11\run-wpf-ui-20260810-0405-v26-normalized\Source\mes\ingest\csharp\MesIngest.Watch\MesIngest.Watch.csproj : warning NU1801: 鏃犳硶鍔犺浇婧?https://api.nuget.org/v3/index.json 鐨勬湇鍔＄储寮曘€?
C:\MesIngest\Ticket11\run-wpf-ui-20260810-0405-v26-normalized\Source\mes\ingest\csharp\MesIngest.Watch\MesIngest.Watch.csproj : warning NU1801: 鏃犳硶鍔犺浇婧?https://api.nuget.org/v3/index.json 鐨勬湇鍔＄储寮曘€?
C:\MesIngest\Ticket11\run-wpf-ui-20260810-0405-v26-normalized\Source\mes\ingest\csharp\MesIngest.Watch\MesIngest.Watch.csproj : warning NU1603: Azure.Identity 1.11.4 渚濊禆浜?System.Memory (>= 4.5.4)锛屼絾鎵句笉鍒?System.Memory 4.5.4銆?宸茶В鍐?System.Memory 4.6.0 鐨勮繎浼兼渶浣冲尮閰嶃€?
C:\MesIngest\Ticket11\run-wpf-ui-20260810-0405-v26-normalized\Source\mes\ingest\csharp\MesIngest.Watch\MesIngest.Watch.csproj : warning NU1603: Azure.Identity 1.11.4 渚濊禆浜?System.Security.Cryptography.ProtectedData (>= 4.7.0)锛屼絾鎵句笉鍒?System.Security.Cryptography.ProtectedData 4.7.0銆?宸茶В鍐?System.Security.Cryptography.ProtectedData 8.0.0 鐨勮繎浼兼渶浣冲尮閰嶃€?
xUnit.net v3 In-Process Runner v3.2.2+728c1dce01 (64-bit .NET 8.0.29)
  Discovering: MesIngest.Watch.UiTests
  Discovered:  MesIngest.Watch.UiTests
  Starting:    MesIngest.Watch.UiTests
  Finished:    MesIngest.Watch.UiTests (ID = '21393fcd2f516a01831d764045a412bb82c968bdde63c97f453ac53ba0c23067')
=== TEST EXECUTION SUMMARY ===
   MesIngest.Watch.UiTests  Total: 20, Errors: 0, Failed: 0, Skipped: 0, Not Run: 0, Time: 27.478s
WATCH_UI_ALL_PASSED: suite=watch-xaml-visual artifacts=C:\MesIngest\Ticket11\run-wpf-ui-20260810-0405-v26-normalized\Source\mes\ingest\csharp\TestResults\watch-ui\20260810-025034-049
WATCH_XAML_STABILITY_RUN: 10/10
WATCH_XAML_STABLE: all approved baselines matched in 10 consecutive runs.
