relation_id	relation_type	left_candidate_id	right_candidate_id	left_batch_id	right_batch_id	left_source_record_id	right_source_record_id	semantic_score	trigram_dice	bigram_dice	identifier_jaccard	scope_relation	version_relation	shared_identifiers	review_action
REL-00001	exact-text-duplicate	R01-A0181	R01-A0793	R01	R01	R01-04	R01-05	1.0000	1.0000	1.0000	1.0000	same-scope	no-explicit-version-marker		review-together-never-auto-merge
REL-00002	exact-text-duplicate	R01-A0183	R01-A0795	R01	R01	R01-04	R01-05	1.0000	1.0000	1.0000	1.0000	same-scope	no-explicit-version-marker		review-together-never-auto-merge
REL-00003	exact-text-duplicate	R01-A0186	R01-A0547	R01	R01	R01-04	R01-05	1.0000	1.0000	1.0000	1.0000	same-scope	no-explicit-version-marker		review-together-never-auto-merge
REL-00004	exact-text-duplicate	R01-A0196	R01-A0817	R01	R01	R01-04	R01-05	1.0000	1.0000	1.0000	1.0000	same-scope	no-explicit-version-marker		review-together-never-auto-merge
REL-00005	exact-text-duplicate	R01-A0198	R02-A0902	R01	R02	R01-04	R02-22	1.0000	1.0000	1.0000	1.0000	compatible-domain-scope	no-explicit-version-marker		review-together-never-auto-merge
REL-00006	exact-text-duplicate	R01-A0202	R01-A0739	R01	R01	R01-04	R01-05	1.0000	1.0000	1.0000	1.0000	compatible-domain-scope	no-explicit-version-marker		review-together-never-auto-merge
REL-00007	exact-text-duplicate	R01-A0220	R01-A0241	R01	R01	R01-04	R01-04	1.0000	1.0000	1.0000	1.0000	compatible-domain-scope	no-explicit-version-marker	catalog/queries.md	review-together-never-auto-merge
REL-00008	exact-text-duplicate	R01-A0220	R01-A0250	R01	R01	R01-04	R01-04	1.0000	1.0000	1.0000	1.0000	compatible-domain-scope	no-explicit-version-marker	catalog/queries.md	review-together-never-auto-merge
REL-00009	exact-text-duplicate	R01-A0220	R01-A0265	R01	R01	R01-04	R01-04	1.0000	1.0000	1.0000	1.0000	same-scope	no-explicit-version-marker	catalog/queries.md	review-together-never-auto-merge
REL-00010	exact-text-duplicate	R01-A0269	R02-A0838	R01	R02	R01-04	R02-21	1.0000	1.0000	1.0000	1.0000	compatible-domain-scope	no-explicit-version-marker		review-together-never-auto-merge
REL-00011	exact-text-duplicate	R01-A0272	R02-A0841	R01	R02	R01-04	R02-21	1.0000	1.0000	1.0000	1.0000	compatible-domain-scope	no-explicit-version-marker		review-together-never-auto-merge
REL-00012	exact-text-duplicate	R01-A0379	R01-A0384	R01	R01	R01-05	R01-05	1.0000	1.0000	1.0000	1.0000	same-scope	no-explicit-version-marker	eqp/area	review-together-never-auto-merge
REL-00013	exact-text-duplicate	R01-A0381	R01-A0386	R01	R01	R01-05	R01-05	1.0000	1.0000	1.0000	1.0000	same-scope	no-explicit-version-marker		review-together-never-auto-merge
REL-00014	exact-text-duplicate	R01-A0389	R01-A0395	R01	R01	R01-05	R01-05	1.0000	1.0000	1.0000	1.0000	same-scope	no-explicit-version-marker	eqp/area	review-together-never-auto-merge
REL-00015	exact-text-duplicate	R01-A0392	R01-A0398	R01	R01	R01-05	R01-05	1.0000	1.0000	1.0000	1.0000	same-scope	no-explicit-version-marker		review-together-never-auto-merge
REL-00016	exact-text-duplicate	R01-A0432	R02-A0113	R01	R02	R01-05	R02-08	1.0000	1.0000	1.0000	1.0000	compatible-domain-scope	no-explicit-version-marker		review-together-never-auto-merge
REL-00017	exact-text-duplicate	R01-A0432	R02-A0880	R01	R02	R01-05	R02-21	1.0000	1.0000	1.0000	1.0000	compatible-domain-scope	no-explicit-version-marker		review-together-never-auto-merge
REL-00018	exact-text-duplicate	R01-A0479	R02-A0857	R01	R02	R01-05	R02-21	1.0000	1.0000	1.0000	1.0000	compatible-domain-scope	no-explicit-version-marker	mes_last_seen_at	review-together-never-auto-merge
REL-00019	exact-text-duplicate	R01-A0564	R02-A0875	R01	R02	R01-05	R02-21	1.0000	1.0000	1.0000	1.0000	compatible-domain-scope	no-explicit-version-marker		review-together-never-auto-merge
REL-00020	exact-text-duplicate	R01-A0704	R02-A0008	R01	R02	R01-05	R02-07	1.0000	1.0000	1.0000	1.0000	compatible-domain-scope	no-explicit-version-marker		review-together-never-auto-merge
REL-00021	exact-text-duplicate	R01-A0856	R01-A0862	R01	R01	R01-07	R01-08	1.0000	1.0000	1.0000	1.0000	compatible-domain-scope	no-explicit-version-marker	query.sql	review-together-never-auto-merge
REL-00022	exact-text-duplicate	R01-A0858	R01-A0864	R01	R01	R01-07	R01-08	1.0000	1.0000	1.0000	1.0000	different-domain-scope	no-explicit-version-marker		retain-separate-scope-and-review-link
REL-00023	exact-text-duplicate	R01-A0860	R01-A0866	R01	R01	R01-07	R01-08	1.0000	1.0000	1.0000	1.0000	different-domain-scope	no-explicit-version-marker		retain-separate-scope-and-review-link
REL-00024	exact-text-duplicate	R01-A0921	R01-A0923	R01	R01	R01-10	R01-10	1.0000	1.0000	1.0000	1.0000	same-scope	no-explicit-version-marker		review-together-never-auto-merge
REL-00025	exact-text-duplicate	R01-A0921	R01-A0926	R01	R01	R01-10	R01-10	1.0000	1.0000	1.0000	1.0000	same-scope	no-explicit-version-marker		review-together-never-auto-merge
REL-00026	exact-text-duplicate	R01-A0986	R01-A0987	R01	R01	R01-10	R01-10	1.0000	1.0000	1.0000	1.0000	same-scope	no-explicit-version-marker		review-together-never-auto-merge
REL-00027	exact-text-duplicate	R01-A0986	R01-A0988	R01	R01	R01-10	R01-10	1.0000	1.0000	1.0000	1.0000	same-scope	no-explicit-version-marker		review-together-never-auto-merge
REL-00028	exact-text-duplicate	R01-A0986	R01-A0989	R01	R01	R01-10	R01-10	1.0000	1.0000	1.0000	1.0000	same-scope	no-explicit-version-marker		review-together-never-auto-merge
REL-00029	exact-text-duplicate	R01-A1037	R01-A1981	R01	R01	R01-13	R01-14	1.0000	1.0000	1.0000	1.0000	same-scope	same-version-markers		review-together-never-auto-merge
REL-00030	exact-text-duplicate	R01-A1038	R01-A1982	R01	R01	R01-13	R01-14	1.0000	1.0000	1.0000	1.0000	same-scope	same-version-markers		review-together-never-auto-merge
REL-00031	exact-text-duplicate	R01-A1039	R01-A1983	R01	R01	R01-13	R01-14	1.0000	1.0000	1.0000	1.0000	same-scope	same-version-markers		review-together-never-auto-merge
REL-00032	exact-text-duplicate	R01-A1040	R01-A1984	R01	R01	R01-13	R01-14	1.0000	1.0000	1.0000	1.0000	same-scope	same-version-markers		review-together-never-auto-merge
REL-00033	exact-text-duplicate	R01-A1041	R01-A1985	R01	R01	R01-13	R01-14	1.0000	1.0000	1.0000	1.0000	same-scope	same-version-markers		review-together-never-auto-merge
REL-00034	exact-text-duplicate	R01-A1043	R01-A1987	R01	R01	R01-13	R01-14	1.0000	1.0000	1.0000	1.0000	same-scope	same-version-markers		review-together-never-auto-merge
REL-00035	exact-text-duplicate	R01-A1044	R01-A1988	R01	R01	R01-13	R01-14	1.0000	1.0000	1.0000	1.0000	same-scope	same-version-markers		review-together-never-auto-merge
REL-00036	exact-text-duplicate	R01-A1045	R01-A1989	R01	R01	R01-13	R01-14	1.0000	1.0000	1.0000	1.0000	same-scope	same-version-markers		review-together-never-auto-merge
REL-00037	exact-text-duplicate	R01-A1046	R01-A1990	R01	R01	R01-13	R01-14	1.0000	1.0000	1.0000	1.0000	same-scope	same-version-markers		review-together-never-auto-merge
REL-00038	exact-text-duplicate	R01-A1048	R01-A1992	R01	R01	R01-13	R01-14	1.0000	1.0000	1.0000	1.0000	same-scope	same-version-markers		review-together-never-auto-merge
REL-00039	exact-text-duplicate	R01-A1049	R01-A1993	R01	R01	R01-13	R01-14	1.0000	1.0000	1.0000	1.0000	same-scope	same-version-markers		review-together-never-auto-merge
REL-00040	exact-text-duplicate	R01-A1050	R01-A1994	R01	R01	R01-13	R01-14	1.0000	1.0000	1.0000	1.0000	same-scope	same-version-markers		review-together-never-auto-merge
REL-00041	exact-text-duplicate	R01-A1051	R01-A1995	R01	R01	R01-13	R01-14	1.0000	1.0000	1.0000	1.0000	same-scope	same-version-markers		review-together-never-auto-merge
REL-00042	exact-text-duplicate	R01-A1052	R01-A1996	R01	R01	R01-13	R01-14	1.0000	1.0000	1.0000	1.0000	same-scope	same-version-markers		review-together-never-auto-merge
REL-00043	exact-text-duplicate	R01-A1053	R01-A1997	R01	R01	R01-13	R01-14	1.0000	1.0000	1.0000	1.0000	same-scope	same-version-markers		review-together-never-auto-merge
REL-00044	exact-text-duplicate	R01-A1054	R01-A1998	R01	R01	R01-13	R01-14	1.0000	1.0000	1.0000	1.0000	same-scope	same-version-markers		review-together-never-auto-merge
REL-00045	exact-text-duplicate	R01-A1055	R01-A1999	R01	R01	R01-13	R01-14	1.0000	1.0000	1.0000	1.0000	same-scope	same-version-markers		review-together-never-auto-merge
REL-00046	exact-text-duplicate	R01-A1056	R01-A2000	R01	R01	R01-13	R01-14	1.0000	1.0000	1.0000	1.0000	same-scope	same-version-markers		review-together-never-auto-merge
REL-00047	exact-text-duplicate	R01-A1057	R01-A2001	R01	R01	R01-13	R01-14	1.0000	1.0000	1.0000	1.0000	same-scope	same-version-markers		review-together-never-auto-merge
REL-00048	exact-text-duplicate	R01-A1058	R01-A2002	R01	R01	R01-13	R01-14	1.0000	1.0000	1.0000	1.0000	same-scope	same-version-markers		review-together-never-auto-merge
REL-00049	exact-text-duplicate	R01-A1059	R01-A2003	R01	R01	R01-13	R01-14	1.0000	1.0000	1.0000	1.0000	same-scope	same-version-markers		review-together-never-auto-merge
REL-00050	exact-text-duplicate	R01-A1060	R01-A2004	R01	R01	R01-13	R01-14	1.0000	1.0000	1.0000	1.0000	same-scope	same-version-markers		review-together-never-auto-merge
REL-00051	exact-text-duplicate	R01-A1061	R01-A2005	R01	R01	R01-13	R01-14	1.0000	1.0000	1.0000	1.0000	same-scope	same-version-markers		review-together-never-auto-merge
REL-00052	exact-text-duplicate	R01-A1062	R01-A2006	R01	R01	R01-13	R01-14	1.0000	1.0000	1.0000	1.0000	same-scope	same-version-markers		review-together-never-auto-merge
REL-00053	exact-text-duplicate	R01-A1063	R01-A2007	R01	R01	R01-13	R01-14	1.0000	1.0000	1.0000	1.0000	same-scope	same-version-markers		review-together-never-auto-merge
REL-00054	exact-text-duplicate	R01-A1064	R01-A2008	R01	R01	R01-13	R01-14	1.0000	1.0000	1.0000	1.0000	same-scope	same-version-markers		review-together-never-auto-merge
REL-00055	exact-text-duplicate	R01-A1065	R01-A2009	R01	R01	R01-13	R01-14	1.0000	1.0000	1.0000	1.0000	same-scope	same-version-markers		review-together-never-auto-merge
REL-00056	exact-text-duplicate	R01-A1074	R01-A2018	R01	R01	R01-13	R01-14	1.0000	1.0000	1.0000	1.0000	same-scope	same-version-markers		review-together-never-auto-merge
REL-00057	exact-text-duplicate	R01-A1075	R01-A2019	R01	R01	R01-13	R01-14	1.0000	1.0000	1.0000	1.0000	same-scope	same-version-markers		review-together-never-auto-merge
REL-00058	exact-text-duplicate	R01-A1076	R01-A2020	R01	R01	R01-13	R01-14	1.0000	1.0000	1.0000	1.0000	same-scope	same-version-markers		review-together-never-auto-merge
REL-00059	exact-text-duplicate	R01-A1077	R01-A2021	R01	R01	R01-13	R01-14	1.0000	1.0000	1.0000	1.0000	same-scope	same-version-markers		review-together-never-auto-merge
REL-00060	exact-text-duplicate	R01-A1078	R01-A2022	R01	R01	R01-13	R01-14	1.0000	1.0000	1.0000	1.0000	same-scope	same-version-markers		review-together-never-auto-merge
REL-00061	exact-text-duplicate	R01-A1079	R01-A2023	R01	R01	R01-13	R01-14	1.0000	1.0000	1.0000	1.0000	same-scope	same-version-markers		review-together-never-auto-merge
REL-00062	exact-text-duplicate	R01-A1080	R01-A2025	R01	R01	R01-13	R01-14	1.0000	1.0000	1.0000	1.0000	same-scope	same-version-markers	rcs/riot	review-together-never-auto-merge
REL-00063	exact-text-duplicate	R01-A1081	R01-A2026	R01	R01	R01-13	R01-14	1.0000	1.0000	1.0000	1.0000	same-scope	same-version-markers		review-together-never-auto-merge
REL-00064	exact-text-duplicate	R01-A1083	R01-A2028	R01	R01	R01-13	R01-14	1.0000	1.0000	1.0000	1.0000	same-scope	same-version-markers		review-together-never-auto-merge
REL-00065	exact-text-duplicate	R01-A1084	R01-A2029	R01	R01	R01-13	R01-14	1.0000	1.0000	1.0000	1.0000	same-scope	same-version-markers		review-together-never-auto-merge
REL-00066	exact-text-duplicate	R01-A1087	R01-A2031	R01	R01	R01-13	R01-14	1.0000	1.0000	1.0000	1.0000	same-scope	same-version-markers		review-together-never-auto-merge
REL-00067	exact-text-duplicate	R01-A1088	R01-A2032	R01	R01	R01-13	R01-14	1.0000	1.0000	1.0000	1.0000	same-scope	same-version-markers		review-together-never-auto-merge
REL-00068	exact-text-duplicate	R01-A1089	R01-A2033	R01	R01	R01-13	R01-14	1.0000	1.0000	1.0000	1.0000	same-scope	same-version-markers		review-together-never-auto-merge
REL-00069	exact-text-duplicate	R01-A1090	R01-A2034	R01	R01	R01-13	R01-14	1.0000	1.0000	1.0000	1.0000	same-scope	same-version-markers	rcs/riot	review-together-never-auto-merge
REL-00070	exact-text-duplicate	R01-A1091	R01-A2035	R01	R01	R01-13	R01-14	1.0000	1.0000	1.0000	1.0000	same-scope	same-version-markers		review-together-never-auto-merge
REL-00071	exact-text-duplicate	R01-A1092	R01-A2036	R01	R01	R01-13	R01-14	1.0000	1.0000	1.0000	1.0000	same-scope	same-version-markers		review-together-never-auto-merge
REL-00072	exact-text-duplicate	R01-A1093	R01-A2037	R01	R01	R01-13	R01-14	1.0000	1.0000	1.0000	1.0000	same-scope	same-version-markers		review-together-never-auto-merge
REL-00073	exact-text-duplicate	R01-A1094	R01-A2038	R01	R01	R01-13	R01-14	1.0000	1.0000	1.0000	1.0000	same-scope	same-version-markers		review-together-never-auto-merge
REL-00074	exact-text-duplicate	R01-A1095	R01-A2039	R01	R01	R01-13	R01-14	1.0000	1.0000	1.0000	1.0000	same-scope	same-version-markers		review-together-never-auto-merge
REL-00075	exact-text-duplicate	R01-A1096	R01-A2040	R01	R01	R01-13	R01-14	1.0000	1.0000	1.0000	1.0000	same-scope	same-version-markers		review-together-never-auto-merge
REL-00076	exact-text-duplicate	R01-A1097	R01-A2041	R01	R01	R01-13	R01-14	1.0000	1.0000	1.0000	1.0000	same-scope	same-version-markers		review-together-never-auto-merge
REL-00077	exact-text-duplicate	R01-A1104	R01-A2047	R01	R01	R01-13	R01-14	1.0000	1.0000	1.0000	1.0000	same-scope	same-version-markers		review-together-never-auto-merge
REL-00078	exact-text-duplicate	R01-A1105	R01-A2048	R01	R01	R01-13	R01-14	1.0000	1.0000	1.0000	1.0000	same-scope	same-version-markers		review-together-never-auto-merge
REL-00079	exact-text-duplicate	R01-A1118	R01-A2060	R01	R01	R01-13	R01-14	1.0000	1.0000	1.0000	1.0000	same-scope	same-version-markers		review-together-never-auto-merge
REL-00080	exact-text-duplicate	R01-A1119	R01-A2061	R01	R01	R01-13	R01-14	1.0000	1.0000	1.0000	1.0000	same-scope	same-version-markers	r-03,r-05	review-together-never-auto-merge
REL-00081	exact-text-duplicate	R01-A1120	R01-A2062	R01	R01	R01-13	R01-14	1.0000	1.0000	1.0000	1.0000	same-scope	same-version-markers		review-together-never-auto-merge
REL-00082	exact-text-duplicate	R01-A1123	R01-A2065	R01	R01	R01-13	R01-14	1.0000	1.0000	1.0000	1.0000	same-scope	same-version-markers		review-together-never-auto-merge
REL-00083	exact-text-duplicate	R01-A1127	R01-A2068	R01	R01	R01-13	R01-14	1.0000	1.0000	1.0000	1.0000	same-scope	same-version-markers		review-together-never-auto-merge
REL-00084	exact-text-duplicate	R01-A1129	R01-A2070	R01	R01	R01-13	R01-14	1.0000	1.0000	1.0000	1.0000	same-scope	same-version-markers		review-together-never-auto-merge
REL-00085	exact-text-duplicate	R01-A1131	R01-A2072	R01	R01	R01-13	R01-14	1.0000	1.0000	1.0000	1.0000	same-scope	same-version-markers		review-together-never-auto-merge
REL-00086	exact-text-duplicate	R01-A1132	R01-A2073	R01	R01	R01-13	R01-14	1.0000	1.0000	1.0000	1.0000	same-scope	same-version-markers		review-together-never-auto-merge
REL-00087	exact-text-duplicate	R01-A1133	R01-A2074	R01	R01	R01-13	R01-14	1.0000	1.0000	1.0000	1.0000	same-scope	same-version-markers	r-11/r-12/r-13	review-together-never-auto-merge
REL-00088	exact-text-duplicate	R01-A1134	R01-A2075	R01	R01	R01-13	R01-14	1.0000	1.0000	1.0000	1.0000	same-scope	same-version-markers		review-together-never-auto-merge
REL-00089	exact-text-duplicate	R01-A1138	R03-A0100	R01	R03	R01-13	R03-01	1.0000	1.0000	1.0000	1.0000	compatible-domain-scope	different-version-or-scope-markers		retain-separate-version-scope-and-review-link
REL-00090	exact-text-duplicate	R01-A1138	R08-A0670	R01	R08	R01-13	R08-40	1.0000	1.0000	1.0000	1.0000	different-domain-scope	different-version-or-scope-markers		retain-separate-version-scope-and-review-link
REL-00091	exact-text-duplicate	R01-A1142	R01-A2076	R01	R01	R01-13	R01-14	1.0000	1.0000	1.0000	1.0000	same-scope	same-version-markers	r-12,r-15	review-together-never-auto-merge
REL-00092	exact-text-duplicate	R01-A1143	R01-A2077	R01	R01	R01-13	R01-14	1.0000	1.0000	1.0000	1.0000	same-scope	same-version-markers		review-together-never-auto-merge
REL-00093	exact-text-duplicate	R01-A1144	R01-A2078	R01	R01	R01-13	R01-14	1.0000	1.0000	1.0000	1.0000	same-scope	same-version-markers		review-together-never-auto-merge
REL-00094	exact-text-duplicate	R01-A1145	R01-A2079	R01	R01	R01-13	R01-14	1.0000	1.0000	1.0000	1.0000	same-scope	same-version-markers		review-together-never-auto-merge
REL-00095	exact-text-duplicate	R01-A1146	R01-A2080	R01	R01	R01-13	R01-14	1.0000	1.0000	1.0000	1.0000	same-scope	same-version-markers		review-together-never-auto-merge
REL-00096	exact-text-duplicate	R01-A1147	R01-A2081	R01	R01	R01-13	R01-14	1.0000	1.0000	1.0000	1.0000	same-scope	same-version-markers		review-together-never-auto-merge
REL-00097	exact-text-duplicate	R01-A1148	R01-A2082	R01	R01	R01-13	R01-14	1.0000	1.0000	1.0000	1.0000	same-scope	same-version-markers		review-together-never-auto-merge
REL-00098	exact-text-duplicate	R01-A1149	R01-A2083	R01	R01	R01-13	R01-14	1.0000	1.0000	1.0000	1.0000	same-scope	same-version-markers		review-together-never-auto-merge
REL-00099	exact-text-duplicate	R01-A1150	R01-A2084	R01	R01	R01-13	R01-14	1.0000	1.0000	1.0000	1.0000	same-scope	same-version-markers		review-together-never-auto-merge
REL-00100	exact-text-duplicate	R01-A1153	R01-A2085	R01	R01	R01-13	R01-14	1.0000	1.0000	1.0000	1.0000	same-scope	same-version-markers		review-together-never-auto-merge
REL-00101	exact-text-duplicate	R01-A1154	R01-A2086	R01	R01	R01-13	R01-14	1.0000	1.0000	1.0000	1.0000	same-scope	same-version-markers		review-together-never-auto-merge
REL-00102	exact-text-duplicate	R01-A1155	R01-A2087	R01	R01	R01-13	R01-14	1.0000	1.0000	1.0000	1.0000	same-scope	same-version-markers		review-together-never-auto-merge
REL-00103	exact-text-duplicate	R01-A1156	R01-A2088	R01	R01	R01-13	R01-14	1.0000	1.0000	1.0000	1.0000	same-scope	same-version-markers		review-together-never-auto-merge
REL-00104	exact-text-duplicate	R01-A1157	R01-A2089	R01	R01	R01-13	R01-14	1.0000	1.0000	1.0000	1.0000	same-scope	same-version-markers		review-together-never-auto-merge
REL-00105	exact-text-duplicate	R01-A1158	R01-A2090	R01	R01	R01-13	R01-14	1.0000	1.0000	1.0000	1.0000	same-scope	same-version-markers		review-together-never-auto-merge
REL-00106	exact-text-duplicate	R01-A1159	R01-A2091	R01	R01	R01-13	R01-14	1.0000	1.0000	1.0000	1.0000	same-scope	same-version-markers		review-together-never-auto-merge
REL-00107	exact-text-duplicate	R01-A1160	R01-A2092	R01	R01	R01-13	R01-14	1.0000	1.0000	1.0000	1.0000	same-scope	same-version-markers		review-together-never-auto-merge
REL-00108	exact-text-duplicate	R01-A1161	R01-A2093	R01	R01	R01-13	R01-14	1.0000	1.0000	1.0000	1.0000	same-scope	same-version-markers		review-together-never-auto-merge
REL-00109	exact-text-duplicate	R01-A1162	R01-A2094	R01	R01	R01-13	R01-14	1.0000	1.0000	1.0000	1.0000	same-scope	same-version-markers		review-together-never-auto-merge
REL-00110	exact-text-duplicate	R01-A1163	R01-A2095	R01	R01	R01-13	R01-14	1.0000	1.0000	1.0000	1.0000	same-scope	same-version-markers		review-together-never-auto-merge
REL-00111	exact-text-duplicate	R01-A1164	R01-A2096	R01	R01	R01-13	R01-14	1.0000	1.0000	1.0000	1.0000	same-scope	same-version-markers		review-together-never-auto-merge
REL-00112	exact-text-duplicate	R01-A1165	R01-A2097	R01	R01	R01-13	R01-14	1.0000	1.0000	1.0000	1.0000	same-scope	same-version-markers		review-together-never-auto-merge
REL-00113	exact-text-duplicate	R01-A1166	R01-A2098	R01	R01	R01-13	R01-14	1.0000	1.0000	1.0000	1.0000	same-scope	same-version-markers		review-together-never-auto-merge
REL-00114	exact-text-duplicate	R01-A1167	R01-A2099	R01	R01	R01-13	R01-14	1.0000	1.0000	1.0000	1.0000	same-scope	same-version-markers		review-together-never-auto-merge
REL-00115	exact-text-duplicate	R01-A1168	R01-A2100	R01	R01	R01-13	R01-14	1.0000	1.0000	1.0000	1.0000	same-scope	same-version-markers		review-together-never-auto-merge
REL-00116	exact-text-duplicate	R01-A1169	R01-A2101	R01	R01	R01-13	R01-14	1.0000	1.0000	1.0000	1.0000	same-scope	same-version-markers		review-together-never-auto-merge
REL-00117	exact-text-duplicate	R01-A1170	R01-A2102	R01	R01	R01-13	R01-14	1.0000	1.0000	1.0000	1.0000	same-scope	same-version-markers		review-together-never-auto-merge
REL-00118	exact-text-duplicate	R01-A1171	R01-A2103	R01	R01	R01-13	R01-14	1.0000	1.0000	1.0000	1.0000	same-scope	same-version-markers		review-together-never-auto-merge
REL-00119	exact-text-duplicate	R01-A1172	R01-A2104	R01	R01	R01-13	R01-14	1.0000	1.0000	1.0000	1.0000	same-scope	same-version-markers		review-together-never-auto-merge
REL-00120	exact-text-duplicate	R01-A1173	R01-A2105	R01	R01	R01-13	R01-14	1.0000	1.0000	1.0000	1.0000	same-scope	same-version-markers		review-together-never-auto-merge
REL-00121	exact-text-duplicate	R01-A1174	R01-A2106	R01	R01	R01-13	R01-14	1.0000	1.0000	1.0000	1.0000	same-scope	same-version-markers		review-together-never-auto-merge
REL-00122	exact-text-duplicate	R01-A1175	R01-A2107	R01	R01	R01-13	R01-14	1.0000	1.0000	1.0000	1.0000	same-scope	same-version-markers		review-together-never-auto-merge
REL-00123	exact-text-duplicate	R01-A1176	R01-A2108	R01	R01	R01-13	R01-14	1.0000	1.0000	1.0000	1.0000	same-scope	same-version-markers		review-together-never-auto-merge
REL-00124	exact-text-duplicate	R01-A1177	R01-A2109	R01	R01	R01-13	R01-14	1.0000	1.0000	1.0000	1.0000	same-scope	same-version-markers		review-together-never-auto-merge
REL-00125	exact-text-duplicate	R01-A1178	R01-A2110	R01	R01	R01-13	R01-14	1.0000	1.0000	1.0000	1.0000	same-scope	same-version-markers		review-together-never-auto-merge
REL-00126	exact-text-duplicate	R01-A1179	R01-A2111	R01	R01	R01-13	R01-14	1.0000	1.0000	1.0000	1.0000	same-scope	same-version-markers		review-together-never-auto-merge
REL-00127	exact-text-duplicate	R01-A1180	R01-A2112	R01	R01	R01-13	R01-14	1.0000	1.0000	1.0000	1.0000	same-scope	same-version-markers		review-together-never-auto-merge
REL-00128	exact-text-duplicate	R01-A1181	R01-A2113	R01	R01	R01-13	R01-14	1.0000	1.0000	1.0000	1.0000	same-scope	same-version-markers		review-together-never-auto-merge
REL-00129	exact-text-duplicate	R01-A1182	R01-A2114	R01	R01	R01-13	R01-14	1.0000	1.0000	1.0000	1.0000	same-scope	same-version-markers		review-together-never-auto-merge
REL-00130	exact-text-duplicate	R01-A1183	R01-A2115	R01	R01	R01-13	R01-14	1.0000	1.0000	1.0000	1.0000	same-scope	same-version-markers		review-together-never-auto-merge
REL-00131	exact-text-duplicate	R01-A1184	R01-A2116	R01	R01	R01-13	R01-14	1.0000	1.0000	1.0000	1.0000	same-scope	same-version-markers		review-together-never-auto-merge
REL-00132	exact-text-duplicate	R01-A1185	R01-A2117	R01	R01	R01-13	R01-14	1.0000	1.0000	1.0000	1.0000	same-scope	same-version-markers		review-together-never-auto-merge
REL-00133	exact-text-duplicate	R01-A1186	R01-A2118	R01	R01	R01-13	R01-14	1.0000	1.0000	1.0000	1.0000	same-scope	same-version-markers		review-together-never-auto-merge
REL-00134	exact-text-duplicate	R01-A1187	R01-A2119	R01	R01	R01-13	R01-14	1.0000	1.0000	1.0000	1.0000	same-scope	same-version-markers		review-together-never-auto-merge
REL-00135	exact-text-duplicate	R01-A1188	R01-A2120	R01	R01	R01-13	R01-14	1.0000	1.0000	1.0000	1.0000	same-scope	same-version-markers		review-together-never-auto-merge
REL-00136	exact-text-duplicate	R01-A1189	R01-A2121	R01	R01	R01-13	R01-14	1.0000	1.0000	1.0000	1.0000	same-scope	same-version-markers		review-together-never-auto-merge
REL-00137	exact-text-duplicate	R01-A1190	R01-A2122	R01	R01	R01-13	R01-14	1.0000	1.0000	1.0000	1.0000	same-scope	same-version-markers		review-together-never-auto-merge
REL-00138	exact-text-duplicate	R01-A1191	R01-A2123	R01	R01	R01-13	R01-14	1.0000	1.0000	1.0000	1.0000	same-scope	same-version-markers		review-together-never-auto-merge
REL-00139	exact-text-duplicate	R01-A1192	R01-A2124	R01	R01	R01-13	R01-14	1.0000	1.0000	1.0000	1.0000	same-scope	same-version-markers		review-together-never-auto-merge
REL-00140	exact-text-duplicate	R01-A1193	R01-A2125	R01	R01	R01-13	R01-14	1.0000	1.0000	1.0000	1.0000	same-scope	same-version-markers		review-together-never-auto-merge
REL-00141	exact-text-duplicate	R01-A1194	R01-A2126	R01	R01	R01-13	R01-14	1.0000	1.0000	1.0000	1.0000	same-scope	same-version-markers		review-together-never-auto-merge
REL-00142	exact-text-duplicate	R01-A1196	R01-A2128	R01	R01	R01-13	R01-14	1.0000	1.0000	1.0000	1.0000	same-scope	same-version-markers		review-together-never-auto-merge
REL-00143	exact-text-duplicate	R01-A1197	R01-A2129	R01	R01	R01-13	R01-14	1.0000	1.0000	1.0000	1.0000	same-scope	same-version-markers		review-together-never-auto-merge
REL-00144	exact-text-duplicate	R01-A1198	R01-A2130	R01	R01	R01-13	R01-14	1.0000	1.0000	1.0000	1.0000	same-scope	same-version-markers		review-together-never-auto-merge
REL-00145	exact-text-duplicate	R01-A1204	R01-A2136	R01	R01	R01-13	R01-14	1.0000	1.0000	1.0000	1.0000	same-scope	same-version-markers		review-together-never-auto-merge
REL-00146	exact-text-duplicate	R01-A1205	R01-A2137	R01	R01	R01-13	R01-14	1.0000	1.0000	1.0000	1.0000	same-scope	same-version-markers		review-together-never-auto-merge
REL-00147	exact-text-duplicate	R01-A1206	R01-A2138	R01	R01	R01-13	R01-14	1.0000	1.0000	1.0000	1.0000	same-scope	same-version-markers		review-together-never-auto-merge
REL-00148	exact-text-duplicate	R01-A1207	R01-A2139	R01	R01	R01-13	R01-14	1.0000	1.0000	1.0000	1.0000	same-scope	same-version-markers		review-together-never-auto-merge
REL-00149	exact-text-duplicate	R01-A1208	R01-A2140	R01	R01	R01-13	R01-14	1.0000	1.0000	1.0000	1.0000	same-scope	same-version-markers	br-001	review-together-never-auto-merge
REL-00150	exact-text-duplicate	R01-A1209	R01-A2141	R01	R01	R01-13	R01-14	1.0000	1.0000	1.0000	1.0000	same-scope	same-version-markers		review-together-never-auto-merge
REL-00151	exact-text-duplicate	R01-A1210	R01-A2142	R01	R01	R01-13	R01-14	1.0000	1.0000	1.0000	1.0000	same-scope	same-version-markers		review-together-never-auto-merge
REL-00152	exact-text-duplicate	R01-A1212	R01-A1236	R01	R01	R01-13	R01-13	1.0000	1.0000	1.0000	1.0000	same-scope	same-version-markers		review-together-never-auto-merge
REL-00153	exact-text-duplicate	R01-A1212	R01-A1248	R01	R01	R01-13	R01-13	1.0000	1.0000	1.0000	1.0000	same-scope	same-version-markers		review-together-never-auto-merge
REL-00154	exact-text-duplicate	R01-A1212	R01-A1263	R01	R01	R01-13	R01-13	1.0000	1.0000	1.0000	1.0000	same-scope	same-version-markers		review-together-never-auto-merge
REL-00155	exact-text-duplicate	R01-A1212	R01-A1287	R01	R01	R01-13	R01-13	1.0000	1.0000	1.0000	1.0000	same-scope	same-version-markers		review-together-never-auto-merge
REL-00156	exact-text-duplicate	R01-A1212	R01-A1304	R01	R01	R01-13	R01-13	1.0000	1.0000	1.0000	1.0000	same-scope	same-version-markers		review-together-never-auto-merge
REL-00157	exact-text-duplicate	R01-A1212	R01-A1324	R01	R01	R01-13	R01-13	1.0000	1.0000	1.0000	1.0000	same-scope	same-version-markers		review-together-never-auto-merge
REL-00158	exact-text-duplicate	R01-A1212	R01-A1344	R01	R01	R01-13	R01-13	1.0000	1.0000	1.0000	1.0000	same-scope	same-version-markers		review-together-never-auto-merge
REL-00159	exact-text-duplicate	R01-A1212	R01-A1362	R01	R01	R01-13	R01-13	1.0000	1.0000	1.0000	1.0000	same-scope	same-version-markers		review-together-never-auto-merge
REL-00160	exact-text-duplicate	R01-A1212	R01-A1374	R01	R01	R01-13	R01-13	1.0000	1.0000	1.0000	1.0000	same-scope	same-version-markers		review-together-never-auto-merge
REL-00161	exact-text-duplicate	R01-A1212	R01-A1388	R01	R01	R01-13	R01-13	1.0000	1.0000	1.0000	1.0000	same-scope	same-version-markers		review-together-never-auto-merge
REL-00162	exact-text-duplicate	R01-A1212	R01-A1403	R01	R01	R01-13	R01-13	1.0000	1.0000	1.0000	1.0000	same-scope	same-version-markers		review-together-never-auto-merge
REL-00163	exact-text-duplicate	R01-A1212	R01-A1415	R01	R01	R01-13	R01-13	1.0000	1.0000	1.0000	1.0000	same-scope	same-version-markers		review-together-never-auto-merge
REL-00164	exact-text-duplicate	R01-A1212	R01-A1427	R01	R01	R01-13	R01-13	1.0000	1.0000	1.0000	1.0000	same-scope	same-version-markers		review-together-never-auto-merge
REL-00165	exact-text-duplicate	R01-A1212	R01-A1437	R01	R01	R01-13	R01-13	1.0000	1.0000	1.0000	1.0000	same-scope	same-version-markers		review-together-never-auto-merge
REL-00166	exact-text-duplicate	R01-A1212	R01-A1448	R01	R01	R01-13	R01-13	1.0000	1.0000	1.0000	1.0000	same-scope	same-version-markers		review-together-never-auto-merge
REL-00167	exact-text-duplicate	R01-A1212	R01-A1463	R01	R01	R01-13	R01-13	1.0000	1.0000	1.0000	1.0000	same-scope	same-version-markers		review-together-never-auto-merge
REL-00168	exact-text-duplicate	R01-A1212	R01-A1477	R01	R01	R01-13	R01-13	1.0000	1.0000	1.0000	1.0000	same-scope	same-version-markers		review-together-never-auto-merge
REL-00169	exact-text-duplicate	R01-A1212	R01-A1492	R01	R01	R01-13	R01-13	1.0000	1.0000	1.0000	1.0000	same-scope	same-version-markers		review-together-never-auto-merge
REL-00170	exact-text-duplicate	R01-A1212	R01-A1505	R01	R01	R01-13	R01-13	1.0000	1.0000	1.0000	1.0000	same-scope	same-version-markers		review-together-never-auto-merge
REL-00171	exact-text-duplicate	R01-A1212	R01-A1515	R01	R01	R01-13	R01-13	1.0000	1.0000	1.0000	1.0000	same-scope	same-version-markers		review-together-never-auto-merge
REL-00172	exact-text-duplicate	R01-A1212	R01-A1525	R01	R01	R01-13	R01-13	1.0000	1.0000	1.0000	1.0000	same-scope	same-version-markers		review-together-never-auto-merge
REL-00173	exact-text-duplicate	R01-A1212	R01-A1539	R01	R01	R01-13	R01-13	1.0000	1.0000	1.0000	1.0000	compatible-domain-scope	same-version-markers		review-together-never-auto-merge
REL-00174	exact-text-duplicate	R01-A1212	R01-A1563	R01	R01	R01-13	R01-13	1.0000	1.0000	1.0000	1.0000	same-scope	same-version-markers		review-together-never-auto-merge
REL-00175	exact-text-duplicate	R01-A1212	R01-A1581	R01	R01	R01-13	R01-13	1.0000	1.0000	1.0000	1.0000	same-scope	same-version-markers		review-together-never-auto-merge
REL-00176	exact-text-duplicate	R01-A1212	R01-A1592	R01	R01	R01-13	R01-13	1.0000	1.0000	1.0000	1.0000	same-scope	same-version-markers		review-together-never-auto-merge
REL-00177	exact-text-duplicate	R01-A1212	R01-A1611	R01	R01	R01-13	R01-13	1.0000	1.0000	1.0000	1.0000	same-scope	same-version-markers		review-together-never-auto-merge
REL-00178	exact-text-duplicate	R01-A1212	R01-A1629	R01	R01	R01-13	R01-13	1.0000	1.0000	1.0000	1.0000	same-scope	same-version-markers		review-together-never-auto-merge
REL-00179	exact-text-duplicate	R01-A1212	R01-A1644	R01	R01	R01-13	R01-13	1.0000	1.0000	1.0000	1.0000	same-scope	same-version-markers		review-together-never-auto-merge
REL-00180	exact-text-duplicate	R01-A1212	R01-A1659	R01	R01	R01-13	R01-13	1.0000	1.0000	1.0000	1.0000	same-scope	same-version-markers		review-together-never-auto-merge
REL-00181	exact-text-duplicate	R01-A1212	R01-A1677	R01	R01	R01-13	R01-13	1.0000	1.0000	1.0000	1.0000	same-scope	same-version-markers		review-together-never-auto-merge
REL-00182	exact-text-duplicate	R01-A1212	R01-A1693	R01	R01	R01-13	R01-13	1.0000	1.0000	1.0000	1.0000	same-scope	same-version-markers		review-together-never-auto-merge
REL-00183	exact-text-duplicate	R01-A1212	R01-A1708	R01	R01	R01-13	R01-13	1.0000	1.0000	1.0000	1.0000	same-scope	same-version-markers		review-together-never-auto-merge
REL-00184	exact-text-duplicate	R01-A1212	R01-A1721	R01	R01	R01-13	R01-13	1.0000	1.0000	1.0000	1.0000	same-scope	same-version-markers		review-together-never-auto-merge
REL-00185	exact-text-duplicate	R01-A1212	R01-A1733	R01	R01	R01-13	R01-13	1.0000	1.0000	1.0000	1.0000	same-scope	same-version-markers		review-together-never-auto-merge
REL-00186	exact-text-duplicate	R01-A1212	R01-A1746	R01	R01	R01-13	R01-13	1.0000	1.0000	1.0000	1.0000	same-scope	same-version-markers		review-together-never-auto-merge
REL-00187	exact-text-duplicate	R01-A1212	R01-A1763	R01	R01	R01-13	R01-13	1.0000	1.0000	1.0000	1.0000	same-scope	same-version-markers		review-together-never-auto-merge
REL-00188	exact-text-duplicate	R01-A1212	R01-A1776	R01	R01	R01-13	R01-13	1.0000	1.0000	1.0000	1.0000	same-scope	same-version-markers		review-together-never-auto-merge
REL-00189	exact-text-duplicate	R01-A1212	R01-A1789	R01	R01	R01-13	R01-13	1.0000	1.0000	1.0000	1.0000	same-scope	same-version-markers		review-together-never-auto-merge
REL-00190	exact-text-duplicate	R01-A1212	R01-A1805	R01	R01	R01-13	R01-13	1.0000	1.0000	1.0000	1.0000	same-scope	same-version-markers		review-together-never-auto-merge
REL-00191	exact-text-duplicate	R01-A1212	R01-A1817	R01	R01	R01-13	R01-13	1.0000	1.0000	1.0000	1.0000	same-scope	same-version-markers		review-together-never-auto-merge
REL-00192	exact-text-duplicate	R01-A1212	R01-A1829	R01	R01	R01-13	R01-13	1.0000	1.0000	1.0000	1.0000	same-scope	same-version-markers		review-together-never-auto-merge
REL-00193	exact-text-duplicate	R01-A1212	R01-A1841	R01	R01	R01-13	R01-13	1.0000	1.0000	1.0000	1.0000	same-scope	same-version-markers		review-together-never-auto-merge
REL-00194	exact-text-duplicate	R01-A1212	R01-A1857	R01	R01	R01-13	R01-13	1.0000	1.0000	1.0000	1.0000	same-scope	same-version-markers		review-together-never-auto-merge
REL-00195	exact-text-duplicate	R01-A1212	R01-A1871	R01	R01	R01-13	R01-13	1.0000	1.0000	1.0000	1.0000	same-scope	same-version-markers		review-together-never-auto-merge
REL-00196	exact-text-duplicate	R01-A1213	R01-A2145	R01	R01	R01-13	R01-14	1.0000	1.0000	1.0000	1.0000	same-scope	same-version-markers		review-together-never-auto-merge
REL-00197	exact-text-duplicate	R01-A1214	R01-A2146	R01	R01	R01-13	R01-14	1.0000	1.0000	1.0000	1.0000	same-scope	same-version-markers		review-together-never-auto-merge
REL-00198	exact-text-duplicate	R01-A1215	R01-A2147	R01	R01	R01-13	R01-14	1.0000	1.0000	1.0000	1.0000	same-scope	same-version-markers		review-together-never-auto-merge
REL-00199	exact-text-duplicate	R01-A1216	R01-A2148	R01	R01	R01-13	R01-14	1.0000	1.0000	1.0000	1.0000	same-scope	same-version-markers		review-together-never-auto-merge
REL-00200	exact-text-duplicate	R01-A1217	R01-A2149	R01	R01	R01-13	R01-14	1.0000	1.0000	1.0000	1.0000	same-scope	same-version-markers		review-together-never-auto-merge
REL-00201	exact-text-duplicate	R01-A1218	R01-A2150	R01	R01	R01-13	R01-14	1.0000	1.0000	1.0000	1.0000	same-scope	same-version-markers		review-together-never-auto-merge
REL-00202	exact-text-duplicate	R01-A1219	R01-A2151	R01	R01	R01-13	R01-14	1.0000	1.0000	1.0000	1.0000	same-scope	same-version-markers		review-together-never-auto-merge
REL-00203	exact-text-duplicate	R01-A1222	R01-A2155	R01	R01	R01-13	R01-14	1.0000	1.0000	1.0000	1.0000	same-scope	same-version-markers		review-together-never-auto-merge
REL-00204	exact-text-duplicate	R01-A1223	R01-A1243	R01	R01	R01-13	R01-13	1.0000	1.0000	1.0000	1.0000	same-scope	same-version-markers		review-together-never-auto-merge
REL-00205	exact-text-duplicate	R01-A1223	R01-A1276	R01	R01	R01-13	R01-13	1.0000	1.0000	1.0000	1.0000	same-scope	same-version-markers		review-together-never-auto-merge
REL-00206	exact-text-duplicate	R01-A1223	R01-A1296	R01	R01	R01-13	R01-13	1.0000	1.0000	1.0000	1.0000	same-scope	same-version-markers		review-together-never-auto-merge
REL-00207	exact-text-duplicate	R01-A1223	R01-A1313	R01	R01	R01-13	R01-13	1.0000	1.0000	1.0000	1.0000	same-scope	same-version-markers		review-together-never-auto-merge
REL-00208	exact-text-duplicate	R01-A1223	R01-A1333	R01	R01	R01-13	R01-13	1.0000	1.0000	1.0000	1.0000	same-scope	same-version-markers		review-together-never-auto-merge
REL-00209	exact-text-duplicate	R01-A1223	R01-A1354	R01	R01	R01-13	R01-13	1.0000	1.0000	1.0000	1.0000	same-scope	same-version-markers		review-together-never-auto-merge
REL-00210	exact-text-duplicate	R01-A1223	R01-A1368	R01	R01	R01-13	R01-13	1.0000	1.0000	1.0000	1.0000	same-scope	same-version-markers		review-together-never-auto-merge
REL-00211	exact-text-duplicate	R01-A1223	R01-A1380	R01	R01	R01-13	R01-13	1.0000	1.0000	1.0000	1.0000	same-scope	same-version-markers		review-together-never-auto-merge
REL-00212	exact-text-duplicate	R01-A1223	R01-A1395	R01	R01	R01-13	R01-13	1.0000	1.0000	1.0000	1.0000	same-scope	same-version-markers		review-together-never-auto-merge
REL-00213	exact-text-duplicate	R01-A1223	R01-A1408	R01	R01	R01-13	R01-13	1.0000	1.0000	1.0000	1.0000	same-scope	same-version-markers		review-together-never-auto-merge
REL-00214	exact-text-duplicate	R01-A1223	R01-A1420	R01	R01	R01-13	R01-13	1.0000	1.0000	1.0000	1.0000	same-scope	same-version-markers		review-together-never-auto-merge
REL-00215	exact-text-duplicate	R01-A1223	R01-A1431	R01	R01	R01-13	R01-13	1.0000	1.0000	1.0000	1.0000	same-scope	same-version-markers		review-together-never-auto-merge
REL-00216	exact-text-duplicate	R01-A1223	R01-A1442	R01	R01	R01-13	R01-13	1.0000	1.0000	1.0000	1.0000	same-scope	same-version-markers		review-together-never-auto-merge
REL-00217	exact-text-duplicate	R01-A1223	R01-A1454	R01	R01	R01-13	R01-13	1.0000	1.0000	1.0000	1.0000	same-scope	same-version-markers		review-together-never-auto-merge
REL-00218	exact-text-duplicate	R01-A1223	R01-A1470	R01	R01	R01-13	R01-13	1.0000	1.0000	1.0000	1.0000	same-scope	same-version-markers		review-together-never-auto-merge
REL-00219	exact-text-duplicate	R01-A1223	R01-A1483	R01	R01	R01-13	R01-13	1.0000	1.0000	1.0000	1.0000	same-scope	same-version-markers		review-together-never-auto-merge
REL-00220	exact-text-duplicate	R01-A1223	R01-A1498	R01	R01	R01-13	R01-13	1.0000	1.0000	1.0000	1.0000	same-scope	same-version-markers		review-together-never-auto-merge
REL-00221	exact-text-duplicate	R01-A1223	R01-A1509	R01	R01	R01-13	R01-13	1.0000	1.0000	1.0000	1.0000	same-scope	same-version-markers		review-together-never-auto-merge
REL-00222	exact-text-duplicate	R01-A1223	R01-A1520	R01	R01	R01-13	R01-13	1.0000	1.0000	1.0000	1.0000	same-scope	same-version-markers		review-together-never-auto-merge
REL-00223	exact-text-duplicate	R01-A1223	R01-A1533	R01	R01	R01-13	R01-13	1.0000	1.0000	1.0000	1.0000	same-scope	same-version-markers		review-together-never-auto-merge
REL-00224	exact-text-duplicate	R01-A1223	R01-A1549	R01	R01	R01-13	R01-13	1.0000	1.0000	1.0000	1.0000	compatible-domain-scope	same-version-markers		review-together-never-auto-merge
REL-00225	exact-text-duplicate	R01-A1223	R01-A1572	R01	R01	R01-13	R01-13	1.0000	1.0000	1.0000	1.0000	same-scope	same-version-markers		review-together-never-auto-merge
REL-00226	exact-text-duplicate	R01-A1223	R01-A1586	R01	R01	R01-13	R01-13	1.0000	1.0000	1.0000	1.0000	same-scope	same-version-markers		review-together-never-auto-merge
REL-00227	exact-text-duplicate	R01-A1223	R01-A1601	R01	R01	R01-13	R01-13	1.0000	1.0000	1.0000	1.0000	same-scope	same-version-markers		review-together-never-auto-merge
REL-00228	exact-text-duplicate	R01-A1223	R01-A1616	R01	R01	R01-13	R01-13	1.0000	1.0000	1.0000	1.0000	same-scope	same-version-markers		review-together-never-auto-merge
REL-00229	exact-text-duplicate	R01-A1223	R01-A1635	R01	R01	R01-13	R01-13	1.0000	1.0000	1.0000	1.0000	same-scope	same-version-markers		review-together-never-auto-merge
REL-00230	exact-text-duplicate	R01-A1223	R01-A1650	R01	R01	R01-13	R01-13	1.0000	1.0000	1.0000	1.0000	same-scope	same-version-markers		review-together-never-auto-merge
REL-00231	exact-text-duplicate	R01-A1223	R01-A1667	R01	R01	R01-13	R01-13	1.0000	1.0000	1.0000	1.0000	same-scope	same-version-markers		review-together-never-auto-merge
REL-00232	exact-text-duplicate	R01-A1223	R01-A1688	R01	R01	R01-13	R01-13	1.0000	1.0000	1.0000	1.0000	same-scope	same-version-markers		review-together-never-auto-merge
REL-00233	exact-text-duplicate	R01-A1223	R01-A1700	R01	R01	R01-13	R01-13	1.0000	1.0000	1.0000	1.0000	same-scope	same-version-markers		review-together-never-auto-merge
REL-00234	exact-text-duplicate	R01-A1223	R01-A1715	R01	R01	R01-13	R01-13	1.0000	1.0000	1.0000	1.0000	same-scope	same-version-markers		review-together-never-auto-merge
REL-00235	exact-text-duplicate	R01-A1223	R01-A1727	R01	R01	R01-13	R01-13	1.0000	1.0000	1.0000	1.0000	same-scope	same-version-markers		review-together-never-auto-merge
REL-00236	exact-text-duplicate	R01-A1223	R01-A1739	R01	R01	R01-13	R01-13	1.0000	1.0000	1.0000	1.0000	same-scope	same-version-markers		review-together-never-auto-merge
REL-00237	exact-text-duplicate	R01-A1223	R01-A1756	R01	R01	R01-13	R01-13	1.0000	1.0000	1.0000	1.0000	same-scope	same-version-markers		review-together-never-auto-merge
REL-00238	exact-text-duplicate	R01-A1223	R01-A1770	R01	R01	R01-13	R01-13	1.0000	1.0000	1.0000	1.0000	same-scope	same-version-markers		review-together-never-auto-merge
REL-00239	exact-text-duplicate	R01-A1223	R01-A1784	R01	R01	R01-13	R01-13	1.0000	1.0000	1.0000	1.0000	same-scope	same-version-markers		review-together-never-auto-merge
REL-00240	exact-text-duplicate	R01-A1223	R01-A1797	R01	R01	R01-13	R01-13	1.0000	1.0000	1.0000	1.0000	same-scope	same-version-markers		review-together-never-auto-merge
REL-00241	exact-text-duplicate	R01-A1223	R01-A1812	R01	R01	R01-13	R01-13	1.0000	1.0000	1.0000	1.0000	same-scope	same-version-markers		review-together-never-auto-merge
REL-00242	exact-text-duplicate	R01-A1223	R01-A1824	R01	R01	R01-13	R01-13	1.0000	1.0000	1.0000	1.0000	same-scope	same-version-markers		review-together-never-auto-merge
REL-00243	exact-text-duplicate	R01-A1223	R01-A1836	R01	R01	R01-13	R01-13	1.0000	1.0000	1.0000	1.0000	same-scope	same-version-markers		review-together-never-auto-merge
REL-00244	exact-text-duplicate	R01-A1223	R01-A1848	R01	R01	R01-13	R01-13	1.0000	1.0000	1.0000	1.0000	same-scope	same-version-markers		review-together-never-auto-merge
REL-00245	exact-text-duplicate	R01-A1223	R01-A1863	R01	R01	R01-13	R01-13	1.0000	1.0000	1.0000	1.0000	same-scope	same-version-markers		review-together-never-auto-merge
REL-00246	exact-text-duplicate	R01-A1223	R01-A1879	R01	R01	R01-13	R01-13	1.0000	1.0000	1.0000	1.0000	same-scope	same-version-markers		review-together-never-auto-merge
REL-00247	exact-text-duplicate	R01-A1224	R01-A2157	R01	R01	R01-13	R01-14	1.0000	1.0000	1.0000	1.0000	same-scope	same-version-markers		review-together-never-auto-merge
REL-00248	exact-text-duplicate	R01-A1225	R01-A2158	R01	R01	R01-13	R01-14	1.0000	1.0000	1.0000	1.0000	same-scope	same-version-markers		review-together-never-auto-merge
REL-00249	exact-text-duplicate	R01-A1226	R01-A2159	R01	R01	R01-13	R01-14	1.0000	1.0000	1.0000	1.0000	same-scope	same-version-markers		review-together-never-auto-merge
REL-00250	exact-text-duplicate	R01-A1227	R01-A2160	R01	R01	R01-13	R01-14	1.0000	1.0000	1.0000	1.0000	same-scope	same-version-markers		review-together-never-auto-merge
REL-00251	exact-text-duplicate	R01-A1228	R01-A2161	R01	R01	R01-13	R01-14	1.0000	1.0000	1.0000	1.0000	same-scope	same-version-markers		review-together-never-auto-merge
REL-00252	exact-text-duplicate	R01-A1229	R01-A2162	R01	R01	R01-13	R01-14	1.0000	1.0000	1.0000	1.0000	same-scope	same-version-markers		review-together-never-auto-merge
REL-00253	exact-text-duplicate	R01-A1230	R01-A2163	R01	R01	R01-13	R01-14	1.0000	1.0000	1.0000	1.0000	same-scope	same-version-markers		review-together-never-auto-merge
REL-00254	exact-text-duplicate	R01-A1231	R01-A2164	R01	R01	R01-13	R01-14	1.0000	1.0000	1.0000	1.0000	same-scope	same-version-markers		review-together-never-auto-merge
REL-00255	exact-text-duplicate	R01-A1232	R01-A2165	R01	R01	R01-13	R01-14	1.0000	1.0000	1.0000	1.0000	same-scope	same-version-markers		review-together-never-auto-merge
REL-00256	exact-text-duplicate	R01-A1233	R01-A1260	R01	R01	R01-13	R01-13	1.0000	1.0000	1.0000	1.0000	same-scope	same-version-markers		review-together-never-auto-merge
REL-00257	exact-text-duplicate	R01-A1233	R01-A1284	R01	R01	R01-13	R01-13	1.0000	1.0000	1.0000	1.0000	same-scope	same-version-markers		review-together-never-auto-merge
REL-00258	exact-text-duplicate	R01-A1233	R01-A1301	R01	R01	R01-13	R01-13	1.0000	1.0000	1.0000	1.0000	same-scope	same-version-markers		review-together-never-auto-merge
REL-00259	exact-text-duplicate	R01-A1233	R01-A1319	R01	R01	R01-13	R01-13	1.0000	1.0000	1.0000	1.0000	same-scope	same-version-markers		review-together-never-auto-merge
REL-00260	exact-text-duplicate	R01-A1233	R01-A1338	R01	R01	R01-13	R01-13	1.0000	1.0000	1.0000	1.0000	same-scope	same-version-markers		review-together-never-auto-merge
REL-00261	exact-text-duplicate	R01-A1233	R01-A1371	R01	R01	R01-13	R01-13	1.0000	1.0000	1.0000	1.0000	same-scope	same-version-markers		review-together-never-auto-merge
REL-00262	exact-text-duplicate	R01-A1233	R01-A1382	R01	R01	R01-13	R01-13	1.0000	1.0000	1.0000	1.0000	same-scope	same-version-markers		review-together-never-auto-merge
REL-00263	exact-text-duplicate	R01-A1233	R01-A1398	R01	R01	R01-13	R01-13	1.0000	1.0000	1.0000	1.0000	same-scope	same-version-markers		review-together-never-auto-merge
REL-00264	exact-text-duplicate	R01-A1233	R01-A1411	R01	R01	R01-13	R01-13	1.0000	1.0000	1.0000	1.0000	same-scope	same-version-markers		review-together-never-auto-merge
REL-00265	exact-text-duplicate	R01-A1233	R01-A1423	R01	R01	R01-13	R01-13	1.0000	1.0000	1.0000	1.0000	same-scope	same-version-markers		review-together-never-auto-merge
REL-00266	exact-text-duplicate	R01-A1233	R01-A1433	R01	R01	R01-13	R01-13	1.0000	1.0000	1.0000	1.0000	same-scope	same-version-markers		review-together-never-auto-merge
REL-00267	exact-text-duplicate	R01-A1233	R01-A1444	R01	R01	R01-13	R01-13	1.0000	1.0000	1.0000	1.0000	same-scope	same-version-markers		review-together-never-auto-merge
REL-00268	exact-text-duplicate	R01-A1233	R01-A1456	R01	R01	R01-13	R01-13	1.0000	1.0000	1.0000	1.0000	same-scope	same-version-markers		review-together-never-auto-merge
REL-00269	exact-text-duplicate	R01-A1233	R01-A1472	R01	R01	R01-13	R01-13	1.0000	1.0000	1.0000	1.0000	same-scope	same-version-markers		review-together-never-auto-merge
REL-00270	exact-text-duplicate	R01-A1233	R01-A1488	R01	R01	R01-13	R01-13	1.0000	1.0000	1.0000	1.0000	same-scope	same-version-markers		review-together-never-auto-merge
REL-00271	exact-text-duplicate	R01-A1233	R01-A1501	R01	R01	R01-13	R01-13	1.0000	1.0000	1.0000	1.0000	same-scope	same-version-markers		review-together-never-auto-merge
REL-00272	exact-text-duplicate	R01-A1233	R01-A1511	R01	R01	R01-13	R01-13	1.0000	1.0000	1.0000	1.0000	same-scope	same-version-markers		review-together-never-auto-merge
REL-00273	exact-text-duplicate	R01-A1233	R01-A1522	R01	R01	R01-13	R01-13	1.0000	1.0000	1.0000	1.0000	same-scope	same-version-markers		review-together-never-auto-merge
REL-00274	exact-text-duplicate	R01-A1233	R01-A1535	R01	R01	R01-13	R01-13	1.0000	1.0000	1.0000	1.0000	same-scope	same-version-markers		review-together-never-auto-merge
REL-00275	exact-text-duplicate	R01-A1233	R01-A1560	R01	R01	R01-13	R01-13	1.0000	1.0000	1.0000	1.0000	compatible-domain-scope	same-version-markers		review-together-never-auto-merge
REL-00276	exact-text-duplicate	R01-A1233	R01-A1577	R01	R01	R01-13	R01-13	1.0000	1.0000	1.0000	1.0000	same-scope	same-version-markers		review-together-never-auto-merge
REL-00277	exact-text-duplicate	R01-A1233	R01-A1589	R01	R01	R01-13	R01-13	1.0000	1.0000	1.0000	1.0000	same-scope	same-version-markers		review-together-never-auto-merge
REL-00278	exact-text-duplicate	R01-A1233	R01-A1604	R01	R01	R01-13	R01-13	1.0000	1.0000	1.0000	1.0000	same-scope	same-version-markers		review-together-never-auto-merge
REL-00279	exact-text-duplicate	R01-A1233	R01-A1621	R01	R01	R01-13	R01-13	1.0000	1.0000	1.0000	1.0000	same-scope	same-version-markers		review-together-never-auto-merge
REL-00280	exact-text-duplicate	R01-A1233	R01-A1638	R01	R01	R01-13	R01-13	1.0000	1.0000	1.0000	1.0000	same-scope	same-version-markers		review-together-never-auto-merge
REL-00281	exact-text-duplicate	R01-A1233	R01-A1653	R01	R01	R01-13	R01-13	1.0000	1.0000	1.0000	1.0000	same-scope	same-version-markers		review-together-never-auto-merge
REL-00282	exact-text-duplicate	R01-A1233	R01-A1671	R01	R01	R01-13	R01-13	1.0000	1.0000	1.0000	1.0000	same-scope	same-version-markers		review-together-never-auto-merge
REL-00283	exact-text-duplicate	R01-A1233	R01-A1690	R01	R01	R01-13	R01-13	1.0000	1.0000	1.0000	1.0000	same-scope	same-version-markers		review-together-never-auto-merge
REL-00284	exact-text-duplicate	R01-A1233	R01-A1705	R01	R01	R01-13	R01-13	1.0000	1.0000	1.0000	1.0000	same-scope	same-version-markers		review-together-never-auto-merge
REL-00285	exact-text-duplicate	R01-A1233	R01-A1718	R01	R01	R01-13	R01-13	1.0000	1.0000	1.0000	1.0000	same-scope	same-version-markers		review-together-never-auto-merge
REL-00286	exact-text-duplicate	R01-A1233	R01-A1730	R01	R01	R01-13	R01-13	1.0000	1.0000	1.0000	1.0000	same-scope	same-version-markers		review-together-never-auto-merge
REL-00287	exact-text-duplicate	R01-A1233	R01-A1741	R01	R01	R01-13	R01-13	1.0000	1.0000	1.0000	1.0000	same-scope	same-version-markers		review-together-never-auto-merge
REL-00288	exact-text-duplicate	R01-A1233	R01-A1760	R01	R01	R01-13	R01-13	1.0000	1.0000	1.0000	1.0000	same-scope	same-version-markers		review-together-never-auto-merge
REL-00289	exact-text-duplicate	R01-A1233	R01-A1772	R01	R01	R01-13	R01-13	1.0000	1.0000	1.0000	1.0000	same-scope	same-version-markers		review-together-never-auto-merge
REL-00290	exact-text-duplicate	R01-A1233	R01-A1786	R01	R01	R01-13	R01-13	1.0000	1.0000	1.0000	1.0000	same-scope	same-version-markers		review-together-never-auto-merge
REL-00291	exact-text-duplicate	R01-A1233	R01-A1802	R01	R01	R01-13	R01-13	1.0000	1.0000	1.0000	1.0000	same-scope	same-version-markers		review-together-never-auto-merge
REL-00292	exact-text-duplicate	R01-A1233	R01-A1814	R01	R01	R01-13	R01-13	1.0000	1.0000	1.0000	1.0000	same-scope	same-version-markers		review-together-never-auto-merge
REL-00293	exact-text-duplicate	R01-A1233	R01-A1826	R01	R01	R01-13	R01-13	1.0000	1.0000	1.0000	1.0000	same-scope	same-version-markers		review-together-never-auto-merge
REL-00294	exact-text-duplicate	R01-A1233	R01-A1838	R01	R01	R01-13	R01-13	1.0000	1.0000	1.0000	1.0000	same-scope	same-version-markers		review-together-never-auto-merge
REL-00295	exact-text-duplicate	R01-A1233	R01-A1852	R01	R01	R01-13	R01-13	1.0000	1.0000	1.0000	1.0000	same-scope	same-version-markers		review-together-never-auto-merge
REL-00296	exact-text-duplicate	R01-A1233	R01-A1866	R01	R01	R01-13	R01-13	1.0000	1.0000	1.0000	1.0000	same-scope	same-version-markers		review-together-never-auto-merge
REL-00297	exact-text-duplicate	R01-A1233	R01-A1881	R01	R01	R01-13	R01-13	1.0000	1.0000	1.0000	1.0000	same-scope	same-version-markers		review-together-never-auto-merge
REL-00298	exact-text-duplicate	R01-A1234	R01-A2167	R01	R01	R01-13	R01-14	1.0000	1.0000	1.0000	1.0000	same-scope	same-version-markers		review-together-never-auto-merge
REL-00299	exact-text-duplicate	R01-A1258	R01-A2179	R01	R01	R01-13	R01-14	1.0000	1.0000	1.0000	1.0000	same-scope	same-version-markers		review-together-never-auto-merge
REL-00300	exact-text-duplicate	R01-A1259	R01-A2180	R01	R01	R01-13	R01-14	1.0000	1.0000	1.0000	1.0000	same-scope	same-version-markers		review-together-never-auto-merge
REL-00301	exact-text-duplicate	R01-A1261	R01-A2182	R01	R01	R01-13	R01-14	1.0000	1.0000	1.0000	1.0000	same-scope	same-version-markers		review-together-never-auto-merge
REL-00302	exact-text-duplicate	R01-A1264	R01-A2185	R01	R01	R01-13	R01-14	1.0000	1.0000	1.0000	1.0000	same-scope	same-version-markers		review-together-never-auto-merge
REL-00303	exact-text-duplicate	R01-A1277	R01-A2189	R01	R01	R01-13	R01-14	1.0000	1.0000	1.0000	1.0000	same-scope	same-version-markers		review-together-never-auto-merge
REL-00304	exact-text-duplicate	R01-A1278	R01-A2190	R01	R01	R01-13	R01-14	1.0000	1.0000	1.0000	1.0000	same-scope	same-version-markers		review-together-never-auto-merge
REL-00305	exact-text-duplicate	R01-A1302	R01-A2215	R01	R01	R01-13	R01-14	1.0000	1.0000	1.0000	1.0000	same-scope	same-version-markers		review-together-never-auto-merge
REL-00306	exact-text-duplicate	R01-A1320	R01-A2230	R01	R01	R01-13	R01-14	1.0000	1.0000	1.0000	1.0000	same-scope	same-version-markers		review-together-never-auto-merge
REL-00307	exact-text-duplicate	R01-A1321	R01-A2231	R01	R01	R01-13	R01-14	1.0000	1.0000	1.0000	1.0000	same-scope	same-version-markers		review-together-never-auto-merge
REL-00308	exact-text-duplicate	R01-A1323	R01-A2233	R01	R01	R01-13	R01-14	1.0000	1.0000	1.0000	1.0000	same-scope	same-version-markers		review-together-never-auto-merge
REL-00309	exact-text-duplicate	R01-A1328	R01-A2236	R01	R01	R01-13	R01-14	1.0000	1.0000	1.0000	1.0000	same-scope	same-version-markers		review-together-never-auto-merge
REL-00310	exact-text-duplicate	R01-A1329	R01-A2237	R01	R01	R01-13	R01-14	1.0000	1.0000	1.0000	1.0000	same-scope	same-version-markers		review-together-never-auto-merge
REL-00311	exact-text-duplicate	R01-A1332	R01-A2241	R01	R01	R01-13	R01-14	1.0000	1.0000	1.0000	1.0000	same-scope	same-version-markers		review-together-never-auto-merge
REL-00312	exact-text-duplicate	R01-A1334	R01-A2243	R01	R01	R01-13	R01-14	1.0000	1.0000	1.0000	1.0000	same-scope	same-version-markers		review-together-never-auto-merge
REL-00313	exact-text-duplicate	R01-A1335	R01-A2210	R01	R01	R01-13	R01-14	1.0000	1.0000	1.0000	1.0000	same-scope	same-version-markers		review-together-never-auto-merge
REL-00314	exact-text-duplicate	R01-A1335	R01-A2244	R01	R01	R01-13	R01-14	1.0000	1.0000	1.0000	1.0000	same-scope	same-version-markers		review-together-never-auto-merge
REL-00315	exact-text-duplicate	R01-A1336	R01-A2245	R01	R01	R01-13	R01-14	1.0000	1.0000	1.0000	1.0000	same-scope	same-version-markers		review-together-never-auto-merge
REL-00316	exact-text-duplicate	R01-A1337	R01-A2246	R01	R01	R01-13	R01-14	1.0000	1.0000	1.0000	1.0000	same-scope	same-version-markers		review-together-never-auto-merge
REL-00317	exact-text-duplicate	R01-A1339	R01-A2248	R01	R01	R01-13	R01-14	1.0000	1.0000	1.0000	1.0000	same-scope	same-version-markers		review-together-never-auto-merge
REL-00318	exact-text-duplicate	R01-A1340	R01-A2249	R01	R01	R01-13	R01-14	1.0000	1.0000	1.0000	1.0000	same-scope	same-version-markers		review-together-never-auto-merge
REL-00319	exact-text-duplicate	R01-A1355	R01-A2262	R01	R01	R01-13	R01-14	1.0000	1.0000	1.0000	1.0000	same-scope	same-version-markers		review-together-never-auto-merge
REL-00320	exact-text-duplicate	R01-A1356	R01-A2263	R01	R01	R01-13	R01-14	1.0000	1.0000	1.0000	1.0000	same-scope	same-version-markers		review-together-never-auto-merge
REL-00321	exact-text-duplicate	R01-A1363	R01-A2269	R01	R01	R01-13	R01-14	1.0000	1.0000	1.0000	1.0000	same-scope	same-version-markers		review-together-never-auto-merge
REL-00322	exact-text-duplicate	R01-A1364	R01-A2270	R01	R01	R01-13	R01-14	1.0000	1.0000	1.0000	1.0000	same-scope	same-version-markers		review-together-never-auto-merge
REL-00323	exact-text-duplicate	R01-A1365	R01-A2271	R01	R01	R01-13	R01-14	1.0000	1.0000	1.0000	1.0000	same-scope	same-version-markers		review-together-never-auto-merge
REL-00324	exact-text-duplicate	R01-A1366	R01-A2272	R01	R01	R01-13	R01-14	1.0000	1.0000	1.0000	1.0000	same-scope	same-version-markers		review-together-never-auto-merge
REL-00325	exact-text-duplicate	R01-A1367	R01-A2273	R01	R01	R01-13	R01-14	1.0000	1.0000	1.0000	1.0000	same-scope	same-version-markers		review-together-never-auto-merge
REL-00326	exact-text-duplicate	R01-A1369	R01-A2275	R01	R01	R01-13	R01-14	1.0000	1.0000	1.0000	1.0000	same-scope	same-version-markers		review-together-never-auto-merge
REL-00327	exact-text-duplicate	R01-A1370	R01-A2276	R01	R01	R01-13	R01-14	1.0000	1.0000	1.0000	1.0000	same-scope	same-version-markers		review-together-never-auto-merge
REL-00328	exact-text-duplicate	R01-A1372	R01-A2278	R01	R01	R01-13	R01-14	1.0000	1.0000	1.0000	1.0000	same-scope	same-version-markers		review-together-never-auto-merge
REL-00329	exact-text-duplicate	R01-A1375	R01-A2281	R01	R01	R01-13	R01-14	1.0000	1.0000	1.0000	1.0000	same-scope	same-version-markers		review-together-never-auto-merge
REL-00330	exact-text-duplicate	R01-A1376	R01-A2282	R01	R01	R01-13	R01-14	1.0000	1.0000	1.0000	1.0000	same-scope	same-version-markers		review-together-never-auto-merge
REL-00331	exact-text-duplicate	R01-A1377	R01-A2283	R01	R01	R01-13	R01-14	1.0000	1.0000	1.0000	1.0000	same-scope	same-version-markers		review-together-never-auto-merge
REL-00332	exact-text-duplicate	R01-A1378	R01-A2284	R01	R01	R01-13	R01-14	1.0000	1.0000	1.0000	1.0000	same-scope	same-version-markers		review-together-never-auto-merge
REL-00333	exact-text-duplicate	R01-A1379	R01-A2285	R01	R01	R01-13	R01-14	1.0000	1.0000	1.0000	1.0000	same-scope	same-version-markers		review-together-never-auto-merge
REL-00334	exact-text-duplicate	R01-A1381	R01-A2287	R01	R01	R01-13	R01-14	1.0000	1.0000	1.0000	1.0000	same-scope	same-version-markers		review-together-never-auto-merge
REL-00335	exact-text-duplicate	R01-A1383	R01-A2289	R01	R01	R01-13	R01-14	1.0000	1.0000	1.0000	1.0000	same-scope	same-version-markers		review-together-never-auto-merge
REL-00336	exact-text-duplicate	R01-A1384	R01-A2290	R01	R01	R01-13	R01-14	1.0000	1.0000	1.0000	1.0000	same-scope	same-version-markers		review-together-never-auto-merge
REL-00337	exact-text-duplicate	R01-A1385	R01-A2291	R01	R01	R01-13	R01-14	1.0000	1.0000	1.0000	1.0000	same-scope	same-version-markers		review-together-never-auto-merge
REL-00338	exact-text-duplicate	R01-A1387	R01-A2293	R01	R01	R01-13	R01-14	1.0000	1.0000	1.0000	1.0000	same-scope	same-version-markers		review-together-never-auto-merge
REL-00339	exact-text-duplicate	R01-A1389	R01-A2295	R01	R01	R01-13	R01-14	1.0000	1.0000	1.0000	1.0000	same-scope	same-version-markers		review-together-never-auto-merge
REL-00340	exact-text-duplicate	R01-A1390	R01-A2296	R01	R01	R01-13	R01-14	1.0000	1.0000	1.0000	1.0000	same-scope	same-version-markers		review-together-never-auto-merge
REL-00341	exact-text-duplicate	R01-A1391	R01-A2297	R01	R01	R01-13	R01-14	1.0000	1.0000	1.0000	1.0000	same-scope	same-version-markers		review-together-never-auto-merge
REL-00342	exact-text-duplicate	R01-A1392	R01-A2298	R01	R01	R01-13	R01-14	1.0000	1.0000	1.0000	1.0000	same-scope	same-version-markers		review-together-never-auto-merge
REL-00343	exact-text-duplicate	R01-A1393	R01-A2299	R01	R01	R01-13	R01-14	1.0000	1.0000	1.0000	1.0000	same-scope	same-version-markers		review-together-never-auto-merge
REL-00344	exact-text-duplicate	R01-A1394	R01-A2300	R01	R01	R01-13	R01-14	1.0000	1.0000	1.0000	1.0000	same-scope	same-version-markers		review-together-never-auto-merge
REL-00345	exact-text-duplicate	R01-A1396	R01-A2302	R01	R01	R01-13	R01-14	1.0000	1.0000	1.0000	1.0000	same-scope	same-version-markers		review-together-never-auto-merge
REL-00346	exact-text-duplicate	R01-A1397	R01-A2303	R01	R01	R01-13	R01-14	1.0000	1.0000	1.0000	1.0000	same-scope	same-version-markers		review-together-never-auto-merge
REL-00347	exact-text-duplicate	R01-A1399	R01-A2305	R01	R01	R01-13	R01-14	1.0000	1.0000	1.0000	1.0000	same-scope	same-version-markers		review-together-never-auto-merge
REL-00348	exact-text-duplicate	R01-A1400	R01-A2306	R01	R01	R01-13	R01-14	1.0000	1.0000	1.0000	1.0000	same-scope	same-version-markers		review-together-never-auto-merge
REL-00349	exact-text-duplicate	R01-A1401	R01-A2307	R01	R01	R01-13	R01-14	1.0000	1.0000	1.0000	1.0000	same-scope	same-version-markers		review-together-never-auto-merge
REL-00350	exact-text-duplicate	R01-A1404	R01-A2310	R01	R01	R01-13	R01-14	1.0000	1.0000	1.0000	1.0000	same-scope	same-version-markers		review-together-never-auto-merge
REL-00351	exact-text-duplicate	R01-A1405	R01-A2311	R01	R01	R01-13	R01-14	1.0000	1.0000	1.0000	1.0000	same-scope	same-version-markers		review-together-never-auto-merge
REL-00352	exact-text-duplicate	R01-A1406	R01-A2312	R01	R01	R01-13	R01-14	1.0000	1.0000	1.0000	1.0000	same-scope	same-version-markers		review-together-never-auto-merge
REL-00353	exact-text-duplicate	R01-A1407	R01-A2313	R01	R01	R01-13	R01-14	1.0000	1.0000	1.0000	1.0000	same-scope	same-version-markers		review-together-never-auto-merge
REL-00354	exact-text-duplicate	R01-A1409	R01-A2315	R01	R01	R01-13	R01-14	1.0000	1.0000	1.0000	1.0000	same-scope	same-version-markers		review-together-never-auto-merge
REL-00355	exact-text-duplicate	R01-A1410	R01-A2316	R01	R01	R01-13	R01-14	1.0000	1.0000	1.0000	1.0000	same-scope	same-version-markers		review-together-never-auto-merge
REL-00356	exact-text-duplicate	R01-A1412	R01-A2318	R01	R01	R01-13	R01-14	1.0000	1.0000	1.0000	1.0000	same-scope	same-version-markers		review-together-never-auto-merge
REL-00357	exact-text-duplicate	R01-A1413	R01-A1425	R01	R01	R01-13	R01-13	1.0000	1.0000	1.0000	1.0000	same-scope	same-version-markers		review-together-never-auto-merge
REL-00358	exact-text-duplicate	R01-A1413	R01-A2319	R01	R01	R01-13	R01-14	1.0000	1.0000	1.0000	1.0000	same-scope	same-version-markers		review-together-never-auto-merge
REL-00359	exact-text-duplicate	R01-A1413	R01-A2331	R01	R01	R01-13	R01-14	1.0000	1.0000	1.0000	1.0000	same-scope	same-version-markers		review-together-never-auto-merge
REL-00360	exact-text-duplicate	R01-A1416	R01-A2322	R01	R01	R01-13	R01-14	1.0000	1.0000	1.0000	1.0000	same-scope	same-version-markers		review-together-never-auto-merge
REL-00361	exact-text-duplicate	R01-A1417	R01-A2323	R01	R01	R01-13	R01-14	1.0000	1.0000	1.0000	1.0000	same-scope	same-version-markers		review-together-never-auto-merge
REL-00362	exact-text-duplicate	R01-A1418	R01-A2324	R01	R01	R01-13	R01-14	1.0000	1.0000	1.0000	1.0000	same-scope	same-version-markers		review-together-never-auto-merge
REL-00363	exact-text-duplicate	R01-A1419	R01-A1430	R01	R01	R01-13	R01-13	1.0000	1.0000	1.0000	1.0000	same-scope	same-version-markers		review-together-never-auto-merge
REL-00364	exact-text-duplicate	R01-A1419	R01-A2325	R01	R01	R01-13	R01-14	1.0000	1.0000	1.0000	1.0000	same-scope	same-version-markers		review-together-never-auto-merge
REL-00365	exact-text-duplicate	R01-A1419	R01-A2336	R01	R01	R01-13	R01-14	1.0000	1.0000	1.0000	1.0000	same-scope	same-version-markers		review-together-never-auto-merge
REL-00366	exact-text-duplicate	R01-A1421	R01-A2327	R01	R01	R01-13	R01-14	1.0000	1.0000	1.0000	1.0000	same-scope	same-version-markers		review-together-never-auto-merge
REL-00367	exact-text-duplicate	R01-A1422	R01-A2328	R01	R01	R01-13	R01-14	1.0000	1.0000	1.0000	1.0000	same-scope	same-version-markers		review-together-never-auto-merge
REL-00368	exact-text-duplicate	R01-A1424	R01-A1434	R01	R01	R01-13	R01-13	1.0000	1.0000	1.0000	1.0000	same-scope	same-version-markers		review-together-never-auto-merge
REL-00369	exact-text-duplicate	R01-A1424	R01-A2330	R01	R01	R01-13	R01-14	1.0000	1.0000	1.0000	1.0000	same-scope	same-version-markers		review-together-never-auto-merge
REL-00370	exact-text-duplicate	R01-A1424	R01-A2340	R01	R01	R01-13	R01-14	1.0000	1.0000	1.0000	1.0000	same-scope	same-version-markers		review-together-never-auto-merge
REL-00371	exact-text-duplicate	R01-A1428	R01-A2334	R01	R01	R01-13	R01-14	1.0000	1.0000	1.0000	1.0000	same-scope	same-version-markers		review-together-never-auto-merge
REL-00372	exact-text-duplicate	R01-A1429	R01-A2335	R01	R01	R01-13	R01-14	1.0000	1.0000	1.0000	1.0000	same-scope	same-version-markers		review-together-never-auto-merge
REL-00373	exact-text-duplicate	R01-A1432	R01-A2338	R01	R01	R01-13	R01-14	1.0000	1.0000	1.0000	1.0000	same-scope	same-version-markers		review-together-never-auto-merge
REL-00374	exact-text-duplicate	R01-A1435	R01-A2341	R01	R01	R01-13	R01-14	1.0000	1.0000	1.0000	1.0000	same-scope	same-version-markers		review-together-never-auto-merge
REL-00375	exact-text-duplicate	R01-A1438	R01-A2344	R01	R01	R01-13	R01-14	1.0000	1.0000	1.0000	1.0000	same-scope	same-version-markers		review-together-never-auto-merge
REL-00376	exact-text-duplicate	R01-A1439	R01-A2345	R01	R01	R01-13	R01-14	1.0000	1.0000	1.0000	1.0000	same-scope	same-version-markers		review-together-never-auto-merge
REL-00377	exact-text-duplicate	R01-A1440	R01-A2346	R01	R01	R01-13	R01-14	1.0000	1.0000	1.0000	1.0000	same-scope	same-version-markers		review-together-never-auto-merge
REL-00378	exact-text-duplicate	R01-A1441	R01-A2347	R01	R01	R01-13	R01-14	1.0000	1.0000	1.0000	1.0000	same-scope	same-version-markers		review-together-never-auto-merge
REL-00379	exact-text-duplicate	R01-A1443	R01-A2349	R01	R01	R01-13	R01-14	1.0000	1.0000	1.0000	1.0000	same-scope	same-version-markers		review-together-never-auto-merge
REL-00380	exact-text-duplicate	R01-A1445	R01-A2351	R01	R01	R01-13	R01-14	1.0000	1.0000	1.0000	1.0000	same-scope	same-version-markers		review-together-never-auto-merge
REL-00381	exact-text-duplicate	R01-A1446	R01-A2352	R01	R01	R01-13	R01-14	1.0000	1.0000	1.0000	1.0000	same-scope	same-version-markers		review-together-never-auto-merge
REL-00382	exact-text-duplicate	R01-A1451	R01-A2356	R01	R01	R01-13	R01-14	1.0000	1.0000	1.0000	1.0000	same-scope	same-version-markers		review-together-never-auto-merge
REL-00383	exact-text-duplicate	R01-A1452	R01-A2357	R01	R01	R01-13	R01-14	1.0000	1.0000	1.0000	1.0000	same-scope	same-version-markers		review-together-never-auto-merge
REL-00384	exact-text-duplicate	R01-A1453	R01-A2358	R01	R01	R01-13	R01-14	1.0000	1.0000	1.0000	1.0000	same-scope	same-version-markers		review-together-never-auto-merge
REL-00385	exact-text-duplicate	R01-A1455	R01-A2360	R01	R01	R01-13	R01-14	1.0000	1.0000	1.0000	1.0000	same-scope	same-version-markers		review-together-never-auto-merge
REL-00386	exact-text-duplicate	R01-A1457	R01-A2362	R01	R01	R01-13	R01-14	1.0000	1.0000	1.0000	1.0000	same-scope	same-version-markers		review-together-never-auto-merge
REL-00387	exact-text-duplicate	R01-A1458	R01-A2363	R01	R01	R01-13	R01-14	1.0000	1.0000	1.0000	1.0000	same-scope	same-version-markers		review-together-never-auto-merge
REL-00388	exact-text-duplicate	R01-A1459	R01-A2364	R01	R01	R01-13	R01-14	1.0000	1.0000	1.0000	1.0000	same-scope	same-version-markers		review-together-never-auto-merge
REL-00389	exact-text-duplicate	R01-A1460	R01-A2365	R01	R01	R01-13	R01-14	1.0000	1.0000	1.0000	1.0000	same-scope	same-version-markers		review-together-never-auto-merge
REL-00390	exact-text-duplicate	R01-A1461	R01-A2366	R01	R01	R01-13	R01-14	1.0000	1.0000	1.0000	1.0000	same-scope	same-version-markers		review-together-never-auto-merge
REL-00391	exact-text-duplicate	R01-A1464	R01-A2369	R01	R01	R01-13	R01-14	1.0000	1.0000	1.0000	1.0000	same-scope	same-version-markers		review-together-never-auto-merge
REL-00392	exact-text-duplicate	R01-A1465	R01-A2370	R01	R01	R01-13	R01-14	1.0000	1.0000	1.0000	1.0000	same-scope	same-version-markers		review-together-never-auto-merge
REL-00393	exact-text-duplicate	R01-A1466	R01-A2371	R01	R01	R01-13	R01-14	1.0000	1.0000	1.0000	1.0000	same-scope	same-version-markers		review-together-never-auto-merge
REL-00394	exact-text-duplicate	R01-A1467	R01-A2372	R01	R01	R01-13	R01-14	1.0000	1.0000	1.0000	1.0000	same-scope	same-version-markers		review-together-never-auto-merge
REL-00395	exact-text-duplicate	R01-A1468	R01-A2373	R01	R01	R01-13	R01-14	1.0000	1.0000	1.0000	1.0000	same-scope	same-version-markers		review-together-never-auto-merge
REL-00396	exact-text-duplicate	R01-A1469	R01-A2374	R01	R01	R01-13	R01-14	1.0000	1.0000	1.0000	1.0000	same-scope	same-version-markers		review-together-never-auto-merge
REL-00397	exact-text-duplicate	R01-A1471	R01-A2376	R01	R01	R01-13	R01-14	1.0000	1.0000	1.0000	1.0000	same-scope	same-version-markers		review-together-never-auto-merge
REL-00398	exact-text-duplicate	R01-A1473	R01-A2378	R01	R01	R01-13	R01-14	1.0000	1.0000	1.0000	1.0000	same-scope	same-version-markers		review-together-never-auto-merge
REL-00399	exact-text-duplicate	R01-A1474	R01-A2379	R01	R01	R01-13	R01-14	1.0000	1.0000	1.0000	1.0000	same-scope	same-version-markers		review-together-never-auto-merge
REL-00400	exact-text-duplicate	R01-A1475	R01-A2380	R01	R01	R01-13	R01-14	1.0000	1.0000	1.0000	1.0000	same-scope	same-version-markers		review-together-never-auto-merge
REL-00401	exact-text-duplicate	R01-A1478	R01-A2383	R01	R01	R01-13	R01-14	1.0000	1.0000	1.0000	1.0000	same-scope	same-version-markers		review-together-never-auto-merge
REL-00402	exact-text-duplicate	R01-A1479	R01-A2384	R01	R01	R01-13	R01-14	1.0000	1.0000	1.0000	1.0000	same-scope	same-version-markers		review-together-never-auto-merge
REL-00403	exact-text-duplicate	R01-A1480	R01-A2385	R01	R01	R01-13	R01-14	1.0000	1.0000	1.0000	1.0000	same-scope	same-version-markers		review-together-never-auto-merge
REL-00404	exact-text-duplicate	R01-A1481	R01-A2386	R01	R01	R01-13	R01-14	1.0000	1.0000	1.0000	1.0000	same-scope	same-version-markers		review-together-never-auto-merge
REL-00405	exact-text-duplicate	R01-A1482	R01-A2387	R01	R01	R01-13	R01-14	1.0000	1.0000	1.0000	1.0000	same-scope	same-version-markers		review-together-never-auto-merge
REL-00406	exact-text-duplicate	R01-A1484	R01-A2389	R01	R01	R01-13	R01-14	1.0000	1.0000	1.0000	1.0000	same-scope	same-version-markers		review-together-never-auto-merge
REL-00407	exact-text-duplicate	R01-A1485	R01-A2390	R01	R01	R01-13	R01-14	1.0000	1.0000	1.0000	1.0000	same-scope	same-version-markers		review-together-never-auto-merge
REL-00408	exact-text-duplicate	R01-A1486	R01-A2391	R01	R01	R01-13	R01-14	1.0000	1.0000	1.0000	1.0000	same-scope	same-version-markers		review-together-never-auto-merge
REL-00409	exact-text-duplicate	R01-A1487	R01-A2392	R01	R01	R01-13	R01-14	1.0000	1.0000	1.0000	1.0000	same-scope	same-version-markers		review-together-never-auto-merge
REL-00410	exact-text-duplicate	R01-A1489	R01-A2394	R01	R01	R01-13	R01-14	1.0000	1.0000	1.0000	1.0000	same-scope	same-version-markers		review-together-never-auto-merge
REL-00411	exact-text-duplicate	R01-A1490	R01-A2395	R01	R01	R01-13	R01-14	1.0000	1.0000	1.0000	1.0000	same-scope	same-version-markers		review-together-never-auto-merge
REL-00412	exact-text-duplicate	R01-A1493	R01-A2398	R01	R01	R01-13	R01-14	1.0000	1.0000	1.0000	1.0000	same-scope	same-version-markers		review-together-never-auto-merge
REL-00413	exact-text-duplicate	R01-A1494	R01-A2399	R01	R01	R01-13	R01-14	1.0000	1.0000	1.0000	1.0000	same-scope	same-version-markers		review-together-never-auto-merge
REL-00414	exact-text-duplicate	R01-A1495	R01-A2400	R01	R01	R01-13	R01-14	1.0000	1.0000	1.0000	1.0000	same-scope	same-version-markers		review-together-never-auto-merge
REL-00415	exact-text-duplicate	R01-A1496	R01-A2401	R01	R01	R01-13	R01-14	1.0000	1.0000	1.0000	1.0000	same-scope	same-version-markers		review-together-never-auto-merge
REL-00416	exact-text-duplicate	R01-A1497	R01-A2402	R01	R01	R01-13	R01-14	1.0000	1.0000	1.0000	1.0000	same-scope	same-version-markers		review-together-never-auto-merge
REL-00417	exact-text-duplicate	R01-A1499	R01-A2404	R01	R01	R01-13	R01-14	1.0000	1.0000	1.0000	1.0000	same-scope	same-version-markers		review-together-never-auto-merge
REL-00418	exact-text-duplicate	R01-A1500	R01-A2405	R01	R01	R01-13	R01-14	1.0000	1.0000	1.0000	1.0000	same-scope	same-version-markers		review-together-never-auto-merge
REL-00419	exact-text-duplicate	R01-A1502	R01-A2407	R01	R01	R01-13	R01-14	1.0000	1.0000	1.0000	1.0000	same-scope	same-version-markers		review-together-never-auto-merge
REL-00420	exact-text-duplicate	R01-A1503	R01-A2408	R01	R01	R01-13	R01-14	1.0000	1.0000	1.0000	1.0000	same-scope	same-version-markers		review-together-never-auto-merge
REL-00421	exact-text-duplicate	R01-A1506	R01-A2411	R01	R01	R01-13	R01-14	1.0000	1.0000	1.0000	1.0000	same-scope	same-version-markers		review-together-never-auto-merge
REL-00422	exact-text-duplicate	R01-A1507	R01-A2412	R01	R01	R01-13	R01-14	1.0000	1.0000	1.0000	1.0000	same-scope	same-version-markers		review-together-never-auto-merge
REL-00423	exact-text-duplicate	R01-A1508	R01-A2413	R01	R01	R01-13	R01-14	1.0000	1.0000	1.0000	1.0000	same-scope	same-version-markers		review-together-never-auto-merge
REL-00424	exact-text-duplicate	R01-A1510	R01-A2415	R01	R01	R01-13	R01-14	1.0000	1.0000	1.0000	1.0000	same-scope	same-version-markers		review-together-never-auto-merge
REL-00425	exact-text-duplicate	R01-A1512	R01-A2417	R01	R01	R01-13	R01-14	1.0000	1.0000	1.0000	1.0000	same-scope	same-version-markers		review-together-never-auto-merge
REL-00426	exact-text-duplicate	R01-A1513	R01-A2418	R01	R01	R01-13	R01-14	1.0000	1.0000	1.0000	1.0000	same-scope	same-version-markers		review-together-never-auto-merge
REL-00427	exact-text-duplicate	R01-A1516	R01-A2421	R01	R01	R01-13	R01-14	1.0000	1.0000	1.0000	1.0000	same-scope	same-version-markers		review-together-never-auto-merge
REL-00428	exact-text-duplicate	R01-A1517	R01-A2422	R01	R01	R01-13	R01-14	1.0000	1.0000	1.0000	1.0000	same-scope	same-version-markers		review-together-never-auto-merge
REL-00429	exact-text-duplicate	R01-A1518	R01-A2423	R01	R01	R01-13	R01-14	1.0000	1.0000	1.0000	1.0000	same-scope	same-version-markers		review-together-never-auto-merge
REL-00430	exact-text-duplicate	R01-A1519	R01-A2424	R01	R01	R01-13	R01-14	1.0000	1.0000	1.0000	1.0000	same-scope	same-version-markers		review-together-never-auto-merge
REL-00431	exact-text-duplicate	R01-A1521	R01-A2426	R01	R01	R01-13	R01-14	1.0000	1.0000	1.0000	1.0000	same-scope	same-version-markers		review-together-never-auto-merge
REL-00432	exact-text-duplicate	R01-A1523	R01-A2428	R01	R01	R01-13	R01-14	1.0000	1.0000	1.0000	1.0000	same-scope	same-version-markers		review-together-never-auto-merge
REL-00433	exact-text-duplicate	R01-A1526	R01-A2431	R01	R01	R01-13	R01-14	1.0000	1.0000	1.0000	1.0000	same-scope	same-version-markers		review-together-never-auto-merge
REL-00434	exact-text-duplicate	R01-A1527	R01-A2432	R01	R01	R01-13	R01-14	1.0000	1.0000	1.0000	1.0000	same-scope	same-version-markers		review-together-never-auto-merge
REL-00435	exact-text-duplicate	R01-A1528	R01-A2433	R01	R01	R01-13	R01-14	1.0000	1.0000	1.0000	1.0000	same-scope	same-version-markers		review-together-never-auto-merge
REL-00436	exact-text-duplicate	R01-A1529	R01-A2434	R01	R01	R01-13	R01-14	1.0000	1.0000	1.0000	1.0000	same-scope	same-version-markers		review-together-never-auto-merge
REL-00437	exact-text-duplicate	R01-A1530	R01-A1685	R01	R01	R01-13	R01-13	1.0000	1.0000	1.0000	1.0000	same-scope	same-version-markers		review-together-never-auto-merge
REL-00438	exact-text-duplicate	R01-A1530	R01-A2435	R01	R01	R01-13	R01-14	1.0000	1.0000	1.0000	1.0000	same-scope	same-version-markers		review-together-never-auto-merge
REL-00439	exact-text-duplicate	R01-A1530	R01-A2585	R01	R01	R01-13	R01-14	1.0000	1.0000	1.0000	1.0000	same-scope	same-version-markers		review-together-never-auto-merge
REL-00440	exact-text-duplicate	R01-A1531	R01-A2436	R01	R01	R01-13	R01-14	1.0000	1.0000	1.0000	1.0000	same-scope	same-version-markers		review-together-never-auto-merge
REL-00441	exact-text-duplicate	R01-A1532	R01-A2437	R01	R01	R01-13	R01-14	1.0000	1.0000	1.0000	1.0000	same-scope	same-version-markers		review-together-never-auto-merge
REL-00442	exact-text-duplicate	R01-A1534	R01-A2439	R01	R01	R01-13	R01-14	1.0000	1.0000	1.0000	1.0000	same-scope	same-version-markers		review-together-never-auto-merge
REL-00443	exact-text-duplicate	R01-A1536	R01-A2441	R01	R01	R01-13	R01-14	1.0000	1.0000	1.0000	1.0000	same-scope	same-version-markers		review-together-never-auto-merge
REL-00444	exact-text-duplicate	R01-A1537	R01-A2442	R01	R01	R01-13	R01-14	1.0000	1.0000	1.0000	1.0000	same-scope	same-version-markers		review-together-never-auto-merge
REL-00445	exact-text-duplicate	R01-A1541	R01-A2446	R01	R01	R01-13	R01-14	1.0000	1.0000	1.0000	1.0000	same-scope	same-version-markers		review-together-never-auto-merge
REL-00446	exact-text-duplicate	R01-A1542	R01-A2447	R01	R01	R01-13	R01-14	1.0000	1.0000	1.0000	1.0000	same-scope	same-version-markers		review-together-never-auto-merge
REL-00447	exact-text-duplicate	R01-A1543	R01-A2448	R01	R01	R01-13	R01-14	1.0000	1.0000	1.0000	1.0000	same-scope	same-version-markers		review-together-never-auto-merge
REL-00448	exact-text-duplicate	R01-A1544	R01-A2449	R01	R01	R01-13	R01-14	1.0000	1.0000	1.0000	1.0000	same-scope	same-version-markers		review-together-never-auto-merge
REL-00449	exact-text-duplicate	R01-A1545	R01-A2450	R01	R01	R01-13	R01-14	1.0000	1.0000	1.0000	1.0000	same-scope	same-version-markers		review-together-never-auto-merge
REL-00450	exact-text-duplicate	R01-A1546	R01-A2127	R01	R01	R01-13	R01-14	1.0000	1.0000	1.0000	1.0000	same-scope	same-version-markers		review-together-never-auto-merge
REL-00451	exact-text-duplicate	R01-A1546	R01-A2451	R01	R01	R01-13	R01-14	1.0000	1.0000	1.0000	1.0000	same-scope	same-version-markers		review-together-never-auto-merge
REL-00452	exact-text-duplicate	R01-A1547	R01-A2452	R01	R01	R01-13	R01-14	1.0000	1.0000	1.0000	1.0000	same-scope	same-version-markers		review-together-never-auto-merge
REL-00453	exact-text-duplicate	R01-A1548	R01-A2453	R01	R01	R01-13	R01-14	1.0000	1.0000	1.0000	1.0000	same-scope	same-version-markers		review-together-never-auto-merge
REL-00454	exact-text-duplicate	R01-A1550	R01-A2455	R01	R01	R01-13	R01-14	1.0000	1.0000	1.0000	1.0000	same-scope	same-version-markers		review-together-never-auto-merge
REL-00455	exact-text-duplicate	R01-A1551	R01-A2456	R01	R01	R01-13	R01-14	1.0000	1.0000	1.0000	1.0000	same-scope	same-version-markers		review-together-never-auto-merge
REL-00456	exact-text-duplicate	R01-A1552	R01-A2457	R01	R01	R01-13	R01-14	1.0000	1.0000	1.0000	1.0000	same-scope	same-version-markers		review-together-never-auto-merge
REL-00457	exact-text-duplicate	R01-A1553	R01-A2458	R01	R01	R01-13	R01-14	1.0000	1.0000	1.0000	1.0000	same-scope	same-version-markers		review-together-never-auto-merge
REL-00458	exact-text-duplicate	R01-A1554	R01-A2459	R01	R01	R01-13	R01-14	1.0000	1.0000	1.0000	1.0000	same-scope	same-version-markers		review-together-never-auto-merge
REL-00459	exact-text-duplicate	R01-A1555	R01-A2460	R01	R01	R01-13	R01-14	1.0000	1.0000	1.0000	1.0000	same-scope	same-version-markers		review-together-never-auto-merge
REL-00460	exact-text-duplicate	R01-A1558	R01-A2462	R01	R01	R01-13	R01-14	1.0000	1.0000	1.0000	1.0000	same-scope	same-version-markers		review-together-never-auto-merge
REL-00461	exact-text-duplicate	R01-A1559	R01-A2463	R01	R01	R01-13	R01-14	1.0000	1.0000	1.0000	1.0000	same-scope	same-version-markers		review-together-never-auto-merge
REL-00462	exact-text-duplicate	R01-A1564	R01-A2468	R01	R01	R01-13	R01-14	1.0000	1.0000	1.0000	1.0000	same-scope	same-version-markers		review-together-never-auto-merge
REL-00463	exact-text-duplicate	R01-A1565	R01-A2469	R01	R01	R01-13	R01-14	1.0000	1.0000	1.0000	1.0000	same-scope	same-version-markers		review-together-never-auto-merge
REL-00464	exact-text-duplicate	R01-A1566	R01-A2470	R01	R01	R01-13	R01-14	1.0000	1.0000	1.0000	1.0000	same-scope	same-version-markers		review-together-never-auto-merge
REL-00465	exact-text-duplicate	R01-A1567	R01-A2471	R01	R01	R01-13	R01-14	1.0000	1.0000	1.0000	1.0000	same-scope	same-version-markers		review-together-never-auto-merge
REL-00466	exact-text-duplicate	R01-A1568	R01-A1878	R01	R01	R01-13	R01-13	1.0000	1.0000	1.0000	1.0000	same-scope	same-version-markers		review-together-never-auto-merge
REL-00467	exact-text-duplicate	R01-A1568	R01-A2472	R01	R01	R01-13	R01-14	1.0000	1.0000	1.0000	1.0000	same-scope	same-version-markers		review-together-never-auto-merge
REL-00468	exact-text-duplicate	R01-A1568	R01-A2778	R01	R01	R01-13	R01-14	1.0000	1.0000	1.0000	1.0000	same-scope	same-version-markers		review-together-never-auto-merge
REL-00469	exact-text-duplicate	R01-A1569	R01-A2473	R01	R01	R01-13	R01-14	1.0000	1.0000	1.0000	1.0000	same-scope	same-version-markers		review-together-never-auto-merge
REL-00470	exact-text-duplicate	R01-A1573	R01-A2475	R01	R01	R01-13	R01-14	1.0000	1.0000	1.0000	1.0000	same-scope	same-version-markers		review-together-never-auto-merge
REL-00471	exact-text-duplicate	R01-A1574	R01-A2476	R01	R01	R01-13	R01-14	1.0000	1.0000	1.0000	1.0000	same-scope	same-version-markers		review-together-never-auto-merge
REL-00472	exact-text-duplicate	R01-A1575	R01-A2477	R01	R01	R01-13	R01-14	1.0000	1.0000	1.0000	1.0000	same-scope	same-version-markers		review-together-never-auto-merge
REL-00473	exact-text-duplicate	R01-A1576	R01-A2478	R01	R01	R01-13	R01-14	1.0000	1.0000	1.0000	1.0000	same-scope	same-version-markers		review-together-never-auto-merge
REL-00474	exact-text-duplicate	R01-A1578	R01-A2480	R01	R01	R01-13	R01-14	1.0000	1.0000	1.0000	1.0000	same-scope	same-version-markers		review-together-never-auto-merge
REL-00475	exact-text-duplicate	R01-A1579	R01-A2481	R01	R01	R01-13	R01-14	1.0000	1.0000	1.0000	1.0000	same-scope	same-version-markers		review-together-never-auto-merge
REL-00476	exact-text-duplicate	R01-A1582	R01-A2484	R01	R01	R01-13	R01-14	1.0000	1.0000	1.0000	1.0000	same-scope	same-version-markers		review-together-never-auto-merge
REL-00477	exact-text-duplicate	R01-A1585	R01-A2485	R01	R01	R01-13	R01-14	1.0000	1.0000	1.0000	1.0000	same-scope	same-version-markers		review-together-never-auto-merge
REL-00478	exact-text-duplicate	R01-A1587	R01-A2487	R01	R01	R01-13	R01-14	1.0000	1.0000	1.0000	1.0000	same-scope	same-version-markers		review-together-never-auto-merge
REL-00479	exact-text-duplicate	R01-A1588	R01-A2488	R01	R01	R01-13	R01-14	1.0000	1.0000	1.0000	1.0000	same-scope	same-version-markers		review-together-never-auto-merge
REL-00480	exact-text-duplicate	R01-A1590	R01-A2490	R01	R01	R01-13	R01-14	1.0000	1.0000	1.0000	1.0000	same-scope	same-version-markers		review-together-never-auto-merge
REL-00481	exact-text-duplicate	R01-A1593	R01-A2493	R01	R01	R01-13	R01-14	1.0000	1.0000	1.0000	1.0000	same-scope	same-version-markers		review-together-never-auto-merge
REL-00482	exact-text-duplicate	R01-A1594	R01-A2494	R01	R01	R01-13	R01-14	1.0000	1.0000	1.0000	1.0000	same-scope	same-version-markers		review-together-never-auto-merge
REL-00483	exact-text-duplicate	R01-A1595	R01-A2495	R01	R01	R01-13	R01-14	1.0000	1.0000	1.0000	1.0000	same-scope	same-version-markers		review-together-never-auto-merge
REL-00484	exact-text-duplicate	R01-A1596	R01-A2496	R01	R01	R01-13	R01-14	1.0000	1.0000	1.0000	1.0000	same-scope	same-version-markers		review-together-never-auto-merge
REL-00485	exact-text-duplicate	R01-A1597	R01-A2497	R01	R01	R01-13	R01-14	1.0000	1.0000	1.0000	1.0000	same-scope	same-version-markers		review-together-never-auto-merge
REL-00486	exact-text-duplicate	R01-A1598	R01-A2498	R01	R01	R01-13	R01-14	1.0000	1.0000	1.0000	1.0000	same-scope	same-version-markers		review-together-never-auto-merge
REL-00487	exact-text-duplicate	R01-A1599	R01-A2499	R01	R01	R01-13	R01-14	1.0000	1.0000	1.0000	1.0000	same-scope	same-version-markers		review-together-never-auto-merge
REL-00488	exact-text-duplicate	R01-A1600	R01-A2500	R01	R01	R01-13	R01-14	1.0000	1.0000	1.0000	1.0000	same-scope	same-version-markers		review-together-never-auto-merge
REL-00489	exact-text-duplicate	R01-A1602	R01-A2502	R01	R01	R01-13	R01-14	1.0000	1.0000	1.0000	1.0000	same-scope	same-version-markers		review-together-never-auto-merge
REL-00490	exact-text-duplicate	R01-A1603	R01-A2503	R01	R01	R01-13	R01-14	1.0000	1.0000	1.0000	1.0000	same-scope	same-version-markers		review-together-never-auto-merge
REL-00491	exact-text-duplicate	R01-A1605	R01-A2505	R01	R01	R01-13	R01-14	1.0000	1.0000	1.0000	1.0000	same-scope	same-version-markers		review-together-never-auto-merge
REL-00492	exact-text-duplicate	R01-A1606	R01-A2506	R01	R01	R01-13	R01-14	1.0000	1.0000	1.0000	1.0000	same-scope	same-version-markers		review-together-never-auto-merge
REL-00493	exact-text-duplicate	R01-A1607	R01-A2507	R01	R01	R01-13	R01-14	1.0000	1.0000	1.0000	1.0000	same-scope	same-version-markers		review-together-never-auto-merge
REL-00494	exact-text-duplicate	R01-A1608	R01-A2508	R01	R01	R01-13	R01-14	1.0000	1.0000	1.0000	1.0000	same-scope	same-version-markers		review-together-never-auto-merge
REL-00495	exact-text-duplicate	R01-A1609	R01-A2509	R01	R01	R01-13	R01-14	1.0000	1.0000	1.0000	1.0000	same-scope	same-version-markers		review-together-never-auto-merge
REL-00496	exact-text-duplicate	R01-A1612	R01-A2512	R01	R01	R01-13	R01-14	1.0000	1.0000	1.0000	1.0000	same-scope	same-version-markers		review-together-never-auto-merge
REL-00497	exact-text-duplicate	R01-A1613	R01-A2513	R01	R01	R01-13	R01-14	1.0000	1.0000	1.0000	1.0000	same-scope	same-version-markers		review-together-never-auto-merge
REL-00498	exact-text-duplicate	R01-A1614	R01-A2514	R01	R01	R01-13	R01-14	1.0000	1.0000	1.0000	1.0000	same-scope	same-version-markers		review-together-never-auto-merge
REL-00499	exact-text-duplicate	R01-A1615	R01-A2515	R01	R01	R01-13	R01-14	1.0000	1.0000	1.0000	1.0000	same-scope	same-version-markers		review-together-never-auto-merge
REL-00500	exact-text-duplicate	R01-A1617	R01-A2517	R01	R01	R01-13	R01-14	1.0000	1.0000	1.0000	1.0000	same-scope	same-version-markers		review-together-never-auto-merge
REL-00501	exact-text-duplicate	R01-A1618	R01-A2518	R01	R01	R01-13	R01-14	1.0000	1.0000	1.0000	1.0000	same-scope	same-version-markers		review-together-never-auto-merge
REL-00502	exact-text-duplicate	R01-A1622	R01-A2521	R01	R01	R01-13	R01-14	1.0000	1.0000	1.0000	1.0000	same-scope	same-version-markers		review-together-never-auto-merge
REL-00503	exact-text-duplicate	R01-A1623	R01-A2522	R01	R01	R01-13	R01-14	1.0000	1.0000	1.0000	1.0000	same-scope	same-version-markers		review-together-never-auto-merge
REL-00504	exact-text-duplicate	R01-A1624	R01-A2523	R01	R01	R01-13	R01-14	1.0000	1.0000	1.0000	1.0000	same-scope	same-version-markers		review-together-never-auto-merge
REL-00505	exact-text-duplicate	R01-A1625	R01-A2524	R01	R01	R01-13	R01-14	1.0000	1.0000	1.0000	1.0000	same-scope	same-version-markers		review-together-never-auto-merge
REL-00506	exact-text-duplicate	R01-A1626	R01-A2525	R01	R01	R01-13	R01-14	1.0000	1.0000	1.0000	1.0000	same-scope	same-version-markers		review-together-never-auto-merge
REL-00507	exact-text-duplicate	R01-A1627	R01-A2527	R01	R01	R01-13	R01-14	1.0000	1.0000	1.0000	1.0000	same-scope	same-version-markers		review-together-never-auto-merge
REL-00508	exact-text-duplicate	R01-A1630	R01-A2530	R01	R01	R01-13	R01-14	1.0000	1.0000	1.0000	1.0000	same-scope	same-version-markers		review-together-never-auto-merge
REL-00509	exact-text-duplicate	R01-A1631	R01-A2531	R01	R01	R01-13	R01-14	1.0000	1.0000	1.0000	1.0000	same-scope	same-version-markers		review-together-never-auto-merge
REL-00510	exact-text-duplicate	R01-A1632	R01-A2532	R01	R01	R01-13	R01-14	1.0000	1.0000	1.0000	1.0000	same-scope	same-version-markers		review-together-never-auto-merge
REL-00511	exact-text-duplicate	R01-A1633	R01-A2533	R01	R01	R01-13	R01-14	1.0000	1.0000	1.0000	1.0000	same-scope	same-version-markers		review-together-never-auto-merge
REL-00512	exact-text-duplicate	R01-A1634	R01-A2534	R01	R01	R01-13	R01-14	1.0000	1.0000	1.0000	1.0000	same-scope	same-version-markers		review-together-never-auto-merge
REL-00513	exact-text-duplicate	R01-A1636	R01-A2536	R01	R01	R01-13	R01-14	1.0000	1.0000	1.0000	1.0000	same-scope	same-version-markers		review-together-never-auto-merge
REL-00514	exact-text-duplicate	R01-A1637	R01-A2537	R01	R01	R01-13	R01-14	1.0000	1.0000	1.0000	1.0000	same-scope	same-version-markers		review-together-never-auto-merge
REL-00515	exact-text-duplicate	R01-A1639	R01-A2539	R01	R01	R01-13	R01-14	1.0000	1.0000	1.0000	1.0000	same-scope	same-version-markers		review-together-never-auto-merge
REL-00516	exact-text-duplicate	R01-A1640	R01-A2540	R01	R01	R01-13	R01-14	1.0000	1.0000	1.0000	1.0000	same-scope	same-version-markers		review-together-never-auto-merge
REL-00517	exact-text-duplicate	R01-A1641	R01-A2541	R01	R01	R01-13	R01-14	1.0000	1.0000	1.0000	1.0000	same-scope	same-version-markers		review-together-never-auto-merge
REL-00518	exact-text-duplicate	R01-A1642	R01-A2542	R01	R01	R01-13	R01-14	1.0000	1.0000	1.0000	1.0000	same-scope	same-version-markers		review-together-never-auto-merge
REL-00519	exact-text-duplicate	R01-A1645	R01-A2545	R01	R01	R01-13	R01-14	1.0000	1.0000	1.0000	1.0000	same-scope	same-version-markers		review-together-never-auto-merge
REL-00520	exact-text-duplicate	R01-A1646	R01-A2546	R01	R01	R01-13	R01-14	1.0000	1.0000	1.0000	1.0000	same-scope	same-version-markers		review-together-never-auto-merge
REL-00521	exact-text-duplicate	R01-A1647	R01-A2547	R01	R01	R01-13	R01-14	1.0000	1.0000	1.0000	1.0000	same-scope	same-version-markers		review-together-never-auto-merge
REL-00522	exact-text-duplicate	R01-A1648	R01-A2548	R01	R01	R01-13	R01-14	1.0000	1.0000	1.0000	1.0000	same-scope	same-version-markers		review-together-never-auto-merge
REL-00523	exact-text-duplicate	R01-A1649	R01-A2549	R01	R01	R01-13	R01-14	1.0000	1.0000	1.0000	1.0000	same-scope	same-version-markers		review-together-never-auto-merge
REL-00524	exact-text-duplicate	R01-A1651	R01-A2551	R01	R01	R01-13	R01-14	1.0000	1.0000	1.0000	1.0000	same-scope	same-version-markers		review-together-never-auto-merge
REL-00525	exact-text-duplicate	R01-A1652	R01-A2552	R01	R01	R01-13	R01-14	1.0000	1.0000	1.0000	1.0000	same-scope	same-version-markers		review-together-never-auto-merge
REL-00526	exact-text-duplicate	R01-A1654	R01-A2554	R01	R01	R01-13	R01-14	1.0000	1.0000	1.0000	1.0000	same-scope	same-version-markers		review-together-never-auto-merge
REL-00527	exact-text-duplicate	R01-A1655	R01-A2555	R01	R01	R01-13	R01-14	1.0000	1.0000	1.0000	1.0000	same-scope	same-version-markers		review-together-never-auto-merge
REL-00528	exact-text-duplicate	R01-A1656	R01-A2556	R01	R01	R01-13	R01-14	1.0000	1.0000	1.0000	1.0000	same-scope	same-version-markers		review-together-never-auto-merge
REL-00529	exact-text-duplicate	R01-A1658	R01-A2558	R01	R01	R01-13	R01-14	1.0000	1.0000	1.0000	1.0000	same-scope	same-version-markers		review-together-never-auto-merge
REL-00530	exact-text-duplicate	R01-A1660	R01-A2560	R01	R01	R01-13	R01-14	1.0000	1.0000	1.0000	1.0000	same-scope	same-version-markers		review-together-never-auto-merge
REL-00531	exact-text-duplicate	R01-A1661	R01-A2561	R01	R01	R01-13	R01-14	1.0000	1.0000	1.0000	1.0000	same-scope	same-version-markers		review-together-never-auto-merge
REL-00532	exact-text-duplicate	R01-A1662	R01-A2562	R01	R01	R01-13	R01-14	1.0000	1.0000	1.0000	1.0000	same-scope	same-version-markers		review-together-never-auto-merge
REL-00533	exact-text-duplicate	R01-A1663	R01-A2563	R01	R01	R01-13	R01-14	1.0000	1.0000	1.0000	1.0000	same-scope	same-version-markers		review-together-never-auto-merge
REL-00534	exact-text-duplicate	R01-A1664	R01-A2564	R01	R01	R01-13	R01-14	1.0000	1.0000	1.0000	1.0000	same-scope	same-version-markers		review-together-never-auto-merge
REL-00535	exact-text-duplicate	R01-A1665	R01-A2565	R01	R01	R01-13	R01-14	1.0000	1.0000	1.0000	1.0000	same-scope	same-version-markers		review-together-never-auto-merge
REL-00536	exact-text-duplicate	R01-A1666	R01-A2566	R01	R01	R01-13	R01-14	1.0000	1.0000	1.0000	1.0000	same-scope	same-version-markers		review-together-never-auto-merge
REL-00537	exact-text-duplicate	R01-A1668	R01-A2568	R01	R01	R01-13	R01-14	1.0000	1.0000	1.0000	1.0000	same-scope	same-version-markers		review-together-never-auto-merge
REL-00538	exact-text-duplicate	R01-A1669	R01-A2569	R01	R01	R01-13	R01-14	1.0000	1.0000	1.0000	1.0000	same-scope	same-version-markers		review-together-never-auto-merge
REL-00539	exact-text-duplicate	R01-A1670	R01-A2570	R01	R01	R01-13	R01-14	1.0000	1.0000	1.0000	1.0000	same-scope	same-version-markers		review-together-never-auto-merge
REL-00540	exact-text-duplicate	R01-A1672	R01-A2572	R01	R01	R01-13	R01-14	1.0000	1.0000	1.0000	1.0000	same-scope	same-version-markers		review-together-never-auto-merge
REL-00541	exact-text-duplicate	R01-A1674	R01-A2574	R01	R01	R01-13	R01-14	1.0000	1.0000	1.0000	1.0000	same-scope	same-version-markers		review-together-never-auto-merge
REL-00542	exact-text-duplicate	R01-A1675	R01-A2575	R01	R01	R01-13	R01-14	1.0000	1.0000	1.0000	1.0000	same-scope	same-version-markers		review-together-never-auto-merge
REL-00543	exact-text-duplicate	R01-A1678	R01-A2578	R01	R01	R01-13	R01-14	1.0000	1.0000	1.0000	1.0000	same-scope	same-version-markers		review-together-never-auto-merge
REL-00544	exact-text-duplicate	R01-A1679	R01-A2579	R01	R01	R01-13	R01-14	1.0000	1.0000	1.0000	1.0000	same-scope	same-version-markers		review-together-never-auto-merge
REL-00545	exact-text-duplicate	R01-A1680	R01-A2580	R01	R01	R01-13	R01-14	1.0000	1.0000	1.0000	1.0000	same-scope	same-version-markers		review-together-never-auto-merge
REL-00546	exact-text-duplicate	R01-A1681	R01-A2581	R01	R01	R01-13	R01-14	1.0000	1.0000	1.0000	1.0000	same-scope	same-version-markers		review-together-never-auto-merge
REL-00547	exact-text-duplicate	R01-A1682	R01-A2582	R01	R01	R01-13	R01-14	1.0000	1.0000	1.0000	1.0000	same-scope	same-version-markers		review-together-never-auto-merge
REL-00548	exact-text-duplicate	R01-A1683	R01-A2583	R01	R01	R01-13	R01-14	1.0000	1.0000	1.0000	1.0000	same-scope	same-version-markers		review-together-never-auto-merge
REL-00549	exact-text-duplicate	R01-A1684	R01-A2584	R01	R01	R01-13	R01-14	1.0000	1.0000	1.0000	1.0000	same-scope	same-version-markers		review-together-never-auto-merge
REL-00550	exact-text-duplicate	R01-A1686	R01-A2586	R01	R01	R01-13	R01-14	1.0000	1.0000	1.0000	1.0000	same-scope	same-version-markers		review-together-never-auto-merge
REL-00551	exact-text-duplicate	R01-A1687	R01-A2587	R01	R01	R01-13	R01-14	1.0000	1.0000	1.0000	1.0000	same-scope	same-version-markers		review-together-never-auto-merge
REL-00552	exact-text-duplicate	R01-A1689	R01-A2589	R01	R01	R01-13	R01-14	1.0000	1.0000	1.0000	1.0000	same-scope	same-version-markers		review-together-never-auto-merge
REL-00553	exact-text-duplicate	R01-A1691	R01-A1706	R01	R01	R01-13	R01-13	1.0000	1.0000	1.0000	1.0000	same-scope	same-version-markers		review-together-never-auto-merge
REL-00554	exact-text-duplicate	R01-A1691	R01-A1719	R01	R01	R01-13	R01-13	1.0000	1.0000	1.0000	1.0000	same-scope	same-version-markers		review-together-never-auto-merge
REL-00555	exact-text-duplicate	R01-A1691	R01-A1731	R01	R01	R01-13	R01-13	1.0000	1.0000	1.0000	1.0000	same-scope	same-version-markers		review-together-never-auto-merge
REL-00556	exact-text-duplicate	R01-A1691	R01-A1761	R01	R01	R01-13	R01-13	1.0000	1.0000	1.0000	1.0000	same-scope	same-version-markers		review-together-never-auto-merge
REL-00557	exact-text-duplicate	R01-A1691	R01-A1787	R01	R01	R01-13	R01-13	1.0000	1.0000	1.0000	1.0000	same-scope	same-version-markers		review-together-never-auto-merge
REL-00558	exact-text-duplicate	R01-A1691	R01-A1827	R01	R01	R01-13	R01-13	1.0000	1.0000	1.0000	1.0000	same-scope	same-version-markers		review-together-never-auto-merge
REL-00559	exact-text-duplicate	R01-A1691	R01-A2591	R01	R01	R01-13	R01-14	1.0000	1.0000	1.0000	1.0000	same-scope	same-version-markers		review-together-never-auto-merge
REL-00560	exact-text-duplicate	R01-A1691	R01-A2606	R01	R01	R01-13	R01-14	1.0000	1.0000	1.0000	1.0000	same-scope	same-version-markers		review-together-never-auto-merge
REL-00561	exact-text-duplicate	R01-A1691	R01-A2619	R01	R01	R01-13	R01-14	1.0000	1.0000	1.0000	1.0000	same-scope	same-version-markers		review-together-never-auto-merge
REL-00562	exact-text-duplicate	R01-A1691	R01-A2631	R01	R01	R01-13	R01-14	1.0000	1.0000	1.0000	1.0000	same-scope	same-version-markers		review-together-never-auto-merge
REL-00563	exact-text-duplicate	R01-A1691	R01-A2661	R01	R01	R01-13	R01-14	1.0000	1.0000	1.0000	1.0000	same-scope	same-version-markers		review-together-never-auto-merge
REL-00564	exact-text-duplicate	R01-A1691	R01-A2687	R01	R01	R01-13	R01-14	1.0000	1.0000	1.0000	1.0000	same-scope	same-version-markers		review-together-never-auto-merge
REL-00565	exact-text-duplicate	R01-A1691	R01-A2727	R01	R01	R01-13	R01-14	1.0000	1.0000	1.0000	1.0000	same-scope	same-version-markers		review-together-never-auto-merge
REL-00566	exact-text-duplicate	R01-A1694	R01-A2594	R01	R01	R01-13	R01-14	1.0000	1.0000	1.0000	1.0000	same-scope	same-version-markers		review-together-never-auto-merge
REL-00567	exact-text-duplicate	R01-A1695	R01-A2595	R01	R01	R01-13	R01-14	1.0000	1.0000	1.0000	1.0000	same-scope	same-version-markers		review-together-never-auto-merge
REL-00568	exact-text-duplicate	R01-A1696	R01-A2596	R01	R01	R01-13	R01-14	1.0000	1.0000	1.0000	1.0000	same-scope	same-version-markers		review-together-never-auto-merge
REL-00569	exact-text-duplicate	R01-A1697	R01-A2597	R01	R01	R01-13	R01-14	1.0000	1.0000	1.0000	1.0000	same-scope	same-version-markers		review-together-never-auto-merge
REL-00570	exact-text-duplicate	R01-A1698	R01-A2598	R01	R01	R01-13	R01-14	1.0000	1.0000	1.0000	1.0000	same-scope	same-version-markers		review-together-never-auto-merge
REL-00571	exact-text-duplicate	R01-A1699	R01-A2599	R01	R01	R01-13	R01-14	1.0000	1.0000	1.0000	1.0000	same-scope	same-version-markers		review-together-never-auto-merge
REL-00572	exact-text-duplicate	R01-A1701	R01-A2601	R01	R01	R01-13	R01-14	1.0000	1.0000	1.0000	1.0000	same-scope	same-version-markers		review-together-never-auto-merge
REL-00573	exact-text-duplicate	R01-A1702	R01-A2602	R01	R01	R01-13	R01-14	1.0000	1.0000	1.0000	1.0000	same-scope	same-version-markers		review-together-never-auto-merge
REL-00574	exact-text-duplicate	R01-A1703	R01-A2603	R01	R01	R01-13	R01-14	1.0000	1.0000	1.0000	1.0000	same-scope	same-version-markers		review-together-never-auto-merge
REL-00575	exact-text-duplicate	R01-A1704	R01-A2604	R01	R01	R01-13	R01-14	1.0000	1.0000	1.0000	1.0000	same-scope	same-version-markers		review-together-never-auto-merge
REL-00576	exact-text-duplicate	R01-A1709	R01-A2609	R01	R01	R01-13	R01-14	1.0000	1.0000	1.0000	1.0000	same-scope	same-version-markers		review-together-never-auto-merge
REL-00577	exact-text-duplicate	R01-A1710	R01-A2610	R01	R01	R01-13	R01-14	1.0000	1.0000	1.0000	1.0000	same-scope	same-version-markers		review-together-never-auto-merge
REL-00578	exact-text-duplicate	R01-A1711	R01-A2611	R01	R01	R01-13	R01-14	1.0000	1.0000	1.0000	1.0000	same-scope	same-version-markers		review-together-never-auto-merge
REL-00579	exact-text-duplicate	R01-A1712	R01-A2612	R01	R01	R01-13	R01-14	1.0000	1.0000	1.0000	1.0000	same-scope	same-version-markers		review-together-never-auto-merge
REL-00580	exact-text-duplicate	R01-A1713	R01-A2613	R01	R01	R01-13	R01-14	1.0000	1.0000	1.0000	1.0000	same-scope	same-version-markers		review-together-never-auto-merge
REL-00581	exact-text-duplicate	R01-A1714	R01-A2614	R01	R01	R01-13	R01-14	1.0000	1.0000	1.0000	1.0000	same-scope	same-version-markers		review-together-never-auto-merge
REL-00582	exact-text-duplicate	R01-A1716	R01-A2616	R01	R01	R01-13	R01-14	1.0000	1.0000	1.0000	1.0000	same-scope	same-version-markers		review-together-never-auto-merge
REL-00583	exact-text-duplicate	R01-A1717	R01-A2617	R01	R01	R01-13	R01-14	1.0000	1.0000	1.0000	1.0000	same-scope	same-version-markers		review-together-never-auto-merge
REL-00584	exact-text-duplicate	R01-A1722	R01-A2622	R01	R01	R01-13	R01-14	1.0000	1.0000	1.0000	1.0000	same-scope	same-version-markers		review-together-never-auto-merge
REL-00585	exact-text-duplicate	R01-A1723	R01-A2623	R01	R01	R01-13	R01-14	1.0000	1.0000	1.0000	1.0000	same-scope	same-version-markers		review-together-never-auto-merge
REL-00586	exact-text-duplicate	R01-A1724	R01-A2624	R01	R01	R01-13	R01-14	1.0000	1.0000	1.0000	1.0000	same-scope	same-version-markers		review-together-never-auto-merge
REL-00587	exact-text-duplicate	R01-A1725	R01-A2625	R01	R01	R01-13	R01-14	1.0000	1.0000	1.0000	1.0000	same-scope	same-version-markers		review-together-never-auto-merge
REL-00588	exact-text-duplicate	R01-A1726	R01-A2626	R01	R01	R01-13	R01-14	1.0000	1.0000	1.0000	1.0000	same-scope	same-version-markers		review-together-never-auto-merge
REL-00589	exact-text-duplicate	R01-A1728	R01-A2628	R01	R01	R01-13	R01-14	1.0000	1.0000	1.0000	1.0000	same-scope	same-version-markers		review-together-never-auto-merge
REL-00590	exact-text-duplicate	R01-A1729	R01-A2629	R01	R01	R01-13	R01-14	1.0000	1.0000	1.0000	1.0000	same-scope	same-version-markers		review-together-never-auto-merge
REL-00591	exact-text-duplicate	R01-A1734	R01-A2634	R01	R01	R01-13	R01-14	1.0000	1.0000	1.0000	1.0000	same-scope	same-version-markers		review-together-never-auto-merge
REL-00592	exact-text-duplicate	R01-A1735	R01-A2635	R01	R01	R01-13	R01-14	1.0000	1.0000	1.0000	1.0000	same-scope	same-version-markers		review-together-never-auto-merge
REL-00593	exact-text-duplicate	R01-A1736	R01-A2636	R01	R01	R01-13	R01-14	1.0000	1.0000	1.0000	1.0000	same-scope	same-version-markers		review-together-never-auto-merge
REL-00594	exact-text-duplicate	R01-A1737	R01-A2637	R01	R01	R01-13	R01-14	1.0000	1.0000	1.0000	1.0000	same-scope	same-version-markers		review-together-never-auto-merge
REL-00595	exact-text-duplicate	R01-A1738	R01-A2638	R01	R01	R01-13	R01-14	1.0000	1.0000	1.0000	1.0000	same-scope	same-version-markers		review-together-never-auto-merge
REL-00596	exact-text-duplicate	R01-A1740	R01-A2640	R01	R01	R01-13	R01-14	1.0000	1.0000	1.0000	1.0000	same-scope	same-version-markers		review-together-never-auto-merge
REL-00597	exact-text-duplicate	R01-A1742	R01-A2642	R01	R01	R01-13	R01-14	1.0000	1.0000	1.0000	1.0000	same-scope	same-version-markers		review-together-never-auto-merge
REL-00598	exact-text-duplicate	R01-A1743	R01-A2643	R01	R01	R01-13	R01-14	1.0000	1.0000	1.0000	1.0000	same-scope	same-version-markers		review-together-never-auto-merge
REL-00599	exact-text-duplicate	R01-A1744	R01-A2644	R01	R01	R01-13	R01-14	1.0000	1.0000	1.0000	1.0000	same-scope	same-version-markers		review-together-never-auto-merge
REL-00600	exact-text-duplicate	R01-A1747	R01-A2647	R01	R01	R01-13	R01-14	1.0000	1.0000	1.0000	1.0000	same-scope	same-version-markers		review-together-never-auto-merge
REL-00601	exact-text-duplicate	R01-A1748	R01-A2648	R01	R01	R01-13	R01-14	1.0000	1.0000	1.0000	1.0000	same-scope	same-version-markers		review-together-never-auto-merge
REL-00602	exact-text-duplicate	R01-A1749	R01-A2649	R01	R01	R01-13	R01-14	1.0000	1.0000	1.0000	1.0000	same-scope	same-version-markers		review-together-never-auto-merge
REL-00603	exact-text-duplicate	R01-A1750	R01-A2650	R01	R01	R01-13	R01-14	1.0000	1.0000	1.0000	1.0000	same-scope	same-version-markers		review-together-never-auto-merge
REL-00604	exact-text-duplicate	R01-A1751	R01-A2651	R01	R01	R01-13	R01-14	1.0000	1.0000	1.0000	1.0000	same-scope	same-version-markers		review-together-never-auto-merge
REL-00605	exact-text-duplicate	R01-A1752	R01-A2652	R01	R01	R01-13	R01-14	1.0000	1.0000	1.0000	1.0000	same-scope	same-version-markers		review-together-never-auto-merge
REL-00606	exact-text-duplicate	R01-A1753	R01-A2653	R01	R01	R01-13	R01-14	1.0000	1.0000	1.0000	1.0000	same-scope	same-version-markers		review-together-never-auto-merge
REL-00607	exact-text-duplicate	R01-A1754	R01-A2654	R01	R01	R01-13	R01-14	1.0000	1.0000	1.0000	1.0000	same-scope	same-version-markers		review-together-never-auto-merge
REL-00608	exact-text-duplicate	R01-A1755	R01-A2655	R01	R01	R01-13	R01-14	1.0000	1.0000	1.0000	1.0000	same-scope	same-version-markers		review-together-never-auto-merge
REL-00609	exact-text-duplicate	R01-A1757	R01-A2657	R01	R01	R01-13	R01-14	1.0000	1.0000	1.0000	1.0000	same-scope	same-version-markers		review-together-never-auto-merge
REL-00610	exact-text-duplicate	R01-A1758	R01-A2658	R01	R01	R01-13	R01-14	1.0000	1.0000	1.0000	1.0000	same-scope	same-version-markers		review-together-never-auto-merge
REL-00611	exact-text-duplicate	R01-A1759	R01-A2659	R01	R01	R01-13	R01-14	1.0000	1.0000	1.0000	1.0000	same-scope	same-version-markers		review-together-never-auto-merge
REL-00612	exact-text-duplicate	R01-A1764	R01-A2664	R01	R01	R01-13	R01-14	1.0000	1.0000	1.0000	1.0000	same-scope	same-version-markers		review-together-never-auto-merge
REL-00613	exact-text-duplicate	R01-A1765	R01-A2665	R01	R01	R01-13	R01-14	1.0000	1.0000	1.0000	1.0000	same-scope	same-version-markers		review-together-never-auto-merge
REL-00614	exact-text-duplicate	R01-A1766	R01-A2666	R01	R01	R01-13	R01-14	1.0000	1.0000	1.0000	1.0000	same-scope	same-version-markers		review-together-never-auto-merge
REL-00615	exact-text-duplicate	R01-A1767	R01-A2667	R01	R01	R01-13	R01-14	1.0000	1.0000	1.0000	1.0000	same-scope	same-version-markers		review-together-never-auto-merge
REL-00616	exact-text-duplicate	R01-A1768	R01-A2668	R01	R01	R01-13	R01-14	1.0000	1.0000	1.0000	1.0000	same-scope	same-version-markers		review-together-never-auto-merge
REL-00617	exact-text-duplicate	R01-A1769	R01-A2669	R01	R01	R01-13	R01-14	1.0000	1.0000	1.0000	1.0000	same-scope	same-version-markers		review-together-never-auto-merge
REL-00618	exact-text-duplicate	R01-A1771	R01-A2671	R01	R01	R01-13	R01-14	1.0000	1.0000	1.0000	1.0000	same-scope	same-version-markers		review-together-never-auto-merge
REL-00619	exact-text-duplicate	R01-A1774	R01-A2674	R01	R01	R01-13	R01-14	1.0000	1.0000	1.0000	1.0000	same-scope	same-version-markers		review-together-never-auto-merge
REL-00620	exact-text-duplicate	R01-A1777	R01-A2677	R01	R01	R01-13	R01-14	1.0000	1.0000	1.0000	1.0000	same-scope	same-version-markers		review-together-never-auto-merge
REL-00621	exact-text-duplicate	R01-A1778	R01-A2678	R01	R01	R01-13	R01-14	1.0000	1.0000	1.0000	1.0000	same-scope	same-version-markers		review-together-never-auto-merge
REL-00622	exact-text-duplicate	R01-A1779	R01-A2679	R01	R01	R01-13	R01-14	1.0000	1.0000	1.0000	1.0000	same-scope	same-version-markers		review-together-never-auto-merge
REL-00623	exact-text-duplicate	R01-A1780	R01-A2680	R01	R01	R01-13	R01-14	1.0000	1.0000	1.0000	1.0000	same-scope	same-version-markers		review-together-never-auto-merge
REL-00624	exact-text-duplicate	R01-A1781	R01-A2681	R01	R01	R01-13	R01-14	1.0000	1.0000	1.0000	1.0000	same-scope	same-version-markers		review-together-never-auto-merge
REL-00625	exact-text-duplicate	R01-A1782	R01-A2682	R01	R01	R01-13	R01-14	1.0000	1.0000	1.0000	1.0000	same-scope	same-version-markers		review-together-never-auto-merge
REL-00626	exact-text-duplicate	R01-A1783	R01-A2683	R01	R01	R01-13	R01-14	1.0000	1.0000	1.0000	1.0000	same-scope	same-version-markers		review-together-never-auto-merge
REL-00627	exact-text-duplicate	R01-A1785	R01-A2685	R01	R01	R01-13	R01-14	1.0000	1.0000	1.0000	1.0000	same-scope	same-version-markers		review-together-never-auto-merge
REL-00628	exact-text-duplicate	R01-A1790	R01-A2690	R01	R01	R01-13	R01-14	1.0000	1.0000	1.0000	1.0000	same-scope	same-version-markers		review-together-never-auto-merge
REL-00629	exact-text-duplicate	R01-A1791	R01-A2691	R01	R01	R01-13	R01-14	1.0000	1.0000	1.0000	1.0000	same-scope	same-version-markers		review-together-never-auto-merge
REL-00630	exact-text-duplicate	R01-A1792	R01-A2692	R01	R01	R01-13	R01-14	1.0000	1.0000	1.0000	1.0000	same-scope	same-version-markers		review-together-never-auto-merge
REL-00631	exact-text-duplicate	R01-A1793	R01-A2693	R01	R01	R01-13	R01-14	1.0000	1.0000	1.0000	1.0000	same-scope	same-version-markers		review-together-never-auto-merge
REL-00632	exact-text-duplicate	R01-A1794	R01-A2694	R01	R01	R01-13	R01-14	1.0000	1.0000	1.0000	1.0000	same-scope	same-version-markers		review-together-never-auto-merge
REL-00633	exact-text-duplicate	R01-A1795	R01-A2695	R01	R01	R01-13	R01-14	1.0000	1.0000	1.0000	1.0000	same-scope	same-version-markers		review-together-never-auto-merge
REL-00634	exact-text-duplicate	R01-A1796	R01-A2696	R01	R01	R01-13	R01-14	1.0000	1.0000	1.0000	1.0000	same-scope	same-version-markers		review-together-never-auto-merge
REL-00635	exact-text-duplicate	R01-A1798	R01-A2698	R01	R01	R01-13	R01-14	1.0000	1.0000	1.0000	1.0000	same-scope	same-version-markers		review-together-never-auto-merge
REL-00636	exact-text-duplicate	R01-A1799	R01-A2699	R01	R01	R01-13	R01-14	1.0000	1.0000	1.0000	1.0000	same-scope	same-version-markers		review-together-never-auto-merge
REL-00637	exact-text-duplicate	R01-A1800	R01-A2700	R01	R01	R01-13	R01-14	1.0000	1.0000	1.0000	1.0000	same-scope	same-version-markers		review-together-never-auto-merge
REL-00638	exact-text-duplicate	R01-A1801	R01-A2701	R01	R01	R01-13	R01-14	1.0000	1.0000	1.0000	1.0000	same-scope	same-version-markers		review-together-never-auto-merge
REL-00639	exact-text-duplicate	R01-A1803	R01-A2703	R01	R01	R01-13	R01-14	1.0000	1.0000	1.0000	1.0000	same-scope	same-version-markers		review-together-never-auto-merge
REL-00640	exact-text-duplicate	R01-A1806	R01-A2706	R01	R01	R01-13	R01-14	1.0000	1.0000	1.0000	1.0000	same-scope	same-version-markers		review-together-never-auto-merge
REL-00641	exact-text-duplicate	R01-A1807	R01-A2707	R01	R01	R01-13	R01-14	1.0000	1.0000	1.0000	1.0000	same-scope	same-version-markers		review-together-never-auto-merge
REL-00642	exact-text-duplicate	R01-A1808	R01-A2708	R01	R01	R01-13	R01-14	1.0000	1.0000	1.0000	1.0000	same-scope	same-version-markers		review-together-never-auto-merge
REL-00643	exact-text-duplicate	R01-A1809	R01-A2709	R01	R01	R01-13	R01-14	1.0000	1.0000	1.0000	1.0000	same-scope	same-version-markers		review-together-never-auto-merge
REL-00644	exact-text-duplicate	R01-A1810	R01-A2710	R01	R01	R01-13	R01-14	1.0000	1.0000	1.0000	1.0000	same-scope	same-version-markers		review-together-never-auto-merge
REL-00645	exact-text-duplicate	R01-A1811	R01-A2711	R01	R01	R01-13	R01-14	1.0000	1.0000	1.0000	1.0000	same-scope	same-version-markers		review-together-never-auto-merge
REL-00646	exact-text-duplicate	R01-A1813	R01-A2713	R01	R01	R01-13	R01-14	1.0000	1.0000	1.0000	1.0000	same-scope	same-version-markers		review-together-never-auto-merge
REL-00647	exact-text-duplicate	R01-A1815	R01-A2715	R01	R01	R01-13	R01-14	1.0000	1.0000	1.0000	1.0000	same-scope	same-version-markers		review-together-never-auto-merge
REL-00648	exact-text-duplicate	R01-A1818	R01-A2718	R01	R01	R01-13	R01-14	1.0000	1.0000	1.0000	1.0000	same-scope	same-version-markers		review-together-never-auto-merge
REL-00649	exact-text-duplicate	R01-A1819	R01-A2719	R01	R01	R01-13	R01-14	1.0000	1.0000	1.0000	1.0000	same-scope	same-version-markers		review-together-never-auto-merge
REL-00650	exact-text-duplicate	R01-A1820	R01-A2720	R01	R01	R01-13	R01-14	1.0000	1.0000	1.0000	1.0000	same-scope	same-version-markers		review-together-never-auto-merge
REL-00651	exact-text-duplicate	R01-A1821	R01-A2721	R01	R01	R01-13	R01-14	1.0000	1.0000	1.0000	1.0000	same-scope	same-version-markers		review-together-never-auto-merge
REL-00652	exact-text-duplicate	R01-A1822	R01-A2722	R01	R01	R01-13	R01-14	1.0000	1.0000	1.0000	1.0000	same-scope	same-version-markers		review-together-never-auto-merge
REL-00653	exact-text-duplicate	R01-A1823	R01-A2723	R01	R01	R01-13	R01-14	1.0000	1.0000	1.0000	1.0000	same-scope	same-version-markers		review-together-never-auto-merge
REL-00654	exact-text-duplicate	R01-A1825	R01-A2725	R01	R01	R01-13	R01-14	1.0000	1.0000	1.0000	1.0000	same-scope	same-version-markers		review-together-never-auto-merge
REL-00655	exact-text-duplicate	R01-A1830	R01-A2730	R01	R01	R01-13	R01-14	1.0000	1.0000	1.0000	1.0000	same-scope	same-version-markers		review-together-never-auto-merge
REL-00656	exact-text-duplicate	R01-A1831	R01-A2731	R01	R01	R01-13	R01-14	1.0000	1.0000	1.0000	1.0000	same-scope	same-version-markers		review-together-never-auto-merge
REL-00657	exact-text-duplicate	R01-A1832	R01-A2732	R01	R01	R01-13	R01-14	1.0000	1.0000	1.0000	1.0000	same-scope	same-version-markers		review-together-never-auto-merge
REL-00658	exact-text-duplicate	R01-A1833	R01-A2733	R01	R01	R01-13	R01-14	1.0000	1.0000	1.0000	1.0000	same-scope	same-version-markers		review-together-never-auto-merge
REL-00659	exact-text-duplicate	R01-A1834	R01-A2734	R01	R01	R01-13	R01-14	1.0000	1.0000	1.0000	1.0000	same-scope	same-version-markers		review-together-never-auto-merge
REL-00660	exact-text-duplicate	R01-A1835	R01-A2735	R01	R01	R01-13	R01-14	1.0000	1.0000	1.0000	1.0000	same-scope	same-version-markers		review-together-never-auto-merge
REL-00661	exact-text-duplicate	R01-A1837	R01-A2737	R01	R01	R01-13	R01-14	1.0000	1.0000	1.0000	1.0000	same-scope	same-version-markers		review-together-never-auto-merge
REL-00662	exact-text-duplicate	R01-A1839	R01-A2739	R01	R01	R01-13	R01-14	1.0000	1.0000	1.0000	1.0000	same-scope	same-version-markers		review-together-never-auto-merge
REL-00663	exact-text-duplicate	R01-A1842	R01-A2742	R01	R01	R01-13	R01-14	1.0000	1.0000	1.0000	1.0000	same-scope	same-version-markers		review-together-never-auto-merge
REL-00664	exact-text-duplicate	R01-A1843	R01-A2743	R01	R01	R01-13	R01-14	1.0000	1.0000	1.0000	1.0000	same-scope	same-version-markers		review-together-never-auto-merge
REL-00665	exact-text-duplicate	R01-A1844	R01-A2744	R01	R01	R01-13	R01-14	1.0000	1.0000	1.0000	1.0000	same-scope	same-version-markers		review-together-never-auto-merge
REL-00666	exact-text-duplicate	R01-A1845	R01-A2745	R01	R01	R01-13	R01-14	1.0000	1.0000	1.0000	1.0000	same-scope	same-version-markers		review-together-never-auto-merge
REL-00667	exact-text-duplicate	R01-A1846	R01-A2746	R01	R01	R01-13	R01-14	1.0000	1.0000	1.0000	1.0000	same-scope	same-version-markers		review-together-never-auto-merge
REL-00668	exact-text-duplicate	R01-A1847	R01-A2747	R01	R01	R01-13	R01-14	1.0000	1.0000	1.0000	1.0000	same-scope	same-version-markers		review-together-never-auto-merge
REL-00669	exact-text-duplicate	R01-A1849	R01-A2749	R01	R01	R01-13	R01-14	1.0000	1.0000	1.0000	1.0000	same-scope	same-version-markers		review-together-never-auto-merge
REL-00670	exact-text-duplicate	R01-A1850	R01-A2750	R01	R01	R01-13	R01-14	1.0000	1.0000	1.0000	1.0000	same-scope	same-version-markers		review-together-never-auto-merge
REL-00671	exact-text-duplicate	R01-A1851	R01-A2751	R01	R01	R01-13	R01-14	1.0000	1.0000	1.0000	1.0000	same-scope	same-version-markers		review-together-never-auto-merge
REL-00672	exact-text-duplicate	R01-A1853	R01-A2753	R01	R01	R01-13	R01-14	1.0000	1.0000	1.0000	1.0000	same-scope	same-version-markers		review-together-never-auto-merge
REL-00673	exact-text-duplicate	R01-A1854	R01-A2754	R01	R01	R01-13	R01-14	1.0000	1.0000	1.0000	1.0000	same-scope	same-version-markers		review-together-never-auto-merge
REL-00674	exact-text-duplicate	R01-A1855	R01-A2755	R01	R01	R01-13	R01-14	1.0000	1.0000	1.0000	1.0000	same-scope	same-version-markers		review-together-never-auto-merge
REL-00675	exact-text-duplicate	R01-A1858	R01-A2758	R01	R01	R01-13	R01-14	1.0000	1.0000	1.0000	1.0000	same-scope	same-version-markers		review-together-never-auto-merge
REL-00676	exact-text-duplicate	R01-A1859	R01-A2759	R01	R01	R01-13	R01-14	1.0000	1.0000	1.0000	1.0000	same-scope	same-version-markers		review-together-never-auto-merge
REL-00677	exact-text-duplicate	R01-A1860	R01-A2760	R01	R01	R01-13	R01-14	1.0000	1.0000	1.0000	1.0000	same-scope	same-version-markers		review-together-never-auto-merge
REL-00678	exact-text-duplicate	R01-A1861	R01-A2761	R01	R01	R01-13	R01-14	1.0000	1.0000	1.0000	1.0000	same-scope	same-version-markers		review-together-never-auto-merge
REL-00679	exact-text-duplicate	R01-A1862	R01-A2762	R01	R01	R01-13	R01-14	1.0000	1.0000	1.0000	1.0000	same-scope	same-version-markers		review-together-never-auto-merge
REL-00680	exact-text-duplicate	R01-A1864	R01-A2764	R01	R01	R01-13	R01-14	1.0000	1.0000	1.0000	1.0000	same-scope	same-version-markers		review-together-never-auto-merge
REL-00681	exact-text-duplicate	R01-A1865	R01-A2765	R01	R01	R01-13	R01-14	1.0000	1.0000	1.0000	1.0000	same-scope	same-version-markers		review-together-never-auto-merge
REL-00682	exact-text-duplicate	R01-A1867	R01-A2767	R01	R01	R01-13	R01-14	1.0000	1.0000	1.0000	1.0000	same-scope	same-version-markers		review-together-never-auto-merge
REL-00683	exact-text-duplicate	R01-A1868	R01-A2768	R01	R01	R01-13	R01-14	1.0000	1.0000	1.0000	1.0000	same-scope	same-version-markers		review-together-never-auto-merge
REL-00684	exact-text-duplicate	R01-A1869	R01-A2769	R01	R01	R01-13	R01-14	1.0000	1.0000	1.0000	1.0000	same-scope	same-version-markers		review-together-never-auto-merge
REL-00685	exact-text-duplicate	R01-A1872	R01-A2772	R01	R01	R01-13	R01-14	1.0000	1.0000	1.0000	1.0000	same-scope	same-version-markers		review-together-never-auto-merge
REL-00686	exact-text-duplicate	R01-A1873	R01-A2773	R01	R01	R01-13	R01-14	1.0000	1.0000	1.0000	1.0000	same-scope	same-version-markers		review-together-never-auto-merge
REL-00687	exact-text-duplicate	R01-A1874	R01-A2774	R01	R01	R01-13	R01-14	1.0000	1.0000	1.0000	1.0000	same-scope	same-version-markers		review-together-never-auto-merge
REL-00688	exact-text-duplicate	R01-A1875	R01-A2775	R01	R01	R01-13	R01-14	1.0000	1.0000	1.0000	1.0000	same-scope	same-version-markers		review-together-never-auto-merge
REL-00689	exact-text-duplicate	R01-A1876	R01-A2776	R01	R01	R01-13	R01-14	1.0000	1.0000	1.0000	1.0000	same-scope	same-version-markers		review-together-never-auto-merge
REL-00690	exact-text-duplicate	R01-A1877	R01-A2777	R01	R01	R01-13	R01-14	1.0000	1.0000	1.0000	1.0000	same-scope	same-version-markers		review-together-never-auto-merge
REL-00691	exact-text-duplicate	R01-A1880	R01-A2780	R01	R01	R01-13	R01-14	1.0000	1.0000	1.0000	1.0000	same-scope	same-version-markers		review-together-never-auto-merge
REL-00692	exact-text-duplicate	R01-A1882	R01-A2782	R01	R01	R01-13	R01-14	1.0000	1.0000	1.0000	1.0000	same-scope	same-version-markers		review-together-never-auto-merge
REL-00693	exact-text-duplicate	R01-A1883	R01-A2783	R01	R01	R01-13	R01-14	1.0000	1.0000	1.0000	1.0000	same-scope	same-version-markers		review-together-never-auto-merge
REL-00694	exact-text-duplicate	R01-A1884	R01-A2784	R01	R01	R01-13	R01-14	1.0000	1.0000	1.0000	1.0000	same-scope	same-version-markers		review-together-never-auto-merge
REL-00695	exact-text-duplicate	R01-A1885	R01-A2785	R01	R01	R01-13	R01-14	1.0000	1.0000	1.0000	1.0000	same-scope	same-version-markers		review-together-never-auto-merge
REL-00696	exact-text-duplicate	R01-A1886	R01-A2786	R01	R01	R01-13	R01-14	1.0000	1.0000	1.0000	1.0000	same-scope	same-version-markers		review-together-never-auto-merge
REL-00697	exact-text-duplicate	R01-A1888	R01-A2787	R01	R01	R01-13	R01-14	1.0000	1.0000	1.0000	1.0000	same-scope	same-version-markers		review-together-never-auto-merge
REL-00698	exact-text-duplicate	R01-A1890	R01-A2788	R01	R01	R01-13	R01-14	1.0000	1.0000	1.0000	1.0000	same-scope	same-version-markers		review-together-never-auto-merge
REL-00699	exact-text-duplicate	R01-A1892	R01-A2789	R01	R01	R01-13	R01-14	1.0000	1.0000	1.0000	1.0000	same-scope	same-version-markers		review-together-never-auto-merge
REL-00700	exact-text-duplicate	R01-A1894	R01-A2790	R01	R01	R01-13	R01-14	1.0000	1.0000	1.0000	1.0000	same-scope	same-version-markers		review-together-never-auto-merge
REL-00701	exact-text-duplicate	R01-A1896	R01-A2792	R01	R01	R01-13	R01-14	1.0000	1.0000	1.0000	1.0000	same-scope	same-version-markers		review-together-never-auto-merge
REL-00702	exact-text-duplicate	R01-A1898	R01-A2793	R01	R01	R01-13	R01-14	1.0000	1.0000	1.0000	1.0000	same-scope	same-version-markers		review-together-never-auto-merge
REL-00703	exact-text-duplicate	R01-A1900	R01-A2794	R01	R01	R01-13	R01-14	1.0000	1.0000	1.0000	1.0000	same-scope	same-version-markers		review-together-never-auto-merge
REL-00704	exact-text-duplicate	R01-A1902	R01-A2795	R01	R01	R01-13	R01-14	1.0000	1.0000	1.0000	1.0000	same-scope	same-version-markers		review-together-never-auto-merge
REL-00705	exact-text-duplicate	R01-A1904	R01-A2796	R01	R01	R01-13	R01-14	1.0000	1.0000	1.0000	1.0000	same-scope	same-version-markers		review-together-never-auto-merge
REL-00706	exact-text-duplicate	R01-A1906	R01-A1908	R01	R01	R01-13	R01-13	1.0000	1.0000	1.0000	1.0000	same-scope	same-version-markers		review-together-never-auto-merge
REL-00707	exact-text-duplicate	R01-A1906	R01-A2797	R01	R01	R01-13	R01-14	1.0000	1.0000	1.0000	1.0000	same-scope	same-version-markers		review-together-never-auto-merge
REL-00708	exact-text-duplicate	R01-A1906	R01-A2798	R01	R01	R01-13	R01-14	1.0000	1.0000	1.0000	1.0000	same-scope	same-version-markers		review-together-never-auto-merge
REL-00709	exact-text-duplicate	R01-A1910	R01-A2799	R01	R01	R01-13	R01-14	1.0000	1.0000	1.0000	1.0000	same-scope	same-version-markers		review-together-never-auto-merge
REL-00710	exact-text-duplicate	R01-A1912	R01-A2800	R01	R01	R01-13	R01-14	1.0000	1.0000	1.0000	1.0000	same-scope	same-version-markers		review-together-never-auto-merge
REL-00711	exact-text-duplicate	R01-A1914	R01-A2801	R01	R01	R01-13	R01-14	1.0000	1.0000	1.0000	1.0000	same-scope	same-version-markers		review-together-never-auto-merge
REL-00712	exact-text-duplicate	R01-A1916	R01-A2802	R01	R01	R01-13	R01-14	1.0000	1.0000	1.0000	1.0000	same-scope	same-version-markers		review-together-never-auto-merge
REL-00713	exact-text-duplicate	R01-A1918	R01-A2803	R01	R01	R01-13	R01-14	1.0000	1.0000	1.0000	1.0000	same-scope	same-version-markers		review-together-never-auto-merge
REL-00714	exact-text-duplicate	R01-A1920	R01-A2804	R01	R01	R01-13	R01-14	1.0000	1.0000	1.0000	1.0000	same-scope	same-version-markers		review-together-never-auto-merge
REL-00715	exact-text-duplicate	R01-A1922	R01-A2805	R01	R01	R01-13	R01-14	1.0000	1.0000	1.0000	1.0000	same-scope	same-version-markers		review-together-never-auto-merge
REL-00716	exact-text-duplicate	R01-A1924	R01-A2806	R01	R01	R01-13	R01-14	1.0000	1.0000	1.0000	1.0000	same-scope	same-version-markers		review-together-never-auto-merge
REL-00717	exact-text-duplicate	R01-A1927	R01-A2807	R01	R01	R01-13	R01-14	1.0000	1.0000	1.0000	1.0000	same-scope	same-version-markers		review-together-never-auto-merge
REL-00718	exact-text-duplicate	R01-A1929	R01-A2808	R01	R01	R01-13	R01-14	1.0000	1.0000	1.0000	1.0000	same-scope	same-version-markers		review-together-never-auto-merge
REL-00719	exact-text-duplicate	R01-A1931	R01-A2810	R01	R01	R01-13	R01-14	1.0000	1.0000	1.0000	1.0000	same-scope	same-version-markers		review-together-never-auto-merge
REL-00720	exact-text-duplicate	R01-A1948	R01-A2814	R01	R01	R01-13	R01-14	1.0000	1.0000	1.0000	1.0000	same-scope	same-version-markers		review-together-never-auto-merge
REL-00721	exact-text-duplicate	R01-A1953	R01-A2817	R01	R01	R01-13	R01-14	1.0000	1.0000	1.0000	1.0000	same-scope	same-version-markers		review-together-never-auto-merge
REL-00722	exact-text-duplicate	R01-A1954	R01-A2818	R01	R01	R01-13	R01-14	1.0000	1.0000	1.0000	1.0000	same-scope	same-version-markers		review-together-never-auto-merge
REL-00723	exact-text-duplicate	R01-A1955	R01-A2819	R01	R01	R01-13	R01-14	1.0000	1.0000	1.0000	1.0000	same-scope	same-version-markers		review-together-never-auto-merge
REL-00724	exact-text-duplicate	R01-A1956	R01-A2820	R01	R01	R01-13	R01-14	1.0000	1.0000	1.0000	1.0000	same-scope	same-version-markers		review-together-never-auto-merge
REL-00725	exact-text-duplicate	R01-A1957	R01-A2821	R01	R01	R01-13	R01-14	1.0000	1.0000	1.0000	1.0000	same-scope	same-version-markers		review-together-never-auto-merge
REL-00726	exact-text-duplicate	R01-A1958	R01-A2822	R01	R01	R01-13	R01-14	1.0000	1.0000	1.0000	1.0000	same-scope	same-version-markers		review-together-never-auto-merge
REL-00727	exact-text-duplicate	R01-A1959	R01-A2823	R01	R01	R01-13	R01-14	1.0000	1.0000	1.0000	1.0000	same-scope	same-version-markers		review-together-never-auto-merge
REL-00728	exact-text-duplicate	R01-A1960	R01-A2824	R01	R01	R01-13	R01-14	1.0000	1.0000	1.0000	1.0000	same-scope	same-version-markers		review-together-never-auto-merge
REL-00729	exact-text-duplicate	R01-A1961	R01-A2825	R01	R01	R01-13	R01-14	1.0000	1.0000	1.0000	1.0000	same-scope	same-version-markers		review-together-never-auto-merge
REL-00730	exact-text-duplicate	R01-A1962	R01-A2826	R01	R01	R01-13	R01-14	1.0000	1.0000	1.0000	1.0000	same-scope	same-version-markers		review-together-never-auto-merge
REL-00731	exact-text-duplicate	R01-A1963	R01-A2827	R01	R01	R01-13	R01-14	1.0000	1.0000	1.0000	1.0000	same-scope	same-version-markers		review-together-never-auto-merge
REL-00732	exact-text-duplicate	R01-A1964	R01-A2828	R01	R01	R01-13	R01-14	1.0000	1.0000	1.0000	1.0000	same-scope	same-version-markers		review-together-never-auto-merge
REL-00733	exact-text-duplicate	R01-A1970	R01-A2829	R01	R01	R01-13	R01-14	1.0000	1.0000	1.0000	1.0000	same-scope	same-version-markers		review-together-never-auto-merge
REL-00734	exact-text-duplicate	R01-A1971	R01-A2830	R01	R01	R01-13	R01-14	1.0000	1.0000	1.0000	1.0000	same-scope	same-version-markers		review-together-never-auto-merge
REL-00735	exact-text-duplicate	R01-A1972	R01-A2831	R01	R01	R01-13	R01-14	1.0000	1.0000	1.0000	1.0000	same-scope	same-version-markers		review-together-never-auto-merge
REL-00736	exact-text-duplicate	R01-A1973	R01-A2832	R01	R01	R01-13	R01-14	1.0000	1.0000	1.0000	1.0000	same-scope	same-version-markers		review-together-never-auto-merge
REL-00737	exact-text-duplicate	R01-A1974	R01-A2833	R01	R01	R01-13	R01-14	1.0000	1.0000	1.0000	1.0000	same-scope	same-version-markers		review-together-never-auto-merge
REL-00738	exact-text-duplicate	R01-A1975	R01-A2834	R01	R01	R01-13	R01-14	1.0000	1.0000	1.0000	1.0000	same-scope	same-version-markers		review-together-never-auto-merge
REL-00739	exact-text-duplicate	R01-A1976	R01-A2835	R01	R01	R01-13	R01-14	1.0000	1.0000	1.0000	1.0000	same-scope	same-version-markers		review-together-never-auto-merge
REL-00740	exact-text-duplicate	R01-A1977	R01-A2836	R01	R01	R01-13	R01-14	1.0000	1.0000	1.0000	1.0000	same-scope	same-version-markers		review-together-never-auto-merge
REL-00741	exact-text-duplicate	R01-A1978	R01-A2837	R01	R01	R01-13	R01-14	1.0000	1.0000	1.0000	1.0000	same-scope	same-version-markers		review-together-never-auto-merge
REL-00742	exact-text-duplicate	R01-A1979	R01-A2838	R01	R01	R01-13	R01-14	1.0000	1.0000	1.0000	1.0000	same-scope	same-version-markers		review-together-never-auto-merge
REL-00743	exact-text-duplicate	R01-A1980	R01-A2839	R01	R01	R01-13	R01-14	1.0000	1.0000	1.0000	1.0000	same-scope	same-version-markers		review-together-never-auto-merge
REL-00744	exact-text-duplicate	R01-A2144	R01-A2169	R01	R01	R01-14	R01-14	1.0000	1.0000	1.0000	1.0000	same-scope	same-version-markers		review-together-never-auto-merge
REL-00745	exact-text-duplicate	R01-A2144	R01-A2184	R01	R01	R01-14	R01-14	1.0000	1.0000	1.0000	1.0000	same-scope	same-version-markers		review-together-never-auto-merge
REL-00746	exact-text-duplicate	R01-A2144	R01-A2195	R01	R01	R01-14	R01-14	1.0000	1.0000	1.0000	1.0000	same-scope	same-version-markers		review-together-never-auto-merge
REL-00747	exact-text-duplicate	R01-A2144	R01-A2217	R01	R01	R01-14	R01-14	1.0000	1.0000	1.0000	1.0000	same-scope	same-version-markers		review-together-never-auto-merge
REL-00748	exact-text-duplicate	R01-A2144	R01-A2234	R01	R01	R01-14	R01-14	1.0000	1.0000	1.0000	1.0000	same-scope	same-version-markers		review-together-never-auto-merge
REL-00749	exact-text-duplicate	R01-A2144	R01-A2252	R01	R01	R01-14	R01-14	1.0000	1.0000	1.0000	1.0000	same-scope	same-version-markers		review-together-never-auto-merge
REL-00750	exact-text-duplicate	R01-A2144	R01-A2268	R01	R01	R01-14	R01-14	1.0000	1.0000	1.0000	1.0000	same-scope	same-version-markers		review-together-never-auto-merge
REL-00751	exact-text-duplicate	R01-A2144	R01-A2280	R01	R01	R01-14	R01-14	1.0000	1.0000	1.0000	1.0000	same-scope	same-version-markers		review-together-never-auto-merge
REL-00752	exact-text-duplicate	R01-A2144	R01-A2294	R01	R01	R01-14	R01-14	1.0000	1.0000	1.0000	1.0000	same-scope	same-version-markers		review-together-never-auto-merge
REL-00753	exact-text-duplicate	R01-A2144	R01-A2309	R01	R01	R01-14	R01-14	1.0000	1.0000	1.0000	1.0000	same-scope	same-version-markers		review-together-never-auto-merge
REL-00754	exact-text-duplicate	R01-A2144	R01-A2321	R01	R01	R01-14	R01-14	1.0000	1.0000	1.0000	1.0000	same-scope	same-version-markers		review-together-never-auto-merge
REL-00755	exact-text-duplicate	R01-A2144	R01-A2333	R01	R01	R01-14	R01-14	1.0000	1.0000	1.0000	1.0000	same-scope	same-version-markers		review-together-never-auto-merge
REL-00756	exact-text-duplicate	R01-A2144	R01-A2343	R01	R01	R01-14	R01-14	1.0000	1.0000	1.0000	1.0000	same-scope	same-version-markers		review-together-never-auto-merge
REL-00757	exact-text-duplicate	R01-A2144	R01-A2354	R01	R01	R01-14	R01-14	1.0000	1.0000	1.0000	1.0000	same-scope	same-version-markers		review-together-never-auto-merge
REL-00758	exact-text-duplicate	R01-A2144	R01-A2368	R01	R01	R01-14	R01-14	1.0000	1.0000	1.0000	1.0000	same-scope	same-version-markers		review-together-never-auto-merge
REL-00759	exact-text-duplicate	R01-A2144	R01-A2382	R01	R01	R01-14	R01-14	1.0000	1.0000	1.0000	1.0000	same-scope	same-version-markers		review-together-never-auto-merge
REL-00760	exact-text-duplicate	R01-A2144	R01-A2397	R01	R01	R01-14	R01-14	1.0000	1.0000	1.0000	1.0000	same-scope	same-version-markers		review-together-never-auto-merge
REL-00761	exact-text-duplicate	R01-A2144	R01-A2410	R01	R01	R01-14	R01-14	1.0000	1.0000	1.0000	1.0000	same-scope	same-version-markers		review-together-never-auto-merge
REL-00762	exact-text-duplicate	R01-A2144	R01-A2420	R01	R01	R01-14	R01-14	1.0000	1.0000	1.0000	1.0000	same-scope	same-version-markers		review-together-never-auto-merge
REL-00763	exact-text-duplicate	R01-A2144	R01-A2430	R01	R01	R01-14	R01-14	1.0000	1.0000	1.0000	1.0000	same-scope	same-version-markers		review-together-never-auto-merge
REL-00764	exact-text-duplicate	R01-A2144	R01-A2444	R01	R01	R01-14	R01-14	1.0000	1.0000	1.0000	1.0000	compatible-domain-scope	same-version-markers		review-together-never-auto-merge
REL-00765	exact-text-duplicate	R01-A2144	R01-A2467	R01	R01	R01-14	R01-14	1.0000	1.0000	1.0000	1.0000	same-scope	same-version-markers		review-together-never-auto-merge
REL-00766	exact-text-duplicate	R01-A2144	R01-A2483	R01	R01	R01-14	R01-14	1.0000	1.0000	1.0000	1.0000	same-scope	same-version-markers		review-together-never-auto-merge
REL-00767	exact-text-duplicate	R01-A2144	R01-A2492	R01	R01	R01-14	R01-14	1.0000	1.0000	1.0000	1.0000	same-scope	same-version-markers		review-together-never-auto-merge
REL-00768	exact-text-duplicate	R01-A2144	R01-A2511	R01	R01	R01-14	R01-14	1.0000	1.0000	1.0000	1.0000	same-scope	same-version-markers		review-together-never-auto-merge
REL-00769	exact-text-duplicate	R01-A2144	R01-A2529	R01	R01	R01-14	R01-14	1.0000	1.0000	1.0000	1.0000	same-scope	same-version-markers		review-together-never-auto-merge
REL-00770	exact-text-duplicate	R01-A2144	R01-A2544	R01	R01	R01-14	R01-14	1.0000	1.0000	1.0000	1.0000	same-scope	same-version-markers		review-together-never-auto-merge
REL-00771	exact-text-duplicate	R01-A2144	R01-A2559	R01	R01	R01-14	R01-14	1.0000	1.0000	1.0000	1.0000	same-scope	same-version-markers		review-together-never-auto-merge
REL-00772	exact-text-duplicate	R01-A2144	R01-A2577	R01	R01	R01-14	R01-14	1.0000	1.0000	1.0000	1.0000	same-scope	same-version-markers		review-together-never-auto-merge
REL-00773	exact-text-duplicate	R01-A2144	R01-A2593	R01	R01	R01-14	R01-14	1.0000	1.0000	1.0000	1.0000	same-scope	same-version-markers		review-together-never-auto-merge
REL-00774	exact-text-duplicate	R01-A2144	R01-A2608	R01	R01	R01-14	R01-14	1.0000	1.0000	1.0000	1.0000	same-scope	same-version-markers		review-together-never-auto-merge
REL-00775	exact-text-duplicate	R01-A2144	R01-A2621	R01	R01	R01-14	R01-14	1.0000	1.0000	1.0000	1.0000	same-scope	same-version-markers		review-together-never-auto-merge
REL-00776	exact-text-duplicate	R01-A2144	R01-A2633	R01	R01	R01-14	R01-14	1.0000	1.0000	1.0000	1.0000	same-scope	same-version-markers		review-together-never-auto-merge
REL-00777	exact-text-duplicate	R01-A2144	R01-A2646	R01	R01	R01-14	R01-14	1.0000	1.0000	1.0000	1.0000	same-scope	same-version-markers		review-together-never-auto-merge
REL-00778	exact-text-duplicate	R01-A2144	R01-A2663	R01	R01	R01-14	R01-14	1.0000	1.0000	1.0000	1.0000	same-scope	same-version-markers		review-together-never-auto-merge
REL-00779	exact-text-duplicate	R01-A2144	R01-A2676	R01	R01	R01-14	R01-14	1.0000	1.0000	1.0000	1.0000	same-scope	same-version-markers		review-together-never-auto-merge
REL-00780	exact-text-duplicate	R01-A2144	R01-A2689	R01	R01	R01-14	R01-14	1.0000	1.0000	1.0000	1.0000	same-scope	same-version-markers		review-together-never-auto-merge
REL-00781	exact-text-duplicate	R01-A2144	R01-A2705	R01	R01	R01-14	R01-14	1.0000	1.0000	1.0000	1.0000	same-scope	same-version-markers		review-together-never-auto-merge
REL-00782	exact-text-duplicate	R01-A2144	R01-A2717	R01	R01	R01-14	R01-14	1.0000	1.0000	1.0000	1.0000	same-scope	same-version-markers		review-together-never-auto-merge
REL-00783	exact-text-duplicate	R01-A2144	R01-A2729	R01	R01	R01-14	R01-14	1.0000	1.0000	1.0000	1.0000	same-scope	same-version-markers		review-together-never-auto-merge
REL-00784	exact-text-duplicate	R01-A2144	R01-A2741	R01	R01	R01-14	R01-14	1.0000	1.0000	1.0000	1.0000	same-scope	same-version-markers		review-together-never-auto-merge
REL-00785	exact-text-duplicate	R01-A2144	R01-A2757	R01	R01	R01-14	R01-14	1.0000	1.0000	1.0000	1.0000	same-scope	same-version-markers		review-together-never-auto-merge
REL-00786	exact-text-duplicate	R01-A2144	R01-A2771	R01	R01	R01-14	R01-14	1.0000	1.0000	1.0000	1.0000	same-scope	same-version-markers		review-together-never-auto-merge
REL-00787	exact-text-duplicate	R01-A2156	R01-A2176	R01	R01	R01-14	R01-14	1.0000	1.0000	1.0000	1.0000	same-scope	same-version-markers		review-together-never-auto-merge
REL-00788	exact-text-duplicate	R01-A2156	R01-A2188	R01	R01	R01-14	R01-14	1.0000	1.0000	1.0000	1.0000	same-scope	same-version-markers		review-together-never-auto-merge
REL-00789	exact-text-duplicate	R01-A2156	R01-A2206	R01	R01	R01-14	R01-14	1.0000	1.0000	1.0000	1.0000	same-scope	same-version-markers		review-together-never-auto-merge
REL-00790	exact-text-duplicate	R01-A2156	R01-A2224	R01	R01	R01-14	R01-14	1.0000	1.0000	1.0000	1.0000	same-scope	same-version-markers		review-together-never-auto-merge
REL-00791	exact-text-duplicate	R01-A2156	R01-A2242	R01	R01	R01-14	R01-14	1.0000	1.0000	1.0000	1.0000	same-scope	same-version-markers		review-together-never-auto-merge
REL-00792	exact-text-duplicate	R01-A2156	R01-A2261	R01	R01	R01-14	R01-14	1.0000	1.0000	1.0000	1.0000	same-scope	same-version-markers		review-together-never-auto-merge
REL-00793	exact-text-duplicate	R01-A2156	R01-A2274	R01	R01	R01-14	R01-14	1.0000	1.0000	1.0000	1.0000	same-scope	same-version-markers		review-together-never-auto-merge
REL-00794	exact-text-duplicate	R01-A2156	R01-A2286	R01	R01	R01-14	R01-14	1.0000	1.0000	1.0000	1.0000	same-scope	same-version-markers		review-together-never-auto-merge
REL-00795	exact-text-duplicate	R01-A2156	R01-A2301	R01	R01	R01-14	R01-14	1.0000	1.0000	1.0000	1.0000	same-scope	same-version-markers		review-together-never-auto-merge
REL-00796	exact-text-duplicate	R01-A2156	R01-A2314	R01	R01	R01-14	R01-14	1.0000	1.0000	1.0000	1.0000	same-scope	same-version-markers		review-together-never-auto-merge
REL-00797	exact-text-duplicate	R01-A2156	R01-A2326	R01	R01	R01-14	R01-14	1.0000	1.0000	1.0000	1.0000	same-scope	same-version-markers		review-together-never-auto-merge
REL-00798	exact-text-duplicate	R01-A2156	R01-A2337	R01	R01	R01-14	R01-14	1.0000	1.0000	1.0000	1.0000	same-scope	same-version-markers		review-together-never-auto-merge
REL-00799	exact-text-duplicate	R01-A2156	R01-A2348	R01	R01	R01-14	R01-14	1.0000	1.0000	1.0000	1.0000	same-scope	same-version-markers		review-together-never-auto-merge
REL-00800	exact-text-duplicate	R01-A2156	R01-A2359	R01	R01	R01-14	R01-14	1.0000	1.0000	1.0000	1.0000	same-scope	same-version-markers		review-together-never-auto-merge
REL-00801	exact-text-duplicate	R01-A2156	R01-A2375	R01	R01	R01-14	R01-14	1.0000	1.0000	1.0000	1.0000	same-scope	same-version-markers		review-together-never-auto-merge
REL-00802	exact-text-duplicate	R01-A2156	R01-A2388	R01	R01	R01-14	R01-14	1.0000	1.0000	1.0000	1.0000	same-scope	same-version-markers		review-together-never-auto-merge
REL-00803	exact-text-duplicate	R01-A2156	R01-A2403	R01	R01	R01-14	R01-14	1.0000	1.0000	1.0000	1.0000	same-scope	same-version-markers		review-together-never-auto-merge
REL-00804	exact-text-duplicate	R01-A2156	R01-A2414	R01	R01	R01-14	R01-14	1.0000	1.0000	1.0000	1.0000	same-scope	same-version-markers		review-together-never-auto-merge
REL-00805	exact-text-duplicate	R01-A2156	R01-A2425	R01	R01	R01-14	R01-14	1.0000	1.0000	1.0000	1.0000	same-scope	same-version-markers		review-together-never-auto-merge
REL-00806	exact-text-duplicate	R01-A2156	R01-A2438	R01	R01	R01-14	R01-14	1.0000	1.0000	1.0000	1.0000	same-scope	same-version-markers		review-together-never-auto-merge
REL-00807	exact-text-duplicate	R01-A2156	R01-A2454	R01	R01	R01-14	R01-14	1.0000	1.0000	1.0000	1.0000	compatible-domain-scope	same-version-markers		review-together-never-auto-merge
REL-00808	exact-text-duplicate	R01-A2156	R01-A2474	R01	R01	R01-14	R01-14	1.0000	1.0000	1.0000	1.0000	same-scope	same-version-markers		review-together-never-auto-merge
REL-00809	exact-text-duplicate	R01-A2156	R01-A2486	R01	R01	R01-14	R01-14	1.0000	1.0000	1.0000	1.0000	same-scope	same-version-markers		review-together-never-auto-merge
REL-00810	exact-text-duplicate	R01-A2156	R01-A2501	R01	R01	R01-14	R01-14	1.0000	1.0000	1.0000	1.0000	same-scope	same-version-markers		review-together-never-auto-merge
REL-00811	exact-text-duplicate	R01-A2156	R01-A2516	R01	R01	R01-14	R01-14	1.0000	1.0000	1.0000	1.0000	same-scope	same-version-markers		review-together-never-auto-merge
REL-00812	exact-text-duplicate	R01-A2156	R01-A2535	R01	R01	R01-14	R01-14	1.0000	1.0000	1.0000	1.0000	same-scope	same-version-markers		review-together-never-auto-merge
REL-00813	exact-text-duplicate	R01-A2156	R01-A2550	R01	R01	R01-14	R01-14	1.0000	1.0000	1.0000	1.0000	same-scope	same-version-markers		review-together-never-auto-merge
REL-00814	exact-text-duplicate	R01-A2156	R01-A2567	R01	R01	R01-14	R01-14	1.0000	1.0000	1.0000	1.0000	same-scope	same-version-markers		review-together-never-auto-merge
REL-00815	exact-text-duplicate	R01-A2156	R01-A2588	R01	R01	R01-14	R01-14	1.0000	1.0000	1.0000	1.0000	same-scope	same-version-markers		review-together-never-auto-merge
REL-00816	exact-text-duplicate	R01-A2156	R01-A2600	R01	R01	R01-14	R01-14	1.0000	1.0000	1.0000	1.0000	same-scope	same-version-markers		review-together-never-auto-merge
REL-00817	exact-text-duplicate	R01-A2156	R01-A2615	R01	R01	R01-14	R01-14	1.0000	1.0000	1.0000	1.0000	same-scope	same-version-markers		review-together-never-auto-merge
REL-00818	exact-text-duplicate	R01-A2156	R01-A2627	R01	R01	R01-14	R01-14	1.0000	1.0000	1.0000	1.0000	same-scope	same-version-markers		review-together-never-auto-merge
REL-00819	exact-text-duplicate	R01-A2156	R01-A2639	R01	R01	R01-14	R01-14	1.0000	1.0000	1.0000	1.0000	same-scope	same-version-markers		review-together-never-auto-merge
REL-00820	exact-text-duplicate	R01-A2156	R01-A2656	R01	R01	R01-14	R01-14	1.0000	1.0000	1.0000	1.0000	same-scope	same-version-markers		review-together-never-auto-merge
REL-00821	exact-text-duplicate	R01-A2156	R01-A2670	R01	R01	R01-14	R01-14	1.0000	1.0000	1.0000	1.0000	same-scope	same-version-markers		review-together-never-auto-merge
REL-00822	exact-text-duplicate	R01-A2156	R01-A2684	R01	R01	R01-14	R01-14	1.0000	1.0000	1.0000	1.0000	same-scope	same-version-markers		review-together-never-auto-merge
REL-00823	exact-text-duplicate	R01-A2156	R01-A2697	R01	R01	R01-14	R01-14	1.0000	1.0000	1.0000	1.0000	same-scope	same-version-markers		review-together-never-auto-merge
REL-00824	exact-text-duplicate	R01-A2156	R01-A2712	R01	R01	R01-14	R01-14	1.0000	1.0000	1.0000	1.0000	same-scope	same-version-markers		review-together-never-auto-merge
REL-00825	exact-text-duplicate	R01-A2156	R01-A2724	R01	R01	R01-14	R01-14	1.0000	1.0000	1.0000	1.0000	same-scope	same-version-markers		review-together-never-auto-merge
REL-00826	exact-text-duplicate	R01-A2156	R01-A2736	R01	R01	R01-14	R01-14	1.0000	1.0000	1.0000	1.0000	same-scope	same-version-markers		review-together-never-auto-merge
REL-00827	exact-text-duplicate	R01-A2156	R01-A2748	R01	R01	R01-14	R01-14	1.0000	1.0000	1.0000	1.0000	same-scope	same-version-markers		review-together-never-auto-merge
REL-00828	exact-text-duplicate	R01-A2156	R01-A2763	R01	R01	R01-14	R01-14	1.0000	1.0000	1.0000	1.0000	same-scope	same-version-markers		review-together-never-auto-merge
REL-00829	exact-text-duplicate	R01-A2156	R01-A2779	R01	R01	R01-14	R01-14	1.0000	1.0000	1.0000	1.0000	same-scope	same-version-markers		review-together-never-auto-merge
REL-00830	exact-text-duplicate	R01-A2166	R01-A2181	R01	R01	R01-14	R01-14	1.0000	1.0000	1.0000	1.0000	same-scope	same-version-markers		review-together-never-auto-merge
REL-00831	exact-text-duplicate	R01-A2166	R01-A2192	R01	R01	R01-14	R01-14	1.0000	1.0000	1.0000	1.0000	same-scope	same-version-markers		review-together-never-auto-merge
REL-00832	exact-text-duplicate	R01-A2166	R01-A2214	R01	R01	R01-14	R01-14	1.0000	1.0000	1.0000	1.0000	same-scope	same-version-markers		review-together-never-auto-merge
REL-00833	exact-text-duplicate	R01-A2166	R01-A2228	R01	R01	R01-14	R01-14	1.0000	1.0000	1.0000	1.0000	same-scope	same-version-markers		review-together-never-auto-merge
REL-00834	exact-text-duplicate	R01-A2166	R01-A2247	R01	R01	R01-14	R01-14	1.0000	1.0000	1.0000	1.0000	same-scope	same-version-markers		review-together-never-auto-merge
REL-00835	exact-text-duplicate	R01-A2166	R01-A2265	R01	R01	R01-14	R01-14	1.0000	1.0000	1.0000	1.0000	same-scope	same-version-markers		review-together-never-auto-merge
REL-00836	exact-text-duplicate	R01-A2166	R01-A2277	R01	R01	R01-14	R01-14	1.0000	1.0000	1.0000	1.0000	same-scope	same-version-markers		review-together-never-auto-merge
REL-00837	exact-text-duplicate	R01-A2166	R01-A2288	R01	R01	R01-14	R01-14	1.0000	1.0000	1.0000	1.0000	same-scope	same-version-markers		review-together-never-auto-merge
REL-00838	exact-text-duplicate	R01-A2166	R01-A2304	R01	R01	R01-14	R01-14	1.0000	1.0000	1.0000	1.0000	same-scope	same-version-markers		review-together-never-auto-merge
REL-00839	exact-text-duplicate	R01-A2166	R01-A2317	R01	R01	R01-14	R01-14	1.0000	1.0000	1.0000	1.0000	same-scope	same-version-markers		review-together-never-auto-merge
REL-00840	exact-text-duplicate	R01-A2166	R01-A2329	R01	R01	R01-14	R01-14	1.0000	1.0000	1.0000	1.0000	same-scope	same-version-markers		review-together-never-auto-merge
REL-00841	exact-text-duplicate	R01-A2166	R01-A2339	R01	R01	R01-14	R01-14	1.0000	1.0000	1.0000	1.0000	same-scope	same-version-markers		review-together-never-auto-merge
REL-00842	exact-text-duplicate	R01-A2166	R01-A2350	R01	R01	R01-14	R01-14	1.0000	1.0000	1.0000	1.0000	same-scope	same-version-markers		review-together-never-auto-merge
REL-00843	exact-text-duplicate	R01-A2166	R01-A2361	R01	R01	R01-14	R01-14	1.0000	1.0000	1.0000	1.0000	same-scope	same-version-markers		review-together-never-auto-merge
REL-00844	exact-text-duplicate	R01-A2166	R01-A2377	R01	R01	R01-14	R01-14	1.0000	1.0000	1.0000	1.0000	same-scope	same-version-markers		review-together-never-auto-merge
REL-00845	exact-text-duplicate	R01-A2166	R01-A2393	R01	R01	R01-14	R01-14	1.0000	1.0000	1.0000	1.0000	same-scope	same-version-markers		review-together-never-auto-merge
REL-00846	exact-text-duplicate	R01-A2166	R01-A2406	R01	R01	R01-14	R01-14	1.0000	1.0000	1.0000	1.0000	same-scope	same-version-markers		review-together-never-auto-merge
REL-00847	exact-text-duplicate	R01-A2166	R01-A2416	R01	R01	R01-14	R01-14	1.0000	1.0000	1.0000	1.0000	same-scope	same-version-markers		review-together-never-auto-merge
REL-00848	exact-text-duplicate	R01-A2166	R01-A2427	R01	R01	R01-14	R01-14	1.0000	1.0000	1.0000	1.0000	same-scope	same-version-markers		review-together-never-auto-merge
REL-00849	exact-text-duplicate	R01-A2166	R01-A2440	R01	R01	R01-14	R01-14	1.0000	1.0000	1.0000	1.0000	same-scope	same-version-markers		review-together-never-auto-merge
REL-00850	exact-text-duplicate	R01-A2166	R01-A2464	R01	R01	R01-14	R01-14	1.0000	1.0000	1.0000	1.0000	compatible-domain-scope	same-version-markers		review-together-never-auto-merge
REL-00851	exact-text-duplicate	R01-A2166	R01-A2479	R01	R01	R01-14	R01-14	1.0000	1.0000	1.0000	1.0000	same-scope	same-version-markers		review-together-never-auto-merge
REL-00852	exact-text-duplicate	R01-A2166	R01-A2489	R01	R01	R01-14	R01-14	1.0000	1.0000	1.0000	1.0000	same-scope	same-version-markers		review-together-never-auto-merge
REL-00853	exact-text-duplicate	R01-A2166	R01-A2504	R01	R01	R01-14	R01-14	1.0000	1.0000	1.0000	1.0000	same-scope	same-version-markers		review-together-never-auto-merge
REL-00854	exact-text-duplicate	R01-A2166	R01-A2520	R01	R01	R01-14	R01-14	1.0000	1.0000	1.0000	1.0000	same-scope	same-version-markers		review-together-never-auto-merge
REL-00855	exact-text-duplicate	R01-A2166	R01-A2538	R01	R01	R01-14	R01-14	1.0000	1.0000	1.0000	1.0000	same-scope	same-version-markers		review-together-never-auto-merge
REL-00856	exact-text-duplicate	R01-A2166	R01-A2553	R01	R01	R01-14	R01-14	1.0000	1.0000	1.0000	1.0000	same-scope	same-version-markers		review-together-never-auto-merge
REL-00857	exact-text-duplicate	R01-A2166	R01-A2571	R01	R01	R01-14	R01-14	1.0000	1.0000	1.0000	1.0000	same-scope	same-version-markers		review-together-never-auto-merge
REL-00858	exact-text-duplicate	R01-A2166	R01-A2590	R01	R01	R01-14	R01-14	1.0000	1.0000	1.0000	1.0000	same-scope	same-version-markers		review-together-never-auto-merge
REL-00859	exact-text-duplicate	R01-A2166	R01-A2605	R01	R01	R01-14	R01-14	1.0000	1.0000	1.0000	1.0000	same-scope	same-version-markers		review-together-never-auto-merge
REL-00860	exact-text-duplicate	R01-A2166	R01-A2618	R01	R01	R01-14	R01-14	1.0000	1.0000	1.0000	1.0000	same-scope	same-version-markers		review-together-never-auto-merge
REL-00861	exact-text-duplicate	R01-A2166	R01-A2630	R01	R01	R01-14	R01-14	1.0000	1.0000	1.0000	1.0000	same-scope	same-version-markers		review-together-never-auto-merge
REL-00862	exact-text-duplicate	R01-A2166	R01-A2641	R01	R01	R01-14	R01-14	1.0000	1.0000	1.0000	1.0000	same-scope	same-version-markers		review-together-never-auto-merge
REL-00863	exact-text-duplicate	R01-A2166	R01-A2660	R01	R01	R01-14	R01-14	1.0000	1.0000	1.0000	1.0000	same-scope	same-version-markers		review-together-never-auto-merge
REL-00864	exact-text-duplicate	R01-A2166	R01-A2672	R01	R01	R01-14	R01-14	1.0000	1.0000	1.0000	1.0000	same-scope	same-version-markers		review-together-never-auto-merge
REL-00865	exact-text-duplicate	R01-A2166	R01-A2686	R01	R01	R01-14	R01-14	1.0000	1.0000	1.0000	1.0000	same-scope	same-version-markers		review-together-never-auto-merge
REL-00866	exact-text-duplicate	R01-A2166	R01-A2702	R01	R01	R01-14	R01-14	1.0000	1.0000	1.0000	1.0000	same-scope	same-version-markers		review-together-never-auto-merge
REL-00867	exact-text-duplicate	R01-A2166	R01-A2714	R01	R01	R01-14	R01-14	1.0000	1.0000	1.0000	1.0000	same-scope	same-version-markers		review-together-never-auto-merge
REL-00868	exact-text-duplicate	R01-A2166	R01-A2726	R01	R01	R01-14	R01-14	1.0000	1.0000	1.0000	1.0000	same-scope	same-version-markers		review-together-never-auto-merge
REL-00869	exact-text-duplicate	R01-A2166	R01-A2738	R01	R01	R01-14	R01-14	1.0000	1.0000	1.0000	1.0000	same-scope	same-version-markers		review-together-never-auto-merge
REL-00870	exact-text-duplicate	R01-A2166	R01-A2752	R01	R01	R01-14	R01-14	1.0000	1.0000	1.0000	1.0000	same-scope	same-version-markers		review-together-never-auto-merge
REL-00871	exact-text-duplicate	R01-A2166	R01-A2766	R01	R01	R01-14	R01-14	1.0000	1.0000	1.0000	1.0000	same-scope	same-version-markers		review-together-never-auto-merge
REL-00872	exact-text-duplicate	R01-A2166	R01-A2781	R01	R01	R01-14	R01-14	1.0000	1.0000	1.0000	1.0000	same-scope	same-version-markers		review-together-never-auto-merge
REL-00873	exact-text-duplicate	R01-A2897	R01-A2908	R01	R01	R01-17	R01-17	1.0000	1.0000	1.0000	1.0000	same-scope	no-explicit-version-marker		review-together-never-auto-merge
REL-00874	exact-text-duplicate	R01-A2922	R01-A2930	R01	R01	R01-17	R01-17	1.0000	1.0000	1.0000	1.0000	same-scope	no-explicit-version-marker		review-together-never-auto-merge
REL-00875	exact-text-duplicate	R01-A2926	R01-A2934	R01	R01	R01-17	R01-17	1.0000	1.0000	1.0000	1.0000	same-scope	no-explicit-version-marker		review-together-never-auto-merge
REL-00876	exact-text-duplicate	R01-A2926	R01-A2943	R01	R01	R01-17	R01-17	1.0000	1.0000	1.0000	1.0000	same-scope	no-explicit-version-marker		review-together-never-auto-merge
REL-00877	exact-text-duplicate	R01-A2936	R01-A2945	R01	R01	R01-17	R01-17	1.0000	1.0000	1.0000	1.0000	same-scope	no-explicit-version-marker		review-together-never-auto-merge
REL-00878	exact-text-duplicate	R01-A3025	R01-A3027	R01	R01	R01-17	R01-17	1.0000	1.0000	1.0000	1.0000	same-scope	no-explicit-version-marker		review-together-never-auto-merge
REL-00879	exact-text-duplicate	R01-A3025	R01-A3029	R01	R01	R01-17	R01-17	1.0000	1.0000	1.0000	1.0000	same-scope	no-explicit-version-marker		review-together-never-auto-merge
REL-00880	exact-text-duplicate	R01-A3051	R02-A0153	R01	R02	R01-19	R02-09	1.0000	1.0000	1.0000	1.0000	compatible-domain-scope	no-explicit-version-marker		review-together-never-auto-merge
REL-00881	exact-text-duplicate	R01-A3052	R02-A0154	R01	R02	R01-19	R02-09	1.0000	1.0000	1.0000	1.0000	compatible-domain-scope	no-explicit-version-marker		review-together-never-auto-merge
REL-00882	exact-text-duplicate	R02-A0105	R02-A0106	R02	R02	R02-08	R02-08	1.0000	1.0000	1.0000	1.0000	same-scope	no-explicit-version-marker		review-together-never-auto-merge
REL-00883	exact-text-duplicate	R02-A0311	R02-A0658	R02	R02	R02-11	R02-16	1.0000	1.0000	1.0000	1.0000	same-scope	no-explicit-version-marker		review-together-never-auto-merge
REL-00884	exact-text-duplicate	R02-A0311	R02-A0714	R02	R02	R02-11	R02-17	1.0000	1.0000	1.0000	1.0000	same-scope	no-explicit-version-marker		review-together-never-auto-merge
REL-00885	exact-text-duplicate	R02-A0311	R02-A0753	R02	R02	R02-11	R02-18	1.0000	1.0000	1.0000	1.0000	same-scope	no-explicit-version-marker		review-together-never-auto-merge
REL-00886	exact-text-duplicate	R02-A0459	R02-A0531	R02	R02	R02-13	R02-14	1.0000	1.0000	1.0000	1.0000	compatible-domain-scope	no-explicit-version-marker		review-together-never-auto-merge
REL-00887	exact-text-duplicate	R02-A0473	R02-A0669	R02	R02	R02-14	R02-17	1.0000	1.0000	1.0000	1.0000	same-scope	no-explicit-version-marker		review-together-never-auto-merge
REL-00888	exact-text-duplicate	R02-A0475	R02-A0671	R02	R02	R02-14	R02-17	1.0000	1.0000	1.0000	1.0000	same-scope	no-explicit-version-marker		review-together-never-auto-merge
REL-00889	exact-text-duplicate	R02-A0477	R02-A0673	R02	R02	R02-14	R02-17	1.0000	1.0000	1.0000	1.0000	same-scope	no-explicit-version-marker		review-together-never-auto-merge
REL-00890	exact-text-duplicate	R02-A0480	R02-A0676	R02	R02	R02-14	R02-17	1.0000	1.0000	1.0000	1.0000	same-scope	no-explicit-version-marker		review-together-never-auto-merge
REL-00891	exact-text-duplicate	R02-A0481	R02-A0677	R02	R02	R02-14	R02-17	1.0000	1.0000	1.0000	1.0000	same-scope	no-explicit-version-marker		review-together-never-auto-merge
REL-00892	exact-text-duplicate	R02-A0488	R02-A0684	R02	R02	R02-14	R02-17	1.0000	1.0000	1.0000	1.0000	same-scope	no-explicit-version-marker		review-together-never-auto-merge
REL-00893	exact-text-duplicate	R02-A0489	R02-A0685	R02	R02	R02-14	R02-17	1.0000	1.0000	1.0000	1.0000	same-scope	no-explicit-version-marker		review-together-never-auto-merge
REL-00894	exact-text-duplicate	R02-A0490	R02-A0686	R02	R02	R02-14	R02-17	1.0000	1.0000	1.0000	1.0000	same-scope	no-explicit-version-marker		review-together-never-auto-merge
REL-00895	exact-text-duplicate	R02-A0513	R02-A0696	R02	R02	R02-14	R02-17	1.0000	1.0000	1.0000	1.0000	same-scope	no-explicit-version-marker		review-together-never-auto-merge
REL-00896	exact-text-duplicate	R02-A0514	R02-A0697	R02	R02	R02-14	R02-17	1.0000	1.0000	1.0000	1.0000	same-scope	no-explicit-version-marker		review-together-never-auto-merge
REL-00897	exact-text-duplicate	R02-A0515	R02-A0698	R02	R02	R02-14	R02-17	1.0000	1.0000	1.0000	1.0000	same-scope	no-explicit-version-marker		review-together-never-auto-merge
REL-00898	exact-text-duplicate	R02-A0517	R02-A0700	R02	R02	R02-14	R02-17	1.0000	1.0000	1.0000	1.0000	same-scope	no-explicit-version-marker		review-together-never-auto-merge
REL-00899	exact-text-duplicate	R02-A0518	R02-A0701	R02	R02	R02-14	R02-17	1.0000	1.0000	1.0000	1.0000	same-scope	no-explicit-version-marker		review-together-never-auto-merge
REL-00900	exact-text-duplicate	R02-A0519	R02-A0702	R02	R02	R02-14	R02-17	1.0000	1.0000	1.0000	1.0000	same-scope	no-explicit-version-marker		review-together-never-auto-merge
REL-00901	exact-text-duplicate	R02-A0522	R02-A0705	R02	R02	R02-14	R02-17	1.0000	1.0000	1.0000	1.0000	same-scope	no-explicit-version-marker		review-together-never-auto-merge
REL-00902	exact-text-duplicate	R03-A0003	R03-A0386	R03	R03	R03-01	R03-06	1.0000	1.0000	1.0000	1.0000	same-scope	no-explicit-version-marker		review-together-never-auto-merge
REL-00903	exact-text-duplicate	R03-A0003	R03-A0657	R03	R03	R03-01	R03-10	1.0000	1.0000	1.0000	1.0000	compatible-domain-scope	no-explicit-version-marker		review-together-never-auto-merge
REL-00904	exact-text-duplicate	R03-A0003	R03-A0736	R03	R03	R03-01	R03-12	1.0000	1.0000	1.0000	1.0000	compatible-domain-scope	no-explicit-version-marker		review-together-never-auto-merge
REL-00905	exact-text-duplicate	R03-A0003	R03-A0791	R03	R03	R03-01	R03-13	1.0000	1.0000	1.0000	1.0000	compatible-domain-scope	no-explicit-version-marker		review-together-never-auto-merge
REL-00906	exact-text-duplicate	R03-A0003	R03-A0886	R03	R03	R03-01	R03-15	1.0000	1.0000	1.0000	1.0000	compatible-domain-scope	no-explicit-version-marker		review-together-never-auto-merge
REL-00907	exact-text-duplicate	R03-A0003	R03-A0952	R03	R03	R03-01	R03-16	1.0000	1.0000	1.0000	1.0000	compatible-domain-scope	no-explicit-version-marker		review-together-never-auto-merge
REL-00908	exact-text-duplicate	R03-A0003	R03-A1009	R03	R03	R03-01	R03-17	1.0000	1.0000	1.0000	1.0000	different-domain-scope	no-explicit-version-marker		retain-separate-scope-and-review-link
REL-00909	exact-text-duplicate	R03-A0003	R03-A1324	R03	R03	R03-01	R03-23	1.0000	1.0000	1.0000	1.0000	different-domain-scope	no-explicit-version-marker		retain-separate-scope-and-review-link
REL-00910	exact-text-duplicate	R03-A0003	R03-A1411	R03	R03	R03-01	R03-24	1.0000	1.0000	1.0000	1.0000	different-domain-scope	no-explicit-version-marker		retain-separate-scope-and-review-link
REL-00911	exact-text-duplicate	R03-A0003	R03-A1419	R03	R03	R03-01	R03-24	1.0000	1.0000	1.0000	1.0000	different-domain-scope	no-explicit-version-marker		retain-separate-scope-and-review-link
REL-00912	exact-text-duplicate	R03-A0003	R03-A1485	R03	R03	R03-01	R03-25	1.0000	1.0000	1.0000	1.0000	different-domain-scope	no-explicit-version-marker		retain-separate-scope-and-review-link
REL-00913	exact-text-duplicate	R03-A0003	R03-A1488	R03	R03	R03-01	R03-25	1.0000	1.0000	1.0000	1.0000	different-domain-scope	no-explicit-version-marker		retain-separate-scope-and-review-link
REL-00914	exact-text-duplicate	R03-A0003	R03-A1589	R03	R03	R03-01	R03-27	1.0000	1.0000	1.0000	1.0000	different-domain-scope	no-explicit-version-marker		retain-separate-scope-and-review-link
REL-00915	exact-text-duplicate	R03-A0003	R03-A1596	R03	R03	R03-01	R03-27	1.0000	1.0000	1.0000	1.0000	different-domain-scope	no-explicit-version-marker		retain-separate-scope-and-review-link
REL-00916	exact-text-duplicate	R03-A0003	R03-A1657	R03	R03	R03-01	R03-28	1.0000	1.0000	1.0000	1.0000	different-domain-scope	no-explicit-version-marker		retain-separate-scope-and-review-link
REL-00917	exact-text-duplicate	R03-A0003	R03-A1666	R03	R03	R03-01	R03-28	1.0000	1.0000	1.0000	1.0000	different-domain-scope	no-explicit-version-marker		retain-separate-scope-and-review-link
REL-00918	exact-text-duplicate	R03-A0003	R03-A1741	R03	R03	R03-01	R03-29	1.0000	1.0000	1.0000	1.0000	different-domain-scope	no-explicit-version-marker		retain-separate-scope-and-review-link
REL-00919	exact-text-duplicate	R03-A0003	R03-A2891	R03	R03	R03-01	R03-44	1.0000	1.0000	1.0000	1.0000	different-domain-scope	no-explicit-version-marker		retain-separate-scope-and-review-link
REL-00920	exact-text-duplicate	R03-A0003	R03-A2988	R03	R03	R03-01	R03-45	1.0000	1.0000	1.0000	1.0000	different-domain-scope	no-explicit-version-marker		retain-separate-scope-and-review-link
REL-00921	exact-text-duplicate	R03-A0003	R03-A3034	R03	R03	R03-01	R03-46	1.0000	1.0000	1.0000	1.0000	different-domain-scope	no-explicit-version-marker		retain-separate-scope-and-review-link
REL-00922	exact-text-duplicate	R03-A0003	R03-A3040	R03	R03	R03-01	R03-46	1.0000	1.0000	1.0000	1.0000	different-domain-scope	no-explicit-version-marker		retain-separate-scope-and-review-link
REL-00923	exact-text-duplicate	R03-A0006	R03-A0023	R03	R03	R03-01	R03-01	1.0000	1.0000	1.0000	1.0000	same-scope	no-explicit-version-marker		review-together-never-auto-merge
REL-00924	exact-text-duplicate	R03-A0006	R03-A0388	R03	R03	R03-01	R03-06	1.0000	1.0000	1.0000	1.0000	same-scope	no-explicit-version-marker		review-together-never-auto-merge
REL-00925	exact-text-duplicate	R03-A0006	R03-A0396	R03	R03	R03-01	R03-06	1.0000	1.0000	1.0000	1.0000	same-scope	no-explicit-version-marker		review-together-never-auto-merge
REL-00926	exact-text-duplicate	R03-A0006	R03-A0556	R03	R03	R03-01	R03-08	1.0000	1.0000	1.0000	1.0000	same-scope	no-explicit-version-marker		review-together-never-auto-merge
REL-00927	exact-text-duplicate	R03-A0006	R03-A0564	R03	R03	R03-01	R03-08	1.0000	1.0000	1.0000	1.0000	same-scope	no-explicit-version-marker		review-together-never-auto-merge
REL-00928	exact-text-duplicate	R03-A0006	R03-A0743	R03	R03	R03-01	R03-12	1.0000	1.0000	1.0000	1.0000	compatible-domain-scope	no-explicit-version-marker		review-together-never-auto-merge
REL-00929	exact-text-duplicate	R03-A0006	R03-A0789	R03	R03	R03-01	R03-13	1.0000	1.0000	1.0000	1.0000	compatible-domain-scope	no-explicit-version-marker		review-together-never-auto-merge
REL-00930	exact-text-duplicate	R03-A0006	R03-A2896	R03	R03	R03-01	R03-44	1.0000	1.0000	1.0000	1.0000	different-domain-scope	no-explicit-version-marker		retain-separate-scope-and-review-link
REL-00931	exact-text-duplicate	R03-A0009	R03-A0026	R03	R03	R03-01	R03-01	1.0000	1.0000	1.0000	1.0000	same-scope	no-explicit-version-marker		review-together-never-auto-merge
REL-00932	exact-text-duplicate	R03-A0009	R03-A0206	R03	R03	R03-01	R03-03	1.0000	1.0000	1.0000	1.0000	same-scope	no-explicit-version-marker		review-together-never-auto-merge
REL-00933	exact-text-duplicate	R03-A0009	R03-A0390	R03	R03	R03-01	R03-06	1.0000	1.0000	1.0000	1.0000	same-scope	no-explicit-version-marker		review-together-never-auto-merge
REL-00934	exact-text-duplicate	R03-A0009	R03-A0399	R03	R03	R03-01	R03-06	1.0000	1.0000	1.0000	1.0000	same-scope	no-explicit-version-marker		review-together-never-auto-merge
REL-00935	exact-text-duplicate	R03-A0009	R03-A0559	R03	R03	R03-01	R03-08	1.0000	1.0000	1.0000	1.0000	same-scope	no-explicit-version-marker		review-together-never-auto-merge
REL-00936	exact-text-duplicate	R03-A0009	R03-A0567	R03	R03	R03-01	R03-08	1.0000	1.0000	1.0000	1.0000	same-scope	no-explicit-version-marker		review-together-never-auto-merge
REL-00937	exact-text-duplicate	R03-A0009	R03-A0664	R03	R03	R03-01	R03-10	1.0000	1.0000	1.0000	1.0000	compatible-domain-scope	no-explicit-version-marker		review-together-never-auto-merge
REL-00938	exact-text-duplicate	R03-A0009	R03-A0738	R03	R03	R03-01	R03-12	1.0000	1.0000	1.0000	1.0000	compatible-domain-scope	no-explicit-version-marker		review-together-never-auto-merge
REL-00939	exact-text-duplicate	R03-A0009	R03-A0747	R03	R03	R03-01	R03-12	1.0000	1.0000	1.0000	1.0000	compatible-domain-scope	no-explicit-version-marker		review-together-never-auto-merge
REL-00940	exact-text-duplicate	R03-A0009	R03-A0793	R03	R03	R03-01	R03-13	1.0000	1.0000	1.0000	1.0000	compatible-domain-scope	no-explicit-version-marker		review-together-never-auto-merge
REL-00941	exact-text-duplicate	R03-A0009	R03-A0797	R03	R03	R03-01	R03-13	1.0000	1.0000	1.0000	1.0000	compatible-domain-scope	no-explicit-version-marker		review-together-never-auto-merge
REL-00942	exact-text-duplicate	R03-A0009	R03-A0889	R03	R03	R03-01	R03-15	1.0000	1.0000	1.0000	1.0000	compatible-domain-scope	no-explicit-version-marker		review-together-never-auto-merge
REL-00943	exact-text-duplicate	R03-A0009	R03-A0893	R03	R03	R03-01	R03-15	1.0000	1.0000	1.0000	1.0000	compatible-domain-scope	no-explicit-version-marker		review-together-never-auto-merge
REL-00944	exact-text-duplicate	R03-A0009	R03-A0954	R03	R03	R03-01	R03-16	1.0000	1.0000	1.0000	1.0000	compatible-domain-scope	no-explicit-version-marker		review-together-never-auto-merge
REL-00945	exact-text-duplicate	R03-A0009	R03-A0959	R03	R03	R03-01	R03-16	1.0000	1.0000	1.0000	1.0000	compatible-domain-scope	no-explicit-version-marker		review-together-never-auto-merge
REL-00946	exact-text-duplicate	R03-A0009	R03-A1013	R03	R03	R03-01	R03-17	1.0000	1.0000	1.0000	1.0000	different-domain-scope	no-explicit-version-marker		retain-separate-scope-and-review-link
REL-00947	exact-text-duplicate	R03-A0009	R03-A1330	R03	R03	R03-01	R03-23	1.0000	1.0000	1.0000	1.0000	different-domain-scope	no-explicit-version-marker		retain-separate-scope-and-review-link
REL-00948	exact-text-duplicate	R03-A0009	R03-A1414	R03	R03	R03-01	R03-24	1.0000	1.0000	1.0000	1.0000	different-domain-scope	no-explicit-version-marker		retain-separate-scope-and-review-link
REL-00949	exact-text-duplicate	R03-A0009	R03-A1421	R03	R03	R03-01	R03-24	1.0000	1.0000	1.0000	1.0000	different-domain-scope	no-explicit-version-marker		retain-separate-scope-and-review-link
REL-00950	exact-text-duplicate	R03-A0009	R03-A1591	R03	R03	R03-01	R03-27	1.0000	1.0000	1.0000	1.0000	different-domain-scope	no-explicit-version-marker		retain-separate-scope-and-review-link
REL-00951	exact-text-duplicate	R03-A0009	R03-A1598	R03	R03	R03-01	R03-27	1.0000	1.0000	1.0000	1.0000	different-domain-scope	no-explicit-version-marker		retain-separate-scope-and-review-link
REL-00952	exact-text-duplicate	R03-A0009	R03-A1660	R03	R03	R03-01	R03-28	1.0000	1.0000	1.0000	1.0000	different-domain-scope	no-explicit-version-marker		retain-separate-scope-and-review-link
REL-00953	exact-text-duplicate	R03-A0009	R03-A1669	R03	R03	R03-01	R03-28	1.0000	1.0000	1.0000	1.0000	different-domain-scope	no-explicit-version-marker		retain-separate-scope-and-review-link
REL-00954	exact-text-duplicate	R03-A0009	R03-A1743	R03	R03	R03-01	R03-29	1.0000	1.0000	1.0000	1.0000	different-domain-scope	no-explicit-version-marker		retain-separate-scope-and-review-link
REL-00955	exact-text-duplicate	R03-A0009	R03-A1750	R03	R03	R03-01	R03-29	1.0000	1.0000	1.0000	1.0000	different-domain-scope	no-explicit-version-marker		retain-separate-scope-and-review-link
REL-00956	exact-text-duplicate	R03-A0009	R03-A2903	R03	R03	R03-01	R03-44	1.0000	1.0000	1.0000	1.0000	different-domain-scope	no-explicit-version-marker		retain-separate-scope-and-review-link
REL-00957	exact-text-duplicate	R03-A0009	R03-A2990	R03	R03	R03-01	R03-45	1.0000	1.0000	1.0000	1.0000	different-domain-scope	no-explicit-version-marker		retain-separate-scope-and-review-link
REL-00958	exact-text-duplicate	R03-A0009	R03-A2996	R03	R03	R03-01	R03-45	1.0000	1.0000	1.0000	1.0000	different-domain-scope	no-explicit-version-marker		retain-separate-scope-and-review-link
REL-00959	exact-text-duplicate	R03-A0009	R03-A3037	R03	R03	R03-01	R03-46	1.0000	1.0000	1.0000	1.0000	different-domain-scope	no-explicit-version-marker		retain-separate-scope-and-review-link
REL-00960	exact-text-duplicate	R03-A0009	R03-A3043	R03	R03	R03-01	R03-46	1.0000	1.0000	1.0000	1.0000	different-domain-scope	no-explicit-version-marker		retain-separate-scope-and-review-link
REL-00961	exact-text-duplicate	R03-A0011	R03-A0392	R03	R03	R03-01	R03-06	1.0000	1.0000	1.0000	1.0000	same-scope	no-explicit-version-marker		review-together-never-auto-merge
REL-00962	exact-text-duplicate	R03-A0011	R03-A0561	R03	R03	R03-01	R03-08	1.0000	1.0000	1.0000	1.0000	same-scope	no-explicit-version-marker		review-together-never-auto-merge
REL-00963	exact-text-duplicate	R03-A0011	R03-A0659	R03	R03	R03-01	R03-10	1.0000	1.0000	1.0000	1.0000	compatible-domain-scope	no-explicit-version-marker		review-together-never-auto-merge
REL-00964	exact-text-duplicate	R03-A0011	R03-A0741	R03	R03	R03-01	R03-12	1.0000	1.0000	1.0000	1.0000	compatible-domain-scope	no-explicit-version-marker		review-together-never-auto-merge
REL-00965	exact-text-duplicate	R03-A0011	R03-A0795	R03	R03	R03-01	R03-13	1.0000	1.0000	1.0000	1.0000	compatible-domain-scope	no-explicit-version-marker		review-together-never-auto-merge
REL-00966	exact-text-duplicate	R03-A0011	R03-A0891	R03	R03	R03-01	R03-15	1.0000	1.0000	1.0000	1.0000	compatible-domain-scope	no-explicit-version-marker		review-together-never-auto-merge
REL-00967	exact-text-duplicate	R03-A0011	R03-A0956	R03	R03	R03-01	R03-16	1.0000	1.0000	1.0000	1.0000	compatible-domain-scope	no-explicit-version-marker		review-together-never-auto-merge
REL-00968	exact-text-duplicate	R03-A0011	R03-A1011	R03	R03	R03-01	R03-17	1.0000	1.0000	1.0000	1.0000	compatible-domain-scope	no-explicit-version-marker		review-together-never-auto-merge
REL-00969	exact-text-duplicate	R03-A0011	R03-A1593	R03	R03	R03-01	R03-27	1.0000	1.0000	1.0000	1.0000	compatible-domain-scope	no-explicit-version-marker		review-together-never-auto-merge
REL-00970	exact-text-duplicate	R03-A0011	R03-A1663	R03	R03	R03-01	R03-28	1.0000	1.0000	1.0000	1.0000	compatible-domain-scope	no-explicit-version-marker		review-together-never-auto-merge
REL-00971	exact-text-duplicate	R03-A0011	R03-A1746	R03	R03	R03-01	R03-29	1.0000	1.0000	1.0000	1.0000	compatible-domain-scope	no-explicit-version-marker		review-together-never-auto-merge
REL-00972	exact-text-duplicate	R03-A0011	R03-A2994	R03	R03	R03-01	R03-45	1.0000	1.0000	1.0000	1.0000	compatible-domain-scope	no-explicit-version-marker		review-together-never-auto-merge
REL-00973	exact-text-duplicate	R03-A0024	R03-A0397	R03	R03	R03-01	R03-06	1.0000	1.0000	1.0000	1.0000	same-scope	no-explicit-version-marker		review-together-never-auto-merge
REL-00974	exact-text-duplicate	R03-A0040	R03-A0410	R03	R03	R03-01	R03-06	1.0000	1.0000	1.0000	1.0000	same-scope	no-explicit-version-marker	ea1.1,uc-004	review-together-never-auto-merge
REL-00975	exact-text-duplicate	R03-A0040	R03-A0573	R03	R03	R03-01	R03-08	1.0000	1.0000	1.0000	1.0000	same-scope	no-explicit-version-marker	ea1.1,uc-004	review-together-never-auto-merge
REL-00976	exact-text-duplicate	R03-A0060	R03-A0427	R03	R03	R03-01	R03-06	1.0000	1.0000	1.0000	1.0000	same-scope	no-explicit-version-marker	e2.1	review-together-never-auto-merge
REL-00977	exact-text-duplicate	R03-A0065	R03-A0073	R03	R03	R03-01	R03-01	1.0000	1.0000	1.0000	1.0000	same-scope	no-explicit-version-marker		review-together-never-auto-merge
REL-00978	exact-text-duplicate	R03-A0087	R03-A0430	R03	R03	R03-01	R03-06	1.0000	1.0000	1.0000	1.0000	same-scope	no-explicit-version-marker		review-together-never-auto-merge
REL-00979	exact-text-duplicate	R03-A0141	R03-A0474	R03	R03	R03-01	R03-06	1.0000	1.0000	1.0000	1.0000	same-scope	no-explicit-version-marker	uc-003	review-together-never-auto-merge
REL-00980	exact-text-duplicate	R03-A0145	R03-A0477	R03	R03	R03-01	R03-06	1.0000	1.0000	1.0000	1.0000	same-scope	no-explicit-version-marker		review-together-never-auto-merge
REL-00981	exact-text-duplicate	R03-A0154	R03-A0479	R03	R03	R03-01	R03-06	1.0000	1.0000	1.0000	1.0000	same-scope	no-explicit-version-marker		review-together-never-auto-merge
REL-00982	exact-text-duplicate	R03-A0175	R03-A0618	R03	R03	R03-02	R03-09	1.0000	1.0000	1.0000	1.0000	same-scope	no-explicit-version-marker		review-together-never-auto-merge
REL-00983	exact-text-duplicate	R03-A0177	R03-A0620	R03	R03	R03-02	R03-09	1.0000	1.0000	1.0000	1.0000	same-scope	no-explicit-version-marker		review-together-never-auto-merge
REL-00984	exact-text-duplicate	R03-A0182	R03-A0626	R03	R03	R03-02	R03-09	1.0000	1.0000	1.0000	1.0000	same-scope	no-explicit-version-marker		review-together-never-auto-merge
REL-00985	exact-text-duplicate	R03-A0216	R03-A1492	R03	R03	R03-03	R03-25	1.0000	1.0000	1.0000	1.0000	compatible-domain-scope	no-explicit-version-marker		review-together-never-auto-merge
REL-00986	exact-text-duplicate	R03-A0229	R08-A1037	R03	R08	R03-03	R08-54	1.0000	1.0000	1.0000	1.0000	compatible-domain-scope	no-explicit-version-marker		review-together-never-auto-merge
REL-00987	exact-text-duplicate	R03-A0260	R04-A0199	R03	R04	R03-04	R04-05	1.0000	1.0000	1.0000	1.0000	compatible-domain-scope	different-version-or-scope-markers		retain-separate-version-scope-and-review-link
REL-00988	exact-text-duplicate	R03-A0426	R03-A0978	R03	R03	R03-06	R03-16	1.0000	1.0000	1.0000	1.0000	compatible-domain-scope	no-explicit-version-marker		review-together-never-auto-merge
REL-00989	exact-text-duplicate	R03-A0426	R03-A1280	R03	R03	R03-06	R03-22	1.0000	1.0000	1.0000	1.0000	different-domain-scope	no-explicit-version-marker		retain-separate-scope-and-review-link
REL-00990	exact-text-duplicate	R03-A0426	R03-A1624	R03	R03	R03-06	R03-27	1.0000	1.0000	1.0000	1.0000	different-domain-scope	no-explicit-version-marker		retain-separate-scope-and-review-link
REL-00991	exact-text-duplicate	R03-A0426	R03-A1691	R03	R03	R03-06	R03-28	1.0000	1.0000	1.0000	1.0000	different-domain-scope	no-explicit-version-marker		retain-separate-scope-and-review-link
REL-00992	exact-text-duplicate	R03-A0426	R03-A1770	R03	R03	R03-06	R03-29	1.0000	1.0000	1.0000	1.0000	different-domain-scope	no-explicit-version-marker		retain-separate-scope-and-review-link
REL-00993	exact-text-duplicate	R03-A0426	R03-A3011	R03	R03	R03-06	R03-45	1.0000	1.0000	1.0000	1.0000	different-domain-scope	no-explicit-version-marker		retain-separate-scope-and-review-link
REL-00994	exact-text-duplicate	R03-A0426	R03-A3062	R03	R03	R03-06	R03-46	1.0000	1.0000	1.0000	1.0000	different-domain-scope	no-explicit-version-marker		retain-separate-scope-and-review-link
REL-00995	exact-text-duplicate	R03-A0681	R03-A1501	R03	R03	R03-10	R03-25	1.0000	1.0000	1.0000	1.0000	different-domain-scope	no-explicit-version-marker		retain-separate-scope-and-review-link
REL-00996	exact-text-duplicate	R03-A0762	R03-A0815	R03	R03	R03-12	R03-13	1.0000	1.0000	1.0000	1.0000	same-scope	no-explicit-version-marker		review-together-never-auto-merge
REL-00997	exact-text-duplicate	R03-A0762	R03-A0916	R03	R03	R03-12	R03-15	1.0000	1.0000	1.0000	1.0000	same-scope	no-explicit-version-marker		review-together-never-auto-merge
REL-00998	exact-text-duplicate	R03-A0762	R03-A1035	R03	R03	R03-12	R03-17	1.0000	1.0000	1.0000	1.0000	different-domain-scope	no-explicit-version-marker		retain-separate-scope-and-review-link
REL-00999	exact-text-duplicate	R03-A0808	R03-A0811	R03	R03	R03-13	R03-13	1.0000	1.0000	1.0000	1.0000	same-scope	no-explicit-version-marker		review-together-never-auto-merge
REL-01000	exact-text-duplicate	R03-A0823	R03-A0827	R03	R03	R03-13	R03-13	1.0000	1.0000	1.0000	1.0000	same-scope	no-explicit-version-marker		review-together-never-auto-merge
REL-01001	exact-text-duplicate	R03-A0823	R03-A0831	R03	R03	R03-13	R03-13	1.0000	1.0000	1.0000	1.0000	same-scope	no-explicit-version-marker		review-together-never-auto-merge
REL-01002	exact-text-duplicate	R03-A0834	R03-A0932	R03	R03	R03-13	R03-15	1.0000	1.0000	1.0000	1.0000	same-scope	no-explicit-version-marker		review-together-never-auto-merge
REL-01003	exact-text-duplicate	R03-A0834	R03-A0989	R03	R03	R03-13	R03-16	1.0000	1.0000	1.0000	1.0000	same-scope	no-explicit-version-marker		review-together-never-auto-merge
REL-01004	exact-text-duplicate	R03-A0834	R03-A1052	R03	R03	R03-13	R03-17	1.0000	1.0000	1.0000	1.0000	compatible-domain-scope	no-explicit-version-marker		review-together-never-auto-merge
REL-01005	exact-text-duplicate	R03-A0834	R03-A1722	R03	R03	R03-13	R03-28	1.0000	1.0000	1.0000	1.0000	compatible-domain-scope	no-explicit-version-marker		review-together-never-auto-merge
REL-01006	exact-text-duplicate	R03-A0834	R03-A1794	R03	R03	R03-13	R03-29	1.0000	1.0000	1.0000	1.0000	compatible-domain-scope	no-explicit-version-marker		review-together-never-auto-merge
REL-01007	exact-text-duplicate	R03-A0834	R03-A3022	R03	R03	R03-13	R03-45	1.0000	1.0000	1.0000	1.0000	compatible-domain-scope	no-explicit-version-marker		review-together-never-auto-merge
REL-01008	exact-text-duplicate	R03-A0834	R03-A3083	R03	R03	R03-13	R03-46	1.0000	1.0000	1.0000	1.0000	compatible-domain-scope	no-explicit-version-marker		review-together-never-auto-merge
REL-01009	exact-text-duplicate	R03-A0859	R06-A0046	R03	R06	R03-14	R06-14	1.0000	1.0000	1.0000	1.0000	compatible-domain-scope	no-explicit-version-marker		review-together-never-auto-merge
REL-01010	exact-text-duplicate	R03-A0878	R06-A0025	R03	R06	R03-14	R06-09	1.0000	1.0000	1.0000	1.0000	compatible-domain-scope	no-explicit-version-marker		review-together-never-auto-merge
REL-01011	exact-text-duplicate	R03-A0947	R03-A1234	R03	R03	R03-16	R03-22	1.0000	1.0000	1.0000	1.0000	different-domain-scope	no-explicit-version-marker		retain-separate-scope-and-review-link
REL-01012	exact-text-duplicate	R03-A0947	R03-A1586	R03	R03	R03-16	R03-27	1.0000	1.0000	1.0000	1.0000	different-domain-scope	no-explicit-version-marker		retain-separate-scope-and-review-link
REL-01013	exact-text-duplicate	R03-A0947	R03-A1812	R03	R03	R03-16	R03-30	1.0000	1.0000	1.0000	1.0000	different-domain-scope	no-explicit-version-marker		retain-separate-scope-and-review-link
REL-01014	exact-text-duplicate	R03-A0947	R03-A1935	R03	R03	R03-16	R03-32	1.0000	1.0000	1.0000	1.0000	different-domain-scope	no-explicit-version-marker		retain-separate-scope-and-review-link
REL-01015	exact-text-duplicate	R03-A0947	R03-A2018	R03	R03	R03-16	R03-33	1.0000	1.0000	1.0000	1.0000	different-domain-scope	no-explicit-version-marker		retain-separate-scope-and-review-link
REL-01016	exact-text-duplicate	R03-A0947	R03-A2108	R03	R03	R03-16	R03-34	1.0000	1.0000	1.0000	1.0000	different-domain-scope	no-explicit-version-marker		retain-separate-scope-and-review-link
REL-01017	exact-text-duplicate	R03-A0947	R03-A2206	R03	R03	R03-16	R03-35	1.0000	1.0000	1.0000	1.0000	different-domain-scope	no-explicit-version-marker		retain-separate-scope-and-review-link
REL-01018	exact-text-duplicate	R03-A0968	R03-A1259	R03	R03	R03-16	R03-22	1.0000	1.0000	1.0000	1.0000	different-domain-scope	no-explicit-version-marker		retain-separate-scope-and-review-link
REL-01019	exact-text-duplicate	R03-A1097	R06-A0158	R03	R06	R03-18	R06-40	1.0000	1.0000	1.0000	1.0000	compatible-domain-scope	no-explicit-version-marker		review-together-never-auto-merge
REL-01020	exact-text-duplicate	R03-A1104	R06-A0149	R03	R06	R03-18	R06-38	1.0000	1.0000	1.0000	1.0000	compatible-domain-scope	no-explicit-version-marker		review-together-never-auto-merge
REL-01021	exact-text-duplicate	R03-A1124	R03-A1744	R03	R03	R03-19	R03-29	1.0000	1.0000	1.0000	1.0000	compatible-domain-scope	no-explicit-version-marker	uc-019	review-together-never-auto-merge
REL-01022	exact-text-duplicate	R03-A1124	R03-A2991	R03	R03	R03-19	R03-45	1.0000	1.0000	1.0000	1.0000	compatible-domain-scope	no-explicit-version-marker	uc-019	review-together-never-auto-merge
REL-01023	exact-text-duplicate	R03-A1147	R06-A0191	R03	R06	R03-19	R06-48	1.0000	1.0000	1.0000	1.0000	compatible-domain-scope	no-explicit-version-marker	fail-closed	review-together-never-auto-merge
REL-01024	exact-text-duplicate	R03-A1149	R06-A0195	R03	R06	R03-19	R06-49	1.0000	1.0000	1.0000	1.0000	compatible-domain-scope	no-explicit-version-marker		review-together-never-auto-merge
REL-01025	exact-text-duplicate	R03-A1155	R03-A1758	R03	R03	R03-19	R03-29	1.0000	1.0000	1.0000	1.0000	compatible-domain-scope	no-explicit-version-marker		review-together-never-auto-merge
REL-01026	exact-text-duplicate	R03-A1213	R06-A0215	R03	R06	R03-21	R06-54	1.0000	1.0000	1.0000	1.0000	compatible-domain-scope	no-explicit-version-marker	br-002	review-together-never-auto-merge
REL-01027	exact-text-duplicate	R03-A1241	R03-A1942	R03	R03	R03-22	R03-32	1.0000	1.0000	1.0000	1.0000	different-domain-scope	no-explicit-version-marker		retain-separate-scope-and-review-link
REL-01028	exact-text-duplicate	R03-A1266	R03-A1273	R03	R03	R03-22	R03-22	1.0000	1.0000	1.0000	1.0000	same-scope	no-explicit-version-marker		review-together-never-auto-merge
REL-01029	exact-text-duplicate	R03-A1266	R03-A1843	R03	R03	R03-22	R03-30	1.0000	1.0000	1.0000	1.0000	compatible-domain-scope	no-explicit-version-marker		review-together-never-auto-merge
REL-01030	exact-text-duplicate	R03-A1266	R03-A1967	R03	R03	R03-22	R03-32	1.0000	1.0000	1.0000	1.0000	different-domain-scope	no-explicit-version-marker		retain-separate-scope-and-review-link
REL-01031	exact-text-duplicate	R03-A1266	R03-A1974	R03	R03	R03-22	R03-32	1.0000	1.0000	1.0000	1.0000	different-domain-scope	no-explicit-version-marker		retain-separate-scope-and-review-link
REL-01032	exact-text-duplicate	R03-A1266	R03-A2238	R03	R03	R03-22	R03-35	1.0000	1.0000	1.0000	1.0000	different-domain-scope	no-explicit-version-marker		retain-separate-scope-and-review-link
REL-01033	exact-text-duplicate	R03-A1268	R03-A1969	R03	R03	R03-22	R03-32	1.0000	1.0000	1.0000	1.0000	different-domain-scope	no-explicit-version-marker		retain-separate-scope-and-review-link
REL-01034	exact-text-duplicate	R03-A1271	R03-A1972	R03	R03	R03-22	R03-32	1.0000	1.0000	1.0000	1.0000	different-domain-scope	no-explicit-version-marker		retain-separate-scope-and-review-link
REL-01035	exact-text-duplicate	R03-A1274	R03-A1975	R03	R03	R03-22	R03-32	1.0000	1.0000	1.0000	1.0000	compatible-domain-scope	no-explicit-version-marker		review-together-never-auto-merge
REL-01036	exact-text-duplicate	R03-A1278	R03-A1979	R03	R03	R03-22	R03-32	1.0000	1.0000	1.0000	1.0000	different-domain-scope	no-explicit-version-marker		retain-separate-scope-and-review-link
REL-01037	exact-text-duplicate	R03-A1295	R03-A1997	R03	R03	R03-22	R03-32	1.0000	1.0000	1.0000	1.0000	compatible-domain-scope	no-explicit-version-marker		review-together-never-auto-merge
REL-01038	exact-text-duplicate	R03-A1296	R03-A1998	R03	R03	R03-22	R03-32	1.0000	1.0000	1.0000	1.0000	compatible-domain-scope	no-explicit-version-marker		review-together-never-auto-merge
REL-01039	exact-text-duplicate	R03-A1297	R03-A1999	R03	R03	R03-22	R03-32	1.0000	1.0000	1.0000	1.0000	compatible-domain-scope	no-explicit-version-marker		review-together-never-auto-merge
REL-01040	exact-text-duplicate	R03-A1298	R03-A2000	R03	R03	R03-22	R03-32	1.0000	1.0000	1.0000	1.0000	different-domain-scope	no-explicit-version-marker		retain-separate-scope-and-review-link
REL-01041	exact-text-duplicate	R03-A1298	R06-A0120	R03	R06	R03-22	R06-31	1.0000	1.0000	1.0000	1.0000	compatible-domain-scope	no-explicit-version-marker		review-together-never-auto-merge
REL-01042	exact-text-duplicate	R03-A1443	R03-A1448	R03	R03	R03-24	R03-24	1.0000	1.0000	1.0000	1.0000	same-scope	no-explicit-version-marker		review-together-never-auto-merge
REL-01043	exact-text-duplicate	R03-A1486	R03-A1658	R03	R03	R03-25	R03-28	1.0000	1.0000	1.0000	1.0000	compatible-domain-scope	no-explicit-version-marker		review-together-never-auto-merge
REL-01044	exact-text-duplicate	R03-A1486	R03-A3035	R03	R03	R03-25	R03-46	1.0000	1.0000	1.0000	1.0000	compatible-domain-scope	no-explicit-version-marker		review-together-never-auto-merge
REL-01045	exact-text-duplicate	R03-A1523	R03-A1878	R03	R03	R03-26	R03-31	1.0000	1.0000	1.0000	1.0000	compatible-domain-scope	no-explicit-version-marker		review-together-never-auto-merge
REL-01046	exact-text-duplicate	R03-A1686	R03-A3057	R03	R03	R03-28	R03-46	1.0000	1.0000	1.0000	1.0000	compatible-domain-scope	no-explicit-version-marker	e3.1	review-together-never-auto-merge
REL-01047	exact-text-duplicate	R03-A1693	R03-A1700	R03	R03	R03-28	R03-28	1.0000	1.0000	1.0000	1.0000	same-scope	no-explicit-version-marker		review-together-never-auto-merge
REL-01048	exact-text-duplicate	R03-A1710	R03-A3077	R03	R03	R03-28	R03-46	1.0000	1.0000	1.0000	1.0000	compatible-domain-scope	no-explicit-version-marker	3.1	review-together-never-auto-merge
REL-01049	exact-text-duplicate	R03-A1711	R03-A3078	R03	R03	R03-28	R03-46	1.0000	1.0000	1.0000	1.0000	compatible-domain-scope	no-explicit-version-marker		review-together-never-auto-merge
REL-01050	exact-text-duplicate	R03-A1739	R03-A2985	R03	R03	R03-29	R03-45	1.0000	1.0000	1.0000	1.0000	compatible-domain-scope	no-explicit-version-marker		review-together-never-auto-merge
REL-01051	exact-text-duplicate	R03-A1753	R03-A2999	R03	R03	R03-29	R03-45	1.0000	1.0000	1.0000	1.0000	compatible-domain-scope	no-explicit-version-marker		review-together-never-auto-merge
REL-01052	exact-text-duplicate	R03-A1767	R03-A3008	R03	R03	R03-29	R03-45	1.0000	1.0000	1.0000	1.0000	compatible-domain-scope	no-explicit-version-marker		review-together-never-auto-merge
REL-01053	exact-text-duplicate	R03-A1768	R03-A3009	R03	R03	R03-29	R03-45	1.0000	1.0000	1.0000	1.0000	compatible-domain-scope	no-explicit-version-marker		review-together-never-auto-merge
REL-01054	exact-text-duplicate	R03-A1775	R03-A3014	R03	R03	R03-29	R03-45	1.0000	1.0000	1.0000	1.0000	compatible-domain-scope	no-explicit-version-marker	2.1	review-together-never-auto-merge
REL-01055	exact-text-duplicate	R03-A1777	R03-A3016	R03	R03	R03-29	R03-45	1.0000	1.0000	1.0000	1.0000	compatible-domain-scope	no-explicit-version-marker		review-together-never-auto-merge
REL-01056	exact-text-duplicate	R03-A1778	R03-A3017	R03	R03	R03-29	R03-45	1.0000	1.0000	1.0000	1.0000	compatible-domain-scope	no-explicit-version-marker	r-12	review-together-never-auto-merge
REL-01057	exact-text-duplicate	R03-A1781	R03-A1787	R03	R03	R03-29	R03-29	1.0000	1.0000	1.0000	1.0000	same-scope	no-explicit-version-marker		review-together-never-auto-merge
REL-01058	exact-text-duplicate	R03-A1981	R03-A2434	R03	R03	R03-32	R03-37	1.0000	1.0000	1.0000	1.0000	different-domain-scope	no-explicit-version-marker	normal/alternative	retain-separate-scope-and-review-link
REL-01059	exact-text-duplicate	R03-A1981	R03-A2504	R03	R03	R03-32	R03-38	1.0000	1.0000	1.0000	1.0000	different-domain-scope	no-explicit-version-marker	normal/alternative	retain-separate-scope-and-review-link
REL-01060	exact-text-duplicate	R03-A1981	R03-A2574	R03	R03	R03-32	R03-39	1.0000	1.0000	1.0000	1.0000	different-domain-scope	no-explicit-version-marker	normal/alternative	retain-separate-scope-and-review-link
REL-01061	exact-text-duplicate	R03-A1981	R03-A2641	R03	R03	R03-32	R03-40	1.0000	1.0000	1.0000	1.0000	different-domain-scope	no-explicit-version-marker	normal/alternative	retain-separate-scope-and-review-link
REL-01062	exact-text-duplicate	R03-A1981	R03-A2715	R03	R03	R03-32	R03-41	1.0000	1.0000	1.0000	1.0000	different-domain-scope	no-explicit-version-marker	normal/alternative	retain-separate-scope-and-review-link
REL-01063	exact-text-duplicate	R03-A1981	R03-A2786	R03	R03	R03-32	R03-42	1.0000	1.0000	1.0000	1.0000	different-domain-scope	no-explicit-version-marker	normal/alternative	retain-separate-scope-and-review-link
REL-01064	exact-text-duplicate	R03-A1981	R03-A2845	R03	R03	R03-32	R03-43	1.0000	1.0000	1.0000	1.0000	different-domain-scope	no-explicit-version-marker	normal/alternative	retain-separate-scope-and-review-link
REL-01065	exact-text-duplicate	R03-A2061	R03-A2161	R03	R03	R03-33	R03-34	1.0000	1.0000	1.0000	1.0000	same-scope	no-explicit-version-marker	normal/alternative	review-together-never-auto-merge
REL-01066	exact-text-duplicate	R03-A2061	R03-A2255	R03	R03	R03-33	R03-35	1.0000	1.0000	1.0000	1.0000	same-scope	no-explicit-version-marker	normal/alternative	review-together-never-auto-merge
REL-01067	exact-text-duplicate	R03-A2061	R03-A2348	R03	R03	R03-33	R03-36	1.0000	1.0000	1.0000	1.0000	same-scope	no-explicit-version-marker	normal/alternative	review-together-never-auto-merge
REL-01068	exact-text-duplicate	R03-A2696	R03-A2777	R03	R03	R03-41	R03-42	1.0000	1.0000	1.0000	1.0000	same-scope	no-explicit-version-marker		review-together-never-auto-merge
REL-01069	exact-text-duplicate	R03-A2725	R03-A2855	R03	R03	R03-41	R03-43	1.0000	1.0000	1.0000	1.0000	same-scope	no-explicit-version-marker		review-together-never-auto-merge
REL-01070	exact-text-duplicate	R03-A2729	R03-A2859	R03	R03	R03-41	R03-43	1.0000	1.0000	1.0000	1.0000	same-scope	no-explicit-version-marker		review-together-never-auto-merge
REL-01071	exact-text-duplicate	R03-A2730	R03-A2860	R03	R03	R03-41	R03-43	1.0000	1.0000	1.0000	1.0000	same-scope	no-explicit-version-marker		review-together-never-auto-merge
REL-01072	exact-text-duplicate	R03-A2779	R03-A2837	R03	R03	R03-42	R03-43	1.0000	1.0000	1.0000	1.0000	same-scope	no-explicit-version-marker		review-together-never-auto-merge
REL-01073	exact-text-duplicate	R03-A2788	R03-A2847	R03	R03	R03-42	R03-43	1.0000	1.0000	1.0000	1.0000	same-scope	no-explicit-version-marker	e4.1	review-together-never-auto-merge
REL-01074	exact-text-duplicate	R03-A2949	R03-A2953	R03	R03	R03-44	R03-44	1.0000	1.0000	1.0000	1.0000	same-scope	no-explicit-version-marker		review-together-never-auto-merge
REL-01075	exact-text-duplicate	R03-A2951	R03-A2955	R03	R03	R03-44	R03-44	1.0000	1.0000	1.0000	1.0000	same-scope	no-explicit-version-marker		review-together-never-auto-merge
REL-01076	exact-text-duplicate	R04-A0020	R04-A0024	R04	R04	R04-01	R04-01	1.0000	1.0000	1.0000	1.0000	same-scope	no-explicit-version-marker		review-together-never-auto-merge
REL-01077	exact-text-duplicate	R04-A0032	R04-A0139	R04	R04	R04-01	R04-02	1.0000	1.0000	1.0000	1.0000	same-scope	different-version-or-scope-markers		retain-separate-version-scope-and-review-link
REL-01078	exact-text-duplicate	R04-A0050	R04-A0347	R04	R04	R04-02	R04-08	1.0000	1.0000	1.0000	1.0000	same-scope	same-version-markers	uc-004	review-together-never-auto-merge
REL-01079	exact-text-duplicate	R04-A0050	R04-A0560	R04	R04	R04-02	R04-14	1.0000	1.0000	1.0000	1.0000	same-scope	same-version-markers	uc-004	review-together-never-auto-merge
REL-01080	exact-text-duplicate	R04-A0069	R04-A0355	R04	R04	R04-02	R04-08	1.0000	1.0000	1.0000	1.0000	same-scope	same-version-markers		review-together-never-auto-merge
REL-01081	exact-text-duplicate	R04-A0070	R04-A0356	R04	R04	R04-02	R04-08	1.0000	1.0000	1.0000	1.0000	same-scope	same-version-markers		review-together-never-auto-merge
REL-01082	exact-text-duplicate	R04-A0070	R04-A0564	R04	R04	R04-02	R04-14	1.0000	1.0000	1.0000	1.0000	same-scope	same-version-markers		review-together-never-auto-merge
REL-01083	exact-text-duplicate	R04-A0127	R04-A0400	R04	R04	R04-02	R04-09	1.0000	1.0000	1.0000	1.0000	same-scope	same-version-markers		review-together-never-auto-merge
REL-01084	exact-text-duplicate	R04-A0127	R04-A0406	R04	R04	R04-02	R04-09	1.0000	1.0000	1.0000	1.0000	same-scope	same-version-markers		review-together-never-auto-merge
REL-01085	exact-text-duplicate	R04-A0130	R04-A0295	R04	R04	R04-02	R04-07	1.0000	1.0000	1.0000	1.0000	same-scope	same-version-markers		review-together-never-auto-merge
REL-01086	exact-text-duplicate	R04-A0153	R04-A0157	R04	R04	R04-03	R04-03	1.0000	1.0000	1.0000	1.0000	same-scope	same-version-markers		review-together-never-auto-merge
REL-01087	exact-text-duplicate	R04-A0163	R04-A0190	R04	R04	R04-03	R04-04	1.0000	1.0000	1.0000	1.0000	same-scope	same-version-markers	uc-002,uc-046	review-together-never-auto-merge
REL-01088	exact-text-duplicate	R04-A0169	R04-A0197	R04	R04	R04-03	R04-04	1.0000	1.0000	1.0000	1.0000	same-scope	same-version-markers		review-together-never-auto-merge
REL-01089	exact-text-duplicate	R04-A0179	R04-A0183	R04	R04	R04-04	R04-04	1.0000	1.0000	1.0000	1.0000	same-scope	same-version-markers		review-together-never-auto-merge
REL-01090	exact-text-duplicate	R04-A0179	R04-A0187	R04	R04	R04-04	R04-04	1.0000	1.0000	1.0000	1.0000	same-scope	same-version-markers		review-together-never-auto-merge
REL-01091	exact-text-duplicate	R04-A0216	R04-A0256	R04	R04	R04-05	R04-06	1.0000	1.0000	1.0000	1.0000	same-scope	same-version-markers	uc-005	review-together-never-auto-merge
REL-01092	exact-text-duplicate	R04-A0378	R04-A0409	R04	R04	R04-08	R04-09	1.0000	1.0000	1.0000	1.0000	same-scope	same-version-markers	uc-010	review-together-never-auto-merge
REL-01093	exact-text-duplicate	R04-A0467	R04-A0585	R04	R04	R04-10	R04-14	1.0000	1.0000	1.0000	1.0000	same-scope	same-version-markers		review-together-never-auto-merge
REL-01094	exact-text-duplicate	R04-A0467	R04-A0683	R04	R04	R04-10	R04-16	1.0000	1.0000	1.0000	1.0000	different-domain-scope	different-version-or-scope-markers		retain-separate-version-scope-and-review-link
REL-01095	exact-text-duplicate	R04-A0467	R04-A0735	R04	R04	R04-10	R04-18	1.0000	1.0000	1.0000	1.0000	different-domain-scope	same-version-markers		retain-separate-scope-and-review-link
REL-01096	exact-text-duplicate	R04-A0467	R04-A0769	R04	R04	R04-10	R04-19	1.0000	1.0000	1.0000	1.0000	different-domain-scope	different-version-or-scope-markers		retain-separate-version-scope-and-review-link
REL-01097	exact-text-duplicate	R04-A0468	R04-A0684	R04	R04	R04-10	R04-16	1.0000	1.0000	1.0000	1.0000	different-domain-scope	different-version-or-scope-markers	non-functional	retain-separate-version-scope-and-review-link
REL-01098	exact-text-duplicate	R04-A0571	R04-A0576	R04	R04	R04-14	R04-14	1.0000	1.0000	1.0000	1.0000	same-scope	same-version-markers		review-together-never-auto-merge
REL-01099	exact-text-duplicate	R04-A0584	R04-A0682	R04	R04	R04-14	R04-16	1.0000	1.0000	1.0000	1.0000	different-domain-scope	different-version-or-scope-markers		retain-separate-version-scope-and-review-link
REL-01100	exact-text-duplicate	R04-A0584	R04-A0734	R04	R04	R04-14	R04-18	1.0000	1.0000	1.0000	1.0000	different-domain-scope	same-version-markers		retain-separate-scope-and-review-link
REL-01101	exact-text-duplicate	R04-A0584	R04-A0768	R04	R04	R04-14	R04-19	1.0000	1.0000	1.0000	1.0000	different-domain-scope	different-version-or-scope-markers		retain-separate-version-scope-and-review-link
REL-01102	exact-text-duplicate	R04-A0584	R04-A0830	R04	R04	R04-14	R04-21	1.0000	1.0000	1.0000	1.0000	different-domain-scope	different-version-or-scope-markers		retain-separate-version-scope-and-review-link
REL-01103	exact-text-duplicate	R04-A0584	R04-A0861	R04	R04	R04-14	R04-22	1.0000	1.0000	1.0000	1.0000	different-domain-scope	same-version-markers		retain-separate-scope-and-review-link
REL-01104	exact-text-duplicate	R04-A0611	R04-A0616	R04	R04	R04-15	R04-15	1.0000	1.0000	1.0000	1.0000	same-scope	same-version-markers		review-together-never-auto-merge
REL-01105	exact-text-duplicate	R04-A0644	R04-A0653	R04	R04	R04-15	R04-15	1.0000	1.0000	1.0000	1.0000	same-scope	same-version-markers		review-together-never-auto-merge
REL-01106	exact-text-duplicate	R04-A0699	R04-A0703	R04	R04	R04-17	R04-17	1.0000	1.0000	1.0000	1.0000	same-scope	same-version-markers		review-together-never-auto-merge
REL-01107	exact-text-duplicate	R04-A0736	R04-A0770	R04	R04	R04-18	R04-19	1.0000	1.0000	1.0000	1.0000	same-scope	different-version-or-scope-markers	nfr-002,non-functional	retain-separate-version-scope-and-review-link
REL-01108	exact-text-duplicate	R04-A0823	R04-A0827	R04	R04	R04-21	R04-21	1.0000	1.0000	1.0000	1.0000	same-scope	no-explicit-version-marker		review-together-never-auto-merge
REL-01109	exact-text-duplicate	R04-A0853	R04-A0857	R04	R04	R04-22	R04-22	1.0000	1.0000	1.0000	1.0000	same-scope	same-version-markers		review-together-never-auto-merge
REL-01110	exact-text-duplicate	R04-A0853	R04-A0888	R04	R04	R04-22	R04-23	1.0000	1.0000	1.0000	1.0000	compatible-domain-scope	different-version-or-scope-markers		retain-separate-version-scope-and-review-link
REL-01111	exact-text-duplicate	R04-A0853	R04-A0892	R04	R04	R04-22	R04-23	1.0000	1.0000	1.0000	1.0000	compatible-domain-scope	different-version-or-scope-markers		retain-separate-version-scope-and-review-link
REL-01112	exact-text-duplicate	R04-A0853	R04-A0896	R04	R04	R04-22	R04-23	1.0000	1.0000	1.0000	1.0000	compatible-domain-scope	different-version-or-scope-markers		retain-separate-version-scope-and-review-link
REL-01113	exact-text-duplicate	R04-A0853	R04-A0900	R04	R04	R04-22	R04-23	1.0000	1.0000	1.0000	1.0000	compatible-domain-scope	different-version-or-scope-markers		retain-separate-version-scope-and-review-link
REL-01114	exact-text-duplicate	R04-A0853	R04-A1002	R04	R04	R04-22	R04-26	1.0000	1.0000	1.0000	1.0000	compatible-domain-scope	different-version-or-scope-markers		retain-separate-version-scope-and-review-link
REL-01115	exact-text-duplicate	R04-A0853	R04-A1111	R04	R04	R04-22	R04-29	1.0000	1.0000	1.0000	1.0000	compatible-domain-scope	different-version-or-scope-markers		retain-separate-version-scope-and-review-link
REL-01116	exact-text-duplicate	R04-A0925	R04-A0961	R04	R04	R04-24	R04-25	1.0000	1.0000	1.0000	1.0000	same-scope	no-explicit-version-marker		review-together-never-auto-merge
REL-01117	exact-text-duplicate	R04-A0933	R04-A0966	R04	R04	R04-24	R04-25	1.0000	1.0000	1.0000	1.0000	same-scope	no-explicit-version-marker		review-together-never-auto-merge
REL-01118	exact-text-duplicate	R04-A0936	R04-A0969	R04	R04	R04-24	R04-25	1.0000	1.0000	1.0000	1.0000	same-scope	no-explicit-version-marker		review-together-never-auto-merge
REL-01119	exact-text-duplicate	R04-A1078	R04-A1117	R04	R04	R04-28	R04-29	1.0000	1.0000	1.0000	1.0000	same-scope	no-explicit-version-marker		review-together-never-auto-merge
REL-01120	exact-text-duplicate	R04-A1078	R04-A1154	R04	R04	R04-28	R04-30	1.0000	1.0000	1.0000	1.0000	same-scope	no-explicit-version-marker		review-together-never-auto-merge
REL-01121	exact-text-duplicate	R04-A1078	R04-A1185	R04	R04	R04-28	R04-31	1.0000	1.0000	1.0000	1.0000	same-scope	no-explicit-version-marker		review-together-never-auto-merge
REL-01122	exact-text-duplicate	R04-A1141	R04-A1145	R04	R04	R04-30	R04-30	1.0000	1.0000	1.0000	1.0000	same-scope	no-explicit-version-marker		review-together-never-auto-merge
REL-01123	exact-text-duplicate	R04-A1141	R04-A1149	R04	R04	R04-30	R04-30	1.0000	1.0000	1.0000	1.0000	same-scope	no-explicit-version-marker		review-together-never-auto-merge
REL-01124	exact-text-duplicate	R04-A1175	R04-A1179	R04	R04	R04-31	R04-31	1.0000	1.0000	1.0000	1.0000	same-scope	no-explicit-version-marker		review-together-never-auto-merge
REL-01125	exact-text-duplicate	R05-A0117	R05-A0122	R05	R05	R05-23	R05-24	1.0000	1.0000	1.0000	1.0000	same-scope	no-explicit-version-marker		review-together-never-auto-merge
REL-01126	exact-text-duplicate	R05-A0164	R05-A0169	R05	R05	R05-32	R05-33	1.0000	1.0000	1.0000	1.0000	same-scope	no-explicit-version-marker	ac-2,fr-012	review-together-never-auto-merge
REL-01127	exact-text-duplicate	R05-A0199	R05-A0204	R05	R05	R05-40	R05-41	1.0000	1.0000	1.0000	1.0000	same-scope	no-explicit-version-marker		review-together-never-auto-merge
REL-01128	exact-text-duplicate	R05-A0330	R05-A0338	R05	R05	R05-61	R05-62	1.0000	1.0000	1.0000	1.0000	same-scope	different-version-or-scope-markers		retain-separate-version-scope-and-review-link
REL-01129	exact-text-duplicate	R05-A0330	R05-A0354	R05	R05	R05-61	R05-64	1.0000	1.0000	1.0000	1.0000	same-scope	different-version-or-scope-markers		retain-separate-version-scope-and-review-link
REL-01130	exact-text-duplicate	R06-A0068	R06-A0072	R06	R06	R06-18	R06-19	1.0000	1.0000	1.0000	1.0000	same-scope	no-explicit-version-marker		review-together-never-auto-merge
REL-01131	exact-text-duplicate	R06-A0079	R06-A0083	R06	R06	R06-21	R06-22	1.0000	1.0000	1.0000	1.0000	same-scope	no-explicit-version-marker		review-together-never-auto-merge
REL-01132	exact-text-duplicate	R06-A0079	R06-A0091	R06	R06	R06-21	R06-24	1.0000	1.0000	1.0000	1.0000	different-domain-scope	no-explicit-version-marker		retain-separate-scope-and-review-link
REL-01133	exact-text-duplicate	R06-A0079	R06-A0095	R06	R06	R06-21	R06-25	1.0000	1.0000	1.0000	1.0000	different-domain-scope	no-explicit-version-marker		retain-separate-scope-and-review-link
REL-01134	exact-text-duplicate	R06-A0079	R06-A0099	R06	R06	R06-21	R06-26	1.0000	1.0000	1.0000	1.0000	different-domain-scope	no-explicit-version-marker		retain-separate-scope-and-review-link
REL-01135	exact-text-duplicate	R06-A0079	R06-A0103	R06	R06	R06-21	R06-27	1.0000	1.0000	1.0000	1.0000	different-domain-scope	no-explicit-version-marker		retain-separate-scope-and-review-link
REL-01136	exact-text-duplicate	R06-A0079	R06-A0148	R06	R06	R06-21	R06-38	1.0000	1.0000	1.0000	1.0000	different-domain-scope	no-explicit-version-marker		retain-separate-scope-and-review-link
REL-01137	exact-text-duplicate	R06-A0079	R06-A0194	R06	R06	R06-21	R06-49	1.0000	1.0000	1.0000	1.0000	different-domain-scope	no-explicit-version-marker		retain-separate-scope-and-review-link
REL-01138	exact-text-duplicate	R06-A0107	R06-A0123	R06	R06	R06-28	R06-32	1.0000	1.0000	1.0000	1.0000	same-scope	no-explicit-version-marker		review-together-never-auto-merge
REL-01139	exact-text-duplicate	R06-A0115	R06-A0128	R06	R06	R06-30	R06-33	1.0000	1.0000	1.0000	1.0000	same-scope	no-explicit-version-marker		review-together-never-auto-merge
REL-01140	exact-text-duplicate	R06-A0118	R06-A0131	R06	R06	R06-31	R06-34	1.0000	1.0000	1.0000	1.0000	same-scope	no-explicit-version-marker		review-together-never-auto-merge
REL-01141	exact-text-duplicate	R06-A0203	R06-A0207	R06	R06	R06-51	R06-52	1.0000	1.0000	1.0000	1.0000	same-scope	no-explicit-version-marker		review-together-never-auto-merge
REL-01142	exact-text-duplicate	R06-A0203	R06-A0211	R06	R06	R06-51	R06-53	1.0000	1.0000	1.0000	1.0000	same-scope	no-explicit-version-marker		review-together-never-auto-merge
REL-01143	exact-text-duplicate	R06-A0218	R06-A0222	R06	R06	R06-55	R06-56	1.0000	1.0000	1.0000	1.0000	same-scope	no-explicit-version-marker		review-together-never-auto-merge
REL-01144	exact-text-duplicate	R08-A0483	R08-A0504	R08	R08	R08-16	R08-19	1.0000	1.0000	1.0000	1.0000	same-scope	no-explicit-version-marker		review-together-never-auto-merge
REL-01145	exact-text-duplicate	R08-A0483	R08-A0538	R08	R08	R08-16	R08-37	1.0000	1.0000	1.0000	1.0000	same-scope	no-explicit-version-marker		review-together-never-auto-merge
REL-01146	exact-text-duplicate	R08-A0483	R08-A0583	R08	R08	R08-16	R08-38	1.0000	1.0000	1.0000	1.0000	same-scope	no-explicit-version-marker		review-together-never-auto-merge
REL-01147	exact-text-duplicate	R08-A0483	R08-A0636	R08	R08	R08-16	R08-40	1.0000	1.0000	1.0000	1.0000	same-scope	no-explicit-version-marker		review-together-never-auto-merge
REL-01148	exact-text-duplicate	R08-A0483	R08-A0702	R08	R08	R08-16	R08-41	1.0000	1.0000	1.0000	1.0000	same-scope	no-explicit-version-marker		review-together-never-auto-merge
REL-01149	exact-text-duplicate	R08-A0483	R08-A0732	R08	R08	R08-16	R08-42	1.0000	1.0000	1.0000	1.0000	same-scope	no-explicit-version-marker		review-together-never-auto-merge
REL-01150	exact-text-duplicate	R08-A0483	R08-A0765	R08	R08	R08-16	R08-43	1.0000	1.0000	1.0000	1.0000	same-scope	no-explicit-version-marker		review-together-never-auto-merge
REL-01151	exact-text-duplicate	R08-A0483	R08-A0800	R08	R08	R08-16	R08-44	1.0000	1.0000	1.0000	1.0000	same-scope	no-explicit-version-marker		review-together-never-auto-merge
REL-01152	exact-text-duplicate	R08-A0483	R08-A0824	R08	R08	R08-16	R08-45	1.0000	1.0000	1.0000	1.0000	same-scope	no-explicit-version-marker		review-together-never-auto-merge
REL-01153	exact-text-duplicate	R08-A0483	R08-A0885	R08	R08	R08-16	R08-47	1.0000	1.0000	1.0000	1.0000	same-scope	no-explicit-version-marker		review-together-never-auto-merge
REL-01154	exact-text-duplicate	R08-A0483	R08-A0932	R08	R08	R08-16	R08-48	1.0000	1.0000	1.0000	1.0000	same-scope	no-explicit-version-marker		review-together-never-auto-merge
REL-01155	exact-text-duplicate	R08-A0483	R08-A0963	R08	R08	R08-16	R08-50	1.0000	1.0000	1.0000	1.0000	same-scope	no-explicit-version-marker		review-together-never-auto-merge
REL-01156	exact-text-duplicate	R08-A0483	R08-A1005	R08	R08	R08-16	R08-53	1.0000	1.0000	1.0000	1.0000	same-scope	no-explicit-version-marker		review-together-never-auto-merge
REL-01157	exact-text-duplicate	R08-A0483	R08-A1043	R08	R08	R08-16	R08-54	1.0000	1.0000	1.0000	1.0000	same-scope	no-explicit-version-marker		review-together-never-auto-merge
REL-01158	exact-text-duplicate	R08-A0483	R08-A1058	R08	R08	R08-16	R08-55	1.0000	1.0000	1.0000	1.0000	same-scope	no-explicit-version-marker		review-together-never-auto-merge
REL-01159	exact-text-duplicate	R08-A0483	R08-A1085	R08	R08	R08-16	R08-56	1.0000	1.0000	1.0000	1.0000	same-scope	no-explicit-version-marker		review-together-never-auto-merge
REL-01160	exact-text-duplicate	R08-A0484	R08-A0505	R08	R08	R08-16	R08-19	1.0000	1.0000	1.0000	1.0000	same-scope	no-explicit-version-marker		review-together-never-auto-merge
REL-01161	exact-text-duplicate	R08-A0484	R08-A0539	R08	R08	R08-16	R08-37	1.0000	1.0000	1.0000	1.0000	same-scope	no-explicit-version-marker		review-together-never-auto-merge
REL-01162	exact-text-duplicate	R08-A0484	R08-A0584	R08	R08	R08-16	R08-38	1.0000	1.0000	1.0000	1.0000	same-scope	no-explicit-version-marker		review-together-never-auto-merge
REL-01163	exact-text-duplicate	R08-A0484	R08-A0637	R08	R08	R08-16	R08-40	1.0000	1.0000	1.0000	1.0000	same-scope	no-explicit-version-marker		review-together-never-auto-merge
REL-01164	exact-text-duplicate	R08-A0484	R08-A0703	R08	R08	R08-16	R08-41	1.0000	1.0000	1.0000	1.0000	same-scope	no-explicit-version-marker		review-together-never-auto-merge
REL-01165	exact-text-duplicate	R08-A0484	R08-A0733	R08	R08	R08-16	R08-42	1.0000	1.0000	1.0000	1.0000	same-scope	no-explicit-version-marker		review-together-never-auto-merge
REL-01166	exact-text-duplicate	R08-A0484	R08-A0766	R08	R08	R08-16	R08-43	1.0000	1.0000	1.0000	1.0000	same-scope	no-explicit-version-marker		review-together-never-auto-merge
REL-01167	exact-text-duplicate	R08-A0484	R08-A0801	R08	R08	R08-16	R08-44	1.0000	1.0000	1.0000	1.0000	same-scope	no-explicit-version-marker		review-together-never-auto-merge
REL-01168	exact-text-duplicate	R08-A0484	R08-A0825	R08	R08	R08-16	R08-45	1.0000	1.0000	1.0000	1.0000	same-scope	no-explicit-version-marker		review-together-never-auto-merge
REL-01169	exact-text-duplicate	R08-A0484	R08-A0886	R08	R08	R08-16	R08-47	1.0000	1.0000	1.0000	1.0000	same-scope	no-explicit-version-marker		review-together-never-auto-merge
REL-01170	exact-text-duplicate	R08-A0484	R08-A0933	R08	R08	R08-16	R08-48	1.0000	1.0000	1.0000	1.0000	same-scope	no-explicit-version-marker		review-together-never-auto-merge
REL-01171	exact-text-duplicate	R08-A0484	R08-A0964	R08	R08	R08-16	R08-50	1.0000	1.0000	1.0000	1.0000	same-scope	no-explicit-version-marker		review-together-never-auto-merge
REL-01172	exact-text-duplicate	R08-A0484	R08-A1006	R08	R08	R08-16	R08-53	1.0000	1.0000	1.0000	1.0000	same-scope	no-explicit-version-marker		review-together-never-auto-merge
REL-01173	exact-text-duplicate	R08-A0484	R08-A1044	R08	R08	R08-16	R08-54	1.0000	1.0000	1.0000	1.0000	same-scope	no-explicit-version-marker		review-together-never-auto-merge
REL-01174	exact-text-duplicate	R08-A0484	R08-A1059	R08	R08	R08-16	R08-55	1.0000	1.0000	1.0000	1.0000	same-scope	no-explicit-version-marker		review-together-never-auto-merge
REL-01175	exact-text-duplicate	R08-A0484	R08-A1086	R08	R08	R08-16	R08-56	1.0000	1.0000	1.0000	1.0000	same-scope	no-explicit-version-marker		review-together-never-auto-merge
REL-01176	exact-text-duplicate	R08-A0488	R08-A0510	R08	R08	R08-16	R08-19	1.0000	1.0000	1.0000	1.0000	same-scope	no-explicit-version-marker		review-together-never-auto-merge
REL-01177	exact-text-duplicate	R08-A0488	R08-A0545	R08	R08	R08-16	R08-37	1.0000	1.0000	1.0000	1.0000	same-scope	no-explicit-version-marker		review-together-never-auto-merge
REL-01178	exact-text-duplicate	R08-A0488	R08-A0589	R08	R08	R08-16	R08-38	1.0000	1.0000	1.0000	1.0000	same-scope	no-explicit-version-marker		review-together-never-auto-merge
REL-01179	exact-text-duplicate	R08-A0488	R08-A0651	R08	R08	R08-16	R08-40	1.0000	1.0000	1.0000	1.0000	same-scope	no-explicit-version-marker		review-together-never-auto-merge
REL-01180	exact-text-duplicate	R08-A0488	R08-A0707	R08	R08	R08-16	R08-41	1.0000	1.0000	1.0000	1.0000	same-scope	no-explicit-version-marker		review-together-never-auto-merge
REL-01181	exact-text-duplicate	R08-A0488	R08-A0737	R08	R08	R08-16	R08-42	1.0000	1.0000	1.0000	1.0000	same-scope	no-explicit-version-marker		review-together-never-auto-merge
REL-01182	exact-text-duplicate	R08-A0488	R08-A0771	R08	R08	R08-16	R08-43	1.0000	1.0000	1.0000	1.0000	same-scope	no-explicit-version-marker		review-together-never-auto-merge
REL-01183	exact-text-duplicate	R08-A0488	R08-A0805	R08	R08	R08-16	R08-44	1.0000	1.0000	1.0000	1.0000	same-scope	no-explicit-version-marker		review-together-never-auto-merge
REL-01184	exact-text-duplicate	R08-A0488	R08-A0829	R08	R08	R08-16	R08-45	1.0000	1.0000	1.0000	1.0000	same-scope	no-explicit-version-marker		review-together-never-auto-merge
REL-01185	exact-text-duplicate	R08-A0488	R08-A0890	R08	R08	R08-16	R08-47	1.0000	1.0000	1.0000	1.0000	same-scope	no-explicit-version-marker		review-together-never-auto-merge
REL-01186	exact-text-duplicate	R08-A0488	R08-A0938	R08	R08	R08-16	R08-48	1.0000	1.0000	1.0000	1.0000	same-scope	no-explicit-version-marker		review-together-never-auto-merge
REL-01187	exact-text-duplicate	R08-A0488	R08-A0968	R08	R08	R08-16	R08-50	1.0000	1.0000	1.0000	1.0000	same-scope	no-explicit-version-marker		review-together-never-auto-merge
REL-01188	exact-text-duplicate	R08-A0488	R08-A1010	R08	R08	R08-16	R08-53	1.0000	1.0000	1.0000	1.0000	same-scope	no-explicit-version-marker		review-together-never-auto-merge
REL-01189	exact-text-duplicate	R08-A0488	R08-A1048	R08	R08	R08-16	R08-54	1.0000	1.0000	1.0000	1.0000	same-scope	no-explicit-version-marker		review-together-never-auto-merge
REL-01190	exact-text-duplicate	R08-A0488	R08-A1063	R08	R08	R08-16	R08-55	1.0000	1.0000	1.0000	1.0000	same-scope	no-explicit-version-marker		review-together-never-auto-merge
REL-01191	exact-text-duplicate	R08-A0488	R08-A1090	R08	R08	R08-16	R08-56	1.0000	1.0000	1.0000	1.0000	same-scope	no-explicit-version-marker		review-together-never-auto-merge
REL-01192	exact-text-duplicate	R08-A0724	R08-A0750	R08	R08	R08-42	R08-43	1.0000	1.0000	1.0000	1.0000	same-scope	no-explicit-version-marker	slotoperationcommand.slots.count	review-together-never-auto-merge
REL-01193	exact-text-duplicate	R09-A0005	R09-A0018	R09	R09	R09-01	R09-02	1.0000	1.0000	1.0000	1.0000	same-scope	no-explicit-version-marker		review-together-never-auto-merge
REL-01194	exact-text-duplicate	R09-A0005	R09-A0028	R09	R09	R09-01	R09-03	1.0000	1.0000	1.0000	1.0000	same-scope	no-explicit-version-marker		review-together-never-auto-merge
REL-01195	exact-text-duplicate	R09-A0005	R09-A0036	R09	R09	R09-01	R09-04	1.0000	1.0000	1.0000	1.0000	same-scope	no-explicit-version-marker		review-together-never-auto-merge
REL-01196	exact-text-duplicate	R09-A0005	R09-A0045	R09	R09	R09-01	R09-05	1.0000	1.0000	1.0000	1.0000	same-scope	no-explicit-version-marker		review-together-never-auto-merge
REL-01197	exact-text-duplicate	R09-A0005	R09-A0064	R09	R09	R09-01	R09-06	1.0000	1.0000	1.0000	1.0000	compatible-domain-scope	no-explicit-version-marker		review-together-never-auto-merge
REL-01198	exact-text-duplicate	R09-A0005	R09-A0086	R09	R09	R09-01	R09-07	1.0000	1.0000	1.0000	1.0000	compatible-domain-scope	no-explicit-version-marker		review-together-never-auto-merge
REL-01199	exact-text-duplicate	R09-A0005	R09-A0105	R09	R09	R09-01	R09-08	1.0000	1.0000	1.0000	1.0000	compatible-domain-scope	no-explicit-version-marker		review-together-never-auto-merge
REL-01200	exact-text-duplicate	R09-A0005	R09-A0119	R09	R09	R09-01	R09-11	1.0000	1.0000	1.0000	1.0000	compatible-domain-scope	no-explicit-version-marker		review-together-never-auto-merge
REL-01201	exact-text-duplicate	R09-A0005	R09-A0139	R09	R09	R09-01	R09-13	1.0000	1.0000	1.0000	1.0000	compatible-domain-scope	no-explicit-version-marker		review-together-never-auto-merge
REL-01202	exact-text-duplicate	R09-A0005	R09-A0152	R09	R09	R09-01	R09-17	1.0000	1.0000	1.0000	1.0000	compatible-domain-scope	no-explicit-version-marker		review-together-never-auto-merge
REL-01203	exact-text-duplicate	R09-A0005	R09-A0166	R09	R09	R09-01	R09-18	1.0000	1.0000	1.0000	1.0000	compatible-domain-scope	no-explicit-version-marker		review-together-never-auto-merge
REL-01204	exact-text-duplicate	R10-A0093	R10-A0096	R10	R10	R10-04	R10-04	1.0000	1.0000	1.0000	1.0000	same-scope	no-explicit-version-marker		review-together-never-auto-merge
REL-01205	exact-text-duplicate	R10-A0127	R10-A0154	R10	R10	R10-05	R10-06	1.0000	1.0000	1.0000	1.0000	same-scope	no-explicit-version-marker	dr-003	review-together-never-auto-merge
REL-01206	exact-text-duplicate	R10-A0133	R10-A0202	R10	R10	R10-05	R10-07	1.0000	1.0000	1.0000	1.0000	same-scope	no-explicit-version-marker		review-together-never-auto-merge
REL-01207	exact-text-duplicate	R10-A0143	R10-A0208	R10	R10	R10-05	R10-07	1.0000	1.0000	1.0000	1.0000	same-scope	no-explicit-version-marker		review-together-never-auto-merge
REL-01208	exact-text-duplicate	R10-A0145	R10-A0180	R10	R10	R10-05	R10-06	1.0000	1.0000	1.0000	1.0000	same-scope	same-version-markers		review-together-never-auto-merge
REL-01209	exact-text-duplicate	R10-A0210	R10-A0213	R10	R10	R10-07	R10-07	1.0000	1.0000	1.0000	1.0000	same-scope	no-explicit-version-marker		review-together-never-auto-merge
REL-01210	exact-text-duplicate	R10-A0387	R10-A0421	R10	R10	R10-12	R10-13	1.0000	1.0000	1.0000	1.0000	same-scope	no-explicit-version-marker	vision/vision-and-scope.md	review-together-never-auto-merge
REL-01211	exact-text-duplicate	R10-A0388	R10-A0422	R10	R10	R10-12	R10-13	1.0000	1.0000	1.0000	1.0000	same-scope	no-explicit-version-marker	dr-008	review-together-never-auto-merge
REL-01212	exact-text-duplicate	R10-A0496	R10-A0512	R10	R10	R10-14	R10-14	1.0000	1.0000	1.0000	1.0000	same-scope	no-explicit-version-marker		review-together-never-auto-merge
REL-01213	exact-text-duplicate	R10-A0508	R10-A0657	R10	R10	R10-14	R10-17	1.0000	1.0000	1.0000	1.0000	same-scope	no-explicit-version-marker		review-together-never-auto-merge
REL-01214	exact-text-duplicate	R10-A0622	R10-A0661	R10	R10	R10-16	R10-17	1.0000	1.0000	1.0000	1.0000	same-scope	different-version-or-scope-markers		retain-separate-version-scope-and-review-link
REL-01215	exact-text-duplicate	R11-A0064	R11-A0080	R11	R11	R11-04	R11-05	1.0000	1.0000	1.0000	1.0000	compatible-domain-scope	different-version-or-scope-markers	query.sql,query.toml	retain-separate-version-scope-and-review-link
REL-01216	exact-text-duplicate	R11-A0064	R11-A0090	R11	R11	R11-04	R11-07	1.0000	1.0000	1.0000	1.0000	compatible-domain-scope	no-explicit-version-marker	query.sql,query.toml	review-together-never-auto-merge
REL-01217	exact-text-duplicate	R12-A0001	R12-A0131	R12	R12	R12-17	R12-50	1.0000	1.0000	1.0000	1.0000	compatible-domain-scope	same-version-markers	ready-for-agent	review-together-never-auto-merge
REL-01218	exact-text-duplicate	R13-A0025	R13-A0052	R13	R13	R13-04	R13-04	1.0000	1.0000	1.0000	1.0000	same-scope	same-version-markers		review-together-never-auto-merge
REL-01219	exact-text-duplicate	R13-A0025	R13-A0058	R13	R13	R13-04	R13-04	1.0000	1.0000	1.0000	1.0000	same-scope	same-version-markers		review-together-never-auto-merge
REL-01220	exact-text-duplicate	R13-A0028	R13-A0037	R13	R13	R13-04	R13-04	1.0000	1.0000	1.0000	1.0000	same-scope	same-version-markers		review-together-never-auto-merge
REL-01221	exact-text-duplicate	R13-A0028	R13-A0040	R13	R13	R13-04	R13-04	1.0000	1.0000	1.0000	1.0000	same-scope	same-version-markers		review-together-never-auto-merge
REL-01222	exact-text-duplicate	R13-A0028	R13-A0043	R13	R13	R13-04	R13-04	1.0000	1.0000	1.0000	1.0000	same-scope	same-version-markers		review-together-never-auto-merge
REL-01223	exact-text-duplicate	R13-A0028	R13-A0046	R13	R13	R13-04	R13-04	1.0000	1.0000	1.0000	1.0000	same-scope	same-version-markers		review-together-never-auto-merge
REL-01224	exact-text-duplicate	R13-A0028	R13-A0049	R13	R13	R13-04	R13-04	1.0000	1.0000	1.0000	1.0000	same-scope	same-version-markers		review-together-never-auto-merge
REL-01225	exact-text-duplicate	R13-A0028	R13-A0064	R13	R13	R13-04	R13-04	1.0000	1.0000	1.0000	1.0000	same-scope	same-version-markers		review-together-never-auto-merge
REL-01226	exact-text-duplicate	R13-A0054	R13-A0057	R13	R13	R13-04	R13-04	1.0000	1.0000	1.0000	1.0000	same-scope	same-version-markers		review-together-never-auto-merge
REL-01227	exact-text-duplicate	R13-A0054	R13-A0060	R13	R13	R13-04	R13-04	1.0000	1.0000	1.0000	1.0000	same-scope	same-version-markers		review-together-never-auto-merge
REL-01228	exact-text-duplicate	R13-A0072	R13-A0077	R13	R13	R13-04	R13-04	1.0000	1.0000	1.0000	1.0000	same-scope	same-version-markers		review-together-never-auto-merge
REL-01229	exact-text-duplicate	R13-A0094	R13-A0098	R13	R13	R13-04	R13-04	1.0000	1.0000	1.0000	1.0000	same-scope	same-version-markers		review-together-never-auto-merge
REL-01230	exact-text-duplicate	R13-A0094	R13-A0102	R13	R13	R13-04	R13-04	1.0000	1.0000	1.0000	1.0000	same-scope	same-version-markers		review-together-never-auto-merge
REL-01231	exact-text-duplicate	R13-A0099	R13-A0103	R13	R13	R13-04	R13-04	1.0000	1.0000	1.0000	1.0000	same-scope	same-version-markers		review-together-never-auto-merge
REL-01232	exact-text-duplicate	R13-A0099	R13-A0107	R13	R13	R13-04	R13-04	1.0000	1.0000	1.0000	1.0000	same-scope	same-version-markers		review-together-never-auto-merge
REL-01233	normalized-text-duplicate	R01-A0160	R02-A0952	R01	R02	R01-04	R02-23	1.0000	1.0000	1.0000	1.0000	different-domain-scope	no-explicit-version-marker	staging_to_wire	retain-separate-scope-and-review-link
REL-01234	normalized-text-duplicate	R01-A0181	R01-A0556	R01	R01	R01-04	R01-05	1.0000	1.0000	1.0000	1.0000	same-scope	no-explicit-version-marker		review-together-never-auto-merge
REL-01235	normalized-text-duplicate	R01-A0271	R02-A0840	R01	R02	R01-04	R02-21	1.0000	1.0000	1.0000	1.0000	compatible-domain-scope	no-explicit-version-marker		review-together-never-auto-merge
REL-01236	normalized-text-duplicate	R01-A0296	R01-A0733	R01	R01	R01-04	R01-05	1.0000	1.0000	1.0000	1.0000	same-scope	no-explicit-version-marker		review-together-never-auto-merge
REL-01237	normalized-text-duplicate	R01-A0369	R02-A0935	R01	R02	R01-05	R02-23	1.0000	1.0000	1.0000	1.0000	compatible-domain-scope	different-version-or-scope-markers		retain-separate-version-scope-and-review-link
REL-01238	normalized-text-duplicate	R01-A0432	R01-A0704	R01	R01	R01-05	R01-05	1.0000	1.0000	1.0000	1.0000	same-scope	no-explicit-version-marker		review-together-never-auto-merge
REL-01239	normalized-text-duplicate	R01-A0432	R02-A0008	R01	R02	R01-05	R02-07	1.0000	1.0000	1.0000	1.0000	compatible-domain-scope	no-explicit-version-marker		review-together-never-auto-merge
REL-01240	normalized-text-duplicate	R01-A0435	R01-A0706	R01	R01	R01-05	R01-05	1.0000	1.0000	1.0000	1.0000	same-scope	no-explicit-version-marker		review-together-never-auto-merge
REL-01241	normalized-text-duplicate	R01-A0478	R02-A0835	R01	R02	R01-05	R02-21	1.0000	1.0000	1.0000	1.0000	compatible-domain-scope	no-explicit-version-marker		review-together-never-auto-merge
REL-01242	normalized-text-duplicate	R01-A0680	R03-A1947	R01	R03	R01-05	R03-32	1.0000	1.0000	1.0000	1.0000	different-domain-scope	no-explicit-version-marker		retain-separate-scope-and-review-link
REL-01243	normalized-text-duplicate	R01-A1042	R01-A1986	R01	R01	R01-13	R01-14	1.0000	1.0000	1.0000	1.0000	same-scope	same-version-markers		review-together-never-auto-merge
REL-01244	normalized-text-duplicate	R01-A1047	R01-A1991	R01	R01	R01-13	R01-14	1.0000	1.0000	1.0000	1.0000	same-scope	same-version-markers		review-together-never-auto-merge
REL-01245	normalized-text-duplicate	R01-A1111	R01-A3063	R01	R01	R01-13	R01-19	1.0000	1.0000	1.0000	1.0000	compatible-domain-scope	different-version-or-scope-markers		retain-separate-version-scope-and-review-link
REL-01246	normalized-text-duplicate	R01-A1112	R01-A3065	R01	R01	R01-13	R01-19	1.0000	1.0000	1.0000	1.0000	compatible-domain-scope	different-version-or-scope-markers		retain-separate-version-scope-and-review-link
REL-01247	normalized-text-duplicate	R01-A1113	R01-A3067	R01	R01	R01-13	R01-19	1.0000	1.0000	1.0000	1.0000	compatible-domain-scope	different-version-or-scope-markers		retain-separate-version-scope-and-review-link
REL-01248	normalized-text-duplicate	R01-A1124	R01-A3077	R01	R01	R01-13	R01-19	1.0000	1.0000	1.0000	1.0000	compatible-domain-scope	different-version-or-scope-markers		retain-separate-version-scope-and-review-link
REL-01249	normalized-text-duplicate	R01-A1141	R01-A1940	R01	R01	R01-13	R01-13	1.0000	1.0000	1.0000	1.0000	same-scope	same-version-markers	r-11	review-together-never-auto-merge
REL-01250	normalized-text-duplicate	R01-A1171	R01-A1683	R01	R01	R01-13	R01-13	1.0000	1.0000	1.0000	1.0000	same-scope	same-version-markers		review-together-never-auto-merge
REL-01251	normalized-text-duplicate	R01-A1171	R01-A2583	R01	R01	R01-13	R01-14	1.0000	1.0000	1.0000	1.0000	same-scope	same-version-markers		review-together-never-auto-merge
REL-01252	normalized-text-duplicate	R01-A1195	R01-A1546	R01	R01	R01-13	R01-13	1.0000	1.0000	1.0000	1.0000	same-scope	same-version-markers		review-together-never-auto-merge
REL-01253	normalized-text-duplicate	R01-A1195	R01-A2127	R01	R01	R01-13	R01-14	1.0000	1.0000	1.0000	1.0000	same-scope	same-version-markers		review-together-never-auto-merge
REL-01254	normalized-text-duplicate	R01-A1195	R01-A2451	R01	R01	R01-13	R01-14	1.0000	1.0000	1.0000	1.0000	same-scope	same-version-markers		review-together-never-auto-merge
REL-01255	normalized-text-duplicate	R01-A1211	R01-A2143	R01	R01	R01-13	R01-14	1.0000	1.0000	1.0000	1.0000	same-scope	same-version-markers		review-together-never-auto-merge
REL-01256	normalized-text-duplicate	R01-A1212	R01-A2144	R01	R01	R01-13	R01-14	1.0000	1.0000	1.0000	1.0000	same-scope	same-version-markers		review-together-never-auto-merge
REL-01257	normalized-text-duplicate	R01-A1212	R01-A2169	R01	R01	R01-13	R01-14	1.0000	1.0000	1.0000	1.0000	same-scope	same-version-markers		review-together-never-auto-merge
REL-01258	normalized-text-duplicate	R01-A1212	R01-A2184	R01	R01	R01-13	R01-14	1.0000	1.0000	1.0000	1.0000	same-scope	same-version-markers		review-together-never-auto-merge
REL-01259	normalized-text-duplicate	R01-A1212	R01-A2195	R01	R01	R01-13	R01-14	1.0000	1.0000	1.0000	1.0000	same-scope	same-version-markers		review-together-never-auto-merge
REL-01260	normalized-text-duplicate	R01-A1212	R01-A2217	R01	R01	R01-13	R01-14	1.0000	1.0000	1.0000	1.0000	same-scope	same-version-markers		review-together-never-auto-merge
REL-01261	normalized-text-duplicate	R01-A1212	R01-A2234	R01	R01	R01-13	R01-14	1.0000	1.0000	1.0000	1.0000	same-scope	same-version-markers		review-together-never-auto-merge
REL-01262	normalized-text-duplicate	R01-A1212	R01-A2252	R01	R01	R01-13	R01-14	1.0000	1.0000	1.0000	1.0000	same-scope	same-version-markers		review-together-never-auto-merge
REL-01263	normalized-text-duplicate	R01-A1212	R01-A2268	R01	R01	R01-13	R01-14	1.0000	1.0000	1.0000	1.0000	same-scope	same-version-markers		review-together-never-auto-merge
REL-01264	normalized-text-duplicate	R01-A1212	R01-A2280	R01	R01	R01-13	R01-14	1.0000	1.0000	1.0000	1.0000	same-scope	same-version-markers		review-together-never-auto-merge
REL-01265	normalized-text-duplicate	R01-A1212	R01-A2294	R01	R01	R01-13	R01-14	1.0000	1.0000	1.0000	1.0000	same-scope	same-version-markers		review-together-never-auto-merge
REL-01266	normalized-text-duplicate	R01-A1212	R01-A2309	R01	R01	R01-13	R01-14	1.0000	1.0000	1.0000	1.0000	same-scope	same-version-markers		review-together-never-auto-merge
REL-01267	normalized-text-duplicate	R01-A1212	R01-A2321	R01	R01	R01-13	R01-14	1.0000	1.0000	1.0000	1.0000	same-scope	same-version-markers		review-together-never-auto-merge
REL-01268	normalized-text-duplicate	R01-A1212	R01-A2333	R01	R01	R01-13	R01-14	1.0000	1.0000	1.0000	1.0000	same-scope	same-version-markers		review-together-never-auto-merge
REL-01269	normalized-text-duplicate	R01-A1212	R01-A2343	R01	R01	R01-13	R01-14	1.0000	1.0000	1.0000	1.0000	same-scope	same-version-markers		review-together-never-auto-merge
REL-01270	normalized-text-duplicate	R01-A1212	R01-A2354	R01	R01	R01-13	R01-14	1.0000	1.0000	1.0000	1.0000	same-scope	same-version-markers		review-together-never-auto-merge
REL-01271	normalized-text-duplicate	R01-A1212	R01-A2368	R01	R01	R01-13	R01-14	1.0000	1.0000	1.0000	1.0000	same-scope	same-version-markers		review-together-never-auto-merge
REL-01272	normalized-text-duplicate	R01-A1212	R01-A2382	R01	R01	R01-13	R01-14	1.0000	1.0000	1.0000	1.0000	same-scope	same-version-markers		review-together-never-auto-merge
REL-01273	normalized-text-duplicate	R01-A1212	R01-A2397	R01	R01	R01-13	R01-14	1.0000	1.0000	1.0000	1.0000	same-scope	same-version-markers		review-together-never-auto-merge
REL-01274	normalized-text-duplicate	R01-A1212	R01-A2410	R01	R01	R01-13	R01-14	1.0000	1.0000	1.0000	1.0000	same-scope	same-version-markers		review-together-never-auto-merge
REL-01275	normalized-text-duplicate	R01-A1212	R01-A2420	R01	R01	R01-13	R01-14	1.0000	1.0000	1.0000	1.0000	same-scope	same-version-markers		review-together-never-auto-merge
REL-01276	normalized-text-duplicate	R01-A1212	R01-A2430	R01	R01	R01-13	R01-14	1.0000	1.0000	1.0000	1.0000	same-scope	same-version-markers		review-together-never-auto-merge
REL-01277	normalized-text-duplicate	R01-A1212	R01-A2444	R01	R01	R01-13	R01-14	1.0000	1.0000	1.0000	1.0000	compatible-domain-scope	same-version-markers		review-together-never-auto-merge
REL-01278	normalized-text-duplicate	R01-A1212	R01-A2467	R01	R01	R01-13	R01-14	1.0000	1.0000	1.0000	1.0000	same-scope	same-version-markers		review-together-never-auto-merge
REL-01279	normalized-text-duplicate	R01-A1212	R01-A2483	R01	R01	R01-13	R01-14	1.0000	1.0000	1.0000	1.0000	same-scope	same-version-markers		review-together-never-auto-merge
REL-01280	normalized-text-duplicate	R01-A1212	R01-A2492	R01	R01	R01-13	R01-14	1.0000	1.0000	1.0000	1.0000	same-scope	same-version-markers		review-together-never-auto-merge
REL-01281	normalized-text-duplicate	R01-A1212	R01-A2511	R01	R01	R01-13	R01-14	1.0000	1.0000	1.0000	1.0000	same-scope	same-version-markers		review-together-never-auto-merge
REL-01282	normalized-text-duplicate	R01-A1212	R01-A2529	R01	R01	R01-13	R01-14	1.0000	1.0000	1.0000	1.0000	same-scope	same-version-markers		review-together-never-auto-merge
REL-01283	normalized-text-duplicate	R01-A1212	R01-A2544	R01	R01	R01-13	R01-14	1.0000	1.0000	1.0000	1.0000	same-scope	same-version-markers		review-together-never-auto-merge
REL-01284	normalized-text-duplicate	R01-A1212	R01-A2559	R01	R01	R01-13	R01-14	1.0000	1.0000	1.0000	1.0000	same-scope	same-version-markers		review-together-never-auto-merge
REL-01285	normalized-text-duplicate	R01-A1212	R01-A2577	R01	R01	R01-13	R01-14	1.0000	1.0000	1.0000	1.0000	same-scope	same-version-markers		review-together-never-auto-merge
REL-01286	normalized-text-duplicate	R01-A1212	R01-A2593	R01	R01	R01-13	R01-14	1.0000	1.0000	1.0000	1.0000	same-scope	same-version-markers		review-together-never-auto-merge
REL-01287	normalized-text-duplicate	R01-A1212	R01-A2608	R01	R01	R01-13	R01-14	1.0000	1.0000	1.0000	1.0000	same-scope	same-version-markers		review-together-never-auto-merge
REL-01288	normalized-text-duplicate	R01-A1212	R01-A2621	R01	R01	R01-13	R01-14	1.0000	1.0000	1.0000	1.0000	same-scope	same-version-markers		review-together-never-auto-merge
REL-01289	normalized-text-duplicate	R01-A1212	R01-A2633	R01	R01	R01-13	R01-14	1.0000	1.0000	1.0000	1.0000	same-scope	same-version-markers		review-together-never-auto-merge
REL-01290	normalized-text-duplicate	R01-A1212	R01-A2646	R01	R01	R01-13	R01-14	1.0000	1.0000	1.0000	1.0000	same-scope	same-version-markers		review-together-never-auto-merge
REL-01291	normalized-text-duplicate	R01-A1212	R01-A2663	R01	R01	R01-13	R01-14	1.0000	1.0000	1.0000	1.0000	same-scope	same-version-markers		review-together-never-auto-merge
REL-01292	normalized-text-duplicate	R01-A1212	R01-A2676	R01	R01	R01-13	R01-14	1.0000	1.0000	1.0000	1.0000	same-scope	same-version-markers		review-together-never-auto-merge
REL-01293	normalized-text-duplicate	R01-A1212	R01-A2689	R01	R01	R01-13	R01-14	1.0000	1.0000	1.0000	1.0000	same-scope	same-version-markers		review-together-never-auto-merge
REL-01294	normalized-text-duplicate	R01-A1212	R01-A2705	R01	R01	R01-13	R01-14	1.0000	1.0000	1.0000	1.0000	same-scope	same-version-markers		review-together-never-auto-merge
REL-01295	normalized-text-duplicate	R01-A1212	R01-A2717	R01	R01	R01-13	R01-14	1.0000	1.0000	1.0000	1.0000	same-scope	same-version-markers		review-together-never-auto-merge
REL-01296	normalized-text-duplicate	R01-A1212	R01-A2729	R01	R01	R01-13	R01-14	1.0000	1.0000	1.0000	1.0000	same-scope	same-version-markers		review-together-never-auto-merge
REL-01297	normalized-text-duplicate	R01-A1212	R01-A2741	R01	R01	R01-13	R01-14	1.0000	1.0000	1.0000	1.0000	same-scope	same-version-markers		review-together-never-auto-merge
REL-01298	normalized-text-duplicate	R01-A1212	R01-A2757	R01	R01	R01-13	R01-14	1.0000	1.0000	1.0000	1.0000	same-scope	same-version-markers		review-together-never-auto-merge
REL-01299	normalized-text-duplicate	R01-A1212	R01-A2771	R01	R01	R01-13	R01-14	1.0000	1.0000	1.0000	1.0000	same-scope	same-version-markers		review-together-never-auto-merge
REL-01300	normalized-text-duplicate	R01-A1223	R01-A2156	R01	R01	R01-13	R01-14	1.0000	1.0000	1.0000	1.0000	same-scope	same-version-markers		review-together-never-auto-merge
REL-01301	normalized-text-duplicate	R01-A1223	R01-A2176	R01	R01	R01-13	R01-14	1.0000	1.0000	1.0000	1.0000	same-scope	same-version-markers		review-together-never-auto-merge
REL-01302	normalized-text-duplicate	R01-A1223	R01-A2188	R01	R01	R01-13	R01-14	1.0000	1.0000	1.0000	1.0000	same-scope	same-version-markers		review-together-never-auto-merge
REL-01303	normalized-text-duplicate	R01-A1223	R01-A2206	R01	R01	R01-13	R01-14	1.0000	1.0000	1.0000	1.0000	same-scope	same-version-markers		review-together-never-auto-merge
REL-01304	normalized-text-duplicate	R01-A1223	R01-A2224	R01	R01	R01-13	R01-14	1.0000	1.0000	1.0000	1.0000	same-scope	same-version-markers		review-together-never-auto-merge
REL-01305	normalized-text-duplicate	R01-A1223	R01-A2242	R01	R01	R01-13	R01-14	1.0000	1.0000	1.0000	1.0000	same-scope	same-version-markers		review-together-never-auto-merge
REL-01306	normalized-text-duplicate	R01-A1223	R01-A2261	R01	R01	R01-13	R01-14	1.0000	1.0000	1.0000	1.0000	same-scope	same-version-markers		review-together-never-auto-merge
REL-01307	normalized-text-duplicate	R01-A1223	R01-A2274	R01	R01	R01-13	R01-14	1.0000	1.0000	1.0000	1.0000	same-scope	same-version-markers		review-together-never-auto-merge
REL-01308	normalized-text-duplicate	R01-A1223	R01-A2286	R01	R01	R01-13	R01-14	1.0000	1.0000	1.0000	1.0000	same-scope	same-version-markers		review-together-never-auto-merge
REL-01309	normalized-text-duplicate	R01-A1223	R01-A2301	R01	R01	R01-13	R01-14	1.0000	1.0000	1.0000	1.0000	same-scope	same-version-markers		review-together-never-auto-merge
REL-01310	normalized-text-duplicate	R01-A1223	R01-A2314	R01	R01	R01-13	R01-14	1.0000	1.0000	1.0000	1.0000	same-scope	same-version-markers		review-together-never-auto-merge
REL-01311	normalized-text-duplicate	R01-A1223	R01-A2326	R01	R01	R01-13	R01-14	1.0000	1.0000	1.0000	1.0000	same-scope	same-version-markers		review-together-never-auto-merge
REL-01312	normalized-text-duplicate	R01-A1223	R01-A2337	R01	R01	R01-13	R01-14	1.0000	1.0000	1.0000	1.0000	same-scope	same-version-markers		review-together-never-auto-merge
REL-01313	normalized-text-duplicate	R01-A1223	R01-A2348	R01	R01	R01-13	R01-14	1.0000	1.0000	1.0000	1.0000	same-scope	same-version-markers		review-together-never-auto-merge
REL-01314	normalized-text-duplicate	R01-A1223	R01-A2359	R01	R01	R01-13	R01-14	1.0000	1.0000	1.0000	1.0000	same-scope	same-version-markers		review-together-never-auto-merge
REL-01315	normalized-text-duplicate	R01-A1223	R01-A2375	R01	R01	R01-13	R01-14	1.0000	1.0000	1.0000	1.0000	same-scope	same-version-markers		review-together-never-auto-merge
REL-01316	normalized-text-duplicate	R01-A1223	R01-A2388	R01	R01	R01-13	R01-14	1.0000	1.0000	1.0000	1.0000	same-scope	same-version-markers		review-together-never-auto-merge
REL-01317	normalized-text-duplicate	R01-A1223	R01-A2403	R01	R01	R01-13	R01-14	1.0000	1.0000	1.0000	1.0000	same-scope	same-version-markers		review-together-never-auto-merge
REL-01318	normalized-text-duplicate	R01-A1223	R01-A2414	R01	R01	R01-13	R01-14	1.0000	1.0000	1.0000	1.0000	same-scope	same-version-markers		review-together-never-auto-merge
REL-01319	normalized-text-duplicate	R01-A1223	R01-A2425	R01	R01	R01-13	R01-14	1.0000	1.0000	1.0000	1.0000	same-scope	same-version-markers		review-together-never-auto-merge
REL-01320	normalized-text-duplicate	R01-A1223	R01-A2438	R01	R01	R01-13	R01-14	1.0000	1.0000	1.0000	1.0000	same-scope	same-version-markers		review-together-never-auto-merge
REL-01321	normalized-text-duplicate	R01-A1223	R01-A2454	R01	R01	R01-13	R01-14	1.0000	1.0000	1.0000	1.0000	compatible-domain-scope	same-version-markers		review-together-never-auto-merge
REL-01322	normalized-text-duplicate	R01-A1223	R01-A2474	R01	R01	R01-13	R01-14	1.0000	1.0000	1.0000	1.0000	same-scope	same-version-markers		review-together-never-auto-merge
REL-01323	normalized-text-duplicate	R01-A1223	R01-A2486	R01	R01	R01-13	R01-14	1.0000	1.0000	1.0000	1.0000	same-scope	same-version-markers		review-together-never-auto-merge
REL-01324	normalized-text-duplicate	R01-A1223	R01-A2501	R01	R01	R01-13	R01-14	1.0000	1.0000	1.0000	1.0000	same-scope	same-version-markers		review-together-never-auto-merge
REL-01325	normalized-text-duplicate	R01-A1223	R01-A2516	R01	R01	R01-13	R01-14	1.0000	1.0000	1.0000	1.0000	same-scope	same-version-markers		review-together-never-auto-merge
REL-01326	normalized-text-duplicate	R01-A1223	R01-A2535	R01	R01	R01-13	R01-14	1.0000	1.0000	1.0000	1.0000	same-scope	same-version-markers		review-together-never-auto-merge
REL-01327	normalized-text-duplicate	R01-A1223	R01-A2550	R01	R01	R01-13	R01-14	1.0000	1.0000	1.0000	1.0000	same-scope	same-version-markers		review-together-never-auto-merge
REL-01328	normalized-text-duplicate	R01-A1223	R01-A2567	R01	R01	R01-13	R01-14	1.0000	1.0000	1.0000	1.0000	same-scope	same-version-markers		review-together-never-auto-merge
REL-01329	normalized-text-duplicate	R01-A1223	R01-A2588	R01	R01	R01-13	R01-14	1.0000	1.0000	1.0000	1.0000	same-scope	same-version-markers		review-together-never-auto-merge
REL-01330	normalized-text-duplicate	R01-A1223	R01-A2600	R01	R01	R01-13	R01-14	1.0000	1.0000	1.0000	1.0000	same-scope	same-version-markers		review-together-never-auto-merge
REL-01331	normalized-text-duplicate	R01-A1223	R01-A2615	R01	R01	R01-13	R01-14	1.0000	1.0000	1.0000	1.0000	same-scope	same-version-markers		review-together-never-auto-merge
REL-01332	normalized-text-duplicate	R01-A1223	R01-A2627	R01	R01	R01-13	R01-14	1.0000	1.0000	1.0000	1.0000	same-scope	same-version-markers		review-together-never-auto-merge
REL-01333	normalized-text-duplicate	R01-A1223	R01-A2639	R01	R01	R01-13	R01-14	1.0000	1.0000	1.0000	1.0000	same-scope	same-version-markers		review-together-never-auto-merge
REL-01334	normalized-text-duplicate	R01-A1223	R01-A2656	R01	R01	R01-13	R01-14	1.0000	1.0000	1.0000	1.0000	same-scope	same-version-markers		review-together-never-auto-merge
REL-01335	normalized-text-duplicate	R01-A1223	R01-A2670	R01	R01	R01-13	R01-14	1.0000	1.0000	1.0000	1.0000	same-scope	same-version-markers		review-together-never-auto-merge
REL-01336	normalized-text-duplicate	R01-A1223	R01-A2684	R01	R01	R01-13	R01-14	1.0000	1.0000	1.0000	1.0000	same-scope	same-version-markers		review-together-never-auto-merge
REL-01337	normalized-text-duplicate	R01-A1223	R01-A2697	R01	R01	R01-13	R01-14	1.0000	1.0000	1.0000	1.0000	same-scope	same-version-markers		review-together-never-auto-merge
REL-01338	normalized-text-duplicate	R01-A1223	R01-A2712	R01	R01	R01-13	R01-14	1.0000	1.0000	1.0000	1.0000	same-scope	same-version-markers		review-together-never-auto-merge
REL-01339	normalized-text-duplicate	R01-A1223	R01-A2724	R01	R01	R01-13	R01-14	1.0000	1.0000	1.0000	1.0000	same-scope	same-version-markers		review-together-never-auto-merge
REL-01340	normalized-text-duplicate	R01-A1223	R01-A2736	R01	R01	R01-13	R01-14	1.0000	1.0000	1.0000	1.0000	same-scope	same-version-markers		review-together-never-auto-merge
REL-01341	normalized-text-duplicate	R01-A1223	R01-A2748	R01	R01	R01-13	R01-14	1.0000	1.0000	1.0000	1.0000	same-scope	same-version-markers		review-together-never-auto-merge
REL-01342	normalized-text-duplicate	R01-A1223	R01-A2763	R01	R01	R01-13	R01-14	1.0000	1.0000	1.0000	1.0000	same-scope	same-version-markers		review-together-never-auto-merge
REL-01343	normalized-text-duplicate	R01-A1223	R01-A2779	R01	R01	R01-13	R01-14	1.0000	1.0000	1.0000	1.0000	same-scope	same-version-markers		review-together-never-auto-merge
REL-01344	normalized-text-duplicate	R01-A1233	R01-A2166	R01	R01	R01-13	R01-14	1.0000	1.0000	1.0000	1.0000	same-scope	same-version-markers		review-together-never-auto-merge
REL-01345	normalized-text-duplicate	R01-A1233	R01-A2181	R01	R01	R01-13	R01-14	1.0000	1.0000	1.0000	1.0000	same-scope	same-version-markers		review-together-never-auto-merge
REL-01346	normalized-text-duplicate	R01-A1233	R01-A2192	R01	R01	R01-13	R01-14	1.0000	1.0000	1.0000	1.0000	same-scope	same-version-markers		review-together-never-auto-merge
REL-01347	normalized-text-duplicate	R01-A1233	R01-A2214	R01	R01	R01-13	R01-14	1.0000	1.0000	1.0000	1.0000	same-scope	same-version-markers		review-together-never-auto-merge
REL-01348	normalized-text-duplicate	R01-A1233	R01-A2228	R01	R01	R01-13	R01-14	1.0000	1.0000	1.0000	1.0000	same-scope	same-version-markers		review-together-never-auto-merge
REL-01349	normalized-text-duplicate	R01-A1233	R01-A2247	R01	R01	R01-13	R01-14	1.0000	1.0000	1.0000	1.0000	same-scope	same-version-markers		review-together-never-auto-merge
REL-01350	normalized-text-duplicate	R01-A1233	R01-A2265	R01	R01	R01-13	R01-14	1.0000	1.0000	1.0000	1.0000	same-scope	same-version-markers		review-together-never-auto-merge
REL-01351	normalized-text-duplicate	R01-A1233	R01-A2277	R01	R01	R01-13	R01-14	1.0000	1.0000	1.0000	1.0000	same-scope	same-version-markers		review-together-never-auto-merge
REL-01352	normalized-text-duplicate	R01-A1233	R01-A2288	R01	R01	R01-13	R01-14	1.0000	1.0000	1.0000	1.0000	same-scope	same-version-markers		review-together-never-auto-merge
REL-01353	normalized-text-duplicate	R01-A1233	R01-A2304	R01	R01	R01-13	R01-14	1.0000	1.0000	1.0000	1.0000	same-scope	same-version-markers		review-together-never-auto-merge
REL-01354	normalized-text-duplicate	R01-A1233	R01-A2317	R01	R01	R01-13	R01-14	1.0000	1.0000	1.0000	1.0000	same-scope	same-version-markers		review-together-never-auto-merge
REL-01355	normalized-text-duplicate	R01-A1233	R01-A2329	R01	R01	R01-13	R01-14	1.0000	1.0000	1.0000	1.0000	same-scope	same-version-markers		review-together-never-auto-merge
REL-01356	normalized-text-duplicate	R01-A1233	R01-A2339	R01	R01	R01-13	R01-14	1.0000	1.0000	1.0000	1.0000	same-scope	same-version-markers		review-together-never-auto-merge
REL-01357	normalized-text-duplicate	R01-A1233	R01-A2350	R01	R01	R01-13	R01-14	1.0000	1.0000	1.0000	1.0000	same-scope	same-version-markers		review-together-never-auto-merge
REL-01358	normalized-text-duplicate	R01-A1233	R01-A2361	R01	R01	R01-13	R01-14	1.0000	1.0000	1.0000	1.0000	same-scope	same-version-markers		review-together-never-auto-merge
REL-01359	normalized-text-duplicate	R01-A1233	R01-A2377	R01	R01	R01-13	R01-14	1.0000	1.0000	1.0000	1.0000	same-scope	same-version-markers		review-together-never-auto-merge
REL-01360	normalized-text-duplicate	R01-A1233	R01-A2393	R01	R01	R01-13	R01-14	1.0000	1.0000	1.0000	1.0000	same-scope	same-version-markers		review-together-never-auto-merge
REL-01361	normalized-text-duplicate	R01-A1233	R01-A2406	R01	R01	R01-13	R01-14	1.0000	1.0000	1.0000	1.0000	same-scope	same-version-markers		review-together-never-auto-merge
REL-01362	normalized-text-duplicate	R01-A1233	R01-A2416	R01	R01	R01-13	R01-14	1.0000	1.0000	1.0000	1.0000	same-scope	same-version-markers		review-together-never-auto-merge
REL-01363	normalized-text-duplicate	R01-A1233	R01-A2427	R01	R01	R01-13	R01-14	1.0000	1.0000	1.0000	1.0000	same-scope	same-version-markers		review-together-never-auto-merge
REL-01364	normalized-text-duplicate	R01-A1233	R01-A2440	R01	R01	R01-13	R01-14	1.0000	1.0000	1.0000	1.0000	same-scope	same-version-markers		review-together-never-auto-merge
REL-01365	normalized-text-duplicate	R01-A1233	R01-A2464	R01	R01	R01-13	R01-14	1.0000	1.0000	1.0000	1.0000	compatible-domain-scope	same-version-markers		review-together-never-auto-merge
REL-01366	normalized-text-duplicate	R01-A1233	R01-A2479	R01	R01	R01-13	R01-14	1.0000	1.0000	1.0000	1.0000	same-scope	same-version-markers		review-together-never-auto-merge
REL-01367	normalized-text-duplicate	R01-A1233	R01-A2489	R01	R01	R01-13	R01-14	1.0000	1.0000	1.0000	1.0000	same-scope	same-version-markers		review-together-never-auto-merge
REL-01368	normalized-text-duplicate	R01-A1233	R01-A2504	R01	R01	R01-13	R01-14	1.0000	1.0000	1.0000	1.0000	same-scope	same-version-markers		review-together-never-auto-merge
REL-01369	normalized-text-duplicate	R01-A1233	R01-A2520	R01	R01	R01-13	R01-14	1.0000	1.0000	1.0000	1.0000	same-scope	same-version-markers		review-together-never-auto-merge
REL-01370	normalized-text-duplicate	R01-A1233	R01-A2538	R01	R01	R01-13	R01-14	1.0000	1.0000	1.0000	1.0000	same-scope	same-version-markers		review-together-never-auto-merge
REL-01371	normalized-text-duplicate	R01-A1233	R01-A2553	R01	R01	R01-13	R01-14	1.0000	1.0000	1.0000	1.0000	same-scope	same-version-markers		review-together-never-auto-merge
REL-01372	normalized-text-duplicate	R01-A1233	R01-A2571	R01	R01	R01-13	R01-14	1.0000	1.0000	1.0000	1.0000	same-scope	same-version-markers		review-together-never-auto-merge
REL-01373	normalized-text-duplicate	R01-A1233	R01-A2590	R01	R01	R01-13	R01-14	1.0000	1.0000	1.0000	1.0000	same-scope	same-version-markers		review-together-never-auto-merge
REL-01374	normalized-text-duplicate	R01-A1233	R01-A2605	R01	R01	R01-13	R01-14	1.0000	1.0000	1.0000	1.0000	same-scope	same-version-markers		review-together-never-auto-merge
REL-01375	normalized-text-duplicate	R01-A1233	R01-A2618	R01	R01	R01-13	R01-14	1.0000	1.0000	1.0000	1.0000	same-scope	same-version-markers		review-together-never-auto-merge
REL-01376	normalized-text-duplicate	R01-A1233	R01-A2630	R01	R01	R01-13	R01-14	1.0000	1.0000	1.0000	1.0000	same-scope	same-version-markers		review-together-never-auto-merge
REL-01377	normalized-text-duplicate	R01-A1233	R01-A2641	R01	R01	R01-13	R01-14	1.0000	1.0000	1.0000	1.0000	same-scope	same-version-markers		review-together-never-auto-merge
REL-01378	normalized-text-duplicate	R01-A1233	R01-A2660	R01	R01	R01-13	R01-14	1.0000	1.0000	1.0000	1.0000	same-scope	same-version-markers		review-together-never-auto-merge
REL-01379	normalized-text-duplicate	R01-A1233	R01-A2672	R01	R01	R01-13	R01-14	1.0000	1.0000	1.0000	1.0000	same-scope	same-version-markers		review-together-never-auto-merge
REL-01380	normalized-text-duplicate	R01-A1233	R01-A2686	R01	R01	R01-13	R01-14	1.0000	1.0000	1.0000	1.0000	same-scope	same-version-markers		review-together-never-auto-merge
REL-01381	normalized-text-duplicate	R01-A1233	R01-A2702	R01	R01	R01-13	R01-14	1.0000	1.0000	1.0000	1.0000	same-scope	same-version-markers		review-together-never-auto-merge
REL-01382	normalized-text-duplicate	R01-A1233	R01-A2714	R01	R01	R01-13	R01-14	1.0000	1.0000	1.0000	1.0000	same-scope	same-version-markers		review-together-never-auto-merge
REL-01383	normalized-text-duplicate	R01-A1233	R01-A2726	R01	R01	R01-13	R01-14	1.0000	1.0000	1.0000	1.0000	same-scope	same-version-markers		review-together-never-auto-merge
REL-01384	normalized-text-duplicate	R01-A1233	R01-A2738	R01	R01	R01-13	R01-14	1.0000	1.0000	1.0000	1.0000	same-scope	same-version-markers		review-together-never-auto-merge
REL-01385	normalized-text-duplicate	R01-A1233	R01-A2752	R01	R01	R01-13	R01-14	1.0000	1.0000	1.0000	1.0000	same-scope	same-version-markers		review-together-never-auto-merge
REL-01386	normalized-text-duplicate	R01-A1233	R01-A2766	R01	R01	R01-13	R01-14	1.0000	1.0000	1.0000	1.0000	same-scope	same-version-markers		review-together-never-auto-merge
REL-01387	normalized-text-duplicate	R01-A1233	R01-A2781	R01	R01	R01-13	R01-14	1.0000	1.0000	1.0000	1.0000	same-scope	same-version-markers		review-together-never-auto-merge
REL-01388	normalized-text-duplicate	R01-A1268	R04-A0438	R01	R04	R01-13	R04-10	1.0000	1.0000	1.0000	1.0000	compatible-domain-scope	different-version-or-scope-markers		retain-separate-version-scope-and-review-link
REL-01389	normalized-text-duplicate	R01-A1322	R01-A2232	R01	R01	R01-13	R01-14	1.0000	1.0000	1.0000	1.0000	same-scope	same-version-markers		review-together-never-auto-merge
REL-01390	normalized-text-duplicate	R01-A1361	R01-A2267	R01	R01	R01-13	R01-14	1.0000	1.0000	1.0000	1.0000	same-scope	same-version-markers		review-together-never-auto-merge
REL-01391	normalized-text-duplicate	R01-A1373	R01-A2279	R01	R01	R01-13	R01-14	1.0000	1.0000	1.0000	1.0000	same-scope	same-version-markers		review-together-never-auto-merge
REL-01392	normalized-text-duplicate	R01-A1386	R01-A2292	R01	R01	R01-13	R01-14	1.0000	1.0000	1.0000	1.0000	same-scope	same-version-markers		review-together-never-auto-merge
REL-01393	normalized-text-duplicate	R01-A1402	R01-A2308	R01	R01	R01-13	R01-14	1.0000	1.0000	1.0000	1.0000	same-scope	same-version-markers		review-together-never-auto-merge
REL-01394	normalized-text-duplicate	R01-A1414	R01-A2320	R01	R01	R01-13	R01-14	1.0000	1.0000	1.0000	1.0000	same-scope	same-version-markers		review-together-never-auto-merge
REL-01395	normalized-text-duplicate	R01-A1426	R01-A2332	R01	R01	R01-13	R01-14	1.0000	1.0000	1.0000	1.0000	same-scope	same-version-markers		review-together-never-auto-merge
REL-01396	normalized-text-duplicate	R01-A1436	R01-A2342	R01	R01	R01-13	R01-14	1.0000	1.0000	1.0000	1.0000	same-scope	same-version-markers		review-together-never-auto-merge
REL-01397	normalized-text-duplicate	R01-A1447	R01-A2353	R01	R01	R01-13	R01-14	1.0000	1.0000	1.0000	1.0000	same-scope	same-version-markers		review-together-never-auto-merge
REL-01398	normalized-text-duplicate	R01-A1461	R01-A1893	R01	R01	R01-13	R01-13	1.0000	1.0000	1.0000	1.0000	compatible-domain-scope	same-version-markers		review-together-never-auto-merge
REL-01399	normalized-text-duplicate	R01-A1462	R01-A2367	R01	R01	R01-13	R01-14	1.0000	1.0000	1.0000	1.0000	same-scope	same-version-markers		review-together-never-auto-merge
REL-01400	normalized-text-duplicate	R01-A1476	R01-A2381	R01	R01	R01-13	R01-14	1.0000	1.0000	1.0000	1.0000	same-scope	same-version-markers		review-together-never-auto-merge
REL-01401	normalized-text-duplicate	R01-A1491	R01-A2396	R01	R01	R01-13	R01-14	1.0000	1.0000	1.0000	1.0000	same-scope	same-version-markers		review-together-never-auto-merge
REL-01402	normalized-text-duplicate	R01-A1504	R01-A2409	R01	R01	R01-13	R01-14	1.0000	1.0000	1.0000	1.0000	same-scope	same-version-markers		review-together-never-auto-merge
REL-01403	normalized-text-duplicate	R01-A1514	R01-A2419	R01	R01	R01-13	R01-14	1.0000	1.0000	1.0000	1.0000	same-scope	same-version-markers		review-together-never-auto-merge
REL-01404	normalized-text-duplicate	R01-A1524	R01-A2429	R01	R01	R01-13	R01-14	1.0000	1.0000	1.0000	1.0000	same-scope	same-version-markers		review-together-never-auto-merge
REL-01405	normalized-text-duplicate	R01-A1554	R03-A1381	R01	R03	R01-13	R03-23	1.0000	1.0000	1.0000	1.0000	compatible-domain-scope	different-version-or-scope-markers		retain-separate-version-scope-and-review-link
REL-01406	normalized-text-duplicate	R01-A1562	R01-A2466	R01	R01	R01-13	R01-14	1.0000	1.0000	1.0000	1.0000	same-scope	same-version-markers		review-together-never-auto-merge
REL-01407	normalized-text-duplicate	R01-A1580	R01-A2482	R01	R01	R01-13	R01-14	1.0000	1.0000	1.0000	1.0000	same-scope	same-version-markers		review-together-never-auto-merge
REL-01408	normalized-text-duplicate	R01-A1591	R01-A2491	R01	R01	R01-13	R01-14	1.0000	1.0000	1.0000	1.0000	same-scope	same-version-markers		review-together-never-auto-merge
REL-01409	normalized-text-duplicate	R01-A1610	R01-A2510	R01	R01	R01-13	R01-14	1.0000	1.0000	1.0000	1.0000	same-scope	same-version-markers		review-together-never-auto-merge
REL-01410	normalized-text-duplicate	R01-A1628	R01-A2528	R01	R01	R01-13	R01-14	1.0000	1.0000	1.0000	1.0000	same-scope	same-version-markers		review-together-never-auto-merge
REL-01411	normalized-text-duplicate	R01-A1643	R01-A2543	R01	R01	R01-13	R01-14	1.0000	1.0000	1.0000	1.0000	same-scope	same-version-markers		review-together-never-auto-merge
REL-01412	normalized-text-duplicate	R01-A1657	R01-A2557	R01	R01	R01-13	R01-14	1.0000	1.0000	1.0000	1.0000	same-scope	same-version-markers		review-together-never-auto-merge
REL-01413	normalized-text-duplicate	R01-A1676	R01-A2576	R01	R01	R01-13	R01-14	1.0000	1.0000	1.0000	1.0000	same-scope	same-version-markers		review-together-never-auto-merge
REL-01414	normalized-text-duplicate	R01-A1692	R01-A2592	R01	R01	R01-13	R01-14	1.0000	1.0000	1.0000	1.0000	same-scope	same-version-markers		review-together-never-auto-merge
REL-01415	normalized-text-duplicate	R01-A1707	R01-A2607	R01	R01	R01-13	R01-14	1.0000	1.0000	1.0000	1.0000	same-scope	same-version-markers		review-together-never-auto-merge
REL-01416	normalized-text-duplicate	R01-A1720	R01-A2620	R01	R01	R01-13	R01-14	1.0000	1.0000	1.0000	1.0000	same-scope	same-version-markers		review-together-never-auto-merge
REL-01417	normalized-text-duplicate	R01-A1732	R01-A2632	R01	R01	R01-13	R01-14	1.0000	1.0000	1.0000	1.0000	same-scope	same-version-markers		review-together-never-auto-merge
REL-01418	normalized-text-duplicate	R01-A1745	R01-A2645	R01	R01	R01-13	R01-14	1.0000	1.0000	1.0000	1.0000	same-scope	same-version-markers		review-together-never-auto-merge
REL-01419	normalized-text-duplicate	R01-A1762	R01-A2662	R01	R01	R01-13	R01-14	1.0000	1.0000	1.0000	1.0000	same-scope	same-version-markers		review-together-never-auto-merge
REL-01420	normalized-text-duplicate	R01-A1775	R01-A2675	R01	R01	R01-13	R01-14	1.0000	1.0000	1.0000	1.0000	same-scope	same-version-markers		review-together-never-auto-merge
REL-01421	normalized-text-duplicate	R01-A1788	R01-A2688	R01	R01	R01-13	R01-14	1.0000	1.0000	1.0000	1.0000	same-scope	same-version-markers		review-together-never-auto-merge
REL-01422	normalized-text-duplicate	R01-A1804	R01-A2704	R01	R01	R01-13	R01-14	1.0000	1.0000	1.0000	1.0000	same-scope	same-version-markers		review-together-never-auto-merge
REL-01423	normalized-text-duplicate	R01-A1816	R01-A2716	R01	R01	R01-13	R01-14	1.0000	1.0000	1.0000	1.0000	same-scope	same-version-markers		review-together-never-auto-merge
REL-01424	normalized-text-duplicate	R01-A1828	R01-A2728	R01	R01	R01-13	R01-14	1.0000	1.0000	1.0000	1.0000	same-scope	same-version-markers		review-together-never-auto-merge
REL-01425	normalized-text-duplicate	R01-A1840	R01-A2740	R01	R01	R01-13	R01-14	1.0000	1.0000	1.0000	1.0000	same-scope	same-version-markers		review-together-never-auto-merge
REL-01426	normalized-text-duplicate	R01-A1856	R01-A2756	R01	R01	R01-13	R01-14	1.0000	1.0000	1.0000	1.0000	same-scope	same-version-markers		review-together-never-auto-merge
REL-01427	normalized-text-duplicate	R01-A1870	R01-A2770	R01	R01	R01-13	R01-14	1.0000	1.0000	1.0000	1.0000	same-scope	same-version-markers		review-together-never-auto-merge
REL-01428	normalized-text-duplicate	R01-A2203	R03-A0323	R01	R03	R01-14	R03-05	1.0000	1.0000	1.0000	1.0000	compatible-domain-scope	different-version-or-scope-markers		retain-separate-version-scope-and-review-link
REL-01429	normalized-text-duplicate	R02-A0489	R03-A2003	R02	R03	R02-14	R03-32	1.0000	1.0000	1.0000	1.0000	different-domain-scope	no-explicit-version-marker		retain-separate-scope-and-review-link
REL-01430	normalized-text-duplicate	R02-A0525	R02-A0708	R02	R02	R02-14	R02-17	1.0000	1.0000	1.0000	1.0000	same-scope	no-explicit-version-marker		review-together-never-auto-merge
REL-01431	normalized-text-duplicate	R02-A0869	R03-A1387	R02	R03	R02-21	R03-23	1.0000	1.0000	1.0000	1.0000	compatible-domain-scope	no-explicit-version-marker		review-together-never-auto-merge
REL-01432	normalized-text-duplicate	R03-A0182	R04-A0651	R03	R04	R03-02	R04-15	1.0000	1.0000	1.0000	1.0000	compatible-domain-scope	different-version-or-scope-markers		retain-separate-version-scope-and-review-link
REL-01433	normalized-text-duplicate	R03-A0219	R05-A0126	R03	R05	R03-03	R05-25	1.0000	1.0000	1.0000	1.0000	compatible-domain-scope	no-explicit-version-marker	uc-009	review-together-never-auto-merge
REL-01434	normalized-text-duplicate	R03-A0640	R04-A0623	R03	R04	R03-09	R04-15	1.0000	1.0000	1.0000	1.0000	compatible-domain-scope	different-version-or-scope-markers		retain-separate-version-scope-and-review-link
REL-01435	normalized-text-duplicate	R03-A0686	R04-A0679	R03	R04	R03-10	R04-16	1.0000	1.0000	1.0000	1.0000	compatible-domain-scope	no-explicit-version-marker		review-together-never-auto-merge
REL-01436	normalized-text-duplicate	R03-A0686	R06-A0009	R03	R06	R03-10	R06-02	1.0000	1.0000	1.0000	1.0000	compatible-domain-scope	no-explicit-version-marker		review-together-never-auto-merge
REL-01437	normalized-text-duplicate	R03-A0972	R06-A0076	R03	R06	R03-16	R06-20	1.0000	1.0000	1.0000	1.0000	compatible-domain-scope	no-explicit-version-marker		review-together-never-auto-merge
REL-01438	normalized-text-duplicate	R03-A0982	R06-A0080	R03	R06	R03-16	R06-21	1.0000	1.0000	1.0000	1.0000	compatible-domain-scope	no-explicit-version-marker		review-together-never-auto-merge
REL-01439	normalized-text-duplicate	R03-A0985	R06-A0084	R03	R06	R03-16	R06-22	1.0000	1.0000	1.0000	1.0000	compatible-domain-scope	no-explicit-version-marker		review-together-never-auto-merge
REL-01440	normalized-text-duplicate	R03-A1101	R06-A0145	R03	R06	R03-18	R06-37	1.0000	1.0000	1.0000	1.0000	compatible-domain-scope	no-explicit-version-marker		review-together-never-auto-merge
REL-01441	normalized-text-duplicate	R03-A1140	R03-A1767	R03	R03	R03-19	R03-29	1.0000	1.0000	1.0000	1.0000	compatible-domain-scope	no-explicit-version-marker		review-together-never-auto-merge
REL-01442	normalized-text-duplicate	R03-A1140	R03-A3008	R03	R03	R03-19	R03-45	1.0000	1.0000	1.0000	1.0000	compatible-domain-scope	no-explicit-version-marker		review-together-never-auto-merge
REL-01443	normalized-text-duplicate	R03-A1145	R06-A0187	R03	R06	R03-19	R06-47	1.0000	1.0000	1.0000	1.0000	compatible-domain-scope	no-explicit-version-marker	uc-013	review-together-never-auto-merge
REL-01444	normalized-text-duplicate	R03-A1187	R06-A0204	R03	R06	R03-20	R06-51	1.0000	1.0000	1.0000	1.0000	compatible-domain-scope	no-explicit-version-marker	uc-013	review-together-never-auto-merge
REL-01445	normalized-text-duplicate	R03-A1192	R04-A1162	R03	R04	R03-20	R04-30	1.0000	1.0000	1.0000	1.0000	compatible-domain-scope	no-explicit-version-marker	uc-013	review-together-never-auto-merge
REL-01446	normalized-text-duplicate	R03-A2063	R03-A2072	R03	R03	R03-33	R03-33	1.0000	1.0000	1.0000	1.0000	same-scope	no-explicit-version-marker		review-together-never-auto-merge
REL-01447	normalized-text-duplicate	R04-A0080	R05-A0309	R04	R05	R04-02	R05-58	1.0000	1.0000	1.0000	1.0000	compatible-domain-scope	different-version-or-scope-markers	r-09	retain-separate-version-scope-and-review-link
REL-01448	normalized-text-duplicate	R04-A0130	R04-A0556	R04	R04	R04-02	R04-14	1.0000	1.0000	1.0000	1.0000	same-scope	same-version-markers		review-together-never-auto-merge
REL-01449	normalized-text-duplicate	R04-A0132	R04-A0379	R04	R04	R04-02	R04-08	1.0000	1.0000	1.0000	1.0000	same-scope	same-version-markers	uc-004	review-together-never-auto-merge
REL-01450	normalized-text-duplicate	R04-A0215	R05-A0035	R04	R05	R04-05	R05-08	1.0000	1.0000	1.0000	1.0000	compatible-domain-scope	different-version-or-scope-markers		retain-separate-version-scope-and-review-link
REL-01451	normalized-text-duplicate	R04-A0573	R05-A0201	R04	R05	R04-14	R05-40	1.0000	1.0000	1.0000	1.0000	same-scope	different-version-or-scope-markers		retain-separate-version-scope-and-review-link
REL-01452	normalized-text-duplicate	R04-A0674	R06-A0004	R04	R06	R04-16	R06-01	1.0000	1.0000	1.0000	1.0000	compatible-domain-scope	no-explicit-version-marker		review-together-never-auto-merge
REL-01453	normalized-text-duplicate	R04-A0818	R06-A0063	R04	R06	R04-21	R06-17	1.0000	1.0000	1.0000	1.0000	compatible-domain-scope	no-explicit-version-marker		review-together-never-auto-merge
REL-01454	normalized-text-duplicate	R04-A0963	R06-A0125	R04	R06	R04-25	R06-32	1.0000	1.0000	1.0000	1.0000	compatible-domain-scope	no-explicit-version-marker	uc-019	review-together-never-auto-merge
REL-01455	normalized-text-duplicate	R04-A1030	R06-A0154	R04	R06	R04-27	R06-39	1.0000	1.0000	1.0000	1.0000	compatible-domain-scope	no-explicit-version-marker	uc-013	review-together-never-auto-merge
REL-01456	normalized-text-duplicate	R04-A1061	R06-A0166	R04	R06	R04-28	R06-42	1.0000	1.0000	1.0000	1.0000	compatible-domain-scope	no-explicit-version-marker		review-together-never-auto-merge
REL-01457	normalized-text-duplicate	R04-A1138	R06-A0200	R04	R06	R04-30	R06-50	1.0000	1.0000	1.0000	1.0000	compatible-domain-scope	no-explicit-version-marker	rcs/riot	review-together-never-auto-merge
REL-01458	normalized-text-duplicate	R05-A0027	R05-A0214	R05	R05	R05-07	R05-43	1.0000	1.0000	1.0000	1.0000	same-scope	no-explicit-version-marker		review-together-never-auto-merge
REL-01459	normalized-text-duplicate	R10-A0093	R10-A0508	R10	R10	R10-04	R10-14	1.0000	1.0000	1.0000	1.0000	same-scope	no-explicit-version-marker		review-together-never-auto-merge
REL-01460	normalized-text-duplicate	R10-A0093	R10-A0657	R10	R10	R10-04	R10-17	1.0000	1.0000	1.0000	1.0000	same-scope	no-explicit-version-marker		review-together-never-auto-merge
REL-01461	normalized-text-duplicate	R11-A0085	R11-A0096	R11	R11	R11-05	R11-07	1.0000	1.0000	1.0000	1.0000	different-domain-scope	overlapping-version-markers		retain-separate-scope-and-review-link
REL-01462	semantic-near-review	R01-A0168	R01-A0462	R01	R01	R01-04	R01-05	0.8065	0.7391	0.8333	1.0000	same-scope	no-explicit-version-marker		review-together-never-auto-merge
REL-01463	semantic-near-review	R01-A0169	R02-A0849	R01	R02	R01-04	R02-21	0.7569	0.6897	0.7586	1.0000	compatible-domain-scope	no-explicit-version-marker	d04-06,d4-06	review-together-never-auto-merge
REL-01464	semantic-near-review	R01-A0171	R02-A0853	R01	R02	R01-04	R02-21	0.7979	0.7297	0.8219	1.0000	compatible-domain-scope	no-explicit-version-marker	station_name	review-together-never-auto-merge
REL-01465	semantic-near-review	R01-A0194	R02-A0872	R01	R02	R01-04	R02-21	0.7975	0.7451	0.7925	1.0000	compatible-domain-scope	no-explicit-version-marker		review-together-never-auto-merge
REL-01466	semantic-near-review	R01-A0205	R01-A0764	R01	R01	R01-04	R01-05	0.7790	0.7213	0.7742	1.0000	same-scope	no-explicit-version-marker	sublot_box_count	review-together-never-auto-merge
REL-01467	semantic-near-review	R01-A0206	R01-A0348	R01	R01	R01-04	R01-05	0.7629	0.7143	0.7333	1.0000	same-scope	no-explicit-version-marker		review-together-never-auto-merge
REL-01468	semantic-near-review	R01-A0208	R01-A0767	R01	R01	R01-04	R01-05	0.9446	0.9333	0.9375	1.0000	same-scope	no-explicit-version-marker		review-together-never-auto-merge
REL-01469	semantic-near-review	R01-A0209	R01-A0770	R01	R01	R01-04	R01-05	0.8658	0.8387	0.8485	1.0000	same-scope	no-explicit-version-marker		review-together-never-auto-merge
REL-01470	semantic-near-review	R01-A0211	R01-A0363	R01	R01	R01-04	R01-05	0.7603	0.7097	0.7333	1.0000	same-scope	no-explicit-version-marker	rcs/riot,station_id,station_name	review-together-never-auto-merge
REL-01471	semantic-near-review	R01-A0213	R02-A0334	R01	R02	R01-04	R02-12	0.7238	0.6562	0.7097	1.0000	compatible-domain-scope	no-explicit-version-marker	area_code,station_name	review-together-never-auto-merge
REL-01472	semantic-near-review	R01-A0221	R11-A0028	R01	R11	R01-04	R11-03	0.8500	0.8148	0.8395	1.0000	compatible-domain-scope	different-version-or-scope-markers	task_type	retain-separate-version-scope-and-review-link
REL-01473	semantic-near-review	R01-A0221	R11-A0066	R01	R11	R01-04	R11-04	0.8800	0.8500	0.8750	1.0000	compatible-domain-scope	no-explicit-version-marker	task_type	review-together-never-auto-merge
REL-01474	semantic-near-review	R01-A0221	R12-A0090	R01	R12	R01-04	R12-17	0.7832	0.7391	0.7556	1.0000	compatible-domain-scope	different-version-or-scope-markers	task_type	retain-separate-version-scope-and-review-link
REL-01475	semantic-near-review	R01-A0245	R01-A0744	R01	R01	R01-04	R01-05	0.8552	0.8276	0.8333	1.0000	same-scope	no-explicit-version-marker	reference/package-basket-capacity.md	review-together-never-auto-merge
REL-01476	semantic-near-review	R01-A0248	R11-A0079	R01	R11	R01-04	R11-05	0.8080	0.7600	0.8000	1.0000	compatible-domain-scope	different-version-or-scope-markers		retain-separate-version-scope-and-review-link
REL-01477	semantic-near-review	R01-A0402	R02-A0949	R01	R02	R01-05	R02-23	0.8399	0.7869	0.8571	1.0000	compatible-domain-scope	no-explicit-version-marker	eqp/area	review-together-never-auto-merge
REL-01478	semantic-near-review	R01-A0433	R02-A0009	R01	R02	R01-05	R02-07	0.7874	0.7119	0.8197	1.0000	compatible-domain-scope	no-explicit-version-marker		review-together-never-auto-merge
REL-01479	semantic-near-review	R01-A0433	R02-A0114	R01	R02	R01-05	R02-08	0.9280	0.9032	0.9375	1.0000	compatible-domain-scope	no-explicit-version-marker		review-together-never-auto-merge
REL-01480	semantic-near-review	R01-A0446	R02-A0829	R01	R02	R01-05	R02-21	0.7194	0.6387	0.7273	1.0000	compatible-domain-scope	no-explicit-version-marker	mock_task_id,task_source	review-together-never-auto-merge
REL-01481	semantic-near-review	R01-A0573	R02-A0842	R01	R02	R01-05	R02-21	0.7958	0.7436	0.7895	1.0000	compatible-domain-scope	no-explicit-version-marker		review-together-never-auto-merge
REL-01482	semantic-near-review	R01-A0592	R01-A1205	R01	R01	R01-05	R01-13	0.8217	0.7667	0.8333	1.0000	compatible-domain-scope	different-version-or-scope-markers		retain-separate-version-scope-and-review-link
REL-01483	semantic-near-review	R01-A0603	R02-A0244	R01	R02	R01-05	R02-10	0.8226	0.7895	0.7945	1.0000	compatible-domain-scope	no-explicit-version-marker		review-together-never-auto-merge
REL-01484	semantic-near-review	R01-A0633	R02-A0913	R01	R02	R01-05	R02-22	0.8525	0.8000	0.8750	1.0000	compatible-domain-scope	no-explicit-version-marker		review-together-never-auto-merge
REL-01485	semantic-near-review	R01-A0634	R02-A0914	R01	R02	R01-05	R02-22	0.7673	0.7027	0.7692	1.0000	compatible-domain-scope	no-explicit-version-marker		review-together-never-auto-merge
REL-01486	semantic-near-review	R01-A0640	R11-A0082	R01	R11	R01-05	R11-05	0.8485	0.8000	0.8615	1.0000	compatible-domain-scope	different-version-or-scope-markers	mv_fw_username.username,operator_name	retain-separate-version-scope-and-review-link
REL-01487	semantic-near-review	R01-A0705	R02-A0009	R01	R02	R01-05	R02-07	0.8349	0.7778	0.8571	1.0000	compatible-domain-scope	no-explicit-version-marker		review-together-never-auto-merge
REL-01488	semantic-near-review	R01-A0717	R02-A0828	R01	R02	R01-05	R02-21	0.7744	0.6909	0.8148	1.0000	compatible-domain-scope	no-explicit-version-marker		review-together-never-auto-merge
REL-01489	semantic-near-review	R01-A0728	R02-A0992	R01	R02	R01-05	R02-24	0.8655	0.8333	0.8571	1.0000	compatible-domain-scope	no-explicit-version-marker		review-together-never-auto-merge
REL-01490	semantic-near-review	R01-A1063	R02-A0070	R01	R02	R01-13	R02-08	0.8349	0.7778	0.8571	1.0000	compatible-domain-scope	different-version-or-scope-markers		retain-separate-version-scope-and-review-link
REL-01491	semantic-near-review	R01-A1066	R01-A2010	R01	R01	R01-13	R01-14	0.7940	0.7619	0.7500	1.0000	same-scope	same-version-markers		review-together-never-auto-merge
REL-01492	semantic-near-review	R01-A1071	R01-A2015	R01	R01	R01-13	R01-14	0.8388	0.8000	0.8293	1.0000	same-scope	same-version-markers		review-together-never-auto-merge
REL-01493	semantic-near-review	R01-A1072	R01-A2016	R01	R01	R01-13	R01-14	0.8543	0.8261	0.8333	1.0000	same-scope	same-version-markers		review-together-never-auto-merge
REL-01494	semantic-near-review	R01-A1082	R01-A2027	R01	R01	R01-13	R01-14	1.0000	1.0000	1.0000	1.0000	same-scope	same-version-markers		review-together-never-auto-merge
REL-01495	semantic-near-review	R01-A1085	R01-A2030	R01	R01	R01-13	R01-14	0.8025	0.7500	0.8000	1.0000	same-scope	same-version-markers		review-together-never-auto-merge
REL-01496	semantic-near-review	R01-A1106	R01-A2049	R01	R01	R01-13	R01-14	0.9060	0.8800	0.9067	1.0000	same-scope	same-version-markers		review-together-never-auto-merge
REL-01497	semantic-near-review	R01-A1107	R01-A3055	R01	R01	R01-13	R01-19	0.8280	0.7805	0.8293	1.0000	compatible-domain-scope	different-version-or-scope-markers		retain-separate-version-scope-and-review-link
REL-01498	semantic-near-review	R01-A1108	R01-A3057	R01	R01	R01-13	R01-19	0.7679	0.7143	0.7500	1.0000	compatible-domain-scope	different-version-or-scope-markers		retain-separate-version-scope-and-review-link
REL-01499	semantic-near-review	R01-A1109	R01-A3059	R01	R01	R01-13	R01-19	0.9090	0.8800	0.9167	1.0000	compatible-domain-scope	different-version-or-scope-markers		retain-separate-version-scope-and-review-link
REL-01500	semantic-near-review	R01-A1110	R01-A3061	R01	R01	R01-13	R01-19	0.8832	0.8421	0.9000	1.0000	compatible-domain-scope	different-version-or-scope-markers		retain-separate-version-scope-and-review-link
REL-01501	semantic-near-review	R01-A1117	R01-A2059	R01	R01	R01-13	R01-14	0.9561	0.9474	0.9500	1.0000	same-scope	same-version-markers		review-together-never-auto-merge
REL-01502	semantic-near-review	R01-A1121	R01-A3076	R01	R01	R01-13	R01-19	0.8658	0.8387	0.8485	1.0000	compatible-domain-scope	different-version-or-scope-markers		retain-separate-version-scope-and-review-link
REL-01503	semantic-near-review	R01-A1150	R02-A0246	R01	R02	R01-13	R02-10	0.7637	0.6667	0.8235	1.0000	compatible-domain-scope	different-version-or-scope-markers		retain-separate-version-scope-and-review-link
REL-01504	semantic-near-review	R01-A1203	R01-A2135	R01	R01	R01-13	R01-14	0.9177	0.9000	0.9091	1.0000	same-scope	same-version-markers	3.4	review-together-never-auto-merge
REL-01505	semantic-near-review	R01-A1238	R03-A0173	R01	R03	R01-13	R03-02	0.8146	0.7692	0.8052	1.0000	compatible-domain-scope	different-version-or-scope-markers		retain-separate-version-scope-and-review-link
REL-01506	semantic-near-review	R01-A1265	R04-A0448	R01	R04	R01-13	R04-10	0.8064	0.7692	0.7778	1.0000	compatible-domain-scope	different-version-or-scope-markers		retain-separate-version-scope-and-review-link
REL-01507	semantic-near-review	R01-A1272	R01-A2187	R01	R01	R01-13	R01-14	0.9043	0.8788	0.9032	1.0000	same-scope	same-version-markers		review-together-never-auto-merge
REL-01508	semantic-near-review	R01-A1285	R01-A2193	R01	R01	R01-13	R01-14	0.8221	0.7692	0.8302	1.0000	same-scope	same-version-markers		review-together-never-auto-merge
REL-01509	semantic-near-review	R01-A1297	R04-A0203	R01	R04	R01-13	R04-05	0.8600	0.8182	0.8667	1.0000	compatible-domain-scope	different-version-or-scope-markers		retain-separate-version-scope-and-review-link
REL-01510	semantic-near-review	R01-A1538	R01-A2443	R01	R01	R01-13	R01-14	0.9274	0.9032	0.9355	1.0000	same-scope	same-version-markers		review-together-never-auto-merge
REL-01511	semantic-near-review	R01-A1540	R01-A2445	R01	R01	R01-13	R01-14	0.9338	0.9118	0.9412	1.0000	same-scope	same-version-markers		review-together-never-auto-merge
REL-01512	semantic-near-review	R01-A1561	R01-A2465	R01	R01	R01-13	R01-14	0.9375	0.9167	0.9444	1.0000	same-scope	same-version-markers		review-together-never-auto-merge
REL-01513	semantic-near-review	R01-A1673	R01-A2573	R01	R01	R01-13	R01-14	0.8925	0.8615	0.8955	1.0000	same-scope	same-version-markers		review-together-never-auto-merge
REL-01514	semantic-near-review	R01-A1930	R01-A2809	R01	R01	R01-13	R01-14	0.8025	0.7500	0.8000	1.0000	same-scope	same-version-markers		review-together-never-auto-merge
REL-01515	semantic-near-review	R01-A1930	R02-A0050	R01	R02	R01-13	R02-07	0.7805	0.7000	0.8182	1.0000	compatible-domain-scope	different-version-or-scope-markers		retain-separate-version-scope-and-review-link
REL-01516	semantic-near-review	R01-A1932	R01-A2811	R01	R01	R01-13	R01-14	0.7615	0.6923	0.7692	1.0000	same-scope	same-version-markers		review-together-never-auto-merge
REL-01517	semantic-near-review	R01-A1935	R08-A0533	R01	R08	R01-13	R08-37	0.8015	0.7595	0.7792	1.0000	compatible-domain-scope	different-version-or-scope-markers	r-11	retain-separate-version-scope-and-review-link
REL-01518	semantic-near-review	R01-A1941	R03-A0102	R01	R03	R01-13	R03-01	0.8758	0.8348	0.8889	1.0000	compatible-domain-scope	different-version-or-scope-markers		retain-separate-version-scope-and-review-link
REL-01519	semantic-near-review	R01-A1945	R05-A0216	R01	R05	R01-13	R05-43	0.7625	0.7170	0.7273	1.0000	compatible-domain-scope	different-version-or-scope-markers	cancelled_by_operator	retain-separate-version-scope-and-review-link
REL-01520	semantic-near-review	R01-A1946	R03-A0112	R01	R03	R01-13	R03-01	0.8382	0.7907	0.8444	1.0000	compatible-domain-scope	different-version-or-scope-markers		retain-separate-version-scope-and-review-link
REL-01521	semantic-near-review	R01-A1946	R03-A0331	R01	R03	R01-13	R03-05	0.8658	0.8400	0.8462	1.0000	compatible-domain-scope	different-version-or-scope-markers		retain-separate-version-scope-and-review-link
REL-01522	semantic-near-review	R01-A1946	R05-A0400	R01	R05	R01-13	R05-67	0.8081	0.7556	0.8085	1.0000	compatible-domain-scope	different-version-or-scope-markers		retain-separate-version-scope-and-review-link
REL-01523	semantic-near-review	R01-A1946	R08-A0675	R01	R08	R01-13	R08-40	0.8387	0.8077	0.8148	1.0000	compatible-domain-scope	different-version-or-scope-markers		retain-separate-version-scope-and-review-link
REL-01524	semantic-near-review	R01-A1947	R01-A2813	R01	R01	R01-13	R01-14	0.9138	0.8929	0.9091	1.0000	same-scope	same-version-markers		review-together-never-auto-merge
REL-01525	semantic-near-review	R01-A1949	R01-A2815	R01	R01	R01-13	R01-14	0.8575	0.8235	0.8485	1.0000	same-scope	same-version-markers		review-together-never-auto-merge
REL-01526	semantic-near-review	R01-A1950	R01-A2816	R01	R01	R01-13	R01-14	0.7913	0.7391	0.7826	1.0000	same-scope	same-version-markers		review-together-never-auto-merge
REL-01527	semantic-near-review	R01-A2052	R02-A0161	R01	R02	R01-14	R02-09	0.7728	0.7033	0.7865	1.0000	compatible-domain-scope	different-version-or-scope-markers	r-03	retain-separate-version-scope-and-review-link
REL-01528	semantic-near-review	R01-A3053	R02-A0155	R01	R02	R01-19	R02-09	0.8386	0.9193	0.9434	0.3333	compatible-domain-scope	no-explicit-version-marker	3.1	review-together-never-auto-merge
REL-01529	semantic-near-review	R01-A3054	R02-A0156	R01	R02	R01-19	R02-09	0.7617	0.8829	0.9204	0.0000	compatible-domain-scope	no-explicit-version-marker		review-together-never-auto-merge
REL-01530	semantic-near-review	R02-A0009	R02-A0114	R02	R02	R02-07	R02-08	0.8583	0.8070	0.8814	1.0000	same-scope	no-explicit-version-marker		review-together-never-auto-merge
REL-01531	semantic-near-review	R02-A0208	R08-A0533	R02	R08	R02-09	R08-37	0.7968	0.7342	0.8101	1.0000	compatible-domain-scope	no-explicit-version-marker	r-11	review-together-never-auto-merge
REL-01532	semantic-near-review	R02-A0209	R08-A0084	R02	R08	R02-09	R08-01	0.7774	0.7317	0.7500	1.0000	compatible-domain-scope	no-explicit-version-marker		review-together-never-auto-merge
REL-01533	semantic-near-review	R02-A0212	R03-A0106	R02	R03	R02-09	R03-01	0.7247	0.6667	0.6933	1.0000	compatible-domain-scope	no-explicit-version-marker	r-09,r-11	review-together-never-auto-merge
REL-01534	semantic-near-review	R02-A0270	R03-A1124	R02	R03	R02-11	R03-19	0.8658	0.8387	0.8485	1.0000	compatible-domain-scope	no-explicit-version-marker	uc-019	review-together-never-auto-merge
REL-01535	semantic-near-review	R02-A0487	R02-A0683	R02	R02	R02-14	R02-17	0.8304	0.7778	0.8421	1.0000	same-scope	no-explicit-version-marker		review-together-never-auto-merge
REL-01536	semantic-near-review	R02-A0520	R02-A0703	R02	R02	R02-14	R02-17	0.8551	0.8250	0.8378	1.0000	same-scope	no-explicit-version-marker		review-together-never-auto-merge
REL-01537	semantic-near-review	R02-A0521	R02-A0704	R02	R02	R02-14	R02-17	0.8221	0.7857	0.8000	1.0000	same-scope	no-explicit-version-marker		review-together-never-auto-merge
REL-01538	semantic-near-review	R02-A0523	R02-A0706	R02	R02	R02-14	R02-17	0.8574	0.8276	0.8409	1.0000	same-scope	no-explicit-version-marker		review-together-never-auto-merge
REL-01539	semantic-near-review	R02-A0524	R02-A0707	R02	R02	R02-14	R02-17	0.8750	0.8333	0.8889	1.0000	same-scope	no-explicit-version-marker		review-together-never-auto-merge
REL-01540	semantic-near-review	R02-A0527	R02-A0709	R02	R02	R02-14	R02-17	0.8201	0.7717	0.8189	1.0000	same-scope	no-explicit-version-marker		review-together-never-auto-merge
REL-01541	semantic-near-review	R02-A0636	R02-A0730	R02	R02	R02-16	R02-18	0.7838	0.7222	0.7885	1.0000	same-scope	no-explicit-version-marker		review-together-never-auto-merge
REL-01542	semantic-near-review	R02-A0638	R02-A0732	R02	R02	R02-16	R02-18	0.9236	0.9038	0.9216	1.0000	same-scope	no-explicit-version-marker		review-together-never-auto-merge
REL-01543	semantic-near-review	R02-A0650	R02-A0745	R02	R02	R02-16	R02-18	0.8422	0.7949	0.8500	1.0000	same-scope	no-explicit-version-marker		review-together-never-auto-merge
REL-01544	semantic-near-review	R02-A0654	R02-A0749	R02	R02	R02-16	R02-18	0.8941	0.8649	0.8947	1.0000	same-scope	no-explicit-version-marker		review-together-never-auto-merge
REL-01545	semantic-near-review	R02-A0655	R02-A0750	R02	R02	R02-16	R02-18	0.8875	0.8500	0.9000	1.0000	same-scope	no-explicit-version-marker		review-together-never-auto-merge
REL-01546	semantic-near-review	R02-A0690	R03-A1121	R02	R03	R02-17	R03-19	0.7424	0.6744	0.7381	1.0000	compatible-domain-scope	no-explicit-version-marker	uc-019,uc-021	review-together-never-auto-merge
REL-01547	semantic-near-review	R02-A0911	R03-A0039	R02	R03	R02-22	R03-01	0.8125	0.7719	0.7931	1.0000	compatible-domain-scope	no-explicit-version-marker		review-together-never-auto-merge
REL-01548	semantic-near-review	R03-A0012	R03-A0262	R03	R03	R03-01	R03-04	0.7848	0.7273	0.7826	1.0000	same-scope	no-explicit-version-marker	uc-043	review-together-never-auto-merge
REL-01549	semantic-near-review	R03-A0025	R03-A0398	R03	R03	R03-01	R03-06	0.7734	0.7170	0.7636	1.0000	same-scope	no-explicit-version-marker		review-together-never-auto-merge
REL-01550	semantic-near-review	R03-A0041	R03-A0413	R03	R03	R03-01	R03-06	0.7778	0.7273	0.7595	1.0000	same-scope	no-explicit-version-marker	e2.1	review-together-never-auto-merge
REL-01551	semantic-near-review	R03-A0113	R03-A0436	R03	R03	R03-01	R03-06	0.7986	0.7429	0.8000	1.0000	same-scope	no-explicit-version-marker		review-together-never-auto-merge
REL-01552	semantic-near-review	R03-A0122	R03-A0442	R03	R03	R03-01	R03-06	0.8979	0.8750	0.8889	1.0000	same-scope	no-explicit-version-marker		review-together-never-auto-merge
REL-01553	semantic-near-review	R03-A0123	R03-A0443	R03	R03	R03-01	R03-06	0.8448	0.8070	0.8364	1.0000	same-scope	no-explicit-version-marker	4.1	review-together-never-auto-merge
REL-01554	semantic-near-review	R03-A0166	R05-A0002	R03	R05	R03-02	R05-01	0.9325	0.9206	0.9206	1.0000	compatible-domain-scope	no-explicit-version-marker		review-together-never-auto-merge
REL-01555	semantic-near-review	R03-A0166	R05-A0006	R03	R05	R03-02	R05-02	0.7987	0.7632	0.7632	1.0000	compatible-domain-scope	no-explicit-version-marker		review-together-never-auto-merge
REL-01556	semantic-near-review	R03-A0167	R04-A0604	R03	R04	R03-02	R04-15	0.8222	0.7778	0.8148	1.0000	compatible-domain-scope	different-version-or-scope-markers		retain-separate-version-scope-and-review-link
REL-01557	semantic-near-review	R03-A0167	R04-A0607	R03	R04	R03-02	R04-15	0.8589	0.8214	0.8571	1.0000	compatible-domain-scope	different-version-or-scope-markers		retain-separate-version-scope-and-review-link
REL-01558	semantic-near-review	R03-A0177	R04-A0172	R03	R04	R03-02	R04-04	0.9582	0.9508	0.9508	1.0000	compatible-domain-scope	different-version-or-scope-markers		retain-separate-version-scope-and-review-link
REL-01559	semantic-near-review	R03-A0181	R04-A0650	R03	R04	R03-02	R04-15	0.8500	0.8182	0.8333	1.0000	compatible-domain-scope	different-version-or-scope-markers		retain-separate-version-scope-and-review-link
REL-01560	semantic-near-review	R03-A0188	R05-A0292	R03	R05	R03-02	R05-56	0.8529	0.8235	0.8333	1.0000	compatible-domain-scope	no-explicit-version-marker		review-together-never-auto-merge
REL-01561	semantic-near-review	R03-A0219	R04-A0427	R03	R04	R03-03	R04-10	0.8980	0.8780	0.8837	1.0000	compatible-domain-scope	different-version-or-scope-markers	uc-009	retain-separate-version-scope-and-review-link
REL-01562	semantic-near-review	R03-A0266	R04-A0225	R03	R04	R03-04	R04-06	0.8621	0.8224	0.8660	1.0000	compatible-domain-scope	different-version-or-scope-markers		retain-separate-version-scope-and-review-link
REL-01563	semantic-near-review	R03-A0277	R05-A0048	R03	R05	R03-04	R05-11	0.7797	0.7027	0.8108	1.0000	compatible-domain-scope	no-explicit-version-marker		review-together-never-auto-merge
REL-01564	semantic-near-review	R03-A0315	R04-A0284	R03	R04	R03-05	R04-07	0.7706	0.7103	0.7664	1.0000	compatible-domain-scope	different-version-or-scope-markers		retain-separate-version-scope-and-review-link
REL-01565	semantic-near-review	R03-A0355	R04-A0304	R03	R04	R03-05	R04-07	0.8768	0.8333	0.8947	1.0000	compatible-domain-scope	different-version-or-scope-markers		retain-separate-version-scope-and-review-link
REL-01566	semantic-near-review	R03-A0355	R05-A0223	R03	R05	R03-05	R05-44	0.8832	0.8421	0.9000	1.0000	compatible-domain-scope	no-explicit-version-marker		review-together-never-auto-merge
REL-01567	semantic-near-review	R03-A0382	R04-A0341	R03	R04	R03-06	R04-08	0.8652	0.8276	0.8667	1.0000	compatible-domain-scope	different-version-or-scope-markers		retain-separate-version-scope-and-review-link
REL-01568	semantic-near-review	R03-A0412	R04-A0361	R03	R04	R03-06	R04-08	0.7955	0.7273	0.8182	1.0000	compatible-domain-scope	different-version-or-scope-markers		retain-separate-version-scope-and-review-link
REL-01569	semantic-near-review	R03-A0432	R04-A0376	R03	R04	R03-06	R04-08	0.7678	0.7037	0.7692	1.0000	compatible-domain-scope	different-version-or-scope-markers		retain-separate-version-scope-and-review-link
REL-01570	semantic-near-review	R03-A0432	R05-A0113	R03	R05	R03-06	R05-22	0.8180	0.7600	0.8333	1.0000	compatible-domain-scope	no-explicit-version-marker		review-together-never-auto-merge
REL-01571	semantic-near-review	R03-A0438	R05-A0112	R03	R05	R03-06	R05-22	0.7931	0.7407	0.7857	1.0000	compatible-domain-scope	no-explicit-version-marker		review-together-never-auto-merge
REL-01572	semantic-near-review	R03-A0440	R04-A0377	R03	R04	R03-06	R04-08	1.0000	1.0000	1.0000	1.0000	compatible-domain-scope	different-version-or-scope-markers		retain-separate-version-scope-and-review-link
REL-01573	semantic-near-review	R03-A0752	R03-A0804	R03	R03	R03-12	R03-13	0.8712	0.8485	0.8485	1.0000	same-scope	no-explicit-version-marker		review-together-never-auto-merge
REL-01574	semantic-near-review	R03-A0757	R06-A0014	R03	R06	R03-12	R06-07	0.8157	0.7429	0.8571	1.0000	compatible-domain-scope	no-explicit-version-marker		review-together-never-auto-merge
REL-01575	semantic-near-review	R03-A0761	R03-A0814	R03	R03	R03-12	R03-13	0.8616	0.8286	0.8529	1.0000	same-scope	no-explicit-version-marker		review-together-never-auto-merge
REL-01576	semantic-near-review	R03-A0765	R05-A0195	R03	R05	R03-12	R05-39	0.7665	0.6923	0.7857	1.0000	compatible-domain-scope	no-explicit-version-marker		review-together-never-auto-merge
REL-01577	semantic-near-review	R03-A0767	R04-A0727	R03	R04	R03-12	R04-18	0.8331	0.7857	0.8364	1.0000	compatible-domain-scope	different-version-or-scope-markers		retain-separate-version-scope-and-review-link
REL-01578	semantic-near-review	R03-A0826	R04-A0753	R03	R04	R03-13	R04-19	0.8095	0.7579	0.8090	1.0000	compatible-domain-scope	no-explicit-version-marker		review-together-never-auto-merge
REL-01579	semantic-near-review	R03-A0826	R04-A0761	R03	R04	R03-13	R04-19	0.8727	0.8317	0.8842	1.0000	compatible-domain-scope	no-explicit-version-marker		review-together-never-auto-merge
REL-01580	semantic-near-review	R03-A0826	R06-A0037	R03	R06	R03-13	R06-12	0.9032	0.8660	0.9231	1.0000	compatible-domain-scope	no-explicit-version-marker		review-together-never-auto-merge
REL-01581	semantic-near-review	R03-A0830	R04-A0765	R03	R04	R03-13	R04-19	0.8027	0.7541	0.7931	1.0000	compatible-domain-scope	no-explicit-version-marker		review-together-never-auto-merge
REL-01582	semantic-near-review	R03-A0844	R04-A0781	R03	R04	R03-14	R04-20	0.8840	0.8387	0.9091	1.0000	compatible-domain-scope	different-version-or-scope-markers		retain-separate-version-scope-and-review-link
REL-01583	semantic-near-review	R03-A0859	R06-A0014	R03	R06	R03-14	R06-07	0.8025	0.7500	0.8000	1.0000	compatible-domain-scope	no-explicit-version-marker		review-together-never-auto-merge
REL-01584	semantic-near-review	R03-A0912	R04-A0811	R03	R04	R03-15	R04-21	0.8953	0.8571	0.9130	1.0000	compatible-domain-scope	no-explicit-version-marker		review-together-never-auto-merge
REL-01585	semantic-near-review	R03-A0912	R06-A0064	R03	R06	R03-15	R06-17	0.7658	0.7000	0.7692	1.0000	compatible-domain-scope	no-explicit-version-marker		review-together-never-auto-merge
REL-01586	semantic-near-review	R03-A0921	R06-A0068	R03	R06	R03-15	R06-18	0.7897	0.7436	0.7692	1.0000	compatible-domain-scope	no-explicit-version-marker		review-together-never-auto-merge
REL-01587	semantic-near-review	R03-A0925	R04-A0823	R03	R04	R03-15	R04-21	0.7897	0.7436	0.7692	1.0000	compatible-domain-scope	no-explicit-version-marker		review-together-never-auto-merge
REL-01588	semantic-near-review	R03-A0925	R06-A0068	R03	R06	R03-15	R06-18	0.8243	0.7838	0.8108	1.0000	compatible-domain-scope	no-explicit-version-marker		review-together-never-auto-merge
REL-01589	semantic-near-review	R03-A1032	R04-A1066	R03	R04	R03-17	R04-28	0.7995	0.7568	0.7778	1.0000	compatible-domain-scope	no-explicit-version-marker		review-together-never-auto-merge
REL-01590	semantic-near-review	R03-A1032	R06-A0171	R03	R06	R03-17	R06-43	0.8371	0.8000	0.8235	1.0000	compatible-domain-scope	no-explicit-version-marker		review-together-never-auto-merge
REL-01591	semantic-near-review	R03-A1040	R04-A1070	R03	R04	R03-17	R04-28	0.9523	0.9444	0.9429	1.0000	compatible-domain-scope	no-explicit-version-marker		review-together-never-auto-merge
REL-01592	semantic-near-review	R03-A1040	R06-A0175	R03	R06	R03-17	R06-44	1.0000	1.0000	1.0000	1.0000	compatible-domain-scope	no-explicit-version-marker		review-together-never-auto-merge
REL-01593	semantic-near-review	R03-A1044	R04-A1074	R03	R04	R03-17	R04-28	0.9329	0.9200	0.9231	1.0000	compatible-domain-scope	no-explicit-version-marker		review-together-never-auto-merge
REL-01594	semantic-near-review	R03-A1044	R06-A0179	R03	R06	R03-17	R06-45	1.0000	1.0000	1.0000	1.0000	compatible-domain-scope	no-explicit-version-marker		review-together-never-auto-merge
REL-01595	semantic-near-review	R03-A1097	R04-A1034	R03	R04	R03-18	R04-27	0.9400	0.9286	0.9310	1.0000	compatible-domain-scope	no-explicit-version-marker		review-together-never-auto-merge
REL-01596	semantic-near-review	R03-A1100	R06-A0143	R03	R06	R03-18	R06-37	0.7926	0.7213	0.8197	1.0000	compatible-domain-scope	no-explicit-version-marker	rcs/riot	review-together-never-auto-merge
REL-01597	semantic-near-review	R03-A1101	R04-A0999	R03	R04	R03-18	R04-26	0.9164	0.9000	0.9048	1.0000	compatible-domain-scope	no-explicit-version-marker		review-together-never-auto-merge
REL-01598	semantic-near-review	R03-A1103	R04-A1001	R03	R04	R03-18	R04-26	0.8624	0.8254	0.8615	1.0000	compatible-domain-scope	no-explicit-version-marker		review-together-never-auto-merge
REL-01599	semantic-near-review	R03-A1103	R06-A0147	R03	R06	R03-18	R06-38	0.9231	0.8966	0.9333	1.0000	compatible-domain-scope	no-explicit-version-marker		review-together-never-auto-merge
REL-01600	semantic-near-review	R03-A1104	R04-A1003	R03	R04	R03-18	R04-26	0.8725	0.8462	0.8571	1.0000	compatible-domain-scope	no-explicit-version-marker		review-together-never-auto-merge
REL-01601	semantic-near-review	R03-A1135	R03-A1178	R03	R03	R03-19	R03-20	0.7911	0.7500	0.7619	1.0000	same-scope	no-explicit-version-marker		review-together-never-auto-merge
REL-01602	semantic-near-review	R03-A1139	R04-A1089	R03	R04	R03-19	R04-29	0.8776	0.8421	0.8814	1.0000	compatible-domain-scope	no-explicit-version-marker	rcs/riot	review-together-never-auto-merge
REL-01603	semantic-near-review	R03-A1144	R04-A1102	R03	R04	R03-19	R04-29	0.8734	0.8511	0.8511	1.0000	compatible-domain-scope	no-explicit-version-marker		review-together-never-auto-merge
REL-01604	semantic-near-review	R03-A1144	R06-A0185	R03	R06	R03-19	R06-47	0.9595	0.9524	0.9524	1.0000	compatible-domain-scope	no-explicit-version-marker		review-together-never-auto-merge
REL-01605	semantic-near-review	R03-A1145	R04-A1104	R03	R04	R03-19	R04-29	0.9421	0.9310	0.9333	1.0000	compatible-domain-scope	no-explicit-version-marker	uc-013	review-together-never-auto-merge
REL-01606	semantic-near-review	R03-A1146	R04-A1106	R03	R04	R03-19	R04-29	0.8300	0.8000	0.8000	1.0000	compatible-domain-scope	no-explicit-version-marker		review-together-never-auto-merge
REL-01607	semantic-near-review	R03-A1146	R06-A0189	R03	R06	R03-19	R06-48	0.9150	0.9000	0.9000	1.0000	compatible-domain-scope	no-explicit-version-marker		review-together-never-auto-merge
REL-01608	semantic-near-review	R03-A1147	R04-A1108	R03	R04	R03-19	R04-29	0.9519	0.9429	0.9444	1.0000	compatible-domain-scope	no-explicit-version-marker	fail-closed	review-together-never-auto-merge
REL-01609	semantic-near-review	R03-A1148	R04-A1110	R03	R04	R03-19	R04-29	0.8425	0.8108	0.8219	1.0000	compatible-domain-scope	no-explicit-version-marker	rcs/riot	review-together-never-auto-merge
REL-01610	semantic-near-review	R03-A1148	R06-A0193	R03	R06	R03-19	R06-49	0.8930	0.8696	0.8824	1.0000	compatible-domain-scope	no-explicit-version-marker	rcs/riot	review-together-never-auto-merge
REL-01611	semantic-near-review	R03-A1149	R04-A1112	R03	R04	R03-19	R04-29	0.8814	0.8571	0.8667	1.0000	compatible-domain-scope	no-explicit-version-marker		review-together-never-auto-merge
REL-01612	semantic-near-review	R03-A1165	R04-A1129	R03	R04	R03-20	R04-30	0.9241	0.8889	0.9508	1.0000	compatible-domain-scope	no-explicit-version-marker	rcs/riot	review-together-never-auto-merge
REL-01613	semantic-near-review	R03-A1184	R06-A0199	R03	R06	R03-20	R06-50	0.8054	0.7500	0.8095	1.0000	compatible-domain-scope	no-explicit-version-marker		review-together-never-auto-merge
REL-01614	semantic-near-review	R03-A1187	R04-A1142	R03	R04	R03-20	R04-30	0.9346	0.9231	0.9231	1.0000	compatible-domain-scope	no-explicit-version-marker	uc-013	review-together-never-auto-merge
REL-01615	semantic-near-review	R03-A1191	R04-A1150	R03	R04	R03-20	R04-30	0.8438	0.8000	0.8462	1.0000	compatible-domain-scope	no-explicit-version-marker	fail-closed	review-together-never-auto-merge
REL-01616	semantic-near-review	R03-A1213	R04-A1172	R03	R04	R03-21	R04-31	0.9164	0.9000	0.9048	1.0000	compatible-domain-scope	no-explicit-version-marker	br-002	review-together-never-auto-merge
REL-01617	semantic-near-review	R03-A1261	R04-A0872	R03	R04	R03-22	R04-23	1.0000	1.0000	1.0000	1.0000	compatible-domain-scope	no-explicit-version-marker		review-together-never-auto-merge
REL-01618	semantic-near-review	R03-A1262	R04-A0873	R03	R04	R03-22	R04-23	0.8057	0.7407	0.8276	1.0000	compatible-domain-scope	no-explicit-version-marker		review-together-never-auto-merge
REL-01619	semantic-near-review	R03-A1266	R04-A0925	R03	R04	R03-22	R04-24	0.7933	0.7500	0.7692	1.0000	compatible-domain-scope	no-explicit-version-marker		review-together-never-auto-merge
REL-01620	semantic-near-review	R03-A1266	R06-A0107	R03	R06	R03-22	R06-28	0.9177	0.9000	0.9091	1.0000	compatible-domain-scope	no-explicit-version-marker		review-together-never-auto-merge
REL-01621	semantic-near-review	R03-A1287	R04-A0887	R03	R04	R03-22	R04-23	0.7805	0.7234	0.7755	1.0000	compatible-domain-scope	no-explicit-version-marker		review-together-never-auto-merge
REL-01622	semantic-near-review	R03-A1287	R06-A0090	R03	R06	R03-22	R06-24	0.8543	0.8095	0.8636	1.0000	compatible-domain-scope	no-explicit-version-marker		review-together-never-auto-merge
REL-01623	semantic-near-review	R03-A1288	R06-A0092	R03	R06	R03-22	R06-24	0.8189	0.7586	0.8387	1.0000	compatible-domain-scope	no-explicit-version-marker		review-together-never-auto-merge
REL-01624	semantic-near-review	R03-A1291	R04-A0895	R03	R04	R03-22	R04-23	0.7625	0.7170	0.7273	1.0000	compatible-domain-scope	no-explicit-version-marker		review-together-never-auto-merge
REL-01625	semantic-near-review	R03-A1291	R06-A0098	R03	R06	R03-22	R06-26	0.8254	0.7917	0.8000	1.0000	compatible-domain-scope	no-explicit-version-marker		review-together-never-auto-merge
REL-01626	semantic-near-review	R03-A1292	R04-A0897	R03	R04	R03-22	R04-23	0.7993	0.7442	0.8000	1.0000	compatible-domain-scope	no-explicit-version-marker		review-together-never-auto-merge
REL-01627	semantic-near-review	R03-A1292	R06-A0100	R03	R06	R03-22	R06-26	0.8647	0.8205	0.8780	1.0000	compatible-domain-scope	no-explicit-version-marker		review-together-never-auto-merge
REL-01628	semantic-near-review	R03-A1295	R04-A0933	R03	R04	R03-22	R04-24	0.8304	0.7843	0.8302	1.0000	compatible-domain-scope	no-explicit-version-marker		review-together-never-auto-merge
REL-01629	semantic-near-review	R03-A1295	R06-A0115	R03	R06	R03-22	R06-30	0.8875	0.8511	0.8980	1.0000	compatible-domain-scope	no-explicit-version-marker		review-together-never-auto-merge
REL-01630	semantic-near-review	R03-A1298	R04-A0938	R03	R04	R03-22	R04-24	0.9400	0.9286	0.9310	1.0000	compatible-domain-scope	no-explicit-version-marker		review-together-never-auto-merge
REL-01631	semantic-near-review	R03-A1298	R04-A0971	R03	R04	R03-22	R04-25	0.8175	0.7692	0.8148	1.0000	compatible-domain-scope	no-explicit-version-marker		review-together-never-auto-merge
REL-01632	semantic-near-review	R03-A1298	R06-A0133	R03	R06	R03-22	R06-34	0.8723	0.8333	0.8800	1.0000	compatible-domain-scope	no-explicit-version-marker		review-together-never-auto-merge
REL-01633	semantic-near-review	R03-A1662	R03-A3038	R03	R03	R03-28	R03-46	0.9100	0.8800	0.9200	1.0000	compatible-domain-scope	no-explicit-version-marker	uc-013	review-together-never-auto-merge
REL-01634	semantic-near-review	R03-A1684	R03-A3052	R03	R03	R03-28	R03-46	0.7878	0.9268	0.9268	0.0000	compatible-domain-scope	no-explicit-version-marker		review-together-never-auto-merge
REL-01635	semantic-near-review	R03-A1709	R03-A3076	R03	R03	R03-28	R03-46	0.8609	0.8182	0.8696	1.0000	compatible-domain-scope	no-explicit-version-marker		review-together-never-auto-merge
REL-01636	semantic-near-review	R03-A1712	R03-A3079	R03	R03	R03-28	R03-46	0.7766	0.8098	0.8543	0.5000	compatible-domain-scope	no-explicit-version-marker	r-12,r-13	review-together-never-auto-merge
REL-01637	semantic-near-review	R03-A1740	R03-A2987	R03	R03	R03-29	R03-45	0.8179	0.7660	0.8222	1.0000	compatible-domain-scope	no-explicit-version-marker		review-together-never-auto-merge
REL-01638	semantic-near-review	R03-A1742	R03-A2989	R03	R03	R03-29	R03-45	0.9061	0.8913	0.8864	1.0000	compatible-domain-scope	no-explicit-version-marker		review-together-never-auto-merge
REL-01639	semantic-near-review	R03-A1759	R03-A3003	R03	R03	R03-29	R03-45	0.8162	0.7660	0.8163	1.0000	compatible-domain-scope	no-explicit-version-marker		review-together-never-auto-merge
REL-01640	semantic-near-review	R03-A1761	R03-A3005	R03	R03	R03-29	R03-45	0.8717	0.8431	0.8600	1.0000	compatible-domain-scope	no-explicit-version-marker	e2.1	review-together-never-auto-merge
REL-01641	semantic-near-review	R03-A1769	R03-A3010	R03	R03	R03-29	R03-45	0.9097	0.8814	0.9167	1.0000	compatible-domain-scope	no-explicit-version-marker		review-together-never-auto-merge
REL-01642	semantic-near-review	R03-A1771	R03-A3012	R03	R03	R03-29	R03-45	0.7848	0.7273	0.7826	1.0000	compatible-domain-scope	no-explicit-version-marker	e2.1	review-together-never-auto-merge
REL-01643	semantic-near-review	R03-A1776	R03-A3015	R03	R03	R03-29	R03-45	0.8941	0.8649	0.8947	1.0000	compatible-domain-scope	no-explicit-version-marker	fail-closed	review-together-never-auto-merge
REL-01644	semantic-near-review	R03-A1783	R03-A3019	R03	R03	R03-29	R03-45	0.7716	0.7059	0.7778	1.0000	compatible-domain-scope	no-explicit-version-marker		review-together-never-auto-merge
REL-01645	semantic-near-review	R03-A1784	R03-A3020	R03	R03	R03-29	R03-45	0.7716	0.7059	0.7778	1.0000	compatible-domain-scope	no-explicit-version-marker		review-together-never-auto-merge
REL-01646	semantic-near-review	R04-A0068	R04-A0354	R04	R04	R04-02	R04-08	0.8119	0.7671	0.8000	1.0000	same-scope	same-version-markers	uc-004	review-together-never-auto-merge
REL-01647	semantic-near-review	R04-A0068	R05-A0092	R04	R05	R04-02	R05-19	0.8149	0.7797	0.7869	1.0000	same-scope	different-version-or-scope-markers	uc-004	retain-separate-version-scope-and-review-link
REL-01648	semantic-near-review	R04-A0069	R04-A0563	R04	R04	R04-02	R04-14	0.8302	0.7692	0.8571	1.0000	same-scope	same-version-markers		review-together-never-auto-merge
REL-01649	semantic-near-review	R04-A0069	R05-A0093	R04	R05	R04-02	R05-19	0.8355	0.8000	0.8182	1.0000	compatible-domain-scope	different-version-or-scope-markers		retain-separate-version-scope-and-review-link
REL-01650	semantic-near-review	R04-A0070	R05-A0192	R04	R05	R04-02	R05-38	0.9105	0.8947	0.8947	1.0000	compatible-domain-scope	different-version-or-scope-markers		retain-separate-version-scope-and-review-link
REL-01651	semantic-near-review	R04-A0086	R05-A0319	R04	R05	R04-02	R05-59	0.7611	0.7059	0.7429	1.0000	compatible-domain-scope	different-version-or-scope-markers		retain-separate-version-scope-and-review-link
REL-01652	semantic-near-review	R04-A0089	R05-A0325	R04	R05	R04-02	R05-60	0.9020	0.8824	0.8889	1.0000	compatible-domain-scope	different-version-or-scope-markers		retain-separate-version-scope-and-review-link
REL-01653	semantic-near-review	R04-A0097	R04-A0320	R04	R04	R04-02	R04-07	0.7883	0.7200	0.8077	1.0000	same-scope	same-version-markers		review-together-never-auto-merge
REL-01654	semantic-near-review	R04-A0097	R05-A0371	R04	R05	R04-02	R05-65	0.8929	0.8718	0.8780	1.0000	compatible-domain-scope	different-version-or-scope-markers		retain-separate-version-scope-and-review-link
REL-01655	semantic-near-review	R04-A0097	R05-A0378	R04	R05	R04-02	R05-66	0.8573	0.8293	0.8372	1.0000	compatible-domain-scope	different-version-or-scope-markers		retain-separate-version-scope-and-review-link
REL-01656	semantic-near-review	R04-A0111	R05-A0379	R04	R05	R04-02	R05-66	0.8162	0.7660	0.8163	1.0000	compatible-domain-scope	different-version-or-scope-markers	r-09	retain-separate-version-scope-and-review-link
REL-01657	semantic-near-review	R04-A0127	R05-A0117	R04	R05	R04-02	R05-23	0.8178	0.7778	0.8000	1.0000	same-scope	different-version-or-scope-markers		retain-separate-version-scope-and-review-link
REL-01658	semantic-near-review	R04-A0152	R05-A0001	R04	R05	R04-03	R05-01	0.8041	0.7529	0.8000	1.0000	compatible-domain-scope	different-version-or-scope-markers		retain-separate-version-scope-and-review-link
REL-01659	semantic-near-review	R04-A0179	R04-A0545	R04	R04	R04-04	R04-13	0.7676	0.7083	0.7600	1.0000	same-scope	same-version-markers		review-together-never-auto-merge
REL-01660	semantic-near-review	R04-A0179	R04-A0644	R04	R04	R04-04	R04-15	0.9197	0.8889	0.9362	1.0000	same-scope	overlapping-version-markers		review-together-never-auto-merge
REL-01661	semantic-near-review	R04-A0184	R04-A0645	R04	R04	R04-04	R04-15	0.7958	0.7500	0.7778	1.0000	same-scope	overlapping-version-markers		review-together-never-auto-merge
REL-01662	semantic-near-review	R04-A0188	R05-A0024	R04	R05	R04-04	R05-06	0.8038	0.7619	0.7826	1.0000	same-scope	different-version-or-scope-markers		retain-separate-version-scope-and-review-link
REL-01663	semantic-near-review	R04-A0230	R05-A0039	R04	R05	R04-06	R05-09	0.8500	0.8182	0.8333	1.0000	compatible-domain-scope	different-version-or-scope-markers		retain-separate-version-scope-and-review-link
REL-01664	semantic-near-review	R04-A0239	R05-A0050	R04	R05	R04-06	R05-11	0.8980	0.8800	0.8800	1.0000	same-scope	different-version-or-scope-markers		retain-separate-version-scope-and-review-link
REL-01665	semantic-near-review	R04-A0245	R05-A0057	R04	R05	R04-06	R05-12	0.8712	0.8293	0.8837	1.0000	compatible-domain-scope	different-version-or-scope-markers		retain-separate-version-scope-and-review-link
REL-01666	semantic-near-review	R04-A0282	R05-A0081	R04	R05	R04-07	R05-17	0.8374	0.7917	0.8400	1.0000	same-scope	different-version-or-scope-markers		retain-separate-version-scope-and-review-link
REL-01667	semantic-near-review	R04-A0307	R05-A0227	R04	R05	R04-07	R05-45	0.7958	0.7500	0.7778	1.0000	same-scope	different-version-or-scope-markers		retain-separate-version-scope-and-review-link
REL-01668	semantic-near-review	R04-A0312	R05-A0233	R04	R05	R04-07	R05-46	0.8814	0.8571	0.8667	1.0000	same-scope	different-version-or-scope-markers		retain-separate-version-scope-and-review-link
REL-01669	semantic-near-review	R04-A0318	R05-A0078	R04	R05	R04-07	R05-16	0.9067	0.8889	0.8929	1.0000	compatible-domain-scope	different-version-or-scope-markers		retain-separate-version-scope-and-review-link
REL-01670	semantic-near-review	R04-A0350	R05-A0087	R04	R05	R04-08	R05-18	0.9491	0.9412	0.9383	1.0000	same-scope	different-version-or-scope-markers		retain-separate-version-scope-and-review-link
REL-01671	semantic-near-review	R04-A0351	R05-A0088	R04	R05	R04-08	R05-18	0.8622	0.8333	0.8462	1.0000	same-scope	different-version-or-scope-markers		retain-separate-version-scope-and-review-link
REL-01672	semantic-near-review	R04-A0352	R05-A0089	R04	R05	R04-08	R05-18	0.9474	0.9375	0.9394	1.0000	same-scope	different-version-or-scope-markers		retain-separate-version-scope-and-review-link
REL-01673	semantic-near-review	R04-A0354	R05-A0092	R04	R05	R04-08	R05-19	0.8039	0.7667	0.7742	1.0000	same-scope	different-version-or-scope-markers	uc-004	retain-separate-version-scope-and-review-link
REL-01674	semantic-near-review	R04-A0358	R04-A0566	R04	R04	R04-08	R04-14	0.8299	0.7619	0.8696	1.0000	same-scope	same-version-markers		review-together-never-auto-merge
REL-01675	semantic-near-review	R04-A0374	R05-A0111	R04	R05	R04-08	R05-22	0.9457	0.9367	0.9351	1.0000	same-scope	different-version-or-scope-markers		retain-separate-version-scope-and-review-link
REL-01676	semantic-near-review	R04-A0375	R05-A0112	R04	R05	R04-08	R05-22	0.8622	0.8333	0.8462	1.0000	compatible-domain-scope	different-version-or-scope-markers		retain-separate-version-scope-and-review-link
REL-01677	semantic-near-review	R04-A0376	R05-A0113	R04	R05	R04-08	R05-22	0.9261	0.9130	0.9130	1.0000	same-scope	different-version-or-scope-markers		retain-separate-version-scope-and-review-link
REL-01678	semantic-near-review	R04-A0399	R05-A0116	R04	R05	R04-09	R05-23	0.9227	0.9091	0.9091	1.0000	compatible-domain-scope	different-version-or-scope-markers		retain-separate-version-scope-and-review-link
REL-01679	semantic-near-review	R04-A0405	R05-A0121	R04	R05	R04-09	R05-24	0.9109	0.8936	0.8980	1.0000	compatible-domain-scope	different-version-or-scope-markers		retain-separate-version-scope-and-review-link
REL-01680	semantic-near-review	R04-A0428	R05-A0127	R04	R05	R04-10	R05-25	0.8178	0.7778	0.8000	1.0000	same-scope	different-version-or-scope-markers		retain-separate-version-scope-and-review-link
REL-01681	semantic-near-review	R04-A0429	R05-A0128	R04	R05	R04-10	R05-25	0.9203	0.9048	0.9091	1.0000	compatible-domain-scope	different-version-or-scope-markers		retain-separate-version-scope-and-review-link
REL-01682	semantic-near-review	R04-A0431	R05-A0130	R04	R05	R04-10	R05-26	0.8464	0.8148	0.8276	1.0000	same-scope	different-version-or-scope-markers		retain-separate-version-scope-and-review-link
REL-01683	semantic-near-review	R04-A0432	R05-A0131	R04	R05	R04-10	R05-26	0.7958	0.7500	0.7778	1.0000	same-scope	different-version-or-scope-markers		retain-separate-version-scope-and-review-link
REL-01684	semantic-near-review	R04-A0433	R05-A0132	R04	R05	R04-10	R05-26	0.9467	0.9394	0.9333	1.0000	compatible-domain-scope	different-version-or-scope-markers		retain-separate-version-scope-and-review-link
REL-01685	semantic-near-review	R04-A0562	R05-A0190	R04	R05	R04-14	R05-38	0.9600	0.9533	0.9524	1.0000	compatible-domain-scope	different-version-or-scope-markers	uc-004	retain-separate-version-scope-and-review-link
REL-01686	semantic-near-review	R04-A0563	R05-A0191	R04	R05	R04-14	R05-38	0.8622	0.8333	0.8462	1.0000	compatible-domain-scope	different-version-or-scope-markers		retain-separate-version-scope-and-review-link
REL-01687	semantic-near-review	R04-A0567	R05-A0195	R04	R05	R04-14	R05-39	0.8725	0.8462	0.8571	1.0000	compatible-domain-scope	different-version-or-scope-markers		retain-separate-version-scope-and-review-link
REL-01688	semantic-near-review	R04-A0568	R05-A0196	R04	R05	R04-14	R05-39	0.9203	0.9048	0.9091	1.0000	same-scope	different-version-or-scope-markers		retain-separate-version-scope-and-review-link
REL-01689	semantic-near-review	R04-A0570	R05-A0198	R04	R05	R04-14	R05-40	0.9198	0.9057	0.9057	1.0000	compatible-domain-scope	different-version-or-scope-markers		retain-separate-version-scope-and-review-link
REL-01690	semantic-near-review	R04-A0571	R05-A0199	R04	R05	R04-14	R05-40	0.8500	0.8182	0.8333	1.0000	same-scope	different-version-or-scope-markers		retain-separate-version-scope-and-review-link
REL-01691	semantic-near-review	R04-A0572	R05-A0200	R04	R05	R04-14	R05-40	0.9239	0.9091	0.9130	1.0000	same-scope	different-version-or-scope-markers	uc-010	retain-separate-version-scope-and-review-link
REL-01692	semantic-near-review	R04-A0575	R05-A0203	R04	R05	R04-14	R05-41	0.9109	0.8936	0.8980	1.0000	compatible-domain-scope	different-version-or-scope-markers		retain-separate-version-scope-and-review-link
REL-01693	semantic-near-review	R04-A0608	R08-A1071	R04	R08	R04-15	R08-56	0.7905	0.7414	0.7759	1.0000	compatible-domain-scope	different-version-or-scope-markers		retain-separate-version-scope-and-review-link
REL-01694	semantic-near-review	R04-A0637	R05-A0266	R04	R05	R04-15	R05-51	0.8042	0.7458	0.8136	1.0000	compatible-domain-scope	different-version-or-scope-markers		retain-separate-version-scope-and-review-link
REL-01695	semantic-near-review	R04-A0671	R06-A0001	R04	R06	R04-16	R06-01	0.8464	0.8148	0.8276	1.0000	compatible-domain-scope	no-explicit-version-marker		review-together-never-auto-merge
REL-01696	semantic-near-review	R04-A0672	R06-A0002	R04	R06	R04-16	R06-01	0.9433	0.9333	0.9333	1.0000	compatible-domain-scope	no-explicit-version-marker		review-together-never-auto-merge
REL-01697	semantic-near-review	R04-A0673	R06-A0003	R04	R06	R04-16	R06-01	0.9414	0.9310	0.9310	1.0000	compatible-domain-scope	no-explicit-version-marker		review-together-never-auto-merge
REL-01698	semantic-near-review	R04-A0676	R06-A0006	R04	R06	R04-16	R06-02	0.8738	0.8485	0.8571	1.0000	compatible-domain-scope	no-explicit-version-marker		review-together-never-auto-merge
REL-01699	semantic-near-review	R04-A0677	R06-A0007	R04	R06	R04-16	R06-02	0.9378	0.9259	0.9286	1.0000	compatible-domain-scope	no-explicit-version-marker		review-together-never-auto-merge
REL-01700	semantic-near-review	R04-A0678	R06-A0008	R04	R06	R04-16	R06-02	0.9668	0.9615	0.9600	1.0000	compatible-domain-scope	no-explicit-version-marker		review-together-never-auto-merge
REL-01701	semantic-near-review	R04-A0726	R06-A0019	R04	R06	R04-18	R06-08	0.7627	0.6984	0.7619	1.0000	compatible-domain-scope	different-version-or-scope-markers		retain-separate-version-scope-and-review-link
REL-01702	semantic-near-review	R04-A0729	R06-A0022	R04	R06	R04-18	R06-09	0.8568	0.8276	0.8387	1.0000	compatible-domain-scope	different-version-or-scope-markers		retain-separate-version-scope-and-review-link
REL-01703	semantic-near-review	R04-A0730	R06-A0023	R04	R06	R04-18	R06-09	0.9302	0.9167	0.9200	1.0000	compatible-domain-scope	different-version-or-scope-markers		retain-separate-version-scope-and-review-link
REL-01704	semantic-near-review	R04-A0751	R06-A0027	R04	R06	R04-19	R06-10	0.8712	0.8485	0.8485	1.0000	compatible-domain-scope	no-explicit-version-marker		review-together-never-auto-merge
REL-01705	semantic-near-review	R04-A0752	R06-A0028	R04	R06	R04-19	R06-10	0.9376	0.9286	0.9231	1.0000	compatible-domain-scope	no-explicit-version-marker		review-together-never-auto-merge
REL-01706	semantic-near-review	R04-A0753	R06-A0029	R04	R06	R04-19	R06-10	0.9604	0.9545	0.9512	1.0000	compatible-domain-scope	no-explicit-version-marker		review-together-never-auto-merge
REL-01707	semantic-near-review	R04-A0753	R06-A0037	R04	R06	R04-19	R06-12	0.8772	0.8511	0.8636	1.0000	compatible-domain-scope	no-explicit-version-marker		review-together-never-auto-merge
REL-01708	semantic-near-review	R04-A0753	R06-A0041	R04	R06	R04-19	R06-13	0.8468	0.8163	0.8261	1.0000	compatible-domain-scope	no-explicit-version-marker		review-together-never-auto-merge
REL-01709	semantic-near-review	R04-A0755	R06-A0031	R04	R06	R04-19	R06-11	0.9109	0.8936	0.8980	1.0000	compatible-domain-scope	no-explicit-version-marker		review-together-never-auto-merge
REL-01710	semantic-near-review	R04-A0756	R06-A0032	R04	R06	R04-19	R06-11	0.9621	0.9565	0.9535	1.0000	compatible-domain-scope	no-explicit-version-marker		review-together-never-auto-merge
REL-01711	semantic-near-review	R04-A0757	R06-A0033	R04	R06	R04-19	R06-11	0.9272	0.9130	0.9167	1.0000	compatible-domain-scope	no-explicit-version-marker		review-together-never-auto-merge
REL-01712	semantic-near-review	R04-A0759	R06-A0035	R04	R06	R04-19	R06-12	0.8738	0.8485	0.8571	1.0000	compatible-domain-scope	no-explicit-version-marker		review-together-never-auto-merge
REL-01713	semantic-near-review	R04-A0760	R06-A0036	R04	R06	R04-19	R06-12	0.9445	0.9355	0.9333	1.0000	compatible-domain-scope	no-explicit-version-marker		review-together-never-auto-merge
REL-01714	semantic-near-review	R04-A0761	R06-A0029	R04	R06	R04-19	R06-10	0.8772	0.8511	0.8636	1.0000	compatible-domain-scope	no-explicit-version-marker		review-together-never-auto-merge
REL-01715	semantic-near-review	R04-A0761	R06-A0037	R04	R06	R04-19	R06-12	0.9652	0.9600	0.9574	1.0000	compatible-domain-scope	no-explicit-version-marker		review-together-never-auto-merge
REL-01716	semantic-near-review	R04-A0761	R06-A0041	R04	R06	R04-19	R06-13	0.8453	0.8077	0.8367	1.0000	compatible-domain-scope	no-explicit-version-marker		review-together-never-auto-merge
REL-01717	semantic-near-review	R04-A0763	R06-A0039	R04	R06	R04-19	R06-13	0.8851	0.8649	0.8649	1.0000	compatible-domain-scope	no-explicit-version-marker		review-together-never-auto-merge
REL-01718	semantic-near-review	R04-A0764	R06-A0040	R04	R06	R04-19	R06-13	0.9414	0.9310	0.9310	1.0000	compatible-domain-scope	no-explicit-version-marker		review-together-never-auto-merge
REL-01719	semantic-near-review	R04-A0765	R06-A0041	R04	R06	R04-19	R06-13	0.9679	0.9630	0.9608	1.0000	compatible-domain-scope	no-explicit-version-marker		review-together-never-auto-merge
REL-01720	semantic-near-review	R04-A0811	R06-A0064	R04	R06	R04-21	R06-17	0.8095	0.7568	0.8108	1.0000	compatible-domain-scope	no-explicit-version-marker		review-together-never-auto-merge
REL-01721	semantic-near-review	R04-A0816	R06-A0061	R04	R06	R04-21	R06-17	0.9475	0.9383	0.9383	1.0000	compatible-domain-scope	no-explicit-version-marker		review-together-never-auto-merge
REL-01722	semantic-near-review	R04-A0817	R06-A0062	R04	R06	R04-21	R06-17	0.9592	0.9524	0.9512	1.0000	compatible-domain-scope	no-explicit-version-marker		review-together-never-auto-merge
REL-01723	semantic-near-review	R04-A0819	R06-A0064	R04	R06	R04-21	R06-17	0.8960	0.8750	0.8824	1.0000	compatible-domain-scope	no-explicit-version-marker		review-together-never-auto-merge
REL-01724	semantic-near-review	R04-A0821	R06-A0066	R04	R06	R04-21	R06-18	0.9109	0.8936	0.8980	1.0000	compatible-domain-scope	no-explicit-version-marker		review-together-never-auto-merge
REL-01725	semantic-near-review	R04-A0822	R06-A0067	R04	R06	R04-21	R06-18	0.9575	0.9500	0.9500	1.0000	compatible-domain-scope	no-explicit-version-marker		review-together-never-auto-merge
REL-01726	semantic-near-review	R04-A0823	R06-A0068	R04	R06	R04-21	R06-18	0.9458	0.9355	0.9375	1.0000	compatible-domain-scope	no-explicit-version-marker		review-together-never-auto-merge
REL-01727	semantic-near-review	R04-A0825	R06-A0070	R04	R06	R04-21	R06-19	0.9027	0.8837	0.8889	1.0000	compatible-domain-scope	no-explicit-version-marker		review-together-never-auto-merge
REL-01728	semantic-near-review	R04-A0826	R06-A0071	R04	R06	R04-21	R06-19	0.9541	0.9459	0.9459	1.0000	compatible-domain-scope	no-explicit-version-marker		review-together-never-auto-merge
REL-01729	semantic-near-review	R04-A0848	R06-A0074	R04	R06	R04-22	R06-20	0.9384	0.9275	0.9275	1.0000	compatible-domain-scope	different-version-or-scope-markers		retain-separate-version-scope-and-review-link
REL-01730	semantic-near-review	R04-A0849	R06-A0075	R04	R06	R04-22	R06-20	0.9440	0.9333	0.9355	1.0000	compatible-domain-scope	different-version-or-scope-markers		retain-separate-version-scope-and-review-link
REL-01731	semantic-near-review	R04-A0852	R06-A0078	R04	R06	R04-22	R06-21	0.9448	0.9351	0.9351	1.0000	compatible-domain-scope	different-version-or-scope-markers		retain-separate-version-scope-and-review-link
REL-01732	semantic-near-review	R04-A0853	R06-A0079	R04	R06	R04-22	R06-21	0.8178	0.7778	0.8000	1.0000	compatible-domain-scope	different-version-or-scope-markers		retain-separate-version-scope-and-review-link
REL-01733	semantic-near-review	R04-A0856	R06-A0082	R04	R06	R04-22	R06-22	0.9227	0.9091	0.9091	1.0000	compatible-domain-scope	different-version-or-scope-markers		retain-separate-version-scope-and-review-link
REL-01734	semantic-near-review	R04-A0874	R04-A0984	R04	R04	R04-23	R04-26	0.7665	0.7077	0.7576	1.0000	same-scope	no-explicit-version-marker		review-together-never-auto-merge
REL-01735	semantic-near-review	R04-A0883	R06-A0086	R04	R06	R04-23	R06-23	0.9546	0.9462	0.9474	1.0000	compatible-domain-scope	no-explicit-version-marker		review-together-never-auto-merge
REL-01736	semantic-near-review	R04-A0884	R06-A0087	R04	R06	R04-23	R06-23	0.9708	0.9661	0.9649	1.0000	compatible-domain-scope	no-explicit-version-marker		review-together-never-auto-merge
REL-01737	semantic-near-review	R04-A0885	R06-A0088	R04	R06	R04-23	R06-23	0.9440	0.9333	0.9355	1.0000	compatible-domain-scope	no-explicit-version-marker		review-together-never-auto-merge
REL-01738	semantic-near-review	R04-A0887	R06-A0090	R04	R06	R04-23	R06-24	0.9109	0.8936	0.8980	1.0000	compatible-domain-scope	no-explicit-version-marker		review-together-never-auto-merge
REL-01739	semantic-near-review	R04-A0889	R06-A0092	R04	R06	R04-23	R06-24	0.8892	0.8667	0.8750	1.0000	compatible-domain-scope	no-explicit-version-marker		review-together-never-auto-merge
REL-01740	semantic-near-review	R04-A0891	R06-A0094	R04	R06	R04-23	R06-25	0.9521	0.9451	0.9412	1.0000	compatible-domain-scope	no-explicit-version-marker		review-together-never-auto-merge
REL-01741	semantic-near-review	R04-A0893	R06-A0096	R04	R06	R04-23	R06-25	0.9020	0.8824	0.8889	1.0000	compatible-domain-scope	no-explicit-version-marker		review-together-never-auto-merge
REL-01742	semantic-near-review	R04-A0895	R06-A0098	R04	R06	R04-23	R06-26	0.9333	0.9206	0.9231	1.0000	compatible-domain-scope	no-explicit-version-marker		review-together-never-auto-merge
REL-01743	semantic-near-review	R04-A0897	R06-A0100	R04	R06	R04-23	R06-26	0.9164	0.9000	0.9048	1.0000	compatible-domain-scope	no-explicit-version-marker		review-together-never-auto-merge
REL-01744	semantic-near-review	R04-A0899	R06-A0102	R04	R06	R04-23	R06-27	0.9574	0.9495	0.9505	1.0000	compatible-domain-scope	no-explicit-version-marker		review-together-never-auto-merge
REL-01745	semantic-near-review	R04-A0901	R06-A0104	R04	R06	R04-23	R06-27	0.9500	0.9412	0.9412	1.0000	compatible-domain-scope	no-explicit-version-marker		review-together-never-auto-merge
REL-01746	semantic-near-review	R04-A0924	R06-A0106	R04	R06	R04-24	R06-28	0.9610	0.9541	0.9541	1.0000	compatible-domain-scope	no-explicit-version-marker		review-together-never-auto-merge
REL-01747	semantic-near-review	R04-A0925	R06-A0107	R04	R06	R04-24	R06-28	0.8725	0.8462	0.8571	1.0000	compatible-domain-scope	no-explicit-version-marker		review-together-never-auto-merge
REL-01748	semantic-near-review	R04-A0928	R06-A0110	R04	R06	R04-24	R06-29	0.9288	0.9153	0.9180	1.0000	compatible-domain-scope	no-explicit-version-marker		review-together-never-auto-merge
REL-01749	semantic-near-review	R04-A0929	R06-A0111	R04	R06	R04-24	R06-29	0.7958	0.7500	0.7778	1.0000	compatible-domain-scope	no-explicit-version-marker		review-together-never-auto-merge
REL-01750	semantic-near-review	R04-A0930	R06-A0112	R04	R06	R04-24	R06-29	0.9440	0.9333	0.9355	1.0000	compatible-domain-scope	no-explicit-version-marker		review-together-never-auto-merge
REL-01751	semantic-near-review	R04-A0932	R04-A0965	R04	R04	R04-24	R04-25	0.7829	0.7143	0.8000	1.0000	same-scope	no-explicit-version-marker		review-together-never-auto-merge
REL-01752	semantic-near-review	R04-A0932	R06-A0114	R04	R06	R04-24	R06-30	0.8204	0.7826	0.8000	1.0000	compatible-domain-scope	no-explicit-version-marker		review-together-never-auto-merge
REL-01753	semantic-near-review	R04-A0933	R06-A0115	R04	R06	R04-24	R06-30	0.9378	0.9259	0.9286	1.0000	compatible-domain-scope	no-explicit-version-marker		review-together-never-auto-merge
REL-01754	semantic-near-review	R04-A0934	R06-A0116	R04	R06	R04-24	R06-30	0.9302	0.9167	0.9200	1.0000	compatible-domain-scope	no-explicit-version-marker		review-together-never-auto-merge
REL-01755	semantic-near-review	R04-A0937	R06-A0119	R04	R06	R04-24	R06-31	0.9378	0.9259	0.9286	1.0000	compatible-domain-scope	no-explicit-version-marker		review-together-never-auto-merge
REL-01756	semantic-near-review	R04-A0938	R04-A0971	R04	R04	R04-24	R04-25	0.8904	0.8571	0.8966	1.0000	same-scope	no-explicit-version-marker		review-together-never-auto-merge
REL-01757	semantic-near-review	R04-A0938	R06-A0133	R04	R06	R04-24	R06-34	0.8175	0.7692	0.8148	1.0000	compatible-domain-scope	no-explicit-version-marker		review-together-never-auto-merge
REL-01758	semantic-near-review	R04-A0960	R06-A0122	R04	R06	R04-25	R06-32	0.9553	0.9474	0.9474	1.0000	compatible-domain-scope	no-explicit-version-marker		review-together-never-auto-merge
REL-01759	semantic-near-review	R04-A0965	R06-A0127	R04	R06	R04-25	R06-33	0.8204	0.7826	0.8000	1.0000	compatible-domain-scope	no-explicit-version-marker		review-together-never-auto-merge
REL-01760	semantic-near-review	R04-A0967	R06-A0129	R04	R06	R04-25	R06-33	0.9384	0.9200	0.9412	1.0000	compatible-domain-scope	no-explicit-version-marker		review-together-never-auto-merge
REL-01761	semantic-near-review	R04-A0970	R06-A0132	R04	R06	R04-25	R06-34	0.8892	0.8667	0.8750	1.0000	compatible-domain-scope	no-explicit-version-marker		review-together-never-auto-merge
REL-01762	semantic-near-review	R04-A0971	R06-A0133	R04	R06	R04-25	R06-34	0.9302	0.9167	0.9200	1.0000	compatible-domain-scope	no-explicit-version-marker		review-together-never-auto-merge
REL-01763	semantic-near-review	R04-A0989	R06-A0135	R04	R06	R04-26	R06-35	0.9690	0.9635	0.9635	1.0000	compatible-domain-scope	no-explicit-version-marker	rcs/riot	review-together-never-auto-merge
REL-01764	semantic-near-review	R04-A0993	R06-A0139	R04	R06	R04-26	R06-36	0.9280	0.9153	0.9153	1.0000	compatible-domain-scope	no-explicit-version-marker		review-together-never-auto-merge
REL-01765	semantic-near-review	R04-A0994	R06-A0140	R04	R06	R04-26	R06-36	0.9190	0.8947	0.9231	1.0000	compatible-domain-scope	no-explicit-version-marker		review-together-never-auto-merge
REL-01766	semantic-near-review	R04-A0995	R06-A0141	R04	R06	R04-26	R06-36	0.9703	0.9623	0.9703	1.0000	compatible-domain-scope	no-explicit-version-marker		review-together-never-auto-merge
REL-01767	semantic-near-review	R04-A0997	R06-A0143	R04	R06	R04-26	R06-37	0.9325	0.9206	0.9206	1.0000	compatible-domain-scope	no-explicit-version-marker	rcs/riot	review-together-never-auto-merge
REL-01768	semantic-near-review	R04-A0998	R06-A0144	R04	R06	R04-26	R06-37	0.8500	0.8182	0.8333	1.0000	compatible-domain-scope	no-explicit-version-marker		review-together-never-auto-merge
REL-01769	semantic-near-review	R04-A1001	R06-A0147	R04	R06	R04-26	R06-38	0.9353	0.9231	0.9254	1.0000	compatible-domain-scope	no-explicit-version-marker		review-together-never-auto-merge
REL-01770	semantic-near-review	R04-A1027	R06-A0151	R04	R06	R04-27	R06-39	0.9109	0.8936	0.8980	1.0000	compatible-domain-scope	no-explicit-version-marker	fr-025	review-together-never-auto-merge
REL-01771	semantic-near-review	R04-A1029	R06-A0153	R04	R06	R04-27	R06-39	0.9792	0.9759	0.9747	1.0000	compatible-domain-scope	no-explicit-version-marker	rcs/riot	review-together-never-auto-merge
REL-01772	semantic-near-review	R04-A1032	R06-A0156	R04	R06	R04-27	R06-40	0.8038	0.7619	0.7826	1.0000	compatible-domain-scope	no-explicit-version-marker		review-together-never-auto-merge
REL-01773	semantic-near-review	R04-A1033	R06-A0157	R04	R06	R04-27	R06-40	0.9203	0.9048	0.9091	1.0000	compatible-domain-scope	no-explicit-version-marker	rcs/riot	review-together-never-auto-merge
REL-01774	semantic-near-review	R04-A1055	R06-A0160	R04	R06	R04-28	R06-41	0.9012	0.8837	0.8837	1.0000	compatible-domain-scope	no-explicit-version-marker		review-together-never-auto-merge
REL-01775	semantic-near-review	R04-A1056	R06-A0161	R04	R06	R04-28	R06-41	0.9164	0.9000	0.9048	1.0000	compatible-domain-scope	no-explicit-version-marker		review-together-never-auto-merge
REL-01776	semantic-near-review	R04-A1057	R06-A0162	R04	R06	R04-28	R06-41	0.9426	0.9333	0.9310	1.0000	compatible-domain-scope	no-explicit-version-marker		review-together-never-auto-merge
REL-01777	semantic-near-review	R04-A1059	R06-A0164	R04	R06	R04-28	R06-42	0.9437	0.9351	0.9315	1.0000	compatible-domain-scope	no-explicit-version-marker		review-together-never-auto-merge
REL-01778	semantic-near-review	R04-A1060	R06-A0165	R04	R06	R04-28	R06-42	0.9239	0.9091	0.9130	1.0000	compatible-domain-scope	no-explicit-version-marker		review-together-never-auto-merge
REL-01779	semantic-near-review	R04-A1062	R06-A0167	R04	R06	R04-28	R06-42	0.9302	0.9167	0.9200	1.0000	compatible-domain-scope	no-explicit-version-marker		review-together-never-auto-merge
REL-01780	semantic-near-review	R04-A1064	R06-A0169	R04	R06	R04-28	R06-43	0.9167	0.9020	0.9020	1.0000	compatible-domain-scope	no-explicit-version-marker		review-together-never-auto-merge
REL-01781	semantic-near-review	R04-A1065	R06-A0170	R04	R06	R04-28	R06-43	0.9073	0.8889	0.8947	1.0000	compatible-domain-scope	no-explicit-version-marker		review-together-never-auto-merge
REL-01782	semantic-near-review	R04-A1066	R06-A0171	R04	R06	R04-28	R06-43	0.9607	0.9545	0.9524	1.0000	compatible-domain-scope	no-explicit-version-marker		review-together-never-auto-merge
REL-01783	semantic-near-review	R04-A1068	R06-A0173	R04	R06	R04-28	R06-44	0.8910	0.8718	0.8718	1.0000	compatible-domain-scope	no-explicit-version-marker		review-together-never-auto-merge
REL-01784	semantic-near-review	R04-A1069	R06-A0174	R04	R06	R04-28	R06-44	0.8178	0.7778	0.8000	1.0000	compatible-domain-scope	no-explicit-version-marker		review-together-never-auto-merge
REL-01785	semantic-near-review	R04-A1070	R06-A0175	R04	R06	R04-28	R06-44	0.9523	0.9444	0.9429	1.0000	compatible-domain-scope	no-explicit-version-marker		review-together-never-auto-merge
REL-01786	semantic-near-review	R04-A1072	R06-A0177	R04	R06	R04-28	R06-45	0.8738	0.8485	0.8571	1.0000	compatible-domain-scope	no-explicit-version-marker		review-together-never-auto-merge
REL-01787	semantic-near-review	R04-A1073	R06-A0178	R04	R06	R04-28	R06-45	0.7679	0.7143	0.7500	1.0000	compatible-domain-scope	no-explicit-version-marker		review-together-never-auto-merge
REL-01788	semantic-near-review	R04-A1074	R06-A0179	R04	R06	R04-28	R06-45	0.9329	0.9200	0.9231	1.0000	compatible-domain-scope	no-explicit-version-marker		review-together-never-auto-merge
REL-01789	semantic-near-review	R04-A1098	R06-A0181	R04	R06	R04-29	R06-46	0.9565	0.9485	0.9495	1.0000	compatible-domain-scope	no-explicit-version-marker	uc-019	review-together-never-auto-merge
REL-01790	semantic-near-review	R04-A1099	R06-A0182	R04	R06	R04-29	R06-46	0.9718	0.9667	0.9672	1.0000	compatible-domain-scope	no-explicit-version-marker	rcs/riot	review-together-never-auto-merge
REL-01791	semantic-near-review	R04-A1100	R06-A0183	R04	R06	R04-29	R06-46	0.9568	0.9487	0.9500	1.0000	compatible-domain-scope	no-explicit-version-marker		review-together-never-auto-merge
REL-01792	semantic-near-review	R04-A1102	R06-A0185	R04	R06	R04-29	R06-47	0.9133	0.8980	0.8980	1.0000	compatible-domain-scope	no-explicit-version-marker		review-together-never-auto-merge
REL-01793	semantic-near-review	R04-A1103	R06-A0186	R04	R06	R04-29	R06-47	0.8725	0.8462	0.8571	1.0000	compatible-domain-scope	no-explicit-version-marker		review-together-never-auto-merge
REL-01794	semantic-near-review	R04-A1106	R06-A0189	R04	R06	R04-29	R06-48	0.9133	0.8980	0.8980	1.0000	compatible-domain-scope	no-explicit-version-marker		review-together-never-auto-merge
REL-01795	semantic-near-review	R04-A1107	R06-A0190	R04	R06	R04-29	R06-48	0.8178	0.7778	0.8000	1.0000	compatible-domain-scope	no-explicit-version-marker		review-together-never-auto-merge
REL-01796	semantic-near-review	R04-A1110	R06-A0193	R04	R06	R04-29	R06-49	0.9483	0.9398	0.9383	1.0000	compatible-domain-scope	no-explicit-version-marker	rcs/riot	review-together-never-auto-merge
REL-01797	semantic-near-review	R04-A1135	R06-A0197	R04	R06	R04-30	R06-50	0.9626	0.9558	0.9565	1.0000	compatible-domain-scope	no-explicit-version-marker	rcs/riot	review-together-never-auto-merge
REL-01798	semantic-near-review	R04-A1136	R06-A0198	R04	R06	R04-30	R06-50	0.8960	0.8750	0.8824	1.0000	compatible-domain-scope	no-explicit-version-marker		review-together-never-auto-merge
REL-01799	semantic-near-review	R04-A1137	R06-A0199	R04	R06	R04-30	R06-50	0.9272	0.9130	0.9167	1.0000	compatible-domain-scope	no-explicit-version-marker		review-together-never-auto-merge
REL-01800	semantic-near-review	R04-A1140	R06-A0202	R04	R06	R04-30	R06-51	0.8658	0.8387	0.8485	1.0000	compatible-domain-scope	no-explicit-version-marker		review-together-never-auto-merge
REL-01801	semantic-near-review	R04-A1141	R06-A0203	R04	R06	R04-30	R06-51	0.7679	0.7143	0.7500	1.0000	compatible-domain-scope	no-explicit-version-marker		review-together-never-auto-merge
REL-01802	semantic-near-review	R04-A1144	R06-A0206	R04	R06	R04-30	R06-52	0.9237	0.9091	0.9123	1.0000	compatible-domain-scope	no-explicit-version-marker		review-together-never-auto-merge
REL-01803	semantic-near-review	R04-A1146	R06-A0208	R04	R06	R04-30	R06-52	0.9121	0.8947	0.9000	1.0000	compatible-domain-scope	no-explicit-version-marker		review-together-never-auto-merge
REL-01804	semantic-near-review	R04-A1148	R06-A0210	R04	R06	R04-30	R06-53	0.9462	0.9367	0.9367	1.0000	compatible-domain-scope	no-explicit-version-marker	rcs/riot	review-together-never-auto-merge
REL-01805	semantic-near-review	R04-A1150	R06-A0212	R04	R06	R04-30	R06-53	0.9355	0.9231	0.9259	1.0000	compatible-domain-scope	no-explicit-version-marker	fail-closed	review-together-never-auto-merge
REL-01806	semantic-near-review	R04-A1171	R06-A0214	R04	R06	R04-31	R06-54	0.9584	0.9515	0.9505	1.0000	compatible-domain-scope	no-explicit-version-marker	rcs/riot	review-together-never-auto-merge
REL-01807	semantic-near-review	R04-A1173	R06-A0216	R04	R06	R04-31	R06-54	0.9749	0.9706	0.9701	1.0000	compatible-domain-scope	no-explicit-version-marker		review-together-never-auto-merge
REL-01808	semantic-near-review	R04-A1175	R06-A0218	R04	R06	R04-31	R06-55	0.8568	0.8276	0.8387	1.0000	compatible-domain-scope	no-explicit-version-marker		review-together-never-auto-merge
REL-01809	semantic-near-review	R04-A1176	R06-A0219	R04	R06	R04-31	R06-55	0.8814	0.8571	0.8667	1.0000	compatible-domain-scope	no-explicit-version-marker	rcs/riot	review-together-never-auto-merge
REL-01810	semantic-near-review	R04-A1177	R06-A0220	R04	R06	R04-31	R06-55	0.9625	0.9556	0.9565	1.0000	compatible-domain-scope	no-explicit-version-marker		review-together-never-auto-merge
REL-01811	semantic-near-review	R04-A1180	R06-A0223	R04	R06	R04-31	R06-56	0.9073	0.8889	0.8947	1.0000	compatible-domain-scope	no-explicit-version-marker		review-together-never-auto-merge
REL-01812	semantic-near-review	R04-A1181	R06-A0224	R04	R06	R04-31	R06-56	0.9421	0.9310	0.9333	1.0000	compatible-domain-scope	no-explicit-version-marker		review-together-never-auto-merge
REL-01813	semantic-near-review	R05-A0002	R05-A0006	R05	R05	R05-01	R05-02	0.8444	0.8169	0.8169	1.0000	same-scope	no-explicit-version-marker		review-together-never-auto-merge
REL-01814	semantic-near-review	R05-A0066	R08-A0687	R05	R08	R05-14	R08-41	0.8285	0.8000	0.7949	1.0000	compatible-domain-scope	no-explicit-version-marker		review-together-never-auto-merge
REL-01815	semantic-near-review	R05-A0066	R08-A0710	R05	R08	R05-14	R08-41	0.8106	0.7792	0.7733	1.0000	compatible-domain-scope	no-explicit-version-marker		review-together-never-auto-merge
REL-01816	semantic-near-review	R05-A0096	R05-A0194	R05	R05	R05-20	R05-39	0.9269	0.9091	0.9231	1.0000	same-scope	no-explicit-version-marker		review-together-never-auto-merge
REL-01817	semantic-near-review	R05-A0311	R05-A0323	R05	R05	R05-59	R05-60	0.9231	0.8936	0.9388	1.0000	same-scope	different-version-or-scope-markers		retain-separate-version-scope-and-review-link
REL-01818	semantic-near-review	R05-A0371	R05-A0378	R05	R05	R05-65	R05-66	0.9537	0.9444	0.9474	1.0000	same-scope	different-version-or-scope-markers		retain-separate-version-scope-and-review-link
REL-01819	semantic-near-review	R05-A0400	R08-A0452	R05	R08	R05-67	R08-01	0.7827	0.7308	0.7692	1.0000	compatible-domain-scope	different-version-or-scope-markers		retain-separate-version-scope-and-review-link
REL-01820	semantic-near-review	R06-A0015	R06-A0048	R06	R06	R06-07	R06-14	0.8000	0.7273	0.8333	1.0000	same-scope	no-explicit-version-marker		review-together-never-auto-merge
REL-01821	semantic-near-review	R06-A0016	R06-A0049	R06	R06	R06-07	R06-14	0.8473	0.8108	0.8378	1.0000	same-scope	no-explicit-version-marker	do/di	review-together-never-auto-merge
REL-01822	semantic-near-review	R06-A0029	R06-A0037	R06	R06	R06-10	R06-12	0.9103	0.8889	0.9048	1.0000	same-scope	no-explicit-version-marker		review-together-never-auto-merge
REL-01823	semantic-near-review	R06-A0029	R06-A0041	R06	R06	R06-10	R06-13	0.8772	0.8511	0.8636	1.0000	same-scope	no-explicit-version-marker		review-together-never-auto-merge
REL-01824	semantic-near-review	R08-A0126	R08-A0722	R08	R08	R08-01	R08-42	0.8369	0.7887	0.8438	1.0000	same-scope	no-explicit-version-marker		review-together-never-auto-merge
REL-01825	semantic-near-review	R08-A0197	R08-A1056	R08	R08	R08-01	R08-55	0.7608	0.6903	0.7706	1.0000	same-scope	no-explicit-version-marker		review-together-never-auto-merge
REL-01826	semantic-near-review	R09-A0012	R09-A0025	R09	R09	R09-02	R09-03	0.7636	0.7000	0.7619	1.0000	same-scope	no-explicit-version-marker		review-together-never-auto-merge
REL-01827	semantic-near-review	R10-A0011	R10-A0172	R10	R10	R10-03	R10-06	0.8038	0.7619	0.7826	1.0000	same-scope	no-explicit-version-marker		review-together-never-auto-merge
REL-01828	semantic-near-review	R10-A0011	R10-A0265	R10	R10	R10-03	R10-09	0.7933	0.7500	0.7692	1.0000	compatible-domain-scope	no-explicit-version-marker		review-together-never-auto-merge
REL-01829	semantic-near-review	R10-A0133	R10-A0172	R10	R10	R10-05	R10-06	0.9089	0.8889	0.9000	1.0000	same-scope	no-explicit-version-marker		review-together-never-auto-merge
REL-01830	semantic-near-review	R10-A0313	R10-A0461	R10	R10	R10-10	R10-14	0.8221	0.7857	0.8000	1.0000	same-scope	no-explicit-version-marker		review-together-never-auto-merge
REL-01831	semantic-near-review	R11-A0028	R11-A0066	R11	R11	R11-03	R11-04	0.8864	0.8571	0.8831	1.0000	compatible-domain-scope	different-version-or-scope-markers	task_type	retain-separate-version-scope-and-review-link
REL-01832	semantic-near-review	R11-A0028	R12-A0090	R11	R12	R11-03	R12-17	0.7855	0.7416	0.7586	1.0000	compatible-domain-scope	different-version-or-scope-markers	task_type	retain-separate-version-scope-and-review-link
REL-01833	semantic-near-review	R11-A0066	R12-A0090	R11	R12	R11-04	R12-17	0.8122	0.7727	0.7907	1.0000	compatible-domain-scope	different-version-or-scope-markers	task_type	retain-separate-version-scope-and-review-link
