cluster_id	representative_candidate_id	member_count	batch_count	source_count	relation_types	review_dispositions	applicable_scopes	version_scope_pointers	member_candidate_ids	representative_statement	review_note
SC-0001	R01-A0160	2	2	2	normalized-text-duplicate	approval-candidate-not-approved	MES-integration,dispatch-and-fleet | slot-hardware-and-material-handling		R01-A0160,R02-A0952	出柜后再上焊线2由 `STAGING_TO_WIRE` 覆盖）。	仅供共同审阅；保留每条来源、范围、版本与批准状态，不自动合并或删除。
SC-0002	R01-A0168	2	1	2	semantic-near-review	approval-candidate-not-approved	MES-integration,dispatch-and-fleet		R01-A0168,R01-A0462	EQP 和 AREA 仅去除首尾空格，不补零、不改变大小写；	仅供共同审阅；保留每条来源、范围、版本与批准状态，不自动合并或删除。
SC-0003	R01-A0169	2	2	2	semantic-near-review	approval-candidate-not-approved	MES-integration,dispatch-and-fleet | MES-integration-and-transport-demand		R01-A0169,R02-A0849	例如 `D4-06` 与 `D04-06` 是不同位置。	仅供共同审阅；保留每条来源、范围、版本与批准状态，不自动合并或删除。
SC-0004	R01-A0171	2	2	2	semantic-near-review	approval-candidate-not-approved	MES-integration,dispatch-and-fleet,onboard-and-site-operations | MES-integration-and-transport-demand		R01-A0171,R02-A0853	任务首次创建后冻结 EQP、AREA、DATES、起终点与 `station_name`；	仅供共同审阅；保留每条来源、范围、版本与批准状态，不自动合并或删除。
SC-0005	R01-A0181	3	1	2	exact-text-duplicate,normalized-text-duplicate	approval-candidate-not-approved,excluded-not-for-requirement-approval	MES-integration,dispatch-and-fleet		R01-A0181,R01-A0556,R01-A0793	保护期内消失计数仍累加。	仅供共同审阅；保留每条来源、范围、版本与批准状态，不自动合并或删除。
SC-0006	R01-A0183	2	1	2	exact-text-duplicate	approval-candidate-not-approved,excluded-not-for-requirement-approval	MES-integration,dispatch-and-fleet		R01-A0183,R01-A0795	空关无明细不保护。	仅供共同审阅；保留每条来源、范围、版本与批准状态，不自动合并或删除。
SC-0007	R01-A0186	2	1	2	exact-text-duplicate	approval-candidate-not-approved,excluded-not-for-requirement-approval	MES-integration,dispatch-and-fleet		R01-A0186,R01-A0547	本趟占用为 0 时「开始运送」灰掉不可点。	仅供共同审阅；保留每条来源、范围、版本与批准状态，不自动合并或删除。
SC-0008	R01-A0194	2	2	2	semantic-near-review	approval-candidate-not-approved	MES-integration,dispatch-and-fleet | MES-integration-and-transport-demand		R01-A0194,R02-A0872	消失计数、最后正常非 0 数量、连续恢复次数和保护状态必须持久化。	仅供共同审阅；保留每条来源、范围、版本与批准状态，不自动合并或删除。
SC-0009	R01-A0196	2	1	2	exact-text-duplicate	approval-candidate-not-approved,excluded-not-for-requirement-approval	MES-integration,dispatch-and-fleet		R01-A0196,R01-A0817	固定上线基线时间为 `2026-08-01 00:00:00`，由应用层过滤；	仅供共同审阅；保留每条来源、范围、版本与批准状态，不自动合并或删除。
SC-0010	R01-A0198	2	2	2	exact-text-duplicate	approval-candidate-not-approved	MES-integration,dispatch-and-fleet,onboard-and-site-operations | MES-integration-and-transport-demand		R01-A0198,R02-A0902	一个 SUBLOT 可对应一个或多个花篮；	仅供共同审阅；保留每条来源、范围、版本与批准状态，不自动合并或删除。
SC-0011	R01-A0202	2	1	2	exact-text-duplicate	approval-candidate-not-approved,hold-for-question-or-reframing	MES-integration,dispatch-and-fleet | MES-integration,dispatch-and-fleet,onboard-and-site-operations		R01-A0202,R01-A0739	当前车型暂定 8 仓，程序不得写死。	仅供共同审阅；保留每条来源、范围、版本与批准状态，不自动合并或删除。
SC-0012	R01-A0205	2	1	2	semantic-near-review	approval-candidate-not-approved	MES-integration,dispatch-and-fleet,onboard-and-site-operations		R01-A0205,R01-A0764	操作员输入 SUBLOT 后，以 `SUBLOT_BOX_COUNT` 查询结果、任务冻结的 `PACKAGE` 和批准的容量对照换算 V1 权威 `ExpectedBasketCount`；	仅供共同审阅；保留每条来源、范围、版本与批准状态，不自动合并或删除。
SC-0013	R01-A0206	2	1	2	semantic-near-review	approval-candidate-not-approved	MES-integration,dispatch-and-fleet,onboard-and-site-operations		R01-A0206,R01-A0348	该数量不可由操作员或车载端修改。	仅供共同审阅；保留每条来源、范围、版本与批准状态，不自动合并或删除。
SC-0014	R01-A0208	2	1	2	semantic-near-review	approval-candidate-not-approved	MES-integration,dispatch-and-fleet,onboard-and-site-operations		R01-A0208,R01-A0767	成功时一次分配并批量打开等量仓位。	仅供共同审阅；保留每条来源、范围、版本与批准状态，不自动合并或删除。
SC-0015	R01-A0209	2	1	2	semantic-near-review	approval-candidate-not-approved	MES-integration,dispatch-and-fleet,onboard-and-site-operations		R01-A0209,R01-A0770	有效装载仍以目标仓位有物关门为准；	仅供共同审阅；保留每条来源、范围、版本与批准状态，不自动合并或删除。
SC-0016	R01-A0211	2	1	2	semantic-near-review	approval-candidate-not-approved	MES-integration,dispatch-and-fleet,onboard-and-site-operations		R01-A0211,R01-A0363	RCS/RIOT 地图提供 `station_id ↔ station_name`；	仅供共同审阅；保留每条来源、范围、版本与批准状态，不自动合并或删除。
SC-0017	R01-A0213	2	2	2	semantic-near-review	approval-candidate-not-approved,hold-for-hitl-conflict-decision	MES-integration,dispatch-and-fleet,onboard-and-site-operations | dispatch-map-and-RIoT		R01-A0213,R02-A0334	`station_name → area_code[]` 由站点命名规则派生，最多 3 个 AREA；	仅供共同审阅；保留每条来源、范围、版本与批准状态，不自动合并或删除。
SC-0018	R01-A0220	4	1	1	exact-text-duplicate	approval-candidate-not-approved	MES-integration,dispatch-and-fleet | MES-integration,dispatch-and-fleet,onboard-and-site-operations		R01-A0220,R01-A0241,R01-A0250,R01-A0265	目录登记：[`../catalog/queries.md`](../catalog/queries.md)	仅供共同审阅；保留每条来源、范围、版本与批准状态，不自动合并或删除。
SC-0019	R01-A0221	4	3	4	semantic-near-review	approval-candidate-not-approved	8005-MesIngest-six-task-unified-query-contract | 8005-factory-MES-readonly-run-and-limited-observation | MES-integration,dispatch-and-fleet,onboard-and-site-operations | historical-MesIngest-phase-1-scope-current-applicability-needs-source-binding-and-reapproval	BOUND-R11-001,BOUND-R12-001	R01-A0221,R11-A0028,R11-A0066,R12-A0090	输出契约：`TASK_TYPE、SUBLOT、AREA、EQP、STEP、DATES、PACKAGE`，共 7 字段。	仅供共同审阅；保留每条来源、范围、版本与批准状态，不自动合并或删除。 含显式版本/范围指针，任何统一文本必须另行证明适用范围。
SC-0020	R01-A0245	2	1	2	semantic-near-review	approval-candidate-not-approved,hold-for-question-or-reframing	MES-integration,dispatch-and-fleet		R01-A0245,R01-A0744	容量参考：[`../reference/package-basket-capacity.md`](../reference/package-basket-capacity.md)	仅供共同审阅；保留每条来源、范围、版本与批准状态，不自动合并或删除。
SC-0021	R01-A0248	2	2	2	semantic-near-review	approval-candidate-not-approved	8005-operator-identity-resolution-only | MES-integration,dispatch-and-fleet,onboard-and-site-operations		R01-A0248,R11-A0079	目的：按工号解析操作员姓名，用于身份核验、操作会话和审计。	仅供共同审阅；保留每条来源、范围、版本与批准状态，不自动合并或删除。
SC-0022	R01-A0269	2	2	2	exact-text-duplicate	approval-candidate-not-approved	MES-integration,dispatch-and-fleet | MES-integration-and-transport-demand		R01-A0269,R02-A0838	性能目标：正常不超过 5 秒；	仅供共同审阅；保留每条来源、范围、版本与批准状态，不自动合并或删除。
SC-0023	R01-A0271	2	2	2	normalized-text-duplicate	approval-candidate-not-approved	MES-integration,dispatch-and-fleet | MES-integration-and-transport-demand		R01-A0271,R02-A0840	30 秒硬超时。	仅供共同审阅；保留每条来源、范围、版本与批准状态，不自动合并或删除。
SC-0024	R01-A0272	2	2	2	exact-text-duplicate	approval-candidate-not-approved	MES-integration,dispatch-and-fleet | MES-integration-and-transport-demand		R01-A0272,R02-A0841	连续 3 轮失败产生高级报警。	仅供共同审阅；保留每条来源、范围、版本与批准状态，不自动合并或删除。
SC-0025	R01-A0296	2	1	2	normalized-text-duplicate	hold-for-question-or-reframing	MES-integration,dispatch-and-fleet		R01-A0296,R01-A0733	顺路取货允许的最大配送延迟。	仅供共同审阅；保留每条来源、范围、版本与批准状态，不自动合并或删除。
SC-0026	R01-A0369	2	2	2	normalized-text-duplicate	approval-candidate-not-approved	MES-integration,dispatch-and-fleet | MES-integration-and-transport-demand	AD-R01-001	R01-A0369,R02-A0935	MES 的 STEP 不能替代本系统任务类型。	仅供共同审阅；保留每条来源、范围、版本与批准状态，不自动合并或删除。 含显式版本/范围指针，任何统一文本必须另行证明适用范围。
SC-0027	R01-A0379	2	1	1	exact-text-duplicate	approval-candidate-not-approved	MES-integration,dispatch-and-fleet		R01-A0379,R01-A0384	起点：查询结果中 EQP/AREA 映射到的装片机台 AGV 站点。	仅供共同审阅；保留每条来源、范围、版本与批准状态，不自动合并或删除。
SC-0028	R01-A0381	2	1	1	exact-text-duplicate	approval-candidate-not-approved	MES-integration,dispatch-and-fleet		R01-A0381,R01-A0386	查询结果 AREA 表示装片完工机台的位置。	仅供共同审阅；保留每条来源、范围、版本与批准状态，不自动合并或删除。
SC-0029	R01-A0389	2	1	1	exact-text-duplicate	approval-candidate-not-approved	MES-integration,dispatch-and-fleet		R01-A0389,R01-A0395	起点：查询结果中 EQP/AREA 映射到的焊线或键合机台 AGV 站点。	仅供共同审阅；保留每条来源、范围、版本与批准状态，不自动合并或删除。
SC-0030	R01-A0392	2	1	1	exact-text-duplicate	approval-candidate-not-approved	MES-integration,dispatch-and-fleet		R01-A0392,R01-A0398	查询结果 AREA 表示焊线或键合完工机台的位置。	仅供共同审阅；保留每条来源、范围、版本与批准状态，不自动合并或删除。
SC-0031	R01-A0402	2	2	2	semantic-near-review	approval-candidate-not-approved	MES-integration,dispatch-and-fleet | MES-integration-and-transport-demand		R01-A0402,R02-A0949	终点：查询结果中 EQP/AREA 映射到的指定焊线或键合机台 AGV 站点。	仅供共同审阅；保留每条来源、范围、版本与批准状态，不自动合并或删除。
SC-0032	R01-A0432	5	2	4	exact-text-duplicate,normalized-text-duplicate	approval-candidate-not-approved,hold-for-hitl-conflict-decision	MES-integration,dispatch-and-fleet | MES-integration-and-transport-demand		R01-A0432,R01-A0704,R02-A0008,R02-A0113,R02-A0880	当前阶段本系统只读查询 MES，不做任何回写；	仅供共同审阅；保留每条来源、范围、版本与批准状态，不自动合并或删除。
SC-0033	R01-A0433	4	2	3	semantic-near-review	approval-candidate-not-approved,hold-for-hitl-conflict-decision	MES-integration,dispatch-and-fleet | MES-integration-and-transport-demand		R01-A0433,R01-A0705,R02-A0009,R02-A0114	是否在未来阶段回写留作远期评估事项，评审确认前禁止实现任何 MES 写操作。	仅供共同审阅；保留每条来源、范围、版本与批准状态，不自动合并或删除。
SC-0034	R01-A0435	2	1	1	normalized-text-duplicate	approval-candidate-not-approved	MES-integration,dispatch-and-fleet		R01-A0435,R01-A0706	MES 数据库为 Oracle。	仅供共同审阅；保留每条来源、范围、版本与批准状态，不自动合并或删除。
SC-0035	R01-A0446	2	2	2	semantic-near-review	approval-candidate-not-approved,hold-for-hitl-conflict-decision	MES-integration,dispatch-and-fleet | MES-integration-and-transport-demand		R01-A0446,R02-A0829	开发和测试中的人工任务属于Mock任务，使用独立`MOCK_TASK_ID`和`TASK_SOURCE = MOCK`，不占用正式MES任务幂等键。	仅供共同审阅；保留每条来源、范围、版本与批准状态，不自动合并或删除。
SC-0036	R02-A0835	2	2	2	normalized-text-duplicate	approval-candidate-not-approved,excluded-not-for-requirement-approval	MES-integration,dispatch-and-fleet | MES-integration-and-transport-demand		R01-A0478,R02-A0835	不得并发启动、重叠或堆积查询。	仅供共同审阅；保留每条来源、范围、版本与批准状态，不自动合并或删除。
SC-0037	R02-A0857	2	2	2	exact-text-duplicate	approval-candidate-not-approved,excluded-not-for-requirement-approval	MES-integration,dispatch-and-fleet | MES-integration-and-transport-demand		R01-A0479,R02-A0857	对仍存在的本地任务更新 `mes_last_seen_at` 并将消失计数归零。	仅供共同审阅；保留每条来源、范围、版本与批准状态，不自动合并或删除。
SC-0038	R02-A0875	2	2	2	exact-text-duplicate	approval-candidate-not-approved,excluded-not-for-requirement-approval	MES-integration,dispatch-and-fleet | MES-integration-and-transport-demand		R01-A0564,R02-A0875	第一次查询的每类型数量单独保存为恢复基线；	仅供共同审阅；保留每条来源、范围、版本与批准状态，不自动合并或删除。
SC-0039	R01-A0573	2	2	2	semantic-near-review	approval-candidate-not-approved	MES-integration,dispatch-and-fleet | MES-integration-and-transport-demand		R01-A0573,R02-A0842	固定系统上线基线时间为 `2026-08-01 00:00:00`，由应用层过滤，不修改客户 IT 提供的原始 SQL。	仅供共同审阅；保留每条来源、范围、版本与批准状态，不自动合并或删除。
SC-0040	R01-A0592	3	1	3	exact-text-duplicate,semantic-near-review	approval-candidate-not-approved	MES-integration,dispatch-and-fleet,onboard-and-site-operations | dispatch-and-fleet,onboard-and-site-operations		R01-A0592,R01-A1205,R01-A2137	跨起点类型禁止：在装片机台不能收取起点属于焊线/键合区域或派工待送区的产品；	仅供共同审阅；保留每条来源、范围、版本与批准状态，不自动合并或删除。
SC-0041	R01-A0603	2	2	2	semantic-near-review	approval-candidate-not-approved	MES-integration,dispatch-and-fleet,onboard-and-site-operations | dispatch-map-and-RIoT		R01-A0603,R02-A0244	第 5 类任务进入“等待上游卸货”状态，上游在派工待送区卸货完成后才能释放调度。	仅供共同审阅；保留每条来源、范围、版本与批准状态，不自动合并或删除。
SC-0042	R01-A0633	2	2	2	semantic-near-review	approval-candidate-not-approved	MES-integration,dispatch-and-fleet | slot-hardware-and-material-handling		R01-A0633,R02-A0913	装货和卸货均由系统自动打开对应仓门；	仅供共同审阅；保留每条来源、范围、版本与批准状态，不自动合并或删除。
SC-0043	R01-A0634	2	2	2	semantic-near-review	approval-candidate-not-approved	MES-integration,dispatch-and-fleet,onboard-and-site-operations | slot-hardware-and-material-handling		R01-A0634,R02-A0914	用户关闭仓门并结合传感器确认该仓位本次操作完成。	仅供共同审阅；保留每条来源、范围、版本与批准状态，不自动合并或删除。
SC-0044	R01-A0640	2	2	2	semantic-near-review	approval-candidate-not-approved	8005-operator-identity-resolution-only | MES-integration,dispatch-and-fleet,onboard-and-site-operations		R01-A0640,R11-A0082	输出 `operator_name`：操作员姓名，对应 MES `mv_fw_username.username`	仅供共同审阅；保留每条来源、范围、版本与批准状态，不自动合并或删除。
SC-0045	R01-A0680	2	2	2	normalized-text-duplicate	excluded-not-for-requirement-approval	MES-integration,dispatch-and-fleet | workflow-engine-and-governance		R01-A0680,R03-A1947	新版本只影响之后创建且尚未绑定模板的实例；	仅供共同审阅；保留每条来源、范围、版本与批准状态，不自动合并或删除。
SC-0046	R01-A0717	2	2	2	semantic-near-review	approval-candidate-not-approved,hold-for-hitl-conflict-decision	MES-integration,dispatch-and-fleet | MES-integration-and-transport-demand		R01-A0717,R02-A0828	正式生产任务只能由MES查询产生，不提供人工创建入口。	仅供共同审阅；保留每条来源、范围、版本与批准状态，不自动合并或删除。
SC-0047	R02-A0992	2	2	2	semantic-near-review	approval-candidate-not-approved,hold-for-question-or-reframing	MES-integration,dispatch-and-fleet | dispatch-map-and-RIoT		R01-A0728,R02-A0992	无车辆响应升级。	仅供共同审阅；保留每条来源、范围、版本与批准状态，不自动合并或删除。
SC-0048	R01-A0856	2	1	2	exact-text-duplicate	evidence-only	MES-integration | onboard-and-site-operations		R01-A0856,R01-A0862	`query.sql` 是 2026-07-16 按当时最新正式 SQL 保存的来源快照，不代表另一个正式版本。	仅供共同审阅；保留每条来源、范围、版本与批准状态，不自动合并或删除。
SC-0049	R01-A0858	2	1	2	exact-text-duplicate	excluded-not-for-requirement-approval	MES-integration | onboard-and-site-operations		R01-A0858,R01-A0864	本目录仅用于客户来源追溯和差异研究，不得作为应用、测试工具或部署流程的运行时依赖。	仅供共同审阅；保留每条来源、范围、版本与批准状态，不自动合并或删除。
SC-0050	R01-A0860	2	1	2	exact-text-duplicate	excluded-not-for-requirement-approval	MES-integration | onboard-and-site-operations		R01-A0860,R01-A0866	后续客户变更应建立新的日期快照，不覆盖本目录。	仅供共同审阅；保留每条来源、范围、版本与批准状态，不自动合并或删除。
SC-0051	R01-A0921	3	1	1	exact-text-duplicate	approval-candidate-not-approved	equipment-agreement-and-acceptance		R01-A0921,R01-A0923,R01-A0926	派遣非原产工程师需得到买方认可。	仅供共同审阅；保留每条来源、范围、版本与批准状态，不自动合并或删除。
SC-0052	R01-A0986	4	1	1	exact-text-duplicate	approval-candidate-not-approved	equipment-agreement-and-acceptance		R01-A0986,R01-A0987,R01-A0988,R01-A0989	设备指标=设备必须达到的技术指标 | 考核项目=。	仅供共同审阅；保留每条来源、范围、版本与批准状态，不自动合并或删除。
SC-0053	R01-A1037	2	1	2	exact-text-duplicate	approval-candidate-not-approved	dispatch-and-fleet,onboard-and-site-operations		R01-A1037,R01-A1981	草稿	仅供共同审阅；保留每条来源、范围、版本与批准状态，不自动合并或删除。
SC-0054	R01-A1038	2	1	2	exact-text-duplicate	approval-candidate-not-approved	dispatch-and-fleet,onboard-and-site-operations		R01-A1038,R01-A1982	2026-07-14	仅供共同审阅；保留每条来源、范围、版本与批准状态，不自动合并或删除。
SC-0055	R01-A1039	2	1	2	exact-text-duplicate	approval-candidate-not-approved	dispatch-and-fleet,onboard-and-site-operations		R01-A1039,R01-A1983	供宿迁长电客户讨论、对齐业务理解与待确认事项；	仅供共同审阅；保留每条来源、范围、版本与批准状态，不自动合并或删除。
SC-0056	R01-A1040	2	1	2	exact-text-duplicate	approval-candidate-not-approved	dispatch-and-fleet,onboard-and-site-operations,equipment-agreement-and-acceptance		R01-A1040,R01-A1984	非正式合同文本，不作为验收或商务承诺依据	仅供共同审阅；保留每条来源、范围、版本与批准状态，不自动合并或删除。
SC-0057	R01-A1041	2	1	2	exact-text-duplicate	evidence-only	dispatch-and-fleet,onboard-and-site-operations		R01-A1041,R01-A1985	本文档面向业务与现场管理读者，用业务语言说明多仓位 AGV 系统打算解决什么问题、覆盖哪些范围、现场如何作业，以及当前仍需与贵方确认的事项。	仅供共同审阅；保留每条来源、范围、版本与批准状态，不自动合并或删除。
SC-0058	R01-A1042	2	1	2	normalized-text-duplicate	evidence-only	dispatch-and-fleet,onboard-and-site-operations		R01-A1042,R01-A1986	**如何使用「待确认问题清单」**	仅供共同审阅；保留每条来源、范围、版本与批准状态，不自动合并或删除。
SC-0059	R01-A1043	2	1	2	exact-text-duplicate	evidence-only	dispatch-and-fleet,onboard-and-site-operations		R01-A1043,R01-A1987	各场景末尾的「待确认」列出尚未拍板或需贵方补充的问题。	仅供共同审阅；保留每条来源、范围、版本与批准状态，不自动合并或删除。
SC-0060	R01-A1044	2	1	2	exact-text-duplicate	evidence-only	dispatch-and-fleet,onboard-and-site-operations		R01-A1044,R01-A1988	讨论时可直接在清单上勾选、批注或补充新问题。	仅供共同审阅；保留每条来源、范围、版本与批准状态，不自动合并或删除。
SC-0061	R01-A1045	2	1	2	exact-text-duplicate	evidence-only	dispatch-and-fleet,onboard-and-site-operations		R01-A1045,R01-A1989	确认结果将回写到后续正式需求与实现计划中；	仅供共同审阅；保留每条来源、范围、版本与批准状态，不自动合并或删除。
SC-0062	R01-A1046	2	1	2	exact-text-duplicate	evidence-only	dispatch-and-fleet,onboard-and-site-operations		R01-A1046,R01-A1990	本稿本身不随讨论实时修订为合同条款。	仅供共同审阅；保留每条来源、范围、版本与批准状态，不自动合并或删除。
SC-0063	R01-A1047	2	1	2	normalized-text-duplicate	evidence-only	dispatch-and-fleet,onboard-and-site-operations		R01-A1047,R01-A1991	**场景如何组织**	仅供共同审阅；保留每条来源、范围、版本与批准状态，不自动合并或删除。
SC-0064	R01-A1048	2	1	2	exact-text-duplicate	evidence-only	dispatch-and-fleet,onboard-and-site-operations		R01-A1048,R01-A1992	第 6 章按业务领域组织场景（用例），同一领域内按作业顺序排列。	仅供共同审阅；保留每条来源、范围、版本与批准状态，不自动合并或删除。
SC-0065	R01-A1049	2	1	2	exact-text-duplicate	evidence-only	dispatch-and-fleet,onboard-and-site-operations		R01-A1049,R01-A1993	本稿覆盖现场装卸、仓位硬件、车队、派车、充电、映射、流程引擎、权限、日志、安全联锁与停靠等全部已建模场景。	仅供共同审阅；保留每条来源、范围、版本与批准状态，不自动合并或删除。
SC-0066	R01-A1050	2	1	2	exact-text-duplicate	evidence-only	dispatch-and-fleet,onboard-and-site-operations		R01-A1050,R01-A1994	每个场景统一采用：目标 → 正常情况 → 异常与处理 → 待确认。	仅供共同审阅；保留每条来源、范围、版本与批准状态，不自动合并或删除。
SC-0067	R01-A1051	2	1	2	exact-text-duplicate	evidence-only	dispatch-and-fleet,onboard-and-site-operations		R01-A1051,R01-A1995	第 7 章集中列出待确认问题，建议开会时按该清单逐条决策。	仅供共同审阅；保留每条来源、范围、版本与批准状态，不自动合并或删除。
SC-0068	R01-A1052	2	1	2	exact-text-duplicate	approval-candidate-not-approved	dispatch-and-fleet,onboard-and-site-operations		R01-A1052,R01-A1996	半导体封装车间内，产品和物料需要在工序、机台、暂存区之间持续流转。	仅供共同审阅；保留每条来源、范围、版本与批准状态，不自动合并或删除。
SC-0069	R01-A1053	2	1	2	exact-text-duplicate	approval-candidate-not-approved	dispatch-and-fleet,onboard-and-site-operations		R01-A1053,R01-A1997	目前主要靠人工与小推车：人员需在机台附近巡线寻找待转运产品，装上小推车后再送到下一工序或暂存点，同时还要兼顾从暂存点送料到机台。	仅供共同审阅；保留每条来源、范围、版本与批准状态，不自动合并或删除。
SC-0070	R01-A1054	2	1	2	exact-text-duplicate	approval-candidate-not-approved	dispatch-and-fleet,onboard-and-site-operations		R01-A1054,R01-A1998	半导体产品偏重，人员长时间往复搬运易疲劳，并存在摔料（产品落地导致整批报废）风险。	仅供共同审阅；保留每条来源、范围、版本与批准状态，不自动合并或删除。
SC-0071	R01-A1055	2	1	2	exact-text-duplicate	approval-candidate-not-approved	dispatch-and-fleet,onboard-and-site-operations		R01-A1055,R01-A1999	物料侧：机台数量多且分散，物料员往往要兼顾大量机台；	仅供共同审阅；保留每条来源、范围、版本与批准状态，不自动合并或删除。
SC-0072	R01-A1056	2	1	2	exact-text-duplicate	approval-candidate-not-approved	dispatch-and-fleet,onboard-and-site-operations		R01-A1056,R01-A2000	机台操作员常需自行到物料间索取物料，对人机双方都是负担。	仅供共同审阅；保留每条来源、范围、版本与批准状态，不自动合并或删除。
SC-0073	R01-A1057	2	1	2	exact-text-duplicate	approval-candidate-not-approved	dispatch-and-fleet,onboard-and-site-operations		R01-A1057,R01-A2001	客户希望引入机器人，把「人跟着料跑」变为「人在定点收发、机器人跑路」。	仅供共同审阅；保留每条来源、范围、版本与批准状态，不自动合并或删除。
SC-0074	R01-A1058	2	1	2	exact-text-duplicate	approval-candidate-not-approved	dispatch-and-fleet,onboard-and-site-operations		R01-A1058,R01-A2002	降低人工搬运强度，减少长距离、重复性搬运。	仅供共同审阅；保留每条来源、范围、版本与批准状态，不自动合并或删除。
SC-0075	R01-A1059	2	1	2	exact-text-duplicate	approval-candidate-not-approved	dispatch-and-fleet,onboard-and-site-operations		R01-A1059,R01-A2003	降低摔料、错放、漏送等搬运风险。	仅供共同审阅；保留每条来源、范围、版本与批准状态，不自动合并或删除。
SC-0076	R01-A1060	2	1	2	exact-text-duplicate	approval-candidate-not-approved	dispatch-and-fleet,onboard-and-site-operations		R01-A1060,R01-A2004	提升产品和物料送达下一工序、机台或暂存位置的及时性。	仅供共同审阅；保留每条来源、范围、版本与批准状态，不自动合并或删除。
SC-0077	R01-A1061	2	1	2	exact-text-duplicate	approval-candidate-not-approved	dispatch-and-fleet,onboard-and-site-operations		R01-A1061,R01-A2005	规范车间内部物流，提升流转效率。	仅供共同审阅；保留每条来源、范围、版本与批准状态，不自动合并或删除。
SC-0078	R01-A1062	2	1	2	exact-text-duplicate	approval-candidate-not-approved	dispatch-and-fleet,onboard-and-site-operations		R01-A1062,R01-A2006	提升可追溯性：记录任务来源、起终点、执行时间与状态。	仅供共同审阅；保留每条来源、范围、版本与批准状态，不自动合并或删除。
SC-0079	R01-A1063	3	2	3	exact-text-duplicate,semantic-near-review	approval-candidate-not-approved	8005-project-cross-domain | dispatch-and-fleet,onboard-and-site-operations		R01-A1063,R01-A2007,R02-A0070	减少人员在产线与机台区域之间频繁穿梭，降低现场管理与安全风险。	仅供共同审阅；保留每条来源、范围、版本与批准状态，不自动合并或删除。
SC-0080	R01-A1064	2	1	2	exact-text-duplicate	approval-candidate-not-approved	dispatch-and-fleet,onboard-and-site-operations		R01-A1064,R01-A2008	将搬运由人工经验驱动转为系统任务驱动，提高作业标准化。	仅供共同审阅；保留每条来源、范围、版本与批准状态，不自动合并或删除。
SC-0081	R01-A1065	2	1	2	exact-text-duplicate	approval-candidate-not-approved	MES-integration,dispatch-and-fleet,onboard-and-site-operations		R01-A1065,R01-A2009	为后续与 MES、调度系统等进一步集成预留基础。	仅供共同审阅；保留每条来源、范围、版本与批准状态，不自动合并或删除。
SC-0082	R01-A1066	2	1	2	semantic-near-review	approval-candidate-not-approved	dispatch-and-fleet,onboard-and-site-operations		R01-A1066,R01-A2010	能稳定完成产品收取、产品派送、物料派送等	仅供共同审阅；保留每条来源、范围、版本与批准状态，不自动合并或删除。
SC-0083	R01-A1071	2	1	2	semantic-near-review	approval-candidate-not-approved	dispatch-and-fleet,onboard-and-site-operations		R01-A1071,R01-A2015	均可追溯任务编号、起终点、执行时间与状态	仅供共同审阅；保留每条来源、范围、版本与批准状态，不自动合并或删除。
SC-0084	R01-A1072	2	1	2	semantic-near-review	approval-candidate-not-approved	dispatch-and-fleet,onboard-and-site-operations		R01-A1072,R01-A2016	人员能按系统流程完成发起、收料、取料与异常处理	仅供共同审阅；保留每条来源、范围、版本与批准状态，不自动合并或删除。
SC-0085	R01-A1074	2	1	2	exact-text-duplicate	approval-candidate-not-approved	dispatch-and-fleet,onboard-and-site-operations		R01-A1074,R01-A2018	现场未按系统流程发起、收料、取料，导致系统利用率不足。	仅供共同审阅；保留每条来源、范围、版本与批准状态，不自动合并或删除。
SC-0086	R01-A1075	2	1	2	exact-text-duplicate	approval-candidate-not-approved	MES-integration,dispatch-and-fleet,onboard-and-site-operations		R01-A1075,R01-A2019	MES、调度系统与本系统之间任务或状态不同步，造成下发失败或搬运不及时。	仅供共同审阅；保留每条来源、范围、版本与批准状态，不自动合并或删除。
SC-0087	R01-A1076	2	1	2	exact-text-duplicate	approval-candidate-not-approved	dispatch-and-fleet,onboard-and-site-operations		R01-A1076,R01-A2020	通道、机台、暂存区等现场环境变化，影响路线与稳定性。	仅供共同审阅；保留每条来源、范围、版本与批准状态，不自动合并或删除。
SC-0088	R01-A1077	2	1	2	exact-text-duplicate	approval-candidate-not-approved	dispatch-and-fleet,onboard-and-site-operations		R01-A1077,R01-A2021	堵路、取放失败等异常若处理不及时，影响正常流转。	仅供共同审阅；保留每条来源、范围、版本与批准状态，不自动合并或删除。
SC-0089	R01-A1078	2	1	2	exact-text-duplicate	approval-candidate-not-approved	dispatch-and-fleet,onboard-and-site-operations		R01-A1078,R01-A2022	人员不信任机器人而继续依赖人工搬运，影响目标达成。	仅供共同审阅；保留每条来源、范围、版本与批准状态，不自动合并或删除。
SC-0090	R01-A1079	2	1	2	exact-text-duplicate	approval-candidate-not-approved	dispatch-and-fleet,onboard-and-site-operations		R01-A1079,R01-A2023	产品、位置、任务状态数据不准，导致错送、漏送或无法追溯。	仅供共同审阅；保留每条来源、范围、版本与批准状态，不自动合并或删除。
SC-0091	R01-A1080	2	1	2	exact-text-duplicate	approval-candidate-not-approved	MES-integration,dispatch-and-fleet,onboard-and-site-operations		R01-A1080,R01-A2025	上图从外部视角说明：本系统与现场用户、MES、调度系统（RCS/RIOT）、AGV、IO 模块及仓位门锁/光幕之间的职责边界。	仅供共同审阅；保留每条来源、范围、版本与批准状态，不自动合并或删除。
SC-0092	R01-A1081	2	1	2	exact-text-duplicate	approval-candidate-not-approved	MES-integration,dispatch-and-fleet,onboard-and-site-operations		R01-A1081,R01-A2026	图中 MES、调度系统、AGV 本体、IO 模块、电子锁与光幕均不属于本系统软件边界。	仅供共同审阅；保留每条来源、范围、版本与批准状态，不自动合并或删除。
SC-0093	R01-A1082	2	1	2	semantic-near-review	approval-candidate-not-approved	MES-integration,dispatch-and-fleet,onboard-and-site-operations		R01-A1082,R01-A2027	从 MES **只读**接入搬运任务及相关生产数据，完成校验、去重并生成本地任务。	仅供共同审阅；保留每条来源、范围、版本与批准状态，不自动合并或删除。
SC-0094	R01-A1083	2	1	2	exact-text-duplicate	approval-candidate-not-approved	dispatch-and-fleet,onboard-and-site-operations		R01-A1083,R01-A2028	本地搬运任务的编排、状态管理、异常处理、日志与追溯。	仅供共同审阅；保留每条来源、范围、版本与批准状态，不自动合并或删除。
SC-0095	R01-A1084	2	1	2	exact-text-duplicate	approval-candidate-not-approved	dispatch-and-fleet,onboard-and-site-operations		R01-A1084,R01-A2029	选择具体 AGV、绑定业务任务，再向调度系统下达移动、充电、取消等请求，并监控执行状态。	仅供共同审阅；保留每条来源、范围、版本与批准状态，不自动合并或删除。
SC-0096	R01-A1085	2	1	2	semantic-near-review	approval-candidate-not-approved	dispatch-and-fleet,onboard-and-site-operations		R01-A1085,R01-A2030	现场作业引导：身份核验、扫码、装卸闭环、本站结束、任务看板与权限；	仅供共同审阅；保留每条来源、范围、版本与批准状态，不自动合并或删除。
SC-0097	R01-A1087	2	1	2	exact-text-duplicate	approval-candidate-not-approved	dispatch-and-fleet,onboard-and-site-operations		R01-A1087,R01-A2031	多仓位业务状态管理；	仅供共同审阅；保留每条来源、范围、版本与批准状态，不自动合并或删除。
SC-0098	R01-A1088	2	1	2	exact-text-duplicate	approval-candidate-not-approved	dispatch-and-fleet,onboard-and-site-operations		R01-A1088,R01-A2032	通过 IO 模块做格口控制与安全联锁（不直连锁/光幕）。	仅供共同审阅；保留每条来源、范围、版本与批准状态，不自动合并或删除。
SC-0099	R01-A1089	2	1	2	exact-text-duplicate	approval-candidate-not-approved	dispatch-and-fleet,onboard-and-site-operations		R01-A1089,R01-A2033	在不改变外部职责的前提下，用预置流程步骤做受限编排（认证、扫码、硬件、移动等）。	仅供共同审阅；保留每条来源、范围、版本与批准状态，不自动合并或删除。
SC-0100	R01-A1090	2	1	2	exact-text-duplicate	approval-candidate-not-approved	dispatch-and-fleet,onboard-and-site-operations		R01-A1090,R01-A2034	路径规划、交通管制、导航与运动控制由调度系统（RCS/RIOT）负责；	仅供共同审阅；保留每条来源、范围、版本与批准状态，不自动合并或删除。
SC-0101	R01-A1091	2	1	2	exact-text-duplicate	approval-candidate-not-approved	dispatch-and-fleet,onboard-and-site-operations		R01-A1091,R01-A2035	本系统只选车、下请求、跟状态	仅供共同审阅；保留每条来源、范围、版本与批准状态，不自动合并或删除。
SC-0102	R01-A1092	2	1	2	exact-text-duplicate	approval-candidate-not-approved	dispatch-and-fleet,onboard-and-site-operations		R01-A1092,R01-A2036	只连接 IO 模块；	仅供共同审阅；保留每条来源、范围、版本与批准状态，不自动合并或删除。
SC-0103	R01-A1093	2	1	2	exact-text-duplicate	approval-candidate-not-approved	dispatch-and-fleet,onboard-and-site-operations		R01-A1093,R01-A2037	开锁与门锁/光幕信号均经 IO 模块	仅供共同审阅；保留每条来源、范围、版本与批准状态，不自动合并或删除。
SC-0104	R01-A1094	2	1	2	exact-text-duplicate	hold-for-hitl-conflict-decision	MES-integration,dispatch-and-fleet,onboard-and-site-operations		R01-A1094,R01-A2038	不做任何 MES 写操作；	仅供共同审阅；保留每条来源、范围、版本与批准状态，不自动合并或删除。
SC-0105	R01-A1095	2	1	2	exact-text-duplicate	hold-for-hitl-conflict-decision	dispatch-and-fleet,onboard-and-site-operations		R01-A1095,R01-A2039	是否回写留作远期评估，评审确认前不得实现	仅供共同审阅；保留每条来源、范围、版本与批准状态，不自动合并或删除。
SC-0106	R01-A1096	2	1	2	exact-text-duplicate	approval-candidate-not-approved	dispatch-and-fleet,onboard-and-site-operations		R01-A1096,R01-A2040	不管理生产工艺、计划或生产主数据	仅供共同审阅；保留每条来源、范围、版本与批准状态，不自动合并或删除。
SC-0107	R01-A1097	2	1	2	exact-text-duplicate	approval-candidate-not-approved	dispatch-and-fleet,onboard-and-site-operations		R01-A1097,R01-A2041	现场以操作台/工控界面为主	仅供共同审阅；保留每条来源、范围、版本与批准状态，不自动合并或删除。
SC-0108	R01-A1104	2	1	2	exact-text-duplicate	approval-candidate-not-approved	dispatch-and-fleet,onboard-and-site-operations		R01-A1104,R01-A2047	说明：关卡区与三光区当前按公共区域交付，不要求送到区内具体机台。	仅供共同审阅；保留每条来源、范围、版本与批准状态，不自动合并或删除。
SC-0109	R01-A1105	2	1	2	exact-text-duplicate	approval-candidate-not-approved	dispatch-and-fleet,onboard-and-site-operations		R01-A1105,R01-A2048	第 5 类（机台叫料）业务优先级最高。	仅供共同审阅；保留每条来源、范围、版本与批准状态，不自动合并或删除。
SC-0110	R01-A1106	2	1	2	semantic-near-review	approval-candidate-not-approved	dispatch-and-fleet,onboard-and-site-operations		R01-A1106,R01-A2049	派工待送区、烘箱间、关卡区、三光区、氮气柜五个固定终点站点在地图建好后配置，程序不写死地图值。	仅供共同审阅；保留每条来源、范围、版本与批准状态，不自动合并或删除。
SC-0111	R01-A1107	2	1	2	semantic-near-review	approval-candidate-not-approved	dispatch-and-fleet | dispatch-and-fleet,onboard-and-site-operations		R01-A1107,R01-A3055	装片机台上下料，配合 AGV 在装片工位装弹匣/花篮	仅供共同审阅；保留每条来源、范围、版本与批准状态，不自动合并或删除。
SC-0112	R01-A1108	2	1	2	semantic-near-review	approval-candidate-not-approved	dispatch-and-fleet,onboard-and-site-operations | site-operations		R01-A1108,R01-A3057	烘烤间收料、入站配合	仅供共同审阅；保留每条来源、范围、版本与批准状态，不自动合并或删除。
SC-0113	R01-A1109	2	1	2	semantic-near-review	approval-candidate-not-approved	dispatch-and-fleet,onboard-and-site-operations | site-operations		R01-A1109,R01-A3059	装片完工到焊线氮气柜、氮气柜到焊线/键合机台之间的交接确认	仅供共同审阅；保留每条来源、范围、版本与批准状态，不自动合并或删除。
SC-0114	R01-A1110	2	1	2	semantic-near-review	approval-candidate-not-approved	dispatch-and-fleet,onboard-and-site-operations | site-operations		R01-A1110,R01-A3061	焊线/键合完工送关卡氮气柜后的接收与检验	仅供共同审阅；保留每条来源、范围、版本与批准状态，不自动合并或删除。
SC-0115	R01-A1111	2	1	2	normalized-text-duplicate	approval-candidate-not-approved	dispatch-and-fleet,onboard-and-site-operations | site-operations		R01-A1111,R01-A3063	清洗架物料上下架，配合送焊线机台	仅供共同审阅；保留每条来源、范围、版本与批准状态，不自动合并或删除。
SC-0116	R01-A1112	2	1	2	normalized-text-duplicate	approval-candidate-not-approved	dispatch-and-fleet,onboard-and-site-operations | site-operations		R01-A1112,R01-A3065	焊线机台上下料	仅供共同审阅；保留每条来源、范围、版本与批准状态，不自动合并或删除。
SC-0117	R01-A1113	2	1	2	normalized-text-duplicate	approval-candidate-not-approved	dispatch-and-fleet,onboard-and-site-operations | site-operations		R01-A1113,R01-A3067	键合机台上下料	仅供共同审阅；保留每条来源、范围、版本与批准状态，不自动合并或删除。
SC-0118	R01-A1117	2	1	2	semantic-near-review	approval-candidate-not-approved	dispatch-and-fleet,onboard-and-site-operations		R01-A1117,R01-A2059	其它任务取消审批职责是否保留待与现场约定对齐	仅供共同审阅；保留每条来源、范围、版本与批准状态，不自动合并或删除。
SC-0119	R01-A1118	2	1	2	exact-text-duplicate	approval-candidate-not-approved	dispatch-and-fleet,onboard-and-site-operations		R01-A1118,R01-A2060	约定摘要：采用员工个人账号，刷工牌追溯到人；	仅供共同审阅；保留每条来源、范围、版本与批准状态，不自动合并或删除。
SC-0120	R01-A1119	2	1	2	exact-text-duplicate	approval-candidate-not-approved	dispatch-and-fleet,onboard-and-site-operations		R01-A1119,R01-A2061	R-03 与 R-05 可由同一批人兼任但角色分开授权；	仅供共同审阅；保留每条来源、范围、版本与批准状态，不自动合并或删除。
SC-0121	R01-A1120	2	1	2	exact-text-duplicate	approval-candidate-not-approved	dispatch-and-fleet,onboard-and-site-operations		R01-A1120,R01-A2062	高风险权限（强制放行、异常关闭、装料特批等）不授予兼任人员，由班组长执行。	仅供共同审阅；保留每条来源、范围、版本与批准状态，不自动合并或删除。
SC-0122	R01-A1121	2	1	2	semantic-near-review	approval-candidate-not-approved	dispatch-and-fleet,onboard-and-site-operations | site-operations		R01-A1121,R01-A3076	关注任务效率、异常统计、跨班组协调与生产决策	仅供共同审阅；保留每条来源、范围、版本与批准状态，不自动合并或删除。
SC-0123	R01-A1123	2	1	2	exact-text-duplicate	approval-candidate-not-approved	dispatch-and-fleet,onboard-and-site-operations		R01-A1123,R01-A2065	不改任务、不调优先级、不维护流程模板	仅供共同审阅；保留每条来源、范围、版本与批准状态，不自动合并或删除。
SC-0124	R01-A1124	2	1	2	normalized-text-duplicate	approval-candidate-not-approved	dispatch-and-fleet,onboard-and-site-operations | onboard-and-site-operations		R01-A1124,R01-A3077	IO 模块、电子锁、光幕等硬件维护；	仅供共同审阅；保留每条来源、范围、版本与批准状态，不自动合并或删除。
SC-0125	R01-A1127	2	1	2	exact-text-duplicate	approval-candidate-not-approved	dispatch-and-fleet,onboard-and-site-operations		R01-A1127,R01-A2068	可维护 AREA—站点映射与流程模板	仅供共同审阅；保留每条来源、范围、版本与批准状态，不自动合并或删除。
SC-0126	R01-A1129	2	1	2	exact-text-duplicate	approval-candidate-not-approved	dispatch-and-fleet,onboard-and-site-operations		R01-A1129,R01-A2070	可维护流程模板	仅供共同审阅；保留每条来源、范围、版本与批准状态，不自动合并或删除。
SC-0127	R01-A1131	2	1	2	exact-text-duplicate	approval-candidate-not-approved	MES-integration,dispatch-and-fleet,onboard-and-site-operations		R01-A1131,R01-A2072	服务器、操作台、AGV 与 MES 之间的网络连通；	仅供共同审阅；保留每条来源、范围、版本与批准状态，不自动合并或删除。
SC-0128	R01-A1132	2	1	2	exact-text-duplicate	approval-candidate-not-approved	dispatch-and-fleet,onboard-and-site-operations		R01-A1132,R01-A2073	是否登录本系统待确认	仅供共同审阅；保留每条来源、范围、版本与批准状态，不自动合并或删除。
SC-0129	R01-A1133	2	1	2	exact-text-duplicate	approval-candidate-not-approved	dispatch-and-fleet,onboard-and-site-operations		R01-A1133,R01-A2074	约定摘要：R-11/R-12/R-13 可一人兼任但权限分开；	仅供共同审阅；保留每条来源、范围、版本与批准状态，不自动合并或删除。
SC-0130	R01-A1134	2	1	2	exact-text-duplicate	approval-candidate-not-approved	dispatch-and-fleet,onboard-and-site-operations		R01-A1134,R01-A2075	高风险维护需再次刷卡并留审计。	仅供共同审阅；保留每条来源、范围、版本与批准状态，不自动合并或删除。
SC-0131	R01-A1138	3	3	3	exact-text-duplicate	approval-candidate-not-approved,excluded-not-for-requirement-approval	8005-internal-cross-domain-technical-design | dispatch-and-fleet,onboard-and-site-operations | site-operation-and-slot-closure		R01-A1138,R03-A0100,R08-A0670	前两项备注可选，`OTHER` 备注必填。	仅供共同审阅；保留每条来源、范围、版本与批准状态，不自动合并或删除。
SC-0132	R01-A1141	2	1	1	normalized-text-duplicate	approval-candidate-not-approved	dispatch-and-fleet,onboard-and-site-operations,equipment-agreement-and-acceptance		R01-A1141,R01-A1940	R-11 只确认设备状态，普通操作员只能申请，兼任者必须同时具备两项独立权限。	仅供共同审阅；保留每条来源、范围、版本与批准状态，不自动合并或删除。
SC-0133	R01-A1142	2	1	2	exact-text-duplicate	approval-candidate-not-approved	MES-integration,dispatch-and-fleet,onboard-and-site-operations		R01-A1142,R01-A2076	MES 对接故障：R-15 查企业侧与网络，R-12 查本系统接口侧。	仅供共同审阅；保留每条来源、范围、版本与批准状态，不自动合并或删除。
SC-0134	R01-A1143	2	1	2	exact-text-duplicate	approval-candidate-not-approved	dispatch-and-fleet,onboard-and-site-operations		R01-A1143,R01-A2077	下列规则用客户可读短段概括，细节以内部需求库为准。	仅供共同审阅；保留每条来源、范围、版本与批准状态，不自动合并或删除。
SC-0135	R01-A1144	2	1	2	exact-text-duplicate	approval-candidate-not-approved	dispatch-and-fleet,onboard-and-site-operations		R01-A1144,R01-A2078	一次派车可以同时带上多个相邻站点的搬运任务，判定标准是「任务是否已被分进本次派车集合」，不是「物理上离当前停靠点近不近」。	仅供共同审阅；保留每条来源、范围、版本与批准状态，不自动合并或删除。
SC-0136	R01-A1145	2	1	2	exact-text-duplicate	approval-candidate-not-approved	dispatch-and-fleet,onboard-and-site-operations		R01-A1145,R01-A2079	只有起点、终点已成功解析并冻结的任务才能进入派车范围。	仅供共同审阅；保留每条来源、范围、版本与批准状态，不自动合并或删除。
SC-0137	R01-A1146	2	1	2	exact-text-duplicate	approval-candidate-not-approved	dispatch-and-fleet,onboard-and-site-operations		R01-A1146,R01-A2080	允许在同一行程里「送一批、取一批」（复合停靠）；	仅供共同审阅；保留每条来源、范围、版本与批准状态，不自动合并或删除。
SC-0138	R01-A1147	2	1	2	exact-text-duplicate	approval-candidate-not-approved	dispatch-and-fleet,onboard-and-site-operations		R01-A1147,R01-A2081	顺路取货可适当延迟当前配送，最大延迟阈值可配置。	仅供共同审阅；保留每条来源、范围、版本与批准状态，不自动合并或删除。
SC-0139	R01-A1148	2	1	2	exact-text-duplicate	approval-candidate-not-approved	dispatch-and-fleet,onboard-and-site-operations		R01-A1148,R01-A2082	若上游任务（如送往派工待送区）尚未卸完，而下游叫料任务已出现，不取消上游，下游先等待上游卸货完成后再进入可派车。	仅供共同审阅；保留每条来源、范围、版本与批准状态，不自动合并或删除。
SC-0140	R01-A1149	2	1	2	exact-text-duplicate	approval-candidate-not-approved	MES-integration,dispatch-and-fleet,onboard-and-site-operations		R01-A1149,R01-A2083	取货前若 MES 侧任务已消失，须立即从路线中拿掉；	仅供共同审阅；保留每条来源、范围、版本与批准状态，不自动合并或删除。
SC-0141	R01-A1150	3	2	3	exact-text-duplicate,semantic-near-review	approval-candidate-not-approved	dispatch-and-fleet,onboard-and-site-operations | dispatch-map-and-RIoT		R01-A1150,R01-A2084,R02-A0246	已取货的任务不可丢弃。	仅供共同审阅；保留每条来源、范围、版本与批准状态，不自动合并或删除。
SC-0142	R01-A1153	2	1	2	exact-text-duplicate	approval-candidate-not-approved	dispatch-and-fleet,onboard-and-site-operations,equipment-agreement-and-acceptance		R01-A1153,R01-A2085	AGV 须同时满足：已接入且未归档、本地已启用、调度侧在线且无移动任务、本地无未完成作业、全部仓门关闭、安全/设备状态正常、电量不低于接单阈值、服务区域覆盖本次任务、仓位能力满足装载要求。	仅供共同审阅；保留每条来源、范围、版本与批准状态，不自动合并或删除。
SC-0143	R01-A1154	2	1	2	exact-text-duplicate	approval-candidate-not-approved	dispatch-and-fleet,onboard-and-site-operations		R01-A1154,R01-A2086	任一关键状态读不到或不确定时，按「不可派车」处理。	仅供共同审阅；保留每条来源、范围、版本与批准状态，不自动合并或删除。
SC-0144	R01-A1155	2	1	2	exact-text-duplicate	approval-candidate-not-approved	dispatch-and-fleet,onboard-and-site-operations		R01-A1155,R01-A2087	通过硬条件后排序时，第 5 类（派工待送区 → 指定机台）优先级最高；	仅供共同审阅；保留每条来源、范围、版本与批准状态，不自动合并或删除。
SC-0145	R01-A1156	2	1	2	exact-text-duplicate	approval-candidate-not-approved	dispatch-and-fleet,onboard-and-site-operations		R01-A1156,R01-A2088	任务长时间无车响应（约 1～3 分钟可配置）可提升优先级。	仅供共同审阅；保留每条来源、范围、版本与批准状态，不自动合并或删除。
SC-0146	R01-A1157	2	1	2	exact-text-duplicate	approval-candidate-not-approved	dispatch-and-fleet,onboard-and-site-operations		R01-A1157,R01-A2089	调度侧显示「空闲」不等于本系统可再派新任务——车可能正停在站点等人装卸。	仅供共同审阅；保留每条来源、范围、版本与批准状态，不自动合并或删除。
SC-0147	R01-A1158	2	1	2	exact-text-duplicate	approval-candidate-not-approved	MES-integration,dispatch-and-fleet,onboard-and-site-operations		R01-A1158,R01-A2090	MES 位置编码（AREA）需解析为调度地图上的站点名。	仅供共同审阅；保留每条来源、范围、版本与批准状态，不自动合并或删除。
SC-0148	R01-A1159	2	1	2	exact-text-duplicate	approval-candidate-not-approved	dispatch-and-fleet,onboard-and-site-operations		R01-A1159,R01-A2091	系统维护「站点主数据（来自地图同步）」和「站点名对应哪些 AREA」两层关系：多数站点名可按命名规则自动拆出 AREA，少数命名不规范的用人工覆盖记录（需二次认证与审计）。	仅供共同审阅；保留每条来源、范围、版本与批准状态，不自动合并或删除。
SC-0149	R01-A1160	2	1	2	exact-text-duplicate	approval-candidate-not-approved	dispatch-and-fleet,onboard-and-site-operations		R01-A1160,R01-A2092	一个 AREA 同一时间只能对应一个站点名，冲突必须上报、不得系统随便挑一个。	仅供共同审阅；保留每条来源、范围、版本与批准状态，不自动合并或删除。
SC-0150	R01-A1161	2	1	2	exact-text-duplicate	approval-candidate-not-approved	dispatch-and-fleet,onboard-and-site-operations		R01-A1161,R01-A2093	任务创建时冻结站点名；	仅供共同审阅；保留每条来源、范围、版本与批准状态，不自动合并或删除。
SC-0151	R01-A1162	2	1	2	exact-text-duplicate	approval-candidate-not-approved	dispatch-and-fleet,onboard-and-site-operations		R01-A1162,R01-A2094	向调度下发时再按站点名现查数字站点号。	仅供共同审阅；保留每条来源、范围、版本与批准状态，不自动合并或删除。
SC-0152	R01-A1163	2	1	2	exact-text-duplicate	approval-candidate-not-approved	dispatch-and-fleet,onboard-and-site-operations		R01-A1163,R01-A2095	解析失败或冲突的任务进入位置异常，不得派车。	仅供共同审阅；保留每条来源、范围、版本与批准状态，不自动合并或删除。
SC-0153	R01-A1164	2	1	2	exact-text-duplicate	approval-candidate-not-approved	dispatch-and-fleet,onboard-and-site-operations		R01-A1164,R01-A2096	系统用已发布的流程模板编排「认证、扫码、开门、移动」等步骤。	仅供共同审阅；保留每条来源、范围、版本与批准状态，不自动合并或删除。
SC-0154	R01-A1165	2	1	2	exact-text-duplicate	approval-candidate-not-approved	dispatch-and-fleet,onboard-and-site-operations		R01-A1165,R01-A2097	匹配按搬运类型、任务来源、物料类型、起终点等维度，结果必须唯一；	仅供共同审阅；保留每条来源、范围、版本与批准状态，不自动合并或删除。
SC-0155	R01-A1166	2	1	2	exact-text-duplicate	approval-candidate-not-approved	dispatch-and-fleet,onboard-and-site-operations		R01-A1166,R01-A2098	无匹配或多匹配时阻断，不得盲目执行。	仅供共同审阅；保留每条来源、范围、版本与批准状态，不自动合并或删除。
SC-0156	R01-A1167	2	1	2	exact-text-duplicate	approval-candidate-not-approved	dispatch-and-fleet,onboard-and-site-operations		R01-A1167,R01-A2099	模板有草稿/已发布/已停用；	仅供共同审阅；保留每条来源、范围、版本与批准状态，不自动合并或删除。
SC-0157	R01-A1168	2	1	2	exact-text-duplicate	approval-candidate-not-approved	dispatch-and-fleet,onboard-and-site-operations		R01-A1168,R01-A2100	发布后内容不可改，任务绑定创建当时的版本快照，新版本只影响之后新建的任务。	仅供共同审阅；保留每条来源、范围、版本与批准状态，不自动合并或删除。
SC-0158	R01-A1169	2	1	2	exact-text-duplicate	approval-candidate-not-approved	dispatch-and-fleet,onboard-and-site-operations		R01-A1169,R01-A2101	执行只支持顺序、有条件跳过、有限重试、等待外部事件；	仅供共同审阅；保留每条来源、范围、版本与批准状态，不自动合并或删除。
SC-0159	R01-A1170	2	1	2	exact-text-duplicate	approval-candidate-not-approved	dispatch-and-fleet,onboard-and-site-operations		R01-A1170,R01-A2102	不支持并行、循环或现场写脚本。	仅供共同审阅；保留每条来源、范围、版本与批准状态，不自动合并或删除。
SC-0160	R01-A1171	4	1	2	exact-text-duplicate,normalized-text-duplicate	approval-candidate-not-approved	dispatch-and-fleet,onboard-and-site-operations		R01-A1171,R01-A1683,R01-A2103,R01-A2583	强制安全步骤不可跳过；	仅供共同审阅；保留每条来源、范围、版本与批准状态，不自动合并或删除。
SC-0161	R01-A1172	2	1	2	exact-text-duplicate	approval-candidate-not-approved	dispatch-and-fleet,onboard-and-site-operations		R01-A1172,R01-A2104	状态不明时一律阻断。	仅供共同审阅；保留每条来源、范围、版本与批准状态，不自动合并或删除。
SC-0162	R01-A1173	2	1	2	exact-text-duplicate	approval-candidate-not-approved	dispatch-and-fleet,onboard-and-site-operations		R01-A1173,R01-A2105	选哪根充电桩由本系统决定，调度系统只负责把车开到指定点。	仅供共同审阅；保留每条来源、范围、版本与批准状态，不自动合并或删除。
SC-0163	R01-A1174	2	1	2	exact-text-duplicate	approval-candidate-not-approved	dispatch-and-fleet,onboard-and-site-operations		R01-A1174,R01-A2106	多车抢少桩时按电量优先：电量更低的车优先获得空闲桩；	仅供共同审阅；保留每条来源、范围、版本与批准状态，不自动合并或删除。
SC-0164	R01-A1175	2	1	2	exact-text-duplicate	approval-candidate-not-approved	dispatch-and-fleet,onboard-and-site-operations		R01-A1175,R01-A2107	正在充电的车不可被抢占。	仅供共同审阅；保留每条来源、范围、版本与批准状态，不自动合并或删除。
SC-0165	R01-A1176	2	1	2	exact-text-duplicate	approval-candidate-not-approved	dispatch-and-fleet,onboard-and-site-operations		R01-A1176,R01-A2108	占用/电量/站点有效性读不清时，本轮不参与选桩。	仅供共同审阅；保留每条来源、范围、版本与批准状态，不自动合并或删除。
SC-0166	R01-A1177	2	1	2	exact-text-duplicate	approval-candidate-not-approved	dispatch-and-fleet,onboard-and-site-operations		R01-A1177,R01-A2109	多仓位「型号」按版本发布：草稿 → 已发布 → 停用。	仅供共同审阅；保留每条来源、范围、版本与批准状态，不自动合并或删除。
SC-0167	R01-A1178	2	1	2	exact-text-duplicate	approval-candidate-not-approved	dispatch-and-fleet,onboard-and-site-operations		R01-A1178,R01-A2110	接入 AGV 时选定某一已发布版本，生成该车仓位实例并冻结；	仅供共同审阅；保留每条来源、范围、版本与批准状态，不自动合并或删除。
SC-0168	R01-A1179	2	1	2	exact-text-duplicate	approval-candidate-not-approved	dispatch-and-fleet,onboard-and-site-operations		R01-A1179,R01-A2111	接入后不允许换型号换版本。	仅供共同审阅；保留每条来源、范围、版本与批准状态，不自动合并或删除。
SC-0169	R01-A1180	2	1	2	exact-text-duplicate	approval-candidate-not-approved	dispatch-and-fleet,onboard-and-site-operations		R01-A1180,R01-A2112	确需变更须先归档旧档案，再按正确版本重新接入。	仅供共同审阅；保留每条来源、范围、版本与批准状态，不自动合并或删除。
SC-0170	R01-A1181	2	1	2	exact-text-duplicate	approval-candidate-not-approved	dispatch-and-fleet,onboard-and-site-operations		R01-A1181,R01-A2113	新版本只影响之后新接入的车。	仅供共同审阅；保留每条来源、范围、版本与批准状态，不自动合并或删除。
SC-0171	R01-A1182	2	1	2	exact-text-duplicate	approval-candidate-not-approved	dispatch-and-fleet,onboard-and-site-operations		R01-A1182,R01-A2114	空闲车回停靠点时，选点由本系统完成。	仅供共同审阅；保留每条来源、范围、版本与批准状态，不自动合并或删除。
SC-0172	R01-A1183	2	1	2	exact-text-duplicate	approval-candidate-not-approved	dispatch-and-fleet,onboard-and-site-operations		R01-A1183,R01-A2115	多车抢少点时按先到先得排队，已停靠车辆不可被驱离。	仅供共同审阅；保留每条来源、范围、版本与批准状态，不自动合并或删除。
SC-0173	R01-A1184	2	1	2	exact-text-duplicate	approval-candidate-not-approved	dispatch-and-fleet,onboard-and-site-operations		R01-A1184,R01-A2116	回停靠点优先级低于正常派车和人工充电：若空闲窗口已被派车或充电占用，本轮不再回停。	仅供共同审阅；保留每条来源、范围、版本与批准状态，不自动合并或删除。
SC-0174	R01-A1185	2	1	2	exact-text-duplicate	approval-candidate-not-approved	dispatch-and-fleet,onboard-and-site-operations		R01-A1185,R01-A2117	系统始终保留唯一内置管理员账号（登录名固定），不可停用、改名或撤销其超级管理员角色；	仅供共同审阅；保留每条来源、范围、版本与批准状态，不自动合并或删除。
SC-0175	R01-A1186	2	1	2	exact-text-duplicate	approval-candidate-not-approved	dispatch-and-fleet,onboard-and-site-operations		R01-A1186,R01-A2118	首次登录须强制改密码。	仅供共同审阅；保留每条来源、范围、版本与批准状态，不自动合并或删除。
SC-0176	R01-A1187	2	1	2	exact-text-duplicate	approval-candidate-not-approved	dispatch-and-fleet,onboard-and-site-operations		R01-A1187,R01-A2119	普通本地账号：登录名 4～20 位、字母开头、仅字母数字下划线，创建后不可改名；	仅供共同审阅；保留每条来源、范围、版本与批准状态，不自动合并或删除。
SC-0177	R01-A1188	2	1	2	exact-text-duplicate	approval-candidate-not-approved	dispatch-and-fleet,onboard-and-site-operations		R01-A1188,R01-A2120	密码 6～20 位且须同时含字母与数字，不得与登录名相同。	仅供共同审阅；保留每条来源、范围、版本与批准状态，不自动合并或删除。
SC-0178	R01-A1189	2	1	2	exact-text-duplicate	approval-candidate-not-approved	dispatch-and-fleet,onboard-and-site-operations		R01-A1189,R01-A2121	密码只存哈希，日志与界面不得出现明文。	仅供共同审阅；保留每条来源、范围、版本与批准状态，不自动合并或删除。
SC-0179	R01-A1190	2	1	2	exact-text-duplicate	hold-for-hitl-conflict-decision	MES-integration,dispatch-and-fleet,onboard-and-site-operations		R01-A1190,R01-A2122	正式任务以「任务类型 + 子批号」去重，只能由 MES 只读查询产生，不提供人工建正式 MES 任务入口。	仅供共同审阅；保留每条来源、范围、版本与批准状态，不自动合并或删除。
SC-0180	R01-A1191	2	1	2	exact-text-duplicate	hold-for-hitl-conflict-decision	MES-integration,dispatch-and-fleet,onboard-and-site-operations		R01-A1191,R01-A2123	系统按固定间隔轮询 MES 快照：完整成功才用于判断出现/消失；	仅供共同审阅；保留每条来源、范围、版本与批准状态，不自动合并或删除。
SC-0181	R01-A1192	2	1	2	exact-text-duplicate	hold-for-hitl-conflict-decision	MES-integration,dispatch-and-fleet,onboard-and-site-operations		R01-A1192,R01-A2124	超时或失败时不建新任务、不批量取消。	仅供共同审阅；保留每条来源、范围、版本与批准状态，不自动合并或删除。
SC-0182	R01-A1193	2	1	2	exact-text-duplicate	hold-for-hitl-conflict-decision	MES-integration,dispatch-and-fleet,onboard-and-site-operations		R01-A1193,R01-A2125	任务创建时冻结机台、AREA、时间与起终点，后续不以 MES 新值覆盖。	仅供共同审阅；保留每条来源、范围、版本与批准状态，不自动合并或删除。
SC-0183	R01-A1194	2	1	2	exact-text-duplicate	hold-for-hitl-conflict-decision	MES-integration,dispatch-and-fleet,onboard-and-site-operations		R01-A1194,R01-A2126	取货前连续多轮查不到可自动取消并撤路线；	仅供共同审阅；保留每条来源、范围、版本与批准状态，不自动合并或删除。
SC-0184	R01-A1546	4	1	2	exact-text-duplicate,normalized-text-duplicate	approval-candidate-not-approved,hold-for-hitl-conflict-decision	MES-integration,dispatch-and-fleet,onboard-and-site-operations		R01-A1195,R01-A1546,R01-A2127,R01-A2451	第一个仓门成功打开后进入装货边界，此后即使 MES 记录消失也不再自动取消。	仅供共同审阅；保留每条来源、范围、版本与批准状态，不自动合并或删除。
SC-0185	R01-A1196	2	1	2	exact-text-duplicate	hold-for-hitl-conflict-decision	MES-integration,dispatch-and-fleet,onboard-and-site-operations		R01-A1196,R01-A2128	某类任务数量异常骤降为零时暂停该类消失取消并报警，恢复后再自动解除。	仅供共同审阅；保留每条来源、范围、版本与批准状态，不自动合并或删除。
SC-0186	R01-A1197	2	1	2	exact-text-duplicate	hold-for-hitl-conflict-decision	MES-integration,dispatch-and-fleet,onboard-and-site-operations		R01-A1197,R01-A2129	当前阶段只读 MES，禁止写操作。	仅供共同审阅；保留每条来源、范围、版本与批准状态，不自动合并或删除。
SC-0187	R01-A1198	2	1	2	exact-text-duplicate	approval-candidate-not-approved	dispatch-and-fleet,onboard-and-site-operations		R01-A1198,R01-A2130	同一子批号可对应多个花篮，每篮占一个仓位；	仅供共同审阅；保留每条来源、范围、版本与批准状态，不自动合并或删除。
SC-0188	R01-A1203	2	1	2	semantic-near-review	approval-candidate-not-approved	dispatch-and-fleet,onboard-and-site-operations		R01-A1203,R01-A2135	六类任务含义见第 3.4 节。	仅供共同审阅；保留每条来源、范围、版本与批准状态，不自动合并或删除。
SC-0189	R01-A1204	2	1	2	exact-text-duplicate	approval-candidate-not-approved	dispatch-and-fleet,onboard-and-site-operations		R01-A1204,R01-A2136	取货必须在任务声明的起点完成；	仅供共同审阅；保留每条来源、范围、版本与批准状态，不自动合并或删除。
SC-0190	R01-A1206	2	1	2	exact-text-duplicate	approval-candidate-not-approved	dispatch-and-fleet,onboard-and-site-operations		R01-A1206,R01-A2138	AGV 到达焊线/键合机台且条件允许时，可「送一批、取一批」。	仅供共同审阅；保留每条来源、范围、版本与批准状态，不自动合并或删除。
SC-0191	R01-A1207	2	1	2	exact-text-duplicate	approval-candidate-not-approved	dispatch-and-fleet,onboard-and-site-operations		R01-A1207,R01-A2139	关卡与三光任务互斥；	仅供共同审阅；保留每条来源、范围、版本与批准状态，不自动合并或删除。
SC-0192	R01-A1208	2	1	2	exact-text-duplicate	approval-candidate-not-approved	dispatch-and-fleet,onboard-and-site-operations		R01-A1208,R01-A2140	第 5 类优先级最高，并与 BR-001 的上下游等待规则配合。	仅供共同审阅；保留每条来源、范围、版本与批准状态，不自动合并或删除。
SC-0193	R01-A1209	2	1	2	exact-text-duplicate	approval-candidate-not-approved	dispatch-and-fleet,onboard-and-site-operations		R01-A1209,R01-A2141	本章按业务领域说明现场与系统如何协作。	仅供共同审阅；保留每条来源、范围、版本与批准状态，不自动合并或删除。
SC-0194	R01-A1210	2	1	2	exact-text-duplicate	approval-candidate-not-approved	dispatch-and-fleet,onboard-and-site-operations		R01-A1210,R01-A2142	每个场景给出目标、正常情况、异常与处理，以及讨论用的待确认问题。	仅供共同审阅；保留每条来源、范围、版本与批准状态，不自动合并或删除。
SC-0195	R01-A1211	2	1	2	normalized-text-duplicate	approval-candidate-not-approved	dispatch-and-fleet,onboard-and-site-operations		R01-A1211,R01-A2143	**目标：** AGV 到站后，现场操作员扫描（或手动输入）子批号，系统打开空闲仓位，操作员放入完工产品并关门，完成起点站装载。	仅供共同审阅；保留每条来源、范围、版本与批准状态，不自动合并或删除。
SC-0196	R01-A1212	89	1	2	exact-text-duplicate,normalized-text-duplicate	approval-candidate-not-approved	MES-integration,dispatch-and-fleet,onboard-and-site-operations | dispatch-and-fleet,onboard-and-site-operations		R01-A1212,R01-A1236,R01-A1248,R01-A1263,R01-A1287,R01-A1304,R01-A1324,R01-A1344,R01-A1362,R01-A1374,R01-A1388,R01-A1403,R01-A1415,R01-A1427,R01-A1437,R01-A1448,R01-A1463,R01-A1477,R01-A1492,R01-A1505,R01-A1515,R01-A1525,R01-A1539,R01-A1563,R01-A1581,R01-A1592,R01-A1611,R01-A1629,R01-A1644,R01-A1659,R01-A1677,R01-A1693,R01-A1708,R01-A1721,R01-A1733,R01-A1746,R01-A1763,R01-A1776,R01-A1789,R01-A1805,R01-A1817,R01-A1829,R01-A1841,R01-A1857,R01-A1871,R01-A2144,R01-A2169,R01-A2184,R01-A2195,R01-A2217,R01-A2234,R01-A2252,R01-A2268,R01-A2280,R01-A2294,R01-A2309,R01-A2321,R01-A2333,R01-A2343,R01-A2354,R01-A2368,R01-A2382,R01-A2397,R01-A2410,R01-A2420,R01-A2430,R01-A2444,R01-A2467,R01-A2483,R01-A2492,R01-A2511,R01-A2529,R01-A2544,R01-A2559,R01-A2577,R01-A2593,R01-A2608,R01-A2621,R01-A2633,R01-A2646,R01-A2663,R01-A2676,R01-A2689,R01-A2705,R01-A2717,R01-A2729,R01-A2741,R01-A2757,R01-A2771	**正常情况：**	仅供共同审阅；保留每条来源、范围、版本与批准状态，不自动合并或删除。
SC-0197	R01-A1213	2	1	2	exact-text-duplicate	approval-candidate-not-approved	dispatch-and-fleet,onboard-and-site-operations		R01-A1213,R01-A2145	操作员已完成本次到站的身份核验并建立操作会话。	仅供共同审阅；保留每条来源、范围、版本与批准状态，不自动合并或删除。
SC-0198	R01-A1214	2	1	2	exact-text-duplicate	approval-candidate-not-approved	dispatch-and-fleet,onboard-and-site-operations		R01-A1214,R01-A2146	扫描或输入子批号；	仅供共同审阅；保留每条来源、范围、版本与批准状态，不自动合并或删除。
SC-0199	R01-A1215	2	1	2	exact-text-duplicate	approval-candidate-not-approved	dispatch-and-fleet,onboard-and-site-operations		R01-A1215,R01-A2147	系统确认存在未完成、未取消的本地搬运任务，且该任务属于本次派车范围（允许装载相邻站点、已纳入本趟的任务）。	仅供共同审阅；保留每条来源、范围、版本与批准状态，不自动合并或删除。
SC-0200	R01-A1216	2	1	2	exact-text-duplicate	approval-candidate-not-approved	dispatch-and-fleet,onboard-and-site-operations		R01-A1216,R01-A2148	系统确认有足够空闲仓位（不含已禁用仓位），在确认车辆未在移动后开锁开门。	仅供共同审阅；保留每条来源、范围、版本与批准状态，不自动合并或删除。
SC-0201	R01-A1217	2	1	2	exact-text-duplicate	approval-candidate-not-approved	dispatch-and-fleet,onboard-and-site-operations		R01-A1217,R01-A2149	操作员确认仓内为空后放入产品并关门；	仅供共同审阅；保留每条来源、范围、版本与批准状态，不自动合并或删除。
SC-0202	R01-A1218	2	1	2	exact-text-duplicate	approval-candidate-not-approved	dispatch-and-fleet,onboard-and-site-operations		R01-A1218,R01-A2150	光幕确认仓内确有产品；	仅供共同审阅；保留每条来源、范围、版本与批准状态，不自动合并或删除。
SC-0203	R01-A1219	2	1	2	exact-text-duplicate	approval-candidate-not-approved	dispatch-and-fleet,onboard-and-site-operations		R01-A1219,R01-A2151	仓位记为已占用并关联子批号。	仅供共同审阅；保留每条来源、范围、版本与批准状态，不自动合并或删除。
SC-0204	R01-A1222	2	1	2	exact-text-duplicate	approval-candidate-not-approved	MES-integration,dispatch-and-fleet,onboard-and-site-operations		R01-A1222,R01-A2155	第一个仓门成功打开后，即使 MES 侧记录随后消失，也不再自动取消该任务。	仅供共同审阅；保留每条来源、范围、版本与批准状态，不自动合并或删除。
SC-0205	R01-A1223	88	1	2	exact-text-duplicate,normalized-text-duplicate	approval-candidate-not-approved	MES-integration,dispatch-and-fleet,onboard-and-site-operations | dispatch-and-fleet,onboard-and-site-operations		R01-A1223,R01-A1243,R01-A1276,R01-A1296,R01-A1313,R01-A1333,R01-A1354,R01-A1368,R01-A1380,R01-A1395,R01-A1408,R01-A1420,R01-A1431,R01-A1442,R01-A1454,R01-A1470,R01-A1483,R01-A1498,R01-A1509,R01-A1520,R01-A1533,R01-A1549,R01-A1572,R01-A1586,R01-A1601,R01-A1616,R01-A1635,R01-A1650,R01-A1667,R01-A1688,R01-A1700,R01-A1715,R01-A1727,R01-A1739,R01-A1756,R01-A1770,R01-A1784,R01-A1797,R01-A1812,R01-A1824,R01-A1836,R01-A1848,R01-A1863,R01-A1879,R01-A2156,R01-A2176,R01-A2188,R01-A2206,R01-A2224,R01-A2242,R01-A2261,R01-A2274,R01-A2286,R01-A2301,R01-A2314,R01-A2326,R01-A2337,R01-A2348,R01-A2359,R01-A2375,R01-A2388,R01-A2403,R01-A2414,R01-A2425,R01-A2438,R01-A2454,R01-A2474,R01-A2486,R01-A2501,R01-A2516,R01-A2535,R01-A2550,R01-A2567,R01-A2588,R01-A2600,R01-A2615,R01-A2627,R01-A2639,R01-A2656,R01-A2670,R01-A2684,R01-A2697,R01-A2712,R01-A2724,R01-A2736,R01-A2748,R01-A2763,R01-A2779	**异常与处理：**	仅供共同审阅；保留每条来源、范围、版本与批准状态，不自动合并或删除。
SC-0206	R01-A1224	2	1	2	exact-text-duplicate	approval-candidate-not-approved	dispatch-and-fleet,onboard-and-site-operations		R01-A1224,R01-A2157	子批号无有效任务、格式错误，或任务已完成/已取消：拒绝装载，提示核对后重试。	仅供共同审阅；保留每条来源、范围、版本与批准状态，不自动合并或删除。
SC-0207	R01-A1225	2	1	2	exact-text-duplicate	approval-candidate-not-approved	dispatch-and-fleet,onboard-and-site-operations		R01-A1225,R01-A2158	任务不属于本次派车范围：拒绝分配仓位，提示是否扫错或联系班组长协调。	仅供共同审阅；保留每条来源、范围、版本与批准状态，不自动合并或删除。
SC-0208	R01-A1226	2	1	2	exact-text-duplicate	approval-candidate-not-approved	dispatch-and-fleet,onboard-and-site-operations		R01-A1226,R01-A2159	空闲仓位不足：提示等待释放或联系班组长/仓位维护人员。	仅供共同审阅；保留每条来源、范围、版本与批准状态，不自动合并或删除。
SC-0209	R01-A1227	2	1	2	exact-text-duplicate	approval-candidate-not-approved	dispatch-and-fleet,onboard-and-site-operations		R01-A1227,R01-A2160	开锁失败：仓位异常锁定，有其他空仓则改仓；	仅供共同审阅；保留每条来源、范围、版本与批准状态，不自动合并或删除。
SC-0210	R01-A1228	2	1	2	exact-text-duplicate	approval-candidate-not-approved	dispatch-and-fleet,onboard-and-site-operations,equipment-agreement-and-acceptance		R01-A1228,R01-A2161	否则联系设备维护。	仅供共同审阅；保留每条来源、范围、版本与批准状态，不自动合并或删除。
SC-0211	R01-A1229	2	1	2	exact-text-duplicate	approval-candidate-not-approved	dispatch-and-fleet,onboard-and-site-operations		R01-A1229,R01-A2162	打开后发现仓内已有物：异常锁定并核实后再恢复。	仅供共同审阅；保留每条来源、范围、版本与批准状态，不自动合并或删除。
SC-0212	R01-A1230	2	1	2	exact-text-duplicate	approval-candidate-not-approved	dispatch-and-fleet,onboard-and-site-operations		R01-A1230,R01-A2163	长时间不关门：超时告警提醒关门。	仅供共同审阅；保留每条来源、范围、版本与批准状态，不自动合并或删除。
SC-0213	R01-A1231	2	1	2	exact-text-duplicate	approval-candidate-not-approved	dispatch-and-fleet,onboard-and-site-operations		R01-A1231,R01-A2164	关门后光幕未检测到产品：要求重开确认并补放。	仅供共同审阅；保留每条来源、范围、版本与批准状态，不自动合并或删除。
SC-0214	R01-A1232	2	1	2	exact-text-duplicate	approval-candidate-not-approved	dispatch-and-fleet,onboard-and-site-operations		R01-A1232,R01-A2165	关门后发现放错或数量不符：走「取出存错产品」纠错后再装。	仅供共同审阅；保留每条来源、范围、版本与批准状态，不自动合并或删除。
SC-0215	R01-A1233	87	1	2	exact-text-duplicate,normalized-text-duplicate	approval-candidate-not-approved	MES-integration,dispatch-and-fleet,onboard-and-site-operations | dispatch-and-fleet,onboard-and-site-operations		R01-A1233,R01-A1260,R01-A1284,R01-A1301,R01-A1319,R01-A1338,R01-A1371,R01-A1382,R01-A1398,R01-A1411,R01-A1423,R01-A1433,R01-A1444,R01-A1456,R01-A1472,R01-A1488,R01-A1501,R01-A1511,R01-A1522,R01-A1535,R01-A1560,R01-A1577,R01-A1589,R01-A1604,R01-A1621,R01-A1638,R01-A1653,R01-A1671,R01-A1690,R01-A1705,R01-A1718,R01-A1730,R01-A1741,R01-A1760,R01-A1772,R01-A1786,R01-A1802,R01-A1814,R01-A1826,R01-A1838,R01-A1852,R01-A1866,R01-A1881,R01-A2166,R01-A2181,R01-A2192,R01-A2214,R01-A2228,R01-A2247,R01-A2265,R01-A2277,R01-A2288,R01-A2304,R01-A2317,R01-A2329,R01-A2339,R01-A2350,R01-A2361,R01-A2377,R01-A2393,R01-A2406,R01-A2416,R01-A2427,R01-A2440,R01-A2464,R01-A2479,R01-A2489,R01-A2504,R01-A2520,R01-A2538,R01-A2553,R01-A2571,R01-A2590,R01-A2605,R01-A2618,R01-A2630,R01-A2641,R01-A2660,R01-A2672,R01-A2686,R01-A2702,R01-A2714,R01-A2726,R01-A2738,R01-A2752,R01-A2766,R01-A2781	**待确认：**	仅供共同审阅；保留每条来源、范围、版本与批准状态，不自动合并或删除。
SC-0216	R01-A1234	2	1	2	exact-text-duplicate	approval-candidate-not-approved	dispatch-and-fleet,onboard-and-site-operations		R01-A1234,R01-A2167	仓门长时间不关时，除现场告警外是否还需自动升级（标记任务异常、通知班组长等）及阈值。	仅供共同审阅；保留每条来源、范围、版本与批准状态，不自动合并或删除。
SC-0217	R01-A1238	2	2	2	semantic-near-review	approval-candidate-not-approved	dispatch-and-fleet,onboard-and-site-operations | site-operation-and-slot-closure		R01-A1238,R03-A0173	若仍有尚未开始的待装任务，界面显示「结束本站将取消剩余 N 个任务」并要求二次确认；	仅供共同审阅；保留每条来源、范围、版本与批准状态，不自动合并或删除。
SC-0218	R01-A1258	2	1	2	exact-text-duplicate	approval-candidate-not-approved	dispatch-and-fleet,onboard-and-site-operations		R01-A1258,R01-A2179	误点确认：系统不支持撤销；	仅供共同审阅；保留每条来源、范围、版本与批准状态，不自动合并或删除。
SC-0219	R01-A1259	2	1	2	exact-text-duplicate	approval-candidate-not-approved	dispatch-and-fleet,onboard-and-site-operations		R01-A1259,R01-A2180	需联系班组长做后续补救（另排任务等）。	仅供共同审阅；保留每条来源、范围、版本与批准状态，不自动合并或删除。
SC-0220	R01-A1261	2	1	2	exact-text-duplicate	approval-candidate-not-approved	dispatch-and-fleet,onboard-and-site-operations		R01-A1261,R01-A2182	无（误确认后的补救流程属现场管理约定，不在本场景系统流程内）。	仅供共同审阅；保留每条来源、范围、版本与批准状态，不自动合并或删除。
SC-0221	R01-A1264	2	1	2	exact-text-duplicate	approval-candidate-not-approved	dispatch-and-fleet,onboard-and-site-operations		R01-A1264,R01-A2185	调度侧到站状态已被本系统监控流程确认并传递到站事件。	仅供共同审阅；保留每条来源、范围、版本与批准状态，不自动合并或删除。
SC-0222	R01-A1265	2	2	2	semantic-near-review	approval-candidate-not-approved	8005-site-operation-and-stop-closure | dispatch-and-fleet,onboard-and-site-operations		R01-A1265,R04-A0448	车辆概览分别显示运行、通信与业务就绪、当前作业、安全与联锁；	仅供共同审阅；保留每条来源、范围、版本与批准状态，不自动合并或删除。
SC-0223	R01-A1268	2	2	2	normalized-text-duplicate	approval-candidate-not-approved	8005-site-operation-and-stop-closure | dispatch-and-fleet,onboard-and-site-operations		R01-A1268,R04-A0438	复合停靠时两类同时显示。	仅供共同审阅；保留每条来源、范围、版本与批准状态，不自动合并或删除。
SC-0224	R01-A1272	2	1	2	semantic-near-review	approval-candidate-not-approved	dispatch-and-fleet,onboard-and-site-operations		R01-A1272,R01-A2187	操作面板自动跳转到本站作业界面（操作员在本场景中无需操作，只需感知界面变化）。	仅供共同审阅；保留每条来源、范围、版本与批准状态，不自动合并或删除。
SC-0225	R01-A1277	2	1	2	exact-text-duplicate	approval-candidate-not-approved	dispatch-and-fleet,onboard-and-site-operations		R01-A1277,R01-A2189	到站前的调度下发、导航、轮询通信异常由派车与监控相关场景处理；	仅供共同审阅；保留每条来源、范围、版本与批准状态，不自动合并或删除。
SC-0226	R01-A1278	2	1	2	exact-text-duplicate	approval-candidate-not-approved	dispatch-and-fleet,onboard-and-site-operations		R01-A1278,R01-A2190	本场景起点已是「到站已确认」。	仅供共同审阅；保留每条来源、范围、版本与批准状态，不自动合并或删除。
SC-0227	R01-A1285	2	1	2	semantic-near-review	approval-candidate-not-approved	dispatch-and-fleet,onboard-and-site-operations		R01-A1285,R01-A2193	本地状态更新、业务快照应用或界面跳转失败时的现场提示与恢复方式。	仅供共同审阅；保留每条来源、范围、版本与批准状态，不自动合并或删除。
SC-0228	R01-A1297	2	2	2	semantic-near-review	approval-candidate-not-approved	8005-site-operation-and-stop-closure | dispatch-and-fleet,onboard-and-site-operations		R01-A1297,R04-A0203	本站已经 StopClosureCommit：拒绝普通 LoadCorrection，即使车辆因发车失败仍在原地也不重新开放；	仅供共同审阅；保留每条来源、范围、版本与批准状态，不自动合并或删除。
SC-0229	R01-A1302	2	1	2	exact-text-duplicate	approval-candidate-not-approved	dispatch-and-fleet,onboard-and-site-operations		R01-A1302,R01-A2215	任务已确认完成后才发现存错时的退料/异常处理流程（是否单独建场景）。	仅供共同审阅；保留每条来源、范围、版本与批准状态，不自动合并或删除。
SC-0230	R01-A1320	2	1	2	exact-text-duplicate	approval-candidate-not-approved	dispatch-and-fleet,onboard-and-site-operations		R01-A1320,R01-A2230	若该任务已向调度下发移动指令，取消后是否联动向调度发取消、以及调度队列如何清理。	仅供共同审阅；保留每条来源、范围、版本与批准状态，不自动合并或删除。
SC-0231	R01-A1321	2	1	2	exact-text-duplicate	approval-candidate-not-approved	dispatch-and-fleet,onboard-and-site-operations		R01-A1321,R01-A2231	与「应搬物料实际不存在」类状态判定的边界是否需再统一表述。	仅供共同审阅；保留每条来源、范围、版本与批准状态，不自动合并或删除。
SC-0232	R01-A1322	2	1	2	normalized-text-duplicate	approval-candidate-not-approved	dispatch-and-fleet,onboard-and-site-operations		R01-A1322,R01-A2232	**目标：** AGV 到达终点站后，系统自动打开「目标站为本站且已占用」的仓位，操作员取出产品放到现场位置（烘箱、氮气柜、机台等）；	仅供共同审阅；保留每条来源、范围、版本与批准状态，不自动合并或删除。
SC-0233	R01-A1323	2	1	2	exact-text-duplicate	approval-candidate-not-approved	dispatch-and-fleet,onboard-and-site-operations		R01-A1323,R01-A2233	不扫码（货已在车上、任务已明确）。	仅供共同审阅；保留每条来源、范围、版本与批准状态，不自动合并或删除。
SC-0234	R01-A1328	2	1	2	exact-text-duplicate	approval-candidate-not-approved	dispatch-and-fleet,onboard-and-site-operations		R01-A1328,R01-A2236	操作员核对仓内产品与记录一致后取出并放到现场，关门；	仅供共同审阅；保留每条来源、范围、版本与批准状态，不自动合并或删除。
SC-0235	R01-A1329	2	1	2	exact-text-duplicate	approval-candidate-not-approved	dispatch-and-fleet,onboard-and-site-operations		R01-A1329,R01-A2237	光幕确认仓内已空，仓位恢复空闲。	仅供共同审阅；保留每条来源、范围、版本与批准状态，不自动合并或删除。
SC-0236	R01-A1332	2	1	2	exact-text-duplicate	hold-for-hitl-conflict-decision	MES-integration,dispatch-and-fleet,onboard-and-site-operations		R01-A1332,R01-A2241	当前阶段任务完成只保存在本系统，不回写 MES。	仅供共同审阅；保留每条来源、范围、版本与批准状态，不自动合并或删除。
SC-0237	R01-A1334	2	1	2	exact-text-duplicate	approval-candidate-not-approved	dispatch-and-fleet,onboard-and-site-operations		R01-A1334,R01-A2243	开锁失败：该仓异常锁定，其他待取仓不受影响；	仅供共同审阅；保留每条来源、范围、版本与批准状态，不自动合并或删除。
SC-0238	R01-A1335	3	1	2	exact-text-duplicate	approval-candidate-not-approved	dispatch-and-fleet,onboard-and-site-operations,equipment-agreement-and-acceptance		R01-A1335,R01-A2210,R01-A2244	联系设备维护后重试。	仅供共同审阅；保留每条来源、范围、版本与批准状态，不自动合并或删除。
SC-0239	R01-A1336	2	1	2	exact-text-duplicate	approval-candidate-not-approved	dispatch-and-fleet,onboard-and-site-operations		R01-A1336,R01-A2245	打开后无货或与记录不符：异常锁定并核实原因后再处理。	仅供共同审阅；保留每条来源、范围、版本与批准状态，不自动合并或删除。
SC-0240	R01-A1337	2	1	2	exact-text-duplicate	approval-candidate-not-approved	dispatch-and-fleet,onboard-and-site-operations		R01-A1337,R01-A2246	关门后光幕仍检测到残留：转入「取料不彻底时重新打开仓位」处理，取尽后再继续。	仅供共同审阅；保留每条来源、范围、版本与批准状态，不自动合并或删除。
SC-0241	R01-A1339	2	1	2	exact-text-duplicate	approval-candidate-not-approved	dispatch-and-fleet,onboard-and-site-operations		R01-A1339,R01-A2248	确认完成后才发现拿错/漏拿时，是否需要类似起点站纠错的重新打开流程（产品可能已离车）。	仅供共同审阅；保留每条来源、范围、版本与批准状态，不自动合并或删除。
SC-0242	R01-A1340	2	1	2	exact-text-duplicate	approval-candidate-not-approved	dispatch-and-fleet,onboard-and-site-operations		R01-A1340,R01-A2249	是否存在「到站后发现本站暂不收这批货」的取消场景（概率预期较低）。	仅供共同审阅；保留每条来源、范围、版本与批准状态，不自动合并或删除。
SC-0243	R01-A1355	2	1	2	exact-text-duplicate	approval-candidate-not-approved	MES-integration,dispatch-and-fleet,onboard-and-site-operations		R01-A1355,R01-A2262	身份不存在或 MES 无法返回结果：不建会话，提示核验失败（不暴露是否账号不存在等细节）。	仅供共同审阅；保留每条来源、范围、版本与批准状态，不自动合并或删除。
SC-0244	R01-A1356	2	1	2	exact-text-duplicate	approval-candidate-not-approved	dispatch-and-fleet,onboard-and-site-operations		R01-A1356,R01-A2263	身份有效但岗位权限不足：不建会话，提示权限不足，联系班组长或有权限人员。	仅供共同审阅；保留每条来源、范围、版本与批准状态，不自动合并或删除。
SC-0245	R01-A1361	2	1	2	normalized-text-duplicate	approval-candidate-not-approved	dispatch-and-fleet,onboard-and-site-operations		R01-A1361,R01-A2267	**目标：** 终点取料关门后，若光幕仍检测到仓内有货，系统要求重新开门取尽残留，直至光幕确认清空，再回到正常取料流程。	仅供共同审阅；保留每条来源、范围、版本与批准状态，不自动合并或删除。
SC-0246	R01-A1363	2	1	2	exact-text-duplicate	approval-candidate-not-approved	dispatch-and-fleet,onboard-and-site-operations		R01-A1363,R01-A2269	系统提示「取出未完成」，在确认车辆未移动后重新开门。	仅供共同审阅；保留每条来源、范围、版本与批准状态，不自动合并或删除。
SC-0247	R01-A1364	2	1	2	exact-text-duplicate	approval-candidate-not-approved	dispatch-and-fleet,onboard-and-site-operations		R01-A1364,R01-A2270	操作员取出残留并关门；	仅供共同审阅；保留每条来源、范围、版本与批准状态，不自动合并或删除。
SC-0248	R01-A1365	2	1	2	exact-text-duplicate	approval-candidate-not-approved	dispatch-and-fleet,onboard-and-site-operations		R01-A1365,R01-A2271	光幕确认清空后，仓位恢复为空闲，记录本次处理，返回终点取料流程继续。	仅供共同审阅；保留每条来源、范围、版本与批准状态，不自动合并或删除。
SC-0249	R01-A1366	2	1	2	exact-text-duplicate	approval-candidate-not-approved	dispatch-and-fleet,onboard-and-site-operations		R01-A1366,R01-A2272	由光幕自动触发，不提供操作员主动「重开」入口；	仅供共同审阅；保留每条来源、范围、版本与批准状态，不自动合并或删除。
SC-0250	R01-A1367	2	1	2	exact-text-duplicate	approval-candidate-not-approved	dispatch-and-fleet,onboard-and-site-operations		R01-A1367,R01-A2273	复用当前操作会话，不重复验身。	仅供共同审阅；保留每条来源、范围、版本与批准状态，不自动合并或删除。
SC-0251	R01-A1369	2	1	2	exact-text-duplicate	approval-candidate-not-approved	dispatch-and-fleet,onboard-and-site-operations		R01-A1369,R01-A2275	再次关门后仍检测到残留：继续要求重开，直至清空；	仅供共同审阅；保留每条来源、范围、版本与批准状态，不自动合并或删除。
SC-0252	R01-A1370	2	1	2	exact-text-duplicate	approval-candidate-not-approved	dispatch-and-fleet,onboard-and-site-operations,equipment-agreement-and-acceptance		R01-A1370,R01-A2276	反复失败时上报班组长或设备维护，排查光幕误报或产品卡滞。	仅供共同审阅；保留每条来源、范围、版本与批准状态，不自动合并或删除。
SC-0253	R01-A1372	2	1	2	exact-text-duplicate	approval-candidate-not-approved	dispatch-and-fleet,onboard-and-site-operations		R01-A1372,R01-A2278	无（关门且光幕已通过之后才发现问题的处理，不在本场景范围）。	仅供共同审阅；保留每条来源、范围、版本与批准状态，不自动合并或删除。
SC-0254	R01-A1373	2	1	2	normalized-text-duplicate	approval-candidate-not-approved	dispatch-and-fleet,onboard-and-site-operations		R01-A1373,R01-A2279	**目标：** 班组长或生产管理者随时查看各车全部仓位的实时状态，辅助现场协调与异常发现。	仅供共同审阅；保留每条来源、范围、版本与批准状态，不自动合并或删除。
SC-0255	R01-A1375	2	1	2	exact-text-duplicate	approval-candidate-not-approved	dispatch-and-fleet,onboard-and-site-operations		R01-A1375,R01-A2281	打开看板，按车/仓位列出空闲、已占用、异常锁定、已禁用等状态。	仅供共同审阅；保留每条来源、范围、版本与批准状态，不自动合并或删除。
SC-0256	R01-A1376	2	1	2	exact-text-duplicate	approval-candidate-not-approved	dispatch-and-fleet,onboard-and-site-operations		R01-A1376,R01-A2282	展示仓门开关状态及光幕读取结果。	仅供共同审阅；保留每条来源、范围、版本与批准状态，不自动合并或删除。
SC-0257	R01-A1377	2	1	2	exact-text-duplicate	approval-candidate-not-approved	dispatch-and-fleet,onboard-and-site-operations		R01-A1377,R01-A2283	已占用仓位同时显示子批号、任务号、目标站、任务状态。	仅供共同审阅；保留每条来源、范围、版本与批准状态，不自动合并或删除。
SC-0258	R01-A1378	2	1	2	exact-text-duplicate	approval-candidate-not-approved	dispatch-and-fleet,onboard-and-site-operations		R01-A1378,R01-A2284	支持定时或手动刷新；	仅供共同审阅；保留每条来源、范围、版本与批准状态，不自动合并或删除。
SC-0259	R01-A1379	2	1	2	exact-text-duplicate	approval-candidate-not-approved	dispatch-and-fleet,onboard-and-site-operations		R01-A1379,R01-A2285	可按车、站点或状态筛选。	仅供共同审阅；保留每条来源、范围、版本与批准状态，不自动合并或删除。
SC-0260	R01-A1381	2	1	2	exact-text-duplicate	approval-candidate-not-approved	dispatch-and-fleet,onboard-and-site-operations		R01-A1381,R01-A2287	刷新时服务异常：提示刷新失败，保留上次成功数据并标注最后刷新时间，持续重试。	仅供共同审阅；保留每条来源、范围、版本与批准状态，不自动合并或删除。
SC-0261	R01-A1383	2	1	2	exact-text-duplicate	approval-candidate-not-approved	dispatch-and-fleet,onboard-and-site-operations		R01-A1383,R01-A2289	展示字段清单、界面布局、自动刷新周期。	仅供共同审阅；保留每条来源、范围、版本与批准状态，不自动合并或删除。
SC-0262	R01-A1384	2	1	2	exact-text-duplicate	approval-candidate-not-approved	dispatch-and-fleet,onboard-and-site-operations		R01-A1384,R01-A2290	是否按车间/产线过滤可见范围。	仅供共同审阅；保留每条来源、范围、版本与批准状态，不自动合并或删除。
SC-0263	R01-A1385	2	1	2	exact-text-duplicate	approval-candidate-not-approved	dispatch-and-fleet,onboard-and-site-operations		R01-A1385,R01-A2291	已禁用仓位在看板上的展示方式。	仅供共同审阅；保留每条来源、范围、版本与批准状态，不自动合并或删除。
SC-0264	R01-A1386	2	1	2	normalized-text-duplicate	approval-candidate-not-approved	dispatch-and-fleet,onboard-and-site-operations		R01-A1386,R01-A2292	**目标：** 将空闲仓位标记为不可用，避免业务流程再分配装货；	仅供共同审阅；保留每条来源、范围、版本与批准状态，不自动合并或删除。
SC-0265	R01-A1387	2	1	2	exact-text-duplicate	approval-candidate-not-approved	dispatch-and-fleet,onboard-and-site-operations		R01-A1387,R01-A2293	或恢复为可用。	仅供共同审阅；保留每条来源、范围、版本与批准状态，不自动合并或删除。
SC-0266	R01-A1389	2	1	2	exact-text-duplicate	approval-candidate-not-approved	dispatch-and-fleet,onboard-and-site-operations		R01-A1389,R01-A2295	在仓位列表中选择一个或多个仓位，执行禁用或启用。	仅供共同审阅；保留每条来源、范围、版本与批准状态，不自动合并或删除。
SC-0267	R01-A1390	2	1	2	exact-text-duplicate	approval-candidate-not-approved	dispatch-and-fleet,onboard-and-site-operations		R01-A1390,R01-A2296	仅当仓位为「空闲」时可禁用；	仅供共同审阅；保留每条来源、范围、版本与批准状态，不自动合并或删除。
SC-0268	R01-A1391	2	1	2	exact-text-duplicate	approval-candidate-not-approved	dispatch-and-fleet,onboard-and-site-operations		R01-A1391,R01-A2297	已占用或异常锁定则跳过并提示。	仅供共同审阅；保留每条来源、范围、版本与批准状态，不自动合并或删除。
SC-0269	R01-A1392	2	1	2	exact-text-duplicate	approval-candidate-not-approved	dispatch-and-fleet,onboard-and-site-operations		R01-A1392,R01-A2298	仅当仓位为「已禁用」时可启用，恢复为空闲。	仅供共同审阅；保留每条来源、范围、版本与批准状态，不自动合并或删除。
SC-0270	R01-A1393	2	1	2	exact-text-duplicate	approval-candidate-not-approved	dispatch-and-fleet,onboard-and-site-operations		R01-A1393,R01-A2299	批量操作时各仓位独立校验，互不影响；	仅供共同审阅；保留每条来源、范围、版本与批准状态，不自动合并或删除。
SC-0271	R01-A1394	2	1	2	exact-text-duplicate	approval-candidate-not-approved	dispatch-and-fleet,onboard-and-site-operations		R01-A1394,R01-A2300	记录操作人、结果与时间。	仅供共同审阅；保留每条来源、范围、版本与批准状态，不自动合并或删除。
SC-0272	R01-A1396	2	1	2	exact-text-duplicate	approval-candidate-not-approved	dispatch-and-fleet,onboard-and-site-operations		R01-A1396,R01-A2302	对非空闲仓位点禁用：跳过并提示需先释放仓位。	仅供共同审阅；保留每条来源、范围、版本与批准状态，不自动合并或删除。
SC-0273	R01-A1397	2	1	2	exact-text-duplicate	approval-candidate-not-approved	dispatch-and-fleet,onboard-and-site-operations		R01-A1397,R01-A2303	对非禁用仓位点启用：跳过并提示当前状态不符。	仅供共同审阅；保留每条来源、范围、版本与批准状态，不自动合并或删除。
SC-0274	R01-A1399	2	1	2	exact-text-duplicate	approval-candidate-not-approved	dispatch-and-fleet,onboard-and-site-operations		R01-A1399,R01-A2305	执行禁用/启用的操作角色（班组长、生产管理者或维护人员等）。	仅供共同审阅；保留每条来源、范围、版本与批准状态，不自动合并或删除。
SC-0275	R01-A1400	2	1	2	exact-text-duplicate	approval-candidate-not-approved	dispatch-and-fleet,onboard-and-site-operations		R01-A1400,R01-A2306	已禁用仓位在监控看板上的标识方式。	仅供共同审阅；保留每条来源、范围、版本与批准状态，不自动合并或删除。
SC-0276	R01-A1401	2	1	2	exact-text-duplicate	approval-candidate-not-approved	dispatch-and-fleet,onboard-and-site-operations		R01-A1401,R01-A2307	是否支持跨车批量及批量数量上限。	仅供共同审阅；保留每条来源、范围、版本与批准状态，不自动合并或删除。
SC-0277	R01-A1402	2	1	2	normalized-text-duplicate	approval-candidate-not-approved	dispatch-and-fleet,onboard-and-site-operations		R01-A1402,R01-A2308	**目标：** 维护人员在不走装卸业务流程的前提下，验证某仓位开锁指令能否正常弹开门。	仅供共同审阅；保留每条来源、范围、版本与批准状态，不自动合并或删除。
SC-0278	R01-A1404	2	1	2	exact-text-duplicate	approval-candidate-not-approved	dispatch-and-fleet,onboard-and-site-operations		R01-A1404,R01-A2310	在维护界面选择仓位，下发开锁指令。	仅供共同审阅；保留每条来源、范围、版本与批准状态，不自动合并或删除。
SC-0279	R01-A1405	2	1	2	exact-text-duplicate	approval-candidate-not-approved	dispatch-and-fleet,onboard-and-site-operations		R01-A1405,R01-A2311	现场观察门是否正常弹开，维护人员手动关门。	仅供共同审阅；保留每条来源、范围、版本与批准状态，不自动合并或删除。
SC-0280	R01-A1406	2	1	2	exact-text-duplicate	approval-candidate-not-approved	dispatch-and-fleet,onboard-and-site-operations		R01-A1406,R01-A2312	记录测试结果（维护人、仓位、正常/异常、时间）。	仅供共同审阅；保留每条来源、范围、版本与批准状态，不自动合并或删除。
SC-0281	R01-A1407	2	1	2	exact-text-duplicate	approval-candidate-not-approved	dispatch-and-fleet,onboard-and-site-operations		R01-A1407,R01-A2313	建议测试前禁用仓位，测完再启用，避免与业务抢用。	仅供共同审阅；保留每条来源、范围、版本与批准状态，不自动合并或删除。
SC-0282	R01-A1409	2	1	2	exact-text-duplicate	approval-candidate-not-approved	dispatch-and-fleet,onboard-and-site-operations		R01-A1409,R01-A2315	指令下发失败：判为异常，排查通信后重测。	仅供共同审阅；保留每条来源、范围、版本与批准状态，不自动合并或删除。
SC-0283	R01-A1410	2	1	2	exact-text-duplicate	approval-candidate-not-approved	dispatch-and-fleet,onboard-and-site-operations		R01-A1410,R01-A2316	门未能弹开：标记异常锁定，暂停业务分配，修复后重测并恢复启用。	仅供共同审阅；保留每条来源、范围、版本与批准状态，不自动合并或删除。
SC-0284	R01-A1412	2	1	2	exact-text-duplicate	approval-candidate-not-approved	dispatch-and-fleet,onboard-and-site-operations,equipment-agreement-and-acceptance		R01-A1412,R01-A2318	维护操作角色是否确定为设备/电气维护人员。	仅供共同审阅；保留每条来源、范围、版本与批准状态，不自动合并或删除。
SC-0285	R01-A1413	4	1	2	exact-text-duplicate	approval-candidate-not-approved	dispatch-and-fleet,onboard-and-site-operations		R01-A1413,R01-A1425,R01-A2319,R01-A2331	测试前禁用仓位是否改为强制要求。	仅供共同审阅；保留每条来源、范围、版本与批准状态，不自动合并或删除。
SC-0286	R01-A1414	2	1	2	normalized-text-duplicate	approval-candidate-not-approved	dispatch-and-fleet,onboard-and-site-operations		R01-A1414,R01-A2320	**目标：** 在仓门已打开时，验证光幕能否正确反映「有遮挡」与「无遮挡」。	仅供共同审阅；保留每条来源、范围、版本与批准状态，不自动合并或删除。
SC-0287	R01-A1416	2	1	2	exact-text-duplicate	approval-candidate-not-approved	dispatch-and-fleet,onboard-and-site-operations		R01-A1416,R01-A2322	读取并确认空仓时显示「无遮挡」。	仅供共同审阅；保留每条来源、范围、版本与批准状态，不自动合并或删除。
SC-0288	R01-A1417	2	1	2	exact-text-duplicate	approval-candidate-not-approved	dispatch-and-fleet,onboard-and-site-operations		R01-A1417,R01-A2323	放入测试物或手遮挡后，状态变为「有遮挡」。	仅供共同审阅；保留每条来源、范围、版本与批准状态，不自动合并或删除。
SC-0289	R01-A1418	2	1	2	exact-text-duplicate	approval-candidate-not-approved	dispatch-and-fleet,onboard-and-site-operations		R01-A1418,R01-A2324	移除遮挡后，状态恢复「无遮挡」。	仅供共同审阅；保留每条来源、范围、版本与批准状态，不自动合并或删除。
SC-0290	R01-A1419	4	1	2	exact-text-duplicate	approval-candidate-not-approved	dispatch-and-fleet,onboard-and-site-operations		R01-A1419,R01-A1430,R01-A2325,R01-A2336	记录测试结果。	仅供共同审阅；保留每条来源、范围、版本与批准状态，不自动合并或删除。
SC-0291	R01-A1421	2	1	2	exact-text-duplicate	approval-candidate-not-approved	dispatch-and-fleet,onboard-and-site-operations		R01-A1421,R01-A2327	空仓却显示有遮挡：先清异物，仍异常则锁定仓位并排查硬件。	仅供共同审阅；保留每条来源、范围、版本与批准状态，不自动合并或删除。
SC-0292	R01-A1422	2	1	2	exact-text-duplicate	approval-candidate-not-approved	dispatch-and-fleet,onboard-and-site-operations		R01-A1422,R01-A2328	有遮挡仍显示无遮挡，或移除后仍显示有遮挡：判为光幕异常，锁定仓位并修复后重测。	仅供共同审阅；保留每条来源、范围、版本与批准状态，不自动合并或删除。
SC-0293	R01-A1424	4	1	2	exact-text-duplicate	approval-candidate-not-approved	dispatch-and-fleet,onboard-and-site-operations		R01-A1424,R01-A1434,R01-A2330,R01-A2340	维护操作角色。	仅供共同审阅；保留每条来源、范围、版本与批准状态，不自动合并或删除。
SC-0294	R01-A1426	2	1	2	normalized-text-duplicate	approval-candidate-not-approved	dispatch-and-fleet,onboard-and-site-operations		R01-A1426,R01-A2332	**目标：** 验证系统读取的门状态信号与门实际开/关是否一致。	仅供共同审阅；保留每条来源、范围、版本与批准状态，不自动合并或删除。
SC-0295	R01-A1428	2	1	2	exact-text-duplicate	approval-candidate-not-approved	dispatch-and-fleet,onboard-and-site-operations		R01-A1428,R01-A2334	打开门后，系统显示「开启」。	仅供共同审阅；保留每条来源、范围、版本与批准状态，不自动合并或删除。
SC-0296	R01-A1429	2	1	2	exact-text-duplicate	approval-candidate-not-approved	dispatch-and-fleet,onboard-and-site-operations		R01-A1429,R01-A2335	关闭门后，系统显示「关闭」。	仅供共同审阅；保留每条来源、范围、版本与批准状态，不自动合并或删除。
SC-0297	R01-A1432	2	1	2	exact-text-duplicate	approval-candidate-not-approved	dispatch-and-fleet,onboard-and-site-operations		R01-A1432,R01-A2338	门已开但信号仍显示关闭，或门已关仍显示开启：判为传感器/反馈异常，锁定仓位并修复后重测。	仅供共同审阅；保留每条来源、范围、版本与批准状态，不自动合并或删除。
SC-0298	R01-A1435	2	1	2	exact-text-duplicate	approval-candidate-not-approved	dispatch-and-fleet,onboard-and-site-operations		R01-A1435,R01-A2341	门状态信号来自电子锁反馈还是独立门磁，是否需在文档中细化。	仅供共同审阅；保留每条来源、范围、版本与批准状态，不自动合并或删除。
SC-0299	R01-A1436	2	1	2	normalized-text-duplicate	approval-candidate-not-approved	dispatch-and-fleet,onboard-and-site-operations		R01-A1436,R01-A2342	**目标：** 双向核对「软件配置的 IO 点位」与「物理仓位」是否一一对应正确。	仅供共同审阅；保留每条来源、范围、版本与批准状态，不自动合并或删除。
SC-0300	R01-A1438	2	1	2	exact-text-duplicate	approval-candidate-not-approved	dispatch-and-fleet,onboard-and-site-operations		R01-A1438,R01-A2344	方向一：按配置对某仓位下发开锁，现场目视确认弹开的是否为同一物理仓位。	仅供共同审阅；保留每条来源、范围、版本与批准状态，不自动合并或删除。
SC-0301	R01-A1439	2	1	2	exact-text-duplicate	approval-candidate-not-approved	dispatch-and-fleet,onboard-and-site-operations		R01-A1439,R01-A2345	方向二：手动触发某物理仓位的光幕或门状态，在软件侧核对读到的仓位编号是否一致。	仅供共同审阅；保留每条来源、范围、版本与批准状态，不自动合并或删除。
SC-0302	R01-A1440	2	1	2	exact-text-duplicate	approval-candidate-not-approved	dispatch-and-fleet,onboard-and-site-operations		R01-A1440,R01-A2346	两个方向均通过则映射正确；	仅供共同审阅；保留每条来源、范围、版本与批准状态，不自动合并或删除。
SC-0303	R01-A1441	2	1	2	exact-text-duplicate	approval-candidate-not-approved	dispatch-and-fleet,onboard-and-site-operations		R01-A1441,R01-A2347	可逐仓或按车批量核对。	仅供共同审阅；保留每条来源、范围、版本与批准状态，不自动合并或删除。
SC-0304	R01-A1443	2	1	2	exact-text-duplicate	approval-candidate-not-approved	dispatch-and-fleet,onboard-and-site-operations		R01-A1443,R01-A2349	任一方向不一致：标记「映射异常」，暂停该仓业务分配，修正配置或接线后重新核对。	仅供共同审阅；保留每条来源、范围、版本与批准状态，不自动合并或删除。
SC-0305	R01-A1445	2	1	2	exact-text-duplicate	approval-candidate-not-approved	dispatch-and-fleet,onboard-and-site-operations,equipment-agreement-and-acceptance		R01-A1445,R01-A2351	维护与映射修正分别由设备维护还是 IT 执行。	仅供共同审阅；保留每条来源、范围、版本与批准状态，不自动合并或删除。
SC-0306	R01-A1446	2	1	2	exact-text-duplicate	approval-candidate-not-approved	dispatch-and-fleet,onboard-and-site-operations		R01-A1446,R01-A2352	是否提供批量自动辅助核对手段。	仅供共同审阅；保留每条来源、范围、版本与批准状态，不自动合并或删除。
SC-0307	R01-A1447	2	1	2	normalized-text-duplicate	approval-candidate-not-approved	dispatch-and-fleet,onboard-and-site-operations		R01-A1447,R01-A2353	**目标：** IT 维护人员为每个仓位录入或调整开锁输出、门状态输入、光幕输入等 IO 映射。	仅供共同审阅；保留每条来源、范围、版本与批准状态，不自动合并或删除。
SC-0308	R01-A1451	2	1	2	exact-text-duplicate	approval-candidate-not-approved	dispatch-and-fleet,onboard-and-site-operations		R01-A1451,R01-A2356	系统校验必填项完整、同一通道不重复占用。	仅供共同审阅；保留每条来源、范围、版本与批准状态，不自动合并或删除。
SC-0309	R01-A1452	2	1	2	exact-text-duplicate	approval-candidate-not-approved	dispatch-and-fleet,onboard-and-site-operations		R01-A1452,R01-A2357	保存后状态为「待核对」，需再做点位映射核对测试后方可视为可用。	仅供共同审阅；保留每条来源、范围、版本与批准状态，不自动合并或删除。
SC-0310	R01-A1453	2	1	2	exact-text-duplicate	approval-candidate-not-approved	dispatch-and-fleet,onboard-and-site-operations		R01-A1453,R01-A2358	记录变更人、前后内容、时间与原因。	仅供共同审阅；保留每条来源、范围、版本与批准状态，不自动合并或删除。
SC-0311	R01-A1455	2	1	2	exact-text-duplicate	approval-candidate-not-approved	dispatch-and-fleet,onboard-and-site-operations		R01-A1455,R01-A2360	通道被占用或必填缺失：拒绝保存并提示冲突/缺失项。	仅供共同审阅；保留每条来源、范围、版本与批准状态，不自动合并或删除。
SC-0312	R01-A1457	2	1	2	exact-text-duplicate	approval-candidate-not-approved	dispatch-and-fleet,onboard-and-site-operations		R01-A1457,R01-A2362	「待核对」状态下仓位能否参与业务装货。	仅供共同审阅；保留每条来源、范围、版本与批准状态，不自动合并或删除。
SC-0313	R01-A1458	2	1	2	exact-text-duplicate	approval-candidate-not-approved	dispatch-and-fleet,onboard-and-site-operations,equipment-agreement-and-acceptance		R01-A1458,R01-A2363	设备/电气维护人员是否需要独立的系统操作权限，还是仅现场协同。	仅供共同审阅；保留每条来源、范围、版本与批准状态，不自动合并或删除。
SC-0314	R01-A1459	2	1	2	exact-text-duplicate	approval-candidate-not-approved	dispatch-and-fleet,onboard-and-site-operations		R01-A1459,R01-A2364	是否支持批量导入；	仅供共同审阅；保留每条来源、范围、版本与批准状态，不自动合并或删除。
SC-0315	R01-A1460	2	1	2	exact-text-duplicate	approval-candidate-not-approved	dispatch-and-fleet,onboard-and-site-operations		R01-A1460,R01-A2365	高风险变更是否需二次认证。	仅供共同审阅；保留每条来源、范围、版本与批准状态，不自动合并或删除。
SC-0316	R01-A1461	3	1	2	exact-text-duplicate,normalized-text-duplicate	approval-candidate-not-approved,hold-for-question-or-reframing	dispatch-and-fleet,onboard-and-site-operations | dispatch-and-fleet,onboard-and-site-operations,equipment-agreement-and-acceptance		R01-A1461,R01-A1893,R01-A2366	仓位规格（尺寸、最大载重等）由谁配置、配置入口在哪里。	仅供共同审阅；保留每条来源、范围、版本与批准状态，不自动合并或删除。
SC-0317	R01-A1462	2	1	2	normalized-text-duplicate	approval-candidate-not-approved	dispatch-and-fleet,onboard-and-site-operations		R01-A1462,R01-A2367	**目标：** 控制某台车是否还能被系统派发新的搬运或充电任务。	仅供共同审阅；保留每条来源、范围、版本与批准状态，不自动合并或删除。
SC-0318	R01-A1464	2	1	2	exact-text-duplicate	approval-candidate-not-approved	dispatch-and-fleet,onboard-and-site-operations		R01-A1464,R01-A2369	点禁用时：若调度侧无在执行任务，立即变为已禁用；	仅供共同审阅；保留每条来源、范围、版本与批准状态，不自动合并或删除。
SC-0319	R01-A1465	2	1	2	exact-text-duplicate	approval-candidate-not-approved	dispatch-and-fleet,onboard-and-site-operations		R01-A1465,R01-A2370	若有任务在执行，先进入「禁用待生效」，任务完成后再变为已禁用。	仅供共同审阅；保留每条来源、范围、版本与批准状态，不自动合并或删除。
SC-0320	R01-A1466	2	1	2	exact-text-duplicate	approval-candidate-not-approved	dispatch-and-fleet,onboard-and-site-operations		R01-A1466,R01-A2371	点启用：清除禁用标记，恢复可派车/可充电。	仅供共同审阅；保留每条来源、范围、版本与批准状态，不自动合并或删除。
SC-0321	R01-A1467	2	1	2	exact-text-duplicate	approval-candidate-not-approved	dispatch-and-fleet,onboard-and-site-operations		R01-A1467,R01-A2372	不中断当前已下发的任务；	仅供共同审阅；保留每条来源、范围、版本与批准状态，不自动合并或删除。
SC-0322	R01-A1468	2	1	2	exact-text-duplicate	approval-candidate-not-approved	dispatch-and-fleet,onboard-and-site-operations,equipment-agreement-and-acceptance		R01-A1468,R01-A2373	不联动调度平台做设备级断电/暂停。	仅供共同审阅；保留每条来源、范围、版本与批准状态，不自动合并或删除。
SC-0323	R01-A1469	2	1	2	exact-text-duplicate	approval-candidate-not-approved	dispatch-and-fleet,onboard-and-site-operations		R01-A1469,R01-A2374	记录操作审计。	仅供共同审阅；保留每条来源、范围、版本与批准状态，不自动合并或删除。
SC-0324	R01-A1471	2	1	2	exact-text-duplicate	approval-candidate-not-approved	dispatch-and-fleet,onboard-and-site-operations		R01-A1471,R01-A2376	重复禁用或对在用车点启用：提示当前状态，忽略重复操作。	仅供共同审阅；保留每条来源、范围、版本与批准状态，不自动合并或删除。
SC-0325	R01-A1473	2	1	2	exact-text-duplicate	approval-candidate-not-approved	dispatch-and-fleet,onboard-and-site-operations		R01-A1473,R01-A2378	操作角色是否仅限 AGV 运维/调度管理员，或扩展至班组长/生产管理者。	仅供共同审阅；保留每条来源、范围、版本与批准状态，不自动合并或删除。
SC-0326	R01-A1474	2	1	2	exact-text-duplicate	approval-candidate-not-approved	dispatch-and-fleet,onboard-and-site-operations,equipment-agreement-and-acceptance		R01-A1474,R01-A2379	是否需联动调度平台做设备级禁用。	仅供共同审阅；保留每条来源、范围、版本与批准状态，不自动合并或删除。
SC-0327	R01-A1475	2	1	2	exact-text-duplicate	approval-candidate-not-approved	dispatch-and-fleet,onboard-and-site-operations		R01-A1475,R01-A2380	车队看板是否展示禁用/禁用待生效状态。	仅供共同审阅；保留每条来源、范围、版本与批准状态，不自动合并或删除。
SC-0328	R01-A1476	2	1	2	normalized-text-duplicate	approval-candidate-not-approved	dispatch-and-fleet,onboard-and-site-operations		R01-A1476,R01-A2381	**目标：** 将调度平台已有车辆纳入本系统管理，建立本地档案与调度配置。	仅供共同审阅；保留每条来源、范围、版本与批准状态，不自动合并或删除。
SC-0329	R01-A1478	2	1	2	exact-text-duplicate	approval-candidate-not-approved	dispatch-and-fleet,onboard-and-site-operations		R01-A1478,R01-A2383	从调度平台车辆列表选择未接入车辆（不在本平台创建车辆）。	仅供共同审阅；保留每条来源、范围、版本与批准状态，不自动合并或删除。
SC-0330	R01-A1479	2	1	2	exact-text-duplicate	approval-candidate-not-approved	dispatch-and-fleet,onboard-and-site-operations		R01-A1479,R01-A2384	填写本地名称、车型、服务区域、最低接单电量、调度权重等。	仅供共同审阅；保留每条来源、范围、版本与批准状态，不自动合并或删除。
SC-0331	R01-A1480	2	1	2	exact-text-duplicate	approval-candidate-not-approved	dispatch-and-fleet,onboard-and-site-operations		R01-A1480,R01-A2385	独立选择多仓位模型已发布版本，系统自动生成仓位实例。	仅供共同审阅；保留每条来源、范围、版本与批准状态，不自动合并或删除。
SC-0332	R01-A1481	2	1	2	exact-text-duplicate	approval-candidate-not-approved	dispatch-and-fleet,onboard-and-site-operations		R01-A1481,R01-A2386	新车默认「已禁用」，检查完成后再手动启用。	仅供共同审阅；保留每条来源、范围、版本与批准状态，不自动合并或删除。
SC-0333	R01-A1482	2	1	2	exact-text-duplicate	approval-candidate-not-approved	dispatch-and-fleet,onboard-and-site-operations		R01-A1482,R01-A2387	记录接入审计。	仅供共同审阅；保留每条来源、范围、版本与批准状态，不自动合并或删除。
SC-0334	R01-A1484	2	1	2	exact-text-duplicate	approval-candidate-not-approved	dispatch-and-fleet,onboard-and-site-operations		R01-A1484,R01-A2389	无法获取完整车辆列表：不允许手工编造车辆编号，提示接口异常。	仅供共同审阅；保留每条来源、范围、版本与批准状态，不自动合并或删除。
SC-0335	R01-A1485	2	1	2	exact-text-duplicate	approval-candidate-not-approved	dispatch-and-fleet,onboard-and-site-operations		R01-A1485,R01-A2390	所选模型版本非已发布：拒绝保存。	仅供共同审阅；保留每条来源、范围、版本与批准状态，不自动合并或删除。
SC-0336	R01-A1486	2	1	2	exact-text-duplicate	approval-candidate-not-approved	dispatch-and-fleet,onboard-and-site-operations		R01-A1486,R01-A2391	车辆已存在：拒绝重复接入。	仅供共同审阅；保留每条来源、范围、版本与批准状态，不自动合并或删除。
SC-0337	R01-A1487	2	1	2	exact-text-duplicate	approval-candidate-not-approved	dispatch-and-fleet,onboard-and-site-operations		R01-A1487,R01-A2392	配置不完整或不合法：逐项提示修正。	仅供共同审阅；保留每条来源、范围、版本与批准状态，不自动合并或删除。
SC-0338	R01-A1489	2	1	2	exact-text-duplicate	approval-candidate-not-approved	dispatch-and-fleet,onboard-and-site-operations		R01-A1489,R01-A2394	已归档车辆是否允许恢复、恢复后是否沿用原档案。	仅供共同审阅；保留每条来源、范围、版本与批准状态，不自动合并或删除。
SC-0339	R01-A1490	2	1	2	exact-text-duplicate	approval-candidate-not-approved	dispatch-and-fleet,onboard-and-site-operations		R01-A1490,R01-A2395	新接入当天是否必须完成 IO 映射录入。	仅供共同审阅；保留每条来源、范围、版本与批准状态，不自动合并或删除。
SC-0340	R01-A1491	2	1	2	normalized-text-duplicate	approval-candidate-not-approved	dispatch-and-fleet,onboard-and-site-operations		R01-A1491,R01-A2396	**目标：** 调整已接入车辆的本地调度参数（不含更换仓位结构）。	仅供共同审阅；保留每条来源、范围、版本与批准状态，不自动合并或删除。
SC-0341	R01-A1493	2	1	2	exact-text-duplicate	approval-candidate-not-approved	dispatch-and-fleet,onboard-and-site-operations		R01-A1493,R01-A2398	车辆须已禁用、无未完成作业、全部仓门关闭方可修改。	仅供共同审阅；保留每条来源、范围、版本与批准状态，不自动合并或删除。
SC-0342	R01-A1494	2	1	2	exact-text-duplicate	approval-candidate-not-approved	dispatch-and-fleet,onboard-and-site-operations		R01-A1494,R01-A2399	可改：本地名称、调度车辆映射、车型、服务区域、最低接单电量、权重、备注。	仅供共同审阅；保留每条来源、范围、版本与批准状态，不自动合并或删除。
SC-0343	R01-A1495	2	1	2	exact-text-duplicate	approval-candidate-not-approved	dispatch-and-fleet,onboard-and-site-operations		R01-A1495,R01-A2400	仓位结构只读展示（来自接入时绑定的模型快照，不可在此修改）。	仅供共同审阅；保留每条来源、范围、版本与批准状态，不自动合并或删除。
SC-0344	R01-A1496	2	1	2	exact-text-duplicate	approval-candidate-not-approved	dispatch-and-fleet,onboard-and-site-operations		R01-A1496,R01-A2401	保存后车辆仍保持禁用，需另行启用；	仅供共同审阅；保留每条来源、范围、版本与批准状态，不自动合并或删除。
SC-0345	R01-A1497	2	1	2	exact-text-duplicate	approval-candidate-not-approved	dispatch-and-fleet,onboard-and-site-operations		R01-A1497,R01-A2402	记录变更审计。	仅供共同审阅；保留每条来源、范围、版本与批准状态，不自动合并或删除。
SC-0346	R01-A1499	2	1	2	exact-text-duplicate	approval-candidate-not-approved	dispatch-and-fleet,onboard-and-site-operations		R01-A1499,R01-A2404	未完全停用、有作业或仓门未关：拒绝保存。	仅供共同审阅；保留每条来源、范围、版本与批准状态，不自动合并或删除。
SC-0347	R01-A1500	2	1	2	exact-text-duplicate	approval-candidate-not-approved	dispatch-and-fleet,onboard-and-site-operations		R01-A1500,R01-A2405	车辆映射冲突、外部车辆不存在或配置不合法：拒绝并列出冲突项。	仅供共同审阅；保留每条来源、范围、版本与批准状态，不自动合并或删除。
SC-0348	R01-A1502	2	1	2	exact-text-duplicate	approval-candidate-not-approved	dispatch-and-fleet,onboard-and-site-operations		R01-A1502,R01-A2407	仅改备注是否可免除「须先禁用」条件。	仅供共同审阅；保留每条来源、范围、版本与批准状态，不自动合并或删除。
SC-0349	R01-A1503	2	1	2	exact-text-duplicate	approval-candidate-not-approved	dispatch-and-fleet,onboard-and-site-operations		R01-A1503,R01-A2408	「最低接单电量」与充电策略中「触发/完成阈值」的数值关系。	仅供共同审阅；保留每条来源、范围、版本与批准状态，不自动合并或删除。
SC-0350	R01-A1504	2	1	2	normalized-text-duplicate	approval-candidate-not-approved	dispatch-and-fleet,onboard-and-site-operations		R01-A1504,R01-A2409	**目标：** 对不再参与业务的车辆进行软删除，保留全部历史。	仅供共同审阅；保留每条来源、范围、版本与批准状态，不自动合并或删除。
SC-0351	R01-A1506	2	1	2	exact-text-duplicate	approval-candidate-not-approved	dispatch-and-fleet,onboard-and-site-operations		R01-A1506,R01-A2411	须已禁用、无进行中任务/作业、调度队列为空、仓门全关、安全状态正常。	仅供共同审阅；保留每条来源、范围、版本与批准状态，不自动合并或删除。
SC-0352	R01-A1507	2	1	2	exact-text-duplicate	approval-candidate-not-approved	dispatch-and-fleet,onboard-and-site-operations		R01-A1507,R01-A2412	二次确认后标记为已归档，退出日常列表与派车候选。	仅供共同审阅；保留每条来源、范围、版本与批准状态，不自动合并或删除。
SC-0353	R01-A1508	2	1	2	exact-text-duplicate	approval-candidate-not-approved	dispatch-and-fleet,onboard-and-site-operations		R01-A1508,R01-A2413	不删除调度平台车辆，不物理删除本地历史。	仅供共同审阅；保留每条来源、范围、版本与批准状态，不自动合并或删除。
SC-0354	R01-A1510	2	1	2	exact-text-duplicate	approval-candidate-not-approved	dispatch-and-fleet,onboard-and-site-operations		R01-A1510,R01-A2415	未禁用、有未结束业务、队列非空或安全状态异常：拒绝归档并说明原因。	仅供共同审阅；保留每条来源、范围、版本与批准状态，不自动合并或删除。
SC-0355	R01-A1512	2	1	2	exact-text-duplicate	approval-candidate-not-approved	dispatch-and-fleet,onboard-and-site-operations		R01-A1512,R01-A2417	归档后是否允许恢复启用。	仅供共同审阅；保留每条来源、范围、版本与批准状态，不自动合并或删除。
SC-0356	R01-A1513	2	1	2	exact-text-duplicate	approval-candidate-not-approved	dispatch-and-fleet,onboard-and-site-operations		R01-A1513,R01-A2418	调度平台车辆编号被其他车复用时的处理规则。	仅供共同审阅；保留每条来源、范围、版本与批准状态，不自动合并或删除。
SC-0357	R01-A1514	2	1	2	normalized-text-duplicate	approval-candidate-not-approved	dispatch-and-fleet,onboard-and-site-operations		R01-A1514,R01-A2419	**目标：** 运维人员查看每辆车的综合状态及「能否派新任务」及原因。	仅供共同审阅；保留每条来源、范围、版本与批准状态，不自动合并或删除。
SC-0358	R01-A1516	2	1	2	exact-text-duplicate	approval-candidate-not-approved	dispatch-and-fleet,onboard-and-site-operations		R01-A1516,R01-A2421	展示本地配置、启停/归档、调度在线/电量/队列、仓门光幕安全状态。	仅供共同审阅；保留每条来源、范围、版本与批准状态，不自动合并或删除。
SC-0359	R01-A1517	2	1	2	exact-text-duplicate	approval-candidate-not-approved	dispatch-and-fleet,onboard-and-site-operations		R01-A1517,R01-A2422	按业务规则计算「可分配/不可分配」及组合原因（如已禁用、电量不足、门状态未知等）。	仅供共同审阅；保留每条来源、范围、版本与批准状态，不自动合并或删除。
SC-0360	R01-A1518	2	1	2	exact-text-duplicate	approval-candidate-not-approved	dispatch-and-fleet,onboard-and-site-operations		R01-A1518,R01-A2423	可查看归档车辆历史信息，但不显示为可分配。	仅供共同审阅；保留每条来源、范围、版本与批准状态，不自动合并或删除。
SC-0361	R01-A1519	2	1	2	exact-text-duplicate	approval-candidate-not-approved	dispatch-and-fleet,onboard-and-site-operations		R01-A1519,R01-A2424	本场景只读，不修改任何数据。	仅供共同审阅；保留每条来源、范围、版本与批准状态，不自动合并或删除。
SC-0362	R01-A1521	2	1	2	exact-text-duplicate	approval-candidate-not-approved	dispatch-and-fleet,onboard-and-site-operations		R01-A1521,R01-A2426	外部或 IO 状态读失败：标为过期/未知，该车判为不可分配并告警。	仅供共同审阅；保留每条来源、范围、版本与批准状态，不自动合并或删除。
SC-0363	R01-A1523	2	1	2	exact-text-duplicate	approval-candidate-not-approved	dispatch-and-fleet,onboard-and-site-operations		R01-A1523,R01-A2428	状态刷新周期、过期阈值、告警去重策略。	仅供共同审阅；保留每条来源、范围、版本与批准状态，不自动合并或删除。
SC-0364	R01-A1524	2	1	2	normalized-text-duplicate	approval-candidate-not-approved	dispatch-and-fleet,onboard-and-site-operations		R01-A1524,R01-A2429	**目标：** 定义多仓位车的仓位布局（几个面、每仓位置与规格），供接入车辆时选用。	仅供共同审阅；保留每条来源、范围、版本与批准状态，不自动合并或删除。
SC-0365	R01-A1526	2	1	2	exact-text-duplicate	approval-candidate-not-approved	dispatch-and-fleet,onboard-and-site-operations		R01-A1526,R01-A2431	按面与网格定义仓位编号、位置、跨格、尺寸与最大载重。	仅供共同审阅；保留每条来源、范围、版本与批准状态，不自动合并或删除。
SC-0366	R01-A1527	2	1	2	exact-text-duplicate	approval-candidate-not-approved	dispatch-and-fleet,onboard-and-site-operations		R01-A1527,R01-A2432	草稿可编辑；	仅供共同审阅；保留每条来源、范围、版本与批准状态，不自动合并或删除。
SC-0367	R01-A1528	2	1	2	exact-text-duplicate	approval-candidate-not-approved	dispatch-and-fleet,onboard-and-site-operations		R01-A1528,R01-A2433	发布生成不可变版本；	仅供共同审阅；保留每条来源、范围、版本与批准状态，不自动合并或删除。
SC-0368	R01-A1529	2	1	2	exact-text-duplicate	approval-candidate-not-approved	dispatch-and-fleet,onboard-and-site-operations		R01-A1529,R01-A2434	停用后不可用于新接入。	仅供共同审阅；保留每条来源、范围、版本与批准状态，不自动合并或删除。
SC-0369	R01-A1530	4	1	2	exact-text-duplicate	approval-candidate-not-approved	dispatch-and-fleet,onboard-and-site-operations		R01-A1530,R01-A1685,R01-A2435,R01-A2585	发布/停用须二次认证；	仅供共同审阅；保留每条来源、范围、版本与批准状态，不自动合并或删除。
SC-0370	R01-A1531	2	1	2	exact-text-duplicate	approval-candidate-not-approved	dispatch-and-fleet,onboard-and-site-operations		R01-A1531,R01-A2436	新版本只影响之后新接入的车，已接入车绑定快照不变。	仅供共同审阅；保留每条来源、范围、版本与批准状态，不自动合并或删除。
SC-0371	R01-A1532	2	1	2	exact-text-duplicate	approval-candidate-not-approved	dispatch-and-fleet,onboard-and-site-operations		R01-A1532,R01-A2437	车型与多仓位模型独立选择，不做强制绑定。	仅供共同审阅；保留每条来源、范围、版本与批准状态，不自动合并或删除。
SC-0372	R01-A1534	2	1	2	exact-text-duplicate	approval-candidate-not-approved	dispatch-and-fleet,onboard-and-site-operations		R01-A1534,R01-A2439	编号重复、仓位重叠、规格缺失、认证失败或保存失败：拒绝发布并回滚。	仅供共同审阅；保留每条来源、范围、版本与批准状态，不自动合并或删除。
SC-0373	R01-A1536	2	1	2	exact-text-duplicate	approval-candidate-not-approved	dispatch-and-fleet,onboard-and-site-operations		R01-A1536,R01-A2441	无（核心规则已确认；	仅供共同审阅；保留每条来源、范围、版本与批准状态，不自动合并或删除。
SC-0374	R01-A1537	2	1	2	exact-text-duplicate	approval-candidate-not-approved	dispatch-and-fleet,onboard-and-site-operations		R01-A1537,R01-A2442	面/仓位数量不设上限）。	仅供共同审阅；保留每条来源、范围、版本与批准状态，不自动合并或删除。
SC-0375	R01-A1538	2	1	2	semantic-near-review	approval-candidate-not-approved	MES-integration,dispatch-and-fleet,onboard-and-site-operations		R01-A1538,R01-A2443	**目标：** 定时从 MES 只读拉取六类搬运候选，生成本地任务并与 MES 快照对账。	仅供共同审阅；保留每条来源、范围、版本与批准状态，不自动合并或删除。
SC-0376	R01-A1540	2	1	2	semantic-near-review	approval-candidate-not-approved	MES-integration,dispatch-and-fleet,onboard-and-site-operations		R01-A1540,R01-A2445	用合并查询一次拉取六类任务，默认每轮间隔约 10 秒（合并查询性能实测约 3 秒级，已通过）。	仅供共同审阅；保留每条来源、范围、版本与批准状态，不自动合并或删除。
SC-0377	R01-A1541	2	1	2	exact-text-duplicate	approval-candidate-not-approved	MES-integration,dispatch-and-fleet,onboard-and-site-operations		R01-A1541,R01-A2446	按「任务类型 + 子批号」去重；	仅供共同审阅；保留每条来源、范围、版本与批准状态，不自动合并或删除。
SC-0378	R01-A1542	2	1	2	exact-text-duplicate	approval-candidate-not-approved	MES-integration,dispatch-and-fleet,onboard-and-site-operations		R01-A1542,R01-A2447	新建或刷新「最后见到」时间。	仅供共同审阅；保留每条来源、范围、版本与批准状态，不自动合并或删除。
SC-0379	R01-A1543	2	1	2	exact-text-duplicate	approval-candidate-not-approved	MES-integration,dispatch-and-fleet,onboard-and-site-operations		R01-A1543,R01-A2448	解析 AREA 得到起终点站点名并冻结；	仅供共同审阅；保留每条来源、范围、版本与批准状态，不自动合并或删除。
SC-0380	R01-A1544	2	1	2	exact-text-duplicate	approval-candidate-not-approved	MES-integration,dispatch-and-fleet,onboard-and-site-operations		R01-A1544,R01-A2449	任务创建时冻结机台、区域、时间与起终点。	仅供共同审阅；保留每条来源、范围、版本与批准状态，不自动合并或删除。
SC-0381	R01-A1545	2	1	2	exact-text-duplicate	approval-candidate-not-approved	MES-integration,dispatch-and-fleet,onboard-and-site-operations		R01-A1545,R01-A2450	取货前连续多轮完整查询仍不见该任务：自动取消并撤销相关取货路线。	仅供共同审阅；保留每条来源、范围、版本与批准状态，不自动合并或删除。
SC-0382	R01-A1547	2	1	2	exact-text-duplicate	hold-for-hitl-conflict-decision	MES-integration,dispatch-and-fleet,onboard-and-site-operations		R01-A1547,R01-A2452	当前阶段只读 MES，不回写任何状态。	仅供共同审阅；保留每条来源、范围、版本与批准状态，不自动合并或删除。
SC-0383	R01-A1548	2	1	2	exact-text-duplicate	approval-candidate-not-approved	MES-integration,dispatch-and-fleet,onboard-and-site-operations		R01-A1548,R01-A2453	记录每轮同步日志与统计。	仅供共同审阅；保留每条来源、范围、版本与批准状态，不自动合并或删除。
SC-0384	R01-A1550	2	1	2	exact-text-duplicate	approval-candidate-not-approved	MES-integration,dispatch-and-fleet,onboard-and-site-operations		R01-A1550,R01-A2455	MES 查询超时/失败/不完整：本轮不建新任务、不累计消失、不批量取消；	仅供共同审阅；保留每条来源、范围、版本与批准状态，不自动合并或删除。
SC-0385	R01-A1551	2	1	2	exact-text-duplicate	approval-candidate-not-approved	MES-integration,dispatch-and-fleet,onboard-and-site-operations		R01-A1551,R01-A2456	连续多轮失败升级报警。	仅供共同审阅；保留每条来源、范围、版本与批准状态，不自动合并或删除。
SC-0386	R01-A1552	2	1	2	exact-text-duplicate	approval-candidate-not-approved	MES-integration,dispatch-and-fleet,onboard-and-site-operations		R01-A1552,R01-A2457	机台号为空、同一机台对应多个区域、同一子批号同轮命中多类型（含关卡与三光互斥）等：阻断性数据异常，不得自动择一创建。	仅供共同审阅；保留每条来源、范围、版本与批准状态，不自动合并或删除。
SC-0387	R01-A1553	2	1	2	exact-text-duplicate	approval-candidate-not-approved	MES-integration,dispatch-and-fleet,onboard-and-site-operations		R01-A1553,R01-A2458	AREA 无法解析或冲突：任务进入位置异常，不得派车；	仅供共同审阅；保留每条来源、范围、版本与批准状态，不自动合并或删除。
SC-0388	R01-A1554	3	2	3	exact-text-duplicate,normalized-text-duplicate	approval-candidate-not-approved,excluded-not-for-requirement-approval	MES-dispatch-and-RIoT | MES-integration,dispatch-and-fleet,onboard-and-site-operations		R01-A1554,R01-A2459,R03-A1381	不因后续 MES 补全自动恢复。	仅供共同审阅；保留每条来源、范围、版本与批准状态，不自动合并或删除。
SC-0389	R01-A1555	2	1	2	exact-text-duplicate	approval-candidate-not-approved	MES-integration,dispatch-and-fleet,onboard-and-site-operations		R01-A1555,R01-A2460	某类任务数量从正常非零骤降至零：暂停该类「消失取消」并报警（异常骤降保护），恢复后自动解除。	仅供共同审阅；保留每条来源、范围、版本与批准状态，不自动合并或删除。
SC-0390	R01-A1558	2	1	2	exact-text-duplicate	approval-candidate-not-approved	MES-integration,dispatch-and-fleet,onboard-and-site-operations		R01-A1558,R01-A2462	MES 中断期间：已装货任务继续本地执行；	仅供共同审阅；保留每条来源、范围、版本与批准状态，不自动合并或删除。
SC-0391	R01-A1559	2	1	2	exact-text-duplicate	approval-candidate-not-approved	MES-integration,dispatch-and-fleet,onboard-and-site-operations		R01-A1559,R01-A2463	未装货但已派车的任务暂停前往，待恢复后再确认。	仅供共同审阅；保留每条来源、范围、版本与批准状态，不自动合并或删除。
SC-0392	R01-A1561	2	1	2	semantic-near-review	approval-candidate-not-approved	MES-integration,dispatch-and-fleet,onboard-and-site-operations		R01-A1561,R01-A2465	无（核心规则已确认：六类合并查询、幂等键、装货边界、不回写、位置异常不派车、异常骤降保护）。	仅供共同审阅；保留每条来源、范围、版本与批准状态，不自动合并或删除。
SC-0393	R01-A1562	2	1	2	normalized-text-duplicate	approval-candidate-not-approved	dispatch-and-fleet,onboard-and-site-operations		R01-A1562,R01-A2466	**目标：** 当某车调度侧队列清空后，将下一批待执行站点行驶指令下发给调度平台。	仅供共同审阅；保留每条来源、范围、版本与批准状态，不自动合并或删除。
SC-0394	R01-A1564	2	1	2	exact-text-duplicate	approval-candidate-not-approved	dispatch-and-fleet,onboard-and-site-operations		R01-A1564,R01-A2468	每台车调度侧同时只允许 0 或 1 条移动任务；	仅供共同审阅；保留每条来源、范围、版本与批准状态，不自动合并或删除。
SC-0395	R01-A1565	2	1	2	exact-text-duplicate	approval-candidate-not-approved	dispatch-and-fleet,onboard-and-site-operations		R01-A1565,R01-A2469	待处理搬运任务积压在本地。	仅供共同审阅；保留每条来源、范围、版本与批准状态，不自动合并或删除。
SC-0396	R01-A1566	2	1	2	exact-text-duplicate	approval-candidate-not-approved	dispatch-and-fleet,onboard-and-site-operations		R01-A1566,R01-A2470	队列变空且存在可派「新建」任务、车辆未禁用时，确定本次任务集合并下发。	仅供共同审阅；保留每条来源、范围、版本与批准状态，不自动合并或删除。
SC-0397	R01-A1567	2	1	2	exact-text-duplicate	approval-candidate-not-approved	dispatch-and-fleet,onboard-and-site-operations		R01-A1567,R01-A2471	涉及本地任务状态由「新建」变为「进行中」；	仅供共同审阅；保留每条来源、范围、版本与批准状态，不自动合并或删除。
SC-0398	R01-A1568	4	1	2	exact-text-duplicate	approval-candidate-not-approved	dispatch-and-fleet,onboard-and-site-operations		R01-A1568,R01-A1878,R01-A2472,R01-A2778	记录下发日志。	仅供共同审阅；保留每条来源、范围、版本与批准状态，不自动合并或删除。
SC-0399	R01-A1569	2	1	2	exact-text-duplicate	approval-candidate-not-approved	dispatch-and-fleet,onboard-and-site-operations		R01-A1569,R01-A2473	派车范围划分由独立规则负责，本场景只管「确定后如何下发」。	仅供共同审阅；保留每条来源、范围、版本与批准状态，不自动合并或删除。
SC-0400	R01-A1573	2	1	2	exact-text-duplicate	approval-candidate-not-approved	dispatch-and-fleet,onboard-and-site-operations		R01-A1573,R01-A2475	触发时发现队列实际非空：不下发，记录异常待排查。	仅供共同审阅；保留每条来源、范围、版本与批准状态，不自动合并或删除。
SC-0401	R01-A1574	2	1	2	exact-text-duplicate	approval-candidate-not-approved	dispatch-and-fleet,onboard-and-site-operations		R01-A1574,R01-A2476	下发失败/超时：自动重试，达阈值告警；	仅供共同审阅；保留每条来源、范围、版本与批准状态，不自动合并或删除。
SC-0402	R01-A1575	2	1	2	exact-text-duplicate	approval-candidate-not-approved	dispatch-and-fleet,onboard-and-site-operations		R01-A1575,R01-A2477	本地任务保持「新建」不误标为进行中。	仅供共同审阅；保留每条来源、范围、版本与批准状态，不自动合并或删除。
SC-0403	R01-A1576	2	1	2	exact-text-duplicate	approval-candidate-not-approved	dispatch-and-fleet,onboard-and-site-operations		R01-A1576,R01-A2478	与手动充电、回停靠点竞争同一「空闲窗口」：谁先完成谁生效，不排队抢占。	仅供共同审阅；保留每条来源、范围、版本与批准状态，不自动合并或删除。
SC-0404	R01-A1578	2	1	2	exact-text-duplicate	approval-candidate-not-approved	dispatch-and-fleet,onboard-and-site-operations		R01-A1578,R01-A2480	到站后人工取消任务时，是否需联动向调度平台发取消指令及队列清理方式。	仅供共同审阅；保留每条来源、范围、版本与批准状态，不自动合并或删除。
SC-0405	R01-A1579	2	1	2	exact-text-duplicate	approval-candidate-not-approved	dispatch-and-fleet,onboard-and-site-operations		R01-A1579,R01-A2481	下发失败重试次数与间隔。	仅供共同审阅；保留每条来源、范围、版本与批准状态，不自动合并或删除。
SC-0406	R01-A1580	2	1	2	normalized-text-duplicate	approval-candidate-not-approved	dispatch-and-fleet,onboard-and-site-operations		R01-A1580,R01-A2482	**目标：** 下发移动任务后持续查询调度状态，直到确认车辆已到目标站。	仅供共同审阅；保留每条来源、范围、版本与批准状态，不自动合并或删除。
SC-0407	R01-A1582	2	1	2	exact-text-duplicate	approval-candidate-not-approved	dispatch-and-fleet,onboard-and-site-operations		R01-A1582,R01-A2484	移动任务下发后开始轮询调度平台。	仅供共同审阅；保留每条来源、范围、版本与批准状态，不自动合并或删除。
SC-0408	R01-A1585	2	1	2	exact-text-duplicate	approval-candidate-not-approved	dispatch-and-fleet,onboard-and-site-operations		R01-A1585,R01-A2485	读到「已到达目标站点」后，将到站事件交给后续「到达指定站点」处理（更新状态、切换工控界面）。	仅供共同审阅；保留每条来源、范围、版本与批准状态，不自动合并或删除。
SC-0409	R01-A1587	2	1	2	exact-text-duplicate	approval-candidate-not-approved	dispatch-and-fleet,onboard-and-site-operations		R01-A1587,R01-A2487	轮询通信异常：告警并持续重试；	仅供共同审阅；保留每条来源、范围、版本与批准状态，不自动合并或删除。
SC-0410	R01-A1588	2	1	2	exact-text-duplicate	approval-candidate-not-approved	dispatch-and-fleet,onboard-and-site-operations		R01-A1588,R01-A2488	恢复前本地保持「移动中」，不误标已到站。	仅供共同审阅；保留每条来源、范围、版本与批准状态，不自动合并或删除。
SC-0411	R01-A1590	2	1	2	exact-text-duplicate	approval-candidate-not-approved	dispatch-and-fleet,onboard-and-site-operations		R01-A1590,R01-A2490	轮询重试次数与间隔。	仅供共同审阅；保留每条来源、范围、版本与批准状态，不自动合并或删除。
SC-0412	R01-A1591	2	1	2	normalized-text-duplicate	approval-candidate-not-approved	dispatch-and-fleet,onboard-and-site-operations		R01-A1591,R01-A2491	**目标：** 为待处理搬运任务选择具体 AGV 并建立绑定，再触发下发。	仅供共同审阅；保留每条来源、范围、版本与批准状态，不自动合并或删除。
SC-0413	R01-A1593	2	1	2	exact-text-duplicate	approval-candidate-not-approved	dispatch-and-fleet,onboard-and-site-operations		R01-A1593,R01-A2493	新任务产生、某车变为可分配、或原分配释放时触发。	仅供共同审阅；保留每条来源、范围、版本与批准状态，不自动合并或删除。
SC-0414	R01-A1594	2	1	2	exact-text-duplicate	approval-candidate-not-approved	dispatch-and-fleet,onboard-and-site-operations		R01-A1594,R01-A2494	先按派车范围规则确定本次任务集合（含复合停靠、上下游等待、顺路取货可延迟配送）。	仅供共同审阅；保留每条来源、范围、版本与批准状态，不自动合并或删除。
SC-0415	R01-A1595	2	1	2	exact-text-duplicate	approval-candidate-not-approved	dispatch-and-fleet,onboard-and-site-operations		R01-A1595,R01-A2495	再过滤：已启用、未归档、调度在线且队列空、无本地未完成作业、仓门全关、安全正常、电量达标、服务区域与仓位能力满足。	仅供共同审阅；保留每条来源、范围、版本与批准状态，不自动合并或删除。
SC-0416	R01-A1596	2	1	2	exact-text-duplicate	approval-candidate-not-approved	dispatch-and-fleet,onboard-and-site-operations		R01-A1596,R01-A2496	排序时第 5 类叫料任务优先，并结合等待时长、距离、电量等；	仅供共同审阅；保留每条来源、范围、版本与批准状态，不自动合并或删除。
SC-0417	R01-A1597	2	1	2	exact-text-duplicate	approval-candidate-not-approved	dispatch-and-fleet,onboard-and-site-operations		R01-A1597,R01-A2497	原子绑定一台车。	仅供共同审阅；保留每条来源、范围、版本与批准状态，不自动合并或删除。
SC-0418	R01-A1598	2	1	2	exact-text-duplicate	approval-candidate-not-approved	dispatch-and-fleet,onboard-and-site-operations		R01-A1598,R01-A2498	绑定后任务仍为「新建」，待下发成功才变「进行中」；	仅供共同审阅；保留每条来源、范围、版本与批准状态，不自动合并或删除。
SC-0419	R01-A1599	2	1	2	exact-text-duplicate	approval-candidate-not-approved	dispatch-and-fleet,onboard-and-site-operations		R01-A1599,R01-A2499	无合格车辆则保持未分配等待。	仅供共同审阅；保留每条来源、范围、版本与批准状态，不自动合并或删除。
SC-0420	R01-A1600	2	1	2	exact-text-duplicate	approval-candidate-not-approved	dispatch-and-fleet,onboard-and-site-operations		R01-A1600,R01-A2500	关键状态读不到时按「不可派车」处理。	仅供共同审阅；保留每条来源、范围、版本与批准状态，不自动合并或删除。
SC-0421	R01-A1602	2	1	2	exact-text-duplicate	approval-candidate-not-approved	dispatch-and-fleet,onboard-and-site-operations		R01-A1602,R01-A2502	关键状态读不到：该车不参与候选。	仅供共同审阅；保留每条来源、范围、版本与批准状态，不自动合并或删除。
SC-0422	R01-A1603	2	1	2	exact-text-duplicate	approval-candidate-not-approved	dispatch-and-fleet,onboard-and-site-operations		R01-A1603,R01-A2503	并发绑定冲突：放弃本次写入并重新评估。	仅供共同审阅；保留每条来源、范围、版本与批准状态，不自动合并或删除。
SC-0423	R01-A1605	2	1	2	exact-text-duplicate	approval-candidate-not-approved	dispatch-and-fleet,onboard-and-site-operations		R01-A1605,R01-A2505	无车辆响应时提升优先级的默认分钟数（约 1～3 分钟可配置，需拍板默认值）。	仅供共同审阅；保留每条来源、范围、版本与批准状态，不自动合并或删除。
SC-0424	R01-A1606	2	1	2	exact-text-duplicate	approval-candidate-not-approved	dispatch-and-fleet,onboard-and-site-operations		R01-A1606,R01-A2506	除第 5 类外，其余任务类型优先级权重公式。	仅供共同审阅；保留每条来源、范围、版本与批准状态，不自动合并或删除。
SC-0425	R01-A1607	2	1	2	exact-text-duplicate	approval-candidate-not-approved	dispatch-and-fleet,onboard-and-site-operations		R01-A1607,R01-A2507	顺路取货相对当前配送的最大延迟阈值。	仅供共同审阅；保留每条来源、范围、版本与批准状态，不自动合并或删除。
SC-0426	R01-A1608	2	1	2	exact-text-duplicate	approval-candidate-not-approved	dispatch-and-fleet,onboard-and-site-operations		R01-A1608,R01-A2508	无车可派时的告警阈值与频率。	仅供共同审阅；保留每条来源、范围、版本与批准状态，不自动合并或删除。
SC-0427	R01-A1609	2	1	2	exact-text-duplicate	approval-candidate-not-approved	dispatch-and-fleet,onboard-and-site-operations		R01-A1609,R01-A2509	是否需要管理员人工改派及权限审计流程。	仅供共同审阅；保留每条来源、范围、版本与批准状态，不自动合并或删除。
SC-0428	R01-A1610	2	1	2	normalized-text-duplicate	approval-candidate-not-approved	dispatch-and-fleet,onboard-and-site-operations		R01-A1610,R01-A2510	**目标：** 车辆在途故障或长时间离线时，安全处置车上关联的搬运任务。	仅供共同审阅；保留每条来源、范围、版本与批准状态，不自动合并或删除。
SC-0429	R01-A1612	2	1	2	exact-text-duplicate	approval-candidate-not-approved	dispatch-and-fleet,onboard-and-site-operations		R01-A1612,R01-A2512	运维进入故障处理界面，查看该车全部未完成任务及各自装货状态（以「第一个仓门是否已打开」为装货边界）。	仅供共同审阅；保留每条来源、范围、版本与批准状态，不自动合并或删除。
SC-0430	R01-A1613	2	1	2	exact-text-duplicate	approval-candidate-not-approved	dispatch-and-fleet,onboard-and-site-operations		R01-A1613,R01-A2513	将车辆标记为故障/不可用，不再自动派新任务。	仅供共同审阅；保留每条来源、范围、版本与批准状态，不自动合并或删除。
SC-0431	R01-A1614	2	1	2	exact-text-duplicate	approval-candidate-not-approved	dispatch-and-fleet,onboard-and-site-operations		R01-A1614,R01-A2514	尚未开始装货的任务：回退为可重新分配，改派其他可用车。	仅供共同审阅；保留每条来源、范围、版本与批准状态，不自动合并或删除。
SC-0432	R01-A1615	2	1	2	exact-text-duplicate	approval-candidate-not-approved	dispatch-and-fleet,onboard-and-site-operations		R01-A1615,R01-A2515	已开始装货未送达的任务：选择「等待修复继续」或「人工取出产品后终止原任务」。	仅供共同审阅；保留每条来源、范围、版本与批准状态，不自动合并或删除。
SC-0433	R01-A1617	2	1	2	exact-text-duplicate	approval-candidate-not-approved	dispatch-and-fleet,onboard-and-site-operations		R01-A1617,R01-A2517	调度接口不可达：提示无法确认真实状态，可基于现场判断强制标记。	仅供共同审阅；保留每条来源、范围、版本与批准状态，不自动合并或删除。
SC-0434	R01-A1618	2	1	2	exact-text-duplicate	approval-candidate-not-approved	dispatch-and-fleet,onboard-and-site-operations		R01-A1618,R01-A2518	改派时无可用车：任务保持待分配并告警运力不足。	仅供共同审阅；保留每条来源、范围、版本与批准状态，不自动合并或删除。
SC-0435	R01-A1622	2	1	2	exact-text-duplicate	approval-candidate-not-approved	dispatch-and-fleet,onboard-and-site-operations		R01-A1622,R01-A2521	故障状态是复用「禁用」还是新增独立「故障」状态。	仅供共同审阅；保留每条来源、范围、版本与批准状态，不自动合并或删除。
SC-0436	R01-A1623	2	1	2	exact-text-duplicate	approval-candidate-not-approved	dispatch-and-fleet,onboard-and-site-operations		R01-A1623,R01-A2522	故障判定是系统自动还是必须人工确认；	仅供共同审阅；保留每条来源、范围、版本与批准状态，不自动合并或删除。
SC-0437	R01-A1624	2	1	2	exact-text-duplicate	approval-candidate-not-approved	dispatch-and-fleet,onboard-and-site-operations		R01-A1624,R01-A2523	超时阈值。	仅供共同审阅；保留每条来源、范围、版本与批准状态，不自动合并或删除。
SC-0438	R01-A1625	2	1	2	exact-text-duplicate	approval-candidate-not-approved	dispatch-and-fleet,onboard-and-site-operations		R01-A1625,R01-A2524	本操作的权限边界（是否需二次认证或班组长审批）。	仅供共同审阅；保留每条来源、范围、版本与批准状态，不自动合并或删除。
SC-0439	R01-A1626	2	1	2	exact-text-duplicate	approval-candidate-not-approved	dispatch-and-fleet,onboard-and-site-operations		R01-A1626,R01-A2525	等待修复的最长时长及超时后是否强制终止。	仅供共同审阅；保留每条来源、范围、版本与批准状态，不自动合并或删除。
SC-0440	R01-A1627	2	1	2	exact-text-duplicate	approval-candidate-not-approved	dispatch-and-fleet,onboard-and-site-operations		R01-A1627,R01-A2527	应急开锁是否绕过移动安全联锁。	仅供共同审阅；保留每条来源、范围、版本与批准状态，不自动合并或删除。
SC-0441	R01-A1628	2	1	2	normalized-text-duplicate	approval-candidate-not-approved	dispatch-and-fleet,onboard-and-site-operations		R01-A1628,R01-A2528	**目标：** 运维人员在车辆调度空闲时，主动派车前往充电桩充电。	仅供共同审阅；保留每条来源、范围、版本与批准状态，不自动合并或删除。
SC-0442	R01-A1630	2	1	2	exact-text-duplicate	approval-candidate-not-approved	dispatch-and-fleet,onboard-and-site-operations		R01-A1630,R01-A2530	选中空闲车（调度队列空），点「手动充电」。	仅供共同审阅；保留每条来源、范围、版本与批准状态，不自动合并或删除。
SC-0443	R01-A1631	2	1	2	exact-text-duplicate	approval-candidate-not-approved	dispatch-and-fleet,onboard-and-site-operations		R01-A1631,R01-A2531	系统从该车配置的候选充电桩中按规则选桩，向调度平台下发充电类移动任务。	仅供共同审阅；保留每条来源、范围、版本与批准状态，不自动合并或删除。
SC-0444	R01-A1632	2	1	2	exact-text-duplicate	approval-candidate-not-approved	dispatch-and-fleet,onboard-and-site-operations		R01-A1632,R01-A2532	电量达到完成阈值后自动结束充电，队列变空后可再次参与派车，无需人工点停止。	仅供共同审阅；保留每条来源、范围、版本与批准状态，不自动合并或删除。
SC-0445	R01-A1633	2	1	2	exact-text-duplicate	approval-candidate-not-approved	dispatch-and-fleet,onboard-and-site-operations		R01-A1633,R01-A2533	不要求仓位必须空闲（车上可有在运产品）。	仅供共同审阅；保留每条来源、范围、版本与批准状态，不自动合并或删除。
SC-0446	R01-A1634	2	1	2	exact-text-duplicate	approval-candidate-not-approved	dispatch-and-fleet,onboard-and-site-operations		R01-A1634,R01-A2534	与自动派车、回停靠点竞争空闲窗口：被抢先则拒绝本次充电请求。	仅供共同审阅；保留每条来源、范围、版本与批准状态，不自动合并或删除。
SC-0447	R01-A1636	2	1	2	exact-text-duplicate	approval-candidate-not-approved	dispatch-and-fleet,onboard-and-site-operations		R01-A1636,R01-A2536	点充电时车已不空闲、已禁用、接口异常或下发失败：拒绝并提示；	仅供共同审阅；保留每条来源、范围、版本与批准状态，不自动合并或删除。
SC-0448	R01-A1637	2	1	2	exact-text-duplicate	approval-candidate-not-approved	dispatch-and-fleet,onboard-and-site-operations		R01-A1637,R01-A2537	失败可重试或告警。	仅供共同审阅；保留每条来源、范围、版本与批准状态，不自动合并或删除。
SC-0449	R01-A1639	2	1	2	exact-text-duplicate	approval-candidate-not-approved	dispatch-and-fleet,onboard-and-site-operations		R01-A1639,R01-A2539	调度平台是否提供「移动到指定点并充电」的专用接口形态。	仅供共同审阅；保留每条来源、范围、版本与批准状态，不自动合并或删除。
SC-0450	R01-A1640	2	1	2	exact-text-duplicate	approval-candidate-not-approved	dispatch-and-fleet,onboard-and-site-operations		R01-A1640,R01-A2540	充电完成阈值具体数值。	仅供共同审阅；保留每条来源、范围、版本与批准状态，不自动合并或删除。
SC-0451	R01-A1641	2	1	2	exact-text-duplicate	approval-candidate-not-approved	dispatch-and-fleet,onboard-and-site-operations		R01-A1641,R01-A2541	充电中途异常（桩故障、电量不升、车辆失联）的处理机制。	仅供共同审阅；保留每条来源、范围、版本与批准状态，不自动合并或删除。
SC-0452	R01-A1642	2	1	2	exact-text-duplicate	approval-candidate-not-approved	dispatch-and-fleet,onboard-and-site-operations		R01-A1642,R01-A2542	是否在监控看板展示「充电中」状态。	仅供共同审阅；保留每条来源、范围、版本与批准状态，不自动合并或删除。
SC-0453	R01-A1643	2	1	2	normalized-text-duplicate	approval-candidate-not-approved	dispatch-and-fleet,onboard-and-site-operations		R01-A1643,R01-A2543	**目标：** 为每辆车配置可用充电桩集合及触发充电、充电完成的电量阈值。	仅供共同审阅；保留每条来源、范围、版本与批准状态，不自动合并或删除。
SC-0454	R01-A1645	2	1	2	exact-text-duplicate	approval-candidate-not-approved	dispatch-and-fleet,onboard-and-site-operations		R01-A1645,R01-A2545	从调度地图已同步的充电桩类型站点中勾选候选集合（不可手填任意编号）。	仅供共同审阅；保留每条来源、范围、版本与批准状态，不自动合并或删除。
SC-0455	R01-A1646	2	1	2	exact-text-duplicate	approval-candidate-not-approved	dispatch-and-fleet,onboard-and-site-operations		R01-A1646,R01-A2546	设置触发充电阈值（低电量）与完成阈值（充满），且触发须小于完成。	仅供共同审阅；保留每条来源、范围、版本与批准状态，不自动合并或删除。
SC-0456	R01-A1647	2	1	2	exact-text-duplicate	approval-candidate-not-approved	dispatch-and-fleet,onboard-and-site-operations		R01-A1647,R01-A2547	保存后供手动/自动充电时使用；	仅供共同审阅；保留每条来源、范围、版本与批准状态，不自动合并或删除。
SC-0457	R01-A1648	2	1	2	exact-text-duplicate	approval-candidate-not-approved	dispatch-and-fleet,onboard-and-site-operations		R01-A1648,R01-A2548	已在充电的车不受本次修改影响。	仅供共同审阅；保留每条来源、范围、版本与批准状态，不自动合并或删除。
SC-0458	R01-A1649	2	1	2	exact-text-duplicate	approval-candidate-not-approved	dispatch-and-fleet,onboard-and-site-operations		R01-A1649,R01-A2549	记录配置变更审计。	仅供共同审阅；保留每条来源、范围、版本与批准状态，不自动合并或删除。
SC-0459	R01-A1651	2	1	2	exact-text-duplicate	approval-candidate-not-approved	dispatch-and-fleet,onboard-and-site-operations		R01-A1651,R01-A2551	地图同步失败：只允许查看已有配置，禁止改候选桩。	仅供共同审阅；保留每条来源、范围、版本与批准状态，不自动合并或删除。
SC-0460	R01-A1652	2	1	2	exact-text-duplicate	approval-candidate-not-approved	dispatch-and-fleet,onboard-and-site-operations		R01-A1652,R01-A2552	阈值为空、不合法或触发≥完成：拒绝保存。	仅供共同审阅；保留每条来源、范围、版本与批准状态，不自动合并或删除。
SC-0461	R01-A1654	2	1	2	exact-text-duplicate	approval-candidate-not-approved	dispatch-and-fleet,onboard-and-site-operations		R01-A1654,R01-A2554	保存配置前是否要求车辆先禁用。	仅供共同审阅；保留每条来源、范围、版本与批准状态，不自动合并或删除。
SC-0462	R01-A1655	2	1	2	exact-text-duplicate	approval-candidate-not-approved	dispatch-and-fleet,onboard-and-site-operations		R01-A1655,R01-A2555	触发充电阈值与「最低接单电量」之间是否需数值约束。	仅供共同审阅；保留每条来源、范围、版本与批准状态，不自动合并或删除。
SC-0463	R01-A1656	2	1	2	exact-text-duplicate	approval-candidate-not-approved	dispatch-and-fleet,onboard-and-site-operations		R01-A1656,R01-A2556	按单车还是按车型/分组批量维护。	仅供共同审阅；保留每条来源、范围、版本与批准状态，不自动合并或删除。
SC-0464	R01-A1657	2	1	2	normalized-text-duplicate	approval-candidate-not-approved	MES-integration,dispatch-and-fleet,onboard-and-site-operations		R01-A1657,R01-A2557	**目标：** 维护 MES 区域编码与调度地图站点的对应关系；	仅供共同审阅；保留每条来源、范围、版本与批准状态，不自动合并或删除。
SC-0465	R01-A1658	2	1	2	exact-text-duplicate	approval-candidate-not-approved	dispatch-and-fleet,onboard-and-site-operations		R01-A1658,R01-A2558	默认靠地图同步与命名规则自动派生，本场景主要处理少量例外覆盖。	仅供共同审阅；保留每条来源、范围、版本与批准状态，不自动合并或删除。
SC-0466	R01-A1660	2	1	2	exact-text-duplicate	approval-candidate-not-approved	dispatch-and-fleet,onboard-and-site-operations		R01-A1660,R01-A2560	同步地图站点主数据，并按命名规则（站点名由 1～3 个区域码下划线拼接）自动拆出 AREA 归属。	仅供共同审阅；保留每条来源、范围、版本与批准状态，不自动合并或删除。
SC-0467	R01-A1661	2	1	2	exact-text-duplicate	approval-candidate-not-approved	dispatch-and-fleet,onboard-and-site-operations		R01-A1661,R01-A2561	只读查看自动解析结果、显式覆盖记录、无法解析项与冲突项（须逐条列出原因，不能只有数量）。	仅供共同审阅；保留每条来源、范围、版本与批准状态，不自动合并或删除。
SC-0468	R01-A1662	2	1	2	exact-text-duplicate	approval-candidate-not-approved	dispatch-and-fleet,onboard-and-site-operations		R01-A1662,R01-A2562	对命名不规范、无法自动拆分的站点，新增/修改/停用显式覆盖（1～3 个区域码）；	仅供共同审阅；保留每条来源、范围、版本与批准状态，不自动合并或删除。
SC-0469	R01-A1663	2	1	2	exact-text-duplicate	approval-candidate-not-approved	dispatch-and-fleet,onboard-and-site-operations		R01-A1663,R01-A2563	只能从已同步站点中选择，不能手填任意站名。	仅供共同审阅；保留每条来源、范围、版本与批准状态，不自动合并或删除。
SC-0470	R01-A1664	2	1	2	exact-text-duplicate	approval-candidate-not-approved	dispatch-and-fleet,onboard-and-site-operations		R01-A1664,R01-A2564	变更须二次认证；	仅供共同审阅；保留每条来源、范围、版本与批准状态，不自动合并或删除。
SC-0471	R01-A1665	2	1	2	exact-text-duplicate	approval-candidate-not-approved	dispatch-and-fleet,onboard-and-site-operations		R01-A1665,R01-A2565	只影响之后新建任务，已有任务沿用创建时冻结的站点名。	仅供共同审阅；保留每条来源、范围、版本与批准状态，不自动合并或删除。
SC-0472	R01-A1666	2	1	2	exact-text-duplicate	approval-candidate-not-approved	dispatch-and-fleet,onboard-and-site-operations		R01-A1666,R01-A2566	一个区域同一时间只能对应一个站点名，冲突必须拒绝保存。	仅供共同审阅；保留每条来源、范围、版本与批准状态，不自动合并或删除。
SC-0473	R01-A1668	2	1	2	exact-text-duplicate	approval-candidate-not-approved	dispatch-and-fleet,onboard-and-site-operations		R01-A1668,R01-A2568	站点同步失败：只读查看缓存，禁止改覆盖记录。	仅供共同审阅；保留每条来源、范围、版本与批准状态，不自动合并或删除。
SC-0474	R01-A1669	2	1	2	exact-text-duplicate	approval-candidate-not-approved	dispatch-and-fleet,onboard-and-site-operations		R01-A1669,R01-A2569	区域码格式不符、站点不在地图、区域已被其他站占用：拒绝保存并提示冲突。	仅供共同审阅；保留每条来源、范围、版本与批准状态，不自动合并或删除。
SC-0475	R01-A1670	2	1	2	exact-text-duplicate	approval-candidate-not-approved	dispatch-and-fleet,onboard-and-site-operations		R01-A1670,R01-A2570	认证失败或并发修改冲突：不生效，需重新确认。	仅供共同审阅；保留每条来源、范围、版本与批准状态，不自动合并或删除。
SC-0476	R01-A1672	2	1	2	exact-text-duplicate	approval-candidate-not-approved	dispatch-and-fleet,onboard-and-site-operations		R01-A1672,R01-A2572	地图站点列表同步方式与刷新周期。	仅供共同审阅；保留每条来源、范围、版本与批准状态，不自动合并或删除。
SC-0477	R01-A1673	2	1	2	semantic-near-review	approval-candidate-not-approved	dispatch-and-fleet,onboard-and-site-operations		R01-A1673,R01-A2573	五个固定区域（派工待送区、烘箱间、关卡区、三光区、氮气柜）的具体站点名（地图建好后配置）。	仅供共同审阅；保留每条来源、范围、版本与批准状态，不自动合并或删除。
SC-0478	R01-A1674	2	1	2	exact-text-duplicate	approval-candidate-not-approved	dispatch-and-fleet,onboard-and-site-operations		R01-A1674,R01-A2574	命名不规范站点的显式覆盖清单由谁维护、上线前是否需要一次性梳理。	仅供共同审阅；保留每条来源、范围、版本与批准状态，不自动合并或删除。
SC-0479	R01-A1675	2	1	2	exact-text-duplicate	approval-candidate-not-approved	dispatch-and-fleet,onboard-and-site-operations		R01-A1675,R01-A2575	位置异常任务在覆盖修正后是否允许人工恢复。	仅供共同审阅；保留每条来源、范围、版本与批准状态，不自动合并或删除。
SC-0480	R01-A1676	2	1	2	normalized-text-duplicate	approval-candidate-not-approved	dispatch-and-fleet,onboard-and-site-operations		R01-A1676,R01-A2576	**目标：** 从预置步骤目录选配步骤与顺序，配置匹配条件，发布可供任务使用的流程版本。	仅供共同审阅；保留每条来源、范围、版本与批准状态，不自动合并或删除。
SC-0481	R01-A1678	2	1	2	exact-text-duplicate	approval-candidate-not-approved	dispatch-and-fleet,onboard-and-site-operations		R01-A1678,R01-A2578	配置搬运类型、任务来源、物料类型、起终点等匹配条件；	仅供共同审阅；保留每条来源、范围、版本与批准状态，不自动合并或删除。
SC-0482	R01-A1679	2	1	2	exact-text-duplicate	approval-candidate-not-approved	dispatch-and-fleet,onboard-and-site-operations		R01-A1679,R01-A2579	通配须显式选「任意」。	仅供共同审阅；保留每条来源、范围、版本与批准状态，不自动合并或删除。
SC-0483	R01-A1680	2	1	2	exact-text-duplicate	approval-candidate-not-approved	dispatch-and-fleet,onboard-and-site-operations		R01-A1680,R01-A2580	排列固定顺序步骤；	仅供共同审阅；保留每条来源、范围、版本与批准状态，不自动合并或删除。
SC-0484	R01-A1681	2	1	2	exact-text-duplicate	approval-candidate-not-approved	dispatch-and-fleet,onboard-and-site-operations		R01-A1681,R01-A2581	可配置条件允许跳过、有限重试、等待外部事件等受限参数。	仅供共同审阅；保留每条来源、范围、版本与批准状态，不自动合并或删除。
SC-0485	R01-A1682	2	1	2	exact-text-duplicate	approval-candidate-not-approved	dispatch-and-fleet,onboard-and-site-operations		R01-A1682,R01-A2582	不支持脚本、任意接口、并行、循环或动态分支；	仅供共同审阅；保留每条来源、范围、版本与批准状态，不自动合并或删除。
SC-0486	R01-A1684	2	1	2	exact-text-duplicate	approval-candidate-not-approved	dispatch-and-fleet,onboard-and-site-operations		R01-A1684,R01-A2584	草稿可保存；	仅供共同审阅；保留每条来源、范围、版本与批准状态，不自动合并或删除。
SC-0487	R01-A1686	2	1	2	exact-text-duplicate	approval-candidate-not-approved	dispatch-and-fleet,onboard-and-site-operations		R01-A1686,R01-A2586	已发布内容不可改，只能新版本或停用。	仅供共同审阅；保留每条来源、范围、版本与批准状态，不自动合并或删除。
SC-0488	R01-A1687	2	1	2	exact-text-duplicate	approval-candidate-not-approved	dispatch-and-fleet,onboard-and-site-operations		R01-A1687,R01-A2587	发布只影响之后新建实例，历史实例仍用创建时快照。	仅供共同审阅；保留每条来源、范围、版本与批准状态，不自动合并或删除。
SC-0489	R01-A1689	2	1	2	exact-text-duplicate	approval-candidate-not-approved	dispatch-and-fleet,onboard-and-site-operations		R01-A1689,R01-A2589	匹配条件冲突、步骤未知、含禁止能力、安全校验失败、认证或事务失败：拒绝发布并回滚。	仅供共同审阅；保留每条来源、范围、版本与批准状态，不自动合并或删除。
SC-0490	R01-A1691	14	1	2	exact-text-duplicate	approval-candidate-not-approved	dispatch-and-fleet,onboard-and-site-operations		R01-A1691,R01-A1706,R01-A1719,R01-A1731,R01-A1761,R01-A1787,R01-A1827,R01-A2591,R01-A2606,R01-A2619,R01-A2631,R01-A2661,R01-A2687,R01-A2727	无。	仅供共同审阅；保留每条来源、范围、版本与批准状态，不自动合并或删除。
SC-0491	R01-A1692	2	1	2	normalized-text-duplicate	approval-candidate-not-approved	MES-integration,dispatch-and-fleet,onboard-and-site-operations		R01-A1692,R01-A2592	**目标：** 对每条 MES 候选或业务任务，自动匹配唯一流程模板并创建带版本快照的流程实例。	仅供共同审阅；保留每条来源、范围、版本与批准状态，不自动合并或删除。
SC-0492	R01-A1694	2	1	2	exact-text-duplicate	approval-candidate-not-approved	dispatch-and-fleet,onboard-and-site-operations		R01-A1694,R01-A2594	标准化候选字段，解析并冻结起终点站点；	仅供共同审阅；保留每条来源、范围、版本与批准状态，不自动合并或删除。
SC-0493	R01-A1695	2	1	2	exact-text-duplicate	approval-candidate-not-approved	dispatch-and-fleet,onboard-and-site-operations		R01-A1695,R01-A2595	不把空值或未知当「任意」。	仅供共同审阅；保留每条来源、范围、版本与批准状态，不自动合并或删除。
SC-0494	R01-A1696	2	1	2	exact-text-duplicate	approval-candidate-not-approved	dispatch-and-fleet,onboard-and-site-operations		R01-A1696,R01-A2596	从已发布模板中按规则唯一匹配；	仅供共同审阅；保留每条来源、范围、版本与批准状态，不自动合并或删除。
SC-0495	R01-A1697	2	1	2	exact-text-duplicate	approval-candidate-not-approved	dispatch-and-fleet,onboard-and-site-operations		R01-A1697,R01-A2597	原子创建实例、步骤实例与不可变模板快照。	仅供共同审阅；保留每条来源、范围、版本与批准状态，不自动合并或删除。
SC-0496	R01-A1698	2	1	2	exact-text-duplicate	approval-candidate-not-approved	dispatch-and-fleet,onboard-and-site-operations		R01-A1698,R01-A2598	创建后实例为待执行，本场景不执行具体步骤；	仅供共同审阅；保留每条来源、范围、版本与批准状态，不自动合并或删除。
SC-0497	R01-A1699	2	1	2	exact-text-duplicate	approval-candidate-not-approved	dispatch-and-fleet,onboard-and-site-operations		R01-A1699,R01-A2599	后续模板变更不改写已建实例。	仅供共同审阅；保留每条来源、范围、版本与批准状态，不自动合并或删除。
SC-0498	R01-A1701	2	1	2	exact-text-duplicate	approval-candidate-not-approved	dispatch-and-fleet,onboard-and-site-operations		R01-A1701,R01-A2601	字段标准化失败或站点解析失败：进入模板匹配异常或位置异常，不派车、不开锁。	仅供共同审阅；保留每条来源、范围、版本与批准状态，不自动合并或删除。
SC-0499	R01-A1702	2	1	2	exact-text-duplicate	approval-candidate-not-approved	dispatch-and-fleet,onboard-and-site-operations		R01-A1702,R01-A2602	无匹配或多匹配：阻断，等待授权人工覆盖或修正模板配置。	仅供共同审阅；保留每条来源、范围、版本与批准状态，不自动合并或删除。
SC-0500	R01-A1703	2	1	2	exact-text-duplicate	approval-candidate-not-approved	dispatch-and-fleet,onboard-and-site-operations		R01-A1703,R01-A2603	有权限的 IT/调度人员可二次认证后对单个实例选手动覆盖模板（不改全局规则）。	仅供共同审阅；保留每条来源、范围、版本与批准状态，不自动合并或删除。
SC-0501	R01-A1704	2	1	2	exact-text-duplicate	approval-candidate-not-approved	dispatch-and-fleet,onboard-and-site-operations		R01-A1704,R01-A2604	持久化失败：整单回滚，不产生半成品实例。	仅供共同审阅；保留每条来源、范围、版本与批准状态，不自动合并或删除。
SC-0502	R01-A1707	2	1	2	normalized-text-duplicate	approval-candidate-not-approved	dispatch-and-fleet,onboard-and-site-operations		R01-A1707,R01-A2607	**目标：** 按实例快照逐步执行预置步骤（认证、扫码、派车、装卸等），推进流程进度。	仅供共同审阅；保留每条来源、范围、版本与批准状态，不自动合并或删除。
SC-0503	R01-A1709	2	1	2	exact-text-duplicate	approval-candidate-not-approved	dispatch-and-fleet,onboard-and-site-operations		R01-A1709,R01-A2609	一次只推进一个步骤；	仅供共同审阅；保留每条来源、范围、版本与批准状态，不自动合并或删除。
SC-0504	R01-A1710	2	1	2	exact-text-duplicate	approval-candidate-not-approved	dispatch-and-fleet,onboard-and-site-operations		R01-A1710,R01-A2610	通过受控适配器调用既有业务能力，不重复定义其规则。	仅供共同审阅；保留每条来源、范围、版本与批准状态，不自动合并或删除。
SC-0505	R01-A1711	2	1	2	exact-text-duplicate	approval-candidate-not-approved	dispatch-and-fleet,onboard-and-site-operations		R01-A1711,R01-A2611	支持顺序执行、条件允许跳过、有限重试、等待外部事件。	仅供共同审阅；保留每条来源、范围、版本与批准状态，不自动合并或删除。
SC-0506	R01-A1712	2	1	2	exact-text-duplicate	approval-candidate-not-approved	dispatch-and-fleet,onboard-and-site-operations		R01-A1712,R01-A2612	记录每步输入输出、尝试次数与审计。	仅供共同审阅；保留每条来源、范围、版本与批准状态，不自动合并或删除。
SC-0507	R01-A1713	2	1	2	exact-text-duplicate	approval-candidate-not-approved	dispatch-and-fleet,onboard-and-site-operations		R01-A1713,R01-A2613	流程「完成」不自动等同搬运任务「完成」；	仅供共同审阅；保留每条来源、范围、版本与批准状态，不自动合并或删除。
SC-0508	R01-A1714	2	1	2	exact-text-duplicate	approval-candidate-not-approved	dispatch-and-fleet,onboard-and-site-operations		R01-A1714,R01-A2614	业务状态仅由预置业务步骤按状态机变更。	仅供共同审阅；保留每条来源、范围、版本与批准状态，不自动合并或删除。
SC-0509	R01-A1716	2	1	2	exact-text-duplicate	approval-candidate-not-approved	dispatch-and-fleet,onboard-and-site-operations		R01-A1716,R01-A2616	快照无效、关键状态未知、强制步骤被误配跳过、外部调用失败或结果未知：暂停或转异常处置，不盲目重发。	仅供共同审阅；保留每条来源、范围、版本与批准状态，不自动合并或删除。
SC-0510	R01-A1717	2	1	2	exact-text-duplicate	approval-candidate-not-approved	dispatch-and-fleet,onboard-and-site-operations		R01-A1717,R01-A2617	流程状态与业务任务状态不得错误联动。	仅供共同审阅；保留每条来源、范围、版本与批准状态，不自动合并或删除。
SC-0511	R01-A1720	2	1	2	normalized-text-duplicate	approval-candidate-not-approved	dispatch-and-fleet,onboard-and-site-operations		R01-A1720,R01-A2620	**目标：** 步骤失败、超时、结果未知或安全阻断时，自动重试或授权人工处置。	仅供共同审阅；保留每条来源、范围、版本与批准状态，不自动合并或删除。
SC-0512	R01-A1722	2	1	2	exact-text-duplicate	approval-candidate-not-approved	dispatch-and-fleet,onboard-and-site-operations		R01-A1722,R01-A2622	先按快照做有限自动重试；	仅供共同审阅；保留每条来源、范围、版本与批准状态，不自动合并或删除。
SC-0513	R01-A1723	2	1	2	exact-text-duplicate	approval-candidate-not-approved	dispatch-and-fleet,onboard-and-site-operations		R01-A1723,R01-A2623	对可能已产生副作用的步骤先对账再决定是否重试。	仅供共同审阅；保留每条来源、范围、版本与批准状态，不自动合并或删除。
SC-0514	R01-A1724	2	1	2	exact-text-duplicate	approval-candidate-not-approved	dispatch-and-fleet,onboard-and-site-operations		R01-A1724,R01-A2624	自动恢复失败后告警，向有权限的 IT/调度人员展示证据与允许的操作项。	仅供共同审阅；保留每条来源、范围、版本与批准状态，不自动合并或删除。
SC-0515	R01-A1725	2	1	2	exact-text-duplicate	approval-candidate-not-approved	dispatch-and-fleet,onboard-and-site-operations		R01-A1725,R01-A2625	人工可选：重试当前步、规则允许时跳过、或安全终止整个流程实例（须二次认证与原因）。	仅供共同审阅；保留每条来源、范围、版本与批准状态，不自动合并或删除。
SC-0516	R01-A1726	2	1	2	exact-text-duplicate	approval-candidate-not-approved	dispatch-and-fleet,onboard-and-site-operations		R01-A1726,R01-A2626	安全联锁、身份认证、站点解析、幂等等关键步骤不可人工跳过。	仅供共同审阅；保留每条来源、范围、版本与批准状态，不自动合并或删除。
SC-0517	R01-A1728	2	1	2	exact-text-duplicate	approval-candidate-not-approved	dispatch-and-fleet,onboard-and-site-operations		R01-A1728,R01-A2628	对账仍不确定：保持暂停，不得认定成功或盲目重发。	仅供共同审阅；保留每条来源、范围、版本与批准状态，不自动合并或删除。
SC-0518	R01-A1729	2	1	2	exact-text-duplicate	approval-candidate-not-approved	dispatch-and-fleet,onboard-and-site-operations		R01-A1729,R01-A2629	认证失败、重试不安全、请求跳过强制步骤、处置失败：拒绝操作并保持阻断。	仅供共同审阅；保留每条来源、范围、版本与批准状态，不自动合并或删除。
SC-0519	R01-A1732	2	1	2	normalized-text-duplicate	approval-candidate-not-approved	dispatch-and-fleet,onboard-and-site-operations		R01-A1732,R01-A2632	**目标：** IT、调度或生产流程管理员只读查看流程执行到哪一步、等待/失败原因及关联任务。	仅供共同审阅；保留每条来源、范围、版本与批准状态，不自动合并或删除。
SC-0520	R01-A1734	2	1	2	exact-text-duplicate	approval-candidate-not-approved	dispatch-and-fleet,onboard-and-site-operations		R01-A1734,R01-A2634	按实例、任务、子批号、车辆、模板版本、状态、时间等筛选。	仅供共同审阅；保留每条来源、范围、版本与批准状态，不自动合并或删除。
SC-0521	R01-A1735	2	1	2	exact-text-duplicate	approval-candidate-not-approved	dispatch-and-fleet,onboard-and-site-operations		R01-A1735,R01-A2635	展示绑定的模板版本、匹配证据、步骤时间线、等待/重试/异常及人工处置审计。	仅供共同审阅；保留每条来源、范围、版本与批准状态，不自动合并或删除。
SC-0522	R01-A1736	2	1	2	exact-text-duplicate	approval-candidate-not-approved	MES-integration,dispatch-and-fleet,onboard-and-site-operations		R01-A1736,R01-A2636	外部状态（MES、调度、IO）标注「当前/过期/未知」，不把过期值当实时安全依据。	仅供共同审阅；保留每条来源、范围、版本与批准状态，不自动合并或删除。
SC-0523	R01-A1737	2	1	2	exact-text-duplicate	approval-candidate-not-approved	dispatch-and-fleet,onboard-and-site-operations		R01-A1737,R01-A2637	有导出权限时可导出脱敏进度报告；	仅供共同审阅；保留每条来源、范围、版本与批准状态，不自动合并或删除。
SC-0524	R01-A1738	2	1	2	exact-text-duplicate	approval-candidate-not-approved	dispatch-and-fleet,onboard-and-site-operations		R01-A1738,R01-A2638	本场景不修改任务、模板或流程。	仅供共同审阅；保留每条来源、范围、版本与批准状态，不自动合并或删除。
SC-0525	R01-A1740	2	1	2	exact-text-duplicate	approval-candidate-not-approved	dispatch-and-fleet,onboard-and-site-operations		R01-A1740,R01-A2640	无权限、数据不完整、快照无法验证、关联标识冲突：拒绝或明确标未知，不猜测关联。	仅供共同审阅；保留每条来源、范围、版本与批准状态，不自动合并或删除。
SC-0526	R01-A1742	2	1	2	exact-text-duplicate	approval-candidate-not-approved	dispatch-and-fleet,onboard-and-site-operations		R01-A1742,R01-A2642	无（生产流程管理员仅只读，无配置与处置入口）。	仅供共同审阅；保留每条来源、范围、版本与批准状态，不自动合并或删除。
SC-0527	R01-A1743	2	1	2	exact-text-duplicate	approval-candidate-not-approved	dispatch-and-fleet,onboard-and-site-operations		R01-A1743,R01-A2643	说明：本章账号均为管理配置端本地账号，与现场工控机刷工牌相互独立；	仅供共同审阅；保留每条来源、范围、版本与批准状态，不自动合并或删除。
SC-0528	R01-A1744	2	1	2	exact-text-duplicate	approval-candidate-not-approved	MES-integration,dispatch-and-fleet,onboard-and-site-operations		R01-A1744,R01-A2644	现场装卸仍刷工牌经 MES 验身。	仅供共同审阅；保留每条来源、范围、版本与批准状态，不自动合并或删除。
SC-0529	R01-A1745	2	1	2	normalized-text-duplicate	approval-candidate-not-approved	dispatch-and-fleet,onboard-and-site-operations		R01-A1745,R01-A2645	**目标：** IT 维护人员在管理配置端创建、修改、启用或停用本地个人账号。	仅供共同审阅；保留每条来源、范围、版本与批准状态，不自动合并或删除。
SC-0530	R01-A1747	2	1	2	exact-text-duplicate	approval-candidate-not-approved	dispatch-and-fleet,onboard-and-site-operations		R01-A1747,R01-A2647	新建账号：登录名、姓名等；	仅供共同审阅；保留每条来源、范围、版本与批准状态，不自动合并或删除。
SC-0531	R01-A1748	2	1	2	exact-text-duplicate	approval-candidate-not-approved	dispatch-and-fleet,onboard-and-site-operations		R01-A1748,R01-A2648	登录名唯一且符合格式；	仅供共同审阅；保留每条来源、范围、版本与批准状态，不自动合并或删除。
SC-0532	R01-A1749	2	1	2	exact-text-duplicate	approval-candidate-not-approved	dispatch-and-fleet,onboard-and-site-operations		R01-A1749,R01-A2649	凭据设置完成前不可登录。	仅供共同审阅；保留每条来源、范围、版本与批准状态，不自动合并或删除。
SC-0533	R01-A1750	2	1	2	exact-text-duplicate	approval-candidate-not-approved	dispatch-and-fleet,onboard-and-site-operations		R01-A1750,R01-A2650	可修改展示资料；	仅供共同审阅；保留每条来源、范围、版本与批准状态，不自动合并或删除。
SC-0534	R01-A1751	2	1	2	exact-text-duplicate	approval-candidate-not-approved	dispatch-and-fleet,onboard-and-site-operations		R01-A1751,R01-A2651	登录名创建后不可改。	仅供共同审阅；保留每条来源、范围、版本与批准状态，不自动合并或删除。
SC-0535	R01-A1752	2	1	2	exact-text-duplicate	approval-candidate-not-approved	dispatch-and-fleet,onboard-and-site-operations		R01-A1752,R01-A2652	停用：撤销其活动会话，历史审计保留；	仅供共同审阅；保留每条来源、范围、版本与批准状态，不自动合并或删除。
SC-0536	R01-A1753	2	1	2	exact-text-duplicate	approval-candidate-not-approved	dispatch-and-fleet,onboard-and-site-operations		R01-A1753,R01-A2653	不物理删除账号。	仅供共同审阅；保留每条来源、范围、版本与批准状态，不自动合并或删除。
SC-0537	R01-A1754	2	1	2	exact-text-duplicate	approval-candidate-not-approved	dispatch-and-fleet,onboard-and-site-operations		R01-A1754,R01-A2654	内置管理员账号由系统初始化，不经过本场景的创建/改名/停用。	仅供共同审阅；保留每条来源、范围、版本与批准状态，不自动合并或删除。
SC-0538	R01-A1755	2	1	2	exact-text-duplicate	approval-candidate-not-approved	dispatch-and-fleet,onboard-and-site-operations		R01-A1755,R01-A2655	不创建、不绑定现场工牌。	仅供共同审阅；保留每条来源、范围、版本与批准状态，不自动合并或删除。
SC-0539	R01-A1757	2	1	2	exact-text-duplicate	approval-candidate-not-approved	dispatch-and-fleet,onboard-and-site-operations		R01-A1757,R01-A2657	登录名重复、格式错误或保留名冲突：拒绝创建。	仅供共同审阅；保留每条来源、范围、版本与批准状态，不自动合并或删除。
SC-0540	R01-A1758	2	1	2	exact-text-duplicate	approval-candidate-not-approved	dispatch-and-fleet,onboard-and-site-operations		R01-A1758,R01-A2658	凭据初始化失败：账号不可登录。	仅供共同审阅；保留每条来源、范围、版本与批准状态，不自动合并或删除。
SC-0541	R01-A1759	2	1	2	exact-text-duplicate	approval-candidate-not-approved	dispatch-and-fleet,onboard-and-site-operations		R01-A1759,R01-A2659	并发修改冲突或保存失败：回滚并提示刷新。	仅供共同审阅；保留每条来源、范围、版本与批准状态，不自动合并或删除。
SC-0542	R01-A1762	2	1	2	normalized-text-duplicate	approval-candidate-not-approved	dispatch-and-fleet,onboard-and-site-operations		R01-A1762,R01-A2662	**目标：** IT 维护自定义角色，并从系统预置权限目录中为角色勾选权限组合。	仅供共同审阅；保留每条来源、范围、版本与批准状态，不自动合并或删除。
SC-0543	R01-A1764	2	1	2	exact-text-duplicate	approval-candidate-not-approved	dispatch-and-fleet,onboard-and-site-operations		R01-A1764,R01-A2664	新建/修改角色名称、说明与权限集合；	仅供共同审阅；保留每条来源、范围、版本与批准状态，不自动合并或删除。
SC-0544	R01-A1765	2	1	2	exact-text-duplicate	approval-candidate-not-approved	dispatch-and-fleet,onboard-and-site-operations		R01-A1765,R01-A2665	校验依赖关系与职责分离。	仅供共同审阅；保留每条来源、范围、版本与批准状态，不自动合并或删除。
SC-0545	R01-A1766	2	1	2	exact-text-duplicate	approval-candidate-not-approved	dispatch-and-fleet,onboard-and-site-operations		R01-A1766,R01-A2666	复制角色、停用角色（停用后不可再分配给新用户）。	仅供共同审阅；保留每条来源、范围、版本与批准状态，不自动合并或删除。
SC-0546	R01-A1767	2	1	2	exact-text-duplicate	approval-candidate-not-approved	dispatch-and-fleet,onboard-and-site-operations		R01-A1767,R01-A2667	权限项由系统功能发布提供，页面不能自创权限代码。	仅供共同审阅；保留每条来源、范围、版本与批准状态，不自动合并或删除。
SC-0547	R01-A1768	2	1	2	exact-text-duplicate	approval-candidate-not-approved	MES-integration,dispatch-and-fleet,onboard-and-site-operations		R01-A1768,R01-A2668	现场工牌岗位权限由 MES 返回，不在本地角色中维护。	仅供共同审阅；保留每条来源、范围、版本与批准状态，不自动合并或删除。
SC-0548	R01-A1769	2	1	2	exact-text-duplicate	approval-candidate-not-approved	dispatch-and-fleet,onboard-and-site-operations		R01-A1769,R01-A2669	内置「超级管理员」角色不可编辑、不可停用。	仅供共同审阅；保留每条来源、范围、版本与批准状态，不自动合并或删除。
SC-0549	R01-A1771	2	1	2	exact-text-duplicate	approval-candidate-not-approved	dispatch-and-fleet,onboard-and-site-operations		R01-A1771,R01-A2671	名称重复、权限未知/已退役、职责冲突、并发修改或事务失败：拒绝保存。	仅供共同审阅；保留每条来源、范围、版本与批准状态，不自动合并或删除。
SC-0550	R01-A1774	2	1	2	exact-text-duplicate	approval-candidate-not-approved	dispatch-and-fleet,onboard-and-site-operations		R01-A1774,R01-A2674	厂内 IT 人员是否需要登录本系统（管理配置端）。	仅供共同审阅；保留每条来源、范围、版本与批准状态，不自动合并或删除。
SC-0551	R01-A1775	2	1	2	normalized-text-duplicate	approval-candidate-not-approved	dispatch-and-fleet,onboard-and-site-operations		R01-A1775,R01-A2675	**目标：** IT 为管理配置端本地账号授予或撤销一个或多个启用角色。	仅供共同审阅；保留每条来源、范围、版本与批准状态，不自动合并或删除。
SC-0552	R01-A1777	2	1	2	exact-text-duplicate	approval-candidate-not-approved	dispatch-and-fleet,onboard-and-site-operations		R01-A1777,R01-A2677	展示用户当前角色及每项权限来源；	仅供共同审阅；保留每条来源、范围、版本与批准状态，不自动合并或删除。
SC-0553	R01-A1778	2	1	2	exact-text-duplicate	approval-candidate-not-approved	dispatch-and-fleet,onboard-and-site-operations		R01-A1778,R01-A2678	多角色权限为并集。	仅供共同审阅；保留每条来源、范围、版本与批准状态，不自动合并或删除。
SC-0554	R01-A1779	2	1	2	exact-text-duplicate	approval-candidate-not-approved	dispatch-and-fleet,onboard-and-site-operations		R01-A1779,R01-A2679	授权/撤销须填写原因并记录审计；	仅供共同审阅；保留每条来源、范围、版本与批准状态，不自动合并或删除。
SC-0555	R01-A1780	2	1	2	exact-text-duplicate	approval-candidate-not-approved	dispatch-and-fleet,onboard-and-site-operations		R01-A1780,R01-A2680	撤销后相关敏感操作令牌失效。	仅供共同审阅；保留每条来源、范围、版本与批准状态，不自动合并或删除。
SC-0556	R01-A1781	2	1	2	exact-text-duplicate	approval-candidate-not-approved	dispatch-and-fleet,onboard-and-site-operations		R01-A1781,R01-A2681	可为停用账号预配角色，启用并登录后才生效。	仅供共同审阅；保留每条来源、范围、版本与批准状态，不自动合并或删除。
SC-0557	R01-A1782	2	1	2	exact-text-duplicate	approval-candidate-not-approved	dispatch-and-fleet,onboard-and-site-operations		R01-A1782,R01-A2682	不通过本场景授予内置超级管理员角色；	仅供共同审阅；保留每条来源、范围、版本与批准状态，不自动合并或删除。
SC-0558	R01-A1783	2	1	2	exact-text-duplicate	approval-candidate-not-approved	dispatch-and-fleet,onboard-and-site-operations		R01-A1783,R01-A2683	不要求现场操作员先绑本地账号。	仅供共同审阅；保留每条来源、范围、版本与批准状态，不自动合并或删除。
SC-0559	R01-A1785	2	1	2	exact-text-duplicate	approval-candidate-not-approved	dispatch-and-fleet,onboard-and-site-operations		R01-A1785,R01-A2685	用户不可管理、角色已停用、越权授权、职责冲突或事务失败：拒绝整单操作。	仅供共同审阅；保留每条来源、范围、版本与批准状态，不自动合并或删除。
SC-0560	R01-A1788	2	1	2	normalized-text-duplicate	approval-candidate-not-approved	dispatch-and-fleet,onboard-and-site-operations		R01-A1788,R01-A2688	**目标：** 管理配置端用户使用本地账号登录，建立有时效的管理会话并在每次请求时校验权限。	仅供共同审阅；保留每条来源、范围、版本与批准状态，不自动合并或删除。
SC-0561	R01-A1790	2	1	2	exact-text-duplicate	approval-candidate-not-approved	dispatch-and-fleet,onboard-and-site-operations		R01-A1790,R01-A2690	输入登录名与密码；	仅供共同审阅；保留每条来源、范围、版本与批准状态，不自动合并或删除。
SC-0562	R01-A1791	2	1	2	exact-text-duplicate	approval-candidate-not-approved	dispatch-and-fleet,onboard-and-site-operations		R01-A1791,R01-A2691	统一提示失败信息，不泄露账号是否存在。	仅供共同审阅；保留每条来源、范围、版本与批准状态，不自动合并或删除。
SC-0563	R01-A1792	2	1	2	exact-text-duplicate	approval-candidate-not-approved	dispatch-and-fleet,onboard-and-site-operations		R01-A1792,R01-A2692	成功后读取当前角色权限，建立会话（含空闲与绝对超时）。	仅供共同审阅；保留每条来源、范围、版本与批准状态，不自动合并或删除。
SC-0564	R01-A1793	2	1	2	exact-text-duplicate	approval-candidate-not-approved	dispatch-and-fleet,onboard-and-site-operations		R01-A1793,R01-A2693	已有有效会话可直接进入；	仅供共同审阅；保留每条来源、范围、版本与批准状态，不自动合并或删除。
SC-0565	R01-A1794	2	1	2	exact-text-duplicate	approval-candidate-not-approved	dispatch-and-fleet,onboard-and-site-operations		R01-A1794,R01-A2694	支持主动注销与超时注销。	仅供共同审阅；保留每条来源、范围、版本与批准状态，不自动合并或删除。
SC-0566	R01-A1795	2	1	2	exact-text-duplicate	approval-candidate-not-approved	dispatch-and-fleet,onboard-and-site-operations		R01-A1795,R01-A2695	不处理工控机刷工牌；	仅供共同审阅；保留每条来源、范围、版本与批准状态，不自动合并或删除。
SC-0567	R01-A1796	2	1	2	exact-text-duplicate	approval-candidate-not-approved	dispatch-and-fleet,onboard-and-site-operations		R01-A1796,R01-A2696	工牌会话与本地管理会话相互独立。	仅供共同审阅；保留每条来源、范围、版本与批准状态，不自动合并或删除。
SC-0568	R01-A1798	2	1	2	exact-text-duplicate	approval-candidate-not-approved	dispatch-and-fleet,onboard-and-site-operations		R01-A1798,R01-A2698	凭据错误、账号停用/锁定：不建会话。	仅供共同审阅；保留每条来源、范围、版本与批准状态，不自动合并或删除。
SC-0569	R01-A1799	2	1	2	exact-text-duplicate	approval-candidate-not-approved	dispatch-and-fleet,onboard-and-site-operations		R01-A1799,R01-A2699	连续失败达阈值：临时锁定并记安全事件。	仅供共同审阅；保留每条来源、范围、版本与批准状态，不自动合并或删除。
SC-0570	R01-A1800	2	1	2	exact-text-duplicate	approval-candidate-not-approved	dispatch-and-fleet,onboard-and-site-operations		R01-A1800,R01-A2700	认证成功但无任何管理权限：不进入功能，提示联系管理员。	仅供共同审阅；保留每条来源、范围、版本与批准状态，不自动合并或删除。
SC-0571	R01-A1801	2	1	2	exact-text-duplicate	approval-candidate-not-approved	dispatch-and-fleet,onboard-and-site-operations		R01-A1801,R01-A2701	会话期间账号停用或权限撤销：下次请求拒绝，停用则整会话撤销。	仅供共同审阅；保留每条来源、范围、版本与批准状态，不自动合并或删除。
SC-0572	R01-A1803	2	1	2	exact-text-duplicate	approval-candidate-not-approved	dispatch-and-fleet,onboard-and-site-operations		R01-A1803,R01-A2703	无（高风险配置类操作登录后仍须各自场景的二次认证）。	仅供共同审阅；保留每条来源、范围、版本与批准状态，不自动合并或删除。
SC-0573	R01-A1804	2	1	2	normalized-text-duplicate	approval-candidate-not-approved	dispatch-and-fleet,onboard-and-site-operations		R01-A1804,R01-A2704	**目标：** 有权限的管理人员跨功能域检索安全与合规类审计记录，必要时脱敏导出。	仅供共同审阅；保留每条来源、范围、版本与批准状态，不自动合并或删除。
SC-0574	R01-A1806	2	1	2	exact-text-duplicate	approval-candidate-not-approved	dispatch-and-fleet,onboard-and-site-operations		R01-A1806,R01-A2706	按时间、操作人、功能域、对象、动作、结果、风险级别等筛选。	仅供共同审阅；保留每条来源、范围、版本与批准状态，不自动合并或删除。
SC-0575	R01-A1807	2	1	2	exact-text-duplicate	approval-candidate-not-approved	MES-integration,dispatch-and-fleet,onboard-and-site-operations		R01-A1807,R01-A2707	覆盖：本地账号/角色/登录、配置变更、工牌现场操作、扫码装卸、MES 与调度交互、人工异常处置等。	仅供共同审阅；保留每条来源、范围、版本与批准状态，不自动合并或删除。
SC-0576	R01-A1808	2	1	2	exact-text-duplicate	approval-candidate-not-approved	MES-integration,dispatch-and-fleet,onboard-and-site-operations		R01-A1808,R01-A2708	详情区分本地账号操作与工牌操作（后者展示 MES 人员与岗位结论，不建本地账号关联）。	仅供共同审阅；保留每条来源、范围、版本与批准状态，不自动合并或删除。
SC-0577	R01-A1809	2	1	2	exact-text-duplicate	approval-candidate-not-approved	dispatch-and-fleet,onboard-and-site-operations		R01-A1809,R01-A2709	凭据、令牌、完整敏感报文脱敏；	仅供共同审阅；保留每条来源、范围、版本与批准状态，不自动合并或删除。
SC-0578	R01-A1810	2	1	2	exact-text-duplicate	approval-candidate-not-approved	dispatch-and-fleet,onboard-and-site-operations		R01-A1810,R01-A2710	查询与导出行为本身记入审计。	仅供共同审阅；保留每条来源、范围、版本与批准状态，不自动合并或删除。
SC-0579	R01-A1811	2	1	2	exact-text-duplicate	approval-candidate-not-approved	dispatch-and-fleet,onboard-and-site-operations		R01-A1811,R01-A2711	只读，不提供编辑或删除审计入口。	仅供共同审阅；保留每条来源、范围、版本与批准状态，不自动合并或删除。
SC-0580	R01-A1813	2	1	2	exact-text-duplicate	approval-candidate-not-approved	dispatch-and-fleet,onboard-and-site-operations		R01-A1813,R01-A2713	无权限、条件非法、数据不完整、无法脱敏、导出超范围或归档不可达：拒绝或明确标「不完整」，不把无数据等同于未发生。	仅供共同审阅；保留每条来源、范围、版本与批准状态，不自动合并或删除。
SC-0581	R01-A1815	2	1	2	exact-text-duplicate	approval-candidate-not-approved	dispatch-and-fleet,onboard-and-site-operations		R01-A1815,R01-A2715	生产管理者、IT、调度运维各自可见审计数据域的具体划分（由角色权限配置）。	仅供共同审阅；保留每条来源、范围、版本与批准状态，不自动合并或删除。
SC-0582	R01-A1816	2	1	2	normalized-text-duplicate	approval-candidate-not-approved	dispatch-and-fleet,onboard-and-site-operations		R01-A1816,R01-A2716	**目标：** 生产相关人员按子批号、仓位、任务等查询历史装取料事件，服务日常追溯与交接核对。	仅供共同审阅；保留每条来源、范围、版本与批准状态，不自动合并或删除。
SC-0583	R01-A1818	2	1	2	exact-text-duplicate	approval-candidate-not-approved	dispatch-and-fleet,onboard-and-site-operations		R01-A1818,R01-A2718	与审计日志共用查询入口下的「物料存取」视图。	仅供共同审阅；保留每条来源、范围、版本与批准状态，不自动合并或删除。
SC-0584	R01-A1819	2	1	2	exact-text-duplicate	approval-candidate-not-approved	dispatch-and-fleet,onboard-and-site-operations		R01-A1819,R01-A2719	展示装载、取出、取消、异常锁定/解除等；	仅供共同审阅；保留每条来源、范围、版本与批准状态，不自动合并或删除。
SC-0585	R01-A1820	2	1	2	exact-text-duplicate	approval-candidate-not-approved	dispatch-and-fleet,onboard-and-site-operations		R01-A1820,R01-A2720	含操作时间、工牌操作人、车/仓、子批号、任务号、结果。	仅供共同审阅；保留每条来源、范围、版本与批准状态，不自动合并或删除。
SC-0586	R01-A1821	2	1	2	exact-text-duplicate	approval-candidate-not-approved	dispatch-and-fleet,onboard-and-site-operations		R01-A1821,R01-A2721	可从仓位看板、任务或告警反查；	仅供共同审阅；保留每条来源、范围、版本与批准状态，不自动合并或删除。
SC-0587	R01-A1822	2	1	2	exact-text-duplicate	approval-candidate-not-approved	dispatch-and-fleet,onboard-and-site-operations		R01-A1822,R01-A2722	有导出权限时可导出。	仅供共同审阅；保留每条来源、范围、版本与批准状态，不自动合并或删除。
SC-0588	R01-A1823	2	1	2	exact-text-duplicate	approval-candidate-not-approved	dispatch-and-fleet,onboard-and-site-operations		R01-A1823,R01-A2723	聚焦生产语义，权限可比审计更宽松，范围由角色配置。	仅供共同审阅；保留每条来源、范围、版本与批准状态，不自动合并或删除。
SC-0589	R01-A1825	2	1	2	exact-text-duplicate	approval-candidate-not-approved	dispatch-and-fleet,onboard-and-site-operations		R01-A1825,R01-A2725	无权限、条件无效、来源事件缺失、导出失败：拒绝并标数据不完整。	仅供共同审阅；保留每条来源、范围、版本与批准状态，不自动合并或删除。
SC-0590	R01-A1828	2	1	2	normalized-text-duplicate	approval-candidate-not-approved	MES-integration,dispatch-and-fleet,onboard-and-site-operations		R01-A1828,R01-A2728	**目标：** 维护与 IT 人员查询或订阅 IO、应用、MES/调度接口等技术日志，用于排障。	仅供共同审阅；保留每条来源、范围、版本与批准状态，不自动合并或删除。
SC-0591	R01-A1830	2	1	2	exact-text-duplicate	approval-candidate-not-approved	dispatch-and-fleet,onboard-and-site-operations		R01-A1830,R01-A2730	按组件、级别、时间、关键字或追踪标识查历史日志；	仅供共同审阅；保留每条来源、范围、版本与批准状态，不自动合并或删除。
SC-0592	R01-A1831	2	1	2	exact-text-duplicate	approval-candidate-not-approved	dispatch-and-fleet,onboard-and-site-operations		R01-A1831,R01-A2731	可订阅实时流持续监看。	仅供共同审阅；保留每条来源、范围、版本与批准状态，不自动合并或删除。
SC-0593	R01-A1832	2	1	2	exact-text-duplicate	approval-candidate-not-approved	dispatch-and-fleet,onboard-and-site-operations		R01-A1832,R01-A2732	展示错误码、请求/响应摘要、重试次数等诊断信息；	仅供共同审阅；保留每条来源、范围、版本与批准状态，不自动合并或删除。
SC-0594	R01-A1833	2	1	2	exact-text-duplicate	approval-candidate-not-approved	dispatch-and-fleet,onboard-and-site-operations		R01-A1833,R01-A2733	凭据类仍脱敏。	仅供共同审阅；保留每条来源、范围、版本与批准状态，不自动合并或删除。
SC-0595	R01-A1834	2	1	2	exact-text-duplicate	approval-candidate-not-approved	dispatch-and-fleet,onboard-and-site-operations		R01-A1834,R01-A2734	与审计、物料历史共用入口不同视图；	仅供共同审阅；保留每条来源、范围、版本与批准状态，不自动合并或删除。
SC-0596	R01-A1835	2	1	2	exact-text-duplicate	approval-candidate-not-approved	dispatch-and-fleet,onboard-and-site-operations		R01-A1835,R01-A2735	日志不可通过本场景修改删除。	仅供共同审阅；保留每条来源、范围、版本与批准状态，不自动合并或删除。
SC-0597	R01-A1837	2	1	2	exact-text-duplicate	approval-candidate-not-approved	dispatch-and-fleet,onboard-and-site-operations		R01-A1837,R01-A2737	无组件权限、条件过大、存储不可达、脱敏失败、订阅建立失败或推送中断：拒绝或标中断/不完整，并提示最后可用时间。	仅供共同审阅；保留每条来源、范围、版本与批准状态，不自动合并或删除。
SC-0598	R01-A1839	2	1	2	exact-text-duplicate	approval-candidate-not-approved	dispatch-and-fleet,onboard-and-site-operations		R01-A1839,R01-A2739	具体组件清单与各维护角色可见的组件范围（由部署与权限配置持续调整）。	仅供共同审阅；保留每条来源、范围、版本与批准状态，不自动合并或删除。
SC-0599	R01-A1840	2	1	2	normalized-text-duplicate	approval-candidate-not-approved	dispatch-and-fleet,onboard-and-site-operations		R01-A1840,R01-A2740	**目标：** 保证「有仓门开着」与「车在移动」不能同时成立，覆盖全部业务与维护开门场景。	仅供共同审阅；保留每条来源、范围、版本与批准状态，不自动合并或删除。
SC-0600	R01-A1842	2	1	2	exact-text-duplicate	approval-candidate-not-approved	dispatch-and-fleet,onboard-and-site-operations		R01-A1842,R01-A2742	开门前：任何开锁/开门前必须先查车是否静止；	仅供共同审阅；保留每条来源、范围、版本与批准状态，不自动合并或删除。
SC-0601	R01-A1843	2	1	2	exact-text-duplicate	approval-candidate-not-approved	dispatch-and-fleet,onboard-and-site-operations		R01-A1843,R01-A2743	移动中一律拒绝开门。	仅供共同审阅；保留每条来源、范围、版本与批准状态，不自动合并或删除。
SC-0602	R01-A1844	2	1	2	exact-text-duplicate	approval-candidate-not-approved	dispatch-and-fleet,onboard-and-site-operations		R01-A1844,R01-A2744	开门期间：任一门开启则持续监控；	仅供共同审阅；保留每条来源、范围、版本与批准状态，不自动合并或删除。
SC-0603	R01-A1845	2	1	2	exact-text-duplicate	approval-candidate-not-approved	dispatch-and-fleet,onboard-and-site-operations		R01-A1845,R01-A2745	若车开始移动：若是本系统下发的任务则暂停，全部门关好后恢复原任务；	仅供共同审阅；保留每条来源、范围、版本与批准状态，不自动合并或删除。
SC-0604	R01-A1846	2	1	2	exact-text-duplicate	approval-candidate-not-approved	dispatch-and-fleet,onboard-and-site-operations		R01-A1846,R01-A2746	若非本系统任务或无法判断来源则取消该移动任务。	仅供共同审阅；保留每条来源、范围、版本与批准状态，不自动合并或删除。
SC-0605	R01-A1847	2	1	2	exact-text-duplicate	approval-candidate-not-approved	dispatch-and-fleet,onboard-and-site-operations		R01-A1847,R01-A2747	联锁事件记入追溯日志。	仅供共同审阅；保留每条来源、范围、版本与批准状态，不自动合并或删除。
SC-0606	R01-A1849	2	1	2	exact-text-duplicate	approval-candidate-not-approved	dispatch-and-fleet,onboard-and-site-operations		R01-A1849,R01-A2749	无法确认车是否移动（通信异常）：拒绝开门（安全优先）。	仅供共同审阅；保留每条来源、范围、版本与批准状态，不自动合并或删除。
SC-0607	R01-A1850	2	1	2	exact-text-duplicate	approval-candidate-not-approved	dispatch-and-fleet,onboard-and-site-operations		R01-A1850,R01-A2750	开门期间轮询异常：告警并持续重试。	仅供共同审阅；保留每条来源、范围、版本与批准状态，不自动合并或删除。
SC-0608	R01-A1851	2	1	2	exact-text-duplicate	approval-candidate-not-approved	dispatch-and-fleet,onboard-and-site-operations		R01-A1851,R01-A2751	暂停/取消/恢复指令失败或车未及时停下：紧急告警。	仅供共同审阅；保留每条来源、范围、版本与批准状态，不自动合并或删除。
SC-0609	R01-A1853	2	1	2	exact-text-duplicate	approval-candidate-not-approved	dispatch-and-fleet,onboard-and-site-operations		R01-A1853,R01-A2753	开门因「车在移动」被拒绝时，工控界面具体提示文案及与各装卸场景异常提示的统一方式。	仅供共同审阅；保留每条来源、范围、版本与批准状态，不自动合并或删除。
SC-0610	R01-A1854	2	1	2	exact-text-duplicate	approval-candidate-not-approved	dispatch-and-fleet,onboard-and-site-operations		R01-A1854,R01-A2754	维护场景开门是否同样强制走开门前核验。	仅供共同审阅；保留每条来源、范围、版本与批准状态，不自动合并或删除。
SC-0611	R01-A1855	2	1	2	exact-text-duplicate	approval-candidate-not-approved	dispatch-and-fleet,onboard-and-site-operations		R01-A1855,R01-A2755	联锁失败（暂停/取消指令失败、车未及时停下）时，是否下发紧急停止。	仅供共同审阅；保留每条来源、范围、版本与批准状态，不自动合并或删除。
SC-0612	R01-A1856	2	1	2	normalized-text-duplicate	approval-candidate-not-approved	dispatch-and-fleet,onboard-and-site-operations		R01-A1856,R01-A2756	**目标：** 为每辆车配置空闲时可自动返回的候选停靠点集合。	仅供共同审阅；保留每条来源、范围、版本与批准状态，不自动合并或删除。
SC-0613	R01-A1858	2	1	2	exact-text-duplicate	approval-candidate-not-approved	dispatch-and-fleet,onboard-and-site-operations		R01-A1858,R01-A2758	从调度地图已同步的站点中勾选候选停靠点（不可手填编号）；	仅供共同审阅；保留每条来源、范围、版本与批准状态，不自动合并或删除。
SC-0614	R01-A1859	2	1	2	exact-text-duplicate	approval-candidate-not-approved	dispatch-and-fleet,onboard-and-site-operations		R01-A1859,R01-A2759	集合不能为空。	仅供共同审阅；保留每条来源、范围、版本与批准状态，不自动合并或删除。
SC-0615	R01-A1860	2	1	2	exact-text-duplicate	approval-candidate-not-approved	dispatch-and-fleet,onboard-and-site-operations		R01-A1860,R01-A2760	保存后供空闲回停逻辑使用；	仅供共同审阅；保留每条来源、范围、版本与批准状态，不自动合并或删除。
SC-0616	R01-A1861	2	1	2	exact-text-duplicate	approval-candidate-not-approved	dispatch-and-fleet,onboard-and-site-operations		R01-A1861,R01-A2761	已在停靠中的车不受本次修改影响。	仅供共同审阅；保留每条来源、范围、版本与批准状态，不自动合并或删除。
SC-0617	R01-A1862	2	1	2	exact-text-duplicate	approval-candidate-not-approved	dispatch-and-fleet,onboard-and-site-operations		R01-A1862,R01-A2762	记录配置审计。	仅供共同审阅；保留每条来源、范围、版本与批准状态，不自动合并或删除。
SC-0618	R01-A1864	2	1	2	exact-text-duplicate	approval-candidate-not-approved	dispatch-and-fleet,onboard-and-site-operations		R01-A1864,R01-A2764	地图同步失败：只读已有配置，禁止修改候选集合。	仅供共同审阅；保留每条来源、范围、版本与批准状态，不自动合并或删除。
SC-0619	R01-A1865	2	1	2	exact-text-duplicate	approval-candidate-not-approved	dispatch-and-fleet,onboard-and-site-operations		R01-A1865,R01-A2765	未选任何停靠点：拒绝保存。	仅供共同审阅；保留每条来源、范围、版本与批准状态，不自动合并或删除。
SC-0620	R01-A1867	2	1	2	exact-text-duplicate	approval-candidate-not-approved	dispatch-and-fleet,onboard-and-site-operations		R01-A1867,R01-A2767	候选停靠点是否必须是地图中专门的「停靠点」类型，还是可复用其他站点。	仅供共同审阅；保留每条来源、范围、版本与批准状态，不自动合并或删除。
SC-0621	R01-A1868	2	1	2	exact-text-duplicate	approval-candidate-not-approved	dispatch-and-fleet,onboard-and-site-operations		R01-A1868,R01-A2768	按单车还是按车型/分组维护。	仅供共同审阅；保留每条来源、范围、版本与批准状态，不自动合并或删除。
SC-0622	R01-A1869	2	1	2	exact-text-duplicate	approval-candidate-not-approved	dispatch-and-fleet,onboard-and-site-operations		R01-A1869,R01-A2769	保存前是否要求车辆先禁用。	仅供共同审阅；保留每条来源、范围、版本与批准状态，不自动合并或删除。
SC-0623	R01-A1870	2	1	2	normalized-text-duplicate	approval-candidate-not-approved	dispatch-and-fleet,onboard-and-site-operations		R01-A1870,R01-A2770	**目标：** 车辆调度队列变空且未被派车或充电占用时，自动前往配置的停靠点等待。	仅供共同审阅；保留每条来源、范围、版本与批准状态，不自动合并或删除。
SC-0624	R01-A1872	2	1	2	exact-text-duplicate	approval-candidate-not-approved	dispatch-and-fleet,onboard-and-site-operations		R01-A1872,R01-A2772	队列变空即判断；	仅供共同审阅；保留每条来源、范围、版本与批准状态，不自动合并或删除。
SC-0625	R01-A1873	2	1	2	exact-text-duplicate	approval-candidate-not-approved	dispatch-and-fleet,onboard-and-site-operations		R01-A1873,R01-A2773	若已在候选停靠点上则不再移动。	仅供共同审阅；保留每条来源、范围、版本与批准状态，不自动合并或删除。
SC-0626	R01-A1874	2	1	2	exact-text-duplicate	approval-candidate-not-approved	dispatch-and-fleet,onboard-and-site-operations		R01-A1874,R01-A2774	按规则从候选集合中选空闲停靠点并下发移动任务；	仅供共同审阅；保留每条来源、范围、版本与批准状态，不自动合并或删除。
SC-0627	R01-A1875	2	1	2	exact-text-duplicate	approval-candidate-not-approved	dispatch-and-fleet,onboard-and-site-operations		R01-A1875,R01-A2775	多车抢少点时排队等待，已停靠车不被驱离。	仅供共同审阅；保留每条来源、范围、版本与批准状态，不自动合并或删除。
SC-0628	R01-A1876	2	1	2	exact-text-duplicate	approval-candidate-not-approved	dispatch-and-fleet,onboard-and-site-operations		R01-A1876,R01-A2776	优先级低于自动派车与手动充电；	仅供共同审阅；保留每条来源、范围、版本与批准状态，不自动合并或删除。
SC-0629	R01-A1877	2	1	2	exact-text-duplicate	approval-candidate-not-approved	dispatch-and-fleet,onboard-and-site-operations		R01-A1877,R01-A2777	被抢先则放弃本次回停，等下次空闲再判。	仅供共同审阅；保留每条来源、范围、版本与批准状态，不自动合并或删除。
SC-0630	R01-A1880	2	1	2	exact-text-duplicate	approval-candidate-not-approved	dispatch-and-fleet,onboard-and-site-operations		R01-A1880,R01-A2780	车已禁用、已被派车/充电抢先、无空闲停靠点、下发失败：不下发或加入等待队列/告警重试。	仅供共同审阅；保留每条来源、范围、版本与批准状态，不自动合并或删除。
SC-0631	R01-A1882	2	1	2	exact-text-duplicate	approval-candidate-not-approved	dispatch-and-fleet,onboard-and-site-operations		R01-A1882,R01-A2782	派车、充电、回停三者对同一「空闲事件」的互斥机制，避免同时下发冲突指令。	仅供共同审阅；保留每条来源、范围、版本与批准状态，不自动合并或删除。
SC-0632	R01-A1883	2	1	2	exact-text-duplicate	approval-candidate-not-approved	dispatch-and-fleet,onboard-and-site-operations		R01-A1883,R01-A2783	前往停靠点途中是否复用「监听到站」逻辑。	仅供共同审阅；保留每条来源、范围、版本与批准状态，不自动合并或删除。
SC-0633	R01-A1884	2	1	2	exact-text-duplicate	approval-candidate-not-approved	dispatch-and-fleet,onboard-and-site-operations		R01-A1884,R01-A2784	下发失败达阈值后是否提供人工重试；	仅供共同审阅；保留每条来源、范围、版本与批准状态，不自动合并或删除。
SC-0634	R01-A1885	2	1	2	exact-text-duplicate	approval-candidate-not-approved	dispatch-and-fleet,onboard-and-site-operations		R01-A1885,R01-A2785	禁用后重新启用是否立即补判回停。	仅供共同审阅；保留每条来源、范围、版本与批准状态，不自动合并或删除。
SC-0635	R01-A1886	2	1	2	exact-text-duplicate	hold-for-question-or-reframing	dispatch-and-fleet,onboard-and-site-operations,equipment-agreement-and-acceptance		R01-A1886,R01-A2786	下列问题汇总自各场景「待确认」，按对设计与验收的影响分组，便于讨论时逐项拍板。	仅供共同审阅；保留每条来源、范围、版本与批准状态，不自动合并或删除。
SC-0636	R01-A1888	2	1	2	exact-text-duplicate	hold-for-question-or-reframing	dispatch-and-fleet,onboard-and-site-operations,equipment-agreement-and-acceptance		R01-A1888,R01-A2787	派车排序（约 1～3 分钟可配置）	仅供共同审阅；保留每条来源、范围、版本与批准状态，不自动合并或删除。
SC-0637	R01-A1890	2	1	2	exact-text-duplicate	hold-for-question-or-reframing	dispatch-and-fleet,onboard-and-site-operations,equipment-agreement-and-acceptance		R01-A1890,R01-A2788	派车排序	仅供共同审阅；保留每条来源、范围、版本与批准状态，不自动合并或删除。
SC-0638	R01-A1892	2	1	2	exact-text-duplicate	hold-for-question-or-reframing	dispatch-and-fleet,onboard-and-site-operations,equipment-agreement-and-acceptance		R01-A1892,R01-A2789	复合停靠/派车范围	仅供共同审阅；保留每条来源、范围、版本与批准状态，不自动合并或删除。
SC-0639	R01-A1894	2	1	2	exact-text-duplicate	hold-for-question-or-reframing	dispatch-and-fleet,onboard-and-site-operations,equipment-agreement-and-acceptance		R01-A1894,R01-A2790	仓位模型/硬件	仅供共同审阅；保留每条来源、范围、版本与批准状态，不自动合并或删除。
SC-0640	R01-A1896	2	1	2	exact-text-duplicate	hold-for-question-or-reframing	dispatch-and-fleet,onboard-and-site-operations,equipment-agreement-and-acceptance		R01-A1896,R01-A2792	地图建好后配置，程序不写死	仅供共同审阅；保留每条来源、范围、版本与批准状态，不自动合并或删除。
SC-0641	R01-A1898	2	1	2	exact-text-duplicate	hold-for-question-or-reframing	dispatch-and-fleet,onboard-and-site-operations,equipment-agreement-and-acceptance		R01-A1898,R01-A2793	AREA—站点映射	仅供共同审阅；保留每条来源、范围、版本与批准状态，不自动合并或删除。
SC-0642	R01-A1900	2	1	2	exact-text-duplicate	hold-for-question-or-reframing	dispatch-and-fleet,onboard-and-site-operations,equipment-agreement-and-acceptance		R01-A1900,R01-A2794	途中故障改派/终止	仅供共同审阅；保留每条来源、范围、版本与批准状态，不自动合并或删除。
SC-0643	R01-A1902	2	1	2	exact-text-duplicate	hold-for-question-or-reframing	dispatch-and-fleet,onboard-and-site-operations,equipment-agreement-and-acceptance		R01-A1902,R01-A2795	安全联锁	仅供共同审阅；保留每条来源、范围、版本与批准状态，不自动合并或删除。
SC-0644	R01-A1904	2	1	2	exact-text-duplicate	hold-for-question-or-reframing	dispatch-and-fleet,onboard-and-site-operations,equipment-agreement-and-acceptance		R01-A1904,R01-A2796	到站取消	仅供共同审阅；保留每条来源、范围、版本与批准状态，不自动合并或删除。
SC-0645	R01-A1906	4	1	2	exact-text-duplicate	hold-for-question-or-reframing	dispatch-and-fleet,onboard-and-site-operations,equipment-agreement-and-acceptance		R01-A1906,R01-A1908,R01-A2797,R01-A2798	角色与权限	仅供共同审阅；保留每条来源、范围、版本与批准状态，不自动合并或删除。
SC-0646	R01-A1910	2	1	2	exact-text-duplicate	hold-for-question-or-reframing	dispatch-and-fleet,onboard-and-site-operations,equipment-agreement-and-acceptance		R01-A1910,R01-A2799	终点卸货	仅供共同审阅；保留每条来源、范围、版本与批准状态，不自动合并或删除。
SC-0647	R01-A1912	2	1	2	exact-text-duplicate	hold-for-question-or-reframing	dispatch-and-fleet,onboard-and-site-operations,equipment-agreement-and-acceptance		R01-A1912,R01-A2800	确认完成之后的补救	仅供共同审阅；保留每条来源、范围、版本与批准状态，不自动合并或删除。
SC-0648	R01-A1914	2	1	2	exact-text-duplicate	hold-for-question-or-reframing	dispatch-and-fleet,onboard-and-site-operations		R01-A1914,R01-A2801	监控类界面	仅供共同审阅；保留每条来源、范围、版本与批准状态，不自动合并或删除。
SC-0649	R01-A1916	2	1	2	exact-text-duplicate	hold-for-question-or-reframing	dispatch-and-fleet,onboard-and-site-operations		R01-A1916,R01-A2802	同步失败、无车可派、联锁等	仅供共同审阅；保留每条来源、范围、版本与批准状态，不自动合并或删除。
SC-0650	R01-A1918	2	1	2	exact-text-duplicate	hold-for-question-or-reframing	dispatch-and-fleet,onboard-and-site-operations		R01-A1918,R01-A2803	UI 细节	仅供共同审阅；保留每条来源、范围、版本与批准状态，不自动合并或删除。
SC-0651	R01-A1920	2	1	2	exact-text-duplicate	hold-for-question-or-reframing	dispatch-and-fleet,onboard-and-site-operations		R01-A1920,R01-A2804	配置维护	仅供共同审阅；保留每条来源、范围、版本与批准状态，不自动合并或删除。
SC-0652	R01-A1922	2	1	2	exact-text-duplicate	hold-for-question-or-reframing	dispatch-and-fleet,onboard-and-site-operations		R01-A1922,R01-A2805	充电	仅供共同审阅；保留每条来源、范围、版本与批准状态，不自动合并或删除。
SC-0653	R01-A1924	2	1	2	exact-text-duplicate	hold-for-question-or-reframing	dispatch-and-fleet,onboard-and-site-operations		R01-A1924,R01-A2806	移动任务下发与监听	仅供共同审阅；保留每条来源、范围、版本与批准状态，不自动合并或删除。
SC-0654	R01-A1927	2	1	2	exact-text-duplicate	hold-for-question-or-reframing	dispatch-and-fleet,onboard-and-site-operations		R01-A1927,R01-A2807	硬件测试	仅供共同审阅；保留每条来源、范围、版本与批准状态，不自动合并或删除。
SC-0655	R01-A1929	2	1	2	exact-text-duplicate	hold-for-question-or-reframing	dispatch-and-fleet,onboard-and-site-operations		R01-A1929,R01-A2808	日志与审计	仅供共同审阅；保留每条来源、范围、版本与批准状态，不自动合并或删除。
SC-0656	R01-A1930	3	2	3	semantic-near-review	hold-for-hitl-conflict-decision	MES-integration,dispatch-and-fleet,onboard-and-site-operations | MES-integration-and-transport-demand		R01-A1930,R01-A2809,R02-A0050	当前阶段不做 MES 回写；	仅供共同审阅；保留每条来源、范围、版本与批准状态，不自动合并或删除。
SC-0657	R01-A1931	2	1	2	exact-text-duplicate	hold-for-hitl-conflict-decision	dispatch-and-fleet,onboard-and-site-operations		R01-A1931,R01-A2810	是否回写留作远期评估	仅供共同审阅；保留每条来源、范围、版本与批准状态，不自动合并或删除。
SC-0658	R01-A1932	2	1	2	semantic-near-review	approval-candidate-not-approved	dispatch-and-fleet,onboard-and-site-operations		R01-A1932,R01-A2811	幂等键 = 任务类型 + 子批号	仅供共同审阅；保留每条来源、范围、版本与批准状态，不自动合并或删除。
SC-0659	R01-A1935	3	3	3	semantic-near-review	approval-candidate-not-approved	8005-identity-role-and-operation-authorization | dispatch-and-fleet,onboard-and-site-operations,equipment-agreement-and-acceptance | identity-access-and-audit		R01-A1935,R02-A0208,R08-A0533	仅 R-11 设备/电气维护人员或被显式授予等效维护权限的人员可用个人身份提交；	仅供共同审阅；保留每条来源、范围、版本与批准状态，不自动合并或删除。
SC-0660	R01-A1941	2	2	2	semantic-near-review	approval-candidate-not-approved	dispatch-and-fleet,onboard-and-site-operations | site-operation-and-slot-closure		R01-A1941,R03-A0102	二次认证证据只绑定一次具体决定的确认人、DemandId、SlotOperationAttemptId 和决定内容，并由首次提交消费；	仅供共同审阅；保留每条来源、范围、版本与批准状态，不自动合并或删除。
SC-0661	R05-A0216	2	2	2	semantic-near-review	approval-candidate-not-approved,hold-for-hitl-conflict-decision	8005-site-operation-and-stop-closure | dispatch-and-fleet,onboard-and-site-operations		R01-A1945,R05-A0216	最终有效状态变为 CANCELLED_BY_OPERATOR；	仅供共同审阅；保留每条来源、范围、版本与批准状态，不自动合并或删除。
SC-0662	R03-A0112	6	4	6	semantic-near-review	approval-candidate-not-approved,hold-for-hitl-conflict-decision	8005-cross-domain-language-and-model | 8005-site-operation-and-stop-closure | MES-integration,dispatch-and-fleet,onboard-and-site-operations | site-operation-and-slot-closure		R01-A1946,R03-A0112,R03-A0331,R05-A0400,R08-A0452,R08-A0675	同一 SUBLOT 以后命中其它任务类型时按不同业务键处理	仅供共同审阅；保留每条来源、范围、版本与批准状态，不自动合并或删除。
SC-0663	R01-A1947	2	1	2	semantic-near-review	approval-candidate-not-approved	dispatch-and-fleet,onboard-and-site-operations		R01-A1947,R01-A2813	AREA 解析 = 两表（站点主数据 + AREA 归属）+ 命名规则自动派生；	仅供共同审阅；保留每条来源、范围、版本与批准状态，不自动合并或删除。
SC-0664	R01-A1948	2	1	2	exact-text-duplicate	approval-candidate-not-approved	dispatch-and-fleet,onboard-and-site-operations		R01-A1948,R01-A2814	少数用显式覆盖	仅供共同审阅；保留每条来源、范围、版本与批准状态，不自动合并或删除。
SC-0665	R01-A1949	2	1	2	semantic-near-review	approval-candidate-not-approved	dispatch-and-fleet,onboard-and-site-operations		R01-A1949,R01-A2815	上线基线时间 2026-08-01	仅供共同审阅；保留每条来源、范围、版本与批准状态，不自动合并或删除。
SC-0666	R01-A1950	2	1	2	semantic-near-review	approval-candidate-not-approved	dispatch-and-fleet,onboard-and-site-operations		R01-A1950,R01-A2816	六类任务合并 SQL 性能实测已通过（约 3 秒级）	仅供共同审阅；保留每条来源、范围、版本与批准状态，不自动合并或删除。
SC-0667	R01-A1953	2	1	2	exact-text-duplicate	approval-candidate-not-approved	MES-integration,dispatch-and-fleet,onboard-and-site-operations		R01-A1953,R01-A2817	MES 为每批产品分配的唯一编号；	仅供共同审阅；保留每条来源、范围、版本与批准状态，不自动合并或删除。
SC-0668	R01-A1954	2	1	2	exact-text-duplicate	approval-candidate-not-approved	dispatch-and-fleet,onboard-and-site-operations		R01-A1954,R01-A2818	现场扫码或手输均以此为准，是搬运任务去重和追溯的核心标识	仅供共同审阅；保留每条来源、范围、版本与批准状态，不自动合并或删除。
SC-0669	R01-A1955	2	1	2	exact-text-duplicate	approval-candidate-not-approved	MES-integration,dispatch-and-fleet,onboard-and-site-operations		R01-A1955,R01-A2819	MES 中的机台区域编码，用于判断产品在哪片区域、应去哪个地图站点	仅供共同审阅；保留每条来源、范围、版本与批准状态，不自动合并或删除。
SC-0670	R01-A1956	2	1	2	exact-text-duplicate	approval-candidate-not-approved	MES-integration,dispatch-and-fleet,onboard-and-site-operations,equipment-agreement-and-acceptance		R01-A1956,R01-A2820	MES 中的机台/设备位置编码，与 AREA 一起确定取货或送料的具体机台站点	仅供共同审阅；保留每条来源、范围、版本与批准状态，不自动合并或删除。
SC-0671	R01-A1957	2	1	2	exact-text-duplicate	approval-candidate-not-approved	dispatch-and-fleet,onboard-and-site-operations		R01-A1957,R01-A2821	AGV 调度地图上的停靠与作业点位，车辆按站点行驶和装卸	仅供共同审阅；保留每条来源、范围、版本与批准状态，不自动合并或删除。
SC-0672	R01-A1958	2	1	2	exact-text-duplicate	approval-candidate-not-approved	dispatch-and-fleet,onboard-and-site-operations		R01-A1958,R01-A2822	AGV 上单个载货格口（本项目一车 8 个），用于装金属篮/花篮	仅供共同审阅；保留每条来源、范围、版本与批准状态，不自动合并或删除。
SC-0673	R01-A1959	2	1	2	exact-text-duplicate	approval-candidate-not-approved	dispatch-and-fleet,onboard-and-site-operations		R01-A1959,R01-A2823	检测仓位内是否有遮挡物的传感器，用于确认已装货或已取空	仅供共同审阅；保留每条来源、范围、版本与批准状态，不自动合并或删除。
SC-0674	R01-A1960	2	1	2	exact-text-duplicate	approval-candidate-not-approved	dispatch-and-fleet,onboard-and-site-operations		R01-A1960,R01-A2824	每个仓位的电控锁，系统下发开锁指令，并有开关状态反馈	仅供共同审阅；保留每条来源、范围、版本与批准状态，不自动合并或删除。
SC-0675	R01-A1961	2	1	2	exact-text-duplicate	approval-candidate-not-approved	dispatch-and-fleet,onboard-and-site-operations		R01-A1961,R01-A2825	斯坦德 AGV 调度平台（机器人控制系统）；	仅供共同审阅；保留每条来源、范围、版本与批准状态，不自动合并或删除。
SC-0676	R01-A1962	2	1	2	exact-text-duplicate	approval-candidate-not-approved	dispatch-and-fleet,onboard-and-site-operations		R01-A1962,R01-A2826	本系统选车、下指令，由它负责路径与运动	仅供共同审阅；保留每条来源、范围、版本与批准状态，不自动合并或删除。
SC-0677	R01-A1963	2	1	2	exact-text-duplicate	approval-candidate-not-approved	MES-integration,dispatch-and-fleet,onboard-and-site-operations		R01-A1963,R01-A2827	从 MES 同步到本系统、需由 AGV 完成的物料运输业务任务	仅供共同审阅；保留每条来源、范围、版本与批准状态，不自动合并或删除。
SC-0678	R01-A1964	2	1	2	exact-text-duplicate	approval-candidate-not-approved	dispatch-and-fleet,onboard-and-site-operations		R01-A1964,R01-A2828	下发给调度平台的一条 AGV 行驶指令（去某站、充电、回停靠点等）	仅供共同审阅；保留每条来源、范围、版本与批准状态，不自动合并或删除。
SC-0679	R01-A1970	2	1	2	exact-text-duplicate	approval-candidate-not-approved	dispatch-and-fleet,onboard-and-site-operations		R01-A1970,R01-A2829	预置步骤按固定顺序编成的作业流程配置，用于串联认证、扫码、开门、派车等步骤	仅供共同审阅；保留每条来源、范围、版本与批准状态，不自动合并或删除。
SC-0680	R01-A1971	2	1	2	exact-text-duplicate	approval-candidate-not-approved	dispatch-and-fleet,onboard-and-site-operations		R01-A1971,R01-A2830	装片完工后产品暂存的固定区域，供焊线/键合工序叫料；	仅供共同审阅；保留每条来源、范围、版本与批准状态，不自动合并或删除。
SC-0681	R01-A1972	2	1	2	exact-text-duplicate	approval-candidate-not-approved	dispatch-and-fleet,onboard-and-site-operations		R01-A1972,R01-A2831	也是第 5 类「叫料送机台」任务的起点	仅供共同审阅；保留每条来源、范围、版本与批准状态，不自动合并或删除。
SC-0682	R01-A1973	2	1	2	exact-text-duplicate	approval-candidate-not-approved	dispatch-and-fleet,onboard-and-site-operations		R01-A1973,R01-A2832	焊线/键合完工后送往的人工质检关卡区；	仅供共同审阅；保留每条来源、范围、版本与批准状态，不自动合并或删除。
SC-0683	R01-A1974	2	1	2	exact-text-duplicate	approval-candidate-not-approved	dispatch-and-fleet,onboard-and-site-operations		R01-A1974,R01-A2833	与「送三光」任务互斥	仅供共同审阅；保留每条来源、范围、版本与批准状态，不自动合并或删除。
SC-0684	R01-A1975	2	1	2	exact-text-duplicate	approval-candidate-not-approved	dispatch-and-fleet,onboard-and-site-operations		R01-A1975,R01-A2834	焊线/键合完工后送往的三光检测区（公共区域，不要求送到区内具体机台）	仅供共同审阅；保留每条来源、范围、版本与批准状态，不自动合并或删除。
SC-0685	R01-A1976	2	1	2	exact-text-duplicate	approval-candidate-not-approved	dispatch-and-fleet,onboard-and-site-operations		R01-A1976,R01-A2835	现场触控操作终端，负责装卸引导、扫码及通过 IO 模块控制仓位门锁	仅供共同审阅；保留每条来源、范围、版本与批准状态，不自动合并或删除。
SC-0686	R01-A1977	2	1	2	exact-text-duplicate	approval-candidate-not-approved	dispatch-and-fleet,onboard-and-site-operations		R01-A1977,R01-A2836	服务器提供的 Web 管理后台，供 IT、调度等角色维护账号、配置、车队与审计；	仅供共同审阅；保留每条来源、范围、版本与批准状态，不自动合并或删除。
SC-0687	R01-A1978	2	1	2	exact-text-duplicate	approval-candidate-not-approved	dispatch-and-fleet,onboard-and-site-operations		R01-A1978,R01-A2837	与工控机现场界面、工牌登录相互独立	仅供共同审阅；保留每条来源、范围、版本与批准状态，不自动合并或删除。
SC-0688	R01-A1979	2	1	2	exact-text-duplicate	approval-candidate-not-approved	dispatch-and-fleet,onboard-and-site-operations		R01-A1979,R01-A2838	— 文档结束 —	仅供共同审阅；保留每条来源、范围、版本与批准状态，不自动合并或删除。
SC-0689	R01-A1980	2	1	2	exact-text-duplicate	approval-candidate-not-approved	dispatch-and-fleet,onboard-and-site-operations		R01-A1980,R01-A2839	起草日期 2026-07-14	仅供共同审阅；保留每条来源、范围、版本与批准状态，不自动合并或删除。
SC-0690	R01-A2052	2	2	2	semantic-near-review	approval-candidate-not-approved	dispatch-and-fleet,onboard-and-site-operations | identity-access-and-audit		R01-A2052,R02-A0161	编号=R-03 | 角色=WIP 搬运员 | 职责（业务语言）=装片完工到焊线氮气柜、氮气柜到焊线/键合机台之间的交接确认	仅供共同审阅；保留每条来源、范围、版本与批准状态，不自动合并或删除。
SC-0691	R01-A2203	2	2	2	normalized-text-duplicate	approval-candidate-not-approved	dispatch-and-fleet,onboard-and-site-operations | site-operation-and-slot-closure		R01-A2203,R03-A0323	不需要班组长审批；	仅供共同审阅；保留每条来源、范围、版本与批准状态，不自动合并或删除。
SC-0692	R01-A2897	2	1	1	exact-text-duplicate	approval-candidate-not-approved	dispatch-and-fleet,onboard-and-site-operations,equipment-agreement-and-acceptance		R01-A2897,R01-A2908	RIOT 调度 AGV 到装片设备。	仅供共同审阅；保留每条来源、范围、版本与批准状态，不自动合并或删除。
SC-0693	R01-A2922	2	1	1	exact-text-duplicate	hold-for-question-or-reframing	MES-integration,dispatch-and-fleet,onboard-and-site-operations		R01-A2922,R01-A2930	MES 查询条件、核验参数和回写方式需 IT 补充。	仅供共同审阅；保留每条来源、范围、版本与批准状态，不自动合并或删除。
SC-0694	R01-A2926	3	1	1	exact-text-duplicate	approval-candidate-not-approved	dispatch-and-fleet,onboard-and-site-operations		R01-A2926,R01-A2934,R01-A2943	核验通过后装车。	仅供共同审阅；保留每条来源、范围、版本与批准状态，不自动合并或删除。
SC-0695	R01-A2936	2	1	1	exact-text-duplicate	hold-for-hitl-conflict-decision	MES-integration,dispatch-and-fleet,onboard-and-site-operations		R01-A2936,R01-A2945	卸车后提示 OP 接收或执行 MES 回写。	仅供共同审阅；保留每条来源、范围、版本与批准状态，不自动合并或删除。
SC-0696	R01-A3025	3	1	1	exact-text-duplicate	approval-candidate-not-approved	dispatch-and-fleet,onboard-and-site-operations		R01-A3025,R01-A3027,R01-A3029	禁止装料	仅供共同审阅；保留每条来源、范围、版本与批准状态，不自动合并或删除。
SC-0697	R01-A3051	2	2	2	exact-text-duplicate	approval-candidate-not-approved	identity-access-and-audit | site-operations		R01-A3051,R02-A0153	本清单用于统一定义系统涉及的现场操作、管理决策、技术支持类角色。	仅供共同审阅；保留每条来源、范围、版本与批准状态，不自动合并或删除。
SC-0698	R01-A3052	2	2	2	exact-text-duplicate	approval-candidate-not-approved	identity-access-and-audit | site-operations		R01-A3052,R02-A0154	"下方 Use Case 中的 `Actor` 字段应直接引用本清单中的""角色名称""，不重复定义、不直接写具体人名。"	仅供共同审阅；保留每条来源、范围、版本与批准状态，不自动合并或删除。
SC-0699	R01-A3053	2	2	2	semantic-near-review	approval-candidate-not-approved	identity-access-and-audit | onboard-and-site-operations		R01-A3053,R02-A0155	"角色与 `01-vision-scope.md` 第 3.1 节""利益相关方简介 Stakeholder profiles""对应，本清单是该节中「产线操作人员/机台 OP」等大类角色的细化拆分；"	仅供共同审阅；保留每条来源、范围、版本与批准状态，不自动合并或删除。
SC-0700	R01-A3054	2	2	2	semantic-near-review	approval-candidate-not-approved	dispatch-and-fleet,onboard-and-site-operations | identity-access-and-audit		R01-A3054,R02-A0156	若本清单新增了 01-vision-scope.md 尚未覆盖的角色分类（如班组长、AGV 运维/调度管理员），已同步补充到该节。	仅供共同审阅；保留每条来源、范围、版本与批准状态，不自动合并或删除。
SC-0701	R02-A0105	2	1	1	exact-text-duplicate	hold-for-question-or-reframing	8005-project-cross-domain		R02-A0105,R02-A0106	未定	仅供共同审阅；保留每条来源、范围、版本与批准状态，不自动合并或删除。
SC-0702	R02-A0209	2	2	2	semantic-near-review	approval-candidate-not-approved	8005-identity-role-and-operation-authorization | identity-access-and-audit		R02-A0209,R08-A0084	普通生产操作员仅凭生产操作权限不能提交。	仅供共同审阅；保留每条来源、范围、版本与批准状态，不自动合并或删除。
SC-0703	R02-A0212	2	2	2	semantic-near-review	approval-candidate-not-approved	identity-access-and-audit | site-operation-and-slot-closure		R02-A0212,R03-A0106	若同一人兼任 R-11 与 R-09，个人账号必须同时具备两项独立权限，并分别完成设备确认与生产业务决定。	仅供共同审阅；保留每条来源、范围、版本与批准状态，不自动合并或删除。
SC-0704	R02-A0270	4	2	4	exact-text-duplicate,semantic-near-review	approval-candidate-not-approved	AGV-charging | AGV-fleet-and-local-configuration | AGV-parking | dispatch-map-and-RIoT		R02-A0270,R03-A1124,R03-A1744,R03-A2991	已通过 [[uc-019-register-agv-from-rcs|UC-019]] 接入，且未归档。	仅供共同审阅；保留每条来源、范围、版本与批准状态，不自动合并或删除。
SC-0705	R02-A0311	4	1	4	exact-text-duplicate	evidence-only	slot-hardware-and-material-handling		R02-A0311,R02-A0658,R02-A0714,R02-A0753	2026-07-13 需求确认：	仅供共同审阅；保留每条来源、范围、版本与批准状态，不自动合并或删除。
SC-0706	R02-A0459	2	1	2	exact-text-duplicate	evidence-only	slot-hardware-and-material-handling | workflow-engine-and-governance		R02-A0459,R02-A0531	2026-07-13 流程模板需求确认：	仅供共同审阅；保留每条来源、范围、版本与批准状态，不自动合并或删除。
SC-0707	R02-A0473	2	1	2	exact-text-duplicate	approval-candidate-not-approved	slot-hardware-and-material-handling		R02-A0473,R02-A0669	`Draft`：草稿。	仅供共同审阅；保留每条来源、范围、版本与批准状态，不自动合并或删除。
SC-0708	R02-A0475	2	1	2	exact-text-duplicate	approval-candidate-not-approved	slot-hardware-and-material-handling		R02-A0475,R02-A0671	`Published`：已发布。	仅供共同审阅；保留每条来源、范围、版本与批准状态，不自动合并或删除。
SC-0709	R02-A0477	2	1	2	exact-text-duplicate	approval-candidate-not-approved	slot-hardware-and-material-handling		R02-A0477,R02-A0673	`Retired`：已停用。	仅供共同审阅；保留每条来源、范围、版本与批准状态，不自动合并或删除。
SC-0710	R02-A0480	2	1	2	exact-text-duplicate	approval-candidate-not-approved	slot-hardware-and-material-handling		R02-A0480,R02-A0676	允许的状态转换只有：	仅供共同审阅；保留每条来源、范围、版本与批准状态，不自动合并或删除。
SC-0711	R02-A0481	2	1	2	exact-text-duplicate	approval-candidate-not-approved	slot-hardware-and-material-handling		R02-A0481,R02-A0677	不允许将 `Published` 或 `Retired` 退回 `Draft`，不允许重新启用原 `Retired` 版本。	仅供共同审阅；保留每条来源、范围、版本与批准状态，不自动合并或删除。
SC-0712	R02-A0487	2	1	2	semantic-near-review	approval-candidate-not-approved	slot-hardware-and-material-handling		R02-A0487,R02-A0683	修订已发布模板时，应复制生成新的 `Draft`；	仅供共同审阅；保留每条来源、范围、版本与批准状态，不自动合并或删除。
SC-0713	R02-A0488	2	1	2	exact-text-duplicate	approval-candidate-not-approved	slot-hardware-and-material-handling		R02-A0488,R02-A0684	发布后得到下一个版本，旧版本保持原内容和原状态。	仅供共同审阅；保留每条来源、范围、版本与批准状态，不自动合并或删除。
SC-0714	R02-A0489	3	2	3	exact-text-duplicate,normalized-text-duplicate	approval-candidate-not-approved,evidence-only	slot-hardware-and-material-handling | workflow-engine-and-governance		R02-A0489,R02-A0685,R03-A2003	版本号不得重用；	仅供共同审阅；保留每条来源、范围、版本与批准状态，不自动合并或删除。
SC-0715	R02-A0490	2	1	2	exact-text-duplicate	approval-candidate-not-approved	slot-hardware-and-material-handling		R02-A0490,R02-A0686	发布失败也不得覆盖另一个已经成功发布的版本。	仅供共同审阅；保留每条来源、范围、版本与批准状态，不自动合并或删除。
SC-0716	R02-A0513	2	1	2	exact-text-duplicate	approval-candidate-not-approved	identity-access-and-audit		R02-A0513,R02-A0696	发布 `Draft` 或将 `Published` 置为 `Retired` 均属于高风险操作，必须：	仅供共同审阅；保留每条来源、范围、版本与批准状态，不自动合并或删除。
SC-0717	R02-A0514	2	1	2	exact-text-duplicate	approval-candidate-not-approved	identity-access-and-audit		R02-A0514,R02-A0697	由具有相应权限的个人账号发起。	仅供共同审阅；保留每条来源、范围、版本与批准状态，不自动合并或删除。
SC-0718	R02-A0515	2	1	2	exact-text-duplicate	approval-candidate-not-approved	identity-access-and-audit		R02-A0515,R02-A0698	在提交前再次刷卡或认证，二次认证必须与当前操作人一致并在限定有效期内使用。	仅供共同审阅；保留每条来源、范围、版本与批准状态，不自动合并或删除。
SC-0719	R02-A0517	2	1	2	exact-text-duplicate	approval-candidate-not-approved	identity-access-and-audit		R02-A0517,R02-A0700	以原子事务完成版本生成或状态转换；	仅供共同审阅；保留每条来源、范围、版本与批准状态，不自动合并或删除。
SC-0720	R02-A0518	2	1	2	exact-text-duplicate	approval-candidate-not-approved	identity-access-and-audit		R02-A0518,R02-A0701	任何校验、持久化或审计写入失败时，保持原状态。	仅供共同审阅；保留每条来源、范围、版本与批准状态，不自动合并或删除。
SC-0721	R02-A0519	2	1	2	exact-text-duplicate	approval-candidate-not-approved	identity-access-and-audit		R02-A0519,R02-A0702	审计操作人、角色、认证时间、操作类型、原因、变更前后内容/状态、执行结果和失败原因。	仅供共同审阅；保留每条来源、范围、版本与批准状态，不自动合并或删除。
SC-0722	R02-A0520	2	1	2	semantic-near-review	approval-candidate-not-approved	identity-access-and-audit		R02-A0520,R02-A0703	停用前应展示仍引用该版本的任务和流程实例数量，但这些历史引用不得阻止停用，也不得因停用而失效。	仅供共同审阅；保留每条来源、范围、版本与批准状态，不自动合并或删除。
SC-0723	R02-A0521	2	1	2	semantic-near-review	approval-candidate-not-approved	slot-hardware-and-material-handling		R02-A0521,R02-A0704	`Published`、`Retired` 版本以及曾被任务、流程实例或审计记录引用的 `Draft` 不得物理删除。	仅供共同审阅；保留每条来源、范围、版本与批准状态，不自动合并或删除。
SC-0724	R02-A0522	2	1	2	exact-text-duplicate	approval-candidate-not-approved	slot-hardware-and-material-handling		R02-A0522,R02-A0705	历史版本、快照、发布/停用记录和审计记录必须保持可查询、可校验。	仅供共同审阅；保留每条来源、范围、版本与批准状态，不自动合并或删除。
SC-0725	R02-A0523	2	1	2	semantic-near-review	approval-candidate-not-approved	slot-hardware-and-material-handling		R02-A0523,R02-A0706	对未发布且从未被引用的误建 `Draft`，如需清理也只能逻辑作废并保留最小审计记录，不得通过数据库脚本绕过保留规则。	仅供共同审阅；保留每条来源、范围、版本与批准状态，不自动合并或删除。
SC-0726	R02-A0524	2	1	2	semantic-near-review	approval-candidate-not-approved	slot-hardware-and-material-handling		R02-A0524,R02-A0707	管理界面的“删除”不得对模板历史执行物理删除；	仅供共同审阅；保留每条来源、范围、版本与批准状态，不自动合并或删除。
SC-0727	R02-A0525	2	1	2	normalized-text-duplicate	approval-candidate-not-approved	slot-hardware-and-material-handling		R02-A0525,R02-A0708	如提供操作，只能表达“作废草稿”或“停用已发布版本”。	仅供共同审阅；保留每条来源、范围、版本与批准状态，不自动合并或删除。
SC-0728	R02-A0527	2	1	2	semantic-near-review	approval-candidate-not-approved	identity-access-and-audit		R02-A0527,R02-A0709	模板状态未知、版本内容与校验值不一致、快照不完整、引用版本不存在、二次认证失败或审计记录无法可靠写入时，相关发布、停用、匹配或实例创建操作必须拒绝。	仅供共同审阅；保留每条来源、范围、版本与批准状态，不自动合并或删除。
SC-0729	R02-A0636	2	1	2	semantic-near-review	approval-candidate-not-approved	dispatch-map-and-RIoT		R02-A0636,R02-A0730	本系统（本地服务器）负责为需要充电的 AGV 选定具体充电桩，RIOT 不承担选桩决策，只负责按本系统下发的目标站点执行移动。	仅供共同审阅；保留每条来源、范围、版本与批准状态，不自动合并或删除。
SC-0730	R02-A0638	2	1	2	semantic-near-review	approval-candidate-not-approved	dispatch-map-and-RIoT		R02-A0638,R02-A0732	候选充电桩必须同时满足：属于该 AGV 的候选集合、在 RIOT 当前地图站点列表中仍然有效、当前未被其他车辆占用或预占。	仅供共同审阅；保留每条来源、范围、版本与批准状态，不自动合并或删除。
SC-0731	R02-A0650	2	1	2	semantic-near-review	approval-candidate-not-approved	slot-hardware-and-material-handling		R02-A0650,R02-A0745	以下任一状态读取失败、过期或无法确定时，对应的充电桩或车辆不得参与本轮选桩/排队决策：	仅供共同审阅；保留每条来源、范围、版本与批准状态，不自动合并或删除。
SC-0732	R02-A0654	2	1	2	semantic-near-review	approval-candidate-not-approved	slot-hardware-and-material-handling		R02-A0654,R02-A0749	系统应记录并展示因状态未知而被排除的充电桩/车辆，达到告警条件时通知相关维护人员；	仅供共同审阅；保留每条来源、范围、版本与批准状态，不自动合并或删除。
SC-0733	R02-A0655	2	1	2	semantic-near-review	approval-candidate-not-approved	slot-hardware-and-material-handling		R02-A0655,R02-A0750	状态恢复并重新可确认后，才可重新参与选桩/排队。	仅供共同审阅；保留每条来源、范围、版本与批准状态，不自动合并或删除。
SC-0734	R02-A0690	2	2	2	semantic-near-review	approval-candidate-not-approved	AGV-fleet-and-local-configuration | slot-hardware-and-material-handling		R02-A0690,R03-A1121	确需更换型号时，必须先按 [[uc-021-archive-agv|UC-021]] 归档该 AGV，再以正确型号版本重新执行 UC-019 接入（视为一台新的本地档案）。	仅供共同审阅；保留每条来源、范围、版本与批准状态，不自动合并或删除。
SC-0735	R02-A0869	2	2	2	normalized-text-duplicate	approval-candidate-not-approved,excluded-not-for-requirement-approval	MES-dispatch-and-RIoT | MES-integration-and-transport-demand		R02-A0869,R03-A1387	其他类型不受影响。	仅供共同审阅；保留每条来源、范围、版本与批准状态，不自动合并或删除。
SC-0736	R02-A0911	2	2	2	semantic-near-review	approval-candidate-not-approved	site-operation-and-slot-closure | slot-hardware-and-material-handling		R02-A0911,R03-A0039	检查通过后，系统一次发起完整目标仓位集合的批量开锁。	仅供共同审阅；保留每条来源、范围、版本与批准状态，不自动合并或删除。
SC-0737	R03-A0003	22	1	17	exact-text-duplicate	approval-candidate-not-approved,excluded-not-for-requirement-approval	AGV-charging | AGV-fleet-and-local-configuration | AGV-parking | MES-dispatch-and-RIoT | movement-safety-and-interlock | site-operation-and-slot-closure | slot-hardware-and-IO		R03-A0003,R03-A0386,R03-A0657,R03-A0736,R03-A0791,R03-A0886,R03-A0952,R03-A1009,R03-A1324,R03-A1411,R03-A1419,R03-A1485,R03-A1488,R03-A1589,R03-A1596,R03-A1657,R03-A1666,R03-A1741,R03-A2891,R03-A2988,R03-A3034,R03-A3040	**系统与接口**	仅供共同审阅；保留每条来源、范围、版本与批准状态，不自动合并或删除。
SC-0738	R03-A0006	9	1	6	exact-text-duplicate	approval-candidate-not-approved,excluded-not-for-requirement-approval	movement-safety-and-interlock | site-operation-and-slot-closure | slot-hardware-and-IO		R03-A0006,R03-A0023,R03-A0388,R03-A0396,R03-A0556,R03-A0564,R03-A0743,R03-A0789,R03-A2896	**设备与硬件**	仅供共同审阅；保留每条来源、范围、版本与批准状态，不自动合并或删除。
SC-0739	R03-A0009	31	1	18	exact-text-duplicate	approval-candidate-not-approved,excluded-not-for-requirement-approval	AGV-charging | AGV-fleet-and-local-configuration | AGV-parking | MES-dispatch-and-RIoT | movement-safety-and-interlock | site-operation-and-slot-closure | slot-hardware-and-IO		R03-A0009,R03-A0026,R03-A0206,R03-A0390,R03-A0399,R03-A0559,R03-A0567,R03-A0664,R03-A0738,R03-A0747,R03-A0793,R03-A0797,R03-A0889,R03-A0893,R03-A0954,R03-A0959,R03-A1013,R03-A1330,R03-A1414,R03-A1421,R03-A1591,R03-A1598,R03-A1660,R03-A1669,R03-A1743,R03-A1750,R03-A2903,R03-A2990,R03-A2996,R03-A3037,R03-A3043	**任务与数据**	仅供共同审阅；保留每条来源、范围、版本与批准状态，不自动合并或删除。
SC-0740	R03-A0011	13	1	13	exact-text-duplicate	approval-candidate-not-approved,excluded-not-for-requirement-approval	AGV-charging | AGV-fleet-and-local-configuration | MES-dispatch-and-RIoT | identity-access-and-session | site-operation-and-slot-closure | slot-hardware-and-IO		R03-A0011,R03-A0392,R03-A0561,R03-A0659,R03-A0741,R03-A0795,R03-A0891,R03-A0956,R03-A1011,R03-A1593,R03-A1663,R03-A1746,R03-A2994	**人员与权限**	仅供共同审阅；保留每条来源、范围、版本与批准状态，不自动合并或删除。
SC-0741	R03-A0012	2	1	2	semantic-near-review	approval-candidate-not-approved	site-operation-and-slot-closure		R03-A0012,R03-A0262	生产操作员已通过 [[uc-043-verify-identity-and-manage-operation-session|UC-043]] 取得有效工号；	仅供共同审阅；保留每条来源、范围、版本与批准状态，不自动合并或删除。
SC-0742	R03-A0024	2	1	2	exact-text-duplicate	approval-candidate-not-approved	site-operation-and-slot-closure		R03-A0024,R03-A0397	目标仓位电子锁在仓门关闭后恢复锁闭状态	仅供共同审阅；保留每条来源、范围、版本与批准状态，不自动合并或删除。
SC-0743	R03-A0025	2	1	2	semantic-near-review	approval-candidate-not-approved	site-operation-and-slot-closure		R03-A0025,R03-A0398	光幕检测确认仓门已关闭且仓位内确有产品，占用状态与系统记录一致	仅供共同审阅；保留每条来源、范围、版本与批准状态，不自动合并或删除。
SC-0744	R03-A0040	3	1	3	exact-text-duplicate	approval-candidate-not-approved,excluded-not-for-requirement-approval	site-operation-and-slot-closure		R03-A0040,R03-A0410,R03-A0573	系统按 [[uc-004-slot-door-safety-interlock|UC-004]] Flow A 核验该 AGV 当前是否处于移动状态，只有核验通过（未在移动）才允许下发开锁指令，否则拒绝本次开门（见该 UC Exception Flow EA1.1）	仅供共同审阅；保留每条来源、范围、版本与批准状态，不自动合并或删除。
SC-0745	R03-A0041	2	1	2	semantic-near-review	approval-candidate-not-approved	site-operation-and-slot-closure		R03-A0041,R03-A0413	系统分别核验每个目标仓门是否正常打开（见 Exception Flow E2.1）	仅供共同审阅；保留每条来源、范围、版本与批准状态，不自动合并或删除。
SC-0746	R03-A0060	2	1	2	exact-text-duplicate	approval-candidate-not-approved	site-operation-and-slot-closure		R03-A0060,R03-A0427	E2.1 仓门开锁失败（电子锁/机械故障）	仅供共同审阅；保留每条来源、范围、版本与批准状态，不自动合并或删除。
SC-0747	R03-A0065	2	1	1	exact-text-duplicate	approval-candidate-not-approved	site-operation-and-slot-closure		R03-A0065,R03-A0073	生产操作员扫描工单条形码或手动输入子批号	仅供共同审阅；保留每条来源、范围、版本与批准状态，不自动合并或删除。
SC-0748	R03-A0087	2	1	2	exact-text-duplicate	approval-candidate-not-approved	site-operation-and-slot-closure		R03-A0087,R03-A0430	系统在 Normal Flow 第 2 步下发目标仓位开锁指令	仅供共同审阅；保留每条来源、范围、版本与批准状态，不自动合并或删除。
SC-0749	R03-A0113	2	1	2	semantic-near-review	approval-candidate-not-approved	site-operation-and-slot-closure		R03-A0113,R03-A0436	"系统打开系统记录中为""空闲""状态的目标仓位"	仅供共同审阅；保留每条来源、范围、版本与批准状态，不自动合并或删除。
SC-0750	R03-A0122	2	1	2	semantic-near-review	approval-candidate-not-approved	site-operation-and-slot-closure		R03-A0122,R03-A0442	生产操作员关闭仓位仓门	仅供共同审阅；保留每条来源、范围、版本与批准状态，不自动合并或删除。
SC-0751	R03-A0123	2	1	2	semantic-near-review	approval-candidate-not-approved	site-operation-and-slot-closure		R03-A0123,R03-A0443	系统按第 4.1 步通过光幕检测该仓位，发现该仓位内实际没有检测到产品	仅供共同审阅；保留每条来源、范围、版本与批准状态，不自动合并或删除。
SC-0752	R03-A0141	2	1	2	exact-text-duplicate	evidence-only	site-operation-and-slot-closure		R03-A0141,R03-A0474	[[uc-003-agv-arrives-at-designated-station|UC-003]]：本 UC 的 Trigger 依赖 AGV 到达并停稳，具体到站过程见该 UC。	仅供共同审阅；保留每条来源、范围、版本与批准状态，不自动合并或删除。
SC-0753	R03-A0145	2	1	2	exact-text-duplicate	evidence-only	site-operation-and-slot-closure		R03-A0145,R03-A0477	两条 Flow 均不在本 UC 的 Precondition 中重复定义。	仅供共同审阅；保留每条来源、范围、版本与批准状态，不自动合并或删除。
SC-0754	R03-A0154	2	1	2	exact-text-duplicate	evidence-only	site-operation-and-slot-closure		R03-A0154,R03-A0479	该 UC 为纯只读展示，不影响本 UC 的流程本身。	仅供共同审阅；保留每条来源、范围、版本与批准状态，不自动合并或删除。
SC-0755	R03-A0166	3	2	3	semantic-near-review	approval-candidate-not-approved	8005-onboard-HMI-and-site-operation | site-operation-and-slot-closure		R03-A0166,R05-A0002,R05-A0006	当前已核验操作员点击“本站装货完成”。	仅供共同审阅；保留每条来源、范围、版本与批准状态，不自动合并或删除。
SC-0756	R03-A0167	3	2	2	semantic-near-review	approval-candidate-not-approved	8005-site-operation-and-stop-closure | site-operation-and-slot-closure		R03-A0167,R04-A0604,R04-A0607	车辆处于 StationDepartureWaiting。	仅供共同审阅；保留每条来源、范围、版本与批准状态，不自动合并或删除。
SC-0757	R03-A0175	2	1	2	exact-text-duplicate	approval-candidate-not-approved,excluded-not-for-requirement-approval	site-operation-and-slot-closure		R03-A0175,R03-A0618	原子终结当前停靠；	仅供共同审阅；保留每条来源、范围、版本与批准状态，不自动合并或删除。
SC-0758	R03-A0177	3	2	3	exact-text-duplicate,semantic-near-review	approval-candidate-not-approved,excluded-not-for-requirement-approval	8005-site-operation-and-stop-closure | site-operation-and-slot-closure		R03-A0177,R03-A0620,R04-A0172	结束 OperationSession 并清除 OnboardOperatorContext。	仅供共同审阅；保留每条来源、范围、版本与批准状态，不自动合并或删除。
SC-0759	R03-A0181	2	2	2	semantic-near-review	approval-candidate-not-approved	8005-site-operation-and-stop-closure | site-operation-and-slot-closure		R03-A0181,R04-A0650	空载车辆进入停车点流程；	仅供共同审阅；保留每条来源、范围、版本与批准状态，不自动合并或删除。
SC-0760	R03-A0182	3	2	3	exact-text-duplicate,normalized-text-duplicate	approval-candidate-not-approved,excluded-not-for-requirement-approval	8005-site-operation-and-stop-closure | site-operation-and-slot-closure		R03-A0182,R03-A0626,R04-A0651	载有已提交 Sublot 的车辆原地保持并报警。	仅供共同审阅；保留每条来源、范围、版本与批准状态，不自动合并或删除。
SC-0761	R03-A0188	2	2	2	semantic-near-review	approval-candidate-not-approved	8005-onboard-HMI-and-site-operation | site-operation-and-slot-closure		R03-A0188,R05-A0292	界面显示“本站已结束，等待发车重试”并报警。	仅供共同审阅；保留每条来源、范围、版本与批准状态，不自动合并或删除。
SC-0762	R03-A0216	2	1	2	exact-text-duplicate	approval-candidate-not-approved,excluded-not-for-requirement-approval	MES-dispatch-and-RIoT | site-operation-and-slot-closure		R03-A0216,R03-A1492	AGV 到站/停稳的判定由 AGV 本体自主完成、RIOT 可读取该状态，本 UC 不核验该判定算法本身是否准确。	仅供共同审阅；保留每条来源、范围、版本与批准状态，不自动合并或删除。
SC-0763	R03-A0219	3	3	3	normalized-text-duplicate,semantic-near-review	approval-candidate-not-approved	8005-site-operation-and-stop-closure | site-operation-and-slot-closure		R03-A0219,R04-A0427,R05-A0126	系统接收到 [[uc-009-monitor-move-order-until-arrival|UC-009]] 传递的到站事件确认	仅供共同审阅；保留每条来源、范围、版本与批准状态，不自动合并或删除。
SC-0764	R03-A0229	2	2	2	exact-text-duplicate	approval-candidate-not-approved,excluded-not-for-requirement-approval	8005-internal-cross-domain-technical-design | site-operation-and-slot-closure		R03-A0229,R08-A1037	已经开始的仓位操作只按断联安全规则收敛。	仅供共同审阅；保留每条来源、范围、版本与批准状态，不自动合并或删除。
SC-0765	R03-A0260	2	2	2	exact-text-duplicate	approval-candidate-not-approved	8005-site-operation-and-stop-closure | site-operation-and-slot-closure		R03-A0260,R04-A0199	LoadBatch 可以尚未提交或已经自动提交。	仅供共同审阅；保留每条来源、范围、版本与批准状态，不自动合并或删除。
SC-0766	R03-A0266	2	2	2	semantic-near-review	approval-candidate-not-approved	8005-site-operation-and-stop-closure | site-operation-and-slot-closure		R03-A0266,R04-A0225	原任务、SUBLOT、DemandId、SlotOperationAttemptId、目标仓位集合、SublotReservation 和仓位—SUBLOT 映射均不改变。	仅供共同审阅；保留每条来源、范围、版本与批准状态，不自动合并或删除。
SC-0767	R03-A0277	2	2	2	semantic-near-review	approval-candidate-not-approved	8005-site-operation-and-stop-closure | site-operation-and-slot-closure		R03-A0277,R05-A0048	操作员取出错误产品，再把正确产品放回原仓位。	仅供共同审阅；保留每条来源、范围、版本与批准状态，不自动合并或删除。
SC-0768	R03-A0315	2	2	2	semantic-near-review	approval-candidate-not-approved	8005-site-operation-and-stop-closure | site-operation-and-slot-closure		R03-A0315,R04-A0284	已经装载时，车载端只把所选 DemandId 中实时确认为 OCCUPIED 的目标仓位组成 BatchUnlock 集合并一次性打开；	仅供共同审阅；保留每条来源、范围、版本与批准状态，不自动合并或删除。
SC-0769	R03-A0355	3	3	3	semantic-near-review	approval-candidate-not-approved	8005-site-operation-and-stop-closure | site-operation-and-slot-closure		R03-A0355,R04-A0304,R05-A0223	B 的仓位 3、4、任务、确认记录和业务占用保持不变。	仅供共同审阅；保留每条来源、范围、版本与批准状态，不自动合并或删除。
SC-0770	R03-A0382	2	2	2	semantic-near-review	approval-candidate-not-approved	8005-site-operation-and-stop-closure | site-operation-and-slot-closure		R03-A0382,R04-A0341	8005 项目也不要求输入工号。	仅供共同审阅；保留每条来源、范围、版本与批准状态，不自动合并或删除。
SC-0771	R03-A0412	2	2	2	semantic-near-review	approval-candidate-not-approved	8005-site-operation-and-stop-closure | site-operation-and-slot-closure		R03-A0412,R04-A0361	跨模块项目按模块分组并行发送	仅供共同审阅；保留每条来源、范围、版本与批准状态，不自动合并或删除。
SC-0772	R03-A0426	8	1	8	exact-text-duplicate	excluded-not-for-requirement-approval	AGV-charging | AGV-fleet-and-local-configuration | AGV-parking | MES-dispatch-and-RIoT | site-operation-and-slot-closure | slot-hardware-and-IO		R03-A0426,R03-A0978,R03-A1280,R03-A1624,R03-A1691,R03-A1770,R03-A3011,R03-A3062	以下每条异常均以 `E<步骤号>` 编号，与 Normal Flow 中触发该异常的具体步骤（或子步骤）一一对应：	仅供共同审阅；保留每条来源、范围、版本与批准状态，不自动合并或删除。
SC-0773	R03-A0432	3	3	3	semantic-near-review	approval-candidate-not-approved	8005-site-operation-and-stop-closure | site-operation-and-slot-closure		R03-A0432,R04-A0376,R05-A0113	"系统提示该仓位开锁异常，将该仓位标记为""异常锁定""，暂停对该仓位的后续操作"	仅供共同审阅；保留每条来源、范围、版本与批准状态，不自动合并或删除。
SC-0774	R03-A0438	3	3	3	semantic-near-review	approval-candidate-not-approved	8005-onboard-server-MES-interface | 8005-site-operation-and-stop-closure | site-operation-and-slot-closure		R03-A0438,R04-A0375,R05-A0112	操作员上报该仓位状态异常，暂停从该仓位取出	仅供共同审阅；保留每条来源、范围、版本与批准状态，不自动合并或删除。
SC-0775	R03-A0440	2	2	2	semantic-near-review	approval-candidate-not-approved	8005-site-operation-and-stop-closure | site-operation-and-slot-closure		R03-A0440,R04-A0377	该AGV上其他待取料仓位不受影响	仅供共同审阅；保留每条来源、范围、版本与批准状态，不自动合并或删除。
SC-0776	R04-A0623	2	2	2	normalized-text-duplicate	approval-candidate-not-approved,excluded-not-for-requirement-approval	8005-site-operation-and-stop-closure | site-operation-and-slot-closure		R03-A0640,R04-A0623	已提交 LoadBatch 不受影响	仅供共同审阅；保留每条来源、范围、版本与批准状态，不自动合并或删除。
SC-0777	R03-A0681	2	1	2	exact-text-duplicate	excluded-not-for-requirement-approval	MES-dispatch-and-RIoT | slot-hardware-and-IO		R03-A0681,R03-A1501	以下异常以 `E<步骤号>` 编号，与 Normal Flow 中触发该异常的具体步骤一一对应：	仅供共同审阅；保留每条来源、范围、版本与批准状态，不自动合并或删除。
SC-0778	R03-A0686	3	3	3	normalized-text-duplicate	approval-candidate-not-approved	8005-slot-hardware-and-IO | 8005-slot-management-and-hardware-acceptance | slot-hardware-and-IO		R03-A0686,R04-A0679,R06-A0009	系统持续尝试重新读取；	仅供共同审阅；保留每条来源、范围、版本与批准状态，不自动合并或删除。
SC-0779	R03-A0752	2	1	2	semantic-near-review	approval-candidate-not-approved	slot-hardware-and-IO		R03-A0752,R03-A0804	维护人员在维护界面中选择目标仓位	仅供共同审阅；保留每条来源、范围、版本与批准状态，不自动合并或删除。
SC-0780	R03-A0757	4	2	4	exact-text-duplicate,semantic-near-review	approval-candidate-not-approved	8005-slot-hardware-IO-safety-and-operability | slot-hardware-and-IO		R03-A0757,R03-A0859,R06-A0014,R06-A0046	系统确认锁 DI 变为未锁，并确认脉冲 DO 自动复位；	仅供共同审阅；保留每条来源、范围、版本与批准状态，不自动合并或删除。
SC-0781	R03-A0761	2	1	2	semantic-near-review	approval-candidate-not-approved	slot-hardware-and-IO		R03-A0761,R03-A0814	不存在需要区分的备选流程：无论维护人员是逐个测试单个仓位，还是在同一次巡检中依次测试多个仓位，均按 Normal Flow 相同的步骤逐一执行，不构成触发方式或步骤不同的分支路径。	仅供共同审阅；保留每条来源、范围、版本与批准状态，不自动合并或删除。
SC-0782	R03-A0762	4	1	4	exact-text-duplicate	excluded-not-for-requirement-approval	AGV-fleet-and-local-configuration | slot-hardware-and-IO		R03-A0762,R03-A0815,R03-A0916,R03-A1035	以下每条异常均以 `E<步骤号>` 编号，与 Normal Flow 中触发该异常的具体步骤一一对应：	仅供共同审阅；保留每条来源、范围、版本与批准状态，不自动合并或删除。
SC-0783	R03-A0765	3	3	3	semantic-near-review	approval-candidate-not-approved	8005-onboard-server-MES-interface | 8005-site-operation-and-stop-closure | slot-hardware-and-IO		R03-A0765,R04-A0567,R05-A0195	系统按第 2 步向目标仓位下发开锁指令	仅供共同审阅；保留每条来源、范围、版本与批准状态，不自动合并或删除。
SC-0784	R03-A0767	2	2	2	semantic-near-review	approval-candidate-not-approved	8005-slot-hardware-and-IO | slot-hardware-and-IO		R03-A0767,R04-A0727	"系统提示该仓位开锁指令下发异常，测试判定为""异常""，记录本次测试结果"	仅供共同审阅；保留每条来源、范围、版本与批准状态，不自动合并或删除。
SC-0785	R03-A0808	2	1	1	exact-text-duplicate	approval-candidate-not-approved	slot-hardware-and-IO		R03-A0808,R03-A0811	系统读取该仓位光幕状态	仅供共同审阅；保留每条来源、范围、版本与批准状态，不自动合并或删除。
SC-0786	R03-A0823	3	1	1	exact-text-duplicate	approval-candidate-not-approved	slot-hardware-and-IO		R03-A0823,R03-A0827,R03-A0831	维护人员排查并修复光幕硬件/接线故障后，重新发起本测试，直至测试通过	仅供共同审阅；保留每条来源、范围、版本与批准状态，不自动合并或删除。
SC-0787	R03-A0826	8	3	5	semantic-near-review	approval-candidate-not-approved	8005-slot-hardware-IO-safety-and-operability | 8005-slot-hardware-and-IO | slot-hardware-and-IO		R03-A0826,R03-A0830,R04-A0753,R04-A0761,R04-A0765,R06-A0029,R06-A0037,R06-A0041	"判定该仓位光幕异常（检测不到遮挡），系统将该仓位标记为""异常锁定""或""测试未通过""，暂停对该仓位的业务分配，记录本次测试结果"	仅供共同审阅；保留每条来源、范围、版本与批准状态，不自动合并或删除。
SC-0788	R03-A0834	8	1	8	exact-text-duplicate	evidence-only	AGV-charging | AGV-fleet-and-local-configuration | AGV-parking | slot-hardware-and-IO		R03-A0834,R03-A0932,R03-A0989,R03-A1052,R03-A1722,R03-A1794,R03-A3022,R03-A3083	待补充（TBD）事项：	仅供共同审阅；保留每条来源、范围、版本与批准状态，不自动合并或删除。
SC-0789	R03-A0844	2	2	2	semantic-near-review	approval-candidate-not-approved	8005-slot-hardware-and-IO | slot-hardware-and-IO		R03-A0844,R04-A0781	脉冲 DO 自动复位后，锁 DI 仍保持“未锁”；	仅供共同审阅；保留每条来源、范围、版本与批准状态，不自动合并或删除。
SC-0790	R06-A0025	2	2	2	exact-text-duplicate	approval-candidate-not-approved,evidence-only	8005-slot-management-and-hardware-acceptance | slot-hardware-and-IO		R03-A0878,R06-A0025	人工启用不能覆盖该结果。	仅供共同审阅；保留每条来源、范围、版本与批准状态，不自动合并或删除。
SC-0791	R03-A0912	4	3	3	semantic-near-review	approval-candidate-not-approved	8005-local-server-RIoT-RCS-integration | 8005-slot-hardware-and-IO | slot-hardware-and-IO		R03-A0912,R04-A0811,R04-A0819,R06-A0064	"该仓位两个方向均核对通过后，系统记录该仓位映射核对结果为""通过"""	仅供共同审阅；保留每条来源、范围、版本与批准状态，不自动合并或删除。
SC-0792	R03-A0921	6	3	4	exact-text-duplicate,semantic-near-review	approval-candidate-not-approved	8005-local-server-RIoT-RCS-integration | 8005-slot-hardware-and-IO | slot-hardware-and-IO		R03-A0921,R03-A0925,R04-A0823,R04-A0827,R06-A0068,R06-A0072	"判定该仓位（按物理位置计）的 DO 映射配置错误，系统将涉及的仓位标记为""映射异常""，暂停对其业务分配，记录本次核对结果"	仅供共同审阅；保留每条来源、范围、版本与批准状态，不自动合并或删除。
SC-0793	R03-A1234	8	1	8	exact-text-duplicate	approval-candidate-not-approved,excluded-not-for-requirement-approval	AGV-fleet-and-local-configuration | AREA-station-map-and-routing | MES-dispatch-and-RIoT | slot-hardware-and-IO | workflow-engine-and-governance		R03-A0947,R03-A1234,R03-A1586,R03-A1812,R03-A1935,R03-A2018,R03-A2108,R03-A2206	出现以下任一情况：	仅供共同审阅；保留每条来源、范围、版本与批准状态，不自动合并或删除。
SC-0794	R03-A1259	2	1	2	exact-text-duplicate	approval-candidate-not-approved,excluded-not-for-requirement-approval	AGV-fleet-and-local-configuration | slot-hardware-and-IO		R03-A0968,R03-A1259	系统校验（见 Exception Flow）：	仅供共同审阅；保留每条来源、范围、版本与批准状态，不自动合并或删除。
SC-0795	R06-A0076	2	2	2	normalized-text-duplicate	approval-candidate-not-approved,excluded-not-for-requirement-approval	8005-local-server-RIoT-RCS-integration | slot-hardware-and-IO		R03-A0972,R06-A0076	"系统将该仓位映射配置状态置为""待核对""，记录变更内容、操作人、时间戳。"	仅供共同审阅；保留每条来源、范围、版本与批准状态，不自动合并或删除。
SC-0796	R06-A0080	2	2	2	normalized-text-duplicate	approval-candidate-not-approved,excluded-not-for-requirement-approval	8005-slot-hardware-IO-safety-and-operability | slot-hardware-and-IO		R03-A0982,R06-A0080	系统拒绝保存，提示冲突的具体 IO 模块、通道号及已占用该通道的仓位/点位类型。	仅供共同审阅；保留每条来源、范围、版本与批准状态，不自动合并或删除。
SC-0797	R06-A0084	2	2	2	normalized-text-duplicate	approval-candidate-not-approved,excluded-not-for-requirement-approval	8005-slot-hardware-IO-safety-and-operability | slot-hardware-and-IO		R03-A0985,R06-A0084	系统拒绝保存，提示缺失的具体点位类型。	仅供共同审阅；保留每条来源、范围、版本与批准状态，不自动合并或删除。
SC-0798	R03-A1032	3	3	3	semantic-near-review	approval-candidate-not-approved	8005-AGV-fleet-and-local-configuration | 8005-AGV-fleet-and-slot-model | AGV-fleet-and-local-configuration		R03-A1032,R04-A1066,R06-A0171	系统将该 AGV 状态恢复为其原本应有的正常状态，清除禁用相关标记	仅供共同审阅；保留每条来源、范围、版本与批准状态，不自动合并或删除。
SC-0799	R03-A1040	3	3	3	semantic-near-review	approval-candidate-not-approved	8005-AGV-fleet-and-slot-model | 8005-slot-and-fleet-operator-HMI | AGV-fleet-and-local-configuration		R03-A1040,R04-A1070,R06-A0175	"系统提示""该 AGV 当前已处于禁用（或禁用待生效）状态""，忽略本次重复操作，不重复记录"	仅供共同审阅；保留每条来源、范围、版本与批准状态，不自动合并或删除。
SC-0800	R03-A1044	3	3	3	semantic-near-review	approval-candidate-not-approved	8005-AGV-fleet-and-slot-model | 8005-slot-and-fleet-operator-HMI | AGV-fleet-and-local-configuration		R03-A1044,R04-A1074,R06-A0179	"系统提示""该 AGV 当前无需启用""，忽略本次操作，不重复记录"	仅供共同审阅；保留每条来源、范围、版本与批准状态，不自动合并或删除。
SC-0801	R03-A1097	3	3	3	exact-text-duplicate,semantic-near-review	approval-candidate-not-approved	8005-AGV-fleet-and-slot-model | 8005-slot-and-fleet-operator-HMI | AGV-fleet-and-local-configuration		R03-A1097,R04-A1034,R06-A0158	系统不允许凭空手工创建 RCS 车辆 ID，提示接口异常并记录日志。	仅供共同审阅；保留每条来源、范围、版本与批准状态，不自动合并或删除。
SC-0802	R03-A1100	3	3	3	semantic-near-review	approval-candidate-not-approved	8005-AGV-fleet-and-slot-model | 8005-local-server-RIoT-RCS-integration | AGV-fleet-and-local-configuration		R03-A1100,R04-A0997,R06-A0143	系统发现目标 RCS/RIOT 车辆 ID 已存在于未归档或已归档的本地档案。	仅供共同审阅；保留每条来源、范围、版本与批准状态，不自动合并或删除。
SC-0803	R03-A1101	3	3	3	normalized-text-duplicate,semantic-near-review	approval-candidate-not-approved,excluded-not-for-requirement-approval	8005-AGV-fleet-and-slot-model | 8005-internal-slot-and-fleet-state-model | AGV-fleet-and-local-configuration		R03-A1101,R04-A0999,R06-A0145	系统拒绝重复创建，并引导管理员查看现有档案；	仅供共同审阅；保留每条来源、范围、版本与批准状态，不自动合并或删除。
SC-0804	R03-A1103	3	3	3	semantic-near-review	approval-candidate-not-approved	8005-AGV-fleet-and-local-configuration | 8005-AGV-fleet-and-slot-model | AGV-fleet-and-local-configuration		R03-A1103,R04-A1001,R06-A0147	必填配置缺失，或车型、电量阈值、权重等值不合法，或未选择任何模型版本。	仅供共同审阅；保留每条来源、范围、版本与批准状态，不自动合并或删除。
SC-0805	R03-A1104	3	3	3	exact-text-duplicate,semantic-near-review	approval-candidate-not-approved	8005-AGV-fleet-and-slot-model | 8005-slot-and-fleet-operator-HMI | AGV-fleet-and-local-configuration		R03-A1104,R04-A1003,R06-A0149	系统拒绝保存并逐项提示修正。	仅供共同审阅；保留每条来源、范围、版本与批准状态，不自动合并或删除。
SC-0806	R03-A1135	2	1	2	semantic-near-review	approval-candidate-not-approved	AGV-fleet-and-local-configuration		R03-A1135,R03-A1178	管理员在 AGV 列表中选择目标车辆并进入配置界面。	仅供共同审阅；保留每条来源、范围、版本与批准状态，不自动合并或删除。
SC-0807	R03-A1139	2	2	2	semantic-near-review	approval-candidate-not-approved	8005-AGV-fleet-and-slot-model | AGV-fleet-and-local-configuration		R03-A1139,R04-A1089	系统校验 RCS/RIOT 车辆 ID、配置完整性、数值范围和内部一致性。	仅供共同审阅；保留每条来源、范围、版本与批准状态，不自动合并或删除。
SC-0808	R03-A1140	3	1	3	exact-text-duplicate,normalized-text-duplicate	approval-candidate-not-approved	AGV-charging | AGV-fleet-and-local-configuration | AGV-parking		R03-A1140,R03-A1767,R03-A3008	系统展示修改前后差异，管理员确认保存。	仅供共同审阅；保留每条来源、范围、版本与批准状态，不自动合并或删除。
SC-0809	R03-A1144	3	3	3	semantic-near-review	approval-candidate-not-approved	8005-AGV-fleet-and-local-configuration | 8005-AGV-fleet-and-slot-model | AGV-fleet-and-local-configuration		R03-A1144,R04-A1102,R06-A0185	车辆未禁用、处于禁用待生效，或存在本地未完成作业。	仅供共同审阅；保留每条来源、范围、版本与批准状态，不自动合并或删除。
SC-0810	R03-A1145	3	3	3	normalized-text-duplicate,semantic-near-review	approval-candidate-not-approved	8005-AGV-fleet-and-slot-model | 8005-slot-and-fleet-operator-HMI | AGV-fleet-and-local-configuration		R03-A1145,R04-A1104,R06-A0187	系统拒绝进入可保存状态，提示先完成作业并通过 [[uc-013-enable-disable-agv|UC-013]] 禁用。	仅供共同审阅；保留每条来源、范围、版本与批准状态，不自动合并或删除。
SC-0811	R03-A1146	3	3	3	semantic-near-review	approval-candidate-not-approved	8005-AGV-fleet-and-slot-model | 8005-slot-hardware-IO-safety-and-operability | AGV-fleet-and-local-configuration		R03-A1146,R04-A1106,R06-A0189	任一仓门打开，或仓门、光幕、安全状态未知/异常。	仅供共同审阅；保留每条来源、范围、版本与批准状态，不自动合并或删除。
SC-0812	R03-A1147	3	3	3	exact-text-duplicate,semantic-near-review	approval-candidate-not-approved	8005-AGV-fleet-and-slot-model | 8005-slot-hardware-IO-safety-and-operability | AGV-fleet-and-local-configuration		R03-A1147,R04-A1108,R06-A0191	系统采用 fail-closed，拒绝保存影响调度的配置并提示处理现场状态。	仅供共同审阅；保留每条来源、范围、版本与批准状态，不自动合并或删除。
SC-0813	R03-A1148	3	3	3	semantic-near-review	approval-candidate-not-approved	8005-AGV-fleet-and-slot-model | 8005-local-server-RIoT-RCS-integration | AGV-fleet-and-local-configuration		R03-A1148,R04-A1110,R06-A0193	RCS/RIOT 车辆 ID 重复、外部车辆不存在，或服务区域等配置不合法。	仅供共同审阅；保留每条来源、范围、版本与批准状态，不自动合并或删除。
SC-0814	R03-A1149	3	3	3	exact-text-duplicate,semantic-near-review	approval-candidate-not-approved	8005-AGV-fleet-and-slot-model | 8005-slot-and-fleet-operator-HMI | AGV-fleet-and-local-configuration		R03-A1149,R04-A1112,R06-A0195	系统拒绝保存并显示具体冲突项。	仅供共同审阅；保留每条来源、范围、版本与批准状态，不自动合并或删除。
SC-0815	R03-A1155	2	1	2	exact-text-duplicate	evidence-only,hold-for-question-or-reframing	AGV-charging | AGV-fleet-and-local-configuration		R03-A1155,R03-A1758	两者数值可以相同，也可以不同，具体数值关系 TBD。	仅供共同审阅；保留每条来源、范围、版本与批准状态，不自动合并或删除。
SC-0816	R03-A1165	2	2	2	semantic-near-review	approval-candidate-not-approved	8005-AGV-fleet-and-slot-model | AGV-fleet-and-local-configuration		R03-A1165,R04-A1129	归档不会删除车辆、任务、仓位、日志或审计历史，也不会删除 RCS/RIOT 中的车辆。	仅供共同审阅；保留每条来源、范围、版本与批准状态，不自动合并或删除。
SC-0817	R03-A1184	3	3	3	semantic-near-review	approval-candidate-not-approved	8005-AGV-fleet-and-local-configuration | 8005-AGV-fleet-and-slot-model | AGV-fleet-and-local-configuration		R03-A1184,R04-A1137,R06-A0199	系统将车辆标记为“已归档”，记录操作人、时间和原因。	仅供共同审阅；保留每条来源、范围、版本与批准状态，不自动合并或删除。
SC-0818	R03-A1187	3	3	3	normalized-text-duplicate,semantic-near-review	approval-candidate-not-approved	8005-AGV-fleet-and-slot-model | 8005-slot-and-fleet-operator-HMI | AGV-fleet-and-local-configuration		R03-A1187,R04-A1142,R06-A0204	系统拒绝归档，提示先通过 [[uc-013-enable-disable-agv|UC-013]] 禁用并等待禁用生效。	仅供共同审阅；保留每条来源、范围、版本与批准状态，不自动合并或删除。
SC-0819	R03-A1191	3	3	3	semantic-near-review	approval-candidate-not-approved	8005-AGV-fleet-and-slot-model | 8005-slot-hardware-IO-safety-and-operability | AGV-fleet-and-local-configuration		R03-A1191,R04-A1150,R06-A0212	系统采用 fail-closed，拒绝归档并显示原因。	仅供共同审阅；保留每条来源、范围、版本与批准状态，不自动合并或删除。
SC-0820	R03-A1192	2	2	2	normalized-text-duplicate	evidence-only	8005-AGV-fleet-and-slot-model | AGV-fleet-and-local-configuration		R03-A1192,R04-A1162	归档车辆默认不允许通过 UC-013 再次启用。	仅供共同审阅；保留每条来源、范围、版本与批准状态，不自动合并或删除。
SC-0821	R03-A1213	3	3	3	exact-text-duplicate,semantic-near-review	approval-candidate-not-approved	8005-AGV-fleet-and-local-configuration | 8005-AGV-fleet-and-slot-model | AGV-fleet-and-local-configuration		R03-A1213,R04-A1172,R06-A0215	系统按 BR-002 计算每台车的可分配结论。	仅供共同审阅；保留每条来源、范围、版本与批准状态，不自动合并或删除。
SC-0822	R03-A1241	2	1	2	exact-text-duplicate	excluded-not-for-requirement-approval	AGV-fleet-and-local-configuration | workflow-engine-and-governance		R03-A1241,R03-A1942	新增或修订操作基于 `Draft`；	仅供共同审阅；保留每条来源、范围、版本与批准状态，不自动合并或删除。
SC-0823	R03-A1261	2	2	2	semantic-near-review	approval-candidate-not-approved	8005-AGV-fleet-and-slot-model | AGV-fleet-and-local-configuration		R03-A1261,R04-A0872	行、列、跨行数、跨列数均为正整数，且仓位矩形完全落在所属面内。	仅供共同审阅；保留每条来源、范围、版本与批准状态，不自动合并或删除。
SC-0824	R03-A1262	2	2	2	semantic-near-review	approval-candidate-not-approved	8005-AGV-fleet-and-slot-model | AGV-fleet-and-local-configuration		R03-A1262,R04-A0873	同一面内任意两个仓位矩形不得重叠。	仅供共同审阅；保留每条来源、范围、版本与批准状态，不自动合并或删除。
SC-0825	R03-A1266	10	3	8	exact-text-duplicate,semantic-near-review	approval-candidate-not-approved,excluded-not-for-requirement-approval	8005-AGV-fleet-and-local-configuration | 8005-AGV-fleet-and-slot-model | AGV-fleet-and-local-configuration | AREA-station-map-and-routing | workflow-engine-and-governance		R03-A1266,R03-A1273,R03-A1843,R03-A1967,R03-A1974,R03-A2238,R04-A0925,R04-A0961,R06-A0107,R06-A0123	操作人员再次刷卡或认证。	仅供共同审阅；保留每条来源、范围、版本与批准状态，不自动合并或删除。
SC-0826	R03-A1268	2	1	2	exact-text-duplicate	approval-candidate-not-approved,excluded-not-for-requirement-approval	AGV-fleet-and-local-configuration | workflow-engine-and-governance		R03-A1268,R03-A1969	操作人员完成部分配置并选择保存。	仅供共同审阅；保留每条来源、范围、版本与批准状态，不自动合并或删除。
SC-0827	R03-A1271	2	1	2	exact-text-duplicate	excluded-not-for-requirement-approval	AGV-fleet-and-local-configuration | workflow-engine-and-governance		R03-A1271,R03-A1972	操作人员选择一个 `Published` 版本并填写非空停用原因。	仅供共同审阅；保留每条来源、范围、版本与批准状态，不自动合并或删除。
SC-0828	R03-A1274	2	1	2	exact-text-duplicate	excluded-not-for-requirement-approval	AGV-fleet-and-local-configuration | workflow-engine-and-governance		R03-A1274,R03-A1975	系统原子地将该版本置为 `Retired` 并写入审计；	仅供共同审阅；保留每条来源、范围、版本与批准状态，不自动合并或删除。
SC-0829	R03-A1278	2	1	2	exact-text-duplicate	approval-candidate-not-approved,excluded-not-for-requirement-approval	AGV-fleet-and-local-configuration | workflow-engine-and-governance		R03-A1278,R03-A1979	操作人员按 Normal Flow 修改、校验并发布；	仅供共同审阅；保留每条来源、范围、版本与批准状态，不自动合并或删除。
SC-0830	R03-A1287	3	3	3	semantic-near-review	approval-candidate-not-approved	8005-AGV-fleet-and-local-configuration | 8005-AGV-fleet-and-slot-model | AGV-fleet-and-local-configuration		R03-A1287,R04-A0887,R06-A0090	操作人员保存的草稿中，存在重复的面标识或仓位编号。	仅供共同审阅；保留每条来源、范围、版本与批准状态，不自动合并或删除。
SC-0831	R03-A1288	3	3	3	semantic-near-review	approval-candidate-not-approved	8005-AGV-fleet-and-slot-model | 8005-slot-and-fleet-operator-HMI | AGV-fleet-and-local-configuration		R03-A1288,R04-A0889,R06-A0092	系统拒绝保存/发布，提示冲突的具体标识。	仅供共同审阅；保留每条来源、范围、版本与批准状态，不自动合并或删除。
SC-0832	R03-A1291	3	3	3	semantic-near-review	approval-candidate-not-approved	8005-AGV-fleet-and-local-configuration | 8005-AGV-fleet-and-slot-model | AGV-fleet-and-local-configuration		R03-A1291,R04-A0895,R06-A0098	同一面内两个仓位的占用矩形存在共享的基础格。	仅供共同审阅；保留每条来源、范围、版本与批准状态，不自动合并或删除。
SC-0833	R03-A1292	3	3	3	semantic-near-review	approval-candidate-not-approved	8005-AGV-fleet-and-slot-model | 8005-slot-and-fleet-operator-HMI | AGV-fleet-and-local-configuration		R03-A1292,R04-A0897,R06-A0100	系统拒绝保存/发布，提示冲突的仓位编号及重叠位置。	仅供共同审阅；保留每条来源、范围、版本与批准状态，不自动合并或删除。
SC-0834	R03-A1295	6	3	6	exact-text-duplicate,semantic-near-review	approval-candidate-not-approved,excluded-not-for-requirement-approval	8005-AGV-fleet-and-slot-model | 8005-fleet-maintenance-authorization-and-accountability | AGV-fleet-and-local-configuration | workflow-engine-and-governance		R03-A1295,R03-A1997,R04-A0933,R04-A0966,R06-A0115,R06-A0128	再次认证失败、超时、身份与当前操作人不一致或权限不足。	仅供共同审阅；保留每条来源、范围、版本与批准状态，不自动合并或删除。
SC-0835	R03-A1296	2	1	2	exact-text-duplicate	approval-candidate-not-approved,excluded-not-for-requirement-approval	AGV-fleet-and-local-configuration | workflow-engine-and-governance		R03-A1296,R03-A1998	系统不发布、不停用，保留原状态并记录失败审计。	仅供共同审阅；保留每条来源、范围、版本与批准状态，不自动合并或删除。
SC-0836	R03-A1297	2	1	2	exact-text-duplicate	excluded-not-for-requirement-approval	AGV-fleet-and-local-configuration | workflow-engine-and-governance		R03-A1297,R03-A1999	版本持久化、状态转换、内容校验值或审计任一写入失败。	仅供共同审阅；保留每条来源、范围、版本与批准状态，不自动合并或删除。
SC-0837	R03-A1298	6	3	6	exact-text-duplicate,semantic-near-review	approval-candidate-not-approved,excluded-not-for-requirement-approval	8005-AGV-fleet-and-slot-model | 8005-slot-and-fleet-operator-HMI | AGV-fleet-and-local-configuration | workflow-engine-and-governance		R03-A1298,R03-A2000,R04-A0938,R04-A0971,R06-A0120,R06-A0133	系统回滚整个操作，不产生新版本或部分状态变更，并提示稍后重试。	仅供共同审阅；保留每条来源、范围、版本与批准状态，不自动合并或删除。
SC-0838	R03-A1443	2	1	1	exact-text-duplicate	excluded-not-for-requirement-approval	MES-dispatch-and-RIoT		R03-A1443,R03-A1448	接口下发失败/超时	仅供共同审阅；保留每条来源、范围、版本与批准状态，不自动合并或删除。
SC-0839	R03-A1658	3	1	3	exact-text-duplicate	approval-candidate-not-approved,excluded-not-for-requirement-approval	AGV-charging | AGV-parking | MES-dispatch-and-RIoT		R03-A1486,R03-A1658,R03-A3035	RIOT 接口在线可用。	仅供共同审阅；保留每条来源、范围、版本与批准状态，不自动合并或删除。
SC-0840	R03-A1523	2	1	2	exact-text-duplicate	excluded-not-for-requirement-approval	AREA-station-map-and-routing | MES-dispatch-and-RIoT		R03-A1523,R03-A1878	满足以下任一条件：	仅供共同审阅；保留每条来源、范围、版本与批准状态，不自动合并或删除。
SC-0841	R03-A1662	2	1	2	semantic-near-review	approval-candidate-not-approved	AGV-charging | AGV-parking		R03-A1662,R03-A3038	"该 AGV 当前未处于""已禁用""或""禁用待生效""状态（见 [[uc-013-enable-disable-agv|UC-013]]）。"	仅供共同审阅；保留每条来源、范围、版本与批准状态，不自动合并或删除。
SC-0842	R03-A1684	2	1	2	semantic-near-review	approval-candidate-not-approved	AGV-charging | AGV-parking		R03-A1684,R03-A3052	"系统核验该 AGV 当前是否处于""已禁用""或""禁用待生效""状态（见 Exception Flow E2.3）"	仅供共同审阅；保留每条来源、范围、版本与批准状态，不自动合并或删除。
SC-0843	R03-A1686	2	1	2	exact-text-duplicate	approval-candidate-not-approved	AGV-charging | AGV-parking		R03-A1686,R03-A3057	系统核验 RIOT 是否正常接收本次下发请求（见 Exception Flow E3.1）	仅供共同审阅；保留每条来源、范围、版本与批准状态，不自动合并或删除。
SC-0844	R03-A1693	2	1	1	exact-text-duplicate	approval-candidate-not-approved	AGV-charging		R03-A1693,R03-A1700	接口通信异常	仅供共同审阅；保留每条来源、范围、版本与批准状态，不自动合并或删除。
SC-0845	R03-A1709	2	1	2	semantic-near-review	approval-candidate-not-approved	AGV-charging | AGV-parking		R03-A1709,R03-A3076	"系统按第 3 步向 RIOT 发起创建""充电""移动任务的请求"	仅供共同审阅；保留每条来源、范围、版本与批准状态，不自动合并或删除。
SC-0846	R03-A1710	2	1	2	exact-text-duplicate	approval-candidate-not-approved	AGV-charging | AGV-parking		R03-A1710,R03-A3077	系统按第 3.1 步核验，发现本次请求通信异常、超时，或 RIOT 返回下发失败	仅供共同审阅；保留每条来源、范围、版本与批准状态，不自动合并或删除。
SC-0847	R03-A1711	2	1	2	exact-text-duplicate	hold-for-question-or-reframing	AGV-charging | AGV-parking		R03-A1711,R03-A3078	系统自动重试（具体重试次数/间隔 TBD）	仅供共同审阅；保留每条来源、范围、版本与批准状态，不自动合并或删除。
SC-0848	R03-A3079	2	1	2	semantic-near-review	approval-candidate-not-approved,hold-for-question-or-reframing	AGV-charging | AGV-parking		R03-A1712,R03-A3079	若重试仍失败且达到预设阈值，系统触发告警提示（如界面告警、上报 IT/软件维护人员 R-12 或 AGV 运维/调度管理员 R-13），本次返回停靠下发暂停，该 AGV 保持原空闲状态，可被后续重新尝试或被 UC-008/UC-012 正常派车/派充电	仅供共同审阅；保留每条来源、范围、版本与批准状态，不自动合并或删除。
SC-0849	R03-A1739	2	1	2	exact-text-duplicate	approval-candidate-not-approved	AGV-charging | AGV-parking		R03-A1739,R03-A2985	本 UC 不重复定义该算法本身。	仅供共同审阅；保留每条来源、范围、版本与批准状态，不自动合并或删除。
SC-0850	R03-A1740	2	1	2	semantic-near-review	approval-candidate-not-approved	AGV-charging | AGV-parking		R03-A1740,R03-A2987	管理员需要新增、修改某台 AGV（或某个车型/分组）的充电策略配置，或在充电桩布局调整、新车接入后需要补充配置。	仅供共同审阅；保留每条来源、范围、版本与批准状态，不自动合并或删除。
SC-0851	R03-A1742	2	1	2	semantic-near-review	approval-candidate-not-approved	AGV-charging | AGV-parking		R03-A1742,R03-A2989	"RIOT 接口在线可用，且本系统已能取得 RIOT 当前地图站点列表（含站点类型标记，用于识别哪些站点是""充电桩""）。"	仅供共同审阅；保留每条来源、范围、版本与批准状态，不自动合并或删除。
SC-0852	R03-A1753	2	1	2	exact-text-duplicate	approval-candidate-not-approved	AGV-charging | AGV-parking		R03-A1753,R03-A2999	操作人、目标 AGV/分组、修改前后值及时间戳被记录到审计日志。	仅供共同审阅；保留每条来源、范围、版本与批准状态，不自动合并或删除。
SC-0853	R03-A1759	2	1	2	semantic-near-review	approval-candidate-not-approved	AGV-charging | AGV-parking		R03-A1759,R03-A3003	管理员进入充电策略配置页面，选择目标 AGV（或车型/分组）	仅供共同审阅；保留每条来源、范围、版本与批准状态，不自动合并或删除。
SC-0854	R03-A1761	2	1	2	semantic-near-review	approval-candidate-not-approved	AGV-charging | AGV-parking		R03-A1761,R03-A3005	"系统同步 RIOT 当前地图站点列表，标记其中类型为""充电桩""的站点及其有效状态（见 Exception Flow E2.1）"	仅供共同审阅；保留每条来源、范围、版本与批准状态，不自动合并或删除。
SC-0855	R03-A1768	2	1	2	exact-text-duplicate	approval-candidate-not-approved	AGV-charging | AGV-parking		R03-A1768,R03-A3009	系统保存新配置，记录审计日志	仅供共同审阅；保留每条来源、范围、版本与批准状态，不自动合并或删除。
SC-0856	R03-A1769	2	1	2	semantic-near-review	approval-candidate-not-approved	AGV-charging | AGV-parking		R03-A1769,R03-A3010	不存在需要区分的备选流程：无论按单台 AGV 还是按车型/分组维护，均按 Normal Flow 相同的选桩范围、阈值录入、校验和保存步骤处理。	仅供共同审阅；保留每条来源、范围、版本与批准状态，不自动合并或删除。
SC-0857	R03-A1771	2	1	2	semantic-near-review	approval-candidate-not-approved	AGV-charging | AGV-parking		R03-A1771,R03-A3012	E2.1 RIOT 站点同步失败，无法确认充电桩列表	仅供共同审阅；保留每条来源、范围、版本与批准状态，不自动合并或删除。
SC-0858	R03-A1775	2	1	2	exact-text-duplicate	approval-candidate-not-approved	AGV-charging | AGV-parking		R03-A1775,R03-A3014	系统按第 2.1 步同步 RIOT 地图站点列表，发现通信异常、超时或结果不完整	仅供共同审阅；保留每条来源、范围、版本与批准状态，不自动合并或删除。
SC-0859	R03-A1776	2	1	2	semantic-near-review	approval-candidate-not-approved	AGV-charging | AGV-parking		R03-A1776,R03-A3015	系统采用 fail-closed：允许只读查看已有配置，禁止新增、修改候选充电桩集合	仅供共同审阅；保留每条来源、范围、版本与批准状态，不自动合并或删除。
SC-0860	R03-A1777	2	1	2	exact-text-duplicate	approval-candidate-not-approved	AGV-charging | AGV-parking		R03-A1777,R03-A3016	系统显示最后一次成功同步时间，并记录接口异常	仅供共同审阅；保留每条来源、范围、版本与批准状态，不自动合并或删除。
SC-0861	R03-A1778	2	1	2	exact-text-duplicate	approval-candidate-not-approved	AGV-charging | AGV-parking		R03-A1778,R03-A3017	IT/软件维护人员（R-12）或管理员排查并修复 RIOT 接口/网络异常后，管理员重新进入本 UC 进行配置	仅供共同审阅；保留每条来源、范围、版本与批准状态，不自动合并或删除。
SC-0862	R03-A1781	2	1	1	exact-text-duplicate	approval-candidate-not-approved	AGV-charging		R03-A1781,R03-A1787	管理员修正数值后重新提交	仅供共同审阅；保留每条来源、范围、版本与批准状态，不自动合并或删除。
SC-0863	R03-A1783	2	1	2	semantic-near-review	approval-candidate-not-approved	AGV-charging | AGV-parking		R03-A1783,R03-A3019	"系统提示""候选充电桩集合不能为空""，拒绝保存"	仅供共同审阅；保留每条来源、范围、版本与批准状态，不自动合并或删除。
SC-0864	R03-A1784	2	1	2	semantic-near-review	approval-candidate-not-approved	AGV-charging | AGV-parking		R03-A1784,R03-A3020	管理员至少选择一个候选充电桩后重新提交	仅供共同审阅；保留每条来源、范围、版本与批准状态，不自动合并或删除。
SC-0865	R03-A1981	8	1	8	exact-text-duplicate	excluded-not-for-requirement-approval	identity-access-and-session | logs-audit-and-traceability | workflow-engine-and-governance		R03-A1981,R03-A2434,R03-A2504,R03-A2574,R03-A2641,R03-A2715,R03-A2786,R03-A2845	以下异常与 Normal/Alternative Flow 中的对应步骤关联：	仅供共同审阅；保留每条来源、范围、版本与批准状态，不自动合并或删除。
SC-0866	R03-A2061	4	1	4	exact-text-duplicate	excluded-not-for-requirement-approval	workflow-engine-and-governance		R03-A2061,R03-A2161,R03-A2255,R03-A2348	以下异常与 Normal/Alternative Flow 的对应步骤关联：	仅供共同审阅；保留每条来源、范围、版本与批准状态，不自动合并或删除。
SC-0867	R03-A2063	2	1	1	normalized-text-duplicate	excluded-not-for-requirement-approval	workflow-engine-and-governance		R03-A2063,R03-A2072	或站点解析失败。	仅供共同审阅；保留每条来源、范围、版本与批准状态，不自动合并或删除。
SC-0868	R03-A2696	2	1	2	exact-text-duplicate	excluded-not-for-requirement-approval	logs-audit-and-traceability		R03-A2696,R03-A2777	用户打开一条记录详情。	仅供共同审阅；保留每条来源、范围、版本与批准状态，不自动合并或删除。
SC-0869	R03-A2725	2	1	2	exact-text-duplicate	excluded-not-for-requirement-approval	logs-audit-and-traceability		R03-A2725,R03-A2855	系统拒绝查询并提示缩小范围或修正字段，不返回不受控全量数据。	仅供共同审阅；保留每条来源、范围、版本与批准状态，不自动合并或删除。
SC-0870	R03-A2729	2	1	2	exact-text-duplicate	excluded-not-for-requirement-approval	logs-audit-and-traceability		R03-A2729,R03-A2859	系统隐藏该字段或拒绝展示详情，记录处理失败；	仅供共同审阅；保留每条来源、范围、版本与批准状态，不自动合并或删除。
SC-0871	R03-A2730	2	1	2	exact-text-duplicate	excluded-not-for-requirement-approval	logs-audit-and-traceability		R03-A2730,R03-A2860	不得回退为原文展示。	仅供共同审阅；保留每条来源、范围、版本与批准状态，不自动合并或删除。
SC-0872	R03-A2779	2	1	2	exact-text-duplicate	excluded-not-for-requirement-approval	logs-audit-and-traceability		R03-A2779,R03-A2837	系统记录本次查询与查看行为。	仅供共同审阅；保留每条来源、范围、版本与批准状态，不自动合并或删除。
SC-0873	R03-A2788	2	1	2	exact-text-duplicate	excluded-not-for-requirement-approval	logs-audit-and-traceability		R03-A2788,R03-A2847	E4.1 查询条件无效或范围过大。	仅供共同审阅；保留每条来源、范围、版本与批准状态，不自动合并或删除。
SC-0874	R03-A2949	2	1	1	exact-text-duplicate	excluded-not-for-requirement-approval	movement-safety-and-interlock		R03-A2949,R03-A2953	系统核验该指令是否被 RIOT 正常接收且 AGV 已实际停止，发现指令下发失败，或指令已下发但 AGV 未在预期时间内停止	仅供共同审阅；保留每条来源、范围、版本与批准状态，不自动合并或删除。
SC-0875	R03-A2951	2	1	1	exact-text-duplicate	hold-for-question-or-reframing	movement-safety-and-interlock		R03-A2951,R03-A2955	TBD 待定：是否需要进一步下发更高优先级的紧急停止指令，或采取其他兜底措施，待补充	仅供共同审阅；保留每条来源、范围、版本与批准状态，不自动合并或删除。
SC-0876	R04-A0020	2	1	1	exact-text-duplicate	approval-candidate-not-approved	8005-site-operation-and-stop-closure		R04-A0020,R04-A0024	**When** 系统执行派车范围核验	仅供共同审阅；保留每条来源、范围、版本与批准状态，不自动合并或删除。
SC-0877	R04-A0032	2	1	2	exact-text-duplicate	evidence-only	8005-site-operation-and-stop-closure		R04-A0032,R04-A0139	对应 Test Case 待建。	仅供共同审阅；保留每条来源、范围、版本与批准状态，不自动合并或删除。
SC-0878	R04-A0050	3	1	3	exact-text-duplicate	evidence-only	8005-site-operation-and-stop-closure		R04-A0050,R04-A0347,R04-A0560	[[uc-004-slot-door-safety-interlock|UC-004]] Flow A（开锁前移动核验）	仅供共同审阅；保留每条来源、范围、版本与批准状态，不自动合并或删除。
SC-0879	R04-A0068	3	2	3	semantic-near-review	approval-candidate-not-approved	8005-site-operation-and-stop-closure		R04-A0068,R04-A0354,R05-A0092	**Given** 已确定目标仓位，且按 [[uc-004-slot-door-safety-interlock|UC-004]] Flow A 判定 AGV 当前处于移动状态	仅供共同审阅；保留每条来源、范围、版本与批准状态，不自动合并或删除。
SC-0880	R04-A0069	5	2	5	exact-text-duplicate,semantic-near-review	approval-candidate-not-approved	8005-onboard-server-MES-interface | 8005-site-operation-and-stop-closure		R04-A0069,R04-A0355,R04-A0563,R05-A0093,R05-A0191	**When** 系统准备下发开锁指令	仅供共同审阅；保留每条来源、范围、版本与批准状态，不自动合并或删除。
SC-0881	R04-A0070	4	2	4	exact-text-duplicate,semantic-near-review	approval-candidate-not-approved	8005-onboard-server-MES-interface | 8005-site-operation-and-stop-closure		R04-A0070,R04-A0356,R04-A0564,R05-A0192	**Then** 系统拒绝本次开门/开锁，不得下发开锁指令	仅供共同审阅；保留每条来源、范围、版本与批准状态，不自动合并或删除。
SC-0882	R04-A0080	2	2	2	normalized-text-duplicate	approval-candidate-not-approved	8005-identity-role-and-session | 8005-site-operation-and-stop-closure		R04-A0080,R05-A0309	只有取得 R-09 或等效生产管理权限作出的 LoadCompensationDecision 且服务端授权后，才允许进入 LoadCompensationRecovery	仅供共同审阅；保留每条来源、范围、版本与批准状态，不自动合并或删除。
SC-0883	R04-A0086	2	2	2	semantic-near-review	approval-candidate-not-approved	8005-site-operation-and-stop-closure | 8005-site-safety-slot-hardware-and-recovery		R04-A0086,R05-A0319	系统审计确认人、时间、车辆、仓位和故障原因	仅供共同审阅；保留每条来源、范围、版本与批准状态，不自动合并或删除。
SC-0884	R04-A0089	2	2	2	semantic-near-review	approval-candidate-not-approved	8005-identity-role-and-session | 8005-site-operation-and-stop-closure		R04-A0089,R05-A0325	**When** 当前登录人尝试提交 HardwareRecoveryConfirmation	仅供共同审阅；保留每条来源、范围、版本与批准状态，不自动合并或删除。
SC-0885	R04-A0097	4	2	4	semantic-near-review	approval-candidate-not-approved	8005-site-operation-and-stop-closure | 8005-site-safety-slot-hardware-and-recovery		R04-A0097,R04-A0320,R05-A0371,R05-A0378	**Given** LoadBatch 因关键硬件故障处于 VehicleRecoveryRequired	仅供共同审阅；保留每条来源、范围、版本与批准状态，不自动合并或删除。
SC-0886	R04-A0111	2	2	2	semantic-near-review	approval-candidate-not-approved	8005-identity-role-and-session | 8005-site-operation-and-stop-closure		R04-A0111,R05-A0379	**Given** R-09 或等效生产管理权限已通过本次二次认证	仅供共同审阅；保留每条来源、范围、版本与批准状态，不自动合并或删除。
SC-0887	R04-A0127	5	2	4	exact-text-duplicate,semantic-near-review	approval-candidate-not-approved	8005-site-operation-and-stop-closure		R04-A0127,R04-A0400,R04-A0406,R05-A0117,R05-A0122	**When** 系统执行关门后核验	仅供共同审阅；保留每条来源、范围、版本与批准状态，不自动合并或删除。
SC-0888	R04-A0130	3	1	3	exact-text-duplicate,normalized-text-duplicate	approval-candidate-not-approved	8005-site-operation-and-stop-closure		R04-A0130,R04-A0295,R04-A0556	UNKNOWN 或机构状态无效时暂停恢复	仅供共同审阅；保留每条来源、范围、版本与批准状态，不自动合并或删除。
SC-0889	R04-A0132	2	1	2	normalized-text-duplicate	evidence-only	8005-site-operation-and-stop-closure		R04-A0132,R04-A0379	开锁前依赖 [[uc-004-slot-door-safety-interlock|UC-004]]；	仅供共同审阅；保留每条来源、范围、版本与批准状态，不自动合并或删除。
SC-0890	R04-A0152	2	2	2	semantic-near-review	approval-candidate-not-approved	8005-identity-role-and-session | 8005-site-operation-and-stop-closure		R04-A0152,R05-A0001	**Given** 车辆满足 StationDepartureWaiting、人工身份有效且无剩余待装任务	仅供共同审阅；保留每条来源、范围、版本与批准状态，不自动合并或删除。
SC-0891	R04-A0153	2	1	1	exact-text-duplicate	approval-candidate-not-approved	8005-site-operation-and-stop-closure		R04-A0153,R04-A0157	**When** 操作员请求结束本站	仅供共同审阅；保留每条来源、范围、版本与批准状态，不自动合并或删除。
SC-0892	R04-A0163	2	1	2	exact-text-duplicate	evidence-only	8005-site-operation-and-stop-closure		R04-A0163,R04-A0190	**Use Cases：** [[uc-002-confirm-task-completion|UC-002]]、[[uc-046-handle-station-departure-wait-timeout|UC-046]]	仅供共同审阅；保留每条来源、范围、版本与批准状态，不自动合并或删除。
SC-0893	R04-A0169	2	1	2	exact-text-duplicate	evidence-only	8005-site-operation-and-stop-closure		R04-A0169,R04-A0197	保留 FR 编号以维持追溯链接。	仅供共同审阅；保留每条来源、范围、版本与批准状态，不自动合并或删除。
SC-0894	R04-A0179	6	1	3	exact-text-duplicate,semantic-near-review	approval-candidate-not-approved	8005-site-operation-and-stop-closure		R04-A0179,R04-A0183,R04-A0187,R04-A0545,R04-A0644,R04-A0653	**Given** StopClosureCommit 成功	仅供共同审阅；保留每条来源、范围、版本与批准状态，不自动合并或删除。
SC-0895	R04-A0184	2	1	2	semantic-near-review	approval-candidate-not-approved	8005-site-operation-and-stop-closure		R04-A0184,R04-A0645	**When** 系统准备发车	仅供共同审阅；保留每条来源、范围、版本与批准状态，不自动合并或删除。
SC-0896	R04-A0188	2	2	2	semantic-near-review	approval-candidate-not-approved	8005-site-operation-and-stop-closure		R04-A0188,R05-A0024	**When** RIoT 移动请求失败	仅供共同审阅；保留每条来源、范围、版本与批准状态，不自动合并或删除。
SC-0897	R04-A0215	2	2	2	normalized-text-duplicate	approval-candidate-not-approved,excluded-not-for-requirement-approval	8005-internal-site-operation-state-model | 8005-site-operation-and-stop-closure		R04-A0215,R05-A0035	StopClosureCommit 已发生时不重新开放本站，已离站时引导异常卸出	仅供共同审阅；保留每条来源、范围、版本与批准状态，不自动合并或删除。
SC-0898	R04-A0216	2	1	2	exact-text-duplicate	evidence-only	8005-site-operation-and-stop-closure		R04-A0216,R04-A0256	**Use Cases：** [[uc-005-retrieve-mis-stored-product-from-slot|UC-005]]	仅供共同审阅；保留每条来源、范围、版本与批准状态，不自动合并或删除。
SC-0899	R04-A0230	2	2	2	semantic-near-review	approval-candidate-not-approved	8005-onboard-server-MES-interface | 8005-site-operation-and-stop-closure		R04-A0230,R05-A0039	**When** 车载端准备打开纠错仓位	仅供共同审阅；保留每条来源、范围、版本与批准状态，不自动合并或删除。
SC-0900	R04-A0239	2	2	2	semantic-near-review	approval-candidate-not-approved	8005-site-operation-and-stop-closure		R04-A0239,R05-A0050	**Then** 可靠记录 LoadCorrectionResult；	仅供共同审阅；保留每条来源、范围、版本与批准状态，不自动合并或删除。
SC-0901	R04-A0245	2	2	2	semantic-near-review	approval-candidate-not-approved	8005-site-operation-and-stop-closure | 8005-site-safety-slot-hardware-and-recovery		R04-A0245,R05-A0057	保持任务、SUBLOT、预留与 StationOperationGuard，禁止后续仓位装货	仅供共同审阅；保留每条来源、范围、版本与批准状态，不自动合并或删除。
SC-0902	R04-A0282	2	2	2	semantic-near-review	approval-candidate-not-approved	8005-site-operation-and-stop-closure		R04-A0282,R05-A0081	**Given** 所选 DemandId 已部分或全部装货且车辆未离站	仅供共同审阅；保留每条来源、范围、版本与批准状态，不自动合并或删除。
SC-0903	R04-A0307	2	2	2	semantic-near-review	approval-candidate-not-approved	8005-site-operation-and-stop-closure		R04-A0307,R05-A0227	**When** 操作员请求取消 A	仅供共同审阅；保留每条来源、范围、版本与批准状态，不自动合并或删除。
SC-0904	R04-A0312	2	2	2	semantic-near-review	approval-candidate-not-approved	8005-site-operation-and-stop-closure		R04-A0312,R05-A0233	**When** 操作员提交新的合法 SUBLOT-C	仅供共同审阅；保留每条来源、范围、版本与批准状态，不自动合并或删除。
SC-0905	R04-A0318	2	2	2	semantic-near-review	approval-candidate-not-approved	8005-identity-role-and-session | 8005-site-operation-and-stop-closure		R04-A0318,R05-A0078	**Then** 服务端返回 REJECTED 与稳定原因码，不下发任何开锁指令	仅供共同审阅；保留每条来源、范围、版本与批准状态，不自动合并或删除。
SC-0906	R04-A0350	2	2	2	semantic-near-review	approval-candidate-not-approved	8005-site-operation-and-stop-closure		R04-A0350,R05-A0087	"**Given** AGV 已到达某站点，且该 AGV 上存在一个或多个""已占用""且关联任务目标站点等于当前站点的仓位"	仅供共同审阅；保留每条来源、范围、版本与批准状态，不自动合并或删除。
SC-0907	R04-A0351	2	2	2	semantic-near-review	approval-candidate-not-approved	8005-site-operation-and-stop-closure		R04-A0351,R05-A0088	**When** 系统在到站后执行仓位识别	仅供共同审阅；保留每条来源、范围、版本与批准状态，不自动合并或删除。
SC-0908	R04-A0352	2	2	2	semantic-near-review	approval-candidate-not-approved	8005-site-operation-and-stop-closure		R04-A0352,R05-A0089	**Then** 系统自动列出这些仓位/任务作为本次到站待取料清单，不要求操作员扫码	仅供共同审阅；保留每条来源、范围、版本与批准状态，不自动合并或删除。
SC-0909	R04-A0358	2	1	2	semantic-near-review	approval-candidate-not-approved	8005-site-operation-and-stop-closure		R04-A0358,R04-A0566	**Given** AGV 未在移动	仅供共同审阅；保留每条来源、范围、版本与批准状态，不自动合并或删除。
SC-0910	R04-A0374	2	2	2	semantic-near-review	approval-candidate-not-approved	8005-site-operation-and-stop-closure		R04-A0374,R05-A0111	**Given** 某仓位打开后，操作员核验发现该仓位内实际无产品，或存放的产品与系统记录的子批号不符	仅供共同审阅；保留每条来源、范围、版本与批准状态，不自动合并或删除。
SC-0911	R04-A0378	2	1	2	exact-text-duplicate	evidence-only	8005-site-operation-and-stop-closure		R04-A0378,R04-A0409	**Use Cases：** 支撑 [[uc-010-unload-completed-lot-at-destination-station|UC-010]]；	仅供共同审阅；保留每条来源、范围、版本与批准状态，不自动合并或删除。
SC-0912	R04-A0399	2	2	2	semantic-near-review	approval-candidate-not-approved	8005-site-operation-and-stop-closure | 8005-site-safety-slot-hardware-and-recovery		R04-A0399,R05-A0116	**Given** 操作员已关闭目标仓位仓门，光幕检测确认该仓位内确实已清空	仅供共同审阅；保留每条来源、范围、版本与批准状态，不自动合并或删除。
SC-0913	R04-A0405	2	2	2	semantic-near-review	approval-candidate-not-approved	8005-site-operation-and-stop-closure | 8005-site-safety-slot-hardware-and-recovery		R04-A0405,R05-A0121	**Given** 操作员已关闭目标仓位仓门，但光幕仍检测到产品残留	仅供共同审阅；保留每条来源、范围、版本与批准状态，不自动合并或删除。
SC-0914	R04-A0428	2	2	2	semantic-near-review	approval-candidate-not-approved	8005-site-operation-and-stop-closure		R04-A0428,R05-A0127	**When** 系统处理该到站事件	仅供共同审阅；保留每条来源、范围、版本与批准状态，不自动合并或删除。
SC-0915	R04-A0429	2	2	2	semantic-near-review	approval-candidate-not-approved	8005-site-operation-and-stop-closure | 8005-site-safety-slot-hardware-and-recovery		R04-A0429,R05-A0128	"**Then** 本地记录的该 AGV 状态由""移动中""更新为""已到站"""	仅供共同审阅；保留每条来源、范围、版本与批准状态，不自动合并或删除。
SC-0916	R04-A0431	2	2	2	semantic-near-review	approval-candidate-not-approved	8005-site-operation-and-stop-closure		R04-A0431,R05-A0130	"**Given** 该 AGV 状态已更新为""已到站"""	仅供共同审阅；保留每条来源、范围、版本与批准状态，不自动合并或删除。
SC-0917	R04-A0432	2	2	2	semantic-near-review	approval-candidate-not-approved	8005-site-operation-and-stop-closure		R04-A0432,R05-A0131	**When** 系统完成状态更新	仅供共同审阅；保留每条来源、范围、版本与批准状态，不自动合并或删除。
SC-0918	R04-A0433	2	2	2	semantic-near-review	approval-candidate-not-approved	8005-onboard-HMI-and-site-operation | 8005-site-operation-and-stop-closure		R04-A0433,R05-A0132	**Then** 操作面板界面自动跳转到该站点对应的装卸操作界面，不需要操作员手动操作	仅供共同审阅；保留每条来源、范围、版本与批准状态，不自动合并或删除。
SC-0919	R04-A0467	5	1	5	exact-text-duplicate	evidence-only	8005-site-operation-and-stop-closure | 8005-slot-hardware-and-IO		R04-A0467,R04-A0585,R04-A0683,R04-A0735,R04-A0769	**Functional Requirements：** 无	仅供共同审阅；保留每条来源、范围、版本与批准状态，不自动合并或删除。
SC-0920	R04-A0468	2	1	2	exact-text-duplicate	evidence-only	8005-site-operation-and-stop-closure | 8005-slot-hardware-and-IO		R04-A0468,R04-A0684	**Non-Functional Requirements：** 无（见下方 Notes 说明）	仅供共同审阅；保留每条来源、范围、版本与批准状态，不自动合并或删除。
SC-0921	R04-A0562	2	2	2	semantic-near-review	approval-candidate-not-approved	8005-site-operation-and-stop-closure | 8005-site-safety-slot-hardware-and-recovery		R04-A0562,R05-A0190	"**Given** 目标仓位处于""仓门已关闭，但光幕检测到残留产品""的异常状态，且按 [[uc-004-slot-door-safety-interlock|UC-004]] Flow A 判定该 AGV 当前处于移动状态"	仅供共同审阅；保留每条来源、范围、版本与批准状态，不自动合并或删除。
SC-0922	R04-A0568	2	2	2	semantic-near-review	approval-candidate-not-approved	8005-site-operation-and-stop-closure		R04-A0568,R05-A0196	**Then** 系统重新打开该仓位仓门，供操作员取出残留产品	仅供共同审阅；保留每条来源、范围、版本与批准状态，不自动合并或删除。
SC-0923	R04-A0570	2	2	2	semantic-near-review	approval-candidate-not-approved	8005-site-operation-and-stop-closure | 8005-site-safety-slot-hardware-and-recovery		R04-A0570,R05-A0198	**Given** 操作员重新关闭该仓位仓门后，光幕检测确认该仓位内确已清空	仅供共同审阅；保留每条来源、范围、版本与批准状态，不自动合并或删除。
SC-0924	R04-A0571	4	2	3	exact-text-duplicate,semantic-near-review	approval-candidate-not-approved	8005-site-operation-and-stop-closure		R04-A0571,R04-A0576,R05-A0199,R05-A0204	**When** 系统执行重新关闭后核验	仅供共同审阅；保留每条来源、范围、版本与批准状态，不自动合并或删除。
SC-0925	R04-A0572	2	2	2	semantic-near-review	approval-candidate-not-approved	8005-site-operation-and-stop-closure		R04-A0572,R05-A0200	"**Then** 系统将该仓位状态恢复为 UC-010 预期的""空闲""；"	仅供共同审阅；保留每条来源、范围、版本与批准状态，不自动合并或删除。
SC-0926	R04-A0573	2	2	2	normalized-text-duplicate	approval-candidate-not-approved	8005-site-operation-and-stop-closure		R04-A0573,R05-A0201	记录本次重新打开、取出残留及重新核验的过程（操作员、仓位号、时间戳）	仅供共同审阅；保留每条来源、范围、版本与批准状态，不自动合并或删除。
SC-0927	R04-A0575	2	2	2	semantic-near-review	approval-candidate-not-approved	8005-site-operation-and-stop-closure | 8005-site-safety-slot-hardware-and-recovery		R04-A0575,R05-A0203	**Given** 操作员重新关闭该仓位仓门后，光幕仍检测到产品残留	仅供共同审阅；保留每条来源、范围、版本与批准状态，不自动合并或删除。
SC-0928	R04-A0584	6	1	6	exact-text-duplicate	evidence-only	8005-site-operation-and-stop-closure | 8005-slot-hardware-and-IO		R04-A0584,R04-A0682,R04-A0734,R04-A0768,R04-A0830,R04-A0861	**Business Rules：** 无	仅供共同审阅；保留每条来源、范围、版本与批准状态，不自动合并或删除。
SC-0929	R04-A0608	2	2	2	semantic-near-review	approval-candidate-not-approved	8005-cross-domain-language-and-model | 8005-site-operation-and-stop-closure		R04-A0608,R08-A1071	**When** 一个 LoadBatch 或 LoadCorrection 安全闭环、放弃尚未产生物理动作的操作，或新增待装 DemandId 的新版清单被车载确认	仅供共同审阅；保留每条来源、范围、版本与批准状态，不自动合并或删除。
SC-0930	R04-A0611	2	1	1	exact-text-duplicate	approval-candidate-not-approved	8005-site-operation-and-stop-closure		R04-A0611,R04-A0616	**Given** 倒计时正在进行	仅供共同审阅；保留每条来源、范围、版本与批准状态，不自动合并或删除。
SC-0931	R04-A0637	2	2	2	semantic-near-review	approval-candidate-not-approved	8005-onboard-server-MES-interface | 8005-site-operation-and-stop-closure		R04-A0637,R05-A0266	纯卸货站卸完直接结束，混合站完成全部卸货且仍可继续装货后才启动	仅供共同审阅；保留每条来源、范围、版本与批准状态，不自动合并或删除。
SC-0932	R04-A0671	2	2	2	semantic-near-review	approval-candidate-not-approved	8005-slot-hardware-and-IO | 8005-slot-management-and-hardware-acceptance		R04-A0671,R06-A0001	**Given** 本地服务器与数据库运行正常	仅供共同审阅；保留每条来源、范围、版本与批准状态，不自动合并或删除。
SC-0933	R04-A0672	2	2	2	semantic-near-review	approval-candidate-not-approved	8005-slot-and-fleet-operator-HMI | 8005-slot-hardware-and-IO		R04-A0672,R06-A0002	**When** 班组长/生产管理者打开仓位监控看板，或看板按周期/手动触发刷新	仅供共同审阅；保留每条来源、范围、版本与批准状态，不自动合并或删除。
SC-0934	R04-A0673	2	2	2	semantic-near-review	approval-candidate-not-approved	8005-slot-hardware-IO-safety-and-operability | 8005-slot-hardware-and-IO		R04-A0673,R06-A0003	**Then** 系统读取并展示各仓位状态（空闲/已占用/异常锁定）、仓门开关状态；	仅供共同审阅；保留每条来源、范围、版本与批准状态，不自动合并或删除。
SC-0935	R04-A0674	2	2	2	normalized-text-duplicate	approval-candidate-not-approved	8005-slot-and-fleet-operator-HMI | 8005-slot-hardware-and-IO		R04-A0674,R06-A0004	"若某仓位为""已占用""，同时展示其关联的子批号及搬运任务信息（任务号、目标/交货站点、任务当前状态），与本地数据库当前记录一致"	仅供共同审阅；保留每条来源、范围、版本与批准状态，不自动合并或删除。
SC-0936	R04-A0676	2	2	2	semantic-near-review	approval-candidate-not-approved	8005-slot-and-fleet-operator-HMI | 8005-slot-hardware-and-IO		R04-A0676,R06-A0006	**Given** 看板已展示上一次成功读取到的数据	仅供共同审阅；保留每条来源、范围、版本与批准状态，不自动合并或删除。
SC-0937	R04-A0677	2	2	2	semantic-near-review	approval-candidate-not-approved	8005-slot-hardware-and-IO | 8005-slot-management-and-hardware-acceptance		R04-A0677,R06-A0007	**When** 系统按周期或手动触发刷新时，读取本地数据库/服务发生异常	仅供共同审阅；保留每条来源、范围、版本与批准状态，不自动合并或删除。
SC-0938	R04-A0678	2	2	2	semantic-near-review	approval-candidate-not-approved	8005-slot-and-fleet-operator-HMI | 8005-slot-hardware-and-IO		R04-A0678,R06-A0008	"**Then** 系统提示""数据刷新失败，请稍后重试""，保留上一次成功读取到的数据，并标注该数据的最后刷新时间，不得与最新真实状态混淆；"	仅供共同审阅；保留每条来源、范围、版本与批准状态，不自动合并或删除。
SC-0939	R04-A0699	2	1	1	exact-text-duplicate	approval-candidate-not-approved	8005-slot-hardware-and-IO		R04-A0699,R04-A0703	**When** 操作人员禁用	仅供共同审阅；保留每条来源、范围、版本与批准状态，不自动合并或删除。
SC-0940	R04-A0726	2	2	2	semantic-near-review	approval-candidate-not-approved	8005-slot-hardware-IO-safety-and-operability | 8005-slot-hardware-and-IO		R04-A0726,R06-A0019	**When** 系统核验发现该开锁指令未能被 IO 模块正常接收（如通信超时、IO 模块无响应）	仅供共同审阅；保留每条来源、范围、版本与批准状态，不自动合并或删除。
SC-0941	R04-A0729	2	2	2	semantic-near-review	approval-candidate-not-approved	8005-slot-hardware-IO-safety-and-operability | 8005-slot-hardware-and-IO		R04-A0729,R06-A0022	**Given** 开锁指令已被 IO 模块正常接收	仅供共同审阅；保留每条来源、范围、版本与批准状态，不自动合并或删除。
SC-0942	R04-A0730	2	2	2	semantic-near-review	approval-candidate-not-approved	8005-slot-hardware-IO-safety-and-operability | 8005-slot-hardware-and-IO		R04-A0730,R06-A0023	**When** 维护人员现场核验发现该仓位仓门未能正常弹开/开启	仅供共同审阅；保留每条来源、范围、版本与批准状态，不自动合并或删除。
SC-0943	R04-A0736	2	1	2	exact-text-duplicate	evidence-only	8005-slot-hardware-and-IO		R04-A0736,R04-A0770	**Non-Functional Requirements：** 测试结果记录须满足 [[nfr-002-audit-completeness-and-retention|NFR-002]]	仅供共同审阅；保留每条来源、范围、版本与批准状态，不自动合并或删除。
SC-0944	R04-A0751	2	2	2	semantic-near-review	approval-candidate-not-approved	8005-slot-hardware-IO-safety-and-operability | 8005-slot-hardware-and-IO		R04-A0751,R06-A0027	**Given** 目标仓位仓门已开启，仓位内实际为空	仅供共同审阅；保留每条来源、范围、版本与批准状态，不自动合并或删除。
SC-0945	R04-A0752	2	2	2	semantic-near-review	approval-candidate-not-approved	8005-slot-hardware-IO-safety-and-operability | 8005-slot-hardware-and-IO		R04-A0752,R06-A0028	"**When** 系统读取该仓位光幕状态显示为""有遮挡""，且清空仓位后仍显示""有遮挡"""	仅供共同审阅；保留每条来源、范围、版本与批准状态，不自动合并或删除。
SC-0946	R04-A0755	2	2	2	semantic-near-review	approval-candidate-not-approved	8005-slot-hardware-IO-safety-and-operability | 8005-slot-hardware-and-IO		R04-A0755,R06-A0031	"**Given** 目标仓位仓门已开启，测试开始前光幕状态确为""无遮挡"""	仅供共同审阅；保留每条来源、范围、版本与批准状态，不自动合并或删除。
SC-0947	R04-A0756	2	2	2	semantic-near-review	approval-candidate-not-approved	8005-slot-hardware-IO-safety-and-operability | 8005-slot-hardware-and-IO		R04-A0756,R06-A0032	"**When** 维护人员依次放入测试物体/遮挡光幕、再移除测试物体/遮挡，系统分别读取到光幕状态正确变为""有遮挡""、再恢复""无遮挡"""	仅供共同审阅；保留每条来源、范围、版本与批准状态，不自动合并或删除。
SC-0948	R04-A0757	2	2	2	semantic-near-review	approval-candidate-not-approved	8005-slot-hardware-and-IO | 8005-slot-management-and-hardware-acceptance		R04-A0757,R06-A0033	"**Then** 系统记录本次测试结果为""正常""（维护人员、仓位号、时间戳）"	仅供共同审阅；保留每条来源、范围、版本与批准状态，不自动合并或删除。
SC-0949	R04-A0759	2	2	2	semantic-near-review	approval-candidate-not-approved	8005-slot-hardware-IO-safety-and-operability | 8005-slot-hardware-and-IO		R04-A0759,R06-A0035	"**Given** 测试开始前光幕状态核验通过（""无遮挡""）"	仅供共同审阅；保留每条来源、范围、版本与批准状态，不自动合并或删除。
SC-0950	R04-A0760	2	2	2	semantic-near-review	approval-candidate-not-approved	8005-slot-hardware-IO-safety-and-operability | 8005-slot-hardware-and-IO		R04-A0760,R06-A0036	"**When** 维护人员放入测试物体/遮挡光幕后，系统读取的光幕状态仍显示""无遮挡"""	仅供共同审阅；保留每条来源、范围、版本与批准状态，不自动合并或删除。
SC-0951	R04-A0763	2	2	2	semantic-near-review	approval-candidate-not-approved	8005-slot-hardware-IO-safety-and-operability | 8005-slot-hardware-and-IO		R04-A0763,R06-A0039	"**Given** 遮挡阶段核验通过（光幕已正确变为""有遮挡""）"	仅供共同审阅；保留每条来源、范围、版本与批准状态，不自动合并或删除。
SC-0952	R04-A0764	2	2	2	semantic-near-review	approval-candidate-not-approved	8005-slot-hardware-IO-safety-and-operability | 8005-slot-hardware-and-IO		R04-A0764,R06-A0040	"**When** 维护人员移除测试物体/遮挡后，系统读取的光幕状态仍显示""有遮挡"""	仅供共同审阅；保留每条来源、范围、版本与批准状态，不自动合并或删除。
SC-0953	R04-A0816	2	2	2	semantic-near-review	approval-candidate-not-approved	8005-slot-hardware-IO-safety-and-operability | 8005-slot-hardware-and-IO		R04-A0816,R06-A0061	**Given** 系统已按配置向目标仓位下发开锁 DO 指令，且维护人员已现场手动触发该物理仓位的传感器	仅供共同审阅；保留每条来源、范围、版本与批准状态，不自动合并或删除。
SC-0954	R04-A0817	2	2	2	semantic-near-review	approval-candidate-not-approved	8005-slot-hardware-IO-safety-and-operability | 8005-slot-hardware-and-IO		R04-A0817,R06-A0062	**When** 维护人员核对确认：方向一中实际发生反应的物理仓位与配置中该 DO 点位对应的仓位编号一致；	仅供共同审阅；保留每条来源、范围、版本与批准状态，不自动合并或删除。
SC-0955	R04-A0818	2	2	2	normalized-text-duplicate	approval-candidate-not-approved	8005-slot-hardware-IO-safety-and-operability | 8005-slot-hardware-and-IO		R04-A0818,R06-A0063	方向二中系统读取到的 DI 变化仓位编号与实际触发的物理仓位一致	仅供共同审阅；保留每条来源、范围、版本与批准状态，不自动合并或删除。
SC-0956	R04-A0821	2	2	2	semantic-near-review	approval-candidate-not-approved	8005-slot-hardware-IO-safety-and-operability | 8005-slot-hardware-and-IO		R04-A0821,R06-A0066	**Given** 系统已按配置中指向该仓位的 DO 点位下发开锁指令	仅供共同审阅；保留每条来源、范围、版本与批准状态，不自动合并或删除。
SC-0957	R04-A0822	2	2	2	semantic-near-review	approval-candidate-not-approved	8005-slot-hardware-IO-safety-and-operability | 8005-slot-hardware-and-IO		R04-A0822,R06-A0067	**When** 维护人员核对发现实际发生反应（弹开）的物理仓位与配置中该 DO 点位对应的仓位编号不一致	仅供共同审阅；保留每条来源、范围、版本与批准状态，不自动合并或删除。
SC-0958	R04-A0825	2	2	2	semantic-near-review	approval-candidate-not-approved	8005-slot-hardware-and-IO | 8005-slot-management-and-hardware-acceptance		R04-A0825,R06-A0070	**Given** 维护人员已现场手动触发某个物理仓位的传感器	仅供共同审阅；保留每条来源、范围、版本与批准状态，不自动合并或删除。
SC-0959	R04-A0826	2	2	2	semantic-near-review	approval-candidate-not-approved	8005-slot-hardware-IO-safety-and-operability | 8005-slot-hardware-and-IO		R04-A0826,R06-A0071	**When** 维护人员核对发现软件侧显示的 DI 变化仓位编号与自己实际触发的物理仓位不一致	仅供共同审阅；保留每条来源、范围、版本与批准状态，不自动合并或删除。
SC-0960	R04-A0848	2	2	2	semantic-near-review	approval-candidate-not-approved	8005-slot-hardware-IO-safety-and-operability | 8005-slot-hardware-and-IO		R04-A0848,R06-A0074	**Given** 操作人员已为目标仓位实例录入或修改点位信息（开锁 DO、锁状态 DI、光幕 DI）	仅供共同审阅；保留每条来源、范围、版本与批准状态，不自动合并或删除。
SC-0961	R04-A0849	2	2	2	semantic-near-review	approval-candidate-not-approved	8005-slot-hardware-IO-safety-and-operability | 8005-slot-hardware-and-IO		R04-A0849,R06-A0075	**When** 系统校验通道号未被重复占用，且必填点位均已填写，操作人员确认保存	仅供共同审阅；保留每条来源、范围、版本与批准状态，不自动合并或删除。
SC-0962	R04-A0852	2	2	2	semantic-near-review	approval-candidate-not-approved	8005-slot-hardware-IO-safety-and-operability | 8005-slot-hardware-and-IO		R04-A0852,R06-A0078	**Given** 操作人员提交的配置中，某 IO 模块的某通道号已被本仓位其他点位类型或另一仓位占用	仅供共同审阅；保留每条来源、范围、版本与批准状态，不自动合并或删除。
SC-0963	R04-A0853	16	2	12	exact-text-duplicate,semantic-near-review	approval-candidate-not-approved	8005-AGV-fleet-and-local-configuration | 8005-AGV-fleet-and-slot-model | 8005-slot-hardware-and-IO | 8005-slot-management-and-hardware-acceptance		R04-A0853,R04-A0857,R04-A0888,R04-A0892,R04-A0896,R04-A0900,R04-A1002,R04-A1111,R06-A0079,R06-A0083,R06-A0091,R06-A0095,R06-A0099,R06-A0103,R06-A0148,R06-A0194	**When** 系统执行保存前校验	仅供共同审阅；保留每条来源、范围、版本与批准状态，不自动合并或删除。
SC-0964	R04-A0856	2	2	2	semantic-near-review	approval-candidate-not-approved	8005-slot-hardware-IO-safety-and-operability | 8005-slot-hardware-and-IO		R04-A0856,R06-A0082	**Given** 操作人员提交的配置中，开锁 DO 点位或锁状态 DI 点位未填写	仅供共同审阅；保留每条来源、范围、版本与批准状态，不自动合并或删除。
SC-0965	R04-A0874	2	1	2	semantic-near-review	approval-candidate-not-approved	8005-AGV-fleet-and-slot-model		R04-A0874,R04-A0984	以上任一校验不通过，系统必须拒绝保存并提示具体冲突项，不产生部分保存的草稿。	仅供共同审阅；保留每条来源、范围、版本与批准状态，不自动合并或删除。
SC-0966	R04-A0883	2	2	2	semantic-near-review	approval-candidate-not-approved	8005-AGV-fleet-and-slot-model | 8005-slot-and-fleet-operator-HMI		R04-A0883,R06-A0086	**Given** 操作人员已为某型号的 `Draft` 版本配置面列表及仓位定义（编号、所属面、起始行/列、跨行数/跨列数、规格）	仅供共同审阅；保留每条来源、范围、版本与批准状态，不自动合并或删除。
SC-0967	R04-A0884	2	2	2	semantic-near-review	approval-candidate-not-approved	8005-AGV-fleet-and-local-configuration | 8005-AGV-fleet-and-slot-model		R04-A0884,R06-A0087	**When** 系统校验面标识与仓位编号均唯一、行列与跨格均为正整数且矩形不越界、同一面内仓位矩形互不重叠，且每个仓位的规格字段均已填写完整	仅供共同审阅；保留每条来源、范围、版本与批准状态，不自动合并或删除。
SC-0968	R04-A0885	2	2	2	semantic-near-review	approval-candidate-not-approved	8005-AGV-fleet-and-local-configuration | 8005-AGV-fleet-and-slot-model		R04-A0885,R06-A0088	**Then** 系统保存为 `Draft`，且该版本满足后续发布所需的字段完整性条件	仅供共同审阅；保留每条来源、范围、版本与批准状态，不自动合并或删除。
SC-0969	R04-A0891	2	2	2	semantic-near-review	approval-candidate-not-approved	8005-AGV-fleet-and-local-configuration | 8005-AGV-fleet-and-slot-model		R04-A0891,R06-A0094	**Given** 操作人员提交的草稿中，某仓位的起始行、起始列、跨行数或跨列数为零、负数，或超出所属面的行数/列数范围	仅供共同审阅；保留每条来源、范围、版本与批准状态，不自动合并或删除。
SC-0970	R04-A0893	2	2	2	semantic-near-review	approval-candidate-not-approved	8005-AGV-fleet-and-slot-model | 8005-slot-and-fleet-operator-HMI		R04-A0893,R06-A0096	**Then** 系统拒绝保存，提示具体仓位及越界原因	仅供共同审阅；保留每条来源、范围、版本与批准状态，不自动合并或删除。
SC-0971	R04-A0899	2	2	2	semantic-near-review	approval-candidate-not-approved	8005-AGV-fleet-and-local-configuration | 8005-AGV-fleet-and-slot-model		R04-A0899,R06-A0102	**Given** 操作人员提交的草稿已通过唯一性、越界、重叠三类格式校验，但某仓位的尺寸或最大载重未填写，或数值不合法（如负数）	仅供共同审阅；保留每条来源、范围、版本与批准状态，不自动合并或删除。
SC-0972	R04-A0901	2	2	2	semantic-near-review	approval-candidate-not-approved	8005-AGV-fleet-and-slot-model | 8005-slot-and-fleet-operator-HMI		R04-A0901,R06-A0104	**Then** 系统仍保存为 `Draft`，同时展示尚未满足的发布条件，不允许该草稿被直接发布	仅供共同审阅；保留每条来源、范围、版本与批准状态，不自动合并或删除。
SC-0973	R04-A0924	2	2	2	semantic-near-review	approval-candidate-not-approved	8005-AGV-fleet-and-slot-model | 8005-slot-and-fleet-operator-HMI		R04-A0924,R06-A0106	**Given** 目标 `Draft` 已通过格式校验且仓位规格填写完整，操作人员已填写发布原因并查看与上一 `Published` 版本的差异	仅供共同审阅；保留每条来源、范围、版本与批准状态，不自动合并或删除。
SC-0974	R04-A0928	2	2	2	semantic-near-review	approval-candidate-not-approved	8005-AGV-fleet-and-local-configuration | 8005-AGV-fleet-and-slot-model		R04-A0928,R06-A0110	**Given** 目标 `Draft` 中存在仓位的尺寸或最大载重未填写，或数值不合法	仅供共同审阅；保留每条来源、范围、版本与批准状态，不自动合并或删除。
SC-0975	R04-A0929	2	2	2	semantic-near-review	approval-candidate-not-approved	8005-AGV-fleet-and-local-configuration | 8005-AGV-fleet-and-slot-model		R04-A0929,R06-A0111	**When** 操作人员发起发布	仅供共同审阅；保留每条来源、范围、版本与批准状态，不自动合并或删除。
SC-0976	R04-A0930	2	2	2	semantic-near-review	approval-candidate-not-approved	8005-AGV-fleet-and-slot-model | 8005-slot-and-fleet-operator-HMI		R04-A0930,R06-A0112	**Then** 系统拒绝发布，提示具体缺失或不合法的字段，`Draft` 状态保持不变	仅供共同审阅；保留每条来源、范围、版本与批准状态，不自动合并或删除。
SC-0977	R04-A0932	4	2	4	semantic-near-review	approval-candidate-not-approved	8005-AGV-fleet-and-local-configuration | 8005-AGV-fleet-and-slot-model		R04-A0932,R04-A0965,R06-A0114,R06-A0127	**Given** 操作人员已提交发布请求	仅供共同审阅；保留每条来源、范围、版本与批准状态，不自动合并或删除。
SC-0978	R04-A0934	2	2	2	semantic-near-review	approval-candidate-not-approved	8005-AGV-fleet-and-local-configuration | 8005-AGV-fleet-and-slot-model		R04-A0934,R06-A0116	**Then** 系统不生成新版本，保留原 `Draft` 状态，记录失败审计	仅供共同审阅；保留每条来源、范围、版本与批准状态，不自动合并或删除。
SC-0979	R04-A0936	2	1	2	exact-text-duplicate	approval-candidate-not-approved	8005-AGV-fleet-and-slot-model		R04-A0936,R04-A0969	**Given** 二次认证已通过	仅供共同审阅；保留每条来源、范围、版本与批准状态，不自动合并或删除。
SC-0980	R04-A0937	2	2	2	semantic-near-review	approval-candidate-not-approved	8005-AGV-fleet-and-local-configuration | 8005-AGV-fleet-and-slot-model		R04-A0937,R06-A0119	**When** 版本持久化、状态转换、内容校验值计算或审计写入任一环节失败	仅供共同审阅；保留每条来源、范围、版本与批准状态，不自动合并或删除。
SC-0981	R04-A0960	2	2	2	semantic-near-review	approval-candidate-not-approved	8005-AGV-fleet-and-local-configuration | 8005-AGV-fleet-and-slot-model		R04-A0960,R06-A0122	**Given** 操作人员已为某个 `Published` 版本填写非空停用原因，并已查看当前引用该版本的 AGV 数量及清单	仅供共同审阅；保留每条来源、范围、版本与批准状态，不自动合并或删除。
SC-0982	R04-A0963	2	2	2	normalized-text-duplicate	approval-candidate-not-approved	8005-AGV-fleet-and-local-configuration | 8005-AGV-fleet-and-slot-model		R04-A0963,R06-A0125	该版本不再允许被 UC-019 选用于新接入，已引用该版本的历史 AGV 及其仓位实例保持不变、继续有效	仅供共同审阅；保留每条来源、范围、版本与批准状态，不自动合并或删除。
SC-0983	R04-A0967	2	2	2	semantic-near-review	approval-candidate-not-approved	8005-AGV-fleet-and-local-configuration | 8005-AGV-fleet-and-slot-model		R04-A0967,R06-A0129	**Then** 系统不停用，保留原 `Published` 状态，记录失败审计	仅供共同审阅；保留每条来源、范围、版本与批准状态，不自动合并或删除。
SC-0984	R04-A0970	2	2	2	semantic-near-review	approval-candidate-not-approved	8005-AGV-fleet-and-local-configuration | 8005-AGV-fleet-and-slot-model		R04-A0970,R06-A0132	**When** 状态转换或审计写入任一环节失败	仅供共同审阅；保留每条来源、范围、版本与批准状态，不自动合并或删除。
SC-0985	R04-A0989	2	2	2	semantic-near-review	approval-candidate-not-approved	8005-AGV-fleet-and-slot-model | 8005-local-server-RIoT-RCS-integration		R04-A0989,R06-A0135	**Given** 管理员已选择一台未接入的 RCS/RIOT 车辆，填写本地名称、车型、服务区域、最低接单电量、调度权重、维护备注，并独立选择某个多仓位 AGV 模型的一个版本	仅供共同审阅；保留每条来源、范围、版本与批准状态，不自动合并或删除。
SC-0986	R04-A0993	2	2	2	semantic-near-review	approval-candidate-not-approved	8005-AGV-fleet-and-local-configuration | 8005-AGV-fleet-and-slot-model		R04-A0993,R06-A0139	**Given** 管理员选择的模型版本当前处于 `Draft` 或 `Retired` 状态	仅供共同审阅；保留每条来源、范围、版本与批准状态，不自动合并或删除。
SC-0987	R04-A0994	2	2	2	semantic-near-review	approval-candidate-not-approved	8005-AGV-fleet-and-local-configuration | 8005-AGV-fleet-and-slot-model		R04-A0994,R06-A0140	**When** 系统校验该版本是否为 `Published`	仅供共同审阅；保留每条来源、范围、版本与批准状态，不自动合并或删除。
SC-0988	R04-A0995	2	2	2	semantic-near-review	approval-candidate-not-approved	8005-AGV-fleet-and-slot-model | 8005-slot-and-fleet-operator-HMI		R04-A0995,R06-A0141	"**Then** 系统拒绝保存，提示""该型号版本不可用于接入""，引导管理员改选其他 `Published` 版本或联系型号维护人员发布新版本"	仅供共同审阅；保留每条来源、范围、版本与批准状态，不自动合并或删除。
SC-0989	R04-A0998	2	2	2	semantic-near-review	approval-candidate-not-approved	8005-AGV-fleet-and-local-configuration | 8005-AGV-fleet-and-slot-model		R04-A0998,R06-A0144	**When** 系统校验车辆 ID 唯一性	仅供共同审阅；保留每条来源、范围、版本与批准状态，不自动合并或删除。
SC-0990	R04-A1027	2	2	2	semantic-near-review	approval-candidate-not-approved	8005-AGV-fleet-and-local-configuration | 8005-AGV-fleet-and-slot-model		R04-A1027,R06-A0151	**Given** [[fr-025-agv-registration-eligibility-and-slot-model-version-validation|FR-025]] 的全部校验均已通过，管理员已确认保存	仅供共同审阅；保留每条来源、范围、版本与批准状态，不自动合并或删除。
SC-0991	R04-A1029	2	2	2	semantic-near-review	approval-candidate-not-approved	8005-AGV-fleet-and-slot-model | 8005-local-server-RIoT-RCS-integration		R04-A1029,R06-A0153	"**Then** 系统在同一事务中创建本地 AGV 档案（含 RCS/RIOT 车辆 ID 映射、本地配置、绑定的模型型号/版本号/内容校验值快照）、按快照生成对应仓位实例记录、将 AGV 置为""已禁用""，并记录审计日志；"	仅供共同审阅；保留每条来源、范围、版本与批准状态，不自动合并或删除。
SC-0992	R04-A1030	2	2	2	normalized-text-duplicate	approval-candidate-not-approved	8005-AGV-fleet-and-slot-model | 8005-slot-and-fleet-operator-HMI		R04-A1030,R06-A0154	管理员被提示完成检查后可通过 [[uc-013-enable-disable-agv|UC-013]] 启用车辆	仅供共同审阅；保留每条来源、范围、版本与批准状态，不自动合并或删除。
SC-0993	R04-A1032	2	2	2	semantic-near-review	approval-candidate-not-approved	8005-AGV-fleet-and-local-configuration | 8005-AGV-fleet-and-slot-model		R04-A1032,R06-A0156	**Given** 管理员正在接入流程中	仅供共同审阅；保留每条来源、范围、版本与批准状态，不自动合并或删除。
SC-0994	R04-A1033	2	2	2	semantic-near-review	approval-candidate-not-approved	8005-AGV-fleet-and-slot-model | 8005-slot-and-fleet-operator-HMI		R04-A1033,R06-A0157	**When** 系统无法取得完整的 RCS/RIOT 车辆列表	仅供共同审阅；保留每条来源、范围、版本与批准状态，不自动合并或删除。
SC-0995	R04-A1055	2	2	2	semantic-near-review	approval-candidate-not-approved	8005-AGV-fleet-and-slot-model | 8005-slot-and-fleet-operator-HMI		R04-A1055,R06-A0160	"**Given** 管理员对一台当前非禁用状态的 AGV 点击""禁用"""	仅供共同审阅；保留每条来源、范围、版本与批准状态，不自动合并或删除。
SC-0996	R04-A1056	2	2	2	semantic-near-review	approval-candidate-not-approved	8005-AGV-fleet-and-slot-model | 8005-local-server-RIoT-RCS-integration		R04-A1056,R06-A0161	**When** 系统核验该 AGV 当前 RIOT 任务队列为空	仅供共同审阅；保留每条来源、范围、版本与批准状态，不自动合并或删除。
SC-0997	R04-A1057	2	2	2	semantic-near-review	approval-candidate-not-approved	8005-AGV-fleet-and-local-configuration | 8005-AGV-fleet-and-slot-model		R04-A1057,R06-A0162	"**Then** 系统立即将该 AGV 状态置为""已禁用""，记录操作人、AGV、操作类型、时间戳"	仅供共同审阅；保留每条来源、范围、版本与批准状态，不自动合并或删除。
SC-0998	R04-A1059	2	2	2	semantic-near-review	approval-candidate-not-approved	8005-AGV-fleet-and-slot-model | 8005-slot-and-fleet-operator-HMI		R04-A1059,R06-A0164	"**Given** 管理员对一台当前非禁用状态的 AGV 点击""禁用""，且该 AGV 当前 RIOT 任务队列不为空"	仅供共同审阅；保留每条来源、范围、版本与批准状态，不自动合并或删除。
SC-0999	R04-A1060	2	2	2	semantic-near-review	approval-candidate-not-approved	8005-AGV-fleet-and-local-configuration | 8005-AGV-fleet-and-slot-model		R04-A1060,R06-A0165	"**When** 系统核验队列非空，将该 AGV 状态置为""禁用待生效""；"	仅供共同审阅；保留每条来源、范围、版本与批准状态，不自动合并或删除。
SC-1000	R04-A1061	2	2	2	normalized-text-duplicate	approval-candidate-not-approved	8005-AGV-fleet-and-local-configuration | 8005-AGV-fleet-and-slot-model		R04-A1061,R06-A0166	当前任务不受影响，继续执行至完成或取消，队列重新变空	仅供共同审阅；保留每条来源、范围、版本与批准状态，不自动合并或删除。
SC-1001	R04-A1062	2	2	2	semantic-near-review	approval-candidate-not-approved	8005-AGV-fleet-and-local-configuration | 8005-AGV-fleet-and-slot-model		R04-A1062,R06-A0167	"**Then** 系统自动将该 AGV 状态转为""已禁用""，无需人工二次确认"	仅供共同审阅；保留每条来源、范围、版本与批准状态，不自动合并或删除。
SC-1002	R04-A1064	2	2	2	semantic-near-review	approval-candidate-not-approved	8005-AGV-fleet-and-slot-model | 8005-slot-and-fleet-operator-HMI		R04-A1064,R06-A0169	"**Given** 管理员对一台处于""已禁用""或""禁用待生效""的 AGV 点击""启用"""	仅供共同审阅；保留每条来源、范围、版本与批准状态，不自动合并或删除。
SC-1003	R04-A1065	2	2	2	semantic-near-review	approval-candidate-not-approved	8005-AGV-fleet-and-local-configuration | 8005-AGV-fleet-and-slot-model		R04-A1065,R06-A0170	**When** 系统核验该 AGV 确实处于上述状态之一	仅供共同审阅；保留每条来源、范围、版本与批准状态，不自动合并或删除。
SC-1004	R04-A1068	2	2	2	semantic-near-review	approval-candidate-not-approved	8005-AGV-fleet-and-local-configuration | 8005-AGV-fleet-and-slot-model		R04-A1068,R06-A0173	"**Given** 某台 AGV 已处于""已禁用""或""禁用待生效""状态"	仅供共同审阅；保留每条来源、范围、版本与批准状态，不自动合并或删除。
SC-1005	R04-A1069	2	2	2	semantic-near-review	approval-candidate-not-approved	8005-AGV-fleet-and-slot-model | 8005-slot-and-fleet-operator-HMI		R04-A1069,R06-A0174	"**When** 管理员再次点击""禁用"""	仅供共同审阅；保留每条来源、范围、版本与批准状态，不自动合并或删除。
SC-1006	R04-A1072	2	2	2	semantic-near-review	approval-candidate-not-approved	8005-AGV-fleet-and-local-configuration | 8005-AGV-fleet-and-slot-model		R04-A1072,R06-A0177	**Given** 某台 AGV 当前处于正常（非禁用）状态	仅供共同审阅；保留每条来源、范围、版本与批准状态，不自动合并或删除。
SC-1007	R04-A1073	2	2	2	semantic-near-review	approval-candidate-not-approved	8005-AGV-fleet-and-slot-model | 8005-slot-and-fleet-operator-HMI		R04-A1073,R06-A0178	"**When** 管理员点击""启用"""	仅供共同审阅；保留每条来源、范围、版本与批准状态，不自动合并或删除。
SC-1008	R04-A1078	4	1	4	exact-text-duplicate	evidence-only	8005-AGV-fleet-and-slot-model		R04-A1078,R04-A1117,R04-A1154,R04-A1185	**Functional Requirements：** 无强依赖	仅供共同审阅；保留每条来源、范围、版本与批准状态，不自动合并或删除。
SC-1009	R04-A1098	2	2	2	semantic-near-review	approval-candidate-not-approved	8005-AGV-fleet-and-slot-model | 8005-slot-hardware-IO-safety-and-operability		R04-A1098,R06-A0181	"**Given** 目标 AGV 已通过 UC-019 接入且未归档，处于""已禁用""，本地无未完成任务或站点作业，所有仓门均已确认关闭"	仅供共同审阅；保留每条来源、范围、版本与批准状态，不自动合并或删除。
SC-1010	R04-A1099	2	2	2	semantic-near-review	approval-candidate-not-approved	8005-AGV-fleet-and-slot-model | 8005-fleet-maintenance-authorization-and-accountability		R04-A1099,R06-A0182	**When** 管理员修改身份映射、车型、服务区域、电量阈值、调度权重或备注，系统校验 RCS/RIOT 车辆 ID、配置完整性、数值范围与内部一致性均通过	仅供共同审阅；保留每条来源、范围、版本与批准状态，不自动合并或删除。
SC-1011	R04-A1100	2	2	2	semantic-near-review	approval-candidate-not-approved	8005-AGV-fleet-and-slot-model | 8005-slot-and-fleet-operator-HMI		R04-A1100,R06-A0183	**Then** 系统展示修改前后差异，管理员确认后保存新配置，记录审计日志，并提示车辆仍处于禁用状态	仅供共同审阅；保留每条来源、范围、版本与批准状态，不自动合并或删除。
SC-1012	R04-A1103	2	2	2	semantic-near-review	approval-candidate-not-approved	8005-AGV-fleet-and-local-configuration | 8005-AGV-fleet-and-slot-model		R04-A1103,R06-A0186	**When** 管理员尝试进入配置保存流程	仅供共同审阅；保留每条来源、范围、版本与批准状态，不自动合并或删除。
SC-1013	R04-A1107	2	2	2	semantic-near-review	approval-candidate-not-approved	8005-AGV-fleet-and-local-configuration | 8005-AGV-fleet-and-slot-model		R04-A1107,R06-A0190	**When** 管理员尝试保存配置	仅供共同审阅；保留每条来源、范围、版本与批准状态，不自动合并或删除。
SC-1014	R04-A1135	2	2	2	semantic-near-review	approval-candidate-not-approved	8005-AGV-fleet-and-slot-model | 8005-slot-hardware-IO-safety-and-operability		R04-A1135,R06-A0197	**Given** 目标 AGV 已禁用且未归档，不存在未结束的本地任务/作业，RCS/RIOT 队列为空，所有仓门关闭且关键安全状态正常可读取	仅供共同审阅；保留每条来源、范围、版本与批准状态，不自动合并或删除。
SC-1015	R04-A1136	2	2	2	semantic-near-review	approval-candidate-not-approved	8005-AGV-fleet-and-slot-model | 8005-slot-and-fleet-operator-HMI		R04-A1136,R06-A0198	**When** 系统展示归档影响后，管理员二次确认	仅供共同审阅；保留每条来源、范围、版本与批准状态，不自动合并或删除。
SC-1016	R04-A1138	2	2	2	normalized-text-duplicate	approval-candidate-not-approved	8005-AGV-fleet-and-slot-model | 8005-local-server-RIoT-RCS-integration		R04-A1138,R06-A0200	历史任务、仓位记录、配置版本和审计日志仍可查询，RCS/RIOT 中的车辆保持不变	仅供共同审阅；保留每条来源、范围、版本与批准状态，不自动合并或删除。
SC-1017	R04-A1140	2	2	2	semantic-near-review	approval-candidate-not-approved	8005-AGV-fleet-and-local-configuration | 8005-AGV-fleet-and-slot-model		R04-A1140,R06-A0202	"**Given** 目标 AGV 当前未处于""已禁用""状态"	仅供共同审阅；保留每条来源、范围、版本与批准状态，不自动合并或删除。
SC-1018	R04-A1141	6	2	4	exact-text-duplicate,semantic-near-review	approval-candidate-not-approved	8005-AGV-fleet-and-local-configuration | 8005-AGV-fleet-and-slot-model		R04-A1141,R04-A1145,R04-A1149,R06-A0203,R06-A0207,R06-A0211	**When** 管理员发起归档	仅供共同审阅；保留每条来源、范围、版本与批准状态，不自动合并或删除。
SC-1019	R04-A1144	2	2	2	semantic-near-review	approval-candidate-not-approved	8005-AGV-fleet-and-local-configuration | 8005-AGV-fleet-and-slot-model		R04-A1144,R06-A0206	**Given** 目标 AGV 存在进行中任务、等待装卸或异常待恢复的本地作业	仅供共同审阅；保留每条来源、范围、版本与批准状态，不自动合并或删除。
SC-1020	R04-A1146	2	2	2	semantic-near-review	approval-candidate-not-approved	8005-AGV-fleet-and-local-configuration | 8005-AGV-fleet-and-slot-model		R04-A1146,R06-A0208	**Then** 系统列出这些未结束的任务/作业，拒绝归档	仅供共同审阅；保留每条来源、范围、版本与批准状态，不自动合并或删除。
SC-1021	R04-A1148	2	2	2	semantic-near-review	approval-candidate-not-approved	8005-AGV-fleet-and-slot-model | 8005-slot-hardware-IO-safety-and-operability		R04-A1148,R06-A0210	**Given** 目标 AGV 的 RCS/RIOT 队列不为空、任一仓门打开，或任一关键安全状态未知/异常	仅供共同审阅；保留每条来源、范围、版本与批准状态，不自动合并或删除。
SC-1022	R04-A1171	2	2	2	semantic-near-review	approval-candidate-not-approved	8005-AGV-fleet-and-slot-model | 8005-slot-hardware-IO-safety-and-operability		R04-A1171,R06-A0214	**Given** 管理员打开 AGV 车队页面，本地档案、配置、本地作业状态，以及 RCS/RIOT 与仓门/光幕/安全状态均可正常读取	仅供共同审阅；保留每条来源、范围、版本与批准状态，不自动合并或删除。
SC-1023	R04-A1173	2	2	2	semantic-near-review	approval-candidate-not-approved	8005-AGV-fleet-and-slot-model | 8005-slot-hardware-IO-safety-and-operability		R04-A1173,R06-A0216	**Then** 系统展示车辆列表（本地名称、RCS ID、车型、启停/归档状态、位置、电量、任务、仓门、可分配结论），管理员可打开详情查看完整配置、当前作业、状态时间戳和不可分配原因	仅供共同审阅；保留每条来源、范围、版本与批准状态，不自动合并或删除。
SC-1024	R04-A1175	4	2	3	exact-text-duplicate,semantic-near-review	approval-candidate-not-approved	8005-AGV-fleet-and-slot-model | 8005-slot-and-fleet-operator-HMI		R04-A1175,R04-A1179,R06-A0218,R06-A0222	**Given** 管理员正在查看或刷新车队页面	仅供共同审阅；保留每条来源、范围、版本与批准状态，不自动合并或删除。
SC-1025	R04-A1176	2	2	2	semantic-near-review	approval-candidate-not-approved	8005-AGV-fleet-and-slot-model | 8005-local-server-RIoT-RCS-integration		R04-A1176,R06-A0219	**When** RCS/RIOT 状态读取失败	仅供共同审阅；保留每条来源、范围、版本与批准状态，不自动合并或删除。
SC-1026	R04-A1177	2	2	2	semantic-near-review	approval-candidate-not-approved	8005-AGV-fleet-and-slot-model | 8005-slot-and-fleet-operator-HMI		R04-A1177,R06-A0220	**Then** 系统保留最近一次状态及其时间戳，明确标记为过期/未知，将该车辆判定为不可分配，记录接口异常并告警	仅供共同审阅；保留每条来源、范围、版本与批准状态，不自动合并或删除。
SC-1027	R04-A1180	2	2	2	semantic-near-review	approval-candidate-not-approved	8005-AGV-fleet-and-slot-model | 8005-slot-hardware-IO-safety-and-operability		R04-A1180,R06-A0223	**When** 某台车辆的仓门、光幕或安全状态读取失败	仅供共同审阅；保留每条来源、范围、版本与批准状态，不自动合并或删除。
SC-1028	R04-A1181	2	2	2	semantic-near-review	approval-candidate-not-approved	8005-AGV-fleet-and-slot-model | 8005-slot-and-fleet-operator-HMI		R04-A1181,R06-A0224	**Then** 系统将对应状态标记为未知，判定该车辆不可分配，并显示具体缺失项	仅供共同审阅；保留每条来源、范围、版本与批准状态，不自动合并或删除。
SC-1029	R05-A0027	2	1	2	normalized-text-duplicate	excluded-not-for-requirement-approval	8005-internal-site-operation-state-model		R05-A0027,R05-A0214	LoadBatch 已自动提交，但 StopClosureCommit 尚未发生；	仅供共同审阅；保留每条来源、范围、版本与批准状态，不自动合并或删除。
SC-1030	R05-A0066	3	2	2	semantic-near-review	approval-candidate-not-approved	8005-cross-domain-language-and-model | 8005-site-operation-and-stop-closure		R05-A0066,R08-A0687,R08-A0710	系统执行仓位目标态闭环。	仅供共同审阅；保留每条来源、范围、版本与批准状态，不自动合并或删除。
SC-1031	R05-A0096	2	1	2	semantic-near-review	approval-candidate-not-approved	8005-site-operation-and-stop-closure		R05-A0096,R05-A0194	AGV 未在移动；	仅供共同审阅；保留每条来源、范围、版本与批准状态，不自动合并或删除。
SC-1032	R05-A0164	2	1	2	exact-text-duplicate	evidence-only	8005-site-operation-and-stop-closure		R05-A0164,R05-A0169	[[fr-012-session-establishment-reuse-and-lock-stage-transition|FR-012]] AC-2	仅供共同审阅；保留每条来源、范围、版本与批准状态，不自动合并或删除。
SC-1033	R05-A0311	2	1	2	semantic-near-review	approval-candidate-not-approved	8005-site-safety-slot-hardware-and-recovery		R05-A0311,R05-A0323	一个 LoadBatch 因原目标仓位的锁 DI 失效进入 VehicleRecoveryRequired；	仅供共同审阅；保留每条来源、范围、版本与批准状态，不自动合并或删除。
SC-1034	R05-A0330	3	1	3	exact-text-duplicate	approval-candidate-not-approved	8005-site-safety-slot-hardware-and-recovery		R05-A0330,R05-A0338,R05-A0354	一个 LoadBatch 因目标仓位关键硬件反馈故障处于 VehicleRecoveryRequired；	仅供共同审阅；保留每条来源、范围、版本与批准状态，不自动合并或删除。
SC-1035	R06-A0015	2	1	2	semantic-near-review	approval-candidate-not-approved	8005-slot-hardware-IO-safety-and-operability		R06-A0015,R06-A0048	维护人员随后关门并使锁舌闩合。	仅供共同审阅；保留每条来源、范围、版本与批准状态，不自动合并或删除。
SC-1036	R06-A0016	2	1	2	semantic-near-review	approval-candidate-not-approved	8005-slot-hardware-IO-safety-and-operability		R06-A0016,R06-A0049	系统确认锁 DI 恢复锁闭，记录各阶段 DO/DI、目视结果、维护人员、仓位号和时间戳。	仅供共同审阅；保留每条来源、范围、版本与批准状态，不自动合并或删除。
SC-1037	R06-A0118	2	1	2	exact-text-duplicate	approval-candidate-not-approved	8005-fleet-maintenance-authorization-and-accountability		R06-A0118,R06-A0131	二次认证已通过。	仅供共同审阅；保留每条来源、范围、版本与批准状态，不自动合并或删除。
SC-1038	R08-A0126	2	1	2	semantic-near-review	approval-candidate-not-approved	8005-current-AGV-fleet-hardware-and-field-signals		R08-A0126,R08-A0722	OneBasketPerSlot（一仓一篮）：每个物理仓位最多存放一个花篮，每个任务中的花篮必须各自分配一个目标仓位；	仅供共同审阅；保留每条来源、范围、版本与批准状态，不自动合并或删除。
SC-1039	R08-A0197	2	1	2	semantic-near-review	approval-candidate-not-approved	8005-onboard-operator-experience		R08-A0197,R08-A1056	LoadCorrection（装货纠错）：纠错期间退出 StationDepartureWaiting 并停止离站倒计时，重新安全闭环后从完整时长开始。	仅供共同审阅；保留每条来源、范围、版本与批准状态，不自动合并或删除。
SC-1040	R08-A0483	17	1	17	exact-text-duplicate	evidence-only	8005-cross-domain-business-operation		R08-A0483,R08-A0504,R08-A0538,R08-A0583,R08-A0636,R08-A0702,R08-A0732,R08-A0765,R08-A0800,R08-A0824,R08-A0885,R08-A0932,R08-A0963,R08-A1005,R08-A1043,R08-A1058,R08-A1085	**Status**: accepted	仅供共同审阅；保留每条来源、范围、版本与批准状态，不自动合并或删除。
SC-1041	R08-A0484	17	1	17	exact-text-duplicate	evidence-only	8005-cross-domain-business-operation		R08-A0484,R08-A0505,R08-A0539,R08-A0584,R08-A0637,R08-A0703,R08-A0733,R08-A0766,R08-A0801,R08-A0825,R08-A0886,R08-A0933,R08-A0964,R08-A1006,R08-A1044,R08-A1059,R08-A1086	**Considered Options**:	仅供共同审阅；保留每条来源、范围、版本与批准状态，不自动合并或删除。
SC-1042	R08-A0488	17	1	17	exact-text-duplicate	evidence-only	8005-cross-domain-business-operation		R08-A0488,R08-A0510,R08-A0545,R08-A0589,R08-A0651,R08-A0707,R08-A0737,R08-A0771,R08-A0805,R08-A0829,R08-A0890,R08-A0938,R08-A0968,R08-A1010,R08-A1048,R08-A1063,R08-A1090	**Consequences**:	仅供共同审阅；保留每条来源、范围、版本与批准状态，不自动合并或删除。
SC-1043	R08-A0724	2	1	2	exact-text-duplicate	excluded-not-for-requirement-approval	8005-internal-cross-domain-technical-design		R08-A0724,R08-A0750	`ExpectedBasketCount == SlotOperationCommand.slots.Count`	仅供共同审阅；保留每条来源、范围、版本与批准状态，不自动合并或删除。
SC-1044	R09-A0005	12	1	12	exact-text-duplicate	evidence-only	8005-MES-dispatch-stall-hang-and-charge-recovery | 8005-MES-ingest-demand-lifecycle-and-data-access | 8005-RIoT-SDK-and-dispatch-control-integration		R09-A0005,R09-A0018,R09-A0028,R09-A0036,R09-A0045,R09-A0064,R09-A0086,R09-A0105,R09-A0119,R09-A0139,R09-A0152,R09-A0166	accepted	仅供共同审阅；保留每条来源、范围、版本与批准状态，不自动合并或删除。
SC-1045	R09-A0012	2	1	2	semantic-near-review	approval-candidate-not-approved	8005-MES-dispatch-stall-hang-and-charge-recovery		R09-A0012,R09-A0025	不以 HangContinue 为默认恢复。	仅供共同审阅；保留每条来源、范围、版本与批准状态，不自动合并或删除。
SC-1046	R10-A0011	5	1	5	exact-text-duplicate,semantic-near-review	approval-candidate-not-approved	slots-simulator-development-test-tool-only | slots-simulator-test-control-and-modbus-interface		R10-A0011,R10-A0133,R10-A0172,R10-A0202,R10-A0265	控制 API 不提供开锁或开门入口。	仅供共同审阅；保留每条来源、范围、版本与批准状态，不自动合并或删除。
SC-1047	R10-A0093	4	1	3	exact-text-duplicate,normalized-text-duplicate	evidence-only	slots-simulator-development-test-tool-only		R10-A0093,R10-A0096,R10-A0508,R10-A0657	When 启动模拟器；	仅供共同审阅；保留每条来源、范围、版本与批准状态，不自动合并或删除。
SC-1048	R10-A0127	2	1	2	exact-text-duplicate	evidence-only	slots-simulator-development-test-tool-only		R10-A0127,R10-A0154	覆盖范围依据 [[dr-003-first-batch-scenarios|DR-003]]。	仅供共同审阅；保留每条来源、范围、版本与批准状态，不自动合并或删除。
SC-1049	R10-A0143	2	1	2	exact-text-duplicate	evidence-only	slots-simulator-development-test-tool-only		R10-A0143,R10-A0208	Then 光幕 DI 变为无遮挡，关门后锁 DI 变为锁闭。	仅供共同审阅；保留每条来源、范围、版本与批准状态，不自动合并或删除。
SC-1050	R10-A0145	2	1	2	exact-text-duplicate	evidence-only	slots-simulator-development-test-tool-only	BOUND-R10-001	R10-A0145,R10-A0180	When 主系统写开锁 DO=1；	仅供共同审阅；保留每条来源、范围、版本与批准状态，不自动合并或删除。 含显式版本/范围指针，任何统一文本必须另行证明适用范围。
SC-1051	R10-A0210	2	1	1	exact-text-duplicate	evidence-only	slots-simulator-development-test-tool-only		R10-A0210,R10-A0213	When API 请求取出；	仅供共同审阅；保留每条来源、范围、版本与批准状态，不自动合并或删除。
SC-1052	R10-A0313	2	1	2	semantic-near-review	approval-candidate-not-approved	slots-simulator-internal-developer-ui		R10-A0313,R10-A0461	各面并排同时展示，不提供切换视图。	仅供共同审阅；保留每条来源、范围、版本与批准状态，不自动合并或删除。
SC-1053	R10-A0387	2	1	2	exact-text-duplicate	evidence-only	slots-simulator-development-test-tool-only		R10-A0387,R10-A0421	"服务于 `../00-vision/vision-and-scope.md` 第 2 节第 8 点""CI 接入能力（架构预留）""；"	仅供共同审阅；保留每条来源、范围、版本与批准状态，不自动合并或删除。
SC-1054	R10-A0388	2	1	2	exact-text-duplicate	evidence-only	slots-simulator-development-test-tool-only		R10-A0388,R10-A0422	理由详见 [[dr-008-ci-readiness|DR-008]]。	仅供共同审阅；保留每条来源、范围、版本与批准状态，不自动合并或删除。
SC-1055	R10-A0496	2	1	1	exact-text-duplicate	evidence-only	slots-simulator-development-test-tool-only		R10-A0496,R10-A0512	**When** 启动模拟器并打开 WPF	仅供共同审阅；保留每条来源、范围、版本与批准状态，不自动合并或删除。
SC-1056	R10-A0622	2	1	2	exact-text-duplicate	evidence-only	slots-simulator-development-test-tool-only	SCOPE-R10-001	R10-A0622,R10-A0661	**When** 启动或热重载配置	仅供共同审阅；保留每条来源、范围、版本与批准状态，不自动合并或删除。 含显式版本/范围指针，任何统一文本必须另行证明适用范围。
SC-1057	R11-A0064	3	1	3	exact-text-duplicate	evidence-only	8005-MesIngest-six-task-unified-query-contract | 8005-Sublot-box-count-and-ExpectedBasketCount-loading-gate | 8005-operator-identity-resolution-only		R11-A0064,R11-A0080,R11-A0090	正式 SQL 见 [`query.sql`](query.sql)，机器可读契约见 [`query.toml`](query.toml)。	仅供共同审阅；保留每条来源、范围、版本与批准状态，不自动合并或删除。
SC-1058	R11-A0085	2	1	2	normalized-text-duplicate	hold-for-hitl-conflict-decision	8005-Sublot-box-count-and-ExpectedBasketCount-loading-gate | 8005-operator-identity-resolution-only	BOUND-R11-001	R11-A0085,R11-A0096	只允许绑定变量和只读执行；	仅供共同审阅；保留每条来源、范围、版本与批准状态，不自动合并或删除。 含显式版本/范围指针，任何统一文本必须另行证明适用范围。
SC-1059	R12-A0001	2	1	2	exact-text-duplicate	evidence-only	historical-MesIngest-phase-1-scope-current-applicability-needs-source-binding-and-reapproval | historical-MesIngest-watch-operations-scope-current-applicability-needs-source-binding-and-reapproval	BOUND-R12-001	R12-A0001,R12-A0131	Status: ready-for-agent	仅供共同审阅；保留每条来源、范围、版本与批准状态，不自动合并或删除。 含显式版本/范围指针，任何统一文本必须另行证明适用范围。
SC-1060	R13-A0025	3	1	1	exact-text-duplicate	evidence-only	standard.oasis.300ul-static-analysis; product-environment-build-firmware-and-authoritative-version-applicability-remain-unbound	BOUND-R13-001	R13-A0025,R13-A0052,R13-A0058	取值范围=0~3，连续	仅供共同审阅；保留每条来源、范围、版本与批准状态，不自动合并或删除。 含显式版本/范围指针，任何统一文本必须另行证明适用范围。
SC-1061	R13-A0028	7	1	1	exact-text-duplicate	evidence-only	standard.oasis.300ul-static-analysis; product-environment-build-firmware-and-authoritative-version-applicability-remain-unbound	BOUND-R13-001	R13-A0028,R13-A0037,R13-A0040,R13-A0043,R13-A0046,R13-A0049,R13-A0064	取值范围=0~2，连续	仅供共同审阅；保留每条来源、范围、版本与批准状态，不自动合并或删除。 含显式版本/范围指针，任何统一文本必须另行证明适用范围。
SC-1062	R13-A0054	3	1	1	exact-text-duplicate	evidence-only	standard.oasis.300ul-static-analysis; product-environment-build-firmware-and-authoritative-version-applicability-remain-unbound	BOUND-R13-001	R13-A0054,R13-A0057,R13-A0060	中文名=移动任务子字段	仅供共同审阅；保留每条来源、范围、版本与批准状态，不自动合并或删除。 含显式版本/范围指针，任何统一文本必须另行证明适用范围。
SC-1063	R13-A0072	2	1	1	exact-text-duplicate	evidence-only	standard.oasis.300ul-static-analysis; product-environment-build-firmware-and-authoritative-version-applicability-remain-unbound	BOUND-R13-001	R13-A0072,R13-A0077	缺失的值=**1**	仅供共同审阅；保留每条来源、范围、版本与批准状态，不自动合并或删除。 含显式版本/范围指针，任何统一文本必须另行证明适用范围。
SC-1064	R13-A0094	3	1	1	exact-text-duplicate	evidence-only	standard.oasis.300ul-static-analysis; product-environment-build-firmware-and-authoritative-version-applicability-remain-unbound	BOUND-R13-001	R13-A0094,R13-A0098,R13-A0102	所在位置=顶层属性	仅供共同审阅；保留每条来源、范围、版本与批准状态，不自动合并或删除。 含显式版本/范围指针，任何统一文本必须另行证明适用范围。
SC-1065	R13-A0099	3	1	1	exact-text-duplicate	evidence-only	standard.oasis.300ul-static-analysis; product-environment-build-firmware-and-authoritative-version-applicability-remain-unbound	BOUND-R13-001	R13-A0099,R13-A0103,R13-A0107	说明=无枚举/对照表	仅供共同审阅；保留每条来源、范围、版本与批准状态，不自动合并或删除。 含显式版本/范围指针，任何统一文本必须另行证明适用范围。
