review_id	candidate_id	batch_id	source_record_id	source_path	exact_location	section_path	statement_text	source_context	statement_fingerprint	original_candidate_class	original_baseline_route	original_review_disposition	original_conflict_pointer	original_approval_state	post_conflict_disposition	resolution_pointer	review_rationale	review_fingerprint
PCR-0001	R01-A0003	R01	R01-03	mes/docs/待处理事项清单-MES-RIOT-应用.docx	paragraph P0003	document-root	说明：本文档汇总当前 MES、RIOT、应用侧待办，并标出预计时间与需对外沟通协调的事项。	说明：本文档汇总当前 MES、RIOT、应用侧待办，并标出预计时间与需对外沟通协调的事项。时间估值为工作日口径，可按现场联调窗口调整；“依赖客户/IT”项的等待时间不计入本团队净工时。	2b21a1e382891cc7ed967027c57d5e4f84117c164fdb496206481396d0ad015f	unresolved-question	needs-question-resolution	hold-for-question-or-reframing	none-found-within-r01-pass	not-approved	duplicate-or-evidence-only	singleton	该行只记录标题、分类、历史待办/阻塞状态、问题索引、重复标签或收敛说明；保留作证据，不单独形成需求决定。	68eba54e0ca95a3f6fa6b86ef50465d6d7aa9d6b3c70a8aa383b1711bb2f4475
PCR-0002	R01-A0004	R01	R01-03	mes/docs/待处理事项清单-MES-RIOT-应用.docx	paragraph P0003	document-root	时间估值为工作日口径，可按现场联调窗口调整；	说明：本文档汇总当前 MES、RIOT、应用侧待办，并标出预计时间与需对外沟通协调的事项。时间估值为工作日口径，可按现场联调窗口调整；“依赖客户/IT”项的等待时间不计入本团队净工时。	043e1f8436b587e6bdc80248e6d8c62373b5a524f8ea541b5d8651cd09854df3	unresolved-question	needs-question-resolution	hold-for-question-or-reframing	none-found-within-r01-pass	not-approved	duplicate-or-evidence-only	singleton	该行只记录标题、分类、历史待办/阻塞状态、问题索引、重复标签或收敛说明；保留作证据，不单独形成需求决定。	3a9cc61ec1b60a6537ccfa078501873e0e930fb7cb7e99a4c807cf3945eaecd5
PCR-0003	R01-A0005	R01	R01-03	mes/docs/待处理事项清单-MES-RIOT-应用.docx	paragraph P0003	document-root	“依赖客户/IT”项的等待时间不计入本团队净工时。	说明：本文档汇总当前 MES、RIOT、应用侧待办，并标出预计时间与需对外沟通协调的事项。时间估值为工作日口径，可按现场联调窗口调整；“依赖客户/IT”项的等待时间不计入本团队净工时。	0b071e2a942f1c8e35455497ad484db2eb36ff3cd3b881928e1b83537b8b0ba9	unresolved-question	needs-question-resolution	hold-for-question-or-reframing	none-found-within-r01-pass	not-approved	duplicate-or-evidence-only	singleton	该行只记录标题、分类、历史待办/阻塞状态、问题索引、重复标签或收敛说明；保留作证据，不单独形成需求决定。	e6b74539f96c4255ff315a2fa3c078d1b7f57e6814703a6bab4a0f4e7bd42cd5
PCR-0004	R01-A0006	R01	R01-03	mes/docs/待处理事项清单-MES-RIOT-应用.docx	table T01 row R002	一、总览	类别=MES | 待处理项数=8 | 本周优先=是 | 主要阻塞=第六类任务SQL未反馈；	类别=MES | 待处理项数=8 | 本周优先=是 | 主要阻塞=第六类任务SQL未反馈；现场验证不足；共晶排除清单；AREA清单	5d2fba63777b0cdee1684da23a1ad4c63b2bb8ed45fd77ba0131b601364e848f	unresolved-question	needs-question-resolution	hold-for-question-or-reframing	none-found-within-r01-pass	not-approved	duplicate-or-evidence-only	singleton	该行只记录标题、分类、历史待办/阻塞状态、问题索引、重复标签或收敛说明；保留作证据，不单独形成需求决定。	77d51ccc709d2128886774fd3b2ffeb4e1469cf99cc323c2f7cbfa0336be3916
PCR-0005	R01-A0007	R01	R01-03	mes/docs/待处理事项清单-MES-RIOT-应用.docx	table T01 row R002	一、总览	现场验证不足；	类别=MES | 待处理项数=8 | 本周优先=是 | 主要阻塞=第六类任务SQL未反馈；现场验证不足；共晶排除清单；AREA清单	2e54727f49e52beaa127c9ccb4bf291fdadd151925a913c68527a8bcf0ac5699	unresolved-question	needs-question-resolution	hold-for-question-or-reframing	none-found-within-r01-pass	not-approved	duplicate-or-evidence-only	singleton	该行只记录标题、分类、历史待办/阻塞状态、问题索引、重复标签或收敛说明；保留作证据，不单独形成需求决定。	8ae77295a64a034f4b31eff503f4cca027688f01e868bdb063f8f315a5c6b3e9
PCR-0006	R01-A0008	R01	R01-03	mes/docs/待处理事项清单-MES-RIOT-应用.docx	table T01 row R002	一、总览	共晶排除清单；	类别=MES | 待处理项数=8 | 本周优先=是 | 主要阻塞=第六类任务SQL未反馈；现场验证不足；共晶排除清单；AREA清单	2482b34fa7abb725e1a69f5b2d0734df372cfc17f9e8082e1b80b7f9f36d2885	unresolved-question	needs-question-resolution	hold-for-question-or-reframing	none-found-within-r01-pass	not-approved	duplicate-or-evidence-only	singleton	该行只记录标题、分类、历史待办/阻塞状态、问题索引、重复标签或收敛说明；保留作证据，不单独形成需求决定。	c53d935efb4f460effe106c2204cde356c3cca65a3712d6106fd207eb1d24e33
PCR-0007	R01-A0009	R01	R01-03	mes/docs/待处理事项清单-MES-RIOT-应用.docx	table T01 row R002	一、总览	AREA清单	类别=MES | 待处理项数=8 | 本周优先=是 | 主要阻塞=第六类任务SQL未反馈；现场验证不足；共晶排除清单；AREA清单	0bc8ba7ba993440e803dce8f319a3a712e5af800d3b9374afdfb67b9ec252604	unresolved-question	needs-question-resolution	hold-for-question-or-reframing	none-found-within-r01-pass	not-approved	duplicate-or-evidence-only	singleton	该行只记录标题、分类、历史待办/阻塞状态、问题索引、重复标签或收敛说明；保留作证据，不单独形成需求决定。	0a38520bd59b7b64a0ca3f2e5e90e250bea791c011e9ab013a036d634505467b
PCR-0008	R01-A0010	R01	R01-03	mes/docs/待处理事项清单-MES-RIOT-应用.docx	table T01 row R003	一、总览	类别=RIOT API | 待处理项数=5 | 本周优先=是 | 主要阻塞=订单状态契约未探明；	类别=RIOT API | 待处理项数=5 | 本周优先=是 | 主要阻塞=订单状态契约未探明；地图/路径API未测；可用API清单筛选中	17a6f5b04bce8b477cf6b639d77f199d5acd155a546674553f8df2f8736b3ae8	unresolved-question	needs-question-resolution	hold-for-question-or-reframing	none-found-within-r01-pass	not-approved	duplicate-or-evidence-only	singleton	该行只记录标题、分类、历史待办/阻塞状态、问题索引、重复标签或收敛说明；保留作证据，不单独形成需求决定。	af68bdc669b9cbddc78b3cba71fd8eca19d3ff5cd74cbac194366154e629f3d9
PCR-0009	R01-A0011	R01	R01-03	mes/docs/待处理事项清单-MES-RIOT-应用.docx	table T01 row R003	一、总览	地图/路径API未测；	类别=RIOT API | 待处理项数=5 | 本周优先=是 | 主要阻塞=订单状态契约未探明；地图/路径API未测；可用API清单筛选中	8f87df8c7917b4d27e9416886234dbc3c3a4f1b041ae9caac698278950544718	unresolved-question	needs-question-resolution	hold-for-question-or-reframing	none-found-within-r01-pass	not-approved	duplicate-or-evidence-only	singleton	该行只记录标题、分类、历史待办/阻塞状态、问题索引、重复标签或收敛说明；保留作证据，不单独形成需求决定。	0f801f0c08a77758869a7c3715deca2aec229b35a680c79bfa661621d065ea73
PCR-0010	R01-A0012	R01	R01-03	mes/docs/待处理事项清单-MES-RIOT-应用.docx	table T01 row R003	一、总览	可用API清单筛选中	类别=RIOT API | 待处理项数=5 | 本周优先=是 | 主要阻塞=订单状态契约未探明；地图/路径API未测；可用API清单筛选中	4ae40506d7764328f3f80818c53aa0488312e2e21020bed02f697f5098d79c31	unresolved-question	needs-question-resolution	hold-for-question-or-reframing	none-found-within-r01-pass	not-approved	duplicate-or-evidence-only	singleton	该行只记录标题、分类、历史待办/阻塞状态、问题索引、重复标签或收敛说明；保留作证据，不单独形成需求决定。	846b41ebe86c248ad0fcf3d90f03008f4aac748b8005e70eb3a1a4d8fdad570c
PCR-0011	R01-A0013	R01	R01-03	mes/docs/待处理事项清单-MES-RIOT-应用.docx	table T01 row R004	一、总览	类别=应用/需求 | 待处理项数=7 | 本周优先=文档补齐优先 | 主要阻塞=4项新功能未入需求文档；	类别=应用/需求 | 待处理项数=7 | 本周优先=文档补齐优先 | 主要阻塞=4项新功能未入需求文档；缺架构与详细设计	7bbf291021f4e3e6c6279c1bfac1597f10608d22d847506676f6be6568e8b1c3	unresolved-question	needs-question-resolution	hold-for-question-or-reframing	none-found-within-r01-pass	not-approved	duplicate-or-evidence-only	singleton	该行只记录标题、分类、历史待办/阻塞状态、问题索引、重复标签或收敛说明；保留作证据，不单独形成需求决定。	30731d7b0fe6e50ac83eecd30e5669368c1b30bb4550c54fca1ab80a6455c5c1
PCR-0012	R01-A0014	R01	R01-03	mes/docs/待处理事项清单-MES-RIOT-应用.docx	table T01 row R004	一、总览	缺架构与详细设计	类别=应用/需求 | 待处理项数=7 | 本周优先=文档补齐优先 | 主要阻塞=4项新功能未入需求文档；缺架构与详细设计	709bdec2f174cb1957f8a66d1ea739e2f7be7dc23a1233cfb02e66a6228d6e66	unresolved-question	needs-question-resolution	hold-for-question-or-reframing	none-found-within-r01-pass	not-approved	duplicate-or-evidence-only	singleton	该行只记录标题、分类、历史待办/阻塞状态、问题索引、重复标签或收敛说明；保留作证据，不单独形成需求决定。	5d0e088d3905b56f392fa254701072aeb5775641c207b72075f2172fbafef8eb
PCR-0013	R01-A0015	R01	R01-03	mes/docs/待处理事项清单-MES-RIOT-应用.docx	table T01 row R005	一、总览	类别=客户沟通 | 待处理项数=5 | 本周优先=是 | 主要阻塞=SQL/EQP/AREA/封装覆盖/异常任务规则	类别=客户沟通 | 待处理项数=5 | 本周优先=是 | 主要阻塞=SQL/EQP/AREA/封装覆盖/异常任务规则	9055399165084f4e01cd50c24966f05813f7b247ab66bcabc74f9d5ac3547984	unresolved-question	needs-question-resolution	hold-for-question-or-reframing	none-found-within-r01-pass	not-approved	duplicate-or-evidence-only	singleton	该行只记录标题、分类、历史待办/阻塞状态、问题索引、重复标签或收敛说明；保留作证据，不单独形成需求决定。	7c18e8e70b0843e5b243183ea416e62cbf6ac05048131f544b5582845f42006d
PCR-0014	R01-A0016	R01	R01-03	mes/docs/待处理事项清单-MES-RIOT-应用.docx	table T02 row R002	二、MES 待处理事项 > 2.1 待处理事项与预计时间	跟进第六类任务 SQL （焊线1完工→焊线氮气柜）；	编号=M-01 | 待处理事项=跟进第六类任务 SQL （焊线1完工→焊线氮气柜） | 说明/验收要点=IT群已询问，客户未反馈。拿到SQL后：登记 QUERY_ID、并入 UNION、补契约字段、补实验与样本。 | 预计时间=收到SQL后 1～2 天 （等待不计入） | 优先级=P0	cc83e16fc84a6db68c8889f7252d34bb67b3bb8a704353548d198ab7e03f02d4	unresolved-question	needs-question-resolution	hold-for-question-or-reframing	none-found-within-r01-pass	not-approved	duplicate-or-evidence-only	singleton	该行只记录标题、分类、历史待办/阻塞状态、问题索引、重复标签或收敛说明；保留作证据，不单独形成需求决定。	e6e8d8ae6363fb61ccd40ff375cfc3382e24d41d08bcad433a745cb84320429d
PCR-0015	R01-A0017	R01	R01-03	mes/docs/待处理事项清单-MES-RIOT-应用.docx	table T02 row R002	二、MES 待处理事项 > 2.1 待处理事项与预计时间	IT群已询问，客户未反馈。	编号=M-01 | 待处理事项=跟进第六类任务 SQL （焊线1完工→焊线氮气柜） | 说明/验收要点=IT群已询问，客户未反馈。拿到SQL后：登记 QUERY_ID、并入 UNION、补契约字段、补实验与样本。 | 预计时间=收到SQL后 1～2 天 （等待不计入） | 优先级=P0	130b0c299bed44a6e5bb4ab2b73b78b6ba43a52b312f60ff6ddca1d96f287276	unresolved-question	needs-question-resolution	hold-for-question-or-reframing	none-found-within-r01-pass	not-approved	duplicate-or-evidence-only	singleton	该行只记录标题、分类、历史待办/阻塞状态、问题索引、重复标签或收敛说明；保留作证据，不单独形成需求决定。	83621ea7e6730da1e79831d36367c49b8523785f22bad5720f59acea341bf127
PCR-0016	R01-A0018	R01	R01-03	mes/docs/待处理事项清单-MES-RIOT-应用.docx	table T02 row R002	二、MES 待处理事项 > 2.1 待处理事项与预计时间	拿到SQL后：登记 QUERY_ID、并入 UNION、补契约字段、补实验与样本。	编号=M-01 | 待处理事项=跟进第六类任务 SQL （焊线1完工→焊线氮气柜） | 说明/验收要点=IT群已询问，客户未反馈。拿到SQL后：登记 QUERY_ID、并入 UNION、补契约字段、补实验与样本。 | 预计时间=收到SQL后 1～2 天 （等待不计入） | 优先级=P0	2b33283e075d01ffa5623da2aec07cf31b5b3e2560dc9f5815c794cf0e62419e	unresolved-question	needs-question-resolution	hold-for-question-or-reframing	none-found-within-r01-pass	not-approved	duplicate-or-evidence-only	singleton	该行只记录标题、分类、历史待办/阻塞状态、问题索引、重复标签或收敛说明；保留作证据，不单独形成需求决定。	5973679affdad6f2190f0ab51592c3e86a913590205781c4a90ac054f9b2e1dc
PCR-0017	R01-A0027	R01	R01-03	mes/docs/待处理事项清单-MES-RIOT-应用.docx	table T02 row R005	二、MES 待处理事项 > 2.1 待处理事项与预计时间	补充完整任务状态图；	编号=M-04 | 待处理事项=补充完整任务状态图 | 说明/验收要点=获取/去重/过滤已确认，但缺完整状态图。补齐：PENDING～COMPLETED/CANCELLED/EXCEPTION、MES消失保护、人工永久抑制、位置异常、上游依赖等待等。 | 预计时间=1～1.5 天 | 优先级=P0	aefc0e4b68e2ea657eef2783e6007ff0f0c27d09355f7175b7f3c83a6fe034f1	unresolved-question	needs-question-resolution	hold-for-question-or-reframing	none-found-within-r01-pass	not-approved	duplicate-or-evidence-only	singleton	该行只记录标题、分类、历史待办/阻塞状态、问题索引、重复标签或收敛说明；保留作证据，不单独形成需求决定。	6fc8a1c79b247a85b51d201c18b0b18f8c96e444d7de442c26123683825fb12b
PCR-0018	R01-A0028	R01	R01-03	mes/docs/待处理事项清单-MES-RIOT-应用.docx	table T02 row R005	二、MES 待处理事项 > 2.1 待处理事项与预计时间	获取/去重/过滤已确认，但缺完整状态图。	编号=M-04 | 待处理事项=补充完整任务状态图 | 说明/验收要点=获取/去重/过滤已确认，但缺完整状态图。补齐：PENDING～COMPLETED/CANCELLED/EXCEPTION、MES消失保护、人工永久抑制、位置异常、上游依赖等待等。 | 预计时间=1～1.5 天 | 优先级=P0	ab7f6cfc1044402babcbeeb66cff1bc326cdfa7a5bfa2784c34331d51469165e	unresolved-question	needs-question-resolution	hold-for-question-or-reframing	none-found-within-r01-pass	not-approved	duplicate-or-evidence-only	singleton	该行只记录标题、分类、历史待办/阻塞状态、问题索引、重复标签或收敛说明；保留作证据，不单独形成需求决定。	8ceef6a99c9c5abfa5209215d9978bbbc4d290925e8582f3f72beacb48a39668
PCR-0019	R01-A0029	R01	R01-03	mes/docs/待处理事项清单-MES-RIOT-应用.docx	table T02 row R005	二、MES 待处理事项 > 2.1 待处理事项与预计时间	补齐：PENDING～COMPLETED/CANCELLED/EXCEPTION、MES消失保护、人工永久抑制、位置异常、上游依赖等待等。	编号=M-04 | 待处理事项=补充完整任务状态图 | 说明/验收要点=获取/去重/过滤已确认，但缺完整状态图。补齐：PENDING～COMPLETED/CANCELLED/EXCEPTION、MES消失保护、人工永久抑制、位置异常、上游依赖等待等。 | 预计时间=1～1.5 天 | 优先级=P0	4b925f2cfb927beca460ca1ad213cfe9bc1898f67dc789eff5f13050508045af	unresolved-question	needs-question-resolution	hold-for-question-or-reframing	none-found-within-r01-pass	not-approved	duplicate-or-evidence-only	singleton	该行只记录标题、分类、历史待办/阻塞状态、问题索引、重复标签或收敛说明；保留作证据，不单独形成需求决定。	364c11434044b8bfcad8a6b3801b9defe7896e8e68e3d22c746a521e900de60a
PCR-0020	R01-A0044	R01	R01-03	mes/docs/待处理事项清单-MES-RIOT-应用.docx	table T03 row R002	二、MES 待处理事项 > 2.2 MES 需沟通协调事项	第六类任务（焊线1完工送焊线氮气柜）正式 SQL、筛选条件、是否并入现有 UNION	编号=MC-01 | 需沟通对象=客户 IT | 沟通事项=第六类任务（焊线1完工送焊线氮气柜）正式 SQL、筛选条件、是否并入现有 UNION | 期望产出=正式 SQL + 业务含义确认 | 当前状态=已在IT群询问，等待反馈	77d03705fa53a0bb09476dcd10df4a88cd7cc5bd1c90c407ad06f4f3fcd852b9	unresolved-question	needs-question-resolution	hold-for-question-or-reframing	none-found-within-r01-pass	not-approved	needs-evidence-before-candidacy	mes/docs/待处理事项清单-MES-RIOT-应用.docx	该记录要求目标环境、接口、字段、配置值或版本绑定事实；现有材料不足，不能由批准人猜测或由实现反推。	dfcb3cfeae2962ddc0c780d8e732c9d0f5fb6bfe1edecfcd535b7a15ce298012
PCR-0021	R01-A0045	R01	R01-03	mes/docs/待处理事项清单-MES-RIOT-应用.docx	table T03 row R003	二、MES 待处理事项 > 2.2 MES 需沟通协调事项	封装对照表不全时：是否统一退化“选任务/扫SUBLOT开门”；	编号=MC-02 | 需沟通对象=客户工艺/现场 + IT | 沟通事项=封装对照表不全时：是否统一退化“选任务/扫SUBLOT开门”；未覆盖 PACKAGE 是否补表 | 期望产出=书面确认兜底规则；补表计划或接受兜底 | 当前状态=现场已确认表不全，规则待书面确认	cf376001caa9c794264220734d9cab41f1cb1b29903fa89add9c0e0e771ea3ed	unresolved-question	needs-question-resolution	hold-for-question-or-reframing	none-found-within-r01-pass	not-approved	graduate-hitl-question	issues/64-decide-mes-transport-candidate-inclusion-and-exclusion-boundary.md	问题已能按业务后果精确表述，并由《决定 MES 运输候选的业务纳入与排除边界》统一承载；原声明保持未批准。	9692ba57300f8517cbacddd443abaf18b33fb6daa18170a689cfd43886d832c0
PCR-0022	R01-A0046	R01	R01-03	mes/docs/待处理事项清单-MES-RIOT-应用.docx	table T03 row R003	二、MES 待处理事项 > 2.2 MES 需沟通协调事项	未覆盖 PACKAGE 是否补表	编号=MC-02 | 需沟通对象=客户工艺/现场 + IT | 沟通事项=封装对照表不全时：是否统一退化“选任务/扫SUBLOT开门”；未覆盖 PACKAGE 是否补表 | 期望产出=书面确认兜底规则；补表计划或接受兜底 | 当前状态=现场已确认表不全，规则待书面确认	2b0cbbec51a8b0319aa41fed9c058299006a0cd8b288d6b5e89184f0775b6386	unresolved-question	needs-question-resolution	hold-for-question-or-reframing	none-found-within-r01-pass	not-approved	needs-evidence-before-candidacy	mes/docs/待处理事项清单-MES-RIOT-应用.docx	该记录要求目标环境、接口、字段、配置值或版本绑定事实；现有材料不足，不能由批准人猜测或由实现反推。	b526406f351582cecd97084e4fa567574c65197ac31a57fd5f764b4064661e18
PCR-0023	R01-A0047	R01	R01-03	mes/docs/待处理事项清单-MES-RIOT-应用.docx	table T03 row R004	二、MES 待处理事项 > 2.2 MES 需沟通协调事项	交接班部分完工、扣留出站部分完工等是否应出现在运输候选中；	编号=MC-03 | 需沟通对象=客户 IT + 现场班组长 | 沟通事项=交接班部分完工、扣留出站部分完工等是否应出现在运输候选中；若不该出现，过滤字段/状态如何写进 SQL | 期望产出=误报场景清单 + SQL/规则修订方案 | 当前状态=已识别风险，尚未系统验证	bab052a9752f30674b23b89f4a34749be9db5f5fee101214ed31ed07d921b2c0	unresolved-question	needs-question-resolution	hold-for-question-or-reframing	none-found-within-r01-pass	not-approved	graduate-hitl-question	issues/64-decide-mes-transport-candidate-inclusion-and-exclusion-boundary.md	问题已能按业务后果精确表述，并由《决定 MES 运输候选的业务纳入与排除边界》统一承载；原声明保持未批准。	dfab4bce3efd3b7049c0afddae56d9e49cfa795ea29feb4f5acdf45e82b26595
PCR-0024	R01-A0048	R01	R01-03	mes/docs/待处理事项清单-MES-RIOT-应用.docx	table T03 row R004	二、MES 待处理事项 > 2.2 MES 需沟通协调事项	若不该出现，过滤字段/状态如何写进 SQL	编号=MC-03 | 需沟通对象=客户 IT + 现场班组长 | 沟通事项=交接班部分完工、扣留出站部分完工等是否应出现在运输候选中；若不该出现，过滤字段/状态如何写进 SQL | 期望产出=误报场景清单 + SQL/规则修订方案 | 当前状态=已识别风险，尚未系统验证	f773076bc3e450501cae4e34fc8c7ed7b7b5491ae85c42b5d0741d9963ead9ef	unresolved-question	needs-question-resolution	hold-for-question-or-reframing	none-found-within-r01-pass	not-approved	graduate-hitl-question	issues/64-decide-mes-transport-candidate-inclusion-and-exclusion-boundary.md	问题已能按业务后果精确表述，并由《决定 MES 运输候选的业务纳入与排除边界》统一承载；原声明保持未批准。	c6a9e70697812a5a1de19d21eafec1b1b82d98acafebbf2eaadb43232575e434
PCR-0025	R01-A0049	R01	R01-03	mes/docs/待处理事项清单-MES-RIOT-应用.docx	table T03 row R005	二、MES 待处理事项 > 2.2 MES 需沟通协调事项	共晶、低温共晶：按 EQP 剔除的完整 EQP 清单及变更治理方式	编号=MC-04 | 需沟通对象=客户 IT | 沟通事项=共晶、低温共晶：按 EQP 剔除的完整 EQP 清单及变更治理方式 | 期望产出=EQP 白/黑名单 + 变更责任人 | 当前状态=口头确认按EQP剔除，清单未提供	3a55e0127f2e53dfa6a8decdfca41ca84e4a76c035dd2ab1057b6962ab4755b1	unresolved-question	needs-question-resolution	hold-for-question-or-reframing	none-found-within-r01-pass	not-approved	needs-evidence-before-candidacy	mes/docs/待处理事项清单-MES-RIOT-应用.docx	该记录要求目标环境、接口、字段、配置值或版本绑定事实；现有材料不足，不能由批准人猜测或由实现反推。	bc86b97f25cf70d656408c35ebed8da7864dbca445ce1877f21717b5c18299c3
PCR-0026	R01-A0050	R01	R01-03	mes/docs/待处理事项清单-MES-RIOT-应用.docx	table T03 row R006	二、MES 待处理事项 > 2.2 MES 需沟通协调事项	五类（及第六类）任务各自实际出现的 AREA 列表；	编号=MC-05 | 需沟通对象=客户 IT / 现场 | 沟通事项=五类（及第六类）任务各自实际出现的 AREA 列表；新厂前线订单是否应排除及如何排除 | 期望产出=按 TASK_TYPE 的 AREA 清单；前线排除规则 | 当前状态=已知现SQL未剔除新厂前线	5b04a8523218916ffa956bf9134b4ff5a23ad4fa205223db9e92a4ed7558333a	unresolved-question	needs-question-resolution	hold-for-question-or-reframing	none-found-within-r01-pass	not-approved	needs-evidence-before-candidacy	mes/docs/待处理事项清单-MES-RIOT-应用.docx	该记录要求目标环境、接口、字段、配置值或版本绑定事实；现有材料不足，不能由批准人猜测或由实现反推。	2a71a9a251cbb3ed8bcfe52b458619c83a1ab2ecd238f1a87375e950d19b2683
PCR-0027	R01-A0051	R01	R01-03	mes/docs/待处理事项清单-MES-RIOT-应用.docx	table T03 row R006	二、MES 待处理事项 > 2.2 MES 需沟通协调事项	新厂前线订单是否应排除及如何排除	编号=MC-05 | 需沟通对象=客户 IT / 现场 | 沟通事项=五类（及第六类）任务各自实际出现的 AREA 列表；新厂前线订单是否应排除及如何排除 | 期望产出=按 TASK_TYPE 的 AREA 清单；前线排除规则 | 当前状态=已知现SQL未剔除新厂前线	3ebac0d951ae7e2b2cb934be68c511f43975de30635034175bbd8c1a8c7b28c6	unresolved-question	needs-question-resolution	hold-for-question-or-reframing	none-found-within-r01-pass	not-approved	graduate-hitl-question	issues/64-decide-mes-transport-candidate-inclusion-and-exclusion-boundary.md	问题已能按业务后果精确表述，并由《决定 MES 运输候选的业务纳入与排除边界》统一承载；原声明保持未批准。	16db620520ecf588514b920c45b8fdb083bbe8433da4fe6798c193dcc9b54c8e
PCR-0028	R01-A0071	R01	R01-03	mes/docs/待处理事项清单-MES-RIOT-应用.docx	table T05 row R002	三、RIOT API 待处理事项 > 3.2 RIOT 需沟通协调事项	测试车、自动模式、安全区域、可写操作批准范围	编号=RC-01 | 需沟通对象=现场/运维 R-13 | 沟通事项=测试车、自动模式、安全区域、可写操作批准范围 | 期望产出=可执行的联调窗口与安全边界 | 当前状态=Behavior Lab 已有治理要求，需排期	d546e8f8164fc52b2c5d98f0267628b3602201e9400e6db6a7855c054de90b7f	unresolved-question	needs-question-resolution	hold-for-question-or-reframing	none-found-within-r01-pass	not-approved	needs-evidence-before-candidacy	mes/docs/待处理事项清单-MES-RIOT-应用.docx	该记录要求目标环境、接口、字段、配置值或版本绑定事实；现有材料不足，不能由批准人猜测或由实现反推。	3fb04a8291311105127225bbeb9585409f74b6c2cac69441ab48a333a0f62d7c
PCR-0029	R01-A0072	R01	R01-03	mes/docs/待处理事项清单-MES-RIOT-应用.docx	table T05 row R003	三、RIOT API 待处理事项 > 3.2 RIOT 需沟通协调事项	订单状态枚举含义、到站判定、物模型 multiLoad 等文档缺口	编号=RC-02 | 需沟通对象=斯坦德/RIOT 支持（必要时） | 沟通事项=订单状态枚举含义、到站判定、物模型 multiLoad 等文档缺口 | 期望产出=厂商说明或书面答复 | 当前状态=部分问题 BLOCKED	bfe2ee4a879b8f5284cd001813a447a1561efec6717ca500a648345ecb439255	unresolved-question	needs-question-resolution	hold-for-question-or-reframing	none-found-within-r01-pass	not-approved	needs-evidence-before-candidacy	mes/docs/待处理事项清单-MES-RIOT-应用.docx	该记录要求目标环境、接口、字段、配置值或版本绑定事实；现有材料不足，不能由批准人猜测或由实现反推。	47c240a5a5e52968aa867f43332e93d416de9a91b078c02754a7a43db95b8df0
PCR-0030	R01-A0073	R01	R01-03	mes/docs/待处理事项清单-MES-RIOT-应用.docx	table T05 row R004	三、RIOT API 待处理事项 > 3.2 RIOT 需沟通协调事项	确认“假设状态图由人工先画、实验后固化”的工作方式，避免未验证结论进入需求	编号=RC-03 | 需沟通对象=项目组内部 | 沟通事项=确认“假设状态图由人工先画、实验后固化”的工作方式，避免未验证结论进入需求 | 期望产出=工作约定写入本周计划 | 当前状态=待确认	0a5afc6fd3733dbb9d3027c7eb0c7a3c043080f835fd85d78a8e8880d1082adb	unresolved-question	needs-question-resolution	hold-for-question-or-reframing	none-found-within-r01-pass	not-approved	duplicate-or-evidence-only	singleton	该行只记录标题、分类、历史待办/阻塞状态、问题索引、重复标签或收敛说明；保留作证据，不单独形成需求决定。	8899447e2ec98c6bdf4c0f6eae7447db571efe7ba4cb286a9931fa16b3c13ef4
PCR-0031	R01-A0094	R01	R01-03	mes/docs/待处理事项清单-MES-RIOT-应用.docx	table T08 row R003	四、应用 / 需求文档待处理事项 > 4.3 应用侧需沟通协调事项	同站多任务：取消是否仍永久抑制；	编号=AC-02 | 需沟通对象=客户业务/现场 | 沟通事项=同站多任务：取消是否仍永久抑制；列表排序规则；是否允许一次带走多 SUBLOT | 期望产出=交互与规则确认 | 当前状态=未入需求文档	8332528c8a9809fb3b3b0d08e7c1ebe0b9f080ff6cb71ef1e1f83f17d227bea4	unresolved-question	needs-question-resolution	hold-for-question-or-reframing	none-found-within-r01-pass	not-approved	covered-by-approved-decision	issues/56-decide-transport-demand-identity-reconcile-key-and-cancellation-suppression-boundary.md	同站取消仍受 TransportDemandKey 永久抑制规则约束。	36a45109e93e61b59ea467cac7675f696793f2904afaa417e552c39e3b1c3aa3
PCR-0032	R01-A0095	R01	R01-03	mes/docs/待处理事项清单-MES-RIOT-应用.docx	table T08 row R003	四、应用 / 需求文档待处理事项 > 4.3 应用侧需沟通协调事项	列表排序规则；	编号=AC-02 | 需沟通对象=客户业务/现场 | 沟通事项=同站多任务：取消是否仍永久抑制；列表排序规则；是否允许一次带走多 SUBLOT | 期望产出=交互与规则确认 | 当前状态=未入需求文档	e71d0eafdf32a873e3a2358e8744648f330546e7fe82bdaf2740f4beba07c343	unresolved-question	needs-question-resolution	hold-for-question-or-reframing	none-found-within-r01-pass	not-approved	graduate-hitl-question	issues/66-decide-dispatch-ranking-route-cost-and-no-response-escalation.md	问题已能按业务后果精确表述，并由《决定派车评分、路网成本与无车响应升级规则》统一承载；原声明保持未批准。	a8b0261387bf70bbfc1b26d800dbc4f8e82dbc907fef3b56e18918f7037fac0f
PCR-0033	R01-A0096	R01	R01-03	mes/docs/待处理事项清单-MES-RIOT-应用.docx	table T08 row R003	四、应用 / 需求文档待处理事项 > 4.3 应用侧需沟通协调事项	是否允许一次带走多 SUBLOT	编号=AC-02 | 需沟通对象=客户业务/现场 | 沟通事项=同站多任务：取消是否仍永久抑制；列表排序规则；是否允许一次带走多 SUBLOT | 期望产出=交互与规则确认 | 当前状态=未入需求文档	b8aed67a77b58f6e8111b8b5190fb3ef0485e3089436e5ee54324517fb765408	unresolved-question	needs-question-resolution	hold-for-question-or-reframing	none-found-within-r01-pass	not-approved	graduate-hitl-question	issues/65-decide-composite-transport-zoning-and-multi-sublot-boundary.md	问题已能按业务后果精确表述，并由《决定复合运输、分区与多 SUBLOT 组合边界》统一承载；原声明保持未批准。	f983a3d919d76a21b539efb0ae243c8652e08cbd1867d2d4810a916750bc28a4
PCR-0034	R01-A0097	R01	R01-03	mes/docs/待处理事项清单-MES-RIOT-应用.docx	table T08 row R004	四、应用 / 需求文档待处理事项 > 4.3 应用侧需沟通协调事项	分区派单策略：区域如何切分、各区策略差异（优先级/混装/是否顺路）	编号=AC-03 | 需沟通对象=客户业务 + 调度 | 沟通事项=分区派单策略：区域如何切分、各区策略差异（优先级/混装/是否顺路） | 期望产出=策略矩阵初稿 | 当前状态=未入需求文档	03900a65646780f87117623bc6afca53faca087cedab3ac41aade0f18b998c69	unresolved-question	needs-question-resolution	hold-for-question-or-reframing	none-found-within-r01-pass	not-approved	graduate-hitl-question	issues/65-decide-composite-transport-zoning-and-multi-sublot-boundary.md	问题已能按业务后果精确表述，并由《决定复合运输、分区与多 SUBLOT 组合边界》统一承载；原声明保持未批准。	323ac7ed90fd2354a9c26726651b087fa2eeb571af106074c26bfeaed4536f72
PCR-0035	R01-A0098	R01	R01-03	mes/docs/待处理事项清单-MES-RIOT-应用.docx	table T08 row R005	四、应用 / 需求文档待处理事项 > 4.3 应用侧需沟通协调事项	不扫码选任务开门：是否与扫码并存；	编号=AC-04 | 需沟通对象=客户现场 | 沟通事项=不扫码选任务开门：是否与扫码并存；误操作责任与审计要求 | 期望产出=操作规程确认 | 当前状态=未入需求文档	4278c488c68ea9ecaab7ea942daa6f410d7cdea1453dd00980e6e2a5ebd7801b	unresolved-question	needs-question-resolution	hold-for-question-or-reframing	none-found-within-r01-pass	not-approved	graduate-hitl-question	issues/67-decide-same-station-cancellation-and-operator-task-opening.md	问题已能按业务后果精确表述，并由《决定同站多任务取消与人工选任务开门边界》统一承载；原声明保持未批准。	8b18e06651e5b6f5f56b9436c28d4ed92f1e7c3924d018c997fb0d17888db680
PCR-0036	R01-A0099	R01	R01-03	mes/docs/待处理事项清单-MES-RIOT-应用.docx	table T08 row R005	四、应用 / 需求文档待处理事项 > 4.3 应用侧需沟通协调事项	误操作责任与审计要求	编号=AC-04 | 需沟通对象=客户现场 | 沟通事项=不扫码选任务开门：是否与扫码并存；误操作责任与审计要求 | 期望产出=操作规程确认 | 当前状态=未入需求文档	7c89cada29985732684b4fa4bc13285cef3db250d95525b02119c4b31adc0fe2	unresolved-question	needs-question-resolution	hold-for-question-or-reframing	none-found-within-r01-pass	not-approved	graduate-hitl-question	issues/67-decide-same-station-cancellation-and-operator-task-opening.md	问题已能按业务后果精确表述，并由《决定同站多任务取消与人工选任务开门边界》统一承载；原声明保持未批准。	51d63196866056c8af0662041ba82398950ed57a414c8e7ed498822d25b3ec0b
PCR-0037	R01-A0108	R01	R01-03	mes/docs/待处理事项清单-MES-RIOT-应用.docx	table T09 row R005	五、本周推进建议（MES + RIOT 文档主线）	顺序=4 | 工作包=应用：4 项新需求写入需求文档（可与 1～2 并行） | 产出=UC/BR 草案 + 待确认参数表 | 预计占用=1～2 天	顺序=4 | 工作包=应用：4 项新需求写入需求文档（可与 1～2 并行） | 产出=UC/BR 草案 + 待确认参数表 | 预计占用=1～2 天	c26f0d74842f16ba054689b087ece9e4a3021f96ef3b31ff0ff237fecba21ee9	unresolved-question	needs-question-resolution	hold-for-question-or-reframing	none-found-within-r01-pass	not-approved	duplicate-or-evidence-only	singleton	该行只记录标题、分类、历史待办/阻塞状态、问题索引、重复标签或收敛说明；保留作证据，不单独形成需求决定。	24a524b998a38425eda965d26d10239d9be517e5d654b448376c297ba16ad891
PCR-0038	R01-A0119	R01	R01-03	mes/docs/待处理事项清单-MES-RIOT-应用.docx	paragraph P0033	六、关键待客户确认清单（汇总）	6. 站点等待超时默认秒数、超时后行为；	6. 站点等待超时默认秒数、超时后行为；同站多任务取消规则；分区派单策略初值；是否允许不扫码选任务开门。	ef07444aa8cfcf00415294fba870542e2c9cc2b9e3e5ea0bcfda5046d0728709	unresolved-question	needs-question-resolution	hold-for-question-or-reframing	none-found-within-r01-pass	not-approved	graduate-hitl-question	issues/73-decide-monitoring-freshness-alert-retry-and-log-retention.md	问题已能按业务后果精确表述，并由《决定监控新鲜度、告警升级、重试与日志留存规则》统一承载；原声明保持未批准。	5adebfb1e29dcd7a838ca147403cd597b299811a2e4f57e3a296d1b793cdbae7
PCR-0039	R01-A0120	R01	R01-03	mes/docs/待处理事项清单-MES-RIOT-应用.docx	paragraph P0033	六、关键待客户确认清单（汇总）	同站多任务取消规则；	6. 站点等待超时默认秒数、超时后行为；同站多任务取消规则；分区派单策略初值；是否允许不扫码选任务开门。	671169129872144fca675b83af284fad7f5e2f320428815430de2fbaaac1c462	unresolved-question	needs-question-resolution	hold-for-question-or-reframing	none-found-within-r01-pass	not-approved	graduate-hitl-question	issues/67-decide-same-station-cancellation-and-operator-task-opening.md	问题已能按业务后果精确表述，并由《决定同站多任务取消与人工选任务开门边界》统一承载；原声明保持未批准。	3ea9eef106b95a7b5b65159fa6d9a5176344ef3c5ad699d9ece5ff154fb816a1
PCR-0040	R01-A0121	R01	R01-03	mes/docs/待处理事项清单-MES-RIOT-应用.docx	paragraph P0033	六、关键待客户确认清单（汇总）	分区派单策略初值；	6. 站点等待超时默认秒数、超时后行为；同站多任务取消规则；分区派单策略初值；是否允许不扫码选任务开门。	b30b2b4f55cf8105aa3f5627bcb64c951e053e0eada3ec08b67bc01838fba567	unresolved-question	needs-question-resolution	hold-for-question-or-reframing	none-found-within-r01-pass	not-approved	duplicate-or-evidence-only	singleton	该行只记录标题、分类、历史待办/阻塞状态、问题索引、重复标签或收敛说明；保留作证据，不单独形成需求决定。	c1507d12f0263a3c3613344201829d46008bbee698defe79d8ea6dc79c42e448
PCR-0041	R01-A0122	R01	R01-03	mes/docs/待处理事项清单-MES-RIOT-应用.docx	paragraph P0033	六、关键待客户确认清单（汇总）	是否允许不扫码选任务开门。	6. 站点等待超时默认秒数、超时后行为；同站多任务取消规则；分区派单策略初值；是否允许不扫码选任务开门。	f11a94e2b60246b423dd38c618e52ddf27e06a464678b1672f5991006414de30	unresolved-question	needs-question-resolution	hold-for-question-or-reframing	none-found-within-r01-pass	not-approved	graduate-hitl-question	issues/67-decide-same-station-cancellation-and-operator-task-opening.md	问题已能按业务后果精确表述，并由《决定同站多任务取消与人工选任务开门边界》统一承载；原声明保持未批准。	839cb2d9680fa09f8145218aa581ea2e1c55f6a02b6c3e52f5dff613ce27e3b1
PCR-0042	R01-A0123	R01	R01-03	mes/docs/待处理事项清单-MES-RIOT-应用.docx	paragraph P0035	七、备注	• 预计时间为工作日粗估，不含客户回复等待；	• 预计时间为工作日粗估，不含客户回复等待；现场联调受测试车与安全窗口约束，可能拉长。	4780fdc7d4b323482a7d4535db2a5949396ba14d909adaed2ffe6d71f3e9dbad	unresolved-question	needs-question-resolution	hold-for-question-or-reframing	none-found-within-r01-pass	not-approved	duplicate-or-evidence-only	singleton	该行只记录标题、分类、历史待办/阻塞状态、问题索引、重复标签或收敛说明；保留作证据，不单独形成需求决定。	7a9f090e8c8b2f1a2f34707c69abea2009cc48b6298969612a4af2cb566d66e0
PCR-0043	R01-A0124	R01	R01-03	mes/docs/待处理事项清单-MES-RIOT-应用.docx	paragraph P0035	七、备注	现场联调受测试车与安全窗口约束，可能拉长。	• 预计时间为工作日粗估，不含客户回复等待；现场联调受测试车与安全窗口约束，可能拉长。	9eed3e75736e8a8f52e32e75e5073ce1625ef5e6ffd4a32107829c82d5582f37	unresolved-question	needs-question-resolution	hold-for-question-or-reframing	none-found-within-r01-pass	not-approved	duplicate-or-evidence-only	singleton	该行只记录标题、分类、历史待办/阻塞状态、问题索引、重复标签或收敛说明；保留作证据，不单独形成需求决定。	8d9213755402b036ab4034b1be9d3290eac67e65d71986141d37c3a48ad3a748
PCR-0044	R01-A0125	R01	R01-03	mes/docs/待处理事项清单-MES-RIOT-应用.docx	paragraph P0036	七、备注	• MES 业务文档中“开发前无阻塞项”指本地状态机可起步；	• MES 业务文档中“开发前无阻塞项”指本地状态机可起步；本清单中的 P0 沟通项仍阻塞“现场可用/过滤正确”。	960d3bcc0de866c1268b96f0debcc220c5a1146ae15b2f244aa95baecd876927	unresolved-question	needs-question-resolution	hold-for-question-or-reframing	none-found-within-r01-pass	not-approved	duplicate-or-evidence-only	singleton	该行只记录标题、分类、历史待办/阻塞状态、问题索引、重复标签或收敛说明；保留作证据，不单独形成需求决定。	0d03bf02af36688c4a9d9aa2f6d951b1a00973826fc02575124cc7408e9ff1bd
PCR-0045	R01-A0126	R01	R01-03	mes/docs/待处理事项清单-MES-RIOT-应用.docx	paragraph P0036	七、备注	本清单中的 P0 沟通项仍阻塞“现场可用/过滤正确”。	• MES 业务文档中“开发前无阻塞项”指本地状态机可起步；本清单中的 P0 沟通项仍阻塞“现场可用/过滤正确”。	eb367566afc6ad845d785117fb0be41f1684c0e604c6aa75e5aa1ea7240d9e0e	unresolved-question	needs-question-resolution	hold-for-question-or-reframing	none-found-within-r01-pass	not-approved	duplicate-or-evidence-only	singleton	该行只记录标题、分类、历史待办/阻塞状态、问题索引、重复标签或收敛说明；保留作证据，不单独形成需求决定。	6b48230f12f003f797c1012a78b07984023f63e3ccd659385e44e09eb1efae3f
PCR-0046	R01-A0288	R01	R01-04	mes/docs/宿迁长电AGV项目MES数据接口需求确认.md	line 170	宿迁长电 AGV 项目 MES 数据接口需求确认 > 5. 待确认事项 > 5.1 客户 IT / MES	“共晶、低温共晶”不使用 AGV 的最终 AREA/EQP 排除规则和变更治理方式。	“共晶、低温共晶”不使用 AGV 的最终 AREA/EQP 排除规则和变更治理方式。	1d25846865fb8436b3fffe3c1f3df3efdd4c5b898139182462922a2be694a696	unresolved-question	needs-question-resolution	hold-for-question-or-reframing	none-found-within-r01-pass	not-approved	needs-evidence-before-candidacy	mes/docs/宿迁长电AGV项目MES数据接口需求确认.md	该记录要求目标环境、接口、字段、配置值或版本绑定事实；现有材料不足，不能由批准人猜测或由实现反推。	6fc4c22a15168a65023b18c54742180fc400d2e0fb1acbb5fcbfe8e8c88dccdc
PCR-0047	R01-A0289	R01	R01-04	mes/docs/宿迁长电AGV项目MES数据接口需求确认.md	line 171	宿迁长电 AGV 项目 MES 数据接口需求确认 > 5. 待确认事项 > 5.1 客户 IT / MES	PACKAGE 全量发现实验可访问的对象、历史时间范围、执行窗口、行数上限和数据库负载边界。	PACKAGE 全量发现实验可访问的对象、历史时间范围、执行窗口、行数上限和数据库负载边界。	a5f534c986316cbf006363a12d3aef663f55bc1500608e534dde63e69e2e94df	unresolved-question	needs-question-resolution	hold-for-question-or-reframing	none-found-within-r01-pass	not-approved	needs-evidence-before-candidacy	mes/docs/宿迁长电AGV项目MES数据接口需求确认.md	该记录要求目标环境、接口、字段、配置值或版本绑定事实；现有材料不足，不能由批准人猜测或由实现反推。	64dc27ff99a64a3661221133d7bb29190f4b8be0213fd0de1b0ff9b25c934437
PCR-0048	R01-A0290	R01	R01-04	mes/docs/宿迁长电AGV项目MES数据接口需求确认.md	line 172	宿迁长电 AGV 项目 MES 数据接口需求确认 > 5. 待确认事项 > 5.1 客户 IT / MES	当前 7 字段正式查询的最终版本、执行计划和客户批准记录。	当前 7 字段正式查询的最终版本、执行计划和客户批准记录。	c2481dec4820b90a47c3a5e4f84f7605e151d2059c70947eb9e4a9d5124f45e1	unresolved-question	needs-question-resolution	hold-for-question-or-reframing	none-found-within-r01-pass	not-approved	needs-evidence-before-candidacy	mes/docs/宿迁长电AGV项目MES数据接口需求确认.md	该记录要求目标环境、接口、字段、配置值或版本绑定事实；现有材料不足，不能由批准人猜测或由实现反推。	cce6fa7ac68a7cf7aba2a1de0021a53b2af5192d526bdea6eb14020b3766adc4
PCR-0049	R01-A0291	R01	R01-04	mes/docs/宿迁长电AGV项目MES数据接口需求确认.md	line 173	宿迁长电 AGV 项目 MES 数据接口需求确认 > 5. 待确认事项 > 5.1 客户 IT / MES	设备资料缺失或工序条件不匹配导致记录被内连接过滤时，采用何种异常检查。	设备资料缺失或工序条件不匹配导致记录被内连接过滤时，采用何种异常检查。	dc895e2a663bae515407f6e8dae890417b73db78fce0bbb384be29dca41e1d72	unresolved-question	needs-question-resolution	hold-for-question-or-reframing	none-found-within-r01-pass	not-approved	needs-evidence-before-candidacy	mes/docs/宿迁长电AGV项目MES数据接口需求确认.md	该记录要求目标环境、接口、字段、配置值或版本绑定事实；现有材料不足，不能由批准人猜测或由实现反推。	e310acd8c620890f534d9a3de901a248bb52e4a6795ce91fc8b219b66798fb67
PCR-0050	R01-A0292	R01	R01-04	mes/docs/宿迁长电AGV项目MES数据接口需求确认.md	line 174	宿迁长电 AGV 项目 MES 数据接口需求确认 > 5. 待确认事项 > 5.1 客户 IT / MES	岗位权限是否需要独立 MES 接口；	岗位权限是否需要独立 MES 接口；`OP_OPERATOR_IDENTITY` 当前只解析身份。	b6a303eb665bc5575f4c66a6453a287eac3de25f545cb84f687e48618eb9dc4f	unresolved-question	needs-question-resolution	hold-for-question-or-reframing	none-found-within-r01-pass	not-approved	needs-evidence-before-candidacy	mes/docs/宿迁长电AGV项目MES数据接口需求确认.md	该记录要求目标环境、接口、字段、配置值或版本绑定事实；现有材料不足，不能由批准人猜测或由实现反推。	ffb99e98c153605dfe9f0d7d484eba95ab298f96702537422f564bc62291876d
PCR-0051	R01-A0293	R01	R01-04	mes/docs/宿迁长电AGV项目MES数据接口需求确认.md	line 174	宿迁长电 AGV 项目 MES 数据接口需求确认 > 5. 待确认事项 > 5.1 客户 IT / MES	`OP_OPERATOR_IDENTITY` 当前只解析身份。	岗位权限是否需要独立 MES 接口；`OP_OPERATOR_IDENTITY` 当前只解析身份。	a31f84e67e53608f9c3aeb6a974a54ce781ecdf3b67d9d351a3e287927f97138	unresolved-question	needs-question-resolution	hold-for-question-or-reframing	none-found-within-r01-pass	not-approved	needs-evidence-before-candidacy	mes/docs/宿迁长电AGV项目MES数据接口需求确认.md	该记录要求目标环境、接口、字段、配置值或版本绑定事实；现有材料不足，不能由批准人猜测或由实现反推。	bca5099067c52e2eb596f28a20f5c5fa04d264dcb3bc68c69c1275bda0d69287
PCR-0052	R01-A0294	R01	R01-04	mes/docs/宿迁长电AGV项目MES数据接口需求确认.md	line 178	宿迁长电 AGV 项目 MES 数据接口需求确认 > 5. 待确认事项 > 5.2 AGV / 现场	除 `STAGING_TO_WIRE` 外各任务类型的相对优先级。	除 `STAGING_TO_WIRE` 外各任务类型的相对优先级。	dc51913ef47bfcb47c4520af8b4a90434a35fccf893c69f01b5ddec5f6061f25	unresolved-question	needs-question-resolution	hold-for-question-or-reframing	none-found-within-r01-pass	not-approved	graduate-hitl-question	issues/66-decide-dispatch-ranking-route-cost-and-no-response-escalation.md	问题已能按业务后果精确表述，并由《决定派车评分、路网成本与无车响应升级规则》统一承载；原声明保持未批准。	a87269de3f8b4de3b03a0892787eb8375db7e86bd0a60e7683883195d45c53ad
PCR-0053	R01-A0295	R01	R01-04	mes/docs/宿迁长电AGV项目MES数据接口需求确认.md	line 179	宿迁长电 AGV 项目 MES 数据接口需求确认 > 5. 待确认事项 > 5.2 AGV / 现场	无车辆响应升级阈值在 1～3 分钟范围内的默认值。	无车辆响应升级阈值在 1～3 分钟范围内的默认值。	0851a7222b76c082498e6f87af1c1b15d20c945a1c437f3ea8b2eba493d675db	unresolved-question	needs-question-resolution	hold-for-question-or-reframing	none-found-within-r01-pass	not-approved	graduate-hitl-question	issues/66-decide-dispatch-ranking-route-cost-and-no-response-escalation.md	问题已能按业务后果精确表述，并由《决定派车评分、路网成本与无车响应升级规则》统一承载；原声明保持未批准。	ccb12bab48c9a6a7424b286159c11c5b2e19a7dadeb33a643e3725d7cb4dfdd7
PCR-0054	R01-A0296	R01	R01-04	mes/docs/宿迁长电AGV项目MES数据接口需求确认.md	line 180	宿迁长电 AGV 项目 MES 数据接口需求确认 > 5. 待确认事项 > 5.2 AGV / 现场	顺路取货允许的最大配送延迟。	顺路取货允许的最大配送延迟。	b99c5f608d8c213bde43885b365c2272de298d850e4f5f624ddf3fb8a3b58e23	unresolved-question	needs-question-resolution	hold-for-question-or-reframing	none-found-within-r01-pass	not-approved	graduate-hitl-question	issues/65-decide-composite-transport-zoning-and-multi-sublot-boundary.md	问题已能按业务后果精确表述，并由《决定复合运输、分区与多 SUBLOT 组合边界》统一承载；原声明保持未批准。	2ed02afd616fe739a7b860c17f294104de624f96abb8574fbcbbe5c1d59cc357
PCR-0055	R01-A0297	R01	R01-04	mes/docs/宿迁长电AGV项目MES数据接口需求确认.md	line 181	宿迁长电 AGV 项目 MES 数据接口需求确认 > 5. 待确认事项 > 5.2 AGV / 现场	各车型仓位数量、尺寸、载重和花篮兼容性。	各车型仓位数量、尺寸、载重和花篮兼容性。	1c1b5cb37a9b44f00a8129dbfc3b4d5a736df6ea53a014b5476d4286d35e295e	unresolved-question	needs-question-resolution	hold-for-question-or-reframing	none-found-within-r01-pass	not-approved	needs-evidence-before-candidacy	mes/docs/宿迁长电AGV项目MES数据接口需求确认.md	该记录要求目标环境、接口、字段、配置值或版本绑定事实；现有材料不足，不能由批准人猜测或由实现反推。	a006cdf962241465954c3fedafd5d9fa2db0239846a9e63cba3ccf8d0e207ef8
PCR-0056	R01-A0298	R01	R01-04	mes/docs/宿迁长电AGV项目MES数据接口需求确认.md	line 182	宿迁长电 AGV 项目 MES 数据接口需求确认 > 5. 待确认事项 > 5.2 AGV / 现场	五个固定区域（含氮气柜）最终 `station_name`。	五个固定区域（含氮气柜）最终 `station_name`。	4141fd19940712a2f4954cecb3d827fe3f3678e9db42f161dfb02f0f5e82563e	unresolved-question	needs-question-resolution	hold-for-question-or-reframing	none-found-within-r01-pass	not-approved	needs-evidence-before-candidacy	mes/docs/宿迁长电AGV项目MES数据接口需求确认.md	该记录要求目标环境、接口、字段、配置值或版本绑定事实；现有材料不足，不能由批准人猜测或由实现反推。	7e9a71f371c9c74e2827a06a6bb81a296906e1db4e0fed6d6e2768b887590470
PCR-0057	R01-A0299	R01	R01-04	mes/docs/宿迁长电AGV项目MES数据接口需求确认.md	line 183	宿迁长电 AGV 项目 MES 数据接口需求确认 > 5. 待确认事项 > 5.2 AGV / 现场	命名不规范站点的显式 AREA 覆盖数据。	命名不规范站点的显式 AREA 覆盖数据。	8d8fc8ebe0ca56263bae4ef16b928f396847c69edfaff3fcfdf92ffed6e08679	unresolved-question	needs-question-resolution	hold-for-question-or-reframing	none-found-within-r01-pass	not-approved	needs-evidence-before-candidacy	mes/docs/宿迁长电AGV项目MES数据接口需求确认.md	该记录要求目标环境、接口、字段、配置值或版本绑定事实；现有材料不足，不能由批准人猜测或由实现反推。	2ec09e111bb03ae6910d2643dea19009b669b590632a0975e22052b178184cf5
PCR-0058	R01-A0300	R01	R01-04	mes/docs/宿迁长电AGV项目MES数据接口需求确认.md	line 184	宿迁长电 AGV 项目 MES 数据接口需求确认 > 5. 待确认事项 > 5.2 AGV / 现场	封装容量对照的完整覆盖范围，以及 `TOLL-` 前缀匹配边界。	封装容量对照的完整覆盖范围，以及 `TOLL-` 前缀匹配边界。	448fd48c4054ebc4d6a13a6f74161ee065895172eb5f0a42782a2fcb6f5ba052	unresolved-question	needs-question-resolution	hold-for-question-or-reframing	none-found-within-r01-pass	not-approved	needs-evidence-before-candidacy	mes/docs/宿迁长电AGV项目MES数据接口需求确认.md	该记录要求目标环境、接口、字段、配置值或版本绑定事实；现有材料不足，不能由批准人猜测或由实现反推。	346ae7c19fde5af841acfe77a81e0750a81b3ae90939265c77c3a467e48c1876
PCR-0059	R01-A0604	R01	R01-05	mes/docs/AGV系统业务与MES任务模型.md	line 397	AGV系统业务与MES任务模型 > 8. 多仓位混装与路线卡控 > 8.1 已确认规则 > 尚未由“一车多 SUBLOT”自动确定的能力	一车多 SUBLOT 本身不等于任意混装：不同任务类型能否组合、途中停靠如何增删或换序、顺路取货允许造成多大配送延迟，仍由派车范围、路线和任务类型规则分别约束。	一车多 SUBLOT 本身不等于任意混装：不同任务类型能否组合、途中停靠如何增删或换序、顺路取货允许造成多大配送延迟，仍由派车范围、路线和任务类型规则分别约束。	bc6378c59a78430653ade3aadb0f4d95bd5b6473f3b23f440b86f2d850c0d92d	unresolved-question	needs-question-resolution	hold-for-question-or-reframing	none-found-within-r01-pass	not-approved	needs-atomic-reframing	issues/65-decide-composite-transport-zoning-and-multi-sublot-boundary.md	原声明混合多个业务后果、实现机制、历史状态或已决与未决部分，不能整体批准；相关原子问题已另行指向。	181555ed0a6d47a0f88c6fe1292b1d70260720b942751b6c49b0e7e574050bcb
PCR-0060	R01-A0722	R01	R01-05	mes/docs/AGV系统业务与MES任务模型.md	line 576	AGV系统业务与MES任务模型 > 13. 待确认事项	按对开发阻塞程度分组。	按对开发阻塞程度分组。未确认前不得擅自假定为最终方案。	b24efe4a0cb75277451835acb709d7f31b1121b40a0c8797a7025a4978e6268b	unresolved-question	needs-question-resolution	hold-for-question-or-reframing	none-found-within-r01-pass	not-approved	duplicate-or-evidence-only	singleton	该行只记录标题、分类、历史待办/阻塞状态、问题索引、重复标签或收敛说明；保留作证据，不单独形成需求决定。	43ed1759546018e30b52bb5c449f561e864507da381d24855a296f7d25bec2df
PCR-0061	R01-A0723	R01	R01-05	mes/docs/AGV系统业务与MES任务模型.md	line 576	AGV系统业务与MES任务模型 > 13. 待确认事项	未确认前不得擅自假定为最终方案。	按对开发阻塞程度分组。未确认前不得擅自假定为最终方案。	4beeabae16b56139134ed33a725da03a0038b5684158d2d1ba227faaca06b6a8	unresolved-question	needs-question-resolution	hold-for-question-or-reframing	none-found-within-r01-pass	not-approved	duplicate-or-evidence-only	singleton	该行只记录标题、分类、历史待办/阻塞状态、问题索引、重复标签或收敛说明；保留作证据，不单独形成需求决定。	f9a74031d202afb4a1e549736e889e11c29fbb753b8b910ee0419e32189a516b
PCR-0062	R01-A0724	R01	R01-05	mes/docs/AGV系统业务与MES任务模型.md	line 580	AGV系统业务与MES任务模型 > 13. 待确认事项 > 13.1 开发前必须确认	当前无阻塞项。	当前无阻塞项。原有 5 项已在 2026-07-13 全部决策，详见 13.3；后续如出现新的开发前阻塞项，按同样方式记录到本节。	0710d26e20661e050a7c17f577f4fd67c24c380b207e4c199b92d2b191cbc6ad	unresolved-question	needs-question-resolution	hold-for-question-or-reframing	none-found-within-r01-pass	not-approved	duplicate-or-evidence-only	singleton	该行只记录标题、分类、历史待办/阻塞状态、问题索引、重复标签或收敛说明；保留作证据，不单独形成需求决定。	3d653ed104468828c25483ffd58e4b1b45358e4851b86bf5d95273e1a6c9353f
PCR-0063	R01-A0725	R01	R01-05	mes/docs/AGV系统业务与MES任务模型.md	line 580	AGV系统业务与MES任务模型 > 13. 待确认事项 > 13.1 开发前必须确认	原有 5 项已在 2026-07-13 全部决策，详见 13.3；	当前无阻塞项。原有 5 项已在 2026-07-13 全部决策，详见 13.3；后续如出现新的开发前阻塞项，按同样方式记录到本节。	a498ec2677c4b4e607b1ed7a634be04b895a19882b3ba90b72011cd0f3fbab12	unresolved-question	needs-question-resolution	hold-for-question-or-reframing	none-found-within-r01-pass	not-approved	duplicate-or-evidence-only	singleton	该行只记录标题、分类、历史待办/阻塞状态、问题索引、重复标签或收敛说明；保留作证据，不单独形成需求决定。	27868decbc8822b734279944dd52e2acce31ac2024219667d9ddcc41fbc26a9d
PCR-0064	R01-A0726	R01	R01-05	mes/docs/AGV系统业务与MES任务模型.md	line 580	AGV系统业务与MES任务模型 > 13. 待确认事项 > 13.1 开发前必须确认	后续如出现新的开发前阻塞项，按同样方式记录到本节。	当前无阻塞项。原有 5 项已在 2026-07-13 全部决策，详见 13.3；后续如出现新的开发前阻塞项，按同样方式记录到本节。	e5ed664c4971160157654fab3e02d7e82b07660ddf717d2064db721480448c4c	unresolved-question	needs-question-resolution	hold-for-question-or-reframing	none-found-within-r01-pass	not-approved	duplicate-or-evidence-only	singleton	该行只记录标题、分类、历史待办/阻塞状态、问题索引、重复标签或收敛说明；保留作证据，不单独形成需求决定。	c40d7d203bad64bf038145e42478d7f6faf77a49b1efb5195e443442fc971dae
PCR-0065	R01-A0727	R01	R01-05	mes/docs/AGV系统业务与MES任务模型.md	line 584	AGV系统业务与MES任务模型 > 13. 待确认事项 > 13.2 可边开发边定	可先按已确认默认值推进只读接入与本地任务状态机，后续补齐配置即可：	可先按已确认默认值推进只读接入与本地任务状态机，后续补齐配置即可：	157d2c28996f6a64e1cbf58585a3b7dc03d6d812723bbdaf011ee9548e7066b1	unresolved-question	needs-question-resolution	hold-for-question-or-reframing	none-found-within-r01-pass	not-approved	duplicate-or-evidence-only	singleton	该行只记录标题、分类、历史待办/阻塞状态、问题索引、重复标签或收敛说明；保留作证据，不单独形成需求决定。	a29cdf7d6b993e8ca4ac1b7f24598e7967f0971456daaf98fa9baffe80db4c58
PCR-0066	R01-A0728	R01	R01-05	mes/docs/AGV系统业务与MES任务模型.md	line 586	AGV系统业务与MES任务模型 > 13. 待确认事项 > 13.2 可边开发边定	**无车辆响应升级阈值**	**无车辆响应升级阈值**	a19fdfcd0048a45db77376f1749d8f6bcad781e487006c2d117b759cee1e54ac	unresolved-question	needs-question-resolution	hold-for-question-or-reframing	none-found-within-r01-pass	not-approved	duplicate-or-evidence-only	SC-0047	该行只记录标题、分类、历史待办/阻塞状态、问题索引、重复标签或收敛说明；保留作证据，不单独形成需求决定。	05c79bc3bdcfec103f1e8dbbeb990386f3c21d93a88f8a2c4b1a8fb95a90b86e
PCR-0067	R01-A0729	R01	R01-05	mes/docs/AGV系统业务与MES任务模型.md	line 587	AGV系统业务与MES任务模型 > 13. 待确认事项 > 13.2 可边开发边定	1～3 分钟区间内的最终默认值（建议配置化，不写死）。	1～3 分钟区间内的最终默认值（建议配置化，不写死）。	b4c85bb5dac82a8a320444d6d17296501f5ac82d5db66cdf5963aa373142b828	unresolved-question	needs-question-resolution	hold-for-question-or-reframing	none-found-within-r01-pass	not-approved	graduate-hitl-question	issues/66-decide-dispatch-ranking-route-cost-and-no-response-escalation.md	问题已能按业务后果精确表述，并由《决定派车评分、路网成本与无车响应升级规则》统一承载；原声明保持未批准。	4a873fd25e478c5fb40be04e2043ebfc140cc65134011b6a6c1ecaedf9e7c40c
PCR-0068	R01-A0730	R01	R01-05	mes/docs/AGV系统业务与MES任务模型.md	line 588	AGV系统业务与MES任务模型 > 13. 待确认事项 > 13.2 可边开发边定	**除第 5 类外的优先级权重**	**除第 5 类外的优先级权重**	16b63520d9ce5beb644a5101951c7bb21d2a52b65d8aee9beb3dbf954953015b	unresolved-question	needs-question-resolution	hold-for-question-or-reframing	none-found-within-r01-pass	not-approved	duplicate-or-evidence-only	singleton	该行只记录标题、分类、历史待办/阻塞状态、问题索引、重复标签或收敛说明；保留作证据，不单独形成需求决定。	47755ee54a99e1f015fd7eb0ea45088855a97de4e4773636d0e20cc288d5c9cf
PCR-0069	R01-A0731	R01	R01-05	mes/docs/AGV系统业务与MES任务模型.md	line 589	AGV系统业务与MES任务模型 > 13. 待确认事项 > 13.2 可边开发边定	第 5 类机台叫料已确认最高；	第 5 类机台叫料已确认最高；其余类型按 MES 时间、等待时长、顺路程度等如何组合仍待定。	00e08fe89d3bb5d7f8288676284fe7c4b2507dc5a2d53a28d9f406415406ac1d	unresolved-question	needs-question-resolution	hold-for-question-or-reframing	none-found-within-r01-pass	not-approved	duplicate-or-evidence-only	singleton	该行只记录标题、分类、历史待办/阻塞状态、问题索引、重复标签或收敛说明；保留作证据，不单独形成需求决定。	312e332f97648136e21fa151518b04ff30f6cc3d913968ed6a3ab00688a6e455
PCR-0070	R01-A0732	R01	R01-05	mes/docs/AGV系统业务与MES任务模型.md	line 589	AGV系统业务与MES任务模型 > 13. 待确认事项 > 13.2 可边开发边定	其余类型按 MES 时间、等待时长、顺路程度等如何组合仍待定。	第 5 类机台叫料已确认最高；其余类型按 MES 时间、等待时长、顺路程度等如何组合仍待定。	6f7b649c393f7a1d0a632e2ff5a4754a50452ac0d4141b76699872f37b456bda	unresolved-question	needs-question-resolution	hold-for-question-or-reframing	none-found-within-r01-pass	not-approved	graduate-hitl-question	issues/66-decide-dispatch-ranking-route-cost-and-no-response-escalation.md	问题已能按业务后果精确表述，并由《决定派车评分、路网成本与无车响应升级规则》统一承载；原声明保持未批准。	4e96f147176cc86e020644c018f503ce78bbdba6b8009c8e329ad1c9967d983c
PCR-0071	R01-A0733	R01	R01-05	mes/docs/AGV系统业务与MES任务模型.md	line 590	AGV系统业务与MES任务模型 > 13. 待确认事项 > 13.2 可边开发边定	**顺路取货允许的最大配送延迟**	**顺路取货允许的最大配送延迟**	736836538ffc28a0ea6604501fb1f54ecc1fce2978c4cfa5b45b0db3092d467d	unresolved-question	needs-question-resolution	hold-for-question-or-reframing	none-found-within-r01-pass	not-approved	duplicate-or-evidence-only	SC-0025	该行只记录标题、分类、历史待办/阻塞状态、问题索引、重复标签或收敛说明；保留作证据，不单独形成需求决定。	d7ab5f879da0c622c4fed71696f39e919d1da9ebf2f59e229b3e42cfb637e873
PCR-0072	R01-A0734	R01	R01-05	mes/docs/AGV系统业务与MES任务模型.md	line 591	AGV系统业务与MES任务模型 > 13. 待确认事项 > 13.2 可边开发边定	第一版确认一车可承载多个 SUBLOT（见 8.1）。	第一版确认一车可承载多个 SUBLOT（见 8.1）。多任务组合、停靠顺序和顺路取货须遵守 BR-001；尚未确定的延迟阈值和组合算法不得从“一车多 SUBLOT”自行推导。	268f5ce5b565e5b6299a6649fed8139ca07dde9e8c738795ebb954fec8a885db	unresolved-question	needs-question-resolution	hold-for-question-or-reframing	none-found-within-r01-pass	not-approved	duplicate-or-evidence-only	singleton	该行只记录标题、分类、历史待办/阻塞状态、问题索引、重复标签或收敛说明；保留作证据，不单独形成需求决定。	422978cdcbb6255b1962d6525ee78d9d871cef2bf4864e9fc974cdb338067a22
PCR-0073	R01-A0735	R01	R01-05	mes/docs/AGV系统业务与MES任务模型.md	line 591	AGV系统业务与MES任务模型 > 13. 待确认事项 > 13.2 可边开发边定	多任务组合、停靠顺序和顺路取货须遵守 BR-001；	第一版确认一车可承载多个 SUBLOT（见 8.1）。多任务组合、停靠顺序和顺路取货须遵守 BR-001；尚未确定的延迟阈值和组合算法不得从“一车多 SUBLOT”自行推导。	753e276b1598a68f44993355b863020807066369c9e0427834b916862e626567	unresolved-question	needs-question-resolution	hold-for-question-or-reframing	none-found-within-r01-pass	not-approved	duplicate-or-evidence-only	singleton	该行只记录标题、分类、历史待办/阻塞状态、问题索引、重复标签或收敛说明；保留作证据，不单独形成需求决定。	75087cc1926582f062b626ae66b7eba982e9c5a94e684d0074190d76ac6add9b
PCR-0074	R01-A0736	R01	R01-05	mes/docs/AGV系统业务与MES任务模型.md	line 591	AGV系统业务与MES任务模型 > 13. 待确认事项 > 13.2 可边开发边定	尚未确定的延迟阈值和组合算法不得从“一车多 SUBLOT”自行推导。	第一版确认一车可承载多个 SUBLOT（见 8.1）。多任务组合、停靠顺序和顺路取货须遵守 BR-001；尚未确定的延迟阈值和组合算法不得从“一车多 SUBLOT”自行推导。	3a52311b7592de4219127d627e47c4a74fd957b992ee7a62eb895f7a9bd74c81	unresolved-question	needs-question-resolution	hold-for-question-or-reframing	none-found-within-r01-pass	not-approved	duplicate-or-evidence-only	singleton	该行只记录标题、分类、历史待办/阻塞状态、问题索引、重复标签或收敛说明；保留作证据，不单独形成需求决定。	b313fea603753569a1db2ee0361cd35ff867ad846ca25ee1881e48cc130e9550
PCR-0075	R01-A0737	R01	R01-05	mes/docs/AGV系统业务与MES任务模型.md	line 592	AGV系统业务与MES任务模型 > 13. 待确认事项 > 13.2 可边开发边定	**仓位规格配置**	**仓位规格配置**	174a046683dce35e6eaebad27ae2a4d3ec32b3a6b6e40931314ac65dbe0b834f	unresolved-question	needs-question-resolution	hold-for-question-or-reframing	none-found-within-r01-pass	not-approved	duplicate-or-evidence-only	singleton	该行只记录标题、分类、历史待办/阻塞状态、问题索引、重复标签或收敛说明；保留作证据，不单独形成需求决定。	a0a6630cb2f661568214b5fec0a595077514c04cdf2d9ac9c7a8cb20614335e2
PCR-0076	R01-A0738	R01	R01-05	mes/docs/AGV系统业务与MES任务模型.md	line 593	AGV系统业务与MES任务模型 > 13. 待确认事项 > 13.2 可边开发边定	各车型仓位数量、尺寸、载重和兼容花篮类型；	各车型仓位数量、尺寸、载重和兼容花篮类型；当前车型暂定 8 仓，程序不得写死。	84e1d3701010e95a47193b9ad387caf1f7d3fb3ea91d2c82f4dee95b2477f4e7	unresolved-question	needs-question-resolution	hold-for-question-or-reframing	none-found-within-r01-pass	not-approved	needs-evidence-before-candidacy	mes/docs/AGV系统业务与MES任务模型.md	该记录要求目标环境、接口、字段、配置值或版本绑定事实；现有材料不足，不能由批准人猜测或由实现反推。	5f749e41e0f6486caa305b586716fc662f123e88598a8079b3c381a70fe16760
PCR-0077	R01-A0739	R01	R01-05	mes/docs/AGV系统业务与MES任务模型.md	line 593	AGV系统业务与MES任务模型 > 13. 待确认事项 > 13.2 可边开发边定	当前车型暂定 8 仓，程序不得写死。	各车型仓位数量、尺寸、载重和兼容花篮类型；当前车型暂定 8 仓，程序不得写死。	0858722f955243de5d31cf28b85f6ffde967c532aa4e475d2f0d65467ecdd0d5	unresolved-question	needs-question-resolution	hold-for-question-or-reframing	none-found-within-r01-pass	not-approved	covered-by-approved-decision	issues/35-supply-slot-hardware-and-field-signal-evidence.md	8005 全部 AGV 当前为八仓，且未来车型不得直接继承该绑定。	2549c4404b3f074b4288bd527b204a54c223dda6b0f7d33d9a4ff00a99fb6834
PCR-0078	R01-A0740	R01	R01-05	mes/docs/AGV系统业务与MES任务模型.md	line 594	AGV系统业务与MES任务模型 > 13. 待确认事项 > 13.2 可边开发边定	**AREA 映射治理增强**	**AREA 映射治理增强**	cf57bb8d893411a7f77f072398e938ac42a1884db29ea35fd0150f33868d1630	unresolved-question	needs-question-resolution	hold-for-question-or-reframing	none-found-within-r01-pass	not-approved	duplicate-or-evidence-only	singleton	该行只记录标题、分类、历史待办/阻塞状态、问题索引、重复标签或收敛说明；保留作证据，不单独形成需求决定。	cff65a40d5f262c05b5c25426ef0691bbe6776f3f71841ff50e9d67308c50592
PCR-0079	R01-A0741	R01	R01-05	mes/docs/AGV系统业务与MES任务模型.md	line 595	AGV系统业务与MES任务模型 > 13. 待确认事项 > 13.2 可边开发边定	未来是否增加审批流与版本回滚；	未来是否增加审批流与版本回滚；当前方案为：不设审批流，采用二次认证、版本化生效和完整审计。	ee913669f6d97ef05885b512dddffda2eca5d195494b8570c929b98984b6b9b6	unresolved-question	needs-question-resolution	hold-for-question-or-reframing	none-found-within-r01-pass	not-approved	out-of-current-destination	map.md#Out-of-scope	未来 AREA 审批流增强超出首个当前基线的现时边界。	555367dc43817ceb29e3399e35918884c508cf7a0bedaecac6f565927d1cd284
PCR-0080	R01-A0742	R01	R01-05	mes/docs/AGV系统业务与MES任务模型.md	line 595	AGV系统业务与MES任务模型 > 13. 待确认事项 > 13.2 可边开发边定	当前方案为：不设审批流，采用二次认证、版本化生效和完整审计。	未来是否增加审批流与版本回滚；当前方案为：不设审批流，采用二次认证、版本化生效和完整审计。	b19194ab822cce0598bb4608dc3f712ec2b19cd8add0f660c521f6c453b832e0	unresolved-question	needs-question-resolution	hold-for-question-or-reframing	none-found-within-r01-pass	not-approved	duplicate-or-evidence-only	singleton	该行只记录标题、分类、历史待办/阻塞状态、问题索引、重复标签或收敛说明；保留作证据，不单独形成需求决定。	569679fb235317686feb11f2c52a0c082452c0bea4616492721ef31189858bce
PCR-0081	R01-A0743	R01	R01-05	mes/docs/AGV系统业务与MES任务模型.md	line 596	AGV系统业务与MES任务模型 > 13. 待确认事项 > 13.2 可边开发边定	**封装对照表覆盖范围**	**封装对照表覆盖范围**	4e1386d84b0d4260a9ce97628251d42763463f4342cfdb71446d7cf9953ad3cd	unresolved-question	needs-question-resolution	hold-for-question-or-reframing	none-found-within-r01-pass	not-approved	duplicate-or-evidence-only	singleton	该行只记录标题、分类、历史待办/阻塞状态、问题索引、重复标签或收敛说明；保留作证据，不单独形成需求决定。	8d803405da8bc7ba0f34685a46fc5aa94c72d94a97a0d716208691319a2cf814
PCR-0082	R01-A0744	R01	R01-05	mes/docs/AGV系统业务与MES任务模型.md	line 597	AGV系统业务与MES任务模型 > 13. 待确认事项 > 13.2 可边开发边定	[`../reference/package-basket-capacity.md`](../reference/package-basket-capacity.md) 是否覆盖全部 `PACKAGE` 取值；	[`../reference/package-basket-capacity.md`](../reference/package-basket-capacity.md) 是否覆盖全部 `PACKAGE` 取值；V1 未覆盖时按 9.3 报错并阻止开门，不得使用默认值。活跃样本不能称为全集，覆盖率与全集发现分别见 [`active-package-coverage`](../experiments/definitions/active-package-coverage/plan.md) 和 [`package-universe-discovery`](../experiments/definitions/package-universe-discovery/plan.md)。	62b0b6c0cb346b1ae76cff1a9136563fa2c968f696a4feac73391214e76e551f	unresolved-question	needs-question-resolution	hold-for-question-or-reframing	none-found-within-r01-pass	not-approved	needs-evidence-before-candidacy	mes/docs/AGV系统业务与MES任务模型.md	该记录要求目标环境、接口、字段、配置值或版本绑定事实；现有材料不足，不能由批准人猜测或由实现反推。	1e4bc0c5f9a238b47db5d7b209668b1b560a95422f1a4ede9adbef91f5451f9c
PCR-0083	R01-A0745	R01	R01-05	mes/docs/AGV系统业务与MES任务模型.md	line 597	AGV系统业务与MES任务模型 > 13. 待确认事项 > 13.2 可边开发边定	V1 未覆盖时按 9.3 报错并阻止开门，不得使用默认值。	[`../reference/package-basket-capacity.md`](../reference/package-basket-capacity.md) 是否覆盖全部 `PACKAGE` 取值；V1 未覆盖时按 9.3 报错并阻止开门，不得使用默认值。活跃样本不能称为全集，覆盖率与全集发现分别见 [`active-package-coverage`](../experiments/definitions/active-package-coverage/plan.md) 和 [`package-universe-discovery`](../experiments/definitions/package-universe-discovery/plan.md)。	b7d094fc38eaae6370f0c6caeb82d10e5a2f8e8dc6b7302fa91f5c411f7955d7	unresolved-question	needs-question-resolution	hold-for-question-or-reframing	none-found-within-r01-pass	not-approved	duplicate-or-evidence-only	singleton	该行只记录标题、分类、历史待办/阻塞状态、问题索引、重复标签或收敛说明；保留作证据，不单独形成需求决定。	2a1c4818a03d78b1499ac236dd0d3c15f7e83f236b2f28915387ad91c4f47e8c
PCR-0084	R01-A0746	R01	R01-05	mes/docs/AGV系统业务与MES任务模型.md	line 597	AGV系统业务与MES任务模型 > 13. 待确认事项 > 13.2 可边开发边定	活跃样本不能称为全集，覆盖率与全集发现分别见 [`active-package-coverage`](../experiments/definitions/active-package-coverage/plan.md) 和 [`package-universe-discovery`](../experiments/definitions/package-universe-discovery/plan.md)。	[`../reference/package-basket-capacity.md`](../reference/package-basket-capacity.md) 是否覆盖全部 `PACKAGE` 取值；V1 未覆盖时按 9.3 报错并阻止开门，不得使用默认值。活跃样本不能称为全集，覆盖率与全集发现分别见 [`active-package-coverage`](../experiments/definitions/active-package-coverage/plan.md) 和 [`package-universe-discovery`](../experiments/definitions/package-universe-discovery/plan.md)。	b33c6c3368b1783f324c50e38a559aba6fca35c182388d2277eb43e3057781ef	unresolved-question	needs-question-resolution	hold-for-question-or-reframing	none-found-within-r01-pass	not-approved	needs-evidence-before-candidacy	mes/docs/AGV系统业务与MES任务模型.md	该记录要求目标环境、接口、字段、配置值或版本绑定事实；现有材料不足，不能由批准人猜测或由实现反推。	79fe1a2659402cc0c5a3cf86d9d0b9ec3e79294241a917fa3430e9f6c8776a0f
PCR-0085	R01-A0747	R01	R01-05	mes/docs/AGV系统业务与MES任务模型.md	line 598	AGV系统业务与MES任务模型 > 13. 待确认事项 > 13.2 可边开发边定	**五个固定区域的具体 `station_name` 配置值**	**五个固定区域的具体 `station_name` 配置值**	72e31c629fa678a8802431fab5905a68723869daa6f22708bb3d4ad4029d9931	unresolved-question	needs-question-resolution	hold-for-question-or-reframing	none-found-within-r01-pass	not-approved	duplicate-or-evidence-only	singleton	该行只记录标题、分类、历史待办/阻塞状态、问题索引、重复标签或收敛说明；保留作证据，不单独形成需求决定。	d1c495b57832d9498d5e13c3fe8f8f9ce84c4a92fc99effc27852bdbdd73d967
PCR-0086	R01-A0748	R01	R01-05	mes/docs/AGV系统业务与MES任务模型.md	line 599	AGV系统业务与MES任务模型 > 13. 待确认事项 > 13.2 可边开发边定	配置方式已确定为可动态修改的字符串 `station_name`（见 10.4），具体地图站点名由现场地图建好后填入配置，不阻塞当前开发。	配置方式已确定为可动态修改的字符串 `station_name`（见 10.4），具体地图站点名由现场地图建好后填入配置，不阻塞当前开发。	48248b34638e799df54c23f9d4d7fa8c77c07cb28fdac0fb7e562b084645adf4	unresolved-question	needs-question-resolution	hold-for-question-or-reframing	none-found-within-r01-pass	not-approved	needs-evidence-before-candidacy	mes/docs/AGV系统业务与MES任务模型.md	该记录要求目标环境、接口、字段、配置值或版本绑定事实；现有材料不足，不能由批准人猜测或由实现反推。	e0d267866912eaa7ad0fac1aaaf004e7c9019bbcc7ad8449ae3d1ad29b2cc7b8
PCR-0087	R01-A0749	R01	R01-05	mes/docs/AGV系统业务与MES任务模型.md	line 600	AGV系统业务与MES任务模型 > 13. 待确认事项 > 13.2 可边开发边定	**个别命名不规范站点的显式覆盖记录**	**个别命名不规范站点的显式覆盖记录**	c483d593165b63756d44bbc14103c680b8074aca189bbbf0b323dfc3d68e0827	unresolved-question	needs-question-resolution	hold-for-question-or-reframing	none-found-within-r01-pass	not-approved	duplicate-or-evidence-only	singleton	该行只记录标题、分类、历史待办/阻塞状态、问题索引、重复标签或收敛说明；保留作证据，不单独形成需求决定。	bb1eeb13cce1b9e06fc2c53325994ea745fd558eed7ddd040aaf69f66a7e01f8
PCR-0088	R01-A0750	R01	R01-05	mes/docs/AGV系统业务与MES任务模型.md	line 601	AGV系统业务与MES任务模型 > 13. 待确认事项 > 13.2 可边开发边定	当 `station_name` 无法按“下划线分隔 + AREA 编码格式”规则自动拆分出 `area_code` 时，需要人工补充显式覆盖数据；	当 `station_name` 无法按“下划线分隔 + AREA 编码格式”规则自动拆分出 `area_code` 时，需要人工补充显式覆盖数据；数量和时间点待现场地图确定后再收集。	e008caf1d738011ee2e60a04ee290ffd145f0d16db8f30e4113a113284887e6d	unresolved-question	needs-question-resolution	hold-for-question-or-reframing	none-found-within-r01-pass	not-approved	duplicate-or-evidence-only	singleton	该行只记录标题、分类、历史待办/阻塞状态、问题索引、重复标签或收敛说明；保留作证据，不单独形成需求决定。	88ab466777874f729722a70d57dcdb3c408c28a103fe665fdfb2cb2284bb0e21
PCR-0089	R01-A0751	R01	R01-05	mes/docs/AGV系统业务与MES任务模型.md	line 601	AGV系统业务与MES任务模型 > 13. 待确认事项 > 13.2 可边开发边定	数量和时间点待现场地图确定后再收集。	当 `station_name` 无法按“下划线分隔 + AREA 编码格式”规则自动拆分出 `area_code` 时，需要人工补充显式覆盖数据；数量和时间点待现场地图确定后再收集。	c443c9e81de3d65111667f201b41ca5c4b9d28308cebf377743bfe5dc1a25408	unresolved-question	needs-question-resolution	hold-for-question-or-reframing	none-found-within-r01-pass	not-approved	needs-evidence-before-candidacy	mes/docs/AGV系统业务与MES任务模型.md	该记录要求目标环境、接口、字段、配置值或版本绑定事实；现有材料不足，不能由批准人猜测或由实现反推。	fb8cad3f44fb364deaba91fecb41af8e19bca2c47da7696ac20f2992ab429fb5
PCR-0090	R01-A0752	R01	R01-05	mes/docs/AGV系统业务与MES任务模型.md	line 602	AGV系统业务与MES任务模型 > 13. 待确认事项 > 13.2 可边开发边定	**与 [[uc-024-maintain-area-station-mapping|UC-024]]、[[br-003-area-station-mapping|BR-003]] 的口径统一**	**与 [[uc-024-maintain-area-station-mapping|UC-024]]、[[br-003-area-station-mapping|BR-003]] 的口径统一**	3d2852dc7c4a06cadbbb80af445b0bd52487b721f883e069e9c166924d735f7c	unresolved-question	needs-question-resolution	hold-for-question-or-reframing	none-found-within-r01-pass	not-approved	duplicate-or-evidence-only	singleton	该行只记录标题、分类、历史待办/阻塞状态、问题索引、重复标签或收敛说明；保留作证据，不单独形成需求决定。	c524c2db4951a760c21e689de4ed1e241733d1d855e993f87022a65717831f7d
PCR-0091	R01-A0753	R01	R01-05	mes/docs/AGV系统业务与MES任务模型.md	line 603	AGV系统业务与MES任务模型 > 13. 待确认事项 > 13.2 可边开发边定	现行 UC-024/BR-003 描述的是人工维护、版本化、二次认证的显式映射模型；	现行 UC-024/BR-003 描述的是人工维护、版本化、二次认证的显式映射模型；本文档第 10 节改为“地图同步 + 命名规则自动派生”为默认路径。两者需要后续合并到同一份正式需求文档，明确人工维护范围仅限少量显式覆盖记录。	3cc34d4adec0a60a1e8a3b0d5135ab56499457ea2b2ae9ef7278a541ad8fe636	unresolved-question	needs-question-resolution	hold-for-question-or-reframing	CF-R01-003	not-approved	duplicate-or-evidence-only	singleton	该行只记录标题、分类、历史待办/阻塞状态、问题索引、重复标签或收敛说明；保留作证据，不单独形成需求决定。	ffb35c78ce511a77df61e39d2bdcb5fd262142a0c880a83dbe82c7cf16641447
PCR-0092	R01-A0754	R01	R01-05	mes/docs/AGV系统业务与MES任务模型.md	line 603	AGV系统业务与MES任务模型 > 13. 待确认事项 > 13.2 可边开发边定	本文档第 10 节改为“地图同步 + 命名规则自动派生”为默认路径。	现行 UC-024/BR-003 描述的是人工维护、版本化、二次认证的显式映射模型；本文档第 10 节改为“地图同步 + 命名规则自动派生”为默认路径。两者需要后续合并到同一份正式需求文档，明确人工维护范围仅限少量显式覆盖记录。	4c58f1815d319aa4ba85988a68dab987f78103e2d0975556c60361fa1224748d	unresolved-question	needs-question-resolution	hold-for-question-or-reframing	CF-R01-003	not-approved	duplicate-or-evidence-only	singleton	该行只记录标题、分类、历史待办/阻塞状态、问题索引、重复标签或收敛说明；保留作证据，不单独形成需求决定。	ef6cccc37d92fbc40bddb69e56dc586bcb946ed212b10606ad79747609e2a1ed
PCR-0093	R01-A0755	R01	R01-05	mes/docs/AGV系统业务与MES任务模型.md	line 603	AGV系统业务与MES任务模型 > 13. 待确认事项 > 13.2 可边开发边定	两者需要后续合并到同一份正式需求文档，明确人工维护范围仅限少量显式覆盖记录。	现行 UC-024/BR-003 描述的是人工维护、版本化、二次认证的显式映射模型；本文档第 10 节改为“地图同步 + 命名规则自动派生”为默认路径。两者需要后续合并到同一份正式需求文档，明确人工维护范围仅限少量显式覆盖记录。	7faec989d07c2de6a682e478b929cf4e96691ed0119d92029f7b77ea5bddc8fb	unresolved-question	needs-question-resolution	hold-for-question-or-reframing	CF-R01-003	not-approved	duplicate-or-evidence-only	singleton	该行只记录标题、分类、历史待办/阻塞状态、问题索引、重复标签或收敛说明；保留作证据，不单独形成需求决定。	61782e6d3e9c41c737380669050a56019a6b5ab8ea803c751d81bcb9a4178264
PCR-0094	R01-A1886	R01	R01-13	requirement-documents/07-customer-deliverables/客户需求讨论稿-多仓位AGV系统.md	line 1275	宿迁长电多仓位 AGV 系统 — 需求讨论稿 > 7. 待客户确认的问题清单	下列问题汇总自各场景「待确认」，按对设计与验收的影响分组，便于讨论时逐项拍板。	下列问题汇总自各场景「待确认」，按对设计与验收的影响分组，便于讨论时逐项拍板。	9c9b244136c4834e414abe925a984190af9219fd9417f44c54bf4c9394d69672	unresolved-question	needs-question-resolution	hold-for-question-or-reframing	none-found-within-r01-pass	not-approved	duplicate-or-evidence-only	SC-0635	该行只记录标题、分类、历史待办/阻塞状态、问题索引、重复标签或收敛说明；保留作证据，不单独形成需求决定。	9fd91de24ae5342076f320ee249bb6c6bbb10f27998aa5a679653a66788fd7fc
PCR-0095	R01-A1887	R01	R01-13	requirement-documents/07-customer-deliverables/客户需求讨论稿-多仓位AGV系统.md	line 1281	宿迁长电多仓位 AGV 系统 — 需求讨论稿 > 7. 待客户确认的问题清单 > 7.1 建议优先讨论（影响设计/验收）	任务长时间无车辆响应时，提升优先级的默认分钟数取多少？	序号=1 | 问题=任务长时间无车辆响应时，提升优先级的默认分钟数取多少？ | 关联场景/说明=派车排序（约 1～3 分钟可配置）	de699ba50426bf82decf9bbe5c5fb1a0766e1f218c35d300788408415a016a33	unresolved-question	needs-question-resolution	hold-for-question-or-reframing	none-found-within-r01-pass	not-approved	graduate-hitl-question	issues/66-decide-dispatch-ranking-route-cost-and-no-response-escalation.md	问题已能按业务后果精确表述，并由《决定派车评分、路网成本与无车响应升级规则》统一承载；原声明保持未批准。	8d21535d5e76a4eb9111b1a95b31b68c75562d13fdb2a25b7c06992dd3fef5f4
PCR-0096	R01-A1888	R01	R01-13	requirement-documents/07-customer-deliverables/客户需求讨论稿-多仓位AGV系统.md	line 1281	宿迁长电多仓位 AGV 系统 — 需求讨论稿 > 7. 待客户确认的问题清单 > 7.1 建议优先讨论（影响设计/验收）	派车排序（约 1～3 分钟可配置）	序号=1 | 问题=任务长时间无车辆响应时，提升优先级的默认分钟数取多少？ | 关联场景/说明=派车排序（约 1～3 分钟可配置）	7dae3db6edbcad153d23eecc61b35c1734e3823b9244475fe1ac91adef5e0eaf	unresolved-question	needs-question-resolution	hold-for-question-or-reframing	none-found-within-r01-pass	not-approved	duplicate-or-evidence-only	SC-0636	该行只记录标题、分类、历史待办/阻塞状态、问题索引、重复标签或收敛说明；保留作证据，不单独形成需求决定。	c22d6201e5e8df6b6c272255334585c8703e37448aac32a7aedfbeef0cc43024
PCR-0097	R01-A1889	R01	R01-13	requirement-documents/07-customer-deliverables/客户需求讨论稿-多仓位AGV系统.md	line 1282	宿迁长电多仓位 AGV 系统 — 需求讨论稿 > 7. 待客户确认的问题清单 > 7.1 建议优先讨论（影响设计/验收）	除第 5 类（叫料送机台）外，其余任务类型的优先级权重如何定？	序号=2 | 问题=除第 5 类（叫料送机台）外，其余任务类型的优先级权重如何定？ | 关联场景/说明=派车排序	756b0fe87b5657918dbfbf58079a41d08f87a23548f0399db1e3eaa7f33ef394	unresolved-question	needs-question-resolution	hold-for-question-or-reframing	none-found-within-r01-pass	not-approved	graduate-hitl-question	issues/66-decide-dispatch-ranking-route-cost-and-no-response-escalation.md	问题已能按业务后果精确表述，并由《决定派车评分、路网成本与无车响应升级规则》统一承载；原声明保持未批准。	1e50b36823854fc7c685589c2c56720f098e83df2fd2bf0663f306d59429723f
PCR-0098	R01-A1890	R01	R01-13	requirement-documents/07-customer-deliverables/客户需求讨论稿-多仓位AGV系统.md	line 1282	宿迁长电多仓位 AGV 系统 — 需求讨论稿 > 7. 待客户确认的问题清单 > 7.1 建议优先讨论（影响设计/验收）	派车排序	序号=2 | 问题=除第 5 类（叫料送机台）外，其余任务类型的优先级权重如何定？ | 关联场景/说明=派车排序	9a94b78be40e87bf75bb9edb278303fb056d906106f6ca74b1c1556c3ff83f47	unresolved-question	needs-question-resolution	hold-for-question-or-reframing	none-found-within-r01-pass	not-approved	duplicate-or-evidence-only	SC-0637	该行只记录标题、分类、历史待办/阻塞状态、问题索引、重复标签或收敛说明；保留作证据，不单独形成需求决定。	22813088a5c416ed10d1a9033d9faf26331e9c37834e755d61c7e13e2e037b13
PCR-0099	R01-A1891	R01	R01-13	requirement-documents/07-customer-deliverables/客户需求讨论稿-多仓位AGV系统.md	line 1283	宿迁长电多仓位 AGV 系统 — 需求讨论稿 > 7. 待客户确认的问题清单 > 7.1 建议优先讨论（影响设计/验收）	顺路取货相对当前配送的最大延迟阈值取多少？	序号=3 | 问题=顺路取货相对当前配送的最大延迟阈值取多少？ | 关联场景/说明=复合停靠/派车范围	5e73eab0c2c2e08f0b1ebd06afeb8028c4497a66cb8a3b3e61d89c2886672643	unresolved-question	needs-question-resolution	hold-for-question-or-reframing	none-found-within-r01-pass	not-approved	graduate-hitl-question	issues/65-decide-composite-transport-zoning-and-multi-sublot-boundary.md	问题已能按业务后果精确表述，并由《决定复合运输、分区与多 SUBLOT 组合边界》统一承载；原声明保持未批准。	3b048f45a0f44c72554369d4daf9de882d85286698f536484ef7b73234b70455
PCR-0100	R01-A1892	R01	R01-13	requirement-documents/07-customer-deliverables/客户需求讨论稿-多仓位AGV系统.md	line 1283	宿迁长电多仓位 AGV 系统 — 需求讨论稿 > 7. 待客户确认的问题清单 > 7.1 建议优先讨论（影响设计/验收）	复合停靠/派车范围	序号=3 | 问题=顺路取货相对当前配送的最大延迟阈值取多少？ | 关联场景/说明=复合停靠/派车范围	8b9ffbaf2b1d4cbded4279e8c3d88e75b3131d054040875b22e770e054ecb286	unresolved-question	needs-question-resolution	hold-for-question-or-reframing	none-found-within-r01-pass	not-approved	duplicate-or-evidence-only	SC-0638	该行只记录标题、分类、历史待办/阻塞状态、问题索引、重复标签或收敛说明；保留作证据，不单独形成需求决定。	5eece4e87135b6e1f1611ab97d474c37cac31ff6f929eb2048c0ee770cd73e14
PCR-0101	R01-A1893	R01	R01-13	requirement-documents/07-customer-deliverables/客户需求讨论稿-多仓位AGV系统.md	line 1284	宿迁长电多仓位 AGV 系统 — 需求讨论稿 > 7. 待客户确认的问题清单 > 7.1 建议优先讨论（影响设计/验收）	仓位规格（尺寸、最大载重等）由谁配置、配置入口在哪里？	序号=4 | 问题=仓位规格（尺寸、最大载重等）由谁配置、配置入口在哪里？ | 关联场景/说明=仓位模型/硬件	e2aef109fd3f1ef67bd7e7ac6e3f4d04efd25e395a31e6e824d00a5d99898184	unresolved-question	needs-question-resolution	hold-for-question-or-reframing	none-found-within-r01-pass	not-approved	graduate-hitl-question	issues/72-decide-slot-io-mapping-activation-and-maintenance-policy.md	问题已能按业务后果精确表述，并由《决定仓位模型与 IO 映射配置、验证和启用门禁》统一承载；原声明保持未批准。	7d3a78ac820097f64811bde8c63997d50b025fdbae5f4fb51d096ff7596bd788
PCR-0102	R01-A1894	R01	R01-13	requirement-documents/07-customer-deliverables/客户需求讨论稿-多仓位AGV系统.md	line 1284	宿迁长电多仓位 AGV 系统 — 需求讨论稿 > 7. 待客户确认的问题清单 > 7.1 建议优先讨论（影响设计/验收）	仓位模型/硬件	序号=4 | 问题=仓位规格（尺寸、最大载重等）由谁配置、配置入口在哪里？ | 关联场景/说明=仓位模型/硬件	ccd6a80696da7f57e0d669089ff9ee40beff7150806469c27f9ac642696c0017	unresolved-question	needs-question-resolution	hold-for-question-or-reframing	none-found-within-r01-pass	not-approved	duplicate-or-evidence-only	SC-0639	该行只记录标题、分类、历史待办/阻塞状态、问题索引、重复标签或收敛说明；保留作证据，不单独形成需求决定。	c721be696ffee4dc9aaa0364d0f38cffd20ed5e06af277e21e6e42c0b4828a90
PCR-0103	R01-A1895	R01	R01-13	requirement-documents/07-customer-deliverables/客户需求讨论稿-多仓位AGV系统.md	line 1285	宿迁长电多仓位 AGV 系统 — 需求讨论稿 > 7. 待客户确认的问题清单 > 7.1 建议优先讨论（影响设计/验收）	五个固定区域（派工待送区、烘箱间、关卡区、三光区、氮气柜）的具体站点名是什么？	序号=5 | 问题=五个固定区域（派工待送区、烘箱间、关卡区、三光区、氮气柜）的具体站点名是什么？ | 关联场景/说明=地图建好后配置，程序不写死	f740adbd060ebeda877ba7789ac172cf007b4fc65980a8373317254d4e02251d	unresolved-question	needs-question-resolution	hold-for-question-or-reframing	none-found-within-r01-pass	not-approved	needs-evidence-before-candidacy	requirement-documents/07-customer-deliverables/客户需求讨论稿-多仓位AGV系统.md	该记录要求目标环境、接口、字段、配置值或版本绑定事实；现有材料不足，不能由批准人猜测或由实现反推。	4a9f5c8c82cbe8d516d7333460ce947bb55aa62d968b473ba0706b9d987abeb3
PCR-0104	R01-A1896	R01	R01-13	requirement-documents/07-customer-deliverables/客户需求讨论稿-多仓位AGV系统.md	line 1285	宿迁长电多仓位 AGV 系统 — 需求讨论稿 > 7. 待客户确认的问题清单 > 7.1 建议优先讨论（影响设计/验收）	地图建好后配置，程序不写死	序号=5 | 问题=五个固定区域（派工待送区、烘箱间、关卡区、三光区、氮气柜）的具体站点名是什么？ | 关联场景/说明=地图建好后配置，程序不写死	5c786ad66bd32a3c6c16a34794a29d44527b7de6110ed7cc2dc449bdc1d0d681	unresolved-question	needs-question-resolution	hold-for-question-or-reframing	none-found-within-r01-pass	not-approved	duplicate-or-evidence-only	SC-0640	该行只记录标题、分类、历史待办/阻塞状态、问题索引、重复标签或收敛说明；保留作证据，不单独形成需求决定。	1c0c3680ed05c405b04a1ad5b430c957e2f776b478f9f47d8b0a27afdcd5d138
PCR-0105	R01-A1897	R01	R01-13	requirement-documents/07-customer-deliverables/客户需求讨论稿-多仓位AGV系统.md	line 1286	宿迁长电多仓位 AGV 系统 — 需求讨论稿 > 7. 待客户确认的问题清单 > 7.1 建议优先讨论（影响设计/验收）	命名不规范、无法自动拆分的站点，显式覆盖清单由谁维护、上线前是否一次性梳理？	序号=6 | 问题=命名不规范、无法自动拆分的站点，显式覆盖清单由谁维护、上线前是否一次性梳理？ | 关联场景/说明=AREA—站点映射	bb48f930ee1afdd32a74bfcb3c17206e0279dc568ce9b21f9b6fad4dff3c12e6	unresolved-question	needs-question-resolution	hold-for-question-or-reframing	none-found-within-r01-pass	not-approved	graduate-hitl-question	issues/79-decide-area-override-maintenance-and-effectivity-governance.md	问题已能按业务后果精确表述，并由《决定 AREA 显式覆盖的维护与生效治理》统一承载；原声明保持未批准。	bf06a6576e75f86a3dfdd6ba15bcd41c676c8badc28d712a18252f5020dca2e7
PCR-0106	R01-A1898	R01	R01-13	requirement-documents/07-customer-deliverables/客户需求讨论稿-多仓位AGV系统.md	line 1286	宿迁长电多仓位 AGV 系统 — 需求讨论稿 > 7. 待客户确认的问题清单 > 7.1 建议优先讨论（影响设计/验收）	AREA—站点映射	序号=6 | 问题=命名不规范、无法自动拆分的站点，显式覆盖清单由谁维护、上线前是否一次性梳理？ | 关联场景/说明=AREA—站点映射	b00b2ba6638a24138b15cbd11de264ec56d4331b2fbf58dc90a1ae6ef7fbd7d9	unresolved-question	needs-question-resolution	hold-for-question-or-reframing	none-found-within-r01-pass	not-approved	duplicate-or-evidence-only	SC-0641	该行只记录标题、分类、历史待办/阻塞状态、问题索引、重复标签或收敛说明；保留作证据，不单独形成需求决定。	2a147ff256747a271955aef254a8c46f6488a52e8f8a0bb7aff0f79af33d3398
PCR-0107	R01-A1899	R01	R01-13	requirement-documents/07-customer-deliverables/客户需求讨论稿-多仓位AGV系统.md	line 1287	宿迁长电多仓位 AGV 系统 — 需求讨论稿 > 7. 待客户确认的问题清单 > 7.1 建议优先讨论（影响设计/验收）	UC-042 故障处置的操作权限边界、是否需二次认证/班组长审批，以及等待修复超时后如何处理？	序号=7 | 问题=UC-042 故障处置的操作权限边界、是否需二次认证/班组长审批，以及等待修复超时后如何处理？ | 关联场景/说明=途中故障改派/终止	b875e559473e77c42ba6d54b8a7ca986b2ebaa9553e42096df4b0f084387394e	unresolved-question	needs-question-resolution	hold-for-question-or-reframing	none-found-within-r01-pass	not-approved	graduate-hitl-question	issues/69-decide-faulted-agv-isolation-cargo-handling-and-manual-override.md	问题已能按业务后果精确表述，并由《决定故障车辆隔离、货物处置与人工越权边界》统一承载；原声明保持未批准。	292952fd6f4f676db1db6d000b0bade48e5a907058724f83dde249d237f34c61
PCR-0108	R01-A1900	R01	R01-13	requirement-documents/07-customer-deliverables/客户需求讨论稿-多仓位AGV系统.md	line 1287	宿迁长电多仓位 AGV 系统 — 需求讨论稿 > 7. 待客户确认的问题清单 > 7.1 建议优先讨论（影响设计/验收）	途中故障改派/终止	序号=7 | 问题=UC-042 故障处置的操作权限边界、是否需二次认证/班组长审批，以及等待修复超时后如何处理？ | 关联场景/说明=途中故障改派/终止	6aabf39765defff2da620f170c493b3d5264a4724a4389bf90681c11448c7d05	unresolved-question	needs-question-resolution	hold-for-question-or-reframing	none-found-within-r01-pass	not-approved	duplicate-or-evidence-only	SC-0642	该行只记录标题、分类、历史待办/阻塞状态、问题索引、重复标签或收敛说明；保留作证据，不单独形成需求决定。	a39ad327fa481234b69ccbb30c9519b688424aeb7174e05b673e8517da6a0345
PCR-0109	R01-A1901	R01	R01-13	requirement-documents/07-customer-deliverables/客户需求讨论稿-多仓位AGV系统.md	line 1288	宿迁长电多仓位 AGV 系统 — 需求讨论稿 > 7. 待客户确认的问题清单 > 7.1 建议优先讨论（影响设计/验收）	UC-004 联锁失败（暂停/取消指令失败、车未及时停下）时，是否下发紧急停止？	序号=8 | 问题=UC-004 联锁失败（暂停/取消指令失败、车未及时停下）时，是否下发紧急停止？ | 关联场景/说明=安全联锁	2edd238137e62e364368c5b8eb91284559e1eb9cbb9b5b08f7950babcbd08c53	unresolved-question	needs-question-resolution	hold-for-question-or-reframing	none-found-within-r01-pass	not-approved	graduate-hitl-question	issues/70-decide-safety-interlock-failure-escalation-and-emergency-stop.md	问题已能按业务后果精确表述，并由《决定安全联锁失败升级与紧急停止边界》统一承载；原声明保持未批准。	2c202449f0c52bebc657964528460322ae4980a3efc54b5d01938c9eec879965
PCR-0110	R01-A1902	R01	R01-13	requirement-documents/07-customer-deliverables/客户需求讨论稿-多仓位AGV系统.md	line 1288	宿迁长电多仓位 AGV 系统 — 需求讨论稿 > 7. 待客户确认的问题清单 > 7.1 建议优先讨论（影响设计/验收）	安全联锁	序号=8 | 问题=UC-004 联锁失败（暂停/取消指令失败、车未及时停下）时，是否下发紧急停止？ | 关联场景/说明=安全联锁	cc65cc96cce5a79404c2a45543d5350344660cabeb1ceac5f730bdf30a3c4c6d	unresolved-question	needs-question-resolution	hold-for-question-or-reframing	none-found-within-r01-pass	not-approved	duplicate-or-evidence-only	SC-0643	该行只记录标题、分类、历史待办/阻塞状态、问题索引、重复标签或收敛说明；保留作证据，不单独形成需求决定。	eb5fac1956c5e83f3bba2633de2857b2f7bc4b2b70c1a9b57a3b23802c1ce74e
PCR-0111	R01-A1903	R01	R01-13	requirement-documents/07-customer-deliverables/客户需求讨论稿-多仓位AGV系统.md	line 1289	宿迁长电多仓位 AGV 系统 — 需求讨论稿 > 7. 待客户确认的问题清单 > 7.1 建议优先讨论（影响设计/验收）	UC-006 到站取消运送后，是否联动向调度平台撤销移动指令（及队列如何清理）？	序号=9 | 问题=UC-006 到站取消运送后，是否联动向调度平台撤销移动指令（及队列如何清理）？ | 关联场景/说明=到站取消	30bcf5e65487bfe7a70cf1f205c51c83eb0c4d78b5d0821f28fe9bb96f3c9cae	unresolved-question	needs-question-resolution	hold-for-question-or-reframing	none-found-within-r01-pass	not-approved	graduate-hitl-question	issues/68-decide-destination-rejection-cancellation-and-post-completion-correction.md	问题已能按业务后果精确表述，并由《决定到站拒收、取消与完工后纠错边界》统一承载；原声明保持未批准。	47d6cbbfe7e96f4f79d2366edd185df38f711dd6fa1e55d3d84d607d889f2e28
PCR-0112	R01-A1904	R01	R01-13	requirement-documents/07-customer-deliverables/客户需求讨论稿-多仓位AGV系统.md	line 1289	宿迁长电多仓位 AGV 系统 — 需求讨论稿 > 7. 待客户确认的问题清单 > 7.1 建议优先讨论（影响设计/验收）	到站取消	序号=9 | 问题=UC-006 到站取消运送后，是否联动向调度平台撤销移动指令（及队列如何清理）？ | 关联场景/说明=到站取消	b125c9fc556085a96152b1224c6fe36f644e8e02848aa18c6e0d4a594ed1d229	unresolved-question	needs-question-resolution	hold-for-question-or-reframing	none-found-within-r01-pass	not-approved	duplicate-or-evidence-only	SC-0644	该行只记录标题、分类、历史待办/阻塞状态、问题索引、重复标签或收敛说明；保留作证据，不单独形成需求决定。	3dbf313d2e127c4d20a772e9b80561ac43acbddd3667bff8a25f154acd5a5baa
PCR-0113	R01-A1905	R01	R01-13	requirement-documents/07-customer-deliverables/客户需求讨论稿-多仓位AGV系统.md	line 1290	宿迁长电多仓位 AGV 系统 — 需求讨论稿 > 7. 待客户确认的问题清单 > 7.1 建议优先讨论（影响设计/验收）	除已经确认的硬件恢复确认与整批清空决定外，维护类角色与班组长在仓位测试、禁用及其它故障处置上的权限边界如何划分？	序号=10 | 问题=除已经确认的硬件恢复确认与整批清空决定外，维护类角色与班组长在仓位测试、禁用及其它故障处置上的权限边界如何划分？ | 关联场景/说明=角色与权限	f0a4820a69557e7ea54eb7c27a77c745fe53104eca643348a0c93a532c046f86	unresolved-question	needs-question-resolution	hold-for-question-or-reframing	none-found-within-r01-pass	not-approved	graduate-hitl-question	issues/71-decide-human-login-maintenance-and-high-risk-permission-boundary.md	问题已能按业务后果精确表述，并由《决定人员登录、维护操作与高风险权限边界》统一承载；原声明保持未批准。	03bd4c9113e8e0c2b00a9fc0158f0902c4e6400bc1a80c2b7e6eb7a615c394bb
PCR-0114	R01-A1906	R01	R01-13	requirement-documents/07-customer-deliverables/客户需求讨论稿-多仓位AGV系统.md	line 1290	宿迁长电多仓位 AGV 系统 — 需求讨论稿 > 7. 待客户确认的问题清单 > 7.1 建议优先讨论（影响设计/验收）	角色与权限	序号=10 | 问题=除已经确认的硬件恢复确认与整批清空决定外，维护类角色与班组长在仓位测试、禁用及其它故障处置上的权限边界如何划分？ | 关联场景/说明=角色与权限	52a8056e0e06a09f91ad9dfa7339c882fdf34091bbb30146a5c9d64840449192	unresolved-question	needs-question-resolution	hold-for-question-or-reframing	none-found-within-r01-pass	not-approved	duplicate-or-evidence-only	SC-0645	该行只记录标题、分类、历史待办/阻塞状态、问题索引、重复标签或收敛说明；保留作证据，不单独形成需求决定。	34477bafb2da11991a1578fafa1995182ffea2e30e15b36a42df88aa094ee037
PCR-0115	R01-A1907	R01	R01-13	requirement-documents/07-customer-deliverables/客户需求讨论稿-多仓位AGV系统.md	line 1291	宿迁长电多仓位 AGV 系统 — 需求讨论稿 > 7. 待客户确认的问题清单 > 7.1 建议优先讨论（影响设计/验收）	厂内 IT 人员是否需要登录本 AGV 系统（管理配置端）？	序号=11 | 问题=厂内 IT 人员是否需要登录本 AGV 系统（管理配置端）？ | 关联场景/说明=角色与权限	003ddedc46fd7112364493341b29f3fbc47c3c826aebe94460dee0964e9770f7	unresolved-question	needs-question-resolution	hold-for-question-or-reframing	none-found-within-r01-pass	not-approved	graduate-hitl-question	issues/71-decide-human-login-maintenance-and-high-risk-permission-boundary.md	问题已能按业务后果精确表述，并由《决定人员登录、维护操作与高风险权限边界》统一承载；原声明保持未批准。	c00fdd0fbba0b737c97762581f15569caba04a655b31622c2304e4fe50ff7b39
PCR-0116	R01-A1908	R01	R01-13	requirement-documents/07-customer-deliverables/客户需求讨论稿-多仓位AGV系统.md	line 1291	宿迁长电多仓位 AGV 系统 — 需求讨论稿 > 7. 待客户确认的问题清单 > 7.1 建议优先讨论（影响设计/验收）	角色与权限	序号=11 | 问题=厂内 IT 人员是否需要登录本 AGV 系统（管理配置端）？ | 关联场景/说明=角色与权限	52a8056e0e06a09f91ad9dfa7339c882fdf34091bbb30146a5c9d64840449192	unresolved-question	needs-question-resolution	hold-for-question-or-reframing	none-found-within-r01-pass	not-approved	duplicate-or-evidence-only	SC-0645	该行只记录标题、分类、历史待办/阻塞状态、问题索引、重复标签或收敛说明；保留作证据，不单独形成需求决定。	b1679eeabb975e2ce3b6a9c31ec0fc651e68d4a0b6bac9f02aa55238fe05747a
PCR-0117	R01-A1909	R01	R01-13	requirement-documents/07-customer-deliverables/客户需求讨论稿-多仓位AGV系统.md	line 1292	宿迁长电多仓位 AGV 系统 — 需求讨论稿 > 7. 待客户确认的问题清单 > 7.1 建议优先讨论（影响设计/验收）	是否存在「终点站到站后暂不收这批货」的拒收/取消场景？	序号=13 | 问题=是否存在「终点站到站后暂不收这批货」的拒收/取消场景？ | 关联场景/说明=终点卸货	5e8d3bcaf6c456a371030ba7cc4a889f08d1b3faf3064159d8a354d33a48d774	unresolved-question	needs-question-resolution	hold-for-question-or-reframing	none-found-within-r01-pass	not-approved	graduate-hitl-question	issues/68-decide-destination-rejection-cancellation-and-post-completion-correction.md	问题已能按业务后果精确表述，并由《决定到站拒收、取消与完工后纠错边界》统一承载；原声明保持未批准。	72289a0b7074365b47bef36c2efbcd0d4696e04ad523147c02c7711efbe55100
PCR-0118	R01-A1910	R01	R01-13	requirement-documents/07-customer-deliverables/客户需求讨论稿-多仓位AGV系统.md	line 1292	宿迁长电多仓位 AGV 系统 — 需求讨论稿 > 7. 待客户确认的问题清单 > 7.1 建议优先讨论（影响设计/验收）	终点卸货	序号=13 | 问题=是否存在「终点站到站后暂不收这批货」的拒收/取消场景？ | 关联场景/说明=终点卸货	e1d02bb7e3fef1e495f4cad4dd491067bf5dd9a4eedaf0d43d21371026f46929	unresolved-question	needs-question-resolution	hold-for-question-or-reframing	none-found-within-r01-pass	not-approved	duplicate-or-evidence-only	SC-0646	该行只记录标题、分类、历史待办/阻塞状态、问题索引、重复标签或收敛说明；保留作证据，不单独形成需求决定。	f2cc4d411669ecd6e8cde09c77897bdec769074fec4376a0de29c286ae746106
PCR-0119	R01-A1911	R01	R01-13	requirement-documents/07-customer-deliverables/客户需求讨论稿-多仓位AGV系统.md	line 1293	宿迁长电多仓位 AGV 系统 — 需求讨论稿 > 7. 待客户确认的问题清单 > 7.1 建议优先讨论（影响设计/验收）	确认任务完成后才发现拿错/漏拿/存错时，纠错或退料流程如何约定？	序号=14 | 问题=确认任务完成后才发现拿错/漏拿/存错时，纠错或退料流程如何约定？ | 关联场景/说明=确认完成之后的补救	536d39f841d334a798f02a02f4f4ec99ad22702c268e76903a961fdb5b1b8bd1	unresolved-question	needs-question-resolution	hold-for-question-or-reframing	none-found-within-r01-pass	not-approved	graduate-hitl-question	issues/68-decide-destination-rejection-cancellation-and-post-completion-correction.md	问题已能按业务后果精确表述，并由《决定到站拒收、取消与完工后纠错边界》统一承载；原声明保持未批准。	1eb921a58a6b9763c2e70bf5dda4058d6e4bc8ad6769c8ca662b41dea5483c27
PCR-0120	R01-A1912	R01	R01-13	requirement-documents/07-customer-deliverables/客户需求讨论稿-多仓位AGV系统.md	line 1293	宿迁长电多仓位 AGV 系统 — 需求讨论稿 > 7. 待客户确认的问题清单 > 7.1 建议优先讨论（影响设计/验收）	确认完成之后的补救	序号=14 | 问题=确认任务完成后才发现拿错/漏拿/存错时，纠错或退料流程如何约定？ | 关联场景/说明=确认完成之后的补救	cdb2f3c9a7902df261de03bac41082dd6a482567044588dc418d8023ddf81b51	unresolved-question	needs-question-resolution	hold-for-question-or-reframing	none-found-within-r01-pass	not-approved	duplicate-or-evidence-only	SC-0647	该行只记录标题、分类、历史待办/阻塞状态、问题索引、重复标签或收敛说明；保留作证据，不单独形成需求决定。	2146158102c17d3cd3c9db5e80299c52a8cb80e993ba764804b6af58b318828a
PCR-0121	R01-A1913	R01	R01-13	requirement-documents/07-customer-deliverables/客户需求讨论稿-多仓位AGV系统.md	line 1299	宿迁长电多仓位 AGV 系统 — 需求讨论稿 > 7. 待客户确认的问题清单 > 7.2 可边开发边定	仓位看板、车队看板的自动刷新周期与状态过期阈值；	序号=1 | 问题=仓位看板、车队看板的自动刷新周期与状态过期阈值 | 关联场景/说明=监控类界面	0a092aeab41a293914045cb1f4da480de9d0085fa4d5eac67f2a208a2394ef8d	unresolved-question	needs-question-resolution	hold-for-question-or-reframing	none-found-within-r01-pass	not-approved	graduate-hitl-question	issues/73-decide-monitoring-freshness-alert-retry-and-log-retention.md	问题已能按业务后果精确表述，并由《决定监控新鲜度、告警升级、重试与日志留存规则》统一承载；原声明保持未批准。	b538ada44d47c5887716cadce4876ac179e39124d9395dd49b73a72589fd4019
PCR-0122	R01-A1914	R01	R01-13	requirement-documents/07-customer-deliverables/客户需求讨论稿-多仓位AGV系统.md	line 1299	宿迁长电多仓位 AGV 系统 — 需求讨论稿 > 7. 待客户确认的问题清单 > 7.2 可边开发边定	监控类界面	序号=1 | 问题=仓位看板、车队看板的自动刷新周期与状态过期阈值 | 关联场景/说明=监控类界面	bde676a2043753b7ccf411ada7283979a1476d1c8e02809ef93bfa2a5f2e23ed	unresolved-question	needs-question-resolution	hold-for-question-or-reframing	none-found-within-r01-pass	not-approved	duplicate-or-evidence-only	SC-0648	该行只记录标题、分类、历史待办/阻塞状态、问题索引、重复标签或收敛说明；保留作证据，不单独形成需求决定。	93876da88adf57609edc94bd4619eb03d3ab1dde02375a794dbef2be710e1640
PCR-0123	R01-A1915	R01	R01-13	requirement-documents/07-customer-deliverables/客户需求讨论稿-多仓位AGV系统.md	line 1300	宿迁长电多仓位 AGV 系统 — 需求讨论稿 > 7. 待客户确认的问题清单 > 7.2 可边开发边定	各类告警阈值、去重策略、升级通知对象；	序号=2 | 问题=各类告警阈值、去重策略、升级通知对象 | 关联场景/说明=同步失败、无车可派、联锁等	d1448e1523a421e29b8fd6ce138aae81b0eed97bd9d3033c02cded2be260ce08	unresolved-question	needs-question-resolution	hold-for-question-or-reframing	none-found-within-r01-pass	not-approved	graduate-hitl-question	issues/73-decide-monitoring-freshness-alert-retry-and-log-retention.md	问题已能按业务后果精确表述，并由《决定监控新鲜度、告警升级、重试与日志留存规则》统一承载；原声明保持未批准。	7a074acce34877457735fe9fddbdae8849ca04d29586b5c80bc1c4423134af94
PCR-0124	R01-A1916	R01	R01-13	requirement-documents/07-customer-deliverables/客户需求讨论稿-多仓位AGV系统.md	line 1300	宿迁长电多仓位 AGV 系统 — 需求讨论稿 > 7. 待客户确认的问题清单 > 7.2 可边开发边定	同步失败、无车可派、联锁等	序号=2 | 问题=各类告警阈值、去重策略、升级通知对象 | 关联场景/说明=同步失败、无车可派、联锁等	ee57dabf007a9580b8a65b3527157ed2f805577b2962c01c929b42af962e6f20	unresolved-question	needs-question-resolution	hold-for-question-or-reframing	none-found-within-r01-pass	not-approved	duplicate-or-evidence-only	SC-0649	该行只记录标题、分类、历史待办/阻塞状态、问题索引、重复标签或收敛说明；保留作证据，不单独形成需求决定。	982250e68f4ed9a0b2d2a25e07ea24bf9fc4629ecb91d353c900bfff0e4439b4
PCR-0125	R01-A1917	R01	R01-13	requirement-documents/07-customer-deliverables/客户需求讨论稿-多仓位AGV系统.md	line 1301	宿迁长电多仓位 AGV 系统 — 需求讨论稿 > 7. 待客户确认的问题清单 > 7.2 可边开发边定	监控看板展示字段清单、界面布局、筛选维度；	序号=3 | 问题=监控看板展示字段清单、界面布局、筛选维度 | 关联场景/说明=UI 细节	3602e5be4d8f5791dece6ae6b8d198ffef254230ad7e2ae947464e0ce49aebbf	unresolved-question	needs-question-resolution	hold-for-question-or-reframing	none-found-within-r01-pass	not-approved	out-of-current-destination	map.md#Out-of-scope	界面布局、字段摆放和筛选交互属于后续正式 spec/系统设计。	c2ea206806cbeba56edcfe3e9d3f074564dc14bed77c8550d409209d0817dd7a
PCR-0126	R01-A1918	R01	R01-13	requirement-documents/07-customer-deliverables/客户需求讨论稿-多仓位AGV系统.md	line 1301	宿迁长电多仓位 AGV 系统 — 需求讨论稿 > 7. 待客户确认的问题清单 > 7.2 可边开发边定	UI 细节	序号=3 | 问题=监控看板展示字段清单、界面布局、筛选维度 | 关联场景/说明=UI 细节	4bfffd02ff0a8210eba519c5f27dd46f2e9ec1bf446e9cf3d78609e6d4aa647c	unresolved-question	needs-question-resolution	hold-for-question-or-reframing	none-found-within-r01-pass	not-approved	duplicate-or-evidence-only	SC-0650	该行只记录标题、分类、历史待办/阻塞状态、问题索引、重复标签或收敛说明；保留作证据，不单独形成需求决定。	b9549ca912651f1237795b7c71c89367b28f12a66d051cfe37944695582196e6
PCR-0127	R01-A1919	R01	R01-13	requirement-documents/07-customer-deliverables/客户需求讨论稿-多仓位AGV系统.md	line 1302	宿迁长电多仓位 AGV 系统 — 需求讨论稿 > 7. 待客户确认的问题清单 > 7.2 可边开发边定	IO 映射、停靠点、充电策略等是否支持批量导入及导入格式；	序号=4 | 问题=IO 映射、停靠点、充电策略等是否支持批量导入及导入格式 | 关联场景/说明=配置维护	a170c5868142e336b8d81549a7fdab2d5d80a359161f056ed0d2dfd85b890276	unresolved-question	needs-question-resolution	hold-for-question-or-reframing	none-found-within-r01-pass	not-approved	needs-atomic-reframing	issues/72-decide-slot-io-mapping-activation-and-maintenance-policy.md;issues/75-decide-charging-threshold-configuration-and-abnormal-lifecycle.md;issues/76-decide-idle-return-parking-point-eligibility-and-arbitration.md	原声明混合多个业务后果、实现机制、历史状态或已决与未决部分，不能整体批准；相关原子问题已另行指向。	3a1d0a7713d371b07541624f0c9f2cf72e55dd46d1757bf258baaf4318c39b63
PCR-0128	R01-A1920	R01	R01-13	requirement-documents/07-customer-deliverables/客户需求讨论稿-多仓位AGV系统.md	line 1302	宿迁长电多仓位 AGV 系统 — 需求讨论稿 > 7. 待客户确认的问题清单 > 7.2 可边开发边定	配置维护	序号=4 | 问题=IO 映射、停靠点、充电策略等是否支持批量导入及导入格式 | 关联场景/说明=配置维护	fc21094b8acc2d474fdb61dbbb67145cae51b937b4208b7cb0d89a5b659a91f4	unresolved-question	needs-question-resolution	hold-for-question-or-reframing	none-found-within-r01-pass	not-approved	duplicate-or-evidence-only	SC-0651	该行只记录标题、分类、历史待办/阻塞状态、问题索引、重复标签或收敛说明；保留作证据，不单独形成需求决定。	944ddfa846a8584aec52193d966ccfb0d6a7a377dca3a580a62741de2e3ba4e5
PCR-0129	R01-A1921	R01	R01-13	requirement-documents/07-customer-deliverables/客户需求讨论稿-多仓位AGV系统.md	line 1303	宿迁长电多仓位 AGV 系统 — 需求讨论稿 > 7. 待客户确认的问题清单 > 7.2 可边开发边定	调度平台「移动到指定点并充电」专用接口形态与联调细节；	序号=5 | 问题=调度平台「移动到指定点并充电」专用接口形态与联调细节 | 关联场景/说明=充电	06e6a9101bcb05541e4ea935f0c5f1bf307647f83b53182c5bef2240ed64eae5	unresolved-question	needs-question-resolution	hold-for-question-or-reframing	none-found-within-r01-pass	not-approved	needs-evidence-before-candidacy	requirement-documents/07-customer-deliverables/客户需求讨论稿-多仓位AGV系统.md	该记录要求目标环境、接口、字段、配置值或版本绑定事实；现有材料不足，不能由批准人猜测或由实现反推。	18eda7ad2e1caa1b6343ac6a2f3a6f10d191f097c48d88ad6393920c4172d106
PCR-0130	R01-A1922	R01	R01-13	requirement-documents/07-customer-deliverables/客户需求讨论稿-多仓位AGV系统.md	line 1303	宿迁长电多仓位 AGV 系统 — 需求讨论稿 > 7. 待客户确认的问题清单 > 7.2 可边开发边定	充电	序号=5 | 问题=调度平台「移动到指定点并充电」专用接口形态与联调细节 | 关联场景/说明=充电	a5e408eaee013e640dfe34939d33774160c864c292ea13e1f47db2c20dd2f4f9	unresolved-question	needs-question-resolution	hold-for-question-or-reframing	none-found-within-r01-pass	not-approved	duplicate-or-evidence-only	SC-0652	该行只记录标题、分类、历史待办/阻塞状态、问题索引、重复标签或收敛说明；保留作证据，不单独形成需求决定。	3e84b6e59e9a8c72e83b3506c72edd6786380db76ecae59097744384cbbf9160
PCR-0131	R01-A1923	R01	R01-13	requirement-documents/07-customer-deliverables/客户需求讨论稿-多仓位AGV系统.md	line 1304	宿迁长电多仓位 AGV 系统 — 需求讨论稿 > 7. 待客户确认的问题清单 > 7.2 可边开发边定	下发/轮询失败的重试次数与间隔；	序号=6 | 问题=下发/轮询失败的重试次数与间隔 | 关联场景/说明=移动任务下发与监听	a86df7d01bde65b5da685a688f780aeabf3c89ec1d719ba9004c6f87c6c754a9	unresolved-question	needs-question-resolution	hold-for-question-or-reframing	none-found-within-r01-pass	not-approved	graduate-hitl-question	issues/73-decide-monitoring-freshness-alert-retry-and-log-retention.md	问题已能按业务后果精确表述，并由《决定监控新鲜度、告警升级、重试与日志留存规则》统一承载；原声明保持未批准。	66b50aaab7f139fdd6d739a3e70a01f5ee976ecc630efb47850e0b790d148603
PCR-0132	R01-A1924	R01	R01-13	requirement-documents/07-customer-deliverables/客户需求讨论稿-多仓位AGV系统.md	line 1304	宿迁长电多仓位 AGV 系统 — 需求讨论稿 > 7. 待客户确认的问题清单 > 7.2 可边开发边定	移动任务下发与监听	序号=6 | 问题=下发/轮询失败的重试次数与间隔 | 关联场景/说明=移动任务下发与监听	32583d3173d1e7f6b50c8d9aba8c1d4c8dd61b9722d4c1fcfbfd9a95aeea91e6	unresolved-question	needs-question-resolution	hold-for-question-or-reframing	none-found-within-r01-pass	not-approved	duplicate-or-evidence-only	SC-0653	该行只记录标题、分类、历史待办/阻塞状态、问题索引、重复标签或收敛说明；保留作证据，不单独形成需求决定。	a16768549f9043814881bbec88b0df482ad1bbc65dc4ca41856db919095e1726
PCR-0133	R01-A1925	R01	R01-13	requirement-documents/07-customer-deliverables/客户需求讨论稿-多仓位AGV系统.md	line 1305	宿迁长电多仓位 AGV 系统 — 需求讨论稿 > 7. 待客户确认的问题清单 > 7.2 可边开发边定	维护测试前是否强制禁用仓位；	序号=7 | 问题=维护测试前是否强制禁用仓位；门状态信号来源细化表述 | 关联场景/说明=硬件测试	7df3ced8e86aa18a35e91da8e77578ac09b2c5fa84b7ecce2ed95431ef24ce78	unresolved-question	needs-question-resolution	hold-for-question-or-reframing	none-found-within-r01-pass	not-approved	graduate-hitl-question	issues/72-decide-slot-io-mapping-activation-and-maintenance-policy.md	问题已能按业务后果精确表述，并由《决定仓位模型与 IO 映射配置、验证和启用门禁》统一承载；原声明保持未批准。	bd028ebb6e70d7122bad7d21df86f16d3883163f05a5385d3a87de5d1a8deb85
PCR-0134	R01-A1926	R01	R01-13	requirement-documents/07-customer-deliverables/客户需求讨论稿-多仓位AGV系统.md	line 1305	宿迁长电多仓位 AGV 系统 — 需求讨论稿 > 7. 待客户确认的问题清单 > 7.2 可边开发边定	门状态信号来源细化表述；	序号=7 | 问题=维护测试前是否强制禁用仓位；门状态信号来源细化表述 | 关联场景/说明=硬件测试	858a726662c8519a8b70268adb505344c2be05970a36ffba8af1947c8faf2c8a	unresolved-question	needs-question-resolution	hold-for-question-or-reframing	none-found-within-r01-pass	not-approved	covered-by-approved-decision	issues/35-supply-slot-hardware-and-field-signal-evidence.md	8005 没有独立门磁，门相关事实只能来自已批准的锁反馈和光幕信号。	517ca6b8763a8c70201bcf1bb8169b187b9b2a7d400d65ea100f0769bf833d97
PCR-0135	R01-A1927	R01	R01-13	requirement-documents/07-customer-deliverables/客户需求讨论稿-多仓位AGV系统.md	line 1305	宿迁长电多仓位 AGV 系统 — 需求讨论稿 > 7. 待客户确认的问题清单 > 7.2 可边开发边定	硬件测试	序号=7 | 问题=维护测试前是否强制禁用仓位；门状态信号来源细化表述 | 关联场景/说明=硬件测试	6032768b9f4780468f1976e6cc3dd10bb1e9dddd65e5d98b3459647a96bc3815	unresolved-question	needs-question-resolution	hold-for-question-or-reframing	none-found-within-r01-pass	not-approved	duplicate-or-evidence-only	SC-0654	该行只记录标题、分类、历史待办/阻塞状态、问题索引、重复标签或收敛说明；保留作证据，不单独形成需求决定。	0e060327645cb97f561e46d66f091f7278767c536eb72ffdf68126a27ae0cbdb
PCR-0136	R01-A1928	R01	R01-13	requirement-documents/07-customer-deliverables/客户需求讨论稿-多仓位AGV系统.md	line 1306	宿迁长电多仓位 AGV 系统 — 需求讨论稿 > 7. 待客户确认的问题清单 > 7.2 可边开发边定	审计可见数据域、技术日志组件清单的细部分配；	序号=8 | 问题=审计可见数据域、技术日志组件清单的细部分配 | 关联场景/说明=日志与审计	e836ee8fdb16853866e3439b4366fa210203c4fae02d6a198a87106d72828cd6	unresolved-question	needs-question-resolution	hold-for-question-or-reframing	none-found-within-r01-pass	not-approved	needs-atomic-reframing	issues/73-decide-monitoring-freshness-alert-retry-and-log-retention.md	原声明混合多个业务后果、实现机制、历史状态或已决与未决部分，不能整体批准；相关原子问题已另行指向。	49eca9536d67440d6431b292b7f27bbad3de238df204ce3fc5ce5dc246815713
PCR-0137	R01-A1929	R01	R01-13	requirement-documents/07-customer-deliverables/客户需求讨论稿-多仓位AGV系统.md	line 1306	宿迁长电多仓位 AGV 系统 — 需求讨论稿 > 7. 待客户确认的问题清单 > 7.2 可边开发边定	日志与审计	序号=8 | 问题=审计可见数据域、技术日志组件清单的细部分配 | 关联场景/说明=日志与审计	05f7250147de3f4d3281bd1171bde8d824082a038f8998eba17256de5c3e3bdc	unresolved-question	needs-question-resolution	hold-for-question-or-reframing	none-found-within-r01-pass	not-approved	duplicate-or-evidence-only	SC-0655	该行只记录标题、分类、历史待办/阻塞状态、问题索引、重复标签或收敛说明；保留作证据，不单独形成需求决定。	a16788448601c944ad0c66820e6403fc04658507876eb936151d9f7c0c30d8fd
PCR-0138	R01-A2786	R01	R01-14	requirement-documents/07-customer-deliverables/宿迁长电多仓位AGV系统-需求讨论稿-2026-07-14.docx	paragraph P0727	宿迁长电多仓位 AGV 系统 — 需求讨论稿 > 7. 待客户确认的问题清单	下列问题汇总自各场景「待确认」，按对设计与验收的影响分组，便于讨论时逐项拍板。	下列问题汇总自各场景「待确认」，按对设计与验收的影响分组，便于讨论时逐项拍板。	9c9b244136c4834e414abe925a984190af9219fd9417f44c54bf4c9394d69672	unresolved-question	needs-question-resolution	hold-for-question-or-reframing	none-found-within-r01-pass	not-approved	duplicate-or-evidence-only	SC-0635	该行只记录标题、分类、历史待办/阻塞状态、问题索引、重复标签或收敛说明；保留作证据，不单独形成需求决定。	e49b911d0a1b89f4fd5214753fc84dc21166e349288188c4532e0eb4d2293194
PCR-0139	R01-A2787	R01	R01-14	requirement-documents/07-customer-deliverables/宿迁长电多仓位AGV系统-需求讨论稿-2026-07-14.docx	table T08 row R002	宿迁长电多仓位 AGV 系统 — 需求讨论稿 > 7. 待客户确认的问题清单 > 7.1 建议优先讨论（影响设计/验收）	派车排序（约 1～3 分钟可配置）	序号=1 | 问题=任务长时间无车辆响应时，提升优先级的默认分钟数取多少？ | 关联场景/说明=派车排序（约 1～3 分钟可配置）	7dae3db6edbcad153d23eecc61b35c1734e3823b9244475fe1ac91adef5e0eaf	unresolved-question	needs-question-resolution	hold-for-question-or-reframing	none-found-within-r01-pass	not-approved	duplicate-or-evidence-only	SC-0636	该行只记录标题、分类、历史待办/阻塞状态、问题索引、重复标签或收敛说明；保留作证据，不单独形成需求决定。	700c880782d8659dc6591c5cb08857668ed1cfe178d75647c46da37f56359e5c
PCR-0140	R01-A2788	R01	R01-14	requirement-documents/07-customer-deliverables/宿迁长电多仓位AGV系统-需求讨论稿-2026-07-14.docx	table T08 row R003	宿迁长电多仓位 AGV 系统 — 需求讨论稿 > 7. 待客户确认的问题清单 > 7.1 建议优先讨论（影响设计/验收）	派车排序	序号=2 | 问题=除第 5 类（叫料送机台）外，其余任务类型的优先级权重如何定？ | 关联场景/说明=派车排序	9a94b78be40e87bf75bb9edb278303fb056d906106f6ca74b1c1556c3ff83f47	unresolved-question	needs-question-resolution	hold-for-question-or-reframing	none-found-within-r01-pass	not-approved	duplicate-or-evidence-only	SC-0637	该行只记录标题、分类、历史待办/阻塞状态、问题索引、重复标签或收敛说明；保留作证据，不单独形成需求决定。	586327ac3ab3422b168a1b4ea023b6823eff289aa8ef671ee6653436d5a93b4f
PCR-0141	R01-A2789	R01	R01-14	requirement-documents/07-customer-deliverables/宿迁长电多仓位AGV系统-需求讨论稿-2026-07-14.docx	table T08 row R004	宿迁长电多仓位 AGV 系统 — 需求讨论稿 > 7. 待客户确认的问题清单 > 7.1 建议优先讨论（影响设计/验收）	复合停靠/派车范围	序号=3 | 问题=顺路取货相对当前配送的最大延迟阈值取多少？ | 关联场景/说明=复合停靠/派车范围	8b9ffbaf2b1d4cbded4279e8c3d88e75b3131d054040875b22e770e054ecb286	unresolved-question	needs-question-resolution	hold-for-question-or-reframing	none-found-within-r01-pass	not-approved	duplicate-or-evidence-only	SC-0638	该行只记录标题、分类、历史待办/阻塞状态、问题索引、重复标签或收敛说明；保留作证据，不单独形成需求决定。	1f5fd961730e88a7cfaf300ad2f1b112afecfa569366665f11052ae9e69acbff
PCR-0142	R01-A2790	R01	R01-14	requirement-documents/07-customer-deliverables/宿迁长电多仓位AGV系统-需求讨论稿-2026-07-14.docx	table T08 row R005	宿迁长电多仓位 AGV 系统 — 需求讨论稿 > 7. 待客户确认的问题清单 > 7.1 建议优先讨论（影响设计/验收）	仓位模型/硬件	序号=4 | 问题=仓位规格（尺寸、最大载重等）由谁配置、配置入口在哪里？ | 关联场景/说明=仓位模型/硬件	ccd6a80696da7f57e0d669089ff9ee40beff7150806469c27f9ac642696c0017	unresolved-question	needs-question-resolution	hold-for-question-or-reframing	none-found-within-r01-pass	not-approved	duplicate-or-evidence-only	SC-0639	该行只记录标题、分类、历史待办/阻塞状态、问题索引、重复标签或收敛说明；保留作证据，不单独形成需求决定。	29278cc661d305ceefbf3068a445bd85e19a7c20ff556e041e236479a270b953
PCR-0143	R01-A2791	R01	R01-14	requirement-documents/07-customer-deliverables/宿迁长电多仓位AGV系统-需求讨论稿-2026-07-14.docx	table T08 row R006	宿迁长电多仓位 AGV 系统 — 需求讨论稿 > 7. 待客户确认的问题清单 > 7.1 建议优先讨论（影响设计/验收）	多花篮装载	序号=5 | 问题=IT 是否提供花篮数量相关接口，还是继续采用「重复扫码确认新增一篮」兜底？ | 关联场景/说明=多花篮装载	5bf8c1c302ddc27cdb85949ad5c7455386ea42b58f01bd301f188f9ecf473a58	unresolved-question	needs-question-resolution	hold-for-question-or-reframing	none-found-within-r01-pass	not-approved	duplicate-or-evidence-only	singleton	该行只记录标题、分类、历史待办/阻塞状态、问题索引、重复标签或收敛说明；保留作证据，不单独形成需求决定。	051951cd2701b22a3ba712c03f11f8bcf6b337d9d3b78c8486392af34f8b22c3
PCR-0144	R01-A2792	R01	R01-14	requirement-documents/07-customer-deliverables/宿迁长电多仓位AGV系统-需求讨论稿-2026-07-14.docx	table T08 row R007	宿迁长电多仓位 AGV 系统 — 需求讨论稿 > 7. 待客户确认的问题清单 > 7.1 建议优先讨论（影响设计/验收）	地图建好后配置，程序不写死	序号=6 | 问题=四个固定区域（派工待送区、烘箱间、关卡区、三光区）的具体站点名是什么？ | 关联场景/说明=地图建好后配置，程序不写死	5c786ad66bd32a3c6c16a34794a29d44527b7de6110ed7cc2dc449bdc1d0d681	unresolved-question	needs-question-resolution	hold-for-question-or-reframing	none-found-within-r01-pass	not-approved	duplicate-or-evidence-only	SC-0640	该行只记录标题、分类、历史待办/阻塞状态、问题索引、重复标签或收敛说明；保留作证据，不单独形成需求决定。	9392723292f7d0d90233bf870fa75a1e2923d3a17118a402bffb3a80d05a531f
PCR-0145	R01-A2793	R01	R01-14	requirement-documents/07-customer-deliverables/宿迁长电多仓位AGV系统-需求讨论稿-2026-07-14.docx	table T08 row R008	宿迁长电多仓位 AGV 系统 — 需求讨论稿 > 7. 待客户确认的问题清单 > 7.1 建议优先讨论（影响设计/验收）	AREA—站点映射	序号=7 | 问题=命名不规范、无法自动拆分的站点，显式覆盖清单由谁维护、上线前是否一次性梳理？ | 关联场景/说明=AREA—站点映射	b00b2ba6638a24138b15cbd11de264ec56d4331b2fbf58dc90a1ae6ef7fbd7d9	unresolved-question	needs-question-resolution	hold-for-question-or-reframing	none-found-within-r01-pass	not-approved	duplicate-or-evidence-only	SC-0641	该行只记录标题、分类、历史待办/阻塞状态、问题索引、重复标签或收敛说明；保留作证据，不单独形成需求决定。	681fc1698b54c577a491e2d8eefb3de0ef1639d3f6aa8572caf73b9872e7df9e
PCR-0146	R01-A2794	R01	R01-14	requirement-documents/07-customer-deliverables/宿迁长电多仓位AGV系统-需求讨论稿-2026-07-14.docx	table T08 row R009	宿迁长电多仓位 AGV 系统 — 需求讨论稿 > 7. 待客户确认的问题清单 > 7.1 建议优先讨论（影响设计/验收）	途中故障改派/终止	序号=8 | 问题=UC-042 故障处置的操作权限边界、是否需二次认证/班组长审批，以及等待修复超时后如何处理？ | 关联场景/说明=途中故障改派/终止	6aabf39765defff2da620f170c493b3d5264a4724a4389bf90681c11448c7d05	unresolved-question	needs-question-resolution	hold-for-question-or-reframing	none-found-within-r01-pass	not-approved	duplicate-or-evidence-only	SC-0642	该行只记录标题、分类、历史待办/阻塞状态、问题索引、重复标签或收敛说明；保留作证据，不单独形成需求决定。	9f153849eda86c9ab2088c45feb987fe7f77f82d05d223bb0bb9396127d7e128
PCR-0147	R01-A2795	R01	R01-14	requirement-documents/07-customer-deliverables/宿迁长电多仓位AGV系统-需求讨论稿-2026-07-14.docx	table T08 row R010	宿迁长电多仓位 AGV 系统 — 需求讨论稿 > 7. 待客户确认的问题清单 > 7.1 建议优先讨论（影响设计/验收）	安全联锁	序号=9 | 问题=UC-004 联锁失败（暂停/取消指令失败、车未及时停下）时，是否下发紧急停止？ | 关联场景/说明=安全联锁	cc65cc96cce5a79404c2a45543d5350344660cabeb1ceac5f730bdf30a3c4c6d	unresolved-question	needs-question-resolution	hold-for-question-or-reframing	none-found-within-r01-pass	not-approved	duplicate-or-evidence-only	SC-0643	该行只记录标题、分类、历史待办/阻塞状态、问题索引、重复标签或收敛说明；保留作证据，不单独形成需求决定。	420d603ddec556fff3a9157be650e45f04ba70d966a93ec0e08a312c97695f67
PCR-0148	R01-A2796	R01	R01-14	requirement-documents/07-customer-deliverables/宿迁长电多仓位AGV系统-需求讨论稿-2026-07-14.docx	table T08 row R011	宿迁长电多仓位 AGV 系统 — 需求讨论稿 > 7. 待客户确认的问题清单 > 7.1 建议优先讨论（影响设计/验收）	到站取消	序号=10 | 问题=UC-006 到站取消运送后，是否联动向调度平台撤销移动指令（及队列如何清理）？ | 关联场景/说明=到站取消	b125c9fc556085a96152b1224c6fe36f644e8e02848aa18c6e0d4a594ed1d229	unresolved-question	needs-question-resolution	hold-for-question-or-reframing	none-found-within-r01-pass	not-approved	duplicate-or-evidence-only	SC-0644	该行只记录标题、分类、历史待办/阻塞状态、问题索引、重复标签或收敛说明；保留作证据，不单独形成需求决定。	cbd9686e29dadcfdc370d81a458c897f129dabf8317127d0a929ef16a94537c8
PCR-0149	R01-A2797	R01	R01-14	requirement-documents/07-customer-deliverables/宿迁长电多仓位AGV系统-需求讨论稿-2026-07-14.docx	table T08 row R012	宿迁长电多仓位 AGV 系统 — 需求讨论稿 > 7. 待客户确认的问题清单 > 7.1 建议优先讨论（影响设计/验收）	角色与权限	序号=11 | 问题=维护类角色（设备/电气维护）与班组长在仓位测试、禁用、故障处置等操作上的权限边界如何划分？ | 关联场景/说明=角色与权限	52a8056e0e06a09f91ad9dfa7339c882fdf34091bbb30146a5c9d64840449192	unresolved-question	needs-question-resolution	hold-for-question-or-reframing	none-found-within-r01-pass	not-approved	duplicate-or-evidence-only	SC-0645	该行只记录标题、分类、历史待办/阻塞状态、问题索引、重复标签或收敛说明；保留作证据，不单独形成需求决定。	ad4fe64b65603f1408434d7dff3dc5a4a8aba243745b78dddcb046df9b5127cf
PCR-0150	R01-A2798	R01	R01-14	requirement-documents/07-customer-deliverables/宿迁长电多仓位AGV系统-需求讨论稿-2026-07-14.docx	table T08 row R013	宿迁长电多仓位 AGV 系统 — 需求讨论稿 > 7. 待客户确认的问题清单 > 7.1 建议优先讨论（影响设计/验收）	角色与权限	序号=12 | 问题=厂内 IT 人员是否需要登录本 AGV 系统（管理配置端）？ | 关联场景/说明=角色与权限	52a8056e0e06a09f91ad9dfa7339c882fdf34091bbb30146a5c9d64840449192	unresolved-question	needs-question-resolution	hold-for-question-or-reframing	none-found-within-r01-pass	not-approved	duplicate-or-evidence-only	SC-0645	该行只记录标题、分类、历史待办/阻塞状态、问题索引、重复标签或收敛说明；保留作证据，不单独形成需求决定。	9102a2eceecf9cb4c748ebaeb0773d429bd4e301e5dea8f802e223c17c8ccefa
PCR-0151	R01-A2799	R01	R01-14	requirement-documents/07-customer-deliverables/宿迁长电多仓位AGV系统-需求讨论稿-2026-07-14.docx	table T08 row R014	宿迁长电多仓位 AGV 系统 — 需求讨论稿 > 7. 待客户确认的问题清单 > 7.1 建议优先讨论（影响设计/验收）	终点卸货	序号=13 | 问题=是否存在「终点站到站后暂不收这批货」的拒收/取消场景？ | 关联场景/说明=终点卸货	e1d02bb7e3fef1e495f4cad4dd491067bf5dd9a4eedaf0d43d21371026f46929	unresolved-question	needs-question-resolution	hold-for-question-or-reframing	none-found-within-r01-pass	not-approved	duplicate-or-evidence-only	SC-0646	该行只记录标题、分类、历史待办/阻塞状态、问题索引、重复标签或收敛说明；保留作证据，不单独形成需求决定。	b681a9c6adf2219f4dd10ea022cc08bdbf37db980e81bc2306d4f0e611dd8c30
PCR-0152	R01-A2800	R01	R01-14	requirement-documents/07-customer-deliverables/宿迁长电多仓位AGV系统-需求讨论稿-2026-07-14.docx	table T08 row R015	宿迁长电多仓位 AGV 系统 — 需求讨论稿 > 7. 待客户确认的问题清单 > 7.1 建议优先讨论（影响设计/验收）	确认完成之后的补救	序号=14 | 问题=确认任务完成后才发现拿错/漏拿/存错时，纠错或退料流程如何约定？ | 关联场景/说明=确认完成之后的补救	cdb2f3c9a7902df261de03bac41082dd6a482567044588dc418d8023ddf81b51	unresolved-question	needs-question-resolution	hold-for-question-or-reframing	none-found-within-r01-pass	not-approved	duplicate-or-evidence-only	SC-0647	该行只记录标题、分类、历史待办/阻塞状态、问题索引、重复标签或收敛说明；保留作证据，不单独形成需求决定。	0cb6e6b2abd33157292dc0c4e6a8d0f424cdf3cf8ab72aee52a997db9e4a8393
PCR-0153	R01-A2801	R01	R01-14	requirement-documents/07-customer-deliverables/宿迁长电多仓位AGV系统-需求讨论稿-2026-07-14.docx	table T09 row R002	宿迁长电多仓位 AGV 系统 — 需求讨论稿 > 7. 待客户确认的问题清单 > 7.2 可边开发边定	监控类界面	序号=1 | 问题=仓位看板、车队看板的自动刷新周期与状态过期阈值 | 关联场景/说明=监控类界面	bde676a2043753b7ccf411ada7283979a1476d1c8e02809ef93bfa2a5f2e23ed	unresolved-question	needs-question-resolution	hold-for-question-or-reframing	none-found-within-r01-pass	not-approved	duplicate-or-evidence-only	SC-0648	该行只记录标题、分类、历史待办/阻塞状态、问题索引、重复标签或收敛说明；保留作证据，不单独形成需求决定。	79a476f504b3de8abe64963c5cfe94d52e8630966938f8ea0b29b3b305eeef15
PCR-0154	R01-A2802	R01	R01-14	requirement-documents/07-customer-deliverables/宿迁长电多仓位AGV系统-需求讨论稿-2026-07-14.docx	table T09 row R003	宿迁长电多仓位 AGV 系统 — 需求讨论稿 > 7. 待客户确认的问题清单 > 7.2 可边开发边定	同步失败、无车可派、联锁等	序号=2 | 问题=各类告警阈值、去重策略、升级通知对象 | 关联场景/说明=同步失败、无车可派、联锁等	ee57dabf007a9580b8a65b3527157ed2f805577b2962c01c929b42af962e6f20	unresolved-question	needs-question-resolution	hold-for-question-or-reframing	none-found-within-r01-pass	not-approved	duplicate-or-evidence-only	SC-0649	该行只记录标题、分类、历史待办/阻塞状态、问题索引、重复标签或收敛说明；保留作证据，不单独形成需求决定。	c94b1e33a89b72dadada120c8e9d8bc149f24c1bbf05ff8277b437945e0c5e47
PCR-0155	R01-A2803	R01	R01-14	requirement-documents/07-customer-deliverables/宿迁长电多仓位AGV系统-需求讨论稿-2026-07-14.docx	table T09 row R004	宿迁长电多仓位 AGV 系统 — 需求讨论稿 > 7. 待客户确认的问题清单 > 7.2 可边开发边定	UI 细节	序号=3 | 问题=监控看板展示字段清单、界面布局、筛选维度 | 关联场景/说明=UI 细节	4bfffd02ff0a8210eba519c5f27dd46f2e9ec1bf446e9cf3d78609e6d4aa647c	unresolved-question	needs-question-resolution	hold-for-question-or-reframing	none-found-within-r01-pass	not-approved	duplicate-or-evidence-only	SC-0650	该行只记录标题、分类、历史待办/阻塞状态、问题索引、重复标签或收敛说明；保留作证据，不单独形成需求决定。	65f083855006872338af19fad3274927ff1b152a5385d372f6d327038ff43c74
PCR-0156	R01-A2804	R01	R01-14	requirement-documents/07-customer-deliverables/宿迁长电多仓位AGV系统-需求讨论稿-2026-07-14.docx	table T09 row R005	宿迁长电多仓位 AGV 系统 — 需求讨论稿 > 7. 待客户确认的问题清单 > 7.2 可边开发边定	配置维护	序号=4 | 问题=IO 映射、停靠点、充电策略等是否支持批量导入及导入格式 | 关联场景/说明=配置维护	fc21094b8acc2d474fdb61dbbb67145cae51b937b4208b7cb0d89a5b659a91f4	unresolved-question	needs-question-resolution	hold-for-question-or-reframing	none-found-within-r01-pass	not-approved	duplicate-or-evidence-only	SC-0651	该行只记录标题、分类、历史待办/阻塞状态、问题索引、重复标签或收敛说明；保留作证据，不单独形成需求决定。	3db7158e27263dfc4e8d488bd24c41c8e63c19e0d35ff458f28c870f18cf21c0
PCR-0157	R01-A2805	R01	R01-14	requirement-documents/07-customer-deliverables/宿迁长电多仓位AGV系统-需求讨论稿-2026-07-14.docx	table T09 row R006	宿迁长电多仓位 AGV 系统 — 需求讨论稿 > 7. 待客户确认的问题清单 > 7.2 可边开发边定	充电	序号=5 | 问题=调度平台「移动到指定点并充电」专用接口形态与联调细节 | 关联场景/说明=充电	a5e408eaee013e640dfe34939d33774160c864c292ea13e1f47db2c20dd2f4f9	unresolved-question	needs-question-resolution	hold-for-question-or-reframing	none-found-within-r01-pass	not-approved	duplicate-or-evidence-only	SC-0652	该行只记录标题、分类、历史待办/阻塞状态、问题索引、重复标签或收敛说明；保留作证据，不单独形成需求决定。	fa4e4fd414216a20543c5c9cde7e7ffd7ae41fd65d2dfeca2f9183e3df3bfae9
PCR-0158	R01-A2806	R01	R01-14	requirement-documents/07-customer-deliverables/宿迁长电多仓位AGV系统-需求讨论稿-2026-07-14.docx	table T09 row R007	宿迁长电多仓位 AGV 系统 — 需求讨论稿 > 7. 待客户确认的问题清单 > 7.2 可边开发边定	移动任务下发与监听	序号=6 | 问题=下发/轮询失败的重试次数与间隔 | 关联场景/说明=移动任务下发与监听	32583d3173d1e7f6b50c8d9aba8c1d4c8dd61b9722d4c1fcfbfd9a95aeea91e6	unresolved-question	needs-question-resolution	hold-for-question-or-reframing	none-found-within-r01-pass	not-approved	duplicate-or-evidence-only	SC-0653	该行只记录标题、分类、历史待办/阻塞状态、问题索引、重复标签或收敛说明；保留作证据，不单独形成需求决定。	8119fa879ecc115d5b1f8bb0f93c67a3f26de0ce6059e4786b319c4305d5c00c
PCR-0159	R01-A2807	R01	R01-14	requirement-documents/07-customer-deliverables/宿迁长电多仓位AGV系统-需求讨论稿-2026-07-14.docx	table T09 row R008	宿迁长电多仓位 AGV 系统 — 需求讨论稿 > 7. 待客户确认的问题清单 > 7.2 可边开发边定	硬件测试	序号=7 | 问题=维护测试前是否强制禁用仓位；门状态信号来源细化表述 | 关联场景/说明=硬件测试	6032768b9f4780468f1976e6cc3dd10bb1e9dddd65e5d98b3459647a96bc3815	unresolved-question	needs-question-resolution	hold-for-question-or-reframing	none-found-within-r01-pass	not-approved	duplicate-or-evidence-only	SC-0654	该行只记录标题、分类、历史待办/阻塞状态、问题索引、重复标签或收敛说明；保留作证据，不单独形成需求决定。	6cbafa31f329ac27e42dd79bf1af68b82f1fc3de47bba488c6f99e9df80d5f52
PCR-0160	R01-A2808	R01	R01-14	requirement-documents/07-customer-deliverables/宿迁长电多仓位AGV系统-需求讨论稿-2026-07-14.docx	table T09 row R009	宿迁长电多仓位 AGV 系统 — 需求讨论稿 > 7. 待客户确认的问题清单 > 7.2 可边开发边定	日志与审计	序号=8 | 问题=审计可见数据域、技术日志组件清单的细部分配 | 关联场景/说明=日志与审计	05f7250147de3f4d3281bd1171bde8d824082a038f8998eba17256de5c3e3bdc	unresolved-question	needs-question-resolution	hold-for-question-or-reframing	none-found-within-r01-pass	not-approved	duplicate-or-evidence-only	SC-0655	该行只记录标题、分类、历史待办/阻塞状态、问题索引、重复标签或收敛说明；保留作证据，不单独形成需求决定。	ec8bd0dc85c34cf86290c235aaed844975f2050784f57ba731374e5800bc6ea3
PCR-0161	R01-A2914	R01	R01-17	requirement-documents/简易需求文档.md	line 110	8005 多仓位 AGV > 5. 业务流程与场景描述 > 5.2 各搬运场景 > 5.2.3 焊线/键合完工送关卡氮气柜	具体 MES 查询条件、核验参数和回写方式需 IT 确认。	该场景用于焊线或键合完工后的物料送关卡氮气柜。具体 MES 查询条件、核验参数和回写方式需 IT 确认。	adda779e45d242cecee50a55e07f50f7f5642ee1b19632a4042baa2e63b328ff	unresolved-question	needs-question-resolution	hold-for-question-or-reframing	none-found-within-r01-pass	not-approved	needs-atomic-reframing	issues/64-decide-mes-transport-candidate-inclusion-and-exclusion-boundary.md;issues/57-decide-current-mes-readonly-and-completion-writeback-boundary.md	原声明混合多个业务后果、实现机制、历史状态或已决与未决部分，不能整体批准；相关原子问题已另行指向。	4d66bea6b578b11d73cdcffa155305fff6160631fd435f64788fdc392922adc0
PCR-0162	R01-A2922	R01	R01-17	requirement-documents/简易需求文档.md	line 123	8005 多仓位 AGV > 5. 业务流程与场景描述 > 5.2 各搬运场景 > 5.2.4 焊线/键合完工送 AOI	MES 查询条件、核验参数和回写方式需 IT 补充。	该场景用于焊线或键合完工后需要送 AOI 检查的物料。MES 查询条件、核验参数和回写方式需 IT 补充。	d45f62dc3c02afa617ee2768b0cf4ed7d5d9da8f6ca9dda30c92f63641862a05	unresolved-question	needs-question-resolution	hold-for-question-or-reframing	none-found-within-r01-pass	not-approved	needs-atomic-reframing	issues/64-decide-mes-transport-candidate-inclusion-and-exclusion-boundary.md;issues/57-decide-current-mes-readonly-and-completion-writeback-boundary.md	原声明混合多个业务后果、实现机制、历史状态或已决与未决部分，不能整体批准；相关原子问题已另行指向。	f3f107801c47d3c0d15aed627e77b484916cb1b5b88859b206d0bcbf0a1e66b4
PCR-0163	R01-A2930	R01	R01-17	requirement-documents/简易需求文档.md	line 136	8005 多仓位 AGV > 5. 业务流程与场景描述 > 5.2 各搬运场景 > 5.2.5 清洗间送焊线机台	MES 查询条件、核验参数和回写方式需 IT 补充。	该场景用于清洗完工物料送焊线机台。MES 查询条件、核验参数和回写方式需 IT 补充。	d45f62dc3c02afa617ee2768b0cf4ed7d5d9da8f6ca9dda30c92f63641862a05	unresolved-question	needs-question-resolution	hold-for-question-or-reframing	none-found-within-r01-pass	not-approved	needs-atomic-reframing	issues/64-decide-mes-transport-candidate-inclusion-and-exclusion-boundary.md;issues/57-decide-current-mes-readonly-and-completion-writeback-boundary.md	原声明混合多个业务后果、实现机制、历史状态或已决与未决部分，不能整体批准；相关原子问题已另行指向。	ee231e7911132b26abfe4481a158473fe3163976ebde6e312f86a72ca34df738
PCR-0164	R01-A2939	R01	R01-17	requirement-documents/简易需求文档.md	line 149	8005 多仓位 AGV > 5. 业务流程与场景描述 > 5.2 各搬运场景 > 5.2.6 氮气柜送焊线/键合机台	具体 MES 查询条件、核验参数和回写方式需 IT 补充。	该场景用于焊线区氮气柜中的物料送至焊线或键合机台。MES 中存在氮气柜送焊线/键合任务时，系统可创建搬运任务。具体 MES 查询条件、核验参数和回写方式需 IT 补充。	a1595c9d6ac8b286d7c327b4af320eb43f9fd7d80c607ce7d8e7e6cd074d2044	unresolved-question	needs-question-resolution	hold-for-question-or-reframing	none-found-within-r01-pass	not-approved	needs-atomic-reframing	issues/64-decide-mes-transport-candidate-inclusion-and-exclusion-boundary.md;issues/57-decide-current-mes-readonly-and-completion-writeback-boundary.md	原声明混合多个业务后果、实现机制、历史状态或已决与未决部分，不能整体批准；相关原子问题已另行指向。	0d916ace5093bc2537292e0c99cfa9bd4f3a23cbffeccde09800e07679890b09
PCR-0165	R01-A2951	R01	R01-17	requirement-documents/简易需求文档.md	line 176	8005 多仓位 AGV > 6. 系统功能需求 > 6.1 任务管理	按配置周期查询待搬运物料，轮询间隔后续结合现场节拍确定	功能=MES 轮询 | 需求=按配置周期查询待搬运物料，轮询间隔后续结合现场节拍确定	d44a252d541939ee64a8df489ae594bd4ae959d50daae161bc3b79dfbeaaf815	unresolved-question	needs-question-resolution	hold-for-question-or-reframing	none-found-within-r01-pass	not-approved	graduate-hitl-question	issues/73-decide-monitoring-freshness-alert-retry-and-log-retention.md	问题已能按业务后果精确表述，并由《决定监控新鲜度、告警升级、重试与日志留存规则》统一承载；原声明保持未批准。	e22969434083e2d1dbeb5d76daf5cd3fdde05e31de949c38cf4d49f1571c7d83
PCR-0166	R01-A2989	R01	R01-17	requirement-documents/简易需求文档.md	line 249	8005 多仓位 AGV > 7. 接口与通信需求 > 7.2 上位机 ↔ IO 模块	康耐德 IO 通信协议，具体协议和端口由供应商确认	项目=协议 | 内容=康耐德 IO 通信协议，具体协议和端口由供应商确认	f67632930829a630bcfad4e49a3b874f6e93a5cd47f384d96cead91363f4882c	unresolved-question	needs-question-resolution	hold-for-question-or-reframing	none-found-within-r01-pass	not-approved	needs-evidence-before-candidacy	requirement-documents/简易需求文档.md	该记录要求目标环境、接口、字段、配置值或版本绑定事实；现有材料不足，不能由批准人猜测或由实现反推。	208c3e1dbc7ee1fe4ce5ac68ac48e84e05c473b58bd84af2545b5f0f5410ac4e
PCR-0167	R01-A2990	R01	R01-17	requirement-documents/简易需求文档.md	line 250	8005 多仓位 AGV > 7. 接口与通信需求 > 7.2 上位机 ↔ IO 模块	电子锁开/关反馈、光幕状态，点位表待确认	项目=DI | 内容=电子锁开/关反馈、光幕状态，点位表待确认	4f375f5646a25dc7a25ffcbd298327cf81cb3062c7b4350587f5ae60aa8d2eed	unresolved-question	needs-question-resolution	hold-for-question-or-reframing	none-found-within-r01-pass	not-approved	covered-by-approved-decision	issues/35-supply-slot-hardware-and-field-signal-evidence.md	锁反馈与光幕输入点位及极性已经用户确认。	1feb8a40aefea2a15fbe9e5c822f0a5f39785713f3832de6684e5bc000e05a92
PCR-0168	R01-A2991	R01	R01-17	requirement-documents/简易需求文档.md	line 251	8005 多仓位 AGV > 7. 接口与通信需求 > 7.2 上位机 ↔ IO 模块	电子锁控制输出，点位表待确认	项目=DO | 内容=电子锁控制输出，点位表待确认	4c643d9403270a52c70d65e5d2baad7439948cb4190cfecaf7fd74dcabbe6e12	unresolved-question	needs-question-resolution	hold-for-question-or-reframing	none-found-within-r01-pass	not-approved	covered-by-approved-decision	issues/35-supply-slot-hardware-and-field-signal-evidence.md	开锁输出点位、脉冲复位和禁止长时间通电已经用户确认。	28ce4eb94097e0c818200e8a3c69820e9b0a51ae720c564bd7e117788647f51f
PCR-0169	R01-A3008	R01	R01-17	requirement-documents/简易需求文档.md	line 286	8005 多仓位 AGV > 7. 接口与通信需求 > 7.5 服务器 ↔ MES	搬运完成后按场景回写，具体 SQL 待 IT 确认	类型=回写 | 说明=搬运完成后按场景回写，具体 SQL 待 IT 确认	57ff8fc6b140de6fed0578923515708cfce23896ae263c8ba6dd00d9d15ea552	unresolved-question	needs-question-resolution	hold-for-question-or-reframing	none-found-within-r01-pass	not-approved	covered-by-approved-decision	issues/57-decide-current-mes-readonly-and-completion-writeback-boundary.md	当前 8005 严格只读 MES，搬运完成后不得执行 MES 写回。	ba39751c32533c5441175abeed8cdc203308a5ee57a961c8694aa5c648b0d754
PCR-0170	R01-A3047	R01	R01-17	requirement-documents/简易需求文档.md	line 345	8005 多仓位 AGV > 8. 异常与安全处理 > 8.5 日志记录	日志保留时间由后续运维要求确定。	日志保留时间由后续运维要求确定。	378ddd45a742de934867c99f1ee527d289988441d612f687f6f0e6c7fa19f873	unresolved-question	needs-question-resolution	hold-for-question-or-reframing	none-found-within-r01-pass	not-approved	graduate-hitl-question	issues/73-decide-monitoring-freshness-alert-retry-and-log-retention.md	问题已能按业务后果精确表述，并由《决定监控新鲜度、告警升级、重试与日志留存规则》统一承载；原声明保持未批准。	29f615b78c83e25462af9029f3533a133e41cc569a2dfa279607d76a3ddd2d9a
PCR-0171	R01-A3073	R01	R01-19	requirement-documents/user case.md	line 19	用户/角色清单 Actor List > 1. 现场操作类	**待确认问题：**	**待确认问题：**	4e09e1cc0a60d5b180f6db90b79b626a04004fabb57144549cd21961518ce08a	unresolved-question	needs-question-resolution	hold-for-question-or-reframing	none-found-within-r01-pass	not-approved	duplicate-or-evidence-only	singleton	该行只记录标题、分类、历史待办/阻塞状态、问题索引、重复标签或收敛说明；保留作证据，不单独形成需求决定。	d59ce37bfeee23244e6a8e7e3bf694cd6470673442ef9e4dcb94c8cd90be1b43
PCR-0172	R01-A3091	R01	R01-19	requirement-documents/user case.md	line 57	Use Case 列表	维护类 user case：待补充（涉及 R-11 设备/电气维护人员、R-12 IT/软件维护人员、R-13 AGV 运维/调度管理员，如故障处理、配置维护、异常恢复等场景）	维护类 user case：待补充（涉及 R-11 设备/电气维护人员、R-12 IT/软件维护人员、R-13 AGV 运维/调度管理员，如故障处理、配置维护、异常恢复等场景）	e53d6d5dcfcff0b24e86bb5ba5af90cec85eabb94df2c74b2918987ebfdea76e	unresolved-question	needs-question-resolution	hold-for-question-or-reframing	none-found-within-r01-pass	not-approved	needs-atomic-reframing	issues/69-decide-faulted-agv-isolation-cargo-handling-and-manual-override.md;issues/71-decide-human-login-maintenance-and-high-risk-permission-boundary.md	原声明混合多个业务后果、实现机制、历史状态或已决与未决部分，不能整体批准；相关原子问题已另行指向。	68e3f6488a6213d11155a7ec8e2686e8fc89e0c4a30239f5014b0237f868b6a2
PCR-0173	R02-A0105	R02	R02-08	requirement-documents/00-vision/vision-and-scope.md	line 58	2.2 初始发布范围 Scope of initial release	未定	未定	4b20dcc35ade8ab572ea65a041d40772e43d8b20601dc2e090501d20f2412ded	unresolved-question	needs-question-resolution	hold-for-question-or-reframing	none-found-within-r02-pass	not-approved	needs-atomic-reframing	map.md#Destination	原声明混合多个业务后果、实现机制、历史状态或已决与未决部分，不能整体批准；相关原子问题已另行指向。	10dc0d628f6cb37c4997bd64c7e18189b0390cc01ed76103668ef24b6b4eead7
PCR-0174	R02-A0106	R02	R02-08	requirement-documents/00-vision/vision-and-scope.md	line 60	2.3 后续版本的范围 Scope of subsequent releases	未定	未定	4b20dcc35ade8ab572ea65a041d40772e43d8b20601dc2e090501d20f2412ded	unresolved-question	needs-question-resolution	hold-for-question-or-reframing	none-found-within-r02-pass	not-approved	needs-atomic-reframing	map.md#Out-of-scope	原声明混合多个业务后果、实现机制、历史状态或已决与未决部分，不能整体批准；相关原子问题已另行指向。	3947fadceab35de6d546e019b08c34eb4bb8cb76f8f0a906e504a6c2115618b1
PCR-0175	R02-A0222	R02	R02-09	requirement-documents/01-stakeholders/stakeholders-and-user-classes.md	line 68	用户/角色清单 Actor List > 3. 技术支持/维护类	R-15 是否需要登录 AGV 系统尚待确认。	R-15 是否需要登录 AGV 系统尚待确认。在确认前不默认分配系统账号或权限；如后续确需访问，优先考虑仅授予接口状态、网络状态、日志和告警的只读诊断权限，不允许修改业务数据。	09614e74f05dd5faf347a9fb8cc60de4986b93f1f02008f5b7aa76c02366f34e	unresolved-question	needs-question-resolution	hold-for-question-or-reframing	none-found-within-r02-pass	not-approved	graduate-hitl-question	issues/71-decide-human-login-maintenance-and-high-risk-permission-boundary.md	问题已能按业务后果精确表述，并由《决定人员登录、维护操作与高风险权限边界》统一承载；原声明保持未批准。	d6cd4aec22cffbc38d43128124cf74fa61b03806f6fd7ed144f61de19b8557f2
PCR-0176	R02-A0234	R02	R02-10	requirement-documents/02-business-rules/br-001-dispatch-task-range.md	line 23	BR-001 Dispatch Task Range Definition 派车任务范围定义 > Rule Statement 规则内容	范围生成时机的细分触发条件、具体数据结构及相邻站点组合算法仍为 TBD。	本次派车任务范围由本系统生成，并交给 [[uc-023-allocate-transport-tasks-to-agv|UC-023]] 选择具体 AGV。分配后，服务端为该车形成“后续停靠计划（UpcomingStopPlan）”：按顺序列出尚未到达的业务站点、停靠目的和任务摘要，不包含 RIOT 的地图路径节点、转弯点或避障路径。车辆正在前往的下一站须明确标记；再后面的未执行停靠允许服务端根据调度变化增删或换序，并向车载端下发更高版本的完整计划。范围生成时机的细分触发条件、具体数据结构及相邻站点组合算法仍为 TBD。	2d2c0aa515cb6c450508c7c1575c45e818fe42a9c53ad9538991d9ce69bf709e	unresolved-question	needs-question-resolution	hold-for-question-or-reframing	none-found-within-r02-pass	not-approved	needs-atomic-reframing	issues/65-decide-composite-transport-zoning-and-multi-sublot-boundary.md	原声明混合多个业务后果、实现机制、历史状态或已决与未决部分，不能整体批准；相关原子问题已另行指向。	464a3caa9c60c3ac4128022eb1b4074766899139d71d42fc1ccbe4fbdd9ae3a4
PCR-0177	R02-A0242	R02	R02-10	requirement-documents/02-business-rules/br-001-dispatch-task-range.md	line 30	BR-001 Dispatch Task Range Definition 派车任务范围定义 > Rule Statement 规则内容 > 复合停靠与上下游等待（已确认）	顺路允许的最大配送延迟阈值仍为 TBD（可配置）。	**顺路取货延迟**：允许为顺路取货适当延迟当前配送；最高优先级影响调度排序，但不表示绝对禁止顺路停靠。顺路允许的最大配送延迟阈值仍为 TBD（可配置）。	8974044f1faf190a6af3db3b9787037c390d6abb1e69a0207a4e82c976b091b0	unresolved-question	needs-question-resolution	hold-for-question-or-reframing	none-found-within-r02-pass	not-approved	graduate-hitl-question	issues/65-decide-composite-transport-zoning-and-multi-sublot-boundary.md	问题已能按业务后果精确表述，并由《决定复合运输、分区与多 SUBLOT 组合边界》统一承载；原声明保持未批准。	8a0bd72365a44f5f7f193a688e533f16b01e0b44567c683b5e5e47ab0fa5177a
PCR-0178	R02-A0304	R02	R02-11	requirement-documents/02-business-rules/br-002-agv-allocation-eligibility.md	line 57	BR-002 AGV Allocation Eligibility AGV 可分配条件 > Candidate Ordering 候选排序	除上述已确认项外，具体评分公式、因素权重、并列规则和防止单车长期饥饿的公平性机制仍为 TBD。	除上述已确认项外，具体评分公式、因素权重、并列规则和防止单车长期饥饿的公平性机制仍为 TBD。在这些规则确认前，实现不得将临时数值固化为不可配置的正式调度策略。顺路取货与复合停靠对行程的影响见 [[br-001-dispatch-task-range|BR-001]]，不改变本规则的硬性可分配条件；「任务是否属于本次派车范围」不看路径远近（BR-001），路径成本只影响本节能排序。	eac753030c3c718a96daef25f907c2ea3ba24cb56407d34f81134fb6e48e26e8	unresolved-question	needs-question-resolution	hold-for-question-or-reframing	none-found-within-r02-pass	not-approved	graduate-hitl-question	issues/66-decide-dispatch-ranking-route-cost-and-no-response-escalation.md	问题已能按业务后果精确表述，并由《决定派车评分、路网成本与无车响应升级规则》统一承载；原声明保持未批准。	7f0a78d81e7ff45415f7cc99796ba470a3e7a5a2b16cadef561f20d6377c5269
PCR-0179	R02-A0646	R02	R02-16	requirement-documents/02-business-rules/br-007-charging-pile-allocation-and-queueing.md	line 35	BR-007 Charging Pile Allocation and Queueing 充电桩分配与排队规则 > Rule Statement 规则内容 > 3. m 台车竞争 n 个充电桩（m > n）时的排队与抢占规则——电量优先	以下事项为 TBD，待后续补充确认，暂不阻塞本规则的建立：	以下事项为 TBD，待后续补充确认，暂不阻塞本规则的建立：	1806d82e560ec48cf56497c35143e319051e89d5d7cde7b69e5cbabe81dc5981	unresolved-question	needs-question-resolution	hold-for-question-or-reframing	none-found-within-r02-pass	not-approved	duplicate-or-evidence-only	singleton	该行只记录标题、分类、历史待办/阻塞状态、问题索引、重复标签或收敛说明；保留作证据，不单独形成需求决定。	3343eabfff14ec7a419e82b30cd9a48537b3ea6ab6ef64cc97f908b73dadde90
PCR-0180	R02-A0773	R02	R02-19	requirement-documents/02-business-rules/br-010-default-administrator-account.md	line 29	BR-010 内置默认管理员账号 > Rule Statement 规则内容 > 2. 初始密码与强制修改	该标记后续是否可在非首次场景下被重新置位（如怀疑密码泄露后的强制重置）及具体触发方式，属于 TBD，需在相关 UC 补充后再引用本规则。	该标记后续是否可在非首次场景下被重新置位（如怀疑密码泄露后的强制重置）及具体触发方式，属于 TBD，需在相关 UC 补充后再引用本规则。	139bded723bbde942bb0be57be2116ef118d65c4dd3e05ce44eca3c2a708c0c4	unresolved-question	needs-question-resolution	hold-for-question-or-reframing	none-found-within-r02-pass	not-approved	graduate-hitl-question	issues/74-decide-account-recovery-and-password-hardening-policy.md	问题已能按业务后果精确表述，并由《决定账户恢复与密码增强策略》统一承载；原声明保持未批准。	07fb03d820b878fc7be3ad726d1356eddde73bdfcfdbb82e27ca790db1b17a8b
PCR-0181	R02-A0808	R02	R02-20	requirement-documents/02-business-rules/br-011-account-and-password-format.md	line 30	BR-011 本地账号登录名与密码格式规则 > Rule Statement 规则内容 > 2. 密码格式	是否引入定期更换或密码历史策略，属于部署时可选的安全策略增强项，不在本规则的强制基线范围内（TBD，如部署方有更高安全要求，可在部署配置中另行加强）。	"不限制密码定期更换周期，也不维护""历史密码禁用列表""；账号密码在未被管理员重置或本人主动修改之前可长期有效。是否引入定期更换或密码历史策略，属于部署时可选的安全策略增强项，不在本规则的强制基线范围内（TBD，如部署方有更高安全要求，可在部署配置中另行加强）。"	c719d491ff374a8a0b164beaee84fc98f1344a0e641aa9b3c99489b3ccfff89a	unresolved-question	needs-question-resolution	hold-for-question-or-reframing	none-found-within-r02-pass	not-approved	graduate-hitl-question	issues/74-decide-account-recovery-and-password-hardening-policy.md	问题已能按业务后果精确表述，并由《决定账户恢复与密码增强策略》统一承载；原声明保持未批准。	650e52033c6fcf88e696728cac86017a7c6fd5fbdad8b412454040d15478b0ee
PCR-0182	R02-A0987	R02	R02-24	requirement-documents/02-business-rules/br-015-path-cost-and-dispatch-ranking.md	line 22	BR-015 Path Cost and Dispatch Ranking 路径成本与派车排序权衡 > Rule Statement 规则内容 > 1. 路径成本定义	若本轮任务集合含多个站点，是否叠加后续站间成本、以及如何折算顺路复合停靠，TBD（须可配置，确认前不得写死）。	单次评估的路径成本，默认取「车辆当前位置对应站点（或最近可解析站点）→ 本轮任务集合的首个取货/作业站点」在路网上的**最短路径长度或等价行驶成本**；若本轮任务集合含多个站点，是否叠加后续站间成本、以及如何折算顺路复合停靠，TBD（须可配置，确认前不得写死）。	1df37dff66dac92f5491c226be9b04222b1d3f956df954cfacb2be4e686e9c02	unresolved-question	needs-question-resolution	hold-for-question-or-reframing	none-found-within-r02-pass	not-approved	graduate-hitl-question	issues/65-decide-composite-transport-zoning-and-multi-sublot-boundary.md	问题已能按业务后果精确表述，并由《决定复合运输、分区与多 SUBLOT 组合边界》统一承载；原声明保持未批准。	99697fa496f7aa5824ac8aac9d7f2d9a60e201d6a1b4e5c370f1256217d48665
PCR-0183	R02-A0988	R02	R02-24	requirement-documents/02-business-rules/br-015-path-cost-and-dispatch-ranking.md	line 23	BR-015 Path Cost and Dispatch Ranking 路径成本与派车排序权衡 > Rule Statement 规则内容 > 1. 路径成本定义	成本单位（米、边权、预计秒数等）、站点定位失败时的处理，以及车不在任何站点上时如何映射到图节点，TBD。	成本单位（米、边权、预计秒数等）、站点定位失败时的处理，以及车不在任何站点上时如何映射到图节点，TBD。	7d461eeaaffac3364281b3740b6fae4db40e7c672396172da9b6b9077081051d	unresolved-question	needs-question-resolution	hold-for-question-or-reframing	none-found-within-r02-pass	not-approved	graduate-hitl-question	issues/66-decide-dispatch-ranking-route-cost-and-no-response-escalation.md	问题已能按业务后果精确表述，并由《决定派车评分、路网成本与无车响应升级规则》统一承载；原声明保持未批准。	89052b0adfd71f3d84c944dc666599b28c516d063a36782b51337b752b425cf6
PCR-0184	R02-A0990	R02	R02-24	requirement-documents/02-business-rules/br-015-path-cost-and-dispatch-ranking.md	line 27	BR-015 Path Cost and Dispatch Ranking 路径成本与派车排序权衡 > Rule Statement 规则内容 > 2. 与紧急度及其他时间指标的关系	排序须同时考虑（顺序与权重仍以 BR-002 为准，公式 TBD）：	路径成本只是 [[br-002-agv-allocation-eligibility|BR-002]] Candidate Ordering 中的一个因子，不得单独决定派车结果。排序须同时考虑（顺序与权重仍以 BR-002 为准，公式 TBD）：	c5627a6cf54d21c7bbc97ce869b8bb8b9fff6756b5d76962bd12fc572c579147	unresolved-question	needs-question-resolution	hold-for-question-or-reframing	none-found-within-r02-pass	not-approved	graduate-hitl-question	issues/66-decide-dispatch-ranking-route-cost-and-no-response-escalation.md	问题已能按业务后果精确表述，并由《决定派车评分、路网成本与无车响应升级规则》统一承载；原声明保持未批准。	9d09b1a531fba0b4672f3bcafe40fa48211b7eb866c3c3bcc59f02f2be88868a
PCR-0185	R02-A1007	R02	R02-24	requirement-documents/02-business-rules/br-015-path-cost-and-dispatch-ranking.md	line 46	BR-015 Path Cost and Dispatch Ranking 路径成本与派车排序权衡 > Rule Statement 规则内容 > 4. 路网不可用时的降级（须明确，默认如下）	是否允许用直线距离等弱替代、过期阈值分钟数、以及是否在路网长期不可用时告警，TBD（可配置）；	是否允许用直线距离等弱替代、过期阈值分钟数、以及是否在路网长期不可用时告警，TBD（可配置）；确认前实现不得把弱替代伪装成「已按 RIOT 路网最短路径」写入审计。	3d8e0a7e73a28dca54362e92944bbe016cf4ddb868cf9789568a0ece5146203e	unresolved-question	needs-question-resolution	hold-for-question-or-reframing	none-found-within-r02-pass	not-approved	graduate-hitl-question	issues/66-decide-dispatch-ranking-route-cost-and-no-response-escalation.md	问题已能按业务后果精确表述，并由《决定派车评分、路网成本与无车响应升级规则》统一承载；原声明保持未批准。	07679ee31830c36c3a616571ced94ba7100618e625043fdcb707a4c3ec51ec65
PCR-0186	R02-A1009	R02	R02-24	requirement-documents/02-business-rules/br-015-path-cost-and-dispatch-ranking.md	line 50	BR-015 Path Cost and Dispatch Ranking 路径成本与派车排序权衡 > Rule Statement 规则内容 > 5. 评分公式与配置	路径成本在综合评分中的权重、与时间类指标的归一化方式、并列规则，以及任务池内「先选哪批任务再选哪台车」与「先选车再匹配近任务」的评估顺序，均仍为 TBD，须可配置。	路径成本在综合评分中的权重、与时间类指标的归一化方式、并列规则，以及任务池内「先选哪批任务再选哪台车」与「先选车再匹配近任务」的评估顺序，均仍为 TBD，须可配置。确认前不得将临时数值固化为不可配置的正式调度策略（与 BR-002 既有约束一致）。	97b16b52324b19bb71f3c26d6405ca549e63f4c2a147b61afc8c749a930fb795	unresolved-question	needs-question-resolution	hold-for-question-or-reframing	none-found-within-r02-pass	not-approved	graduate-hitl-question	issues/66-decide-dispatch-ranking-route-cost-and-no-response-escalation.md	问题已能按业务后果精确表述，并由《决定派车评分、路网成本与无车响应升级规则》统一承载；原声明保持未批准。	94bbf6cf4796d66a9428aee8f5b6d0ee8c81c8495e77a8a9fe35addb62be1c83
PCR-0187	R02-A1133	R02	R02-26	requirement-documents/02-business-rules/workflow-step-catalog.md	line 62	Workflow Step Catalog 预置流程步骤目录 > 5. 人工步骤	步骤类型=`HUMAN_CONFIRM_OPERATION` 人工确认 | 输入=待确认动作、任务/仓位、提示内容、操作人	步骤类型=`HUMAN_CONFIRM_OPERATION` 人工确认 | 可跳过=是 | 可重试=否 | 输入=待确认动作、任务/仓位、提示内容、操作人 | 输出=确认/拒绝、原因、时间 | 关联 UC/BR=[[uc-002-confirm-task-completion|UC-002]]、[[uc-006-cancel-transport-task-upon-arrival|UC-006]]、[[uc-027-execute-workflow-steps|UC-027]] | 安全边界=不得用普通人工确认替代传感器、安全联锁、二次认证或未授权审批；高风险确认必须使用专门权限和原因。	22d4b7a03718cc8e66729ff6f6c84779672d6dcdddad66fdb9e603e85b919729	unresolved-question	needs-question-resolution	hold-for-question-or-reframing	none-found-within-r02-pass	not-approved	out-of-current-destination	map.md#Out-of-scope	内部派生工作流步骤目录不是独立业务需求问题。	b41b310da11c600dbd20c68dc0cd909729c0865612450d33f60daf8581d09e57
PCR-0188	R03-A0121	R03	R03-01	requirement-documents/03-use-cases/01-site-operations/uc-001-load-completed-lot-into-slot.md	line 164	UC-001 放入完工批次产品到仓位 > 异常流程 > E3.1 生产操作员长时间不关门	TBD 待定：若长时间仍无响应，是否需要进一步升级告警、标记该仓位/任务异常或触发其他处理机制，待补充	TBD 待定：若长时间仍无响应，是否需要进一步升级告警、标记该仓位/任务异常或触发其他处理机制，待补充	ceb5af7654ccb73cf3723072f3e9aab5419e778ce635e307156b4f4b559893a3	unresolved-question	needs-question-resolution	hold-for-question-or-reframing	none-found-within-r03-pass	not-approved	graduate-hitl-question	issues/73-decide-monitoring-freshness-alert-retry-and-log-retention.md	问题已能按业务后果精确表述，并由《决定监控新鲜度、告警升级、重试与日志留存规则》统一承载；原声明保持未批准。	28872c2fe23ac36e3a65784f17799806a34bcdede3567f3dcc24982542388810
PCR-0189	R03-A0670	R03	R03-10	requirement-documents/03-use-cases/02-slot-and-hardware/uc-011-view-slot-monitoring-dashboard.md	line 53	UC-011 查看仓位监控看板 > 假设	具体权限粒度（如是否可按车间/产线过滤）TBD 待补充。	看板默认展示该角色权限范围内可见的全部 AGV/站点仓位；具体权限粒度（如是否可按车间/产线过滤）TBD 待补充。	d12628247efeca9cdb8e2ea19617e350f9927b32ba085de4ee05b0b77e0a7f19	unresolved-question	needs-question-resolution	hold-for-question-or-reframing	none-found-within-r03-pass	not-approved	graduate-hitl-question	issues/71-decide-human-login-maintenance-and-high-risk-permission-boundary.md	问题已能按业务后果精确表述，并由《决定人员登录、维护操作与高风险权限边界》统一承载；原声明保持未批准。	a3e6aa809083ec080fbfd6ecfcbfc9e65b28cbc216a0bb17088710922f5ef10d
PCR-0190	R03-A0677	R03	R03-10	requirement-documents/03-use-cases/02-slot-and-hardware/uc-011-view-slot-monitoring-dashboard.md	line 64	UC-011 查看仓位监控看板 > 正常流程 > 11.0	系统按预设周期（具体周期 TBD）自动刷新看板数据，或支持该角色手动刷新	系统按预设周期（具体周期 TBD）自动刷新看板数据，或支持该角色手动刷新	22c37ca3a069563581752577ea6406d34ae6eff90abd82cc95a56fb65b7085b9	unresolved-question	needs-question-resolution	hold-for-question-or-reframing	none-found-within-r03-pass	not-approved	graduate-hitl-question	issues/73-decide-monitoring-freshness-alert-retry-and-log-retention.md	问题已能按业务后果精确表述，并由《决定监控新鲜度、告警升级、重试与日志留存规则》统一承载；原声明保持未批准。	42b49b2bf9ab39d57cae7747f83317553e7e3859e0239f5895980167e4f83f5e
PCR-0191	R03-A0742	R03	R03-12	requirement-documents/03-use-cases/02-slot-and-hardware/uc-015-slot-door-unlock-open-test.md	line 43	UC-015 仓门开锁开启测试 > 前置条件	维护人员具备通过维护界面对仓位下发开锁指令的操作权限（具体角色待定，见 Notes）。	维护人员具备通过维护界面对仓位下发开锁指令的操作权限（具体角色待定，见 Notes）。	6ea056c6b10ba4bee24b070ff8165d95e8a449ca09edb5a1de8e95bdf0ed5d3d	unresolved-question	needs-question-resolution	hold-for-question-or-reframing	none-found-within-r03-pass	not-approved	graduate-hitl-question	issues/71-decide-human-login-maintenance-and-high-risk-permission-boundary.md	问题已能按业务后果精确表述，并由《决定人员登录、维护操作与高风险权限边界》统一承载；原声明保持未批准。	e04e91af39af4a2edee38aed0ca04bea11f52cca699139db1794d14b14d17a55
PCR-0192	R03-A0796	R03	R03-13	requirement-documents/03-use-cases/02-slot-and-hardware/uc-016-slot-light-curtain-function-test.md	line 45	UC-016 仓位光幕功能测试 > 前置条件	维护人员具备操作/查看该仓位光幕状态的权限（具体角色待定，见 Notes）。	维护人员具备操作/查看该仓位光幕状态的权限（具体角色待定，见 Notes）。	24cc34cabc9441dedb562833f2eb2591f4829f810dfbe8e3e4b57be5b88fcc61	unresolved-question	needs-question-resolution	hold-for-question-or-reframing	none-found-within-r03-pass	not-approved	graduate-hitl-question	issues/71-decide-human-login-maintenance-and-high-risk-permission-boundary.md	问题已能按业务后果精确表述，并由《决定人员登录、维护操作与高风险权限边界》统一承载；原声明保持未批准。	7194f301a160e2aca07f67ea7cc2b557560520ab4d26116b9dbb0a82fbf4a666
PCR-0193	R03-A0892	R03	R03-15	requirement-documents/03-use-cases/02-slot-and-hardware/uc-018-io-point-mapping-verification-test.md	line 44	UC-018 点位映射表核对测试 > 前置条件	维护人员具备查看 IO 映射配置、下发测试指令的权限（具体角色待定，见 Notes）。	维护人员具备查看 IO 映射配置、下发测试指令的权限（具体角色待定，见 Notes）。	46d6305190e1a80e34a247218fe9c0eff84e424ece8582b46e3f5690619e1fcd	unresolved-question	needs-question-resolution	hold-for-question-or-reframing	none-found-within-r03-pass	not-approved	graduate-hitl-question	issues/71-decide-human-login-maintenance-and-high-risk-permission-boundary.md	问题已能按业务后果精确表述，并由《决定人员登录、维护操作与高风险权限边界》统一承载；原声明保持未批准。	85a4449d5cf53ebcd5cc51b0baa97638a4a7543f532034220a95c2a491786c5c
PCR-0194	R03-A0948	R03	R03-16	requirement-documents/03-use-cases/02-slot-and-hardware/uc-039-maintain-slot-io-point-mapping.md	line 31	UC-039 维护仓位—IO点位映射配置 > 触发条件	"[[uc-019-register-agv-from-rcs|UC-019]] 接入新 AGV、生成新的仓位实例后，需要为这些新仓位逐一录入 IO 点位映射（TBD：是否要求接入当天即完成录入，或允许仓位暂时处于""未配置映射""状态但不可用，见 Notes）。"	"[[uc-019-register-agv-from-rcs|UC-019]] 接入新 AGV、生成新的仓位实例后，需要为这些新仓位逐一录入 IO 点位映射（TBD：是否要求接入当天即完成录入，或允许仓位暂时处于""未配置映射""状态但不可用，见 Notes）。"	befe83d77f0adcfa371cd229470d11daf82612e5e656bf969538b49822bc9b78	unresolved-question	needs-question-resolution	hold-for-question-or-reframing	none-found-within-r03-pass	not-approved	graduate-hitl-question	issues/72-decide-slot-io-mapping-activation-and-maintenance-policy.md	问题已能按业务后果精确表述，并由《决定仓位模型与 IO 映射配置、验证和启用门禁》统一承载；原声明保持未批准。	1f2903a6a7f5c1b96b2bb1142ac7a83e2c2ab1876ed82040d7fbfcb39e15de88
PCR-0195	R03-A0958	R03	R03-16	requirement-documents/03-use-cases/02-slot-and-hardware/uc-039-maintain-slot-io-point-mapping.md	line 48	UC-039 维护仓位—IO点位映射配置 > 前置条件	R-11 是否需要独立的系统操作权限、还是仅现场协同，TBD 见 Notes）。	操作人员具备维护 IO 点位映射配置的权限（见 [[stakeholders-and-user-classes|干系人与用户角色清单]] R-12；R-11 是否需要独立的系统操作权限、还是仅现场协同，TBD 见 Notes）。	31e9ba92b737ddf94ddc9e8b01ab0845c5caee89a5dc9be2373400a3612c56d1	unresolved-question	needs-question-resolution	hold-for-question-or-reframing	none-found-within-r03-pass	not-approved	graduate-hitl-question	issues/71-decide-human-login-maintenance-and-high-risk-permission-boundary.md	问题已能按业务后果精确表述，并由《决定人员登录、维护操作与高风险权限边界》统一承载；原声明保持未批准。	f1565d22d40b064131b0227fd1eba7534484948064b3fbcf8cdee1c0510430c5
PCR-0196	R03-A0961	R03	R03-16	requirement-documents/03-use-cases/02-slot-and-hardware/uc-039-maintain-slot-io-point-mapping.md	line 55	UC-039 维护仓位—IO点位映射配置 > 后置条件	"新建或修改后的映射配置默认处于""待核对""状态，需经 [[uc-018-io-point-mapping-verification-test|UC-018]] 核对通过后才能变为""已验证""，验证前该仓位是否可被业务分配，TBD 见 Notes。"	"新建或修改后的映射配置默认处于""待核对""状态，需经 [[uc-018-io-point-mapping-verification-test|UC-018]] 核对通过后才能变为""已验证""，验证前该仓位是否可被业务分配，TBD 见 Notes。"	1c0a0b957877de11226c7e893d630c4716a94d784eb20810a672efe768c08a0c	unresolved-question	needs-question-resolution	hold-for-question-or-reframing	none-found-within-r03-pass	not-approved	graduate-hitl-question	issues/72-decide-slot-io-mapping-activation-and-maintenance-policy.md	问题已能按业务后果精确表述，并由《决定仓位模型与 IO 映射配置、验证和启用门禁》统一承载；原声明保持未批准。	9b61cb6bdb43a2691f733ee431b7a00cff5d8f8380353f5706573aacc6d10070
PCR-0197	R03-A0977	R03	R03-16	requirement-documents/03-use-cases/02-slot-and-hardware/uc-039-maintain-slot-io-point-mapping.md	line 84	UC-039 维护仓位—IO点位映射配置 > 备选流程 > A2.1 批量导入多个仓位的映射配置	是否需要支持批量导入、导入文件格式，TBD 待补充，见 Notes。	是否需要支持批量导入、导入文件格式，TBD 待补充，见 Notes。	bf3b7bf1f5a6fceae383be6c8b5f4ce821f93cabc3833ac15a362c9606154727	unresolved-question	needs-question-resolution	hold-for-question-or-reframing	none-found-within-r03-pass	not-approved	graduate-hitl-question	issues/72-decide-slot-io-mapping-activation-and-maintenance-policy.md	问题已能按业务后果精确表述，并由《决定仓位模型与 IO 映射配置、验证和启用门禁》统一承载；原声明保持未批准。	2d4041a514e438b18c04fa1dffc745bde0254f941fa3cb819d52b9f8f2e11e13
PCR-0198	R03-A1010	R03	R03-17	requirement-documents/03-use-cases/03-agv-fleet-management/uc-013-enable-disable-agv.md	line 35	UC-013 启用/禁用 AGV > 前置条件	本地服务器可读取该 AGV 当前 RIOT 任务队列是否为空（具体是读取本地缓存记录，还是即时查询 RIOT 接口，TBD 待补充）。	本地服务器可读取该 AGV 当前 RIOT 任务队列是否为空（具体是读取本地缓存记录，还是即时查询 RIOT 接口，TBD 待补充）。	81c0ed6bdc4692df988f8ff1d34f615543562aefb67daf9bf2a61a021eb6cd46	unresolved-question	needs-question-resolution	hold-for-question-or-reframing	none-found-within-r03-pass	not-approved	out-of-current-destination	map.md#Out-of-scope	本地缓存或即时接口查询是实现机制选择。	7e38fad58303329245276bc500acdc8951342bd77bbd04575d1cf4640a0017ae
PCR-0199	R03-A1021	R03	R03-17	requirement-documents/03-use-cases/03-agv-fleet-management/uc-013-enable-disable-agv.md	line 52	UC-013 启用/禁用 AGV > 假设	若后续业务上需要联动 RIOT 侧做设备级禁用，TBD 待补充，不在本 UC 范围内。	"本 UC 的""禁用""是纯本地系统层面的调度开关，只影响本地服务器是否会继续为该 AGV 调用 RIOT 接口下发新任务，不涉及调用 RIOT 接口对该 AGV 做设备级的禁用/暂停/断电；若后续业务上需要联动 RIOT 侧做设备级禁用，TBD 待补充，不在本 UC 范围内。"	a9fd91db91830200d48381313a46c80635293f0516dca3eea95232871f09e5de	unresolved-question	needs-question-resolution	hold-for-question-or-reframing	none-found-within-r03-pass	not-approved	out-of-current-destination	map.md#Out-of-scope	文档已明确 RIoT 设备级禁用不在当前 UC 范围。	84ae4360a392ff093078f04a7fff707fb25c9083e7924a273d64ca86e4abe742
PCR-0200	R03-A1102	R03	R03-18	requirement-documents/03-use-cases/03-agv-fleet-management/uc-019-register-agv-from-rcs.md	line 92	UC-019 从 RCS 接入 AGV > 异常流程 > E7.1 车辆已接入	已归档车辆的恢复方式 TBD。	系统拒绝重复创建，并引导管理员查看现有档案；已归档车辆的恢复方式 TBD。	a34dc6b0fe0e19b6ef4a34a80d5824913e3eb52f8fb482499c8ed379aeddd530	unresolved-question	needs-question-resolution	hold-for-question-or-reframing	none-found-within-r03-pass	not-approved	graduate-hitl-question	issues/78-decide-archived-agv-restoration-and-identity-continuity.md	问题已能按业务后果精确表述，并由《决定归档 AGV 的恢复与身份连续性》统一承载；原声明保持未批准。	dda71b2a86bc128091cd2100840616eddb92a2a1f5d5922126b338468d18fa41
PCR-0201	R03-A1186	R03	R03-20	requirement-documents/03-use-cases/03-agv-fleet-management/uc-021-archive-agv.md	line 64	UC-021 归档 AGV > 备选流程	已归档车辆的恢复流程尚未定义，TBD。	不存在物理删除分支。已归档车辆的恢复流程尚未定义，TBD。	b7fa01b0b1c1583dcb2e7ade9393afc217fceec6629d20d070a982e72fcbb403	unresolved-question	needs-question-resolution	hold-for-question-or-reframing	none-found-within-r03-pass	not-approved	graduate-hitl-question	issues/78-decide-archived-agv-restoration-and-identity-continuity.md	问题已能按业务后果精确表述，并由《决定归档 AGV 的恢复与身份连续性》统一承载；原声明保持未批准。	dc4f126930db44fe89c70dfe669b1e1515475264d9b90293f9ef63f331bac48a
PCR-0202	R03-A1505	R03	R03-25	requirement-documents/03-use-cases/04-transport-task-dispatch/uc-009-monitor-move-order-until-arrival.md	line 74	UC-009 持续监听移动任务直到AGV到站 > 异常流程 > E1.1 轮询/通信异常导致本地服务器未能及时获知到站状态	系统触发告警提示（如界面告警、上报 IT/软件维护人员 R-12 或 AGV 运维/调度管理员 R-13），并持续尝试重新建立轮询（具体重试次数/间隔 TBD）	系统触发告警提示（如界面告警、上报 IT/软件维护人员 R-12 或 AGV 运维/调度管理员 R-13），并持续尝试重新建立轮询（具体重试次数/间隔 TBD）	905ba839df177269c8a1096da42a38c161da59b87dd450c401fe838fda8e7826	unresolved-question	needs-question-resolution	hold-for-question-or-reframing	none-found-within-r03-pass	not-approved	graduate-hitl-question	issues/73-decide-monitoring-freshness-alert-retry-and-log-retention.md	问题已能按业务后果精确表述，并由《决定监控新鲜度、告警升级、重试与日志留存规则》统一承载；原声明保持未批准。	2e68ae5b1bf772c114371b1541f8f30719d7c1adb8a5202f0438ed616d5155ac
PCR-0203	R03-A1529	R03	R03-26	requirement-documents/03-use-cases/04-transport-task-dispatch/uc-023-allocate-transport-tasks-to-agv.md	line 38	UC-023 将搬运任务分配给 AGV > 前置条件	具体范围算法仍可为 TBD，但结果必须明确。	BR-001 能为本轮分配确定任务集合；具体范围算法仍可为 TBD，但结果必须明确。	8e12c1230c1b14d7b5e2410bb141ed18ad4362af9b7044604a3cf1efe3289d15	unresolved-question	needs-question-resolution	hold-for-question-or-reframing	none-found-within-r03-pass	not-approved	needs-atomic-reframing	issues/65-decide-composite-transport-zoning-and-multi-sublot-boundary.md	原声明混合多个业务后果、实现机制、历史状态或已决与未决部分，不能整体批准；相关原子问题已另行指向。	f4346f86ac194217df2993fb99575004db7be4240412e2ecf4f5d2244bd8f19a
PCR-0204	R03-A1541	R03	R03-26	requirement-documents/03-use-cases/04-transport-task-dispatch/uc-023-allocate-transport-tasks-to-agv.md	line 52	UC-023 将搬运任务分配给 AGV > 假设	其余评分公式 TBD，确认前不得把临时权重硬编码为正式规则。	候选排序中第 5 类最高优先级与无响应升级原则已确认（见 BR-002 / BR-014）；路径成本作为排序因子的原则已确认（见 BR-015）；其余评分公式 TBD，确认前不得把临时权重硬编码为正式规则。	977e528c3293b329c0c86e74e7271ef2e06e8f6bef9210250f3715c4c6d2945c	unresolved-question	needs-question-resolution	hold-for-question-or-reframing	none-found-within-r03-pass	not-approved	graduate-hitl-question	issues/66-decide-dispatch-ranking-route-cost-and-no-response-escalation.md	问题已能按业务后果精确表述，并由《决定派车评分、路网成本与无车响应升级规则》统一承载；原声明保持未批准。	ebc8524ecb7a97c741ff0bedaa2a64684ab96df1ff09e0b5c67cd34919bba0ae
PCR-0205	R03-A1561	R03	R03-26	requirement-documents/03-use-cases/04-transport-task-dispatch/uc-023-allocate-transport-tasks-to-agv.md	line 77	UC-023 将搬运任务分配给 AGV > 备选流程 > A5.1 无合格车辆	告警阈值和频率 TBD。	系统在车辆状态变化或后续调度触发时重新评估；告警阈值和频率 TBD。	b99fde33fde96d669be863af7b0f6d3e5afdc31906bbae439e983acb3b51cca9	unresolved-question	needs-question-resolution	hold-for-question-or-reframing	none-found-within-r03-pass	not-approved	graduate-hitl-question	issues/73-decide-monitoring-freshness-alert-retry-and-log-retention.md	问题已能按业务后果精确表述，并由《决定监控新鲜度、告警升级、重试与日志留存规则》统一承载；原声明保持未批准。	624b4305e1a1638526077c5ac93eafdc0d4df0a30ff20507a1e3a3dade7f2317
PCR-0206	R03-A1571	R03	R03-26	requirement-documents/03-use-cases/04-transport-task-dispatch/uc-023-allocate-transport-tasks-to-agv.md	line 99	UC-023 将搬运任务分配给 AGV > 异常流程 > E9.1 后续下发失败	绑定保留、释放或重试的具体策略由 UC-008 处理，当前为 TBD。	UC-008 未被 RCS/RIOT 成功接收时，任务不得转为“进行中”；绑定保留、释放或重试的具体策略由 UC-008 处理，当前为 TBD。	9698d357393d14e45b975977bb02a330c443119add868b3cfb95ac8853a4c9cd	unresolved-question	needs-question-resolution	hold-for-question-or-reframing	none-found-within-r03-pass	not-approved	graduate-hitl-question	issues/80-decide-riot-order-creation-uncertainty-binding-retry-release.md	问题已能按业务后果精确表述，并由《决定 RIoT 建单未确认时任务绑定、重试与释放边界》统一承载；原声明保持未批准。	1d2d396fc1841527f36f79d6b8cffcf000f10d282f7da4eb4bff97e62a1a519f
PCR-0207	R03-A1587	R03	R03-27	requirement-documents/03-use-cases/04-transport-task-dispatch/uc-042-handle-agv-fault-and-reassign-or-terminate-tasks.md	line 31	UC-042 处理AGV途中故障并改派或终止关联任务 > 触发条件	RIOT 报告该 AGV 故障、离线、导航失败，且超过预设超时仍未恢复（具体超时阈值 TBD）。	RIOT 报告该 AGV 故障、离线、导航失败，且超过预设超时仍未恢复（具体超时阈值 TBD）。	9a7918d3936433cea0fb1b77efe98fca444c5f5ebaf17a28c440bad6bbc9fe96	unresolved-question	needs-question-resolution	hold-for-question-or-reframing	none-found-within-r03-pass	not-approved	graduate-hitl-question	issues/69-decide-faulted-agv-isolation-cargo-handling-and-manual-override.md	问题已能按业务后果精确表述，并由《决定故障车辆隔离、货物处置与人工越权边界》统一承载；原声明保持未批准。	cc32946ac9f7949a01aa3b10837dfcab83a956823d2e3d9bb27059226828a202
PCR-0208	R03-A1595	R03	R03-27	requirement-documents/03-use-cases/04-transport-task-dispatch/uc-042-handle-agv-fault-and-reassign-or-terminate-tasks.md	line 46	UC-042 处理AGV途中故障并改派或终止关联任务 > 前置条件	该操作视为高风险操作，是否需要二次认证 TBD（参照 [[uc-038-maintain-agv-slot-model|UC-038]]、[[uc-024-maintain-area-station-mapping|UC-024]] 等其他高风险配置变更的二次认证做法）。	AGV 运维/调度管理员具备处理 AGV 故障、改派或终止关联任务的操作权限；该操作视为高风险操作，是否需要二次认证 TBD（参照 [[uc-038-maintain-agv-slot-model|UC-038]]、[[uc-024-maintain-area-station-mapping|UC-024]] 等其他高风险配置变更的二次认证做法）。	3da19efc20751c772c10c41eb23419b9766b92f01834463820320d34da4087ea	unresolved-question	needs-question-resolution	hold-for-question-or-reframing	none-found-within-r03-pass	not-approved	graduate-hitl-question	issues/69-decide-faulted-agv-isolation-cargo-handling-and-manual-override.md	问题已能按业务后果精确表述，并由《决定故障车辆隔离、货物处置与人工越权边界》统一承载；原声明保持未批准。	25227dc065ff39459969f7e78d29930533874d3e032925d4bdadb53f7ba66499
PCR-0209	R03-A1597	R03	R03-27	requirement-documents/03-use-cases/04-transport-task-dispatch/uc-042-handle-agv-fault-and-reassign-or-terminate-tasks.md	line 52	UC-042 处理AGV途中故障并改派或终止关联任务 > 后置条件	"该 AGV 被标记为""故障/不可用""状态（具体是否复用 [[uc-013-enable-disable-agv|UC-013]] 的""已禁用""状态，还是新增独立的故障状态，TBD 见 Notes），不再被 [[uc-008-dispatch-move-order-to-riot|UC-008]]、[[uc-012-manually-dispatch-agv-to-charge|UC-012]]、[[uc-041-return-idle-agv-to-parking-point|UC-041]] 自动派发新任务。"	"该 AGV 被标记为""故障/不可用""状态（具体是否复用 [[uc-013-enable-disable-agv|UC-013]] 的""已禁用""状态，还是新增独立的故障状态，TBD 见 Notes），不再被 [[uc-008-dispatch-move-order-to-riot|UC-008]]、[[uc-012-manually-dispatch-agv-to-charge|UC-012]]、[[uc-041-return-idle-agv-to-parking-point|UC-041]] 自动派发新任务。"	6fd63a50e81067e60543b1d7cc1a7261d351fc1406ee74d678d77bcb44f4fc4d	unresolved-question	needs-question-resolution	hold-for-question-or-reframing	none-found-within-r03-pass	not-approved	graduate-hitl-question	issues/69-decide-faulted-agv-isolation-cargo-handling-and-manual-override.md	问题已能按业务后果精确表述，并由《决定故障车辆隔离、货物处置与人工越权边界》统一承载；原声明保持未批准。	a749b9a9a84865b172f3c1386e0a3866ffb95b00e80aea8e675434a9d9f43b8e
PCR-0210	R03-A1601	R03	R03-27	requirement-documents/03-use-cases/04-transport-task-dispatch/uc-042-handle-agv-fault-and-reassign-or-terminate-tasks.md	line 57	UC-042 处理AGV途中故障并改派或终止关联任务 > 后置条件	"终止时，已装载但未取出的产品的后续去向由现场人工流程处理，具体是否需要新建独立的""人工完成运输""记录机制，TBD。"	"该 AGV 名下已开始装货但未送达的任务，按管理员选择的处理方式（见 Alternative Flow）分别进入""等待修复继续执行""或""终止并转人工处理""状态；终止时，已装载但未取出的产品的后续去向由现场人工流程处理，具体是否需要新建独立的""人工完成运输""记录机制，TBD。"	ee5b969805197dd017833100302b142e2f44f87153fe0fe8fec8000a867a8a17	unresolved-question	needs-question-resolution	hold-for-question-or-reframing	none-found-within-r03-pass	not-approved	graduate-hitl-question	issues/69-decide-faulted-agv-isolation-cargo-handling-and-manual-override.md	问题已能按业务后果精确表述，并由《决定故障车辆隔离、货物处置与人工越权边界》统一承载；原声明保持未批准。	cc1bccf9b5687a90271144e20ab392d2efc432f88a4101678f5c82f5a933c3c4
PCR-0211	R03-A1616	R03	R03-27	requirement-documents/03-use-cases/04-transport-task-dispatch/uc-042-handle-agv-fault-and-reassign-or-terminate-tasks.md	line 84	UC-042 处理AGV途中故障并改派或终止关联任务 > 备选流程 > A5.1 等待修复后继续执行原任务	若等待超过预设时长仍未修复（具体阈值 TBD），系统提示管理员重新评估，转 A5.2	若等待超过预设时长仍未修复（具体阈值 TBD），系统提示管理员重新评估，转 A5.2	411d6cc7a0660b4522bd807e1d761a47cd83cd3972b9290f9bd311374eded9fb	unresolved-question	needs-question-resolution	hold-for-question-or-reframing	none-found-within-r03-pass	not-approved	graduate-hitl-question	issues/69-decide-faulted-agv-isolation-cargo-handling-and-manual-override.md	问题已能按业务后果精确表述，并由《决定故障车辆隔离、货物处置与人工越权边界》统一承载；原声明保持未批准。	d535b39b32b5f415f2f63b332b517d48654afe32d41582a866e22c0dd1bfc642
PCR-0212	R03-A1618	R03	R03-27	requirement-documents/03-use-cases/04-transport-task-dispatch/uc-042-handle-agv-fault-and-reassign-or-terminate-tasks.md	line 89	UC-042 处理AGV途中故障并改派或终止关联任务 > 备选流程 > A5.2 人工取出已装产品并终止原任务	管理员安排生产操作员或维护人员到故障车现场，通过维护手段（如 [[uc-015-slot-door-unlock-open-test|UC-015]] 提供的维护界面开锁能力，或专门的故障应急开锁流程，TBD）打开相关仓位取出已装载产品	管理员安排生产操作员或维护人员到故障车现场，通过维护手段（如 [[uc-015-slot-door-unlock-open-test|UC-015]] 提供的维护界面开锁能力，或专门的故障应急开锁流程，TBD）打开相关仓位取出已装载产品	c174017dfa12268365ac1b1285972af0a0af76474b408d66289e6e1db0988b13	unresolved-question	needs-question-resolution	hold-for-question-or-reframing	none-found-within-r03-pass	not-approved	graduate-hitl-question	issues/69-decide-faulted-agv-isolation-cargo-handling-and-manual-override.md	问题已能按业务后果精确表述，并由《决定故障车辆隔离、货物处置与人工越权边界》统一承载；原声明保持未批准。	b10da276abbe96974ae6ee7bb10bb582c202734d5d3caca9319a1c678f90879e
PCR-0213	R03-A1628	R03	R03-27	requirement-documents/03-use-cases/04-transport-task-dispatch/uc-042-handle-agv-fault-and-reassign-or-terminate-tasks.md	line 103	UC-042 处理AGV途中故障并改派或终止关联任务 > 异常流程 > E1.1 RIOT 接口本身不可达	"系统提示""无法确认该 AGV 当前真实状态""，允许管理员基于现场人工判断强制标记该车故障（fail-closed 情形下允许人工override，具体是否需要额外二次确认，TBD）"	"系统提示""无法确认该 AGV 当前真实状态""，允许管理员基于现场人工判断强制标记该车故障（fail-closed 情形下允许人工override，具体是否需要额外二次确认，TBD）"	8ed5b3b2df89bb2b5bf8fd529e4ae508f02d5311ecddb8e23d2e02b6198ab313	unresolved-question	needs-question-resolution	hold-for-question-or-reframing	none-found-within-r03-pass	not-approved	graduate-hitl-question	issues/69-decide-faulted-agv-isolation-cargo-handling-and-manual-override.md	问题已能按业务后果精确表述，并由《决定故障车辆隔离、货物处置与人工越权边界》统一承载；原声明保持未批准。	e5cc5963694dfc080cc222d0cefa815dc075a5fd2c19e9f7062d19c44df2fd10
PCR-0214	R03-A1659	R03	R03-28	requirement-documents/03-use-cases/05-agv-charging/uc-012-manually-dispatch-agv-to-charge.md	line 36	UC-012 空闲状态下手动派车充电 > 前置条件	"本系统按 [[br-007-charging-pile-allocation-and-queueing|BR-007]] 从该 AGV 在 [[uc-037-maintain-agv-charging-strategy-configuration|UC-037]] 中配置的候选充电桩集合内选定具体充电桩后，RIOT 提供可下发""移动到指定站点并充电""任务的接口（TBD 待与 RIOT 技术对接确认，具体接口能力尚未最终验证）。"	"本系统按 [[br-007-charging-pile-allocation-and-queueing|BR-007]] 从该 AGV 在 [[uc-037-maintain-agv-charging-strategy-configuration|UC-037]] 中配置的候选充电桩集合内选定具体充电桩后，RIOT 提供可下发""移动到指定站点并充电""任务的接口（TBD 待与 RIOT 技术对接确认，具体接口能力尚未最终验证）。"	1ad2322715719a275cc5c5009a307c89e892f98facbf63d1a2ffa6dd52869efd	unresolved-question	needs-question-resolution	hold-for-question-or-reframing	none-found-within-r03-pass	not-approved	needs-evidence-before-candidacy	requirement-documents/03-use-cases/05-agv-charging/uc-012-manually-dispatch-agv-to-charge.md	该记录要求目标环境、接口、字段、配置值或版本绑定事实；现有材料不足，不能由批准人猜测或由实现反推。	0155a2397f9321cdfdea1029a6d6f03126364772b726603637abaf796519ee93
PCR-0215	R03-A1672	R03	R03-28	requirement-documents/03-use-cases/05-agv-charging/uc-012-manually-dispatch-agv-to-charge.md	line 58	UC-012 空闲状态下手动派车充电 > 后置条件	"充电达到预设电量阈值后（具体阈值 TBD），系统自动结束该充电任务，该 AGV 的 RIOT 任务队列重新变为 0，自然满足 [[uc-008-dispatch-move-order-to-riot|UC-008]] 的 Trigger 条件，可被重新纳入正常派车候选，不需要人工点击""停止充电""。"	"充电达到预设电量阈值后（具体阈值 TBD），系统自动结束该充电任务，该 AGV 的 RIOT 任务队列重新变为 0，自然满足 [[uc-008-dispatch-move-order-to-riot|UC-008]] 的 Trigger 条件，可被重新纳入正常派车候选，不需要人工点击""停止充电""。"	b6005c71ba0ddc1271e0a5af64a4bd4216dd514cc26a195b2d77964b732f0769	unresolved-question	needs-question-resolution	hold-for-question-or-reframing	none-found-within-r03-pass	not-approved	graduate-hitl-question	issues/75-decide-charging-threshold-configuration-and-abnormal-lifecycle.md	问题已能按业务后果精确表述，并由《决定充电阈值、配置变更与异常生命周期》统一承载；原声明保持未批准。	d052cefce1d357fec3c8a1b193c2135194c716d9bd56ce2fd8b97f3d51aa3eb8
PCR-0216	R03-A1673	R03	R03-28	requirement-documents/03-use-cases/05-agv-charging/uc-012-manually-dispatch-agv-to-charge.md	line 62	UC-012 空闲状态下手动派车充电 > 假设	"电量阈值、""何时判定为已充满可重新派车""的具体数值尚未确定，TBD 待补充。"	"电量阈值、""何时判定为已充满可重新派车""的具体数值尚未确定，TBD 待补充。"	157a0a4b1c783a1f9ce48ad52bbbead76db99bca3cce0b606327c60b3b01dd3c	unresolved-question	needs-question-resolution	hold-for-question-or-reframing	none-found-within-r03-pass	not-approved	graduate-hitl-question	issues/75-decide-charging-threshold-configuration-and-abnormal-lifecycle.md	问题已能按业务后果精确表述，并由《决定充电阈值、配置变更与异常生命周期》统一承载；原声明保持未批准。	495d5342413f18d3c4f65d8f54d8cc242a786f098acb1d2d9989442e32e448ee
PCR-0217	R03-A1711	R03	R03-28	requirement-documents/03-use-cases/05-agv-charging/uc-012-manually-dispatch-agv-to-charge.md	line 120	UC-012 空闲状态下手动派车充电 > 异常流程 > E3.1 充电指令下发失败/超时	系统自动重试（具体重试次数/间隔 TBD）	系统自动重试（具体重试次数/间隔 TBD）	1df633bca2a6ec530dda7da0e9dc5f86501957392e0be74b304945e57086bb71	unresolved-question	needs-question-resolution	hold-for-question-or-reframing	none-found-within-r03-pass	not-approved	graduate-hitl-question	issues/75-decide-charging-threshold-configuration-and-abnormal-lifecycle.md	问题已能按业务后果精确表述，并由《决定充电阈值、配置变更与异常生命周期》统一承载；原声明保持未批准。	14d32cd9d7662001bf8a72dd4e689d52c25e29f0db25c0513f565b6a130fef2b
PCR-0218	R03-A1712	R03	R03-28	requirement-documents/03-use-cases/05-agv-charging/uc-012-manually-dispatch-agv-to-charge.md	line 121	UC-012 空闲状态下手动派车充电 > 异常流程 > E3.1 充电指令下发失败/超时	若重试仍失败且达到预设阈值（次数/时长，具体数值 TBD），系统触发告警提示（如界面告警、上报 IT/软件维护人员 R-12 或 AGV 运维/调度管理员 R-13），本次充电下发暂停，该 AGV 保持原空闲状态，可被后续重新尝试或被 [[uc-008-dispatch-move-order-to-riot|UC-008]] 正常派车	若重试仍失败且达到预设阈值（次数/时长，具体数值 TBD），系统触发告警提示（如界面告警、上报 IT/软件维护人员 R-12 或 AGV 运维/调度管理员 R-13），本次充电下发暂停，该 AGV 保持原空闲状态，可被后续重新尝试或被 [[uc-008-dispatch-move-order-to-riot|UC-008]] 正常派车	a73bdeeaf2931ade90734430f3fd8fa4e3cebdf36c81e06c6b279d3c1dc7edf6	unresolved-question	needs-question-resolution	hold-for-question-or-reframing	none-found-within-r03-pass	not-approved	graduate-hitl-question	issues/75-decide-charging-threshold-configuration-and-abnormal-lifecycle.md	问题已能按业务后果精确表述，并由《决定充电阈值、配置变更与异常生命周期》统一承载；原声明保持未批准。	c42df6ef91858a8d57f5b08ac4369896aaf48d054aac207b4d43b78b86a9950c
PCR-0219	R03-A1714	R03	R03-28	requirement-documents/03-use-cases/05-agv-charging/uc-012-manually-dispatch-agv-to-charge.md	line 124	UC-012 空闲状态下手动派车充电 > 异常流程 > E3.1 充电指令下发失败/超时	TBD 待补充：充电过程中途发生异常（如长时间电量不上升、充电桩故障、AGV 充电中失联）应如何处理，暂不在本 UC 中深入展开。	TBD 待补充：充电过程中途发生异常（如长时间电量不上升、充电桩故障、AGV 充电中失联）应如何处理，暂不在本 UC 中深入展开。	45992790019a20b10d856bb40c2cb8b7407b74b1cbc8c67775424bb2d83f3899	unresolved-question	needs-question-resolution	hold-for-question-or-reframing	none-found-within-r03-pass	not-approved	needs-atomic-reframing	issues/62-decide-offline-charger-failure-confirmation-and-allocation-hold-trigger.md;issues/75-decide-charging-threshold-configuration-and-abnormal-lifecycle.md	原声明混合多个业务后果、实现机制、历史状态或已决与未决部分，不能整体批准；相关原子问题已另行指向。	2d207239dba1c799f7da18f4025e8a34efb4ea14d3fb67e32c4fad0d2087e956
PCR-0220	R03-A1749	R03	R03-29	requirement-documents/03-use-cases/05-agv-charging/uc-037-maintain-agv-charging-strategy-configuration.md	line 46	UC-037 维护 AGV 充电策略配置 > 前置条件	是否需要该前提，TBD 待与用户确认（见 Notes）。	"与 [[uc-020-maintain-agv-dispatch-profile|UC-020]] 不同，本 UC 修改的是""该车什么时候该去充电、去哪些充电桩""，不直接影响任务分配所需的仓门/安全状态，因此不强制要求目标车辆处于""已禁用""状态才能保存；是否需要该前提，TBD 待与用户确认（见 Notes）。"	9c467df751604ccb7bd9ec906608d5a48894cbb0c443913844908f3132b83369	unresolved-question	needs-question-resolution	hold-for-question-or-reframing	none-found-within-r03-pass	not-approved	graduate-hitl-question	issues/75-decide-charging-threshold-configuration-and-abnormal-lifecycle.md	问题已能按业务后果精确表述，并由《决定充电阈值、配置变更与异常生命周期》统一承载；原声明保持未批准。	d4702774d68d97f056e93e758d3e3cd19d23c1bd2dac3fc3e15a95222758535a
PCR-0221	R03-A1758	R03	R03-29	requirement-documents/03-use-cases/05-agv-charging/uc-037-maintain-agv-charging-strategy-configuration.md	line 60	UC-037 维护 AGV 充电策略配置 > 假设	两者数值可以相同，也可以不同，具体数值关系 TBD。	"""触发充电阈值""与 [[uc-020-maintain-agv-dispatch-profile|UC-020]] 已有的""最低接单电量阈值""是两个独立的配置项，语义不同：前者回答""这台车该不该去充电""，后者回答""这台车该不该继续接新的搬运任务""；两者数值可以相同，也可以不同，具体数值关系 TBD。"	57dc9c307383678ed03911cc0b2d0c30ef5fcc0e59db2b4ee9420f98d47713e9	unresolved-question	needs-question-resolution	hold-for-question-or-reframing	none-found-within-r03-pass	not-approved	graduate-hitl-question	issues/75-decide-charging-threshold-configuration-and-abnormal-lifecycle.md	问题已能按业务后果精确表述，并由《决定充电阈值、配置变更与异常生命周期》统一承载；原声明保持未批准。	6b7284d2d8615c41d43cc737df18d9e9303d71b12b2587025164ed54235ff066
PCR-0222	R03-A1880	R03	R03-31	requirement-documents/03-use-cases/06-area-station-mapping/uc-045-sync-map-topology-from-riot.md	line 32	UC-045 从 RIOT 同步地图路网 > 触发条件	系统检测到 RIOT 侧地图版本/变更信号（具体检测方式 TBD）。	系统检测到 RIOT 侧地图版本/变更信号（具体检测方式 TBD）。	dedb5cea0b2d719be3404f132f89e74e2cd23dc29cda35b7ef6eb16f914e19a7	unresolved-question	needs-question-resolution	hold-for-question-or-reframing	none-found-within-r03-pass	not-approved	graduate-hitl-question	issues/77-decide-map-topology-sync-and-snapshot-product-boundary.md	问题已能按业务后果精确表述，并由《决定地图拓扑同步与历史快照产品边界》统一承载；原声明保持未批准。	84913f7b9658b8f80827598d2588e0f89f9ad821a0699a2e48ee4b49a755910a
PCR-0223	R03-A1883	R03	R03-31	requirement-documents/03-use-cases/06-area-station-mapping/uc-045-sync-map-topology-from-riot.md	line 38	UC-045 从 RIOT 同步地图路网 > 前置条件	RCS/RIOT 接口在线，且本系统有权限查询地图站点及路径/拓扑数据（接口形态与字段 TBD，须在对接时确认）。	RCS/RIOT 接口在线，且本系统有权限查询地图站点及路径/拓扑数据（接口形态与字段 TBD，须在对接时确认）。	136f4b892bb29df0299cf5f0a9161db7e15d1692475008b71fe8fbf62536411b	unresolved-question	needs-question-resolution	hold-for-question-or-reframing	none-found-within-r03-pass	not-approved	needs-evidence-before-candidacy	requirement-documents/03-use-cases/06-area-station-mapping/uc-045-sync-map-topology-from-riot.md	该记录要求目标环境、接口、字段、配置值或版本绑定事实；现有材料不足，不能由批准人猜测或由实现反推。	0494aeccf8463719558bbf4f0c37240bb29b5ff7d38dc83efe77fa7b58c8410f
PCR-0224	R03-A1885	R03	R03-31	requirement-documents/03-use-cases/06-area-station-mapping/uc-045-sync-map-topology-from-riot.md	line 43	UC-045 从 RIOT 同步地图路网 > 后置条件	同步成功后，本地存在一份有效的路网快照：至少包含站点节点集合、可通行边集合、同步时间戳，以及可用于追溯的地图/快照版本标识（版本字段来源 TBD）。	同步成功后，本地存在一份有效的路网快照：至少包含站点节点集合、可通行边集合、同步时间戳，以及可用于追溯的地图/快照版本标识（版本字段来源 TBD）。	20efce9569925d8a26e5a1298ef554118314bce4493f76acdc51d49ac7e0a9c7	unresolved-question	needs-question-resolution	hold-for-question-or-reframing	none-found-within-r03-pass	not-approved	graduate-hitl-question	issues/77-decide-map-topology-sync-and-snapshot-product-boundary.md	问题已能按业务后果精确表述，并由《决定地图拓扑同步与历史快照产品边界》统一承载；原声明保持未批准。	62c627479a4e9241cc15fbb3270524ec3360e8ab66715eeeff1cca4bc18d14ce
PCR-0225	R03-A1889	R03	R03-31	requirement-documents/03-use-cases/06-area-station-mapping/uc-045-sync-map-topology-from-riot.md	line 45	UC-045 从 RIOT 同步地图路网 > 后置条件	不删除历史可用快照，除非另有清理策略（TBD）。	同步失败时：保留上一份有效快照（若有），将当前同步标记为失败并记录错误；不删除历史可用快照，除非另有清理策略（TBD）。	13fb912be3b57e6aed4eecf42fa89e91f0eb8963862518e4e9ea2df92fba99e7	unresolved-question	needs-question-resolution	hold-for-question-or-reframing	none-found-within-r03-pass	not-approved	graduate-hitl-question	issues/77-decide-map-topology-sync-and-snapshot-product-boundary.md	问题已能按业务后果精确表述，并由《决定地图拓扑同步与历史快照产品边界》统一承载；原声明保持未批准。	59c7da21b17fa6c2a1405c9ffb9611299c5d15a45ec70c2bd08873be49c137d8
PCR-0226	R03-A1901	R03	R03-31	requirement-documents/03-use-cases/06-area-station-mapping/uc-045-sync-map-topology-from-riot.md	line 61	UC-045 从 RIOT 同步地图路网 > 正常流程 > 45.0	系统校验返回数据完整性（节点、边端点存在性、自环/重复边处理策略 TBD）：	系统校验返回数据完整性（节点、边端点存在性、自环/重复边处理策略 TBD）：	18bf3a3ce0d7324d299733b27df3cb3804e5651a4c8235d5769db32430eee614	unresolved-question	needs-question-resolution	hold-for-question-or-reframing	none-found-within-r03-pass	not-approved	needs-atomic-reframing	issues/77-decide-map-topology-sync-and-snapshot-product-boundary.md	原声明混合多个业务后果、实现机制、历史状态或已决与未决部分，不能整体批准；相关原子问题已另行指向。	18b0a3c97502df627edb214aa818e95a63e4801c3129d4e52e03255afacc8854
PCR-0227	R03-A2943	R03	R03-44	requirement-documents/03-use-cases/10-safety-and-interlock/uc-004-slot-door-safety-interlock.md	line 111	UC-004 仓门安全联锁 > 异常流程 > EA1.1 Flow A：查询/通信异常，无法确定该 AGV 当前移动状态	TBD 待定：是否需要限制重试频率/次数，待补充	通信恢复后，发起方可重新发起开门请求，重新触发 Flow A 核验；TBD 待定：是否需要限制重试频率/次数，待补充	7090312c69a59e33839eb80d5340cea22bb81f07f46f685ea311177a72378eac	unresolved-question	needs-question-resolution	hold-for-question-or-reframing	none-found-within-r03-pass	not-approved	graduate-hitl-question	issues/70-decide-safety-interlock-failure-escalation-and-emergency-stop.md	问题已能按业务后果精确表述，并由《决定安全联锁失败升级与紧急停止边界》统一承载；原声明保持未批准。	d085b05dd208f4f4fce870767a0102dd24174ba1eca8cff084696bbdbc0868ca
PCR-0228	R03-A2947	R03	R03-44	requirement-documents/03-use-cases/10-safety-and-interlock/uc-004-slot-door-safety-interlock.md	line 118	UC-004 仓门安全联锁 > 异常流程 > EB1.1 Flow B：轮询/通信异常导致未能及时检测到移动状态变化	TBD 待定：通信恢复前是否需要触发更保守的兜底动作（如提示现场人员当前无法实时监控该 AGV 移动状态，需人工留意），待补充	TBD 待定：通信恢复前是否需要触发更保守的兜底动作（如提示现场人员当前无法实时监控该 AGV 移动状态，需人工留意），待补充	94f3fe18bd1413894fc227091bf7fae4c988719646d235a268b1ebdeb9e02c75	unresolved-question	needs-question-resolution	hold-for-question-or-reframing	none-found-within-r03-pass	not-approved	graduate-hitl-question	issues/70-decide-safety-interlock-failure-escalation-and-emergency-stop.md	问题已能按业务后果精确表述，并由《决定安全联锁失败升级与紧急停止边界》统一承载；原声明保持未批准。	c6244f196d40c5eaf12bc341cedbe7ae8f8ec5979edc07057a9e52101a44b945
PCR-0229	R03-A2951	R03	R03-44	requirement-documents/03-use-cases/10-safety-and-interlock/uc-004-slot-door-safety-interlock.md	line 125	UC-004 仓门安全联锁 > 异常流程 > EB4.1 Flow B：暂停指令下发失败或 AGV 未能及时停止（本系统任务分支）	TBD 待定：是否需要进一步下发更高优先级的紧急停止指令，或采取其他兜底措施，待补充	TBD 待定：是否需要进一步下发更高优先级的紧急停止指令，或采取其他兜底措施，待补充	50281107f1b2fea6985af102e6f993f87308f15828892179198bd9c3bd44e94a	unresolved-question	needs-question-resolution	hold-for-question-or-reframing	none-found-within-r03-pass	not-approved	graduate-hitl-question	issues/70-decide-safety-interlock-failure-escalation-and-emergency-stop.md	问题已能按业务后果精确表述，并由《决定安全联锁失败升级与紧急停止边界》统一承载；原声明保持未批准。	df02981896b4a0dc6ff593b388612f60af59a0cf584f1a575ddeb186231ce560
PCR-0230	R03-A2955	R03	R03-44	requirement-documents/03-use-cases/10-safety-and-interlock/uc-004-slot-door-safety-interlock.md	line 132	UC-004 仓门安全联锁 > 异常流程 > EB4.2 Flow B：取消指令下发失败或 AGV 未能及时停止（非本系统任务分支）	TBD 待定：是否需要进一步下发更高优先级的紧急停止指令，或采取其他兜底措施，待补充	TBD 待定：是否需要进一步下发更高优先级的紧急停止指令，或采取其他兜底措施，待补充	50281107f1b2fea6985af102e6f993f87308f15828892179198bd9c3bd44e94a	unresolved-question	needs-question-resolution	hold-for-question-or-reframing	none-found-within-r03-pass	not-approved	graduate-hitl-question	issues/70-decide-safety-interlock-failure-escalation-and-emergency-stop.md	问题已能按业务后果精确表述，并由《决定安全联锁失败升级与紧急停止边界》统一承载；原声明保持未批准。	0214f130da74fcba9073e0773376d13025cf6e3a5b8abbcbde8781cab309669c
PCR-0231	R03-A2993	R03	R03-45	requirement-documents/03-use-cases/11-agv-parking/uc-040-maintain-agv-parking-point-configuration.md	line 40	UC-040 维护 AGV 停靠点配置 > 前置条件	"候选停靠点是否要求站点类型标记为专门的""停靠点""类型，还是可以复用其他业务站点，TBD 见 Notes。"	"候选停靠点必须来自 RIOT 当前同步的地图站点列表，不允许管理员手工录入任意站点编号（做法与 [[uc-024-maintain-area-station-mapping|UC-024]]、[[uc-037-maintain-agv-charging-strategy-configuration|UC-037]] 对站点来源的约束一致）；候选停靠点是否要求站点类型标记为专门的""停靠点""类型，还是可以复用其他业务站点，TBD 见 Notes。"	f41240eab401eef7ce81b0c27d521562a01370a60a81594900ac514df2a7c8ce	unresolved-question	needs-question-resolution	hold-for-question-or-reframing	none-found-within-r03-pass	not-approved	graduate-hitl-question	issues/76-decide-idle-return-parking-point-eligibility-and-arbitration.md	问题已能按业务后果精确表述，并由《决定空闲返回、停靠点资格与调度竞争边界》统一承载；原声明保持未批准。	fda5c596478df594070ea768f44cc02327f784fbdc1a6827abd22743a85d4236
PCR-0232	R03-A3030	R03	R03-46	requirement-documents/03-use-cases/11-agv-parking/uc-041-return-idle-agv-to-parking-point.md	line 23	UC-041 空闲AGV自动返回停靠点 > 描述	"某台多仓位 AGV 的 RIOT 任务队列变为空（即""空闲""）后，本地服务器立即判断该 AGV 是否需要自动返回停靠点：若该 AGV 未被 [[uc-008-dispatch-move-order-to-riot|UC-008]] 抢先分配新的搬运任务、也未被 [[uc-012-manually-dispatch-agv-to-charge|UC-012]] 抢先派去充电，且该 AGV 当前不在任何一个已配置的候选停靠点上，系统按 [[br-009-parking-point-allocation-and-queueing|BR-009]] 从 [[uc-040-maintain-agv-parking-point-configuration|UC-040]] 配置的候选停靠点集合中选定一个具体停靠点，调用 RIOT 接口下发移动任务，AGV 随即前往该停靠点等待。"	"某台多仓位 AGV 的 RIOT 任务队列变为空（即""空闲""）后，本地服务器立即判断该 AGV 是否需要自动返回停靠点：若该 AGV 未被 [[uc-008-dispatch-move-order-to-riot|UC-008]] 抢先分配新的搬运任务、也未被 [[uc-012-manually-dispatch-agv-to-charge|UC-012]] 抢先派去充电，且该 AGV 当前不在任何一个已配置的候选停靠点上，系统按 [[br-009-parking-point-allocation-and-queueing|BR-009]] 从 [[uc-040-maintain-agv-parking-point-configuration|UC-040]] 配置的候选停靠点集合中选定一个具体停靠点，调用 RIOT 接口下发移动任务，AGV 随即前往该停靠点等待。"	7939400859136f3055da2f890a969a7528b66caca319ad9cbec7ad2c0c903f87	unresolved-question	needs-question-resolution	hold-for-question-or-reframing	none-found-within-r03-pass	not-approved	needs-atomic-reframing	issues/76-decide-idle-return-parking-point-eligibility-and-arbitration.md	原声明混合多个业务后果、实现机制、历史状态或已决与未决部分，不能整体批准；相关原子问题已另行指向。	668d4424e0ed1d3102d02f71ea8ab9723971ddb6b9ccb95848b1f13e7afa9807
PCR-0233	R03-A3049	R03	R03-46	requirement-documents/03-use-cases/11-agv-parking/uc-041-return-idle-agv-to-parking-point.md	line 57	UC-041 空闲AGV自动返回停靠点 > 假设	三者之间具体的执行时序/锁机制（如谁先拿到该 AGV 的处理权）TBD，见 Notes。	"本 UC 假定""该 AGV 是否已被 UC-008/UC-012 抢先处理""这一判断可以在同一次空闲事件的处理窗口内可靠完成；三者之间具体的执行时序/锁机制（如谁先拿到该 AGV 的处理权）TBD，见 Notes。"	b9c5c495a02d09952c352f9bc23e5f77c3489d99bcbc146e783213de43e7d11e	unresolved-question	needs-question-resolution	hold-for-question-or-reframing	none-found-within-r03-pass	not-approved	graduate-hitl-question	issues/76-decide-idle-return-parking-point-eligibility-and-arbitration.md	问题已能按业务后果精确表述，并由《决定空闲返回、停靠点资格与调度竞争边界》统一承载；原声明保持未批准。	1daa3486a340684abd584665e372c16711b83f8d1a84f8bbdbd69f9fedea901e
PCR-0234	R03-A3059	R03	R03-46	requirement-documents/03-use-cases/11-agv-parking/uc-041-return-idle-agv-to-parking-point.md	line 72	UC-041 空闲AGV自动返回停靠点 > 正常流程 > 41.0	AGV 按 RIOT 规划路径移动至该停靠点并停靠等待（导航过程本身由 RIOT 自主管理，是否复用 [[uc-009-monitor-move-order-until-arrival|UC-009]] 的轮询监听逻辑，TBD 见 Notes）	AGV 按 RIOT 规划路径移动至该停靠点并停靠等待（导航过程本身由 RIOT 自主管理，是否复用 [[uc-009-monitor-move-order-until-arrival|UC-009]] 的轮询监听逻辑，TBD 见 Notes）	ea0faab7646a0112fcf19607860a77562cd7f5f02646a7d4ad7717b82c6b5bcc	unresolved-question	needs-question-resolution	hold-for-question-or-reframing	none-found-within-r03-pass	not-approved	out-of-current-destination	map.md#Out-of-scope	是否复用某轮询实现属于后续系统设计。	89101e1982ffb681757c08f75ec8fc6a4ab22ea42c1ea8a517d99758d63c0856
PCR-0235	R03-A3072	R03	R03-46	requirement-documents/03-use-cases/11-agv-parking/uc-041-return-idle-agv-to-parking-point.md	line 100	UC-041 空闲AGV自动返回停靠点 > 异常流程 > E1.2 该 AGV 当前已被禁用	该 AGV 启用后，若仍处于空闲状态，需等待下一次空闲事件触发（或由管理员通过其他方式手动移动，具体是否需要单独提供手动移动入口 TBD）	该 AGV 启用后，若仍处于空闲状态，需等待下一次空闲事件触发（或由管理员通过其他方式手动移动，具体是否需要单独提供手动移动入口 TBD）	028046018ad54c5da14d077d937200586435f1b4bd0d91ac2279cb9939a7d314	unresolved-question	needs-question-resolution	hold-for-question-or-reframing	none-found-within-r03-pass	not-approved	graduate-hitl-question	issues/76-decide-idle-return-parking-point-eligibility-and-arbitration.md	问题已能按业务后果精确表述，并由《决定空闲返回、停靠点资格与调度竞争边界》统一承载；原声明保持未批准。	4c987a80afc272e4ae21482c054c0a4e41e701d34b5185a64e3436f37cff7e65
PCR-0236	R03-A3078	R03	R03-46	requirement-documents/03-use-cases/11-agv-parking/uc-041-return-idle-agv-to-parking-point.md	line 112	UC-041 空闲AGV自动返回停靠点 > 异常流程 > E3.1 停靠移动指令下发失败/超时	系统自动重试（具体重试次数/间隔 TBD）	系统自动重试（具体重试次数/间隔 TBD）	1df633bca2a6ec530dda7da0e9dc5f86501957392e0be74b304945e57086bb71	unresolved-question	needs-question-resolution	hold-for-question-or-reframing	none-found-within-r03-pass	not-approved	graduate-hitl-question	issues/73-decide-monitoring-freshness-alert-retry-and-log-retention.md	问题已能按业务后果精确表述，并由《决定监控新鲜度、告警升级、重试与日志留存规则》统一承载；原声明保持未批准。	3d8e2493612403d2d3d42ad64a0cdde44f0ab348d00aa27d51cd64cc80427c48
PCR-0237	R03-A3080	R03	R03-46	requirement-documents/03-use-cases/11-agv-parking/uc-041-return-idle-agv-to-parking-point.md	line 114	UC-041 空闲AGV自动返回停靠点 > 异常流程 > E3.1 停靠移动指令下发失败/超时	IT/软件维护人员或 AGV 运维/调度管理员排查并修复 RIOT 接口/网络异常后，可等待下一次空闲事件重新触发，或视需要提供人工重试入口（TBD）	IT/软件维护人员或 AGV 运维/调度管理员排查并修复 RIOT 接口/网络异常后，可等待下一次空闲事件重新触发，或视需要提供人工重试入口（TBD）	b017bf9b06a36b0ae2bd1b67770a29a9ed6d9e1839c4100aa10f3f284c77d3f2	unresolved-question	needs-question-resolution	hold-for-question-or-reframing	none-found-within-r03-pass	not-approved	graduate-hitl-question	issues/73-decide-monitoring-freshness-alert-retry-and-log-retention.md	问题已能按业务后果精确表述，并由《决定监控新鲜度、告警升级、重试与日志留存规则》统一承载；原声明保持未批准。	ffe940edf3e2f6ecb1e65a6f2453ceb92aea82d25e2d95cca4ad9f5696850b70
PCR-0238	R09-A0027	R09	R09-03	docs/adr/mes/0003-charging-hang-auto-reassign.md	line 3	充电 OrderHang 由 MES 自动改派其它充电桩 > Decision	如何选桩与重试上限另条决策冻结。	充电失败进入 OrderHang 后，MES 自动选择备用充电桩并重派充电任务；不以 HangContinue 作为充电失败的默认恢复。改派前**必须先 CANCEL** 旧 HANG 单并确认终态，再下新充电单。如何选桩与重试上限另条决策冻结。	62fe125a172e408827228dde639f486220077c1c69416000e52fefde61545c33	unresolved-product-or-contract-question	needs-question-resolution	hold-for-question-or-reframing	none-found-within-r09-pass	not-approved	needs-atomic-reframing	issues/59-decide-charge-failure-reassignment-station-filter-and-queueing-policy.md;issues/75-decide-charging-threshold-configuration-and-abnormal-lifecycle.md	原声明混合多个业务后果、实现机制、历史状态或已决与未决部分，不能整体批准；相关原子问题已另行指向。	ac7a112c6cbe4f54e5e5925f94cfe0bb1c16ac01411de9b4f9140ac4e92d4e43
PCR-0239	R09-A0085	R09	R09-07	docs/adr/mes/0007-mes-ingest-tech-stack.md	line 3	MesIngest 第一期实现技术选型：Service + WPF + SQL Server > Decision	Web UI 与连接池/超时等细项留待后续，不阻塞本决策。	在 [ADR-mes-0006](0006-mes-ingest-vs-dispatch.md) 的产品边界下，第一期用全 C# 交付：Windows Service 常驻（轮询对账、SQL Server 投影、Kestrel 只读 API），WPF 仅作可开关盯盘客户端；关 WPF 不停 Service。投影库用 SQL Server。Oracle 默认 Thin，保留 Thick+Instant Client 可切换，并以工厂连通探针验收（现网为 11g，Thin 可能失败则改配置，不改业务代码）。正式 SQL 以仓库 `mes/queries/` 为开发期唯一原稿，构建时拷入安装目录旁的 `queries/`，禁止在工程内另维护会漂移的 SQL 副本。凭证可配置、不进仓库。Web UI 与连接池/超时等细项留待后续，不阻塞本决策。	4b11e3a9c0119abbd8a8da34ac2649bff126d29fd6d5fcadba328c5a2a5a5784	unresolved-product-or-contract-question	needs-question-resolution	hold-for-question-or-reframing	none-found-within-r09-pass	not-approved	out-of-current-destination	map.md#Out-of-scope	Web UI、连接池和超时细项属于实现与交付设计。	ca76f2befbdc3987575daf810539441f6d00a1a9db3bc35096f8f9c9be606e64
PCR-0240	R12-A0061	R12	R12-17	.scratch/mes-ingest-phase-1/spec.md	line 71	MesIngest Phase 1 > Implementation Decisions > Boundary and phases	Product boundary follows ADR-mes-0006: MesIngest only; dispatch thick states are out of this delivery.	Product boundary follows ADR-mes-0006: MesIngest only; dispatch thick states are out of this delivery.	4618f07a4fc61054fd629d0f99281a3897875f666afaa306fb9c5046eeca17b9	mixed-historical-spec-claim-needing-owner-classification	needs-atomic-reframing-before-approval	hold-for-question-or-reframing	BOUND-R12-001	not-approved	out-of-current-destination	map.md#Out-of-scope	历史 MesIngest 交付边界不是当前需求基线的业务问题。	77ad5ab3ee7e38bfed0816176369e3fd824382f8755847f20a9599128facfcf3
PCR-0241	R12-A0095	R12	R12-17	.scratch/mes-ingest-phase-1/spec.md	line 113	MesIngest Phase 1 > Implementation Decisions > SQL / Oracle / deploy	Python meslab remains lab/evidence tooling only.	Python meslab remains lab/evidence tooling only.	3e791bfc376f5a9665deeee7d77f81e8b8a52b55e92edb8423f96f12afb86e21	mixed-historical-spec-claim-needing-owner-classification	needs-atomic-reframing-before-approval	hold-for-question-or-reframing	BOUND-R12-001	not-approved	out-of-current-destination	map.md#Out-of-scope	历史实验工具技术边界不是当前需求基线的业务问题。	a90550f705ed8e95a92e0db268892ddb55135d7ffe90091df35496fc67509a1f
