"candidate_id"	"batch_id"	"source_record_id"	"source_path"	"source_sha256"	"exact_location"	"section_path"	"statement_text"	"source_context"	"statement_fingerprint"	"candidate_class"	"source_claim_status"	"applicable_scope"	"baseline_route"	"duplicate_or_derivation"	"conflict_pointer"	"approval_state"	"approval_gap"
"R05-A0001"	"R05"	"R05-01"	"requirement-documents/05-test-cases/01-site-operations/tc-001-pending-slot-exists-pass.md"	"43855625b2474f4721c25c25f5fe7cbb3db95cc2ce8af986348fe03110425c4a"	"line 17"	"TC-001 无剩余任务时本站结束资格通过 > Preconditions 前置条件"	"车辆满足 StationDepartureWaiting，操作员身份有效，当前无剩余待装任务。"	"车辆满足 StationDepartureWaiting，操作员身份有效，当前无剩余待装任务。"	"3925d6ebaecf34a81c1ce1f9ca6a47176b82a9cf8dc20249afb1c8e6c308b037"	"identity-security-acceptance-candidate"	"unapproved-unexecuted-internal-derived-acceptance-draft"	"8005-identity-role-and-session"	"needs-security-role-owner-and-explicit-approval"	"document-route:R05-C1; scenario:TC-001; scenario-role:precondition; upstream-fr:FR-003; upstream-uc:UC-002; formation-history:H1:ecd0fd8-to-493ac5a; `43855625b247` / H1; derived object: FR-003 AC-1"	"TQ-R05-001"	"not-approved"	"role-authorization-source;security-or-business-owner;authoritative-upstream-version;named-approver;approval-date;approved-scope;version-or-sha256-binding"
"R05-A0002"	"R05"	"R05-01"	"requirement-documents/05-test-cases/01-site-operations/tc-001-pending-slot-exists-pass.md"	"43855625b2474f4721c25c25f5fe7cbb3db95cc2ce8af986348fe03110425c4a"	"line 21"	"TC-001 无剩余任务时本站结束资格通过 > Test Steps 测试步骤"	"操作员点击“本站装货完成”。"	"操作员点击“本站装货完成”。"	"05688d8f468519c21d9796830b7bc7a686b01df20da92efc5a60c8ca57db3d38"	"operator-HMI-acceptance-candidate"	"unapproved-unexecuted-internal-derived-acceptance-draft"	"8005-onboard-HMI-and-site-operation"	"needs-operator-product-owner-and-explicit-approval"	"document-route:R05-C1; scenario:TC-001; scenario-role:action; upstream-fr:FR-003; upstream-uc:UC-002; formation-history:H1:ecd0fd8-to-493ac5a; `43855625b247` / H1; derived object: FR-003 AC-1"	"TQ-R05-001"	"not-approved"	"operator-or-product-owner;project-station-or-configuration-scope;authoritative-upstream-version;named-approver;approval-date;approved-scope;version-or-sha256-binding"
"R05-A0003"	"R05"	"R05-01"	"requirement-documents/05-test-cases/01-site-operations/tc-001-pending-slot-exists-pass.md"	"43855625b2474f4721c25c25f5fe7cbb3db95cc2ce8af986348fe03110425c4a"	"line 25"	"TC-001 无剩余任务时本站结束资格通过 > Expected Result 预期结果"	"系统核验通过，无需显示剩余任务二次确认，进入 FR-004。"	"系统核验通过，无需显示剩余任务二次确认，进入 FR-004。"	"f19fe5602f229148ee56d51cba4b937aaf2eec7e4ecf26b6e903bb40d3ef62b8"	"operator-HMI-acceptance-candidate"	"unapproved-unexecuted-internal-derived-acceptance-draft"	"8005-onboard-HMI-and-site-operation"	"needs-operator-product-owner-and-explicit-approval"	"document-route:R05-C1; scenario:TC-001; scenario-role:outcome; upstream-fr:FR-003; upstream-uc:UC-002; formation-history:H1:ecd0fd8-to-493ac5a; `43855625b247` / H1; derived object: FR-003 AC-1"	"TQ-R05-001"	"not-approved"	"operator-or-product-owner;project-station-or-configuration-scope;authoritative-upstream-version;named-approver;approval-date;approved-scope;version-or-sha256-binding"
"R05-A0004"	"R05"	"R05-01"	"requirement-documents/05-test-cases/01-site-operations/tc-001-pending-slot-exists-pass.md"	"43855625b2474f4721c25c25f5fe7cbb3db95cc2ce8af986348fe03110425c4a"	"line 29"	"TC-001 无剩余任务时本站结束资格通过 > Verifies 验证对象"	"FR-003 AC-1"	"FR-003 AC-1"	"238295e8cfac5dcedb685cb4b46dc70c1d70b7e7dd094aa5e6cda901da71cd17"	"verification-traceability-evidence"	"unapproved-unexecuted-internal-derived-acceptance-draft"	"8005-site-operation-and-stop-closure"	"evidence-only"	"document-route:R05-C1; scenario:TC-001; scenario-role:verification; upstream-fr:FR-003; upstream-uc:UC-002; formation-history:H1:ecd0fd8-to-493ac5a; `43855625b247` / H1; derived object: FR-003 AC-1"	"TQ-R05-001"	"not-approved"	"authoritative-upstream-version;named-approver;approval-date;approved-scope;version-or-sha256-binding"
"R05-A0005"	"R05"	"R05-02"	"requirement-documents/05-test-cases/01-site-operations/tc-002-no-pending-slot-reject.md"	"a085fcda33c0de14d19a0f49f80f3bd2d70af13a1c96cdcdb011b2926938083f"	"line 17"	"TC-002 有剩余任务时要求二次确认 > Preconditions 前置条件"	"车辆满足 StationDepartureWaiting，当前仍有两个尚未开始的待装 DemandId。"	"车辆满足 StationDepartureWaiting，当前仍有两个尚未开始的待装 DemandId。"	"78273e4449e4f58e89a842d49018037fc80df6997dd2d5bfec5b4153abf67825"	"internal-state-or-architecture-derivation"	"unapproved-unexecuted-internal-derived-acceptance-draft"	"8005-internal-site-operation-state-model"	"exclude-from-requirement-approval"	"document-route:R05-C1; scenario:TC-002; scenario-role:precondition; upstream-fr:FR-003; upstream-uc:UC-002; formation-history:H1:ecd0fd8-to-493ac5a; `a085fcda33c0` / H1; derived object: FR-003 AC-2"	"TQ-R05-001"	"not-approved"	"authoritative-requirement-source;independent-approval-unit-reframing;authoritative-upstream-version;named-approver;approval-date;approved-scope;version-or-sha256-binding"
"R05-A0006"	"R05"	"R05-02"	"requirement-documents/05-test-cases/01-site-operations/tc-002-no-pending-slot-reject.md"	"a085fcda33c0de14d19a0f49f80f3bd2d70af13a1c96cdcdb011b2926938083f"	"line 21"	"TC-002 有剩余任务时要求二次确认 > Test Steps 测试步骤"	"操作员点击“本站装货完成”，随后分别取消和确认二次提示。"	"操作员点击“本站装货完成”，随后分别取消和确认二次提示。"	"50f33abf5ffc80c7770344982ec6934c67dfc1d1253b8f60433df6f42f38f566"	"operator-HMI-acceptance-candidate"	"unapproved-unexecuted-internal-derived-acceptance-draft"	"8005-onboard-HMI-and-site-operation"	"needs-operator-product-owner-and-explicit-approval"	"document-route:R05-C1; scenario:TC-002; scenario-role:action; upstream-fr:FR-003; upstream-uc:UC-002; formation-history:H1:ecd0fd8-to-493ac5a; `a085fcda33c0` / H1; derived object: FR-003 AC-2"	"TQ-R05-001"	"not-approved"	"operator-or-product-owner;project-station-or-configuration-scope;authoritative-upstream-version;named-approver;approval-date;approved-scope;version-or-sha256-binding"
"R05-A0007"	"R05"	"R05-02"	"requirement-documents/05-test-cases/01-site-operations/tc-002-no-pending-slot-reject.md"	"a085fcda33c0de14d19a0f49f80f3bd2d70af13a1c96cdcdb011b2926938083f"	"line 25"	"TC-002 有剩余任务时要求二次确认 > Expected Result 预期结果"	"界面明确显示将取消 2 个任务；"	"界面明确显示将取消 2 个任务；取消提示时不结束本站，确认后才进入 FR-004。"	"62db3f45f4ae08e962036c4b30489fdc298bde3c4bb28ecf18f8404534dd0f59"	"operator-HMI-acceptance-candidate"	"unapproved-unexecuted-internal-derived-acceptance-draft"	"8005-onboard-HMI-and-site-operation"	"needs-operator-product-owner-and-explicit-approval"	"document-route:R05-C1; scenario:TC-002; scenario-role:outcome; upstream-fr:FR-003; upstream-uc:UC-002; formation-history:H1:ecd0fd8-to-493ac5a; `a085fcda33c0` / H1; derived object: FR-003 AC-2"	"TQ-R05-001"	"not-approved"	"operator-or-product-owner;project-station-or-configuration-scope;authoritative-upstream-version;named-approver;approval-date;approved-scope;version-or-sha256-binding"
"R05-A0008"	"R05"	"R05-02"	"requirement-documents/05-test-cases/01-site-operations/tc-002-no-pending-slot-reject.md"	"a085fcda33c0de14d19a0f49f80f3bd2d70af13a1c96cdcdb011b2926938083f"	"line 25"	"TC-002 有剩余任务时要求二次确认 > Expected Result 预期结果"	"取消提示时不结束本站，确认后才进入 FR-004。"	"界面明确显示将取消 2 个任务；取消提示时不结束本站，确认后才进入 FR-004。"	"6e9e43f4842aae8d97a42c7e5e4bebe3be6bf9a6e186fa519e119db1b87d51ef"	"operator-HMI-acceptance-candidate"	"unapproved-unexecuted-internal-derived-acceptance-draft"	"8005-onboard-HMI-and-site-operation"	"needs-operator-product-owner-and-explicit-approval"	"document-route:R05-C1; scenario:TC-002; scenario-role:outcome; upstream-fr:FR-003; upstream-uc:UC-002; formation-history:H1:ecd0fd8-to-493ac5a; `a085fcda33c0` / H1; derived object: FR-003 AC-2"	"TQ-R05-001"	"not-approved"	"operator-or-product-owner;project-station-or-configuration-scope;authoritative-upstream-version;named-approver;approval-date;approved-scope;version-or-sha256-binding"
"R05-A0009"	"R05"	"R05-02"	"requirement-documents/05-test-cases/01-site-operations/tc-002-no-pending-slot-reject.md"	"a085fcda33c0de14d19a0f49f80f3bd2d70af13a1c96cdcdb011b2926938083f"	"line 29"	"TC-002 有剩余任务时要求二次确认 > Verifies 验证对象"	"FR-003 AC-2"	"FR-003 AC-2"	"d6eaf946abdab59dd7cccd393b50ed1edd29178c280af6338a4ed20d9ae63342"	"verification-traceability-evidence"	"unapproved-unexecuted-internal-derived-acceptance-draft"	"8005-site-operation-and-stop-closure"	"evidence-only"	"document-route:R05-C1; scenario:TC-002; scenario-role:verification; upstream-fr:FR-003; upstream-uc:UC-002; formation-history:H1:ecd0fd8-to-493ac5a; `a085fcda33c0` / H1; derived object: FR-003 AC-2"	"TQ-R05-001"	"not-approved"	"authoritative-upstream-version;named-approver;approval-date;approved-scope;version-or-sha256-binding"
"R05-A0010"	"R05"	"R05-03"	"requirement-documents/05-test-cases/01-site-operations/tc-003-door-or-curtain-mismatch-reject.md"	"d7654d1627349697bfcc722159cf3dae6221e6300c35d49064c0af7a2ed2f649"	"line 17"	"TC-003 未收敛或状态不明时拒绝本站结束 > Preconditions 前置条件"	"分别准备部分 LoadBatch、待卸任务、LoadCorrectionPending、断联和 DepartureSafe 无效状态。"	"分别准备部分 LoadBatch、待卸任务、LoadCorrectionPending、断联和 DepartureSafe 无效状态。"	"13dc3cfd166ae36d0ed3667fb5d50f2c583a136ff9a5236cef7d4dcb370ff513"	"safety-hardware-acceptance-candidate"	"unapproved-unexecuted-internal-derived-acceptance-draft"	"8005-site-safety-slot-hardware-and-recovery"	"needs-safety-hardware-authority-and-explicit-approval"	"document-route:R05-C1; scenario:TC-003; scenario-role:precondition; upstream-fr:FR-003; upstream-uc:UC-002,UC-046; formation-history:H1:ecd0fd8-to-493ac5a; `d7654d162734` / H1; derived object: FR-003 AC-3"	"none-found-within-r05-pass"	"not-approved"	"hardware-and-IO-version-binding;safety-or-hardware-owner;risk-review-evidence;authoritative-upstream-version;named-approver;approval-date;approved-scope;version-or-sha256-binding"
"R05-A0011"	"R05"	"R05-03"	"requirement-documents/05-test-cases/01-site-operations/tc-003-door-or-curtain-mismatch-reject.md"	"d7654d1627349697bfcc722159cf3dae6221e6300c35d49064c0af7a2ed2f649"	"line 21"	"TC-003 未收敛或状态不明时拒绝本站结束 > Test Steps 测试步骤"	"尝试人工结束本站或推进到自动超时。"	"尝试人工结束本站或推进到自动超时。"	"4bb7d8c5dd35f67de9ab414b4db1519e56b83f5452ac7f7b291a28207b5332c5"	"business-acceptance-action-candidate"	"unapproved-unexecuted-internal-derived-acceptance-draft"	"8005-site-operation-and-stop-closure"	"needs-upstream-source-and-explicit-approval"	"document-route:R05-C1; scenario:TC-003; scenario-role:action; upstream-fr:FR-003; upstream-uc:UC-002,UC-046; formation-history:H1:ecd0fd8-to-493ac5a; `d7654d162734` / H1; derived object: FR-003 AC-3"	"none-found-within-r05-pass"	"not-approved"	"authoritative-upstream-version;named-approver;approval-date;approved-scope;version-or-sha256-binding"
"R05-A0012"	"R05"	"R05-03"	"requirement-documents/05-test-cases/01-site-operations/tc-003-door-or-curtain-mismatch-reject.md"	"d7654d1627349697bfcc722159cf3dae6221e6300c35d49064c0af7a2ed2f649"	"line 25"	"TC-003 未收敛或状态不明时拒绝本站结束 > Expected Result 预期结果"	"每种状态均拒绝 StopClosureCommit，不取消任务、不发车，并给出明确阻断原因。"	"每种状态均拒绝 StopClosureCommit，不取消任务、不发车，并给出明确阻断原因。"	"ad0e0bb3eecdfd49a6f800fa071b83ec031331c50f2e4db184dfc0073353cc2b"	"internal-state-or-architecture-derivation"	"unapproved-unexecuted-internal-derived-acceptance-draft"	"8005-internal-site-operation-state-model"	"exclude-from-requirement-approval"	"document-route:R05-C1; scenario:TC-003; scenario-role:outcome; upstream-fr:FR-003; upstream-uc:UC-002,UC-046; formation-history:H1:ecd0fd8-to-493ac5a; `d7654d162734` / H1; derived object: FR-003 AC-3"	"none-found-within-r05-pass"	"not-approved"	"authoritative-requirement-source;independent-approval-unit-reframing;authoritative-upstream-version;named-approver;approval-date;approved-scope;version-or-sha256-binding"
"R05-A0013"	"R05"	"R05-03"	"requirement-documents/05-test-cases/01-site-operations/tc-003-door-or-curtain-mismatch-reject.md"	"d7654d1627349697bfcc722159cf3dae6221e6300c35d49064c0af7a2ed2f649"	"line 29"	"TC-003 未收敛或状态不明时拒绝本站结束 > Verifies 验证对象"	"FR-003 AC-3"	"FR-003 AC-3"	"96ee241aeb75b4b7979629423c573da5b33100e6805bef628cf278bcd45e7e70"	"verification-traceability-evidence"	"unapproved-unexecuted-internal-derived-acceptance-draft"	"8005-site-operation-and-stop-closure"	"evidence-only"	"document-route:R05-C1; scenario:TC-003; scenario-role:verification; upstream-fr:FR-003; upstream-uc:UC-002,UC-046; formation-history:H1:ecd0fd8-to-493ac5a; `d7654d162734` / H1; derived object: FR-003 AC-3"	"none-found-within-r05-pass"	"not-approved"	"authoritative-upstream-version;named-approver;approval-date;approved-scope;version-or-sha256-binding"
"R05-A0014"	"R05"	"R05-04"	"requirement-documents/05-test-cases/01-site-operations/tc-004-batch-confirm-success-and-record.md"	"e9eb15d41eefb95f5b0c95b3215539293fcbc220bd1635b20d0f0e8be840d8ad"	"line 17"	"TC-004 整站结束原子提交 > Preconditions 前置条件"	"FR-003 核验通过，本站有多个尚未开始的待装任务。"	"FR-003 核验通过，本站有多个尚未开始的待装任务。"	"e32bf64fc964e9cd506c909603063f2e681e33293d9dc328ecfda582d4be2674"	"business-acceptance-precondition-candidate"	"unapproved-unexecuted-internal-derived-acceptance-draft"	"8005-site-operation-and-stop-closure"	"needs-upstream-source-and-explicit-approval"	"document-route:R05-C1; scenario:TC-004; scenario-role:precondition; upstream-fr:FR-004; upstream-uc:UC-002,UC-046; formation-history:H1:ecd0fd8-to-493ac5a; `e9eb15d41eef` / H1; derived object: FR-004 AC-1"	"none-found-within-r05-pass"	"not-approved"	"authoritative-upstream-version;named-approver;approval-date;approved-scope;version-or-sha256-binding"
"R05-A0015"	"R05"	"R05-04"	"requirement-documents/05-test-cases/01-site-operations/tc-004-batch-confirm-success-and-record.md"	"e9eb15d41eefb95f5b0c95b3215539293fcbc220bd1635b20d0f0e8be840d8ad"	"line 21"	"TC-004 整站结束原子提交 > Test Steps 测试步骤"	"分别执行正常提交，并在其中一个取消记录写入时注入失败。"	"分别执行正常提交，并在其中一个取消记录写入时注入失败。"	"aad2ec8278d304a7eed207ced331c8fd0588bbc1955fcfdc9b382fafec1c7798"	"business-acceptance-action-candidate"	"unapproved-unexecuted-internal-derived-acceptance-draft"	"8005-site-operation-and-stop-closure"	"needs-upstream-source-and-explicit-approval"	"document-route:R05-C1; scenario:TC-004; scenario-role:action; upstream-fr:FR-004; upstream-uc:UC-002,UC-046; formation-history:H1:ecd0fd8-to-493ac5a; `e9eb15d41eef` / H1; derived object: FR-004 AC-1"	"none-found-within-r05-pass"	"not-approved"	"authoritative-upstream-version;named-approver;approval-date;approved-scope;version-or-sha256-binding"
"R05-A0016"	"R05"	"R05-04"	"requirement-documents/05-test-cases/01-site-operations/tc-004-batch-confirm-success-and-record.md"	"e9eb15d41eefb95f5b0c95b3215539293fcbc220bd1635b20d0f0e8be840d8ad"	"line 25"	"TC-004 整站结束原子提交 > Expected Result 预期结果"	"正常时本站、全部任务终态、取消抑制和审计一起提交；"	"正常时本站、全部任务终态、取消抑制和审计一起提交；故障时全部回滚。"	"2704483993d01ea255dff3be1dbcde7afc77b23fccb69351ba4216bb3b27bc9b"	"business-acceptance-outcome-candidate"	"unapproved-unexecuted-internal-derived-acceptance-draft"	"8005-site-operation-and-stop-closure"	"hold-for-conflict-decision"	"document-route:R05-C1; scenario:TC-004; scenario-role:outcome; upstream-fr:FR-004; upstream-uc:UC-002,UC-046; formation-history:H1:ecd0fd8-to-493ac5a; `e9eb15d41eef` / H1; derived object: FR-004 AC-1"	"CF-R01-001"	"not-approved"	"authoritative-upstream-version;named-approver;approval-date;approved-scope;version-or-sha256-binding"
"R05-A0017"	"R05"	"R05-04"	"requirement-documents/05-test-cases/01-site-operations/tc-004-batch-confirm-success-and-record.md"	"e9eb15d41eefb95f5b0c95b3215539293fcbc220bd1635b20d0f0e8be840d8ad"	"line 25"	"TC-004 整站结束原子提交 > Expected Result 预期结果"	"故障时全部回滚。"	"正常时本站、全部任务终态、取消抑制和审计一起提交；故障时全部回滚。"	"b4db91745e57f0eb10ad83345a1ab9b5b8fcb85548ab400a6e864e1fcba8540f"	"safety-hardware-acceptance-candidate"	"unapproved-unexecuted-internal-derived-acceptance-draft"	"8005-site-safety-slot-hardware-and-recovery"	"needs-safety-hardware-authority-and-explicit-approval"	"document-route:R05-C1; scenario:TC-004; scenario-role:outcome; upstream-fr:FR-004; upstream-uc:UC-002,UC-046; formation-history:H1:ecd0fd8-to-493ac5a; `e9eb15d41eef` / H1; derived object: FR-004 AC-1"	"none-found-within-r05-pass"	"not-approved"	"hardware-and-IO-version-binding;safety-or-hardware-owner;risk-review-evidence;authoritative-upstream-version;named-approver;approval-date;approved-scope;version-or-sha256-binding"
"R05-A0018"	"R05"	"R05-04"	"requirement-documents/05-test-cases/01-site-operations/tc-004-batch-confirm-success-and-record.md"	"e9eb15d41eefb95f5b0c95b3215539293fcbc220bd1635b20d0f0e8be840d8ad"	"line 29"	"TC-004 整站结束原子提交 > Verifies 验证对象"	"FR-004 AC-1"	"FR-004 AC-1"	"b7f36a635048c93ccfce846aead35b2f5265617e422693ce1749f7bf92ab49c4"	"verification-traceability-evidence"	"unapproved-unexecuted-internal-derived-acceptance-draft"	"8005-site-operation-and-stop-closure"	"evidence-only"	"document-route:R05-C1; scenario:TC-004; scenario-role:verification; upstream-fr:FR-004; upstream-uc:UC-002,UC-046; formation-history:H1:ecd0fd8-to-493ac5a; `e9eb15d41eef` / H1; derived object: FR-004 AC-1"	"none-found-within-r05-pass"	"not-approved"	"authoritative-upstream-version;named-approver;approval-date;approved-scope;version-or-sha256-binding"
"R05-A0019"	"R05"	"R05-05"	"requirement-documents/05-test-cases/01-site-operations/tc-005-session-closure-on-confirm.md"	"a24a2e08abb561529d25e56ce8b130bf8c4dcaa886c21025f248b86eb0da3fe8"	"line 17"	"TC-005 整站提交立即结束操作会话 > Preconditions 前置条件"	"OperationSession 和 OnboardOperatorContext 有效。"	"OperationSession 和 OnboardOperatorContext 有效。"	"c1f2ffb419df9c87d7f0564466fa38d932eb4b88506c5cc62dc8d83494535a5b"	"internal-state-or-architecture-derivation"	"unapproved-unexecuted-internal-derived-acceptance-draft"	"8005-internal-site-operation-state-model"	"exclude-from-requirement-approval"	"document-route:R05-C1; scenario:TC-005; scenario-role:precondition; upstream-fr:FR-004,FR-013; upstream-uc:UC-002,UC-043,UC-046; formation-history:H1:ecd0fd8-to-493ac5a; `a24a2e08abb5` / H1; derived object: FR-004 AC-2"	"none-found-within-r05-pass"	"not-approved"	"authoritative-requirement-source;independent-approval-unit-reframing;authoritative-upstream-version;named-approver;approval-date;approved-scope;version-or-sha256-binding"
"R05-A0020"	"R05"	"R05-05"	"requirement-documents/05-test-cases/01-site-operations/tc-005-session-closure-on-confirm.md"	"a24a2e08abb561529d25e56ce8b130bf8c4dcaa886c21025f248b86eb0da3fe8"	"line 21"	"TC-005 整站提交立即结束操作会话 > Test Steps 测试步骤"	"完成 StopClosureCommit，但暂不让 RIoT 移动成功。"	"完成 StopClosureCommit，但暂不让 RIoT 移动成功。"	"f18747dd5cd25020f87703ed109c22be10d8b1e8af9aae3600db8a7330ce4e8a"	"internal-state-or-architecture-derivation"	"unapproved-unexecuted-internal-derived-acceptance-draft"	"8005-internal-site-operation-state-model"	"exclude-from-requirement-approval"	"document-route:R05-C1; scenario:TC-005; scenario-role:action; upstream-fr:FR-004,FR-013; upstream-uc:UC-002,UC-043,UC-046; formation-history:H1:ecd0fd8-to-493ac5a; `a24a2e08abb5` / H1; derived object: FR-004 AC-2"	"none-found-within-r05-pass"	"not-approved"	"authoritative-requirement-source;independent-approval-unit-reframing;authoritative-upstream-version;named-approver;approval-date;approved-scope;version-or-sha256-binding"
"R05-A0021"	"R05"	"R05-05"	"requirement-documents/05-test-cases/01-site-operations/tc-005-session-closure-on-confirm.md"	"a24a2e08abb561529d25e56ce8b130bf8c4dcaa886c21025f248b86eb0da3fe8"	"line 25"	"TC-005 整站提交立即结束操作会话 > Expected Result 预期结果"	"操作会话已经结束、车载工号已经清除，本站扫码与纠错入口保持关闭。"	"操作会话已经结束、车载工号已经清除，本站扫码与纠错入口保持关闭。"	"2843b7eabebb500a681958c6840e737c5d8c5bfe665bda8a20173f775fa6f557"	"identity-security-acceptance-candidate"	"unapproved-unexecuted-internal-derived-acceptance-draft"	"8005-identity-role-and-session"	"needs-security-role-owner-and-explicit-approval"	"document-route:R05-C1; scenario:TC-005; scenario-role:outcome; upstream-fr:FR-004,FR-013; upstream-uc:UC-002,UC-043,UC-046; formation-history:H1:ecd0fd8-to-493ac5a; `a24a2e08abb5` / H1; derived object: FR-004 AC-2"	"none-found-within-r05-pass"	"not-approved"	"role-authorization-source;security-or-business-owner;authoritative-upstream-version;named-approver;approval-date;approved-scope;version-or-sha256-binding"
"R05-A0022"	"R05"	"R05-05"	"requirement-documents/05-test-cases/01-site-operations/tc-005-session-closure-on-confirm.md"	"a24a2e08abb561529d25e56ce8b130bf8c4dcaa886c21025f248b86eb0da3fe8"	"line 29"	"TC-005 整站提交立即结束操作会话 > Verifies 验证对象"	"FR-004 AC-2"	"FR-004 AC-2"	"e808a463bea06d670e39f1818f26f9a21526be5b758d0b21dd6b9de626383d67"	"verification-traceability-evidence"	"unapproved-unexecuted-internal-derived-acceptance-draft"	"8005-site-operation-and-stop-closure"	"evidence-only"	"document-route:R05-C1; scenario:TC-005; scenario-role:verification; upstream-fr:FR-004,FR-013; upstream-uc:UC-002,UC-043,UC-046; formation-history:H1:ecd0fd8-to-493ac5a; `a24a2e08abb5` / H1; derived object: FR-004 AC-2"	"none-found-within-r05-pass"	"not-approved"	"authoritative-upstream-version;named-approver;approval-date;approved-scope;version-or-sha256-binding"
"R05-A0023"	"R05"	"R05-06"	"requirement-documents/05-test-cases/01-site-operations/tc-006-confirm-non-reversible.md"	"cd04d344761829487dba79d23e1029ab9283992474dd6b95c48081efa582dc91"	"line 17"	"TC-006 发车失败不撤销整站结束 > Preconditions 前置条件"	"StopClosureCommit 已成功。"	"StopClosureCommit 已成功。"	"42e8e66ebb9c0d39e51c9064d384fd3bd67054666a0d66bef01fcb00e66e8c70"	"internal-state-or-architecture-derivation"	"unapproved-unexecuted-internal-derived-acceptance-draft"	"8005-internal-site-operation-state-model"	"exclude-from-requirement-approval"	"document-route:R05-C1; scenario:TC-006; scenario-role:precondition; upstream-fr:FR-004; upstream-uc:UC-002,UC-046; formation-history:H1:ecd0fd8-to-493ac5a; `cd04d3447618` / H1; derived object: FR-004 AC-4"	"none-found-within-r05-pass"	"not-approved"	"authoritative-requirement-source;independent-approval-unit-reframing;authoritative-upstream-version;named-approver;approval-date;approved-scope;version-or-sha256-binding"
"R05-A0024"	"R05"	"R05-06"	"requirement-documents/05-test-cases/01-site-operations/tc-006-confirm-non-reversible.md"	"cd04d344761829487dba79d23e1029ab9283992474dd6b95c48081efa582dc91"	"line 21"	"TC-006 发车失败不撤销整站结束 > Test Steps 测试步骤"	"使 RIoT 移动请求失败。"	"使 RIoT 移动请求失败。"	"d729fe266644c1620f220e327576ee923bc4e2074fb29ddaae73b2a467fbf7c3"	"business-acceptance-action-candidate"	"unapproved-unexecuted-internal-derived-acceptance-draft"	"8005-site-operation-and-stop-closure"	"needs-upstream-source-and-explicit-approval"	"document-route:R05-C1; scenario:TC-006; scenario-role:action; upstream-fr:FR-004; upstream-uc:UC-002,UC-046; formation-history:H1:ecd0fd8-to-493ac5a; `cd04d3447618` / H1; derived object: FR-004 AC-4"	"none-found-within-r05-pass"	"not-approved"	"authoritative-upstream-version;named-approver;approval-date;approved-scope;version-or-sha256-binding"
"R05-A0025"	"R05"	"R05-06"	"requirement-documents/05-test-cases/01-site-operations/tc-006-confirm-non-reversible.md"	"cd04d344761829487dba79d23e1029ab9283992474dd6b95c48081efa582dc91"	"line 25"	"TC-006 发车失败不撤销整站结束 > Expected Result 预期结果"	"系统保留本站结束、任务取消和会话终结，显示等待发车重试并报警，不恢复本站操作。"	"系统保留本站结束、任务取消和会话终结，显示等待发车重试并报警，不恢复本站操作。"	"42957ce85b0810410bd01381c161a71c8c019efd0de4bf8ed3f88fbf15ef9f0a"	"operator-HMI-acceptance-candidate"	"unapproved-unexecuted-internal-derived-acceptance-draft"	"8005-onboard-HMI-and-site-operation"	"needs-operator-product-owner-and-explicit-approval"	"document-route:R05-C1; scenario:TC-006; scenario-role:outcome; upstream-fr:FR-004; upstream-uc:UC-002,UC-046; formation-history:H1:ecd0fd8-to-493ac5a; `cd04d3447618` / H1; derived object: FR-004 AC-4"	"none-found-within-r05-pass"	"not-approved"	"operator-or-product-owner;project-station-or-configuration-scope;authoritative-upstream-version;named-approver;approval-date;approved-scope;version-or-sha256-binding"
"R05-A0026"	"R05"	"R05-06"	"requirement-documents/05-test-cases/01-site-operations/tc-006-confirm-non-reversible.md"	"cd04d344761829487dba79d23e1029ab9283992474dd6b95c48081efa582dc91"	"line 29"	"TC-006 发车失败不撤销整站结束 > Verifies 验证对象"	"FR-004 AC-4"	"FR-004 AC-4"	"ba7a7148710e9ec1aa67bf61d326a3820ea6dde83114efb98172b37f03864129"	"verification-traceability-evidence"	"unapproved-unexecuted-internal-derived-acceptance-draft"	"8005-site-operation-and-stop-closure"	"evidence-only"	"document-route:R05-C1; scenario:TC-006; scenario-role:verification; upstream-fr:FR-004; upstream-uc:UC-002,UC-046; formation-history:H1:ecd0fd8-to-493ac5a; `cd04d3447618` / H1; derived object: FR-004 AC-4"	"none-found-within-r05-pass"	"not-approved"	"authoritative-upstream-version;named-approver;approval-date;approved-scope;version-or-sha256-binding"
"R05-A0027"	"R05"	"R05-07"	"requirement-documents/05-test-cases/01-site-operations/tc-007-retrieval-eligibility-pass.md"	"1dc47afac3b1c9246246ca996dd6281c6d6b37141aa35494c2c56413a49377f4"	"line 17"	"TC-007 原仓位纠错资格通过 > Preconditions 前置条件"	"LoadBatch 已自动提交，但 StopClosureCommit 尚未发生；"	"LoadBatch 已自动提交，但 StopClosureCommit 尚未发生；所选仓位属于当前 SUBLOT、已锁闭且实时为 OCCUPIED，没有另一 SUBLOT 的活动物理操作。"	"aaefe3e4540b3d000896e11be363d89a0d960b7bf401088ce4c283c4a5df1520"	"internal-state-or-architecture-derivation"	"unapproved-unexecuted-internal-derived-acceptance-draft"	"8005-internal-site-operation-state-model"	"exclude-from-requirement-approval"	"document-route:R05-C1; scenario:TC-007; scenario-role:precondition; upstream-fr:FR-005; upstream-uc:UC-005; formation-history:H1:ecd0fd8-to-493ac5a; `1dc47afac3b1` / H1; derived object: FR-005 AC-1"	"none-found-within-r05-pass"	"not-approved"	"authoritative-requirement-source;independent-approval-unit-reframing;authoritative-upstream-version;named-approver;approval-date;approved-scope;version-or-sha256-binding"
"R05-A0028"	"R05"	"R05-07"	"requirement-documents/05-test-cases/01-site-operations/tc-007-retrieval-eligibility-pass.md"	"1dc47afac3b1c9246246ca996dd6281c6d6b37141aa35494c2c56413a49377f4"	"line 17"	"TC-007 原仓位纠错资格通过 > Preconditions 前置条件"	"所选仓位属于当前 SUBLOT、已锁闭且实时为 OCCUPIED，没有另一 SUBLOT 的活动物理操作。"	"LoadBatch 已自动提交，但 StopClosureCommit 尚未发生；所选仓位属于当前 SUBLOT、已锁闭且实时为 OCCUPIED，没有另一 SUBLOT 的活动物理操作。"	"cf85d7ac2f16ae0fbfb68dce5f36ea739437a8c600e798b66785a15ccf7d763e"	"business-acceptance-precondition-candidate"	"unapproved-unexecuted-internal-derived-acceptance-draft"	"8005-site-operation-and-stop-closure"	"needs-upstream-source-and-explicit-approval"	"document-route:R05-C1; scenario:TC-007; scenario-role:precondition; upstream-fr:FR-005; upstream-uc:UC-005; formation-history:H1:ecd0fd8-to-493ac5a; `1dc47afac3b1` / H1; derived object: FR-005 AC-1"	"none-found-within-r05-pass"	"not-approved"	"authoritative-upstream-version;named-approver;approval-date;approved-scope;version-or-sha256-binding"
"R05-A0029"	"R05"	"R05-07"	"requirement-documents/05-test-cases/01-site-operations/tc-007-retrieval-eligibility-pass.md"	"1dc47afac3b1c9246246ca996dd6281c6d6b37141aa35494c2c56413a49377f4"	"line 21"	"TC-007 原仓位纠错资格通过 > Test Steps 测试步骤"	"已核验操作员选择放错的原仓位，发起“取出重放”。"	"已核验操作员选择放错的原仓位，发起“取出重放”。"	"3c53e0edf805141573003066e1ffb06711cdb952537208c65a463211e6cf4549"	"business-acceptance-action-candidate"	"unapproved-unexecuted-internal-derived-acceptance-draft"	"8005-site-operation-and-stop-closure"	"needs-upstream-source-and-explicit-approval"	"document-route:R05-C1; scenario:TC-007; scenario-role:action; upstream-fr:FR-005; upstream-uc:UC-005; formation-history:H1:ecd0fd8-to-493ac5a; `1dc47afac3b1` / H1; derived object: FR-005 AC-1"	"none-found-within-r05-pass"	"not-approved"	"authoritative-upstream-version;named-approver;approval-date;approved-scope;version-or-sha256-binding"
"R05-A0030"	"R05"	"R05-07"	"requirement-documents/05-test-cases/01-site-operations/tc-007-retrieval-eligibility-pass.md"	"1dc47afac3b1c9246246ca996dd6281c6d6b37141aa35494c2c56413a49377f4"	"line 25"	"TC-007 原仓位纠错资格通过 > Expected Result 预期结果"	"服务端在原 SlotOperationAttemptId 下授权只包含所选原仓位的 LoadCorrection，停止离站倒计时且不撤销原 LoadBatch 提交。"	"服务端在原 SlotOperationAttemptId 下授权只包含所选原仓位的 LoadCorrection，停止离站倒计时且不撤销原 LoadBatch 提交。"	"0fa99d1a21a270fd217fd1db15ae9937fc1d574321d8f3245bdd97ecab89a37e"	"operator-HMI-acceptance-candidate"	"unapproved-unexecuted-internal-derived-acceptance-draft"	"8005-onboard-HMI-and-site-operation"	"needs-operator-product-owner-and-explicit-approval"	"document-route:R05-C1; scenario:TC-007; scenario-role:outcome; upstream-fr:FR-005; upstream-uc:UC-005; formation-history:H1:ecd0fd8-to-493ac5a; `1dc47afac3b1` / H1; derived object: FR-005 AC-1"	"none-found-within-r05-pass"	"not-approved"	"operator-or-product-owner;project-station-or-configuration-scope;authoritative-upstream-version;named-approver;approval-date;approved-scope;version-or-sha256-binding"
"R05-A0031"	"R05"	"R05-07"	"requirement-documents/05-test-cases/01-site-operations/tc-007-retrieval-eligibility-pass.md"	"1dc47afac3b1c9246246ca996dd6281c6d6b37141aa35494c2c56413a49377f4"	"line 29"	"TC-007 原仓位纠错资格通过 > Verifies 验证对象"	"[[fr-005-mis-stored-retrieval-eligibility-check|FR-005]] AC-1"	"[[fr-005-mis-stored-retrieval-eligibility-check|FR-005]] AC-1"	"1c9a998e64df1232bb6c8d29e4e71bdbb2235e21120530813052d3ca61373dd2"	"verification-traceability-evidence"	"unapproved-unexecuted-internal-derived-acceptance-draft"	"8005-site-operation-and-stop-closure"	"evidence-only"	"document-route:R05-C1; scenario:TC-007; scenario-role:verification; upstream-fr:FR-005; upstream-uc:UC-005; formation-history:H1:ecd0fd8-to-493ac5a; `1dc47afac3b1` / H1; derived object: FR-005 AC-1"	"none-found-within-r05-pass"	"not-approved"	"authoritative-upstream-version;named-approver;approval-date;approved-scope;version-or-sha256-binding"
"R05-A0032"	"R05"	"R05-08"	"requirement-documents/05-test-cases/01-site-operations/tc-008-retrieval-eligibility-reject.md"	"41e45164edc1acbba4e75725935a788c2ec383d15f10762043d9ac6641e40e47"	"line 17"	"TC-008 不合法纠错状态拒绝 > Preconditions 前置条件"	"分别准备 StopClosureCommit 已发生、车辆已离站、所选仓位不属于当前 SUBLOT/不是 OCCUPIED，或另一 SUBLOT 正在执行物理操作。"	"分别准备 StopClosureCommit 已发生、车辆已离站、所选仓位不属于当前 SUBLOT/不是 OCCUPIED，或另一 SUBLOT 正在执行物理操作。"	"23ff7a6ad92518fb50e662e60c676e120b52d1a7547064f12a64fb066008dc1e"	"internal-state-or-architecture-derivation"	"unapproved-unexecuted-internal-derived-acceptance-draft"	"8005-internal-site-operation-state-model"	"exclude-from-requirement-approval"	"document-route:R05-C1; scenario:TC-008; scenario-role:precondition; upstream-fr:FR-005; upstream-uc:UC-005; formation-history:H1:ecd0fd8-to-493ac5a; `41e45164edc1` / H1; derived object: FR-005 AC-2"	"none-found-within-r05-pass"	"not-approved"	"authoritative-requirement-source;independent-approval-unit-reframing;authoritative-upstream-version;named-approver;approval-date;approved-scope;version-or-sha256-binding"
"R05-A0033"	"R05"	"R05-08"	"requirement-documents/05-test-cases/01-site-operations/tc-008-retrieval-eligibility-reject.md"	"41e45164edc1acbba4e75725935a788c2ec383d15f10762043d9ac6641e40e47"	"line 21"	"TC-008 不合法纠错状态拒绝 > Test Steps 测试步骤"	"操作员请求对所选仓位执行 LoadCorrection。"	"操作员请求对所选仓位执行 LoadCorrection。"	"e8e3aa83b351b866ce221e0246fc0cf903582c1968cd743708f6c00dca4d0a96"	"business-acceptance-action-candidate"	"unapproved-unexecuted-internal-derived-acceptance-draft"	"8005-site-operation-and-stop-closure"	"needs-upstream-source-and-explicit-approval"	"document-route:R05-C1; scenario:TC-008; scenario-role:action; upstream-fr:FR-005; upstream-uc:UC-005; formation-history:H1:ecd0fd8-to-493ac5a; `41e45164edc1` / H1; derived object: FR-005 AC-2"	"none-found-within-r05-pass"	"not-approved"	"authoritative-upstream-version;named-approver;approval-date;approved-scope;version-or-sha256-binding"
"R05-A0034"	"R05"	"R05-08"	"requirement-documents/05-test-cases/01-site-operations/tc-008-retrieval-eligibility-reject.md"	"41e45164edc1acbba4e75725935a788c2ec383d15f10762043d9ac6641e40e47"	"line 25"	"TC-008 不合法纠错状态拒绝 > Expected Result 预期结果"	"系统拒绝且不打开仓门；"	"系统拒绝且不打开仓门；StopClosureCommit 已发生时不重新开放本站，已离站时引导异常卸出。"	"47ede0de33486f6d8360f3fec4cb1d17bfd08aa8004cb6855f96867e83dba51f"	"business-acceptance-outcome-candidate"	"unapproved-unexecuted-internal-derived-acceptance-draft"	"8005-site-operation-and-stop-closure"	"needs-upstream-source-and-explicit-approval"	"document-route:R05-C1; scenario:TC-008; scenario-role:outcome; upstream-fr:FR-005; upstream-uc:UC-005; formation-history:H1:ecd0fd8-to-493ac5a; `41e45164edc1` / H1; derived object: FR-005 AC-2"	"none-found-within-r05-pass"	"not-approved"	"authoritative-upstream-version;named-approver;approval-date;approved-scope;version-or-sha256-binding"
"R05-A0035"	"R05"	"R05-08"	"requirement-documents/05-test-cases/01-site-operations/tc-008-retrieval-eligibility-reject.md"	"41e45164edc1acbba4e75725935a788c2ec383d15f10762043d9ac6641e40e47"	"line 25"	"TC-008 不合法纠错状态拒绝 > Expected Result 预期结果"	"StopClosureCommit 已发生时不重新开放本站，已离站时引导异常卸出。"	"系统拒绝且不打开仓门；StopClosureCommit 已发生时不重新开放本站，已离站时引导异常卸出。"	"91af263a75e076be3676fa48e3a1d27a797b41059cd6fc67c6d03d0e7384a5b8"	"internal-state-or-architecture-derivation"	"unapproved-unexecuted-internal-derived-acceptance-draft"	"8005-internal-site-operation-state-model"	"exclude-from-requirement-approval"	"document-route:R05-C1; scenario:TC-008; scenario-role:outcome; upstream-fr:FR-005; upstream-uc:UC-005; formation-history:H1:ecd0fd8-to-493ac5a; `41e45164edc1` / H1; derived object: FR-005 AC-2"	"none-found-within-r05-pass"	"not-approved"	"authoritative-requirement-source;independent-approval-unit-reframing;authoritative-upstream-version;named-approver;approval-date;approved-scope;version-or-sha256-binding"
"R05-A0036"	"R05"	"R05-08"	"requirement-documents/05-test-cases/01-site-operations/tc-008-retrieval-eligibility-reject.md"	"41e45164edc1acbba4e75725935a788c2ec383d15f10762043d9ac6641e40e47"	"line 29"	"TC-008 不合法纠错状态拒绝 > Verifies 验证对象"	"[[fr-005-mis-stored-retrieval-eligibility-check|FR-005]] AC-2"	"[[fr-005-mis-stored-retrieval-eligibility-check|FR-005]] AC-2"	"ec27d11dc1c9aab78f69961055b5529dc93c508ad90da74a1cdc4200eb119cc6"	"verification-traceability-evidence"	"unapproved-unexecuted-internal-derived-acceptance-draft"	"8005-site-operation-and-stop-closure"	"evidence-only"	"document-route:R05-C1; scenario:TC-008; scenario-role:verification; upstream-fr:FR-005; upstream-uc:UC-005; formation-history:H1:ecd0fd8-to-493ac5a; `41e45164edc1` / H1; derived object: FR-005 AC-2"	"none-found-within-r05-pass"	"not-approved"	"authoritative-upstream-version;named-approver;approval-date;approved-scope;version-or-sha256-binding"
"R05-A0037"	"R05"	"R05-09"	"requirement-documents/05-test-cases/01-site-operations/tc-009-retrieval-move-interlock-block.md"	"3bb2c3076ec9c2b3f6a326c248235dc7cc970629d9168a416024524564fcc3ed"	"line 17"	"TC-009 移动联锁拒绝纠错开锁 > Preconditions 前置条件"	"FR-005 已授权原仓位纠错；"	"FR-005 已授权原仓位纠错；安全联锁判定 AGV 正在移动。"	"b0e826208bd93bfa2d5388e1f4ca9e40298936930b4a256f122f3c075061a588"	"business-acceptance-precondition-candidate"	"unapproved-unexecuted-internal-derived-acceptance-draft"	"8005-site-operation-and-stop-closure"	"needs-upstream-source-and-explicit-approval"	"document-route:R05-C1; scenario:TC-009; scenario-role:precondition; upstream-fr:FR-006; upstream-uc:UC-004,UC-005; formation-history:H1:ecd0fd8-to-493ac5a; `3bb2c3076ec9` / H1; derived object: FR-006 AC-1"	"none-found-within-r05-pass"	"not-approved"	"authoritative-upstream-version;named-approver;approval-date;approved-scope;version-or-sha256-binding"
"R05-A0038"	"R05"	"R05-09"	"requirement-documents/05-test-cases/01-site-operations/tc-009-retrieval-move-interlock-block.md"	"3bb2c3076ec9c2b3f6a326c248235dc7cc970629d9168a416024524564fcc3ed"	"line 17"	"TC-009 移动联锁拒绝纠错开锁 > Preconditions 前置条件"	"安全联锁判定 AGV 正在移动。"	"FR-005 已授权原仓位纠错；安全联锁判定 AGV 正在移动。"	"38cbc8c77dbc8b50497acb681f127ccffb0f8b750a8f4c08563cf69cfe843a99"	"safety-hardware-acceptance-candidate"	"unapproved-unexecuted-internal-derived-acceptance-draft"	"8005-site-safety-slot-hardware-and-recovery"	"needs-safety-hardware-authority-and-explicit-approval"	"document-route:R05-C1; scenario:TC-009; scenario-role:precondition; upstream-fr:FR-006; upstream-uc:UC-004,UC-005; formation-history:H1:ecd0fd8-to-493ac5a; `3bb2c3076ec9` / H1; derived object: FR-006 AC-1"	"none-found-within-r05-pass"	"not-approved"	"hardware-and-IO-version-binding;safety-or-hardware-owner;risk-review-evidence;authoritative-upstream-version;named-approver;approval-date;approved-scope;version-or-sha256-binding"
"R05-A0039"	"R05"	"R05-09"	"requirement-documents/05-test-cases/01-site-operations/tc-009-retrieval-move-interlock-block.md"	"3bb2c3076ec9c2b3f6a326c248235dc7cc970629d9168a416024524564fcc3ed"	"line 21"	"TC-009 移动联锁拒绝纠错开锁 > Test Steps 测试步骤"	"车载端准备打开纠错仓位。"	"车载端准备打开纠错仓位。"	"336666343c151de1dfb59b31c9abbe149452e7629c1e6f5f7776f71ae47ca25a"	"interface-integration-acceptance-candidate"	"unapproved-unexecuted-internal-derived-acceptance-draft"	"8005-onboard-server-MES-interface"	"needs-interface-owner-source-and-explicit-approval"	"document-route:R05-C1; scenario:TC-009; scenario-role:action; upstream-fr:FR-006; upstream-uc:UC-004,UC-005; formation-history:H1:ecd0fd8-to-493ac5a; `3bb2c3076ec9` / H1; derived object: FR-006 AC-1"	"none-found-within-r05-pass"	"not-approved"	"controlled-interface-version;interface-owner;authoritative-upstream-version;named-approver;approval-date;approved-scope;version-or-sha256-binding"
"R05-A0040"	"R05"	"R05-09"	"requirement-documents/05-test-cases/01-site-operations/tc-009-retrieval-move-interlock-block.md"	"3bb2c3076ec9c2b3f6a326c248235dc7cc970629d9168a416024524564fcc3ed"	"line 25"	"TC-009 移动联锁拒绝纠错开锁 > Expected Result 预期结果"	"系统不输出开锁，保持原任务、SUBLOT、预留和 StationOperationGuard。"	"系统不输出开锁，保持原任务、SUBLOT、预留和 StationOperationGuard。"	"670ceb64509d323627a6ef745b1c4b109da6247bd738d7e1be5012698261d41b"	"safety-hardware-acceptance-candidate"	"unapproved-unexecuted-internal-derived-acceptance-draft"	"8005-site-safety-slot-hardware-and-recovery"	"needs-safety-hardware-authority-and-explicit-approval"	"document-route:R05-C1; scenario:TC-009; scenario-role:outcome; upstream-fr:FR-006; upstream-uc:UC-004,UC-005; formation-history:H1:ecd0fd8-to-493ac5a; `3bb2c3076ec9` / H1; derived object: FR-006 AC-1"	"none-found-within-r05-pass"	"not-approved"	"hardware-and-IO-version-binding;safety-or-hardware-owner;risk-review-evidence;authoritative-upstream-version;named-approver;approval-date;approved-scope;version-or-sha256-binding"
"R05-A0041"	"R05"	"R05-09"	"requirement-documents/05-test-cases/01-site-operations/tc-009-retrieval-move-interlock-block.md"	"3bb2c3076ec9c2b3f6a326c248235dc7cc970629d9168a416024524564fcc3ed"	"line 29"	"TC-009 移动联锁拒绝纠错开锁 > Verifies 验证对象"	"[[fr-006-multi-slot-unlock-retrieval-and-occupancy-rollback|FR-006]] AC-1"	"[[fr-006-multi-slot-unlock-retrieval-and-occupancy-rollback|FR-006]] AC-1"	"02b648595e5ef8d1689ab6016ea121fad39300b883bdf582a44595b3d3707e1a"	"verification-traceability-evidence"	"unapproved-unexecuted-internal-derived-acceptance-draft"	"8005-site-operation-and-stop-closure"	"evidence-only"	"document-route:R05-C1; scenario:TC-009; scenario-role:verification; upstream-fr:FR-006; upstream-uc:UC-004,UC-005; formation-history:H1:ecd0fd8-to-493ac5a; `3bb2c3076ec9` / H1; derived object: FR-006 AC-1"	"none-found-within-r05-pass"	"not-approved"	"authoritative-upstream-version;named-approver;approval-date;approved-scope;version-or-sha256-binding"
"R05-A0042"	"R05"	"R05-10"	"requirement-documents/05-test-cases/01-site-operations/tc-010-retrieval-batch-unlock-success.md"	"0445af6c0df5e2a6104064c4b4f79647967e4fe2e0d0b3be3238c12f6e6658ec"	"line 17"	"TC-010 纠错只打开原仓位 > Preconditions 前置条件"	"AGV 未移动；"	"AGV 未移动；FR-005 已授权一个已锁闭原仓位，当前 SUBLOT 还有其它已装或待装仓位。"	"5ee5caa403bf04fe7ca5026cb82620427678469b611a3295fa5c5419fc8293e2"	"business-acceptance-precondition-candidate"	"unapproved-unexecuted-internal-derived-acceptance-draft"	"8005-site-operation-and-stop-closure"	"needs-upstream-source-and-explicit-approval"	"document-route:R05-C1; scenario:TC-010; scenario-role:precondition; upstream-fr:FR-006; upstream-uc:UC-005; formation-history:H1:ecd0fd8-to-493ac5a; `0445af6c0df5` / H1; derived object: FR-006 AC-2"	"none-found-within-r05-pass"	"not-approved"	"authoritative-upstream-version;named-approver;approval-date;approved-scope;version-or-sha256-binding"
"R05-A0043"	"R05"	"R05-10"	"requirement-documents/05-test-cases/01-site-operations/tc-010-retrieval-batch-unlock-success.md"	"0445af6c0df5e2a6104064c4b4f79647967e4fe2e0d0b3be3238c12f6e6658ec"	"line 17"	"TC-010 纠错只打开原仓位 > Preconditions 前置条件"	"FR-005 已授权一个已锁闭原仓位，当前 SUBLOT 还有其它已装或待装仓位。"	"AGV 未移动；FR-005 已授权一个已锁闭原仓位，当前 SUBLOT 还有其它已装或待装仓位。"	"f75684a8eb74f0dc8fee363197967d326e41c3205856259df198313995508e45"	"business-acceptance-precondition-candidate"	"unapproved-unexecuted-internal-derived-acceptance-draft"	"8005-site-operation-and-stop-closure"	"needs-upstream-source-and-explicit-approval"	"document-route:R05-C1; scenario:TC-010; scenario-role:precondition; upstream-fr:FR-006; upstream-uc:UC-005; formation-history:H1:ecd0fd8-to-493ac5a; `0445af6c0df5` / H1; derived object: FR-006 AC-2"	"none-found-within-r05-pass"	"not-approved"	"authoritative-upstream-version;named-approver;approval-date;approved-scope;version-or-sha256-binding"
"R05-A0044"	"R05"	"R05-10"	"requirement-documents/05-test-cases/01-site-operations/tc-010-retrieval-batch-unlock-success.md"	"0445af6c0df5e2a6104064c4b4f79647967e4fe2e0d0b3be3238c12f6e6658ec"	"line 21"	"TC-010 纠错只打开原仓位 > Test Steps 测试步骤"	"车载端执行 LoadCorrection 开锁。"	"车载端执行 LoadCorrection 开锁。"	"06b1e9f68e54990740a771e47599d0e7d0f2fc5cfaee3390ad8109c4603c2306"	"interface-integration-acceptance-candidate"	"unapproved-unexecuted-internal-derived-acceptance-draft"	"8005-onboard-server-MES-interface"	"needs-interface-owner-source-and-explicit-approval"	"document-route:R05-C1; scenario:TC-010; scenario-role:action; upstream-fr:FR-006; upstream-uc:UC-005; formation-history:H1:ecd0fd8-to-493ac5a; `0445af6c0df5` / H1; derived object: FR-006 AC-2"	"none-found-within-r05-pass"	"not-approved"	"controlled-interface-version;interface-owner;authoritative-upstream-version;named-approver;approval-date;approved-scope;version-or-sha256-binding"
"R05-A0045"	"R05"	"R05-10"	"requirement-documents/05-test-cases/01-site-operations/tc-010-retrieval-batch-unlock-success.md"	"0445af6c0df5e2a6104064c4b4f79647967e4fe2e0d0b3be3238c12f6e6658ec"	"line 25"	"TC-010 纠错只打开原仓位 > Expected Result 预期结果"	"系统只打开所选原仓位，暂停后续装货，不打开同一 SUBLOT 的其它仓位。"	"系统只打开所选原仓位，暂停后续装货，不打开同一 SUBLOT 的其它仓位。"	"53223ad254bd7a093ba129a9dc0c8a68ca8a6fb273c1b381d19e5ce76ad19915"	"business-acceptance-outcome-candidate"	"unapproved-unexecuted-internal-derived-acceptance-draft"	"8005-site-operation-and-stop-closure"	"needs-upstream-source-and-explicit-approval"	"document-route:R05-C1; scenario:TC-010; scenario-role:outcome; upstream-fr:FR-006; upstream-uc:UC-005; formation-history:H1:ecd0fd8-to-493ac5a; `0445af6c0df5` / H1; derived object: FR-006 AC-2"	"none-found-within-r05-pass"	"not-approved"	"authoritative-upstream-version;named-approver;approval-date;approved-scope;version-or-sha256-binding"
"R05-A0046"	"R05"	"R05-10"	"requirement-documents/05-test-cases/01-site-operations/tc-010-retrieval-batch-unlock-success.md"	"0445af6c0df5e2a6104064c4b4f79647967e4fe2e0d0b3be3238c12f6e6658ec"	"line 29"	"TC-010 纠错只打开原仓位 > Verifies 验证对象"	"[[fr-006-multi-slot-unlock-retrieval-and-occupancy-rollback|FR-006]] AC-2"	"[[fr-006-multi-slot-unlock-retrieval-and-occupancy-rollback|FR-006]] AC-2"	"4393e38585aa547097f840b688a58aee52a74e4ed482be5e6bb278f98924d673"	"verification-traceability-evidence"	"unapproved-unexecuted-internal-derived-acceptance-draft"	"8005-site-operation-and-stop-closure"	"evidence-only"	"document-route:R05-C1; scenario:TC-010; scenario-role:verification; upstream-fr:FR-006; upstream-uc:UC-005; formation-history:H1:ecd0fd8-to-493ac5a; `0445af6c0df5` / H1; derived object: FR-006 AC-2"	"none-found-within-r05-pass"	"not-approved"	"authoritative-upstream-version;named-approver;approval-date;approved-scope;version-or-sha256-binding"
"R05-A0047"	"R05"	"R05-11"	"requirement-documents/05-test-cases/01-site-operations/tc-011-retrieval-unlock-timeout-lockout.md"	"ee2c476250eb85351009604b60bde49704a08103b0c598bb9be30eecfc507afc"	"line 17"	"TC-011 原仓位重放成功 > Preconditions 前置条件"	"所选原仓位已打开；"	"所选原仓位已打开；操作员已取出错误产品并把正确产品放回原仓位。"	"5734c8a74ab652adae0bc899274571854dcdd521d03da295b17884abc0e5bf84"	"business-acceptance-precondition-candidate"	"unapproved-unexecuted-internal-derived-acceptance-draft"	"8005-site-operation-and-stop-closure"	"needs-upstream-source-and-explicit-approval"	"document-route:R05-C1; scenario:TC-011; scenario-role:precondition; upstream-fr:FR-006; upstream-uc:UC-005; formation-history:H1:ecd0fd8-to-493ac5a; `ee2c476250eb` / H1; derived object: FR-006 AC-3"	"TQ-R05-001"	"not-approved"	"authoritative-upstream-version;named-approver;approval-date;approved-scope;version-or-sha256-binding"
"R05-A0048"	"R05"	"R05-11"	"requirement-documents/05-test-cases/01-site-operations/tc-011-retrieval-unlock-timeout-lockout.md"	"ee2c476250eb85351009604b60bde49704a08103b0c598bb9be30eecfc507afc"	"line 17"	"TC-011 原仓位重放成功 > Preconditions 前置条件"	"操作员已取出错误产品并把正确产品放回原仓位。"	"所选原仓位已打开；操作员已取出错误产品并把正确产品放回原仓位。"	"09e93a31a7b221e0c7d147378358731ad0d0de76ce0b033a9fe1202025b348bf"	"business-acceptance-precondition-candidate"	"unapproved-unexecuted-internal-derived-acceptance-draft"	"8005-site-operation-and-stop-closure"	"needs-upstream-source-and-explicit-approval"	"document-route:R05-C1; scenario:TC-011; scenario-role:precondition; upstream-fr:FR-006; upstream-uc:UC-005; formation-history:H1:ecd0fd8-to-493ac5a; `ee2c476250eb` / H1; derived object: FR-006 AC-3"	"TQ-R05-001"	"not-approved"	"authoritative-upstream-version;named-approver;approval-date;approved-scope;version-or-sha256-binding"
"R05-A0049"	"R05"	"R05-11"	"requirement-documents/05-test-cases/01-site-operations/tc-011-retrieval-unlock-timeout-lockout.md"	"ee2c476250eb85351009604b60bde49704a08103b0c598bb9be30eecfc507afc"	"line 21"	"TC-011 原仓位重放成功 > Test Steps 测试步骤"	"操作员关门，系统取得有效锁闭反馈、稳定 OCCUPIED 与开锁输出复位。"	"操作员关门，系统取得有效锁闭反馈、稳定 OCCUPIED 与开锁输出复位。"	"c80d4224aa45a93fe8667e287d48e53a35f18ac97f7d42248ae86cb3a798e403"	"safety-hardware-acceptance-candidate"	"unapproved-unexecuted-internal-derived-acceptance-draft"	"8005-site-safety-slot-hardware-and-recovery"	"needs-safety-hardware-authority-and-explicit-approval"	"document-route:R05-C1; scenario:TC-011; scenario-role:action; upstream-fr:FR-006; upstream-uc:UC-005; formation-history:H1:ecd0fd8-to-493ac5a; `ee2c476250eb` / H1; derived object: FR-006 AC-3"	"TQ-R05-001"	"not-approved"	"hardware-and-IO-version-binding;safety-or-hardware-owner;risk-review-evidence;authoritative-upstream-version;named-approver;approval-date;approved-scope;version-or-sha256-binding"
"R05-A0050"	"R05"	"R05-11"	"requirement-documents/05-test-cases/01-site-operations/tc-011-retrieval-unlock-timeout-lockout.md"	"ee2c476250eb85351009604b60bde49704a08103b0c598bb9be30eecfc507afc"	"line 25"	"TC-011 原仓位重放成功 > Expected Result 预期结果"	"系统可靠记录 LoadCorrectionResult；"	"系统可靠记录 LoadCorrectionResult；仓位—SUBLOT 映射、原 SlotOperationAttemptId 与既有 LoadBatch 提交事实不变，并恢复剩余装货或重新进入 StationDepartureWaiting。"	"0fb634597ccae7d3ffb94244d2f8939be000e93799d14fa7373412cecfe6ea18"	"business-acceptance-outcome-candidate"	"unapproved-unexecuted-internal-derived-acceptance-draft"	"8005-site-operation-and-stop-closure"	"needs-upstream-source-and-explicit-approval"	"document-route:R05-C1; scenario:TC-011; scenario-role:outcome; upstream-fr:FR-006; upstream-uc:UC-005; formation-history:H1:ecd0fd8-to-493ac5a; `ee2c476250eb` / H1; derived object: FR-006 AC-3"	"TQ-R05-001"	"not-approved"	"authoritative-upstream-version;named-approver;approval-date;approved-scope;version-or-sha256-binding"
"R05-A0051"	"R05"	"R05-11"	"requirement-documents/05-test-cases/01-site-operations/tc-011-retrieval-unlock-timeout-lockout.md"	"ee2c476250eb85351009604b60bde49704a08103b0c598bb9be30eecfc507afc"	"line 25"	"TC-011 原仓位重放成功 > Expected Result 预期结果"	"仓位—SUBLOT 映射、原 SlotOperationAttemptId 与既有 LoadBatch 提交事实不变，并恢复剩余装货或重新进入 StationDepartureWaiting。"	"系统可靠记录 LoadCorrectionResult；仓位—SUBLOT 映射、原 SlotOperationAttemptId 与既有 LoadBatch 提交事实不变，并恢复剩余装货或重新进入 StationDepartureWaiting。"	"73437a37f124a2ca4fe0d9d28b2043ce77614d4b64b00529db1c388befdbb36a"	"internal-state-or-architecture-derivation"	"unapproved-unexecuted-internal-derived-acceptance-draft"	"8005-internal-site-operation-state-model"	"exclude-from-requirement-approval"	"document-route:R05-C1; scenario:TC-011; scenario-role:outcome; upstream-fr:FR-006; upstream-uc:UC-005; formation-history:H1:ecd0fd8-to-493ac5a; `ee2c476250eb` / H1; derived object: FR-006 AC-3"	"TQ-R05-001"	"not-approved"	"authoritative-requirement-source;independent-approval-unit-reframing;authoritative-upstream-version;named-approver;approval-date;approved-scope;version-or-sha256-binding"
"R05-A0052"	"R05"	"R05-11"	"requirement-documents/05-test-cases/01-site-operations/tc-011-retrieval-unlock-timeout-lockout.md"	"ee2c476250eb85351009604b60bde49704a08103b0c598bb9be30eecfc507afc"	"line 29"	"TC-011 原仓位重放成功 > Verifies 验证对象"	"[[fr-006-multi-slot-unlock-retrieval-and-occupancy-rollback|FR-006]] AC-3"	"[[fr-006-multi-slot-unlock-retrieval-and-occupancy-rollback|FR-006]] AC-3"	"6976ad90bd5d197870245ecbf40d952bc23244388cab89208c5c067a08412252"	"verification-traceability-evidence"	"unapproved-unexecuted-internal-derived-acceptance-draft"	"8005-site-operation-and-stop-closure"	"evidence-only"	"document-route:R05-C1; scenario:TC-011; scenario-role:verification; upstream-fr:FR-006; upstream-uc:UC-005; formation-history:H1:ecd0fd8-to-493ac5a; `ee2c476250eb` / H1; derived object: FR-006 AC-3"	"TQ-R05-001"	"not-approved"	"authoritative-upstream-version;named-approver;approval-date;approved-scope;version-or-sha256-binding"
"R05-A0053"	"R05"	"R05-12"	"requirement-documents/05-test-cases/01-site-operations/tc-012-retrieval-slot-unexpectedly-empty-lockout.md"	"f03c832d56388bce35780aa63c3108450d6107d81a2f0e2b0df923c4c7adcee6"	"line 17"	"TC-012 正确产品不可得进入待重放 > Preconditions 前置条件"	"操作员已从纠错仓位取出错误产品，但正确产品暂时不可得；"	"操作员已从纠错仓位取出错误产品，但正确产品暂时不可得；原仓位安全锁闭后为 EMPTY。"	"6ee97f1a63e8b020a38abda7569458eb04a27bdebe8d5cada01f6e481e27e432"	"business-acceptance-precondition-candidate"	"unapproved-unexecuted-internal-derived-acceptance-draft"	"8005-site-operation-and-stop-closure"	"needs-upstream-source-and-explicit-approval"	"document-route:R05-C1; scenario:TC-012; scenario-role:precondition; upstream-fr:FR-006; upstream-uc:UC-005; formation-history:H1:ecd0fd8-to-493ac5a; `f03c832d5638` / H1; derived object: FR-006 AC-4"	"none-found-within-r05-pass"	"not-approved"	"authoritative-upstream-version;named-approver;approval-date;approved-scope;version-or-sha256-binding"
"R05-A0054"	"R05"	"R05-12"	"requirement-documents/05-test-cases/01-site-operations/tc-012-retrieval-slot-unexpectedly-empty-lockout.md"	"f03c832d56388bce35780aa63c3108450d6107d81a2f0e2b0df923c4c7adcee6"	"line 17"	"TC-012 正确产品不可得进入待重放 > Preconditions 前置条件"	"原仓位安全锁闭后为 EMPTY。"	"操作员已从纠错仓位取出错误产品，但正确产品暂时不可得；原仓位安全锁闭后为 EMPTY。"	"d4514a668618a4e36bb32395bc6e4c0fba1784da9fc09c7665848849573a3835"	"safety-hardware-acceptance-candidate"	"unapproved-unexecuted-internal-derived-acceptance-draft"	"8005-site-safety-slot-hardware-and-recovery"	"needs-safety-hardware-authority-and-explicit-approval"	"document-route:R05-C1; scenario:TC-012; scenario-role:precondition; upstream-fr:FR-006; upstream-uc:UC-005; formation-history:H1:ecd0fd8-to-493ac5a; `f03c832d5638` / H1; derived object: FR-006 AC-4"	"none-found-within-r05-pass"	"not-approved"	"hardware-and-IO-version-binding;safety-or-hardware-owner;risk-review-evidence;authoritative-upstream-version;named-approver;approval-date;approved-scope;version-or-sha256-binding"
"R05-A0055"	"R05"	"R05-12"	"requirement-documents/05-test-cases/01-site-operations/tc-012-retrieval-slot-unexpectedly-empty-lockout.md"	"f03c832d56388bce35780aa63c3108450d6107d81a2f0e2b0df923c4c7adcee6"	"line 21"	"TC-012 正确产品不可得进入待重放 > Test Steps 测试步骤"	"系统执行纠错完成判定。"	"系统执行纠错完成判定。"	"84b0839bb7fc3024e701f4c153a66d99d5fa6a9be0b64539d009393527afcb19"	"business-acceptance-action-candidate"	"unapproved-unexecuted-internal-derived-acceptance-draft"	"8005-site-operation-and-stop-closure"	"needs-upstream-source-and-explicit-approval"	"document-route:R05-C1; scenario:TC-012; scenario-role:action; upstream-fr:FR-006; upstream-uc:UC-005; formation-history:H1:ecd0fd8-to-493ac5a; `f03c832d5638` / H1; derived object: FR-006 AC-4"	"none-found-within-r05-pass"	"not-approved"	"authoritative-upstream-version;named-approver;approval-date;approved-scope;version-or-sha256-binding"
"R05-A0056"	"R05"	"R05-12"	"requirement-documents/05-test-cases/01-site-operations/tc-012-retrieval-slot-unexpectedly-empty-lockout.md"	"f03c832d56388bce35780aa63c3108450d6107d81a2f0e2b0df923c4c7adcee6"	"line 25"	"TC-012 正确产品不可得进入待重放 > Expected Result 预期结果"	"系统不把 EMPTY 记为纠错成功，进入 LoadCorrectionPending；"	"系统不把 EMPTY 记为纠错成功，进入 LoadCorrectionPending；保持任务、预留与 StationOperationGuard，禁止后续仓位装货。"	"d97caa1714dce4a1674f58e4ff6589ff82711e88d4688269add18d66bcf4a946"	"business-acceptance-outcome-candidate"	"unapproved-unexecuted-internal-derived-acceptance-draft"	"8005-site-operation-and-stop-closure"	"needs-upstream-source-and-explicit-approval"	"document-route:R05-C1; scenario:TC-012; scenario-role:outcome; upstream-fr:FR-006; upstream-uc:UC-005; formation-history:H1:ecd0fd8-to-493ac5a; `f03c832d5638` / H1; derived object: FR-006 AC-4"	"none-found-within-r05-pass"	"not-approved"	"authoritative-upstream-version;named-approver;approval-date;approved-scope;version-or-sha256-binding"
"R05-A0057"	"R05"	"R05-12"	"requirement-documents/05-test-cases/01-site-operations/tc-012-retrieval-slot-unexpectedly-empty-lockout.md"	"f03c832d56388bce35780aa63c3108450d6107d81a2f0e2b0df923c4c7adcee6"	"line 25"	"TC-012 正确产品不可得进入待重放 > Expected Result 预期结果"	"保持任务、预留与 StationOperationGuard，禁止后续仓位装货。"	"系统不把 EMPTY 记为纠错成功，进入 LoadCorrectionPending；保持任务、预留与 StationOperationGuard，禁止后续仓位装货。"	"e21c217e46f2b0e1f80f65c765e0d3c77d1b9d6a892692c663f211eb86d05540"	"safety-hardware-acceptance-candidate"	"unapproved-unexecuted-internal-derived-acceptance-draft"	"8005-site-safety-slot-hardware-and-recovery"	"needs-safety-hardware-authority-and-explicit-approval"	"document-route:R05-C1; scenario:TC-012; scenario-role:outcome; upstream-fr:FR-006; upstream-uc:UC-005; formation-history:H1:ecd0fd8-to-493ac5a; `f03c832d5638` / H1; derived object: FR-006 AC-4"	"none-found-within-r05-pass"	"not-approved"	"hardware-and-IO-version-binding;safety-or-hardware-owner;risk-review-evidence;authoritative-upstream-version;named-approver;approval-date;approved-scope;version-or-sha256-binding"
"R05-A0058"	"R05"	"R05-12"	"requirement-documents/05-test-cases/01-site-operations/tc-012-retrieval-slot-unexpectedly-empty-lockout.md"	"f03c832d56388bce35780aa63c3108450d6107d81a2f0e2b0df923c4c7adcee6"	"line 29"	"TC-012 正确产品不可得进入待重放 > Verifies 验证对象"	"[[fr-006-multi-slot-unlock-retrieval-and-occupancy-rollback|FR-006]] AC-4"	"[[fr-006-multi-slot-unlock-retrieval-and-occupancy-rollback|FR-006]] AC-4"	"c222c939c0622ae2b7d8d2693ce1e5495d94338aefac5073c23443307b6b955d"	"verification-traceability-evidence"	"unapproved-unexecuted-internal-derived-acceptance-draft"	"8005-site-operation-and-stop-closure"	"evidence-only"	"document-route:R05-C1; scenario:TC-012; scenario-role:verification; upstream-fr:FR-006; upstream-uc:UC-005; formation-history:H1:ecd0fd8-to-493ac5a; `f03c832d5638` / H1; derived object: FR-006 AC-4"	"none-found-within-r05-pass"	"not-approved"	"authoritative-upstream-version;named-approver;approval-date;approved-scope;version-or-sha256-binding"
"R05-A0059"	"R05"	"R05-13"	"requirement-documents/05-test-cases/01-site-operations/tc-013-retrieval-close-curtain-clear-rollback.md"	"acff6c618e6956d9ee2b498f5499482d6846cd1e6dcf6bc6ec5b12d50fa36a59"	"line 17"	"TC-013 待重放只允许继续或取消 > Preconditions 前置条件"	"当前操作处于 LoadCorrectionPending，原仓位为 EMPTY。"	"当前操作处于 LoadCorrectionPending，原仓位为 EMPTY。"	"40ce53d52d2133c62048093fec7d3db4eb56d9c3782fe87b54637e53a7c4eed2"	"business-acceptance-precondition-candidate"	"unapproved-unexecuted-internal-derived-acceptance-draft"	"8005-site-operation-and-stop-closure"	"needs-upstream-source-and-explicit-approval"	"document-route:R05-C1; scenario:TC-013; scenario-role:precondition; upstream-fr:FR-006; upstream-uc:UC-005; formation-history:H1:ecd0fd8-to-493ac5a; `acff6c618e69` / H1; derived object: FR-006 AC-5"	"TQ-R05-001"	"not-approved"	"authoritative-upstream-version;named-approver;approval-date;approved-scope;version-or-sha256-binding"
"R05-A0060"	"R05"	"R05-13"	"requirement-documents/05-test-cases/01-site-operations/tc-013-retrieval-close-curtain-clear-rollback.md"	"acff6c618e6956d9ee2b498f5499482d6846cd1e6dcf6bc6ec5b12d50fa36a59"	"line 21"	"TC-013 待重放只允许继续或取消 > Test Steps 测试步骤"	"操作员查看可用操作。"	"操作员查看可用操作。"	"32afa5a1ff039130905c8a16e2f9cf05a8f864ae623abcea27c18dabc5f32743"	"business-acceptance-action-candidate"	"unapproved-unexecuted-internal-derived-acceptance-draft"	"8005-site-operation-and-stop-closure"	"needs-upstream-source-and-explicit-approval"	"document-route:R05-C1; scenario:TC-013; scenario-role:action; upstream-fr:FR-006; upstream-uc:UC-005; formation-history:H1:ecd0fd8-to-493ac5a; `acff6c618e69` / H1; derived object: FR-006 AC-5"	"TQ-R05-001"	"not-approved"	"authoritative-upstream-version;named-approver;approval-date;approved-scope;version-or-sha256-binding"
"R05-A0061"	"R05"	"R05-13"	"requirement-documents/05-test-cases/01-site-operations/tc-013-retrieval-close-curtain-clear-rollback.md"	"acff6c618e6956d9ee2b498f5499482d6846cd1e6dcf6bc6ec5b12d50fa36a59"	"line 25"	"TC-013 待重放只允许继续或取消 > Expected Result 预期结果"	"系统只允许重新打开原仓位完成重放，或转“清空并取消”；"	"系统只允许重新打开原仓位完成重放，或转“清空并取消”；不得跳过该仓位或继续后续装货。"	"b9b12c208a315ab36ec431ec35e94fda132bc3dd9c9cdfda50aa7647358d5f09"	"business-acceptance-outcome-candidate"	"unapproved-unexecuted-internal-derived-acceptance-draft"	"8005-site-operation-and-stop-closure"	"needs-upstream-source-and-explicit-approval"	"document-route:R05-C1; scenario:TC-013; scenario-role:outcome; upstream-fr:FR-006; upstream-uc:UC-005; formation-history:H1:ecd0fd8-to-493ac5a; `acff6c618e69` / H1; derived object: FR-006 AC-5"	"TQ-R05-001"	"not-approved"	"authoritative-upstream-version;named-approver;approval-date;approved-scope;version-or-sha256-binding"
"R05-A0062"	"R05"	"R05-13"	"requirement-documents/05-test-cases/01-site-operations/tc-013-retrieval-close-curtain-clear-rollback.md"	"acff6c618e6956d9ee2b498f5499482d6846cd1e6dcf6bc6ec5b12d50fa36a59"	"line 25"	"TC-013 待重放只允许继续或取消 > Expected Result 预期结果"	"不得跳过该仓位或继续后续装货。"	"系统只允许重新打开原仓位完成重放，或转“清空并取消”；不得跳过该仓位或继续后续装货。"	"01668d0c809d744d300d8b0270c33091683cb1cf6428b3b12529ce6e5d16a9e7"	"business-acceptance-outcome-candidate"	"unapproved-unexecuted-internal-derived-acceptance-draft"	"8005-site-operation-and-stop-closure"	"needs-upstream-source-and-explicit-approval"	"document-route:R05-C1; scenario:TC-013; scenario-role:outcome; upstream-fr:FR-006; upstream-uc:UC-005; formation-history:H1:ecd0fd8-to-493ac5a; `acff6c618e69` / H1; derived object: FR-006 AC-5"	"TQ-R05-001"	"not-approved"	"authoritative-upstream-version;named-approver;approval-date;approved-scope;version-or-sha256-binding"
"R05-A0063"	"R05"	"R05-13"	"requirement-documents/05-test-cases/01-site-operations/tc-013-retrieval-close-curtain-clear-rollback.md"	"acff6c618e6956d9ee2b498f5499482d6846cd1e6dcf6bc6ec5b12d50fa36a59"	"line 29"	"TC-013 待重放只允许继续或取消 > Verifies 验证对象"	"[[fr-006-multi-slot-unlock-retrieval-and-occupancy-rollback|FR-006]] AC-5"	"[[fr-006-multi-slot-unlock-retrieval-and-occupancy-rollback|FR-006]] AC-5"	"3b86c6e6c1095d8e2d22dc96c7f0965c767fbcd6767d482b373086cd6595359b"	"verification-traceability-evidence"	"unapproved-unexecuted-internal-derived-acceptance-draft"	"8005-site-operation-and-stop-closure"	"evidence-only"	"document-route:R05-C1; scenario:TC-013; scenario-role:verification; upstream-fr:FR-006; upstream-uc:UC-005; formation-history:H1:ecd0fd8-to-493ac5a; `acff6c618e69` / H1; derived object: FR-006 AC-5"	"TQ-R05-001"	"not-approved"	"authoritative-upstream-version;named-approver;approval-date;approved-scope;version-or-sha256-binding"
"R05-A0064"	"R05"	"R05-14"	"requirement-documents/05-test-cases/01-site-operations/tc-014-retrieval-residue-reopen-required.md"	"2d9ea5f8c08b55de1027bcabd2df7927bd1a3864f0c77c3f4283ecf7bbd7f6ad"	"line 17"	"TC-014 纠错目标态不符自动弹锁 > Preconditions 前置条件"	"纠错重放要求 OCCUPIED；"	"纠错重放要求 OCCUPIED；操作员关闭原仓门后，锁闭反馈有效但光幕稳定为 EMPTY。"	"c9c07af632f96258575b231bfa81abf11066a77839df4b2507de76c166c9c2ff"	"business-acceptance-precondition-candidate"	"unapproved-unexecuted-internal-derived-acceptance-draft"	"8005-site-operation-and-stop-closure"	"needs-upstream-source-and-explicit-approval"	"document-route:R05-C1; scenario:TC-014; scenario-role:precondition; upstream-fr:FR-006; upstream-uc:UC-005; formation-history:H1:ecd0fd8-to-493ac5a; `2d9ea5f8c08b` / H1; derived object: FR-006 AC-6"	"none-found-within-r05-pass"	"not-approved"	"authoritative-upstream-version;named-approver;approval-date;approved-scope;version-or-sha256-binding"
"R05-A0065"	"R05"	"R05-14"	"requirement-documents/05-test-cases/01-site-operations/tc-014-retrieval-residue-reopen-required.md"	"2d9ea5f8c08b55de1027bcabd2df7927bd1a3864f0c77c3f4283ecf7bbd7f6ad"	"line 17"	"TC-014 纠错目标态不符自动弹锁 > Preconditions 前置条件"	"操作员关闭原仓门后，锁闭反馈有效但光幕稳定为 EMPTY。"	"纠错重放要求 OCCUPIED；操作员关闭原仓门后，锁闭反馈有效但光幕稳定为 EMPTY。"	"f05518d09c5f1e51183c4d77c4ae45d4a78322cd56f5757a5c4cf5cf1198081a"	"safety-hardware-acceptance-candidate"	"unapproved-unexecuted-internal-derived-acceptance-draft"	"8005-site-safety-slot-hardware-and-recovery"	"needs-safety-hardware-authority-and-explicit-approval"	"document-route:R05-C1; scenario:TC-014; scenario-role:precondition; upstream-fr:FR-006; upstream-uc:UC-005; formation-history:H1:ecd0fd8-to-493ac5a; `2d9ea5f8c08b` / H1; derived object: FR-006 AC-6"	"none-found-within-r05-pass"	"not-approved"	"hardware-and-IO-version-binding;safety-or-hardware-owner;risk-review-evidence;authoritative-upstream-version;named-approver;approval-date;approved-scope;version-or-sha256-binding"
"R05-A0066"	"R05"	"R05-14"	"requirement-documents/05-test-cases/01-site-operations/tc-014-retrieval-residue-reopen-required.md"	"2d9ea5f8c08b55de1027bcabd2df7927bd1a3864f0c77c3f4283ecf7bbd7f6ad"	"line 21"	"TC-014 纠错目标态不符自动弹锁 > Test Steps 测试步骤"	"系统执行仓位目标态闭环。"	"系统执行仓位目标态闭环。"	"610164cc0ceebc39e0117b0c82118f28ab294324c71729d55b20e0aa64227b37"	"business-acceptance-action-candidate"	"unapproved-unexecuted-internal-derived-acceptance-draft"	"8005-site-operation-and-stop-closure"	"needs-upstream-source-and-explicit-approval"	"document-route:R05-C1; scenario:TC-014; scenario-role:action; upstream-fr:FR-006; upstream-uc:UC-005; formation-history:H1:ecd0fd8-to-493ac5a; `2d9ea5f8c08b` / H1; derived object: FR-006 AC-6"	"none-found-within-r05-pass"	"not-approved"	"authoritative-upstream-version;named-approver;approval-date;approved-scope;version-or-sha256-binding"
"R05-A0067"	"R05"	"R05-14"	"requirement-documents/05-test-cases/01-site-operations/tc-014-retrieval-residue-reopen-required.md"	"2d9ea5f8c08b55de1027bcabd2df7927bd1a3864f0c77c3f4283ecf7bbd7f6ad"	"line 25"	"TC-014 纠错目标态不符自动弹锁 > Expected Result 预期结果"	"系统自动再次输出开锁脉冲弹开原仓门并提示放入正确产品，不设强制放行次数上限；"	"系统自动再次输出开锁脉冲弹开原仓门并提示放入正确产品，不设强制放行次数上限；若光幕为 UNKNOWN，则暂停恢复而不自动循环。"	"eaa3dcc78d7a84cdf86a83c6150e30345be28ae659e84f750caf204b1ae6750e"	"operator-HMI-acceptance-candidate"	"unapproved-unexecuted-internal-derived-acceptance-draft"	"8005-onboard-HMI-and-site-operation"	"needs-operator-product-owner-and-explicit-approval"	"document-route:R05-C1; scenario:TC-014; scenario-role:outcome; upstream-fr:FR-006; upstream-uc:UC-005; formation-history:H1:ecd0fd8-to-493ac5a; `2d9ea5f8c08b` / H1; derived object: FR-006 AC-6"	"none-found-within-r05-pass"	"not-approved"	"operator-or-product-owner;project-station-or-configuration-scope;authoritative-upstream-version;named-approver;approval-date;approved-scope;version-or-sha256-binding"
"R05-A0068"	"R05"	"R05-14"	"requirement-documents/05-test-cases/01-site-operations/tc-014-retrieval-residue-reopen-required.md"	"2d9ea5f8c08b55de1027bcabd2df7927bd1a3864f0c77c3f4283ecf7bbd7f6ad"	"line 25"	"TC-014 纠错目标态不符自动弹锁 > Expected Result 预期结果"	"若光幕为 UNKNOWN，则暂停恢复而不自动循环。"	"系统自动再次输出开锁脉冲弹开原仓门并提示放入正确产品，不设强制放行次数上限；若光幕为 UNKNOWN，则暂停恢复而不自动循环。"	"7595a5613a6634593db62fcc273d576822400fb776b5440af635947a053d244d"	"safety-hardware-acceptance-candidate"	"unapproved-unexecuted-internal-derived-acceptance-draft"	"8005-site-safety-slot-hardware-and-recovery"	"needs-safety-hardware-authority-and-explicit-approval"	"document-route:R05-C1; scenario:TC-014; scenario-role:outcome; upstream-fr:FR-006; upstream-uc:UC-005; formation-history:H1:ecd0fd8-to-493ac5a; `2d9ea5f8c08b` / H1; derived object: FR-006 AC-6"	"none-found-within-r05-pass"	"not-approved"	"hardware-and-IO-version-binding;safety-or-hardware-owner;risk-review-evidence;authoritative-upstream-version;named-approver;approval-date;approved-scope;version-or-sha256-binding"
"R05-A0069"	"R05"	"R05-14"	"requirement-documents/05-test-cases/01-site-operations/tc-014-retrieval-residue-reopen-required.md"	"2d9ea5f8c08b55de1027bcabd2df7927bd1a3864f0c77c3f4283ecf7bbd7f6ad"	"line 29"	"TC-014 纠错目标态不符自动弹锁 > Verifies 验证对象"	"[[fr-006-multi-slot-unlock-retrieval-and-occupancy-rollback|FR-006]] AC-6"	"[[fr-006-multi-slot-unlock-retrieval-and-occupancy-rollback|FR-006]] AC-6"	"16e1ca7965df8e4a15af6b1fd9b3f73a43271f1e5854fe38a10acbccec270dab"	"verification-traceability-evidence"	"unapproved-unexecuted-internal-derived-acceptance-draft"	"8005-site-operation-and-stop-closure"	"evidence-only"	"document-route:R05-C1; scenario:TC-014; scenario-role:verification; upstream-fr:FR-006; upstream-uc:UC-005; formation-history:H1:ecd0fd8-to-493ac5a; `2d9ea5f8c08b` / H1; derived object: FR-006 AC-6"	"none-found-within-r05-pass"	"not-approved"	"authoritative-upstream-version;named-approver;approval-date;approved-scope;version-or-sha256-binding"
"R05-A0070"	"R05"	"R05-15"	"requirement-documents/05-test-cases/01-site-operations/tc-015-cancel-eligible-success.md"	"6a7644844a0958e69e7ca49ef08226b3c35bee6c015b280317142482bbd5de41"	"line 17"	"TC-015 未装货任务直接取消 > Preconditions 前置条件"	"目标 DemandId 尚未产生物理装载，车辆未离站且没有其它活动物理仓位操作。"	"目标 DemandId 尚未产生物理装载，车辆未离站且没有其它活动物理仓位操作。"	"12b462763f34e62ad7d91b0a0cad571ac4bf61b6a63b1b95a920769094752965"	"business-acceptance-precondition-candidate"	"unapproved-unexecuted-internal-derived-acceptance-draft"	"8005-site-operation-and-stop-closure"	"needs-upstream-source-and-explicit-approval"	"document-route:R05-C1; scenario:TC-015; scenario-role:precondition; upstream-fr:FR-007; upstream-uc:UC-006; formation-history:H1:ecd0fd8-to-493ac5a; `6a7644844a09` / H1; derived object: FR-007 AC-1"	"none-found-within-r05-pass"	"not-approved"	"authoritative-upstream-version;named-approver;approval-date;approved-scope;version-or-sha256-binding"
"R05-A0071"	"R05"	"R05-15"	"requirement-documents/05-test-cases/01-site-operations/tc-015-cancel-eligible-success.md"	"6a7644844a0958e69e7ca49ef08226b3c35bee6c015b280317142482bbd5de41"	"line 21"	"TC-015 未装货任务直接取消 > Test Steps 测试步骤"	"操作员从 CurrentStopWorklist 选择该任务并确认“清空并取消”。"	"操作员从 CurrentStopWorklist 选择该任务并确认“清空并取消”。"	"7050f302d4f0d80cfab155bf39378cc7a28e990668e705c53aed7019a2c192b9"	"internal-state-or-architecture-derivation"	"unapproved-unexecuted-internal-derived-acceptance-draft"	"8005-internal-site-operation-state-model"	"exclude-from-requirement-approval"	"document-route:R05-C1; scenario:TC-015; scenario-role:action; upstream-fr:FR-007; upstream-uc:UC-006; formation-history:H1:ecd0fd8-to-493ac5a; `6a7644844a09` / H1; derived object: FR-007 AC-1"	"none-found-within-r05-pass"	"not-approved"	"authoritative-requirement-source;independent-approval-unit-reframing;authoritative-upstream-version;named-approver;approval-date;approved-scope;version-or-sha256-binding"
"R05-A0072"	"R05"	"R05-15"	"requirement-documents/05-test-cases/01-site-operations/tc-015-cancel-eligible-success.md"	"6a7644844a0958e69e7ca49ef08226b3c35bee6c015b280317142482bbd5de41"	"line 25"	"TC-015 未装货任务直接取消 > Expected Result 预期结果"	"服务端授权空范围；"	"服务端授权空范围；车载端报告 ALL_EMPTY；服务端完成取消、记录操作并发布新版 CurrentStopWorklistSnapshot。"	"688e7187b274b98ee12d64220ea11547ee8ba99d75b4d8cca5e5e68f8f61d4b6"	"interface-integration-acceptance-candidate"	"unapproved-unexecuted-internal-derived-acceptance-draft"	"8005-onboard-server-MES-interface"	"needs-interface-owner-source-and-explicit-approval"	"document-route:R05-C1; scenario:TC-015; scenario-role:outcome; upstream-fr:FR-007; upstream-uc:UC-006; formation-history:H1:ecd0fd8-to-493ac5a; `6a7644844a09` / H1; derived object: FR-007 AC-1"	"none-found-within-r05-pass"	"not-approved"	"controlled-interface-version;interface-owner;authoritative-upstream-version;named-approver;approval-date;approved-scope;version-or-sha256-binding"
"R05-A0073"	"R05"	"R05-15"	"requirement-documents/05-test-cases/01-site-operations/tc-015-cancel-eligible-success.md"	"6a7644844a0958e69e7ca49ef08226b3c35bee6c015b280317142482bbd5de41"	"line 25"	"TC-015 未装货任务直接取消 > Expected Result 预期结果"	"车载端报告 ALL_EMPTY；"	"服务端授权空范围；车载端报告 ALL_EMPTY；服务端完成取消、记录操作并发布新版 CurrentStopWorklistSnapshot。"	"5b3bb4542fdb18983e62731ae1ac769c0fff1d48f9c070da8aba397189207694"	"interface-integration-acceptance-candidate"	"unapproved-unexecuted-internal-derived-acceptance-draft"	"8005-onboard-server-MES-interface"	"needs-interface-owner-source-and-explicit-approval"	"document-route:R05-C1; scenario:TC-015; scenario-role:outcome; upstream-fr:FR-007; upstream-uc:UC-006; formation-history:H1:ecd0fd8-to-493ac5a; `6a7644844a09` / H1; derived object: FR-007 AC-1"	"none-found-within-r05-pass"	"not-approved"	"controlled-interface-version;interface-owner;authoritative-upstream-version;named-approver;approval-date;approved-scope;version-or-sha256-binding"
"R05-A0074"	"R05"	"R05-15"	"requirement-documents/05-test-cases/01-site-operations/tc-015-cancel-eligible-success.md"	"6a7644844a0958e69e7ca49ef08226b3c35bee6c015b280317142482bbd5de41"	"line 25"	"TC-015 未装货任务直接取消 > Expected Result 预期结果"	"服务端完成取消、记录操作并发布新版 CurrentStopWorklistSnapshot。"	"服务端授权空范围；车载端报告 ALL_EMPTY；服务端完成取消、记录操作并发布新版 CurrentStopWorklistSnapshot。"	"178283d8d54d1bb1e63cdb166a74a71ca33fd08847c4d6f40cef8743b63254d1"	"internal-state-or-architecture-derivation"	"unapproved-unexecuted-internal-derived-acceptance-draft"	"8005-internal-site-operation-state-model"	"exclude-from-requirement-approval"	"document-route:R05-C1; scenario:TC-015; scenario-role:outcome; upstream-fr:FR-007; upstream-uc:UC-006; formation-history:H1:ecd0fd8-to-493ac5a; `6a7644844a09` / H1; derived object: FR-007 AC-1"	"none-found-within-r05-pass"	"not-approved"	"authoritative-requirement-source;independent-approval-unit-reframing;authoritative-upstream-version;named-approver;approval-date;approved-scope;version-or-sha256-binding"
"R05-A0075"	"R05"	"R05-15"	"requirement-documents/05-test-cases/01-site-operations/tc-015-cancel-eligible-success.md"	"6a7644844a0958e69e7ca49ef08226b3c35bee6c015b280317142482bbd5de41"	"line 29"	"TC-015 未装货任务直接取消 > Verifies 验证对象"	"[[fr-007-task-cancellation-eligibility-check-and-state-rollback|FR-007]] AC-1"	"[[fr-007-task-cancellation-eligibility-check-and-state-rollback|FR-007]] AC-1"	"7714ccc6ef07e03216084f3e84dd6235199eda1e48b93b90bce12e812963689f"	"verification-traceability-evidence"	"unapproved-unexecuted-internal-derived-acceptance-draft"	"8005-site-operation-and-stop-closure"	"evidence-only"	"document-route:R05-C1; scenario:TC-015; scenario-role:verification; upstream-fr:FR-007; upstream-uc:UC-006; formation-history:H1:ecd0fd8-to-493ac5a; `6a7644844a09` / H1; derived object: FR-007 AC-1"	"none-found-within-r05-pass"	"not-approved"	"authoritative-upstream-version;named-approver;approval-date;approved-scope;version-or-sha256-binding"
"R05-A0076"	"R05"	"R05-16"	"requirement-documents/05-test-cases/01-site-operations/tc-016-cancel-invalid-state-reject.md"	"43232ddeb6683dad87eab7adcd63937ca64841bc91e22b8d165217064cfd2974"	"line 17"	"TC-016 已离站或不合法状态拒绝取消 > Preconditions 前置条件"	"车辆已离站，或目标 DemandId 已取消/处于不允许取消的终态。"	"车辆已离站，或目标 DemandId 已取消/处于不允许取消的终态。"	"3d22541afe777b6f069eb1b931536414e9e8da482a5c84560064e31e79df4bf2"	"business-acceptance-precondition-candidate"	"unapproved-unexecuted-internal-derived-acceptance-draft"	"8005-site-operation-and-stop-closure"	"needs-upstream-source-and-explicit-approval"	"document-route:R05-C1; scenario:TC-016; scenario-role:precondition; upstream-fr:FR-007; upstream-uc:UC-006; formation-history:H1:ecd0fd8-to-493ac5a; `43232ddeb668` / H1; derived object: FR-007 AC-9"	"none-found-within-r05-pass"	"not-approved"	"authoritative-upstream-version;named-approver;approval-date;approved-scope;version-or-sha256-binding"
"R05-A0077"	"R05"	"R05-16"	"requirement-documents/05-test-cases/01-site-operations/tc-016-cancel-invalid-state-reject.md"	"43232ddeb6683dad87eab7adcd63937ca64841bc91e22b8d165217064cfd2974"	"line 21"	"TC-016 已离站或不合法状态拒绝取消 > Test Steps 测试步骤"	"操作员点击""取消运送""。"	"操作员点击""取消运送""。"	"ed7584d242582566a7cd67d5bbbf8e90f16c4768e563d24e6548c5966dca0233"	"operator-HMI-acceptance-candidate"	"unapproved-unexecuted-internal-derived-acceptance-draft"	"8005-onboard-HMI-and-site-operation"	"needs-operator-product-owner-and-explicit-approval"	"document-route:R05-C1; scenario:TC-016; scenario-role:action; upstream-fr:FR-007; upstream-uc:UC-006; formation-history:H1:ecd0fd8-to-493ac5a; `43232ddeb668` / H1; derived object: FR-007 AC-9"	"none-found-within-r05-pass"	"not-approved"	"operator-or-product-owner;project-station-or-configuration-scope;authoritative-upstream-version;named-approver;approval-date;approved-scope;version-or-sha256-binding"
"R05-A0078"	"R05"	"R05-16"	"requirement-documents/05-test-cases/01-site-operations/tc-016-cancel-invalid-state-reject.md"	"43232ddeb6683dad87eab7adcd63937ca64841bc91e22b8d165217064cfd2974"	"line 25"	"TC-016 已离站或不合法状态拒绝取消 > Expected Result 预期结果"	"服务端返回 REJECTED 与稳定原因码，不下发任何开锁；"	"服务端返回 REJECTED 与稳定原因码，不下发任何开锁；已离站装货问题引导异常卸出。"	"9aa4962c86b43a20ef830ac75a5f68b70d7844286274a2384dc30dcc8e47e7fb"	"identity-security-acceptance-candidate"	"unapproved-unexecuted-internal-derived-acceptance-draft"	"8005-identity-role-and-session"	"needs-security-role-owner-and-explicit-approval"	"document-route:R05-C1; scenario:TC-016; scenario-role:outcome; upstream-fr:FR-007; upstream-uc:UC-006; formation-history:H1:ecd0fd8-to-493ac5a; `43232ddeb668` / H1; derived object: FR-007 AC-9"	"none-found-within-r05-pass"	"not-approved"	"role-authorization-source;security-or-business-owner;authoritative-upstream-version;named-approver;approval-date;approved-scope;version-or-sha256-binding"
"R05-A0079"	"R05"	"R05-16"	"requirement-documents/05-test-cases/01-site-operations/tc-016-cancel-invalid-state-reject.md"	"43232ddeb6683dad87eab7adcd63937ca64841bc91e22b8d165217064cfd2974"	"line 25"	"TC-016 已离站或不合法状态拒绝取消 > Expected Result 预期结果"	"已离站装货问题引导异常卸出。"	"服务端返回 REJECTED 与稳定原因码，不下发任何开锁；已离站装货问题引导异常卸出。"	"9f1c69e8c35d3ad4efbb0241a74a90c6f7c37ed8f7d2476f6bca2aa4f016c591"	"business-acceptance-outcome-candidate"	"unapproved-unexecuted-internal-derived-acceptance-draft"	"8005-site-operation-and-stop-closure"	"needs-upstream-source-and-explicit-approval"	"document-route:R05-C1; scenario:TC-016; scenario-role:outcome; upstream-fr:FR-007; upstream-uc:UC-006; formation-history:H1:ecd0fd8-to-493ac5a; `43232ddeb668` / H1; derived object: FR-007 AC-9"	"none-found-within-r05-pass"	"not-approved"	"authoritative-upstream-version;named-approver;approval-date;approved-scope;version-or-sha256-binding"
"R05-A0080"	"R05"	"R05-16"	"requirement-documents/05-test-cases/01-site-operations/tc-016-cancel-invalid-state-reject.md"	"43232ddeb6683dad87eab7adcd63937ca64841bc91e22b8d165217064cfd2974"	"line 29"	"TC-016 已离站或不合法状态拒绝取消 > Verifies 验证对象"	"[[fr-007-task-cancellation-eligibility-check-and-state-rollback|FR-007]] AC-9"	"[[fr-007-task-cancellation-eligibility-check-and-state-rollback|FR-007]] AC-9"	"4c1214de98defcb49107cdcdf9d6c59eb78b1238016078da9574e9d107074f4e"	"verification-traceability-evidence"	"unapproved-unexecuted-internal-derived-acceptance-draft"	"8005-site-operation-and-stop-closure"	"evidence-only"	"document-route:R05-C1; scenario:TC-016; scenario-role:verification; upstream-fr:FR-007; upstream-uc:UC-006; formation-history:H1:ecd0fd8-to-493ac5a; `43232ddeb668` / H1; derived object: FR-007 AC-9"	"none-found-within-r05-pass"	"not-approved"	"authoritative-upstream-version;named-approver;approval-date;approved-scope;version-or-sha256-binding"
"R05-A0081"	"R05"	"R05-17"	"requirement-documents/05-test-cases/01-site-operations/tc-017-cancel-loaded-batch-clear-success.md"	"e56b7e9021c9bb277a0fbe6039e00611236d1e4bd56be13f4e8ac9c336420d0f"	"line 17"	"TC-017 已装货任务批量清空后取消 > Preconditions 前置条件"	"所选 DemandId 已部分或全部装货，车辆未离站；"	"所选 DemandId 已部分或全部装货，车辆未离站；完整目标范围同时包含 OCCUPIED 与 EMPTY 仓位。"	"afbbffd49850e91ea06baa63b15cde2b3b851f9e37367bba83bcfbc95a6ff00a"	"business-acceptance-precondition-candidate"	"unapproved-unexecuted-internal-derived-acceptance-draft"	"8005-site-operation-and-stop-closure"	"needs-upstream-source-and-explicit-approval"	"document-route:R05-C2; scenario:TC-017; scenario-role:precondition; upstream-fr:FR-007; upstream-uc:UC-006; formation-history:H2:493ac5a; `e56b7e9021c9` / H2; derived object: FR-007 AC-2/3"	"none-found-within-r05-pass"	"not-approved"	"authoritative-upstream-version;named-approver;approval-date;approved-scope;version-or-sha256-binding"
"R05-A0082"	"R05"	"R05-17"	"requirement-documents/05-test-cases/01-site-operations/tc-017-cancel-loaded-batch-clear-success.md"	"e56b7e9021c9bb277a0fbe6039e00611236d1e4bd56be13f4e8ac9c336420d0f"	"line 17"	"TC-017 已装货任务批量清空后取消 > Preconditions 前置条件"	"完整目标范围同时包含 OCCUPIED 与 EMPTY 仓位。"	"所选 DemandId 已部分或全部装货，车辆未离站；完整目标范围同时包含 OCCUPIED 与 EMPTY 仓位。"	"af055ddbc0c74a869cae21b2227ed749fc8f88b8edc8df5227a86cc7a47fca7f"	"business-acceptance-precondition-candidate"	"unapproved-unexecuted-internal-derived-acceptance-draft"	"8005-site-operation-and-stop-closure"	"needs-upstream-source-and-explicit-approval"	"document-route:R05-C2; scenario:TC-017; scenario-role:precondition; upstream-fr:FR-007; upstream-uc:UC-006; formation-history:H2:493ac5a; `e56b7e9021c9` / H2; derived object: FR-007 AC-2/3"	"none-found-within-r05-pass"	"not-approved"	"authoritative-upstream-version;named-approver;approval-date;approved-scope;version-or-sha256-binding"
"R05-A0083"	"R05"	"R05-17"	"requirement-documents/05-test-cases/01-site-operations/tc-017-cancel-loaded-batch-clear-success.md"	"e56b7e9021c9bb277a0fbe6039e00611236d1e4bd56be13f4e8ac9c336420d0f"	"line 21"	"TC-017 已装货任务批量清空后取消 > Test Steps 测试步骤"	"操作员确认“清空并取消”，完成所有目标仓位的取出与关门。"	"操作员确认“清空并取消”，完成所有目标仓位的取出与关门。"	"004b7c7b39680d304156ef6dccc3a3adf8aac4a43bd6aaf7d94929f6ac50e2bb"	"business-acceptance-action-candidate"	"unapproved-unexecuted-internal-derived-acceptance-draft"	"8005-site-operation-and-stop-closure"	"needs-upstream-source-and-explicit-approval"	"document-route:R05-C2; scenario:TC-017; scenario-role:action; upstream-fr:FR-007; upstream-uc:UC-006; formation-history:H2:493ac5a; `e56b7e9021c9` / H2; derived object: FR-007 AC-2/3"	"none-found-within-r05-pass"	"not-approved"	"authoritative-upstream-version;named-approver;approval-date;approved-scope;version-or-sha256-binding"
"R05-A0084"	"R05"	"R05-17"	"requirement-documents/05-test-cases/01-site-operations/tc-017-cancel-loaded-batch-clear-success.md"	"e56b7e9021c9bb277a0fbe6039e00611236d1e4bd56be13f4e8ac9c336420d0f"	"line 25"	"TC-017 已装货任务批量清空后取消 > Expected Result 预期结果"	"车载端只批量打开所选 DemandId 的 OCCUPIED 仓位，跳过 EMPTY；"	"车载端只批量打开所选 DemandId 的 OCCUPIED 仓位，跳过 EMPTY；完整目标范围全部证明 EMPTY 且机构安全后报告 ALL_EMPTY，服务端完成取消。"	"418e5f60cd913310784498b2bb9cc241a394098ba4ea10f587c88da23558bab0"	"interface-integration-acceptance-candidate"	"unapproved-unexecuted-internal-derived-acceptance-draft"	"8005-onboard-server-MES-interface"	"needs-interface-owner-source-and-explicit-approval"	"document-route:R05-C2; scenario:TC-017; scenario-role:outcome; upstream-fr:FR-007; upstream-uc:UC-006; formation-history:H2:493ac5a; `e56b7e9021c9` / H2; derived object: FR-007 AC-2/3"	"none-found-within-r05-pass"	"not-approved"	"controlled-interface-version;interface-owner;authoritative-upstream-version;named-approver;approval-date;approved-scope;version-or-sha256-binding"
"R05-A0085"	"R05"	"R05-17"	"requirement-documents/05-test-cases/01-site-operations/tc-017-cancel-loaded-batch-clear-success.md"	"e56b7e9021c9bb277a0fbe6039e00611236d1e4bd56be13f4e8ac9c336420d0f"	"line 25"	"TC-017 已装货任务批量清空后取消 > Expected Result 预期结果"	"完整目标范围全部证明 EMPTY 且机构安全后报告 ALL_EMPTY，服务端完成取消。"	"车载端只批量打开所选 DemandId 的 OCCUPIED 仓位，跳过 EMPTY；完整目标范围全部证明 EMPTY 且机构安全后报告 ALL_EMPTY，服务端完成取消。"	"fe5f966a02d63a0a22de8dfca902815a08815f58b2fa88cde9a410d29f2a7062"	"safety-hardware-acceptance-candidate"	"unapproved-unexecuted-internal-derived-acceptance-draft"	"8005-site-safety-slot-hardware-and-recovery"	"needs-safety-hardware-authority-and-explicit-approval"	"document-route:R05-C2; scenario:TC-017; scenario-role:outcome; upstream-fr:FR-007; upstream-uc:UC-006; formation-history:H2:493ac5a; `e56b7e9021c9` / H2; derived object: FR-007 AC-2/3"	"none-found-within-r05-pass"	"not-approved"	"hardware-and-IO-version-binding;safety-or-hardware-owner;risk-review-evidence;authoritative-upstream-version;named-approver;approval-date;approved-scope;version-or-sha256-binding"
"R05-A0086"	"R05"	"R05-17"	"requirement-documents/05-test-cases/01-site-operations/tc-017-cancel-loaded-batch-clear-success.md"	"e56b7e9021c9bb277a0fbe6039e00611236d1e4bd56be13f4e8ac9c336420d0f"	"line 29"	"TC-017 已装货任务批量清空后取消 > Verifies 验证对象"	"[[fr-007-task-cancellation-eligibility-check-and-state-rollback|FR-007]] AC-2、AC-3"	"[[fr-007-task-cancellation-eligibility-check-and-state-rollback|FR-007]] AC-2、AC-3"	"3c970aa2fc017ef509fce4e421e2b7f9c81fae7ae44022c3607fec5c5716e08c"	"verification-traceability-evidence"	"unapproved-unexecuted-internal-derived-acceptance-draft"	"8005-site-operation-and-stop-closure"	"evidence-only"	"document-route:R05-C2; scenario:TC-017; scenario-role:verification; upstream-fr:FR-007; upstream-uc:UC-006; formation-history:H2:493ac5a; `e56b7e9021c9` / H2; derived object: FR-007 AC-2/3"	"none-found-within-r05-pass"	"not-approved"	"authoritative-upstream-version;named-approver;approval-date;approved-scope;version-or-sha256-binding"
"R05-A0087"	"R05"	"R05-18"	"requirement-documents/05-test-cases/01-site-operations/tc-018-destination-auto-identify-list.md"	"10549ebed0e992c092953855bb3e4f2f87e7608b4401ce70a3047679c5ae03cf"	"line 17"	"TC-018 自动识别待取料清单 > Preconditions 前置条件"	"AGV 已到达某站点，且该 AGV 上存在一个或多个""已占用""且关联任务目标站点等于当前站点的仓位。"	"AGV 已到达某站点，且该 AGV 上存在一个或多个""已占用""且关联任务目标站点等于当前站点的仓位。"	"b289115521aadf1ad620ad7c1c9db62a84ea731342fdba9c09e283cb1cfe226e"	"business-acceptance-precondition-candidate"	"unapproved-unexecuted-internal-derived-acceptance-draft"	"8005-site-operation-and-stop-closure"	"needs-upstream-source-and-explicit-approval"	"document-route:R05-C1; scenario:TC-018; scenario-role:precondition; upstream-fr:FR-008; upstream-uc:UC-010; formation-history:H3:ecd0fd8; `10549ebed0e9` / H3; derived object: FR-008 AC-1"	"none-found-within-r05-pass"	"not-approved"	"authoritative-upstream-version;named-approver;approval-date;approved-scope;version-or-sha256-binding"
"R05-A0088"	"R05"	"R05-18"	"requirement-documents/05-test-cases/01-site-operations/tc-018-destination-auto-identify-list.md"	"10549ebed0e992c092953855bb3e4f2f87e7608b4401ce70a3047679c5ae03cf"	"line 21"	"TC-018 自动识别待取料清单 > Test Steps 测试步骤"	"系统在到站后执行仓位识别。"	"系统在到站后执行仓位识别。"	"eb4a4723df2fe5f699c24b81956cea9e3c64dfc7de406ad900738dd14502a889"	"business-acceptance-action-candidate"	"unapproved-unexecuted-internal-derived-acceptance-draft"	"8005-site-operation-and-stop-closure"	"needs-upstream-source-and-explicit-approval"	"document-route:R05-C1; scenario:TC-018; scenario-role:action; upstream-fr:FR-008; upstream-uc:UC-010; formation-history:H3:ecd0fd8; `10549ebed0e9` / H3; derived object: FR-008 AC-1"	"none-found-within-r05-pass"	"not-approved"	"authoritative-upstream-version;named-approver;approval-date;approved-scope;version-or-sha256-binding"
"R05-A0089"	"R05"	"R05-18"	"requirement-documents/05-test-cases/01-site-operations/tc-018-destination-auto-identify-list.md"	"10549ebed0e992c092953855bb3e4f2f87e7608b4401ce70a3047679c5ae03cf"	"line 25"	"TC-018 自动识别待取料清单 > Expected Result 预期结果"	"系统自动列出这些仓位/任务作为本次到站待取料清单，不要求操作员扫码。"	"系统自动列出这些仓位/任务作为本次到站待取料清单，不要求操作员扫码。"	"7269d3e68c0408977a077febffa3fbc303af7c3792e061d4617391b300b7533b"	"business-acceptance-outcome-candidate"	"unapproved-unexecuted-internal-derived-acceptance-draft"	"8005-site-operation-and-stop-closure"	"needs-upstream-source-and-explicit-approval"	"document-route:R05-C1; scenario:TC-018; scenario-role:outcome; upstream-fr:FR-008; upstream-uc:UC-010; formation-history:H3:ecd0fd8; `10549ebed0e9` / H3; derived object: FR-008 AC-1"	"none-found-within-r05-pass"	"not-approved"	"authoritative-upstream-version;named-approver;approval-date;approved-scope;version-or-sha256-binding"
"R05-A0090"	"R05"	"R05-18"	"requirement-documents/05-test-cases/01-site-operations/tc-018-destination-auto-identify-list.md"	"10549ebed0e992c092953855bb3e4f2f87e7608b4401ce70a3047679c5ae03cf"	"line 29"	"TC-018 自动识别待取料清单 > Verifies 验证对象"	"[[fr-008-destination-station-auto-identify-and-batch-unlock|FR-008]] AC-1"	"[[fr-008-destination-station-auto-identify-and-batch-unlock|FR-008]] AC-1"	"4c642ac5d0188c32e4ef581cf84e221ec4168965e8c14d4a1da04e6e4c4d148d"	"verification-traceability-evidence"	"unapproved-unexecuted-internal-derived-acceptance-draft"	"8005-site-operation-and-stop-closure"	"evidence-only"	"document-route:R05-C1; scenario:TC-018; scenario-role:verification; upstream-fr:FR-008; upstream-uc:UC-010; formation-history:H3:ecd0fd8; `10549ebed0e9` / H3; derived object: FR-008 AC-1"	"none-found-within-r05-pass"	"not-approved"	"authoritative-upstream-version;named-approver;approval-date;approved-scope;version-or-sha256-binding"
"R05-A0091"	"R05"	"R05-19"	"requirement-documents/05-test-cases/01-site-operations/tc-019-destination-move-interlock-block.md"	"2e695347ebe60e9291c63502e665f90a33f8451e39d68ae0fddc70a49fd4c0d4"	"line 17"	"TC-019 移动联锁拒绝开锁 > Preconditions 前置条件"	"已生成待取料清单；"	"已生成待取料清单；按 UC-004 Flow A 判定 AGV 当前处于移动状态。"	"d5056e3b4eb3d55318a09866d5e822e7116c7235879b5f5dc9710f9677b32c9a"	"business-acceptance-precondition-candidate"	"unapproved-unexecuted-internal-derived-acceptance-draft"	"8005-site-operation-and-stop-closure"	"needs-upstream-source-and-explicit-approval"	"document-route:R05-C1; scenario:TC-019; scenario-role:precondition; upstream-fr:FR-008; upstream-uc:UC-004,UC-010; formation-history:H3:ecd0fd8; `2e695347ebe6` / H3; derived object: FR-008 AC-2"	"none-found-within-r05-pass"	"not-approved"	"authoritative-upstream-version;named-approver;approval-date;approved-scope;version-or-sha256-binding"
"R05-A0092"	"R05"	"R05-19"	"requirement-documents/05-test-cases/01-site-operations/tc-019-destination-move-interlock-block.md"	"2e695347ebe60e9291c63502e665f90a33f8451e39d68ae0fddc70a49fd4c0d4"	"line 17"	"TC-019 移动联锁拒绝开锁 > Preconditions 前置条件"	"按 UC-004 Flow A 判定 AGV 当前处于移动状态。"	"已生成待取料清单；按 UC-004 Flow A 判定 AGV 当前处于移动状态。"	"09b435b005f521841c3c0648687585e17207b3549ca232927035ce209ba44301"	"business-acceptance-precondition-candidate"	"unapproved-unexecuted-internal-derived-acceptance-draft"	"8005-site-operation-and-stop-closure"	"needs-upstream-source-and-explicit-approval"	"document-route:R05-C1; scenario:TC-019; scenario-role:precondition; upstream-fr:FR-008; upstream-uc:UC-004,UC-010; formation-history:H3:ecd0fd8; `2e695347ebe6` / H3; derived object: FR-008 AC-2"	"none-found-within-r05-pass"	"not-approved"	"authoritative-upstream-version;named-approver;approval-date;approved-scope;version-or-sha256-binding"
"R05-A0093"	"R05"	"R05-19"	"requirement-documents/05-test-cases/01-site-operations/tc-019-destination-move-interlock-block.md"	"2e695347ebe60e9291c63502e665f90a33f8451e39d68ae0fddc70a49fd4c0d4"	"line 21"	"TC-019 移动联锁拒绝开锁 > Test Steps 测试步骤"	"系统准备下发开锁指令。"	"系统准备下发开锁指令。"	"57a1d4a64b532e5955c1506c80fc3bd24b5a0a4dfca663266d505e795d5049da"	"interface-integration-acceptance-candidate"	"unapproved-unexecuted-internal-derived-acceptance-draft"	"8005-onboard-server-MES-interface"	"needs-interface-owner-source-and-explicit-approval"	"document-route:R05-C1; scenario:TC-019; scenario-role:action; upstream-fr:FR-008; upstream-uc:UC-004,UC-010; formation-history:H3:ecd0fd8; `2e695347ebe6` / H3; derived object: FR-008 AC-2"	"none-found-within-r05-pass"	"not-approved"	"controlled-interface-version;interface-owner;authoritative-upstream-version;named-approver;approval-date;approved-scope;version-or-sha256-binding"
"R05-A0094"	"R05"	"R05-19"	"requirement-documents/05-test-cases/01-site-operations/tc-019-destination-move-interlock-block.md"	"2e695347ebe60e9291c63502e665f90a33f8451e39d68ae0fddc70a49fd4c0d4"	"line 25"	"TC-019 移动联锁拒绝开锁 > Expected Result 预期结果"	"系统拒绝本次开门/开锁，不下发开锁指令（对应 UC-004 Exception Flow EA1.1）。"	"系统拒绝本次开门/开锁，不下发开锁指令（对应 UC-004 Exception Flow EA1.1）。"	"2aa26304e61682e71a1dff559aed591794dc5225d4282f97994b0bc74533411b"	"interface-integration-acceptance-candidate"	"unapproved-unexecuted-internal-derived-acceptance-draft"	"8005-onboard-server-MES-interface"	"needs-interface-owner-source-and-explicit-approval"	"document-route:R05-C1; scenario:TC-019; scenario-role:outcome; upstream-fr:FR-008; upstream-uc:UC-004,UC-010; formation-history:H3:ecd0fd8; `2e695347ebe6` / H3; derived object: FR-008 AC-2"	"none-found-within-r05-pass"	"not-approved"	"controlled-interface-version;interface-owner;authoritative-upstream-version;named-approver;approval-date;approved-scope;version-or-sha256-binding"
"R05-A0095"	"R05"	"R05-19"	"requirement-documents/05-test-cases/01-site-operations/tc-019-destination-move-interlock-block.md"	"2e695347ebe60e9291c63502e665f90a33f8451e39d68ae0fddc70a49fd4c0d4"	"line 29"	"TC-019 移动联锁拒绝开锁 > Verifies 验证对象"	"[[fr-008-destination-station-auto-identify-and-batch-unlock|FR-008]] AC-2"	"[[fr-008-destination-station-auto-identify-and-batch-unlock|FR-008]] AC-2"	"ce6364b0b77869238eb4f501d82c1ed8a17fe9f13b92e9f60fc3269ea1bfa6a6"	"verification-traceability-evidence"	"unapproved-unexecuted-internal-derived-acceptance-draft"	"8005-site-operation-and-stop-closure"	"evidence-only"	"document-route:R05-C1; scenario:TC-019; scenario-role:verification; upstream-fr:FR-008; upstream-uc:UC-004,UC-010; formation-history:H3:ecd0fd8; `2e695347ebe6` / H3; derived object: FR-008 AC-2"	"none-found-within-r05-pass"	"not-approved"	"authoritative-upstream-version;named-approver;approval-date;approved-scope;version-or-sha256-binding"
"R05-A0096"	"R05"	"R05-20"	"requirement-documents/05-test-cases/01-site-operations/tc-020-destination-batch-unlock-success.md"	"c3835a32b2db370587873bb6b4720b054a98bb7a40757dfa21df4d0b72f89550"	"line 17"	"TC-020 批量开锁成功 > Preconditions 前置条件"	"AGV 未在移动；"	"AGV 未在移动；服务端已生成覆盖一个或多个 Sublot 的本站点待卸货仓位集合，且目标仓位分布在一个或多个 IO 模块。"	"ba2fe07c4d74e51da27c00ab1ea383ad956c386b0b26c7ed630e9f17ddfb0f2c"	"business-acceptance-precondition-candidate"	"unapproved-unexecuted-internal-derived-acceptance-draft"	"8005-site-operation-and-stop-closure"	"needs-upstream-source-and-explicit-approval"	"document-route:R05-C2; scenario:TC-020; scenario-role:precondition; upstream-fr:FR-008; upstream-uc:UC-010; formation-history:H1:ecd0fd8-to-493ac5a; `c3835a32b2db` / H1; derived object: FR-008 AC-3/6"	"none-found-within-r05-pass"	"not-approved"	"authoritative-upstream-version;named-approver;approval-date;approved-scope;version-or-sha256-binding"
"R05-A0097"	"R05"	"R05-20"	"requirement-documents/05-test-cases/01-site-operations/tc-020-destination-batch-unlock-success.md"	"c3835a32b2db370587873bb6b4720b054a98bb7a40757dfa21df4d0b72f89550"	"line 17"	"TC-020 批量开锁成功 > Preconditions 前置条件"	"服务端已生成覆盖一个或多个 Sublot 的本站点待卸货仓位集合，且目标仓位分布在一个或多个 IO 模块。"	"AGV 未在移动；服务端已生成覆盖一个或多个 Sublot 的本站点待卸货仓位集合，且目标仓位分布在一个或多个 IO 模块。"	"a555e1531316ff4624c1ba9c1ff82a7a36d3a149df7baf0adc9079bb62d31d36"	"safety-hardware-acceptance-candidate"	"unapproved-unexecuted-internal-derived-acceptance-draft"	"8005-site-safety-slot-hardware-and-recovery"	"needs-safety-hardware-authority-and-explicit-approval"	"document-route:R05-C2; scenario:TC-020; scenario-role:precondition; upstream-fr:FR-008; upstream-uc:UC-010; formation-history:H1:ecd0fd8-to-493ac5a; `c3835a32b2db` / H1; derived object: FR-008 AC-3/6"	"none-found-within-r05-pass"	"not-approved"	"hardware-and-IO-version-binding;safety-or-hardware-owner;risk-review-evidence;authoritative-upstream-version;named-approver;approval-date;approved-scope;version-or-sha256-binding"
"R05-A0098"	"R05"	"R05-20"	"requirement-documents/05-test-cases/01-site-operations/tc-020-destination-batch-unlock-success.md"	"c3835a32b2db370587873bb6b4720b054a98bb7a40757dfa21df4d0b72f89550"	"line 21"	"TC-020 批量开锁成功 > Test Steps 测试步骤"	"车载端按 IO 模块对目标仓位分组：同一模块内使用 Modbus 功能码 `0x0F` 一次写入多个连续线圈；"	"车载端按 IO 模块对目标仓位分组：同一模块内使用 Modbus 功能码 `0x0F` 一次写入多个连续线圈；多个模块并行下发批量开锁命令。"	"b63829828cb11bdd6a619b23cbe889265c27fa365e38b6a9cca96a14a9e73342"	"safety-hardware-acceptance-candidate"	"unapproved-unexecuted-internal-derived-acceptance-draft"	"8005-site-safety-slot-hardware-and-recovery"	"needs-safety-hardware-authority-and-explicit-approval"	"document-route:R05-C2; scenario:TC-020; scenario-role:action; upstream-fr:FR-008; upstream-uc:UC-010; formation-history:H1:ecd0fd8-to-493ac5a; `c3835a32b2db` / H1; derived object: FR-008 AC-3/6"	"none-found-within-r05-pass"	"not-approved"	"hardware-and-IO-version-binding;safety-or-hardware-owner;risk-review-evidence;authoritative-upstream-version;named-approver;approval-date;approved-scope;version-or-sha256-binding"
"R05-A0099"	"R05"	"R05-20"	"requirement-documents/05-test-cases/01-site-operations/tc-020-destination-batch-unlock-success.md"	"c3835a32b2db370587873bb6b4720b054a98bb7a40757dfa21df4d0b72f89550"	"line 21"	"TC-020 批量开锁成功 > Test Steps 测试步骤"	"多个模块并行下发批量开锁命令。"	"车载端按 IO 模块对目标仓位分组：同一模块内使用 Modbus 功能码 `0x0F` 一次写入多个连续线圈；多个模块并行下发批量开锁命令。"	"0171eda99b1690de3002b1d0a3dd90fb7d51fce74639c2e2da89cf14bbc95e43"	"interface-integration-acceptance-candidate"	"unapproved-unexecuted-internal-derived-acceptance-draft"	"8005-onboard-server-MES-interface"	"needs-interface-owner-source-and-explicit-approval"	"document-route:R05-C2; scenario:TC-020; scenario-role:action; upstream-fr:FR-008; upstream-uc:UC-010; formation-history:H1:ecd0fd8-to-493ac5a; `c3835a32b2db` / H1; derived object: FR-008 AC-3/6"	"none-found-within-r05-pass"	"not-approved"	"controlled-interface-version;interface-owner;authoritative-upstream-version;named-approver;approval-date;approved-scope;version-or-sha256-binding"
"R05-A0100"	"R05"	"R05-20"	"requirement-documents/05-test-cases/01-site-operations/tc-020-destination-batch-unlock-success.md"	"c3835a32b2db370587873bb6b4720b054a98bb7a40757dfa21df4d0b72f89550"	"line 25"	"TC-020 批量开锁成功 > Expected Result 预期结果"	"所有下发成功的目标仓位由弹簧结构自动弹门，锁 DI 变为未锁；"	"所有下发成功的目标仓位由弹簧结构自动弹门，锁 DI 变为未锁；界面按仓位展示结果，允许操作员尽快取走全部目标产品，而不是逐门等待和确认。"	"2f4efc35909d003c68cae1e737be45a591d3f02738129846e18c095090ed73f5"	"safety-hardware-acceptance-candidate"	"unapproved-unexecuted-internal-derived-acceptance-draft"	"8005-site-safety-slot-hardware-and-recovery"	"needs-safety-hardware-authority-and-explicit-approval"	"document-route:R05-C2; scenario:TC-020; scenario-role:outcome; upstream-fr:FR-008; upstream-uc:UC-010; formation-history:H1:ecd0fd8-to-493ac5a; `c3835a32b2db` / H1; derived object: FR-008 AC-3/6"	"none-found-within-r05-pass"	"not-approved"	"hardware-and-IO-version-binding;safety-or-hardware-owner;risk-review-evidence;authoritative-upstream-version;named-approver;approval-date;approved-scope;version-or-sha256-binding"
"R05-A0101"	"R05"	"R05-20"	"requirement-documents/05-test-cases/01-site-operations/tc-020-destination-batch-unlock-success.md"	"c3835a32b2db370587873bb6b4720b054a98bb7a40757dfa21df4d0b72f89550"	"line 25"	"TC-020 批量开锁成功 > Expected Result 预期结果"	"界面按仓位展示结果，允许操作员尽快取走全部目标产品，而不是逐门等待和确认。"	"所有下发成功的目标仓位由弹簧结构自动弹门，锁 DI 变为未锁；界面按仓位展示结果，允许操作员尽快取走全部目标产品，而不是逐门等待和确认。"	"69e51017bc0fbd2162abaf24ac172d23fe682f54ec8b5ec50189e004f26c893a"	"operator-HMI-acceptance-candidate"	"unapproved-unexecuted-internal-derived-acceptance-draft"	"8005-onboard-HMI-and-site-operation"	"needs-operator-product-owner-and-explicit-approval"	"document-route:R05-C2; scenario:TC-020; scenario-role:outcome; upstream-fr:FR-008; upstream-uc:UC-010; formation-history:H1:ecd0fd8-to-493ac5a; `c3835a32b2db` / H1; derived object: FR-008 AC-3/6"	"none-found-within-r05-pass"	"not-approved"	"operator-or-product-owner;project-station-or-configuration-scope;authoritative-upstream-version;named-approver;approval-date;approved-scope;version-or-sha256-binding"
"R05-A0102"	"R05"	"R05-20"	"requirement-documents/05-test-cases/01-site-operations/tc-020-destination-batch-unlock-success.md"	"c3835a32b2db370587873bb6b4720b054a98bb7a40757dfa21df4d0b72f89550"	"line 29"	"TC-020 批量开锁成功 > Verifies 验证对象"	"[[fr-008-destination-station-auto-identify-and-batch-unlock|FR-008]] AC-3、AC-6"	"[[fr-008-destination-station-auto-identify-and-batch-unlock|FR-008]] AC-3、AC-6"	"2a53d10b22d40a169d0a63c2fb11c3bab782d77dc3037d35f5168e2e5b234dd1"	"verification-traceability-evidence"	"unapproved-unexecuted-internal-derived-acceptance-draft"	"8005-site-operation-and-stop-closure"	"evidence-only"	"document-route:R05-C2; scenario:TC-020; scenario-role:verification; upstream-fr:FR-008; upstream-uc:UC-010; formation-history:H1:ecd0fd8-to-493ac5a; `c3835a32b2db` / H1; derived object: FR-008 AC-3/6"	"none-found-within-r05-pass"	"not-approved"	"authoritative-upstream-version;named-approver;approval-date;approved-scope;version-or-sha256-binding"
"R05-A0103"	"R05"	"R05-21"	"requirement-documents/05-test-cases/01-site-operations/tc-021-destination-unlock-timeout-lockout.md"	"68d42ff1ecb2d4a852dd85ff81cca0b2b034bce8b03e47fb07f0d256abcc49c1"	"line 17"	"TC-021 多模块批量开锁部分失败 > Preconditions 前置条件"	"目标仓位分布在多个 IO 模块，其中一个模块通信失败；"	"目标仓位分布在多个 IO 模块，其中一个模块通信失败；另一个模块批量写入成功，但其中某个仓位的锁 DI 未变为未锁。"	"32b97dd8c1608e6e1046ec1ec64f2f12212bf620cccb4b14db65a73ec09dd184"	"safety-hardware-acceptance-candidate"	"unapproved-unexecuted-internal-derived-acceptance-draft"	"8005-site-safety-slot-hardware-and-recovery"	"needs-safety-hardware-authority-and-explicit-approval"	"document-route:R05-C2; scenario:TC-021; scenario-role:precondition; upstream-fr:FR-008; upstream-uc:UC-010; formation-history:H1:ecd0fd8-to-493ac5a; `68d42ff1ecb2` / H1; derived object: FR-008 AC-4/6"	"TQ-R05-001"	"not-approved"	"hardware-and-IO-version-binding;safety-or-hardware-owner;risk-review-evidence;authoritative-upstream-version;named-approver;approval-date;approved-scope;version-or-sha256-binding"
"R05-A0104"	"R05"	"R05-21"	"requirement-documents/05-test-cases/01-site-operations/tc-021-destination-unlock-timeout-lockout.md"	"68d42ff1ecb2d4a852dd85ff81cca0b2b034bce8b03e47fb07f0d256abcc49c1"	"line 17"	"TC-021 多模块批量开锁部分失败 > Preconditions 前置条件"	"另一个模块批量写入成功，但其中某个仓位的锁 DI 未变为未锁。"	"目标仓位分布在多个 IO 模块，其中一个模块通信失败；另一个模块批量写入成功，但其中某个仓位的锁 DI 未变为未锁。"	"2cf62a19a04b8a5e7bcbce8ff62b0d78ff57eb17ac34c15a34b18be7a0415853"	"safety-hardware-acceptance-candidate"	"unapproved-unexecuted-internal-derived-acceptance-draft"	"8005-site-safety-slot-hardware-and-recovery"	"needs-safety-hardware-authority-and-explicit-approval"	"document-route:R05-C2; scenario:TC-021; scenario-role:precondition; upstream-fr:FR-008; upstream-uc:UC-010; formation-history:H1:ecd0fd8-to-493ac5a; `68d42ff1ecb2` / H1; derived object: FR-008 AC-4/6"	"TQ-R05-001"	"not-approved"	"hardware-and-IO-version-binding;safety-or-hardware-owner;risk-review-evidence;authoritative-upstream-version;named-approver;approval-date;approved-scope;version-or-sha256-binding"
"R05-A0105"	"R05"	"R05-21"	"requirement-documents/05-test-cases/01-site-operations/tc-021-destination-unlock-timeout-lockout.md"	"68d42ff1ecb2d4a852dd85ff81cca0b2b034bce8b03e47fb07f0d256abcc49c1"	"line 21"	"TC-021 多模块批量开锁部分失败 > Test Steps 测试步骤"	"车载端记录各模块命令结果，并逐仓位读取锁 DI 核验实际开锁结果。"	"车载端记录各模块命令结果，并逐仓位读取锁 DI 核验实际开锁结果。"	"4fba7bd53dd65b3e9a1fd30963d1de4b3dbecd70e4c4338bbb272a534f953072"	"safety-hardware-acceptance-candidate"	"unapproved-unexecuted-internal-derived-acceptance-draft"	"8005-site-safety-slot-hardware-and-recovery"	"needs-safety-hardware-authority-and-explicit-approval"	"document-route:R05-C2; scenario:TC-021; scenario-role:action; upstream-fr:FR-008; upstream-uc:UC-010; formation-history:H1:ecd0fd8-to-493ac5a; `68d42ff1ecb2` / H1; derived object: FR-008 AC-4/6"	"TQ-R05-001"	"not-approved"	"hardware-and-IO-version-binding;safety-or-hardware-owner;risk-review-evidence;authoritative-upstream-version;named-approver;approval-date;approved-scope;version-or-sha256-binding"
"R05-A0106"	"R05"	"R05-21"	"requirement-documents/05-test-cases/01-site-operations/tc-021-destination-unlock-timeout-lockout.md"	"68d42ff1ecb2d4a852dd85ff81cca0b2b034bce8b03e47fb07f0d256abcc49c1"	"line 25"	"TC-021 多模块批量开锁部分失败 > Expected Result 预期结果"	"系统按仓位记录部分成功结果：已确认打开的仓位可继续卸货；"	"系统按仓位记录部分成功结果：已确认打开的仓位可继续卸货；通信失败模块中的仓位标记为结果未知并等待通信恢复后核验；锁 DI 未变化的仓位报告“开锁或弹门失败”，暂停该仓位后续操作。不得把整批误判为全成功或全失败。"	"07feebff9e29a54ef3857f7da541e8f68e4294c0cfb781ae9e847e3728dd2e33"	"business-acceptance-outcome-candidate"	"unapproved-unexecuted-internal-derived-acceptance-draft"	"8005-site-operation-and-stop-closure"	"needs-upstream-source-and-explicit-approval"	"document-route:R05-C2; scenario:TC-021; scenario-role:outcome; upstream-fr:FR-008; upstream-uc:UC-010; formation-history:H1:ecd0fd8-to-493ac5a; `68d42ff1ecb2` / H1; derived object: FR-008 AC-4/6"	"TQ-R05-001"	"not-approved"	"authoritative-upstream-version;named-approver;approval-date;approved-scope;version-or-sha256-binding"
"R05-A0107"	"R05"	"R05-21"	"requirement-documents/05-test-cases/01-site-operations/tc-021-destination-unlock-timeout-lockout.md"	"68d42ff1ecb2d4a852dd85ff81cca0b2b034bce8b03e47fb07f0d256abcc49c1"	"line 25"	"TC-021 多模块批量开锁部分失败 > Expected Result 预期结果"	"通信失败模块中的仓位标记为结果未知并等待通信恢复后核验；"	"系统按仓位记录部分成功结果：已确认打开的仓位可继续卸货；通信失败模块中的仓位标记为结果未知并等待通信恢复后核验；锁 DI 未变化的仓位报告“开锁或弹门失败”，暂停该仓位后续操作。不得把整批误判为全成功或全失败。"	"d1da476d4890fd4eecd50e24a4bfb8676bfd80b257d8e90f158bba8dbc51e122"	"business-acceptance-outcome-candidate"	"unapproved-unexecuted-internal-derived-acceptance-draft"	"8005-site-operation-and-stop-closure"	"needs-upstream-source-and-explicit-approval"	"document-route:R05-C2; scenario:TC-021; scenario-role:outcome; upstream-fr:FR-008; upstream-uc:UC-010; formation-history:H1:ecd0fd8-to-493ac5a; `68d42ff1ecb2` / H1; derived object: FR-008 AC-4/6"	"TQ-R05-001"	"not-approved"	"authoritative-upstream-version;named-approver;approval-date;approved-scope;version-or-sha256-binding"
"R05-A0108"	"R05"	"R05-21"	"requirement-documents/05-test-cases/01-site-operations/tc-021-destination-unlock-timeout-lockout.md"	"68d42ff1ecb2d4a852dd85ff81cca0b2b034bce8b03e47fb07f0d256abcc49c1"	"line 25"	"TC-021 多模块批量开锁部分失败 > Expected Result 预期结果"	"锁 DI 未变化的仓位报告“开锁或弹门失败”，暂停该仓位后续操作。"	"系统按仓位记录部分成功结果：已确认打开的仓位可继续卸货；通信失败模块中的仓位标记为结果未知并等待通信恢复后核验；锁 DI 未变化的仓位报告“开锁或弹门失败”，暂停该仓位后续操作。不得把整批误判为全成功或全失败。"	"a2e1f22523814c78c2f7d535f788d124b7aa82d50703ef152d54b464ed0a4a6c"	"safety-hardware-acceptance-candidate"	"unapproved-unexecuted-internal-derived-acceptance-draft"	"8005-site-safety-slot-hardware-and-recovery"	"needs-safety-hardware-authority-and-explicit-approval"	"document-route:R05-C2; scenario:TC-021; scenario-role:outcome; upstream-fr:FR-008; upstream-uc:UC-010; formation-history:H1:ecd0fd8-to-493ac5a; `68d42ff1ecb2` / H1; derived object: FR-008 AC-4/6"	"TQ-R05-001"	"not-approved"	"hardware-and-IO-version-binding;safety-or-hardware-owner;risk-review-evidence;authoritative-upstream-version;named-approver;approval-date;approved-scope;version-or-sha256-binding"
"R05-A0109"	"R05"	"R05-21"	"requirement-documents/05-test-cases/01-site-operations/tc-021-destination-unlock-timeout-lockout.md"	"68d42ff1ecb2d4a852dd85ff81cca0b2b034bce8b03e47fb07f0d256abcc49c1"	"line 25"	"TC-021 多模块批量开锁部分失败 > Expected Result 预期结果"	"不得把整批误判为全成功或全失败。"	"系统按仓位记录部分成功结果：已确认打开的仓位可继续卸货；通信失败模块中的仓位标记为结果未知并等待通信恢复后核验；锁 DI 未变化的仓位报告“开锁或弹门失败”，暂停该仓位后续操作。不得把整批误判为全成功或全失败。"	"d7a7c80d78ad221496ea57ecb31ae5189232e1c2be18e053e672f8b0ebad5dd5"	"business-acceptance-outcome-candidate"	"unapproved-unexecuted-internal-derived-acceptance-draft"	"8005-site-operation-and-stop-closure"	"needs-upstream-source-and-explicit-approval"	"document-route:R05-C2; scenario:TC-021; scenario-role:outcome; upstream-fr:FR-008; upstream-uc:UC-010; formation-history:H1:ecd0fd8-to-493ac5a; `68d42ff1ecb2` / H1; derived object: FR-008 AC-4/6"	"TQ-R05-001"	"not-approved"	"authoritative-upstream-version;named-approver;approval-date;approved-scope;version-or-sha256-binding"
"R05-A0110"	"R05"	"R05-21"	"requirement-documents/05-test-cases/01-site-operations/tc-021-destination-unlock-timeout-lockout.md"	"68d42ff1ecb2d4a852dd85ff81cca0b2b034bce8b03e47fb07f0d256abcc49c1"	"line 29"	"TC-021 多模块批量开锁部分失败 > Verifies 验证对象"	"[[fr-008-destination-station-auto-identify-and-batch-unlock|FR-008]] AC-4、AC-6"	"[[fr-008-destination-station-auto-identify-and-batch-unlock|FR-008]] AC-4、AC-6"	"dac1dca57af4f715523040a163863fa1ec160e1fdba60d918c2b6ae3ca01f751"	"verification-traceability-evidence"	"unapproved-unexecuted-internal-derived-acceptance-draft"	"8005-site-operation-and-stop-closure"	"evidence-only"	"document-route:R05-C2; scenario:TC-021; scenario-role:verification; upstream-fr:FR-008; upstream-uc:UC-010; formation-history:H1:ecd0fd8-to-493ac5a; `68d42ff1ecb2` / H1; derived object: FR-008 AC-4/6"	"TQ-R05-001"	"not-approved"	"authoritative-upstream-version;named-approver;approval-date;approved-scope;version-or-sha256-binding"
"R05-A0111"	"R05"	"R05-22"	"requirement-documents/05-test-cases/01-site-operations/tc-022-destination-content-mismatch-lockout.md"	"e2a2cc9090372f7ef78f56e2691db7b69233fd43789b1be88ff5f813afed5a48"	"line 17"	"TC-022 打开后实物不符，异常锁定 > Preconditions 前置条件"	"某仓位打开后，操作员核验发现该仓位内实际无产品，或存放的产品与系统记录的子批号不符。"	"某仓位打开后，操作员核验发现该仓位内实际无产品，或存放的产品与系统记录的子批号不符。"	"5691cc2fcd11acb7903904448d7ca0edcea8569a8a038915055890718704bb91"	"business-acceptance-precondition-candidate"	"unapproved-unexecuted-internal-derived-acceptance-draft"	"8005-site-operation-and-stop-closure"	"needs-upstream-source-and-explicit-approval"	"document-route:R05-C1; scenario:TC-022; scenario-role:precondition; upstream-fr:FR-008; upstream-uc:UC-010; formation-history:H3:ecd0fd8; `e2a2cc909037` / H3; derived object: FR-008 AC-5"	"none-found-within-r05-pass"	"not-approved"	"authoritative-upstream-version;named-approver;approval-date;approved-scope;version-or-sha256-binding"
"R05-A0112"	"R05"	"R05-22"	"requirement-documents/05-test-cases/01-site-operations/tc-022-destination-content-mismatch-lockout.md"	"e2a2cc9090372f7ef78f56e2691db7b69233fd43789b1be88ff5f813afed5a48"	"line 21"	"TC-022 打开后实物不符，异常锁定 > Test Steps 测试步骤"	"操作员上报该仓位状态异常。"	"操作员上报该仓位状态异常。"	"970bfcbfbde0769a797fa175bb2ad4e2aa1cec5cdba9b09b7a799e99d5539e6a"	"interface-integration-acceptance-candidate"	"unapproved-unexecuted-internal-derived-acceptance-draft"	"8005-onboard-server-MES-interface"	"needs-interface-owner-source-and-explicit-approval"	"document-route:R05-C1; scenario:TC-022; scenario-role:action; upstream-fr:FR-008; upstream-uc:UC-010; formation-history:H3:ecd0fd8; `e2a2cc909037` / H3; derived object: FR-008 AC-5"	"none-found-within-r05-pass"	"not-approved"	"controlled-interface-version;interface-owner;authoritative-upstream-version;named-approver;approval-date;approved-scope;version-or-sha256-binding"
"R05-A0113"	"R05"	"R05-22"	"requirement-documents/05-test-cases/01-site-operations/tc-022-destination-content-mismatch-lockout.md"	"e2a2cc9090372f7ef78f56e2691db7b69233fd43789b1be88ff5f813afed5a48"	"line 25"	"TC-022 打开后实物不符，异常锁定 > Expected Result 预期结果"	"系统将该仓位标记为""异常锁定""，暂停对该仓位的后续操作；"	"系统将该仓位标记为""异常锁定""，暂停对该仓位的后续操作；该 AGV 上其他待取料仓位不受影响（对应 UC-010 Exception Flow E2.2）。"	"ec5ffe2939e670bdfe70fbed5179ffcf0bd2848e5160b34f1fd15eb401f8fc38"	"business-acceptance-outcome-candidate"	"unapproved-unexecuted-internal-derived-acceptance-draft"	"8005-site-operation-and-stop-closure"	"needs-upstream-source-and-explicit-approval"	"document-route:R05-C1; scenario:TC-022; scenario-role:outcome; upstream-fr:FR-008; upstream-uc:UC-010; formation-history:H3:ecd0fd8; `e2a2cc909037` / H3; derived object: FR-008 AC-5"	"none-found-within-r05-pass"	"not-approved"	"authoritative-upstream-version;named-approver;approval-date;approved-scope;version-or-sha256-binding"
"R05-A0114"	"R05"	"R05-22"	"requirement-documents/05-test-cases/01-site-operations/tc-022-destination-content-mismatch-lockout.md"	"e2a2cc9090372f7ef78f56e2691db7b69233fd43789b1be88ff5f813afed5a48"	"line 25"	"TC-022 打开后实物不符，异常锁定 > Expected Result 预期结果"	"该 AGV 上其他待取料仓位不受影响（对应 UC-010 Exception Flow E2.2）。"	"系统将该仓位标记为""异常锁定""，暂停对该仓位的后续操作；该 AGV 上其他待取料仓位不受影响（对应 UC-010 Exception Flow E2.2）。"	"cd77e668600eba826ae278362a3e3a1f876b30e8ee5ab677c8070e04f4abb11b"	"business-acceptance-outcome-candidate"	"unapproved-unexecuted-internal-derived-acceptance-draft"	"8005-site-operation-and-stop-closure"	"needs-upstream-source-and-explicit-approval"	"document-route:R05-C1; scenario:TC-022; scenario-role:outcome; upstream-fr:FR-008; upstream-uc:UC-010; formation-history:H3:ecd0fd8; `e2a2cc909037` / H3; derived object: FR-008 AC-5"	"none-found-within-r05-pass"	"not-approved"	"authoritative-upstream-version;named-approver;approval-date;approved-scope;version-or-sha256-binding"
"R05-A0115"	"R05"	"R05-22"	"requirement-documents/05-test-cases/01-site-operations/tc-022-destination-content-mismatch-lockout.md"	"e2a2cc9090372f7ef78f56e2691db7b69233fd43789b1be88ff5f813afed5a48"	"line 29"	"TC-022 打开后实物不符，异常锁定 > Verifies 验证对象"	"[[fr-008-destination-station-auto-identify-and-batch-unlock|FR-008]] AC-5"	"[[fr-008-destination-station-auto-identify-and-batch-unlock|FR-008]] AC-5"	"efb93cf0d5739c563da9475be03389955b118ccf726773d0a5b6ceb026af7eb1"	"verification-traceability-evidence"	"unapproved-unexecuted-internal-derived-acceptance-draft"	"8005-site-operation-and-stop-closure"	"evidence-only"	"document-route:R05-C1; scenario:TC-022; scenario-role:verification; upstream-fr:FR-008; upstream-uc:UC-010; formation-history:H3:ecd0fd8; `e2a2cc909037` / H3; derived object: FR-008 AC-5"	"none-found-within-r05-pass"	"not-approved"	"authoritative-upstream-version;named-approver;approval-date;approved-scope;version-or-sha256-binding"
"R05-A0116"	"R05"	"R05-23"	"requirement-documents/05-test-cases/01-site-operations/tc-023-destination-close-curtain-clear-rollback.md"	"73f098ac22ce03ab279d7280f5d18fd42ea65ae36d00c9f13f402a80be133500"	"line 17"	"TC-023 关门后光幕确认清空，回滚成功并记录 > Preconditions 前置条件"	"操作员已关闭目标仓位仓门，光幕检测确认该仓位内确实已清空。"	"操作员已关闭目标仓位仓门，光幕检测确认该仓位内确实已清空。"	"ef037952b58b969ed08f63f59f279d880eeb6b2f42b2d306b86e7b1623d8520f"	"safety-hardware-acceptance-candidate"	"unapproved-unexecuted-internal-derived-acceptance-draft"	"8005-site-safety-slot-hardware-and-recovery"	"needs-safety-hardware-authority-and-explicit-approval"	"document-route:R05-C1; scenario:TC-023; scenario-role:precondition; upstream-fr:FR-009; upstream-uc:UC-010; formation-history:H1:ecd0fd8-to-493ac5a; `73f098ac22ce` / H1; derived object: FR-009 AC-1"	"none-found-within-r05-pass"	"not-approved"	"hardware-and-IO-version-binding;safety-or-hardware-owner;risk-review-evidence;authoritative-upstream-version;named-approver;approval-date;approved-scope;version-or-sha256-binding"
"R05-A0117"	"R05"	"R05-23"	"requirement-documents/05-test-cases/01-site-operations/tc-023-destination-close-curtain-clear-rollback.md"	"73f098ac22ce03ab279d7280f5d18fd42ea65ae36d00c9f13f402a80be133500"	"line 21"	"TC-023 关门后光幕确认清空，回滚成功并记录 > Test Steps 测试步骤"	"系统执行关门后核验。"	"系统执行关门后核验。"	"f648c6650f6e836992b69fd9c59d0ae8e32dbcd39ab288b8cac09738f54fc507"	"business-acceptance-action-candidate"	"unapproved-unexecuted-internal-derived-acceptance-draft"	"8005-site-operation-and-stop-closure"	"needs-upstream-source-and-explicit-approval"	"document-route:R05-C1; scenario:TC-023; scenario-role:action; upstream-fr:FR-009; upstream-uc:UC-010; formation-history:H1:ecd0fd8-to-493ac5a; `73f098ac22ce` / H1; derived object: FR-009 AC-1"	"none-found-within-r05-pass"	"not-approved"	"authoritative-upstream-version;named-approver;approval-date;approved-scope;version-or-sha256-binding"
"R05-A0118"	"R05"	"R05-23"	"requirement-documents/05-test-cases/01-site-operations/tc-023-destination-close-curtain-clear-rollback.md"	"73f098ac22ce03ab279d7280f5d18fd42ea65ae36d00c9f13f402a80be133500"	"line 25"	"TC-023 关门后光幕确认清空，回滚成功并记录 > Expected Result 预期结果"	"该仓位状态由""已占用""变为""空闲""，清除仓位—子批号映射关系并记录本次取出操作；"	"该仓位状态由""已占用""变为""空闲""，清除仓位—子批号映射关系并记录本次取出操作；若该任务全部目标仓位均已完成卸货，则任务自动完成，否则保持未结。"	"14866e9f6750f63b47f60fe1d0813f1375e3d2519e87c340be8a4a9954380de9"	"business-acceptance-outcome-candidate"	"unapproved-unexecuted-internal-derived-acceptance-draft"	"8005-site-operation-and-stop-closure"	"needs-upstream-source-and-explicit-approval"	"document-route:R05-C1; scenario:TC-023; scenario-role:outcome; upstream-fr:FR-009; upstream-uc:UC-010; formation-history:H1:ecd0fd8-to-493ac5a; `73f098ac22ce` / H1; derived object: FR-009 AC-1"	"none-found-within-r05-pass"	"not-approved"	"authoritative-upstream-version;named-approver;approval-date;approved-scope;version-or-sha256-binding"
"R05-A0119"	"R05"	"R05-23"	"requirement-documents/05-test-cases/01-site-operations/tc-023-destination-close-curtain-clear-rollback.md"	"73f098ac22ce03ab279d7280f5d18fd42ea65ae36d00c9f13f402a80be133500"	"line 25"	"TC-023 关门后光幕确认清空，回滚成功并记录 > Expected Result 预期结果"	"若该任务全部目标仓位均已完成卸货，则任务自动完成，否则保持未结。"	"该仓位状态由""已占用""变为""空闲""，清除仓位—子批号映射关系并记录本次取出操作；若该任务全部目标仓位均已完成卸货，则任务自动完成，否则保持未结。"	"ed99a5d577b8bc361dd2373a89116a49571d89cd8b607966425a4c7f97a26d90"	"business-acceptance-outcome-candidate"	"unapproved-unexecuted-internal-derived-acceptance-draft"	"8005-site-operation-and-stop-closure"	"needs-upstream-source-and-explicit-approval"	"document-route:R05-C1; scenario:TC-023; scenario-role:outcome; upstream-fr:FR-009; upstream-uc:UC-010; formation-history:H1:ecd0fd8-to-493ac5a; `73f098ac22ce` / H1; derived object: FR-009 AC-1"	"none-found-within-r05-pass"	"not-approved"	"authoritative-upstream-version;named-approver;approval-date;approved-scope;version-or-sha256-binding"
"R05-A0120"	"R05"	"R05-23"	"requirement-documents/05-test-cases/01-site-operations/tc-023-destination-close-curtain-clear-rollback.md"	"73f098ac22ce03ab279d7280f5d18fd42ea65ae36d00c9f13f402a80be133500"	"line 29"	"TC-023 关门后光幕确认清空，回滚成功并记录 > Verifies 验证对象"	"[[fr-009-post-close-light-curtain-confirm-occupancy-rollback-and-residue-escalation|FR-009]] AC-1"	"[[fr-009-post-close-light-curtain-confirm-occupancy-rollback-and-residue-escalation|FR-009]] AC-1"	"2c925a474c3f3f9c65fbdc054cdaac05d3506732246b8fbd5f6542fe5f8a8dd9"	"verification-traceability-evidence"	"unapproved-unexecuted-internal-derived-acceptance-draft"	"8005-site-operation-and-stop-closure"	"evidence-only"	"document-route:R05-C1; scenario:TC-023; scenario-role:verification; upstream-fr:FR-009; upstream-uc:UC-010; formation-history:H1:ecd0fd8-to-493ac5a; `73f098ac22ce` / H1; derived object: FR-009 AC-1"	"none-found-within-r05-pass"	"not-approved"	"authoritative-upstream-version;named-approver;approval-date;approved-scope;version-or-sha256-binding"
"R05-A0121"	"R05"	"R05-24"	"requirement-documents/05-test-cases/01-site-operations/tc-024-destination-residue-escalate-to-uc044.md"	"199b20aca02a345d08d8c3b0942572af84ba32327932899726f2c887d745aac9"	"line 17"	"TC-024 关门后光幕检测残留，转 UC-044 > Preconditions 前置条件"	"操作员已关闭目标仓位仓门，但光幕仍检测到产品残留。"	"操作员已关闭目标仓位仓门，但光幕仍检测到产品残留。"	"bd201e4f5d0c8ab2bf72564b3c10c2d433f1b74a1d335af341319d81b110aba7"	"safety-hardware-acceptance-candidate"	"unapproved-unexecuted-internal-derived-acceptance-draft"	"8005-site-safety-slot-hardware-and-recovery"	"needs-safety-hardware-authority-and-explicit-approval"	"document-route:R05-C1; scenario:TC-024; scenario-role:precondition; upstream-fr:FR-009; upstream-uc:UC-010,UC-044; formation-history:H3:ecd0fd8; `199b20aca02a` / H3; derived object: FR-009 AC-2"	"none-found-within-r05-pass"	"not-approved"	"hardware-and-IO-version-binding;safety-or-hardware-owner;risk-review-evidence;authoritative-upstream-version;named-approver;approval-date;approved-scope;version-or-sha256-binding"
"R05-A0122"	"R05"	"R05-24"	"requirement-documents/05-test-cases/01-site-operations/tc-024-destination-residue-escalate-to-uc044.md"	"199b20aca02a345d08d8c3b0942572af84ba32327932899726f2c887d745aac9"	"line 21"	"TC-024 关门后光幕检测残留，转 UC-044 > Test Steps 测试步骤"	"系统执行关门后核验。"	"系统执行关门后核验。"	"f648c6650f6e836992b69fd9c59d0ae8e32dbcd39ab288b8cac09738f54fc507"	"business-acceptance-action-candidate"	"unapproved-unexecuted-internal-derived-acceptance-draft"	"8005-site-operation-and-stop-closure"	"needs-upstream-source-and-explicit-approval"	"document-route:R05-C1; scenario:TC-024; scenario-role:action; upstream-fr:FR-009; upstream-uc:UC-010,UC-044; formation-history:H3:ecd0fd8; `199b20aca02a` / H3; derived object: FR-009 AC-2; exact-duplicate-of:R05-A0117"	"none-found-within-r05-pass"	"not-approved"	"authoritative-upstream-version;named-approver;approval-date;approved-scope;version-or-sha256-binding"
"R05-A0123"	"R05"	"R05-24"	"requirement-documents/05-test-cases/01-site-operations/tc-024-destination-residue-escalate-to-uc044.md"	"199b20aca02a345d08d8c3b0942572af84ba32327932899726f2c887d745aac9"	"line 25"	"TC-024 关门后光幕检测残留，转 UC-044 > Expected Result 预期结果"	"系统不将该仓位回滚为""空闲""，转 [[uc-044-reopen-slot-after-incomplete-retrieval|UC-044]] 处理；"	"系统不将该仓位回滚为""空闲""，转 [[uc-044-reopen-slot-after-incomplete-retrieval|UC-044]] 处理；直至 UC-044 处理完毕、仓位恢复""空闲""后，才允许记录取出结果（对应 UC-010 Exception Flow E4.1）。"	"ccb8e7924f8f5d1447b35489aa31e04fb6955c6e6e4dca159ac5ef5adb89668c"	"internal-state-or-architecture-derivation"	"unapproved-unexecuted-internal-derived-acceptance-draft"	"8005-internal-site-operation-state-model"	"exclude-from-requirement-approval"	"document-route:R05-C1; scenario:TC-024; scenario-role:outcome; upstream-fr:FR-009; upstream-uc:UC-010,UC-044; formation-history:H3:ecd0fd8; `199b20aca02a` / H3; derived object: FR-009 AC-2"	"none-found-within-r05-pass"	"not-approved"	"authoritative-requirement-source;independent-approval-unit-reframing;authoritative-upstream-version;named-approver;approval-date;approved-scope;version-or-sha256-binding"
"R05-A0124"	"R05"	"R05-24"	"requirement-documents/05-test-cases/01-site-operations/tc-024-destination-residue-escalate-to-uc044.md"	"199b20aca02a345d08d8c3b0942572af84ba32327932899726f2c887d745aac9"	"line 25"	"TC-024 关门后光幕检测残留，转 UC-044 > Expected Result 预期结果"	"直至 UC-044 处理完毕、仓位恢复""空闲""后，才允许记录取出结果（对应 UC-010 Exception Flow E4.1）。"	"系统不将该仓位回滚为""空闲""，转 [[uc-044-reopen-slot-after-incomplete-retrieval|UC-044]] 处理；直至 UC-044 处理完毕、仓位恢复""空闲""后，才允许记录取出结果（对应 UC-010 Exception Flow E4.1）。"	"44bac0514d0de4a71323a91345ed3b49db21b630d95fb9d6ac23f56a2f35202a"	"business-acceptance-outcome-candidate"	"unapproved-unexecuted-internal-derived-acceptance-draft"	"8005-site-operation-and-stop-closure"	"needs-upstream-source-and-explicit-approval"	"document-route:R05-C1; scenario:TC-024; scenario-role:outcome; upstream-fr:FR-009; upstream-uc:UC-010,UC-044; formation-history:H3:ecd0fd8; `199b20aca02a` / H3; derived object: FR-009 AC-2"	"none-found-within-r05-pass"	"not-approved"	"authoritative-upstream-version;named-approver;approval-date;approved-scope;version-or-sha256-binding"
"R05-A0125"	"R05"	"R05-24"	"requirement-documents/05-test-cases/01-site-operations/tc-024-destination-residue-escalate-to-uc044.md"	"199b20aca02a345d08d8c3b0942572af84ba32327932899726f2c887d745aac9"	"line 29"	"TC-024 关门后光幕检测残留，转 UC-044 > Verifies 验证对象"	"[[fr-009-post-close-light-curtain-confirm-occupancy-rollback-and-residue-escalation|FR-009]] AC-2"	"[[fr-009-post-close-light-curtain-confirm-occupancy-rollback-and-residue-escalation|FR-009]] AC-2"	"cc8f3e0dc9b15ebbe53f23c3b7eeaeaba368c12322e68d0531e310ec01f1769f"	"verification-traceability-evidence"	"unapproved-unexecuted-internal-derived-acceptance-draft"	"8005-site-operation-and-stop-closure"	"evidence-only"	"document-route:R05-C1; scenario:TC-024; scenario-role:verification; upstream-fr:FR-009; upstream-uc:UC-010,UC-044; formation-history:H3:ecd0fd8; `199b20aca02a` / H3; derived object: FR-009 AC-2"	"none-found-within-r05-pass"	"not-approved"	"authoritative-upstream-version;named-approver;approval-date;approved-scope;version-or-sha256-binding"
"R05-A0126"	"R05"	"R05-25"	"requirement-documents/05-test-cases/01-site-operations/tc-025-arrival-status-updated-to-arrived.md"	"be6d02adac24b9d2348669ae4ec917bc914e490cff32062ef8e8c6b88178caca"	"line 17"	"TC-025 到站后状态更新为已到站 > Preconditions 前置条件"	"系统接收到 [[uc-009-monitor-move-order-until-arrival|UC-009]] 传递的到站事件确认。"	"系统接收到 [[uc-009-monitor-move-order-until-arrival|UC-009]] 传递的到站事件确认。"	"8a5a2fb0c19d4c22d945ee8e7f2853bfd1bdaf5bb115f3fa9a52a31ce41a130e"	"business-acceptance-precondition-candidate"	"unapproved-unexecuted-internal-derived-acceptance-draft"	"8005-site-operation-and-stop-closure"	"needs-upstream-source-and-explicit-approval"	"document-route:R05-C1; scenario:TC-025; scenario-role:precondition; upstream-fr:FR-010; upstream-uc:UC-003; formation-history:H3:ecd0fd8; `be6d02adac24` / H3; derived object: FR-010 AC-1"	"none-found-within-r05-pass"	"not-approved"	"authoritative-upstream-version;named-approver;approval-date;approved-scope;version-or-sha256-binding"
"R05-A0127"	"R05"	"R05-25"	"requirement-documents/05-test-cases/01-site-operations/tc-025-arrival-status-updated-to-arrived.md"	"be6d02adac24b9d2348669ae4ec917bc914e490cff32062ef8e8c6b88178caca"	"line 21"	"TC-025 到站后状态更新为已到站 > Test Steps 测试步骤"	"系统处理该到站事件。"	"系统处理该到站事件。"	"29e5a20b42a195784ff67e0246a29a03bb659f085bab01936f3222bcb1d879c7"	"business-acceptance-action-candidate"	"unapproved-unexecuted-internal-derived-acceptance-draft"	"8005-site-operation-and-stop-closure"	"needs-upstream-source-and-explicit-approval"	"document-route:R05-C1; scenario:TC-025; scenario-role:action; upstream-fr:FR-010; upstream-uc:UC-003; formation-history:H3:ecd0fd8; `be6d02adac24` / H3; derived object: FR-010 AC-1"	"none-found-within-r05-pass"	"not-approved"	"authoritative-upstream-version;named-approver;approval-date;approved-scope;version-or-sha256-binding"
"R05-A0128"	"R05"	"R05-25"	"requirement-documents/05-test-cases/01-site-operations/tc-025-arrival-status-updated-to-arrived.md"	"be6d02adac24b9d2348669ae4ec917bc914e490cff32062ef8e8c6b88178caca"	"line 25"	"TC-025 到站后状态更新为已到站 > Expected Result 预期结果"	"本地记录的该 AGV 状态由""移动中""更新为""已到站""。"	"本地记录的该 AGV 状态由""移动中""更新为""已到站""。"	"3d136787f9727f9299b51512833cbb9058a1ec4c380883b3d4451bba65ef4d29"	"safety-hardware-acceptance-candidate"	"unapproved-unexecuted-internal-derived-acceptance-draft"	"8005-site-safety-slot-hardware-and-recovery"	"needs-safety-hardware-authority-and-explicit-approval"	"document-route:R05-C1; scenario:TC-025; scenario-role:outcome; upstream-fr:FR-010; upstream-uc:UC-003; formation-history:H3:ecd0fd8; `be6d02adac24` / H3; derived object: FR-010 AC-1"	"none-found-within-r05-pass"	"not-approved"	"hardware-and-IO-version-binding;safety-or-hardware-owner;risk-review-evidence;authoritative-upstream-version;named-approver;approval-date;approved-scope;version-or-sha256-binding"
"R05-A0129"	"R05"	"R05-25"	"requirement-documents/05-test-cases/01-site-operations/tc-025-arrival-status-updated-to-arrived.md"	"be6d02adac24b9d2348669ae4ec917bc914e490cff32062ef8e8c6b88178caca"	"line 29"	"TC-025 到站后状态更新为已到站 > Verifies 验证对象"	"[[fr-010-arrival-status-update-and-operation-panel-navigation|FR-010]] AC-1"	"[[fr-010-arrival-status-update-and-operation-panel-navigation|FR-010]] AC-1"	"7078b1b13790eade72c74b06f7dda812f75b38183a61a7521ca565a7c2517305"	"verification-traceability-evidence"	"unapproved-unexecuted-internal-derived-acceptance-draft"	"8005-site-operation-and-stop-closure"	"evidence-only"	"document-route:R05-C1; scenario:TC-025; scenario-role:verification; upstream-fr:FR-010; upstream-uc:UC-003; formation-history:H3:ecd0fd8; `be6d02adac24` / H3; derived object: FR-010 AC-1"	"none-found-within-r05-pass"	"not-approved"	"authoritative-upstream-version;named-approver;approval-date;approved-scope;version-or-sha256-binding"
"R05-A0130"	"R05"	"R05-26"	"requirement-documents/05-test-cases/01-site-operations/tc-026-operation-panel-auto-navigation.md"	"9b96fd5968f6b16183b60a630e0efef1eb386a8ff7c16b57796a1846387efae2"	"line 17"	"TC-026 界面自动跳转装卸操作界面 > Preconditions 前置条件"	"该 AGV 状态已更新为""已到站""。"	"该 AGV 状态已更新为""已到站""。"	"2020c4ef0314d3492c69652fa4f722eb4d9180f4c5f3c3edee7a1353d854107d"	"business-acceptance-precondition-candidate"	"unapproved-unexecuted-internal-derived-acceptance-draft"	"8005-site-operation-and-stop-closure"	"needs-upstream-source-and-explicit-approval"	"document-route:R05-C1; scenario:TC-026; scenario-role:precondition; upstream-fr:FR-010; upstream-uc:UC-003; formation-history:H3:ecd0fd8; `9b96fd5968f6` / H3; derived object: FR-010 AC-2"	"none-found-within-r05-pass"	"not-approved"	"authoritative-upstream-version;named-approver;approval-date;approved-scope;version-or-sha256-binding"
"R05-A0131"	"R05"	"R05-26"	"requirement-documents/05-test-cases/01-site-operations/tc-026-operation-panel-auto-navigation.md"	"9b96fd5968f6b16183b60a630e0efef1eb386a8ff7c16b57796a1846387efae2"	"line 21"	"TC-026 界面自动跳转装卸操作界面 > Test Steps 测试步骤"	"系统完成状态更新。"	"系统完成状态更新。"	"a11defe402ab4064efddbeacfa7c361240b720dd218e19bc6c938b99902ed847"	"business-acceptance-action-candidate"	"unapproved-unexecuted-internal-derived-acceptance-draft"	"8005-site-operation-and-stop-closure"	"needs-upstream-source-and-explicit-approval"	"document-route:R05-C1; scenario:TC-026; scenario-role:action; upstream-fr:FR-010; upstream-uc:UC-003; formation-history:H3:ecd0fd8; `9b96fd5968f6` / H3; derived object: FR-010 AC-2"	"none-found-within-r05-pass"	"not-approved"	"authoritative-upstream-version;named-approver;approval-date;approved-scope;version-or-sha256-binding"
"R05-A0132"	"R05"	"R05-26"	"requirement-documents/05-test-cases/01-site-operations/tc-026-operation-panel-auto-navigation.md"	"9b96fd5968f6b16183b60a630e0efef1eb386a8ff7c16b57796a1846387efae2"	"line 25"	"TC-026 界面自动跳转装卸操作界面 > Expected Result 预期结果"	"操作面板界面自动跳转到该站点对应的装卸操作界面，不需要操作员手动操作。"	"操作面板界面自动跳转到该站点对应的装卸操作界面，不需要操作员手动操作。"	"b2a9a6d27ae3b2936ae86dd6e1c4487875ca41884f62685921fbcd321ed82b64"	"operator-HMI-acceptance-candidate"	"unapproved-unexecuted-internal-derived-acceptance-draft"	"8005-onboard-HMI-and-site-operation"	"needs-operator-product-owner-and-explicit-approval"	"document-route:R05-C1; scenario:TC-026; scenario-role:outcome; upstream-fr:FR-010; upstream-uc:UC-003; formation-history:H3:ecd0fd8; `9b96fd5968f6` / H3; derived object: FR-010 AC-2"	"none-found-within-r05-pass"	"not-approved"	"operator-or-product-owner;project-station-or-configuration-scope;authoritative-upstream-version;named-approver;approval-date;approved-scope;version-or-sha256-binding"
"R05-A0133"	"R05"	"R05-26"	"requirement-documents/05-test-cases/01-site-operations/tc-026-operation-panel-auto-navigation.md"	"9b96fd5968f6b16183b60a630e0efef1eb386a8ff7c16b57796a1846387efae2"	"line 29"	"TC-026 界面自动跳转装卸操作界面 > Verifies 验证对象"	"[[fr-010-arrival-status-update-and-operation-panel-navigation|FR-010]] AC-2"	"[[fr-010-arrival-status-update-and-operation-panel-navigation|FR-010]] AC-2"	"bb9d746a2c7f99103490f068bcceec1e4662d2baaaf75f99acdb8df8b9874e76"	"verification-traceability-evidence"	"unapproved-unexecuted-internal-derived-acceptance-draft"	"8005-site-operation-and-stop-closure"	"evidence-only"	"document-route:R05-C1; scenario:TC-026; scenario-role:verification; upstream-fr:FR-010; upstream-uc:UC-003; formation-history:H3:ecd0fd8; `9b96fd5968f6` / H3; derived object: FR-010 AC-2"	"none-found-within-r05-pass"	"not-approved"	"authoritative-upstream-version;named-approver;approval-date;approved-scope;version-or-sha256-binding"
"R05-A0134"	"R05"	"R05-27"	"requirement-documents/05-test-cases/01-site-operations/tc-027-active-session-exists-reject-new-verification.md"	"8df9224d5b27ad62c6303ea30e24e656c7e9a9b3569202b55c4ecb6046d0fff0"	"line 17"	"TC-027 活动 Sublot 内拒绝更换工号 > Preconditions 前置条件"	"当前 Sublot 已绑定一个通过校验的工号，且仍处于活动、部分或未收敛状态。"	"当前 Sublot 已绑定一个通过校验的工号，且仍处于活动、部分或未收敛状态。"	"9aa3e82df2191ca38a505a70c6c0b34fcd3be8395b297262b1b31ffc6e1fb11f"	"identity-security-acceptance-candidate"	"unapproved-unexecuted-internal-derived-acceptance-draft"	"8005-identity-role-and-session"	"needs-security-role-owner-and-explicit-approval"	"document-route:R05-C1; scenario:TC-027; scenario-role:precondition; upstream-fr:FR-011; upstream-uc:UC-043; formation-history:H1:ecd0fd8-to-493ac5a; `8df9224d5b27` / H1; derived object: FR-011 AC-3"	"none-found-within-r05-pass"	"not-approved"	"role-authorization-source;security-or-business-owner;authoritative-upstream-version;named-approver;approval-date;approved-scope;version-or-sha256-binding"
"R05-A0135"	"R05"	"R05-27"	"requirement-documents/05-test-cases/01-site-operations/tc-027-active-session-exists-reject-new-verification.md"	"8df9224d5b27ad62c6303ea30e24e656c7e9a9b3569202b55c4ecb6046d0fff0"	"line 21"	"TC-027 活动 Sublot 内拒绝更换工号 > Test Steps 测试步骤"	"操作员扫描或手动输入另一个工号。"	"操作员扫描或手动输入另一个工号。"	"44f9063e748909df9b7ba065d3743b511dc2429884c8f1ef0fa018613ebadd39"	"identity-security-acceptance-candidate"	"unapproved-unexecuted-internal-derived-acceptance-draft"	"8005-identity-role-and-session"	"needs-security-role-owner-and-explicit-approval"	"document-route:R05-C1; scenario:TC-027; scenario-role:action; upstream-fr:FR-011; upstream-uc:UC-043; formation-history:H1:ecd0fd8-to-493ac5a; `8df9224d5b27` / H1; derived object: FR-011 AC-3"	"none-found-within-r05-pass"	"not-approved"	"role-authorization-source;security-or-business-owner;authoritative-upstream-version;named-approver;approval-date;approved-scope;version-or-sha256-binding"
"R05-A0136"	"R05"	"R05-27"	"requirement-documents/05-test-cases/01-site-operations/tc-027-active-session-exists-reject-new-verification.md"	"8df9224d5b27ad62c6303ea30e24e656c7e9a9b3569202b55c4ecb6046d0fff0"	"line 25"	"TC-027 活动 Sublot 内拒绝更换工号 > Expected Result 预期结果"	"系统拒绝更换并保留原工号，提示同一 Sublot 内不能更换操作员；"	"系统拒绝更换并保留原工号，提示同一 Sublot 内不能更换操作员；不得因新工号本身有效而覆盖原绑定。"	"7bd6636079ac592174b16e515ab76c065bc197e9381e7d5429d59ea97b0f1a7a"	"identity-security-acceptance-candidate"	"unapproved-unexecuted-internal-derived-acceptance-draft"	"8005-identity-role-and-session"	"needs-security-role-owner-and-explicit-approval"	"document-route:R05-C1; scenario:TC-027; scenario-role:outcome; upstream-fr:FR-011; upstream-uc:UC-043; formation-history:H1:ecd0fd8-to-493ac5a; `8df9224d5b27` / H1; derived object: FR-011 AC-3"	"none-found-within-r05-pass"	"not-approved"	"role-authorization-source;security-or-business-owner;authoritative-upstream-version;named-approver;approval-date;approved-scope;version-or-sha256-binding"
"R05-A0137"	"R05"	"R05-27"	"requirement-documents/05-test-cases/01-site-operations/tc-027-active-session-exists-reject-new-verification.md"	"8df9224d5b27ad62c6303ea30e24e656c7e9a9b3569202b55c4ecb6046d0fff0"	"line 25"	"TC-027 活动 Sublot 内拒绝更换工号 > Expected Result 预期结果"	"不得因新工号本身有效而覆盖原绑定。"	"系统拒绝更换并保留原工号，提示同一 Sublot 内不能更换操作员；不得因新工号本身有效而覆盖原绑定。"	"d3a31bfdfb8d14ddcc8943ec10db9d149ba5a1517a3a53d97dad0071d0aeec24"	"identity-security-acceptance-candidate"	"unapproved-unexecuted-internal-derived-acceptance-draft"	"8005-identity-role-and-session"	"needs-security-role-owner-and-explicit-approval"	"document-route:R05-C1; scenario:TC-027; scenario-role:outcome; upstream-fr:FR-011; upstream-uc:UC-043; formation-history:H1:ecd0fd8-to-493ac5a; `8df9224d5b27` / H1; derived object: FR-011 AC-3"	"none-found-within-r05-pass"	"not-approved"	"role-authorization-source;security-or-business-owner;authoritative-upstream-version;named-approver;approval-date;approved-scope;version-or-sha256-binding"
"R05-A0138"	"R05"	"R05-27"	"requirement-documents/05-test-cases/01-site-operations/tc-027-active-session-exists-reject-new-verification.md"	"8df9224d5b27ad62c6303ea30e24e656c7e9a9b3569202b55c4ecb6046d0fff0"	"line 29"	"TC-027 活动 Sublot 内拒绝更换工号 > Verifies 验证对象"	"[[fr-011-identity-and-role-verification-via-mes|FR-011]] AC-3"	"[[fr-011-identity-and-role-verification-via-mes|FR-011]] AC-3"	"7fc6eadc0dbb2d8afd825029710a622e47b8fee22dbfb4af1572b53be22f7f2e"	"verification-traceability-evidence"	"unapproved-unexecuted-internal-derived-acceptance-draft"	"8005-site-operation-and-stop-closure"	"evidence-only"	"document-route:R05-C1; scenario:TC-027; scenario-role:verification; upstream-fr:FR-011; upstream-uc:UC-043; formation-history:H1:ecd0fd8-to-493ac5a; `8df9224d5b27` / H1; derived object: FR-011 AC-3"	"none-found-within-r05-pass"	"not-approved"	"authoritative-upstream-version;named-approver;approval-date;approved-scope;version-or-sha256-binding"
"R05-A0139"	"R05"	"R05-28"	"requirement-documents/05-test-cases/01-site-operations/tc-028-identity-and-role-verification-pass.md"	"99e07265985a661c4d8567806059c1a74f58fc932d6cb5f282a07d774cf2e37e"	"line 17"	"TC-028 身份与岗位权限核验通过 > Preconditions 前置条件"	"项目正在执行装货，且不存在活动、部分或未收敛的 Sublot；"	"项目正在执行装货，且不存在活动、部分或未收敛的 Sublot；操作员扫描工牌一维码或手动输入工号。"	"b03373bcc7110a409e8d690fb31aa8e6d6e4302ae7197399f3da6fe22e02c1fe"	"business-acceptance-precondition-candidate"	"unapproved-unexecuted-internal-derived-acceptance-draft"	"8005-site-operation-and-stop-closure"	"needs-upstream-source-and-explicit-approval"	"document-route:R05-C1; scenario:TC-028; scenario-role:precondition; upstream-fr:FR-011; upstream-uc:UC-043; formation-history:H1:ecd0fd8-to-493ac5a; `99e07265985a` / H1; derived object: FR-011 AC-1"	"none-found-within-r05-pass"	"not-approved"	"authoritative-upstream-version;named-approver;approval-date;approved-scope;version-or-sha256-binding"
"R05-A0140"	"R05"	"R05-28"	"requirement-documents/05-test-cases/01-site-operations/tc-028-identity-and-role-verification-pass.md"	"99e07265985a661c4d8567806059c1a74f58fc932d6cb5f282a07d774cf2e37e"	"line 17"	"TC-028 身份与岗位权限核验通过 > Preconditions 前置条件"	"操作员扫描工牌一维码或手动输入工号。"	"项目正在执行装货，且不存在活动、部分或未收敛的 Sublot；操作员扫描工牌一维码或手动输入工号。"	"b821bb5b2922889e204158550afcae8f580f70297bdecd22145b558ef7d62dc7"	"identity-security-acceptance-candidate"	"unapproved-unexecuted-internal-derived-acceptance-draft"	"8005-identity-role-and-session"	"needs-security-role-owner-and-explicit-approval"	"document-route:R05-C1; scenario:TC-028; scenario-role:precondition; upstream-fr:FR-011; upstream-uc:UC-043; formation-history:H1:ecd0fd8-to-493ac5a; `99e07265985a` / H1; derived object: FR-011 AC-1"	"none-found-within-r05-pass"	"not-approved"	"role-authorization-source;security-or-business-owner;authoritative-upstream-version;named-approver;approval-date;approved-scope;version-or-sha256-binding"
"R05-A0141"	"R05"	"R05-28"	"requirement-documents/05-test-cases/01-site-operations/tc-028-identity-and-role-verification-pass.md"	"99e07265985a661c4d8567806059c1a74f58fc932d6cb5f282a07d774cf2e37e"	"line 21"	"TC-028 身份与岗位权限核验通过 > Test Steps 测试步骤"	"系统提交 MES 核验人员身份及岗位权限，MES 返回有效的人员身份，且该人员岗位权限满足当前站点/场景所需的操作权限。"	"系统提交 MES 核验人员身份及岗位权限，MES 返回有效的人员身份，且该人员岗位权限满足当前站点/场景所需的操作权限。"	"e8a92be40616880d94a4dc3feebabcd7b33ec63ef909d2f7e477a8031c4476d1"	"identity-security-acceptance-candidate"	"unapproved-unexecuted-internal-derived-acceptance-draft"	"8005-identity-role-and-session"	"needs-security-role-owner-and-explicit-approval"	"document-route:R05-C1; scenario:TC-028; scenario-role:action; upstream-fr:FR-011; upstream-uc:UC-043; formation-history:H1:ecd0fd8-to-493ac5a; `99e07265985a` / H1; derived object: FR-011 AC-1"	"none-found-within-r05-pass"	"not-approved"	"role-authorization-source;security-or-business-owner;authoritative-upstream-version;named-approver;approval-date;approved-scope;version-or-sha256-binding"
"R05-A0142"	"R05"	"R05-28"	"requirement-documents/05-test-cases/01-site-operations/tc-028-identity-and-role-verification-pass.md"	"99e07265985a661c4d8567806059c1a74f58fc932d6cb5f282a07d774cf2e37e"	"line 25"	"TC-028 身份与岗位权限核验通过 > Expected Result 预期结果"	"系统判定核验通过，记录核验结果并让车载端持久化当前工号和核验引用；"	"系统判定核验通过，记录核验结果并让车载端持久化当前工号和核验引用；后续 Sublot 可默认复用该工号。"	"72002e2745e811fd39e4fbcd208d0e60d15ed7de8825fd42aaf6a59b4429bd4d"	"identity-security-acceptance-candidate"	"unapproved-unexecuted-internal-derived-acceptance-draft"	"8005-identity-role-and-session"	"needs-security-role-owner-and-explicit-approval"	"document-route:R05-C1; scenario:TC-028; scenario-role:outcome; upstream-fr:FR-011; upstream-uc:UC-043; formation-history:H1:ecd0fd8-to-493ac5a; `99e07265985a` / H1; derived object: FR-011 AC-1"	"none-found-within-r05-pass"	"not-approved"	"role-authorization-source;security-or-business-owner;authoritative-upstream-version;named-approver;approval-date;approved-scope;version-or-sha256-binding"
"R05-A0143"	"R05"	"R05-28"	"requirement-documents/05-test-cases/01-site-operations/tc-028-identity-and-role-verification-pass.md"	"99e07265985a661c4d8567806059c1a74f58fc932d6cb5f282a07d774cf2e37e"	"line 25"	"TC-028 身份与岗位权限核验通过 > Expected Result 预期结果"	"后续 Sublot 可默认复用该工号。"	"系统判定核验通过，记录核验结果并让车载端持久化当前工号和核验引用；后续 Sublot 可默认复用该工号。"	"c37a91856af3a40a006a2f6f3cee73701af65f34c58d2ac5a9e30d81af0c4b57"	"identity-security-acceptance-candidate"	"unapproved-unexecuted-internal-derived-acceptance-draft"	"8005-identity-role-and-session"	"needs-security-role-owner-and-explicit-approval"	"document-route:R05-C1; scenario:TC-028; scenario-role:outcome; upstream-fr:FR-011; upstream-uc:UC-043; formation-history:H1:ecd0fd8-to-493ac5a; `99e07265985a` / H1; derived object: FR-011 AC-1"	"none-found-within-r05-pass"	"not-approved"	"role-authorization-source;security-or-business-owner;authoritative-upstream-version;named-approver;approval-date;approved-scope;version-or-sha256-binding"
"R05-A0144"	"R05"	"R05-28"	"requirement-documents/05-test-cases/01-site-operations/tc-028-identity-and-role-verification-pass.md"	"99e07265985a661c4d8567806059c1a74f58fc932d6cb5f282a07d774cf2e37e"	"line 29"	"TC-028 身份与岗位权限核验通过 > Verifies 验证对象"	"[[fr-011-identity-and-role-verification-via-mes|FR-011]] AC-1"	"[[fr-011-identity-and-role-verification-via-mes|FR-011]] AC-1"	"f063d67a78442e100c4529169cc8c1b95653653ccc8bc24765be5be61393f04a"	"verification-traceability-evidence"	"unapproved-unexecuted-internal-derived-acceptance-draft"	"8005-site-operation-and-stop-closure"	"evidence-only"	"document-route:R05-C1; scenario:TC-028; scenario-role:verification; upstream-fr:FR-011; upstream-uc:UC-043; formation-history:H1:ecd0fd8-to-493ac5a; `99e07265985a` / H1; derived object: FR-011 AC-1"	"none-found-within-r05-pass"	"not-approved"	"authoritative-upstream-version;named-approver;approval-date;approved-scope;version-or-sha256-binding"
"R05-A0145"	"R05"	"R05-29"	"requirement-documents/05-test-cases/01-site-operations/tc-029-identity-not-found-or-mes-error-reject.md"	"20160d193e4e405ac7561015b228677c56c950f113630c54f5925b2f65ec269a"	"line 17"	"TC-029 人员身份不存在或 MES 返回异常，拒绝 > Preconditions 前置条件"	"系统已提交扫码/工号至 MES 核验。"	"系统已提交扫码/工号至 MES 核验。"	"937039ac661421e6593f58f514d036a65d07169c318305b6afa9ae06882de566"	"identity-security-acceptance-candidate"	"unapproved-unexecuted-internal-derived-acceptance-draft"	"8005-identity-role-and-session"	"needs-security-role-owner-and-explicit-approval"	"document-route:R05-C1; scenario:TC-029; scenario-role:precondition; upstream-fr:FR-011; upstream-uc:UC-043; formation-history:H1:ecd0fd8-to-493ac5a; `20160d193e4e` / H1; derived object: FR-011 AC-2"	"none-found-within-r05-pass"	"not-approved"	"role-authorization-source;security-or-business-owner;authoritative-upstream-version;named-approver;approval-date;approved-scope;version-or-sha256-binding"
"R05-A0146"	"R05"	"R05-29"	"requirement-documents/05-test-cases/01-site-operations/tc-029-identity-not-found-or-mes-error-reject.md"	"20160d193e4e405ac7561015b228677c56c950f113630c54f5925b2f65ec269a"	"line 21"	"TC-029 人员身份不存在或 MES 返回异常，拒绝 > Test Steps 测试步骤"	"MES 返回“人员不存在”、岗位权限不足，或因网络/接口异常无法返回结果。"	"MES 返回“人员不存在”、岗位权限不足，或因网络/接口异常无法返回结果。"	"ad858f96f7d107e9774b3f03610bad4605e4d5880bd71058bc04b313c3447289"	"identity-security-acceptance-candidate"	"unapproved-unexecuted-internal-derived-acceptance-draft"	"8005-identity-role-and-session"	"needs-security-role-owner-and-explicit-approval"	"document-route:R05-C1; scenario:TC-029; scenario-role:action; upstream-fr:FR-011; upstream-uc:UC-043; formation-history:H1:ecd0fd8-to-493ac5a; `20160d193e4e` / H1; derived object: FR-011 AC-2"	"none-found-within-r05-pass"	"not-approved"	"role-authorization-source;security-or-business-owner;authoritative-upstream-version;named-approver;approval-date;approved-scope;version-or-sha256-binding"
"R05-A0147"	"R05"	"R05-29"	"requirement-documents/05-test-cases/01-site-operations/tc-029-identity-not-found-or-mes-error-reject.md"	"20160d193e4e405ac7561015b228677c56c950f113630c54f5925b2f65ec269a"	"line 25"	"TC-029 人员身份不存在或 MES 返回异常，拒绝 > Expected Result 预期结果"	"系统不更新当前工号、不允许以该工号开始新的 Sublot，并记录失败审计；"	"系统不更新当前工号、不允许以该工号开始新的 Sublot，并记录失败审计；界面提示身份或权限核验失败。"	"c6b138a0263cad1f2b41ac48f82e820e3eebf469b6fac0630f988e60229ec5de"	"identity-security-acceptance-candidate"	"unapproved-unexecuted-internal-derived-acceptance-draft"	"8005-identity-role-and-session"	"needs-security-role-owner-and-explicit-approval"	"document-route:R05-C1; scenario:TC-029; scenario-role:outcome; upstream-fr:FR-011; upstream-uc:UC-043; formation-history:H1:ecd0fd8-to-493ac5a; `20160d193e4e` / H1; derived object: FR-011 AC-2"	"none-found-within-r05-pass"	"not-approved"	"role-authorization-source;security-or-business-owner;authoritative-upstream-version;named-approver;approval-date;approved-scope;version-or-sha256-binding"
"R05-A0148"	"R05"	"R05-29"	"requirement-documents/05-test-cases/01-site-operations/tc-029-identity-not-found-or-mes-error-reject.md"	"20160d193e4e405ac7561015b228677c56c950f113630c54f5925b2f65ec269a"	"line 25"	"TC-029 人员身份不存在或 MES 返回异常，拒绝 > Expected Result 预期结果"	"界面提示身份或权限核验失败。"	"系统不更新当前工号、不允许以该工号开始新的 Sublot，并记录失败审计；界面提示身份或权限核验失败。"	"615f6a97122c059e61674dd402d47d97fbf54820790008295a1b835ebc5d4bc5"	"identity-security-acceptance-candidate"	"unapproved-unexecuted-internal-derived-acceptance-draft"	"8005-identity-role-and-session"	"needs-security-role-owner-and-explicit-approval"	"document-route:R05-C1; scenario:TC-029; scenario-role:outcome; upstream-fr:FR-011; upstream-uc:UC-043; formation-history:H1:ecd0fd8-to-493ac5a; `20160d193e4e` / H1; derived object: FR-011 AC-2"	"none-found-within-r05-pass"	"not-approved"	"role-authorization-source;security-or-business-owner;authoritative-upstream-version;named-approver;approval-date;approved-scope;version-or-sha256-binding"
"R05-A0149"	"R05"	"R05-29"	"requirement-documents/05-test-cases/01-site-operations/tc-029-identity-not-found-or-mes-error-reject.md"	"20160d193e4e405ac7561015b228677c56c950f113630c54f5925b2f65ec269a"	"line 29"	"TC-029 人员身份不存在或 MES 返回异常，拒绝 > Verifies 验证对象"	"[[fr-011-identity-and-role-verification-via-mes|FR-011]] AC-2"	"[[fr-011-identity-and-role-verification-via-mes|FR-011]] AC-2"	"23a66ee1c5e1b6513084c846bbf5d7963520bc5a5c4a0d673e5d1a43d068e9b7"	"verification-traceability-evidence"	"unapproved-unexecuted-internal-derived-acceptance-draft"	"8005-site-operation-and-stop-closure"	"evidence-only"	"document-route:R05-C1; scenario:TC-029; scenario-role:verification; upstream-fr:FR-011; upstream-uc:UC-043; formation-history:H1:ecd0fd8-to-493ac5a; `20160d193e4e` / H1; derived object: FR-011 AC-2"	"none-found-within-r05-pass"	"not-approved"	"authoritative-upstream-version;named-approver;approval-date;approved-scope;version-or-sha256-binding"
"R05-A0150"	"R05"	"R05-30"	"requirement-documents/05-test-cases/01-site-operations/tc-030-insufficient-role-permission-reject.md"	"c1841a228db89b8de73560365b1fc320c5d3df487bb54a8f3e31eb4a0d2447f2"	"line 17"	"TC-030 8005 卸货不要求工号 > Preconditions 前置条件"	"项目车辆到达允许卸货的站点，服务端已生成本站点待卸货仓位集合。"	"项目车辆到达允许卸货的站点，服务端已生成本站点待卸货仓位集合。"	"5a8de823d6b18782e42c124ba68155aab77ab695eb563ecac06164f395dbb06a"	"interface-integration-acceptance-candidate"	"unapproved-unexecuted-internal-derived-acceptance-draft"	"8005-onboard-server-MES-interface"	"needs-interface-owner-source-and-explicit-approval"	"document-route:R05-C1; scenario:TC-030; scenario-role:precondition; upstream-fr:FR-011; upstream-uc:UC-043; formation-history:H1:ecd0fd8-to-493ac5a; `c1841a228db8` / H1; derived object: FR-011 AC-4"	"TQ-R05-001"	"not-approved"	"controlled-interface-version;interface-owner;authoritative-upstream-version;named-approver;approval-date;approved-scope;version-or-sha256-binding"
"R05-A0151"	"R05"	"R05-30"	"requirement-documents/05-test-cases/01-site-operations/tc-030-insufficient-role-permission-reject.md"	"c1841a228db89b8de73560365b1fc320c5d3df487bb54a8f3e31eb4a0d2447f2"	"line 21"	"TC-030 8005 卸货不要求工号 > Test Steps 测试步骤"	"操作员进入卸货操作。"	"操作员进入卸货操作。"	"f2efe4b6ba484f9a255bb11182ae47fc4bc55c52e0bc1ee8cba94d38c32dafe5"	"business-acceptance-action-candidate"	"unapproved-unexecuted-internal-derived-acceptance-draft"	"8005-site-operation-and-stop-closure"	"needs-upstream-source-and-explicit-approval"	"document-route:R05-C1; scenario:TC-030; scenario-role:action; upstream-fr:FR-011; upstream-uc:UC-043; formation-history:H1:ecd0fd8-to-493ac5a; `c1841a228db8` / H1; derived object: FR-011 AC-4"	"TQ-R05-001"	"not-approved"	"authoritative-upstream-version;named-approver;approval-date;approved-scope;version-or-sha256-binding"
"R05-A0152"	"R05"	"R05-30"	"requirement-documents/05-test-cases/01-site-operations/tc-030-insufficient-role-permission-reject.md"	"c1841a228db89b8de73560365b1fc320c5d3df487bb54a8f3e31eb4a0d2447f2"	"line 25"	"TC-030 8005 卸货不要求工号 > Expected Result 预期结果"	"系统不要求扫描或输入工号，也不调用 MES 做卸货身份核验；"	"系统不要求扫描或输入工号，也不调用 MES 做卸货身份核验；审计记录项目的卸货身份核验策略处于关闭状态。"	"7463af55ac8433b6a8a12509ce7d8ef3d2b66a57bc7be1d5dc23f6f7adee1350"	"identity-security-acceptance-candidate"	"unapproved-unexecuted-internal-derived-acceptance-draft"	"8005-identity-role-and-session"	"needs-security-role-owner-and-explicit-approval"	"document-route:R05-C1; scenario:TC-030; scenario-role:outcome; upstream-fr:FR-011; upstream-uc:UC-043; formation-history:H1:ecd0fd8-to-493ac5a; `c1841a228db8` / H1; derived object: FR-011 AC-4"	"TQ-R05-001"	"not-approved"	"role-authorization-source;security-or-business-owner;authoritative-upstream-version;named-approver;approval-date;approved-scope;version-or-sha256-binding"
"R05-A0153"	"R05"	"R05-30"	"requirement-documents/05-test-cases/01-site-operations/tc-030-insufficient-role-permission-reject.md"	"c1841a228db89b8de73560365b1fc320c5d3df487bb54a8f3e31eb4a0d2447f2"	"line 25"	"TC-030 8005 卸货不要求工号 > Expected Result 预期结果"	"审计记录项目的卸货身份核验策略处于关闭状态。"	"系统不要求扫描或输入工号，也不调用 MES 做卸货身份核验；审计记录项目的卸货身份核验策略处于关闭状态。"	"9660c0085b9d971d2e69fbd9532527fdb7528f1db45a2e31e337d91af2ebaa1e"	"identity-security-acceptance-candidate"	"unapproved-unexecuted-internal-derived-acceptance-draft"	"8005-identity-role-and-session"	"needs-security-role-owner-and-explicit-approval"	"document-route:R05-C1; scenario:TC-030; scenario-role:outcome; upstream-fr:FR-011; upstream-uc:UC-043; formation-history:H1:ecd0fd8-to-493ac5a; `c1841a228db8` / H1; derived object: FR-011 AC-4"	"TQ-R05-001"	"not-approved"	"role-authorization-source;security-or-business-owner;authoritative-upstream-version;named-approver;approval-date;approved-scope;version-or-sha256-binding"
"R05-A0154"	"R05"	"R05-30"	"requirement-documents/05-test-cases/01-site-operations/tc-030-insufficient-role-permission-reject.md"	"c1841a228db89b8de73560365b1fc320c5d3df487bb54a8f3e31eb4a0d2447f2"	"line 29"	"TC-030 8005 卸货不要求工号 > Verifies 验证对象"	"[[fr-011-identity-and-role-verification-via-mes|FR-011]] AC-4"	"[[fr-011-identity-and-role-verification-via-mes|FR-011]] AC-4"	"420918e342c766e8c34590b84c8dddab82df17faa8cca2ae5ba17096b6598eea"	"verification-traceability-evidence"	"unapproved-unexecuted-internal-derived-acceptance-draft"	"8005-site-operation-and-stop-closure"	"evidence-only"	"document-route:R05-C1; scenario:TC-030; scenario-role:verification; upstream-fr:FR-011; upstream-uc:UC-043; formation-history:H1:ecd0fd8-to-493ac5a; `c1841a228db8` / H1; derived object: FR-011 AC-4"	"TQ-R05-001"	"not-approved"	"authoritative-upstream-version;named-approver;approval-date;approved-scope;version-or-sha256-binding"
"R05-A0155"	"R05"	"R05-31"	"requirement-documents/05-test-cases/01-site-operations/tc-031-session-established-after-verification-pass.md"	"65a1c1c4641a33420427e366b5bf7c433ba7941747b5cae8f9ad6203c14db256"	"line 17"	"TC-031 核验通过后建立并持久化操作员上下文 > Preconditions 前置条件"	"[[fr-011-identity-and-role-verification-via-mes|FR-011]] 核验已通过。"	"[[fr-011-identity-and-role-verification-via-mes|FR-011]] 核验已通过。"	"4d5d1739981fdfedb792e499993cc4d7993b3ad8ee5847a6dd97d7fa5a8f07e0"	"interface-integration-acceptance-candidate"	"unapproved-unexecuted-internal-derived-acceptance-draft"	"8005-onboard-server-MES-interface"	"needs-interface-owner-source-and-explicit-approval"	"document-route:R05-C1; scenario:TC-031; scenario-role:precondition; upstream-fr:FR-012; upstream-uc:UC-043; formation-history:H1:ecd0fd8-to-493ac5a; `65a1c1c4641a` / H1; derived object: FR-012 AC-1"	"none-found-within-r05-pass"	"not-approved"	"controlled-interface-version;interface-owner;authoritative-upstream-version;named-approver;approval-date;approved-scope;version-or-sha256-binding"
"R05-A0156"	"R05"	"R05-31"	"requirement-documents/05-test-cases/01-site-operations/tc-031-session-established-after-verification-pass.md"	"65a1c1c4641a33420427e366b5bf7c433ba7941747b5cae8f9ad6203c14db256"	"line 21"	"TC-031 核验通过后建立并持久化操作员上下文 > Test Steps 测试步骤"	"服务端通过 MES 完成工号和岗位权限校验，车载端收到核验结果。"	"服务端通过 MES 完成工号和岗位权限校验，车载端收到核验结果。"	"6552bd5c0eb795fe0662859f9421a6457736e88bf5e5d2a0692854de80b50db5"	"identity-security-acceptance-candidate"	"unapproved-unexecuted-internal-derived-acceptance-draft"	"8005-identity-role-and-session"	"needs-security-role-owner-and-explicit-approval"	"document-route:R05-C1; scenario:TC-031; scenario-role:action; upstream-fr:FR-012; upstream-uc:UC-043; formation-history:H1:ecd0fd8-to-493ac5a; `65a1c1c4641a` / H1; derived object: FR-012 AC-1"	"none-found-within-r05-pass"	"not-approved"	"role-authorization-source;security-or-business-owner;authoritative-upstream-version;named-approver;approval-date;approved-scope;version-or-sha256-binding"
"R05-A0157"	"R05"	"R05-31"	"requirement-documents/05-test-cases/01-site-operations/tc-031-session-established-after-verification-pass.md"	"65a1c1c4641a33420427e366b5bf7c433ba7941747b5cae8f9ad6203c14db256"	"line 25"	"TC-031 核验通过后建立并持久化操作员上下文 > Expected Result 预期结果"	"系统记录操作人身份、AGV、站点及会话开始时间；"	"系统记录操作人身份、AGV、站点及会话开始时间；车载端持久化当前工号和核验引用，界面显示当前已验证的操作员，后续 Sublot 默认复用该工号。"	"6c2e69973d035de0cbdb15d2d5b4aac59e48fa4e63734c27538be5e6e6464e43"	"identity-security-acceptance-candidate"	"unapproved-unexecuted-internal-derived-acceptance-draft"	"8005-identity-role-and-session"	"needs-security-role-owner-and-explicit-approval"	"document-route:R05-C1; scenario:TC-031; scenario-role:outcome; upstream-fr:FR-012; upstream-uc:UC-043; formation-history:H1:ecd0fd8-to-493ac5a; `65a1c1c4641a` / H1; derived object: FR-012 AC-1"	"none-found-within-r05-pass"	"not-approved"	"role-authorization-source;security-or-business-owner;authoritative-upstream-version;named-approver;approval-date;approved-scope;version-or-sha256-binding"
"R05-A0158"	"R05"	"R05-31"	"requirement-documents/05-test-cases/01-site-operations/tc-031-session-established-after-verification-pass.md"	"65a1c1c4641a33420427e366b5bf7c433ba7941747b5cae8f9ad6203c14db256"	"line 25"	"TC-031 核验通过后建立并持久化操作员上下文 > Expected Result 预期结果"	"车载端持久化当前工号和核验引用，界面显示当前已验证的操作员，后续 Sublot 默认复用该工号。"	"系统记录操作人身份、AGV、站点及会话开始时间；车载端持久化当前工号和核验引用，界面显示当前已验证的操作员，后续 Sublot 默认复用该工号。"	"331170228467aa4ac3c4cee2dd6c6f1fec523ea9fbd27688298966f20d89d103"	"identity-security-acceptance-candidate"	"unapproved-unexecuted-internal-derived-acceptance-draft"	"8005-identity-role-and-session"	"needs-security-role-owner-and-explicit-approval"	"document-route:R05-C1; scenario:TC-031; scenario-role:outcome; upstream-fr:FR-012; upstream-uc:UC-043; formation-history:H1:ecd0fd8-to-493ac5a; `65a1c1c4641a` / H1; derived object: FR-012 AC-1"	"none-found-within-r05-pass"	"not-approved"	"role-authorization-source;security-or-business-owner;authoritative-upstream-version;named-approver;approval-date;approved-scope;version-or-sha256-binding"
"R05-A0159"	"R05"	"R05-31"	"requirement-documents/05-test-cases/01-site-operations/tc-031-session-established-after-verification-pass.md"	"65a1c1c4641a33420427e366b5bf7c433ba7941747b5cae8f9ad6203c14db256"	"line 29"	"TC-031 核验通过后建立并持久化操作员上下文 > Verifies 验证对象"	"[[fr-012-session-establishment-reuse-and-lock-stage-transition|FR-012]] AC-1"	"[[fr-012-session-establishment-reuse-and-lock-stage-transition|FR-012]] AC-1"	"64f5e491a3680a26e90b064fbf1900177ada482c63357673e24c0c55c2fac00f"	"verification-traceability-evidence"	"unapproved-unexecuted-internal-derived-acceptance-draft"	"8005-site-operation-and-stop-closure"	"evidence-only"	"document-route:R05-C1; scenario:TC-031; scenario-role:verification; upstream-fr:FR-012; upstream-uc:UC-043; formation-history:H1:ecd0fd8-to-493ac5a; `65a1c1c4641a` / H1; derived object: FR-012 AC-1"	"none-found-within-r05-pass"	"not-approved"	"authoritative-upstream-version;named-approver;approval-date;approved-scope;version-or-sha256-binding"
"R05-A0160"	"R05"	"R05-32"	"requirement-documents/05-test-cases/01-site-operations/tc-032-session-reuse-without-reverification.md"	"adfef029600981d9ae48696759bcf2b8eb9dc26010f06ad5f893a0b03b6bf0e1"	"line 17"	"TC-032 跨 Sublot 复用工号且不重复验证 > Preconditions 前置条件"	"当前到站会话已保存一个通过校验的工号，且不存在活动、部分或未收敛的 Sublot。"	"当前到站会话已保存一个通过校验的工号，且不存在活动、部分或未收敛的 Sublot。"	"e5f39a7b20f906136998f92ea54f9ba3194641fb5feb4f60764821feb0a808b8"	"identity-security-acceptance-candidate"	"unapproved-unexecuted-internal-derived-acceptance-draft"	"8005-identity-role-and-session"	"needs-security-role-owner-and-explicit-approval"	"document-route:R05-C1; scenario:TC-032; scenario-role:precondition; upstream-fr:FR-012; upstream-uc:UC-001,UC-005,UC-010,UC-043,UC-044; formation-history:H1:ecd0fd8-to-493ac5a; `adfef0296009` / H1; derived object: FR-012 AC-2"	"none-found-within-r05-pass"	"not-approved"	"role-authorization-source;security-or-business-owner;authoritative-upstream-version;named-approver;approval-date;approved-scope;version-or-sha256-binding"
"R05-A0161"	"R05"	"R05-32"	"requirement-documents/05-test-cases/01-site-operations/tc-032-session-reuse-without-reverification.md"	"adfef029600981d9ae48696759bcf2b8eb9dc26010f06ad5f893a0b03b6bf0e1"	"line 21"	"TC-032 跨 Sublot 复用工号且不重复验证 > Test Steps 测试步骤"	"操作员输入并完成多个不同 Sublot，期间未主动更换工号。"	"操作员输入并完成多个不同 Sublot，期间未主动更换工号。"	"f8119d4328846348a240889e87bccaab53f1d72dcb4380641ae2974853ac5591"	"identity-security-acceptance-candidate"	"unapproved-unexecuted-internal-derived-acceptance-draft"	"8005-identity-role-and-session"	"needs-security-role-owner-and-explicit-approval"	"document-route:R05-C1; scenario:TC-032; scenario-role:action; upstream-fr:FR-012; upstream-uc:UC-001,UC-005,UC-010,UC-043,UC-044; formation-history:H1:ecd0fd8-to-493ac5a; `adfef0296009` / H1; derived object: FR-012 AC-2"	"none-found-within-r05-pass"	"not-approved"	"role-authorization-source;security-or-business-owner;authoritative-upstream-version;named-approver;approval-date;approved-scope;version-or-sha256-binding"
"R05-A0162"	"R05"	"R05-32"	"requirement-documents/05-test-cases/01-site-operations/tc-032-session-reuse-without-reverification.md"	"adfef029600981d9ae48696759bcf2b8eb9dc26010f06ad5f893a0b03b6bf0e1"	"line 25"	"TC-032 跨 Sublot 复用工号且不重复验证 > Expected Result 预期结果"	"系统不要求重复输入或校验工号；"	"系统不要求重复输入或校验工号；每个 Sublot 在首次仓位操作前绑定该工号，操作记录可追溯到同一操作员。"	"3c616f9f30fd6e7cb6bdd57585dfa9bf150b9791565102f8c51d32ca03892a85"	"identity-security-acceptance-candidate"	"unapproved-unexecuted-internal-derived-acceptance-draft"	"8005-identity-role-and-session"	"needs-security-role-owner-and-explicit-approval"	"document-route:R05-C1; scenario:TC-032; scenario-role:outcome; upstream-fr:FR-012; upstream-uc:UC-001,UC-005,UC-010,UC-043,UC-044; formation-history:H1:ecd0fd8-to-493ac5a; `adfef0296009` / H1; derived object: FR-012 AC-2"	"none-found-within-r05-pass"	"not-approved"	"role-authorization-source;security-or-business-owner;authoritative-upstream-version;named-approver;approval-date;approved-scope;version-or-sha256-binding"
"R05-A0163"	"R05"	"R05-32"	"requirement-documents/05-test-cases/01-site-operations/tc-032-session-reuse-without-reverification.md"	"adfef029600981d9ae48696759bcf2b8eb9dc26010f06ad5f893a0b03b6bf0e1"	"line 25"	"TC-032 跨 Sublot 复用工号且不重复验证 > Expected Result 预期结果"	"每个 Sublot 在首次仓位操作前绑定该工号，操作记录可追溯到同一操作员。"	"系统不要求重复输入或校验工号；每个 Sublot 在首次仓位操作前绑定该工号，操作记录可追溯到同一操作员。"	"18e620fc75b07ce4a8b5337fd2cab2f0c489e751a17e272c4e0746860746b241"	"identity-security-acceptance-candidate"	"unapproved-unexecuted-internal-derived-acceptance-draft"	"8005-identity-role-and-session"	"needs-security-role-owner-and-explicit-approval"	"document-route:R05-C1; scenario:TC-032; scenario-role:outcome; upstream-fr:FR-012; upstream-uc:UC-001,UC-005,UC-010,UC-043,UC-044; formation-history:H1:ecd0fd8-to-493ac5a; `adfef0296009` / H1; derived object: FR-012 AC-2"	"none-found-within-r05-pass"	"not-approved"	"role-authorization-source;security-or-business-owner;authoritative-upstream-version;named-approver;approval-date;approved-scope;version-or-sha256-binding"
"R05-A0164"	"R05"	"R05-32"	"requirement-documents/05-test-cases/01-site-operations/tc-032-session-reuse-without-reverification.md"	"adfef029600981d9ae48696759bcf2b8eb9dc26010f06ad5f893a0b03b6bf0e1"	"line 29"	"TC-032 跨 Sublot 复用工号且不重复验证 > Verifies 验证对象"	"[[fr-012-session-establishment-reuse-and-lock-stage-transition|FR-012]] AC-2"	"[[fr-012-session-establishment-reuse-and-lock-stage-transition|FR-012]] AC-2"	"18793ec64787304d4a50b65d92b52d8a3d2d044c53264fa30709b4f279eea1f0"	"verification-traceability-evidence"	"unapproved-unexecuted-internal-derived-acceptance-draft"	"8005-site-operation-and-stop-closure"	"evidence-only"	"document-route:R05-C1; scenario:TC-032; scenario-role:verification; upstream-fr:FR-012; upstream-uc:UC-001,UC-005,UC-010,UC-043,UC-044; formation-history:H1:ecd0fd8-to-493ac5a; `adfef0296009` / H1; derived object: FR-012 AC-2"	"none-found-within-r05-pass"	"not-approved"	"authoritative-upstream-version;named-approver;approval-date;approved-scope;version-or-sha256-binding"
"R05-A0165"	"R05"	"R05-33"	"requirement-documents/05-test-cases/01-site-operations/tc-033-first-door-operation-triggers-lock-stage.md"	"1bc566b67d4b0e86675c69716d6558cadf2cb8cbcbc5c631c92bcbd467a4441b"	"line 17"	"TC-033 活动 Sublot 内拒绝更换操作员 > Preconditions 前置条件"	"当前 Sublot 已在首次仓位操作前绑定操作员工号，且尚未形成 LoadBatch 自动提交闭环。"	"当前 Sublot 已在首次仓位操作前绑定操作员工号，且尚未形成 LoadBatch 自动提交闭环。"	"4fd57e9a4362f848899572ed38e540de41585a2a21a70930705325a080d6f5bd"	"identity-security-acceptance-candidate"	"unapproved-unexecuted-internal-derived-acceptance-draft"	"8005-identity-role-and-session"	"needs-security-role-owner-and-explicit-approval"	"document-route:R05-C1; scenario:TC-033; scenario-role:precondition; upstream-fr:FR-012; upstream-uc:UC-043; formation-history:H1:ecd0fd8-to-493ac5a; `1bc566b67d4b` / H1; derived object: FR-012 AC-2"	"TQ-R05-001"	"not-approved"	"role-authorization-source;security-or-business-owner;authoritative-upstream-version;named-approver;approval-date;approved-scope;version-or-sha256-binding"
"R05-A0166"	"R05"	"R05-33"	"requirement-documents/05-test-cases/01-site-operations/tc-033-first-door-operation-triggers-lock-stage.md"	"1bc566b67d4b0e86675c69716d6558cadf2cb8cbcbc5c631c92bcbd467a4441b"	"line 21"	"TC-033 活动 Sublot 内拒绝更换操作员 > Test Steps 测试步骤"	"用户尝试输入并切换为另一个工号。"	"用户尝试输入并切换为另一个工号。"	"b62c839a03446fcf9c7a71d744427bd9e46eb23640ac20911f9a089a393f80b1"	"identity-security-acceptance-candidate"	"unapproved-unexecuted-internal-derived-acceptance-draft"	"8005-identity-role-and-session"	"needs-security-role-owner-and-explicit-approval"	"document-route:R05-C1; scenario:TC-033; scenario-role:action; upstream-fr:FR-012; upstream-uc:UC-043; formation-history:H1:ecd0fd8-to-493ac5a; `1bc566b67d4b` / H1; derived object: FR-012 AC-2"	"TQ-R05-001"	"not-approved"	"role-authorization-source;security-or-business-owner;authoritative-upstream-version;named-approver;approval-date;approved-scope;version-or-sha256-binding"
"R05-A0167"	"R05"	"R05-33"	"requirement-documents/05-test-cases/01-site-operations/tc-033-first-door-operation-triggers-lock-stage.md"	"1bc566b67d4b0e86675c69716d6558cadf2cb8cbcbc5c631c92bcbd467a4441b"	"line 25"	"TC-033 活动 Sublot 内拒绝更换操作员 > Expected Result 预期结果"	"系统拒绝更换，保留当前 Sublot 的原操作员绑定；"	"系统拒绝更换，保留当前 Sublot 的原操作员绑定；不得以新工号继续该 Sublot。"	"5a3d28de9f7bbb85e6e49a1dcdce4f5eca6231cb3d452a73f8864c6c5927e710"	"business-acceptance-outcome-candidate"	"unapproved-unexecuted-internal-derived-acceptance-draft"	"8005-site-operation-and-stop-closure"	"needs-upstream-source-and-explicit-approval"	"document-route:R05-C1; scenario:TC-033; scenario-role:outcome; upstream-fr:FR-012; upstream-uc:UC-043; formation-history:H1:ecd0fd8-to-493ac5a; `1bc566b67d4b` / H1; derived object: FR-012 AC-2"	"TQ-R05-001"	"not-approved"	"authoritative-upstream-version;named-approver;approval-date;approved-scope;version-or-sha256-binding"
"R05-A0168"	"R05"	"R05-33"	"requirement-documents/05-test-cases/01-site-operations/tc-033-first-door-operation-triggers-lock-stage.md"	"1bc566b67d4b0e86675c69716d6558cadf2cb8cbcbc5c631c92bcbd467a4441b"	"line 25"	"TC-033 活动 Sublot 内拒绝更换操作员 > Expected Result 预期结果"	"不得以新工号继续该 Sublot。"	"系统拒绝更换，保留当前 Sublot 的原操作员绑定；不得以新工号继续该 Sublot。"	"eb49c57cab4b09e1217c6e8fe872bb4bc5f84d31057bae020532cb3a0c491766"	"identity-security-acceptance-candidate"	"unapproved-unexecuted-internal-derived-acceptance-draft"	"8005-identity-role-and-session"	"needs-security-role-owner-and-explicit-approval"	"document-route:R05-C1; scenario:TC-033; scenario-role:outcome; upstream-fr:FR-012; upstream-uc:UC-043; formation-history:H1:ecd0fd8-to-493ac5a; `1bc566b67d4b` / H1; derived object: FR-012 AC-2"	"TQ-R05-001"	"not-approved"	"role-authorization-source;security-or-business-owner;authoritative-upstream-version;named-approver;approval-date;approved-scope;version-or-sha256-binding"
"R05-A0169"	"R05"	"R05-33"	"requirement-documents/05-test-cases/01-site-operations/tc-033-first-door-operation-triggers-lock-stage.md"	"1bc566b67d4b0e86675c69716d6558cadf2cb8cbcbc5c631c92bcbd467a4441b"	"line 29"	"TC-033 活动 Sublot 内拒绝更换操作员 > Verifies 验证对象"	"[[fr-012-session-establishment-reuse-and-lock-stage-transition|FR-012]] AC-2"	"[[fr-012-session-establishment-reuse-and-lock-stage-transition|FR-012]] AC-2"	"18793ec64787304d4a50b65d92b52d8a3d2d044c53264fa30709b4f279eea1f0"	"verification-traceability-evidence"	"unapproved-unexecuted-internal-derived-acceptance-draft"	"8005-site-operation-and-stop-closure"	"evidence-only"	"document-route:R05-C1; scenario:TC-033; scenario-role:verification; upstream-fr:FR-012; upstream-uc:UC-043; formation-history:H1:ecd0fd8-to-493ac5a; `1bc566b67d4b` / H1; derived object: FR-012 AC-2; exact-duplicate-of:R05-A0164"	"TQ-R05-001"	"not-approved"	"authoritative-upstream-version;named-approver;approval-date;approved-scope;version-or-sha256-binding"
"R05-A0170"	"R05"	"R05-34"	"requirement-documents/05-test-cases/01-site-operations/tc-034-uc006-cancel-does-not-affect-session.md"	"bad12f2eef75b76a2f71fceb978a991439fa0efb53dc762cb52bf0652abccb70"	"line 17"	"TC-034 未收敛操作无进展、掉线和重启不清除上下文 > Preconditions 前置条件"	"车载端已持久化当前工号、部分或待恢复 Sublot 和执行日志，车辆不满足 StationDepartureWaiting。"	"车载端已持久化当前工号、部分或待恢复 Sublot 和执行日志，车辆不满足 StationDepartureWaiting。"	"dd7cd8013f00268f6f08e5f669fc31e6f3ed4d8e287fce928056da2b3f1dc31b"	"identity-security-acceptance-candidate"	"unapproved-unexecuted-internal-derived-acceptance-draft"	"8005-identity-role-and-session"	"needs-security-role-owner-and-explicit-approval"	"document-route:R05-C1; scenario:TC-034; scenario-role:precondition; upstream-fr:FR-013; upstream-uc:UC-006,UC-043; formation-history:H1:ecd0fd8-to-493ac5a; `bad12f2eef75` / H1; derived object: FR-013 AC-1"	"TQ-R05-001"	"not-approved"	"role-authorization-source;security-or-business-owner;authoritative-upstream-version;named-approver;approval-date;approved-scope;version-or-sha256-binding"
"R05-A0171"	"R05"	"R05-34"	"requirement-documents/05-test-cases/01-site-operations/tc-034-uc006-cancel-does-not-affect-session.md"	"bad12f2eef75b76a2f71fceb978a991439fa0efb53dc762cb52bf0652abccb70"	"line 21"	"TC-034 未收敛操作无进展、掉线和重启不清除上下文 > Test Steps 测试步骤"	"依次模拟物理操作长时间无进展、车载端与服务端掉线以及车载程序重启。"	"依次模拟物理操作长时间无进展、车载端与服务端掉线以及车载程序重启。"	"9989a98c967260f413e4fc12f362b40669da620c4edf82283f8de8f481ac5b22"	"interface-integration-acceptance-candidate"	"unapproved-unexecuted-internal-derived-acceptance-draft"	"8005-onboard-server-MES-interface"	"needs-interface-owner-source-and-explicit-approval"	"document-route:R05-C1; scenario:TC-034; scenario-role:action; upstream-fr:FR-013; upstream-uc:UC-006,UC-043; formation-history:H1:ecd0fd8-to-493ac5a; `bad12f2eef75` / H1; derived object: FR-013 AC-1"	"TQ-R05-001"	"not-approved"	"controlled-interface-version;interface-owner;authoritative-upstream-version;named-approver;approval-date;approved-scope;version-or-sha256-binding"
"R05-A0172"	"R05"	"R05-34"	"requirement-documents/05-test-cases/01-site-operations/tc-034-uc006-cancel-does-not-affect-session.md"	"bad12f2eef75b76a2f71fceb978a991439fa0efb53dc762cb52bf0652abccb70"	"line 25"	"TC-034 未收敛操作无进展、掉线和重启不清除上下文 > Expected Result 预期结果"	"系统只产生中断告警，不以离站等待超时结束会话；"	"系统只产生中断告警，不以离站等待超时结束会话；重启后恢复当前工号、活动 Sublot 和执行日志，不重复验证工号。掉线期间不开始新的仓位操作。"	"661e373aaf3bb3658bae9e6dcd3342ee05197d3934f454d261206a627581e789"	"business-acceptance-outcome-candidate"	"unapproved-unexecuted-internal-derived-acceptance-draft"	"8005-site-operation-and-stop-closure"	"needs-upstream-source-and-explicit-approval"	"document-route:R05-C1; scenario:TC-034; scenario-role:outcome; upstream-fr:FR-013; upstream-uc:UC-006,UC-043; formation-history:H1:ecd0fd8-to-493ac5a; `bad12f2eef75` / H1; derived object: FR-013 AC-1"	"TQ-R05-001"	"not-approved"	"authoritative-upstream-version;named-approver;approval-date;approved-scope;version-or-sha256-binding"
"R05-A0173"	"R05"	"R05-34"	"requirement-documents/05-test-cases/01-site-operations/tc-034-uc006-cancel-does-not-affect-session.md"	"bad12f2eef75b76a2f71fceb978a991439fa0efb53dc762cb52bf0652abccb70"	"line 25"	"TC-034 未收敛操作无进展、掉线和重启不清除上下文 > Expected Result 预期结果"	"重启后恢复当前工号、活动 Sublot 和执行日志，不重复验证工号。"	"系统只产生中断告警，不以离站等待超时结束会话；重启后恢复当前工号、活动 Sublot 和执行日志，不重复验证工号。掉线期间不开始新的仓位操作。"	"32602cc9b82ad9e85ea67b98e45c5d7caaf5bec6bf03a75ab6196e158a85ac4a"	"identity-security-acceptance-candidate"	"unapproved-unexecuted-internal-derived-acceptance-draft"	"8005-identity-role-and-session"	"needs-security-role-owner-and-explicit-approval"	"document-route:R05-C1; scenario:TC-034; scenario-role:outcome; upstream-fr:FR-013; upstream-uc:UC-006,UC-043; formation-history:H1:ecd0fd8-to-493ac5a; `bad12f2eef75` / H1; derived object: FR-013 AC-1"	"TQ-R05-001"	"not-approved"	"role-authorization-source;security-or-business-owner;authoritative-upstream-version;named-approver;approval-date;approved-scope;version-or-sha256-binding"
"R05-A0174"	"R05"	"R05-34"	"requirement-documents/05-test-cases/01-site-operations/tc-034-uc006-cancel-does-not-affect-session.md"	"bad12f2eef75b76a2f71fceb978a991439fa0efb53dc762cb52bf0652abccb70"	"line 25"	"TC-034 未收敛操作无进展、掉线和重启不清除上下文 > Expected Result 预期结果"	"掉线期间不开始新的仓位操作。"	"系统只产生中断告警，不以离站等待超时结束会话；重启后恢复当前工号、活动 Sublot 和执行日志，不重复验证工号。掉线期间不开始新的仓位操作。"	"bb529ce33d1df71bb7d77c6ea5267196ccad8fd601840aa593fa144b9559eab6"	"business-acceptance-outcome-candidate"	"unapproved-unexecuted-internal-derived-acceptance-draft"	"8005-site-operation-and-stop-closure"	"needs-upstream-source-and-explicit-approval"	"document-route:R05-C1; scenario:TC-034; scenario-role:outcome; upstream-fr:FR-013; upstream-uc:UC-006,UC-043; formation-history:H1:ecd0fd8-to-493ac5a; `bad12f2eef75` / H1; derived object: FR-013 AC-1"	"TQ-R05-001"	"not-approved"	"authoritative-upstream-version;named-approver;approval-date;approved-scope;version-or-sha256-binding"
"R05-A0175"	"R05"	"R05-34"	"requirement-documents/05-test-cases/01-site-operations/tc-034-uc006-cancel-does-not-affect-session.md"	"bad12f2eef75b76a2f71fceb978a991439fa0efb53dc762cb52bf0652abccb70"	"line 29"	"TC-034 未收敛操作无进展、掉线和重启不清除上下文 > Verifies 验证对象"	"[[fr-013-session-termination-rules|FR-013]] AC-1"	"[[fr-013-session-termination-rules|FR-013]] AC-1"	"197c89c4897892e1294f652ec65675ec2f846bac462efd7d3c7393710fe0a974"	"verification-traceability-evidence"	"unapproved-unexecuted-internal-derived-acceptance-draft"	"8005-site-operation-and-stop-closure"	"evidence-only"	"document-route:R05-C1; scenario:TC-034; scenario-role:verification; upstream-fr:FR-013; upstream-uc:UC-006,UC-043; formation-history:H1:ecd0fd8-to-493ac5a; `bad12f2eef75` / H1; derived object: FR-013 AC-1"	"TQ-R05-001"	"not-approved"	"authoritative-upstream-version;named-approver;approval-date;approved-scope;version-or-sha256-binding"
"R05-A0176"	"R05"	"R05-35"	"requirement-documents/05-test-cases/01-site-operations/tc-035-uc002-confirm-completion-ends-session-normally.md"	"74e36ee04a198713dfee589f3714dab8c6b461f7723a2787fd2d15d27440af8d"	"line 17"	"TC-035 完成 Sublot 后保留工号并允许换人 > Preconditions 前置条件"	"当前 Sublot 已完成全部目标仓位并形成 LoadBatch 自动提交闭环。"	"当前 Sublot 已完成全部目标仓位并形成 LoadBatch 自动提交闭环。"	"fe6f8cb98b7ced61fda67191c01f480dc62aeb22e805945966bdc4938ea32227"	"business-acceptance-precondition-candidate"	"unapproved-unexecuted-internal-derived-acceptance-draft"	"8005-site-operation-and-stop-closure"	"needs-upstream-source-and-explicit-approval"	"document-route:R05-C1; scenario:TC-035; scenario-role:precondition; upstream-fr:FR-013; upstream-uc:UC-002,UC-043; formation-history:H1:ecd0fd8-to-493ac5a; `74e36ee04a19` / H1; derived object: FR-013 AC-2"	"TQ-R05-001"	"not-approved"	"authoritative-upstream-version;named-approver;approval-date;approved-scope;version-or-sha256-binding"
"R05-A0177"	"R05"	"R05-35"	"requirement-documents/05-test-cases/01-site-operations/tc-035-uc002-confirm-completion-ends-session-normally.md"	"74e36ee04a198713dfee589f3714dab8c6b461f7723a2787fd2d15d27440af8d"	"line 21"	"TC-035 完成 Sublot 后保留工号并允许换人 > Test Steps 测试步骤"	"操作员先查看当前工号，然后主动输入另一个工号。"	"操作员先查看当前工号，然后主动输入另一个工号。"	"9cce713556a077bcb834a943087899a2c9aed7353870fb4c5d41bb9e39b3770c"	"identity-security-acceptance-candidate"	"unapproved-unexecuted-internal-derived-acceptance-draft"	"8005-identity-role-and-session"	"needs-security-role-owner-and-explicit-approval"	"document-route:R05-C1; scenario:TC-035; scenario-role:action; upstream-fr:FR-013; upstream-uc:UC-002,UC-043; formation-history:H1:ecd0fd8-to-493ac5a; `74e36ee04a19` / H1; derived object: FR-013 AC-2"	"TQ-R05-001"	"not-approved"	"role-authorization-source;security-or-business-owner;authoritative-upstream-version;named-approver;approval-date;approved-scope;version-or-sha256-binding"
"R05-A0178"	"R05"	"R05-35"	"requirement-documents/05-test-cases/01-site-operations/tc-035-uc002-confirm-completion-ends-session-normally.md"	"74e36ee04a198713dfee589f3714dab8c6b461f7723a2787fd2d15d27440af8d"	"line 25"	"TC-035 完成 Sublot 后保留工号并允许换人 > Expected Result 预期结果"	"Sublot 完成时原工号仍被保留；"	"Sublot 完成时原工号仍被保留；系统允许发起换人，但新工号必须通过服务端/MES 校验后才能作为后续 Sublot 的默认操作员。"	"c5a02f775d637c3e9b68e3b3429103d5a288dd96fb17da538406fbe69bcbc28f"	"identity-security-acceptance-candidate"	"unapproved-unexecuted-internal-derived-acceptance-draft"	"8005-identity-role-and-session"	"needs-security-role-owner-and-explicit-approval"	"document-route:R05-C1; scenario:TC-035; scenario-role:outcome; upstream-fr:FR-013; upstream-uc:UC-002,UC-043; formation-history:H1:ecd0fd8-to-493ac5a; `74e36ee04a19` / H1; derived object: FR-013 AC-2"	"TQ-R05-001"	"not-approved"	"role-authorization-source;security-or-business-owner;authoritative-upstream-version;named-approver;approval-date;approved-scope;version-or-sha256-binding"
"R05-A0179"	"R05"	"R05-35"	"requirement-documents/05-test-cases/01-site-operations/tc-035-uc002-confirm-completion-ends-session-normally.md"	"74e36ee04a198713dfee589f3714dab8c6b461f7723a2787fd2d15d27440af8d"	"line 25"	"TC-035 完成 Sublot 后保留工号并允许换人 > Expected Result 预期结果"	"系统允许发起换人，但新工号必须通过服务端/MES 校验后才能作为后续 Sublot 的默认操作员。"	"Sublot 完成时原工号仍被保留；系统允许发起换人，但新工号必须通过服务端/MES 校验后才能作为后续 Sublot 的默认操作员。"	"079ae4b9a17d96f1d20ead1090abdc07e1bc41c9cedea053b1a7519685a338d3"	"identity-security-acceptance-candidate"	"unapproved-unexecuted-internal-derived-acceptance-draft"	"8005-identity-role-and-session"	"needs-security-role-owner-and-explicit-approval"	"document-route:R05-C1; scenario:TC-035; scenario-role:outcome; upstream-fr:FR-013; upstream-uc:UC-002,UC-043; formation-history:H1:ecd0fd8-to-493ac5a; `74e36ee04a19` / H1; derived object: FR-013 AC-2"	"TQ-R05-001"	"not-approved"	"role-authorization-source;security-or-business-owner;authoritative-upstream-version;named-approver;approval-date;approved-scope;version-or-sha256-binding"
"R05-A0180"	"R05"	"R05-35"	"requirement-documents/05-test-cases/01-site-operations/tc-035-uc002-confirm-completion-ends-session-normally.md"	"74e36ee04a198713dfee589f3714dab8c6b461f7723a2787fd2d15d27440af8d"	"line 29"	"TC-035 完成 Sublot 后保留工号并允许换人 > Verifies 验证对象"	"[[fr-013-session-termination-rules|FR-013]] AC-2"	"[[fr-013-session-termination-rules|FR-013]] AC-2"	"b94cae5a9df6f079adea78a79dcbe6576e2b7063f56aaf11744cf4e11f85496a"	"verification-traceability-evidence"	"unapproved-unexecuted-internal-derived-acceptance-draft"	"8005-site-operation-and-stop-closure"	"evidence-only"	"document-route:R05-C1; scenario:TC-035; scenario-role:verification; upstream-fr:FR-013; upstream-uc:UC-002,UC-043; formation-history:H1:ecd0fd8-to-493ac5a; `74e36ee04a19` / H1; derived object: FR-013 AC-2"	"TQ-R05-001"	"not-approved"	"authoritative-upstream-version;named-approver;approval-date;approved-scope;version-or-sha256-binding"
"R05-A0181"	"R05"	"R05-36"	"requirement-documents/05-test-cases/01-site-operations/tc-036-unlocked-stage-manual-early-end-session.md"	"4189c32c99435f430ea6e0df50dbb7da87b99dc74dcafb641b386893ad2f81c0"	"line 17"	"TC-036 StopClosureCommit 清除工号和到站会话 > Preconditions 前置条件"	"车辆满足 StationDepartureWaiting，OperationSession 与 OnboardOperatorContext 有效。"	"车辆满足 StationDepartureWaiting，OperationSession 与 OnboardOperatorContext 有效。"	"16c1afd78435c69b2b3a37a2693bfe4605d4b5a34dad95eb7342d3c8702f7a5a"	"internal-state-or-architecture-derivation"	"unapproved-unexecuted-internal-derived-acceptance-draft"	"8005-internal-site-operation-state-model"	"exclude-from-requirement-approval"	"document-route:R05-C1; scenario:TC-036; scenario-role:precondition; upstream-fr:FR-013; upstream-uc:UC-043; formation-history:H1:ecd0fd8-to-493ac5a; `4189c32c9943` / H1; derived object: FR-013 AC-3"	"TQ-R05-001"	"not-approved"	"authoritative-requirement-source;independent-approval-unit-reframing;authoritative-upstream-version;named-approver;approval-date;approved-scope;version-or-sha256-binding"
"R05-A0182"	"R05"	"R05-36"	"requirement-documents/05-test-cases/01-site-operations/tc-036-unlocked-stage-manual-early-end-session.md"	"4189c32c99435f430ea6e0df50dbb7da87b99dc74dcafb641b386893ad2f81c0"	"line 21"	"TC-036 StopClosureCommit 清除工号和到站会话 > Test Steps 测试步骤"	"分别执行人工与超时 StopClosureCommit，并让其中一次后续移动失败。"	"分别执行人工与超时 StopClosureCommit，并让其中一次后续移动失败。"	"20a859ef1fd7d8cb308c0f85b31e4bf62f843c4dd7bc4e5652452b42ae4b3350"	"internal-state-or-architecture-derivation"	"unapproved-unexecuted-internal-derived-acceptance-draft"	"8005-internal-site-operation-state-model"	"exclude-from-requirement-approval"	"document-route:R05-C1; scenario:TC-036; scenario-role:action; upstream-fr:FR-013; upstream-uc:UC-043; formation-history:H1:ecd0fd8-to-493ac5a; `4189c32c9943` / H1; derived object: FR-013 AC-3"	"TQ-R05-001"	"not-approved"	"authoritative-requirement-source;independent-approval-unit-reframing;authoritative-upstream-version;named-approver;approval-date;approved-scope;version-or-sha256-binding"
"R05-A0183"	"R05"	"R05-36"	"requirement-documents/05-test-cases/01-site-operations/tc-036-unlocked-stage-manual-early-end-session.md"	"4189c32c99435f430ea6e0df50dbb7da87b99dc74dcafb641b386893ad2f81c0"	"line 25"	"TC-036 StopClosureCommit 清除工号和到站会话 > Expected Result 预期结果"	"StopClosureCommit 成功时立即结束会话并清除工号；"	"StopClosureCommit 成功时立即结束会话并清除工号；后续移动失败不恢复本站会话或工号。"	"bb64e553f4f14addacdaa69a67eb98286808dddec6664b4426dc5d5df0e5cd93"	"identity-security-acceptance-candidate"	"unapproved-unexecuted-internal-derived-acceptance-draft"	"8005-identity-role-and-session"	"needs-security-role-owner-and-explicit-approval"	"document-route:R05-C1; scenario:TC-036; scenario-role:outcome; upstream-fr:FR-013; upstream-uc:UC-043; formation-history:H1:ecd0fd8-to-493ac5a; `4189c32c9943` / H1; derived object: FR-013 AC-3"	"TQ-R05-001"	"not-approved"	"role-authorization-source;security-or-business-owner;authoritative-upstream-version;named-approver;approval-date;approved-scope;version-or-sha256-binding"
"R05-A0184"	"R05"	"R05-36"	"requirement-documents/05-test-cases/01-site-operations/tc-036-unlocked-stage-manual-early-end-session.md"	"4189c32c99435f430ea6e0df50dbb7da87b99dc74dcafb641b386893ad2f81c0"	"line 25"	"TC-036 StopClosureCommit 清除工号和到站会话 > Expected Result 预期结果"	"后续移动失败不恢复本站会话或工号。"	"StopClosureCommit 成功时立即结束会话并清除工号；后续移动失败不恢复本站会话或工号。"	"97ea390e7d43226fd172402f75481dcd2ae0caa33997880b7e41b3aae8dfdd89"	"identity-security-acceptance-candidate"	"unapproved-unexecuted-internal-derived-acceptance-draft"	"8005-identity-role-and-session"	"needs-security-role-owner-and-explicit-approval"	"document-route:R05-C1; scenario:TC-036; scenario-role:outcome; upstream-fr:FR-013; upstream-uc:UC-043; formation-history:H1:ecd0fd8-to-493ac5a; `4189c32c9943` / H1; derived object: FR-013 AC-3"	"TQ-R05-001"	"not-approved"	"role-authorization-source;security-or-business-owner;authoritative-upstream-version;named-approver;approval-date;approved-scope;version-or-sha256-binding"
"R05-A0185"	"R05"	"R05-36"	"requirement-documents/05-test-cases/01-site-operations/tc-036-unlocked-stage-manual-early-end-session.md"	"4189c32c99435f430ea6e0df50dbb7da87b99dc74dcafb641b386893ad2f81c0"	"line 29"	"TC-036 StopClosureCommit 清除工号和到站会话 > Verifies 验证对象"	"[[fr-013-session-termination-rules|FR-013]] AC-3"	"[[fr-013-session-termination-rules|FR-013]] AC-3"	"c91ea7f2262478132b1fc711deb37e83cff508704e1db4b4b434020b9a7bdf9b"	"verification-traceability-evidence"	"unapproved-unexecuted-internal-derived-acceptance-draft"	"8005-site-operation-and-stop-closure"	"evidence-only"	"document-route:R05-C1; scenario:TC-036; scenario-role:verification; upstream-fr:FR-013; upstream-uc:UC-043; formation-history:H1:ecd0fd8-to-493ac5a; `4189c32c9943` / H1; derived object: FR-013 AC-3"	"TQ-R05-001"	"not-approved"	"authoritative-upstream-version;named-approver;approval-date;approved-scope;version-or-sha256-binding"
"R05-A0186"	"R05"	"R05-37"	"requirement-documents/05-test-cases/01-site-operations/tc-037-locked-stage-reject-manual-end-session.md"	"496c489a54fac9716725bdfe94f61d02dacd473a85153c3fe74c47995b560917"	"line 17"	"TC-037 未结 Sublot 禁止本地强制清除 > Preconditions 前置条件"	"存在暂停中、部分完成或尚未收敛的 Sublot，车载端保存有恢复日志。"	"存在暂停中、部分完成或尚未收敛的 Sublot，车载端保存有恢复日志。"	"75578dd626a2ac13dd4a981994b5cb8e7e25d199be03a6b8f9927367610d17d7"	"interface-integration-acceptance-candidate"	"unapproved-unexecuted-internal-derived-acceptance-draft"	"8005-onboard-server-MES-interface"	"needs-interface-owner-source-and-explicit-approval"	"document-route:R05-C1; scenario:TC-037; scenario-role:precondition; upstream-fr:FR-013; upstream-uc:UC-043; formation-history:H1:ecd0fd8-to-493ac5a; `496c489a54fa` / H1; derived object: FR-013 AC-4"	"TQ-R05-001"	"not-approved"	"controlled-interface-version;interface-owner;authoritative-upstream-version;named-approver;approval-date;approved-scope;version-or-sha256-binding"
"R05-A0187"	"R05"	"R05-37"	"requirement-documents/05-test-cases/01-site-operations/tc-037-locked-stage-reject-manual-end-session.md"	"496c489a54fac9716725bdfe94f61d02dacd473a85153c3fe74c47995b560917"	"line 21"	"TC-037 未结 Sublot 禁止本地强制清除 > Test Steps 测试步骤"	"维护人员尝试在车载端删除操作上下文或强制结束会话。"	"维护人员尝试在车载端删除操作上下文或强制结束会话。"	"bd51e206ecdf60f53b5ace05d44eacebe5b33b0a43a2de06d49b0c514d560f85"	"interface-integration-acceptance-candidate"	"unapproved-unexecuted-internal-derived-acceptance-draft"	"8005-onboard-server-MES-interface"	"needs-interface-owner-source-and-explicit-approval"	"document-route:R05-C1; scenario:TC-037; scenario-role:action; upstream-fr:FR-013; upstream-uc:UC-043; formation-history:H1:ecd0fd8-to-493ac5a; `496c489a54fa` / H1; derived object: FR-013 AC-4"	"TQ-R05-001"	"not-approved"	"controlled-interface-version;interface-owner;authoritative-upstream-version;named-approver;approval-date;approved-scope;version-or-sha256-binding"
"R05-A0188"	"R05"	"R05-37"	"requirement-documents/05-test-cases/01-site-operations/tc-037-locked-stage-reject-manual-end-session.md"	"496c489a54fac9716725bdfe94f61d02dacd473a85153c3fe74c47995b560917"	"line 25"	"TC-037 未结 Sublot 禁止本地强制清除 > Expected Result 预期结果"	"系统允许查看诊断信息但拒绝删除恢复记录或清除工号，提示必须恢复连接并由服务端完成对账和处置。"	"系统允许查看诊断信息但拒绝删除恢复记录或清除工号，提示必须恢复连接并由服务端完成对账和处置。"	"f02fa02a87a595b3c9319da5831228d64662c6f9ade065f8f4306d1cddd694e4"	"identity-security-acceptance-candidate"	"unapproved-unexecuted-internal-derived-acceptance-draft"	"8005-identity-role-and-session"	"needs-security-role-owner-and-explicit-approval"	"document-route:R05-C1; scenario:TC-037; scenario-role:outcome; upstream-fr:FR-013; upstream-uc:UC-043; formation-history:H1:ecd0fd8-to-493ac5a; `496c489a54fa` / H1; derived object: FR-013 AC-4"	"TQ-R05-001"	"not-approved"	"role-authorization-source;security-or-business-owner;authoritative-upstream-version;named-approver;approval-date;approved-scope;version-or-sha256-binding"
"R05-A0189"	"R05"	"R05-37"	"requirement-documents/05-test-cases/01-site-operations/tc-037-locked-stage-reject-manual-end-session.md"	"496c489a54fac9716725bdfe94f61d02dacd473a85153c3fe74c47995b560917"	"line 29"	"TC-037 未结 Sublot 禁止本地强制清除 > Verifies 验证对象"	"[[fr-013-session-termination-rules|FR-013]] AC-4"	"[[fr-013-session-termination-rules|FR-013]] AC-4"	"1960871423589932a3e28b7222fa746bc1cef7a2e17c623868a936eef01a7f3f"	"verification-traceability-evidence"	"unapproved-unexecuted-internal-derived-acceptance-draft"	"8005-site-operation-and-stop-closure"	"evidence-only"	"document-route:R05-C1; scenario:TC-037; scenario-role:verification; upstream-fr:FR-013; upstream-uc:UC-043; formation-history:H1:ecd0fd8-to-493ac5a; `496c489a54fa` / H1; derived object: FR-013 AC-4"	"TQ-R05-001"	"not-approved"	"authoritative-upstream-version;named-approver;approval-date;approved-scope;version-or-sha256-binding"
"R05-A0190"	"R05"	"R05-38"	"requirement-documents/05-test-cases/01-site-operations/tc-038-move-interlock-reject-unlock.md"	"a532c47588b4d263257b813399f9862ac7a0f250aa4b6a7c788f85ee5f22a7e0"	"line 17"	"TC-038 移动联锁拒绝开锁 > Preconditions 前置条件"	"目标仓位处于""仓门已关闭，但光幕检测到残留产品""的异常状态，且按 [[uc-004-slot-door-safety-interlock|UC-004]] Flow A 判定该 AGV 当前处于移动状态。"	"目标仓位处于""仓门已关闭，但光幕检测到残留产品""的异常状态，且按 [[uc-004-slot-door-safety-interlock|UC-004]] Flow A 判定该 AGV 当前处于移动状态。"	"b28ce923e52b31522c7f121bfbf8ceac5d79b0ca90f169771f6203d0331380d2"	"safety-hardware-acceptance-candidate"	"unapproved-unexecuted-internal-derived-acceptance-draft"	"8005-site-safety-slot-hardware-and-recovery"	"needs-safety-hardware-authority-and-explicit-approval"	"document-route:R05-C1; scenario:TC-038; scenario-role:precondition; upstream-fr:FR-014; upstream-uc:UC-004,UC-044; formation-history:H3:ecd0fd8; `a532c47588b4` / H3; derived object: FR-014 AC-1"	"none-found-within-r05-pass"	"not-approved"	"hardware-and-IO-version-binding;safety-or-hardware-owner;risk-review-evidence;authoritative-upstream-version;named-approver;approval-date;approved-scope;version-or-sha256-binding"
"R05-A0191"	"R05"	"R05-38"	"requirement-documents/05-test-cases/01-site-operations/tc-038-move-interlock-reject-unlock.md"	"a532c47588b4d263257b813399f9862ac7a0f250aa4b6a7c788f85ee5f22a7e0"	"line 21"	"TC-038 移动联锁拒绝开锁 > Test Steps 测试步骤"	"系统准备下发重新开锁指令。"	"系统准备下发重新开锁指令。"	"7018d731055ff7730d642020beebd44854e4f18f3032ee4c4df128a2370f6528"	"interface-integration-acceptance-candidate"	"unapproved-unexecuted-internal-derived-acceptance-draft"	"8005-onboard-server-MES-interface"	"needs-interface-owner-source-and-explicit-approval"	"document-route:R05-C1; scenario:TC-038; scenario-role:action; upstream-fr:FR-014; upstream-uc:UC-004,UC-044; formation-history:H3:ecd0fd8; `a532c47588b4` / H3; derived object: FR-014 AC-1"	"none-found-within-r05-pass"	"not-approved"	"controlled-interface-version;interface-owner;authoritative-upstream-version;named-approver;approval-date;approved-scope;version-or-sha256-binding"
"R05-A0192"	"R05"	"R05-38"	"requirement-documents/05-test-cases/01-site-operations/tc-038-move-interlock-reject-unlock.md"	"a532c47588b4d263257b813399f9862ac7a0f250aa4b6a7c788f85ee5f22a7e0"	"line 25"	"TC-038 移动联锁拒绝开锁 > Expected Result 预期结果"	"系统拒绝本次开门/开锁，不得下发开锁指令。"	"系统拒绝本次开门/开锁，不得下发开锁指令。"	"321f88cf1e7d2442595f00f213003fe70475b8754bfcfd58a3c04597857200e6"	"interface-integration-acceptance-candidate"	"unapproved-unexecuted-internal-derived-acceptance-draft"	"8005-onboard-server-MES-interface"	"needs-interface-owner-source-and-explicit-approval"	"document-route:R05-C1; scenario:TC-038; scenario-role:outcome; upstream-fr:FR-014; upstream-uc:UC-004,UC-044; formation-history:H3:ecd0fd8; `a532c47588b4` / H3; derived object: FR-014 AC-1"	"none-found-within-r05-pass"	"not-approved"	"controlled-interface-version;interface-owner;authoritative-upstream-version;named-approver;approval-date;approved-scope;version-or-sha256-binding"
"R05-A0193"	"R05"	"R05-38"	"requirement-documents/05-test-cases/01-site-operations/tc-038-move-interlock-reject-unlock.md"	"a532c47588b4d263257b813399f9862ac7a0f250aa4b6a7c788f85ee5f22a7e0"	"line 29"	"TC-038 移动联锁拒绝开锁 > Verifies 验证对象"	"[[fr-014-slot-reopen-residue-clearance-confirm-and-state-restoration|FR-014]] AC-1"	"[[fr-014-slot-reopen-residue-clearance-confirm-and-state-restoration|FR-014]] AC-1"	"18cd690f081f5143fba54fdc51e257fdcd139a9b1d8c4599130223ea8cd61d3d"	"verification-traceability-evidence"	"unapproved-unexecuted-internal-derived-acceptance-draft"	"8005-site-operation-and-stop-closure"	"evidence-only"	"document-route:R05-C1; scenario:TC-038; scenario-role:verification; upstream-fr:FR-014; upstream-uc:UC-004,UC-044; formation-history:H3:ecd0fd8; `a532c47588b4` / H3; derived object: FR-014 AC-1"	"none-found-within-r05-pass"	"not-approved"	"authoritative-upstream-version;named-approver;approval-date;approved-scope;version-or-sha256-binding"
"R05-A0194"	"R05"	"R05-39"	"requirement-documents/05-test-cases/01-site-operations/tc-039-slot-reopen-success.md"	"e78b1f2b289ab6038b69fd79c59892edf295cb7aafea671ac692cfa710bbb78a"	"line 17"	"TC-039 仓位重新打开成功 > Preconditions 前置条件"	"该 AGV 未在移动。"	"该 AGV 未在移动。"	"fd328bf4024cb0732cd49884823c2bfb56a7ce5a40cf42a5f16d52de0bc501c2"	"business-acceptance-precondition-candidate"	"unapproved-unexecuted-internal-derived-acceptance-draft"	"8005-site-operation-and-stop-closure"	"needs-upstream-source-and-explicit-approval"	"document-route:R05-C1; scenario:TC-039; scenario-role:precondition; upstream-fr:FR-014; upstream-uc:UC-044; formation-history:H3:ecd0fd8; `e78b1f2b289a` / H3; derived object: FR-014 AC-2"	"none-found-within-r05-pass"	"not-approved"	"authoritative-upstream-version;named-approver;approval-date;approved-scope;version-or-sha256-binding"
"R05-A0195"	"R05"	"R05-39"	"requirement-documents/05-test-cases/01-site-operations/tc-039-slot-reopen-success.md"	"e78b1f2b289ab6038b69fd79c59892edf295cb7aafea671ac692cfa710bbb78a"	"line 21"	"TC-039 仓位重新打开成功 > Test Steps 测试步骤"	"系统向目标仓位下发开锁指令。"	"系统向目标仓位下发开锁指令。"	"849237340faf27d09e8c088945f401c41b27f1c417026b18aeecf6a19899b37f"	"interface-integration-acceptance-candidate"	"unapproved-unexecuted-internal-derived-acceptance-draft"	"8005-onboard-server-MES-interface"	"needs-interface-owner-source-and-explicit-approval"	"document-route:R05-C1; scenario:TC-039; scenario-role:action; upstream-fr:FR-014; upstream-uc:UC-044; formation-history:H3:ecd0fd8; `e78b1f2b289a` / H3; derived object: FR-014 AC-2"	"none-found-within-r05-pass"	"not-approved"	"controlled-interface-version;interface-owner;authoritative-upstream-version;named-approver;approval-date;approved-scope;version-or-sha256-binding"
"R05-A0196"	"R05"	"R05-39"	"requirement-documents/05-test-cases/01-site-operations/tc-039-slot-reopen-success.md"	"e78b1f2b289ab6038b69fd79c59892edf295cb7aafea671ac692cfa710bbb78a"	"line 25"	"TC-039 仓位重新打开成功 > Expected Result 预期结果"	"系统重新打开该仓位仓门，供操作员取出残留产品。"	"系统重新打开该仓位仓门，供操作员取出残留产品。"	"bd877629e7367d2575f48abf1875318253cc552f2e92c921f0ef3239ca3a7288"	"business-acceptance-outcome-candidate"	"unapproved-unexecuted-internal-derived-acceptance-draft"	"8005-site-operation-and-stop-closure"	"needs-upstream-source-and-explicit-approval"	"document-route:R05-C1; scenario:TC-039; scenario-role:outcome; upstream-fr:FR-014; upstream-uc:UC-044; formation-history:H3:ecd0fd8; `e78b1f2b289a` / H3; derived object: FR-014 AC-2"	"none-found-within-r05-pass"	"not-approved"	"authoritative-upstream-version;named-approver;approval-date;approved-scope;version-or-sha256-binding"
"R05-A0197"	"R05"	"R05-39"	"requirement-documents/05-test-cases/01-site-operations/tc-039-slot-reopen-success.md"	"e78b1f2b289ab6038b69fd79c59892edf295cb7aafea671ac692cfa710bbb78a"	"line 29"	"TC-039 仓位重新打开成功 > Verifies 验证对象"	"[[fr-014-slot-reopen-residue-clearance-confirm-and-state-restoration|FR-014]] AC-2"	"[[fr-014-slot-reopen-residue-clearance-confirm-and-state-restoration|FR-014]] AC-2"	"0d3e590c5369bc75929bb9cd3d1175081ac224c8893080f86d022f8f8719c544"	"verification-traceability-evidence"	"unapproved-unexecuted-internal-derived-acceptance-draft"	"8005-site-operation-and-stop-closure"	"evidence-only"	"document-route:R05-C1; scenario:TC-039; scenario-role:verification; upstream-fr:FR-014; upstream-uc:UC-044; formation-history:H3:ecd0fd8; `e78b1f2b289a` / H3; derived object: FR-014 AC-2"	"none-found-within-r05-pass"	"not-approved"	"authoritative-upstream-version;named-approver;approval-date;approved-scope;version-or-sha256-binding"
"R05-A0198"	"R05"	"R05-40"	"requirement-documents/05-test-cases/01-site-operations/tc-040-reclose-curtain-confirm-clear-restore-idle.md"	"b484708608b0f5bb5b84d23e2f2f0c9d409e3acf1e2ac2a411fa847cca951867"	"line 17"	"TC-040 重新关闭光幕确认清空，恢复空闲并记录 > Preconditions 前置条件"	"操作员重新关闭该仓位仓门后，光幕检测确认该仓位内确已清空。"	"操作员重新关闭该仓位仓门后，光幕检测确认该仓位内确已清空。"	"690227afefe664663da8d942476949c13bb51dcc0fbfede9c133c651e7fe9d25"	"safety-hardware-acceptance-candidate"	"unapproved-unexecuted-internal-derived-acceptance-draft"	"8005-site-safety-slot-hardware-and-recovery"	"needs-safety-hardware-authority-and-explicit-approval"	"document-route:R05-C1; scenario:TC-040; scenario-role:precondition; upstream-fr:FR-014; upstream-uc:UC-010,UC-044; formation-history:H3:ecd0fd8; `b484708608b0` / H3; derived object: FR-014 AC-3"	"none-found-within-r05-pass"	"not-approved"	"hardware-and-IO-version-binding;safety-or-hardware-owner;risk-review-evidence;authoritative-upstream-version;named-approver;approval-date;approved-scope;version-or-sha256-binding"
"R05-A0199"	"R05"	"R05-40"	"requirement-documents/05-test-cases/01-site-operations/tc-040-reclose-curtain-confirm-clear-restore-idle.md"	"b484708608b0f5bb5b84d23e2f2f0c9d409e3acf1e2ac2a411fa847cca951867"	"line 21"	"TC-040 重新关闭光幕确认清空，恢复空闲并记录 > Test Steps 测试步骤"	"系统执行重新关闭后核验。"	"系统执行重新关闭后核验。"	"212c4f439bc8b38bb30568bfca37eb24b9ebe77cb3be3e5b11bb4da445d52898"	"business-acceptance-action-candidate"	"unapproved-unexecuted-internal-derived-acceptance-draft"	"8005-site-operation-and-stop-closure"	"needs-upstream-source-and-explicit-approval"	"document-route:R05-C1; scenario:TC-040; scenario-role:action; upstream-fr:FR-014; upstream-uc:UC-010,UC-044; formation-history:H3:ecd0fd8; `b484708608b0` / H3; derived object: FR-014 AC-3"	"none-found-within-r05-pass"	"not-approved"	"authoritative-upstream-version;named-approver;approval-date;approved-scope;version-or-sha256-binding"
"R05-A0200"	"R05"	"R05-40"	"requirement-documents/05-test-cases/01-site-operations/tc-040-reclose-curtain-confirm-clear-restore-idle.md"	"b484708608b0f5bb5b84d23e2f2f0c9d409e3acf1e2ac2a411fa847cca951867"	"line 25"	"TC-040 重新关闭光幕确认清空，恢复空闲并记录 > Expected Result 预期结果"	"系统将该仓位状态恢复为 UC-010 预期的""空闲""；"	"系统将该仓位状态恢复为 UC-010 预期的""空闲""；记录本次重新打开、取出残留及重新核验的过程（操作员、仓位号、时间戳）。"	"029e368b78d8b44b83d215a0fd590bbf06f3d6f17d1666b0c8fb6f20fdb58f4e"	"business-acceptance-outcome-candidate"	"unapproved-unexecuted-internal-derived-acceptance-draft"	"8005-site-operation-and-stop-closure"	"needs-upstream-source-and-explicit-approval"	"document-route:R05-C1; scenario:TC-040; scenario-role:outcome; upstream-fr:FR-014; upstream-uc:UC-010,UC-044; formation-history:H3:ecd0fd8; `b484708608b0` / H3; derived object: FR-014 AC-3"	"none-found-within-r05-pass"	"not-approved"	"authoritative-upstream-version;named-approver;approval-date;approved-scope;version-or-sha256-binding"
"R05-A0201"	"R05"	"R05-40"	"requirement-documents/05-test-cases/01-site-operations/tc-040-reclose-curtain-confirm-clear-restore-idle.md"	"b484708608b0f5bb5b84d23e2f2f0c9d409e3acf1e2ac2a411fa847cca951867"	"line 25"	"TC-040 重新关闭光幕确认清空，恢复空闲并记录 > Expected Result 预期结果"	"记录本次重新打开、取出残留及重新核验的过程（操作员、仓位号、时间戳）。"	"系统将该仓位状态恢复为 UC-010 预期的""空闲""；记录本次重新打开、取出残留及重新核验的过程（操作员、仓位号、时间戳）。"	"54918b6fbfd5e9d261f2aa8519555bfaee41a3de3373d8ed11f185815a7617e4"	"business-acceptance-outcome-candidate"	"unapproved-unexecuted-internal-derived-acceptance-draft"	"8005-site-operation-and-stop-closure"	"needs-upstream-source-and-explicit-approval"	"document-route:R05-C1; scenario:TC-040; scenario-role:outcome; upstream-fr:FR-014; upstream-uc:UC-010,UC-044; formation-history:H3:ecd0fd8; `b484708608b0` / H3; derived object: FR-014 AC-3"	"none-found-within-r05-pass"	"not-approved"	"authoritative-upstream-version;named-approver;approval-date;approved-scope;version-or-sha256-binding"
"R05-A0202"	"R05"	"R05-40"	"requirement-documents/05-test-cases/01-site-operations/tc-040-reclose-curtain-confirm-clear-restore-idle.md"	"b484708608b0f5bb5b84d23e2f2f0c9d409e3acf1e2ac2a411fa847cca951867"	"line 29"	"TC-040 重新关闭光幕确认清空，恢复空闲并记录 > Verifies 验证对象"	"[[fr-014-slot-reopen-residue-clearance-confirm-and-state-restoration|FR-014]] AC-3"	"[[fr-014-slot-reopen-residue-clearance-confirm-and-state-restoration|FR-014]] AC-3"	"a6ecea88086a6324d461357423ed7307e9915b3d76cfc5cb726c619d897f3d52"	"verification-traceability-evidence"	"unapproved-unexecuted-internal-derived-acceptance-draft"	"8005-site-operation-and-stop-closure"	"evidence-only"	"document-route:R05-C1; scenario:TC-040; scenario-role:verification; upstream-fr:FR-014; upstream-uc:UC-010,UC-044; formation-history:H3:ecd0fd8; `b484708608b0` / H3; derived object: FR-014 AC-3"	"none-found-within-r05-pass"	"not-approved"	"authoritative-upstream-version;named-approver;approval-date;approved-scope;version-or-sha256-binding"
"R05-A0203"	"R05"	"R05-41"	"requirement-documents/05-test-cases/01-site-operations/tc-041-reclose-residue-remains-require-reopen-again.md"	"10673ab1076c5d49dbabd7ee90d2b1c5b34d2252a811f4c26ee55012c0d9a5d0"	"line 17"	"TC-041 重新关闭后仍有残留，要求再次打开 > Preconditions 前置条件"	"操作员重新关闭该仓位仓门后，光幕仍检测到产品残留。"	"操作员重新关闭该仓位仓门后，光幕仍检测到产品残留。"	"c1380c219f6d9e22dbea292cf22a3aa2307525b9ac94551b99a8c72d3826e9e7"	"safety-hardware-acceptance-candidate"	"unapproved-unexecuted-internal-derived-acceptance-draft"	"8005-site-safety-slot-hardware-and-recovery"	"needs-safety-hardware-authority-and-explicit-approval"	"document-route:R05-C1; scenario:TC-041; scenario-role:precondition; upstream-fr:FR-014; upstream-uc:UC-044; formation-history:H1:ecd0fd8-to-493ac5a; `10673ab1076c` / H1; derived object: FR-014 AC-4"	"none-found-within-r05-pass"	"not-approved"	"hardware-and-IO-version-binding;safety-or-hardware-owner;risk-review-evidence;authoritative-upstream-version;named-approver;approval-date;approved-scope;version-or-sha256-binding"
"R05-A0204"	"R05"	"R05-41"	"requirement-documents/05-test-cases/01-site-operations/tc-041-reclose-residue-remains-require-reopen-again.md"	"10673ab1076c5d49dbabd7ee90d2b1c5b34d2252a811f4c26ee55012c0d9a5d0"	"line 21"	"TC-041 重新关闭后仍有残留，要求再次打开 > Test Steps 测试步骤"	"系统执行重新关闭后核验。"	"系统执行重新关闭后核验。"	"212c4f439bc8b38bb30568bfca37eb24b9ebe77cb3be3e5b11bb4da445d52898"	"business-acceptance-action-candidate"	"unapproved-unexecuted-internal-derived-acceptance-draft"	"8005-site-operation-and-stop-closure"	"needs-upstream-source-and-explicit-approval"	"document-route:R05-C1; scenario:TC-041; scenario-role:action; upstream-fr:FR-014; upstream-uc:UC-044; formation-history:H1:ecd0fd8-to-493ac5a; `10673ab1076c` / H1; derived object: FR-014 AC-4; exact-duplicate-of:R05-A0199"	"none-found-within-r05-pass"	"not-approved"	"authoritative-upstream-version;named-approver;approval-date;approved-scope;version-or-sha256-binding"
"R05-A0205"	"R05"	"R05-41"	"requirement-documents/05-test-cases/01-site-operations/tc-041-reclose-residue-remains-require-reopen-again.md"	"10673ab1076c5d49dbabd7ee90d2b1c5b34d2252a811f4c26ee55012c0d9a5d0"	"line 25"	"TC-041 重新关闭后仍有残留，要求再次打开 > Expected Result 预期结果"	"系统提示该仓位取出仍未完成并自动再次弹开仓门，重复处理直至光幕确认已清空；"	"系统提示该仓位取出仍未完成并自动再次弹开仓门，重复处理直至光幕确认已清空；不设强制放行次数上限，UNKNOWN 时暂停恢复（对应 [[uc-044-reopen-slot-after-incomplete-retrieval|UC-044]] Exception Flow E6.1）。"	"f74f7c82cb2be02654d5834b9cc6800626a4b8e54818edf5606d0f8ed12a9f6f"	"safety-hardware-acceptance-candidate"	"unapproved-unexecuted-internal-derived-acceptance-draft"	"8005-site-safety-slot-hardware-and-recovery"	"needs-safety-hardware-authority-and-explicit-approval"	"document-route:R05-C1; scenario:TC-041; scenario-role:outcome; upstream-fr:FR-014; upstream-uc:UC-044; formation-history:H1:ecd0fd8-to-493ac5a; `10673ab1076c` / H1; derived object: FR-014 AC-4"	"none-found-within-r05-pass"	"not-approved"	"hardware-and-IO-version-binding;safety-or-hardware-owner;risk-review-evidence;authoritative-upstream-version;named-approver;approval-date;approved-scope;version-or-sha256-binding"
"R05-A0206"	"R05"	"R05-41"	"requirement-documents/05-test-cases/01-site-operations/tc-041-reclose-residue-remains-require-reopen-again.md"	"10673ab1076c5d49dbabd7ee90d2b1c5b34d2252a811f4c26ee55012c0d9a5d0"	"line 25"	"TC-041 重新关闭后仍有残留，要求再次打开 > Expected Result 预期结果"	"不设强制放行次数上限，UNKNOWN 时暂停恢复（对应 [[uc-044-reopen-slot-after-incomplete-retrieval|UC-044]] Exception Flow E6.1）。"	"系统提示该仓位取出仍未完成并自动再次弹开仓门，重复处理直至光幕确认已清空；不设强制放行次数上限，UNKNOWN 时暂停恢复（对应 [[uc-044-reopen-slot-after-incomplete-retrieval|UC-044]] Exception Flow E6.1）。"	"0ae81da7678c774a103c17553935de391bd5d6af4c9db18176f341c5cede7f68"	"safety-hardware-acceptance-candidate"	"unapproved-unexecuted-internal-derived-acceptance-draft"	"8005-site-safety-slot-hardware-and-recovery"	"needs-safety-hardware-authority-and-explicit-approval"	"document-route:R05-C1; scenario:TC-041; scenario-role:outcome; upstream-fr:FR-014; upstream-uc:UC-044; formation-history:H1:ecd0fd8-to-493ac5a; `10673ab1076c` / H1; derived object: FR-014 AC-4"	"none-found-within-r05-pass"	"not-approved"	"hardware-and-IO-version-binding;safety-or-hardware-owner;risk-review-evidence;authoritative-upstream-version;named-approver;approval-date;approved-scope;version-or-sha256-binding"
"R05-A0207"	"R05"	"R05-41"	"requirement-documents/05-test-cases/01-site-operations/tc-041-reclose-residue-remains-require-reopen-again.md"	"10673ab1076c5d49dbabd7ee90d2b1c5b34d2252a811f4c26ee55012c0d9a5d0"	"line 29"	"TC-041 重新关闭后仍有残留，要求再次打开 > Verifies 验证对象"	"[[fr-014-slot-reopen-residue-clearance-confirm-and-state-restoration|FR-014]] AC-4"	"[[fr-014-slot-reopen-residue-clearance-confirm-and-state-restoration|FR-014]] AC-4"	"3aa12cbdab810c5591edcac10eb2d5ee691636132889f58611ff0a53be625794"	"verification-traceability-evidence"	"unapproved-unexecuted-internal-derived-acceptance-draft"	"8005-site-operation-and-stop-closure"	"evidence-only"	"document-route:R05-C1; scenario:TC-041; scenario-role:verification; upstream-fr:FR-014; upstream-uc:UC-044; formation-history:H1:ecd0fd8-to-493ac5a; `10673ab1076c` / H1; derived object: FR-014 AC-4"	"none-found-within-r05-pass"	"not-approved"	"authoritative-upstream-version;named-approver;approval-date;approved-scope;version-or-sha256-binding"
"R05-A0208"	"R05"	"R05-42"	"requirement-documents/05-test-cases/01-site-operations/tc-098-cancel-occupancy-mismatch-auto-reopen.md"	"f0fe7ba0822bb83aa2a90bd9222dad7af43192a8428f29b5fb1b93c7d899dfeb"	"line 17"	"TC-098 取消清空占用不符自动重开 > Preconditions 前置条件"	"某取消目标仓位要求 EMPTY；"	"某取消目标仓位要求 EMPTY；操作员关门后锁闭反馈有效，但光幕稳定为 OCCUPIED。"	"e224d2468aaf54a050dcc5cc4fd8d1f66ea2cbfad424bc992acdb5b5701bc7a0"	"business-acceptance-precondition-candidate"	"unapproved-unexecuted-internal-derived-acceptance-draft"	"8005-site-operation-and-stop-closure"	"needs-upstream-source-and-explicit-approval"	"document-route:R05-C2; scenario:TC-098; scenario-role:precondition; upstream-fr:FR-007; upstream-uc:UC-006; formation-history:H2:493ac5a; `f0fe7ba0822b` / H2; derived object: FR-007 AC-4"	"none-found-within-r05-pass"	"not-approved"	"authoritative-upstream-version;named-approver;approval-date;approved-scope;version-or-sha256-binding"
"R05-A0209"	"R05"	"R05-42"	"requirement-documents/05-test-cases/01-site-operations/tc-098-cancel-occupancy-mismatch-auto-reopen.md"	"f0fe7ba0822bb83aa2a90bd9222dad7af43192a8428f29b5fb1b93c7d899dfeb"	"line 17"	"TC-098 取消清空占用不符自动重开 > Preconditions 前置条件"	"操作员关门后锁闭反馈有效，但光幕稳定为 OCCUPIED。"	"某取消目标仓位要求 EMPTY；操作员关门后锁闭反馈有效，但光幕稳定为 OCCUPIED。"	"f24b367b886b76f2c14394627f6a253b82d24ef89ba015fd089f8e195d72a01c"	"safety-hardware-acceptance-candidate"	"unapproved-unexecuted-internal-derived-acceptance-draft"	"8005-site-safety-slot-hardware-and-recovery"	"needs-safety-hardware-authority-and-explicit-approval"	"document-route:R05-C2; scenario:TC-098; scenario-role:precondition; upstream-fr:FR-007; upstream-uc:UC-006; formation-history:H2:493ac5a; `f0fe7ba0822b` / H2; derived object: FR-007 AC-4"	"none-found-within-r05-pass"	"not-approved"	"hardware-and-IO-version-binding;safety-or-hardware-owner;risk-review-evidence;authoritative-upstream-version;named-approver;approval-date;approved-scope;version-or-sha256-binding"
"R05-A0210"	"R05"	"R05-42"	"requirement-documents/05-test-cases/01-site-operations/tc-098-cancel-occupancy-mismatch-auto-reopen.md"	"f0fe7ba0822bb83aa2a90bd9222dad7af43192a8428f29b5fb1b93c7d899dfeb"	"line 21"	"TC-098 取消清空占用不符自动重开 > Test Steps 测试步骤"	"车载端执行取消清空目标态闭环。"	"车载端执行取消清空目标态闭环。"	"6e1a4025e57567b261ffaf6847ab32feed484f62a2cbd5c106aa2863619cc564"	"interface-integration-acceptance-candidate"	"unapproved-unexecuted-internal-derived-acceptance-draft"	"8005-onboard-server-MES-interface"	"needs-interface-owner-source-and-explicit-approval"	"document-route:R05-C2; scenario:TC-098; scenario-role:action; upstream-fr:FR-007; upstream-uc:UC-006; formation-history:H2:493ac5a; `f0fe7ba0822b` / H2; derived object: FR-007 AC-4"	"none-found-within-r05-pass"	"not-approved"	"controlled-interface-version;interface-owner;authoritative-upstream-version;named-approver;approval-date;approved-scope;version-or-sha256-binding"
"R05-A0211"	"R05"	"R05-42"	"requirement-documents/05-test-cases/01-site-operations/tc-098-cancel-occupancy-mismatch-auto-reopen.md"	"f0fe7ba0822bb83aa2a90bd9222dad7af43192a8428f29b5fb1b93c7d899dfeb"	"line 25"	"TC-098 取消清空占用不符自动重开 > Expected Result 预期结果"	"系统自动再次弹开该仓门并提示继续取出，不设强制放行次数上限；"	"系统自动再次弹开该仓门并提示继续取出，不设强制放行次数上限；状态为 UNKNOWN 时暂停恢复，不自动循环。"	"a7eaa03c122c40f2604bcde18a9b3cdf459f04e25b90dc3f4b9c023ec57c1df1"	"operator-HMI-acceptance-candidate"	"unapproved-unexecuted-internal-derived-acceptance-draft"	"8005-onboard-HMI-and-site-operation"	"needs-operator-product-owner-and-explicit-approval"	"document-route:R05-C2; scenario:TC-098; scenario-role:outcome; upstream-fr:FR-007; upstream-uc:UC-006; formation-history:H2:493ac5a; `f0fe7ba0822b` / H2; derived object: FR-007 AC-4"	"none-found-within-r05-pass"	"not-approved"	"operator-or-product-owner;project-station-or-configuration-scope;authoritative-upstream-version;named-approver;approval-date;approved-scope;version-or-sha256-binding"
"R05-A0212"	"R05"	"R05-42"	"requirement-documents/05-test-cases/01-site-operations/tc-098-cancel-occupancy-mismatch-auto-reopen.md"	"f0fe7ba0822bb83aa2a90bd9222dad7af43192a8428f29b5fb1b93c7d899dfeb"	"line 25"	"TC-098 取消清空占用不符自动重开 > Expected Result 预期结果"	"状态为 UNKNOWN 时暂停恢复，不自动循环。"	"系统自动再次弹开该仓门并提示继续取出，不设强制放行次数上限；状态为 UNKNOWN 时暂停恢复，不自动循环。"	"162cdaa7a8c214022ae87097623692413616ca05314fe31d154c13e66fcd72ed"	"safety-hardware-acceptance-candidate"	"unapproved-unexecuted-internal-derived-acceptance-draft"	"8005-site-safety-slot-hardware-and-recovery"	"needs-safety-hardware-authority-and-explicit-approval"	"document-route:R05-C2; scenario:TC-098; scenario-role:outcome; upstream-fr:FR-007; upstream-uc:UC-006; formation-history:H2:493ac5a; `f0fe7ba0822b` / H2; derived object: FR-007 AC-4"	"none-found-within-r05-pass"	"not-approved"	"hardware-and-IO-version-binding;safety-or-hardware-owner;risk-review-evidence;authoritative-upstream-version;named-approver;approval-date;approved-scope;version-or-sha256-binding"
"R05-A0213"	"R05"	"R05-42"	"requirement-documents/05-test-cases/01-site-operations/tc-098-cancel-occupancy-mismatch-auto-reopen.md"	"f0fe7ba0822bb83aa2a90bd9222dad7af43192a8428f29b5fb1b93c7d899dfeb"	"line 29"	"TC-098 取消清空占用不符自动重开 > Verifies 验证对象"	"[[fr-007-task-cancellation-eligibility-check-and-state-rollback|FR-007]] AC-4"	"[[fr-007-task-cancellation-eligibility-check-and-state-rollback|FR-007]] AC-4"	"b7aba7e159d005d356cfded4e8d0851db8e231e2cd76a7d9ae43b7d888e6da12"	"verification-traceability-evidence"	"unapproved-unexecuted-internal-derived-acceptance-draft"	"8005-site-operation-and-stop-closure"	"evidence-only"	"document-route:R05-C2; scenario:TC-098; scenario-role:verification; upstream-fr:FR-007; upstream-uc:UC-006; formation-history:H2:493ac5a; `f0fe7ba0822b` / H2; derived object: FR-007 AC-4"	"none-found-within-r05-pass"	"not-approved"	"authoritative-upstream-version;named-approver;approval-date;approved-scope;version-or-sha256-binding"
"R05-A0214"	"R05"	"R05-43"	"requirement-documents/05-test-cases/01-site-operations/tc-099-postcommit-cancel-preserves-history.md"	"424c0b9ae294fc725a87a182c94b4582a7ffbd84e1a801a8cab42fc3620b01d6"	"line 17"	"TC-099 正式提交后取消保留历史 > Preconditions 前置条件"	"LoadBatch 已自动提交，但 StopClosureCommit 尚未发生。"	"LoadBatch 已自动提交，但 StopClosureCommit 尚未发生。"	"cb1d0d1d09b3793bffa409d5a5e4742e8438ab665667ccd7384e011147c47b9b"	"internal-state-or-architecture-derivation"	"unapproved-unexecuted-internal-derived-acceptance-draft"	"8005-internal-site-operation-state-model"	"exclude-from-requirement-approval"	"document-route:R05-C2; scenario:TC-099; scenario-role:precondition; upstream-fr:FR-007; upstream-uc:UC-002,UC-006; formation-history:H2:493ac5a; `424c0b9ae294` / H2; derived object: FR-007 AC-5"	"none-found-within-r05-pass"	"not-approved"	"authoritative-requirement-source;independent-approval-unit-reframing;authoritative-upstream-version;named-approver;approval-date;approved-scope;version-or-sha256-binding"
"R05-A0215"	"R05"	"R05-43"	"requirement-documents/05-test-cases/01-site-operations/tc-099-postcommit-cancel-preserves-history.md"	"424c0b9ae294fc725a87a182c94b4582a7ffbd84e1a801a8cab42fc3620b01d6"	"line 21"	"TC-099 正式提交后取消保留历史 > Test Steps 测试步骤"	"操作员完成该 DemandId 的清空并取消。"	"操作员完成该 DemandId 的清空并取消。"	"e893f4fc8322803716d4ac5e25a3d8f301dffe551ea3e34432fa0181254bb3b2"	"business-acceptance-action-candidate"	"unapproved-unexecuted-internal-derived-acceptance-draft"	"8005-site-operation-and-stop-closure"	"needs-upstream-source-and-explicit-approval"	"document-route:R05-C2; scenario:TC-099; scenario-role:action; upstream-fr:FR-007; upstream-uc:UC-002,UC-006; formation-history:H2:493ac5a; `424c0b9ae294` / H2; derived object: FR-007 AC-5"	"none-found-within-r05-pass"	"not-approved"	"authoritative-upstream-version;named-approver;approval-date;approved-scope;version-or-sha256-binding"
"R05-A0216"	"R05"	"R05-43"	"requirement-documents/05-test-cases/01-site-operations/tc-099-postcommit-cancel-preserves-history.md"	"424c0b9ae294fc725a87a182c94b4582a7ffbd84e1a801a8cab42fc3620b01d6"	"line 25"	"TC-099 正式提交后取消保留历史 > Expected Result 预期结果"	"最终有效状态变为 CANCELLED_BY_OPERATOR；"	"最终有效状态变为 CANCELLED_BY_OPERATOR；原确认人、原提交事实、取消操作和逐仓清空证据全部保留，不删除或覆盖历史。"	"6f6d5c6f6244fa3cee4e651e76f938b2416f03951e2b5218462f0c9d7deb1945"	"business-acceptance-outcome-candidate"	"unapproved-unexecuted-internal-derived-acceptance-draft"	"8005-site-operation-and-stop-closure"	"needs-upstream-source-and-explicit-approval"	"document-route:R05-C2; scenario:TC-099; scenario-role:outcome; upstream-fr:FR-007; upstream-uc:UC-002,UC-006; formation-history:H2:493ac5a; `424c0b9ae294` / H2; derived object: FR-007 AC-5"	"none-found-within-r05-pass"	"not-approved"	"authoritative-upstream-version;named-approver;approval-date;approved-scope;version-or-sha256-binding"
"R05-A0217"	"R05"	"R05-43"	"requirement-documents/05-test-cases/01-site-operations/tc-099-postcommit-cancel-preserves-history.md"	"424c0b9ae294fc725a87a182c94b4582a7ffbd84e1a801a8cab42fc3620b01d6"	"line 25"	"TC-099 正式提交后取消保留历史 > Expected Result 预期结果"	"原确认人、原提交事实、取消操作和逐仓清空证据全部保留，不删除或覆盖历史。"	"最终有效状态变为 CANCELLED_BY_OPERATOR；原确认人、原提交事实、取消操作和逐仓清空证据全部保留，不删除或覆盖历史。"	"7677135ec68819334c25e6f0772431959119f55ffa5592c374d3d966cc553777"	"business-acceptance-outcome-candidate"	"unapproved-unexecuted-internal-derived-acceptance-draft"	"8005-site-operation-and-stop-closure"	"needs-upstream-source-and-explicit-approval"	"document-route:R05-C2; scenario:TC-099; scenario-role:outcome; upstream-fr:FR-007; upstream-uc:UC-002,UC-006; formation-history:H2:493ac5a; `424c0b9ae294` / H2; derived object: FR-007 AC-5"	"none-found-within-r05-pass"	"not-approved"	"authoritative-upstream-version;named-approver;approval-date;approved-scope;version-or-sha256-binding"
"R05-A0218"	"R05"	"R05-43"	"requirement-documents/05-test-cases/01-site-operations/tc-099-postcommit-cancel-preserves-history.md"	"424c0b9ae294fc725a87a182c94b4582a7ffbd84e1a801a8cab42fc3620b01d6"	"line 29"	"TC-099 正式提交后取消保留历史 > Verifies 验证对象"	"[[fr-007-task-cancellation-eligibility-check-and-state-rollback|FR-007]] AC-5"	"[[fr-007-task-cancellation-eligibility-check-and-state-rollback|FR-007]] AC-5"	"31d8f81aa005709654d49bc3e2759bdb194336a66c7b790a0e012bfcf4cd9b7b"	"verification-traceability-evidence"	"unapproved-unexecuted-internal-derived-acceptance-draft"	"8005-site-operation-and-stop-closure"	"evidence-only"	"document-route:R05-C2; scenario:TC-099; scenario-role:verification; upstream-fr:FR-007; upstream-uc:UC-002,UC-006; formation-history:H2:493ac5a; `424c0b9ae294` / H2; derived object: FR-007 AC-5"	"none-found-within-r05-pass"	"not-approved"	"authoritative-upstream-version;named-approver;approval-date;approved-scope;version-or-sha256-binding"
"R05-A0219"	"R05"	"R05-44"	"requirement-documents/05-test-cases/01-site-operations/tc-100-cancel-one-sublot-preserves-another.md"	"dc164aae39236bef618c7db30bd91364db1a35bb99d28049c8434697b1e0e24e"	"line 17"	"TC-100 取消一个 SUBLOT 保留另一个 > Preconditions 前置条件"	"SUBLOT-A 已装入仓位 1、2，SUBLOT-B 已装入仓位 3、4；"	"SUBLOT-A 已装入仓位 1、2，SUBLOT-B 已装入仓位 3、4；两批均处于稳定状态，车辆未离站。"	"401a8ee2dfe512d0ffcffb1128d654e0fd5b330873aea68a25c338bf5153d539"	"business-acceptance-precondition-candidate"	"unapproved-unexecuted-internal-derived-acceptance-draft"	"8005-site-operation-and-stop-closure"	"needs-upstream-source-and-explicit-approval"	"document-route:R05-C2; scenario:TC-100; scenario-role:precondition; upstream-fr:FR-007; upstream-uc:UC-006; formation-history:H2:493ac5a; `dc164aae3923` / H2; derived object: FR-007 AC-6"	"none-found-within-r05-pass"	"not-approved"	"authoritative-upstream-version;named-approver;approval-date;approved-scope;version-or-sha256-binding"
"R05-A0220"	"R05"	"R05-44"	"requirement-documents/05-test-cases/01-site-operations/tc-100-cancel-one-sublot-preserves-another.md"	"dc164aae39236bef618c7db30bd91364db1a35bb99d28049c8434697b1e0e24e"	"line 17"	"TC-100 取消一个 SUBLOT 保留另一个 > Preconditions 前置条件"	"两批均处于稳定状态，车辆未离站。"	"SUBLOT-A 已装入仓位 1、2，SUBLOT-B 已装入仓位 3、4；两批均处于稳定状态，车辆未离站。"	"32efacfc0a683a7d1bbe6dd227338a485304250aa7573d00566ca97e36ff8842"	"business-acceptance-precondition-candidate"	"unapproved-unexecuted-internal-derived-acceptance-draft"	"8005-site-operation-and-stop-closure"	"needs-upstream-source-and-explicit-approval"	"document-route:R05-C2; scenario:TC-100; scenario-role:precondition; upstream-fr:FR-007; upstream-uc:UC-006; formation-history:H2:493ac5a; `dc164aae3923` / H2; derived object: FR-007 AC-6"	"none-found-within-r05-pass"	"not-approved"	"authoritative-upstream-version;named-approver;approval-date;approved-scope;version-or-sha256-binding"
"R05-A0221"	"R05"	"R05-44"	"requirement-documents/05-test-cases/01-site-operations/tc-100-cancel-one-sublot-preserves-another.md"	"dc164aae39236bef618c7db30bd91364db1a35bb99d28049c8434697b1e0e24e"	"line 21"	"TC-100 取消一个 SUBLOT 保留另一个 > Test Steps 测试步骤"	"操作员选择 A 的 DemandId，执行“清空并取消”。"	"操作员选择 A 的 DemandId，执行“清空并取消”。"	"a69c0d2a89fc92b9c2f2d4fd630b567f747963d8af27de2c584135db68c9aaf3"	"business-acceptance-action-candidate"	"unapproved-unexecuted-internal-derived-acceptance-draft"	"8005-site-operation-and-stop-closure"	"needs-upstream-source-and-explicit-approval"	"document-route:R05-C2; scenario:TC-100; scenario-role:action; upstream-fr:FR-007; upstream-uc:UC-006; formation-history:H2:493ac5a; `dc164aae3923` / H2; derived object: FR-007 AC-6"	"none-found-within-r05-pass"	"not-approved"	"authoritative-upstream-version;named-approver;approval-date;approved-scope;version-or-sha256-binding"
"R05-A0222"	"R05"	"R05-44"	"requirement-documents/05-test-cases/01-site-operations/tc-100-cancel-one-sublot-preserves-another.md"	"dc164aae39236bef618c7db30bd91364db1a35bb99d28049c8434697b1e0e24e"	"line 25"	"TC-100 取消一个 SUBLOT 保留另一个 > Expected Result 预期结果"	"系统只批量打开并清空仓位 1、2；"	"系统只批量打开并清空仓位 1、2；B 的仓位 3、4、任务、确认记录与业务占用保持不变。"	"04eae83b5ec38f59732056b6fe3e05144082d5568f7b60cabb9b39d7114a7206"	"business-acceptance-outcome-candidate"	"unapproved-unexecuted-internal-derived-acceptance-draft"	"8005-site-operation-and-stop-closure"	"needs-upstream-source-and-explicit-approval"	"document-route:R05-C2; scenario:TC-100; scenario-role:outcome; upstream-fr:FR-007; upstream-uc:UC-006; formation-history:H2:493ac5a; `dc164aae3923` / H2; derived object: FR-007 AC-6"	"none-found-within-r05-pass"	"not-approved"	"authoritative-upstream-version;named-approver;approval-date;approved-scope;version-or-sha256-binding"
"R05-A0223"	"R05"	"R05-44"	"requirement-documents/05-test-cases/01-site-operations/tc-100-cancel-one-sublot-preserves-another.md"	"dc164aae39236bef618c7db30bd91364db1a35bb99d28049c8434697b1e0e24e"	"line 25"	"TC-100 取消一个 SUBLOT 保留另一个 > Expected Result 预期结果"	"B 的仓位 3、4、任务、确认记录与业务占用保持不变。"	"系统只批量打开并清空仓位 1、2；B 的仓位 3、4、任务、确认记录与业务占用保持不变。"	"64ecc3c9ed10a6b265606f50f04fb37be8476e3c4d5f4f1d27ab279b0b87d28c"	"business-acceptance-outcome-candidate"	"unapproved-unexecuted-internal-derived-acceptance-draft"	"8005-site-operation-and-stop-closure"	"needs-upstream-source-and-explicit-approval"	"document-route:R05-C2; scenario:TC-100; scenario-role:outcome; upstream-fr:FR-007; upstream-uc:UC-006; formation-history:H2:493ac5a; `dc164aae3923` / H2; derived object: FR-007 AC-6"	"none-found-within-r05-pass"	"not-approved"	"authoritative-upstream-version;named-approver;approval-date;approved-scope;version-or-sha256-binding"
"R05-A0224"	"R05"	"R05-44"	"requirement-documents/05-test-cases/01-site-operations/tc-100-cancel-one-sublot-preserves-another.md"	"dc164aae39236bef618c7db30bd91364db1a35bb99d28049c8434697b1e0e24e"	"line 29"	"TC-100 取消一个 SUBLOT 保留另一个 > Verifies 验证对象"	"[[fr-007-task-cancellation-eligibility-check-and-state-rollback|FR-007]] AC-6"	"[[fr-007-task-cancellation-eligibility-check-and-state-rollback|FR-007]] AC-6"	"41a4898c52e25fb7791e18cd11de709ae9ec14001cf7de8e7f45af578f89a512"	"verification-traceability-evidence"	"unapproved-unexecuted-internal-derived-acceptance-draft"	"8005-site-operation-and-stop-closure"	"evidence-only"	"document-route:R05-C2; scenario:TC-100; scenario-role:verification; upstream-fr:FR-007; upstream-uc:UC-006; formation-history:H2:493ac5a; `dc164aae3923` / H2; derived object: FR-007 AC-6"	"none-found-within-r05-pass"	"not-approved"	"authoritative-upstream-version;named-approver;approval-date;approved-scope;version-or-sha256-binding"
"R05-A0225"	"R05"	"R05-45"	"requirement-documents/05-test-cases/01-site-operations/tc-101-cross-sublot-operation-serialization.md"	"58e3e0455c1edc26a591f5fa67b302ee7e76fe20b06ac1e13e8e49d7876d01b7"	"line 17"	"TC-101 不同 SUBLOT 物理操作不得穿插 > Preconditions 前置条件"	"SUBLOT-B 正在装货、纠错、补偿或取消；"	"SUBLOT-B 正在装货、纠错、补偿或取消；SUBLOT-A 已装好并可取消。"	"a69ec8f1a4fcd77e267e5a4be41c8d7b719377c5eecd3492d6c09f4a7c87f643"	"business-acceptance-precondition-candidate"	"unapproved-unexecuted-internal-derived-acceptance-draft"	"8005-site-operation-and-stop-closure"	"needs-upstream-source-and-explicit-approval"	"document-route:R05-C2; scenario:TC-101; scenario-role:precondition; upstream-fr:FR-007; upstream-uc:UC-006; formation-history:H2:493ac5a; `58e3e0455c1e` / H2; derived object: FR-007 AC-7"	"none-found-within-r05-pass"	"not-approved"	"authoritative-upstream-version;named-approver;approval-date;approved-scope;version-or-sha256-binding"
"R05-A0226"	"R05"	"R05-45"	"requirement-documents/05-test-cases/01-site-operations/tc-101-cross-sublot-operation-serialization.md"	"58e3e0455c1edc26a591f5fa67b302ee7e76fe20b06ac1e13e8e49d7876d01b7"	"line 17"	"TC-101 不同 SUBLOT 物理操作不得穿插 > Preconditions 前置条件"	"SUBLOT-A 已装好并可取消。"	"SUBLOT-B 正在装货、纠错、补偿或取消；SUBLOT-A 已装好并可取消。"	"4dfe0ef03be868da2ffeff7b665f1d8ea1d96588289b936fd9a7ea0150e06f87"	"business-acceptance-precondition-candidate"	"unapproved-unexecuted-internal-derived-acceptance-draft"	"8005-site-operation-and-stop-closure"	"needs-upstream-source-and-explicit-approval"	"document-route:R05-C2; scenario:TC-101; scenario-role:precondition; upstream-fr:FR-007; upstream-uc:UC-006; formation-history:H2:493ac5a; `58e3e0455c1e` / H2; derived object: FR-007 AC-7"	"none-found-within-r05-pass"	"not-approved"	"authoritative-upstream-version;named-approver;approval-date;approved-scope;version-or-sha256-binding"
"R05-A0227"	"R05"	"R05-45"	"requirement-documents/05-test-cases/01-site-operations/tc-101-cross-sublot-operation-serialization.md"	"58e3e0455c1edc26a591f5fa67b302ee7e76fe20b06ac1e13e8e49d7876d01b7"	"line 21"	"TC-101 不同 SUBLOT 物理操作不得穿插 > Test Steps 测试步骤"	"操作员请求取消 A。"	"操作员请求取消 A。"	"b153e44255692c62da6100a4118d81a75d17e1faa7184dd1fa2eee7cb2533b7a"	"business-acceptance-action-candidate"	"unapproved-unexecuted-internal-derived-acceptance-draft"	"8005-site-operation-and-stop-closure"	"needs-upstream-source-and-explicit-approval"	"document-route:R05-C2; scenario:TC-101; scenario-role:action; upstream-fr:FR-007; upstream-uc:UC-006; formation-history:H2:493ac5a; `58e3e0455c1e` / H2; derived object: FR-007 AC-7"	"none-found-within-r05-pass"	"not-approved"	"authoritative-upstream-version;named-approver;approval-date;approved-scope;version-or-sha256-binding"
"R05-A0228"	"R05"	"R05-45"	"requirement-documents/05-test-cases/01-site-operations/tc-101-cross-sublot-operation-serialization.md"	"58e3e0455c1edc26a591f5fa67b302ee7e76fe20b06ac1e13e8e49d7876d01b7"	"line 25"	"TC-101 不同 SUBLOT 物理操作不得穿插 > Expected Result 预期结果"	"服务端以稳定忙碌原因拒绝授权，不打开 A 的仓位；"	"服务端以稳定忙碌原因拒绝授权，不打开 A 的仓位；B 到达稳定边界后允许重新发起 A 的取消。"	"dd47afddf5dbd1f53c9d7cd9f64d722eb3253f84ae36304ad179af0647299e47"	"interface-integration-acceptance-candidate"	"unapproved-unexecuted-internal-derived-acceptance-draft"	"8005-onboard-server-MES-interface"	"needs-interface-owner-source-and-explicit-approval"	"document-route:R05-C2; scenario:TC-101; scenario-role:outcome; upstream-fr:FR-007; upstream-uc:UC-006; formation-history:H2:493ac5a; `58e3e0455c1e` / H2; derived object: FR-007 AC-7"	"none-found-within-r05-pass"	"not-approved"	"controlled-interface-version;interface-owner;authoritative-upstream-version;named-approver;approval-date;approved-scope;version-or-sha256-binding"
"R05-A0229"	"R05"	"R05-45"	"requirement-documents/05-test-cases/01-site-operations/tc-101-cross-sublot-operation-serialization.md"	"58e3e0455c1edc26a591f5fa67b302ee7e76fe20b06ac1e13e8e49d7876d01b7"	"line 25"	"TC-101 不同 SUBLOT 物理操作不得穿插 > Expected Result 预期结果"	"B 到达稳定边界后允许重新发起 A 的取消。"	"服务端以稳定忙碌原因拒绝授权，不打开 A 的仓位；B 到达稳定边界后允许重新发起 A 的取消。"	"a32c0c274d3a1d462199744609afe725c2b36bd707e0173692dad4f4b256ccab"	"business-acceptance-outcome-candidate"	"unapproved-unexecuted-internal-derived-acceptance-draft"	"8005-site-operation-and-stop-closure"	"needs-upstream-source-and-explicit-approval"	"document-route:R05-C2; scenario:TC-101; scenario-role:outcome; upstream-fr:FR-007; upstream-uc:UC-006; formation-history:H2:493ac5a; `58e3e0455c1e` / H2; derived object: FR-007 AC-7"	"none-found-within-r05-pass"	"not-approved"	"authoritative-upstream-version;named-approver;approval-date;approved-scope;version-or-sha256-binding"
"R05-A0230"	"R05"	"R05-45"	"requirement-documents/05-test-cases/01-site-operations/tc-101-cross-sublot-operation-serialization.md"	"58e3e0455c1edc26a591f5fa67b302ee7e76fe20b06ac1e13e8e49d7876d01b7"	"line 29"	"TC-101 不同 SUBLOT 物理操作不得穿插 > Verifies 验证对象"	"[[fr-007-task-cancellation-eligibility-check-and-state-rollback|FR-007]] AC-7"	"[[fr-007-task-cancellation-eligibility-check-and-state-rollback|FR-007]] AC-7"	"b1daaf5621e9500b6413aa8331b5d03ebcf3cc184036ef2967edc4c87e71f417"	"verification-traceability-evidence"	"unapproved-unexecuted-internal-derived-acceptance-draft"	"8005-site-operation-and-stop-closure"	"evidence-only"	"document-route:R05-C2; scenario:TC-101; scenario-role:verification; upstream-fr:FR-007; upstream-uc:UC-006; formation-history:H2:493ac5a; `58e3e0455c1e` / H2; derived object: FR-007 AC-7"	"none-found-within-r05-pass"	"not-approved"	"authoritative-upstream-version;named-approver;approval-date;approved-scope;version-or-sha256-binding"
"R05-A0231"	"R05"	"R05-46"	"requirement-documents/05-test-cases/01-site-operations/tc-102-cancelled-slots-reused-for-new-sublot.md"	"e451a2e3b2bfe2c17d7aae7be42205aa646d696fd22dfad3fdbe8af521eb745a"	"line 17"	"TC-102 取消释放仓位供新 SUBLOT 复用 > Preconditions 前置条件"	"SUBLOT-A 已完成清空取消，服务端已发布包含取消终态和释放仓位的新版 CurrentStopWorklistSnapshot；"	"SUBLOT-A 已完成清空取消，服务端已发布包含取消终态和释放仓位的新版 CurrentStopWorklistSnapshot；SUBLOT-B 仍保留在其它仓位。"	"acda780140ca74af65519dcbcabc37493a11db538739366058dccec3b75d48c3"	"internal-state-or-architecture-derivation"	"unapproved-unexecuted-internal-derived-acceptance-draft"	"8005-internal-site-operation-state-model"	"exclude-from-requirement-approval"	"document-route:R05-C2; scenario:TC-102; scenario-role:precondition; upstream-fr:FR-007; upstream-uc:UC-001,UC-006; formation-history:H2:493ac5a; `e451a2e3b2bf` / H2; derived object: FR-007 AC-8"	"none-found-within-r05-pass"	"not-approved"	"authoritative-requirement-source;independent-approval-unit-reframing;authoritative-upstream-version;named-approver;approval-date;approved-scope;version-or-sha256-binding"
"R05-A0232"	"R05"	"R05-46"	"requirement-documents/05-test-cases/01-site-operations/tc-102-cancelled-slots-reused-for-new-sublot.md"	"e451a2e3b2bfe2c17d7aae7be42205aa646d696fd22dfad3fdbe8af521eb745a"	"line 17"	"TC-102 取消释放仓位供新 SUBLOT 复用 > Preconditions 前置条件"	"SUBLOT-B 仍保留在其它仓位。"	"SUBLOT-A 已完成清空取消，服务端已发布包含取消终态和释放仓位的新版 CurrentStopWorklistSnapshot；SUBLOT-B 仍保留在其它仓位。"	"29aaa27cf0d1be6cb2be5cc645db12dfec45a3ca4f3a51918f7917de87c9121d"	"business-acceptance-precondition-candidate"	"unapproved-unexecuted-internal-derived-acceptance-draft"	"8005-site-operation-and-stop-closure"	"needs-upstream-source-and-explicit-approval"	"document-route:R05-C2; scenario:TC-102; scenario-role:precondition; upstream-fr:FR-007; upstream-uc:UC-001,UC-006; formation-history:H2:493ac5a; `e451a2e3b2bf` / H2; derived object: FR-007 AC-8"	"none-found-within-r05-pass"	"not-approved"	"authoritative-upstream-version;named-approver;approval-date;approved-scope;version-or-sha256-binding"
"R05-A0233"	"R05"	"R05-46"	"requirement-documents/05-test-cases/01-site-operations/tc-102-cancelled-slots-reused-for-new-sublot.md"	"e451a2e3b2bfe2c17d7aae7be42205aa646d696fd22dfad3fdbe8af521eb745a"	"line 21"	"TC-102 取消释放仓位供新 SUBLOT 复用 > Test Steps 测试步骤"	"操作员提交新的合法 SUBLOT-C。"	"操作员提交新的合法 SUBLOT-C。"	"37b8b9411d0998d47a38a92ffe71d34cb01528b15f325182b4d3d1d42ec753bf"	"business-acceptance-action-candidate"	"unapproved-unexecuted-internal-derived-acceptance-draft"	"8005-site-operation-and-stop-closure"	"needs-upstream-source-and-explicit-approval"	"document-route:R05-C2; scenario:TC-102; scenario-role:action; upstream-fr:FR-007; upstream-uc:UC-001,UC-006; formation-history:H2:493ac5a; `e451a2e3b2bf` / H2; derived object: FR-007 AC-8"	"none-found-within-r05-pass"	"not-approved"	"authoritative-upstream-version;named-approver;approval-date;approved-scope;version-or-sha256-binding"
"R05-A0234"	"R05"	"R05-46"	"requirement-documents/05-test-cases/01-site-operations/tc-102-cancelled-slots-reused-for-new-sublot.md"	"e451a2e3b2bfe2c17d7aae7be42205aa646d696fd22dfad3fdbe8af521eb745a"	"line 25"	"TC-102 取消释放仓位供新 SUBLOT 复用 > Expected Result 预期结果"	"系统允许 C 使用 A 释放的仓位，B 保持不变；"	"系统允许 C 使用 A 释放的仓位，B 保持不变；A 的 DemandId 终态与调度侧 TransportDemandKey 永久抑制保持。MES 继续返回同键候选时 MesIngest 仍照常投影，调度不得创建或恢复业务任务；同一 SUBLOT 以后命中其它任务类型时不受本次抑制影响。"	"1cbf46df164b9e1d18ce1050ec14797150cfe553d31abbb023cc3f7fb6961a8c"	"business-acceptance-outcome-candidate"	"unapproved-unexecuted-internal-derived-acceptance-draft"	"8005-site-operation-and-stop-closure"	"needs-upstream-source-and-explicit-approval"	"document-route:R05-C2; scenario:TC-102; scenario-role:outcome; upstream-fr:FR-007; upstream-uc:UC-001,UC-006; formation-history:H2:493ac5a; `e451a2e3b2bf` / H2; derived object: FR-007 AC-8"	"none-found-within-r05-pass"	"not-approved"	"authoritative-upstream-version;named-approver;approval-date;approved-scope;version-or-sha256-binding"
"R05-A0235"	"R05"	"R05-46"	"requirement-documents/05-test-cases/01-site-operations/tc-102-cancelled-slots-reused-for-new-sublot.md"	"e451a2e3b2bfe2c17d7aae7be42205aa646d696fd22dfad3fdbe8af521eb745a"	"line 25"	"TC-102 取消释放仓位供新 SUBLOT 复用 > Expected Result 预期结果"	"A 的 DemandId 终态与调度侧 TransportDemandKey 永久抑制保持。"	"系统允许 C 使用 A 释放的仓位，B 保持不变；A 的 DemandId 终态与调度侧 TransportDemandKey 永久抑制保持。MES 继续返回同键候选时 MesIngest 仍照常投影，调度不得创建或恢复业务任务；同一 SUBLOT 以后命中其它任务类型时不受本次抑制影响。"	"746e65934e0b0f4d39cf05d2db9b4f260f1e0da987f1e65bbc5ca25b1cbe318c"	"business-acceptance-outcome-candidate"	"unapproved-unexecuted-internal-derived-acceptance-draft"	"8005-site-operation-and-stop-closure"	"hold-for-conflict-decision"	"document-route:R05-C2; scenario:TC-102; scenario-role:outcome; upstream-fr:FR-007; upstream-uc:UC-001,UC-006; formation-history:H2:493ac5a; `e451a2e3b2bf` / H2; derived object: FR-007 AC-8"	"CF-R01-001"	"not-approved"	"authoritative-upstream-version;named-approver;approval-date;approved-scope;version-or-sha256-binding"
"R05-A0236"	"R05"	"R05-46"	"requirement-documents/05-test-cases/01-site-operations/tc-102-cancelled-slots-reused-for-new-sublot.md"	"e451a2e3b2bfe2c17d7aae7be42205aa646d696fd22dfad3fdbe8af521eb745a"	"line 25"	"TC-102 取消释放仓位供新 SUBLOT 复用 > Expected Result 预期结果"	"MES 继续返回同键候选时 MesIngest 仍照常投影，调度不得创建或恢复业务任务；"	"系统允许 C 使用 A 释放的仓位，B 保持不变；A 的 DemandId 终态与调度侧 TransportDemandKey 永久抑制保持。MES 继续返回同键候选时 MesIngest 仍照常投影，调度不得创建或恢复业务任务；同一 SUBLOT 以后命中其它任务类型时不受本次抑制影响。"	"27a5b9ad8d6600a291cf3f3bd2b1e0e8e5b824aa631b97e8634f7e13e8529090"	"internal-state-or-architecture-derivation"	"unapproved-unexecuted-internal-derived-acceptance-draft"	"8005-internal-site-operation-state-model"	"exclude-from-requirement-approval"	"document-route:R05-C2; scenario:TC-102; scenario-role:outcome; upstream-fr:FR-007; upstream-uc:UC-001,UC-006; formation-history:H2:493ac5a; `e451a2e3b2bf` / H2; derived object: FR-007 AC-8"	"none-found-within-r05-pass"	"not-approved"	"authoritative-requirement-source;independent-approval-unit-reframing;authoritative-upstream-version;named-approver;approval-date;approved-scope;version-or-sha256-binding"
"R05-A0237"	"R05"	"R05-46"	"requirement-documents/05-test-cases/01-site-operations/tc-102-cancelled-slots-reused-for-new-sublot.md"	"e451a2e3b2bfe2c17d7aae7be42205aa646d696fd22dfad3fdbe8af521eb745a"	"line 25"	"TC-102 取消释放仓位供新 SUBLOT 复用 > Expected Result 预期结果"	"同一 SUBLOT 以后命中其它任务类型时不受本次抑制影响。"	"系统允许 C 使用 A 释放的仓位，B 保持不变；A 的 DemandId 终态与调度侧 TransportDemandKey 永久抑制保持。MES 继续返回同键候选时 MesIngest 仍照常投影，调度不得创建或恢复业务任务；同一 SUBLOT 以后命中其它任务类型时不受本次抑制影响。"	"64bec97fe2a86478c181148ba077142495d7dd114a06e715c9ebf68d1c35565d"	"business-acceptance-outcome-candidate"	"unapproved-unexecuted-internal-derived-acceptance-draft"	"8005-site-operation-and-stop-closure"	"hold-for-conflict-decision"	"document-route:R05-C2; scenario:TC-102; scenario-role:outcome; upstream-fr:FR-007; upstream-uc:UC-001,UC-006; formation-history:H2:493ac5a; `e451a2e3b2bf` / H2; derived object: FR-007 AC-8"	"CF-R01-001"	"not-approved"	"authoritative-upstream-version;named-approver;approval-date;approved-scope;version-or-sha256-binding"
"R05-A0238"	"R05"	"R05-46"	"requirement-documents/05-test-cases/01-site-operations/tc-102-cancelled-slots-reused-for-new-sublot.md"	"e451a2e3b2bfe2c17d7aae7be42205aa646d696fd22dfad3fdbe8af521eb745a"	"line 29"	"TC-102 取消释放仓位供新 SUBLOT 复用 > Verifies 验证对象"	"[[fr-007-task-cancellation-eligibility-check-and-state-rollback|FR-007]] AC-8"	"[[fr-007-task-cancellation-eligibility-check-and-state-rollback|FR-007]] AC-8"	"e938022368b135175080a5c653ad7f42692bbb409fc0030d3f31fcda1aeb373a"	"verification-traceability-evidence"	"unapproved-unexecuted-internal-derived-acceptance-draft"	"8005-site-operation-and-stop-closure"	"evidence-only"	"document-route:R05-C2; scenario:TC-102; scenario-role:verification; upstream-fr:FR-007; upstream-uc:UC-001,UC-006; formation-history:H2:493ac5a; `e451a2e3b2bf` / H2; derived object: FR-007 AC-8"	"none-found-within-r05-pass"	"not-approved"	"authoritative-upstream-version;named-approver;approval-date;approved-scope;version-or-sha256-binding"
"R05-A0239"	"R05"	"R05-47"	"requirement-documents/05-test-cases/01-site-operations/tc-103-departure-wait-start-and-visual-warning.md"	"f0b404a199ff38440984e5836f409010869da515b24a808a71713ad484b0ea27"	"line 17"	"TC-103 离站等待开始与视觉提醒 > Preconditions 前置条件"	"车辆位于可继续装货站点并满足 StationDepartureWaiting；"	"车辆位于可继续装货站点并满足 StationDepartureWaiting；项目默认等待 5 分钟，当前站无覆盖值。"	"306c7d82ed92959865dce6dbb31253b852609d66169bcfa2f2c809eb3e41d171"	"internal-state-or-architecture-derivation"	"unapproved-unexecuted-internal-derived-acceptance-draft"	"8005-internal-site-operation-state-model"	"exclude-from-requirement-approval"	"document-route:R05-C2; scenario:TC-103; scenario-role:precondition; upstream-fr:FR-031; upstream-uc:UC-046; formation-history:H2:493ac5a; `f0b404a199ff` / H2; derived object: FR-031 AC-1/3/4"	"none-found-within-r05-pass"	"not-approved"	"authoritative-requirement-source;independent-approval-unit-reframing;authoritative-upstream-version;named-approver;approval-date;approved-scope;version-or-sha256-binding"
"R05-A0240"	"R05"	"R05-47"	"requirement-documents/05-test-cases/01-site-operations/tc-103-departure-wait-start-and-visual-warning.md"	"f0b404a199ff38440984e5836f409010869da515b24a808a71713ad484b0ea27"	"line 17"	"TC-103 离站等待开始与视觉提醒 > Preconditions 前置条件"	"项目默认等待 5 分钟，当前站无覆盖值。"	"车辆位于可继续装货站点并满足 StationDepartureWaiting；项目默认等待 5 分钟，当前站无覆盖值。"	"5c0768f6736961bd428b37b98cca8b9b2e1cb784eaeba02ff681ba7864b62421"	"business-acceptance-precondition-candidate"	"unapproved-unexecuted-internal-derived-acceptance-draft"	"8005-site-operation-and-stop-closure"	"needs-upstream-source-and-explicit-approval"	"document-route:R05-C2; scenario:TC-103; scenario-role:precondition; upstream-fr:FR-031; upstream-uc:UC-046; formation-history:H2:493ac5a; `f0b404a199ff` / H2; derived object: FR-031 AC-1/3/4"	"none-found-within-r05-pass"	"not-approved"	"authoritative-upstream-version;named-approver;approval-date;approved-scope;version-or-sha256-binding"
"R05-A0241"	"R05"	"R05-47"	"requirement-documents/05-test-cases/01-site-operations/tc-103-departure-wait-start-and-visual-warning.md"	"f0b404a199ff38440984e5836f409010869da515b24a808a71713ad484b0ea27"	"line 21"	"TC-103 离站等待开始与视觉提醒 > Test Steps 测试步骤"	"服务端建立本轮截止时间。"	"服务端建立本轮截止时间。"	"91306fce44ac5d5efa5ef693478341b2e3369fcc3d89bdc44c8466d346c1ff5f"	"internal-state-or-architecture-derivation"	"unapproved-unexecuted-internal-derived-acceptance-draft"	"8005-internal-site-operation-state-model"	"exclude-from-requirement-approval"	"document-route:R05-C2; scenario:TC-103; scenario-role:action; upstream-fr:FR-031; upstream-uc:UC-046; formation-history:H2:493ac5a; `f0b404a199ff` / H2; derived object: FR-031 AC-1/3/4"	"none-found-within-r05-pass"	"not-approved"	"authoritative-requirement-source;independent-approval-unit-reframing;authoritative-upstream-version;named-approver;approval-date;approved-scope;version-or-sha256-binding"
"R05-A0242"	"R05"	"R05-47"	"requirement-documents/05-test-cases/01-site-operations/tc-103-departure-wait-start-and-visual-warning.md"	"f0b404a199ff38440984e5836f409010869da515b24a808a71713ad484b0ea27"	"line 22"	"TC-103 离站等待开始与视觉提醒 > Test Steps 测试步骤"	"推进服务端时间至剩余 60 秒和 10 秒。"	"推进服务端时间至剩余 60 秒和 10 秒。"	"8b926805d7d277e48bf9e8a271be75b198e8ce86e40707e7a32e93df2db56583"	"interface-integration-acceptance-candidate"	"unapproved-unexecuted-internal-derived-acceptance-draft"	"8005-onboard-server-MES-interface"	"needs-interface-owner-source-and-explicit-approval"	"document-route:R05-C2; scenario:TC-103; scenario-role:action; upstream-fr:FR-031; upstream-uc:UC-046; formation-history:H2:493ac5a; `f0b404a199ff` / H2; derived object: FR-031 AC-1/3/4"	"none-found-within-r05-pass"	"not-approved"	"controlled-interface-version;interface-owner;authoritative-upstream-version;named-approver;approval-date;approved-scope;version-or-sha256-binding"
"R05-A0243"	"R05"	"R05-47"	"requirement-documents/05-test-cases/01-site-operations/tc-103-departure-wait-start-and-visual-warning.md"	"f0b404a199ff38440984e5836f409010869da515b24a808a71713ad484b0ea27"	"line 26"	"TC-103 离站等待开始与视觉提醒 > Expected Result 预期结果"	"车载端全程显示剩余时间和到期取消任务数；"	"车载端全程显示剩余时间和到期取消任务数；最后 60 秒显示黄色，最后 10 秒显示红色并逐秒闪烁；不播放声音、不显示续时入口。"	"00024f0c809f5583108954e90604d433ffd06c19de44a1e620675b974f770dc4"	"operator-HMI-acceptance-candidate"	"unapproved-unexecuted-internal-derived-acceptance-draft"	"8005-onboard-HMI-and-site-operation"	"needs-operator-product-owner-and-explicit-approval"	"document-route:R05-C2; scenario:TC-103; scenario-role:outcome; upstream-fr:FR-031; upstream-uc:UC-046; formation-history:H2:493ac5a; `f0b404a199ff` / H2; derived object: FR-031 AC-1/3/4"	"none-found-within-r05-pass"	"not-approved"	"operator-or-product-owner;project-station-or-configuration-scope;authoritative-upstream-version;named-approver;approval-date;approved-scope;version-or-sha256-binding"
"R05-A0244"	"R05"	"R05-47"	"requirement-documents/05-test-cases/01-site-operations/tc-103-departure-wait-start-and-visual-warning.md"	"f0b404a199ff38440984e5836f409010869da515b24a808a71713ad484b0ea27"	"line 26"	"TC-103 离站等待开始与视觉提醒 > Expected Result 预期结果"	"最后 60 秒显示黄色，最后 10 秒显示红色并逐秒闪烁；"	"车载端全程显示剩余时间和到期取消任务数；最后 60 秒显示黄色，最后 10 秒显示红色并逐秒闪烁；不播放声音、不显示续时入口。"	"8dd4a23ee0dd637cd1d1b232761cfc2163691c239335ca677982979764023d15"	"operator-HMI-acceptance-candidate"	"unapproved-unexecuted-internal-derived-acceptance-draft"	"8005-onboard-HMI-and-site-operation"	"needs-operator-product-owner-and-explicit-approval"	"document-route:R05-C2; scenario:TC-103; scenario-role:outcome; upstream-fr:FR-031; upstream-uc:UC-046; formation-history:H2:493ac5a; `f0b404a199ff` / H2; derived object: FR-031 AC-1/3/4"	"none-found-within-r05-pass"	"not-approved"	"operator-or-product-owner;project-station-or-configuration-scope;authoritative-upstream-version;named-approver;approval-date;approved-scope;version-or-sha256-binding"
"R05-A0245"	"R05"	"R05-47"	"requirement-documents/05-test-cases/01-site-operations/tc-103-departure-wait-start-and-visual-warning.md"	"f0b404a199ff38440984e5836f409010869da515b24a808a71713ad484b0ea27"	"line 26"	"TC-103 离站等待开始与视觉提醒 > Expected Result 预期结果"	"不播放声音、不显示续时入口。"	"车载端全程显示剩余时间和到期取消任务数；最后 60 秒显示黄色，最后 10 秒显示红色并逐秒闪烁；不播放声音、不显示续时入口。"	"f22cc5d3d029517b1c3cb601a1cbb1cf75f2dd8f8a6f33dfb9d4eea4035870a7"	"operator-HMI-acceptance-candidate"	"unapproved-unexecuted-internal-derived-acceptance-draft"	"8005-onboard-HMI-and-site-operation"	"needs-operator-product-owner-and-explicit-approval"	"document-route:R05-C2; scenario:TC-103; scenario-role:outcome; upstream-fr:FR-031; upstream-uc:UC-046; formation-history:H2:493ac5a; `f0b404a199ff` / H2; derived object: FR-031 AC-1/3/4"	"none-found-within-r05-pass"	"not-approved"	"operator-or-product-owner;project-station-or-configuration-scope;authoritative-upstream-version;named-approver;approval-date;approved-scope;version-or-sha256-binding"
"R05-A0246"	"R05"	"R05-47"	"requirement-documents/05-test-cases/01-site-operations/tc-103-departure-wait-start-and-visual-warning.md"	"f0b404a199ff38440984e5836f409010869da515b24a808a71713ad484b0ea27"	"line 30"	"TC-103 离站等待开始与视觉提醒 > Verifies 验证对象"	"FR-031 AC-1、AC-3、AC-4"	"FR-031 AC-1、AC-3、AC-4"	"91fa103de8a5b3c4d45d64c0533a67b694f448783fa9f9bccd676b41990782da"	"verification-traceability-evidence"	"unapproved-unexecuted-internal-derived-acceptance-draft"	"8005-site-operation-and-stop-closure"	"evidence-only"	"document-route:R05-C2; scenario:TC-103; scenario-role:verification; upstream-fr:FR-031; upstream-uc:UC-046; formation-history:H2:493ac5a; `f0b404a199ff` / H2; derived object: FR-031 AC-1/3/4"	"none-found-within-r05-pass"	"not-approved"	"authoritative-upstream-version;named-approver;approval-date;approved-scope;version-or-sha256-binding"
"R05-A0247"	"R05"	"R05-48"	"requirement-documents/05-test-cases/01-site-operations/tc-104-full-interval-reset-on-business-progress.md"	"23e2d9f9600730fb07c92e66de86b5b5c9d6143d670c96a17cf5f0e4340fd666"	"line 17"	"TC-104 有效业务进展后重新计满 > Preconditions 前置条件"	"离站等待只剩 1 分钟。"	"离站等待只剩 1 分钟。"	"5930d604fd8ab6e7f0785b753c61ab07613ca2303b08357f28b8615ca913c9b2"	"business-acceptance-precondition-candidate"	"unapproved-unexecuted-internal-derived-acceptance-draft"	"8005-site-operation-and-stop-closure"	"needs-upstream-source-and-explicit-approval"	"document-route:R05-C2; scenario:TC-104; scenario-role:precondition; upstream-fr:FR-031; upstream-uc:UC-046; formation-history:H2:493ac5a; `23e2d9f96007` / H2; derived object: FR-031 AC-2"	"none-found-within-r05-pass"	"not-approved"	"authoritative-upstream-version;named-approver;approval-date;approved-scope;version-or-sha256-binding"
"R05-A0248"	"R05"	"R05-48"	"requirement-documents/05-test-cases/01-site-operations/tc-104-full-interval-reset-on-business-progress.md"	"23e2d9f9600730fb07c92e66de86b5b5c9d6143d670c96a17cf5f0e4340fd666"	"line 21"	"TC-104 有效业务进展后重新计满 > Test Steps 测试步骤"	"分别验证 LoadBatch 自动提交、LoadCorrection 安全闭环，以及新增待装 DemandId 的新版作业清单被车载确认。"	"分别验证 LoadBatch 自动提交、LoadCorrection 安全闭环，以及新增待装 DemandId 的新版作业清单被车载确认。"	"090e7b7aad88a39c855e79cb46e7ddae05501d7081f0faaf92146a1e6da7aa64"	"safety-hardware-acceptance-candidate"	"unapproved-unexecuted-internal-derived-acceptance-draft"	"8005-site-safety-slot-hardware-and-recovery"	"needs-safety-hardware-authority-and-explicit-approval"	"document-route:R05-C2; scenario:TC-104; scenario-role:action; upstream-fr:FR-031; upstream-uc:UC-046; formation-history:H2:493ac5a; `23e2d9f96007` / H2; derived object: FR-031 AC-2"	"none-found-within-r05-pass"	"not-approved"	"hardware-and-IO-version-binding;safety-or-hardware-owner;risk-review-evidence;authoritative-upstream-version;named-approver;approval-date;approved-scope;version-or-sha256-binding"
"R05-A0249"	"R05"	"R05-48"	"requirement-documents/05-test-cases/01-site-operations/tc-104-full-interval-reset-on-business-progress.md"	"23e2d9f9600730fb07c92e66de86b5b5c9d6143d670c96a17cf5f0e4340fd666"	"line 25"	"TC-104 有效业务进展后重新计满 > Expected Result 预期结果"	"每种事件均建立完整的新 5 分钟期限，不沿用旧的 1 分钟；"	"每种事件均建立完整的新 5 分钟期限，不沿用旧的 1 分钟；普通状态刷新和排序变化不重置。"	"f3d1200b2dd1f1842d578622fdfd2631d7851916f45fab5b42e2600bd32832da"	"business-acceptance-outcome-candidate"	"unapproved-unexecuted-internal-derived-acceptance-draft"	"8005-site-operation-and-stop-closure"	"needs-upstream-source-and-explicit-approval"	"document-route:R05-C2; scenario:TC-104; scenario-role:outcome; upstream-fr:FR-031; upstream-uc:UC-046; formation-history:H2:493ac5a; `23e2d9f96007` / H2; derived object: FR-031 AC-2"	"none-found-within-r05-pass"	"not-approved"	"authoritative-upstream-version;named-approver;approval-date;approved-scope;version-or-sha256-binding"
"R05-A0250"	"R05"	"R05-48"	"requirement-documents/05-test-cases/01-site-operations/tc-104-full-interval-reset-on-business-progress.md"	"23e2d9f9600730fb07c92e66de86b5b5c9d6143d670c96a17cf5f0e4340fd666"	"line 25"	"TC-104 有效业务进展后重新计满 > Expected Result 预期结果"	"普通状态刷新和排序变化不重置。"	"每种事件均建立完整的新 5 分钟期限，不沿用旧的 1 分钟；普通状态刷新和排序变化不重置。"	"d11c103f15194d2415f9f65cd0e8a9b2975e5943ea8c9ab807ecd003a76d2062"	"business-acceptance-outcome-candidate"	"unapproved-unexecuted-internal-derived-acceptance-draft"	"8005-site-operation-and-stop-closure"	"needs-upstream-source-and-explicit-approval"	"document-route:R05-C2; scenario:TC-104; scenario-role:outcome; upstream-fr:FR-031; upstream-uc:UC-046; formation-history:H2:493ac5a; `23e2d9f96007` / H2; derived object: FR-031 AC-2"	"none-found-within-r05-pass"	"not-approved"	"authoritative-upstream-version;named-approver;approval-date;approved-scope;version-or-sha256-binding"
"R05-A0251"	"R05"	"R05-48"	"requirement-documents/05-test-cases/01-site-operations/tc-104-full-interval-reset-on-business-progress.md"	"23e2d9f9600730fb07c92e66de86b5b5c9d6143d670c96a17cf5f0e4340fd666"	"line 29"	"TC-104 有效业务进展后重新计满 > Verifies 验证对象"	"FR-031 AC-2"	"FR-031 AC-2"	"f3d5b34801b018e74add8b0e0f62b55d02b95c230c7d18096b80d3dd95d764a5"	"verification-traceability-evidence"	"unapproved-unexecuted-internal-derived-acceptance-draft"	"8005-site-operation-and-stop-closure"	"evidence-only"	"document-route:R05-C2; scenario:TC-104; scenario-role:verification; upstream-fr:FR-031; upstream-uc:UC-046; formation-history:H2:493ac5a; `23e2d9f96007` / H2; derived object: FR-031 AC-2"	"none-found-within-r05-pass"	"not-approved"	"authoritative-upstream-version;named-approver;approval-date;approved-scope;version-or-sha256-binding"
"R05-A0252"	"R05"	"R05-49"	"requirement-documents/05-test-cases/01-site-operations/tc-105-timeout-cancels-unstarted-tasks-atomically.md"	"69c32b731df234faf1bfddf77320ad90fc6dc8c89807eeb624a2093798fc516c"	"line 17"	"TC-105 超时原子取消本站未开始任务 > Preconditions 前置条件"	"车辆已提交一个 LoadBatch，本站仍有两个尚未开始的待装 DemandId，且持续满足 StationDepartureWaiting。"	"车辆已提交一个 LoadBatch，本站仍有两个尚未开始的待装 DemandId，且持续满足 StationDepartureWaiting。"	"9f88491f20631e3a731dd1c5243512ab023db1a3bc8a739e65752151a95b1400"	"internal-state-or-architecture-derivation"	"unapproved-unexecuted-internal-derived-acceptance-draft"	"8005-internal-site-operation-state-model"	"exclude-from-requirement-approval"	"document-route:R05-C2; scenario:TC-105; scenario-role:precondition; upstream-fr:FR-004,FR-031; upstream-uc:UC-046; formation-history:H2:493ac5a; `69c32b731df2` / H2; derived object: FR-031 AC-5"	"none-found-within-r05-pass"	"not-approved"	"authoritative-requirement-source;independent-approval-unit-reframing;authoritative-upstream-version;named-approver;approval-date;approved-scope;version-or-sha256-binding"
"R05-A0253"	"R05"	"R05-49"	"requirement-documents/05-test-cases/01-site-operations/tc-105-timeout-cancels-unstarted-tasks-atomically.md"	"69c32b731df234faf1bfddf77320ad90fc6dc8c89807eeb624a2093798fc516c"	"line 21"	"TC-105 超时原子取消本站未开始任务 > Test Steps 测试步骤"	"让等待期限届满。"	"让等待期限届满。"	"fd9842b9308d7a9259d818f6e76aae96a57954cc1e398cdd18110a3ee3e0a60e"	"business-acceptance-action-candidate"	"unapproved-unexecuted-internal-derived-acceptance-draft"	"8005-site-operation-and-stop-closure"	"needs-upstream-source-and-explicit-approval"	"document-route:R05-C2; scenario:TC-105; scenario-role:action; upstream-fr:FR-004,FR-031; upstream-uc:UC-046; formation-history:H2:493ac5a; `69c32b731df2` / H2; derived object: FR-031 AC-5"	"none-found-within-r05-pass"	"not-approved"	"authoritative-upstream-version;named-approver;approval-date;approved-scope;version-or-sha256-binding"
"R05-A0254"	"R05"	"R05-49"	"requirement-documents/05-test-cases/01-site-operations/tc-105-timeout-cancels-unstarted-tasks-atomically.md"	"69c32b731df234faf1bfddf77320ad90fc6dc8c89807eeb624a2093798fc516c"	"line 25"	"TC-105 超时原子取消本站未开始任务 > Expected Result 预期结果"	"本站结束与两个任务的 `CANCELLED_BY_STATION_TIMEOUT`、取消抑制和系统审计原子持久化；"	"本站结束与两个任务的 `CANCELLED_BY_STATION_TIMEOUT`、取消抑制和系统审计原子持久化；已提交 LoadBatch 保持不变。任一写入失败时整笔回滚，车辆不离站。"	"fc69b944528077814d7092333b9e1fc2c68e601b65b34c08684740c8993ad7cb"	"internal-state-or-architecture-derivation"	"unapproved-unexecuted-internal-derived-acceptance-draft"	"8005-internal-site-operation-state-model"	"exclude-from-requirement-approval"	"document-route:R05-C2; scenario:TC-105; scenario-role:outcome; upstream-fr:FR-004,FR-031; upstream-uc:UC-046; formation-history:H2:493ac5a; `69c32b731df2` / H2; derived object: FR-031 AC-5"	"CF-R01-001"	"not-approved"	"authoritative-requirement-source;independent-approval-unit-reframing;authoritative-upstream-version;named-approver;approval-date;approved-scope;version-or-sha256-binding"
"R05-A0255"	"R05"	"R05-49"	"requirement-documents/05-test-cases/01-site-operations/tc-105-timeout-cancels-unstarted-tasks-atomically.md"	"69c32b731df234faf1bfddf77320ad90fc6dc8c89807eeb624a2093798fc516c"	"line 25"	"TC-105 超时原子取消本站未开始任务 > Expected Result 预期结果"	"已提交 LoadBatch 保持不变。"	"本站结束与两个任务的 `CANCELLED_BY_STATION_TIMEOUT`、取消抑制和系统审计原子持久化；已提交 LoadBatch 保持不变。任一写入失败时整笔回滚，车辆不离站。"	"1d466cac047ef1a023a0c2cd57a086c355ef20aa1e7522eaba6cad2a959de49a"	"business-acceptance-outcome-candidate"	"unapproved-unexecuted-internal-derived-acceptance-draft"	"8005-site-operation-and-stop-closure"	"needs-upstream-source-and-explicit-approval"	"document-route:R05-C2; scenario:TC-105; scenario-role:outcome; upstream-fr:FR-004,FR-031; upstream-uc:UC-046; formation-history:H2:493ac5a; `69c32b731df2` / H2; derived object: FR-031 AC-5"	"none-found-within-r05-pass"	"not-approved"	"authoritative-upstream-version;named-approver;approval-date;approved-scope;version-or-sha256-binding"
"R05-A0256"	"R05"	"R05-49"	"requirement-documents/05-test-cases/01-site-operations/tc-105-timeout-cancels-unstarted-tasks-atomically.md"	"69c32b731df234faf1bfddf77320ad90fc6dc8c89807eeb624a2093798fc516c"	"line 25"	"TC-105 超时原子取消本站未开始任务 > Expected Result 预期结果"	"任一写入失败时整笔回滚，车辆不离站。"	"本站结束与两个任务的 `CANCELLED_BY_STATION_TIMEOUT`、取消抑制和系统审计原子持久化；已提交 LoadBatch 保持不变。任一写入失败时整笔回滚，车辆不离站。"	"ea279fe970ff63a7e6a703ca080dee470d14947aa54d89c4091189a8039d5ead"	"internal-state-or-architecture-derivation"	"unapproved-unexecuted-internal-derived-acceptance-draft"	"8005-internal-site-operation-state-model"	"exclude-from-requirement-approval"	"document-route:R05-C2; scenario:TC-105; scenario-role:outcome; upstream-fr:FR-004,FR-031; upstream-uc:UC-046; formation-history:H2:493ac5a; `69c32b731df2` / H2; derived object: FR-031 AC-5"	"none-found-within-r05-pass"	"not-approved"	"authoritative-requirement-source;independent-approval-unit-reframing;authoritative-upstream-version;named-approver;approval-date;approved-scope;version-or-sha256-binding"
"R05-A0257"	"R05"	"R05-49"	"requirement-documents/05-test-cases/01-site-operations/tc-105-timeout-cancels-unstarted-tasks-atomically.md"	"69c32b731df234faf1bfddf77320ad90fc6dc8c89807eeb624a2093798fc516c"	"line 29"	"TC-105 超时原子取消本站未开始任务 > Verifies 验证对象"	"FR-031 AC-5"	"FR-031 AC-5"	"c4ad208d827b5bf03b2f0cbc935a46184fd97076f6502e9a6fb1ec1187a7a293"	"verification-traceability-evidence"	"unapproved-unexecuted-internal-derived-acceptance-draft"	"8005-site-operation-and-stop-closure"	"evidence-only"	"document-route:R05-C2; scenario:TC-105; scenario-role:verification; upstream-fr:FR-004,FR-031; upstream-uc:UC-046; formation-history:H2:493ac5a; `69c32b731df2` / H2; derived object: FR-031 AC-5"	"none-found-within-r05-pass"	"not-approved"	"authoritative-upstream-version;named-approver;approval-date;approved-scope;version-or-sha256-binding"
"R05-A0258"	"R05"	"R05-50"	"requirement-documents/05-test-cases/01-site-operations/tc-106-partial-load-inactivity-alert-only.md"	"f7a413ca08a75995f4e67320b6466b580e07f4e1fb25e4dac8f882e2ae081184"	"line 17"	"TC-106 部分装货无进展只告警 > Preconditions 前置条件"	"一个三仓 LoadBatch 只完成一个目标仓位，当前所有仓门暂时锁闭。"	"一个三仓 LoadBatch 只完成一个目标仓位，当前所有仓门暂时锁闭。"	"bb6ddda8c4d3563017a4235a99edf1b2187f1b33089e73e51ea437359021e07d"	"safety-hardware-acceptance-candidate"	"unapproved-unexecuted-internal-derived-acceptance-draft"	"8005-site-safety-slot-hardware-and-recovery"	"needs-safety-hardware-authority-and-explicit-approval"	"document-route:R05-C2; scenario:TC-106; scenario-role:precondition; upstream-fr:FR-031; upstream-uc:UC-001,UC-046; formation-history:H2:493ac5a; `f7a413ca08a7` / H2; derived object: FR-031 AC-7"	"none-found-within-r05-pass"	"not-approved"	"hardware-and-IO-version-binding;safety-or-hardware-owner;risk-review-evidence;authoritative-upstream-version;named-approver;approval-date;approved-scope;version-or-sha256-binding"
"R05-A0259"	"R05"	"R05-50"	"requirement-documents/05-test-cases/01-site-operations/tc-106-partial-load-inactivity-alert-only.md"	"f7a413ca08a75995f4e67320b6466b580e07f4e1fb25e4dac8f882e2ae081184"	"line 21"	"TC-106 部分装货无进展只告警 > Test Steps 测试步骤"	"最后一个完成仓位后保持无物理进展 5 分钟。"	"最后一个完成仓位后保持无物理进展 5 分钟。"	"0dce88dcc62856fe3b362822a73c4274fb61e4fa78ed40f52e20e1db5961bb60"	"business-acceptance-action-candidate"	"unapproved-unexecuted-internal-derived-acceptance-draft"	"8005-site-operation-and-stop-closure"	"needs-upstream-source-and-explicit-approval"	"document-route:R05-C2; scenario:TC-106; scenario-role:action; upstream-fr:FR-031; upstream-uc:UC-001,UC-046; formation-history:H2:493ac5a; `f7a413ca08a7` / H2; derived object: FR-031 AC-7"	"none-found-within-r05-pass"	"not-approved"	"authoritative-upstream-version;named-approver;approval-date;approved-scope;version-or-sha256-binding"
"R05-A0260"	"R05"	"R05-50"	"requirement-documents/05-test-cases/01-site-operations/tc-106-partial-load-inactivity-alert-only.md"	"f7a413ca08a75995f4e67320b6466b580e07f4e1fb25e4dac8f882e2ae081184"	"line 25"	"TC-106 部分装货无进展只告警 > Expected Result 预期结果"	"系统产生“装货中断，需要继续装货或清空取消”告警；"	"系统产生“装货中断，需要继续装货或清空取消”告警；不自动提交 LoadBatch、不取消任务、不执行 StopClosureCommit 或发车。"	"a152d669567a90bddb2e9a05d39cb8c1b12d70de8740518137284960b6880ace"	"business-acceptance-outcome-candidate"	"unapproved-unexecuted-internal-derived-acceptance-draft"	"8005-site-operation-and-stop-closure"	"needs-upstream-source-and-explicit-approval"	"document-route:R05-C2; scenario:TC-106; scenario-role:outcome; upstream-fr:FR-031; upstream-uc:UC-001,UC-046; formation-history:H2:493ac5a; `f7a413ca08a7` / H2; derived object: FR-031 AC-7"	"none-found-within-r05-pass"	"not-approved"	"authoritative-upstream-version;named-approver;approval-date;approved-scope;version-or-sha256-binding"
"R05-A0261"	"R05"	"R05-50"	"requirement-documents/05-test-cases/01-site-operations/tc-106-partial-load-inactivity-alert-only.md"	"f7a413ca08a75995f4e67320b6466b580e07f4e1fb25e4dac8f882e2ae081184"	"line 25"	"TC-106 部分装货无进展只告警 > Expected Result 预期结果"	"不自动提交 LoadBatch、不取消任务、不执行 StopClosureCommit 或发车。"	"系统产生“装货中断，需要继续装货或清空取消”告警；不自动提交 LoadBatch、不取消任务、不执行 StopClosureCommit 或发车。"	"75a0da8e6b533eb314ab74cd6f1762433fcc744d78f30dabfa89abcbc9c9ed01"	"internal-state-or-architecture-derivation"	"unapproved-unexecuted-internal-derived-acceptance-draft"	"8005-internal-site-operation-state-model"	"exclude-from-requirement-approval"	"document-route:R05-C2; scenario:TC-106; scenario-role:outcome; upstream-fr:FR-031; upstream-uc:UC-001,UC-046; formation-history:H2:493ac5a; `f7a413ca08a7` / H2; derived object: FR-031 AC-7"	"none-found-within-r05-pass"	"not-approved"	"authoritative-requirement-source;independent-approval-unit-reframing;authoritative-upstream-version;named-approver;approval-date;approved-scope;version-or-sha256-binding"
"R05-A0262"	"R05"	"R05-50"	"requirement-documents/05-test-cases/01-site-operations/tc-106-partial-load-inactivity-alert-only.md"	"f7a413ca08a75995f4e67320b6466b580e07f4e1fb25e4dac8f882e2ae081184"	"line 29"	"TC-106 部分装货无进展只告警 > Verifies 验证对象"	"FR-031 AC-7"	"FR-031 AC-7"	"c069f583d9703e387cbb86d43fce9a1a863b1d5816e58013ec964174595e1c47"	"verification-traceability-evidence"	"unapproved-unexecuted-internal-derived-acceptance-draft"	"8005-site-operation-and-stop-closure"	"evidence-only"	"document-route:R05-C2; scenario:TC-106; scenario-role:verification; upstream-fr:FR-031; upstream-uc:UC-001,UC-046; formation-history:H2:493ac5a; `f7a413ca08a7` / H2; derived object: FR-031 AC-7"	"none-found-within-r05-pass"	"not-approved"	"authoritative-upstream-version;named-approver;approval-date;approved-scope;version-or-sha256-binding"
"R05-A0263"	"R05"	"R05-51"	"requirement-documents/05-test-cases/01-site-operations/tc-107-unload-blocks-departure-wait.md"	"e4c5adb829984c981b55270983947d4ff315335b4efc78cdd16e99e7de1f2beb"	"line 17"	"TC-107 待卸任务阻断离站等待 > Preconditions 前置条件"	"分别准备纯卸货站，以及仍有待卸任务的装卸混合站。"	"分别准备纯卸货站，以及仍有待卸任务的装卸混合站。"	"6a13a7200babcd4522e98efe7280e50d138adbac0e0bc7db77f3af321945d4b8"	"business-acceptance-precondition-candidate"	"unapproved-unexecuted-internal-derived-acceptance-draft"	"8005-site-operation-and-stop-closure"	"needs-upstream-source-and-explicit-approval"	"document-route:R05-C2; scenario:TC-107; scenario-role:precondition; upstream-fr:FR-031; upstream-uc:UC-010,UC-046; formation-history:H2:493ac5a; `e4c5adb82998` / H2; derived object: FR-031 AC-8"	"none-found-within-r05-pass"	"not-approved"	"authoritative-upstream-version;named-approver;approval-date;approved-scope;version-or-sha256-binding"
"R05-A0264"	"R05"	"R05-51"	"requirement-documents/05-test-cases/01-site-operations/tc-107-unload-blocks-departure-wait.md"	"e4c5adb829984c981b55270983947d4ff315335b4efc78cdd16e99e7de1f2beb"	"line 21"	"TC-107 待卸任务阻断离站等待 > Test Steps 测试步骤"	"使仓位机构暂时 DepartureSafe，并观察离站等待。"	"使仓位机构暂时 DepartureSafe，并观察离站等待。"	"4b0651c4cf90653ce1956241aadc2fcbc5fbf8f89192c3a30a22ea9b0db712bc"	"safety-hardware-acceptance-candidate"	"unapproved-unexecuted-internal-derived-acceptance-draft"	"8005-site-safety-slot-hardware-and-recovery"	"needs-safety-hardware-authority-and-explicit-approval"	"document-route:R05-C2; scenario:TC-107; scenario-role:action; upstream-fr:FR-031; upstream-uc:UC-010,UC-046; formation-history:H2:493ac5a; `e4c5adb82998` / H2; derived object: FR-031 AC-8"	"none-found-within-r05-pass"	"not-approved"	"hardware-and-IO-version-binding;safety-or-hardware-owner;risk-review-evidence;authoritative-upstream-version;named-approver;approval-date;approved-scope;version-or-sha256-binding"
"R05-A0265"	"R05"	"R05-51"	"requirement-documents/05-test-cases/01-site-operations/tc-107-unload-blocks-departure-wait.md"	"e4c5adb829984c981b55270983947d4ff315335b4efc78cdd16e99e7de1f2beb"	"line 25"	"TC-107 待卸任务阻断离站等待 > Expected Result 预期结果"	"待卸任务未完成时不启动离站等待；"	"待卸任务未完成时不启动离站等待；纯卸货站卸完直接结束，混合站完成卸货且服务端裁定仍可继续装货后才启动。"	"9197c13cf2d79381e7ce8142e5b52d67700e081b81355f99c62f59330a203324"	"business-acceptance-outcome-candidate"	"unapproved-unexecuted-internal-derived-acceptance-draft"	"8005-site-operation-and-stop-closure"	"needs-upstream-source-and-explicit-approval"	"document-route:R05-C2; scenario:TC-107; scenario-role:outcome; upstream-fr:FR-031; upstream-uc:UC-010,UC-046; formation-history:H2:493ac5a; `e4c5adb82998` / H2; derived object: FR-031 AC-8"	"none-found-within-r05-pass"	"not-approved"	"authoritative-upstream-version;named-approver;approval-date;approved-scope;version-or-sha256-binding"
"R05-A0266"	"R05"	"R05-51"	"requirement-documents/05-test-cases/01-site-operations/tc-107-unload-blocks-departure-wait.md"	"e4c5adb829984c981b55270983947d4ff315335b4efc78cdd16e99e7de1f2beb"	"line 25"	"TC-107 待卸任务阻断离站等待 > Expected Result 预期结果"	"纯卸货站卸完直接结束，混合站完成卸货且服务端裁定仍可继续装货后才启动。"	"待卸任务未完成时不启动离站等待；纯卸货站卸完直接结束，混合站完成卸货且服务端裁定仍可继续装货后才启动。"	"079abe53242173eb497ee3ea47909ac6d8510059bf0e273729f249009ab55d70"	"interface-integration-acceptance-candidate"	"unapproved-unexecuted-internal-derived-acceptance-draft"	"8005-onboard-server-MES-interface"	"needs-interface-owner-source-and-explicit-approval"	"document-route:R05-C2; scenario:TC-107; scenario-role:outcome; upstream-fr:FR-031; upstream-uc:UC-010,UC-046; formation-history:H2:493ac5a; `e4c5adb82998` / H2; derived object: FR-031 AC-8"	"none-found-within-r05-pass"	"not-approved"	"controlled-interface-version;interface-owner;authoritative-upstream-version;named-approver;approval-date;approved-scope;version-or-sha256-binding"
"R05-A0267"	"R05"	"R05-51"	"requirement-documents/05-test-cases/01-site-operations/tc-107-unload-blocks-departure-wait.md"	"e4c5adb829984c981b55270983947d4ff315335b4efc78cdd16e99e7de1f2beb"	"line 29"	"TC-107 待卸任务阻断离站等待 > Verifies 验证对象"	"FR-031 AC-8"	"FR-031 AC-8"	"78cf9944bda74d08868138dd55c146e0be6758d376808308339386b96792ef00"	"verification-traceability-evidence"	"unapproved-unexecuted-internal-derived-acceptance-draft"	"8005-site-operation-and-stop-closure"	"evidence-only"	"document-route:R05-C2; scenario:TC-107; scenario-role:verification; upstream-fr:FR-031; upstream-uc:UC-010,UC-046; formation-history:H2:493ac5a; `e4c5adb82998` / H2; derived object: FR-031 AC-8"	"none-found-within-r05-pass"	"not-approved"	"authoritative-upstream-version;named-approver;approval-date;approved-scope;version-or-sha256-binding"
"R05-A0268"	"R05"	"R05-52"	"requirement-documents/05-test-cases/01-site-operations/tc-108-disconnect-invalidates-deadline.md"	"74e0f2bb07e519829a992180eceb96a6af396a39c856d7eb8e7233a35d54f036"	"line 17"	"TC-108 断联使截止时间失效 > Preconditions 前置条件"	"离站等待正在倒计时。"	"离站等待正在倒计时。"	"b2f68116ce91a005bb9b70b30b6134fb18600818cfa245155108fa5b88154b42"	"operator-HMI-acceptance-candidate"	"unapproved-unexecuted-internal-derived-acceptance-draft"	"8005-onboard-HMI-and-site-operation"	"needs-operator-product-owner-and-explicit-approval"	"document-route:R05-C2; scenario:TC-108; scenario-role:precondition; upstream-fr:FR-031; upstream-uc:UC-046; formation-history:H2:493ac5a; `74e0f2bb07e5` / H2; derived object: FR-031 AC-9"	"none-found-within-r05-pass"	"not-approved"	"operator-or-product-owner;project-station-or-configuration-scope;authoritative-upstream-version;named-approver;approval-date;approved-scope;version-or-sha256-binding"
"R05-A0269"	"R05"	"R05-52"	"requirement-documents/05-test-cases/01-site-operations/tc-108-disconnect-invalidates-deadline.md"	"74e0f2bb07e519829a992180eceb96a6af396a39c856d7eb8e7233a35d54f036"	"line 21"	"TC-108 断联使截止时间失效 > Test Steps 测试步骤"	"使 VehicleConnectionSession 失效并跨过原截止时间。"	"使 VehicleConnectionSession 失效并跨过原截止时间。"	"2e21acd3de21c15a5eb74350224c935f6ef04ae1b849f29c0834cb6fcd6da0ce"	"internal-state-or-architecture-derivation"	"unapproved-unexecuted-internal-derived-acceptance-draft"	"8005-internal-site-operation-state-model"	"exclude-from-requirement-approval"	"document-route:R05-C2; scenario:TC-108; scenario-role:action; upstream-fr:FR-031; upstream-uc:UC-046; formation-history:H2:493ac5a; `74e0f2bb07e5` / H2; derived object: FR-031 AC-9"	"none-found-within-r05-pass"	"not-approved"	"authoritative-requirement-source;independent-approval-unit-reframing;authoritative-upstream-version;named-approver;approval-date;approved-scope;version-or-sha256-binding"
"R05-A0270"	"R05"	"R05-52"	"requirement-documents/05-test-cases/01-site-operations/tc-108-disconnect-invalidates-deadline.md"	"74e0f2bb07e519829a992180eceb96a6af396a39c856d7eb8e7233a35d54f036"	"line 22"	"TC-108 断联使截止时间失效 > Test Steps 测试步骤"	"恢复连接，完成 RecoveryHandshake 和最新投影对账。"	"恢复连接，完成 RecoveryHandshake 和最新投影对账。"	"ba8a79db2cd602feced10622f5845141633fa3bc453221fe13758eb27d80d254"	"internal-state-or-architecture-derivation"	"unapproved-unexecuted-internal-derived-acceptance-draft"	"8005-internal-site-operation-state-model"	"exclude-from-requirement-approval"	"document-route:R05-C2; scenario:TC-108; scenario-role:action; upstream-fr:FR-031; upstream-uc:UC-046; formation-history:H2:493ac5a; `74e0f2bb07e5` / H2; derived object: FR-031 AC-9"	"none-found-within-r05-pass"	"not-approved"	"authoritative-requirement-source;independent-approval-unit-reframing;authoritative-upstream-version;named-approver;approval-date;approved-scope;version-or-sha256-binding"
"R05-A0271"	"R05"	"R05-52"	"requirement-documents/05-test-cases/01-site-operations/tc-108-disconnect-invalidates-deadline.md"	"74e0f2bb07e519829a992180eceb96a6af396a39c856d7eb8e7233a35d54f036"	"line 26"	"TC-108 断联使截止时间失效 > Expected Result 预期结果"	"断联期间不取消、不发车；"	"断联期间不取消、不发车；恢复后建立完整的新等待期限，不沿用原截止时间。"	"29dd7b38833e3d1553b47ba083c3adae6c10479dbe76b47a74824c9c98c5d84b"	"interface-integration-acceptance-candidate"	"unapproved-unexecuted-internal-derived-acceptance-draft"	"8005-onboard-server-MES-interface"	"needs-interface-owner-source-and-explicit-approval"	"document-route:R05-C2; scenario:TC-108; scenario-role:outcome; upstream-fr:FR-031; upstream-uc:UC-046; formation-history:H2:493ac5a; `74e0f2bb07e5` / H2; derived object: FR-031 AC-9"	"none-found-within-r05-pass"	"not-approved"	"controlled-interface-version;interface-owner;authoritative-upstream-version;named-approver;approval-date;approved-scope;version-or-sha256-binding"
"R05-A0272"	"R05"	"R05-52"	"requirement-documents/05-test-cases/01-site-operations/tc-108-disconnect-invalidates-deadline.md"	"74e0f2bb07e519829a992180eceb96a6af396a39c856d7eb8e7233a35d54f036"	"line 26"	"TC-108 断联使截止时间失效 > Expected Result 预期结果"	"恢复后建立完整的新等待期限，不沿用原截止时间。"	"断联期间不取消、不发车；恢复后建立完整的新等待期限，不沿用原截止时间。"	"d029c5f7b5f63ccfefbc89765a4d2797fb9d82c533dafcf48400d5b38bae9192"	"internal-state-or-architecture-derivation"	"unapproved-unexecuted-internal-derived-acceptance-draft"	"8005-internal-site-operation-state-model"	"exclude-from-requirement-approval"	"document-route:R05-C2; scenario:TC-108; scenario-role:outcome; upstream-fr:FR-031; upstream-uc:UC-046; formation-history:H2:493ac5a; `74e0f2bb07e5` / H2; derived object: FR-031 AC-9"	"none-found-within-r05-pass"	"not-approved"	"authoritative-requirement-source;independent-approval-unit-reframing;authoritative-upstream-version;named-approver;approval-date;approved-scope;version-or-sha256-binding"
"R05-A0273"	"R05"	"R05-52"	"requirement-documents/05-test-cases/01-site-operations/tc-108-disconnect-invalidates-deadline.md"	"74e0f2bb07e519829a992180eceb96a6af396a39c856d7eb8e7233a35d54f036"	"line 30"	"TC-108 断联使截止时间失效 > Verifies 验证对象"	"FR-031 AC-9"	"FR-031 AC-9"	"c9139fc0bbdeea8ae511c3cf3eaad381c3ea611eab38b8d6e89ac6f7ad371c98"	"verification-traceability-evidence"	"unapproved-unexecuted-internal-derived-acceptance-draft"	"8005-site-operation-and-stop-closure"	"evidence-only"	"document-route:R05-C2; scenario:TC-108; scenario-role:verification; upstream-fr:FR-031; upstream-uc:UC-046; formation-history:H2:493ac5a; `74e0f2bb07e5` / H2; derived object: FR-031 AC-9"	"none-found-within-r05-pass"	"not-approved"	"authoritative-upstream-version;named-approver;approval-date;approved-scope;version-or-sha256-binding"
"R05-A0274"	"R05"	"R05-53"	"requirement-documents/05-test-cases/01-site-operations/tc-109-operation-vs-timeout-race.md"	"25938f2759aa4c913e98d66e9c2ed018cc9115d7e20e84b07fae6b1c26fb0533"	"line 17"	"TC-109 装货开始与超时竞态 > Preconditions 前置条件"	"倒计时即将届满，准备同一 DemandId 的合法装货开始请求。"	"倒计时即将届满，准备同一 DemandId 的合法装货开始请求。"	"b4834f4373d77fe324e74580c24bc109712382f3b9600c0987631ee45d42522a"	"operator-HMI-acceptance-candidate"	"unapproved-unexecuted-internal-derived-acceptance-draft"	"8005-onboard-HMI-and-site-operation"	"needs-operator-product-owner-and-explicit-approval"	"document-route:R05-C2; scenario:TC-109; scenario-role:precondition; upstream-fr:FR-031; upstream-uc:UC-046; formation-history:H2:493ac5a; `25938f2759aa` / H2; derived object: FR-031 AC-6"	"none-found-within-r05-pass"	"not-approved"	"operator-or-product-owner;project-station-or-configuration-scope;authoritative-upstream-version;named-approver;approval-date;approved-scope;version-or-sha256-binding"
"R05-A0275"	"R05"	"R05-53"	"requirement-documents/05-test-cases/01-site-operations/tc-109-operation-vs-timeout-race.md"	"25938f2759aa4c913e98d66e9c2ed018cc9115d7e20e84b07fae6b1c26fb0533"	"line 21"	"TC-109 装货开始与超时竞态 > Test Steps 测试步骤"	"分别控制装货开始先持久化和超时结束先持久化。"	"分别控制装货开始先持久化和超时结束先持久化。"	"9cd2ecac85962f9a945cbc9f46323e1466d6ae9f38f12d5b259b60d6b86dcd97"	"internal-state-or-architecture-derivation"	"unapproved-unexecuted-internal-derived-acceptance-draft"	"8005-internal-site-operation-state-model"	"exclude-from-requirement-approval"	"document-route:R05-C2; scenario:TC-109; scenario-role:action; upstream-fr:FR-031; upstream-uc:UC-046; formation-history:H2:493ac5a; `25938f2759aa` / H2; derived object: FR-031 AC-6"	"none-found-within-r05-pass"	"not-approved"	"authoritative-requirement-source;independent-approval-unit-reframing;authoritative-upstream-version;named-approver;approval-date;approved-scope;version-or-sha256-binding"
"R05-A0276"	"R05"	"R05-53"	"requirement-documents/05-test-cases/01-site-operations/tc-109-operation-vs-timeout-race.md"	"25938f2759aa4c913e98d66e9c2ed018cc9115d7e20e84b07fae6b1c26fb0533"	"line 25"	"TC-109 装货开始与超时竞态 > Expected Result 预期结果"	"装货先成功时超时失效；"	"装货先成功时超时失效；超时先成功时新装货请求被拒绝，任务保持取消且不复活；不存在两者同时成功。"	"5a4d54e3c9c69edcd5079d5213193e09cb951afec993d696b34c89846287c279"	"business-acceptance-outcome-candidate"	"unapproved-unexecuted-internal-derived-acceptance-draft"	"8005-site-operation-and-stop-closure"	"needs-upstream-source-and-explicit-approval"	"document-route:R05-C2; scenario:TC-109; scenario-role:outcome; upstream-fr:FR-031; upstream-uc:UC-046; formation-history:H2:493ac5a; `25938f2759aa` / H2; derived object: FR-031 AC-6"	"none-found-within-r05-pass"	"not-approved"	"authoritative-upstream-version;named-approver;approval-date;approved-scope;version-or-sha256-binding"
"R05-A0277"	"R05"	"R05-53"	"requirement-documents/05-test-cases/01-site-operations/tc-109-operation-vs-timeout-race.md"	"25938f2759aa4c913e98d66e9c2ed018cc9115d7e20e84b07fae6b1c26fb0533"	"line 25"	"TC-109 装货开始与超时竞态 > Expected Result 预期结果"	"超时先成功时新装货请求被拒绝，任务保持取消且不复活；"	"装货先成功时超时失效；超时先成功时新装货请求被拒绝，任务保持取消且不复活；不存在两者同时成功。"	"8cc2fb5e99bd393b77d482dbe2603b5901db1fec5dbe5e053c80dd782bc0df52"	"internal-state-or-architecture-derivation"	"unapproved-unexecuted-internal-derived-acceptance-draft"	"8005-internal-site-operation-state-model"	"exclude-from-requirement-approval"	"document-route:R05-C2; scenario:TC-109; scenario-role:outcome; upstream-fr:FR-031; upstream-uc:UC-046; formation-history:H2:493ac5a; `25938f2759aa` / H2; derived object: FR-031 AC-6"	"none-found-within-r05-pass"	"not-approved"	"authoritative-requirement-source;independent-approval-unit-reframing;authoritative-upstream-version;named-approver;approval-date;approved-scope;version-or-sha256-binding"
"R05-A0278"	"R05"	"R05-53"	"requirement-documents/05-test-cases/01-site-operations/tc-109-operation-vs-timeout-race.md"	"25938f2759aa4c913e98d66e9c2ed018cc9115d7e20e84b07fae6b1c26fb0533"	"line 25"	"TC-109 装货开始与超时竞态 > Expected Result 预期结果"	"不存在两者同时成功。"	"装货先成功时超时失效；超时先成功时新装货请求被拒绝，任务保持取消且不复活；不存在两者同时成功。"	"34619cbe7b7cc7adc346bd72006c29e0dfd937b23ad9c0c4cdd1e85898b8773e"	"business-acceptance-outcome-candidate"	"unapproved-unexecuted-internal-derived-acceptance-draft"	"8005-site-operation-and-stop-closure"	"needs-upstream-source-and-explicit-approval"	"document-route:R05-C2; scenario:TC-109; scenario-role:outcome; upstream-fr:FR-031; upstream-uc:UC-046; formation-history:H2:493ac5a; `25938f2759aa` / H2; derived object: FR-031 AC-6"	"none-found-within-r05-pass"	"not-approved"	"authoritative-upstream-version;named-approver;approval-date;approved-scope;version-or-sha256-binding"
"R05-A0279"	"R05"	"R05-53"	"requirement-documents/05-test-cases/01-site-operations/tc-109-operation-vs-timeout-race.md"	"25938f2759aa4c913e98d66e9c2ed018cc9115d7e20e84b07fae6b1c26fb0533"	"line 29"	"TC-109 装货开始与超时竞态 > Verifies 验证对象"	"FR-031 AC-6"	"FR-031 AC-6"	"6e6f37db989045766bf279b3113074ce3e0c1b04b841fb7ee53507ba856e96ff"	"verification-traceability-evidence"	"unapproved-unexecuted-internal-derived-acceptance-draft"	"8005-site-operation-and-stop-closure"	"evidence-only"	"document-route:R05-C2; scenario:TC-109; scenario-role:verification; upstream-fr:FR-031; upstream-uc:UC-046; formation-history:H2:493ac5a; `25938f2759aa` / H2; derived object: FR-031 AC-6"	"none-found-within-r05-pass"	"not-approved"	"authoritative-upstream-version;named-approver;approval-date;approved-scope;version-or-sha256-binding"
"R05-A0280"	"R05"	"R05-54"	"requirement-documents/05-test-cases/01-site-operations/tc-110-post-closure-routing-without-next-stop.md"	"60d7e769b112067507399398410a5ff9cb633c33590c2ab7b70d688e1de5d1d5"	"line 17"	"TC-110 整站结束后无下一站路由 > Preconditions 前置条件"	"StopClosureCommit 已完成且 UpcomingStopPlan 为空。"	"StopClosureCommit 已完成且 UpcomingStopPlan 为空。"	"c2a0664855cd45b8139c895fb5c4a4d114debb501c17e40c0b3241edc2eb826e"	"internal-state-or-architecture-derivation"	"unapproved-unexecuted-internal-derived-acceptance-draft"	"8005-internal-site-operation-state-model"	"exclude-from-requirement-approval"	"document-route:R05-C2; scenario:TC-110; scenario-role:precondition; upstream-fr:FR-031; upstream-uc:UC-041,UC-046; formation-history:H2:493ac5a; `60d7e769b112` / H2; derived object: FR-031 AC-11"	"none-found-within-r05-pass"	"not-approved"	"authoritative-requirement-source;independent-approval-unit-reframing;authoritative-upstream-version;named-approver;approval-date;approved-scope;version-or-sha256-binding"
"R05-A0281"	"R05"	"R05-54"	"requirement-documents/05-test-cases/01-site-operations/tc-110-post-closure-routing-without-next-stop.md"	"60d7e769b112067507399398410a5ff9cb633c33590c2ab7b70d688e1de5d1d5"	"line 21"	"TC-110 整站结束后无下一站路由 > Test Steps 测试步骤"	"分别使用空载车辆和载有已提交 Sublot 的车辆执行后续路由。"	"分别使用空载车辆和载有已提交 Sublot 的车辆执行后续路由。"	"1fde010110340540d30753f4a1baf759863281ab9e0e24bc21a974711e131e9f"	"business-acceptance-action-candidate"	"unapproved-unexecuted-internal-derived-acceptance-draft"	"8005-site-operation-and-stop-closure"	"needs-upstream-source-and-explicit-approval"	"document-route:R05-C2; scenario:TC-110; scenario-role:action; upstream-fr:FR-031; upstream-uc:UC-041,UC-046; formation-history:H2:493ac5a; `60d7e769b112` / H2; derived object: FR-031 AC-11"	"none-found-within-r05-pass"	"not-approved"	"authoritative-upstream-version;named-approver;approval-date;approved-scope;version-or-sha256-binding"
"R05-A0282"	"R05"	"R05-54"	"requirement-documents/05-test-cases/01-site-operations/tc-110-post-closure-routing-without-next-stop.md"	"60d7e769b112067507399398410a5ff9cb633c33590c2ab7b70d688e1de5d1d5"	"line 25"	"TC-110 整站结束后无下一站路由 > Expected Result 预期结果"	"空载车辆进入停车点分配/排队；"	"空载车辆进入停车点分配/排队；载货车辆原地保持并产生调度计划异常告警，不自动前往停车点。"	"69fdbde7e9ae3fe6281f3a5c766ff0287d2f3c3477403f9083264297a7d7183f"	"business-acceptance-outcome-candidate"	"unapproved-unexecuted-internal-derived-acceptance-draft"	"8005-site-operation-and-stop-closure"	"needs-upstream-source-and-explicit-approval"	"document-route:R05-C2; scenario:TC-110; scenario-role:outcome; upstream-fr:FR-031; upstream-uc:UC-041,UC-046; formation-history:H2:493ac5a; `60d7e769b112` / H2; derived object: FR-031 AC-11"	"none-found-within-r05-pass"	"not-approved"	"authoritative-upstream-version;named-approver;approval-date;approved-scope;version-or-sha256-binding"
"R05-A0283"	"R05"	"R05-54"	"requirement-documents/05-test-cases/01-site-operations/tc-110-post-closure-routing-without-next-stop.md"	"60d7e769b112067507399398410a5ff9cb633c33590c2ab7b70d688e1de5d1d5"	"line 25"	"TC-110 整站结束后无下一站路由 > Expected Result 预期结果"	"载货车辆原地保持并产生调度计划异常告警，不自动前往停车点。"	"空载车辆进入停车点分配/排队；载货车辆原地保持并产生调度计划异常告警，不自动前往停车点。"	"010548c404c475fb46782e55a40b1606c59f553658f83dc9824112ced85a3e95"	"business-acceptance-outcome-candidate"	"unapproved-unexecuted-internal-derived-acceptance-draft"	"8005-site-operation-and-stop-closure"	"needs-upstream-source-and-explicit-approval"	"document-route:R05-C2; scenario:TC-110; scenario-role:outcome; upstream-fr:FR-031; upstream-uc:UC-041,UC-046; formation-history:H2:493ac5a; `60d7e769b112` / H2; derived object: FR-031 AC-11"	"none-found-within-r05-pass"	"not-approved"	"authoritative-upstream-version;named-approver;approval-date;approved-scope;version-or-sha256-binding"
"R05-A0284"	"R05"	"R05-54"	"requirement-documents/05-test-cases/01-site-operations/tc-110-post-closure-routing-without-next-stop.md"	"60d7e769b112067507399398410a5ff9cb633c33590c2ab7b70d688e1de5d1d5"	"line 29"	"TC-110 整站结束后无下一站路由 > Verifies 验证对象"	"FR-031 AC-11"	"FR-031 AC-11"	"aa163a3afc7331393b66ffb8d019beb8be23f1ae22f3a13ee3c575152dd8aec1"	"verification-traceability-evidence"	"unapproved-unexecuted-internal-derived-acceptance-draft"	"8005-site-operation-and-stop-closure"	"evidence-only"	"document-route:R05-C2; scenario:TC-110; scenario-role:verification; upstream-fr:FR-031; upstream-uc:UC-041,UC-046; formation-history:H2:493ac5a; `60d7e769b112` / H2; derived object: FR-031 AC-11"	"none-found-within-r05-pass"	"not-approved"	"authoritative-upstream-version;named-approver;approval-date;approved-scope;version-or-sha256-binding"
"R05-A0285"	"R05"	"R05-55"	"requirement-documents/05-test-cases/01-site-operations/tc-111-stop-closure-handoff-before-movement.md"	"3034a13f88655376d4feb711d5f0925c8cbbf093d84251dd594a436a78c19114"	"line 17"	"TC-111 整站结束后同步与安全核验先于移动 > Preconditions 前置条件"	"StopClosureCommit 即将成功，车辆存在下一 PlannedStop。"	"StopClosureCommit 即将成功，车辆存在下一 PlannedStop。"	"c02f9a961ef79c741f15bdfc375af90154ea3219cf73fd85660a34eafee609e4"	"internal-state-or-architecture-derivation"	"unapproved-unexecuted-internal-derived-acceptance-draft"	"8005-internal-site-operation-state-model"	"exclude-from-requirement-approval"	"document-route:R05-C2; scenario:TC-111; scenario-role:precondition; upstream-fr:FR-004,FR-013,FR-031; upstream-uc:UC-002,UC-046; formation-history:H2:493ac5a; `3034a13f8865` / H2; derived object: FR-031 AC-10"	"none-found-within-r05-pass"	"not-approved"	"authoritative-requirement-source;independent-approval-unit-reframing;authoritative-upstream-version;named-approver;approval-date;approved-scope;version-or-sha256-binding"
"R05-A0286"	"R05"	"R05-55"	"requirement-documents/05-test-cases/01-site-operations/tc-111-stop-closure-handoff-before-movement.md"	"3034a13f88655376d4feb711d5f0925c8cbbf093d84251dd594a436a78c19114"	"line 21"	"TC-111 整站结束后同步与安全核验先于移动 > Test Steps 测试步骤"	"观察会话清理、投影确认、安全核验与 RIoT 移动请求的顺序。"	"观察会话清理、投影确认、安全核验与 RIoT 移动请求的顺序。"	"60ff546df04ce8296700d450b8b05602c0f524b63c99e855046400fe180884a2"	"safety-hardware-acceptance-candidate"	"unapproved-unexecuted-internal-derived-acceptance-draft"	"8005-site-safety-slot-hardware-and-recovery"	"needs-safety-hardware-authority-and-explicit-approval"	"document-route:R05-C2; scenario:TC-111; scenario-role:action; upstream-fr:FR-004,FR-013,FR-031; upstream-uc:UC-002,UC-046; formation-history:H2:493ac5a; `3034a13f8865` / H2; derived object: FR-031 AC-10"	"none-found-within-r05-pass"	"not-approved"	"hardware-and-IO-version-binding;safety-or-hardware-owner;risk-review-evidence;authoritative-upstream-version;named-approver;approval-date;approved-scope;version-or-sha256-binding"
"R05-A0287"	"R05"	"R05-55"	"requirement-documents/05-test-cases/01-site-operations/tc-111-stop-closure-handoff-before-movement.md"	"3034a13f88655376d4feb711d5f0925c8cbbf093d84251dd594a436a78c19114"	"line 25"	"TC-111 整站结束后同步与安全核验先于移动 > Expected Result 预期结果"	"先结束 OperationSession 并清除 OnboardOperatorContext，再由车载采用最新 CurrentStopWorklistSnapshot 和 UpcomingStopPlanSnapshot，随后通过 PreDepartureSafetyCheck，最后才发送移动请求。"	"先结束 OperationSession 并清除 OnboardOperatorContext，再由车载采用最新 CurrentStopWorklistSnapshot 和 UpcomingStopPlanSnapshot，随后通过 PreDepartureSafetyCheck，最后才发送移动请求。"	"15751d541cdd84d5e52600651cd111206f259560fdb6be000be47d433d205c0a"	"safety-hardware-acceptance-candidate"	"unapproved-unexecuted-internal-derived-acceptance-draft"	"8005-site-safety-slot-hardware-and-recovery"	"needs-safety-hardware-authority-and-explicit-approval"	"document-route:R05-C2; scenario:TC-111; scenario-role:outcome; upstream-fr:FR-004,FR-013,FR-031; upstream-uc:UC-002,UC-046; formation-history:H2:493ac5a; `3034a13f8865` / H2; derived object: FR-031 AC-10"	"none-found-within-r05-pass"	"not-approved"	"hardware-and-IO-version-binding;safety-or-hardware-owner;risk-review-evidence;authoritative-upstream-version;named-approver;approval-date;approved-scope;version-or-sha256-binding"
"R05-A0288"	"R05"	"R05-55"	"requirement-documents/05-test-cases/01-site-operations/tc-111-stop-closure-handoff-before-movement.md"	"3034a13f88655376d4feb711d5f0925c8cbbf093d84251dd594a436a78c19114"	"line 29"	"TC-111 整站结束后同步与安全核验先于移动 > Verifies 验证对象"	"FR-031 AC-10"	"FR-031 AC-10"	"eadfe396a9934def86bdbac95a4a5cb1709a5bfcf7bb0323d94f55d672cceb33"	"verification-traceability-evidence"	"unapproved-unexecuted-internal-derived-acceptance-draft"	"8005-site-operation-and-stop-closure"	"evidence-only"	"document-route:R05-C2; scenario:TC-111; scenario-role:verification; upstream-fr:FR-004,FR-013,FR-031; upstream-uc:UC-002,UC-046; formation-history:H2:493ac5a; `3034a13f8865` / H2; derived object: FR-031 AC-10"	"none-found-within-r05-pass"	"not-approved"	"authoritative-upstream-version;named-approver;approval-date;approved-scope;version-or-sha256-binding"
"R05-A0289"	"R05"	"R05-56"	"requirement-documents/05-test-cases/01-site-operations/tc-112-movement-failure-does-not-reopen-stop.md"	"62f10342fa85b7667092082a0fa0a7ef72848ef2952b912ade611da194b50652"	"line 17"	"TC-112 发车失败不重新开放本站 > Preconditions 前置条件"	"StopClosureCommit 已完成，RIoT 移动下发被配置为失败。"	"StopClosureCommit 已完成，RIoT 移动下发被配置为失败。"	"bde179612d20354079b6febe74ab6650b92e5003dfdf22c6055793a081f1bc86"	"internal-state-or-architecture-derivation"	"unapproved-unexecuted-internal-derived-acceptance-draft"	"8005-internal-site-operation-state-model"	"exclude-from-requirement-approval"	"document-route:R05-C2; scenario:TC-112; scenario-role:precondition; upstream-fr:FR-004,FR-013,FR-031; upstream-uc:UC-002,UC-046; formation-history:H2:493ac5a; `62f10342fa85` / H2; derived object: FR-031 AC-12"	"none-found-within-r05-pass"	"not-approved"	"authoritative-requirement-source;independent-approval-unit-reframing;authoritative-upstream-version;named-approver;approval-date;approved-scope;version-or-sha256-binding"
"R05-A0290"	"R05"	"R05-56"	"requirement-documents/05-test-cases/01-site-operations/tc-112-movement-failure-does-not-reopen-stop.md"	"62f10342fa85b7667092082a0fa0a7ef72848ef2952b912ade611da194b50652"	"line 21"	"TC-112 发车失败不重新开放本站 > Test Steps 测试步骤"	"执行发车并观察失败后的任务、会话和界面状态。"	"执行发车并观察失败后的任务、会话和界面状态。"	"5b349b4d9a49820bb1584fc4925fe5719c704b14df8f4351c30a74843b56bfdf"	"operator-HMI-acceptance-candidate"	"unapproved-unexecuted-internal-derived-acceptance-draft"	"8005-onboard-HMI-and-site-operation"	"needs-operator-product-owner-and-explicit-approval"	"document-route:R05-C2; scenario:TC-112; scenario-role:action; upstream-fr:FR-004,FR-013,FR-031; upstream-uc:UC-002,UC-046; formation-history:H2:493ac5a; `62f10342fa85` / H2; derived object: FR-031 AC-12"	"none-found-within-r05-pass"	"not-approved"	"operator-or-product-owner;project-station-or-configuration-scope;authoritative-upstream-version;named-approver;approval-date;approved-scope;version-or-sha256-binding"
"R05-A0291"	"R05"	"R05-56"	"requirement-documents/05-test-cases/01-site-operations/tc-112-movement-failure-does-not-reopen-stop.md"	"62f10342fa85b7667092082a0fa0a7ef72848ef2952b912ade611da194b50652"	"line 25"	"TC-112 发车失败不重新开放本站 > Expected Result 预期结果"	"已取消任务和已结束会话不恢复，本站操作入口保持关闭；"	"已取消任务和已结束会话不恢复，本站操作入口保持关闭；界面显示“本站已结束，等待发车重试”并产生告警。"	"1c589d636ff1304b2395a807b334e127ef21dea5cff17b3bc11717f863f7bd1e"	"operator-HMI-acceptance-candidate"	"unapproved-unexecuted-internal-derived-acceptance-draft"	"8005-onboard-HMI-and-site-operation"	"needs-operator-product-owner-and-explicit-approval"	"document-route:R05-C2; scenario:TC-112; scenario-role:outcome; upstream-fr:FR-004,FR-013,FR-031; upstream-uc:UC-002,UC-046; formation-history:H2:493ac5a; `62f10342fa85` / H2; derived object: FR-031 AC-12"	"none-found-within-r05-pass"	"not-approved"	"operator-or-product-owner;project-station-or-configuration-scope;authoritative-upstream-version;named-approver;approval-date;approved-scope;version-or-sha256-binding"
"R05-A0292"	"R05"	"R05-56"	"requirement-documents/05-test-cases/01-site-operations/tc-112-movement-failure-does-not-reopen-stop.md"	"62f10342fa85b7667092082a0fa0a7ef72848ef2952b912ade611da194b50652"	"line 25"	"TC-112 发车失败不重新开放本站 > Expected Result 预期结果"	"界面显示“本站已结束，等待发车重试”并产生告警。"	"已取消任务和已结束会话不恢复，本站操作入口保持关闭；界面显示“本站已结束，等待发车重试”并产生告警。"	"93555da40c4d3779dbf12c32d52f53ad750a367f3e2fb970e467124afdcda677"	"operator-HMI-acceptance-candidate"	"unapproved-unexecuted-internal-derived-acceptance-draft"	"8005-onboard-HMI-and-site-operation"	"needs-operator-product-owner-and-explicit-approval"	"document-route:R05-C2; scenario:TC-112; scenario-role:outcome; upstream-fr:FR-004,FR-013,FR-031; upstream-uc:UC-002,UC-046; formation-history:H2:493ac5a; `62f10342fa85` / H2; derived object: FR-031 AC-12"	"none-found-within-r05-pass"	"not-approved"	"operator-or-product-owner;project-station-or-configuration-scope;authoritative-upstream-version;named-approver;approval-date;approved-scope;version-or-sha256-binding"
"R05-A0293"	"R05"	"R05-56"	"requirement-documents/05-test-cases/01-site-operations/tc-112-movement-failure-does-not-reopen-stop.md"	"62f10342fa85b7667092082a0fa0a7ef72848ef2952b912ade611da194b50652"	"line 29"	"TC-112 发车失败不重新开放本站 > Verifies 验证对象"	"FR-031 AC-12"	"FR-031 AC-12"	"98a15b80292f12fa2f473903cfde49a12e073cefe0fa2661488058e7f837329d"	"verification-traceability-evidence"	"unapproved-unexecuted-internal-derived-acceptance-draft"	"8005-site-operation-and-stop-closure"	"evidence-only"	"document-route:R05-C2; scenario:TC-112; scenario-role:verification; upstream-fr:FR-004,FR-013,FR-031; upstream-uc:UC-002,UC-046; formation-history:H2:493ac5a; `62f10342fa85` / H2; derived object: FR-031 AC-12"	"none-found-within-r05-pass"	"not-approved"	"authoritative-upstream-version;named-approver;approval-date;approved-scope;version-or-sha256-binding"
"R05-A0294"	"R05"	"R05-57"	"requirement-documents/05-test-cases/01-site-operations/tc-113-load-batch-auto-commit-and-wait-reset.md"	"ee9c4df34a115635b18b5772ee148591164070f303d7dd305caac044cb52a5bb"	"line 17"	"TC-113 LoadBatch 物理闭环后自动提交并重新计时 > Preconditions 前置条件"	"一个三仓 LoadBatch 已完成前两个目标仓位，第三仓正在装货；"	"一个三仓 LoadBatch 已完成前两个目标仓位，第三仓正在装货；服务端没有收到任何人工批次确认。"	"c9580c624e2288d5bdc5f644b3641d30d566c793fe7db5e60168ef93e163d080"	"business-acceptance-precondition-candidate"	"unapproved-unexecuted-internal-derived-acceptance-draft"	"8005-site-operation-and-stop-closure"	"needs-upstream-source-and-explicit-approval"	"document-route:R05-C2; scenario:TC-113; scenario-role:precondition; upstream-fr:FR-002,FR-031; upstream-uc:UC-001,UC-046; formation-history:H2:493ac5a; `ee9c4df34a11` / H2; derived object: FR-002 AC-5、FR-031 AC-2"	"none-found-within-r05-pass"	"not-approved"	"authoritative-upstream-version;named-approver;approval-date;approved-scope;version-or-sha256-binding"
"R05-A0295"	"R05"	"R05-57"	"requirement-documents/05-test-cases/01-site-operations/tc-113-load-batch-auto-commit-and-wait-reset.md"	"ee9c4df34a115635b18b5772ee148591164070f303d7dd305caac044cb52a5bb"	"line 17"	"TC-113 LoadBatch 物理闭环后自动提交并重新计时 > Preconditions 前置条件"	"服务端没有收到任何人工批次确认。"	"一个三仓 LoadBatch 已完成前两个目标仓位，第三仓正在装货；服务端没有收到任何人工批次确认。"	"096d51b0ba856600baa260a4cc9808713ceceedbf9b3f2a954b820d98c8cd439"	"interface-integration-acceptance-candidate"	"unapproved-unexecuted-internal-derived-acceptance-draft"	"8005-onboard-server-MES-interface"	"needs-interface-owner-source-and-explicit-approval"	"document-route:R05-C2; scenario:TC-113; scenario-role:precondition; upstream-fr:FR-002,FR-031; upstream-uc:UC-001,UC-046; formation-history:H2:493ac5a; `ee9c4df34a11` / H2; derived object: FR-002 AC-5、FR-031 AC-2"	"none-found-within-r05-pass"	"not-approved"	"controlled-interface-version;interface-owner;authoritative-upstream-version;named-approver;approval-date;approved-scope;version-or-sha256-binding"
"R05-A0296"	"R05"	"R05-57"	"requirement-documents/05-test-cases/01-site-operations/tc-113-load-batch-auto-commit-and-wait-reset.md"	"ee9c4df34a115635b18b5772ee148591164070f303d7dd305caac044cb52a5bb"	"line 21"	"TC-113 LoadBatch 物理闭环后自动提交并重新计时 > Test Steps 测试步骤"	"使第三仓达到 `OCCUPIED + 锁闭 + 开锁输出已复位` 且安全状态有效。"	"使第三仓达到 `OCCUPIED + 锁闭 + 开锁输出已复位` 且安全状态有效。"	"451e53ddda6a7df2c11a777126a3de95f8c14f59ecefe5dd794119e0fa8175aa"	"safety-hardware-acceptance-candidate"	"unapproved-unexecuted-internal-derived-acceptance-draft"	"8005-site-safety-slot-hardware-and-recovery"	"needs-safety-hardware-authority-and-explicit-approval"	"document-route:R05-C2; scenario:TC-113; scenario-role:action; upstream-fr:FR-002,FR-031; upstream-uc:UC-001,UC-046; formation-history:H2:493ac5a; `ee9c4df34a11` / H2; derived object: FR-002 AC-5、FR-031 AC-2"	"none-found-within-r05-pass"	"not-approved"	"hardware-and-IO-version-binding;safety-or-hardware-owner;risk-review-evidence;authoritative-upstream-version;named-approver;approval-date;approved-scope;version-or-sha256-binding"
"R05-A0297"	"R05"	"R05-57"	"requirement-documents/05-test-cases/01-site-operations/tc-113-load-batch-auto-commit-and-wait-reset.md"	"ee9c4df34a115635b18b5772ee148591164070f303d7dd305caac044cb52a5bb"	"line 25"	"TC-113 LoadBatch 物理闭环后自动提交并重新计时 > Expected Result 预期结果"	"服务端自动整体提交 LoadBatch，不等待额外的人工批次确认；"	"服务端自动整体提交 LoadBatch，不等待额外的人工批次确认；车辆重新进入 StationDepartureWaiting 并建立完整的新等待期限。StopClosureCommit 前，已核验操作员仍可按 FR-005 对原仓位请求 LoadCorrection。"	"d4b92b87e8023c0d763a437e81f8fac57b69ccb9f715530144804498f5a0c874"	"interface-integration-acceptance-candidate"	"unapproved-unexecuted-internal-derived-acceptance-draft"	"8005-onboard-server-MES-interface"	"needs-interface-owner-source-and-explicit-approval"	"document-route:R05-C2; scenario:TC-113; scenario-role:outcome; upstream-fr:FR-002,FR-031; upstream-uc:UC-001,UC-046; formation-history:H2:493ac5a; `ee9c4df34a11` / H2; derived object: FR-002 AC-5、FR-031 AC-2"	"none-found-within-r05-pass"	"not-approved"	"controlled-interface-version;interface-owner;authoritative-upstream-version;named-approver;approval-date;approved-scope;version-or-sha256-binding"
"R05-A0298"	"R05"	"R05-57"	"requirement-documents/05-test-cases/01-site-operations/tc-113-load-batch-auto-commit-and-wait-reset.md"	"ee9c4df34a115635b18b5772ee148591164070f303d7dd305caac044cb52a5bb"	"line 25"	"TC-113 LoadBatch 物理闭环后自动提交并重新计时 > Expected Result 预期结果"	"车辆重新进入 StationDepartureWaiting 并建立完整的新等待期限。"	"服务端自动整体提交 LoadBatch，不等待额外的人工批次确认；车辆重新进入 StationDepartureWaiting 并建立完整的新等待期限。StopClosureCommit 前，已核验操作员仍可按 FR-005 对原仓位请求 LoadCorrection。"	"385dc77e7c5bc6ebc85e7c2522c1551ba4d58418be9ebd7b0168bc2cd76e5b5b"	"internal-state-or-architecture-derivation"	"unapproved-unexecuted-internal-derived-acceptance-draft"	"8005-internal-site-operation-state-model"	"exclude-from-requirement-approval"	"document-route:R05-C2; scenario:TC-113; scenario-role:outcome; upstream-fr:FR-002,FR-031; upstream-uc:UC-001,UC-046; formation-history:H2:493ac5a; `ee9c4df34a11` / H2; derived object: FR-002 AC-5、FR-031 AC-2"	"none-found-within-r05-pass"	"not-approved"	"authoritative-requirement-source;independent-approval-unit-reframing;authoritative-upstream-version;named-approver;approval-date;approved-scope;version-or-sha256-binding"
"R05-A0299"	"R05"	"R05-57"	"requirement-documents/05-test-cases/01-site-operations/tc-113-load-batch-auto-commit-and-wait-reset.md"	"ee9c4df34a115635b18b5772ee148591164070f303d7dd305caac044cb52a5bb"	"line 25"	"TC-113 LoadBatch 物理闭环后自动提交并重新计时 > Expected Result 预期结果"	"StopClosureCommit 前，已核验操作员仍可按 FR-005 对原仓位请求 LoadCorrection。"	"服务端自动整体提交 LoadBatch，不等待额外的人工批次确认；车辆重新进入 StationDepartureWaiting 并建立完整的新等待期限。StopClosureCommit 前，已核验操作员仍可按 FR-005 对原仓位请求 LoadCorrection。"	"8f778d9c0b03fcb62849cf90d601e3068bbd6f3bf39e8a3cda1bdc49f02f5cec"	"internal-state-or-architecture-derivation"	"unapproved-unexecuted-internal-derived-acceptance-draft"	"8005-internal-site-operation-state-model"	"exclude-from-requirement-approval"	"document-route:R05-C2; scenario:TC-113; scenario-role:outcome; upstream-fr:FR-002,FR-031; upstream-uc:UC-001,UC-046; formation-history:H2:493ac5a; `ee9c4df34a11` / H2; derived object: FR-002 AC-5、FR-031 AC-2"	"none-found-within-r05-pass"	"not-approved"	"authoritative-requirement-source;independent-approval-unit-reframing;authoritative-upstream-version;named-approver;approval-date;approved-scope;version-or-sha256-binding"
"R05-A0300"	"R05"	"R05-57"	"requirement-documents/05-test-cases/01-site-operations/tc-113-load-batch-auto-commit-and-wait-reset.md"	"ee9c4df34a115635b18b5772ee148591164070f303d7dd305caac044cb52a5bb"	"line 29"	"TC-113 LoadBatch 物理闭环后自动提交并重新计时 > Verifies 验证对象"	"FR-002 AC-5、FR-031 AC-2"	"FR-002 AC-5、FR-031 AC-2"	"961ce10e60e524bad34e005f77b3e1b33693e6fb00b3c8a8c1961a6538167e22"	"verification-traceability-evidence"	"unapproved-unexecuted-internal-derived-acceptance-draft"	"8005-site-operation-and-stop-closure"	"evidence-only"	"document-route:R05-C2; scenario:TC-113; scenario-role:verification; upstream-fr:FR-002,FR-031; upstream-uc:UC-001,UC-046; formation-history:H2:493ac5a; `ee9c4df34a11` / H2; derived object: FR-002 AC-5、FR-031 AC-2"	"none-found-within-r05-pass"	"not-approved"	"authoritative-upstream-version;named-approver;approval-date;approved-scope;version-or-sha256-binding"
"R05-A0301"	"R05"	"R05-58"	"requirement-documents/05-test-cases/01-site-operations/tc-114-load-hardware-fault-holds-without-replacement-or-auto-clear.md"	"31bfbac4df4c8ea112d25f575e9af69d00936bca9b18949f4886b8f1be0ea9d5"	"line 17"	"TC-114 装货硬件故障保持现场，不换仓且不自动清空 > Preconditions 前置条件"	"一个 `ExpectedBasketCount = 3` 的 LoadBatch 已冻结目标仓位 1、2、3 并发起批量开锁；"	"一个 `ExpectedBasketCount = 3` 的 LoadBatch 已冻结目标仓位 1、2、3 并发起批量开锁；仓位 1、2 已形成明确逐仓事实，其中至少一仓已放入花篮；仓位 3 的锁 DI 失效，无法证明仓门是否锁闭；另有空闲仓位 4。"	"5789312f095cdf5ea357214f7cb4350f651cfe3ba3bcbab2cb8759cb57beaddf"	"internal-state-or-architecture-derivation"	"unapproved-unexecuted-internal-derived-acceptance-draft"	"8005-internal-site-operation-state-model"	"exclude-from-requirement-approval"	"document-route:R05-C2; scenario:TC-114; scenario-role:precondition; upstream-fr:FR-002; upstream-uc:UC-001; formation-history:H2:493ac5a; `31bfbac4df4c` / H2; derived object: FR-002 AC-4/4.1"	"none-found-within-r05-pass"	"not-approved"	"authoritative-requirement-source;independent-approval-unit-reframing;authoritative-upstream-version;named-approver;approval-date;approved-scope;version-or-sha256-binding"
"R05-A0302"	"R05"	"R05-58"	"requirement-documents/05-test-cases/01-site-operations/tc-114-load-hardware-fault-holds-without-replacement-or-auto-clear.md"	"31bfbac4df4c8ea112d25f575e9af69d00936bca9b18949f4886b8f1be0ea9d5"	"line 17"	"TC-114 装货硬件故障保持现场，不换仓且不自动清空 > Preconditions 前置条件"	"仓位 1、2 已形成明确逐仓事实，其中至少一仓已放入花篮；"	"一个 `ExpectedBasketCount = 3` 的 LoadBatch 已冻结目标仓位 1、2、3 并发起批量开锁；仓位 1、2 已形成明确逐仓事实，其中至少一仓已放入花篮；仓位 3 的锁 DI 失效，无法证明仓门是否锁闭；另有空闲仓位 4。"	"f4f197eaa694a282fa0dd03f25121545c90e95b689003be15a54cefaa24d0bf4"	"business-acceptance-precondition-candidate"	"unapproved-unexecuted-internal-derived-acceptance-draft"	"8005-site-operation-and-stop-closure"	"needs-upstream-source-and-explicit-approval"	"document-route:R05-C2; scenario:TC-114; scenario-role:precondition; upstream-fr:FR-002; upstream-uc:UC-001; formation-history:H2:493ac5a; `31bfbac4df4c` / H2; derived object: FR-002 AC-4/4.1"	"none-found-within-r05-pass"	"not-approved"	"authoritative-upstream-version;named-approver;approval-date;approved-scope;version-or-sha256-binding"
"R05-A0303"	"R05"	"R05-58"	"requirement-documents/05-test-cases/01-site-operations/tc-114-load-hardware-fault-holds-without-replacement-or-auto-clear.md"	"31bfbac4df4c8ea112d25f575e9af69d00936bca9b18949f4886b8f1be0ea9d5"	"line 17"	"TC-114 装货硬件故障保持现场，不换仓且不自动清空 > Preconditions 前置条件"	"仓位 3 的锁 DI 失效，无法证明仓门是否锁闭；"	"一个 `ExpectedBasketCount = 3` 的 LoadBatch 已冻结目标仓位 1、2、3 并发起批量开锁；仓位 1、2 已形成明确逐仓事实，其中至少一仓已放入花篮；仓位 3 的锁 DI 失效，无法证明仓门是否锁闭；另有空闲仓位 4。"	"7cd038bf5f911eacea5ad2278d431b910ebca37662dee6845a6de4cdafa46d91"	"safety-hardware-acceptance-candidate"	"unapproved-unexecuted-internal-derived-acceptance-draft"	"8005-site-safety-slot-hardware-and-recovery"	"needs-safety-hardware-authority-and-explicit-approval"	"document-route:R05-C2; scenario:TC-114; scenario-role:precondition; upstream-fr:FR-002; upstream-uc:UC-001; formation-history:H2:493ac5a; `31bfbac4df4c` / H2; derived object: FR-002 AC-4/4.1"	"none-found-within-r05-pass"	"not-approved"	"hardware-and-IO-version-binding;safety-or-hardware-owner;risk-review-evidence;authoritative-upstream-version;named-approver;approval-date;approved-scope;version-or-sha256-binding"
"R05-A0304"	"R05"	"R05-58"	"requirement-documents/05-test-cases/01-site-operations/tc-114-load-hardware-fault-holds-without-replacement-or-auto-clear.md"	"31bfbac4df4c8ea112d25f575e9af69d00936bca9b18949f4886b8f1be0ea9d5"	"line 17"	"TC-114 装货硬件故障保持现场，不换仓且不自动清空 > Preconditions 前置条件"	"另有空闲仓位 4。"	"一个 `ExpectedBasketCount = 3` 的 LoadBatch 已冻结目标仓位 1、2、3 并发起批量开锁；仓位 1、2 已形成明确逐仓事实，其中至少一仓已放入花篮；仓位 3 的锁 DI 失效，无法证明仓门是否锁闭；另有空闲仓位 4。"	"1c44f12145707ddd0f5799b36b7a226cb3e4f5778f95da9f1626a0ae335bd0d4"	"business-acceptance-precondition-candidate"	"unapproved-unexecuted-internal-derived-acceptance-draft"	"8005-site-operation-and-stop-closure"	"needs-upstream-source-and-explicit-approval"	"document-route:R05-C2; scenario:TC-114; scenario-role:precondition; upstream-fr:FR-002; upstream-uc:UC-001; formation-history:H2:493ac5a; `31bfbac4df4c` / H2; derived object: FR-002 AC-4/4.1"	"none-found-within-r05-pass"	"not-approved"	"authoritative-upstream-version;named-approver;approval-date;approved-scope;version-or-sha256-binding"
"R05-A0305"	"R05"	"R05-58"	"requirement-documents/05-test-cases/01-site-operations/tc-114-load-hardware-fault-holds-without-replacement-or-auto-clear.md"	"31bfbac4df4c8ea112d25f575e9af69d00936bca9b18949f4886b8f1be0ea9d5"	"line 21"	"TC-114 装货硬件故障保持现场，不换仓且不自动清空 > Test Steps 测试步骤"	"车载端上报仓位 3 的关键硬件反馈无效，服务端处理本次装货异常。"	"车载端上报仓位 3 的关键硬件反馈无效，服务端处理本次装货异常。"	"27b71de399645c24c1e039d15d7bb14d74e3a530f0198388af22bc3c2f5895aa"	"safety-hardware-acceptance-candidate"	"unapproved-unexecuted-internal-derived-acceptance-draft"	"8005-site-safety-slot-hardware-and-recovery"	"needs-safety-hardware-authority-and-explicit-approval"	"document-route:R05-C2; scenario:TC-114; scenario-role:action; upstream-fr:FR-002; upstream-uc:UC-001; formation-history:H2:493ac5a; `31bfbac4df4c` / H2; derived object: FR-002 AC-4/4.1"	"none-found-within-r05-pass"	"not-approved"	"hardware-and-IO-version-binding;safety-or-hardware-owner;risk-review-evidence;authoritative-upstream-version;named-approver;approval-date;approved-scope;version-or-sha256-binding"
"R05-A0306"	"R05"	"R05-58"	"requirement-documents/05-test-cases/01-site-operations/tc-114-load-hardware-fault-holds-without-replacement-or-auto-clear.md"	"31bfbac4df4c8ea112d25f575e9af69d00936bca9b18949f4886b8f1be0ea9d5"	"line 25"	"TC-114 装货硬件故障保持现场，不换仓且不自动清空 > Expected Result 预期结果"	"系统保留目标仓位 1、2、3、全部预留、ProvisionalLoadState 和逐仓事实；"	"系统保留目标仓位 1、2、3、全部预留、ProvisionalLoadState 和逐仓事实；不得把仓位 4 分配为替代仓位，不得发送任何新增或续行开锁指令，也不得自动打开仓位 1、2 要求清空。StationOperationGuard 保持，车辆不得离站，系统进入待人工处置状态。只有取得 R-09 或等效生产管理权限作出的 LoadCompensationDecision 且服务端授权后，才允许进入 LoadCompensationRecovery。"	"225899676475ade901b2abd6a1efaf5cd3414457f5d08dd9c83410b8abd46c38"	"internal-state-or-architecture-derivation"	"unapproved-unexecuted-internal-derived-acceptance-draft"	"8005-internal-site-operation-state-model"	"exclude-from-requirement-approval"	"document-route:R05-C2; scenario:TC-114; scenario-role:outcome; upstream-fr:FR-002; upstream-uc:UC-001; formation-history:H2:493ac5a; `31bfbac4df4c` / H2; derived object: FR-002 AC-4/4.1"	"none-found-within-r05-pass"	"not-approved"	"authoritative-requirement-source;independent-approval-unit-reframing;authoritative-upstream-version;named-approver;approval-date;approved-scope;version-or-sha256-binding"
"R05-A0307"	"R05"	"R05-58"	"requirement-documents/05-test-cases/01-site-operations/tc-114-load-hardware-fault-holds-without-replacement-or-auto-clear.md"	"31bfbac4df4c8ea112d25f575e9af69d00936bca9b18949f4886b8f1be0ea9d5"	"line 25"	"TC-114 装货硬件故障保持现场，不换仓且不自动清空 > Expected Result 预期结果"	"不得把仓位 4 分配为替代仓位，不得发送任何新增或续行开锁指令，也不得自动打开仓位 1、2 要求清空。"	"系统保留目标仓位 1、2、3、全部预留、ProvisionalLoadState 和逐仓事实；不得把仓位 4 分配为替代仓位，不得发送任何新增或续行开锁指令，也不得自动打开仓位 1、2 要求清空。StationOperationGuard 保持，车辆不得离站，系统进入待人工处置状态。只有取得 R-09 或等效生产管理权限作出的 LoadCompensationDecision 且服务端授权后，才允许进入 LoadCompensationRecovery。"	"a6802508df4282565850d94927abcaa41d095ee597f38de28f121624bdd4aa21"	"business-acceptance-outcome-candidate"	"unapproved-unexecuted-internal-derived-acceptance-draft"	"8005-site-operation-and-stop-closure"	"needs-upstream-source-and-explicit-approval"	"document-route:R05-C2; scenario:TC-114; scenario-role:outcome; upstream-fr:FR-002; upstream-uc:UC-001; formation-history:H2:493ac5a; `31bfbac4df4c` / H2; derived object: FR-002 AC-4/4.1"	"none-found-within-r05-pass"	"not-approved"	"authoritative-upstream-version;named-approver;approval-date;approved-scope;version-or-sha256-binding"
"R05-A0308"	"R05"	"R05-58"	"requirement-documents/05-test-cases/01-site-operations/tc-114-load-hardware-fault-holds-without-replacement-or-auto-clear.md"	"31bfbac4df4c8ea112d25f575e9af69d00936bca9b18949f4886b8f1be0ea9d5"	"line 25"	"TC-114 装货硬件故障保持现场，不换仓且不自动清空 > Expected Result 预期结果"	"StationOperationGuard 保持，车辆不得离站，系统进入待人工处置状态。"	"系统保留目标仓位 1、2、3、全部预留、ProvisionalLoadState 和逐仓事实；不得把仓位 4 分配为替代仓位，不得发送任何新增或续行开锁指令，也不得自动打开仓位 1、2 要求清空。StationOperationGuard 保持，车辆不得离站，系统进入待人工处置状态。只有取得 R-09 或等效生产管理权限作出的 LoadCompensationDecision 且服务端授权后，才允许进入 LoadCompensationRecovery。"	"ea113aa2c6682174d74f6234e66a2cc47c1d2bc08cda8a3106ae3ab56111ccfb"	"safety-hardware-acceptance-candidate"	"unapproved-unexecuted-internal-derived-acceptance-draft"	"8005-site-safety-slot-hardware-and-recovery"	"needs-safety-hardware-authority-and-explicit-approval"	"document-route:R05-C2; scenario:TC-114; scenario-role:outcome; upstream-fr:FR-002; upstream-uc:UC-001; formation-history:H2:493ac5a; `31bfbac4df4c` / H2; derived object: FR-002 AC-4/4.1"	"none-found-within-r05-pass"	"not-approved"	"hardware-and-IO-version-binding;safety-or-hardware-owner;risk-review-evidence;authoritative-upstream-version;named-approver;approval-date;approved-scope;version-or-sha256-binding"
"R05-A0309"	"R05"	"R05-58"	"requirement-documents/05-test-cases/01-site-operations/tc-114-load-hardware-fault-holds-without-replacement-or-auto-clear.md"	"31bfbac4df4c8ea112d25f575e9af69d00936bca9b18949f4886b8f1be0ea9d5"	"line 25"	"TC-114 装货硬件故障保持现场，不换仓且不自动清空 > Expected Result 预期结果"	"只有取得 R-09 或等效生产管理权限作出的 LoadCompensationDecision 且服务端授权后，才允许进入 LoadCompensationRecovery。"	"系统保留目标仓位 1、2、3、全部预留、ProvisionalLoadState 和逐仓事实；不得把仓位 4 分配为替代仓位，不得发送任何新增或续行开锁指令，也不得自动打开仓位 1、2 要求清空。StationOperationGuard 保持，车辆不得离站，系统进入待人工处置状态。只有取得 R-09 或等效生产管理权限作出的 LoadCompensationDecision 且服务端授权后，才允许进入 LoadCompensationRecovery。"	"59f7e3a597d617b25e5c327958dac02fc4016301e6180c8afc688899e861c359"	"identity-security-acceptance-candidate"	"unapproved-unexecuted-internal-derived-acceptance-draft"	"8005-identity-role-and-session"	"needs-security-role-owner-and-explicit-approval"	"document-route:R05-C2; scenario:TC-114; scenario-role:outcome; upstream-fr:FR-002; upstream-uc:UC-001; formation-history:H2:493ac5a; `31bfbac4df4c` / H2; derived object: FR-002 AC-4/4.1"	"none-found-within-r05-pass"	"not-approved"	"role-authorization-source;security-or-business-owner;authoritative-upstream-version;named-approver;approval-date;approved-scope;version-or-sha256-binding"
"R05-A0310"	"R05"	"R05-58"	"requirement-documents/05-test-cases/01-site-operations/tc-114-load-hardware-fault-holds-without-replacement-or-auto-clear.md"	"31bfbac4df4c8ea112d25f575e9af69d00936bca9b18949f4886b8f1be0ea9d5"	"line 29"	"TC-114 装货硬件故障保持现场，不换仓且不自动清空 > Verifies 验证对象"	"[[fr-002-slot-unlock-occupancy-confirm-and-state-persist|FR-002]] AC-4、AC-4.1"	"[[fr-002-slot-unlock-occupancy-confirm-and-state-persist|FR-002]] AC-4、AC-4.1"	"3a79151cb738a435ee9b4f51b5dee0e7e5cc3046b29de155868e69bd9fba37be"	"verification-traceability-evidence"	"unapproved-unexecuted-internal-derived-acceptance-draft"	"8005-site-operation-and-stop-closure"	"evidence-only"	"document-route:R05-C2; scenario:TC-114; scenario-role:verification; upstream-fr:FR-002; upstream-uc:UC-001; formation-history:H2:493ac5a; `31bfbac4df4c` / H2; derived object: FR-002 AC-4/4.1"	"none-found-within-r05-pass"	"not-approved"	"authoritative-upstream-version;named-approver;approval-date;approved-scope;version-or-sha256-binding"
"R05-A0311"	"R05"	"R05-59"	"requirement-documents/05-test-cases/01-site-operations/tc-115-hardware-signal-recovery-still-requires-manual-confirmation.md"	"688c201c3832c4986f17a370228f5947d843b84d1e2e1afb5b4b7c1eef60513c"	"line 17"	"TC-115 硬件信号恢复后仍需人工确认和服务端授权 > Preconditions 前置条件"	"一个 LoadBatch 因原目标仓位的锁 DI 失效进入 VehicleRecoveryRequired；"	"一个 LoadBatch 因原目标仓位的锁 DI 失效进入 VehicleRecoveryRequired；系统保留原目标仓位、原 SlotOperationAttemptId、预留和逐仓事实。维护后通信、锁 DI、光幕和开锁输出回读均恢复有效，实时状态可唯一解释。执行确认的登录人具有 R-11 或被显式授予的等效维护权限。"	"7f8d1a52f599eb61740fec015192879794cf6be456709c7077afaa4ed6a81fed"	"safety-hardware-acceptance-candidate"	"unapproved-unexecuted-internal-derived-acceptance-draft"	"8005-site-safety-slot-hardware-and-recovery"	"needs-safety-hardware-authority-and-explicit-approval"	"document-route:R05-C2; scenario:TC-115; scenario-role:precondition; upstream-fr:FR-002; upstream-uc:UC-001; formation-history:H2:493ac5a; `688c201c3832` / H2; derived object: FR-002 AC-4.2"	"none-found-within-r05-pass"	"not-approved"	"hardware-and-IO-version-binding;safety-or-hardware-owner;risk-review-evidence;authoritative-upstream-version;named-approver;approval-date;approved-scope;version-or-sha256-binding"
"R05-A0312"	"R05"	"R05-59"	"requirement-documents/05-test-cases/01-site-operations/tc-115-hardware-signal-recovery-still-requires-manual-confirmation.md"	"688c201c3832c4986f17a370228f5947d843b84d1e2e1afb5b4b7c1eef60513c"	"line 17"	"TC-115 硬件信号恢复后仍需人工确认和服务端授权 > Preconditions 前置条件"	"系统保留原目标仓位、原 SlotOperationAttemptId、预留和逐仓事实。"	"一个 LoadBatch 因原目标仓位的锁 DI 失效进入 VehicleRecoveryRequired；系统保留原目标仓位、原 SlotOperationAttemptId、预留和逐仓事实。维护后通信、锁 DI、光幕和开锁输出回读均恢复有效，实时状态可唯一解释。执行确认的登录人具有 R-11 或被显式授予的等效维护权限。"	"d01a037c610eff46ad981f263ccfdb9c5e09ead2a1fe1659a48ab1c4ab991d45"	"internal-state-or-architecture-derivation"	"unapproved-unexecuted-internal-derived-acceptance-draft"	"8005-internal-site-operation-state-model"	"exclude-from-requirement-approval"	"document-route:R05-C2; scenario:TC-115; scenario-role:precondition; upstream-fr:FR-002; upstream-uc:UC-001; formation-history:H2:493ac5a; `688c201c3832` / H2; derived object: FR-002 AC-4.2"	"none-found-within-r05-pass"	"not-approved"	"authoritative-requirement-source;independent-approval-unit-reframing;authoritative-upstream-version;named-approver;approval-date;approved-scope;version-or-sha256-binding"
"R05-A0313"	"R05"	"R05-59"	"requirement-documents/05-test-cases/01-site-operations/tc-115-hardware-signal-recovery-still-requires-manual-confirmation.md"	"688c201c3832c4986f17a370228f5947d843b84d1e2e1afb5b4b7c1eef60513c"	"line 17"	"TC-115 硬件信号恢复后仍需人工确认和服务端授权 > Preconditions 前置条件"	"维护后通信、锁 DI、光幕和开锁输出回读均恢复有效，实时状态可唯一解释。"	"一个 LoadBatch 因原目标仓位的锁 DI 失效进入 VehicleRecoveryRequired；系统保留原目标仓位、原 SlotOperationAttemptId、预留和逐仓事实。维护后通信、锁 DI、光幕和开锁输出回读均恢复有效，实时状态可唯一解释。执行确认的登录人具有 R-11 或被显式授予的等效维护权限。"	"80b3968102fdb6b9bbfab4ed7ac78ff031c376ceb6ab10d841753f4058fee19c"	"safety-hardware-acceptance-candidate"	"unapproved-unexecuted-internal-derived-acceptance-draft"	"8005-site-safety-slot-hardware-and-recovery"	"needs-safety-hardware-authority-and-explicit-approval"	"document-route:R05-C2; scenario:TC-115; scenario-role:precondition; upstream-fr:FR-002; upstream-uc:UC-001; formation-history:H2:493ac5a; `688c201c3832` / H2; derived object: FR-002 AC-4.2"	"none-found-within-r05-pass"	"not-approved"	"hardware-and-IO-version-binding;safety-or-hardware-owner;risk-review-evidence;authoritative-upstream-version;named-approver;approval-date;approved-scope;version-or-sha256-binding"
"R05-A0314"	"R05"	"R05-59"	"requirement-documents/05-test-cases/01-site-operations/tc-115-hardware-signal-recovery-still-requires-manual-confirmation.md"	"688c201c3832c4986f17a370228f5947d843b84d1e2e1afb5b4b7c1eef60513c"	"line 17"	"TC-115 硬件信号恢复后仍需人工确认和服务端授权 > Preconditions 前置条件"	"执行确认的登录人具有 R-11 或被显式授予的等效维护权限。"	"一个 LoadBatch 因原目标仓位的锁 DI 失效进入 VehicleRecoveryRequired；系统保留原目标仓位、原 SlotOperationAttemptId、预留和逐仓事实。维护后通信、锁 DI、光幕和开锁输出回读均恢复有效，实时状态可唯一解释。执行确认的登录人具有 R-11 或被显式授予的等效维护权限。"	"1b5d80d3f747ff61e5af40aae4614987e0d4e5f091da9c90e19f19465c65334e"	"identity-security-acceptance-candidate"	"unapproved-unexecuted-internal-derived-acceptance-draft"	"8005-identity-role-and-session"	"needs-security-role-owner-and-explicit-approval"	"document-route:R05-C2; scenario:TC-115; scenario-role:precondition; upstream-fr:FR-002; upstream-uc:UC-001; formation-history:H2:493ac5a; `688c201c3832` / H2; derived object: FR-002 AC-4.2"	"none-found-within-r05-pass"	"not-approved"	"role-authorization-source;security-or-business-owner;authoritative-upstream-version;named-approver;approval-date;approved-scope;version-or-sha256-binding"
"R05-A0315"	"R05"	"R05-59"	"requirement-documents/05-test-cases/01-site-operations/tc-115-hardware-signal-recovery-still-requires-manual-confirmation.md"	"688c201c3832c4986f17a370228f5947d843b84d1e2e1afb5b4b7c1eef60513c"	"line 21"	"TC-115 硬件信号恢复后仍需人工确认和服务端授权 > Test Steps 测试步骤"	"在尚未提交人工硬件恢复确认时观察系统行为。"	"在尚未提交人工硬件恢复确认时观察系统行为。"	"3970bd7d7c1a7c6f5d6abf08d6dc5c8fa8fa98bcc4e00fbf5ab4a2a63756ba7c"	"safety-hardware-acceptance-candidate"	"unapproved-unexecuted-internal-derived-acceptance-draft"	"8005-site-safety-slot-hardware-and-recovery"	"needs-safety-hardware-authority-and-explicit-approval"	"document-route:R05-C2; scenario:TC-115; scenario-role:action; upstream-fr:FR-002; upstream-uc:UC-001; formation-history:H2:493ac5a; `688c201c3832` / H2; derived object: FR-002 AC-4.2"	"none-found-within-r05-pass"	"not-approved"	"hardware-and-IO-version-binding;safety-or-hardware-owner;risk-review-evidence;authoritative-upstream-version;named-approver;approval-date;approved-scope;version-or-sha256-binding"
"R05-A0316"	"R05"	"R05-59"	"requirement-documents/05-test-cases/01-site-operations/tc-115-hardware-signal-recovery-still-requires-manual-confirmation.md"	"688c201c3832c4986f17a370228f5947d843b84d1e2e1afb5b4b7c1eef60513c"	"line 22"	"TC-115 硬件信号恢复后仍需人工确认和服务端授权 > Test Steps 测试步骤"	"授权维护人员以个人身份提交 HardwareRecoveryConfirmation，但暂不下发服务端续行授权。"	"授权维护人员以个人身份提交 HardwareRecoveryConfirmation，但暂不下发服务端续行授权。"	"4ef2c43c2d2b9611ec633fc77a0b0634e7e7bdd8409e4ca860a4a97fd43e82ee"	"identity-security-acceptance-candidate"	"unapproved-unexecuted-internal-derived-acceptance-draft"	"8005-identity-role-and-session"	"needs-security-role-owner-and-explicit-approval"	"document-route:R05-C2; scenario:TC-115; scenario-role:action; upstream-fr:FR-002; upstream-uc:UC-001; formation-history:H2:493ac5a; `688c201c3832` / H2; derived object: FR-002 AC-4.2"	"none-found-within-r05-pass"	"not-approved"	"role-authorization-source;security-or-business-owner;authoritative-upstream-version;named-approver;approval-date;approved-scope;version-or-sha256-binding"
"R05-A0317"	"R05"	"R05-59"	"requirement-documents/05-test-cases/01-site-operations/tc-115-hardware-signal-recovery-still-requires-manual-confirmation.md"	"688c201c3832c4986f17a370228f5947d843b84d1e2e1afb5b4b7c1eef60513c"	"line 23"	"TC-115 硬件信号恢复后仍需人工确认和服务端授权 > Test Steps 测试步骤"	"服务端核验物理状态和人工确认后，明确授权原操作继续。"	"服务端核验物理状态和人工确认后，明确授权原操作继续。"	"8360e18a67fb5e2c76e77a4a925e9a88462ea1c84225e0e60a76db98c1dce443"	"interface-integration-acceptance-candidate"	"unapproved-unexecuted-internal-derived-acceptance-draft"	"8005-onboard-server-MES-interface"	"needs-interface-owner-source-and-explicit-approval"	"document-route:R05-C2; scenario:TC-115; scenario-role:action; upstream-fr:FR-002; upstream-uc:UC-001; formation-history:H2:493ac5a; `688c201c3832` / H2; derived object: FR-002 AC-4.2"	"none-found-within-r05-pass"	"not-approved"	"controlled-interface-version;interface-owner;authoritative-upstream-version;named-approver;approval-date;approved-scope;version-or-sha256-binding"
"R05-A0318"	"R05"	"R05-59"	"requirement-documents/05-test-cases/01-site-operations/tc-115-hardware-signal-recovery-still-requires-manual-confirmation.md"	"688c201c3832c4986f17a370228f5947d843b84d1e2e1afb5b4b7c1eef60513c"	"line 27"	"TC-115 硬件信号恢复后仍需人工确认和服务端授权 > Expected Result 预期结果"	"步骤 1 和步骤 2 均不得触发自动开锁或自动续行。"	"步骤 1 和步骤 2 均不得触发自动开锁或自动续行。确认记录包含确认人、时间、车辆、仓位和故障原因。只有步骤 3 后，车载端才可在原目标仓位、原 LoadBatch、原 SlotOperationAttemptId 上继续；不得换仓、不得创建新的装货尝试，也不得重新打开已经完成的仓位。"	"fb498fc87b1537d7f549d5aba9a0c3dc5292447fef5a7d875ab54eb283952627"	"business-acceptance-outcome-candidate"	"unapproved-unexecuted-internal-derived-acceptance-draft"	"8005-site-operation-and-stop-closure"	"needs-upstream-source-and-explicit-approval"	"document-route:R05-C2; scenario:TC-115; scenario-role:outcome; upstream-fr:FR-002; upstream-uc:UC-001; formation-history:H2:493ac5a; `688c201c3832` / H2; derived object: FR-002 AC-4.2"	"none-found-within-r05-pass"	"not-approved"	"authoritative-upstream-version;named-approver;approval-date;approved-scope;version-or-sha256-binding"
"R05-A0319"	"R05"	"R05-59"	"requirement-documents/05-test-cases/01-site-operations/tc-115-hardware-signal-recovery-still-requires-manual-confirmation.md"	"688c201c3832c4986f17a370228f5947d843b84d1e2e1afb5b4b7c1eef60513c"	"line 27"	"TC-115 硬件信号恢复后仍需人工确认和服务端授权 > Expected Result 预期结果"	"确认记录包含确认人、时间、车辆、仓位和故障原因。"	"步骤 1 和步骤 2 均不得触发自动开锁或自动续行。确认记录包含确认人、时间、车辆、仓位和故障原因。只有步骤 3 后，车载端才可在原目标仓位、原 LoadBatch、原 SlotOperationAttemptId 上继续；不得换仓、不得创建新的装货尝试，也不得重新打开已经完成的仓位。"	"e5c3b1d3d5838f6db4eb7f0341199865d86db1aef4e400ce21b7f98f88a38262"	"safety-hardware-acceptance-candidate"	"unapproved-unexecuted-internal-derived-acceptance-draft"	"8005-site-safety-slot-hardware-and-recovery"	"needs-safety-hardware-authority-and-explicit-approval"	"document-route:R05-C2; scenario:TC-115; scenario-role:outcome; upstream-fr:FR-002; upstream-uc:UC-001; formation-history:H2:493ac5a; `688c201c3832` / H2; derived object: FR-002 AC-4.2"	"none-found-within-r05-pass"	"not-approved"	"hardware-and-IO-version-binding;safety-or-hardware-owner;risk-review-evidence;authoritative-upstream-version;named-approver;approval-date;approved-scope;version-or-sha256-binding"
"R05-A0320"	"R05"	"R05-59"	"requirement-documents/05-test-cases/01-site-operations/tc-115-hardware-signal-recovery-still-requires-manual-confirmation.md"	"688c201c3832c4986f17a370228f5947d843b84d1e2e1afb5b4b7c1eef60513c"	"line 27"	"TC-115 硬件信号恢复后仍需人工确认和服务端授权 > Expected Result 预期结果"	"只有步骤 3 后，车载端才可在原目标仓位、原 LoadBatch、原 SlotOperationAttemptId 上继续；"	"步骤 1 和步骤 2 均不得触发自动开锁或自动续行。确认记录包含确认人、时间、车辆、仓位和故障原因。只有步骤 3 后，车载端才可在原目标仓位、原 LoadBatch、原 SlotOperationAttemptId 上继续；不得换仓、不得创建新的装货尝试，也不得重新打开已经完成的仓位。"	"31da8d26fcdf98023de4565f355fde243e4dfe43b5dea4587d352c80a93d9221"	"internal-state-or-architecture-derivation"	"unapproved-unexecuted-internal-derived-acceptance-draft"	"8005-internal-site-operation-state-model"	"exclude-from-requirement-approval"	"document-route:R05-C2; scenario:TC-115; scenario-role:outcome; upstream-fr:FR-002; upstream-uc:UC-001; formation-history:H2:493ac5a; `688c201c3832` / H2; derived object: FR-002 AC-4.2"	"none-found-within-r05-pass"	"not-approved"	"authoritative-requirement-source;independent-approval-unit-reframing;authoritative-upstream-version;named-approver;approval-date;approved-scope;version-or-sha256-binding"
"R05-A0321"	"R05"	"R05-59"	"requirement-documents/05-test-cases/01-site-operations/tc-115-hardware-signal-recovery-still-requires-manual-confirmation.md"	"688c201c3832c4986f17a370228f5947d843b84d1e2e1afb5b4b7c1eef60513c"	"line 27"	"TC-115 硬件信号恢复后仍需人工确认和服务端授权 > Expected Result 预期结果"	"不得换仓、不得创建新的装货尝试，也不得重新打开已经完成的仓位。"	"步骤 1 和步骤 2 均不得触发自动开锁或自动续行。确认记录包含确认人、时间、车辆、仓位和故障原因。只有步骤 3 后，车载端才可在原目标仓位、原 LoadBatch、原 SlotOperationAttemptId 上继续；不得换仓、不得创建新的装货尝试，也不得重新打开已经完成的仓位。"	"d069415f4030da44fda2b63bad26d99b86474498791e55734e8fd4c016e91db8"	"business-acceptance-outcome-candidate"	"unapproved-unexecuted-internal-derived-acceptance-draft"	"8005-site-operation-and-stop-closure"	"needs-upstream-source-and-explicit-approval"	"document-route:R05-C2; scenario:TC-115; scenario-role:outcome; upstream-fr:FR-002; upstream-uc:UC-001; formation-history:H2:493ac5a; `688c201c3832` / H2; derived object: FR-002 AC-4.2"	"none-found-within-r05-pass"	"not-approved"	"authoritative-upstream-version;named-approver;approval-date;approved-scope;version-or-sha256-binding"
"R05-A0322"	"R05"	"R05-59"	"requirement-documents/05-test-cases/01-site-operations/tc-115-hardware-signal-recovery-still-requires-manual-confirmation.md"	"688c201c3832c4986f17a370228f5947d843b84d1e2e1afb5b4b7c1eef60513c"	"line 31"	"TC-115 硬件信号恢复后仍需人工确认和服务端授权 > Verifies 验证对象"	"[[fr-002-slot-unlock-occupancy-confirm-and-state-persist|FR-002]] AC-4.2"	"[[fr-002-slot-unlock-occupancy-confirm-and-state-persist|FR-002]] AC-4.2"	"9f8074dbb5c782b0d48202cc5115d439dbb1f3c5bfba38b36f16b718686f2057"	"verification-traceability-evidence"	"unapproved-unexecuted-internal-derived-acceptance-draft"	"8005-site-operation-and-stop-closure"	"evidence-only"	"document-route:R05-C2; scenario:TC-115; scenario-role:verification; upstream-fr:FR-002; upstream-uc:UC-001; formation-history:H2:493ac5a; `688c201c3832` / H2; derived object: FR-002 AC-4.2"	"none-found-within-r05-pass"	"not-approved"	"authoritative-upstream-version;named-approver;approval-date;approved-scope;version-or-sha256-binding"
"R05-A0323"	"R05"	"R05-60"	"requirement-documents/05-test-cases/01-site-operations/tc-116-production-operator-cannot-confirm-hardware-recovery.md"	"41e4970cf2af52246a16f7e651d348a3e02dbf0deeeb3e1ac0ab90cf90c52f70"	"line 17"	"TC-116 普通生产操作员不能确认硬件恢复 > Preconditions 前置条件"	"一个 LoadBatch 因目标仓位的锁 DI 失效进入 VehicleRecoveryRequired；"	"一个 LoadBatch 因目标仓位的锁 DI 失效进入 VehicleRecoveryRequired；当前登录人只有普通生产操作权限，没有 R-11 或等效维护权限。"	"8d0c91eeb21d182bc86b52a45f281ca653a20bd212002246d3e0022062d1cbf5"	"safety-hardware-acceptance-candidate"	"unapproved-unexecuted-internal-derived-acceptance-draft"	"8005-site-safety-slot-hardware-and-recovery"	"needs-safety-hardware-authority-and-explicit-approval"	"document-route:R05-C2; scenario:TC-116; scenario-role:precondition; upstream-fr:FR-002; upstream-uc:UC-001; formation-history:H2:493ac5a; `41e4970cf2af` / H2; derived object: FR-002 AC-4.3"	"none-found-within-r05-pass"	"not-approved"	"hardware-and-IO-version-binding;safety-or-hardware-owner;risk-review-evidence;authoritative-upstream-version;named-approver;approval-date;approved-scope;version-or-sha256-binding"
"R05-A0324"	"R05"	"R05-60"	"requirement-documents/05-test-cases/01-site-operations/tc-116-production-operator-cannot-confirm-hardware-recovery.md"	"41e4970cf2af52246a16f7e651d348a3e02dbf0deeeb3e1ac0ab90cf90c52f70"	"line 17"	"TC-116 普通生产操作员不能确认硬件恢复 > Preconditions 前置条件"	"当前登录人只有普通生产操作权限，没有 R-11 或等效维护权限。"	"一个 LoadBatch 因目标仓位的锁 DI 失效进入 VehicleRecoveryRequired；当前登录人只有普通生产操作权限，没有 R-11 或等效维护权限。"	"b1f4a74019824b53afc42707383aca84f6e7d56fae0ff0036c49fc84a9df61b3"	"identity-security-acceptance-candidate"	"unapproved-unexecuted-internal-derived-acceptance-draft"	"8005-identity-role-and-session"	"needs-security-role-owner-and-explicit-approval"	"document-route:R05-C2; scenario:TC-116; scenario-role:precondition; upstream-fr:FR-002; upstream-uc:UC-001; formation-history:H2:493ac5a; `41e4970cf2af` / H2; derived object: FR-002 AC-4.3"	"none-found-within-r05-pass"	"not-approved"	"role-authorization-source;security-or-business-owner;authoritative-upstream-version;named-approver;approval-date;approved-scope;version-or-sha256-binding"
"R05-A0325"	"R05"	"R05-60"	"requirement-documents/05-test-cases/01-site-operations/tc-116-production-operator-cannot-confirm-hardware-recovery.md"	"41e4970cf2af52246a16f7e651d348a3e02dbf0deeeb3e1ac0ab90cf90c52f70"	"line 21"	"TC-116 普通生产操作员不能确认硬件恢复 > Test Steps 测试步骤"	"当前登录人尝试提交 HardwareRecoveryConfirmation。"	"当前登录人尝试提交 HardwareRecoveryConfirmation。"	"7590a1c91ae51c57cd2f5eda04427cf7d34d58b65cf83c1a108dd1102cd3a8bd"	"identity-security-acceptance-candidate"	"unapproved-unexecuted-internal-derived-acceptance-draft"	"8005-identity-role-and-session"	"needs-security-role-owner-and-explicit-approval"	"document-route:R05-C2; scenario:TC-116; scenario-role:action; upstream-fr:FR-002; upstream-uc:UC-001; formation-history:H2:493ac5a; `41e4970cf2af` / H2; derived object: FR-002 AC-4.3"	"none-found-within-r05-pass"	"not-approved"	"role-authorization-source;security-or-business-owner;authoritative-upstream-version;named-approver;approval-date;approved-scope;version-or-sha256-binding"
"R05-A0326"	"R05"	"R05-60"	"requirement-documents/05-test-cases/01-site-operations/tc-116-production-operator-cannot-confirm-hardware-recovery.md"	"41e4970cf2af52246a16f7e651d348a3e02dbf0deeeb3e1ac0ab90cf90c52f70"	"line 25"	"TC-116 普通生产操作员不能确认硬件恢复 > Expected Result 预期结果"	"系统拒绝提交，不生成有效的 HardwareRecoveryConfirmation，并保持 VehicleRecoveryRequired；"	"系统拒绝提交，不生成有效的 HardwareRecoveryConfirmation，并保持 VehicleRecoveryRequired；不得发送开锁或续行指令。拒绝行为记录当前人员、时间、车辆、仓位和失败原因。"	"c6c38bf965b206366068214f049010f68caabfa1f890cbac86615eac17cb09dc"	"internal-state-or-architecture-derivation"	"unapproved-unexecuted-internal-derived-acceptance-draft"	"8005-internal-site-operation-state-model"	"exclude-from-requirement-approval"	"document-route:R05-C2; scenario:TC-116; scenario-role:outcome; upstream-fr:FR-002; upstream-uc:UC-001; formation-history:H2:493ac5a; `41e4970cf2af` / H2; derived object: FR-002 AC-4.3"	"none-found-within-r05-pass"	"not-approved"	"authoritative-requirement-source;independent-approval-unit-reframing;authoritative-upstream-version;named-approver;approval-date;approved-scope;version-or-sha256-binding"
"R05-A0327"	"R05"	"R05-60"	"requirement-documents/05-test-cases/01-site-operations/tc-116-production-operator-cannot-confirm-hardware-recovery.md"	"41e4970cf2af52246a16f7e651d348a3e02dbf0deeeb3e1ac0ab90cf90c52f70"	"line 25"	"TC-116 普通生产操作员不能确认硬件恢复 > Expected Result 预期结果"	"不得发送开锁或续行指令。"	"系统拒绝提交，不生成有效的 HardwareRecoveryConfirmation，并保持 VehicleRecoveryRequired；不得发送开锁或续行指令。拒绝行为记录当前人员、时间、车辆、仓位和失败原因。"	"aed554809abeb762b99aefa8325fbdff789328ab32fb2e00dc82f066486f64d4"	"business-acceptance-outcome-candidate"	"unapproved-unexecuted-internal-derived-acceptance-draft"	"8005-site-operation-and-stop-closure"	"needs-upstream-source-and-explicit-approval"	"document-route:R05-C2; scenario:TC-116; scenario-role:outcome; upstream-fr:FR-002; upstream-uc:UC-001; formation-history:H2:493ac5a; `41e4970cf2af` / H2; derived object: FR-002 AC-4.3"	"none-found-within-r05-pass"	"not-approved"	"authoritative-upstream-version;named-approver;approval-date;approved-scope;version-or-sha256-binding"
"R05-A0328"	"R05"	"R05-60"	"requirement-documents/05-test-cases/01-site-operations/tc-116-production-operator-cannot-confirm-hardware-recovery.md"	"41e4970cf2af52246a16f7e651d348a3e02dbf0deeeb3e1ac0ab90cf90c52f70"	"line 25"	"TC-116 普通生产操作员不能确认硬件恢复 > Expected Result 预期结果"	"拒绝行为记录当前人员、时间、车辆、仓位和失败原因。"	"系统拒绝提交，不生成有效的 HardwareRecoveryConfirmation，并保持 VehicleRecoveryRequired；不得发送开锁或续行指令。拒绝行为记录当前人员、时间、车辆、仓位和失败原因。"	"43b22b8066b57096f0dbedd27b526ea546e7770a29839ebf838cc3192efaf7e8"	"business-acceptance-outcome-candidate"	"unapproved-unexecuted-internal-derived-acceptance-draft"	"8005-site-operation-and-stop-closure"	"needs-upstream-source-and-explicit-approval"	"document-route:R05-C2; scenario:TC-116; scenario-role:outcome; upstream-fr:FR-002; upstream-uc:UC-001; formation-history:H2:493ac5a; `41e4970cf2af` / H2; derived object: FR-002 AC-4.3"	"none-found-within-r05-pass"	"not-approved"	"authoritative-upstream-version;named-approver;approval-date;approved-scope;version-or-sha256-binding"
"R05-A0329"	"R05"	"R05-60"	"requirement-documents/05-test-cases/01-site-operations/tc-116-production-operator-cannot-confirm-hardware-recovery.md"	"41e4970cf2af52246a16f7e651d348a3e02dbf0deeeb3e1ac0ab90cf90c52f70"	"line 29"	"TC-116 普通生产操作员不能确认硬件恢复 > Verifies 验证对象"	"[[fr-002-slot-unlock-occupancy-confirm-and-state-persist|FR-002]] AC-4.3"	"[[fr-002-slot-unlock-occupancy-confirm-and-state-persist|FR-002]] AC-4.3"	"595f9cc307880a94e4feb2caf587e11d782d62ccbadb82c5c143108159948c77"	"verification-traceability-evidence"	"unapproved-unexecuted-internal-derived-acceptance-draft"	"8005-site-operation-and-stop-closure"	"evidence-only"	"document-route:R05-C2; scenario:TC-116; scenario-role:verification; upstream-fr:FR-002; upstream-uc:UC-001; formation-history:H2:493ac5a; `41e4970cf2af` / H2; derived object: FR-002 AC-4.3"	"none-found-within-r05-pass"	"not-approved"	"authoritative-upstream-version;named-approver;approval-date;approved-scope;version-or-sha256-binding"
"R05-A0330"	"R05"	"R05-61"	"requirement-documents/05-test-cases/01-site-operations/tc-117-supervisor-decides-load-compensation.md"	"1aef362e85419d13b25b68b0297d8c29366b14862798ff59364cbadb107c04cf"	"line 17"	"TC-117 班组长决定硬件故障后的整批清空 > Preconditions 前置条件"	"一个 LoadBatch 因目标仓位关键硬件反馈故障处于 VehicleRecoveryRequired；"	"一个 LoadBatch 因目标仓位关键硬件反馈故障处于 VehicleRecoveryRequired；系统保留原 SlotOperationAttemptId、完整目标仓位、预留和逐仓事实。当前登录人具有 R-09 或被显式授予的等效生产管理权限。"	"760925307cab38a1c173d4089f5525e90bcbe05fac4fddb3dbe1509879971277"	"safety-hardware-acceptance-candidate"	"unapproved-unexecuted-internal-derived-acceptance-draft"	"8005-site-safety-slot-hardware-and-recovery"	"needs-safety-hardware-authority-and-explicit-approval"	"document-route:R05-C2; scenario:TC-117; scenario-role:precondition; upstream-fr:FR-002; upstream-uc:UC-001; formation-history:H2:493ac5a; `1aef362e8541` / H2; derived object: FR-002 AC-4.4"	"none-found-within-r05-pass"	"not-approved"	"hardware-and-IO-version-binding;safety-or-hardware-owner;risk-review-evidence;authoritative-upstream-version;named-approver;approval-date;approved-scope;version-or-sha256-binding"
"R05-A0331"	"R05"	"R05-61"	"requirement-documents/05-test-cases/01-site-operations/tc-117-supervisor-decides-load-compensation.md"	"1aef362e85419d13b25b68b0297d8c29366b14862798ff59364cbadb107c04cf"	"line 17"	"TC-117 班组长决定硬件故障后的整批清空 > Preconditions 前置条件"	"系统保留原 SlotOperationAttemptId、完整目标仓位、预留和逐仓事实。"	"一个 LoadBatch 因目标仓位关键硬件反馈故障处于 VehicleRecoveryRequired；系统保留原 SlotOperationAttemptId、完整目标仓位、预留和逐仓事实。当前登录人具有 R-09 或被显式授予的等效生产管理权限。"	"685506c870f8a00556bf29d39277e8338f7f29b68b9d376f86dc6ec93b5391b6"	"internal-state-or-architecture-derivation"	"unapproved-unexecuted-internal-derived-acceptance-draft"	"8005-internal-site-operation-state-model"	"exclude-from-requirement-approval"	"document-route:R05-C2; scenario:TC-117; scenario-role:precondition; upstream-fr:FR-002; upstream-uc:UC-001; formation-history:H2:493ac5a; `1aef362e8541` / H2; derived object: FR-002 AC-4.4"	"none-found-within-r05-pass"	"not-approved"	"authoritative-requirement-source;independent-approval-unit-reframing;authoritative-upstream-version;named-approver;approval-date;approved-scope;version-or-sha256-binding"
"R05-A0332"	"R05"	"R05-61"	"requirement-documents/05-test-cases/01-site-operations/tc-117-supervisor-decides-load-compensation.md"	"1aef362e85419d13b25b68b0297d8c29366b14862798ff59364cbadb107c04cf"	"line 17"	"TC-117 班组长决定硬件故障后的整批清空 > Preconditions 前置条件"	"当前登录人具有 R-09 或被显式授予的等效生产管理权限。"	"一个 LoadBatch 因目标仓位关键硬件反馈故障处于 VehicleRecoveryRequired；系统保留原 SlotOperationAttemptId、完整目标仓位、预留和逐仓事实。当前登录人具有 R-09 或被显式授予的等效生产管理权限。"	"8be5df355b368b40010d8118ced32716ca2d082186589df89ed85557a695cdd9"	"identity-security-acceptance-candidate"	"unapproved-unexecuted-internal-derived-acceptance-draft"	"8005-identity-role-and-session"	"needs-security-role-owner-and-explicit-approval"	"document-route:R05-C2; scenario:TC-117; scenario-role:precondition; upstream-fr:FR-002; upstream-uc:UC-001; formation-history:H2:493ac5a; `1aef362e8541` / H2; derived object: FR-002 AC-4.4"	"none-found-within-r05-pass"	"not-approved"	"role-authorization-source;security-or-business-owner;authoritative-upstream-version;named-approver;approval-date;approved-scope;version-or-sha256-binding"
"R05-A0333"	"R05"	"R05-61"	"requirement-documents/05-test-cases/01-site-operations/tc-117-supervisor-decides-load-compensation.md"	"1aef362e85419d13b25b68b0297d8c29366b14862798ff59364cbadb107c04cf"	"line 21"	"TC-117 班组长决定硬件故障后的整批清空 > Test Steps 测试步骤"	"当前登录人在提交前再次刷卡或认证，选择 `HARDWARE_NOT_RECOVERABLE_ON_SITE` 或 `PRODUCTION_ABORTS_CURRENT_LOAD` 并可选填写备注，再以个人身份作出 LoadCompensationDecision，决定不再继续原装货并整批清空。"	"当前登录人在提交前再次刷卡或认证，选择 `HARDWARE_NOT_RECOVERABLE_ON_SITE` 或 `PRODUCTION_ABORTS_CURRENT_LOAD` 并可选填写备注，再以个人身份作出 LoadCompensationDecision，决定不再继续原装货并整批清空。"	"0bff68d19526f2ed82a9efaeb2ab81328915548aa759126294a6bd39887e8f92"	"identity-security-acceptance-candidate"	"unapproved-unexecuted-internal-derived-acceptance-draft"	"8005-identity-role-and-session"	"needs-security-role-owner-and-explicit-approval"	"document-route:R05-C2; scenario:TC-117; scenario-role:action; upstream-fr:FR-002; upstream-uc:UC-001; formation-history:H2:493ac5a; `1aef362e8541` / H2; derived object: FR-002 AC-4.4"	"none-found-within-r05-pass"	"not-approved"	"role-authorization-source;security-or-business-owner;authoritative-upstream-version;named-approver;approval-date;approved-scope;version-or-sha256-binding"
"R05-A0334"	"R05"	"R05-61"	"requirement-documents/05-test-cases/01-site-operations/tc-117-supervisor-decides-load-compensation.md"	"1aef362e85419d13b25b68b0297d8c29366b14862798ff59364cbadb107c04cf"	"line 25"	"TC-117 班组长决定硬件故障后的整批清空 > Expected Result 预期结果"	"服务端核验本次有效二次认证、R-09 或等效生产管理权限和有效原因码后接受该业务决定，记录原因码及可选备注，并可将原 SlotOperationAttemptId 置为 LoadCompensationRequired；"	"服务端核验本次有效二次认证、R-09 或等效生产管理权限和有效原因码后接受该业务决定，记录原因码及可选备注，并可将原 SlotOperationAttemptId 置为 LoadCompensationRequired；不得因决定本身自动开锁、清空或结束原任务。只有操作员随后发起补偿且服务端完成状态核验并明确授权后，才允许进入 LoadCompensationRecovery。"	"7384948482058f9d9f448c1efbad3a91e9cc3045e22098399f186133be39d79d"	"identity-security-acceptance-candidate"	"unapproved-unexecuted-internal-derived-acceptance-draft"	"8005-identity-role-and-session"	"needs-security-role-owner-and-explicit-approval"	"document-route:R05-C2; scenario:TC-117; scenario-role:outcome; upstream-fr:FR-002; upstream-uc:UC-001; formation-history:H2:493ac5a; `1aef362e8541` / H2; derived object: FR-002 AC-4.4"	"none-found-within-r05-pass"	"not-approved"	"role-authorization-source;security-or-business-owner;authoritative-upstream-version;named-approver;approval-date;approved-scope;version-or-sha256-binding"
"R05-A0335"	"R05"	"R05-61"	"requirement-documents/05-test-cases/01-site-operations/tc-117-supervisor-decides-load-compensation.md"	"1aef362e85419d13b25b68b0297d8c29366b14862798ff59364cbadb107c04cf"	"line 25"	"TC-117 班组长决定硬件故障后的整批清空 > Expected Result 预期结果"	"不得因决定本身自动开锁、清空或结束原任务。"	"服务端核验本次有效二次认证、R-09 或等效生产管理权限和有效原因码后接受该业务决定，记录原因码及可选备注，并可将原 SlotOperationAttemptId 置为 LoadCompensationRequired；不得因决定本身自动开锁、清空或结束原任务。只有操作员随后发起补偿且服务端完成状态核验并明确授权后，才允许进入 LoadCompensationRecovery。"	"197a9fabc5df21f15d70b945df0c215d84a5e4453f9d52e344e2b66afe5ca93f"	"business-acceptance-outcome-candidate"	"unapproved-unexecuted-internal-derived-acceptance-draft"	"8005-site-operation-and-stop-closure"	"needs-upstream-source-and-explicit-approval"	"document-route:R05-C2; scenario:TC-117; scenario-role:outcome; upstream-fr:FR-002; upstream-uc:UC-001; formation-history:H2:493ac5a; `1aef362e8541` / H2; derived object: FR-002 AC-4.4"	"none-found-within-r05-pass"	"not-approved"	"authoritative-upstream-version;named-approver;approval-date;approved-scope;version-or-sha256-binding"
"R05-A0336"	"R05"	"R05-61"	"requirement-documents/05-test-cases/01-site-operations/tc-117-supervisor-decides-load-compensation.md"	"1aef362e85419d13b25b68b0297d8c29366b14862798ff59364cbadb107c04cf"	"line 25"	"TC-117 班组长决定硬件故障后的整批清空 > Expected Result 预期结果"	"只有操作员随后发起补偿且服务端完成状态核验并明确授权后，才允许进入 LoadCompensationRecovery。"	"服务端核验本次有效二次认证、R-09 或等效生产管理权限和有效原因码后接受该业务决定，记录原因码及可选备注，并可将原 SlotOperationAttemptId 置为 LoadCompensationRequired；不得因决定本身自动开锁、清空或结束原任务。只有操作员随后发起补偿且服务端完成状态核验并明确授权后，才允许进入 LoadCompensationRecovery。"	"bf363dc9a7ae479d9f83b912663f97eee88c78ca0bc96d613951200a30f132b2"	"internal-state-or-architecture-derivation"	"unapproved-unexecuted-internal-derived-acceptance-draft"	"8005-internal-site-operation-state-model"	"exclude-from-requirement-approval"	"document-route:R05-C2; scenario:TC-117; scenario-role:outcome; upstream-fr:FR-002; upstream-uc:UC-001; formation-history:H2:493ac5a; `1aef362e8541` / H2; derived object: FR-002 AC-4.4"	"none-found-within-r05-pass"	"not-approved"	"authoritative-requirement-source;independent-approval-unit-reframing;authoritative-upstream-version;named-approver;approval-date;approved-scope;version-or-sha256-binding"
"R05-A0337"	"R05"	"R05-61"	"requirement-documents/05-test-cases/01-site-operations/tc-117-supervisor-decides-load-compensation.md"	"1aef362e85419d13b25b68b0297d8c29366b14862798ff59364cbadb107c04cf"	"line 29"	"TC-117 班组长决定硬件故障后的整批清空 > Verifies 验证对象"	"[[fr-002-slot-unlock-occupancy-confirm-and-state-persist|FR-002]] AC-4.4"	"[[fr-002-slot-unlock-occupancy-confirm-and-state-persist|FR-002]] AC-4.4"	"781cfcf786222551d1bf1133a8f7c0b1dfbd8bdb54b6650edc6015696437baaa"	"verification-traceability-evidence"	"unapproved-unexecuted-internal-derived-acceptance-draft"	"8005-site-operation-and-stop-closure"	"evidence-only"	"document-route:R05-C2; scenario:TC-117; scenario-role:verification; upstream-fr:FR-002; upstream-uc:UC-001; formation-history:H2:493ac5a; `1aef362e8541` / H2; derived object: FR-002 AC-4.4"	"none-found-within-r05-pass"	"not-approved"	"authoritative-upstream-version;named-approver;approval-date;approved-scope;version-or-sha256-binding"
"R05-A0338"	"R05"	"R05-62"	"requirement-documents/05-test-cases/01-site-operations/tc-118-maintenance-confirmation-cannot-replace-compensation-decision.md"	"fd8dcf27a226e21de9cd441fb4587787dac1a377311314dc3c5e569c818ddea3"	"line 17"	"TC-118 维护确认不能代替整批清空决定 > Preconditions 前置条件"	"一个 LoadBatch 因目标仓位关键硬件反馈故障处于 VehicleRecoveryRequired；"	"一个 LoadBatch 因目标仓位关键硬件反馈故障处于 VehicleRecoveryRequired；准备三个个人账号：仅有 R-11 维护权限的账号、仅有普通生产操作权限的账号，以及同时具有 R-11 与 R-09 两项独立权限的兼任账号。"	"760925307cab38a1c173d4089f5525e90bcbe05fac4fddb3dbe1509879971277"	"safety-hardware-acceptance-candidate"	"unapproved-unexecuted-internal-derived-acceptance-draft"	"8005-site-safety-slot-hardware-and-recovery"	"needs-safety-hardware-authority-and-explicit-approval"	"document-route:R05-C2; scenario:TC-118; scenario-role:precondition; upstream-fr:FR-002; upstream-uc:UC-001; formation-history:H2:493ac5a; `fd8dcf27a226` / H2; derived object: FR-002 AC-4.5; exact-duplicate-of:R05-A0330"	"none-found-within-r05-pass"	"not-approved"	"hardware-and-IO-version-binding;safety-or-hardware-owner;risk-review-evidence;authoritative-upstream-version;named-approver;approval-date;approved-scope;version-or-sha256-binding"
"R05-A0339"	"R05"	"R05-62"	"requirement-documents/05-test-cases/01-site-operations/tc-118-maintenance-confirmation-cannot-replace-compensation-decision.md"	"fd8dcf27a226e21de9cd441fb4587787dac1a377311314dc3c5e569c818ddea3"	"line 17"	"TC-118 维护确认不能代替整批清空决定 > Preconditions 前置条件"	"准备三个个人账号：仅有 R-11 维护权限的账号、仅有普通生产操作权限的账号，以及同时具有 R-11 与 R-09 两项独立权限的兼任账号。"	"一个 LoadBatch 因目标仓位关键硬件反馈故障处于 VehicleRecoveryRequired；准备三个个人账号：仅有 R-11 维护权限的账号、仅有普通生产操作权限的账号，以及同时具有 R-11 与 R-09 两项独立权限的兼任账号。"	"039196dae307b4f820055773e5f9600f29f63d8eba029976e45821ffdb18adda"	"identity-security-acceptance-candidate"	"unapproved-unexecuted-internal-derived-acceptance-draft"	"8005-identity-role-and-session"	"needs-security-role-owner-and-explicit-approval"	"document-route:R05-C2; scenario:TC-118; scenario-role:precondition; upstream-fr:FR-002; upstream-uc:UC-001; formation-history:H2:493ac5a; `fd8dcf27a226` / H2; derived object: FR-002 AC-4.5"	"none-found-within-r05-pass"	"not-approved"	"role-authorization-source;security-or-business-owner;authoritative-upstream-version;named-approver;approval-date;approved-scope;version-or-sha256-binding"
"R05-A0340"	"R05"	"R05-62"	"requirement-documents/05-test-cases/01-site-operations/tc-118-maintenance-confirmation-cannot-replace-compensation-decision.md"	"fd8dcf27a226e21de9cd441fb4587787dac1a377311314dc3c5e569c818ddea3"	"line 21"	"TC-118 维护确认不能代替整批清空决定 > Test Steps 测试步骤"	"仅有 R-11 维护权限的账号提交 HardwareRecoveryConfirmation 后，尝试作出 LoadCompensationDecision。"	"仅有 R-11 维护权限的账号提交 HardwareRecoveryConfirmation 后，尝试作出 LoadCompensationDecision。"	"ab4e11e6646411e6b635fffbc2b74ad5323909806c1245656e4c3fb0d94d1d6b"	"identity-security-acceptance-candidate"	"unapproved-unexecuted-internal-derived-acceptance-draft"	"8005-identity-role-and-session"	"needs-security-role-owner-and-explicit-approval"	"document-route:R05-C2; scenario:TC-118; scenario-role:action; upstream-fr:FR-002; upstream-uc:UC-001; formation-history:H2:493ac5a; `fd8dcf27a226` / H2; derived object: FR-002 AC-4.5"	"none-found-within-r05-pass"	"not-approved"	"role-authorization-source;security-or-business-owner;authoritative-upstream-version;named-approver;approval-date;approved-scope;version-or-sha256-binding"
"R05-A0341"	"R05"	"R05-62"	"requirement-documents/05-test-cases/01-site-operations/tc-118-maintenance-confirmation-cannot-replace-compensation-decision.md"	"fd8dcf27a226e21de9cd441fb4587787dac1a377311314dc3c5e569c818ddea3"	"line 22"	"TC-118 维护确认不能代替整批清空决定 > Test Steps 测试步骤"	"仅有普通生产操作权限的账号申请并尝试作出 LoadCompensationDecision。"	"仅有普通生产操作权限的账号申请并尝试作出 LoadCompensationDecision。"	"3f9e3f03c8dafb8eabcd81ede8dc3236d869df0760c8b59c9a3cb25007067f5e"	"identity-security-acceptance-candidate"	"unapproved-unexecuted-internal-derived-acceptance-draft"	"8005-identity-role-and-session"	"needs-security-role-owner-and-explicit-approval"	"document-route:R05-C2; scenario:TC-118; scenario-role:action; upstream-fr:FR-002; upstream-uc:UC-001; formation-history:H2:493ac5a; `fd8dcf27a226` / H2; derived object: FR-002 AC-4.5"	"none-found-within-r05-pass"	"not-approved"	"role-authorization-source;security-or-business-owner;authoritative-upstream-version;named-approver;approval-date;approved-scope;version-or-sha256-binding"
"R05-A0342"	"R05"	"R05-62"	"requirement-documents/05-test-cases/01-site-operations/tc-118-maintenance-confirmation-cannot-replace-compensation-decision.md"	"fd8dcf27a226e21de9cd441fb4587787dac1a377311314dc3c5e569c818ddea3"	"line 23"	"TC-118 维护确认不能代替整批清空决定 > Test Steps 测试步骤"	"兼任账号先以 R-11 权限提交 HardwareRecoveryConfirmation，再为整批清空决定完成即时二次认证，并以 R-09 权限作出 LoadCompensationDecision。"	"兼任账号先以 R-11 权限提交 HardwareRecoveryConfirmation，再为整批清空决定完成即时二次认证，并以 R-09 权限作出 LoadCompensationDecision。"	"513a0a07f49d457c4470e359b69a4c773b5da6c5ab0492fc5e4355e858a0575c"	"identity-security-acceptance-candidate"	"unapproved-unexecuted-internal-derived-acceptance-draft"	"8005-identity-role-and-session"	"needs-security-role-owner-and-explicit-approval"	"document-route:R05-C2; scenario:TC-118; scenario-role:action; upstream-fr:FR-002; upstream-uc:UC-001; formation-history:H2:493ac5a; `fd8dcf27a226` / H2; derived object: FR-002 AC-4.5"	"none-found-within-r05-pass"	"not-approved"	"role-authorization-source;security-or-business-owner;authoritative-upstream-version;named-approver;approval-date;approved-scope;version-or-sha256-binding"
"R05-A0343"	"R05"	"R05-62"	"requirement-documents/05-test-cases/01-site-operations/tc-118-maintenance-confirmation-cannot-replace-compensation-decision.md"	"fd8dcf27a226e21de9cd441fb4587787dac1a377311314dc3c5e569c818ddea3"	"line 27"	"TC-118 维护确认不能代替整批清空决定 > Expected Result 预期结果"	"步骤 1 和步骤 2 的 LoadCompensationDecision 均被拒绝，系统保持原业务目标且不得进入 LoadCompensationRequired；"	"步骤 1 和步骤 2 的 LoadCompensationDecision 均被拒绝，系统保持原业务目标且不得进入 LoadCompensationRequired；其中有效的 HardwareRecoveryConfirmation 只证明设备状态。步骤 3 的两项动作分别通过各自权限核验，且 LoadCompensationDecision 关联本次有效二次认证，形成两个独立事实；系统不得把其中任一动作自动推导为另一动作。"	"06b89babd8186c5358c4bb242875e0311b7d12ce0b3b5e01307f8872861a3b5d"	"internal-state-or-architecture-derivation"	"unapproved-unexecuted-internal-derived-acceptance-draft"	"8005-internal-site-operation-state-model"	"exclude-from-requirement-approval"	"document-route:R05-C2; scenario:TC-118; scenario-role:outcome; upstream-fr:FR-002; upstream-uc:UC-001; formation-history:H2:493ac5a; `fd8dcf27a226` / H2; derived object: FR-002 AC-4.5"	"none-found-within-r05-pass"	"not-approved"	"authoritative-requirement-source;independent-approval-unit-reframing;authoritative-upstream-version;named-approver;approval-date;approved-scope;version-or-sha256-binding"
"R05-A0344"	"R05"	"R05-62"	"requirement-documents/05-test-cases/01-site-operations/tc-118-maintenance-confirmation-cannot-replace-compensation-decision.md"	"fd8dcf27a226e21de9cd441fb4587787dac1a377311314dc3c5e569c818ddea3"	"line 27"	"TC-118 维护确认不能代替整批清空决定 > Expected Result 预期结果"	"其中有效的 HardwareRecoveryConfirmation 只证明设备状态。"	"步骤 1 和步骤 2 的 LoadCompensationDecision 均被拒绝，系统保持原业务目标且不得进入 LoadCompensationRequired；其中有效的 HardwareRecoveryConfirmation 只证明设备状态。步骤 3 的两项动作分别通过各自权限核验，且 LoadCompensationDecision 关联本次有效二次认证，形成两个独立事实；系统不得把其中任一动作自动推导为另一动作。"	"72484e518b552db55b95cf6e2240237a883bc02bc39369df2280509d03ef488f"	"business-acceptance-outcome-candidate"	"unapproved-unexecuted-internal-derived-acceptance-draft"	"8005-site-operation-and-stop-closure"	"needs-upstream-source-and-explicit-approval"	"document-route:R05-C2; scenario:TC-118; scenario-role:outcome; upstream-fr:FR-002; upstream-uc:UC-001; formation-history:H2:493ac5a; `fd8dcf27a226` / H2; derived object: FR-002 AC-4.5"	"none-found-within-r05-pass"	"not-approved"	"authoritative-upstream-version;named-approver;approval-date;approved-scope;version-or-sha256-binding"
"R05-A0345"	"R05"	"R05-62"	"requirement-documents/05-test-cases/01-site-operations/tc-118-maintenance-confirmation-cannot-replace-compensation-decision.md"	"fd8dcf27a226e21de9cd441fb4587787dac1a377311314dc3c5e569c818ddea3"	"line 27"	"TC-118 维护确认不能代替整批清空决定 > Expected Result 预期结果"	"步骤 3 的两项动作分别通过各自权限核验，且 LoadCompensationDecision 关联本次有效二次认证，形成两个独立事实；"	"步骤 1 和步骤 2 的 LoadCompensationDecision 均被拒绝，系统保持原业务目标且不得进入 LoadCompensationRequired；其中有效的 HardwareRecoveryConfirmation 只证明设备状态。步骤 3 的两项动作分别通过各自权限核验，且 LoadCompensationDecision 关联本次有效二次认证，形成两个独立事实；系统不得把其中任一动作自动推导为另一动作。"	"1dbb42ff1f85de8e2c6e23079d822773edd487259a45e767084696b924923434"	"identity-security-acceptance-candidate"	"unapproved-unexecuted-internal-derived-acceptance-draft"	"8005-identity-role-and-session"	"needs-security-role-owner-and-explicit-approval"	"document-route:R05-C2; scenario:TC-118; scenario-role:outcome; upstream-fr:FR-002; upstream-uc:UC-001; formation-history:H2:493ac5a; `fd8dcf27a226` / H2; derived object: FR-002 AC-4.5"	"none-found-within-r05-pass"	"not-approved"	"role-authorization-source;security-or-business-owner;authoritative-upstream-version;named-approver;approval-date;approved-scope;version-or-sha256-binding"
"R05-A0346"	"R05"	"R05-62"	"requirement-documents/05-test-cases/01-site-operations/tc-118-maintenance-confirmation-cannot-replace-compensation-decision.md"	"fd8dcf27a226e21de9cd441fb4587787dac1a377311314dc3c5e569c818ddea3"	"line 27"	"TC-118 维护确认不能代替整批清空决定 > Expected Result 预期结果"	"系统不得把其中任一动作自动推导为另一动作。"	"步骤 1 和步骤 2 的 LoadCompensationDecision 均被拒绝，系统保持原业务目标且不得进入 LoadCompensationRequired；其中有效的 HardwareRecoveryConfirmation 只证明设备状态。步骤 3 的两项动作分别通过各自权限核验，且 LoadCompensationDecision 关联本次有效二次认证，形成两个独立事实；系统不得把其中任一动作自动推导为另一动作。"	"1480fabd6a5cdb6f88e314ba1df690fbac05c97f33e940e9d70b92ad60a83546"	"business-acceptance-outcome-candidate"	"unapproved-unexecuted-internal-derived-acceptance-draft"	"8005-site-operation-and-stop-closure"	"needs-upstream-source-and-explicit-approval"	"document-route:R05-C2; scenario:TC-118; scenario-role:outcome; upstream-fr:FR-002; upstream-uc:UC-001; formation-history:H2:493ac5a; `fd8dcf27a226` / H2; derived object: FR-002 AC-4.5"	"none-found-within-r05-pass"	"not-approved"	"authoritative-upstream-version;named-approver;approval-date;approved-scope;version-or-sha256-binding"
"R05-A0347"	"R05"	"R05-62"	"requirement-documents/05-test-cases/01-site-operations/tc-118-maintenance-confirmation-cannot-replace-compensation-decision.md"	"fd8dcf27a226e21de9cd441fb4587787dac1a377311314dc3c5e569c818ddea3"	"line 31"	"TC-118 维护确认不能代替整批清空决定 > Verifies 验证对象"	"[[fr-002-slot-unlock-occupancy-confirm-and-state-persist|FR-002]] AC-4.5"	"[[fr-002-slot-unlock-occupancy-confirm-and-state-persist|FR-002]] AC-4.5"	"215a660b247a1e9ce183cd02fcc4bbee32505c572e2f882e308b86fa1388a6c2"	"verification-traceability-evidence"	"unapproved-unexecuted-internal-derived-acceptance-draft"	"8005-site-operation-and-stop-closure"	"evidence-only"	"document-route:R05-C2; scenario:TC-118; scenario-role:verification; upstream-fr:FR-002; upstream-uc:UC-001; formation-history:H2:493ac5a; `fd8dcf27a226` / H2; derived object: FR-002 AC-4.5"	"none-found-within-r05-pass"	"not-approved"	"authoritative-upstream-version;named-approver;approval-date;approved-scope;version-or-sha256-binding"
"R05-A0348"	"R05"	"R05-63"	"requirement-documents/05-test-cases/01-site-operations/tc-119-hardware-fault-cannot-bypass-compensation-decision-via-normal-cancel.md"	"ac7c38fd837086b67709844f9f61522abf4ee7c422593ee3eed9f6a27196fd16"	"line 17"	"TC-119 硬件故障不能通过普通取消绕过整批清空决定 > Preconditions 前置条件"	"一个 LoadBatch 因目标仓位锁 DI 失效处于 VehicleRecoveryRequired，尚无 R-09 或等效生产管理权限作出的 LoadCompensationDecision；"	"一个 LoadBatch 因目标仓位锁 DI 失效处于 VehicleRecoveryRequired，尚无 R-09 或等效生产管理权限作出的 LoadCompensationDecision；当前登录人只有普通生产操作权限。"	"61b81d0a0844064492cbd8ad685de2c059da184a7ca8d40571c6e41958372c60"	"identity-security-acceptance-candidate"	"unapproved-unexecuted-internal-derived-acceptance-draft"	"8005-identity-role-and-session"	"needs-security-role-owner-and-explicit-approval"	"document-route:R05-C2; scenario:TC-119; scenario-role:precondition; upstream-fr:FR-007; upstream-uc:UC-006; formation-history:H2:493ac5a; `ac7c38fd8370` / H2; derived object: FR-007 AC-10"	"none-found-within-r05-pass"	"not-approved"	"role-authorization-source;security-or-business-owner;authoritative-upstream-version;named-approver;approval-date;approved-scope;version-or-sha256-binding"
"R05-A0349"	"R05"	"R05-63"	"requirement-documents/05-test-cases/01-site-operations/tc-119-hardware-fault-cannot-bypass-compensation-decision-via-normal-cancel.md"	"ac7c38fd837086b67709844f9f61522abf4ee7c422593ee3eed9f6a27196fd16"	"line 17"	"TC-119 硬件故障不能通过普通取消绕过整批清空决定 > Preconditions 前置条件"	"当前登录人只有普通生产操作权限。"	"一个 LoadBatch 因目标仓位锁 DI 失效处于 VehicleRecoveryRequired，尚无 R-09 或等效生产管理权限作出的 LoadCompensationDecision；当前登录人只有普通生产操作权限。"	"0e19a468733ca137a90acab0aa6e4bba907d06296d64fcdded0f92618d1ea17e"	"identity-security-acceptance-candidate"	"unapproved-unexecuted-internal-derived-acceptance-draft"	"8005-identity-role-and-session"	"needs-security-role-owner-and-explicit-approval"	"document-route:R05-C2; scenario:TC-119; scenario-role:precondition; upstream-fr:FR-007; upstream-uc:UC-006; formation-history:H2:493ac5a; `ac7c38fd8370` / H2; derived object: FR-007 AC-10"	"none-found-within-r05-pass"	"not-approved"	"role-authorization-source;security-or-business-owner;authoritative-upstream-version;named-approver;approval-date;approved-scope;version-or-sha256-binding"
"R05-A0350"	"R05"	"R05-63"	"requirement-documents/05-test-cases/01-site-operations/tc-119-hardware-fault-cannot-bypass-compensation-decision-via-normal-cancel.md"	"ac7c38fd837086b67709844f9f61522abf4ee7c422593ee3eed9f6a27196fd16"	"line 21"	"TC-119 硬件故障不能通过普通取消绕过整批清空决定 > Test Steps 测试步骤"	"当前登录人从 CurrentStopWorklist 对该 DemandId 发起普通“清空并取消”请求。"	"当前登录人从 CurrentStopWorklist 对该 DemandId 发起普通“清空并取消”请求。"	"72122ae96b83d8f1922808912121b5cda60ef36251518439fa03156ccc1e7e85"	"identity-security-acceptance-candidate"	"unapproved-unexecuted-internal-derived-acceptance-draft"	"8005-identity-role-and-session"	"needs-security-role-owner-and-explicit-approval"	"document-route:R05-C2; scenario:TC-119; scenario-role:action; upstream-fr:FR-007; upstream-uc:UC-006; formation-history:H2:493ac5a; `ac7c38fd8370` / H2; derived object: FR-007 AC-10"	"none-found-within-r05-pass"	"not-approved"	"role-authorization-source;security-or-business-owner;authoritative-upstream-version;named-approver;approval-date;approved-scope;version-or-sha256-binding"
"R05-A0351"	"R05"	"R05-63"	"requirement-documents/05-test-cases/01-site-operations/tc-119-hardware-fault-cannot-bypass-compensation-decision-via-normal-cancel.md"	"ac7c38fd837086b67709844f9f61522abf4ee7c422593ee3eed9f6a27196fd16"	"line 25"	"TC-119 硬件故障不能通过普通取消绕过整批清空决定 > Expected Result 预期结果"	"服务端拒绝普通取消并返回稳定原因码，不进入 LoadCancelPending，不下发任何开锁指令，也不改变原 LoadBatch 的业务目标。"	"服务端拒绝普通取消并返回稳定原因码，不进入 LoadCancelPending，不下发任何开锁指令，也不改变原 LoadBatch 的业务目标。界面引导等待 R-09 或等效生产管理权限作出 LoadCompensationDecision，再进入专用补偿恢复。"	"e0093d282ce559a0fddddf2726e1f41c49fc047f6d77d021634b198395438317"	"identity-security-acceptance-candidate"	"unapproved-unexecuted-internal-derived-acceptance-draft"	"8005-identity-role-and-session"	"needs-security-role-owner-and-explicit-approval"	"document-route:R05-C2; scenario:TC-119; scenario-role:outcome; upstream-fr:FR-007; upstream-uc:UC-006; formation-history:H2:493ac5a; `ac7c38fd8370` / H2; derived object: FR-007 AC-10"	"none-found-within-r05-pass"	"not-approved"	"role-authorization-source;security-or-business-owner;authoritative-upstream-version;named-approver;approval-date;approved-scope;version-or-sha256-binding"
"R05-A0352"	"R05"	"R05-63"	"requirement-documents/05-test-cases/01-site-operations/tc-119-hardware-fault-cannot-bypass-compensation-decision-via-normal-cancel.md"	"ac7c38fd837086b67709844f9f61522abf4ee7c422593ee3eed9f6a27196fd16"	"line 25"	"TC-119 硬件故障不能通过普通取消绕过整批清空决定 > Expected Result 预期结果"	"界面引导等待 R-09 或等效生产管理权限作出 LoadCompensationDecision，再进入专用补偿恢复。"	"服务端拒绝普通取消并返回稳定原因码，不进入 LoadCancelPending，不下发任何开锁指令，也不改变原 LoadBatch 的业务目标。界面引导等待 R-09 或等效生产管理权限作出 LoadCompensationDecision，再进入专用补偿恢复。"	"1522e55fcce4fb8f0d9bbc02280af28a1b788d49e8f1fa67beee83bb31b1a7c3"	"identity-security-acceptance-candidate"	"unapproved-unexecuted-internal-derived-acceptance-draft"	"8005-identity-role-and-session"	"needs-security-role-owner-and-explicit-approval"	"document-route:R05-C2; scenario:TC-119; scenario-role:outcome; upstream-fr:FR-007; upstream-uc:UC-006; formation-history:H2:493ac5a; `ac7c38fd8370` / H2; derived object: FR-007 AC-10"	"none-found-within-r05-pass"	"not-approved"	"role-authorization-source;security-or-business-owner;authoritative-upstream-version;named-approver;approval-date;approved-scope;version-or-sha256-binding"
"R05-A0353"	"R05"	"R05-63"	"requirement-documents/05-test-cases/01-site-operations/tc-119-hardware-fault-cannot-bypass-compensation-decision-via-normal-cancel.md"	"ac7c38fd837086b67709844f9f61522abf4ee7c422593ee3eed9f6a27196fd16"	"line 29"	"TC-119 硬件故障不能通过普通取消绕过整批清空决定 > Verifies 验证对象"	"[[fr-007-task-cancellation-eligibility-check-and-state-rollback|FR-007]] AC-10"	"[[fr-007-task-cancellation-eligibility-check-and-state-rollback|FR-007]] AC-10"	"7e30be2309de7bb5f35922e10e9e511237dc3fcd8fda37eba6ca1b41de704f8f"	"verification-traceability-evidence"	"unapproved-unexecuted-internal-derived-acceptance-draft"	"8005-site-operation-and-stop-closure"	"evidence-only"	"document-route:R05-C2; scenario:TC-119; scenario-role:verification; upstream-fr:FR-007; upstream-uc:UC-006; formation-history:H2:493ac5a; `ac7c38fd8370` / H2; derived object: FR-007 AC-10"	"none-found-within-r05-pass"	"not-approved"	"authoritative-upstream-version;named-approver;approval-date;approved-scope;version-or-sha256-binding"
"R05-A0354"	"R05"	"R05-64"	"requirement-documents/05-test-cases/01-site-operations/tc-120-compensation-decision-requires-step-up-authentication.md"	"23ad9c7eeba73f496105b474cbdff9325654b862492d47de909eae7de65a5924"	"line 17"	"TC-120 整批清空决定必须使用单次强绑定的即时二次认证 > Preconditions 前置条件"	"一个 LoadBatch 因目标仓位关键硬件反馈故障处于 VehicleRecoveryRequired；"	"一个 LoadBatch 因目标仓位关键硬件反馈故障处于 VehicleRecoveryRequired；当前登录人具有 R-09 或等效生产管理权限，但只有既有登录会话，尚未为本次 LoadCompensationDecision 完成有效的即时二次认证。"	"760925307cab38a1c173d4089f5525e90bcbe05fac4fddb3dbe1509879971277"	"safety-hardware-acceptance-candidate"	"unapproved-unexecuted-internal-derived-acceptance-draft"	"8005-site-safety-slot-hardware-and-recovery"	"needs-safety-hardware-authority-and-explicit-approval"	"document-route:R05-C2; scenario:TC-120; scenario-role:precondition; upstream-fr:FR-002; upstream-uc:UC-001; formation-history:H2:493ac5a; `23ad9c7eeba7` / H2; derived object: FR-002 AC-4.6/4.6.1; exact-duplicate-of:R05-A0330"	"none-found-within-r05-pass"	"not-approved"	"hardware-and-IO-version-binding;safety-or-hardware-owner;risk-review-evidence;authoritative-upstream-version;named-approver;approval-date;approved-scope;version-or-sha256-binding"
"R05-A0355"	"R05"	"R05-64"	"requirement-documents/05-test-cases/01-site-operations/tc-120-compensation-decision-requires-step-up-authentication.md"	"23ad9c7eeba73f496105b474cbdff9325654b862492d47de909eae7de65a5924"	"line 17"	"TC-120 整批清空决定必须使用单次强绑定的即时二次认证 > Preconditions 前置条件"	"当前登录人具有 R-09 或等效生产管理权限，但只有既有登录会话，尚未为本次 LoadCompensationDecision 完成有效的即时二次认证。"	"一个 LoadBatch 因目标仓位关键硬件反馈故障处于 VehicleRecoveryRequired；当前登录人具有 R-09 或等效生产管理权限，但只有既有登录会话，尚未为本次 LoadCompensationDecision 完成有效的即时二次认证。"	"f6493dd882a9726a48061c7acd6ac448e77d9b960ace8dba89d7ad877d3e1044"	"identity-security-acceptance-candidate"	"unapproved-unexecuted-internal-derived-acceptance-draft"	"8005-identity-role-and-session"	"needs-security-role-owner-and-explicit-approval"	"document-route:R05-C2; scenario:TC-120; scenario-role:precondition; upstream-fr:FR-002; upstream-uc:UC-001; formation-history:H2:493ac5a; `23ad9c7eeba7` / H2; derived object: FR-002 AC-4.6/4.6.1"	"none-found-within-r05-pass"	"not-approved"	"role-authorization-source;security-or-business-owner;authoritative-upstream-version;named-approver;approval-date;approved-scope;version-or-sha256-binding"
"R05-A0356"	"R05"	"R05-64"	"requirement-documents/05-test-cases/01-site-operations/tc-120-compensation-decision-requires-step-up-authentication.md"	"23ad9c7eeba73f496105b474cbdff9325654b862492d47de909eae7de65a5924"	"line 21"	"TC-120 整批清空决定必须使用单次强绑定的即时二次认证 > Test Steps 测试步骤"	"当前登录人仅凭已有会话尝试提交 LoadCompensationDecision。"	"当前登录人仅凭已有会话尝试提交 LoadCompensationDecision。"	"e7bbd39f333122dc9683973ed15dcabf2db6c8a324007cfb9b052c33dd4a6996"	"identity-security-acceptance-candidate"	"unapproved-unexecuted-internal-derived-acceptance-draft"	"8005-identity-role-and-session"	"needs-security-role-owner-and-explicit-approval"	"document-route:R05-C2; scenario:TC-120; scenario-role:action; upstream-fr:FR-002; upstream-uc:UC-001; formation-history:H2:493ac5a; `23ad9c7eeba7` / H2; derived object: FR-002 AC-4.6/4.6.1"	"none-found-within-r05-pass"	"not-approved"	"role-authorization-source;security-or-business-owner;authoritative-upstream-version;named-approver;approval-date;approved-scope;version-or-sha256-binding"
"R05-A0357"	"R05"	"R05-64"	"requirement-documents/05-test-cases/01-site-operations/tc-120-compensation-decision-requires-step-up-authentication.md"	"23ad9c7eeba73f496105b474cbdff9325654b862492d47de909eae7de65a5924"	"line 22"	"TC-120 整批清空决定必须使用单次强绑定的即时二次认证 > Test Steps 测试步骤"	"模拟再次刷卡或认证失败，再次提交。"	"模拟再次刷卡或认证失败，再次提交。"	"b1e79294275875bdf9229dd42ca18f5711f0f1b7abe7b34cb21d378fd73b18b0"	"identity-security-acceptance-candidate"	"unapproved-unexecuted-internal-derived-acceptance-draft"	"8005-identity-role-and-session"	"needs-security-role-owner-and-explicit-approval"	"document-route:R05-C2; scenario:TC-120; scenario-role:action; upstream-fr:FR-002; upstream-uc:UC-001; formation-history:H2:493ac5a; `23ad9c7eeba7` / H2; derived object: FR-002 AC-4.6/4.6.1"	"none-found-within-r05-pass"	"not-approved"	"role-authorization-source;security-or-business-owner;authoritative-upstream-version;named-approver;approval-date;approved-scope;version-or-sha256-binding"
"R05-A0358"	"R05"	"R05-64"	"requirement-documents/05-test-cases/01-site-operations/tc-120-compensation-decision-requires-step-up-authentication.md"	"23ad9c7eeba73f496105b474cbdff9325654b862492d47de909eae7de65a5924"	"line 23"	"TC-120 整批清空决定必须使用单次强绑定的即时二次认证 > Test Steps 测试步骤"	"使二次认证成功，形成绑定确认人、DemandId A、SlotOperationAttemptId A 和完整决定内容的认证证据，提交决定。"	"使二次认证成功，形成绑定确认人、DemandId A、SlotOperationAttemptId A 和完整决定内容的认证证据，提交决定。"	"2715c4d46b35dec30ee993396ab62dbba708f2c323e68d9f5c7b1acd33363264"	"identity-security-acceptance-candidate"	"unapproved-unexecuted-internal-derived-acceptance-draft"	"8005-identity-role-and-session"	"needs-security-role-owner-and-explicit-approval"	"document-route:R05-C2; scenario:TC-120; scenario-role:action; upstream-fr:FR-002; upstream-uc:UC-001; formation-history:H2:493ac5a; `23ad9c7eeba7` / H2; derived object: FR-002 AC-4.6/4.6.1"	"none-found-within-r05-pass"	"not-approved"	"role-authorization-source;security-or-business-owner;authoritative-upstream-version;named-approver;approval-date;approved-scope;version-or-sha256-binding"
"R05-A0359"	"R05"	"R05-64"	"requirement-documents/05-test-cases/01-site-operations/tc-120-compensation-decision-requires-step-up-authentication.md"	"23ad9c7eeba73f496105b474cbdff9325654b862492d47de909eae7de65a5924"	"line 24"	"TC-120 整批清空决定必须使用单次强绑定的即时二次认证 > Test Steps 测试步骤"	"模拟首次响应丢失，使用相同 MessageId 和相同内容重发步骤 3。"	"模拟首次响应丢失，使用相同 MessageId 和相同内容重发步骤 3。"	"b247f4fc01bbd064e3d11a7de3e0c4a7017752a578bfa01b8e911bb2d30c85a1"	"internal-state-or-architecture-derivation"	"unapproved-unexecuted-internal-derived-acceptance-draft"	"8005-internal-site-operation-state-model"	"exclude-from-requirement-approval"	"document-route:R05-C2; scenario:TC-120; scenario-role:action; upstream-fr:FR-002; upstream-uc:UC-001; formation-history:H2:493ac5a; `23ad9c7eeba7` / H2; derived object: FR-002 AC-4.6/4.6.1"	"none-found-within-r05-pass"	"not-approved"	"authoritative-requirement-source;independent-approval-unit-reframing;authoritative-upstream-version;named-approver;approval-date;approved-scope;version-or-sha256-binding"
"R05-A0360"	"R05"	"R05-64"	"requirement-documents/05-test-cases/01-site-operations/tc-120-compensation-decision-requires-step-up-authentication.md"	"23ad9c7eeba73f496105b474cbdff9325654b862492d47de909eae7de65a5924"	"line 25"	"TC-120 整批清空决定必须使用单次强绑定的即时二次认证 > Test Steps 测试步骤"	"尝试把步骤 3 的认证证据用于 DemandId B、不同 SlotOperationAttemptId，或修改原因码/备注后提交。"	"尝试把步骤 3 的认证证据用于 DemandId B、不同 SlotOperationAttemptId，或修改原因码/备注后提交。"	"95d9782e86a8a15fd6ae74f7a852995213885609e859ca3232aeef990c07b4a5"	"identity-security-acceptance-candidate"	"unapproved-unexecuted-internal-derived-acceptance-draft"	"8005-identity-role-and-session"	"needs-security-role-owner-and-explicit-approval"	"document-route:R05-C2; scenario:TC-120; scenario-role:action; upstream-fr:FR-002; upstream-uc:UC-001; formation-history:H2:493ac5a; `23ad9c7eeba7` / H2; derived object: FR-002 AC-4.6/4.6.1"	"none-found-within-r05-pass"	"not-approved"	"role-authorization-source;security-or-business-owner;authoritative-upstream-version;named-approver;approval-date;approved-scope;version-or-sha256-binding"
"R05-A0361"	"R05"	"R05-64"	"requirement-documents/05-test-cases/01-site-operations/tc-120-compensation-decision-requires-step-up-authentication.md"	"23ad9c7eeba73f496105b474cbdff9325654b862492d47de909eae7de65a5924"	"line 26"	"TC-120 整批清空决定必须使用单次强绑定的即时二次认证 > Test Steps 测试步骤"	"另形成一次认证证据，但使首次提交因业务状态校验失败而被拒绝；"	"另形成一次认证证据，但使首次提交因业务状态校验失败而被拒绝；随后业务状态恢复，再次使用原证据提交。"	"dab9bcf5331aa55cd36730c3fc232a1e2a11a4d12cbca9c917abb3b804dd7abb"	"identity-security-acceptance-candidate"	"unapproved-unexecuted-internal-derived-acceptance-draft"	"8005-identity-role-and-session"	"needs-security-role-owner-and-explicit-approval"	"document-route:R05-C2; scenario:TC-120; scenario-role:action; upstream-fr:FR-002; upstream-uc:UC-001; formation-history:H2:493ac5a; `23ad9c7eeba7` / H2; derived object: FR-002 AC-4.6/4.6.1"	"none-found-within-r05-pass"	"not-approved"	"role-authorization-source;security-or-business-owner;authoritative-upstream-version;named-approver;approval-date;approved-scope;version-or-sha256-binding"
"R05-A0362"	"R05"	"R05-64"	"requirement-documents/05-test-cases/01-site-operations/tc-120-compensation-decision-requires-step-up-authentication.md"	"23ad9c7eeba73f496105b474cbdff9325654b862492d47de909eae7de65a5924"	"line 26"	"TC-120 整批清空决定必须使用单次强绑定的即时二次认证 > Test Steps 测试步骤"	"随后业务状态恢复，再次使用原证据提交。"	"另形成一次认证证据，但使首次提交因业务状态校验失败而被拒绝；随后业务状态恢复，再次使用原证据提交。"	"355c1e03c1ae78bc8ad49ec7ed200b4e84f1d5644035199f96a5535f2b0ca170"	"business-acceptance-action-candidate"	"unapproved-unexecuted-internal-derived-acceptance-draft"	"8005-site-operation-and-stop-closure"	"needs-upstream-source-and-explicit-approval"	"document-route:R05-C2; scenario:TC-120; scenario-role:action; upstream-fr:FR-002; upstream-uc:UC-001; formation-history:H2:493ac5a; `23ad9c7eeba7` / H2; derived object: FR-002 AC-4.6/4.6.1"	"none-found-within-r05-pass"	"not-approved"	"authoritative-upstream-version;named-approver;approval-date;approved-scope;version-or-sha256-binding"
"R05-A0363"	"R05"	"R05-64"	"requirement-documents/05-test-cases/01-site-operations/tc-120-compensation-decision-requires-step-up-authentication.md"	"23ad9c7eeba73f496105b474cbdff9325654b862492d47de909eae7de65a5924"	"line 30"	"TC-120 整批清空决定必须使用单次强绑定的即时二次认证 > Expected Result 预期结果"	"步骤 1 和步骤 2 均被拒绝，不生成 LoadCompensationDecision，不进入 LoadCompensationRequired，也不下发任何开锁指令。"	"步骤 1 和步骤 2 均被拒绝，不生成 LoadCompensationDecision，不进入 LoadCompensationRequired，也不下发任何开锁指令。步骤 3 允许服务端接受决定；接受决定本身仍不得自动开锁，后续必须另行取得补偿执行授权。步骤 4 返回步骤 3 已持久化的同一结果，不再次消费认证、不生成第二个决定。步骤 5 均因绑定不匹配被拒绝。步骤 6 的首次拒绝结果被可靠记录，原证据不得在状态恢复后再次使用，必须重新认证后形成新的提交。"	"14a2ed27f527866baa4a3fed71b7a4d4200ccbdadc70383d956f3800f4918bee"	"internal-state-or-architecture-derivation"	"unapproved-unexecuted-internal-derived-acceptance-draft"	"8005-internal-site-operation-state-model"	"exclude-from-requirement-approval"	"document-route:R05-C2; scenario:TC-120; scenario-role:outcome; upstream-fr:FR-002; upstream-uc:UC-001; formation-history:H2:493ac5a; `23ad9c7eeba7` / H2; derived object: FR-002 AC-4.6/4.6.1"	"none-found-within-r05-pass"	"not-approved"	"authoritative-requirement-source;independent-approval-unit-reframing;authoritative-upstream-version;named-approver;approval-date;approved-scope;version-or-sha256-binding"
"R05-A0364"	"R05"	"R05-64"	"requirement-documents/05-test-cases/01-site-operations/tc-120-compensation-decision-requires-step-up-authentication.md"	"23ad9c7eeba73f496105b474cbdff9325654b862492d47de909eae7de65a5924"	"line 30"	"TC-120 整批清空决定必须使用单次强绑定的即时二次认证 > Expected Result 预期结果"	"步骤 3 允许服务端接受决定；"	"步骤 1 和步骤 2 均被拒绝，不生成 LoadCompensationDecision，不进入 LoadCompensationRequired，也不下发任何开锁指令。步骤 3 允许服务端接受决定；接受决定本身仍不得自动开锁，后续必须另行取得补偿执行授权。步骤 4 返回步骤 3 已持久化的同一结果，不再次消费认证、不生成第二个决定。步骤 5 均因绑定不匹配被拒绝。步骤 6 的首次拒绝结果被可靠记录，原证据不得在状态恢复后再次使用，必须重新认证后形成新的提交。"	"aa3b99c9557404e7ada31c770a321f85ee5573d95ac6c0c41081c57bfbc9043b"	"interface-integration-acceptance-candidate"	"unapproved-unexecuted-internal-derived-acceptance-draft"	"8005-onboard-server-MES-interface"	"needs-interface-owner-source-and-explicit-approval"	"document-route:R05-C2; scenario:TC-120; scenario-role:outcome; upstream-fr:FR-002; upstream-uc:UC-001; formation-history:H2:493ac5a; `23ad9c7eeba7` / H2; derived object: FR-002 AC-4.6/4.6.1"	"none-found-within-r05-pass"	"not-approved"	"controlled-interface-version;interface-owner;authoritative-upstream-version;named-approver;approval-date;approved-scope;version-or-sha256-binding"
"R05-A0365"	"R05"	"R05-64"	"requirement-documents/05-test-cases/01-site-operations/tc-120-compensation-decision-requires-step-up-authentication.md"	"23ad9c7eeba73f496105b474cbdff9325654b862492d47de909eae7de65a5924"	"line 30"	"TC-120 整批清空决定必须使用单次强绑定的即时二次认证 > Expected Result 预期结果"	"接受决定本身仍不得自动开锁，后续必须另行取得补偿执行授权。"	"步骤 1 和步骤 2 均被拒绝，不生成 LoadCompensationDecision，不进入 LoadCompensationRequired，也不下发任何开锁指令。步骤 3 允许服务端接受决定；接受决定本身仍不得自动开锁，后续必须另行取得补偿执行授权。步骤 4 返回步骤 3 已持久化的同一结果，不再次消费认证、不生成第二个决定。步骤 5 均因绑定不匹配被拒绝。步骤 6 的首次拒绝结果被可靠记录，原证据不得在状态恢复后再次使用，必须重新认证后形成新的提交。"	"e9f5d06a52d01250ffadad1aecc444731df91847a4a6f77c980ce777ff6be3f5"	"business-acceptance-outcome-candidate"	"unapproved-unexecuted-internal-derived-acceptance-draft"	"8005-site-operation-and-stop-closure"	"needs-upstream-source-and-explicit-approval"	"document-route:R05-C2; scenario:TC-120; scenario-role:outcome; upstream-fr:FR-002; upstream-uc:UC-001; formation-history:H2:493ac5a; `23ad9c7eeba7` / H2; derived object: FR-002 AC-4.6/4.6.1"	"none-found-within-r05-pass"	"not-approved"	"authoritative-upstream-version;named-approver;approval-date;approved-scope;version-or-sha256-binding"
"R05-A0366"	"R05"	"R05-64"	"requirement-documents/05-test-cases/01-site-operations/tc-120-compensation-decision-requires-step-up-authentication.md"	"23ad9c7eeba73f496105b474cbdff9325654b862492d47de909eae7de65a5924"	"line 30"	"TC-120 整批清空决定必须使用单次强绑定的即时二次认证 > Expected Result 预期结果"	"步骤 4 返回步骤 3 已持久化的同一结果，不再次消费认证、不生成第二个决定。"	"步骤 1 和步骤 2 均被拒绝，不生成 LoadCompensationDecision，不进入 LoadCompensationRequired，也不下发任何开锁指令。步骤 3 允许服务端接受决定；接受决定本身仍不得自动开锁，后续必须另行取得补偿执行授权。步骤 4 返回步骤 3 已持久化的同一结果，不再次消费认证、不生成第二个决定。步骤 5 均因绑定不匹配被拒绝。步骤 6 的首次拒绝结果被可靠记录，原证据不得在状态恢复后再次使用，必须重新认证后形成新的提交。"	"1229444e59e91dbf4cf19e2f24dbb8caaa926c9d748c6ead3a17a178b1808bd0"	"identity-security-acceptance-candidate"	"unapproved-unexecuted-internal-derived-acceptance-draft"	"8005-identity-role-and-session"	"needs-security-role-owner-and-explicit-approval"	"document-route:R05-C2; scenario:TC-120; scenario-role:outcome; upstream-fr:FR-002; upstream-uc:UC-001; formation-history:H2:493ac5a; `23ad9c7eeba7` / H2; derived object: FR-002 AC-4.6/4.6.1"	"none-found-within-r05-pass"	"not-approved"	"role-authorization-source;security-or-business-owner;authoritative-upstream-version;named-approver;approval-date;approved-scope;version-or-sha256-binding"
"R05-A0367"	"R05"	"R05-64"	"requirement-documents/05-test-cases/01-site-operations/tc-120-compensation-decision-requires-step-up-authentication.md"	"23ad9c7eeba73f496105b474cbdff9325654b862492d47de909eae7de65a5924"	"line 30"	"TC-120 整批清空决定必须使用单次强绑定的即时二次认证 > Expected Result 预期结果"	"步骤 5 均因绑定不匹配被拒绝。"	"步骤 1 和步骤 2 均被拒绝，不生成 LoadCompensationDecision，不进入 LoadCompensationRequired，也不下发任何开锁指令。步骤 3 允许服务端接受决定；接受决定本身仍不得自动开锁，后续必须另行取得补偿执行授权。步骤 4 返回步骤 3 已持久化的同一结果，不再次消费认证、不生成第二个决定。步骤 5 均因绑定不匹配被拒绝。步骤 6 的首次拒绝结果被可靠记录，原证据不得在状态恢复后再次使用，必须重新认证后形成新的提交。"	"4097b2f1d2bac982c5fdc0d7558eb3cebf5d811d72fdc2f3e40a5faeec53d33d"	"business-acceptance-outcome-candidate"	"unapproved-unexecuted-internal-derived-acceptance-draft"	"8005-site-operation-and-stop-closure"	"needs-upstream-source-and-explicit-approval"	"document-route:R05-C2; scenario:TC-120; scenario-role:outcome; upstream-fr:FR-002; upstream-uc:UC-001; formation-history:H2:493ac5a; `23ad9c7eeba7` / H2; derived object: FR-002 AC-4.6/4.6.1"	"none-found-within-r05-pass"	"not-approved"	"authoritative-upstream-version;named-approver;approval-date;approved-scope;version-or-sha256-binding"
"R05-A0368"	"R05"	"R05-64"	"requirement-documents/05-test-cases/01-site-operations/tc-120-compensation-decision-requires-step-up-authentication.md"	"23ad9c7eeba73f496105b474cbdff9325654b862492d47de909eae7de65a5924"	"line 30"	"TC-120 整批清空决定必须使用单次强绑定的即时二次认证 > Expected Result 预期结果"	"步骤 6 的首次拒绝结果被可靠记录，原证据不得在状态恢复后再次使用，必须重新认证后形成新的提交。"	"步骤 1 和步骤 2 均被拒绝，不生成 LoadCompensationDecision，不进入 LoadCompensationRequired，也不下发任何开锁指令。步骤 3 允许服务端接受决定；接受决定本身仍不得自动开锁，后续必须另行取得补偿执行授权。步骤 4 返回步骤 3 已持久化的同一结果，不再次消费认证、不生成第二个决定。步骤 5 均因绑定不匹配被拒绝。步骤 6 的首次拒绝结果被可靠记录，原证据不得在状态恢复后再次使用，必须重新认证后形成新的提交。"	"698c041937359e560f396210c2cd4e6e826f018a551b537d73f0ee7b64fd4d44"	"identity-security-acceptance-candidate"	"unapproved-unexecuted-internal-derived-acceptance-draft"	"8005-identity-role-and-session"	"needs-security-role-owner-and-explicit-approval"	"document-route:R05-C2; scenario:TC-120; scenario-role:outcome; upstream-fr:FR-002; upstream-uc:UC-001; formation-history:H2:493ac5a; `23ad9c7eeba7` / H2; derived object: FR-002 AC-4.6/4.6.1"	"none-found-within-r05-pass"	"not-approved"	"role-authorization-source;security-or-business-owner;authoritative-upstream-version;named-approver;approval-date;approved-scope;version-or-sha256-binding"
"R05-A0369"	"R05"	"R05-64"	"requirement-documents/05-test-cases/01-site-operations/tc-120-compensation-decision-requires-step-up-authentication.md"	"23ad9c7eeba73f496105b474cbdff9325654b862492d47de909eae7de65a5924"	"line 34"	"TC-120 整批清空决定必须使用单次强绑定的即时二次认证 > Verifies 验证对象"	"[[fr-002-slot-unlock-occupancy-confirm-and-state-persist|FR-002]] AC-4.6、AC-4.6.1"	"[[fr-002-slot-unlock-occupancy-confirm-and-state-persist|FR-002]] AC-4.6、AC-4.6.1"	"b97eec4d10c58dd75e085dec6e5a6eb120d30f8a4b46a4cd5821e39bd9ec275e"	"verification-traceability-evidence"	"unapproved-unexecuted-internal-derived-acceptance-draft"	"8005-site-operation-and-stop-closure"	"evidence-only"	"document-route:R05-C2; scenario:TC-120; scenario-role:verification; upstream-fr:FR-002; upstream-uc:UC-001; formation-history:H2:493ac5a; `23ad9c7eeba7` / H2; derived object: FR-002 AC-4.6/4.6.1"	"none-found-within-r05-pass"	"not-approved"	"authoritative-upstream-version;named-approver;approval-date;approved-scope;version-or-sha256-binding"
"R05-A0370"	"R05"	"R05-65"	"requirement-documents/05-test-cases/01-site-operations/tc-121-supervisor-approval-does-not-replace-sublot-operator.md"	"a01e2e5905f06eaf594260fedd91f1bdfed6eb7795fc12a9f157fd185026abe6"	"line 17"	"TC-121 班组长审批不替换 Sublot 生产操作员 > Preconditions 前置条件"	"活动 Sublot 已绑定生产操作员 A，OperationSession 和 OnboardOperatorContext 有效；"	"活动 Sublot 已绑定生产操作员 A，OperationSession 和 OnboardOperatorContext 有效；LoadBatch 因关键硬件故障处于 VehicleRecoveryRequired。R-09 B 具有整批清空决定权限。"	"b9589577aedad34143bf9ac146922306001215f124c2c5afe0975be06ad2d5d5"	"internal-state-or-architecture-derivation"	"unapproved-unexecuted-internal-derived-acceptance-draft"	"8005-internal-site-operation-state-model"	"exclude-from-requirement-approval"	"document-route:R05-C2; scenario:TC-121; scenario-role:precondition; upstream-fr:FR-012; upstream-uc:UC-001,UC-043; formation-history:H2:493ac5a; `a01e2e5905f0` / H2; derived object: FR-012 AC-5"	"none-found-within-r05-pass"	"not-approved"	"authoritative-requirement-source;independent-approval-unit-reframing;authoritative-upstream-version;named-approver;approval-date;approved-scope;version-or-sha256-binding"
"R05-A0371"	"R05"	"R05-65"	"requirement-documents/05-test-cases/01-site-operations/tc-121-supervisor-approval-does-not-replace-sublot-operator.md"	"a01e2e5905f06eaf594260fedd91f1bdfed6eb7795fc12a9f157fd185026abe6"	"line 17"	"TC-121 班组长审批不替换 Sublot 生产操作员 > Preconditions 前置条件"	"LoadBatch 因关键硬件故障处于 VehicleRecoveryRequired。"	"活动 Sublot 已绑定生产操作员 A，OperationSession 和 OnboardOperatorContext 有效；LoadBatch 因关键硬件故障处于 VehicleRecoveryRequired。R-09 B 具有整批清空决定权限。"	"3202fdac607cf0c4008b5db5bddadbbdc46b28ef964e87db42fd90027757d56a"	"safety-hardware-acceptance-candidate"	"unapproved-unexecuted-internal-derived-acceptance-draft"	"8005-site-safety-slot-hardware-and-recovery"	"needs-safety-hardware-authority-and-explicit-approval"	"document-route:R05-C2; scenario:TC-121; scenario-role:precondition; upstream-fr:FR-012; upstream-uc:UC-001,UC-043; formation-history:H2:493ac5a; `a01e2e5905f0` / H2; derived object: FR-012 AC-5"	"none-found-within-r05-pass"	"not-approved"	"hardware-and-IO-version-binding;safety-or-hardware-owner;risk-review-evidence;authoritative-upstream-version;named-approver;approval-date;approved-scope;version-or-sha256-binding"
"R05-A0372"	"R05"	"R05-65"	"requirement-documents/05-test-cases/01-site-operations/tc-121-supervisor-approval-does-not-replace-sublot-operator.md"	"a01e2e5905f06eaf594260fedd91f1bdfed6eb7795fc12a9f157fd185026abe6"	"line 17"	"TC-121 班组长审批不替换 Sublot 生产操作员 > Preconditions 前置条件"	"R-09 B 具有整批清空决定权限。"	"活动 Sublot 已绑定生产操作员 A，OperationSession 和 OnboardOperatorContext 有效；LoadBatch 因关键硬件故障处于 VehicleRecoveryRequired。R-09 B 具有整批清空决定权限。"	"91539bfd58b3964087894cb510b2a2f0da735e7c714742f16830b6682f6a1e10"	"identity-security-acceptance-candidate"	"unapproved-unexecuted-internal-derived-acceptance-draft"	"8005-identity-role-and-session"	"needs-security-role-owner-and-explicit-approval"	"document-route:R05-C2; scenario:TC-121; scenario-role:precondition; upstream-fr:FR-012; upstream-uc:UC-001,UC-043; formation-history:H2:493ac5a; `a01e2e5905f0` / H2; derived object: FR-012 AC-5"	"none-found-within-r05-pass"	"not-approved"	"role-authorization-source;security-or-business-owner;authoritative-upstream-version;named-approver;approval-date;approved-scope;version-or-sha256-binding"
"R05-A0373"	"R05"	"R05-65"	"requirement-documents/05-test-cases/01-site-operations/tc-121-supervisor-approval-does-not-replace-sublot-operator.md"	"a01e2e5905f06eaf594260fedd91f1bdfed6eb7795fc12a9f157fd185026abe6"	"line 21"	"TC-121 班组长审批不替换 Sublot 生产操作员 > Test Steps 测试步骤"	"R-09 B 在生产操作员 A 的当前作业界面刷自己的卡，通过二次认证并作出 LoadCompensationDecision。"	"R-09 B 在生产操作员 A 的当前作业界面刷自己的卡，通过二次认证并作出 LoadCompensationDecision。"	"f513356a94e9855525f4f7a7b43ed85f396458cc71e2211fbbfbca5781736e67"	"identity-security-acceptance-candidate"	"unapproved-unexecuted-internal-derived-acceptance-draft"	"8005-identity-role-and-session"	"needs-security-role-owner-and-explicit-approval"	"document-route:R05-C2; scenario:TC-121; scenario-role:action; upstream-fr:FR-012; upstream-uc:UC-001,UC-043; formation-history:H2:493ac5a; `a01e2e5905f0` / H2; derived object: FR-012 AC-5"	"none-found-within-r05-pass"	"not-approved"	"role-authorization-source;security-or-business-owner;authoritative-upstream-version;named-approver;approval-date;approved-scope;version-or-sha256-binding"
"R05-A0374"	"R05"	"R05-65"	"requirement-documents/05-test-cases/01-site-operations/tc-121-supervisor-approval-does-not-replace-sublot-operator.md"	"a01e2e5905f06eaf594260fedd91f1bdfed6eb7795fc12a9f157fd185026abe6"	"line 25"	"TC-121 班组长审批不替换 Sublot 生产操作员 > Expected Result 预期结果"	"系统记录 A 为该 Sublot 的生产操作员、B 为 LoadCompensationDecision 决策人；"	"系统记录 A 为该 Sublot 的生产操作员、B 为 LoadCompensationDecision 决策人；A 的 Sublot 绑定和 OnboardOperatorContext 保持不变，OperationSession 不退出、不重建且不转移给 B。后续补偿仍须由操作员发起并取得服务端授权。"	"e531da2a354428635a9bb03971d8efa2f1a00752ec505c9fae79636480d62c5a"	"internal-state-or-architecture-derivation"	"unapproved-unexecuted-internal-derived-acceptance-draft"	"8005-internal-site-operation-state-model"	"exclude-from-requirement-approval"	"document-route:R05-C2; scenario:TC-121; scenario-role:outcome; upstream-fr:FR-012; upstream-uc:UC-001,UC-043; formation-history:H2:493ac5a; `a01e2e5905f0` / H2; derived object: FR-012 AC-5"	"none-found-within-r05-pass"	"not-approved"	"authoritative-requirement-source;independent-approval-unit-reframing;authoritative-upstream-version;named-approver;approval-date;approved-scope;version-or-sha256-binding"
"R05-A0375"	"R05"	"R05-65"	"requirement-documents/05-test-cases/01-site-operations/tc-121-supervisor-approval-does-not-replace-sublot-operator.md"	"a01e2e5905f06eaf594260fedd91f1bdfed6eb7795fc12a9f157fd185026abe6"	"line 25"	"TC-121 班组长审批不替换 Sublot 生产操作员 > Expected Result 预期结果"	"A 的 Sublot 绑定和 OnboardOperatorContext 保持不变，OperationSession 不退出、不重建且不转移给 B。"	"系统记录 A 为该 Sublot 的生产操作员、B 为 LoadCompensationDecision 决策人；A 的 Sublot 绑定和 OnboardOperatorContext 保持不变，OperationSession 不退出、不重建且不转移给 B。后续补偿仍须由操作员发起并取得服务端授权。"	"2343af3750bc41da56ccc7105fdc07e10283253263386d946ba8abf5d21f2419"	"internal-state-or-architecture-derivation"	"unapproved-unexecuted-internal-derived-acceptance-draft"	"8005-internal-site-operation-state-model"	"exclude-from-requirement-approval"	"document-route:R05-C2; scenario:TC-121; scenario-role:outcome; upstream-fr:FR-012; upstream-uc:UC-001,UC-043; formation-history:H2:493ac5a; `a01e2e5905f0` / H2; derived object: FR-012 AC-5"	"none-found-within-r05-pass"	"not-approved"	"authoritative-requirement-source;independent-approval-unit-reframing;authoritative-upstream-version;named-approver;approval-date;approved-scope;version-or-sha256-binding"
"R05-A0376"	"R05"	"R05-65"	"requirement-documents/05-test-cases/01-site-operations/tc-121-supervisor-approval-does-not-replace-sublot-operator.md"	"a01e2e5905f06eaf594260fedd91f1bdfed6eb7795fc12a9f157fd185026abe6"	"line 25"	"TC-121 班组长审批不替换 Sublot 生产操作员 > Expected Result 预期结果"	"后续补偿仍须由操作员发起并取得服务端授权。"	"系统记录 A 为该 Sublot 的生产操作员、B 为 LoadCompensationDecision 决策人；A 的 Sublot 绑定和 OnboardOperatorContext 保持不变，OperationSession 不退出、不重建且不转移给 B。后续补偿仍须由操作员发起并取得服务端授权。"	"97166b1866920fe261c0b35589620c9c2eed4c0e86d562fb128e133ae29450f1"	"interface-integration-acceptance-candidate"	"unapproved-unexecuted-internal-derived-acceptance-draft"	"8005-onboard-server-MES-interface"	"needs-interface-owner-source-and-explicit-approval"	"document-route:R05-C2; scenario:TC-121; scenario-role:outcome; upstream-fr:FR-012; upstream-uc:UC-001,UC-043; formation-history:H2:493ac5a; `a01e2e5905f0` / H2; derived object: FR-012 AC-5"	"none-found-within-r05-pass"	"not-approved"	"controlled-interface-version;interface-owner;authoritative-upstream-version;named-approver;approval-date;approved-scope;version-or-sha256-binding"
"R05-A0377"	"R05"	"R05-65"	"requirement-documents/05-test-cases/01-site-operations/tc-121-supervisor-approval-does-not-replace-sublot-operator.md"	"a01e2e5905f06eaf594260fedd91f1bdfed6eb7795fc12a9f157fd185026abe6"	"line 29"	"TC-121 班组长审批不替换 Sublot 生产操作员 > Verifies 验证对象"	"[[fr-012-session-establishment-reuse-and-lock-stage-transition|FR-012]] AC-5"	"[[fr-012-session-establishment-reuse-and-lock-stage-transition|FR-012]] AC-5"	"6bc6733fb03bf6a7c990c333e07b48d5a6c384159f2a66dabb62b7984a27c9b6"	"verification-traceability-evidence"	"unapproved-unexecuted-internal-derived-acceptance-draft"	"8005-site-operation-and-stop-closure"	"evidence-only"	"document-route:R05-C2; scenario:TC-121; scenario-role:verification; upstream-fr:FR-012; upstream-uc:UC-001,UC-043; formation-history:H2:493ac5a; `a01e2e5905f0` / H2; derived object: FR-012 AC-5"	"none-found-within-r05-pass"	"not-approved"	"authoritative-upstream-version;named-approver;approval-date;approved-scope;version-or-sha256-binding"
"R05-A0378"	"R05"	"R05-66"	"requirement-documents/05-test-cases/01-site-operations/tc-122-compensation-decision-requires-controlled-reason-code.md"	"2bae6e7c812632d6eae6b362a934ebebc109d2284eb4707ff6fa7859a5249856"	"line 17"	"TC-122 整批清空决定必须选择受控原因码 > Preconditions 前置条件"	"一个 LoadBatch 因关键硬件故障处于 VehicleRecoveryRequired；"	"一个 LoadBatch 因关键硬件故障处于 VehicleRecoveryRequired；R-09 或等效生产管理权限已通过本次即时二次认证。"	"3d96ffe9b0e5b52469f23a94dd96f830f7a101fa2c16186020dce7fcbb12b79b"	"safety-hardware-acceptance-candidate"	"unapproved-unexecuted-internal-derived-acceptance-draft"	"8005-site-safety-slot-hardware-and-recovery"	"needs-safety-hardware-authority-and-explicit-approval"	"document-route:R05-C2; scenario:TC-122; scenario-role:precondition; upstream-fr:FR-002; upstream-uc:UC-001; formation-history:H2:493ac5a; `2bae6e7c8126` / H2; derived object: FR-002 AC-4.7"	"none-found-within-r05-pass"	"not-approved"	"hardware-and-IO-version-binding;safety-or-hardware-owner;risk-review-evidence;authoritative-upstream-version;named-approver;approval-date;approved-scope;version-or-sha256-binding"
"R05-A0379"	"R05"	"R05-66"	"requirement-documents/05-test-cases/01-site-operations/tc-122-compensation-decision-requires-controlled-reason-code.md"	"2bae6e7c812632d6eae6b362a934ebebc109d2284eb4707ff6fa7859a5249856"	"line 17"	"TC-122 整批清空决定必须选择受控原因码 > Preconditions 前置条件"	"R-09 或等效生产管理权限已通过本次即时二次认证。"	"一个 LoadBatch 因关键硬件故障处于 VehicleRecoveryRequired；R-09 或等效生产管理权限已通过本次即时二次认证。"	"40110d7350bf99b47fbb8b7c12daa7b3fede2b1af2f82453facf7ab8eaa76da8"	"identity-security-acceptance-candidate"	"unapproved-unexecuted-internal-derived-acceptance-draft"	"8005-identity-role-and-session"	"needs-security-role-owner-and-explicit-approval"	"document-route:R05-C2; scenario:TC-122; scenario-role:precondition; upstream-fr:FR-002; upstream-uc:UC-001; formation-history:H2:493ac5a; `2bae6e7c8126` / H2; derived object: FR-002 AC-4.7"	"none-found-within-r05-pass"	"not-approved"	"role-authorization-source;security-or-business-owner;authoritative-upstream-version;named-approver;approval-date;approved-scope;version-or-sha256-binding"
"R05-A0380"	"R05"	"R05-66"	"requirement-documents/05-test-cases/01-site-operations/tc-122-compensation-decision-requires-controlled-reason-code.md"	"2bae6e7c812632d6eae6b362a934ebebc109d2284eb4707ff6fa7859a5249856"	"line 21"	"TC-122 整批清空决定必须选择受控原因码 > Test Steps 测试步骤"	"不选择原因码，仅填写自由文本备注后提交 LoadCompensationDecision。"	"不选择原因码，仅填写自由文本备注后提交 LoadCompensationDecision。"	"a3aa5cc91f141948391e5b82ea54375d3276da768dab20caa1e16a63a448274c"	"identity-security-acceptance-candidate"	"unapproved-unexecuted-internal-derived-acceptance-draft"	"8005-identity-role-and-session"	"needs-security-role-owner-and-explicit-approval"	"document-route:R05-C2; scenario:TC-122; scenario-role:action; upstream-fr:FR-002; upstream-uc:UC-001; formation-history:H2:493ac5a; `2bae6e7c8126` / H2; derived object: FR-002 AC-4.7"	"none-found-within-r05-pass"	"not-approved"	"role-authorization-source;security-or-business-owner;authoritative-upstream-version;named-approver;approval-date;approved-scope;version-or-sha256-binding"
"R05-A0381"	"R05"	"R05-66"	"requirement-documents/05-test-cases/01-site-operations/tc-122-compensation-decision-requires-controlled-reason-code.md"	"2bae6e7c812632d6eae6b362a934ebebc109d2284eb4707ff6fa7859a5249856"	"line 22"	"TC-122 整批清空决定必须选择受控原因码 > Test Steps 测试步骤"	"选择未知原因码后提交。"	"选择未知原因码后提交。"	"d1a8431654c9b439ebc67549950709688d5db89f57635a92df7bc37319267eee"	"identity-security-acceptance-candidate"	"unapproved-unexecuted-internal-derived-acceptance-draft"	"8005-identity-role-and-session"	"needs-security-role-owner-and-explicit-approval"	"document-route:R05-C2; scenario:TC-122; scenario-role:action; upstream-fr:FR-002; upstream-uc:UC-001; formation-history:H2:493ac5a; `2bae6e7c8126` / H2; derived object: FR-002 AC-4.7"	"none-found-within-r05-pass"	"not-approved"	"role-authorization-source;security-or-business-owner;authoritative-upstream-version;named-approver;approval-date;approved-scope;version-or-sha256-binding"
"R05-A0382"	"R05"	"R05-66"	"requirement-documents/05-test-cases/01-site-operations/tc-122-compensation-decision-requires-controlled-reason-code.md"	"2bae6e7c812632d6eae6b362a934ebebc109d2284eb4707ff6fa7859a5249856"	"line 23"	"TC-122 整批清空决定必须选择受控原因码 > Test Steps 测试步骤"	"分别选择 `HARDWARE_NOT_RECOVERABLE_ON_SITE`、`PRODUCTION_ABORTS_CURRENT_LOAD`，备注留空后提交。"	"分别选择 `HARDWARE_NOT_RECOVERABLE_ON_SITE`、`PRODUCTION_ABORTS_CURRENT_LOAD`，备注留空后提交。"	"a7449511380ef8989fbdee8c7760d57c960ad799935d299b195b7260cc718902"	"business-acceptance-action-candidate"	"unapproved-unexecuted-internal-derived-acceptance-draft"	"8005-site-operation-and-stop-closure"	"needs-upstream-source-and-explicit-approval"	"document-route:R05-C2; scenario:TC-122; scenario-role:action; upstream-fr:FR-002; upstream-uc:UC-001; formation-history:H2:493ac5a; `2bae6e7c8126` / H2; derived object: FR-002 AC-4.7"	"none-found-within-r05-pass"	"not-approved"	"authoritative-upstream-version;named-approver;approval-date;approved-scope;version-or-sha256-binding"
"R05-A0383"	"R05"	"R05-66"	"requirement-documents/05-test-cases/01-site-operations/tc-122-compensation-decision-requires-controlled-reason-code.md"	"2bae6e7c812632d6eae6b362a934ebebc109d2284eb4707ff6fa7859a5249856"	"line 24"	"TC-122 整批清空决定必须选择受控原因码 > Test Steps 测试步骤"	"选择 `OTHER`、备注留空后提交。"	"选择 `OTHER`、备注留空后提交。"	"c60e876a51b5025ca54c6afddd2e88262f70c01b07e82da972f57665872f7417"	"business-acceptance-action-candidate"	"unapproved-unexecuted-internal-derived-acceptance-draft"	"8005-site-operation-and-stop-closure"	"needs-upstream-source-and-explicit-approval"	"document-route:R05-C2; scenario:TC-122; scenario-role:action; upstream-fr:FR-002; upstream-uc:UC-001; formation-history:H2:493ac5a; `2bae6e7c8126` / H2; derived object: FR-002 AC-4.7"	"none-found-within-r05-pass"	"not-approved"	"authoritative-upstream-version;named-approver;approval-date;approved-scope;version-or-sha256-binding"
"R05-A0384"	"R05"	"R05-66"	"requirement-documents/05-test-cases/01-site-operations/tc-122-compensation-decision-requires-controlled-reason-code.md"	"2bae6e7c812632d6eae6b362a934ebebc109d2284eb4707ff6fa7859a5249856"	"line 25"	"TC-122 整批清空决定必须选择受控原因码 > Test Steps 测试步骤"	"选择 `OTHER` 并填写非空备注后提交。"	"选择 `OTHER` 并填写非空备注后提交。"	"44ca283fc01d9fc833543b814e0b3a09289a661dd1b5f5e9a78ff6c41b60a073"	"business-acceptance-action-candidate"	"unapproved-unexecuted-internal-derived-acceptance-draft"	"8005-site-operation-and-stop-closure"	"needs-upstream-source-and-explicit-approval"	"document-route:R05-C2; scenario:TC-122; scenario-role:action; upstream-fr:FR-002; upstream-uc:UC-001; formation-history:H2:493ac5a; `2bae6e7c8126` / H2; derived object: FR-002 AC-4.7"	"none-found-within-r05-pass"	"not-approved"	"authoritative-upstream-version;named-approver;approval-date;approved-scope;version-or-sha256-binding"
"R05-A0385"	"R05"	"R05-66"	"requirement-documents/05-test-cases/01-site-operations/tc-122-compensation-decision-requires-controlled-reason-code.md"	"2bae6e7c812632d6eae6b362a934ebebc109d2284eb4707ff6fa7859a5249856"	"line 29"	"TC-122 整批清空决定必须选择受控原因码 > Expected Result 预期结果"	"步骤 1、步骤 2 和步骤 4 均被拒绝，不生成 LoadCompensationDecision，不进入 LoadCompensationRequired。"	"步骤 1、步骤 2 和步骤 4 均被拒绝，不生成 LoadCompensationDecision，不进入 LoadCompensationRequired。步骤 3 和步骤 5 允许提交并准确记录原因码与备注；接受决定本身仍不得自动开锁。"	"37af6117154d5488b2e005e59be7b1e14f84dd3451fa9e28235a542af25d4b8a"	"internal-state-or-architecture-derivation"	"unapproved-unexecuted-internal-derived-acceptance-draft"	"8005-internal-site-operation-state-model"	"exclude-from-requirement-approval"	"document-route:R05-C2; scenario:TC-122; scenario-role:outcome; upstream-fr:FR-002; upstream-uc:UC-001; formation-history:H2:493ac5a; `2bae6e7c8126` / H2; derived object: FR-002 AC-4.7"	"none-found-within-r05-pass"	"not-approved"	"authoritative-requirement-source;independent-approval-unit-reframing;authoritative-upstream-version;named-approver;approval-date;approved-scope;version-or-sha256-binding"
"R05-A0386"	"R05"	"R05-66"	"requirement-documents/05-test-cases/01-site-operations/tc-122-compensation-decision-requires-controlled-reason-code.md"	"2bae6e7c812632d6eae6b362a934ebebc109d2284eb4707ff6fa7859a5249856"	"line 29"	"TC-122 整批清空决定必须选择受控原因码 > Expected Result 预期结果"	"步骤 3 和步骤 5 允许提交并准确记录原因码与备注；"	"步骤 1、步骤 2 和步骤 4 均被拒绝，不生成 LoadCompensationDecision，不进入 LoadCompensationRequired。步骤 3 和步骤 5 允许提交并准确记录原因码与备注；接受决定本身仍不得自动开锁。"	"4d773d44ed96a05ffd7d029b27e87c273e2a3c31bf70be6b99fb5abb9827a00a"	"identity-security-acceptance-candidate"	"unapproved-unexecuted-internal-derived-acceptance-draft"	"8005-identity-role-and-session"	"needs-security-role-owner-and-explicit-approval"	"document-route:R05-C2; scenario:TC-122; scenario-role:outcome; upstream-fr:FR-002; upstream-uc:UC-001; formation-history:H2:493ac5a; `2bae6e7c8126` / H2; derived object: FR-002 AC-4.7"	"none-found-within-r05-pass"	"not-approved"	"role-authorization-source;security-or-business-owner;authoritative-upstream-version;named-approver;approval-date;approved-scope;version-or-sha256-binding"
"R05-A0387"	"R05"	"R05-66"	"requirement-documents/05-test-cases/01-site-operations/tc-122-compensation-decision-requires-controlled-reason-code.md"	"2bae6e7c812632d6eae6b362a934ebebc109d2284eb4707ff6fa7859a5249856"	"line 29"	"TC-122 整批清空决定必须选择受控原因码 > Expected Result 预期结果"	"接受决定本身仍不得自动开锁。"	"步骤 1、步骤 2 和步骤 4 均被拒绝，不生成 LoadCompensationDecision，不进入 LoadCompensationRequired。步骤 3 和步骤 5 允许提交并准确记录原因码与备注；接受决定本身仍不得自动开锁。"	"d4c09f96d5620123d8ef72236d67582f9052ecda0e75a805d8fd1004ad501a35"	"business-acceptance-outcome-candidate"	"unapproved-unexecuted-internal-derived-acceptance-draft"	"8005-site-operation-and-stop-closure"	"needs-upstream-source-and-explicit-approval"	"document-route:R05-C2; scenario:TC-122; scenario-role:outcome; upstream-fr:FR-002; upstream-uc:UC-001; formation-history:H2:493ac5a; `2bae6e7c8126` / H2; derived object: FR-002 AC-4.7"	"none-found-within-r05-pass"	"not-approved"	"authoritative-upstream-version;named-approver;approval-date;approved-scope;version-or-sha256-binding"
"R05-A0388"	"R05"	"R05-66"	"requirement-documents/05-test-cases/01-site-operations/tc-122-compensation-decision-requires-controlled-reason-code.md"	"2bae6e7c812632d6eae6b362a934ebebc109d2284eb4707ff6fa7859a5249856"	"line 33"	"TC-122 整批清空决定必须选择受控原因码 > Verifies 验证对象"	"[[fr-002-slot-unlock-occupancy-confirm-and-state-persist|FR-002]] AC-4.7"	"[[fr-002-slot-unlock-occupancy-confirm-and-state-persist|FR-002]] AC-4.7"	"8e63a046489bc069cde81bcda28081c1c0ed38579ffadecac2121ebc1c7ea40e"	"verification-traceability-evidence"	"unapproved-unexecuted-internal-derived-acceptance-draft"	"8005-site-operation-and-stop-closure"	"evidence-only"	"document-route:R05-C2; scenario:TC-122; scenario-role:verification; upstream-fr:FR-002; upstream-uc:UC-001; formation-history:H2:493ac5a; `2bae6e7c8126` / H2; derived object: FR-002 AC-4.7"	"none-found-within-r05-pass"	"not-approved"	"authoritative-upstream-version;named-approver;approval-date;approved-scope;version-or-sha256-binding"
"R05-A0389"	"R05"	"R05-67"	"requirement-documents/05-test-cases/01-site-operations/tc-123-load-compensation-cancels-transport-demand.md"	"2e2c5743bccb54fabe9bd7b516a7132cf6e093f69d0b0b754f2674a418fb7c4b"	"line 17"	"TC-123 装货补偿整批清空后统一取消搬运需求 > Preconditions 前置条件"	"准备三个分别使用 `HARDWARE_NOT_RECOVERABLE_ON_SITE`、`PRODUCTION_ABORTS_CURRENT_LOAD` 和 `OTHER` 的 LoadCompensationDecision；"	"准备三个分别使用 `HARDWARE_NOT_RECOVERABLE_ON_SITE`、`PRODUCTION_ABORTS_CURRENT_LOAD` 和 `OTHER` 的 LoadCompensationDecision；每个 LoadBatch 均已取得服务端授权。另准备一个尚有目标仓位未能证明 EMPTY 或安全锁闭的补偿操作。"	"704ebe23fb01f8c53ad3c0e85f463aea84d024ea54647e65259248790567afc9"	"internal-state-or-architecture-derivation"	"unapproved-unexecuted-internal-derived-acceptance-draft"	"8005-internal-site-operation-state-model"	"exclude-from-requirement-approval"	"document-route:R05-C2; scenario:TC-123; scenario-role:precondition; upstream-fr:FR-002; upstream-uc:UC-001; formation-history:H2:493ac5a; `2e2c5743bccb` / H2; derived object: FR-002 AC-4.8"	"none-found-within-r05-pass"	"not-approved"	"authoritative-requirement-source;independent-approval-unit-reframing;authoritative-upstream-version;named-approver;approval-date;approved-scope;version-or-sha256-binding"
"R05-A0390"	"R05"	"R05-67"	"requirement-documents/05-test-cases/01-site-operations/tc-123-load-compensation-cancels-transport-demand.md"	"2e2c5743bccb54fabe9bd7b516a7132cf6e093f69d0b0b754f2674a418fb7c4b"	"line 17"	"TC-123 装货补偿整批清空后统一取消搬运需求 > Preconditions 前置条件"	"每个 LoadBatch 均已取得服务端授权。"	"准备三个分别使用 `HARDWARE_NOT_RECOVERABLE_ON_SITE`、`PRODUCTION_ABORTS_CURRENT_LOAD` 和 `OTHER` 的 LoadCompensationDecision；每个 LoadBatch 均已取得服务端授权。另准备一个尚有目标仓位未能证明 EMPTY 或安全锁闭的补偿操作。"	"19b3081d26bd087bed5d3bb0da082674c53eeb690482dde13d9efa07cb7767a9"	"interface-integration-acceptance-candidate"	"unapproved-unexecuted-internal-derived-acceptance-draft"	"8005-onboard-server-MES-interface"	"needs-interface-owner-source-and-explicit-approval"	"document-route:R05-C2; scenario:TC-123; scenario-role:precondition; upstream-fr:FR-002; upstream-uc:UC-001; formation-history:H2:493ac5a; `2e2c5743bccb` / H2; derived object: FR-002 AC-4.8"	"none-found-within-r05-pass"	"not-approved"	"controlled-interface-version;interface-owner;authoritative-upstream-version;named-approver;approval-date;approved-scope;version-or-sha256-binding"
"R05-A0391"	"R05"	"R05-67"	"requirement-documents/05-test-cases/01-site-operations/tc-123-load-compensation-cancels-transport-demand.md"	"2e2c5743bccb54fabe9bd7b516a7132cf6e093f69d0b0b754f2674a418fb7c4b"	"line 17"	"TC-123 装货补偿整批清空后统一取消搬运需求 > Preconditions 前置条件"	"另准备一个尚有目标仓位未能证明 EMPTY 或安全锁闭的补偿操作。"	"准备三个分别使用 `HARDWARE_NOT_RECOVERABLE_ON_SITE`、`PRODUCTION_ABORTS_CURRENT_LOAD` 和 `OTHER` 的 LoadCompensationDecision；每个 LoadBatch 均已取得服务端授权。另准备一个尚有目标仓位未能证明 EMPTY 或安全锁闭的补偿操作。"	"fa730a79b68795889b26fb1175cf9f7797a83a4ecabe1d8040376e5762feb93c"	"safety-hardware-acceptance-candidate"	"unapproved-unexecuted-internal-derived-acceptance-draft"	"8005-site-safety-slot-hardware-and-recovery"	"needs-safety-hardware-authority-and-explicit-approval"	"document-route:R05-C2; scenario:TC-123; scenario-role:precondition; upstream-fr:FR-002; upstream-uc:UC-001; formation-history:H2:493ac5a; `2e2c5743bccb` / H2; derived object: FR-002 AC-4.8"	"none-found-within-r05-pass"	"not-approved"	"hardware-and-IO-version-binding;safety-or-hardware-owner;risk-review-evidence;authoritative-upstream-version;named-approver;approval-date;approved-scope;version-or-sha256-binding"
"R05-A0392"	"R05"	"R05-67"	"requirement-documents/05-test-cases/01-site-operations/tc-123-load-compensation-cancels-transport-demand.md"	"2e2c5743bccb54fabe9bd7b516a7132cf6e093f69d0b0b754f2674a418fb7c4b"	"line 21"	"TC-123 装货补偿整批清空后统一取消搬运需求 > Test Steps 测试步骤"	"三个不同原因码的操作分别完成全部目标仓位的 LoadCompensationRecovery，服务端接收并核验可靠的 LoadCompensationResult。"	"三个不同原因码的操作分别完成全部目标仓位的 LoadCompensationRecovery，服务端接收并核验可靠的 LoadCompensationResult。"	"a6bb4d3e82cce434212719da0f0563ae757a1f3046214d7873a6a06a5b04ea6d"	"identity-security-acceptance-candidate"	"unapproved-unexecuted-internal-derived-acceptance-draft"	"8005-identity-role-and-session"	"needs-security-role-owner-and-explicit-approval"	"document-route:R05-C2; scenario:TC-123; scenario-role:action; upstream-fr:FR-002; upstream-uc:UC-001; formation-history:H2:493ac5a; `2e2c5743bccb` / H2; derived object: FR-002 AC-4.8"	"none-found-within-r05-pass"	"not-approved"	"role-authorization-source;security-or-business-owner;authoritative-upstream-version;named-approver;approval-date;approved-scope;version-or-sha256-binding"
"R05-A0393"	"R05"	"R05-67"	"requirement-documents/05-test-cases/01-site-operations/tc-123-load-compensation-cancels-transport-demand.md"	"2e2c5743bccb54fabe9bd7b516a7132cf6e093f69d0b0b754f2674a418fb7c4b"	"line 22"	"TC-123 装货补偿整批清空后统一取消搬运需求 > Test Steps 测试步骤"	"查询各自的原 SlotOperationAttemptId、整批仓位预留、DemandId、取消抑制和后续派车状态。"	"查询各自的原 SlotOperationAttemptId、整批仓位预留、DemandId、取消抑制和后续派车状态。"	"73857a26285b15b762c4cd3e8c414c80a6e3ddd6b725bc58db28c9695df986af"	"internal-state-or-architecture-derivation"	"unapproved-unexecuted-internal-derived-acceptance-draft"	"8005-internal-site-operation-state-model"	"exclude-from-requirement-approval"	"document-route:R05-C2; scenario:TC-123; scenario-role:action; upstream-fr:FR-002; upstream-uc:UC-001; formation-history:H2:493ac5a; `2e2c5743bccb` / H2; derived object: FR-002 AC-4.8"	"CF-R01-001"	"not-approved"	"authoritative-requirement-source;independent-approval-unit-reframing;authoritative-upstream-version;named-approver;approval-date;approved-scope;version-or-sha256-binding"
"R05-A0394"	"R05"	"R05-67"	"requirement-documents/05-test-cases/01-site-operations/tc-123-load-compensation-cancels-transport-demand.md"	"2e2c5743bccb54fabe9bd7b516a7132cf6e093f69d0b0b754f2674a418fb7c4b"	"line 23"	"TC-123 装货补偿整批清空后统一取消搬运需求 > Test Steps 测试步骤"	"对尚未安全清空完整目标范围的操作上报不完整或状态不确定的结果。"	"对尚未安全清空完整目标范围的操作上报不完整或状态不确定的结果。"	"61182e803fb73a921f2083f6faede407d5c990d2bb514af4fb21a798a69fe945"	"safety-hardware-acceptance-candidate"	"unapproved-unexecuted-internal-derived-acceptance-draft"	"8005-site-safety-slot-hardware-and-recovery"	"needs-safety-hardware-authority-and-explicit-approval"	"document-route:R05-C2; scenario:TC-123; scenario-role:action; upstream-fr:FR-002; upstream-uc:UC-001; formation-history:H2:493ac5a; `2e2c5743bccb` / H2; derived object: FR-002 AC-4.8"	"none-found-within-r05-pass"	"not-approved"	"hardware-and-IO-version-binding;safety-or-hardware-owner;risk-review-evidence;authoritative-upstream-version;named-approver;approval-date;approved-scope;version-or-sha256-binding"
"R05-A0395"	"R05"	"R05-67"	"requirement-documents/05-test-cases/01-site-operations/tc-123-load-compensation-cancels-transport-demand.md"	"2e2c5743bccb54fabe9bd7b516a7132cf6e093f69d0b0b754f2674a418fb7c4b"	"line 24"	"TC-123 装货补偿整批清空后统一取消搬运需求 > Test Steps 测试步骤"	"模拟 MES 在人工扫码过站前持续返回已完成补偿的相同 TransportDemandKey，并另行模拟同一 SUBLOT 命中其它任务类型。"	"模拟 MES 在人工扫码过站前持续返回已完成补偿的相同 TransportDemandKey，并另行模拟同一 SUBLOT 命中其它任务类型。"	"e361817159528af96c4b4d989999c48358aebd62675dcefc2c4d523640b8788f"	"interface-integration-acceptance-candidate"	"unapproved-unexecuted-internal-derived-acceptance-draft"	"8005-onboard-server-MES-interface"	"hold-for-conflict-decision"	"document-route:R05-C2; scenario:TC-123; scenario-role:action; upstream-fr:FR-002; upstream-uc:UC-001; formation-history:H2:493ac5a; `2e2c5743bccb` / H2; derived object: FR-002 AC-4.8"	"CF-R01-001"	"not-approved"	"controlled-interface-version;interface-owner;authoritative-upstream-version;named-approver;approval-date;approved-scope;version-or-sha256-binding"
"R05-A0396"	"R05"	"R05-67"	"requirement-documents/05-test-cases/01-site-operations/tc-123-load-compensation-cancels-transport-demand.md"	"2e2c5743bccb54fabe9bd7b516a7132cf6e093f69d0b0b754f2674a418fb7c4b"	"line 28"	"TC-123 装货补偿整批清空后统一取消搬运需求 > Expected Result 预期结果"	"三种原因下，原 SlotOperationAttemptId 都终结为 `COMPENSATED`，相关仓位预留均被释放，原 DemandId 均终结为 `CANCELLED_BY_LOAD_COMPENSATION`，对应 TransportDemandKey 被调度永久抑制，不得误记为 `CANCELLED_BY_OPERATOR`；"	"三种原因下，原 SlotOperationAttemptId 都终结为 `COMPENSATED`，相关仓位预留均被释放，原 DemandId 均终结为 `CANCELLED_BY_LOAD_COMPENSATION`，对应 TransportDemandKey 被调度永久抑制，不得误记为 `CANCELLED_BY_OPERATOR`；MES 持续返回同键候选时 MesIngest 仍照常投影，调度不得创建或恢复业务任务、派车或创建补偿后重试尝试。原因码分别保留用于审计，但不改变业务后果。尚未证明整批安全清空的操作不得取消 DemandId、释放预留或允许车辆离站。同一 SUBLOT 命中其它任务类型时属于不同业务键，可正常处理。"	"26dcdc41446c0118275c895d8fac2d4ccb1ffb500c29aed135dc98d8a2c44208"	"internal-state-or-architecture-derivation"	"unapproved-unexecuted-internal-derived-acceptance-draft"	"8005-internal-site-operation-state-model"	"exclude-from-requirement-approval"	"document-route:R05-C2; scenario:TC-123; scenario-role:outcome; upstream-fr:FR-002; upstream-uc:UC-001; formation-history:H2:493ac5a; `2e2c5743bccb` / H2; derived object: FR-002 AC-4.8"	"CF-R01-001"	"not-approved"	"authoritative-requirement-source;independent-approval-unit-reframing;authoritative-upstream-version;named-approver;approval-date;approved-scope;version-or-sha256-binding"
"R05-A0397"	"R05"	"R05-67"	"requirement-documents/05-test-cases/01-site-operations/tc-123-load-compensation-cancels-transport-demand.md"	"2e2c5743bccb54fabe9bd7b516a7132cf6e093f69d0b0b754f2674a418fb7c4b"	"line 28"	"TC-123 装货补偿整批清空后统一取消搬运需求 > Expected Result 预期结果"	"MES 持续返回同键候选时 MesIngest 仍照常投影，调度不得创建或恢复业务任务、派车或创建补偿后重试尝试。"	"三种原因下，原 SlotOperationAttemptId 都终结为 `COMPENSATED`，相关仓位预留均被释放，原 DemandId 均终结为 `CANCELLED_BY_LOAD_COMPENSATION`，对应 TransportDemandKey 被调度永久抑制，不得误记为 `CANCELLED_BY_OPERATOR`；MES 持续返回同键候选时 MesIngest 仍照常投影，调度不得创建或恢复业务任务、派车或创建补偿后重试尝试。原因码分别保留用于审计，但不改变业务后果。尚未证明整批安全清空的操作不得取消 DemandId、释放预留或允许车辆离站。同一 SUBLOT 命中其它任务类型时属于不同业务键，可正常处理。"	"930483f583d20571eb0c6e81efc89de8a06887d45c8c2f08ecbfb0c3b1231b26"	"internal-state-or-architecture-derivation"	"unapproved-unexecuted-internal-derived-acceptance-draft"	"8005-internal-site-operation-state-model"	"exclude-from-requirement-approval"	"document-route:R05-C2; scenario:TC-123; scenario-role:outcome; upstream-fr:FR-002; upstream-uc:UC-001; formation-history:H2:493ac5a; `2e2c5743bccb` / H2; derived object: FR-002 AC-4.8"	"none-found-within-r05-pass"	"not-approved"	"authoritative-requirement-source;independent-approval-unit-reframing;authoritative-upstream-version;named-approver;approval-date;approved-scope;version-or-sha256-binding"
"R05-A0398"	"R05"	"R05-67"	"requirement-documents/05-test-cases/01-site-operations/tc-123-load-compensation-cancels-transport-demand.md"	"2e2c5743bccb54fabe9bd7b516a7132cf6e093f69d0b0b754f2674a418fb7c4b"	"line 28"	"TC-123 装货补偿整批清空后统一取消搬运需求 > Expected Result 预期结果"	"原因码分别保留用于审计，但不改变业务后果。"	"三种原因下，原 SlotOperationAttemptId 都终结为 `COMPENSATED`，相关仓位预留均被释放，原 DemandId 均终结为 `CANCELLED_BY_LOAD_COMPENSATION`，对应 TransportDemandKey 被调度永久抑制，不得误记为 `CANCELLED_BY_OPERATOR`；MES 持续返回同键候选时 MesIngest 仍照常投影，调度不得创建或恢复业务任务、派车或创建补偿后重试尝试。原因码分别保留用于审计，但不改变业务后果。尚未证明整批安全清空的操作不得取消 DemandId、释放预留或允许车辆离站。同一 SUBLOT 命中其它任务类型时属于不同业务键，可正常处理。"	"27d8e5a097508b74dff3691ad4ad779d6b0bc87bcc5dfecfe266146753716ff7"	"identity-security-acceptance-candidate"	"unapproved-unexecuted-internal-derived-acceptance-draft"	"8005-identity-role-and-session"	"needs-security-role-owner-and-explicit-approval"	"document-route:R05-C2; scenario:TC-123; scenario-role:outcome; upstream-fr:FR-002; upstream-uc:UC-001; formation-history:H2:493ac5a; `2e2c5743bccb` / H2; derived object: FR-002 AC-4.8"	"none-found-within-r05-pass"	"not-approved"	"role-authorization-source;security-or-business-owner;authoritative-upstream-version;named-approver;approval-date;approved-scope;version-or-sha256-binding"
"R05-A0399"	"R05"	"R05-67"	"requirement-documents/05-test-cases/01-site-operations/tc-123-load-compensation-cancels-transport-demand.md"	"2e2c5743bccb54fabe9bd7b516a7132cf6e093f69d0b0b754f2674a418fb7c4b"	"line 28"	"TC-123 装货补偿整批清空后统一取消搬运需求 > Expected Result 预期结果"	"尚未证明整批安全清空的操作不得取消 DemandId、释放预留或允许车辆离站。"	"三种原因下，原 SlotOperationAttemptId 都终结为 `COMPENSATED`，相关仓位预留均被释放，原 DemandId 均终结为 `CANCELLED_BY_LOAD_COMPENSATION`，对应 TransportDemandKey 被调度永久抑制，不得误记为 `CANCELLED_BY_OPERATOR`；MES 持续返回同键候选时 MesIngest 仍照常投影，调度不得创建或恢复业务任务、派车或创建补偿后重试尝试。原因码分别保留用于审计，但不改变业务后果。尚未证明整批安全清空的操作不得取消 DemandId、释放预留或允许车辆离站。同一 SUBLOT 命中其它任务类型时属于不同业务键，可正常处理。"	"a487116feb580a02ded0f7fc83e20078ae4a30a56aad6edbdb7e7c02204eafa2"	"safety-hardware-acceptance-candidate"	"unapproved-unexecuted-internal-derived-acceptance-draft"	"8005-site-safety-slot-hardware-and-recovery"	"needs-safety-hardware-authority-and-explicit-approval"	"document-route:R05-C2; scenario:TC-123; scenario-role:outcome; upstream-fr:FR-002; upstream-uc:UC-001; formation-history:H2:493ac5a; `2e2c5743bccb` / H2; derived object: FR-002 AC-4.8"	"none-found-within-r05-pass"	"not-approved"	"hardware-and-IO-version-binding;safety-or-hardware-owner;risk-review-evidence;authoritative-upstream-version;named-approver;approval-date;approved-scope;version-or-sha256-binding"
"R05-A0400"	"R05"	"R05-67"	"requirement-documents/05-test-cases/01-site-operations/tc-123-load-compensation-cancels-transport-demand.md"	"2e2c5743bccb54fabe9bd7b516a7132cf6e093f69d0b0b754f2674a418fb7c4b"	"line 28"	"TC-123 装货补偿整批清空后统一取消搬运需求 > Expected Result 预期结果"	"同一 SUBLOT 命中其它任务类型时属于不同业务键，可正常处理。"	"三种原因下，原 SlotOperationAttemptId 都终结为 `COMPENSATED`，相关仓位预留均被释放，原 DemandId 均终结为 `CANCELLED_BY_LOAD_COMPENSATION`，对应 TransportDemandKey 被调度永久抑制，不得误记为 `CANCELLED_BY_OPERATOR`；MES 持续返回同键候选时 MesIngest 仍照常投影，调度不得创建或恢复业务任务、派车或创建补偿后重试尝试。原因码分别保留用于审计，但不改变业务后果。尚未证明整批安全清空的操作不得取消 DemandId、释放预留或允许车辆离站。同一 SUBLOT 命中其它任务类型时属于不同业务键，可正常处理。"	"da888b9ea8802f35cf454003b2155be28a24bd04ef4c1c2a64f31690e8253174"	"business-acceptance-outcome-candidate"	"unapproved-unexecuted-internal-derived-acceptance-draft"	"8005-site-operation-and-stop-closure"	"hold-for-conflict-decision"	"document-route:R05-C2; scenario:TC-123; scenario-role:outcome; upstream-fr:FR-002; upstream-uc:UC-001; formation-history:H2:493ac5a; `2e2c5743bccb` / H2; derived object: FR-002 AC-4.8"	"CF-R01-001"	"not-approved"	"authoritative-upstream-version;named-approver;approval-date;approved-scope;version-or-sha256-binding"
"R05-A0401"	"R05"	"R05-67"	"requirement-documents/05-test-cases/01-site-operations/tc-123-load-compensation-cancels-transport-demand.md"	"2e2c5743bccb54fabe9bd7b516a7132cf6e093f69d0b0b754f2674a418fb7c4b"	"line 32"	"TC-123 装货补偿整批清空后统一取消搬运需求 > Verifies 验证对象"	"[[fr-002-slot-unlock-occupancy-confirm-and-state-persist|FR-002]] AC-4.8"	"[[fr-002-slot-unlock-occupancy-confirm-and-state-persist|FR-002]] AC-4.8"	"92011de127cba45083848d3fc3e91f5b31c996352797958e2ce2bbc061a277ef"	"verification-traceability-evidence"	"unapproved-unexecuted-internal-derived-acceptance-draft"	"8005-site-operation-and-stop-closure"	"evidence-only"	"document-route:R05-C2; scenario:TC-123; scenario-role:verification; upstream-fr:FR-002; upstream-uc:UC-001; formation-history:H2:493ac5a; `2e2c5743bccb` / H2; derived object: FR-002 AC-4.8"	"none-found-within-r05-pass"	"not-approved"	"authoritative-upstream-version;named-approver;approval-date;approved-scope;version-or-sha256-binding"
