"candidate_id"	"batch_id"	"source_record_id"	"source_path"	"source_sha256"	"exact_location"	"section_path"	"statement_text"	"source_context"	"statement_fingerprint"	"candidate_class"	"source_claim_status"	"applicable_scope"	"baseline_route"	"duplicate_or_derivation"	"conflict_pointer"	"approval_state"	"approval_gap"
"R06-A0001"	"R06"	"R06-01"	"requirement-documents/05-test-cases/02-slot-and-hardware/tc-042-dashboard-normal-display.md"	"8a85621b35c8e6c3da1aa338147f0417b9c89326780a0d2982ee1b80d8cd8961"	"line 17"	"TC-042 正常展示仓位状态与关联信息 > Preconditions 前置条件"	"本地服务器与数据库运行正常。"	"本地服务器与数据库运行正常。"	"baa8e897b024d4451f0f4d010989c80bef2a53a4f0d3f5379e64e3016dc4acdd"	"business-acceptance-precondition-candidate"	"unapproved-unexecuted-internal-derived-acceptance-draft"	"8005-slot-management-and-hardware-acceptance"	"needs-upstream-source-and-explicit-approval"	"document-route:R06-A; scenario:TC-042; scenario-role:precondition; upstream-fr:FR-015; upstream-uc:UC-011; formation-history:H3:ecd0fd8; FR-015 AC-1 / UC-011"	"none-found-within-r06-pass"	"not-approved"	"authoritative-upstream-version;named-approver;approval-date;approved-scope;version-or-sha256-binding;execution-build;execution-environment;executor;execution-time;actual-result;pass-fail;attachment-sha256"
"R06-A0002"	"R06"	"R06-01"	"requirement-documents/05-test-cases/02-slot-and-hardware/tc-042-dashboard-normal-display.md"	"8a85621b35c8e6c3da1aa338147f0417b9c89326780a0d2982ee1b80d8cd8961"	"line 21"	"TC-042 正常展示仓位状态与关联信息 > Test Steps 测试步骤"	"班组长/生产管理者打开仓位监控看板，或看板按周期/手动触发刷新。"	"班组长/生产管理者打开仓位监控看板，或看板按周期/手动触发刷新。"	"04f1626ba903cc8bad447fd35d2fdf612ca60d1fd68ba1b064c0725ce11d266d"	"operator-HMI-acceptance-candidate"	"unapproved-unexecuted-internal-derived-acceptance-draft"	"8005-slot-and-fleet-operator-HMI"	"needs-operator-product-owner-and-explicit-approval"	"document-route:R06-A; scenario:TC-042; scenario-role:action; upstream-fr:FR-015; upstream-uc:UC-011; formation-history:H3:ecd0fd8; FR-015 AC-1 / UC-011"	"none-found-within-r06-pass"	"not-approved"	"operator-or-product-owner;project-station-or-configuration-scope;authoritative-upstream-version;named-approver;approval-date;approved-scope;version-or-sha256-binding;execution-build;execution-environment;executor;execution-time;actual-result;pass-fail;attachment-sha256"
"R06-A0003"	"R06"	"R06-01"	"requirement-documents/05-test-cases/02-slot-and-hardware/tc-042-dashboard-normal-display.md"	"8a85621b35c8e6c3da1aa338147f0417b9c89326780a0d2982ee1b80d8cd8961"	"line 25"	"TC-042 正常展示仓位状态与关联信息 > Expected Result 预期结果"	"系统读取并展示各仓位状态（空闲/已占用/异常锁定）、仓门开关状态；"	"系统读取并展示各仓位状态（空闲/已占用/异常锁定）、仓门开关状态；若某仓位为""已占用""，同时展示其关联的子批号及搬运任务信息（任务号、目标/交货站点、任务当前状态），与本地数据库当前记录一致。"	"1bd6a01916b4726a75a0ad2e4f9a3f09f71d10af384a5b989527370a763ad064"	"safety-hardware-acceptance-candidate"	"unapproved-unexecuted-internal-derived-acceptance-draft"	"8005-slot-hardware-IO-safety-and-operability"	"needs-safety-hardware-authority-and-explicit-approval"	"document-route:R06-A; scenario:TC-042; scenario-role:outcome; upstream-fr:FR-015; upstream-uc:UC-011; formation-history:H3:ecd0fd8; FR-015 AC-1 / UC-011"	"none-found-within-r06-pass"	"not-approved"	"hardware-and-IO-version-binding;safety-or-hardware-owner;risk-review-evidence;authoritative-upstream-version;named-approver;approval-date;approved-scope;version-or-sha256-binding;execution-build;execution-environment;executor;execution-time;actual-result;pass-fail;attachment-sha256"
"R06-A0004"	"R06"	"R06-01"	"requirement-documents/05-test-cases/02-slot-and-hardware/tc-042-dashboard-normal-display.md"	"8a85621b35c8e6c3da1aa338147f0417b9c89326780a0d2982ee1b80d8cd8961"	"line 25"	"TC-042 正常展示仓位状态与关联信息 > Expected Result 预期结果"	"若某仓位为""已占用""，同时展示其关联的子批号及搬运任务信息（任务号、目标/交货站点、任务当前状态），与本地数据库当前记录一致。"	"系统读取并展示各仓位状态（空闲/已占用/异常锁定）、仓门开关状态；若某仓位为""已占用""，同时展示其关联的子批号及搬运任务信息（任务号、目标/交货站点、任务当前状态），与本地数据库当前记录一致。"	"703e3c6ba32967f664f1b3f426279728f73323f2e6fe1a2c14985a8d291cbeca"	"operator-HMI-acceptance-candidate"	"unapproved-unexecuted-internal-derived-acceptance-draft"	"8005-slot-and-fleet-operator-HMI"	"needs-operator-product-owner-and-explicit-approval"	"document-route:R06-A; scenario:TC-042; scenario-role:outcome; upstream-fr:FR-015; upstream-uc:UC-011; formation-history:H3:ecd0fd8; FR-015 AC-1 / UC-011"	"none-found-within-r06-pass"	"not-approved"	"operator-or-product-owner;project-station-or-configuration-scope;authoritative-upstream-version;named-approver;approval-date;approved-scope;version-or-sha256-binding;execution-build;execution-environment;executor;execution-time;actual-result;pass-fail;attachment-sha256"
"R06-A0005"	"R06"	"R06-01"	"requirement-documents/05-test-cases/02-slot-and-hardware/tc-042-dashboard-normal-display.md"	"8a85621b35c8e6c3da1aa338147f0417b9c89326780a0d2982ee1b80d8cd8961"	"line 29"	"TC-042 正常展示仓位状态与关联信息 > Verifies 验证对象"	"[[fr-015-slot-monitoring-dashboard-display-and-refresh|FR-015]] AC-1"	"[[fr-015-slot-monitoring-dashboard-display-and-refresh|FR-015]] AC-1"	"828fd856105be728bc3e713c3d21c9cad0056638ac989388c60b1859b7aee2f4"	"verification-traceability-evidence"	"unapproved-unexecuted-internal-derived-acceptance-draft"	"8005-slot-management-and-hardware-acceptance"	"evidence-only"	"document-route:R06-A; scenario:TC-042; scenario-role:verification; upstream-fr:FR-015; upstream-uc:UC-011; formation-history:H3:ecd0fd8; FR-015 AC-1 / UC-011"	"EX-R06-001"	"not-approved"	"authoritative-upstream-version;named-approver;approval-date;approved-scope;version-or-sha256-binding;execution-build;execution-environment;executor;execution-time;actual-result;pass-fail;attachment-sha256"
"R06-A0006"	"R06"	"R06-02"	"requirement-documents/05-test-cases/02-slot-and-hardware/tc-043-dashboard-refresh-failure-retain-old-data.md"	"ce5bd7e5c0b0b24c4b84e65b5291d85b5fe4c35d356998ec80eb44e0d584a4a3"	"line 17"	"TC-043 刷新时数据读取异常，保留旧数据并标注 > Preconditions 前置条件"	"看板已展示上一次成功读取到的数据。"	"看板已展示上一次成功读取到的数据。"	"fbfef59d904ef00b039fdc4c22839966cbb88cc9c091d7c6ad51dcac36655a72"	"operator-HMI-acceptance-candidate"	"unapproved-unexecuted-internal-derived-acceptance-draft"	"8005-slot-and-fleet-operator-HMI"	"needs-operator-product-owner-and-explicit-approval"	"document-route:R06-A; scenario:TC-043; scenario-role:precondition; upstream-fr:FR-015; upstream-uc:UC-011; formation-history:H3:ecd0fd8; FR-015 AC-2 / UC-011"	"none-found-within-r06-pass"	"not-approved"	"operator-or-product-owner;project-station-or-configuration-scope;authoritative-upstream-version;named-approver;approval-date;approved-scope;version-or-sha256-binding;execution-build;execution-environment;executor;execution-time;actual-result;pass-fail;attachment-sha256"
"R06-A0007"	"R06"	"R06-02"	"requirement-documents/05-test-cases/02-slot-and-hardware/tc-043-dashboard-refresh-failure-retain-old-data.md"	"ce5bd7e5c0b0b24c4b84e65b5291d85b5fe4c35d356998ec80eb44e0d584a4a3"	"line 21"	"TC-043 刷新时数据读取异常，保留旧数据并标注 > Test Steps 测试步骤"	"系统按周期或手动触发刷新时，读取本地数据库/服务发生异常。"	"系统按周期或手动触发刷新时，读取本地数据库/服务发生异常。"	"1b498ad6c4501f11a29ad9612b2fafdb665f2357ddbb1afa3bf8e1be864aefb2"	"business-acceptance-action-candidate"	"unapproved-unexecuted-internal-derived-acceptance-draft"	"8005-slot-management-and-hardware-acceptance"	"needs-upstream-source-and-explicit-approval"	"document-route:R06-A; scenario:TC-043; scenario-role:action; upstream-fr:FR-015; upstream-uc:UC-011; formation-history:H3:ecd0fd8; FR-015 AC-2 / UC-011"	"none-found-within-r06-pass"	"not-approved"	"authoritative-upstream-version;named-approver;approval-date;approved-scope;version-or-sha256-binding;execution-build;execution-environment;executor;execution-time;actual-result;pass-fail;attachment-sha256"
"R06-A0008"	"R06"	"R06-02"	"requirement-documents/05-test-cases/02-slot-and-hardware/tc-043-dashboard-refresh-failure-retain-old-data.md"	"ce5bd7e5c0b0b24c4b84e65b5291d85b5fe4c35d356998ec80eb44e0d584a4a3"	"line 25"	"TC-043 刷新时数据读取异常，保留旧数据并标注 > Expected Result 预期结果"	"系统提示""数据刷新失败，请稍后重试""，保留上一次成功读取到的数据，并标注该数据的最后刷新时间，不得与最新真实状态混淆；"	"系统提示""数据刷新失败，请稍后重试""，保留上一次成功读取到的数据，并标注该数据的最后刷新时间，不得与最新真实状态混淆；系统持续尝试重新读取。"	"e43b2a283656a80e9615d16f0ff60a947b63cbfd973f192a5912d50b2c5029d8"	"operator-HMI-acceptance-candidate"	"unapproved-unexecuted-internal-derived-acceptance-draft"	"8005-slot-and-fleet-operator-HMI"	"needs-operator-product-owner-and-explicit-approval"	"document-route:R06-A; scenario:TC-043; scenario-role:outcome; upstream-fr:FR-015; upstream-uc:UC-011; formation-history:H3:ecd0fd8; FR-015 AC-2 / UC-011"	"none-found-within-r06-pass"	"not-approved"	"operator-or-product-owner;project-station-or-configuration-scope;authoritative-upstream-version;named-approver;approval-date;approved-scope;version-or-sha256-binding;execution-build;execution-environment;executor;execution-time;actual-result;pass-fail;attachment-sha256"
"R06-A0009"	"R06"	"R06-02"	"requirement-documents/05-test-cases/02-slot-and-hardware/tc-043-dashboard-refresh-failure-retain-old-data.md"	"ce5bd7e5c0b0b24c4b84e65b5291d85b5fe4c35d356998ec80eb44e0d584a4a3"	"line 25"	"TC-043 刷新时数据读取异常，保留旧数据并标注 > Expected Result 预期结果"	"系统持续尝试重新读取。"	"系统提示""数据刷新失败，请稍后重试""，保留上一次成功读取到的数据，并标注该数据的最后刷新时间，不得与最新真实状态混淆；系统持续尝试重新读取。"	"0eccc1aa73b85a187d329b8000d4087d4764dba15aa1f5a6a734e50b27f144dc"	"business-acceptance-outcome-candidate"	"unapproved-unexecuted-internal-derived-acceptance-draft"	"8005-slot-management-and-hardware-acceptance"	"needs-upstream-source-and-explicit-approval"	"document-route:R06-A; scenario:TC-043; scenario-role:outcome; upstream-fr:FR-015; upstream-uc:UC-011; formation-history:H3:ecd0fd8; FR-015 AC-2 / UC-011"	"none-found-within-r06-pass"	"not-approved"	"authoritative-upstream-version;named-approver;approval-date;approved-scope;version-or-sha256-binding;execution-build;execution-environment;executor;execution-time;actual-result;pass-fail;attachment-sha256"
"R06-A0010"	"R06"	"R06-02"	"requirement-documents/05-test-cases/02-slot-and-hardware/tc-043-dashboard-refresh-failure-retain-old-data.md"	"ce5bd7e5c0b0b24c4b84e65b5291d85b5fe4c35d356998ec80eb44e0d584a4a3"	"line 29"	"TC-043 刷新时数据读取异常，保留旧数据并标注 > Verifies 验证对象"	"[[fr-015-slot-monitoring-dashboard-display-and-refresh|FR-015]] AC-2"	"[[fr-015-slot-monitoring-dashboard-display-and-refresh|FR-015]] AC-2"	"713d2760a9075417440ded6617e1df2b496d5ec4f8b467e23c7a8c964cff4b4c"	"verification-traceability-evidence"	"unapproved-unexecuted-internal-derived-acceptance-draft"	"8005-slot-management-and-hardware-acceptance"	"evidence-only"	"document-route:R06-A; scenario:TC-043; scenario-role:verification; upstream-fr:FR-015; upstream-uc:UC-011; formation-history:H3:ecd0fd8; FR-015 AC-2 / UC-011"	"EX-R06-001"	"not-approved"	"authoritative-upstream-version;named-approver;approval-date;approved-scope;version-or-sha256-binding;execution-build;execution-environment;executor;execution-time;actual-result;pass-fail;attachment-sha256"
"R06-A0011"	"R06"	"R06-07"	"requirement-documents/05-test-cases/02-slot-and-hardware/tc-048-unlock-test-pass-record-normal.md"	"1a6d1192220b267cbc857b9e93ab9d50d166a194996c58e3e67cf3b9f79abe17"	"line 17"	"TC-048 开锁测试通过，记录正常 > Preconditions 前置条件"	"车辆已在线获准进入配置维护态，整车无货且机构初始安全；"	"车辆已在线获准进入配置维护态，整车无货且机构初始安全；维护人员已选择目标仓位。"	"b25efa2e43d9edea0e0c2ca31323dbc3cc75e1f7f6f72858d79877a84efe62f4"	"identity-security-acceptance-candidate"	"unapproved-unexecuted-internal-derived-acceptance-draft"	"8005-fleet-maintenance-authorization-and-accountability"	"needs-security-role-owner-and-explicit-approval"	"document-route:R06-A; scenario:TC-048; scenario-role:precondition; upstream-fr:FR-017; upstream-uc:UC-015; formation-history:H3:ecd0fd8; FR-017 AC-1 / UC-015"	"none-found-within-r06-pass"	"not-approved"	"role-authorization-source;security-or-business-owner;authoritative-upstream-version;named-approver;approval-date;approved-scope;version-or-sha256-binding;execution-build;execution-environment;executor;execution-time;actual-result;pass-fail;attachment-sha256"
"R06-A0012"	"R06"	"R06-07"	"requirement-documents/05-test-cases/02-slot-and-hardware/tc-048-unlock-test-pass-record-normal.md"	"1a6d1192220b267cbc857b9e93ab9d50d166a194996c58e3e67cf3b9f79abe17"	"line 17"	"TC-048 开锁测试通过，记录正常 > Preconditions 前置条件"	"维护人员已选择目标仓位。"	"车辆已在线获准进入配置维护态，整车无货且机构初始安全；维护人员已选择目标仓位。"	"382fc03883f603e7c8c48ec86403c13a6e83808c3084915979165f28125be1bc"	"business-acceptance-precondition-candidate"	"unapproved-unexecuted-internal-derived-acceptance-draft"	"8005-slot-management-and-hardware-acceptance"	"needs-upstream-source-and-explicit-approval"	"document-route:R06-A; scenario:TC-048; scenario-role:precondition; upstream-fr:FR-017; upstream-uc:UC-015; formation-history:H3:ecd0fd8; FR-017 AC-1 / UC-015"	"none-found-within-r06-pass"	"not-approved"	"authoritative-upstream-version;named-approver;approval-date;approved-scope;version-or-sha256-binding;execution-build;execution-environment;executor;execution-time;actual-result;pass-fail;attachment-sha256"
"R06-A0013"	"R06"	"R06-07"	"requirement-documents/05-test-cases/02-slot-and-hardware/tc-048-unlock-test-pass-record-normal.md"	"1a6d1192220b267cbc857b9e93ab9d50d166a194996c58e3e67cf3b9f79abe17"	"line 21"	"TC-048 开锁测试通过，记录正常 > Test Steps 测试步骤"	"车载端发送一次开锁脉冲，维护人员确认仓门正常弹开；"	"车载端发送一次开锁脉冲，维护人员确认仓门正常弹开；系统确认锁 DI 变为未锁、DO 自动复位。维护人员随后关门并使锁舌闩合。"	"b0672dcb08f064dfbb2bea9882828a9d9340a65756664bcf1d6ae593bd886c86"	"safety-hardware-acceptance-candidate"	"unapproved-unexecuted-internal-derived-acceptance-draft"	"8005-slot-hardware-IO-safety-and-operability"	"needs-safety-hardware-authority-and-explicit-approval"	"document-route:R06-A; scenario:TC-048; scenario-role:action; upstream-fr:FR-017; upstream-uc:UC-015; formation-history:H3:ecd0fd8; FR-017 AC-1 / UC-015"	"none-found-within-r06-pass"	"not-approved"	"hardware-and-IO-version-binding;safety-or-hardware-owner;risk-review-evidence;authoritative-upstream-version;named-approver;approval-date;approved-scope;version-or-sha256-binding;execution-build;execution-environment;executor;execution-time;actual-result;pass-fail;attachment-sha256"
"R06-A0014"	"R06"	"R06-07"	"requirement-documents/05-test-cases/02-slot-and-hardware/tc-048-unlock-test-pass-record-normal.md"	"1a6d1192220b267cbc857b9e93ab9d50d166a194996c58e3e67cf3b9f79abe17"	"line 21"	"TC-048 开锁测试通过，记录正常 > Test Steps 测试步骤"	"系统确认锁 DI 变为未锁、DO 自动复位。"	"车载端发送一次开锁脉冲，维护人员确认仓门正常弹开；系统确认锁 DI 变为未锁、DO 自动复位。维护人员随后关门并使锁舌闩合。"	"6a1a442e7763e9021c6db61861fbf8cf9d9905168da5663f72c4d4d09e225adc"	"safety-hardware-acceptance-candidate"	"unapproved-unexecuted-internal-derived-acceptance-draft"	"8005-slot-hardware-IO-safety-and-operability"	"needs-safety-hardware-authority-and-explicit-approval"	"document-route:R06-A; scenario:TC-048; scenario-role:action; upstream-fr:FR-017; upstream-uc:UC-015; formation-history:H3:ecd0fd8; FR-017 AC-1 / UC-015"	"none-found-within-r06-pass"	"not-approved"	"hardware-and-IO-version-binding;safety-or-hardware-owner;risk-review-evidence;authoritative-upstream-version;named-approver;approval-date;approved-scope;version-or-sha256-binding;execution-build;execution-environment;executor;execution-time;actual-result;pass-fail;attachment-sha256"
"R06-A0015"	"R06"	"R06-07"	"requirement-documents/05-test-cases/02-slot-and-hardware/tc-048-unlock-test-pass-record-normal.md"	"1a6d1192220b267cbc857b9e93ab9d50d166a194996c58e3e67cf3b9f79abe17"	"line 21"	"TC-048 开锁测试通过，记录正常 > Test Steps 测试步骤"	"维护人员随后关门并使锁舌闩合。"	"车载端发送一次开锁脉冲，维护人员确认仓门正常弹开；系统确认锁 DI 变为未锁、DO 自动复位。维护人员随后关门并使锁舌闩合。"	"ca939121506137063aea3fd51d6e1746cf945c22e1c8daf85746b6c352ee47c8"	"safety-hardware-acceptance-candidate"	"unapproved-unexecuted-internal-derived-acceptance-draft"	"8005-slot-hardware-IO-safety-and-operability"	"needs-safety-hardware-authority-and-explicit-approval"	"document-route:R06-A; scenario:TC-048; scenario-role:action; upstream-fr:FR-017; upstream-uc:UC-015; formation-history:H3:ecd0fd8; FR-017 AC-1 / UC-015"	"none-found-within-r06-pass"	"not-approved"	"hardware-and-IO-version-binding;safety-or-hardware-owner;risk-review-evidence;authoritative-upstream-version;named-approver;approval-date;approved-scope;version-or-sha256-binding;execution-build;execution-environment;executor;execution-time;actual-result;pass-fail;attachment-sha256"
"R06-A0016"	"R06"	"R06-07"	"requirement-documents/05-test-cases/02-slot-and-hardware/tc-048-unlock-test-pass-record-normal.md"	"1a6d1192220b267cbc857b9e93ab9d50d166a194996c58e3e67cf3b9f79abe17"	"line 25"	"TC-048 开锁测试通过，记录正常 > Expected Result 预期结果"	"系统确认锁 DI 恢复锁闭，记录各阶段 DO/DI、目视结果、维护人员、仓位号和时间戳。"	"系统确认锁 DI 恢复锁闭，记录各阶段 DO/DI、目视结果、维护人员、仓位号和时间戳。"	"df1afbf8412898434afebfdf600a24c76773a14a03d206e990e6cc7a1de6a449"	"safety-hardware-acceptance-candidate"	"unapproved-unexecuted-internal-derived-acceptance-draft"	"8005-slot-hardware-IO-safety-and-operability"	"needs-safety-hardware-authority-and-explicit-approval"	"document-route:R06-A; scenario:TC-048; scenario-role:outcome; upstream-fr:FR-017; upstream-uc:UC-015; formation-history:H3:ecd0fd8; FR-017 AC-1 / UC-015"	"none-found-within-r06-pass"	"not-approved"	"hardware-and-IO-version-binding;safety-or-hardware-owner;risk-review-evidence;authoritative-upstream-version;named-approver;approval-date;approved-scope;version-or-sha256-binding;execution-build;execution-environment;executor;execution-time;actual-result;pass-fail;attachment-sha256"
"R06-A0017"	"R06"	"R06-07"	"requirement-documents/05-test-cases/02-slot-and-hardware/tc-048-unlock-test-pass-record-normal.md"	"1a6d1192220b267cbc857b9e93ab9d50d166a194996c58e3e67cf3b9f79abe17"	"line 29"	"TC-048 开锁测试通过，记录正常 > Verifies 验证对象"	"[[fr-017-slot-door-unlock-open-test-and-result-recording|FR-017]] AC-1"	"[[fr-017-slot-door-unlock-open-test-and-result-recording|FR-017]] AC-1"	"9b2da6a018db0ce3260896f4cde3898af73e745ad1ad41b1c6b48c5fd0cae42b"	"verification-traceability-evidence"	"unapproved-unexecuted-internal-derived-acceptance-draft"	"8005-slot-management-and-hardware-acceptance"	"evidence-only"	"document-route:R06-A; scenario:TC-048; scenario-role:verification; upstream-fr:FR-017; upstream-uc:UC-015; formation-history:H3:ecd0fd8; FR-017 AC-1 / UC-015"	"EX-R06-001"	"not-approved"	"authoritative-upstream-version;named-approver;approval-date;approved-scope;version-or-sha256-binding;execution-build;execution-environment;executor;execution-time;actual-result;pass-fail;attachment-sha256"
"R06-A0018"	"R06"	"R06-08"	"requirement-documents/05-test-cases/02-slot-and-hardware/tc-049-unlock-command-dispatch-failure.md"	"2e65d50cbdd8131f6be5997eeeeb4e72ce6a8f9320d8bbc0c641e515c7e5f608"	"line 17"	"TC-049 开锁指令下发失败，记录异常 > Preconditions 前置条件"	"车辆处于配置维护态，车载端已持久化开锁测试准备状态。"	"车辆处于配置维护态，车载端已持久化开锁测试准备状态。"	"bb511d64c185fe1fd1d2d813490a30ac22c68cfbaa4100c1381b0dd64823b45d"	"business-acceptance-precondition-candidate"	"unapproved-unexecuted-internal-derived-acceptance-draft"	"8005-slot-management-and-hardware-acceptance"	"needs-upstream-source-and-explicit-approval"	"document-route:R06-A; scenario:TC-049; scenario-role:precondition; upstream-fr:FR-017; upstream-uc:UC-015; formation-history:H3:ecd0fd8; FR-017 AC-2 / UC-015"	"none-found-within-r06-pass"	"not-approved"	"authoritative-upstream-version;named-approver;approval-date;approved-scope;version-or-sha256-binding;execution-build;execution-environment;executor;execution-time;actual-result;pass-fail;attachment-sha256"
"R06-A0019"	"R06"	"R06-08"	"requirement-documents/05-test-cases/02-slot-and-hardware/tc-049-unlock-command-dispatch-failure.md"	"2e65d50cbdd8131f6be5997eeeeb4e72ce6a8f9320d8bbc0c641e515c7e5f608"	"line 21"	"TC-049 开锁指令下发失败，记录异常 > Test Steps 测试步骤"	"车载端核验发现开锁指令未被 IO 模块正常接收（如通信超时、IO 模块无响应）。"	"车载端核验发现开锁指令未被 IO 模块正常接收（如通信超时、IO 模块无响应）。"	"97283dadf80527fe2638b6514de30a30b7bb2d5b0ad07261a466260f01cadbda"	"safety-hardware-acceptance-candidate"	"unapproved-unexecuted-internal-derived-acceptance-draft"	"8005-slot-hardware-IO-safety-and-operability"	"needs-safety-hardware-authority-and-explicit-approval"	"document-route:R06-A; scenario:TC-049; scenario-role:action; upstream-fr:FR-017; upstream-uc:UC-015; formation-history:H3:ecd0fd8; FR-017 AC-2 / UC-015"	"none-found-within-r06-pass"	"not-approved"	"hardware-and-IO-version-binding;safety-or-hardware-owner;risk-review-evidence;authoritative-upstream-version;named-approver;approval-date;approved-scope;version-or-sha256-binding;execution-build;execution-environment;executor;execution-time;actual-result;pass-fail;attachment-sha256"
"R06-A0020"	"R06"	"R06-08"	"requirement-documents/05-test-cases/02-slot-and-hardware/tc-049-unlock-command-dispatch-failure.md"	"2e65d50cbdd8131f6be5997eeeeb4e72ce6a8f9320d8bbc0c641e515c7e5f608"	"line 25"	"TC-049 开锁指令下发失败，记录异常 > Expected Result 预期结果"	"系统提示开锁指令下发异常，不重复开锁，保留诊断记录并判定测试异常。"	"系统提示开锁指令下发异常，不重复开锁，保留诊断记录并判定测试异常。"	"2d3dc57ac4fc16048783c82644c20c4e07ab9b8ec75f0c28ce9878bbc1939e46"	"operator-HMI-acceptance-candidate"	"unapproved-unexecuted-internal-derived-acceptance-draft"	"8005-slot-and-fleet-operator-HMI"	"needs-operator-product-owner-and-explicit-approval"	"document-route:R06-A; scenario:TC-049; scenario-role:outcome; upstream-fr:FR-017; upstream-uc:UC-015; formation-history:H3:ecd0fd8; FR-017 AC-2 / UC-015"	"none-found-within-r06-pass"	"not-approved"	"operator-or-product-owner;project-station-or-configuration-scope;authoritative-upstream-version;named-approver;approval-date;approved-scope;version-or-sha256-binding;execution-build;execution-environment;executor;execution-time;actual-result;pass-fail;attachment-sha256"
"R06-A0021"	"R06"	"R06-08"	"requirement-documents/05-test-cases/02-slot-and-hardware/tc-049-unlock-command-dispatch-failure.md"	"2e65d50cbdd8131f6be5997eeeeb4e72ce6a8f9320d8bbc0c641e515c7e5f608"	"line 29"	"TC-049 开锁指令下发失败，记录异常 > Verifies 验证对象"	"[[fr-017-slot-door-unlock-open-test-and-result-recording|FR-017]] AC-2"	"[[fr-017-slot-door-unlock-open-test-and-result-recording|FR-017]] AC-2"	"c97431b57c6eb73a731c163a1c6aba68cf701475feac159a801efaca0e4b7863"	"verification-traceability-evidence"	"unapproved-unexecuted-internal-derived-acceptance-draft"	"8005-slot-management-and-hardware-acceptance"	"evidence-only"	"document-route:R06-A; scenario:TC-049; scenario-role:verification; upstream-fr:FR-017; upstream-uc:UC-015; formation-history:H3:ecd0fd8; FR-017 AC-2 / UC-015"	"EX-R06-001"	"not-approved"	"authoritative-upstream-version;named-approver;approval-date;approved-scope;version-or-sha256-binding;execution-build;execution-environment;executor;execution-time;actual-result;pass-fail;attachment-sha256"
"R06-A0022"	"R06"	"R06-09"	"requirement-documents/05-test-cases/02-slot-and-hardware/tc-050-door-not-opened-mark-abnormal.md"	"2bfbd081b377aeadf6a0a5f0b9e7c3b56fb043fd1a8b0e6a9f34b4a6fa45393f"	"line 17"	"TC-050 仓门未弹开，标记硬件不可操作 > Preconditions 前置条件"	"开锁指令已被 IO 模块正常接收。"	"开锁指令已被 IO 模块正常接收。"	"e7fb3040d32f58596e0224e22a6c925f26ec84b96d3cfba13929fab01e8c95aa"	"safety-hardware-acceptance-candidate"	"unapproved-unexecuted-internal-derived-acceptance-draft"	"8005-slot-hardware-IO-safety-and-operability"	"needs-safety-hardware-authority-and-explicit-approval"	"document-route:R06-A; scenario:TC-050; scenario-role:precondition; upstream-fr:FR-017; upstream-uc:UC-015; formation-history:H3:ecd0fd8; FR-017 AC-3 / UC-015"	"none-found-within-r06-pass"	"not-approved"	"hardware-and-IO-version-binding;safety-or-hardware-owner;risk-review-evidence;authoritative-upstream-version;named-approver;approval-date;approved-scope;version-or-sha256-binding;execution-build;execution-environment;executor;execution-time;actual-result;pass-fail;attachment-sha256"
"R06-A0023"	"R06"	"R06-09"	"requirement-documents/05-test-cases/02-slot-and-hardware/tc-050-door-not-opened-mark-abnormal.md"	"2bfbd081b377aeadf6a0a5f0b9e7c3b56fb043fd1a8b0e6a9f34b4a6fa45393f"	"line 21"	"TC-050 仓门未弹开，标记硬件不可操作 > Test Steps 测试步骤"	"维护人员现场核验发现该仓位仓门未能正常弹开/开启。"	"维护人员现场核验发现该仓位仓门未能正常弹开/开启。"	"3b8c31400458c046169892e8dfc268990e6f7ce5afb51faee1157a5a85ce9493"	"safety-hardware-acceptance-candidate"	"unapproved-unexecuted-internal-derived-acceptance-draft"	"8005-slot-hardware-IO-safety-and-operability"	"needs-safety-hardware-authority-and-explicit-approval"	"document-route:R06-A; scenario:TC-050; scenario-role:action; upstream-fr:FR-017; upstream-uc:UC-015; formation-history:H3:ecd0fd8; FR-017 AC-3 / UC-015"	"none-found-within-r06-pass"	"not-approved"	"hardware-and-IO-version-binding;safety-or-hardware-owner;risk-review-evidence;authoritative-upstream-version;named-approver;approval-date;approved-scope;version-or-sha256-binding;execution-build;execution-environment;executor;execution-time;actual-result;pass-fail;attachment-sha256"
"R06-A0024"	"R06"	"R06-09"	"requirement-documents/05-test-cases/02-slot-and-hardware/tc-050-door-not-opened-mark-abnormal.md"	"2bfbd081b377aeadf6a0a5f0b9e7c3b56fb043fd1a8b0e6a9f34b4a6fa45393f"	"line 25"	"TC-050 仓门未弹开，标记硬件不可操作 > Expected Result 预期结果"	"系统不自动重复开锁，将该仓位标记为测试未通过和硬件不可操作，暂停新的业务分配并记录 DO 回读、锁 DI 和目视结果；"	"系统不自动重复开锁，将该仓位标记为测试未通过和硬件不可操作，暂停新的业务分配并记录 DO 回读、锁 DI 和目视结果；人工启用不能覆盖该结果。"	"8df980afbb128ca50743e97f0f57f05ecef0d6650a040598d3b121baf00d916c"	"safety-hardware-acceptance-candidate"	"unapproved-unexecuted-internal-derived-acceptance-draft"	"8005-slot-hardware-IO-safety-and-operability"	"needs-safety-hardware-authority-and-explicit-approval"	"document-route:R06-A; scenario:TC-050; scenario-role:outcome; upstream-fr:FR-017; upstream-uc:UC-015; formation-history:H3:ecd0fd8; FR-017 AC-3 / UC-015"	"none-found-within-r06-pass"	"not-approved"	"hardware-and-IO-version-binding;safety-or-hardware-owner;risk-review-evidence;authoritative-upstream-version;named-approver;approval-date;approved-scope;version-or-sha256-binding;execution-build;execution-environment;executor;execution-time;actual-result;pass-fail;attachment-sha256"
"R06-A0025"	"R06"	"R06-09"	"requirement-documents/05-test-cases/02-slot-and-hardware/tc-050-door-not-opened-mark-abnormal.md"	"2bfbd081b377aeadf6a0a5f0b9e7c3b56fb043fd1a8b0e6a9f34b4a6fa45393f"	"line 25"	"TC-050 仓门未弹开，标记硬件不可操作 > Expected Result 预期结果"	"人工启用不能覆盖该结果。"	"系统不自动重复开锁，将该仓位标记为测试未通过和硬件不可操作，暂停新的业务分配并记录 DO 回读、锁 DI 和目视结果；人工启用不能覆盖该结果。"	"6251e87995d155ef02297b247ad56baef11a462baaf208f78080ccb79fddd85e"	"business-acceptance-outcome-candidate"	"unapproved-unexecuted-internal-derived-acceptance-draft"	"8005-slot-management-and-hardware-acceptance"	"needs-upstream-source-and-explicit-approval"	"document-route:R06-A; scenario:TC-050; scenario-role:outcome; upstream-fr:FR-017; upstream-uc:UC-015; formation-history:H3:ecd0fd8; FR-017 AC-3 / UC-015"	"none-found-within-r06-pass"	"not-approved"	"authoritative-upstream-version;named-approver;approval-date;approved-scope;version-or-sha256-binding;execution-build;execution-environment;executor;execution-time;actual-result;pass-fail;attachment-sha256"
"R06-A0026"	"R06"	"R06-09"	"requirement-documents/05-test-cases/02-slot-and-hardware/tc-050-door-not-opened-mark-abnormal.md"	"2bfbd081b377aeadf6a0a5f0b9e7c3b56fb043fd1a8b0e6a9f34b4a6fa45393f"	"line 29"	"TC-050 仓门未弹开，标记硬件不可操作 > Verifies 验证对象"	"[[fr-017-slot-door-unlock-open-test-and-result-recording|FR-017]] AC-3"	"[[fr-017-slot-door-unlock-open-test-and-result-recording|FR-017]] AC-3"	"04481b2657f7f295a9f24d49ba7eba05a380e9b5b9e2bbaa85cb48ec7307092d"	"verification-traceability-evidence"	"unapproved-unexecuted-internal-derived-acceptance-draft"	"8005-slot-management-and-hardware-acceptance"	"evidence-only"	"document-route:R06-A; scenario:TC-050; scenario-role:verification; upstream-fr:FR-017; upstream-uc:UC-015; formation-history:H3:ecd0fd8; FR-017 AC-3 / UC-015"	"EX-R06-001"	"not-approved"	"authoritative-upstream-version;named-approver;approval-date;approved-scope;version-or-sha256-binding;execution-build;execution-environment;executor;execution-time;actual-result;pass-fail;attachment-sha256"
"R06-A0027"	"R06"	"R06-10"	"requirement-documents/05-test-cases/02-slot-and-hardware/tc-051-light-curtain-precheck-abnormal.md"	"601df5366aaf0095ef15e0887e9141986d5326db123ca96479b55e037575f6a8"	"line 17"	"TC-051 测试开始前光幕状态异常 > Preconditions 前置条件"	"目标仓位仓门已开启，仓位内实际为空。"	"目标仓位仓门已开启，仓位内实际为空。"	"6e615fb7d6b0773e47af5d34aec29ab2a693f565aa40199e05f95f59d232ab52"	"safety-hardware-acceptance-candidate"	"unapproved-unexecuted-internal-derived-acceptance-draft"	"8005-slot-hardware-IO-safety-and-operability"	"needs-safety-hardware-authority-and-explicit-approval"	"document-route:R06-A; scenario:TC-051; scenario-role:precondition; upstream-fr:FR-018; upstream-uc:UC-016; formation-history:H3:ecd0fd8; FR-018 AC-1 / UC-016"	"none-found-within-r06-pass"	"not-approved"	"hardware-and-IO-version-binding;safety-or-hardware-owner;risk-review-evidence;authoritative-upstream-version;named-approver;approval-date;approved-scope;version-or-sha256-binding;execution-build;execution-environment;executor;execution-time;actual-result;pass-fail;attachment-sha256"
"R06-A0028"	"R06"	"R06-10"	"requirement-documents/05-test-cases/02-slot-and-hardware/tc-051-light-curtain-precheck-abnormal.md"	"601df5366aaf0095ef15e0887e9141986d5326db123ca96479b55e037575f6a8"	"line 21"	"TC-051 测试开始前光幕状态异常 > Test Steps 测试步骤"	"系统读取该仓位光幕状态显示为""有遮挡""，且清空仓位后仍显示""有遮挡""。"	"系统读取该仓位光幕状态显示为""有遮挡""，且清空仓位后仍显示""有遮挡""。"	"8f5a7f1e9f4bf7e59fe6dc36755bb92fb5c9067a934ba14b80d7a163a834efd6"	"safety-hardware-acceptance-candidate"	"unapproved-unexecuted-internal-derived-acceptance-draft"	"8005-slot-hardware-IO-safety-and-operability"	"needs-safety-hardware-authority-and-explicit-approval"	"document-route:R06-A; scenario:TC-051; scenario-role:action; upstream-fr:FR-018; upstream-uc:UC-016; formation-history:H3:ecd0fd8; FR-018 AC-1 / UC-016"	"none-found-within-r06-pass"	"not-approved"	"hardware-and-IO-version-binding;safety-or-hardware-owner;risk-review-evidence;authoritative-upstream-version;named-approver;approval-date;approved-scope;version-or-sha256-binding;execution-build;execution-environment;executor;execution-time;actual-result;pass-fail;attachment-sha256"
"R06-A0029"	"R06"	"R06-10"	"requirement-documents/05-test-cases/02-slot-and-hardware/tc-051-light-curtain-precheck-abnormal.md"	"601df5366aaf0095ef15e0887e9141986d5326db123ca96479b55e037575f6a8"	"line 25"	"TC-051 测试开始前光幕状态异常 > Expected Result 预期结果"	"系统判定该仓位光幕异常，标记为""异常锁定""或""测试未通过""，暂停对该仓位的业务分配，记录本次测试结果为""异常""。"	"系统判定该仓位光幕异常，标记为""异常锁定""或""测试未通过""，暂停对该仓位的业务分配，记录本次测试结果为""异常""。"	"54538d619e7cf97c15a30df0d690d026801807e99b88bb2b75f896e64a707704"	"safety-hardware-acceptance-candidate"	"unapproved-unexecuted-internal-derived-acceptance-draft"	"8005-slot-hardware-IO-safety-and-operability"	"needs-safety-hardware-authority-and-explicit-approval"	"document-route:R06-A; scenario:TC-051; scenario-role:outcome; upstream-fr:FR-018; upstream-uc:UC-016; formation-history:H3:ecd0fd8; FR-018 AC-1 / UC-016"	"none-found-within-r06-pass"	"not-approved"	"hardware-and-IO-version-binding;safety-or-hardware-owner;risk-review-evidence;authoritative-upstream-version;named-approver;approval-date;approved-scope;version-or-sha256-binding;execution-build;execution-environment;executor;execution-time;actual-result;pass-fail;attachment-sha256"
"R06-A0030"	"R06"	"R06-10"	"requirement-documents/05-test-cases/02-slot-and-hardware/tc-051-light-curtain-precheck-abnormal.md"	"601df5366aaf0095ef15e0887e9141986d5326db123ca96479b55e037575f6a8"	"line 29"	"TC-051 测试开始前光幕状态异常 > Verifies 验证对象"	"[[fr-018-slot-light-curtain-function-test|FR-018]] AC-1"	"[[fr-018-slot-light-curtain-function-test|FR-018]] AC-1"	"3035c36435c5cf4762c90d0f2beef0cc62dc06c5931b462569dbc6c35d2ff9c2"	"verification-traceability-evidence"	"unapproved-unexecuted-internal-derived-acceptance-draft"	"8005-slot-management-and-hardware-acceptance"	"evidence-only"	"document-route:R06-A; scenario:TC-051; scenario-role:verification; upstream-fr:FR-018; upstream-uc:UC-016; formation-history:H3:ecd0fd8; FR-018 AC-1 / UC-016"	"EX-R06-001"	"not-approved"	"authoritative-upstream-version;named-approver;approval-date;approved-scope;version-or-sha256-binding;execution-build;execution-environment;executor;execution-time;actual-result;pass-fail;attachment-sha256"
"R06-A0031"	"R06"	"R06-11"	"requirement-documents/05-test-cases/02-slot-and-hardware/tc-052-light-curtain-all-stages-pass.md"	"69f0834a93fcc8c04fb08ab00ee3abe3b154c6afc4c85b410270ea9e756edec6"	"line 17"	"TC-052 三阶段核验均通过，记录正常 > Preconditions 前置条件"	"目标仓位仓门已开启，测试开始前光幕状态确为""无遮挡""。"	"目标仓位仓门已开启，测试开始前光幕状态确为""无遮挡""。"	"69446c7264a7290ca645d381a791000a98e58569a8f0d12d3c0aae1121ec3852"	"safety-hardware-acceptance-candidate"	"unapproved-unexecuted-internal-derived-acceptance-draft"	"8005-slot-hardware-IO-safety-and-operability"	"needs-safety-hardware-authority-and-explicit-approval"	"document-route:R06-A; scenario:TC-052; scenario-role:precondition; upstream-fr:FR-018; upstream-uc:UC-016; formation-history:H3:ecd0fd8; FR-018 AC-2 / UC-016"	"none-found-within-r06-pass"	"not-approved"	"hardware-and-IO-version-binding;safety-or-hardware-owner;risk-review-evidence;authoritative-upstream-version;named-approver;approval-date;approved-scope;version-or-sha256-binding;execution-build;execution-environment;executor;execution-time;actual-result;pass-fail;attachment-sha256"
"R06-A0032"	"R06"	"R06-11"	"requirement-documents/05-test-cases/02-slot-and-hardware/tc-052-light-curtain-all-stages-pass.md"	"69f0834a93fcc8c04fb08ab00ee3abe3b154c6afc4c85b410270ea9e756edec6"	"line 21"	"TC-052 三阶段核验均通过，记录正常 > Test Steps 测试步骤"	"维护人员依次放入测试物体/遮挡光幕、再移除测试物体/遮挡，系统分别读取到光幕状态正确变为""有遮挡""、再恢复""无遮挡""。"	"维护人员依次放入测试物体/遮挡光幕、再移除测试物体/遮挡，系统分别读取到光幕状态正确变为""有遮挡""、再恢复""无遮挡""。"	"1ef8d48080585e54c10a31b15a0e7368da68de7b4ea4b454ed01afe583a54566"	"safety-hardware-acceptance-candidate"	"unapproved-unexecuted-internal-derived-acceptance-draft"	"8005-slot-hardware-IO-safety-and-operability"	"needs-safety-hardware-authority-and-explicit-approval"	"document-route:R06-A; scenario:TC-052; scenario-role:action; upstream-fr:FR-018; upstream-uc:UC-016; formation-history:H3:ecd0fd8; FR-018 AC-2 / UC-016"	"none-found-within-r06-pass"	"not-approved"	"hardware-and-IO-version-binding;safety-or-hardware-owner;risk-review-evidence;authoritative-upstream-version;named-approver;approval-date;approved-scope;version-or-sha256-binding;execution-build;execution-environment;executor;execution-time;actual-result;pass-fail;attachment-sha256"
"R06-A0033"	"R06"	"R06-11"	"requirement-documents/05-test-cases/02-slot-and-hardware/tc-052-light-curtain-all-stages-pass.md"	"69f0834a93fcc8c04fb08ab00ee3abe3b154c6afc4c85b410270ea9e756edec6"	"line 25"	"TC-052 三阶段核验均通过，记录正常 > Expected Result 预期结果"	"系统记录本次测试结果为""正常""（维护人员、仓位号、时间戳）。"	"系统记录本次测试结果为""正常""（维护人员、仓位号、时间戳）。"	"31ee025891b34545a22d8c36b39f131248b9562c0995f6f66e0db095b8a56fc5"	"business-acceptance-outcome-candidate"	"unapproved-unexecuted-internal-derived-acceptance-draft"	"8005-slot-management-and-hardware-acceptance"	"needs-upstream-source-and-explicit-approval"	"document-route:R06-A; scenario:TC-052; scenario-role:outcome; upstream-fr:FR-018; upstream-uc:UC-016; formation-history:H3:ecd0fd8; FR-018 AC-2 / UC-016"	"none-found-within-r06-pass"	"not-approved"	"authoritative-upstream-version;named-approver;approval-date;approved-scope;version-or-sha256-binding;execution-build;execution-environment;executor;execution-time;actual-result;pass-fail;attachment-sha256"
"R06-A0034"	"R06"	"R06-11"	"requirement-documents/05-test-cases/02-slot-and-hardware/tc-052-light-curtain-all-stages-pass.md"	"69f0834a93fcc8c04fb08ab00ee3abe3b154c6afc4c85b410270ea9e756edec6"	"line 29"	"TC-052 三阶段核验均通过，记录正常 > Verifies 验证对象"	"[[fr-018-slot-light-curtain-function-test|FR-018]] AC-2"	"[[fr-018-slot-light-curtain-function-test|FR-018]] AC-2"	"2a9571f22afb3b6a04474232b5e90c7938ea67328cf688afe7707db30e4779e0"	"verification-traceability-evidence"	"unapproved-unexecuted-internal-derived-acceptance-draft"	"8005-slot-management-and-hardware-acceptance"	"evidence-only"	"document-route:R06-A; scenario:TC-052; scenario-role:verification; upstream-fr:FR-018; upstream-uc:UC-016; formation-history:H3:ecd0fd8; FR-018 AC-2 / UC-016"	"EX-R06-001"	"not-approved"	"authoritative-upstream-version;named-approver;approval-date;approved-scope;version-or-sha256-binding;execution-build;execution-environment;executor;execution-time;actual-result;pass-fail;attachment-sha256"
"R06-A0035"	"R06"	"R06-12"	"requirement-documents/05-test-cases/02-slot-and-hardware/tc-053-light-curtain-occlusion-not-detected.md"	"71cf4fcc3a0b27c7ff8c3bf971bf3db5a0d375e1bfb7e3e9d79cbf1973269518"	"line 17"	"TC-053 遮挡后光幕仍显示无遮挡，标记异常 > Preconditions 前置条件"	"测试开始前光幕状态核验通过（""无遮挡""）。"	"测试开始前光幕状态核验通过（""无遮挡""）。"	"519f4e333bf4f7e4faa079473c6a40091c97eea2bf43c069592f762ffcd8d0df"	"safety-hardware-acceptance-candidate"	"unapproved-unexecuted-internal-derived-acceptance-draft"	"8005-slot-hardware-IO-safety-and-operability"	"needs-safety-hardware-authority-and-explicit-approval"	"document-route:R06-A; scenario:TC-053; scenario-role:precondition; upstream-fr:FR-018; upstream-uc:UC-016; formation-history:H3:ecd0fd8; FR-018 AC-3 / UC-016"	"none-found-within-r06-pass"	"not-approved"	"hardware-and-IO-version-binding;safety-or-hardware-owner;risk-review-evidence;authoritative-upstream-version;named-approver;approval-date;approved-scope;version-or-sha256-binding;execution-build;execution-environment;executor;execution-time;actual-result;pass-fail;attachment-sha256"
"R06-A0036"	"R06"	"R06-12"	"requirement-documents/05-test-cases/02-slot-and-hardware/tc-053-light-curtain-occlusion-not-detected.md"	"71cf4fcc3a0b27c7ff8c3bf971bf3db5a0d375e1bfb7e3e9d79cbf1973269518"	"line 21"	"TC-053 遮挡后光幕仍显示无遮挡，标记异常 > Test Steps 测试步骤"	"维护人员放入测试物体/遮挡光幕后，系统读取的光幕状态仍显示""无遮挡""。"	"维护人员放入测试物体/遮挡光幕后，系统读取的光幕状态仍显示""无遮挡""。"	"a66f4512e3d0885514e808006f893657a45c5628a686ca7079683b337c297faf"	"safety-hardware-acceptance-candidate"	"unapproved-unexecuted-internal-derived-acceptance-draft"	"8005-slot-hardware-IO-safety-and-operability"	"needs-safety-hardware-authority-and-explicit-approval"	"document-route:R06-A; scenario:TC-053; scenario-role:action; upstream-fr:FR-018; upstream-uc:UC-016; formation-history:H3:ecd0fd8; FR-018 AC-3 / UC-016"	"none-found-within-r06-pass"	"not-approved"	"hardware-and-IO-version-binding;safety-or-hardware-owner;risk-review-evidence;authoritative-upstream-version;named-approver;approval-date;approved-scope;version-or-sha256-binding;execution-build;execution-environment;executor;execution-time;actual-result;pass-fail;attachment-sha256"
"R06-A0037"	"R06"	"R06-12"	"requirement-documents/05-test-cases/02-slot-and-hardware/tc-053-light-curtain-occlusion-not-detected.md"	"71cf4fcc3a0b27c7ff8c3bf971bf3db5a0d375e1bfb7e3e9d79cbf1973269518"	"line 25"	"TC-053 遮挡后光幕仍显示无遮挡，标记异常 > Expected Result 预期结果"	"系统判定该仓位光幕异常（检测不到遮挡），标记为""异常锁定""或""测试未通过""，暂停对该仓位的业务分配，记录本次测试结果为""异常""。"	"系统判定该仓位光幕异常（检测不到遮挡），标记为""异常锁定""或""测试未通过""，暂停对该仓位的业务分配，记录本次测试结果为""异常""。"	"7c4206045fd0e0426ea68cb7a40d33acd16c7da1b9b660589477bae390a5a5b3"	"safety-hardware-acceptance-candidate"	"unapproved-unexecuted-internal-derived-acceptance-draft"	"8005-slot-hardware-IO-safety-and-operability"	"needs-safety-hardware-authority-and-explicit-approval"	"document-route:R06-A; scenario:TC-053; scenario-role:outcome; upstream-fr:FR-018; upstream-uc:UC-016; formation-history:H3:ecd0fd8; FR-018 AC-3 / UC-016"	"none-found-within-r06-pass"	"not-approved"	"hardware-and-IO-version-binding;safety-or-hardware-owner;risk-review-evidence;authoritative-upstream-version;named-approver;approval-date;approved-scope;version-or-sha256-binding;execution-build;execution-environment;executor;execution-time;actual-result;pass-fail;attachment-sha256"
"R06-A0038"	"R06"	"R06-12"	"requirement-documents/05-test-cases/02-slot-and-hardware/tc-053-light-curtain-occlusion-not-detected.md"	"71cf4fcc3a0b27c7ff8c3bf971bf3db5a0d375e1bfb7e3e9d79cbf1973269518"	"line 29"	"TC-053 遮挡后光幕仍显示无遮挡，标记异常 > Verifies 验证对象"	"[[fr-018-slot-light-curtain-function-test|FR-018]] AC-3"	"[[fr-018-slot-light-curtain-function-test|FR-018]] AC-3"	"9e0764729fb356f898e71da27dea3305c5f5bc6ee89fa60468976c52b9f91c59"	"verification-traceability-evidence"	"unapproved-unexecuted-internal-derived-acceptance-draft"	"8005-slot-management-and-hardware-acceptance"	"evidence-only"	"document-route:R06-A; scenario:TC-053; scenario-role:verification; upstream-fr:FR-018; upstream-uc:UC-016; formation-history:H3:ecd0fd8; FR-018 AC-3 / UC-016"	"EX-R06-001"	"not-approved"	"authoritative-upstream-version;named-approver;approval-date;approved-scope;version-or-sha256-binding;execution-build;execution-environment;executor;execution-time;actual-result;pass-fail;attachment-sha256"
"R06-A0039"	"R06"	"R06-13"	"requirement-documents/05-test-cases/02-slot-and-hardware/tc-054-light-curtain-clear-not-restored.md"	"a159b1fc496dc46c8e4b05277754af9d418493184f84dba53166c807709eb3c4"	"line 17"	"TC-054 移除遮挡后光幕仍显示有遮挡，标记异常 > Preconditions 前置条件"	"遮挡阶段核验通过（光幕已正确变为""有遮挡""）。"	"遮挡阶段核验通过（光幕已正确变为""有遮挡""）。"	"59ff35550ecffea65f018e200a5aca7db047f39b395a0b0ebb1aee5fb444ed8a"	"safety-hardware-acceptance-candidate"	"unapproved-unexecuted-internal-derived-acceptance-draft"	"8005-slot-hardware-IO-safety-and-operability"	"needs-safety-hardware-authority-and-explicit-approval"	"document-route:R06-A; scenario:TC-054; scenario-role:precondition; upstream-fr:FR-018; upstream-uc:UC-016; formation-history:H3:ecd0fd8; FR-018 AC-4 / UC-016"	"none-found-within-r06-pass"	"not-approved"	"hardware-and-IO-version-binding;safety-or-hardware-owner;risk-review-evidence;authoritative-upstream-version;named-approver;approval-date;approved-scope;version-or-sha256-binding;execution-build;execution-environment;executor;execution-time;actual-result;pass-fail;attachment-sha256"
"R06-A0040"	"R06"	"R06-13"	"requirement-documents/05-test-cases/02-slot-and-hardware/tc-054-light-curtain-clear-not-restored.md"	"a159b1fc496dc46c8e4b05277754af9d418493184f84dba53166c807709eb3c4"	"line 21"	"TC-054 移除遮挡后光幕仍显示有遮挡，标记异常 > Test Steps 测试步骤"	"维护人员移除测试物体/遮挡后，系统读取的光幕状态仍显示""有遮挡""。"	"维护人员移除测试物体/遮挡后，系统读取的光幕状态仍显示""有遮挡""。"	"2a1cebb64abdbc5545684d4780165a06c9c632d8fcaa7637ea3ab12f4d227d4a"	"safety-hardware-acceptance-candidate"	"unapproved-unexecuted-internal-derived-acceptance-draft"	"8005-slot-hardware-IO-safety-and-operability"	"needs-safety-hardware-authority-and-explicit-approval"	"document-route:R06-A; scenario:TC-054; scenario-role:action; upstream-fr:FR-018; upstream-uc:UC-016; formation-history:H3:ecd0fd8; FR-018 AC-4 / UC-016"	"none-found-within-r06-pass"	"not-approved"	"hardware-and-IO-version-binding;safety-or-hardware-owner;risk-review-evidence;authoritative-upstream-version;named-approver;approval-date;approved-scope;version-or-sha256-binding;execution-build;execution-environment;executor;execution-time;actual-result;pass-fail;attachment-sha256"
"R06-A0041"	"R06"	"R06-13"	"requirement-documents/05-test-cases/02-slot-and-hardware/tc-054-light-curtain-clear-not-restored.md"	"a159b1fc496dc46c8e4b05277754af9d418493184f84dba53166c807709eb3c4"	"line 25"	"TC-054 移除遮挡后光幕仍显示有遮挡，标记异常 > Expected Result 预期结果"	"系统判定该仓位光幕异常（无法恢复检测为无遮挡），标记为""异常锁定""或""测试未通过""，暂停对该仓位的业务分配，记录本次测试结果为""异常""。"	"系统判定该仓位光幕异常（无法恢复检测为无遮挡），标记为""异常锁定""或""测试未通过""，暂停对该仓位的业务分配，记录本次测试结果为""异常""。"	"395fd33ceff47f087993b7c7ec3a1f986fb94b0660e421ed9c7cd54fdf446c43"	"safety-hardware-acceptance-candidate"	"unapproved-unexecuted-internal-derived-acceptance-draft"	"8005-slot-hardware-IO-safety-and-operability"	"needs-safety-hardware-authority-and-explicit-approval"	"document-route:R06-A; scenario:TC-054; scenario-role:outcome; upstream-fr:FR-018; upstream-uc:UC-016; formation-history:H3:ecd0fd8; FR-018 AC-4 / UC-016"	"none-found-within-r06-pass"	"not-approved"	"hardware-and-IO-version-binding;safety-or-hardware-owner;risk-review-evidence;authoritative-upstream-version;named-approver;approval-date;approved-scope;version-or-sha256-binding;execution-build;execution-environment;executor;execution-time;actual-result;pass-fail;attachment-sha256"
"R06-A0042"	"R06"	"R06-13"	"requirement-documents/05-test-cases/02-slot-and-hardware/tc-054-light-curtain-clear-not-restored.md"	"a159b1fc496dc46c8e4b05277754af9d418493184f84dba53166c807709eb3c4"	"line 29"	"TC-054 移除遮挡后光幕仍显示有遮挡，标记异常 > Verifies 验证对象"	"[[fr-018-slot-light-curtain-function-test|FR-018]] AC-4"	"[[fr-018-slot-light-curtain-function-test|FR-018]] AC-4"	"2f7e61746582ec6614822312406f32cc68ef263e5288b27a75090ce7172a5f03"	"verification-traceability-evidence"	"unapproved-unexecuted-internal-derived-acceptance-draft"	"8005-slot-management-and-hardware-acceptance"	"evidence-only"	"document-route:R06-A; scenario:TC-054; scenario-role:verification; upstream-fr:FR-018; upstream-uc:UC-016; formation-history:H3:ecd0fd8; FR-018 AC-4 / UC-016"	"EX-R06-001"	"not-approved"	"authoritative-upstream-version;named-approver;approval-date;approved-scope;version-or-sha256-binding;execution-build;execution-environment;executor;execution-time;actual-result;pass-fail;attachment-sha256"
"R06-A0043"	"R06"	"R06-14"	"requirement-documents/05-test-cases/02-slot-and-hardware/tc-055-door-state-both-directions-pass.md"	"9b184369ac8c8615e7f00e62df3cc2a43459db7dfccc25b517ec4189ce0312b6"	"line 17"	"TC-055 开锁弹门与关门闩合完整测试通过 > Preconditions 前置条件"	"车辆处于配置维护态且整车无货；"	"车辆处于配置维护态且整车无货；目标仓位初始锁 DI 为“锁闭”。"	"8bcc47b971c58767a72d2965ffc7a3d908df068b7b2c04722c7441870b0eac5e"	"safety-hardware-acceptance-candidate"	"unapproved-unexecuted-internal-derived-acceptance-draft"	"8005-slot-hardware-IO-safety-and-operability"	"needs-safety-hardware-authority-and-explicit-approval"	"document-route:R06-A; scenario:TC-055; scenario-role:precondition; upstream-fr:FR-019; upstream-uc:UC-017; formation-history:H3:ecd0fd8; FR-019 AC-1 / UC-017"	"none-found-within-r06-pass"	"not-approved"	"hardware-and-IO-version-binding;safety-or-hardware-owner;risk-review-evidence;authoritative-upstream-version;named-approver;approval-date;approved-scope;version-or-sha256-binding;execution-build;execution-environment;executor;execution-time;actual-result;pass-fail;attachment-sha256"
"R06-A0044"	"R06"	"R06-14"	"requirement-documents/05-test-cases/02-slot-and-hardware/tc-055-door-state-both-directions-pass.md"	"9b184369ac8c8615e7f00e62df3cc2a43459db7dfccc25b517ec4189ce0312b6"	"line 17"	"TC-055 开锁弹门与关门闩合完整测试通过 > Preconditions 前置条件"	"目标仓位初始锁 DI 为“锁闭”。"	"车辆处于配置维护态且整车无货；目标仓位初始锁 DI 为“锁闭”。"	"4d51cd1874d89f3f969bba018b216abf206a9505869804f4675f1e6435a13bb2"	"safety-hardware-acceptance-candidate"	"unapproved-unexecuted-internal-derived-acceptance-draft"	"8005-slot-hardware-IO-safety-and-operability"	"needs-safety-hardware-authority-and-explicit-approval"	"document-route:R06-A; scenario:TC-055; scenario-role:precondition; upstream-fr:FR-019; upstream-uc:UC-017; formation-history:H3:ecd0fd8; FR-019 AC-1 / UC-017"	"none-found-within-r06-pass"	"not-approved"	"hardware-and-IO-version-binding;safety-or-hardware-owner;risk-review-evidence;authoritative-upstream-version;named-approver;approval-date;approved-scope;version-or-sha256-binding;execution-build;execution-environment;executor;execution-time;actual-result;pass-fail;attachment-sha256"
"R06-A0045"	"R06"	"R06-14"	"requirement-documents/05-test-cases/02-slot-and-hardware/tc-055-door-state-both-directions-pass.md"	"9b184369ac8c8615e7f00e62df3cc2a43459db7dfccc25b517ec4189ce0312b6"	"line 21"	"TC-055 开锁弹门与关门闩合完整测试通过 > Test Steps 测试步骤"	"系统发出开锁脉冲，维护人员目视确认弹簧自动弹门；"	"系统发出开锁脉冲，维护人员目视确认弹簧自动弹门；系统确认锁 DI 变为“未锁”。DO 自动复位后锁 DI 仍为“未锁”。维护人员关门并使锁舌闩合。"	"a7c12ea544f6ef50d87ac65c6975c0db4989d9009223627a506538ee356b39be"	"business-acceptance-action-candidate"	"unapproved-unexecuted-internal-derived-acceptance-draft"	"8005-slot-management-and-hardware-acceptance"	"needs-upstream-source-and-explicit-approval"	"document-route:R06-A; scenario:TC-055; scenario-role:action; upstream-fr:FR-019; upstream-uc:UC-017; formation-history:H3:ecd0fd8; FR-019 AC-1 / UC-017"	"none-found-within-r06-pass"	"not-approved"	"authoritative-upstream-version;named-approver;approval-date;approved-scope;version-or-sha256-binding;execution-build;execution-environment;executor;execution-time;actual-result;pass-fail;attachment-sha256"
"R06-A0046"	"R06"	"R06-14"	"requirement-documents/05-test-cases/02-slot-and-hardware/tc-055-door-state-both-directions-pass.md"	"9b184369ac8c8615e7f00e62df3cc2a43459db7dfccc25b517ec4189ce0312b6"	"line 21"	"TC-055 开锁弹门与关门闩合完整测试通过 > Test Steps 测试步骤"	"系统确认锁 DI 变为“未锁”。"	"系统发出开锁脉冲，维护人员目视确认弹簧自动弹门；系统确认锁 DI 变为“未锁”。DO 自动复位后锁 DI 仍为“未锁”。维护人员关门并使锁舌闩合。"	"ba0a34bc34e4af10663a9baf2a4ebd6dbed8f698e20fbbed6735c72717ed1072"	"safety-hardware-acceptance-candidate"	"unapproved-unexecuted-internal-derived-acceptance-draft"	"8005-slot-hardware-IO-safety-and-operability"	"needs-safety-hardware-authority-and-explicit-approval"	"document-route:R06-A; scenario:TC-055; scenario-role:action; upstream-fr:FR-019; upstream-uc:UC-017; formation-history:H3:ecd0fd8; FR-019 AC-1 / UC-017"	"none-found-within-r06-pass"	"not-approved"	"hardware-and-IO-version-binding;safety-or-hardware-owner;risk-review-evidence;authoritative-upstream-version;named-approver;approval-date;approved-scope;version-or-sha256-binding;execution-build;execution-environment;executor;execution-time;actual-result;pass-fail;attachment-sha256"
"R06-A0047"	"R06"	"R06-14"	"requirement-documents/05-test-cases/02-slot-and-hardware/tc-055-door-state-both-directions-pass.md"	"9b184369ac8c8615e7f00e62df3cc2a43459db7dfccc25b517ec4189ce0312b6"	"line 21"	"TC-055 开锁弹门与关门闩合完整测试通过 > Test Steps 测试步骤"	"DO 自动复位后锁 DI 仍为“未锁”。"	"系统发出开锁脉冲，维护人员目视确认弹簧自动弹门；系统确认锁 DI 变为“未锁”。DO 自动复位后锁 DI 仍为“未锁”。维护人员关门并使锁舌闩合。"	"c23c41a53a7f85c5054784ed2d850f87c20eaa0fe61e131a4e2875f5486a25b2"	"safety-hardware-acceptance-candidate"	"unapproved-unexecuted-internal-derived-acceptance-draft"	"8005-slot-hardware-IO-safety-and-operability"	"needs-safety-hardware-authority-and-explicit-approval"	"document-route:R06-A; scenario:TC-055; scenario-role:action; upstream-fr:FR-019; upstream-uc:UC-017; formation-history:H3:ecd0fd8; FR-019 AC-1 / UC-017"	"none-found-within-r06-pass"	"not-approved"	"hardware-and-IO-version-binding;safety-or-hardware-owner;risk-review-evidence;authoritative-upstream-version;named-approver;approval-date;approved-scope;version-or-sha256-binding;execution-build;execution-environment;executor;execution-time;actual-result;pass-fail;attachment-sha256"
"R06-A0048"	"R06"	"R06-14"	"requirement-documents/05-test-cases/02-slot-and-hardware/tc-055-door-state-both-directions-pass.md"	"9b184369ac8c8615e7f00e62df3cc2a43459db7dfccc25b517ec4189ce0312b6"	"line 21"	"TC-055 开锁弹门与关门闩合完整测试通过 > Test Steps 测试步骤"	"维护人员关门并使锁舌闩合。"	"系统发出开锁脉冲，维护人员目视确认弹簧自动弹门；系统确认锁 DI 变为“未锁”。DO 自动复位后锁 DI 仍为“未锁”。维护人员关门并使锁舌闩合。"	"8b1029effde7e2feb80487e312cacced7435db73aaf84f2bb34470551f6e912c"	"safety-hardware-acceptance-candidate"	"unapproved-unexecuted-internal-derived-acceptance-draft"	"8005-slot-hardware-IO-safety-and-operability"	"needs-safety-hardware-authority-and-explicit-approval"	"document-route:R06-A; scenario:TC-055; scenario-role:action; upstream-fr:FR-019; upstream-uc:UC-017; formation-history:H3:ecd0fd8; FR-019 AC-1 / UC-017"	"none-found-within-r06-pass"	"not-approved"	"hardware-and-IO-version-binding;safety-or-hardware-owner;risk-review-evidence;authoritative-upstream-version;named-approver;approval-date;approved-scope;version-or-sha256-binding;execution-build;execution-environment;executor;execution-time;actual-result;pass-fail;attachment-sha256"
"R06-A0049"	"R06"	"R06-14"	"requirement-documents/05-test-cases/02-slot-and-hardware/tc-055-door-state-both-directions-pass.md"	"9b184369ac8c8615e7f00e62df3cc2a43459db7dfccc25b517ec4189ce0312b6"	"line 25"	"TC-055 开锁弹门与关门闩合完整测试通过 > Expected Result 预期结果"	"系统确认锁 DI 变回“锁闭”，记录各阶段 DO/DI、目视结果、维护人员、仓位号和时间戳，判定测试通过。"	"系统确认锁 DI 变回“锁闭”，记录各阶段 DO/DI、目视结果、维护人员、仓位号和时间戳，判定测试通过。"	"5a44de43770961f0b3164b666f0625b89cb21016ae64b0857a955f483fc8f7ad"	"safety-hardware-acceptance-candidate"	"unapproved-unexecuted-internal-derived-acceptance-draft"	"8005-slot-hardware-IO-safety-and-operability"	"needs-safety-hardware-authority-and-explicit-approval"	"document-route:R06-A; scenario:TC-055; scenario-role:outcome; upstream-fr:FR-019; upstream-uc:UC-017; formation-history:H3:ecd0fd8; FR-019 AC-1 / UC-017"	"none-found-within-r06-pass"	"not-approved"	"hardware-and-IO-version-binding;safety-or-hardware-owner;risk-review-evidence;authoritative-upstream-version;named-approver;approval-date;approved-scope;version-or-sha256-binding;execution-build;execution-environment;executor;execution-time;actual-result;pass-fail;attachment-sha256"
"R06-A0050"	"R06"	"R06-14"	"requirement-documents/05-test-cases/02-slot-and-hardware/tc-055-door-state-both-directions-pass.md"	"9b184369ac8c8615e7f00e62df3cc2a43459db7dfccc25b517ec4189ce0312b6"	"line 29"	"TC-055 开锁弹门与关门闩合完整测试通过 > Verifies 验证对象"	"[[fr-019-slot-door-state-detection-test|FR-019]] AC-1"	"[[fr-019-slot-door-state-detection-test|FR-019]] AC-1"	"16fa6dbcb1be458a6c3524783f0898e8848a9d441c22ae36ecf8c9c565c724b0"	"verification-traceability-evidence"	"unapproved-unexecuted-internal-derived-acceptance-draft"	"8005-slot-management-and-hardware-acceptance"	"evidence-only"	"document-route:R06-A; scenario:TC-055; scenario-role:verification; upstream-fr:FR-019; upstream-uc:UC-017; formation-history:H3:ecd0fd8; FR-019 AC-1 / UC-017"	"EX-R06-001"	"not-approved"	"authoritative-upstream-version;named-approver;approval-date;approved-scope;version-or-sha256-binding;execution-build;execution-environment;executor;execution-time;actual-result;pass-fail;attachment-sha256"
"R06-A0051"	"R06"	"R06-15"	"requirement-documents/05-test-cases/02-slot-and-hardware/tc-056-door-opened-signal-still-closed.md"	"7ffc39543ab7d1ea1e3c5e58d9e8b1df66b3f118e95ff9d20e306e792a65e4c5"	"line 17"	"TC-056 开锁后未弹门或锁 DI 未变化 > Preconditions 前置条件"	"目标仓位初始锁 DI 为“锁闭”，系统已发出一次有效开锁脉冲。"	"目标仓位初始锁 DI 为“锁闭”，系统已发出一次有效开锁脉冲。"	"9c7058f43aeb20c877d549a9aa219fc948303bf66c1ca9c05b96fdb649388247"	"safety-hardware-acceptance-candidate"	"unapproved-unexecuted-internal-derived-acceptance-draft"	"8005-slot-hardware-IO-safety-and-operability"	"needs-safety-hardware-authority-and-explicit-approval"	"document-route:R06-A; scenario:TC-056; scenario-role:precondition; upstream-fr:FR-019; upstream-uc:UC-017; formation-history:H3:ecd0fd8; FR-019 AC-2 / UC-017"	"none-found-within-r06-pass"	"not-approved"	"hardware-and-IO-version-binding;safety-or-hardware-owner;risk-review-evidence;authoritative-upstream-version;named-approver;approval-date;approved-scope;version-or-sha256-binding;execution-build;execution-environment;executor;execution-time;actual-result;pass-fail;attachment-sha256"
"R06-A0052"	"R06"	"R06-15"	"requirement-documents/05-test-cases/02-slot-and-hardware/tc-056-door-opened-signal-still-closed.md"	"7ffc39543ab7d1ea1e3c5e58d9e8b1df66b3f118e95ff9d20e306e792a65e4c5"	"line 21"	"TC-056 开锁后未弹门或锁 DI 未变化 > Test Steps 测试步骤"	"维护人员观察到仓门未正常弹开，或系统读取的锁 DI 仍为“锁闭”。"	"维护人员观察到仓门未正常弹开，或系统读取的锁 DI 仍为“锁闭”。"	"bef01d03a07386f94a395376c2b35e1252e5418bde34150a1faa59ab812e8493"	"safety-hardware-acceptance-candidate"	"unapproved-unexecuted-internal-derived-acceptance-draft"	"8005-slot-hardware-IO-safety-and-operability"	"needs-safety-hardware-authority-and-explicit-approval"	"document-route:R06-A; scenario:TC-056; scenario-role:action; upstream-fr:FR-019; upstream-uc:UC-017; formation-history:H3:ecd0fd8; FR-019 AC-2 / UC-017"	"none-found-within-r06-pass"	"not-approved"	"hardware-and-IO-version-binding;safety-or-hardware-owner;risk-review-evidence;authoritative-upstream-version;named-approver;approval-date;approved-scope;version-or-sha256-binding;execution-build;execution-environment;executor;execution-time;actual-result;pass-fail;attachment-sha256"
"R06-A0053"	"R06"	"R06-15"	"requirement-documents/05-test-cases/02-slot-and-hardware/tc-056-door-opened-signal-still-closed.md"	"7ffc39543ab7d1ea1e3c5e58d9e8b1df66b3f118e95ff9d20e306e792a65e4c5"	"line 25"	"TC-056 开锁后未弹门或锁 DI 未变化 > Expected Result 预期结果"	"系统不得自动重复开锁；"	"系统不得自动重复开锁；记录 DO 回读、锁 DI 和目视结果，将仓位标记为测试未通过和硬件不可操作，等待排查弹簧、锁舌、电磁铁、接线或反馈。"	"e43dc594e6612e1ac9fc380fb3540adbe12679f7f11f3c33c2a9179a66022126"	"business-acceptance-outcome-candidate"	"unapproved-unexecuted-internal-derived-acceptance-draft"	"8005-slot-management-and-hardware-acceptance"	"needs-upstream-source-and-explicit-approval"	"document-route:R06-A; scenario:TC-056; scenario-role:outcome; upstream-fr:FR-019; upstream-uc:UC-017; formation-history:H3:ecd0fd8; FR-019 AC-2 / UC-017"	"none-found-within-r06-pass"	"not-approved"	"authoritative-upstream-version;named-approver;approval-date;approved-scope;version-or-sha256-binding;execution-build;execution-environment;executor;execution-time;actual-result;pass-fail;attachment-sha256"
"R06-A0054"	"R06"	"R06-15"	"requirement-documents/05-test-cases/02-slot-and-hardware/tc-056-door-opened-signal-still-closed.md"	"7ffc39543ab7d1ea1e3c5e58d9e8b1df66b3f118e95ff9d20e306e792a65e4c5"	"line 25"	"TC-056 开锁后未弹门或锁 DI 未变化 > Expected Result 预期结果"	"记录 DO 回读、锁 DI 和目视结果，将仓位标记为测试未通过和硬件不可操作，等待排查弹簧、锁舌、电磁铁、接线或反馈。"	"系统不得自动重复开锁；记录 DO 回读、锁 DI 和目视结果，将仓位标记为测试未通过和硬件不可操作，等待排查弹簧、锁舌、电磁铁、接线或反馈。"	"dbf385ef3ff4b03dcd52f0e2b39ec8eebd486af3121813f0c99aac56e0bd4e80"	"safety-hardware-acceptance-candidate"	"unapproved-unexecuted-internal-derived-acceptance-draft"	"8005-slot-hardware-IO-safety-and-operability"	"needs-safety-hardware-authority-and-explicit-approval"	"document-route:R06-A; scenario:TC-056; scenario-role:outcome; upstream-fr:FR-019; upstream-uc:UC-017; formation-history:H3:ecd0fd8; FR-019 AC-2 / UC-017"	"none-found-within-r06-pass"	"not-approved"	"hardware-and-IO-version-binding;safety-or-hardware-owner;risk-review-evidence;authoritative-upstream-version;named-approver;approval-date;approved-scope;version-or-sha256-binding;execution-build;execution-environment;executor;execution-time;actual-result;pass-fail;attachment-sha256"
"R06-A0055"	"R06"	"R06-15"	"requirement-documents/05-test-cases/02-slot-and-hardware/tc-056-door-opened-signal-still-closed.md"	"7ffc39543ab7d1ea1e3c5e58d9e8b1df66b3f118e95ff9d20e306e792a65e4c5"	"line 29"	"TC-056 开锁后未弹门或锁 DI 未变化 > Verifies 验证对象"	"[[fr-019-slot-door-state-detection-test|FR-019]] AC-2"	"[[fr-019-slot-door-state-detection-test|FR-019]] AC-2"	"7af5ee4bf06d9f92b1d03191e4b39cf6fd14e441c68e8de0ec2ecd811d4a91c3"	"verification-traceability-evidence"	"unapproved-unexecuted-internal-derived-acceptance-draft"	"8005-slot-management-and-hardware-acceptance"	"evidence-only"	"document-route:R06-A; scenario:TC-056; scenario-role:verification; upstream-fr:FR-019; upstream-uc:UC-017; formation-history:H3:ecd0fd8; FR-019 AC-2 / UC-017"	"EX-R06-001"	"not-approved"	"authoritative-upstream-version;named-approver;approval-date;approved-scope;version-or-sha256-binding;execution-build;execution-environment;executor;execution-time;actual-result;pass-fail;attachment-sha256"
"R06-A0056"	"R06"	"R06-16"	"requirement-documents/05-test-cases/02-slot-and-hardware/tc-057-door-closed-signal-still-opened.md"	"6e662d5570a96dfb7ac03170cf7b79126914a9252a2d5f8c749d954bd8c80d7d"	"line 17"	"TC-057 关门后锁 DI 未锁闭 > Preconditions 前置条件"	"目标仓位已开锁且 DO 已自动复位，维护人员执行关门。"	"目标仓位已开锁且 DO 已自动复位，维护人员执行关门。"	"c31fb63250d093602394ac2f8dd24e4bc4a44d05fa5a35ddfe7f5a00f8407c2b"	"safety-hardware-acceptance-candidate"	"unapproved-unexecuted-internal-derived-acceptance-draft"	"8005-slot-hardware-IO-safety-and-operability"	"needs-safety-hardware-authority-and-explicit-approval"	"document-route:R06-A; scenario:TC-057; scenario-role:precondition; upstream-fr:FR-019; upstream-uc:UC-017; formation-history:H3:ecd0fd8; FR-019 AC-3 / UC-017"	"none-found-within-r06-pass"	"not-approved"	"hardware-and-IO-version-binding;safety-or-hardware-owner;risk-review-evidence;authoritative-upstream-version;named-approver;approval-date;approved-scope;version-or-sha256-binding;execution-build;execution-environment;executor;execution-time;actual-result;pass-fail;attachment-sha256"
"R06-A0057"	"R06"	"R06-16"	"requirement-documents/05-test-cases/02-slot-and-hardware/tc-057-door-closed-signal-still-opened.md"	"6e662d5570a96dfb7ac03170cf7b79126914a9252a2d5f8c749d954bd8c80d7d"	"line 21"	"TC-057 关门后锁 DI 未锁闭 > Test Steps 测试步骤"	"系统读取的锁 DI 仍为“未锁”。"	"系统读取的锁 DI 仍为“未锁”。"	"338263dbff1fe7e815c3e2a4bfca9cbf43a3634c74c40fb207895aa448c41aa7"	"safety-hardware-acceptance-candidate"	"unapproved-unexecuted-internal-derived-acceptance-draft"	"8005-slot-hardware-IO-safety-and-operability"	"needs-safety-hardware-authority-and-explicit-approval"	"document-route:R06-A; scenario:TC-057; scenario-role:action; upstream-fr:FR-019; upstream-uc:UC-017; formation-history:H3:ecd0fd8; FR-019 AC-3 / UC-017"	"none-found-within-r06-pass"	"not-approved"	"hardware-and-IO-version-binding;safety-or-hardware-owner;risk-review-evidence;authoritative-upstream-version;named-approver;approval-date;approved-scope;version-or-sha256-binding;execution-build;execution-environment;executor;execution-time;actual-result;pass-fail;attachment-sha256"
"R06-A0058"	"R06"	"R06-16"	"requirement-documents/05-test-cases/02-slot-and-hardware/tc-057-door-closed-signal-still-opened.md"	"6e662d5570a96dfb7ac03170cf7b79126914a9252a2d5f8c749d954bd8c80d7d"	"line 25"	"TC-057 关门后锁 DI 未锁闭 > Expected Result 预期结果"	"系统不得把仓门视为安全锁闭，提示维护人员重新关门；"	"系统不得把仓门视为安全锁闭，提示维护人员重新关门；持续失败时记录测试失败，将仓位判为硬件不可操作并排查机构、接线或反馈。"	"654abefb868804edea5c8134f2b5fe7fbc5fc69e2cb8a3bd2a41b34564a6b5a9"	"safety-hardware-acceptance-candidate"	"unapproved-unexecuted-internal-derived-acceptance-draft"	"8005-slot-hardware-IO-safety-and-operability"	"needs-safety-hardware-authority-and-explicit-approval"	"document-route:R06-A; scenario:TC-057; scenario-role:outcome; upstream-fr:FR-019; upstream-uc:UC-017; formation-history:H3:ecd0fd8; FR-019 AC-3 / UC-017"	"none-found-within-r06-pass"	"not-approved"	"hardware-and-IO-version-binding;safety-or-hardware-owner;risk-review-evidence;authoritative-upstream-version;named-approver;approval-date;approved-scope;version-or-sha256-binding;execution-build;execution-environment;executor;execution-time;actual-result;pass-fail;attachment-sha256"
"R06-A0059"	"R06"	"R06-16"	"requirement-documents/05-test-cases/02-slot-and-hardware/tc-057-door-closed-signal-still-opened.md"	"6e662d5570a96dfb7ac03170cf7b79126914a9252a2d5f8c749d954bd8c80d7d"	"line 25"	"TC-057 关门后锁 DI 未锁闭 > Expected Result 预期结果"	"持续失败时记录测试失败，将仓位判为硬件不可操作并排查机构、接线或反馈。"	"系统不得把仓门视为安全锁闭，提示维护人员重新关门；持续失败时记录测试失败，将仓位判为硬件不可操作并排查机构、接线或反馈。"	"a5ff8a1924ba8e6328823aed0d8592dd726a78b62863957857c72e21c6b9412b"	"safety-hardware-acceptance-candidate"	"unapproved-unexecuted-internal-derived-acceptance-draft"	"8005-slot-hardware-IO-safety-and-operability"	"needs-safety-hardware-authority-and-explicit-approval"	"document-route:R06-A; scenario:TC-057; scenario-role:outcome; upstream-fr:FR-019; upstream-uc:UC-017; formation-history:H3:ecd0fd8; FR-019 AC-3 / UC-017"	"none-found-within-r06-pass"	"not-approved"	"hardware-and-IO-version-binding;safety-or-hardware-owner;risk-review-evidence;authoritative-upstream-version;named-approver;approval-date;approved-scope;version-or-sha256-binding;execution-build;execution-environment;executor;execution-time;actual-result;pass-fail;attachment-sha256"
"R06-A0060"	"R06"	"R06-16"	"requirement-documents/05-test-cases/02-slot-and-hardware/tc-057-door-closed-signal-still-opened.md"	"6e662d5570a96dfb7ac03170cf7b79126914a9252a2d5f8c749d954bd8c80d7d"	"line 29"	"TC-057 关门后锁 DI 未锁闭 > Verifies 验证对象"	"[[fr-019-slot-door-state-detection-test|FR-019]] AC-3"	"[[fr-019-slot-door-state-detection-test|FR-019]] AC-3"	"9d9f952455a3291543adb8c62b8b8232686cea4ee6adac22034a544869690d49"	"verification-traceability-evidence"	"unapproved-unexecuted-internal-derived-acceptance-draft"	"8005-slot-management-and-hardware-acceptance"	"evidence-only"	"document-route:R06-A; scenario:TC-057; scenario-role:verification; upstream-fr:FR-019; upstream-uc:UC-017; formation-history:H3:ecd0fd8; FR-019 AC-3 / UC-017"	"EX-R06-001"	"not-approved"	"authoritative-upstream-version;named-approver;approval-date;approved-scope;version-or-sha256-binding;execution-build;execution-environment;executor;execution-time;actual-result;pass-fail;attachment-sha256"
"R06-A0061"	"R06"	"R06-17"	"requirement-documents/05-test-cases/02-slot-and-hardware/tc-058-mapping-both-directions-pass.md"	"88ab1d5ce3b391f44da5edeb1607e0d9c0d77cbc70d394d39c4004df47732bac"	"line 17"	"TC-058 双向核对均通过，记录映射通过 > Preconditions 前置条件"	"系统已按配置向目标仓位下发开锁 DO 指令，且维护人员已现场手动触发该物理仓位的传感器。"	"系统已按配置向目标仓位下发开锁 DO 指令，且维护人员已现场手动触发该物理仓位的传感器。"	"e5981e063c58e79c90eb908bc556716e15e01ae80247e33d19b0e9f9e6d5b1d9"	"safety-hardware-acceptance-candidate"	"unapproved-unexecuted-internal-derived-acceptance-draft"	"8005-slot-hardware-IO-safety-and-operability"	"needs-safety-hardware-authority-and-explicit-approval"	"document-route:R06-A; scenario:TC-058; scenario-role:precondition; upstream-fr:FR-020; upstream-uc:UC-018; formation-history:H3:ecd0fd8; FR-020 AC-1 / UC-018"	"none-found-within-r06-pass"	"not-approved"	"hardware-and-IO-version-binding;safety-or-hardware-owner;risk-review-evidence;authoritative-upstream-version;named-approver;approval-date;approved-scope;version-or-sha256-binding;execution-build;execution-environment;executor;execution-time;actual-result;pass-fail;attachment-sha256"
"R06-A0062"	"R06"	"R06-17"	"requirement-documents/05-test-cases/02-slot-and-hardware/tc-058-mapping-both-directions-pass.md"	"88ab1d5ce3b391f44da5edeb1607e0d9c0d77cbc70d394d39c4004df47732bac"	"line 21"	"TC-058 双向核对均通过，记录映射通过 > Test Steps 测试步骤"	"维护人员核对确认：方向一中实际发生反应的物理仓位与配置中该 DO 点位对应的仓位编号一致；"	"维护人员核对确认：方向一中实际发生反应的物理仓位与配置中该 DO 点位对应的仓位编号一致；方向二中系统读取到的 DI 变化仓位编号与实际触发的物理仓位一致。"	"0b09309704358cd82539e3616480a41f8a4f611e8d068a3a4cf5f21a00d4642e"	"safety-hardware-acceptance-candidate"	"unapproved-unexecuted-internal-derived-acceptance-draft"	"8005-slot-hardware-IO-safety-and-operability"	"needs-safety-hardware-authority-and-explicit-approval"	"document-route:R06-A; scenario:TC-058; scenario-role:action; upstream-fr:FR-020; upstream-uc:UC-018; formation-history:H3:ecd0fd8; FR-020 AC-1 / UC-018"	"none-found-within-r06-pass"	"not-approved"	"hardware-and-IO-version-binding;safety-or-hardware-owner;risk-review-evidence;authoritative-upstream-version;named-approver;approval-date;approved-scope;version-or-sha256-binding;execution-build;execution-environment;executor;execution-time;actual-result;pass-fail;attachment-sha256"
"R06-A0063"	"R06"	"R06-17"	"requirement-documents/05-test-cases/02-slot-and-hardware/tc-058-mapping-both-directions-pass.md"	"88ab1d5ce3b391f44da5edeb1607e0d9c0d77cbc70d394d39c4004df47732bac"	"line 21"	"TC-058 双向核对均通过，记录映射通过 > Test Steps 测试步骤"	"方向二中系统读取到的 DI 变化仓位编号与实际触发的物理仓位一致。"	"维护人员核对确认：方向一中实际发生反应的物理仓位与配置中该 DO 点位对应的仓位编号一致；方向二中系统读取到的 DI 变化仓位编号与实际触发的物理仓位一致。"	"4b73be24dde7c025cdf656e01026f821f073d27de862ec657e0db0a27f564f19"	"safety-hardware-acceptance-candidate"	"unapproved-unexecuted-internal-derived-acceptance-draft"	"8005-slot-hardware-IO-safety-and-operability"	"needs-safety-hardware-authority-and-explicit-approval"	"document-route:R06-A; scenario:TC-058; scenario-role:action; upstream-fr:FR-020; upstream-uc:UC-018; formation-history:H3:ecd0fd8; FR-020 AC-1 / UC-018"	"none-found-within-r06-pass"	"not-approved"	"hardware-and-IO-version-binding;safety-or-hardware-owner;risk-review-evidence;authoritative-upstream-version;named-approver;approval-date;approved-scope;version-or-sha256-binding;execution-build;execution-environment;executor;execution-time;actual-result;pass-fail;attachment-sha256"
"R06-A0064"	"R06"	"R06-17"	"requirement-documents/05-test-cases/02-slot-and-hardware/tc-058-mapping-both-directions-pass.md"	"88ab1d5ce3b391f44da5edeb1607e0d9c0d77cbc70d394d39c4004df47732bac"	"line 25"	"TC-058 双向核对均通过，记录映射通过 > Expected Result 预期结果"	"系统记录该仓位映射核对结果为""通过""。"	"系统记录该仓位映射核对结果为""通过""。"	"a7a334c870d4ac8e4b1b6aeaa1a9e7cf83b855841c337bb80f40e248bc05f6f0"	"interface-integration-acceptance-candidate"	"unapproved-unexecuted-internal-derived-acceptance-draft"	"8005-local-server-RIoT-RCS-integration"	"needs-interface-owner-source-and-explicit-approval"	"document-route:R06-A; scenario:TC-058; scenario-role:outcome; upstream-fr:FR-020; upstream-uc:UC-018; formation-history:H3:ecd0fd8; FR-020 AC-1 / UC-018"	"none-found-within-r06-pass"	"not-approved"	"controlled-interface-version;interface-owner;authoritative-upstream-version;named-approver;approval-date;approved-scope;version-or-sha256-binding;execution-build;execution-environment;executor;execution-time;actual-result;pass-fail;attachment-sha256"
"R06-A0065"	"R06"	"R06-17"	"requirement-documents/05-test-cases/02-slot-and-hardware/tc-058-mapping-both-directions-pass.md"	"88ab1d5ce3b391f44da5edeb1607e0d9c0d77cbc70d394d39c4004df47732bac"	"line 29"	"TC-058 双向核对均通过，记录映射通过 > Verifies 验证对象"	"[[fr-020-bidirectional-io-point-mapping-verification|FR-020]] AC-1"	"[[fr-020-bidirectional-io-point-mapping-verification|FR-020]] AC-1"	"bb1461eab8a06caf4626e3a609426385851fe292e3fa7fc19090c580b1222a4b"	"verification-traceability-evidence"	"unapproved-unexecuted-internal-derived-acceptance-draft"	"8005-slot-management-and-hardware-acceptance"	"evidence-only"	"document-route:R06-A; scenario:TC-058; scenario-role:verification; upstream-fr:FR-020; upstream-uc:UC-018; formation-history:H3:ecd0fd8; FR-020 AC-1 / UC-018"	"EX-R06-001"	"not-approved"	"authoritative-upstream-version;named-approver;approval-date;approved-scope;version-or-sha256-binding;execution-build;execution-environment;executor;execution-time;actual-result;pass-fail;attachment-sha256"
"R06-A0066"	"R06"	"R06-18"	"requirement-documents/05-test-cases/02-slot-and-hardware/tc-059-mapping-direction-one-mismatch.md"	"95a091e4b4439e536e176e3bc0a04aeb311647c7b95793b7cbb13d31b387f25e"	"line 17"	"TC-059 方向一核对不通过，标记映射异常 > Preconditions 前置条件"	"系统已按配置中指向该仓位的 DO 点位下发开锁指令。"	"系统已按配置中指向该仓位的 DO 点位下发开锁指令。"	"252da8d99e4368ccff4494c027054f2d872d323ba2edd1e180cd7a71fa25f035"	"safety-hardware-acceptance-candidate"	"unapproved-unexecuted-internal-derived-acceptance-draft"	"8005-slot-hardware-IO-safety-and-operability"	"needs-safety-hardware-authority-and-explicit-approval"	"document-route:R06-A; scenario:TC-059; scenario-role:precondition; upstream-fr:FR-020; upstream-uc:UC-018; formation-history:H3:ecd0fd8; FR-020 AC-2 / UC-018"	"none-found-within-r06-pass"	"not-approved"	"hardware-and-IO-version-binding;safety-or-hardware-owner;risk-review-evidence;authoritative-upstream-version;named-approver;approval-date;approved-scope;version-or-sha256-binding;execution-build;execution-environment;executor;execution-time;actual-result;pass-fail;attachment-sha256"
"R06-A0067"	"R06"	"R06-18"	"requirement-documents/05-test-cases/02-slot-and-hardware/tc-059-mapping-direction-one-mismatch.md"	"95a091e4b4439e536e176e3bc0a04aeb311647c7b95793b7cbb13d31b387f25e"	"line 21"	"TC-059 方向一核对不通过，标记映射异常 > Test Steps 测试步骤"	"维护人员核对发现实际发生反应（弹开）的物理仓位与配置中该 DO 点位对应的仓位编号不一致。"	"维护人员核对发现实际发生反应（弹开）的物理仓位与配置中该 DO 点位对应的仓位编号不一致。"	"2b38fcf0e9b6cce9d6b6bf71398c2c54e7b9556e32aeb1e31229377f7f31cb31"	"safety-hardware-acceptance-candidate"	"unapproved-unexecuted-internal-derived-acceptance-draft"	"8005-slot-hardware-IO-safety-and-operability"	"needs-safety-hardware-authority-and-explicit-approval"	"document-route:R06-A; scenario:TC-059; scenario-role:action; upstream-fr:FR-020; upstream-uc:UC-018; formation-history:H3:ecd0fd8; FR-020 AC-2 / UC-018"	"none-found-within-r06-pass"	"not-approved"	"hardware-and-IO-version-binding;safety-or-hardware-owner;risk-review-evidence;authoritative-upstream-version;named-approver;approval-date;approved-scope;version-or-sha256-binding;execution-build;execution-environment;executor;execution-time;actual-result;pass-fail;attachment-sha256"
"R06-A0068"	"R06"	"R06-18"	"requirement-documents/05-test-cases/02-slot-and-hardware/tc-059-mapping-direction-one-mismatch.md"	"95a091e4b4439e536e176e3bc0a04aeb311647c7b95793b7cbb13d31b387f25e"	"line 25"	"TC-059 方向一核对不通过，标记映射异常 > Expected Result 预期结果"	"系统将涉及的仓位标记为""映射异常""，暂停对其业务分配，记录本次核对结果。"	"系统将涉及的仓位标记为""映射异常""，暂停对其业务分配，记录本次核对结果。"	"724370436aa1b0590ebdb2e61da409ae0e7e7ff1beafa51071c4b1ebbb55675f"	"interface-integration-acceptance-candidate"	"unapproved-unexecuted-internal-derived-acceptance-draft"	"8005-local-server-RIoT-RCS-integration"	"needs-interface-owner-source-and-explicit-approval"	"document-route:R06-A; scenario:TC-059; scenario-role:outcome; upstream-fr:FR-020; upstream-uc:UC-018; formation-history:H3:ecd0fd8; FR-020 AC-2 / UC-018"	"none-found-within-r06-pass"	"not-approved"	"controlled-interface-version;interface-owner;authoritative-upstream-version;named-approver;approval-date;approved-scope;version-or-sha256-binding;execution-build;execution-environment;executor;execution-time;actual-result;pass-fail;attachment-sha256"
"R06-A0069"	"R06"	"R06-18"	"requirement-documents/05-test-cases/02-slot-and-hardware/tc-059-mapping-direction-one-mismatch.md"	"95a091e4b4439e536e176e3bc0a04aeb311647c7b95793b7cbb13d31b387f25e"	"line 29"	"TC-059 方向一核对不通过，标记映射异常 > Verifies 验证对象"	"[[fr-020-bidirectional-io-point-mapping-verification|FR-020]] AC-2"	"[[fr-020-bidirectional-io-point-mapping-verification|FR-020]] AC-2"	"4c3479ae21e5b48d86bfce49bbeb785a4e18127eb06fb4a216309687cc4806b7"	"verification-traceability-evidence"	"unapproved-unexecuted-internal-derived-acceptance-draft"	"8005-slot-management-and-hardware-acceptance"	"evidence-only"	"document-route:R06-A; scenario:TC-059; scenario-role:verification; upstream-fr:FR-020; upstream-uc:UC-018; formation-history:H3:ecd0fd8; FR-020 AC-2 / UC-018"	"EX-R06-001"	"not-approved"	"authoritative-upstream-version;named-approver;approval-date;approved-scope;version-or-sha256-binding;execution-build;execution-environment;executor;execution-time;actual-result;pass-fail;attachment-sha256"
"R06-A0070"	"R06"	"R06-19"	"requirement-documents/05-test-cases/02-slot-and-hardware/tc-060-mapping-direction-two-mismatch.md"	"3cdc0adb555791a8d4b28e554be900beaf00b001e832c6b90e5df4651b4101e9"	"line 17"	"TC-060 方向二核对不通过，标记映射异常 > Preconditions 前置条件"	"维护人员已现场手动触发某个物理仓位的传感器。"	"维护人员已现场手动触发某个物理仓位的传感器。"	"e7ba66ee0b7646ee1dbffb69b071e358df46fbb6b99673e05a95170e0b787c2b"	"business-acceptance-precondition-candidate"	"unapproved-unexecuted-internal-derived-acceptance-draft"	"8005-slot-management-and-hardware-acceptance"	"needs-upstream-source-and-explicit-approval"	"document-route:R06-A; scenario:TC-060; scenario-role:precondition; upstream-fr:FR-020; upstream-uc:UC-018; formation-history:H3:ecd0fd8; FR-020 AC-3 / UC-018"	"none-found-within-r06-pass"	"not-approved"	"authoritative-upstream-version;named-approver;approval-date;approved-scope;version-or-sha256-binding;execution-build;execution-environment;executor;execution-time;actual-result;pass-fail;attachment-sha256"
"R06-A0071"	"R06"	"R06-19"	"requirement-documents/05-test-cases/02-slot-and-hardware/tc-060-mapping-direction-two-mismatch.md"	"3cdc0adb555791a8d4b28e554be900beaf00b001e832c6b90e5df4651b4101e9"	"line 21"	"TC-060 方向二核对不通过，标记映射异常 > Test Steps 测试步骤"	"维护人员核对发现软件侧显示的 DI 变化仓位编号与自己实际触发的物理仓位不一致。"	"维护人员核对发现软件侧显示的 DI 变化仓位编号与自己实际触发的物理仓位不一致。"	"c3317ac37cb12521b2f6c84be086c8f41d440c9af7dbf7e2e2bcaf1c49ab612c"	"safety-hardware-acceptance-candidate"	"unapproved-unexecuted-internal-derived-acceptance-draft"	"8005-slot-hardware-IO-safety-and-operability"	"needs-safety-hardware-authority-and-explicit-approval"	"document-route:R06-A; scenario:TC-060; scenario-role:action; upstream-fr:FR-020; upstream-uc:UC-018; formation-history:H3:ecd0fd8; FR-020 AC-3 / UC-018"	"none-found-within-r06-pass"	"not-approved"	"hardware-and-IO-version-binding;safety-or-hardware-owner;risk-review-evidence;authoritative-upstream-version;named-approver;approval-date;approved-scope;version-or-sha256-binding;execution-build;execution-environment;executor;execution-time;actual-result;pass-fail;attachment-sha256"
"R06-A0072"	"R06"	"R06-19"	"requirement-documents/05-test-cases/02-slot-and-hardware/tc-060-mapping-direction-two-mismatch.md"	"3cdc0adb555791a8d4b28e554be900beaf00b001e832c6b90e5df4651b4101e9"	"line 25"	"TC-060 方向二核对不通过，标记映射异常 > Expected Result 预期结果"	"系统将涉及的仓位标记为""映射异常""，暂停对其业务分配，记录本次核对结果。"	"系统将涉及的仓位标记为""映射异常""，暂停对其业务分配，记录本次核对结果。"	"724370436aa1b0590ebdb2e61da409ae0e7e7ff1beafa51071c4b1ebbb55675f"	"interface-integration-acceptance-candidate"	"unapproved-unexecuted-internal-derived-acceptance-draft"	"8005-local-server-RIoT-RCS-integration"	"needs-interface-owner-source-and-explicit-approval"	"document-route:R06-A; scenario:TC-060; scenario-role:outcome; upstream-fr:FR-020; upstream-uc:UC-018; formation-history:H3:ecd0fd8; FR-020 AC-3 / UC-018; exact-duplicate-of:R06-A0068"	"none-found-within-r06-pass"	"not-approved"	"controlled-interface-version;interface-owner;authoritative-upstream-version;named-approver;approval-date;approved-scope;version-or-sha256-binding;execution-build;execution-environment;executor;execution-time;actual-result;pass-fail;attachment-sha256"
"R06-A0073"	"R06"	"R06-19"	"requirement-documents/05-test-cases/02-slot-and-hardware/tc-060-mapping-direction-two-mismatch.md"	"3cdc0adb555791a8d4b28e554be900beaf00b001e832c6b90e5df4651b4101e9"	"line 29"	"TC-060 方向二核对不通过，标记映射异常 > Verifies 验证对象"	"[[fr-020-bidirectional-io-point-mapping-verification|FR-020]] AC-3"	"[[fr-020-bidirectional-io-point-mapping-verification|FR-020]] AC-3"	"c10625516af7960d5db3279bbe16a0c43e427e2cdbd40b07a8bc5b0cdb4351a1"	"verification-traceability-evidence"	"unapproved-unexecuted-internal-derived-acceptance-draft"	"8005-slot-management-and-hardware-acceptance"	"evidence-only"	"document-route:R06-A; scenario:TC-060; scenario-role:verification; upstream-fr:FR-020; upstream-uc:UC-018; formation-history:H3:ecd0fd8; FR-020 AC-3 / UC-018"	"EX-R06-001"	"not-approved"	"authoritative-upstream-version;named-approver;approval-date;approved-scope;version-or-sha256-binding;execution-build;execution-environment;executor;execution-time;actual-result;pass-fail;attachment-sha256"
"R06-A0074"	"R06"	"R06-20"	"requirement-documents/05-test-cases/02-slot-and-hardware/tc-061-mapping-save-pass-pending-verification.md"	"0edea73b9b08d8ee0197ae6f3f8d99ac1f0c32590c5b9d964a15e776703a15a3"	"line 17"	"TC-061 校验通过，保存为待核对状态 > Preconditions 前置条件"	"操作人员已为目标仓位实例录入或修改点位信息（开锁 DO、锁状态 DI、光幕 DI）。"	"操作人员已为目标仓位实例录入或修改点位信息（开锁 DO、锁状态 DI、光幕 DI）。"	"32b6f70b897c539462b7c9442744d23ea212150378b92d59251d19804e3f7e2f"	"safety-hardware-acceptance-candidate"	"unapproved-unexecuted-internal-derived-acceptance-draft"	"8005-slot-hardware-IO-safety-and-operability"	"needs-safety-hardware-authority-and-explicit-approval"	"document-route:R06-A; scenario:TC-061; scenario-role:precondition; upstream-fr:FR-021; upstream-uc:UC-039; formation-history:H3:ecd0fd8; FR-021 AC-1 / UC-039"	"none-found-within-r06-pass"	"not-approved"	"hardware-and-IO-version-binding;safety-or-hardware-owner;risk-review-evidence;authoritative-upstream-version;named-approver;approval-date;approved-scope;version-or-sha256-binding;execution-build;execution-environment;executor;execution-time;actual-result;pass-fail;attachment-sha256"
"R06-A0075"	"R06"	"R06-20"	"requirement-documents/05-test-cases/02-slot-and-hardware/tc-061-mapping-save-pass-pending-verification.md"	"0edea73b9b08d8ee0197ae6f3f8d99ac1f0c32590c5b9d964a15e776703a15a3"	"line 21"	"TC-061 校验通过，保存为待核对状态 > Test Steps 测试步骤"	"系统校验通道号未被重复占用，且必填点位均已填写，操作人员确认保存。"	"系统校验通道号未被重复占用，且必填点位均已填写，操作人员确认保存。"	"af8f314592b2cd7dfa61c4ebb18863c62aecd1519e5804304da620ccfc8fad59"	"safety-hardware-acceptance-candidate"	"unapproved-unexecuted-internal-derived-acceptance-draft"	"8005-slot-hardware-IO-safety-and-operability"	"needs-safety-hardware-authority-and-explicit-approval"	"document-route:R06-A; scenario:TC-061; scenario-role:action; upstream-fr:FR-021; upstream-uc:UC-039; formation-history:H3:ecd0fd8; FR-021 AC-1 / UC-039"	"none-found-within-r06-pass"	"not-approved"	"hardware-and-IO-version-binding;safety-or-hardware-owner;risk-review-evidence;authoritative-upstream-version;named-approver;approval-date;approved-scope;version-or-sha256-binding;execution-build;execution-environment;executor;execution-time;actual-result;pass-fail;attachment-sha256"
"R06-A0076"	"R06"	"R06-20"	"requirement-documents/05-test-cases/02-slot-and-hardware/tc-061-mapping-save-pass-pending-verification.md"	"0edea73b9b08d8ee0197ae6f3f8d99ac1f0c32590c5b9d964a15e776703a15a3"	"line 25"	"TC-061 校验通过，保存为待核对状态 > Expected Result 预期结果"	"系统将该仓位映射配置状态置为""待核对""，记录变更内容、操作人、时间戳。"	"系统将该仓位映射配置状态置为""待核对""，记录变更内容、操作人、时间戳。"	"ad9425fea41e7849f3f190c5805bbc7f77e07e9e93433abfb051780a5c8d4249"	"interface-integration-acceptance-candidate"	"unapproved-unexecuted-internal-derived-acceptance-draft"	"8005-local-server-RIoT-RCS-integration"	"needs-interface-owner-source-and-explicit-approval"	"document-route:R06-A; scenario:TC-061; scenario-role:outcome; upstream-fr:FR-021; upstream-uc:UC-039; formation-history:H3:ecd0fd8; FR-021 AC-1 / UC-039"	"none-found-within-r06-pass"	"not-approved"	"controlled-interface-version;interface-owner;authoritative-upstream-version;named-approver;approval-date;approved-scope;version-or-sha256-binding;execution-build;execution-environment;executor;execution-time;actual-result;pass-fail;attachment-sha256"
"R06-A0077"	"R06"	"R06-20"	"requirement-documents/05-test-cases/02-slot-and-hardware/tc-061-mapping-save-pass-pending-verification.md"	"0edea73b9b08d8ee0197ae6f3f8d99ac1f0c32590c5b9d964a15e776703a15a3"	"line 29"	"TC-061 校验通过，保存为待核对状态 > Verifies 验证对象"	"[[fr-021-slot-to-io-point-mapping-create-modify-validation|FR-021]] AC-1"	"[[fr-021-slot-to-io-point-mapping-create-modify-validation|FR-021]] AC-1"	"53da12721681ce9132884254814b59c3c67f726dc7db688034bbfa9cb6173dcc"	"verification-traceability-evidence"	"unapproved-unexecuted-internal-derived-acceptance-draft"	"8005-slot-management-and-hardware-acceptance"	"evidence-only"	"document-route:R06-A; scenario:TC-061; scenario-role:verification; upstream-fr:FR-021; upstream-uc:UC-039; formation-history:H3:ecd0fd8; FR-021 AC-1 / UC-039"	"EX-R06-001"	"not-approved"	"authoritative-upstream-version;named-approver;approval-date;approved-scope;version-or-sha256-binding;execution-build;execution-environment;executor;execution-time;actual-result;pass-fail;attachment-sha256"
"R06-A0078"	"R06"	"R06-21"	"requirement-documents/05-test-cases/02-slot-and-hardware/tc-062-mapping-channel-conflict-reject.md"	"a38be5e5384b8fd0bea1172df4de571f658d4019bf4e0dd041f10f14160bd89e"	"line 17"	"TC-062 通道重复占用，拒绝保存 > Preconditions 前置条件"	"操作人员提交的配置中，某 IO 模块的某通道号已被本仓位其他点位类型或另一仓位占用。"	"操作人员提交的配置中，某 IO 模块的某通道号已被本仓位其他点位类型或另一仓位占用。"	"2b9bf1cd04fc1aea1438f4685fb127e7cbf68786c9280bf4e8fcdf5bc5f7cc71"	"safety-hardware-acceptance-candidate"	"unapproved-unexecuted-internal-derived-acceptance-draft"	"8005-slot-hardware-IO-safety-and-operability"	"needs-safety-hardware-authority-and-explicit-approval"	"document-route:R06-A; scenario:TC-062; scenario-role:precondition; upstream-fr:FR-021; upstream-uc:UC-039; formation-history:H3:ecd0fd8; FR-021 AC-2 / UC-039"	"none-found-within-r06-pass"	"not-approved"	"hardware-and-IO-version-binding;safety-or-hardware-owner;risk-review-evidence;authoritative-upstream-version;named-approver;approval-date;approved-scope;version-or-sha256-binding;execution-build;execution-environment;executor;execution-time;actual-result;pass-fail;attachment-sha256"
"R06-A0079"	"R06"	"R06-21"	"requirement-documents/05-test-cases/02-slot-and-hardware/tc-062-mapping-channel-conflict-reject.md"	"a38be5e5384b8fd0bea1172df4de571f658d4019bf4e0dd041f10f14160bd89e"	"line 21"	"TC-062 通道重复占用，拒绝保存 > Test Steps 测试步骤"	"系统执行保存前校验。"	"系统执行保存前校验。"	"e479eaca3d72d41d29c14f7d35aafa509308789157f2d3ae2ee51861557c58f2"	"business-acceptance-action-candidate"	"unapproved-unexecuted-internal-derived-acceptance-draft"	"8005-slot-management-and-hardware-acceptance"	"needs-upstream-source-and-explicit-approval"	"document-route:R06-A; scenario:TC-062; scenario-role:action; upstream-fr:FR-021; upstream-uc:UC-039; formation-history:H3:ecd0fd8; FR-021 AC-2 / UC-039"	"none-found-within-r06-pass"	"not-approved"	"authoritative-upstream-version;named-approver;approval-date;approved-scope;version-or-sha256-binding;execution-build;execution-environment;executor;execution-time;actual-result;pass-fail;attachment-sha256"
"R06-A0080"	"R06"	"R06-21"	"requirement-documents/05-test-cases/02-slot-and-hardware/tc-062-mapping-channel-conflict-reject.md"	"a38be5e5384b8fd0bea1172df4de571f658d4019bf4e0dd041f10f14160bd89e"	"line 25"	"TC-062 通道重复占用，拒绝保存 > Expected Result 预期结果"	"系统拒绝保存，提示冲突的具体 IO 模块、通道号及已占用该通道的仓位/点位类型。"	"系统拒绝保存，提示冲突的具体 IO 模块、通道号及已占用该通道的仓位/点位类型。"	"c38b3f0d47eda31a09525a22e4eb4c35337686f5d7044c9bd822de4330b036d4"	"safety-hardware-acceptance-candidate"	"unapproved-unexecuted-internal-derived-acceptance-draft"	"8005-slot-hardware-IO-safety-and-operability"	"needs-safety-hardware-authority-and-explicit-approval"	"document-route:R06-A; scenario:TC-062; scenario-role:outcome; upstream-fr:FR-021; upstream-uc:UC-039; formation-history:H3:ecd0fd8; FR-021 AC-2 / UC-039"	"none-found-within-r06-pass"	"not-approved"	"hardware-and-IO-version-binding;safety-or-hardware-owner;risk-review-evidence;authoritative-upstream-version;named-approver;approval-date;approved-scope;version-or-sha256-binding;execution-build;execution-environment;executor;execution-time;actual-result;pass-fail;attachment-sha256"
"R06-A0081"	"R06"	"R06-21"	"requirement-documents/05-test-cases/02-slot-and-hardware/tc-062-mapping-channel-conflict-reject.md"	"a38be5e5384b8fd0bea1172df4de571f658d4019bf4e0dd041f10f14160bd89e"	"line 29"	"TC-062 通道重复占用，拒绝保存 > Verifies 验证对象"	"[[fr-021-slot-to-io-point-mapping-create-modify-validation|FR-021]] AC-2"	"[[fr-021-slot-to-io-point-mapping-create-modify-validation|FR-021]] AC-2"	"e55d4ffb041557be47c29eab75ffcc36ccb64783a978a8bb79f4dcd6be0401b0"	"verification-traceability-evidence"	"unapproved-unexecuted-internal-derived-acceptance-draft"	"8005-slot-management-and-hardware-acceptance"	"evidence-only"	"document-route:R06-A; scenario:TC-062; scenario-role:verification; upstream-fr:FR-021; upstream-uc:UC-039; formation-history:H3:ecd0fd8; FR-021 AC-2 / UC-039"	"EX-R06-001"	"not-approved"	"authoritative-upstream-version;named-approver;approval-date;approved-scope;version-or-sha256-binding;execution-build;execution-environment;executor;execution-time;actual-result;pass-fail;attachment-sha256"
"R06-A0082"	"R06"	"R06-22"	"requirement-documents/05-test-cases/02-slot-and-hardware/tc-063-mapping-required-point-missing-reject.md"	"2878a731d09abb95a9ff6a90e8ad6af0aa9520be0913ffe4cb251ff8e06a0da2"	"line 17"	"TC-063 必填点位缺失，拒绝保存 > Preconditions 前置条件"	"操作人员提交的配置中，开锁 DO 点位或锁状态 DI 点位未填写。"	"操作人员提交的配置中，开锁 DO 点位或锁状态 DI 点位未填写。"	"84d726687440fc107a23493f8f240fba6d60f8b22fa68bdea3db5868272e19f5"	"safety-hardware-acceptance-candidate"	"unapproved-unexecuted-internal-derived-acceptance-draft"	"8005-slot-hardware-IO-safety-and-operability"	"needs-safety-hardware-authority-and-explicit-approval"	"document-route:R06-A; scenario:TC-063; scenario-role:precondition; upstream-fr:FR-021; upstream-uc:UC-039; formation-history:H3:ecd0fd8; FR-021 AC-3 / UC-039"	"none-found-within-r06-pass"	"not-approved"	"hardware-and-IO-version-binding;safety-or-hardware-owner;risk-review-evidence;authoritative-upstream-version;named-approver;approval-date;approved-scope;version-or-sha256-binding;execution-build;execution-environment;executor;execution-time;actual-result;pass-fail;attachment-sha256"
"R06-A0083"	"R06"	"R06-22"	"requirement-documents/05-test-cases/02-slot-and-hardware/tc-063-mapping-required-point-missing-reject.md"	"2878a731d09abb95a9ff6a90e8ad6af0aa9520be0913ffe4cb251ff8e06a0da2"	"line 21"	"TC-063 必填点位缺失，拒绝保存 > Test Steps 测试步骤"	"系统执行保存前校验。"	"系统执行保存前校验。"	"e479eaca3d72d41d29c14f7d35aafa509308789157f2d3ae2ee51861557c58f2"	"business-acceptance-action-candidate"	"unapproved-unexecuted-internal-derived-acceptance-draft"	"8005-slot-management-and-hardware-acceptance"	"needs-upstream-source-and-explicit-approval"	"document-route:R06-A; scenario:TC-063; scenario-role:action; upstream-fr:FR-021; upstream-uc:UC-039; formation-history:H3:ecd0fd8; FR-021 AC-3 / UC-039; exact-duplicate-of:R06-A0079"	"none-found-within-r06-pass"	"not-approved"	"authoritative-upstream-version;named-approver;approval-date;approved-scope;version-or-sha256-binding;execution-build;execution-environment;executor;execution-time;actual-result;pass-fail;attachment-sha256"
"R06-A0084"	"R06"	"R06-22"	"requirement-documents/05-test-cases/02-slot-and-hardware/tc-063-mapping-required-point-missing-reject.md"	"2878a731d09abb95a9ff6a90e8ad6af0aa9520be0913ffe4cb251ff8e06a0da2"	"line 25"	"TC-063 必填点位缺失，拒绝保存 > Expected Result 预期结果"	"系统拒绝保存，提示缺失的具体点位类型。"	"系统拒绝保存，提示缺失的具体点位类型。"	"e08b2cb6250f0d0f54eddaf903f03deb7ad3e0d567e98f0451aa8990882c7092"	"safety-hardware-acceptance-candidate"	"unapproved-unexecuted-internal-derived-acceptance-draft"	"8005-slot-hardware-IO-safety-and-operability"	"needs-safety-hardware-authority-and-explicit-approval"	"document-route:R06-A; scenario:TC-063; scenario-role:outcome; upstream-fr:FR-021; upstream-uc:UC-039; formation-history:H3:ecd0fd8; FR-021 AC-3 / UC-039"	"none-found-within-r06-pass"	"not-approved"	"hardware-and-IO-version-binding;safety-or-hardware-owner;risk-review-evidence;authoritative-upstream-version;named-approver;approval-date;approved-scope;version-or-sha256-binding;execution-build;execution-environment;executor;execution-time;actual-result;pass-fail;attachment-sha256"
"R06-A0085"	"R06"	"R06-22"	"requirement-documents/05-test-cases/02-slot-and-hardware/tc-063-mapping-required-point-missing-reject.md"	"2878a731d09abb95a9ff6a90e8ad6af0aa9520be0913ffe4cb251ff8e06a0da2"	"line 29"	"TC-063 必填点位缺失，拒绝保存 > Verifies 验证对象"	"[[fr-021-slot-to-io-point-mapping-create-modify-validation|FR-021]] AC-3"	"[[fr-021-slot-to-io-point-mapping-create-modify-validation|FR-021]] AC-3"	"7971faef8aa5a78d02e4316a621f2cf587ab62ec590c1d3ced4fb965c5f59e40"	"verification-traceability-evidence"	"unapproved-unexecuted-internal-derived-acceptance-draft"	"8005-slot-management-and-hardware-acceptance"	"evidence-only"	"document-route:R06-A; scenario:TC-063; scenario-role:verification; upstream-fr:FR-021; upstream-uc:UC-039; formation-history:H3:ecd0fd8; FR-021 AC-3 / UC-039"	"EX-R06-001"	"not-approved"	"authoritative-upstream-version;named-approver;approval-date;approved-scope;version-or-sha256-binding;execution-build;execution-environment;executor;execution-time;actual-result;pass-fail;attachment-sha256"
"R06-A0086"	"R06"	"R06-23"	"requirement-documents/05-test-cases/03-agv-fleet-management/tc-064-draft-validation-pass-and-publishable.md"	"21f0ffae2eb8fc9270c7141f9c38a9b12510394d16d2b2791ec5d793d788506a"	"line 17"	"TC-064 格式校验与规格均通过，保存为可发布的 Draft > Preconditions 前置条件"	"操作人员已为某型号的 `Draft` 版本配置面列表及仓位定义（编号、所属面、起始行/列、跨行数/跨列数、规格）。"	"操作人员已为某型号的 `Draft` 版本配置面列表及仓位定义（编号、所属面、起始行/列、跨行数/跨列数、规格）。"	"64d56df67ae276ce1b47d40f4146c4601f77396e20f4d2bf8605beba431d9af2"	"operator-HMI-acceptance-candidate"	"unapproved-unexecuted-internal-derived-acceptance-draft"	"8005-slot-and-fleet-operator-HMI"	"needs-operator-product-owner-and-explicit-approval"	"document-route:R06-A; scenario:TC-064; scenario-role:precondition; upstream-fr:FR-022; upstream-uc:UC-038; formation-history:H3:ecd0fd8; FR-022 AC-1 / UC-038"	"none-found-within-r06-pass"	"not-approved"	"operator-or-product-owner;project-station-or-configuration-scope;authoritative-upstream-version;named-approver;approval-date;approved-scope;version-or-sha256-binding;execution-build;execution-environment;executor;execution-time;actual-result;pass-fail;attachment-sha256"
"R06-A0087"	"R06"	"R06-23"	"requirement-documents/05-test-cases/03-agv-fleet-management/tc-064-draft-validation-pass-and-publishable.md"	"21f0ffae2eb8fc9270c7141f9c38a9b12510394d16d2b2791ec5d793d788506a"	"line 21"	"TC-064 格式校验与规格均通过，保存为可发布的 Draft > Test Steps 测试步骤"	"系统校验面标识与仓位编号均唯一、行列与跨格均为正整数且矩形不越界、同一面内仓位矩形互不重叠，且每个仓位的规格字段均已填写完整。"	"系统校验面标识与仓位编号均唯一、行列与跨格均为正整数且矩形不越界、同一面内仓位矩形互不重叠，且每个仓位的规格字段均已填写完整。"	"658aa6b6ce8f729eebdfab251476f89d949548f849c30d2afc421ce241b6f713"	"fleet-configuration-lifecycle-action-candidate"	"unapproved-unexecuted-internal-derived-acceptance-draft"	"8005-AGV-fleet-and-local-configuration"	"needs-fleet-configuration-owner-and-explicit-approval"	"document-route:R06-A; scenario:TC-064; scenario-role:action; upstream-fr:FR-022; upstream-uc:UC-038; formation-history:H3:ecd0fd8; FR-022 AC-1 / UC-038"	"none-found-within-r06-pass"	"not-approved"	"fleet-configuration-owner;model-or-vehicle-configuration-version;authoritative-upstream-version;named-approver;approval-date;approved-scope;version-or-sha256-binding;execution-build;execution-environment;executor;execution-time;actual-result;pass-fail;attachment-sha256"
"R06-A0088"	"R06"	"R06-23"	"requirement-documents/05-test-cases/03-agv-fleet-management/tc-064-draft-validation-pass-and-publishable.md"	"21f0ffae2eb8fc9270c7141f9c38a9b12510394d16d2b2791ec5d793d788506a"	"line 25"	"TC-064 格式校验与规格均通过，保存为可发布的 Draft > Expected Result 预期结果"	"系统保存为 `Draft`，且该版本满足后续发布所需的字段完整性条件。"	"系统保存为 `Draft`，且该版本满足后续发布所需的字段完整性条件。"	"edcf96a249942b46040aff9eb8c885fa416809be11c1cb19cc6d15c3053b804f"	"fleet-configuration-lifecycle-outcome-candidate"	"unapproved-unexecuted-internal-derived-acceptance-draft"	"8005-AGV-fleet-and-local-configuration"	"needs-fleet-configuration-owner-and-explicit-approval"	"document-route:R06-A; scenario:TC-064; scenario-role:outcome; upstream-fr:FR-022; upstream-uc:UC-038; formation-history:H3:ecd0fd8; FR-022 AC-1 / UC-038"	"none-found-within-r06-pass"	"not-approved"	"fleet-configuration-owner;model-or-vehicle-configuration-version;authoritative-upstream-version;named-approver;approval-date;approved-scope;version-or-sha256-binding;execution-build;execution-environment;executor;execution-time;actual-result;pass-fail;attachment-sha256"
"R06-A0089"	"R06"	"R06-23"	"requirement-documents/05-test-cases/03-agv-fleet-management/tc-064-draft-validation-pass-and-publishable.md"	"21f0ffae2eb8fc9270c7141f9c38a9b12510394d16d2b2791ec5d793d788506a"	"line 29"	"TC-064 格式校验与规格均通过，保存为可发布的 Draft > Verifies 验证对象"	"[[fr-022-slot-model-draft-field-and-layout-validation|FR-022]] AC-1"	"[[fr-022-slot-model-draft-field-and-layout-validation|FR-022]] AC-1"	"cdfab30ee64bef26ab9e5a657ac2f2bb5d14cf3034c3856402bfe6a9b7c8fdcf"	"verification-traceability-evidence"	"unapproved-unexecuted-internal-derived-acceptance-draft"	"8005-AGV-fleet-and-local-configuration"	"evidence-only"	"document-route:R06-A; scenario:TC-064; scenario-role:verification; upstream-fr:FR-022; upstream-uc:UC-038; formation-history:H3:ecd0fd8; FR-022 AC-1 / UC-038"	"EX-R06-001"	"not-approved"	"authoritative-upstream-version;named-approver;approval-date;approved-scope;version-or-sha256-binding;execution-build;execution-environment;executor;execution-time;actual-result;pass-fail;attachment-sha256"
"R06-A0090"	"R06"	"R06-24"	"requirement-documents/05-test-cases/03-agv-fleet-management/tc-065-draft-duplicate-face-or-slot-id-reject.md"	"10ca1554ce4ae36707abb1e41ee77d0deb2762c55d0c2bf2a98045afdbaaf8eb"	"line 17"	"TC-065 面标识或仓位编号重复，拒绝保存 > Preconditions 前置条件"	"操作人员提交的草稿中，存在重复的面标识或仓位编号。"	"操作人员提交的草稿中，存在重复的面标识或仓位编号。"	"6c939a57ede00730ba79343da26e25d22f5458eeff0790e94fa8bf9bb8a1348f"	"fleet-configuration-lifecycle-precondition-candidate"	"unapproved-unexecuted-internal-derived-acceptance-draft"	"8005-AGV-fleet-and-local-configuration"	"needs-fleet-configuration-owner-and-explicit-approval"	"document-route:R06-A; scenario:TC-065; scenario-role:precondition; upstream-fr:FR-022; upstream-uc:UC-038; formation-history:H3:ecd0fd8; FR-022 AC-2 / UC-038"	"none-found-within-r06-pass"	"not-approved"	"fleet-configuration-owner;model-or-vehicle-configuration-version;authoritative-upstream-version;named-approver;approval-date;approved-scope;version-or-sha256-binding;execution-build;execution-environment;executor;execution-time;actual-result;pass-fail;attachment-sha256"
"R06-A0091"	"R06"	"R06-24"	"requirement-documents/05-test-cases/03-agv-fleet-management/tc-065-draft-duplicate-face-or-slot-id-reject.md"	"10ca1554ce4ae36707abb1e41ee77d0deb2762c55d0c2bf2a98045afdbaaf8eb"	"line 21"	"TC-065 面标识或仓位编号重复，拒绝保存 > Test Steps 测试步骤"	"系统执行保存前校验。"	"系统执行保存前校验。"	"e479eaca3d72d41d29c14f7d35aafa509308789157f2d3ae2ee51861557c58f2"	"fleet-configuration-lifecycle-action-candidate"	"unapproved-unexecuted-internal-derived-acceptance-draft"	"8005-AGV-fleet-and-local-configuration"	"needs-fleet-configuration-owner-and-explicit-approval"	"document-route:R06-A; scenario:TC-065; scenario-role:action; upstream-fr:FR-022; upstream-uc:UC-038; formation-history:H3:ecd0fd8; FR-022 AC-2 / UC-038; exact-duplicate-of:R06-A0079"	"none-found-within-r06-pass"	"not-approved"	"fleet-configuration-owner;model-or-vehicle-configuration-version;authoritative-upstream-version;named-approver;approval-date;approved-scope;version-or-sha256-binding;execution-build;execution-environment;executor;execution-time;actual-result;pass-fail;attachment-sha256"
"R06-A0092"	"R06"	"R06-24"	"requirement-documents/05-test-cases/03-agv-fleet-management/tc-065-draft-duplicate-face-or-slot-id-reject.md"	"10ca1554ce4ae36707abb1e41ee77d0deb2762c55d0c2bf2a98045afdbaaf8eb"	"line 25"	"TC-065 面标识或仓位编号重复，拒绝保存 > Expected Result 预期结果"	"系统拒绝保存，提示冲突的具体标识。"	"系统拒绝保存，提示冲突的具体标识。"	"b71d90b5348c5fb29efcfdf8977b2911f2033fec36958a7774080233b4f51b27"	"operator-HMI-acceptance-candidate"	"unapproved-unexecuted-internal-derived-acceptance-draft"	"8005-slot-and-fleet-operator-HMI"	"needs-operator-product-owner-and-explicit-approval"	"document-route:R06-A; scenario:TC-065; scenario-role:outcome; upstream-fr:FR-022; upstream-uc:UC-038; formation-history:H3:ecd0fd8; FR-022 AC-2 / UC-038"	"none-found-within-r06-pass"	"not-approved"	"operator-or-product-owner;project-station-or-configuration-scope;authoritative-upstream-version;named-approver;approval-date;approved-scope;version-or-sha256-binding;execution-build;execution-environment;executor;execution-time;actual-result;pass-fail;attachment-sha256"
"R06-A0093"	"R06"	"R06-24"	"requirement-documents/05-test-cases/03-agv-fleet-management/tc-065-draft-duplicate-face-or-slot-id-reject.md"	"10ca1554ce4ae36707abb1e41ee77d0deb2762c55d0c2bf2a98045afdbaaf8eb"	"line 29"	"TC-065 面标识或仓位编号重复，拒绝保存 > Verifies 验证对象"	"[[fr-022-slot-model-draft-field-and-layout-validation|FR-022]] AC-2"	"[[fr-022-slot-model-draft-field-and-layout-validation|FR-022]] AC-2"	"3696f79abd2b42837ffa76f0de42b290ba5bada560f11b4d343878243c2500be"	"verification-traceability-evidence"	"unapproved-unexecuted-internal-derived-acceptance-draft"	"8005-AGV-fleet-and-local-configuration"	"evidence-only"	"document-route:R06-A; scenario:TC-065; scenario-role:verification; upstream-fr:FR-022; upstream-uc:UC-038; formation-history:H3:ecd0fd8; FR-022 AC-2 / UC-038"	"EX-R06-001"	"not-approved"	"authoritative-upstream-version;named-approver;approval-date;approved-scope;version-or-sha256-binding;execution-build;execution-environment;executor;execution-time;actual-result;pass-fail;attachment-sha256"
"R06-A0094"	"R06"	"R06-25"	"requirement-documents/05-test-cases/03-agv-fleet-management/tc-066-draft-out-of-bounds-reject.md"	"365075780ba09f1cb79d04897200a5bfea97cf5f618f74f98139950a61573669"	"line 17"	"TC-066 行/列/跨格非正整数或矩形越界，拒绝保存 > Preconditions 前置条件"	"操作人员提交的草稿中，某仓位的起始行、起始列、跨行数或跨列数为零、负数，或超出所属面的行数/列数范围。"	"操作人员提交的草稿中，某仓位的起始行、起始列、跨行数或跨列数为零、负数，或超出所属面的行数/列数范围。"	"3c64f19dc836cbfe243eb4ee9a4b626cd7b2815fcedc2f64dc11fd938aae37ad"	"fleet-configuration-lifecycle-precondition-candidate"	"unapproved-unexecuted-internal-derived-acceptance-draft"	"8005-AGV-fleet-and-local-configuration"	"needs-fleet-configuration-owner-and-explicit-approval"	"document-route:R06-A; scenario:TC-066; scenario-role:precondition; upstream-fr:FR-022; upstream-uc:UC-038; formation-history:H3:ecd0fd8; FR-022 AC-3 / UC-038"	"none-found-within-r06-pass"	"not-approved"	"fleet-configuration-owner;model-or-vehicle-configuration-version;authoritative-upstream-version;named-approver;approval-date;approved-scope;version-or-sha256-binding;execution-build;execution-environment;executor;execution-time;actual-result;pass-fail;attachment-sha256"
"R06-A0095"	"R06"	"R06-25"	"requirement-documents/05-test-cases/03-agv-fleet-management/tc-066-draft-out-of-bounds-reject.md"	"365075780ba09f1cb79d04897200a5bfea97cf5f618f74f98139950a61573669"	"line 21"	"TC-066 行/列/跨格非正整数或矩形越界，拒绝保存 > Test Steps 测试步骤"	"系统执行保存前校验。"	"系统执行保存前校验。"	"e479eaca3d72d41d29c14f7d35aafa509308789157f2d3ae2ee51861557c58f2"	"fleet-configuration-lifecycle-action-candidate"	"unapproved-unexecuted-internal-derived-acceptance-draft"	"8005-AGV-fleet-and-local-configuration"	"needs-fleet-configuration-owner-and-explicit-approval"	"document-route:R06-A; scenario:TC-066; scenario-role:action; upstream-fr:FR-022; upstream-uc:UC-038; formation-history:H3:ecd0fd8; FR-022 AC-3 / UC-038; exact-duplicate-of:R06-A0079"	"none-found-within-r06-pass"	"not-approved"	"fleet-configuration-owner;model-or-vehicle-configuration-version;authoritative-upstream-version;named-approver;approval-date;approved-scope;version-or-sha256-binding;execution-build;execution-environment;executor;execution-time;actual-result;pass-fail;attachment-sha256"
"R06-A0096"	"R06"	"R06-25"	"requirement-documents/05-test-cases/03-agv-fleet-management/tc-066-draft-out-of-bounds-reject.md"	"365075780ba09f1cb79d04897200a5bfea97cf5f618f74f98139950a61573669"	"line 25"	"TC-066 行/列/跨格非正整数或矩形越界，拒绝保存 > Expected Result 预期结果"	"系统拒绝保存，提示具体仓位及越界原因。"	"系统拒绝保存，提示具体仓位及越界原因。"	"5ea9cb4c74194bbd56a269ce29efeb172f10a634784033c474b1165fe24edf6d"	"operator-HMI-acceptance-candidate"	"unapproved-unexecuted-internal-derived-acceptance-draft"	"8005-slot-and-fleet-operator-HMI"	"needs-operator-product-owner-and-explicit-approval"	"document-route:R06-A; scenario:TC-066; scenario-role:outcome; upstream-fr:FR-022; upstream-uc:UC-038; formation-history:H3:ecd0fd8; FR-022 AC-3 / UC-038"	"none-found-within-r06-pass"	"not-approved"	"operator-or-product-owner;project-station-or-configuration-scope;authoritative-upstream-version;named-approver;approval-date;approved-scope;version-or-sha256-binding;execution-build;execution-environment;executor;execution-time;actual-result;pass-fail;attachment-sha256"
"R06-A0097"	"R06"	"R06-25"	"requirement-documents/05-test-cases/03-agv-fleet-management/tc-066-draft-out-of-bounds-reject.md"	"365075780ba09f1cb79d04897200a5bfea97cf5f618f74f98139950a61573669"	"line 29"	"TC-066 行/列/跨格非正整数或矩形越界，拒绝保存 > Verifies 验证对象"	"[[fr-022-slot-model-draft-field-and-layout-validation|FR-022]] AC-3"	"[[fr-022-slot-model-draft-field-and-layout-validation|FR-022]] AC-3"	"95cedbd3307d48881b3852d8a6efeeab0251d5e42f95f14506c4057b117c2655"	"verification-traceability-evidence"	"unapproved-unexecuted-internal-derived-acceptance-draft"	"8005-AGV-fleet-and-local-configuration"	"evidence-only"	"document-route:R06-A; scenario:TC-066; scenario-role:verification; upstream-fr:FR-022; upstream-uc:UC-038; formation-history:H3:ecd0fd8; FR-022 AC-3 / UC-038"	"EX-R06-001"	"not-approved"	"authoritative-upstream-version;named-approver;approval-date;approved-scope;version-or-sha256-binding;execution-build;execution-environment;executor;execution-time;actual-result;pass-fail;attachment-sha256"
"R06-A0098"	"R06"	"R06-26"	"requirement-documents/05-test-cases/03-agv-fleet-management/tc-067-draft-overlap-reject.md"	"10ce26b97714ec2b0bb96390f7c2eb80cb9f5b59e02bd23baf901e6eb2b87577"	"line 17"	"TC-067 同一面内仓位矩形重叠，拒绝保存 > Preconditions 前置条件"	"操作人员提交的草稿中，同一面内两个仓位的占用矩形存在共享的基础格。"	"操作人员提交的草稿中，同一面内两个仓位的占用矩形存在共享的基础格。"	"d6f5fe9fe23659d719332db37215b8e1c7753d492a0cee04d5e8ad87a408c2e5"	"fleet-configuration-lifecycle-precondition-candidate"	"unapproved-unexecuted-internal-derived-acceptance-draft"	"8005-AGV-fleet-and-local-configuration"	"needs-fleet-configuration-owner-and-explicit-approval"	"document-route:R06-A; scenario:TC-067; scenario-role:precondition; upstream-fr:FR-022; upstream-uc:UC-038; formation-history:H3:ecd0fd8; FR-022 AC-4 / UC-038"	"none-found-within-r06-pass"	"not-approved"	"fleet-configuration-owner;model-or-vehicle-configuration-version;authoritative-upstream-version;named-approver;approval-date;approved-scope;version-or-sha256-binding;execution-build;execution-environment;executor;execution-time;actual-result;pass-fail;attachment-sha256"
"R06-A0099"	"R06"	"R06-26"	"requirement-documents/05-test-cases/03-agv-fleet-management/tc-067-draft-overlap-reject.md"	"10ce26b97714ec2b0bb96390f7c2eb80cb9f5b59e02bd23baf901e6eb2b87577"	"line 21"	"TC-067 同一面内仓位矩形重叠，拒绝保存 > Test Steps 测试步骤"	"系统执行保存前校验。"	"系统执行保存前校验。"	"e479eaca3d72d41d29c14f7d35aafa509308789157f2d3ae2ee51861557c58f2"	"fleet-configuration-lifecycle-action-candidate"	"unapproved-unexecuted-internal-derived-acceptance-draft"	"8005-AGV-fleet-and-local-configuration"	"needs-fleet-configuration-owner-and-explicit-approval"	"document-route:R06-A; scenario:TC-067; scenario-role:action; upstream-fr:FR-022; upstream-uc:UC-038; formation-history:H3:ecd0fd8; FR-022 AC-4 / UC-038; exact-duplicate-of:R06-A0079"	"none-found-within-r06-pass"	"not-approved"	"fleet-configuration-owner;model-or-vehicle-configuration-version;authoritative-upstream-version;named-approver;approval-date;approved-scope;version-or-sha256-binding;execution-build;execution-environment;executor;execution-time;actual-result;pass-fail;attachment-sha256"
"R06-A0100"	"R06"	"R06-26"	"requirement-documents/05-test-cases/03-agv-fleet-management/tc-067-draft-overlap-reject.md"	"10ce26b97714ec2b0bb96390f7c2eb80cb9f5b59e02bd23baf901e6eb2b87577"	"line 25"	"TC-067 同一面内仓位矩形重叠，拒绝保存 > Expected Result 预期结果"	"系统拒绝保存，提示冲突的仓位编号及重叠位置。"	"系统拒绝保存，提示冲突的仓位编号及重叠位置。"	"d34fa8c460102142d9dccc44371596bd7dd0a4d3808c21a3789bc5acfe95b315"	"operator-HMI-acceptance-candidate"	"unapproved-unexecuted-internal-derived-acceptance-draft"	"8005-slot-and-fleet-operator-HMI"	"needs-operator-product-owner-and-explicit-approval"	"document-route:R06-A; scenario:TC-067; scenario-role:outcome; upstream-fr:FR-022; upstream-uc:UC-038; formation-history:H3:ecd0fd8; FR-022 AC-4 / UC-038"	"none-found-within-r06-pass"	"not-approved"	"operator-or-product-owner;project-station-or-configuration-scope;authoritative-upstream-version;named-approver;approval-date;approved-scope;version-or-sha256-binding;execution-build;execution-environment;executor;execution-time;actual-result;pass-fail;attachment-sha256"
"R06-A0101"	"R06"	"R06-26"	"requirement-documents/05-test-cases/03-agv-fleet-management/tc-067-draft-overlap-reject.md"	"10ce26b97714ec2b0bb96390f7c2eb80cb9f5b59e02bd23baf901e6eb2b87577"	"line 29"	"TC-067 同一面内仓位矩形重叠，拒绝保存 > Verifies 验证对象"	"[[fr-022-slot-model-draft-field-and-layout-validation|FR-022]] AC-4"	"[[fr-022-slot-model-draft-field-and-layout-validation|FR-022]] AC-4"	"7700cee8eb0324288cf7ea5d5b04ce7f22dbf426c147fa29baf50d5a10a08a3e"	"verification-traceability-evidence"	"unapproved-unexecuted-internal-derived-acceptance-draft"	"8005-AGV-fleet-and-local-configuration"	"evidence-only"	"document-route:R06-A; scenario:TC-067; scenario-role:verification; upstream-fr:FR-022; upstream-uc:UC-038; formation-history:H3:ecd0fd8; FR-022 AC-4 / UC-038"	"EX-R06-001"	"not-approved"	"authoritative-upstream-version;named-approver;approval-date;approved-scope;version-or-sha256-binding;execution-build;execution-environment;executor;execution-time;actual-result;pass-fail;attachment-sha256"
"R06-A0102"	"R06"	"R06-27"	"requirement-documents/05-test-cases/03-agv-fleet-management/tc-068-draft-incomplete-spec-save-not-publishable.md"	"0b5cebcb12520e8d84a28bff55460ce8422384bf1874c27f50dab4082f2092f8"	"line 17"	"TC-068 规格缺失或不合法，允许暂存草稿但标记未达发布条件 > Preconditions 前置条件"	"操作人员提交的草稿已通过唯一性、越界、重叠三类格式校验，但某仓位的尺寸或最大载重未填写，或数值不合法（如负数）。"	"操作人员提交的草稿已通过唯一性、越界、重叠三类格式校验，但某仓位的尺寸或最大载重未填写，或数值不合法（如负数）。"	"a47af7e363e051314b7ed7468ca2a0ed3918ef39d31085daf8f92e8ad104f918"	"fleet-configuration-lifecycle-precondition-candidate"	"unapproved-unexecuted-internal-derived-acceptance-draft"	"8005-AGV-fleet-and-local-configuration"	"needs-fleet-configuration-owner-and-explicit-approval"	"document-route:R06-A; scenario:TC-068; scenario-role:precondition; upstream-fr:FR-022; upstream-uc:UC-038; formation-history:H3:ecd0fd8; FR-022 AC-5 / UC-038"	"none-found-within-r06-pass"	"not-approved"	"fleet-configuration-owner;model-or-vehicle-configuration-version;authoritative-upstream-version;named-approver;approval-date;approved-scope;version-or-sha256-binding;execution-build;execution-environment;executor;execution-time;actual-result;pass-fail;attachment-sha256"
"R06-A0103"	"R06"	"R06-27"	"requirement-documents/05-test-cases/03-agv-fleet-management/tc-068-draft-incomplete-spec-save-not-publishable.md"	"0b5cebcb12520e8d84a28bff55460ce8422384bf1874c27f50dab4082f2092f8"	"line 21"	"TC-068 规格缺失或不合法，允许暂存草稿但标记未达发布条件 > Test Steps 测试步骤"	"系统执行保存前校验。"	"系统执行保存前校验。"	"e479eaca3d72d41d29c14f7d35aafa509308789157f2d3ae2ee51861557c58f2"	"fleet-configuration-lifecycle-action-candidate"	"unapproved-unexecuted-internal-derived-acceptance-draft"	"8005-AGV-fleet-and-local-configuration"	"needs-fleet-configuration-owner-and-explicit-approval"	"document-route:R06-A; scenario:TC-068; scenario-role:action; upstream-fr:FR-022; upstream-uc:UC-038; formation-history:H3:ecd0fd8; FR-022 AC-5 / UC-038; exact-duplicate-of:R06-A0079"	"none-found-within-r06-pass"	"not-approved"	"fleet-configuration-owner;model-or-vehicle-configuration-version;authoritative-upstream-version;named-approver;approval-date;approved-scope;version-or-sha256-binding;execution-build;execution-environment;executor;execution-time;actual-result;pass-fail;attachment-sha256"
"R06-A0104"	"R06"	"R06-27"	"requirement-documents/05-test-cases/03-agv-fleet-management/tc-068-draft-incomplete-spec-save-not-publishable.md"	"0b5cebcb12520e8d84a28bff55460ce8422384bf1874c27f50dab4082f2092f8"	"line 25"	"TC-068 规格缺失或不合法，允许暂存草稿但标记未达发布条件 > Expected Result 预期结果"	"系统仍保存为 `Draft`，同时展示尚未满足的发布条件，不允许该草稿被直接发布。"	"系统仍保存为 `Draft`，同时展示尚未满足的发布条件，不允许该草稿被直接发布。"	"8afb77c22e1aed87c4f3f5421a693920a36658ef608623352415ab5398a24706"	"operator-HMI-acceptance-candidate"	"unapproved-unexecuted-internal-derived-acceptance-draft"	"8005-slot-and-fleet-operator-HMI"	"needs-operator-product-owner-and-explicit-approval"	"document-route:R06-A; scenario:TC-068; scenario-role:outcome; upstream-fr:FR-022; upstream-uc:UC-038; formation-history:H3:ecd0fd8; FR-022 AC-5 / UC-038"	"none-found-within-r06-pass"	"not-approved"	"operator-or-product-owner;project-station-or-configuration-scope;authoritative-upstream-version;named-approver;approval-date;approved-scope;version-or-sha256-binding;execution-build;execution-environment;executor;execution-time;actual-result;pass-fail;attachment-sha256"
"R06-A0105"	"R06"	"R06-27"	"requirement-documents/05-test-cases/03-agv-fleet-management/tc-068-draft-incomplete-spec-save-not-publishable.md"	"0b5cebcb12520e8d84a28bff55460ce8422384bf1874c27f50dab4082f2092f8"	"line 29"	"TC-068 规格缺失或不合法，允许暂存草稿但标记未达发布条件 > Verifies 验证对象"	"[[fr-022-slot-model-draft-field-and-layout-validation|FR-022]] AC-5"	"[[fr-022-slot-model-draft-field-and-layout-validation|FR-022]] AC-5"	"9fd6c8840e176f89cb1fee538062df41b566e8bd49384ee1226e629a29df88a6"	"verification-traceability-evidence"	"unapproved-unexecuted-internal-derived-acceptance-draft"	"8005-AGV-fleet-and-local-configuration"	"evidence-only"	"document-route:R06-A; scenario:TC-068; scenario-role:verification; upstream-fr:FR-022; upstream-uc:UC-038; formation-history:H3:ecd0fd8; FR-022 AC-5 / UC-038"	"EX-R06-001"	"not-approved"	"authoritative-upstream-version;named-approver;approval-date;approved-scope;version-or-sha256-binding;execution-build;execution-environment;executor;execution-time;actual-result;pass-fail;attachment-sha256"
"R06-A0106"	"R06"	"R06-28"	"requirement-documents/05-test-cases/03-agv-fleet-management/tc-069-publish-success-immutable-version.md"	"b2f942b4a4a1fb087aad038f34d53ca29b68c5ba65216a552df2493ca3c21cd2"	"line 17"	"TC-069 规格完整、认证通过，原子生成不可变新版本 > Preconditions 前置条件"	"目标 `Draft` 已通过格式校验且仓位规格填写完整，操作人员已填写发布原因并查看与上一 `Published` 版本的差异。"	"目标 `Draft` 已通过格式校验且仓位规格填写完整，操作人员已填写发布原因并查看与上一 `Published` 版本的差异。"	"40a63f7196bf7af448ced4d321bb72b3096b2c0172fd07bb7681584915e1bb04"	"operator-HMI-acceptance-candidate"	"unapproved-unexecuted-internal-derived-acceptance-draft"	"8005-slot-and-fleet-operator-HMI"	"needs-operator-product-owner-and-explicit-approval"	"document-route:R06-A; scenario:TC-069; scenario-role:precondition; upstream-fr:FR-023; upstream-uc:UC-038; formation-history:H3:ecd0fd8; FR-023 AC-1 / UC-038"	"none-found-within-r06-pass"	"not-approved"	"operator-or-product-owner;project-station-or-configuration-scope;authoritative-upstream-version;named-approver;approval-date;approved-scope;version-or-sha256-binding;execution-build;execution-environment;executor;execution-time;actual-result;pass-fail;attachment-sha256"
"R06-A0107"	"R06"	"R06-28"	"requirement-documents/05-test-cases/03-agv-fleet-management/tc-069-publish-success-immutable-version.md"	"b2f942b4a4a1fb087aad038f34d53ca29b68c5ba65216a552df2493ca3c21cd2"	"line 21"	"TC-069 规格完整、认证通过，原子生成不可变新版本 > Test Steps 测试步骤"	"操作人员再次刷卡或认证成功。"	"操作人员再次刷卡或认证成功。"	"59e5160780db1c4ad536e44593f877ee3eb27f26d29fcaf894be327cd2991d4d"	"fleet-configuration-lifecycle-action-candidate"	"unapproved-unexecuted-internal-derived-acceptance-draft"	"8005-AGV-fleet-and-local-configuration"	"needs-fleet-configuration-owner-and-explicit-approval"	"document-route:R06-A; scenario:TC-069; scenario-role:action; upstream-fr:FR-023; upstream-uc:UC-038; formation-history:H3:ecd0fd8; FR-023 AC-1 / UC-038"	"none-found-within-r06-pass"	"not-approved"	"fleet-configuration-owner;model-or-vehicle-configuration-version;authoritative-upstream-version;named-approver;approval-date;approved-scope;version-or-sha256-binding;execution-build;execution-environment;executor;execution-time;actual-result;pass-fail;attachment-sha256"
"R06-A0108"	"R06"	"R06-28"	"requirement-documents/05-test-cases/03-agv-fleet-management/tc-069-publish-success-immutable-version.md"	"b2f942b4a4a1fb087aad038f34d53ca29b68c5ba65216a552df2493ca3c21cd2"	"line 25"	"TC-069 规格完整、认证通过，原子生成不可变新版本 > Expected Result 预期结果"	"系统以原子事务生成新的不可变 `Published` 版本（含 `modelId`、单调递增 `version`、全局唯一 `modelVersionId`、面与仓位定义、发布时间、发布人、内容校验值），记录审计。"	"系统以原子事务生成新的不可变 `Published` 版本（含 `modelId`、单调递增 `version`、全局唯一 `modelVersionId`、面与仓位定义、发布时间、发布人、内容校验值），记录审计。"	"ddb52fc67bbddf54b0f989733198cad295fbbdb4c2a4fd18c32baf94e29be0dd"	"internal-state-or-architecture-derivation"	"unapproved-unexecuted-internal-derived-acceptance-draft"	"8005-internal-slot-and-fleet-state-model"	"exclude-from-requirement-approval"	"document-route:R06-A; scenario:TC-069; scenario-role:outcome; upstream-fr:FR-023; upstream-uc:UC-038; formation-history:H3:ecd0fd8; FR-023 AC-1 / UC-038"	"none-found-within-r06-pass"	"not-approved"	"authoritative-requirement-source;independent-approval-unit-reframing;authoritative-upstream-version;named-approver;approval-date;approved-scope;version-or-sha256-binding;execution-build;execution-environment;executor;execution-time;actual-result;pass-fail;attachment-sha256"
"R06-A0109"	"R06"	"R06-28"	"requirement-documents/05-test-cases/03-agv-fleet-management/tc-069-publish-success-immutable-version.md"	"b2f942b4a4a1fb087aad038f34d53ca29b68c5ba65216a552df2493ca3c21cd2"	"line 29"	"TC-069 规格完整、认证通过，原子生成不可变新版本 > Verifies 验证对象"	"[[fr-023-slot-model-publish-with-dual-authentication-and-immutable-versioning|FR-023]] AC-1"	"[[fr-023-slot-model-publish-with-dual-authentication-and-immutable-versioning|FR-023]] AC-1"	"d7392f06c4a270c0746c86ea0fd6ec5d052f3d66ffc458fd38d9268d72ce7e0a"	"verification-traceability-evidence"	"unapproved-unexecuted-internal-derived-acceptance-draft"	"8005-AGV-fleet-and-local-configuration"	"evidence-only"	"document-route:R06-A; scenario:TC-069; scenario-role:verification; upstream-fr:FR-023; upstream-uc:UC-038; formation-history:H3:ecd0fd8; FR-023 AC-1 / UC-038"	"EX-R06-001"	"not-approved"	"authoritative-upstream-version;named-approver;approval-date;approved-scope;version-or-sha256-binding;execution-build;execution-environment;executor;execution-time;actual-result;pass-fail;attachment-sha256"
"R06-A0110"	"R06"	"R06-29"	"requirement-documents/05-test-cases/03-agv-fleet-management/tc-070-publish-incomplete-spec-reject.md"	"b67edd4735ef956fe0a8c3fc41d1ca594c70e1cd2c521e26ca18a9fb6afd5cd9"	"line 17"	"TC-070 仓位规格仍缺失或不合法，拒绝发布 > Preconditions 前置条件"	"目标 `Draft` 中存在仓位的尺寸或最大载重未填写，或数值不合法。"	"目标 `Draft` 中存在仓位的尺寸或最大载重未填写，或数值不合法。"	"f47f1b9cd75ee98eb3aa1de613036b005b2679598e01ec36f3598b239be5b7b2"	"fleet-configuration-lifecycle-precondition-candidate"	"unapproved-unexecuted-internal-derived-acceptance-draft"	"8005-AGV-fleet-and-local-configuration"	"needs-fleet-configuration-owner-and-explicit-approval"	"document-route:R06-A; scenario:TC-070; scenario-role:precondition; upstream-fr:FR-023; upstream-uc:UC-038; formation-history:H3:ecd0fd8; FR-023 AC-2 / UC-038"	"none-found-within-r06-pass"	"not-approved"	"fleet-configuration-owner;model-or-vehicle-configuration-version;authoritative-upstream-version;named-approver;approval-date;approved-scope;version-or-sha256-binding;execution-build;execution-environment;executor;execution-time;actual-result;pass-fail;attachment-sha256"
"R06-A0111"	"R06"	"R06-29"	"requirement-documents/05-test-cases/03-agv-fleet-management/tc-070-publish-incomplete-spec-reject.md"	"b67edd4735ef956fe0a8c3fc41d1ca594c70e1cd2c521e26ca18a9fb6afd5cd9"	"line 21"	"TC-070 仓位规格仍缺失或不合法，拒绝发布 > Test Steps 测试步骤"	"操作人员发起发布。"	"操作人员发起发布。"	"f5f3d770019b1344340389b75d62b33fa8a1bd47cb12b175805fe5397a8d32e0"	"fleet-configuration-lifecycle-action-candidate"	"unapproved-unexecuted-internal-derived-acceptance-draft"	"8005-AGV-fleet-and-local-configuration"	"needs-fleet-configuration-owner-and-explicit-approval"	"document-route:R06-A; scenario:TC-070; scenario-role:action; upstream-fr:FR-023; upstream-uc:UC-038; formation-history:H3:ecd0fd8; FR-023 AC-2 / UC-038"	"none-found-within-r06-pass"	"not-approved"	"fleet-configuration-owner;model-or-vehicle-configuration-version;authoritative-upstream-version;named-approver;approval-date;approved-scope;version-or-sha256-binding;execution-build;execution-environment;executor;execution-time;actual-result;pass-fail;attachment-sha256"
"R06-A0112"	"R06"	"R06-29"	"requirement-documents/05-test-cases/03-agv-fleet-management/tc-070-publish-incomplete-spec-reject.md"	"b67edd4735ef956fe0a8c3fc41d1ca594c70e1cd2c521e26ca18a9fb6afd5cd9"	"line 25"	"TC-070 仓位规格仍缺失或不合法，拒绝发布 > Expected Result 预期结果"	"系统拒绝发布，提示具体缺失或不合法的字段，`Draft` 状态保持不变。"	"系统拒绝发布，提示具体缺失或不合法的字段，`Draft` 状态保持不变。"	"564408fcd61b6e6252aea987b4a155bd6f757f68fad12318d8d70675da906c6f"	"operator-HMI-acceptance-candidate"	"unapproved-unexecuted-internal-derived-acceptance-draft"	"8005-slot-and-fleet-operator-HMI"	"needs-operator-product-owner-and-explicit-approval"	"document-route:R06-A; scenario:TC-070; scenario-role:outcome; upstream-fr:FR-023; upstream-uc:UC-038; formation-history:H3:ecd0fd8; FR-023 AC-2 / UC-038"	"none-found-within-r06-pass"	"not-approved"	"operator-or-product-owner;project-station-or-configuration-scope;authoritative-upstream-version;named-approver;approval-date;approved-scope;version-or-sha256-binding;execution-build;execution-environment;executor;execution-time;actual-result;pass-fail;attachment-sha256"
"R06-A0113"	"R06"	"R06-29"	"requirement-documents/05-test-cases/03-agv-fleet-management/tc-070-publish-incomplete-spec-reject.md"	"b67edd4735ef956fe0a8c3fc41d1ca594c70e1cd2c521e26ca18a9fb6afd5cd9"	"line 29"	"TC-070 仓位规格仍缺失或不合法，拒绝发布 > Verifies 验证对象"	"[[fr-023-slot-model-publish-with-dual-authentication-and-immutable-versioning|FR-023]] AC-2"	"[[fr-023-slot-model-publish-with-dual-authentication-and-immutable-versioning|FR-023]] AC-2"	"ffce52bbaa5e884b124d273b597ae74ae91910f6b31d45d2f76d4387f9e864c1"	"verification-traceability-evidence"	"unapproved-unexecuted-internal-derived-acceptance-draft"	"8005-AGV-fleet-and-local-configuration"	"evidence-only"	"document-route:R06-A; scenario:TC-070; scenario-role:verification; upstream-fr:FR-023; upstream-uc:UC-038; formation-history:H3:ecd0fd8; FR-023 AC-2 / UC-038"	"EX-R06-001"	"not-approved"	"authoritative-upstream-version;named-approver;approval-date;approved-scope;version-or-sha256-binding;execution-build;execution-environment;executor;execution-time;actual-result;pass-fail;attachment-sha256"
"R06-A0114"	"R06"	"R06-30"	"requirement-documents/05-test-cases/03-agv-fleet-management/tc-071-publish-dual-auth-fail-reject.md"	"3ba3b08a0e527b02988de62d08db5b91725173c18441814775aef2357f5ad94e"	"line 17"	"TC-071 二次认证失败，不发布 > Preconditions 前置条件"	"操作人员已提交发布请求。"	"操作人员已提交发布请求。"	"3637ff1cc8eefa67c8331604f5ae7b606815e6ab3c1fa4de19b584165d1c7e34"	"fleet-configuration-lifecycle-precondition-candidate"	"unapproved-unexecuted-internal-derived-acceptance-draft"	"8005-AGV-fleet-and-local-configuration"	"needs-fleet-configuration-owner-and-explicit-approval"	"document-route:R06-A; scenario:TC-071; scenario-role:precondition; upstream-fr:FR-023; upstream-uc:UC-038; formation-history:H3:ecd0fd8; FR-023 AC-3 / UC-038"	"none-found-within-r06-pass"	"not-approved"	"fleet-configuration-owner;model-or-vehicle-configuration-version;authoritative-upstream-version;named-approver;approval-date;approved-scope;version-or-sha256-binding;execution-build;execution-environment;executor;execution-time;actual-result;pass-fail;attachment-sha256"
"R06-A0115"	"R06"	"R06-30"	"requirement-documents/05-test-cases/03-agv-fleet-management/tc-071-publish-dual-auth-fail-reject.md"	"3ba3b08a0e527b02988de62d08db5b91725173c18441814775aef2357f5ad94e"	"line 21"	"TC-071 二次认证失败，不发布 > Test Steps 测试步骤"	"再次刷卡或认证失败、超时、身份与当前操作人不一致，或权限不足。"	"再次刷卡或认证失败、超时、身份与当前操作人不一致，或权限不足。"	"77170fc732e1660fc7ec6cf52c1349c3ffcc5d83119a95b15b4f772378f291f8"	"identity-security-acceptance-candidate"	"unapproved-unexecuted-internal-derived-acceptance-draft"	"8005-fleet-maintenance-authorization-and-accountability"	"needs-security-role-owner-and-explicit-approval"	"document-route:R06-A; scenario:TC-071; scenario-role:action; upstream-fr:FR-023; upstream-uc:UC-038; formation-history:H3:ecd0fd8; FR-023 AC-3 / UC-038"	"none-found-within-r06-pass"	"not-approved"	"role-authorization-source;security-or-business-owner;authoritative-upstream-version;named-approver;approval-date;approved-scope;version-or-sha256-binding;execution-build;execution-environment;executor;execution-time;actual-result;pass-fail;attachment-sha256"
"R06-A0116"	"R06"	"R06-30"	"requirement-documents/05-test-cases/03-agv-fleet-management/tc-071-publish-dual-auth-fail-reject.md"	"3ba3b08a0e527b02988de62d08db5b91725173c18441814775aef2357f5ad94e"	"line 25"	"TC-071 二次认证失败，不发布 > Expected Result 预期结果"	"系统不生成新版本，保留原 `Draft` 状态，记录失败审计。"	"系统不生成新版本，保留原 `Draft` 状态，记录失败审计。"	"87d5df88d61eef49aa5cd622c197e98af064b6b81607c119a2b3b9bdb93b05a0"	"fleet-configuration-lifecycle-outcome-candidate"	"unapproved-unexecuted-internal-derived-acceptance-draft"	"8005-AGV-fleet-and-local-configuration"	"needs-fleet-configuration-owner-and-explicit-approval"	"document-route:R06-A; scenario:TC-071; scenario-role:outcome; upstream-fr:FR-023; upstream-uc:UC-038; formation-history:H3:ecd0fd8; FR-023 AC-3 / UC-038"	"none-found-within-r06-pass"	"not-approved"	"fleet-configuration-owner;model-or-vehicle-configuration-version;authoritative-upstream-version;named-approver;approval-date;approved-scope;version-or-sha256-binding;execution-build;execution-environment;executor;execution-time;actual-result;pass-fail;attachment-sha256"
"R06-A0117"	"R06"	"R06-30"	"requirement-documents/05-test-cases/03-agv-fleet-management/tc-071-publish-dual-auth-fail-reject.md"	"3ba3b08a0e527b02988de62d08db5b91725173c18441814775aef2357f5ad94e"	"line 29"	"TC-071 二次认证失败，不发布 > Verifies 验证对象"	"[[fr-023-slot-model-publish-with-dual-authentication-and-immutable-versioning|FR-023]] AC-3"	"[[fr-023-slot-model-publish-with-dual-authentication-and-immutable-versioning|FR-023]] AC-3"	"230e0e0222fb4c98881848750ca868a19d10940fa4b48e1a8228cd2ecfb0a632"	"verification-traceability-evidence"	"unapproved-unexecuted-internal-derived-acceptance-draft"	"8005-AGV-fleet-and-local-configuration"	"evidence-only"	"document-route:R06-A; scenario:TC-071; scenario-role:verification; upstream-fr:FR-023; upstream-uc:UC-038; formation-history:H3:ecd0fd8; FR-023 AC-3 / UC-038"	"EX-R06-001"	"not-approved"	"authoritative-upstream-version;named-approver;approval-date;approved-scope;version-or-sha256-binding;execution-build;execution-environment;executor;execution-time;actual-result;pass-fail;attachment-sha256"
"R06-A0118"	"R06"	"R06-31"	"requirement-documents/05-test-cases/03-agv-fleet-management/tc-072-publish-transaction-fail-rollback.md"	"7115a1e3da25f22e9ecd44295a33183f730346c32cf728d5f2abe40c9bb7eba2"	"line 17"	"TC-072 发布事务失败，整体回滚 > Preconditions 前置条件"	"二次认证已通过。"	"二次认证已通过。"	"12e1746e8affa05cc6af2565ee6df065f4df792cce6ae1ea89addf887228a030"	"identity-security-acceptance-candidate"	"unapproved-unexecuted-internal-derived-acceptance-draft"	"8005-fleet-maintenance-authorization-and-accountability"	"needs-security-role-owner-and-explicit-approval"	"document-route:R06-A; scenario:TC-072; scenario-role:precondition; upstream-fr:FR-023; upstream-uc:UC-038; formation-history:H3:ecd0fd8; FR-023 AC-4 / UC-038"	"none-found-within-r06-pass"	"not-approved"	"role-authorization-source;security-or-business-owner;authoritative-upstream-version;named-approver;approval-date;approved-scope;version-or-sha256-binding;execution-build;execution-environment;executor;execution-time;actual-result;pass-fail;attachment-sha256"
"R06-A0119"	"R06"	"R06-31"	"requirement-documents/05-test-cases/03-agv-fleet-management/tc-072-publish-transaction-fail-rollback.md"	"7115a1e3da25f22e9ecd44295a33183f730346c32cf728d5f2abe40c9bb7eba2"	"line 21"	"TC-072 发布事务失败，整体回滚 > Test Steps 测试步骤"	"版本持久化、状态转换、内容校验值计算或审计写入任一环节失败。"	"版本持久化、状态转换、内容校验值计算或审计写入任一环节失败。"	"2f679368e35b7d2dbe04e36803dfc5d7266059b2b4cef55b571a3537c01da7cc"	"fleet-configuration-lifecycle-action-candidate"	"unapproved-unexecuted-internal-derived-acceptance-draft"	"8005-AGV-fleet-and-local-configuration"	"needs-fleet-configuration-owner-and-explicit-approval"	"document-route:R06-A; scenario:TC-072; scenario-role:action; upstream-fr:FR-023; upstream-uc:UC-038; formation-history:H3:ecd0fd8; FR-023 AC-4 / UC-038"	"none-found-within-r06-pass"	"not-approved"	"fleet-configuration-owner;model-or-vehicle-configuration-version;authoritative-upstream-version;named-approver;approval-date;approved-scope;version-or-sha256-binding;execution-build;execution-environment;executor;execution-time;actual-result;pass-fail;attachment-sha256"
"R06-A0120"	"R06"	"R06-31"	"requirement-documents/05-test-cases/03-agv-fleet-management/tc-072-publish-transaction-fail-rollback.md"	"7115a1e3da25f22e9ecd44295a33183f730346c32cf728d5f2abe40c9bb7eba2"	"line 25"	"TC-072 发布事务失败，整体回滚 > Expected Result 预期结果"	"系统回滚整个操作，不产生新版本或部分状态变更，并提示稍后重试。"	"系统回滚整个操作，不产生新版本或部分状态变更，并提示稍后重试。"	"c7e8ac676409f5c31589aadee1ac0f73219e9d1d7375cb86110e4556b9d92aed"	"operator-HMI-acceptance-candidate"	"unapproved-unexecuted-internal-derived-acceptance-draft"	"8005-slot-and-fleet-operator-HMI"	"needs-operator-product-owner-and-explicit-approval"	"document-route:R06-A; scenario:TC-072; scenario-role:outcome; upstream-fr:FR-023; upstream-uc:UC-038; formation-history:H3:ecd0fd8; FR-023 AC-4 / UC-038"	"none-found-within-r06-pass"	"not-approved"	"operator-or-product-owner;project-station-or-configuration-scope;authoritative-upstream-version;named-approver;approval-date;approved-scope;version-or-sha256-binding;execution-build;execution-environment;executor;execution-time;actual-result;pass-fail;attachment-sha256"
"R06-A0121"	"R06"	"R06-31"	"requirement-documents/05-test-cases/03-agv-fleet-management/tc-072-publish-transaction-fail-rollback.md"	"7115a1e3da25f22e9ecd44295a33183f730346c32cf728d5f2abe40c9bb7eba2"	"line 29"	"TC-072 发布事务失败，整体回滚 > Verifies 验证对象"	"[[fr-023-slot-model-publish-with-dual-authentication-and-immutable-versioning|FR-023]] AC-4"	"[[fr-023-slot-model-publish-with-dual-authentication-and-immutable-versioning|FR-023]] AC-4"	"ad170372d82793a87f1beb86799de2f93d0180f7c7369b5fa353c89992a1acad"	"verification-traceability-evidence"	"unapproved-unexecuted-internal-derived-acceptance-draft"	"8005-AGV-fleet-and-local-configuration"	"evidence-only"	"document-route:R06-A; scenario:TC-072; scenario-role:verification; upstream-fr:FR-023; upstream-uc:UC-038; formation-history:H3:ecd0fd8; FR-023 AC-4 / UC-038"	"EX-R06-001"	"not-approved"	"authoritative-upstream-version;named-approver;approval-date;approved-scope;version-or-sha256-binding;execution-build;execution-environment;executor;execution-time;actual-result;pass-fail;attachment-sha256"
"R06-A0122"	"R06"	"R06-32"	"requirement-documents/05-test-cases/03-agv-fleet-management/tc-073-retire-success-historical-refs-unaffected.md"	"ae658cee476c19cd2e7104cee6d00674356d6b3781763cb38aa04c24030423ab"	"line 17"	"TC-073 认证通过，原子停用且历史引用不受影响 > Preconditions 前置条件"	"操作人员已为某个 `Published` 版本填写非空停用原因，并已查看当前引用该版本的 AGV 数量及清单。"	"操作人员已为某个 `Published` 版本填写非空停用原因，并已查看当前引用该版本的 AGV 数量及清单。"	"2318c9593d9621fb141a64afc721525002ab4871fc398950c544fb209137d47f"	"fleet-configuration-lifecycle-precondition-candidate"	"unapproved-unexecuted-internal-derived-acceptance-draft"	"8005-AGV-fleet-and-local-configuration"	"needs-fleet-configuration-owner-and-explicit-approval"	"document-route:R06-A; scenario:TC-073; scenario-role:precondition; upstream-fr:FR-024; upstream-uc:UC-038; formation-history:H3:ecd0fd8; FR-024 AC-1 / UC-038"	"none-found-within-r06-pass"	"not-approved"	"fleet-configuration-owner;model-or-vehicle-configuration-version;authoritative-upstream-version;named-approver;approval-date;approved-scope;version-or-sha256-binding;execution-build;execution-environment;executor;execution-time;actual-result;pass-fail;attachment-sha256"
"R06-A0123"	"R06"	"R06-32"	"requirement-documents/05-test-cases/03-agv-fleet-management/tc-073-retire-success-historical-refs-unaffected.md"	"ae658cee476c19cd2e7104cee6d00674356d6b3781763cb38aa04c24030423ab"	"line 21"	"TC-073 认证通过，原子停用且历史引用不受影响 > Test Steps 测试步骤"	"操作人员再次刷卡或认证成功。"	"操作人员再次刷卡或认证成功。"	"59e5160780db1c4ad536e44593f877ee3eb27f26d29fcaf894be327cd2991d4d"	"fleet-configuration-lifecycle-action-candidate"	"unapproved-unexecuted-internal-derived-acceptance-draft"	"8005-AGV-fleet-and-local-configuration"	"needs-fleet-configuration-owner-and-explicit-approval"	"document-route:R06-A; scenario:TC-073; scenario-role:action; upstream-fr:FR-024; upstream-uc:UC-038; formation-history:H3:ecd0fd8; FR-024 AC-1 / UC-038; exact-duplicate-of:R06-A0107"	"none-found-within-r06-pass"	"not-approved"	"fleet-configuration-owner;model-or-vehicle-configuration-version;authoritative-upstream-version;named-approver;approval-date;approved-scope;version-or-sha256-binding;execution-build;execution-environment;executor;execution-time;actual-result;pass-fail;attachment-sha256"
"R06-A0124"	"R06"	"R06-32"	"requirement-documents/05-test-cases/03-agv-fleet-management/tc-073-retire-success-historical-refs-unaffected.md"	"ae658cee476c19cd2e7104cee6d00674356d6b3781763cb38aa04c24030423ab"	"line 25"	"TC-073 认证通过，原子停用且历史引用不受影响 > Expected Result 预期结果"	"系统原子地将该版本置为 `Retired`，记录审计；"	"系统原子地将该版本置为 `Retired`，记录审计；该版本不再允许被 UC-019 选用于新接入，已引用该版本的历史 AGV 及其仓位实例保持不变、继续有效。"	"5c079f7784223c8a24486324e2432bfe0986f2e80acee3324c2ae4bbea4f04e5"	"internal-state-or-architecture-derivation"	"unapproved-unexecuted-internal-derived-acceptance-draft"	"8005-internal-slot-and-fleet-state-model"	"exclude-from-requirement-approval"	"document-route:R06-A; scenario:TC-073; scenario-role:outcome; upstream-fr:FR-024; upstream-uc:UC-038; formation-history:H3:ecd0fd8; FR-024 AC-1 / UC-038"	"none-found-within-r06-pass"	"not-approved"	"authoritative-requirement-source;independent-approval-unit-reframing;authoritative-upstream-version;named-approver;approval-date;approved-scope;version-or-sha256-binding;execution-build;execution-environment;executor;execution-time;actual-result;pass-fail;attachment-sha256"
"R06-A0125"	"R06"	"R06-32"	"requirement-documents/05-test-cases/03-agv-fleet-management/tc-073-retire-success-historical-refs-unaffected.md"	"ae658cee476c19cd2e7104cee6d00674356d6b3781763cb38aa04c24030423ab"	"line 25"	"TC-073 认证通过，原子停用且历史引用不受影响 > Expected Result 预期结果"	"该版本不再允许被 UC-019 选用于新接入，已引用该版本的历史 AGV 及其仓位实例保持不变、继续有效。"	"系统原子地将该版本置为 `Retired`，记录审计；该版本不再允许被 UC-019 选用于新接入，已引用该版本的历史 AGV 及其仓位实例保持不变、继续有效。"	"8d88146cb86c499dee9fe63d969032fbe4671a2b0056491f736191f85b1d5f9b"	"fleet-configuration-lifecycle-outcome-candidate"	"unapproved-unexecuted-internal-derived-acceptance-draft"	"8005-AGV-fleet-and-local-configuration"	"needs-fleet-configuration-owner-and-explicit-approval"	"document-route:R06-A; scenario:TC-073; scenario-role:outcome; upstream-fr:FR-024; upstream-uc:UC-038; formation-history:H3:ecd0fd8; FR-024 AC-1 / UC-038"	"none-found-within-r06-pass"	"not-approved"	"fleet-configuration-owner;model-or-vehicle-configuration-version;authoritative-upstream-version;named-approver;approval-date;approved-scope;version-or-sha256-binding;execution-build;execution-environment;executor;execution-time;actual-result;pass-fail;attachment-sha256"
"R06-A0126"	"R06"	"R06-32"	"requirement-documents/05-test-cases/03-agv-fleet-management/tc-073-retire-success-historical-refs-unaffected.md"	"ae658cee476c19cd2e7104cee6d00674356d6b3781763cb38aa04c24030423ab"	"line 29"	"TC-073 认证通过，原子停用且历史引用不受影响 > Verifies 验证对象"	"[[fr-024-slot-model-retire-with-dual-authentication-and-historical-reference-preservation|FR-024]] AC-1"	"[[fr-024-slot-model-retire-with-dual-authentication-and-historical-reference-preservation|FR-024]] AC-1"	"a69aa77a6e3f701021bc31775d47e46a389964a4b4fd29b2f3c50b052a6454a7"	"verification-traceability-evidence"	"unapproved-unexecuted-internal-derived-acceptance-draft"	"8005-AGV-fleet-and-local-configuration"	"evidence-only"	"document-route:R06-A; scenario:TC-073; scenario-role:verification; upstream-fr:FR-024; upstream-uc:UC-038; formation-history:H3:ecd0fd8; FR-024 AC-1 / UC-038"	"EX-R06-001"	"not-approved"	"authoritative-upstream-version;named-approver;approval-date;approved-scope;version-or-sha256-binding;execution-build;execution-environment;executor;execution-time;actual-result;pass-fail;attachment-sha256"
"R06-A0127"	"R06"	"R06-33"	"requirement-documents/05-test-cases/03-agv-fleet-management/tc-074-retire-dual-auth-fail-reject.md"	"b86deaebf7190be1502170dc91af71f6759da4c921a996db2619b2ab750b9d90"	"line 17"	"TC-074 二次认证失败，不停用 > Preconditions 前置条件"	"操作人员已提交停用请求。"	"操作人员已提交停用请求。"	"65b25fd88b480b710d98a2a7223226f8ccff04dbbd48391185a84630ab0735f3"	"fleet-configuration-lifecycle-precondition-candidate"	"unapproved-unexecuted-internal-derived-acceptance-draft"	"8005-AGV-fleet-and-local-configuration"	"needs-fleet-configuration-owner-and-explicit-approval"	"document-route:R06-A; scenario:TC-074; scenario-role:precondition; upstream-fr:FR-024; upstream-uc:UC-038; formation-history:H3:ecd0fd8; FR-024 AC-2 / UC-038"	"none-found-within-r06-pass"	"not-approved"	"fleet-configuration-owner;model-or-vehicle-configuration-version;authoritative-upstream-version;named-approver;approval-date;approved-scope;version-or-sha256-binding;execution-build;execution-environment;executor;execution-time;actual-result;pass-fail;attachment-sha256"
"R06-A0128"	"R06"	"R06-33"	"requirement-documents/05-test-cases/03-agv-fleet-management/tc-074-retire-dual-auth-fail-reject.md"	"b86deaebf7190be1502170dc91af71f6759da4c921a996db2619b2ab750b9d90"	"line 21"	"TC-074 二次认证失败，不停用 > Test Steps 测试步骤"	"再次刷卡或认证失败、超时、身份与当前操作人不一致，或权限不足。"	"再次刷卡或认证失败、超时、身份与当前操作人不一致，或权限不足。"	"77170fc732e1660fc7ec6cf52c1349c3ffcc5d83119a95b15b4f772378f291f8"	"identity-security-acceptance-candidate"	"unapproved-unexecuted-internal-derived-acceptance-draft"	"8005-fleet-maintenance-authorization-and-accountability"	"needs-security-role-owner-and-explicit-approval"	"document-route:R06-A; scenario:TC-074; scenario-role:action; upstream-fr:FR-024; upstream-uc:UC-038; formation-history:H3:ecd0fd8; FR-024 AC-2 / UC-038; exact-duplicate-of:R06-A0115"	"none-found-within-r06-pass"	"not-approved"	"role-authorization-source;security-or-business-owner;authoritative-upstream-version;named-approver;approval-date;approved-scope;version-or-sha256-binding;execution-build;execution-environment;executor;execution-time;actual-result;pass-fail;attachment-sha256"
"R06-A0129"	"R06"	"R06-33"	"requirement-documents/05-test-cases/03-agv-fleet-management/tc-074-retire-dual-auth-fail-reject.md"	"b86deaebf7190be1502170dc91af71f6759da4c921a996db2619b2ab750b9d90"	"line 25"	"TC-074 二次认证失败，不停用 > Expected Result 预期结果"	"系统不停用，保留原 `Published` 状态，记录失败审计。"	"系统不停用，保留原 `Published` 状态，记录失败审计。"	"8719264757369917a362a941ae4d01a154edbc44af8fb1f94ecba6aada4855d4"	"fleet-configuration-lifecycle-outcome-candidate"	"unapproved-unexecuted-internal-derived-acceptance-draft"	"8005-AGV-fleet-and-local-configuration"	"needs-fleet-configuration-owner-and-explicit-approval"	"document-route:R06-A; scenario:TC-074; scenario-role:outcome; upstream-fr:FR-024; upstream-uc:UC-038; formation-history:H3:ecd0fd8; FR-024 AC-2 / UC-038"	"none-found-within-r06-pass"	"not-approved"	"fleet-configuration-owner;model-or-vehicle-configuration-version;authoritative-upstream-version;named-approver;approval-date;approved-scope;version-or-sha256-binding;execution-build;execution-environment;executor;execution-time;actual-result;pass-fail;attachment-sha256"
"R06-A0130"	"R06"	"R06-33"	"requirement-documents/05-test-cases/03-agv-fleet-management/tc-074-retire-dual-auth-fail-reject.md"	"b86deaebf7190be1502170dc91af71f6759da4c921a996db2619b2ab750b9d90"	"line 29"	"TC-074 二次认证失败，不停用 > Verifies 验证对象"	"[[fr-024-slot-model-retire-with-dual-authentication-and-historical-reference-preservation|FR-024]] AC-2"	"[[fr-024-slot-model-retire-with-dual-authentication-and-historical-reference-preservation|FR-024]] AC-2"	"ace6cb2b789a9bf757241a9dccc463ca52fa81252889b9a939a1cd28d84d3136"	"verification-traceability-evidence"	"unapproved-unexecuted-internal-derived-acceptance-draft"	"8005-AGV-fleet-and-local-configuration"	"evidence-only"	"document-route:R06-A; scenario:TC-074; scenario-role:verification; upstream-fr:FR-024; upstream-uc:UC-038; formation-history:H3:ecd0fd8; FR-024 AC-2 / UC-038"	"EX-R06-001"	"not-approved"	"authoritative-upstream-version;named-approver;approval-date;approved-scope;version-or-sha256-binding;execution-build;execution-environment;executor;execution-time;actual-result;pass-fail;attachment-sha256"
"R06-A0131"	"R06"	"R06-34"	"requirement-documents/05-test-cases/03-agv-fleet-management/tc-075-retire-transaction-fail-rollback.md"	"4709365d3fc0fa043019e87f0700fe80b5739de670cf9e6b4876452ba09b2cd5"	"line 17"	"TC-075 停用事务失败，回滚 > Preconditions 前置条件"	"二次认证已通过。"	"二次认证已通过。"	"12e1746e8affa05cc6af2565ee6df065f4df792cce6ae1ea89addf887228a030"	"identity-security-acceptance-candidate"	"unapproved-unexecuted-internal-derived-acceptance-draft"	"8005-fleet-maintenance-authorization-and-accountability"	"needs-security-role-owner-and-explicit-approval"	"document-route:R06-A; scenario:TC-075; scenario-role:precondition; upstream-fr:FR-024; upstream-uc:UC-038; formation-history:H3:ecd0fd8; FR-024 AC-3 / UC-038; exact-duplicate-of:R06-A0118"	"none-found-within-r06-pass"	"not-approved"	"role-authorization-source;security-or-business-owner;authoritative-upstream-version;named-approver;approval-date;approved-scope;version-or-sha256-binding;execution-build;execution-environment;executor;execution-time;actual-result;pass-fail;attachment-sha256"
"R06-A0132"	"R06"	"R06-34"	"requirement-documents/05-test-cases/03-agv-fleet-management/tc-075-retire-transaction-fail-rollback.md"	"4709365d3fc0fa043019e87f0700fe80b5739de670cf9e6b4876452ba09b2cd5"	"line 21"	"TC-075 停用事务失败，回滚 > Test Steps 测试步骤"	"状态转换或审计写入任一环节失败。"	"状态转换或审计写入任一环节失败。"	"cd3577feed805c0e68e196b2d0f9ef14d281d47972e5bc1484ff704ea6260415"	"fleet-configuration-lifecycle-action-candidate"	"unapproved-unexecuted-internal-derived-acceptance-draft"	"8005-AGV-fleet-and-local-configuration"	"needs-fleet-configuration-owner-and-explicit-approval"	"document-route:R06-A; scenario:TC-075; scenario-role:action; upstream-fr:FR-024; upstream-uc:UC-038; formation-history:H3:ecd0fd8; FR-024 AC-3 / UC-038"	"none-found-within-r06-pass"	"not-approved"	"fleet-configuration-owner;model-or-vehicle-configuration-version;authoritative-upstream-version;named-approver;approval-date;approved-scope;version-or-sha256-binding;execution-build;execution-environment;executor;execution-time;actual-result;pass-fail;attachment-sha256"
"R06-A0133"	"R06"	"R06-34"	"requirement-documents/05-test-cases/03-agv-fleet-management/tc-075-retire-transaction-fail-rollback.md"	"4709365d3fc0fa043019e87f0700fe80b5739de670cf9e6b4876452ba09b2cd5"	"line 25"	"TC-075 停用事务失败，回滚 > Expected Result 预期结果"	"系统回滚整个操作，不产生部分状态变更，并提示稍后重试。"	"系统回滚整个操作，不产生部分状态变更，并提示稍后重试。"	"4ec146af33a5562745cb942c3b1a55ff5613ab30bdc25295ed42202e68ca305e"	"operator-HMI-acceptance-candidate"	"unapproved-unexecuted-internal-derived-acceptance-draft"	"8005-slot-and-fleet-operator-HMI"	"needs-operator-product-owner-and-explicit-approval"	"document-route:R06-A; scenario:TC-075; scenario-role:outcome; upstream-fr:FR-024; upstream-uc:UC-038; formation-history:H3:ecd0fd8; FR-024 AC-3 / UC-038"	"none-found-within-r06-pass"	"not-approved"	"operator-or-product-owner;project-station-or-configuration-scope;authoritative-upstream-version;named-approver;approval-date;approved-scope;version-or-sha256-binding;execution-build;execution-environment;executor;execution-time;actual-result;pass-fail;attachment-sha256"
"R06-A0134"	"R06"	"R06-34"	"requirement-documents/05-test-cases/03-agv-fleet-management/tc-075-retire-transaction-fail-rollback.md"	"4709365d3fc0fa043019e87f0700fe80b5739de670cf9e6b4876452ba09b2cd5"	"line 29"	"TC-075 停用事务失败，回滚 > Verifies 验证对象"	"[[fr-024-slot-model-retire-with-dual-authentication-and-historical-reference-preservation|FR-024]] AC-3"	"[[fr-024-slot-model-retire-with-dual-authentication-and-historical-reference-preservation|FR-024]] AC-3"	"eadca40a718732cbe2f5457782bf8b90eb9cb6c5bad1e38c4aee30d8985e8346"	"verification-traceability-evidence"	"unapproved-unexecuted-internal-derived-acceptance-draft"	"8005-AGV-fleet-and-local-configuration"	"evidence-only"	"document-route:R06-A; scenario:TC-075; scenario-role:verification; upstream-fr:FR-024; upstream-uc:UC-038; formation-history:H3:ecd0fd8; FR-024 AC-3 / UC-038"	"EX-R06-001"	"not-approved"	"authoritative-upstream-version;named-approver;approval-date;approved-scope;version-or-sha256-binding;execution-build;execution-environment;executor;execution-time;actual-result;pass-fail;attachment-sha256"
"R06-A0135"	"R06"	"R06-35"	"requirement-documents/05-test-cases/03-agv-fleet-management/tc-076-registration-validation-pass.md"	"746b738028fb574ffcadcf0f9ba758cb39d6ac9859959c26080d32a6745f3f0f"	"line 17"	"TC-076 模型版本、车辆 ID 与配置均校验通过，允许继续接入 > Preconditions 前置条件"	"管理员已选择一台未接入的 RCS/RIOT 车辆，填写本地名称、车型、服务区域、最低接单电量、调度权重、维护备注，并独立选择某个多仓位 AGV 模型的一个版本。"	"管理员已选择一台未接入的 RCS/RIOT 车辆，填写本地名称、车型、服务区域、最低接单电量、调度权重、维护备注，并独立选择某个多仓位 AGV 模型的一个版本。"	"a556550b81939378fbfea4da19cdf919599bb05caf8211c9949bb39ae9d0d656"	"interface-integration-acceptance-candidate"	"unapproved-unexecuted-internal-derived-acceptance-draft"	"8005-local-server-RIoT-RCS-integration"	"needs-interface-owner-source-and-explicit-approval"	"document-route:R06-A; scenario:TC-076; scenario-role:precondition; upstream-fr:FR-025; upstream-uc:UC-019; formation-history:H3:ecd0fd8; FR-025 AC-1 / UC-019"	"none-found-within-r06-pass"	"not-approved"	"controlled-interface-version;interface-owner;authoritative-upstream-version;named-approver;approval-date;approved-scope;version-or-sha256-binding;execution-build;execution-environment;executor;execution-time;actual-result;pass-fail;attachment-sha256"
"R06-A0136"	"R06"	"R06-35"	"requirement-documents/05-test-cases/03-agv-fleet-management/tc-076-registration-validation-pass.md"	"746b738028fb574ffcadcf0f9ba758cb39d6ac9859959c26080d32a6745f3f0f"	"line 21"	"TC-076 模型版本、车辆 ID 与配置均校验通过，允许继续接入 > Test Steps 测试步骤"	"系统校验该模型版本处于 `Published` 状态、该车辆 ID 未被任何本地档案占用、必填配置均已填写且合法。"	"系统校验该模型版本处于 `Published` 状态、该车辆 ID 未被任何本地档案占用、必填配置均已填写且合法。"	"18514a5eed07b90898b0f180616c8d5dd6a8c34f1bd036fd27a996328f7e3a1b"	"internal-state-or-architecture-derivation"	"unapproved-unexecuted-internal-derived-acceptance-draft"	"8005-internal-slot-and-fleet-state-model"	"exclude-from-requirement-approval"	"document-route:R06-A; scenario:TC-076; scenario-role:action; upstream-fr:FR-025; upstream-uc:UC-019; formation-history:H3:ecd0fd8; FR-025 AC-1 / UC-019"	"none-found-within-r06-pass"	"not-approved"	"authoritative-requirement-source;independent-approval-unit-reframing;authoritative-upstream-version;named-approver;approval-date;approved-scope;version-or-sha256-binding;execution-build;execution-environment;executor;execution-time;actual-result;pass-fail;attachment-sha256"
"R06-A0137"	"R06"	"R06-35"	"requirement-documents/05-test-cases/03-agv-fleet-management/tc-076-registration-validation-pass.md"	"746b738028fb574ffcadcf0f9ba758cb39d6ac9859959c26080d32a6745f3f0f"	"line 25"	"TC-076 模型版本、车辆 ID 与配置均校验通过，允许继续接入 > Expected Result 预期结果"	"系统允许管理员确认保存，进入原子创建环节。"	"系统允许管理员确认保存，进入原子创建环节。"	"e1b49c254ab2ebc5591c44ada8c2d69f4633db70970de8342b0dc5f00a2a99da"	"internal-state-or-architecture-derivation"	"unapproved-unexecuted-internal-derived-acceptance-draft"	"8005-internal-slot-and-fleet-state-model"	"exclude-from-requirement-approval"	"document-route:R06-A; scenario:TC-076; scenario-role:outcome; upstream-fr:FR-025; upstream-uc:UC-019; formation-history:H3:ecd0fd8; FR-025 AC-1 / UC-019"	"none-found-within-r06-pass"	"not-approved"	"authoritative-requirement-source;independent-approval-unit-reframing;authoritative-upstream-version;named-approver;approval-date;approved-scope;version-or-sha256-binding;execution-build;execution-environment;executor;execution-time;actual-result;pass-fail;attachment-sha256"
"R06-A0138"	"R06"	"R06-35"	"requirement-documents/05-test-cases/03-agv-fleet-management/tc-076-registration-validation-pass.md"	"746b738028fb574ffcadcf0f9ba758cb39d6ac9859959c26080d32a6745f3f0f"	"line 29"	"TC-076 模型版本、车辆 ID 与配置均校验通过，允许继续接入 > Verifies 验证对象"	"[[fr-025-agv-registration-eligibility-and-slot-model-version-validation|FR-025]] AC-1"	"[[fr-025-agv-registration-eligibility-and-slot-model-version-validation|FR-025]] AC-1"	"06f41e57e25b3594a0b792807b166a4812a9b6101812b71311e17e8212e86f7f"	"verification-traceability-evidence"	"unapproved-unexecuted-internal-derived-acceptance-draft"	"8005-AGV-fleet-and-local-configuration"	"evidence-only"	"document-route:R06-A; scenario:TC-076; scenario-role:verification; upstream-fr:FR-025; upstream-uc:UC-019; formation-history:H3:ecd0fd8; FR-025 AC-1 / UC-019"	"EX-R06-001"	"not-approved"	"authoritative-upstream-version;named-approver;approval-date;approved-scope;version-or-sha256-binding;execution-build;execution-environment;executor;execution-time;actual-result;pass-fail;attachment-sha256"
"R06-A0139"	"R06"	"R06-36"	"requirement-documents/05-test-cases/03-agv-fleet-management/tc-077-registration-model-version-not-published-reject.md"	"da811366d1adbade2e1f33d12ce84d8107589cbe4128b5ca5e0216e7b66dddf3"	"line 17"	"TC-077 所选模型版本不可用，拒绝保存 > Preconditions 前置条件"	"管理员选择的模型版本当前处于 `Draft` 或 `Retired` 状态。"	"管理员选择的模型版本当前处于 `Draft` 或 `Retired` 状态。"	"e2322d1d2d15a631837faa0f75b5fccca32423df7a920acf23b6a673b72697eb"	"fleet-configuration-lifecycle-precondition-candidate"	"unapproved-unexecuted-internal-derived-acceptance-draft"	"8005-AGV-fleet-and-local-configuration"	"needs-fleet-configuration-owner-and-explicit-approval"	"document-route:R06-A; scenario:TC-077; scenario-role:precondition; upstream-fr:FR-025; upstream-uc:UC-019; formation-history:H3:ecd0fd8; FR-025 AC-2 / UC-019"	"none-found-within-r06-pass"	"not-approved"	"fleet-configuration-owner;model-or-vehicle-configuration-version;authoritative-upstream-version;named-approver;approval-date;approved-scope;version-or-sha256-binding;execution-build;execution-environment;executor;execution-time;actual-result;pass-fail;attachment-sha256"
"R06-A0140"	"R06"	"R06-36"	"requirement-documents/05-test-cases/03-agv-fleet-management/tc-077-registration-model-version-not-published-reject.md"	"da811366d1adbade2e1f33d12ce84d8107589cbe4128b5ca5e0216e7b66dddf3"	"line 21"	"TC-077 所选模型版本不可用，拒绝保存 > Test Steps 测试步骤"	"系统校验该版本是否为 `Published`。"	"系统校验该版本是否为 `Published`。"	"887d53d177ea1f4f2ff9b51a4a1222d9eac042c544213c81a3e0777a2d21c44c"	"fleet-configuration-lifecycle-action-candidate"	"unapproved-unexecuted-internal-derived-acceptance-draft"	"8005-AGV-fleet-and-local-configuration"	"needs-fleet-configuration-owner-and-explicit-approval"	"document-route:R06-A; scenario:TC-077; scenario-role:action; upstream-fr:FR-025; upstream-uc:UC-019; formation-history:H3:ecd0fd8; FR-025 AC-2 / UC-019"	"none-found-within-r06-pass"	"not-approved"	"fleet-configuration-owner;model-or-vehicle-configuration-version;authoritative-upstream-version;named-approver;approval-date;approved-scope;version-or-sha256-binding;execution-build;execution-environment;executor;execution-time;actual-result;pass-fail;attachment-sha256"
"R06-A0141"	"R06"	"R06-36"	"requirement-documents/05-test-cases/03-agv-fleet-management/tc-077-registration-model-version-not-published-reject.md"	"da811366d1adbade2e1f33d12ce84d8107589cbe4128b5ca5e0216e7b66dddf3"	"line 25"	"TC-077 所选模型版本不可用，拒绝保存 > Expected Result 预期结果"	"系统拒绝保存，提示""该型号版本不可用于接入""，引导管理员改选其他 `Published` 版本或联系型号维护人员发布新版本。"	"系统拒绝保存，提示""该型号版本不可用于接入""，引导管理员改选其他 `Published` 版本或联系型号维护人员发布新版本。"	"21b287043066be80757ad7ce3e59b479b6a16476fdb2e1d6c1429430e5cbb9b4"	"operator-HMI-acceptance-candidate"	"unapproved-unexecuted-internal-derived-acceptance-draft"	"8005-slot-and-fleet-operator-HMI"	"needs-operator-product-owner-and-explicit-approval"	"document-route:R06-A; scenario:TC-077; scenario-role:outcome; upstream-fr:FR-025; upstream-uc:UC-019; formation-history:H3:ecd0fd8; FR-025 AC-2 / UC-019"	"none-found-within-r06-pass"	"not-approved"	"operator-or-product-owner;project-station-or-configuration-scope;authoritative-upstream-version;named-approver;approval-date;approved-scope;version-or-sha256-binding;execution-build;execution-environment;executor;execution-time;actual-result;pass-fail;attachment-sha256"
"R06-A0142"	"R06"	"R06-36"	"requirement-documents/05-test-cases/03-agv-fleet-management/tc-077-registration-model-version-not-published-reject.md"	"da811366d1adbade2e1f33d12ce84d8107589cbe4128b5ca5e0216e7b66dddf3"	"line 29"	"TC-077 所选模型版本不可用，拒绝保存 > Verifies 验证对象"	"[[fr-025-agv-registration-eligibility-and-slot-model-version-validation|FR-025]] AC-2"	"[[fr-025-agv-registration-eligibility-and-slot-model-version-validation|FR-025]] AC-2"	"ae3596c0e0a90c1769417b98e2409dd09339316b7cbb2bbc88f2a3d9b46eeaf3"	"verification-traceability-evidence"	"unapproved-unexecuted-internal-derived-acceptance-draft"	"8005-AGV-fleet-and-local-configuration"	"evidence-only"	"document-route:R06-A; scenario:TC-077; scenario-role:verification; upstream-fr:FR-025; upstream-uc:UC-019; formation-history:H3:ecd0fd8; FR-025 AC-2 / UC-019"	"EX-R06-001"	"not-approved"	"authoritative-upstream-version;named-approver;approval-date;approved-scope;version-or-sha256-binding;execution-build;execution-environment;executor;execution-time;actual-result;pass-fail;attachment-sha256"
"R06-A0143"	"R06"	"R06-37"	"requirement-documents/05-test-cases/03-agv-fleet-management/tc-078-registration-duplicate-vehicle-id-reject.md"	"e5e79cf7b8318736d4176f5ea4d0500fce4e90a04ff5246e20ce7af9ab6fc8ec"	"line 17"	"TC-078 车辆已接入，拒绝重复创建 > Preconditions 前置条件"	"目标 RCS/RIOT 车辆 ID 已存在于本地未归档或已归档的档案中。"	"目标 RCS/RIOT 车辆 ID 已存在于本地未归档或已归档的档案中。"	"aa5176da84d48c1cb03d997922ca56b1f26e0c36848e2660ef463ef8434f0fe6"	"interface-integration-acceptance-candidate"	"unapproved-unexecuted-internal-derived-acceptance-draft"	"8005-local-server-RIoT-RCS-integration"	"needs-interface-owner-source-and-explicit-approval"	"document-route:R06-A; scenario:TC-078; scenario-role:precondition; upstream-fr:FR-025; upstream-uc:UC-019; formation-history:H3:ecd0fd8; FR-025 AC-3 / UC-019"	"none-found-within-r06-pass"	"not-approved"	"controlled-interface-version;interface-owner;authoritative-upstream-version;named-approver;approval-date;approved-scope;version-or-sha256-binding;execution-build;execution-environment;executor;execution-time;actual-result;pass-fail;attachment-sha256"
"R06-A0144"	"R06"	"R06-37"	"requirement-documents/05-test-cases/03-agv-fleet-management/tc-078-registration-duplicate-vehicle-id-reject.md"	"e5e79cf7b8318736d4176f5ea4d0500fce4e90a04ff5246e20ce7af9ab6fc8ec"	"line 21"	"TC-078 车辆已接入，拒绝重复创建 > Test Steps 测试步骤"	"系统校验车辆 ID 唯一性。"	"系统校验车辆 ID 唯一性。"	"c0c3f4d1a83dee74a38f2a38daa8842d8251105d7fdbab7e2bae1f1c9ddcbf35"	"fleet-configuration-lifecycle-action-candidate"	"unapproved-unexecuted-internal-derived-acceptance-draft"	"8005-AGV-fleet-and-local-configuration"	"needs-fleet-configuration-owner-and-explicit-approval"	"document-route:R06-A; scenario:TC-078; scenario-role:action; upstream-fr:FR-025; upstream-uc:UC-019; formation-history:H3:ecd0fd8; FR-025 AC-3 / UC-019"	"none-found-within-r06-pass"	"not-approved"	"fleet-configuration-owner;model-or-vehicle-configuration-version;authoritative-upstream-version;named-approver;approval-date;approved-scope;version-or-sha256-binding;execution-build;execution-environment;executor;execution-time;actual-result;pass-fail;attachment-sha256"
"R06-A0145"	"R06"	"R06-37"	"requirement-documents/05-test-cases/03-agv-fleet-management/tc-078-registration-duplicate-vehicle-id-reject.md"	"e5e79cf7b8318736d4176f5ea4d0500fce4e90a04ff5246e20ce7af9ab6fc8ec"	"line 25"	"TC-078 车辆已接入，拒绝重复创建 > Expected Result 预期结果"	"系统拒绝重复创建，并引导管理员查看现有档案。"	"系统拒绝重复创建，并引导管理员查看现有档案。"	"132c9557f0308a3b3dda252c08dabe7c34fd82b39f7560af0f64e5c9e1034f39"	"internal-state-or-architecture-derivation"	"unapproved-unexecuted-internal-derived-acceptance-draft"	"8005-internal-slot-and-fleet-state-model"	"exclude-from-requirement-approval"	"document-route:R06-A; scenario:TC-078; scenario-role:outcome; upstream-fr:FR-025; upstream-uc:UC-019; formation-history:H3:ecd0fd8; FR-025 AC-3 / UC-019"	"none-found-within-r06-pass"	"not-approved"	"authoritative-requirement-source;independent-approval-unit-reframing;authoritative-upstream-version;named-approver;approval-date;approved-scope;version-or-sha256-binding;execution-build;execution-environment;executor;execution-time;actual-result;pass-fail;attachment-sha256"
"R06-A0146"	"R06"	"R06-37"	"requirement-documents/05-test-cases/03-agv-fleet-management/tc-078-registration-duplicate-vehicle-id-reject.md"	"e5e79cf7b8318736d4176f5ea4d0500fce4e90a04ff5246e20ce7af9ab6fc8ec"	"line 29"	"TC-078 车辆已接入，拒绝重复创建 > Verifies 验证对象"	"[[fr-025-agv-registration-eligibility-and-slot-model-version-validation|FR-025]] AC-3"	"[[fr-025-agv-registration-eligibility-and-slot-model-version-validation|FR-025]] AC-3"	"a424d5669281545f96e85df165e27a306106bfd4abb28ba1a385e8b60e12d881"	"verification-traceability-evidence"	"unapproved-unexecuted-internal-derived-acceptance-draft"	"8005-AGV-fleet-and-local-configuration"	"evidence-only"	"document-route:R06-A; scenario:TC-078; scenario-role:verification; upstream-fr:FR-025; upstream-uc:UC-019; formation-history:H3:ecd0fd8; FR-025 AC-3 / UC-019"	"EX-R06-001"	"not-approved"	"authoritative-upstream-version;named-approver;approval-date;approved-scope;version-or-sha256-binding;execution-build;execution-environment;executor;execution-time;actual-result;pass-fail;attachment-sha256"
"R06-A0147"	"R06"	"R06-38"	"requirement-documents/05-test-cases/03-agv-fleet-management/tc-079-registration-incomplete-config-reject.md"	"b2cca20f6f40b4054de29405ce22786f3d0c31ba1d9fb2bfc68f82394b1dbfa0"	"line 17"	"TC-079 配置不完整或不合法，拒绝保存 > Preconditions 前置条件"	"必填配置缺失，或车型、电量阈值、调度权重等值不合法，或未选择任何模型版本。"	"必填配置缺失，或车型、电量阈值、调度权重等值不合法，或未选择任何模型版本。"	"41fab29a8b4ca166859fee73621b67bb87ea253c965407a3a47317e9d7e1fba2"	"fleet-configuration-lifecycle-precondition-candidate"	"unapproved-unexecuted-internal-derived-acceptance-draft"	"8005-AGV-fleet-and-local-configuration"	"needs-fleet-configuration-owner-and-explicit-approval"	"document-route:R06-A; scenario:TC-079; scenario-role:precondition; upstream-fr:FR-025; upstream-uc:UC-019; formation-history:H3:ecd0fd8; FR-025 AC-4 / UC-019"	"none-found-within-r06-pass"	"not-approved"	"fleet-configuration-owner;model-or-vehicle-configuration-version;authoritative-upstream-version;named-approver;approval-date;approved-scope;version-or-sha256-binding;execution-build;execution-environment;executor;execution-time;actual-result;pass-fail;attachment-sha256"
"R06-A0148"	"R06"	"R06-38"	"requirement-documents/05-test-cases/03-agv-fleet-management/tc-079-registration-incomplete-config-reject.md"	"b2cca20f6f40b4054de29405ce22786f3d0c31ba1d9fb2bfc68f82394b1dbfa0"	"line 21"	"TC-079 配置不完整或不合法，拒绝保存 > Test Steps 测试步骤"	"系统执行保存前校验。"	"系统执行保存前校验。"	"e479eaca3d72d41d29c14f7d35aafa509308789157f2d3ae2ee51861557c58f2"	"fleet-configuration-lifecycle-action-candidate"	"unapproved-unexecuted-internal-derived-acceptance-draft"	"8005-AGV-fleet-and-local-configuration"	"needs-fleet-configuration-owner-and-explicit-approval"	"document-route:R06-A; scenario:TC-079; scenario-role:action; upstream-fr:FR-025; upstream-uc:UC-019; formation-history:H3:ecd0fd8; FR-025 AC-4 / UC-019; exact-duplicate-of:R06-A0079"	"none-found-within-r06-pass"	"not-approved"	"fleet-configuration-owner;model-or-vehicle-configuration-version;authoritative-upstream-version;named-approver;approval-date;approved-scope;version-or-sha256-binding;execution-build;execution-environment;executor;execution-time;actual-result;pass-fail;attachment-sha256"
"R06-A0149"	"R06"	"R06-38"	"requirement-documents/05-test-cases/03-agv-fleet-management/tc-079-registration-incomplete-config-reject.md"	"b2cca20f6f40b4054de29405ce22786f3d0c31ba1d9fb2bfc68f82394b1dbfa0"	"line 25"	"TC-079 配置不完整或不合法，拒绝保存 > Expected Result 预期结果"	"系统拒绝保存并逐项提示修正。"	"系统拒绝保存并逐项提示修正。"	"85f0e933fc8169090db3108c1cbe39d454d9b9d816fabb2fc5c15bb3cb4844c6"	"operator-HMI-acceptance-candidate"	"unapproved-unexecuted-internal-derived-acceptance-draft"	"8005-slot-and-fleet-operator-HMI"	"needs-operator-product-owner-and-explicit-approval"	"document-route:R06-A; scenario:TC-079; scenario-role:outcome; upstream-fr:FR-025; upstream-uc:UC-019; formation-history:H3:ecd0fd8; FR-025 AC-4 / UC-019"	"none-found-within-r06-pass"	"not-approved"	"operator-or-product-owner;project-station-or-configuration-scope;authoritative-upstream-version;named-approver;approval-date;approved-scope;version-or-sha256-binding;execution-build;execution-environment;executor;execution-time;actual-result;pass-fail;attachment-sha256"
"R06-A0150"	"R06"	"R06-38"	"requirement-documents/05-test-cases/03-agv-fleet-management/tc-079-registration-incomplete-config-reject.md"	"b2cca20f6f40b4054de29405ce22786f3d0c31ba1d9fb2bfc68f82394b1dbfa0"	"line 29"	"TC-079 配置不完整或不合法，拒绝保存 > Verifies 验证对象"	"[[fr-025-agv-registration-eligibility-and-slot-model-version-validation|FR-025]] AC-4"	"[[fr-025-agv-registration-eligibility-and-slot-model-version-validation|FR-025]] AC-4"	"0589541607a7df615b540a39738561e212de365cfe3fb191fdbed617a3473b44"	"verification-traceability-evidence"	"unapproved-unexecuted-internal-derived-acceptance-draft"	"8005-AGV-fleet-and-local-configuration"	"evidence-only"	"document-route:R06-A; scenario:TC-079; scenario-role:verification; upstream-fr:FR-025; upstream-uc:UC-019; formation-history:H3:ecd0fd8; FR-025 AC-4 / UC-019"	"EX-R06-001"	"not-approved"	"authoritative-upstream-version;named-approver;approval-date;approved-scope;version-or-sha256-binding;execution-build;execution-environment;executor;execution-time;actual-result;pass-fail;attachment-sha256"
"R06-A0151"	"R06"	"R06-39"	"requirement-documents/05-test-cases/03-agv-fleet-management/tc-080-registration-atomic-creation-success.md"	"d2b9664b7404fd95e2ec03701b82cfb731c8db1ad554f4cc07a8fbf5451d47c0"	"line 17"	"TC-080 校验通过，原子创建档案、绑定快照、生成仓位实例并记录审计 > Preconditions 前置条件"	"[[fr-025-agv-registration-eligibility-and-slot-model-version-validation|FR-025]] 的全部校验均已通过，管理员已确认保存。"	"[[fr-025-agv-registration-eligibility-and-slot-model-version-validation|FR-025]] 的全部校验均已通过，管理员已确认保存。"	"2b6abdbd887aba5dda9106df179e922d908eaedf1e7e02de47e3751bc99caab3"	"fleet-configuration-lifecycle-precondition-candidate"	"unapproved-unexecuted-internal-derived-acceptance-draft"	"8005-AGV-fleet-and-local-configuration"	"needs-fleet-configuration-owner-and-explicit-approval"	"document-route:R06-A; scenario:TC-080; scenario-role:precondition; upstream-fr:FR-026; upstream-uc:UC-019; formation-history:H3:ecd0fd8; FR-026 AC-1 / UC-019"	"none-found-within-r06-pass"	"not-approved"	"fleet-configuration-owner;model-or-vehicle-configuration-version;authoritative-upstream-version;named-approver;approval-date;approved-scope;version-or-sha256-binding;execution-build;execution-environment;executor;execution-time;actual-result;pass-fail;attachment-sha256"
"R06-A0152"	"R06"	"R06-39"	"requirement-documents/05-test-cases/03-agv-fleet-management/tc-080-registration-atomic-creation-success.md"	"d2b9664b7404fd95e2ec03701b82cfb731c8db1ad554f4cc07a8fbf5451d47c0"	"line 21"	"TC-080 校验通过，原子创建档案、绑定快照、生成仓位实例并记录审计 > Test Steps 测试步骤"	"系统执行接入事务。"	"系统执行接入事务。"	"74e5f991e0c66327ce28fee2942c942f0c3e2b9809f131a05b69a050f7097155"	"internal-state-or-architecture-derivation"	"unapproved-unexecuted-internal-derived-acceptance-draft"	"8005-internal-slot-and-fleet-state-model"	"exclude-from-requirement-approval"	"document-route:R06-A; scenario:TC-080; scenario-role:action; upstream-fr:FR-026; upstream-uc:UC-019; formation-history:H3:ecd0fd8; FR-026 AC-1 / UC-019"	"none-found-within-r06-pass"	"not-approved"	"authoritative-requirement-source;independent-approval-unit-reframing;authoritative-upstream-version;named-approver;approval-date;approved-scope;version-or-sha256-binding;execution-build;execution-environment;executor;execution-time;actual-result;pass-fail;attachment-sha256"
"R06-A0153"	"R06"	"R06-39"	"requirement-documents/05-test-cases/03-agv-fleet-management/tc-080-registration-atomic-creation-success.md"	"d2b9664b7404fd95e2ec03701b82cfb731c8db1ad554f4cc07a8fbf5451d47c0"	"line 25"	"TC-080 校验通过，原子创建档案、绑定快照、生成仓位实例并记录审计 > Expected Result 预期结果"	"系统在同一事务中创建本地 AGV 档案（含 RCS/RIOT 车辆 ID 映射、本地配置、绑定的模型型号/版本号/内容校验值快照）、按快照生成对应仓位实例记录、将 AGV 置为""已禁用""，并记录审计日志；"	"系统在同一事务中创建本地 AGV 档案（含 RCS/RIOT 车辆 ID 映射、本地配置、绑定的模型型号/版本号/内容校验值快照）、按快照生成对应仓位实例记录、将 AGV 置为""已禁用""，并记录审计日志；管理员被提示完成检查后可通过 UC-013 启用车辆。"	"60ba3be0ff988373f7bbe39e1b3e091f7acb4d6a29b6a6f6577b0d7224fddf32"	"interface-integration-acceptance-candidate"	"unapproved-unexecuted-internal-derived-acceptance-draft"	"8005-local-server-RIoT-RCS-integration"	"needs-interface-owner-source-and-explicit-approval"	"document-route:R06-A; scenario:TC-080; scenario-role:outcome; upstream-fr:FR-026; upstream-uc:UC-019; formation-history:H3:ecd0fd8; FR-026 AC-1 / UC-019"	"none-found-within-r06-pass"	"not-approved"	"controlled-interface-version;interface-owner;authoritative-upstream-version;named-approver;approval-date;approved-scope;version-or-sha256-binding;execution-build;execution-environment;executor;execution-time;actual-result;pass-fail;attachment-sha256"
"R06-A0154"	"R06"	"R06-39"	"requirement-documents/05-test-cases/03-agv-fleet-management/tc-080-registration-atomic-creation-success.md"	"d2b9664b7404fd95e2ec03701b82cfb731c8db1ad554f4cc07a8fbf5451d47c0"	"line 25"	"TC-080 校验通过，原子创建档案、绑定快照、生成仓位实例并记录审计 > Expected Result 预期结果"	"管理员被提示完成检查后可通过 UC-013 启用车辆。"	"系统在同一事务中创建本地 AGV 档案（含 RCS/RIOT 车辆 ID 映射、本地配置、绑定的模型型号/版本号/内容校验值快照）、按快照生成对应仓位实例记录、将 AGV 置为""已禁用""，并记录审计日志；管理员被提示完成检查后可通过 UC-013 启用车辆。"	"b11f4ae0e2fc56b66b07a900ece1ea332eed26eb077a81bf38a0065b7b9ff63f"	"operator-HMI-acceptance-candidate"	"unapproved-unexecuted-internal-derived-acceptance-draft"	"8005-slot-and-fleet-operator-HMI"	"needs-operator-product-owner-and-explicit-approval"	"document-route:R06-A; scenario:TC-080; scenario-role:outcome; upstream-fr:FR-026; upstream-uc:UC-019; formation-history:H3:ecd0fd8; FR-026 AC-1 / UC-019"	"none-found-within-r06-pass"	"not-approved"	"operator-or-product-owner;project-station-or-configuration-scope;authoritative-upstream-version;named-approver;approval-date;approved-scope;version-or-sha256-binding;execution-build;execution-environment;executor;execution-time;actual-result;pass-fail;attachment-sha256"
"R06-A0155"	"R06"	"R06-39"	"requirement-documents/05-test-cases/03-agv-fleet-management/tc-080-registration-atomic-creation-success.md"	"d2b9664b7404fd95e2ec03701b82cfb731c8db1ad554f4cc07a8fbf5451d47c0"	"line 29"	"TC-080 校验通过，原子创建档案、绑定快照、生成仓位实例并记录审计 > Verifies 验证对象"	"[[fr-026-atomic-agv-record-creation-slot-instance-generation-and-audit-logging|FR-026]] AC-1"	"[[fr-026-atomic-agv-record-creation-slot-instance-generation-and-audit-logging|FR-026]] AC-1"	"79cbc1e0e30ee0e9e3e4d1b3e1684a439e07017205386d48eff42dc6adee393b"	"verification-traceability-evidence"	"unapproved-unexecuted-internal-derived-acceptance-draft"	"8005-AGV-fleet-and-local-configuration"	"evidence-only"	"document-route:R06-A; scenario:TC-080; scenario-role:verification; upstream-fr:FR-026; upstream-uc:UC-019; formation-history:H3:ecd0fd8; FR-026 AC-1 / UC-019"	"EX-R06-001"	"not-approved"	"authoritative-upstream-version;named-approver;approval-date;approved-scope;version-or-sha256-binding;execution-build;execution-environment;executor;execution-time;actual-result;pass-fail;attachment-sha256"
"R06-A0156"	"R06"	"R06-40"	"requirement-documents/05-test-cases/03-agv-fleet-management/tc-081-registration-rcs-query-fail-reject.md"	"a102487a63e11b82c9a9e07b264d2f3ce299107b1a91d35193f5746d3778ab42"	"line 17"	"TC-081 RCS/RIOT 车辆列表查询失败，不允许凭空创建 > Preconditions 前置条件"	"管理员正在接入流程中。"	"管理员正在接入流程中。"	"ce09de2259a6ef6914929d17991db70086561e24fc2caff1267cf6653e3b9e7e"	"fleet-configuration-lifecycle-precondition-candidate"	"unapproved-unexecuted-internal-derived-acceptance-draft"	"8005-AGV-fleet-and-local-configuration"	"needs-fleet-configuration-owner-and-explicit-approval"	"document-route:R06-A; scenario:TC-081; scenario-role:precondition; upstream-fr:FR-026; upstream-uc:UC-019; formation-history:H3:ecd0fd8; FR-026 AC-2 / UC-019"	"none-found-within-r06-pass"	"not-approved"	"fleet-configuration-owner;model-or-vehicle-configuration-version;authoritative-upstream-version;named-approver;approval-date;approved-scope;version-or-sha256-binding;execution-build;execution-environment;executor;execution-time;actual-result;pass-fail;attachment-sha256"
"R06-A0157"	"R06"	"R06-40"	"requirement-documents/05-test-cases/03-agv-fleet-management/tc-081-registration-rcs-query-fail-reject.md"	"a102487a63e11b82c9a9e07b264d2f3ce299107b1a91d35193f5746d3778ab42"	"line 21"	"TC-081 RCS/RIOT 车辆列表查询失败，不允许凭空创建 > Test Steps 测试步骤"	"系统无法取得完整的 RCS/RIOT 车辆列表。"	"系统无法取得完整的 RCS/RIOT 车辆列表。"	"40e71b256e2715b17b3b75f7a9420b23c2738e967b4a3ffd5f8c9273f2ee91b9"	"operator-HMI-acceptance-candidate"	"unapproved-unexecuted-internal-derived-acceptance-draft"	"8005-slot-and-fleet-operator-HMI"	"needs-operator-product-owner-and-explicit-approval"	"document-route:R06-A; scenario:TC-081; scenario-role:action; upstream-fr:FR-026; upstream-uc:UC-019; formation-history:H3:ecd0fd8; FR-026 AC-2 / UC-019"	"none-found-within-r06-pass"	"not-approved"	"operator-or-product-owner;project-station-or-configuration-scope;authoritative-upstream-version;named-approver;approval-date;approved-scope;version-or-sha256-binding;execution-build;execution-environment;executor;execution-time;actual-result;pass-fail;attachment-sha256"
"R06-A0158"	"R06"	"R06-40"	"requirement-documents/05-test-cases/03-agv-fleet-management/tc-081-registration-rcs-query-fail-reject.md"	"a102487a63e11b82c9a9e07b264d2f3ce299107b1a91d35193f5746d3778ab42"	"line 25"	"TC-081 RCS/RIOT 车辆列表查询失败，不允许凭空创建 > Expected Result 预期结果"	"系统不允许凭空手工创建 RCS 车辆 ID，提示接口异常并记录日志。"	"系统不允许凭空手工创建 RCS 车辆 ID，提示接口异常并记录日志。"	"7cbf9760d12792881ad39397d51cd71759c60de59b4492e4db20cc93e019e496"	"operator-HMI-acceptance-candidate"	"unapproved-unexecuted-internal-derived-acceptance-draft"	"8005-slot-and-fleet-operator-HMI"	"needs-operator-product-owner-and-explicit-approval"	"document-route:R06-A; scenario:TC-081; scenario-role:outcome; upstream-fr:FR-026; upstream-uc:UC-019; formation-history:H3:ecd0fd8; FR-026 AC-2 / UC-019"	"none-found-within-r06-pass"	"not-approved"	"operator-or-product-owner;project-station-or-configuration-scope;authoritative-upstream-version;named-approver;approval-date;approved-scope;version-or-sha256-binding;execution-build;execution-environment;executor;execution-time;actual-result;pass-fail;attachment-sha256"
"R06-A0159"	"R06"	"R06-40"	"requirement-documents/05-test-cases/03-agv-fleet-management/tc-081-registration-rcs-query-fail-reject.md"	"a102487a63e11b82c9a9e07b264d2f3ce299107b1a91d35193f5746d3778ab42"	"line 29"	"TC-081 RCS/RIOT 车辆列表查询失败，不允许凭空创建 > Verifies 验证对象"	"[[fr-026-atomic-agv-record-creation-slot-instance-generation-and-audit-logging|FR-026]] AC-2"	"[[fr-026-atomic-agv-record-creation-slot-instance-generation-and-audit-logging|FR-026]] AC-2"	"559a401e3bae4640f0efe673ca0839d16a71eb93509f109aa248f16f27bea0ff"	"verification-traceability-evidence"	"unapproved-unexecuted-internal-derived-acceptance-draft"	"8005-AGV-fleet-and-local-configuration"	"evidence-only"	"document-route:R06-A; scenario:TC-081; scenario-role:verification; upstream-fr:FR-026; upstream-uc:UC-019; formation-history:H3:ecd0fd8; FR-026 AC-2 / UC-019"	"EX-R06-001"	"not-approved"	"authoritative-upstream-version;named-approver;approval-date;approved-scope;version-or-sha256-binding;execution-build;execution-environment;executor;execution-time;actual-result;pass-fail;attachment-sha256"
"R06-A0160"	"R06"	"R06-41"	"requirement-documents/05-test-cases/03-agv-fleet-management/tc-082-enable-disable-immediate-disable-empty-queue.md"	"adb0d36146f4985d5a2f44321355dfaf744a3d701e4834dc72543aa9c2b21fe3"	"line 17"	"TC-082 禁用且队列为空，立即禁用 > Preconditions 前置条件"	"管理员对一台当前非禁用状态的 AGV 点击""禁用""。"	"管理员对一台当前非禁用状态的 AGV 点击""禁用""。"	"966ee754721e01f3ccd1b858584121bbcd0138b84dc00124b1fe93107556be8d"	"operator-HMI-acceptance-candidate"	"unapproved-unexecuted-internal-derived-acceptance-draft"	"8005-slot-and-fleet-operator-HMI"	"needs-operator-product-owner-and-explicit-approval"	"document-route:R06-A; scenario:TC-082; scenario-role:precondition; upstream-fr:FR-027; upstream-uc:UC-013; formation-history:H3:ecd0fd8; FR-027 AC-1 / UC-013"	"SB-R06-001"	"not-approved"	"operator-or-product-owner;project-station-or-configuration-scope;authoritative-upstream-version;named-approver;approval-date;approved-scope;version-or-sha256-binding;execution-build;execution-environment;executor;execution-time;actual-result;pass-fail;attachment-sha256"
"R06-A0161"	"R06"	"R06-41"	"requirement-documents/05-test-cases/03-agv-fleet-management/tc-082-enable-disable-immediate-disable-empty-queue.md"	"adb0d36146f4985d5a2f44321355dfaf744a3d701e4834dc72543aa9c2b21fe3"	"line 21"	"TC-082 禁用且队列为空，立即禁用 > Test Steps 测试步骤"	"系统核验该 AGV 当前 RIOT 任务队列为空。"	"系统核验该 AGV 当前 RIOT 任务队列为空。"	"f615bf7acdbcca812208f0993563c3c0b194760d40e3163cb2058c20caa53c97"	"interface-integration-acceptance-candidate"	"unapproved-unexecuted-internal-derived-acceptance-draft"	"8005-local-server-RIoT-RCS-integration"	"needs-interface-owner-source-and-explicit-approval"	"document-route:R06-A; scenario:TC-082; scenario-role:action; upstream-fr:FR-027; upstream-uc:UC-013; formation-history:H3:ecd0fd8; FR-027 AC-1 / UC-013"	"SB-R06-001"	"not-approved"	"controlled-interface-version;interface-owner;authoritative-upstream-version;named-approver;approval-date;approved-scope;version-or-sha256-binding;execution-build;execution-environment;executor;execution-time;actual-result;pass-fail;attachment-sha256"
"R06-A0162"	"R06"	"R06-41"	"requirement-documents/05-test-cases/03-agv-fleet-management/tc-082-enable-disable-immediate-disable-empty-queue.md"	"adb0d36146f4985d5a2f44321355dfaf744a3d701e4834dc72543aa9c2b21fe3"	"line 25"	"TC-082 禁用且队列为空，立即禁用 > Expected Result 预期结果"	"系统立即将该 AGV 状态置为""已禁用""，记录操作人、AGV、操作类型、时间戳。"	"系统立即将该 AGV 状态置为""已禁用""，记录操作人、AGV、操作类型、时间戳。"	"8c68b524eed336d4f2593f524dda69b0631c0aeebd2948c8ae769d20c2206e6b"	"fleet-configuration-lifecycle-outcome-candidate"	"unapproved-unexecuted-internal-derived-acceptance-draft"	"8005-AGV-fleet-and-local-configuration"	"needs-fleet-configuration-owner-and-explicit-approval"	"document-route:R06-A; scenario:TC-082; scenario-role:outcome; upstream-fr:FR-027; upstream-uc:UC-013; formation-history:H3:ecd0fd8; FR-027 AC-1 / UC-013"	"SB-R06-001"	"not-approved"	"fleet-configuration-owner;model-or-vehicle-configuration-version;authoritative-upstream-version;named-approver;approval-date;approved-scope;version-or-sha256-binding;execution-build;execution-environment;executor;execution-time;actual-result;pass-fail;attachment-sha256"
"R06-A0163"	"R06"	"R06-41"	"requirement-documents/05-test-cases/03-agv-fleet-management/tc-082-enable-disable-immediate-disable-empty-queue.md"	"adb0d36146f4985d5a2f44321355dfaf744a3d701e4834dc72543aa9c2b21fe3"	"line 29"	"TC-082 禁用且队列为空，立即禁用 > Verifies 验证对象"	"[[fr-027-agv-enable-disable-state-transition-and-pending-effect-handling|FR-027]] AC-1"	"[[fr-027-agv-enable-disable-state-transition-and-pending-effect-handling|FR-027]] AC-1"	"f54f26f1204ead2f4922ac662067939d5cd1b2dc266fc439d2276709ff2f9c42"	"verification-traceability-evidence"	"unapproved-unexecuted-internal-derived-acceptance-draft"	"8005-AGV-fleet-and-local-configuration"	"evidence-only"	"document-route:R06-A; scenario:TC-082; scenario-role:verification; upstream-fr:FR-027; upstream-uc:UC-013; formation-history:H3:ecd0fd8; FR-027 AC-1 / UC-013"	"EX-R06-001,SB-R06-001"	"not-approved"	"authoritative-upstream-version;named-approver;approval-date;approved-scope;version-or-sha256-binding;execution-build;execution-environment;executor;execution-time;actual-result;pass-fail;attachment-sha256"
"R06-A0164"	"R06"	"R06-42"	"requirement-documents/05-test-cases/03-agv-fleet-management/tc-083-enable-disable-pending-then-auto-disable.md"	"f033fa8f0babe384eed036f75cb9b2fdc7aca5aeaa9762a370a16c12ec1996e7"	"line 17"	"TC-083 禁用且队列不为空，先禁用待生效再自动转为已禁用 > Preconditions 前置条件"	"管理员对一台当前非禁用状态的 AGV 点击""禁用""，且该 AGV 当前 RIOT 任务队列不为空。"	"管理员对一台当前非禁用状态的 AGV 点击""禁用""，且该 AGV 当前 RIOT 任务队列不为空。"	"ff8edf5bec0c5f24fa6911c56fd8836750a581fa9285bf32f85b4cfb56902781"	"operator-HMI-acceptance-candidate"	"unapproved-unexecuted-internal-derived-acceptance-draft"	"8005-slot-and-fleet-operator-HMI"	"needs-operator-product-owner-and-explicit-approval"	"document-route:R06-A; scenario:TC-083; scenario-role:precondition; upstream-fr:FR-027; upstream-uc:UC-013; formation-history:H3:ecd0fd8; FR-027 AC-2 / UC-013"	"SB-R06-001"	"not-approved"	"operator-or-product-owner;project-station-or-configuration-scope;authoritative-upstream-version;named-approver;approval-date;approved-scope;version-or-sha256-binding;execution-build;execution-environment;executor;execution-time;actual-result;pass-fail;attachment-sha256"
"R06-A0165"	"R06"	"R06-42"	"requirement-documents/05-test-cases/03-agv-fleet-management/tc-083-enable-disable-pending-then-auto-disable.md"	"f033fa8f0babe384eed036f75cb9b2fdc7aca5aeaa9762a370a16c12ec1996e7"	"line 21"	"TC-083 禁用且队列不为空，先禁用待生效再自动转为已禁用 > Test Steps 测试步骤"	"系统核验队列非空，将该 AGV 状态置为""禁用待生效""；"	"系统核验队列非空，将该 AGV 状态置为""禁用待生效""；当前任务不受影响，继续执行至完成或取消，队列重新变空。"	"d77386ea460682c679978158eaf61457bd1cd97e7a772c21813a8ffd0c641288"	"fleet-configuration-lifecycle-action-candidate"	"unapproved-unexecuted-internal-derived-acceptance-draft"	"8005-AGV-fleet-and-local-configuration"	"needs-fleet-configuration-owner-and-explicit-approval"	"document-route:R06-A; scenario:TC-083; scenario-role:action; upstream-fr:FR-027; upstream-uc:UC-013; formation-history:H3:ecd0fd8; FR-027 AC-2 / UC-013"	"SB-R06-001"	"not-approved"	"fleet-configuration-owner;model-or-vehicle-configuration-version;authoritative-upstream-version;named-approver;approval-date;approved-scope;version-or-sha256-binding;execution-build;execution-environment;executor;execution-time;actual-result;pass-fail;attachment-sha256"
"R06-A0166"	"R06"	"R06-42"	"requirement-documents/05-test-cases/03-agv-fleet-management/tc-083-enable-disable-pending-then-auto-disable.md"	"f033fa8f0babe384eed036f75cb9b2fdc7aca5aeaa9762a370a16c12ec1996e7"	"line 21"	"TC-083 禁用且队列不为空，先禁用待生效再自动转为已禁用 > Test Steps 测试步骤"	"当前任务不受影响，继续执行至完成或取消，队列重新变空。"	"系统核验队列非空，将该 AGV 状态置为""禁用待生效""；当前任务不受影响，继续执行至完成或取消，队列重新变空。"	"708ea571ad6e8d7b25a9eb2db94a5841a939df32f4225db574d713e8c7092c6d"	"fleet-configuration-lifecycle-action-candidate"	"unapproved-unexecuted-internal-derived-acceptance-draft"	"8005-AGV-fleet-and-local-configuration"	"needs-fleet-configuration-owner-and-explicit-approval"	"document-route:R06-A; scenario:TC-083; scenario-role:action; upstream-fr:FR-027; upstream-uc:UC-013; formation-history:H3:ecd0fd8; FR-027 AC-2 / UC-013"	"SB-R06-001"	"not-approved"	"fleet-configuration-owner;model-or-vehicle-configuration-version;authoritative-upstream-version;named-approver;approval-date;approved-scope;version-or-sha256-binding;execution-build;execution-environment;executor;execution-time;actual-result;pass-fail;attachment-sha256"
"R06-A0167"	"R06"	"R06-42"	"requirement-documents/05-test-cases/03-agv-fleet-management/tc-083-enable-disable-pending-then-auto-disable.md"	"f033fa8f0babe384eed036f75cb9b2fdc7aca5aeaa9762a370a16c12ec1996e7"	"line 25"	"TC-083 禁用且队列不为空，先禁用待生效再自动转为已禁用 > Expected Result 预期结果"	"系统自动将该 AGV 状态转为""已禁用""，无需人工二次确认。"	"系统自动将该 AGV 状态转为""已禁用""，无需人工二次确认。"	"fd13688327a8aacbde90a835122722f6d5a0a71e467fed64b63f0fa4e6dc2247"	"fleet-configuration-lifecycle-outcome-candidate"	"unapproved-unexecuted-internal-derived-acceptance-draft"	"8005-AGV-fleet-and-local-configuration"	"needs-fleet-configuration-owner-and-explicit-approval"	"document-route:R06-A; scenario:TC-083; scenario-role:outcome; upstream-fr:FR-027; upstream-uc:UC-013; formation-history:H3:ecd0fd8; FR-027 AC-2 / UC-013"	"SB-R06-001"	"not-approved"	"fleet-configuration-owner;model-or-vehicle-configuration-version;authoritative-upstream-version;named-approver;approval-date;approved-scope;version-or-sha256-binding;execution-build;execution-environment;executor;execution-time;actual-result;pass-fail;attachment-sha256"
"R06-A0168"	"R06"	"R06-42"	"requirement-documents/05-test-cases/03-agv-fleet-management/tc-083-enable-disable-pending-then-auto-disable.md"	"f033fa8f0babe384eed036f75cb9b2fdc7aca5aeaa9762a370a16c12ec1996e7"	"line 29"	"TC-083 禁用且队列不为空，先禁用待生效再自动转为已禁用 > Verifies 验证对象"	"[[fr-027-agv-enable-disable-state-transition-and-pending-effect-handling|FR-027]] AC-2"	"[[fr-027-agv-enable-disable-state-transition-and-pending-effect-handling|FR-027]] AC-2"	"3566ac5788c07ae797dbe658bf5e5d36660224f49736c64e9ac53d67d655c460"	"verification-traceability-evidence"	"unapproved-unexecuted-internal-derived-acceptance-draft"	"8005-AGV-fleet-and-local-configuration"	"evidence-only"	"document-route:R06-A; scenario:TC-083; scenario-role:verification; upstream-fr:FR-027; upstream-uc:UC-013; formation-history:H3:ecd0fd8; FR-027 AC-2 / UC-013"	"EX-R06-001,SB-R06-001"	"not-approved"	"authoritative-upstream-version;named-approver;approval-date;approved-scope;version-or-sha256-binding;execution-build;execution-environment;executor;execution-time;actual-result;pass-fail;attachment-sha256"
"R06-A0169"	"R06"	"R06-43"	"requirement-documents/05-test-cases/03-agv-fleet-management/tc-084-enable-disable-enable-restore-normal.md"	"683e0d0d916fd193438685efcf8b838591064897161da0399206c365573af5a1"	"line 17"	"TC-084 启用，恢复正常状态 > Preconditions 前置条件"	"管理员对一台处于""已禁用""或""禁用待生效""的 AGV 点击""启用""。"	"管理员对一台处于""已禁用""或""禁用待生效""的 AGV 点击""启用""。"	"5bcdac02feeeaa80e9470f0404c6c8a9f37f4d0df1cc0aac4f1699bd7fe1536d"	"operator-HMI-acceptance-candidate"	"unapproved-unexecuted-internal-derived-acceptance-draft"	"8005-slot-and-fleet-operator-HMI"	"needs-operator-product-owner-and-explicit-approval"	"document-route:R06-A; scenario:TC-084; scenario-role:precondition; upstream-fr:FR-027; upstream-uc:UC-013; formation-history:H3:ecd0fd8; FR-027 AC-3 / UC-013"	"SB-R06-001"	"not-approved"	"operator-or-product-owner;project-station-or-configuration-scope;authoritative-upstream-version;named-approver;approval-date;approved-scope;version-or-sha256-binding;execution-build;execution-environment;executor;execution-time;actual-result;pass-fail;attachment-sha256"
"R06-A0170"	"R06"	"R06-43"	"requirement-documents/05-test-cases/03-agv-fleet-management/tc-084-enable-disable-enable-restore-normal.md"	"683e0d0d916fd193438685efcf8b838591064897161da0399206c365573af5a1"	"line 21"	"TC-084 启用，恢复正常状态 > Test Steps 测试步骤"	"系统核验该 AGV 确实处于上述状态之一。"	"系统核验该 AGV 确实处于上述状态之一。"	"b5c6cf35d3598f2555a73dabedccb1165756ffd27c03b556b1ed5ba72e960cde"	"fleet-configuration-lifecycle-action-candidate"	"unapproved-unexecuted-internal-derived-acceptance-draft"	"8005-AGV-fleet-and-local-configuration"	"needs-fleet-configuration-owner-and-explicit-approval"	"document-route:R06-A; scenario:TC-084; scenario-role:action; upstream-fr:FR-027; upstream-uc:UC-013; formation-history:H3:ecd0fd8; FR-027 AC-3 / UC-013"	"SB-R06-001"	"not-approved"	"fleet-configuration-owner;model-or-vehicle-configuration-version;authoritative-upstream-version;named-approver;approval-date;approved-scope;version-or-sha256-binding;execution-build;execution-environment;executor;execution-time;actual-result;pass-fail;attachment-sha256"
"R06-A0171"	"R06"	"R06-43"	"requirement-documents/05-test-cases/03-agv-fleet-management/tc-084-enable-disable-enable-restore-normal.md"	"683e0d0d916fd193438685efcf8b838591064897161da0399206c365573af5a1"	"line 25"	"TC-084 启用，恢复正常状态 > Expected Result 预期结果"	"系统将该 AGV 状态恢复为其原本应有的正常状态，清除禁用相关标记，记录操作人、AGV、操作类型、时间戳。"	"系统将该 AGV 状态恢复为其原本应有的正常状态，清除禁用相关标记，记录操作人、AGV、操作类型、时间戳。"	"1edbf8be10ca26a83b24729dd7a3ab725eb97b740bd45407f01663c6992df0e8"	"fleet-configuration-lifecycle-outcome-candidate"	"unapproved-unexecuted-internal-derived-acceptance-draft"	"8005-AGV-fleet-and-local-configuration"	"needs-fleet-configuration-owner-and-explicit-approval"	"document-route:R06-A; scenario:TC-084; scenario-role:outcome; upstream-fr:FR-027; upstream-uc:UC-013; formation-history:H3:ecd0fd8; FR-027 AC-3 / UC-013"	"SB-R06-001"	"not-approved"	"fleet-configuration-owner;model-or-vehicle-configuration-version;authoritative-upstream-version;named-approver;approval-date;approved-scope;version-or-sha256-binding;execution-build;execution-environment;executor;execution-time;actual-result;pass-fail;attachment-sha256"
"R06-A0172"	"R06"	"R06-43"	"requirement-documents/05-test-cases/03-agv-fleet-management/tc-084-enable-disable-enable-restore-normal.md"	"683e0d0d916fd193438685efcf8b838591064897161da0399206c365573af5a1"	"line 29"	"TC-084 启用，恢复正常状态 > Verifies 验证对象"	"[[fr-027-agv-enable-disable-state-transition-and-pending-effect-handling|FR-027]] AC-3"	"[[fr-027-agv-enable-disable-state-transition-and-pending-effect-handling|FR-027]] AC-3"	"da8b124df5dd14f94412d1efdae049db345b25664754366c399635f3d2f1e7ff"	"verification-traceability-evidence"	"unapproved-unexecuted-internal-derived-acceptance-draft"	"8005-AGV-fleet-and-local-configuration"	"evidence-only"	"document-route:R06-A; scenario:TC-084; scenario-role:verification; upstream-fr:FR-027; upstream-uc:UC-013; formation-history:H3:ecd0fd8; FR-027 AC-3 / UC-013"	"EX-R06-001,SB-R06-001"	"not-approved"	"authoritative-upstream-version;named-approver;approval-date;approved-scope;version-or-sha256-binding;execution-build;execution-environment;executor;execution-time;actual-result;pass-fail;attachment-sha256"
"R06-A0173"	"R06"	"R06-44"	"requirement-documents/05-test-cases/03-agv-fleet-management/tc-085-enable-disable-repeat-disable-ignore.md"	"789b5ddaa768752e998e1f8e8c3daa64c1079a3363f4ea9248b5484cb26124fd"	"line 17"	"TC-085 重复点击禁用，忽略 > Preconditions 前置条件"	"某台 AGV 已处于""已禁用""或""禁用待生效""状态。"	"某台 AGV 已处于""已禁用""或""禁用待生效""状态。"	"94b30bc57a35c24c564e9c104b3d037648444ddbec3939ee8beb0c00a7c33678"	"fleet-configuration-lifecycle-precondition-candidate"	"unapproved-unexecuted-internal-derived-acceptance-draft"	"8005-AGV-fleet-and-local-configuration"	"needs-fleet-configuration-owner-and-explicit-approval"	"document-route:R06-A; scenario:TC-085; scenario-role:precondition; upstream-fr:FR-027; upstream-uc:UC-013; formation-history:H3:ecd0fd8; FR-027 AC-4 / UC-013"	"SB-R06-001"	"not-approved"	"fleet-configuration-owner;model-or-vehicle-configuration-version;authoritative-upstream-version;named-approver;approval-date;approved-scope;version-or-sha256-binding;execution-build;execution-environment;executor;execution-time;actual-result;pass-fail;attachment-sha256"
"R06-A0174"	"R06"	"R06-44"	"requirement-documents/05-test-cases/03-agv-fleet-management/tc-085-enable-disable-repeat-disable-ignore.md"	"789b5ddaa768752e998e1f8e8c3daa64c1079a3363f4ea9248b5484cb26124fd"	"line 21"	"TC-085 重复点击禁用，忽略 > Test Steps 测试步骤"	"管理员再次点击""禁用""。"	"管理员再次点击""禁用""。"	"867eec7badbafe9c70f8c82f4619a8728628ec68d9cfe2493743fff897257aa8"	"operator-HMI-acceptance-candidate"	"unapproved-unexecuted-internal-derived-acceptance-draft"	"8005-slot-and-fleet-operator-HMI"	"needs-operator-product-owner-and-explicit-approval"	"document-route:R06-A; scenario:TC-085; scenario-role:action; upstream-fr:FR-027; upstream-uc:UC-013; formation-history:H3:ecd0fd8; FR-027 AC-4 / UC-013"	"SB-R06-001"	"not-approved"	"operator-or-product-owner;project-station-or-configuration-scope;authoritative-upstream-version;named-approver;approval-date;approved-scope;version-or-sha256-binding;execution-build;execution-environment;executor;execution-time;actual-result;pass-fail;attachment-sha256"
"R06-A0175"	"R06"	"R06-44"	"requirement-documents/05-test-cases/03-agv-fleet-management/tc-085-enable-disable-repeat-disable-ignore.md"	"789b5ddaa768752e998e1f8e8c3daa64c1079a3363f4ea9248b5484cb26124fd"	"line 25"	"TC-085 重复点击禁用，忽略 > Expected Result 预期结果"	"系统提示该 AGV 当前已处于禁用（或禁用待生效）状态，忽略本次重复操作，不重复记录。"	"系统提示该 AGV 当前已处于禁用（或禁用待生效）状态，忽略本次重复操作，不重复记录。"	"e9e0d47a80ab253d17f1cab207e3a0e29e9e16c67dc70a13e6032cd47a99d38a"	"operator-HMI-acceptance-candidate"	"unapproved-unexecuted-internal-derived-acceptance-draft"	"8005-slot-and-fleet-operator-HMI"	"needs-operator-product-owner-and-explicit-approval"	"document-route:R06-A; scenario:TC-085; scenario-role:outcome; upstream-fr:FR-027; upstream-uc:UC-013; formation-history:H3:ecd0fd8; FR-027 AC-4 / UC-013"	"SB-R06-001"	"not-approved"	"operator-or-product-owner;project-station-or-configuration-scope;authoritative-upstream-version;named-approver;approval-date;approved-scope;version-or-sha256-binding;execution-build;execution-environment;executor;execution-time;actual-result;pass-fail;attachment-sha256"
"R06-A0176"	"R06"	"R06-44"	"requirement-documents/05-test-cases/03-agv-fleet-management/tc-085-enable-disable-repeat-disable-ignore.md"	"789b5ddaa768752e998e1f8e8c3daa64c1079a3363f4ea9248b5484cb26124fd"	"line 29"	"TC-085 重复点击禁用，忽略 > Verifies 验证对象"	"[[fr-027-agv-enable-disable-state-transition-and-pending-effect-handling|FR-027]] AC-4"	"[[fr-027-agv-enable-disable-state-transition-and-pending-effect-handling|FR-027]] AC-4"	"56a4d6aa124e3a0815e11d083c39ae2fc85a44ed73fa509a9cf1725db66d9fb8"	"verification-traceability-evidence"	"unapproved-unexecuted-internal-derived-acceptance-draft"	"8005-AGV-fleet-and-local-configuration"	"evidence-only"	"document-route:R06-A; scenario:TC-085; scenario-role:verification; upstream-fr:FR-027; upstream-uc:UC-013; formation-history:H3:ecd0fd8; FR-027 AC-4 / UC-013"	"EX-R06-001,SB-R06-001"	"not-approved"	"authoritative-upstream-version;named-approver;approval-date;approved-scope;version-or-sha256-binding;execution-build;execution-environment;executor;execution-time;actual-result;pass-fail;attachment-sha256"
"R06-A0177"	"R06"	"R06-45"	"requirement-documents/05-test-cases/03-agv-fleet-management/tc-086-enable-disable-invalid-enable-ignore.md"	"cc28039c452009b2c9b59dbabaf524878ae83c6562a241e9b235917bf7f39246"	"line 17"	"TC-086 对非禁用状态点击启用，忽略 > Preconditions 前置条件"	"某台 AGV 当前处于正常（非禁用）状态。"	"某台 AGV 当前处于正常（非禁用）状态。"	"38c1b4a26d10f5753d56fbd708f36f9bb8daa23e9a314814fcda7a79924dade4"	"fleet-configuration-lifecycle-precondition-candidate"	"unapproved-unexecuted-internal-derived-acceptance-draft"	"8005-AGV-fleet-and-local-configuration"	"needs-fleet-configuration-owner-and-explicit-approval"	"document-route:R06-A; scenario:TC-086; scenario-role:precondition; upstream-fr:FR-027; upstream-uc:UC-013; formation-history:H3:ecd0fd8; FR-027 AC-5 / UC-013"	"SB-R06-001"	"not-approved"	"fleet-configuration-owner;model-or-vehicle-configuration-version;authoritative-upstream-version;named-approver;approval-date;approved-scope;version-or-sha256-binding;execution-build;execution-environment;executor;execution-time;actual-result;pass-fail;attachment-sha256"
"R06-A0178"	"R06"	"R06-45"	"requirement-documents/05-test-cases/03-agv-fleet-management/tc-086-enable-disable-invalid-enable-ignore.md"	"cc28039c452009b2c9b59dbabaf524878ae83c6562a241e9b235917bf7f39246"	"line 21"	"TC-086 对非禁用状态点击启用，忽略 > Test Steps 测试步骤"	"管理员点击""启用""。"	"管理员点击""启用""。"	"d10cb7ae8dc8d13de5ea0ccef63c117002a9a63947ef9b0be49e0a054dde68be"	"operator-HMI-acceptance-candidate"	"unapproved-unexecuted-internal-derived-acceptance-draft"	"8005-slot-and-fleet-operator-HMI"	"needs-operator-product-owner-and-explicit-approval"	"document-route:R06-A; scenario:TC-086; scenario-role:action; upstream-fr:FR-027; upstream-uc:UC-013; formation-history:H3:ecd0fd8; FR-027 AC-5 / UC-013"	"SB-R06-001"	"not-approved"	"operator-or-product-owner;project-station-or-configuration-scope;authoritative-upstream-version;named-approver;approval-date;approved-scope;version-or-sha256-binding;execution-build;execution-environment;executor;execution-time;actual-result;pass-fail;attachment-sha256"
"R06-A0179"	"R06"	"R06-45"	"requirement-documents/05-test-cases/03-agv-fleet-management/tc-086-enable-disable-invalid-enable-ignore.md"	"cc28039c452009b2c9b59dbabaf524878ae83c6562a241e9b235917bf7f39246"	"line 25"	"TC-086 对非禁用状态点击启用，忽略 > Expected Result 预期结果"	"系统提示该 AGV 当前无需启用，忽略本次操作，不重复记录。"	"系统提示该 AGV 当前无需启用，忽略本次操作，不重复记录。"	"05fa7c6f066859bc592fdd64c8eeb5e98e9aabb63c9b669c983aa6192b408c05"	"operator-HMI-acceptance-candidate"	"unapproved-unexecuted-internal-derived-acceptance-draft"	"8005-slot-and-fleet-operator-HMI"	"needs-operator-product-owner-and-explicit-approval"	"document-route:R06-A; scenario:TC-086; scenario-role:outcome; upstream-fr:FR-027; upstream-uc:UC-013; formation-history:H3:ecd0fd8; FR-027 AC-5 / UC-013"	"SB-R06-001"	"not-approved"	"operator-or-product-owner;project-station-or-configuration-scope;authoritative-upstream-version;named-approver;approval-date;approved-scope;version-or-sha256-binding;execution-build;execution-environment;executor;execution-time;actual-result;pass-fail;attachment-sha256"
"R06-A0180"	"R06"	"R06-45"	"requirement-documents/05-test-cases/03-agv-fleet-management/tc-086-enable-disable-invalid-enable-ignore.md"	"cc28039c452009b2c9b59dbabaf524878ae83c6562a241e9b235917bf7f39246"	"line 29"	"TC-086 对非禁用状态点击启用，忽略 > Verifies 验证对象"	"[[fr-027-agv-enable-disable-state-transition-and-pending-effect-handling|FR-027]] AC-5"	"[[fr-027-agv-enable-disable-state-transition-and-pending-effect-handling|FR-027]] AC-5"	"3da2a57c532270993643568d4c3aafa4187c199fef22445a8c643d1f251f738b"	"verification-traceability-evidence"	"unapproved-unexecuted-internal-derived-acceptance-draft"	"8005-AGV-fleet-and-local-configuration"	"evidence-only"	"document-route:R06-A; scenario:TC-086; scenario-role:verification; upstream-fr:FR-027; upstream-uc:UC-013; formation-history:H3:ecd0fd8; FR-027 AC-5 / UC-013"	"EX-R06-001,SB-R06-001"	"not-approved"	"authoritative-upstream-version;named-approver;approval-date;approved-scope;version-or-sha256-binding;execution-build;execution-environment;executor;execution-time;actual-result;pass-fail;attachment-sha256"
"R06-A0181"	"R06"	"R06-46"	"requirement-documents/05-test-cases/03-agv-fleet-management/tc-087-dispatch-profile-update-pass.md"	"f4d997034bfbe2bc8db17511a3cdafef1cc1863bdf4eaa7e7471662a1709bc3b"	"line 17"	"TC-087 核验与校验均通过，展示差异并保存 > Preconditions 前置条件"	"目标 AGV 已通过 UC-019 接入且未归档，处于""已禁用""，本地无未完成任务或站点作业，所有仓门均已确认关闭。"	"目标 AGV 已通过 UC-019 接入且未归档，处于""已禁用""，本地无未完成任务或站点作业，所有仓门均已确认关闭。"	"46ca1c4c593529992b94709beea05d9b9a253e41f00548e6aaf585a14bb8c3d9"	"safety-hardware-acceptance-candidate"	"unapproved-unexecuted-internal-derived-acceptance-draft"	"8005-slot-hardware-IO-safety-and-operability"	"needs-safety-hardware-authority-and-explicit-approval"	"document-route:R06-A; scenario:TC-087; scenario-role:precondition; upstream-fr:FR-028; upstream-uc:UC-020; formation-history:H3:ecd0fd8; FR-028 AC-1 / UC-020"	"none-found-within-r06-pass"	"not-approved"	"hardware-and-IO-version-binding;safety-or-hardware-owner;risk-review-evidence;authoritative-upstream-version;named-approver;approval-date;approved-scope;version-or-sha256-binding;execution-build;execution-environment;executor;execution-time;actual-result;pass-fail;attachment-sha256"
"R06-A0182"	"R06"	"R06-46"	"requirement-documents/05-test-cases/03-agv-fleet-management/tc-087-dispatch-profile-update-pass.md"	"f4d997034bfbe2bc8db17511a3cdafef1cc1863bdf4eaa7e7471662a1709bc3b"	"line 21"	"TC-087 核验与校验均通过，展示差异并保存 > Test Steps 测试步骤"	"管理员修改身份映射、车型、服务区域、电量阈值、调度权重或备注，系统校验 RCS/RIOT 车辆 ID、配置完整性、数值范围与内部一致性均通过。"	"管理员修改身份映射、车型、服务区域、电量阈值、调度权重或备注，系统校验 RCS/RIOT 车辆 ID、配置完整性、数值范围与内部一致性均通过。"	"8c482438986d0f7195a2317ddc3da273e109d3d9215a8ce68d277a1f0ca52639"	"identity-security-acceptance-candidate"	"unapproved-unexecuted-internal-derived-acceptance-draft"	"8005-fleet-maintenance-authorization-and-accountability"	"needs-security-role-owner-and-explicit-approval"	"document-route:R06-A; scenario:TC-087; scenario-role:action; upstream-fr:FR-028; upstream-uc:UC-020; formation-history:H3:ecd0fd8; FR-028 AC-1 / UC-020"	"none-found-within-r06-pass"	"not-approved"	"role-authorization-source;security-or-business-owner;authoritative-upstream-version;named-approver;approval-date;approved-scope;version-or-sha256-binding;execution-build;execution-environment;executor;execution-time;actual-result;pass-fail;attachment-sha256"
"R06-A0183"	"R06"	"R06-46"	"requirement-documents/05-test-cases/03-agv-fleet-management/tc-087-dispatch-profile-update-pass.md"	"f4d997034bfbe2bc8db17511a3cdafef1cc1863bdf4eaa7e7471662a1709bc3b"	"line 25"	"TC-087 核验与校验均通过，展示差异并保存 > Expected Result 预期结果"	"系统展示修改前后差异，管理员确认后保存新配置，记录审计日志，并提示车辆仍处于禁用状态。"	"系统展示修改前后差异，管理员确认后保存新配置，记录审计日志，并提示车辆仍处于禁用状态。"	"89eb2cc28f70d581f40be86ac43353d25028d917125db4d8f75e8116ec53defe"	"operator-HMI-acceptance-candidate"	"unapproved-unexecuted-internal-derived-acceptance-draft"	"8005-slot-and-fleet-operator-HMI"	"needs-operator-product-owner-and-explicit-approval"	"document-route:R06-A; scenario:TC-087; scenario-role:outcome; upstream-fr:FR-028; upstream-uc:UC-020; formation-history:H3:ecd0fd8; FR-028 AC-1 / UC-020"	"none-found-within-r06-pass"	"not-approved"	"operator-or-product-owner;project-station-or-configuration-scope;authoritative-upstream-version;named-approver;approval-date;approved-scope;version-or-sha256-binding;execution-build;execution-environment;executor;execution-time;actual-result;pass-fail;attachment-sha256"
"R06-A0184"	"R06"	"R06-46"	"requirement-documents/05-test-cases/03-agv-fleet-management/tc-087-dispatch-profile-update-pass.md"	"f4d997034bfbe2bc8db17511a3cdafef1cc1863bdf4eaa7e7471662a1709bc3b"	"line 29"	"TC-087 核验与校验均通过，展示差异并保存 > Verifies 验证对象"	"[[fr-028-agv-dispatch-profile-update-eligibility-and-persistence|FR-028]] AC-1"	"[[fr-028-agv-dispatch-profile-update-eligibility-and-persistence|FR-028]] AC-1"	"78fb8815fb9b559fb872601fe40df40bec07295ee8a09e4425b349912b321368"	"verification-traceability-evidence"	"unapproved-unexecuted-internal-derived-acceptance-draft"	"8005-AGV-fleet-and-local-configuration"	"evidence-only"	"document-route:R06-A; scenario:TC-087; scenario-role:verification; upstream-fr:FR-028; upstream-uc:UC-020; formation-history:H3:ecd0fd8; FR-028 AC-1 / UC-020"	"EX-R06-001"	"not-approved"	"authoritative-upstream-version;named-approver;approval-date;approved-scope;version-or-sha256-binding;execution-build;execution-environment;executor;execution-time;actual-result;pass-fail;attachment-sha256"
"R06-A0185"	"R06"	"R06-47"	"requirement-documents/05-test-cases/03-agv-fleet-management/tc-088-dispatch-profile-not-fully-stopped-reject.md"	"715551a312a263306b6307b07b1b0806dbdc38266699cfa8cc964b8959e2ca21"	"line 17"	"TC-088 车辆未完全停用，拒绝进入可保存状态 > Preconditions 前置条件"	"目标车辆未禁用、处于""禁用待生效""，或存在本地未完成作业。"	"目标车辆未禁用、处于""禁用待生效""，或存在本地未完成作业。"	"1e8ba171dea205bb11b36c6219994ad4dfaf464ae2e4c6e9821ea177c66ee2ca"	"fleet-configuration-lifecycle-precondition-candidate"	"unapproved-unexecuted-internal-derived-acceptance-draft"	"8005-AGV-fleet-and-local-configuration"	"needs-fleet-configuration-owner-and-explicit-approval"	"document-route:R06-A; scenario:TC-088; scenario-role:precondition; upstream-fr:FR-028; upstream-uc:UC-020; formation-history:H3:ecd0fd8; FR-028 AC-2 / UC-020"	"none-found-within-r06-pass"	"not-approved"	"fleet-configuration-owner;model-or-vehicle-configuration-version;authoritative-upstream-version;named-approver;approval-date;approved-scope;version-or-sha256-binding;execution-build;execution-environment;executor;execution-time;actual-result;pass-fail;attachment-sha256"
"R06-A0186"	"R06"	"R06-47"	"requirement-documents/05-test-cases/03-agv-fleet-management/tc-088-dispatch-profile-not-fully-stopped-reject.md"	"715551a312a263306b6307b07b1b0806dbdc38266699cfa8cc964b8959e2ca21"	"line 21"	"TC-088 车辆未完全停用，拒绝进入可保存状态 > Test Steps 测试步骤"	"管理员尝试进入配置保存流程。"	"管理员尝试进入配置保存流程。"	"f981bc743cbeb63974fb7dfcf5ff780177098271b86793d0f205c32654b125c3"	"fleet-configuration-lifecycle-action-candidate"	"unapproved-unexecuted-internal-derived-acceptance-draft"	"8005-AGV-fleet-and-local-configuration"	"needs-fleet-configuration-owner-and-explicit-approval"	"document-route:R06-A; scenario:TC-088; scenario-role:action; upstream-fr:FR-028; upstream-uc:UC-020; formation-history:H3:ecd0fd8; FR-028 AC-2 / UC-020"	"none-found-within-r06-pass"	"not-approved"	"fleet-configuration-owner;model-or-vehicle-configuration-version;authoritative-upstream-version;named-approver;approval-date;approved-scope;version-or-sha256-binding;execution-build;execution-environment;executor;execution-time;actual-result;pass-fail;attachment-sha256"
"R06-A0187"	"R06"	"R06-47"	"requirement-documents/05-test-cases/03-agv-fleet-management/tc-088-dispatch-profile-not-fully-stopped-reject.md"	"715551a312a263306b6307b07b1b0806dbdc38266699cfa8cc964b8959e2ca21"	"line 25"	"TC-088 车辆未完全停用，拒绝进入可保存状态 > Expected Result 预期结果"	"系统拒绝进入可保存状态，提示先完成作业并通过 UC-013 禁用。"	"系统拒绝进入可保存状态，提示先完成作业并通过 UC-013 禁用。"	"47a749985ae048ddc592a00517c0faec441dfedfbc79e91caae35d48302b7139"	"operator-HMI-acceptance-candidate"	"unapproved-unexecuted-internal-derived-acceptance-draft"	"8005-slot-and-fleet-operator-HMI"	"needs-operator-product-owner-and-explicit-approval"	"document-route:R06-A; scenario:TC-088; scenario-role:outcome; upstream-fr:FR-028; upstream-uc:UC-020; formation-history:H3:ecd0fd8; FR-028 AC-2 / UC-020"	"none-found-within-r06-pass"	"not-approved"	"operator-or-product-owner;project-station-or-configuration-scope;authoritative-upstream-version;named-approver;approval-date;approved-scope;version-or-sha256-binding;execution-build;execution-environment;executor;execution-time;actual-result;pass-fail;attachment-sha256"
"R06-A0188"	"R06"	"R06-47"	"requirement-documents/05-test-cases/03-agv-fleet-management/tc-088-dispatch-profile-not-fully-stopped-reject.md"	"715551a312a263306b6307b07b1b0806dbdc38266699cfa8cc964b8959e2ca21"	"line 29"	"TC-088 车辆未完全停用，拒绝进入可保存状态 > Verifies 验证对象"	"[[fr-028-agv-dispatch-profile-update-eligibility-and-persistence|FR-028]] AC-2"	"[[fr-028-agv-dispatch-profile-update-eligibility-and-persistence|FR-028]] AC-2"	"ddf00d71170cb388ace8479d35fc39432f9fe7249e36d531e63279854fd8013a"	"verification-traceability-evidence"	"unapproved-unexecuted-internal-derived-acceptance-draft"	"8005-AGV-fleet-and-local-configuration"	"evidence-only"	"document-route:R06-A; scenario:TC-088; scenario-role:verification; upstream-fr:FR-028; upstream-uc:UC-020; formation-history:H3:ecd0fd8; FR-028 AC-2 / UC-020"	"EX-R06-001"	"not-approved"	"authoritative-upstream-version;named-approver;approval-date;approved-scope;version-or-sha256-binding;execution-build;execution-environment;executor;execution-time;actual-result;pass-fail;attachment-sha256"
"R06-A0189"	"R06"	"R06-48"	"requirement-documents/05-test-cases/03-agv-fleet-management/tc-089-dispatch-profile-door-safety-fail-closed-reject.md"	"5ef2f3d46a6a5cec87ec40ace778b7d867ce9f3babca3592121e9f5a5af09944"	"line 17"	"TC-089 仓门或安全状态不满足，fail-closed 拒绝 > Preconditions 前置条件"	"目标车辆任一仓门打开，或仓门、光幕、安全状态未知/异常。"	"目标车辆任一仓门打开，或仓门、光幕、安全状态未知/异常。"	"8d66798e02ecdcaeda159ae4e69dfd3e3177208f18beca80d4754d1dd3f3b002"	"safety-hardware-acceptance-candidate"	"unapproved-unexecuted-internal-derived-acceptance-draft"	"8005-slot-hardware-IO-safety-and-operability"	"needs-safety-hardware-authority-and-explicit-approval"	"document-route:R06-A; scenario:TC-089; scenario-role:precondition; upstream-fr:FR-028; upstream-uc:UC-020; formation-history:H3:ecd0fd8; FR-028 AC-3 / UC-020"	"none-found-within-r06-pass"	"not-approved"	"hardware-and-IO-version-binding;safety-or-hardware-owner;risk-review-evidence;authoritative-upstream-version;named-approver;approval-date;approved-scope;version-or-sha256-binding;execution-build;execution-environment;executor;execution-time;actual-result;pass-fail;attachment-sha256"
"R06-A0190"	"R06"	"R06-48"	"requirement-documents/05-test-cases/03-agv-fleet-management/tc-089-dispatch-profile-door-safety-fail-closed-reject.md"	"5ef2f3d46a6a5cec87ec40ace778b7d867ce9f3babca3592121e9f5a5af09944"	"line 21"	"TC-089 仓门或安全状态不满足，fail-closed 拒绝 > Test Steps 测试步骤"	"管理员尝试保存配置。"	"管理员尝试保存配置。"	"3aa85cbbf33fd1fedc08ee35789b478f5450d04d9867bbed51097e35f59dc998"	"fleet-configuration-lifecycle-action-candidate"	"unapproved-unexecuted-internal-derived-acceptance-draft"	"8005-AGV-fleet-and-local-configuration"	"needs-fleet-configuration-owner-and-explicit-approval"	"document-route:R06-A; scenario:TC-089; scenario-role:action; upstream-fr:FR-028; upstream-uc:UC-020; formation-history:H3:ecd0fd8; FR-028 AC-3 / UC-020"	"none-found-within-r06-pass"	"not-approved"	"fleet-configuration-owner;model-or-vehicle-configuration-version;authoritative-upstream-version;named-approver;approval-date;approved-scope;version-or-sha256-binding;execution-build;execution-environment;executor;execution-time;actual-result;pass-fail;attachment-sha256"
"R06-A0191"	"R06"	"R06-48"	"requirement-documents/05-test-cases/03-agv-fleet-management/tc-089-dispatch-profile-door-safety-fail-closed-reject.md"	"5ef2f3d46a6a5cec87ec40ace778b7d867ce9f3babca3592121e9f5a5af09944"	"line 25"	"TC-089 仓门或安全状态不满足，fail-closed 拒绝 > Expected Result 预期结果"	"系统采用 fail-closed，拒绝保存影响调度的配置并提示处理现场状态。"	"系统采用 fail-closed，拒绝保存影响调度的配置并提示处理现场状态。"	"85726be01553ea647f2d8da23bb83bd78cccb96b86c2832fccf002376ec74143"	"safety-hardware-acceptance-candidate"	"unapproved-unexecuted-internal-derived-acceptance-draft"	"8005-slot-hardware-IO-safety-and-operability"	"needs-safety-hardware-authority-and-explicit-approval"	"document-route:R06-A; scenario:TC-089; scenario-role:outcome; upstream-fr:FR-028; upstream-uc:UC-020; formation-history:H3:ecd0fd8; FR-028 AC-3 / UC-020"	"none-found-within-r06-pass"	"not-approved"	"hardware-and-IO-version-binding;safety-or-hardware-owner;risk-review-evidence;authoritative-upstream-version;named-approver;approval-date;approved-scope;version-or-sha256-binding;execution-build;execution-environment;executor;execution-time;actual-result;pass-fail;attachment-sha256"
"R06-A0192"	"R06"	"R06-48"	"requirement-documents/05-test-cases/03-agv-fleet-management/tc-089-dispatch-profile-door-safety-fail-closed-reject.md"	"5ef2f3d46a6a5cec87ec40ace778b7d867ce9f3babca3592121e9f5a5af09944"	"line 29"	"TC-089 仓门或安全状态不满足，fail-closed 拒绝 > Verifies 验证对象"	"[[fr-028-agv-dispatch-profile-update-eligibility-and-persistence|FR-028]] AC-3"	"[[fr-028-agv-dispatch-profile-update-eligibility-and-persistence|FR-028]] AC-3"	"a5abecb7441353219bd68894a5caf799174e5458c630b1a89b5fa4d72e017127"	"verification-traceability-evidence"	"unapproved-unexecuted-internal-derived-acceptance-draft"	"8005-AGV-fleet-and-local-configuration"	"evidence-only"	"document-route:R06-A; scenario:TC-089; scenario-role:verification; upstream-fr:FR-028; upstream-uc:UC-020; formation-history:H3:ecd0fd8; FR-028 AC-3 / UC-020"	"EX-R06-001"	"not-approved"	"authoritative-upstream-version;named-approver;approval-date;approved-scope;version-or-sha256-binding;execution-build;execution-environment;executor;execution-time;actual-result;pass-fail;attachment-sha256"
"R06-A0193"	"R06"	"R06-49"	"requirement-documents/05-test-cases/03-agv-fleet-management/tc-090-dispatch-profile-config-conflict-reject.md"	"6ce1f21516df3e55b5907440de12516ce05c927826e36640b19ee8538654d4fe"	"line 17"	"TC-090 配置冲突，拒绝保存 > Preconditions 前置条件"	"管理员提交的配置中 RCS/RIOT 车辆 ID 重复、外部车辆不存在，或服务区域等配置不合法。"	"管理员提交的配置中 RCS/RIOT 车辆 ID 重复、外部车辆不存在，或服务区域等配置不合法。"	"8b7385cffe6d2be9dbf9e84c17938ae6e9135f5122f0dce2fb480130eaaf2b9d"	"interface-integration-acceptance-candidate"	"unapproved-unexecuted-internal-derived-acceptance-draft"	"8005-local-server-RIoT-RCS-integration"	"needs-interface-owner-source-and-explicit-approval"	"document-route:R06-A; scenario:TC-090; scenario-role:precondition; upstream-fr:FR-028; upstream-uc:UC-020; formation-history:H3:ecd0fd8; FR-028 AC-4 / UC-020"	"none-found-within-r06-pass"	"not-approved"	"controlled-interface-version;interface-owner;authoritative-upstream-version;named-approver;approval-date;approved-scope;version-or-sha256-binding;execution-build;execution-environment;executor;execution-time;actual-result;pass-fail;attachment-sha256"
"R06-A0194"	"R06"	"R06-49"	"requirement-documents/05-test-cases/03-agv-fleet-management/tc-090-dispatch-profile-config-conflict-reject.md"	"6ce1f21516df3e55b5907440de12516ce05c927826e36640b19ee8538654d4fe"	"line 21"	"TC-090 配置冲突，拒绝保存 > Test Steps 测试步骤"	"系统执行保存前校验。"	"系统执行保存前校验。"	"e479eaca3d72d41d29c14f7d35aafa509308789157f2d3ae2ee51861557c58f2"	"fleet-configuration-lifecycle-action-candidate"	"unapproved-unexecuted-internal-derived-acceptance-draft"	"8005-AGV-fleet-and-local-configuration"	"needs-fleet-configuration-owner-and-explicit-approval"	"document-route:R06-A; scenario:TC-090; scenario-role:action; upstream-fr:FR-028; upstream-uc:UC-020; formation-history:H3:ecd0fd8; FR-028 AC-4 / UC-020; exact-duplicate-of:R06-A0079"	"none-found-within-r06-pass"	"not-approved"	"fleet-configuration-owner;model-or-vehicle-configuration-version;authoritative-upstream-version;named-approver;approval-date;approved-scope;version-or-sha256-binding;execution-build;execution-environment;executor;execution-time;actual-result;pass-fail;attachment-sha256"
"R06-A0195"	"R06"	"R06-49"	"requirement-documents/05-test-cases/03-agv-fleet-management/tc-090-dispatch-profile-config-conflict-reject.md"	"6ce1f21516df3e55b5907440de12516ce05c927826e36640b19ee8538654d4fe"	"line 25"	"TC-090 配置冲突，拒绝保存 > Expected Result 预期结果"	"系统拒绝保存并显示具体冲突项。"	"系统拒绝保存并显示具体冲突项。"	"9102cd7fe693de7801e613837e18c240a039661537458fc9af5c3635771c1942"	"operator-HMI-acceptance-candidate"	"unapproved-unexecuted-internal-derived-acceptance-draft"	"8005-slot-and-fleet-operator-HMI"	"needs-operator-product-owner-and-explicit-approval"	"document-route:R06-A; scenario:TC-090; scenario-role:outcome; upstream-fr:FR-028; upstream-uc:UC-020; formation-history:H3:ecd0fd8; FR-028 AC-4 / UC-020"	"none-found-within-r06-pass"	"not-approved"	"operator-or-product-owner;project-station-or-configuration-scope;authoritative-upstream-version;named-approver;approval-date;approved-scope;version-or-sha256-binding;execution-build;execution-environment;executor;execution-time;actual-result;pass-fail;attachment-sha256"
"R06-A0196"	"R06"	"R06-49"	"requirement-documents/05-test-cases/03-agv-fleet-management/tc-090-dispatch-profile-config-conflict-reject.md"	"6ce1f21516df3e55b5907440de12516ce05c927826e36640b19ee8538654d4fe"	"line 29"	"TC-090 配置冲突，拒绝保存 > Verifies 验证对象"	"[[fr-028-agv-dispatch-profile-update-eligibility-and-persistence|FR-028]] AC-4"	"[[fr-028-agv-dispatch-profile-update-eligibility-and-persistence|FR-028]] AC-4"	"39f1e4a07c3594f5eba0823eb9b61e778d1bbad915f733424033fb8b0b5c8c2b"	"verification-traceability-evidence"	"unapproved-unexecuted-internal-derived-acceptance-draft"	"8005-AGV-fleet-and-local-configuration"	"evidence-only"	"document-route:R06-A; scenario:TC-090; scenario-role:verification; upstream-fr:FR-028; upstream-uc:UC-020; formation-history:H3:ecd0fd8; FR-028 AC-4 / UC-020"	"EX-R06-001"	"not-approved"	"authoritative-upstream-version;named-approver;approval-date;approved-scope;version-or-sha256-binding;execution-build;execution-environment;executor;execution-time;actual-result;pass-fail;attachment-sha256"
"R06-A0197"	"R06"	"R06-50"	"requirement-documents/05-test-cases/03-agv-fleet-management/tc-091-archive-eligible-success.md"	"555341f71531a324b45db849c3fbdaf7193b42cb828a90a863bd16ef05d3d71f"	"line 17"	"TC-091 条件均满足，二次确认后归档成功 > Preconditions 前置条件"	"目标 AGV 已禁用且未归档，不存在未结束的本地任务/作业，RCS/RIOT 队列为空，所有仓门关闭且关键安全状态正常可读取。"	"目标 AGV 已禁用且未归档，不存在未结束的本地任务/作业，RCS/RIOT 队列为空，所有仓门关闭且关键安全状态正常可读取。"	"1993923d964654775b15c343ff6199e9df6c9ce212a572c0428f9dbe221e2ff0"	"safety-hardware-acceptance-candidate"	"unapproved-unexecuted-internal-derived-acceptance-draft"	"8005-slot-hardware-IO-safety-and-operability"	"needs-safety-hardware-authority-and-explicit-approval"	"document-route:R06-A; scenario:TC-091; scenario-role:precondition; upstream-fr:FR-029; upstream-uc:UC-021; formation-history:H3:ecd0fd8; FR-029 AC-1 / UC-021"	"none-found-within-r06-pass"	"not-approved"	"hardware-and-IO-version-binding;safety-or-hardware-owner;risk-review-evidence;authoritative-upstream-version;named-approver;approval-date;approved-scope;version-or-sha256-binding;execution-build;execution-environment;executor;execution-time;actual-result;pass-fail;attachment-sha256"
"R06-A0198"	"R06"	"R06-50"	"requirement-documents/05-test-cases/03-agv-fleet-management/tc-091-archive-eligible-success.md"	"555341f71531a324b45db849c3fbdaf7193b42cb828a90a863bd16ef05d3d71f"	"line 21"	"TC-091 条件均满足，二次确认后归档成功 > Test Steps 测试步骤"	"系统展示归档影响后，管理员二次确认。"	"系统展示归档影响后，管理员二次确认。"	"1ccfaa1305cdd716945858e0698fc4945e8346cc50840eed963e1a690084b06a"	"operator-HMI-acceptance-candidate"	"unapproved-unexecuted-internal-derived-acceptance-draft"	"8005-slot-and-fleet-operator-HMI"	"needs-operator-product-owner-and-explicit-approval"	"document-route:R06-A; scenario:TC-091; scenario-role:action; upstream-fr:FR-029; upstream-uc:UC-021; formation-history:H3:ecd0fd8; FR-029 AC-1 / UC-021"	"none-found-within-r06-pass"	"not-approved"	"operator-or-product-owner;project-station-or-configuration-scope;authoritative-upstream-version;named-approver;approval-date;approved-scope;version-or-sha256-binding;execution-build;execution-environment;executor;execution-time;actual-result;pass-fail;attachment-sha256"
"R06-A0199"	"R06"	"R06-50"	"requirement-documents/05-test-cases/03-agv-fleet-management/tc-091-archive-eligible-success.md"	"555341f71531a324b45db849c3fbdaf7193b42cb828a90a863bd16ef05d3d71f"	"line 25"	"TC-091 条件均满足，二次确认后归档成功 > Expected Result 预期结果"	"系统将该 AGV 标记为""已归档""，记录操作人、时间和原因；"	"系统将该 AGV 标记为""已归档""，记录操作人、时间和原因；历史任务、仓位记录、配置版本和审计日志仍可查询，RCS/RIOT 中的车辆保持不变。"	"54692836bab68accc69a7ecd9c6d223baab340b3bcb9399a0035410e8f8c2910"	"fleet-configuration-lifecycle-outcome-candidate"	"unapproved-unexecuted-internal-derived-acceptance-draft"	"8005-AGV-fleet-and-local-configuration"	"needs-fleet-configuration-owner-and-explicit-approval"	"document-route:R06-A; scenario:TC-091; scenario-role:outcome; upstream-fr:FR-029; upstream-uc:UC-021; formation-history:H3:ecd0fd8; FR-029 AC-1 / UC-021"	"none-found-within-r06-pass"	"not-approved"	"fleet-configuration-owner;model-or-vehicle-configuration-version;authoritative-upstream-version;named-approver;approval-date;approved-scope;version-or-sha256-binding;execution-build;execution-environment;executor;execution-time;actual-result;pass-fail;attachment-sha256"
"R06-A0200"	"R06"	"R06-50"	"requirement-documents/05-test-cases/03-agv-fleet-management/tc-091-archive-eligible-success.md"	"555341f71531a324b45db849c3fbdaf7193b42cb828a90a863bd16ef05d3d71f"	"line 25"	"TC-091 条件均满足，二次确认后归档成功 > Expected Result 预期结果"	"历史任务、仓位记录、配置版本和审计日志仍可查询，RCS/RIOT 中的车辆保持不变。"	"系统将该 AGV 标记为""已归档""，记录操作人、时间和原因；历史任务、仓位记录、配置版本和审计日志仍可查询，RCS/RIOT 中的车辆保持不变。"	"09abf47e2fc804111f4d26378454151991cf0e2ecfd2a11b64a0b900a3565bd9"	"interface-integration-acceptance-candidate"	"unapproved-unexecuted-internal-derived-acceptance-draft"	"8005-local-server-RIoT-RCS-integration"	"needs-interface-owner-source-and-explicit-approval"	"document-route:R06-A; scenario:TC-091; scenario-role:outcome; upstream-fr:FR-029; upstream-uc:UC-021; formation-history:H3:ecd0fd8; FR-029 AC-1 / UC-021"	"none-found-within-r06-pass"	"not-approved"	"controlled-interface-version;interface-owner;authoritative-upstream-version;named-approver;approval-date;approved-scope;version-or-sha256-binding;execution-build;execution-environment;executor;execution-time;actual-result;pass-fail;attachment-sha256"
"R06-A0201"	"R06"	"R06-50"	"requirement-documents/05-test-cases/03-agv-fleet-management/tc-091-archive-eligible-success.md"	"555341f71531a324b45db849c3fbdaf7193b42cb828a90a863bd16ef05d3d71f"	"line 29"	"TC-091 条件均满足，二次确认后归档成功 > Verifies 验证对象"	"[[fr-029-agv-archive-eligibility-check-and-state-transition|FR-029]] AC-1"	"[[fr-029-agv-archive-eligibility-check-and-state-transition|FR-029]] AC-1"	"989caf4cf7560e1affb16140240869ef036f4b6116eaf6f2eb09ea1cd58f4782"	"verification-traceability-evidence"	"unapproved-unexecuted-internal-derived-acceptance-draft"	"8005-AGV-fleet-and-local-configuration"	"evidence-only"	"document-route:R06-A; scenario:TC-091; scenario-role:verification; upstream-fr:FR-029; upstream-uc:UC-021; formation-history:H3:ecd0fd8; FR-029 AC-1 / UC-021"	"EX-R06-001"	"not-approved"	"authoritative-upstream-version;named-approver;approval-date;approved-scope;version-or-sha256-binding;execution-build;execution-environment;executor;execution-time;actual-result;pass-fail;attachment-sha256"
"R06-A0202"	"R06"	"R06-51"	"requirement-documents/05-test-cases/03-agv-fleet-management/tc-092-archive-not-disabled-reject.md"	"6f2690e9ae7fc66d3783aaaf3181536f5be97b9723ad4068df4e68ffcadaa06c"	"line 17"	"TC-092 车辆未禁用，拒绝归档 > Preconditions 前置条件"	"目标 AGV 当前未处于""已禁用""状态。"	"目标 AGV 当前未处于""已禁用""状态。"	"b605c192f01aea0079a65c7702fd571c133461b2deadc86b964514dad7faa167"	"fleet-configuration-lifecycle-precondition-candidate"	"unapproved-unexecuted-internal-derived-acceptance-draft"	"8005-AGV-fleet-and-local-configuration"	"needs-fleet-configuration-owner-and-explicit-approval"	"document-route:R06-A; scenario:TC-092; scenario-role:precondition; upstream-fr:FR-029; upstream-uc:UC-021; formation-history:H3:ecd0fd8; FR-029 AC-2 / UC-021"	"none-found-within-r06-pass"	"not-approved"	"fleet-configuration-owner;model-or-vehicle-configuration-version;authoritative-upstream-version;named-approver;approval-date;approved-scope;version-or-sha256-binding;execution-build;execution-environment;executor;execution-time;actual-result;pass-fail;attachment-sha256"
"R06-A0203"	"R06"	"R06-51"	"requirement-documents/05-test-cases/03-agv-fleet-management/tc-092-archive-not-disabled-reject.md"	"6f2690e9ae7fc66d3783aaaf3181536f5be97b9723ad4068df4e68ffcadaa06c"	"line 21"	"TC-092 车辆未禁用，拒绝归档 > Test Steps 测试步骤"	"管理员发起归档。"	"管理员发起归档。"	"5570843a34bfb161601ecdc3d1ed41fdd6f7aaf69c8207621d1a5c9b60772fcd"	"fleet-configuration-lifecycle-action-candidate"	"unapproved-unexecuted-internal-derived-acceptance-draft"	"8005-AGV-fleet-and-local-configuration"	"needs-fleet-configuration-owner-and-explicit-approval"	"document-route:R06-A; scenario:TC-092; scenario-role:action; upstream-fr:FR-029; upstream-uc:UC-021; formation-history:H3:ecd0fd8; FR-029 AC-2 / UC-021"	"none-found-within-r06-pass"	"not-approved"	"fleet-configuration-owner;model-or-vehicle-configuration-version;authoritative-upstream-version;named-approver;approval-date;approved-scope;version-or-sha256-binding;execution-build;execution-environment;executor;execution-time;actual-result;pass-fail;attachment-sha256"
"R06-A0204"	"R06"	"R06-51"	"requirement-documents/05-test-cases/03-agv-fleet-management/tc-092-archive-not-disabled-reject.md"	"6f2690e9ae7fc66d3783aaaf3181536f5be97b9723ad4068df4e68ffcadaa06c"	"line 25"	"TC-092 车辆未禁用，拒绝归档 > Expected Result 预期结果"	"系统拒绝归档，提示先通过 UC-013 禁用并等待禁用生效。"	"系统拒绝归档，提示先通过 UC-013 禁用并等待禁用生效。"	"19cf41ada315c809e9db4d6f0e02e36697352a9f00bbe8bf6f445d1166f1035f"	"operator-HMI-acceptance-candidate"	"unapproved-unexecuted-internal-derived-acceptance-draft"	"8005-slot-and-fleet-operator-HMI"	"needs-operator-product-owner-and-explicit-approval"	"document-route:R06-A; scenario:TC-092; scenario-role:outcome; upstream-fr:FR-029; upstream-uc:UC-021; formation-history:H3:ecd0fd8; FR-029 AC-2 / UC-021"	"none-found-within-r06-pass"	"not-approved"	"operator-or-product-owner;project-station-or-configuration-scope;authoritative-upstream-version;named-approver;approval-date;approved-scope;version-or-sha256-binding;execution-build;execution-environment;executor;execution-time;actual-result;pass-fail;attachment-sha256"
"R06-A0205"	"R06"	"R06-51"	"requirement-documents/05-test-cases/03-agv-fleet-management/tc-092-archive-not-disabled-reject.md"	"6f2690e9ae7fc66d3783aaaf3181536f5be97b9723ad4068df4e68ffcadaa06c"	"line 29"	"TC-092 车辆未禁用，拒绝归档 > Verifies 验证对象"	"[[fr-029-agv-archive-eligibility-check-and-state-transition|FR-029]] AC-2"	"[[fr-029-agv-archive-eligibility-check-and-state-transition|FR-029]] AC-2"	"a263b58f0d9bfedab000fa45cac0366ac426e459858bf8e52efed9ea1b2e5539"	"verification-traceability-evidence"	"unapproved-unexecuted-internal-derived-acceptance-draft"	"8005-AGV-fleet-and-local-configuration"	"evidence-only"	"document-route:R06-A; scenario:TC-092; scenario-role:verification; upstream-fr:FR-029; upstream-uc:UC-021; formation-history:H3:ecd0fd8; FR-029 AC-2 / UC-021"	"EX-R06-001"	"not-approved"	"authoritative-upstream-version;named-approver;approval-date;approved-scope;version-or-sha256-binding;execution-build;execution-environment;executor;execution-time;actual-result;pass-fail;attachment-sha256"
"R06-A0206"	"R06"	"R06-52"	"requirement-documents/05-test-cases/03-agv-fleet-management/tc-093-archive-unfinished-business-reject.md"	"1f735080d9b0dcf89cd0eede67fdddd1b38e68796811cc73d635603f14d59d0c"	"line 17"	"TC-093 存在未结束业务，拒绝归档 > Preconditions 前置条件"	"目标 AGV 存在进行中任务、等待装卸或异常待恢复的本地作业。"	"目标 AGV 存在进行中任务、等待装卸或异常待恢复的本地作业。"	"d0c8e90213c716fffad092667f9d3f1a122a38cb9c0e09acbe4f6f2b624fcd3d"	"fleet-configuration-lifecycle-precondition-candidate"	"unapproved-unexecuted-internal-derived-acceptance-draft"	"8005-AGV-fleet-and-local-configuration"	"needs-fleet-configuration-owner-and-explicit-approval"	"document-route:R06-A; scenario:TC-093; scenario-role:precondition; upstream-fr:FR-029; upstream-uc:UC-021; formation-history:H3:ecd0fd8; FR-029 AC-3 / UC-021"	"none-found-within-r06-pass"	"not-approved"	"fleet-configuration-owner;model-or-vehicle-configuration-version;authoritative-upstream-version;named-approver;approval-date;approved-scope;version-or-sha256-binding;execution-build;execution-environment;executor;execution-time;actual-result;pass-fail;attachment-sha256"
"R06-A0207"	"R06"	"R06-52"	"requirement-documents/05-test-cases/03-agv-fleet-management/tc-093-archive-unfinished-business-reject.md"	"1f735080d9b0dcf89cd0eede67fdddd1b38e68796811cc73d635603f14d59d0c"	"line 21"	"TC-093 存在未结束业务，拒绝归档 > Test Steps 测试步骤"	"管理员发起归档。"	"管理员发起归档。"	"5570843a34bfb161601ecdc3d1ed41fdd6f7aaf69c8207621d1a5c9b60772fcd"	"fleet-configuration-lifecycle-action-candidate"	"unapproved-unexecuted-internal-derived-acceptance-draft"	"8005-AGV-fleet-and-local-configuration"	"needs-fleet-configuration-owner-and-explicit-approval"	"document-route:R06-A; scenario:TC-093; scenario-role:action; upstream-fr:FR-029; upstream-uc:UC-021; formation-history:H3:ecd0fd8; FR-029 AC-3 / UC-021; exact-duplicate-of:R06-A0203"	"none-found-within-r06-pass"	"not-approved"	"fleet-configuration-owner;model-or-vehicle-configuration-version;authoritative-upstream-version;named-approver;approval-date;approved-scope;version-or-sha256-binding;execution-build;execution-environment;executor;execution-time;actual-result;pass-fail;attachment-sha256"
"R06-A0208"	"R06"	"R06-52"	"requirement-documents/05-test-cases/03-agv-fleet-management/tc-093-archive-unfinished-business-reject.md"	"1f735080d9b0dcf89cd0eede67fdddd1b38e68796811cc73d635603f14d59d0c"	"line 25"	"TC-093 存在未结束业务，拒绝归档 > Expected Result 预期结果"	"系统列出这些未结束的任务/作业，拒绝归档。"	"系统列出这些未结束的任务/作业，拒绝归档。"	"ba4ac9bcdd03a5b704ff53c26d96a0797b39bf61538d2cf6af743a499e4a2b27"	"fleet-configuration-lifecycle-outcome-candidate"	"unapproved-unexecuted-internal-derived-acceptance-draft"	"8005-AGV-fleet-and-local-configuration"	"needs-fleet-configuration-owner-and-explicit-approval"	"document-route:R06-A; scenario:TC-093; scenario-role:outcome; upstream-fr:FR-029; upstream-uc:UC-021; formation-history:H3:ecd0fd8; FR-029 AC-3 / UC-021"	"none-found-within-r06-pass"	"not-approved"	"fleet-configuration-owner;model-or-vehicle-configuration-version;authoritative-upstream-version;named-approver;approval-date;approved-scope;version-or-sha256-binding;execution-build;execution-environment;executor;execution-time;actual-result;pass-fail;attachment-sha256"
"R06-A0209"	"R06"	"R06-52"	"requirement-documents/05-test-cases/03-agv-fleet-management/tc-093-archive-unfinished-business-reject.md"	"1f735080d9b0dcf89cd0eede67fdddd1b38e68796811cc73d635603f14d59d0c"	"line 29"	"TC-093 存在未结束业务，拒绝归档 > Verifies 验证对象"	"[[fr-029-agv-archive-eligibility-check-and-state-transition|FR-029]] AC-3"	"[[fr-029-agv-archive-eligibility-check-and-state-transition|FR-029]] AC-3"	"fd3db68040535d86c077d7be1dce1811f3613badf14ed90ed8c9497d5ed3537d"	"verification-traceability-evidence"	"unapproved-unexecuted-internal-derived-acceptance-draft"	"8005-AGV-fleet-and-local-configuration"	"evidence-only"	"document-route:R06-A; scenario:TC-093; scenario-role:verification; upstream-fr:FR-029; upstream-uc:UC-021; formation-history:H3:ecd0fd8; FR-029 AC-3 / UC-021"	"EX-R06-001"	"not-approved"	"authoritative-upstream-version;named-approver;approval-date;approved-scope;version-or-sha256-binding;execution-build;execution-environment;executor;execution-time;actual-result;pass-fail;attachment-sha256"
"R06-A0210"	"R06"	"R06-53"	"requirement-documents/05-test-cases/03-agv-fleet-management/tc-094-archive-external-safety-fail-closed-reject.md"	"e7a01016267fad39c09464657f5fc80b3a6500fede342d8831843b3a4a7d8694"	"line 17"	"TC-094 外部或安全状态不满足，fail-closed 拒绝 > Preconditions 前置条件"	"目标 AGV 的 RCS/RIOT 队列不为空、任一仓门打开，或任一关键安全状态未知/异常。"	"目标 AGV 的 RCS/RIOT 队列不为空、任一仓门打开，或任一关键安全状态未知/异常。"	"cb554cb8194408a7c6e12c6ba4c7b943283624cb4f22337cc031e2f1e44f581a"	"safety-hardware-acceptance-candidate"	"unapproved-unexecuted-internal-derived-acceptance-draft"	"8005-slot-hardware-IO-safety-and-operability"	"needs-safety-hardware-authority-and-explicit-approval"	"document-route:R06-A; scenario:TC-094; scenario-role:precondition; upstream-fr:FR-029; upstream-uc:UC-021; formation-history:H3:ecd0fd8; FR-029 AC-4 / UC-021"	"none-found-within-r06-pass"	"not-approved"	"hardware-and-IO-version-binding;safety-or-hardware-owner;risk-review-evidence;authoritative-upstream-version;named-approver;approval-date;approved-scope;version-or-sha256-binding;execution-build;execution-environment;executor;execution-time;actual-result;pass-fail;attachment-sha256"
"R06-A0211"	"R06"	"R06-53"	"requirement-documents/05-test-cases/03-agv-fleet-management/tc-094-archive-external-safety-fail-closed-reject.md"	"e7a01016267fad39c09464657f5fc80b3a6500fede342d8831843b3a4a7d8694"	"line 21"	"TC-094 外部或安全状态不满足，fail-closed 拒绝 > Test Steps 测试步骤"	"管理员发起归档。"	"管理员发起归档。"	"5570843a34bfb161601ecdc3d1ed41fdd6f7aaf69c8207621d1a5c9b60772fcd"	"fleet-configuration-lifecycle-action-candidate"	"unapproved-unexecuted-internal-derived-acceptance-draft"	"8005-AGV-fleet-and-local-configuration"	"needs-fleet-configuration-owner-and-explicit-approval"	"document-route:R06-A; scenario:TC-094; scenario-role:action; upstream-fr:FR-029; upstream-uc:UC-021; formation-history:H3:ecd0fd8; FR-029 AC-4 / UC-021; exact-duplicate-of:R06-A0203"	"none-found-within-r06-pass"	"not-approved"	"fleet-configuration-owner;model-or-vehicle-configuration-version;authoritative-upstream-version;named-approver;approval-date;approved-scope;version-or-sha256-binding;execution-build;execution-environment;executor;execution-time;actual-result;pass-fail;attachment-sha256"
"R06-A0212"	"R06"	"R06-53"	"requirement-documents/05-test-cases/03-agv-fleet-management/tc-094-archive-external-safety-fail-closed-reject.md"	"e7a01016267fad39c09464657f5fc80b3a6500fede342d8831843b3a4a7d8694"	"line 25"	"TC-094 外部或安全状态不满足，fail-closed 拒绝 > Expected Result 预期结果"	"系统采用 fail-closed，拒绝归档并显示具体原因。"	"系统采用 fail-closed，拒绝归档并显示具体原因。"	"010a9c7d5770a7479e8227511d80c595cd272d08230f397519da2ac9119c933d"	"safety-hardware-acceptance-candidate"	"unapproved-unexecuted-internal-derived-acceptance-draft"	"8005-slot-hardware-IO-safety-and-operability"	"needs-safety-hardware-authority-and-explicit-approval"	"document-route:R06-A; scenario:TC-094; scenario-role:outcome; upstream-fr:FR-029; upstream-uc:UC-021; formation-history:H3:ecd0fd8; FR-029 AC-4 / UC-021"	"none-found-within-r06-pass"	"not-approved"	"hardware-and-IO-version-binding;safety-or-hardware-owner;risk-review-evidence;authoritative-upstream-version;named-approver;approval-date;approved-scope;version-or-sha256-binding;execution-build;execution-environment;executor;execution-time;actual-result;pass-fail;attachment-sha256"
"R06-A0213"	"R06"	"R06-53"	"requirement-documents/05-test-cases/03-agv-fleet-management/tc-094-archive-external-safety-fail-closed-reject.md"	"e7a01016267fad39c09464657f5fc80b3a6500fede342d8831843b3a4a7d8694"	"line 29"	"TC-094 外部或安全状态不满足，fail-closed 拒绝 > Verifies 验证对象"	"[[fr-029-agv-archive-eligibility-check-and-state-transition|FR-029]] AC-4"	"[[fr-029-agv-archive-eligibility-check-and-state-transition|FR-029]] AC-4"	"b7a8c6085a1553c969ec1e6d96aafb05a1f92db7a8d6f51b15781d38a31dad62"	"verification-traceability-evidence"	"unapproved-unexecuted-internal-derived-acceptance-draft"	"8005-AGV-fleet-and-local-configuration"	"evidence-only"	"document-route:R06-A; scenario:TC-094; scenario-role:verification; upstream-fr:FR-029; upstream-uc:UC-021; formation-history:H3:ecd0fd8; FR-029 AC-4 / UC-021"	"EX-R06-001"	"not-approved"	"authoritative-upstream-version;named-approver;approval-date;approved-scope;version-or-sha256-binding;execution-build;execution-environment;executor;execution-time;actual-result;pass-fail;attachment-sha256"
"R06-A0214"	"R06"	"R06-54"	"requirement-documents/05-test-cases/03-agv-fleet-management/tc-095-fleet-dashboard-normal-display.md"	"52e962bede21aab659c516c46291703eeed0bf20b935e831e5588cade57c0856"	"line 17"	"TC-095 正常展示车辆列表并按 BR-002 计算可分配结论 > Preconditions 前置条件"	"管理员打开 AGV 车队页面，本地档案、配置、本地作业状态，以及 RCS/RIOT 与仓门/光幕/安全状态均可正常读取。"	"管理员打开 AGV 车队页面，本地档案、配置、本地作业状态，以及 RCS/RIOT 与仓门/光幕/安全状态均可正常读取。"	"2ab27f6ac2665cb4827ee1d3aa1437749f07b979fe7321e389ec72900e9cbeea"	"safety-hardware-acceptance-candidate"	"unapproved-unexecuted-internal-derived-acceptance-draft"	"8005-slot-hardware-IO-safety-and-operability"	"needs-safety-hardware-authority-and-explicit-approval"	"document-route:R06-A; scenario:TC-095; scenario-role:precondition; upstream-fr:FR-030; upstream-uc:UC-022; formation-history:H3:ecd0fd8; FR-030 AC-1 / UC-022"	"none-found-within-r06-pass"	"not-approved"	"hardware-and-IO-version-binding;safety-or-hardware-owner;risk-review-evidence;authoritative-upstream-version;named-approver;approval-date;approved-scope;version-or-sha256-binding;execution-build;execution-environment;executor;execution-time;actual-result;pass-fail;attachment-sha256"
"R06-A0215"	"R06"	"R06-54"	"requirement-documents/05-test-cases/03-agv-fleet-management/tc-095-fleet-dashboard-normal-display.md"	"52e962bede21aab659c516c46291703eeed0bf20b935e831e5588cade57c0856"	"line 21"	"TC-095 正常展示车辆列表并按 BR-002 计算可分配结论 > Test Steps 测试步骤"	"系统按 BR-002 计算每台车的可分配结论。"	"系统按 BR-002 计算每台车的可分配结论。"	"acc9bab5b8e9b3c8d90538e58d6ca9827243599d8f1aa20af017c733d0503f6c"	"fleet-configuration-lifecycle-action-candidate"	"unapproved-unexecuted-internal-derived-acceptance-draft"	"8005-AGV-fleet-and-local-configuration"	"needs-fleet-configuration-owner-and-explicit-approval"	"document-route:R06-A; scenario:TC-095; scenario-role:action; upstream-fr:FR-030; upstream-uc:UC-022; formation-history:H3:ecd0fd8; FR-030 AC-1 / UC-022"	"none-found-within-r06-pass"	"not-approved"	"fleet-configuration-owner;model-or-vehicle-configuration-version;authoritative-upstream-version;named-approver;approval-date;approved-scope;version-or-sha256-binding;execution-build;execution-environment;executor;execution-time;actual-result;pass-fail;attachment-sha256"
"R06-A0216"	"R06"	"R06-54"	"requirement-documents/05-test-cases/03-agv-fleet-management/tc-095-fleet-dashboard-normal-display.md"	"52e962bede21aab659c516c46291703eeed0bf20b935e831e5588cade57c0856"	"line 25"	"TC-095 正常展示车辆列表并按 BR-002 计算可分配结论 > Expected Result 预期结果"	"系统展示车辆列表（本地名称、RCS ID、车型、启停/归档状态、位置、电量、任务、仓门、可分配结论），管理员可打开详情查看完整配置、当前作业、状态时间戳和不可分配原因。"	"系统展示车辆列表（本地名称、RCS ID、车型、启停/归档状态、位置、电量、任务、仓门、可分配结论），管理员可打开详情查看完整配置、当前作业、状态时间戳和不可分配原因。"	"651c1ad967ef6cb6d3c3e7d6766f46012a1db50c0172235781e33d3dccf9ada2"	"safety-hardware-acceptance-candidate"	"unapproved-unexecuted-internal-derived-acceptance-draft"	"8005-slot-hardware-IO-safety-and-operability"	"needs-safety-hardware-authority-and-explicit-approval"	"document-route:R06-A; scenario:TC-095; scenario-role:outcome; upstream-fr:FR-030; upstream-uc:UC-022; formation-history:H3:ecd0fd8; FR-030 AC-1 / UC-022"	"none-found-within-r06-pass"	"not-approved"	"hardware-and-IO-version-binding;safety-or-hardware-owner;risk-review-evidence;authoritative-upstream-version;named-approver;approval-date;approved-scope;version-or-sha256-binding;execution-build;execution-environment;executor;execution-time;actual-result;pass-fail;attachment-sha256"
"R06-A0217"	"R06"	"R06-54"	"requirement-documents/05-test-cases/03-agv-fleet-management/tc-095-fleet-dashboard-normal-display.md"	"52e962bede21aab659c516c46291703eeed0bf20b935e831e5588cade57c0856"	"line 29"	"TC-095 正常展示车辆列表并按 BR-002 计算可分配结论 > Verifies 验证对象"	"[[fr-030-agv-fleet-dashboard-display-and-eligibility-reasoning|FR-030]] AC-1"	"[[fr-030-agv-fleet-dashboard-display-and-eligibility-reasoning|FR-030]] AC-1"	"efceb7b54bcd5aa72073e76ccb73bfc78dc82d1625778387d80a5ee6eb866224"	"verification-traceability-evidence"	"unapproved-unexecuted-internal-derived-acceptance-draft"	"8005-AGV-fleet-and-local-configuration"	"evidence-only"	"document-route:R06-A; scenario:TC-095; scenario-role:verification; upstream-fr:FR-030; upstream-uc:UC-022; formation-history:H3:ecd0fd8; FR-030 AC-1 / UC-022"	"EX-R06-001"	"not-approved"	"authoritative-upstream-version;named-approver;approval-date;approved-scope;version-or-sha256-binding;execution-build;execution-environment;executor;execution-time;actual-result;pass-fail;attachment-sha256"
"R06-A0218"	"R06"	"R06-55"	"requirement-documents/05-test-cases/03-agv-fleet-management/tc-096-fleet-dashboard-rcs-status-fail-stale.md"	"dde18ee6291fc84fc5f31ea8519cd09481fa7fcda593023a256a874abd84272e"	"line 17"	"TC-096 外部状态读取失败，保留旧数据并标记过期未知 > Preconditions 前置条件"	"管理员正在查看或刷新车队页面。"	"管理员正在查看或刷新车队页面。"	"2ce5dc5e900420a1b841b4012eaeea7ebbef56ef77089a89816cc9373b18dec8"	"operator-HMI-acceptance-candidate"	"unapproved-unexecuted-internal-derived-acceptance-draft"	"8005-slot-and-fleet-operator-HMI"	"needs-operator-product-owner-and-explicit-approval"	"document-route:R06-A; scenario:TC-096; scenario-role:precondition; upstream-fr:FR-030; upstream-uc:UC-022; formation-history:H3:ecd0fd8; FR-030 AC-2 / UC-022"	"none-found-within-r06-pass"	"not-approved"	"operator-or-product-owner;project-station-or-configuration-scope;authoritative-upstream-version;named-approver;approval-date;approved-scope;version-or-sha256-binding;execution-build;execution-environment;executor;execution-time;actual-result;pass-fail;attachment-sha256"
"R06-A0219"	"R06"	"R06-55"	"requirement-documents/05-test-cases/03-agv-fleet-management/tc-096-fleet-dashboard-rcs-status-fail-stale.md"	"dde18ee6291fc84fc5f31ea8519cd09481fa7fcda593023a256a874abd84272e"	"line 21"	"TC-096 外部状态读取失败，保留旧数据并标记过期未知 > Test Steps 测试步骤"	"RCS/RIOT 状态读取失败。"	"RCS/RIOT 状态读取失败。"	"3fc6c5da186d2fb3f7d4163e16c7af7c8238717a3d2a23bdc7ef762efe1673b9"	"interface-integration-acceptance-candidate"	"unapproved-unexecuted-internal-derived-acceptance-draft"	"8005-local-server-RIoT-RCS-integration"	"needs-interface-owner-source-and-explicit-approval"	"document-route:R06-A; scenario:TC-096; scenario-role:action; upstream-fr:FR-030; upstream-uc:UC-022; formation-history:H3:ecd0fd8; FR-030 AC-2 / UC-022"	"none-found-within-r06-pass"	"not-approved"	"controlled-interface-version;interface-owner;authoritative-upstream-version;named-approver;approval-date;approved-scope;version-or-sha256-binding;execution-build;execution-environment;executor;execution-time;actual-result;pass-fail;attachment-sha256"
"R06-A0220"	"R06"	"R06-55"	"requirement-documents/05-test-cases/03-agv-fleet-management/tc-096-fleet-dashboard-rcs-status-fail-stale.md"	"dde18ee6291fc84fc5f31ea8519cd09481fa7fcda593023a256a874abd84272e"	"line 25"	"TC-096 外部状态读取失败，保留旧数据并标记过期未知 > Expected Result 预期结果"	"系统保留最近一次状态及其时间戳，明确标记为过期/未知，将该车辆判定为不可分配，记录接口异常并告警。"	"系统保留最近一次状态及其时间戳，明确标记为过期/未知，将该车辆判定为不可分配，记录接口异常并告警。"	"2cb6a3272b5f8deb8ebb2c1e36e59a6c6c3bc51fe39e74e6dd811caff9d461a2"	"operator-HMI-acceptance-candidate"	"unapproved-unexecuted-internal-derived-acceptance-draft"	"8005-slot-and-fleet-operator-HMI"	"needs-operator-product-owner-and-explicit-approval"	"document-route:R06-A; scenario:TC-096; scenario-role:outcome; upstream-fr:FR-030; upstream-uc:UC-022; formation-history:H3:ecd0fd8; FR-030 AC-2 / UC-022"	"none-found-within-r06-pass"	"not-approved"	"operator-or-product-owner;project-station-or-configuration-scope;authoritative-upstream-version;named-approver;approval-date;approved-scope;version-or-sha256-binding;execution-build;execution-environment;executor;execution-time;actual-result;pass-fail;attachment-sha256"
"R06-A0221"	"R06"	"R06-55"	"requirement-documents/05-test-cases/03-agv-fleet-management/tc-096-fleet-dashboard-rcs-status-fail-stale.md"	"dde18ee6291fc84fc5f31ea8519cd09481fa7fcda593023a256a874abd84272e"	"line 29"	"TC-096 外部状态读取失败，保留旧数据并标记过期未知 > Verifies 验证对象"	"[[fr-030-agv-fleet-dashboard-display-and-eligibility-reasoning|FR-030]] AC-2"	"[[fr-030-agv-fleet-dashboard-display-and-eligibility-reasoning|FR-030]] AC-2"	"8d09930d9699ffede41b6180cd24f52feac5faff98a708d6133f273143460864"	"verification-traceability-evidence"	"unapproved-unexecuted-internal-derived-acceptance-draft"	"8005-AGV-fleet-and-local-configuration"	"evidence-only"	"document-route:R06-A; scenario:TC-096; scenario-role:verification; upstream-fr:FR-030; upstream-uc:UC-022; formation-history:H3:ecd0fd8; FR-030 AC-2 / UC-022"	"EX-R06-001"	"not-approved"	"authoritative-upstream-version;named-approver;approval-date;approved-scope;version-or-sha256-binding;execution-build;execution-environment;executor;execution-time;actual-result;pass-fail;attachment-sha256"
"R06-A0222"	"R06"	"R06-56"	"requirement-documents/05-test-cases/03-agv-fleet-management/tc-097-fleet-dashboard-io-safety-status-fail-unknown.md"	"c231ce3548ff3696ac8f5dc2cd46eef4801c6acaaa042702acf55b95388bb44c"	"line 17"	"TC-097 IO 或安全状态读取失败，标记未知并判定不可分配 > Preconditions 前置条件"	"管理员正在查看或刷新车队页面。"	"管理员正在查看或刷新车队页面。"	"2ce5dc5e900420a1b841b4012eaeea7ebbef56ef77089a89816cc9373b18dec8"	"operator-HMI-acceptance-candidate"	"unapproved-unexecuted-internal-derived-acceptance-draft"	"8005-slot-and-fleet-operator-HMI"	"needs-operator-product-owner-and-explicit-approval"	"document-route:R06-A; scenario:TC-097; scenario-role:precondition; upstream-fr:FR-030; upstream-uc:UC-022; formation-history:H3:ecd0fd8; FR-030 AC-3 / UC-022; exact-duplicate-of:R06-A0218"	"none-found-within-r06-pass"	"not-approved"	"operator-or-product-owner;project-station-or-configuration-scope;authoritative-upstream-version;named-approver;approval-date;approved-scope;version-or-sha256-binding;execution-build;execution-environment;executor;execution-time;actual-result;pass-fail;attachment-sha256"
"R06-A0223"	"R06"	"R06-56"	"requirement-documents/05-test-cases/03-agv-fleet-management/tc-097-fleet-dashboard-io-safety-status-fail-unknown.md"	"c231ce3548ff3696ac8f5dc2cd46eef4801c6acaaa042702acf55b95388bb44c"	"line 21"	"TC-097 IO 或安全状态读取失败，标记未知并判定不可分配 > Test Steps 测试步骤"	"某台车辆的仓门、光幕或安全状态读取失败。"	"某台车辆的仓门、光幕或安全状态读取失败。"	"cba04d335184df88164dbffe914af5674a6a26ed7e7ead3d063ef977ac499bef"	"safety-hardware-acceptance-candidate"	"unapproved-unexecuted-internal-derived-acceptance-draft"	"8005-slot-hardware-IO-safety-and-operability"	"needs-safety-hardware-authority-and-explicit-approval"	"document-route:R06-A; scenario:TC-097; scenario-role:action; upstream-fr:FR-030; upstream-uc:UC-022; formation-history:H3:ecd0fd8; FR-030 AC-3 / UC-022"	"none-found-within-r06-pass"	"not-approved"	"hardware-and-IO-version-binding;safety-or-hardware-owner;risk-review-evidence;authoritative-upstream-version;named-approver;approval-date;approved-scope;version-or-sha256-binding;execution-build;execution-environment;executor;execution-time;actual-result;pass-fail;attachment-sha256"
"R06-A0224"	"R06"	"R06-56"	"requirement-documents/05-test-cases/03-agv-fleet-management/tc-097-fleet-dashboard-io-safety-status-fail-unknown.md"	"c231ce3548ff3696ac8f5dc2cd46eef4801c6acaaa042702acf55b95388bb44c"	"line 25"	"TC-097 IO 或安全状态读取失败，标记未知并判定不可分配 > Expected Result 预期结果"	"系统将对应状态标记为未知，判定该车辆不可分配，并显示具体缺失项。"	"系统将对应状态标记为未知，判定该车辆不可分配，并显示具体缺失项。"	"9f3bc0e593c224ea570ebc0aa67cc883f40851fc558e24da0753a4d3b85ad660"	"operator-HMI-acceptance-candidate"	"unapproved-unexecuted-internal-derived-acceptance-draft"	"8005-slot-and-fleet-operator-HMI"	"needs-operator-product-owner-and-explicit-approval"	"document-route:R06-A; scenario:TC-097; scenario-role:outcome; upstream-fr:FR-030; upstream-uc:UC-022; formation-history:H3:ecd0fd8; FR-030 AC-3 / UC-022"	"none-found-within-r06-pass"	"not-approved"	"operator-or-product-owner;project-station-or-configuration-scope;authoritative-upstream-version;named-approver;approval-date;approved-scope;version-or-sha256-binding;execution-build;execution-environment;executor;execution-time;actual-result;pass-fail;attachment-sha256"
"R06-A0225"	"R06"	"R06-56"	"requirement-documents/05-test-cases/03-agv-fleet-management/tc-097-fleet-dashboard-io-safety-status-fail-unknown.md"	"c231ce3548ff3696ac8f5dc2cd46eef4801c6acaaa042702acf55b95388bb44c"	"line 29"	"TC-097 IO 或安全状态读取失败，标记未知并判定不可分配 > Verifies 验证对象"	"[[fr-030-agv-fleet-dashboard-display-and-eligibility-reasoning|FR-030]] AC-3"	"[[fr-030-agv-fleet-dashboard-display-and-eligibility-reasoning|FR-030]] AC-3"	"9fcc9ed3870d046e0f8c6ff374b3ada4f6423993d2f9b67777b0398a159d071f"	"verification-traceability-evidence"	"unapproved-unexecuted-internal-derived-acceptance-draft"	"8005-AGV-fleet-and-local-configuration"	"evidence-only"	"document-route:R06-A; scenario:TC-097; scenario-role:verification; upstream-fr:FR-030; upstream-uc:UC-022; formation-history:H3:ecd0fd8; FR-030 AC-3 / UC-022"	"EX-R06-001"	"not-approved"	"authoritative-upstream-version;named-approver;approval-date;approved-scope;version-or-sha256-binding;execution-build;execution-environment;executor;execution-time;actual-result;pass-fail;attachment-sha256"
"R06-N001"	"R06"	"R04-17"	"requirement-documents/04-functional-requirements/02-slot-and-hardware/fr-016-slot-enable-disable-batch-eligibility-and-state-update.md"	"bd9df8d49efd21941ec36aade3976ca4a0e1ff58eb64cf2626a3796b8ca35920"	"lines 29-32"	"FR-016 > Acceptance Criteria > AC-1 立即禁用"	"AC-1（立即禁用） | **Given** 仓位无活动、预留和业务内容 | **When** 操作人员禁用 | **Then** 立即置为已禁用并阻止新分配"	"**AC-1（立即禁用）** | **Given** 仓位无活动、预留和业务内容 | **When** 操作人员禁用 | **Then** 立即置为已禁用并阻止新分配"	"183326f4065fced215bf0b4be145722e25d6fcd16c54447ff7cc5e9c60816a64"	"current-fr016-new-identity-acceptance-candidate"	"unapproved-current-fr016-acceptance-candidate-new-identity"	"8005-slot-management-and-hardware-operability"	"needs-upstream-source-and-explicit-approval"	"new-identity:立即禁用; decision-ticket:40; replaces-no-old-tc; old-tc-history-only:TC-044@ecd0fd89c51c6602eda13f37b7c2e9fe181e5aad; upstream-fr:FR-016; upstream-uc:UC-014; source-ledger:R04-17"	"AD-R06-001"	"not-approved"	"authoritative-upstream-version;named-approver;approval-date;approved-scope;version-or-sha256-binding;execution-build;execution-environment;executor;execution-time;actual-result;pass-fail;attachment-sha256"
"R06-N002"	"R06"	"R04-17"	"requirement-documents/04-functional-requirements/02-slot-and-hardware/fr-016-slot-enable-disable-batch-eligibility-and-state-update.md"	"bd9df8d49efd21941ec36aade3976ca4a0e1ff58eb64cf2626a3796b8ca35920"	"lines 33-36"	"FR-016 > Acceptance Criteria > AC-2 待禁用"	"AC-2（待禁用） | **Given** 仓位已被活动 Sublot 使用、预留或载有产品 | **When** 操作人员禁用 | **Then** 置为待禁用，既有业务继续、新业务禁止；业务确认结束后自动转已禁用"	"**AC-2（待禁用）** | **Given** 仓位已被活动 Sublot 使用、预留或载有产品 | **When** 操作人员禁用 | **Then** 置为待禁用，既有业务继续、新业务禁止；业务确认结束后自动转已禁用"	"e907ae22c5153e36f6055ecba58b0584e55433bf39daec01aee3dc7e7792fc77"	"current-fr016-new-identity-acceptance-candidate"	"unapproved-current-fr016-acceptance-candidate-new-identity"	"8005-slot-management-and-hardware-operability"	"needs-upstream-source-and-explicit-approval"	"new-identity:待禁用; decision-ticket:40; replaces-no-old-tc; old-tc-history-only:TC-045@ecd0fd89c51c6602eda13f37b7c2e9fe181e5aad; upstream-fr:FR-016; upstream-uc:UC-014; source-ledger:R04-17"	"AD-R06-001"	"not-approved"	"authoritative-upstream-version;named-approver;approval-date;approved-scope;version-or-sha256-binding;execution-build;execution-environment;executor;execution-time;actual-result;pass-fail;attachment-sha256"
"R06-N003"	"R06"	"R04-17"	"requirement-documents/04-functional-requirements/02-slot-and-hardware/fr-016-slot-enable-disable-batch-eligibility-and-state-update.md"	"bd9df8d49efd21941ec36aade3976ca4a0e1ff58eb64cf2626a3796b8ca35920"	"lines 37-40"	"FR-016 > Acceptance Criteria > AC-3 启用不覆盖车载硬件不可操作"	"AC-3（启用不覆盖车载硬件不可操作） | **Given** 服务端管理禁用且车载仓位不可操作 | **When** 操作人员启用 | **Then** 清除管理禁用，但最终仍因车载硬件不可操作而不可使用"	"**AC-3（启用不覆盖硬件故障）** | **Given** 服务端管理禁用且车载仓位不可操作 | **When** 操作人员启用 | **Then** 清除管理禁用，但最终仍因车载硬件不可操作而不可使用"	"262f41b37e5c5349bea5d109c9ed39339f665b78af5c5e0e8abcc4a55a18ecdc"	"current-fr016-new-identity-acceptance-candidate"	"unapproved-current-fr016-acceptance-candidate-new-identity"	"8005-slot-management-and-hardware-operability"	"needs-upstream-source-and-explicit-approval"	"new-identity:启用不覆盖车载硬件不可操作; decision-ticket:40; replaces-no-old-tc; old-tc-history-only:TC-046@ecd0fd89c51c6602eda13f37b7c2e9fe181e5aad; upstream-fr:FR-016; upstream-uc:UC-014; source-ledger:R04-17"	"AD-R06-001"	"not-approved"	"authoritative-upstream-version;named-approver;approval-date;approved-scope;version-or-sha256-binding;execution-build;execution-environment;executor;execution-time;actual-result;pass-fail;attachment-sha256"
"R06-N004"	"R06"	"R04-17"	"requirement-documents/04-functional-requirements/02-slot-and-hardware/fr-016-slot-enable-disable-batch-eligibility-and-state-update.md"	"bd9df8d49efd21941ec36aade3976ca4a0e1ff58eb64cf2626a3796b8ca35920"	"lines 41-43"	"FR-016 > Acceptance Criteria > AC-4 批量独立结果"	"AC-4（批量独立结果） | **Then** 每个仓位分别返回立即生效、待生效、已启用或失败原因，并记录审计"	"**AC-4（批量独立结果）** | **Then** 每个仓位分别返回立即生效、待生效、已启用或失败原因，并记录审计"	"365cdd7536ee071e27edf862582481ed477e8567aea14c1e2c270ef4c2fa0f3d"	"current-fr016-new-identity-acceptance-candidate"	"unapproved-current-fr016-acceptance-candidate-new-identity"	"8005-slot-management-and-hardware-operability"	"needs-upstream-source-and-explicit-approval"	"new-identity:批量独立结果; decision-ticket:40; replaces-no-old-tc; old-tc-history-only:TC-047@ecd0fd89c51c6602eda13f37b7c2e9fe181e5aad; upstream-fr:FR-016; upstream-uc:UC-014; source-ledger:R04-17"	"AD-R06-001"	"not-approved"	"authoritative-upstream-version;named-approver;approval-date;approved-scope;version-or-sha256-binding;execution-build;execution-environment;executor;execution-time;actual-result;pass-fail;attachment-sha256"
