"candidate_id"	"batch_id"	"source_record_id"	"source_path"	"source_sha256"	"exact_location"	"section_path"	"statement_text"	"source_context"	"statement_fingerprint"	"candidate_class"	"source_claim_status"	"applicable_scope"	"baseline_route"	"duplicate_or_derivation"	"conflict_pointer"	"approval_state"	"approval_gap"
"R09-A0001"	"R09"	"R09-01"	"docs/adr/mes/0001-queueing-stall-handling.md"	"9b915792d3760cdaf7d400465325fb9a08458cc261cc1b885e327f3715037573"	"line 3"	"QueueingStall：预防 + 下单前清积压；超时只报警 > Decision"	"MES 对 QUEUEING 滞留采用：建单前做 RouteCost/车态等预防自检；"	"MES 对 QUEUEING 滞留采用：建单前做 RouteCost/车态等预防自检；向某车下新单前，按 BC-ORDER-013 清掉该车相关 QUEUEING/HELD 积压并确认 IDLE 后再派；若检测到 Stall 超时则报警并转人工，不自动 CANCEL。不用 PriorityExec 作为 Stall 的默认解脱手段（插队是可选能力，不是 Stall 策略）。"	"4abcf9dadf8b91aa1bf24ea24285e32e450a5c631845e4212c14c9ba01b5db12"	"business-behavior-relying-on-external-contract-candidate"	"unapproved-internal-adr-status-is-not-business-or-external-contract-approval"	"8005-MES-dispatch-stall-hang-and-charge-recovery"	"needs-business-owner-bound-contract-and-explicit-approval"	"document-route:R09-candidate; unit-kind:adr-decision-or-section-item; source-document-class:R09-R; ledger-history:7/23 在旧 MES ADR 目录形成，7/27 100% 迁移。BC-ORDER-013 只支持清积压事实；预防、超时只报警、不自动 CANCEL 是新增策略。"	"CF-R09-001"	"not-approved"	"authoritative-business-owner;bound-external-system-version-or-contract;observed-failure-path-evidence;named-approver;approval-date;approved-scope;version-or-sha256-binding"
"R09-A0002"	"R09"	"R09-01"	"docs/adr/mes/0001-queueing-stall-handling.md"	"9b915792d3760cdaf7d400465325fb9a08458cc261cc1b885e327f3715037573"	"line 3"	"QueueingStall：预防 + 下单前清积压；超时只报警 > Decision"	"向某车下新单前，按 BC-ORDER-013 清掉该车相关 QUEUEING/HELD 积压并确认 IDLE 后再派；"	"MES 对 QUEUEING 滞留采用：建单前做 RouteCost/车态等预防自检；向某车下新单前，按 BC-ORDER-013 清掉该车相关 QUEUEING/HELD 积压并确认 IDLE 后再派；若检测到 Stall 超时则报警并转人工，不自动 CANCEL。不用 PriorityExec 作为 Stall 的默认解脱手段（插队是可选能力，不是 Stall 策略）。"	"ab6416555911acecbb272b0228aa7f35694fe6214a447d0241bfd98a2b0b4612"	"business-behavior-relying-on-external-contract-candidate"	"unapproved-internal-adr-status-is-not-business-or-external-contract-approval"	"8005-MES-dispatch-stall-hang-and-charge-recovery"	"needs-business-owner-bound-contract-and-explicit-approval"	"document-route:R09-candidate; unit-kind:adr-decision-or-section-item; source-document-class:R09-R; ledger-history:7/23 在旧 MES ADR 目录形成，7/27 100% 迁移。BC-ORDER-013 只支持清积压事实；预防、超时只报警、不自动 CANCEL 是新增策略。"	"CF-R09-001"	"not-approved"	"authoritative-business-owner;bound-external-system-version-or-contract;observed-failure-path-evidence;named-approver;approval-date;approved-scope;version-or-sha256-binding"
"R09-A0003"	"R09"	"R09-01"	"docs/adr/mes/0001-queueing-stall-handling.md"	"9b915792d3760cdaf7d400465325fb9a08458cc261cc1b885e327f3715037573"	"line 3"	"QueueingStall：预防 + 下单前清积压；超时只报警 > Decision"	"若检测到 Stall 超时则报警并转人工，不自动 CANCEL。"	"MES 对 QUEUEING 滞留采用：建单前做 RouteCost/车态等预防自检；向某车下新单前，按 BC-ORDER-013 清掉该车相关 QUEUEING/HELD 积压并确认 IDLE 后再派；若检测到 Stall 超时则报警并转人工，不自动 CANCEL。不用 PriorityExec 作为 Stall 的默认解脱手段（插队是可选能力，不是 Stall 策略）。"	"e3536595480cedef6c26af7a2a3dca75fbf2055a9912a939ab4e706d4c9fa5cb"	"mes-dispatch-or-demand-lifecycle-business-rule-candidate"	"unapproved-internal-adr-status-is-not-business-or-external-contract-approval"	"8005-MES-dispatch-stall-hang-and-charge-recovery"	"needs-business-owner-and-explicit-approval"	"document-route:R09-candidate; unit-kind:adr-decision-or-section-item; source-document-class:R09-R; ledger-history:7/23 在旧 MES ADR 目录形成，7/27 100% 迁移。BC-ORDER-013 只支持清积压事实；预防、超时只报警、不自动 CANCEL 是新增策略。"	"CF-R09-001"	"not-approved"	"authoritative-business-source;responsible-business-or-operations-owner;named-approver;approval-date;approved-scope;version-or-sha256-binding"
"R09-A0004"	"R09"	"R09-01"	"docs/adr/mes/0001-queueing-stall-handling.md"	"9b915792d3760cdaf7d400465325fb9a08458cc261cc1b885e327f3715037573"	"line 3"	"QueueingStall：预防 + 下单前清积压；超时只报警 > Decision"	"不用 PriorityExec 作为 Stall 的默认解脱手段（插队是可选能力，不是 Stall 策略）。"	"MES 对 QUEUEING 滞留采用：建单前做 RouteCost/车态等预防自检；向某车下新单前，按 BC-ORDER-013 清掉该车相关 QUEUEING/HELD 积压并确认 IDLE 后再派；若检测到 Stall 超时则报警并转人工，不自动 CANCEL。不用 PriorityExec 作为 Stall 的默认解脱手段（插队是可选能力，不是 Stall 策略）。"	"010f650bf87a95bb2342e154a3651c75e18c897c0864d9ad4f7ec350f3de34ce"	"business-behavior-relying-on-external-contract-candidate"	"unapproved-internal-adr-status-is-not-business-or-external-contract-approval"	"8005-MES-dispatch-stall-hang-and-charge-recovery"	"needs-business-owner-bound-contract-and-explicit-approval"	"document-route:R09-candidate; unit-kind:adr-decision-or-section-item; source-document-class:R09-R; ledger-history:7/23 在旧 MES ADR 目录形成，7/27 100% 迁移。BC-ORDER-013 只支持清积压事实；预防、超时只报警、不自动 CANCEL 是新增策略。"	"CF-R09-001"	"not-approved"	"authoritative-business-owner;bound-external-system-version-or-contract;observed-failure-path-evidence;named-approver;approval-date;approved-scope;version-or-sha256-binding"
"R09-A0005"	"R09"	"R09-01"	"docs/adr/mes/0001-queueing-stall-handling.md"	"9b915792d3760cdaf7d400465325fb9a08458cc261cc1b885e327f3715037573"	"line 5"	"QueueingStall：预防 + 下单前清积压；超时只报警 > Status"	"accepted"	"**Status**: accepted"	"070c160a6299c5438070b1aa737b14fc2992ed49579c14264884886a5876f971"	"source-status-options-or-implementation-evidence"	"unapproved-internal-adr-status-is-not-business-or-external-contract-approval"	"8005-MES-dispatch-stall-hang-and-charge-recovery"	"evidence-only"	"document-route:R09-candidate; unit-kind:adr-decision-or-section-item; source-document-class:R09-R; ledger-history:7/23 在旧 MES ADR 目录形成，7/27 100% 迁移。BC-ORDER-013 只支持清积压事实；预防、超时只报警、不自动 CANCEL 是新增策略。"	"CF-R09-001"	"not-approved"	"evidence-only-not-an-approval-unit;named-approver;approval-date;approved-scope;version-or-sha256-binding"
"R09-A0006"	"R09"	"R09-01"	"docs/adr/mes/0001-queueing-stall-handling.md"	"9b915792d3760cdaf7d400465325fb9a08458cc261cc1b885e327f3715037573"	"line 7"	"QueueingStall：预防 + 下单前清积压；超时只报警 > Considered Options"	"仅预防+人工；"	"**Considered Options**: 仅预防+人工；超时自动取消；仅下单前清积压；Stall 时默认插队；预防+清积压+超时报警不自动取消（采纳）。"	"992b0a8847a5c4398fc69e5fe65372d59996e2f99a5ed89bbf3681cfcf007180"	"source-status-options-or-implementation-evidence"	"unapproved-internal-adr-status-is-not-business-or-external-contract-approval"	"8005-MES-dispatch-stall-hang-and-charge-recovery"	"evidence-only"	"document-route:R09-candidate; unit-kind:adr-decision-or-section-item; source-document-class:R09-R; ledger-history:7/23 在旧 MES ADR 目录形成，7/27 100% 迁移。BC-ORDER-013 只支持清积压事实；预防、超时只报警、不自动 CANCEL 是新增策略。"	"CF-R09-001"	"not-approved"	"evidence-only-not-an-approval-unit;named-approver;approval-date;approved-scope;version-or-sha256-binding"
"R09-A0007"	"R09"	"R09-01"	"docs/adr/mes/0001-queueing-stall-handling.md"	"9b915792d3760cdaf7d400465325fb9a08458cc261cc1b885e327f3715037573"	"line 7"	"QueueingStall：预防 + 下单前清积压；超时只报警 > Considered Options"	"超时自动取消；"	"**Considered Options**: 仅预防+人工；超时自动取消；仅下单前清积压；Stall 时默认插队；预防+清积压+超时报警不自动取消（采纳）。"	"b5f559556d305f5c66d2e34b93a935f37e4ffac57b6237a67bcd45515599172a"	"source-status-options-or-implementation-evidence"	"unapproved-internal-adr-status-is-not-business-or-external-contract-approval"	"8005-MES-dispatch-stall-hang-and-charge-recovery"	"evidence-only"	"document-route:R09-candidate; unit-kind:adr-decision-or-section-item; source-document-class:R09-R; ledger-history:7/23 在旧 MES ADR 目录形成，7/27 100% 迁移。BC-ORDER-013 只支持清积压事实；预防、超时只报警、不自动 CANCEL 是新增策略。"	"CF-R09-001"	"not-approved"	"evidence-only-not-an-approval-unit;named-approver;approval-date;approved-scope;version-or-sha256-binding"
"R09-A0008"	"R09"	"R09-01"	"docs/adr/mes/0001-queueing-stall-handling.md"	"9b915792d3760cdaf7d400465325fb9a08458cc261cc1b885e327f3715037573"	"line 7"	"QueueingStall：预防 + 下单前清积压；超时只报警 > Considered Options"	"仅下单前清积压；"	"**Considered Options**: 仅预防+人工；超时自动取消；仅下单前清积压；Stall 时默认插队；预防+清积压+超时报警不自动取消（采纳）。"	"efe6a00168894ddc388f48dbe78b33083b8e521768ebf56802cd1b9e7ba0f5fb"	"source-status-options-or-implementation-evidence"	"unapproved-internal-adr-status-is-not-business-or-external-contract-approval"	"8005-MES-dispatch-stall-hang-and-charge-recovery"	"evidence-only"	"document-route:R09-candidate; unit-kind:adr-decision-or-section-item; source-document-class:R09-R; ledger-history:7/23 在旧 MES ADR 目录形成，7/27 100% 迁移。BC-ORDER-013 只支持清积压事实；预防、超时只报警、不自动 CANCEL 是新增策略。"	"CF-R09-001"	"not-approved"	"evidence-only-not-an-approval-unit;named-approver;approval-date;approved-scope;version-or-sha256-binding"
"R09-A0009"	"R09"	"R09-01"	"docs/adr/mes/0001-queueing-stall-handling.md"	"9b915792d3760cdaf7d400465325fb9a08458cc261cc1b885e327f3715037573"	"line 7"	"QueueingStall：预防 + 下单前清积压；超时只报警 > Considered Options"	"Stall 时默认插队；"	"**Considered Options**: 仅预防+人工；超时自动取消；仅下单前清积压；Stall 时默认插队；预防+清积压+超时报警不自动取消（采纳）。"	"8ae2cd65b95d395fec8268a10fd51c708105db09968ffbe72b061d0bfd15526c"	"source-status-options-or-implementation-evidence"	"unapproved-internal-adr-status-is-not-business-or-external-contract-approval"	"8005-MES-dispatch-stall-hang-and-charge-recovery"	"evidence-only"	"document-route:R09-candidate; unit-kind:adr-decision-or-section-item; source-document-class:R09-R; ledger-history:7/23 在旧 MES ADR 目录形成，7/27 100% 迁移。BC-ORDER-013 只支持清积压事实；预防、超时只报警、不自动 CANCEL 是新增策略。"	"CF-R09-001"	"not-approved"	"evidence-only-not-an-approval-unit;named-approver;approval-date;approved-scope;version-or-sha256-binding"
"R09-A0010"	"R09"	"R09-01"	"docs/adr/mes/0001-queueing-stall-handling.md"	"9b915792d3760cdaf7d400465325fb9a08458cc261cc1b885e327f3715037573"	"line 7"	"QueueingStall：预防 + 下单前清积压；超时只报警 > Considered Options"	"预防+清积压+超时报警不自动取消（采纳）。"	"**Considered Options**: 仅预防+人工；超时自动取消；仅下单前清积压；Stall 时默认插队；预防+清积压+超时报警不自动取消（采纳）。"	"1d2312c3f47e4ef268801b3c04861e25875ba26e05d40e0a06192cb9e59d40e4"	"source-status-options-or-implementation-evidence"	"unapproved-internal-adr-status-is-not-business-or-external-contract-approval"	"8005-MES-dispatch-stall-hang-and-charge-recovery"	"evidence-only"	"document-route:R09-candidate; unit-kind:adr-decision-or-section-item; source-document-class:R09-R; ledger-history:7/23 在旧 MES ADR 目录形成，7/27 100% 迁移。BC-ORDER-013 只支持清积压事实；预防、超时只报警、不自动 CANCEL 是新增策略。"	"CF-R09-001"	"not-approved"	"evidence-only-not-an-approval-unit;named-approver;approval-date;approved-scope;version-or-sha256-binding"
"R09-A0011"	"R09"	"R09-02"	"docs/adr/mes/0002-order-hang-handling.md"	"49947c628ab8857d80410034e3c4742d1ff40ba7cb7d1fddbe77882343d3bd8c"	"line 3"	"OrderHang：充电与普通分支分开；普通按原因自动尝试 HangContinue > Decision"	"充电失败 OrderHang：人工排查，或改派其它充电桩再充；"	"充电失败 OrderHang：人工排查，或改派其它充电桩再充；不以 HangContinue 为默认恢复。普通（非充电）OrderHang：按原因分支——关机恢复、单机取消等可恢复类自动尝试 HangContinue，并复核订单是否真正离开 HANG；解抱闸等须先确认车态就绪再试，未就绪仅报警；HangContinue 失败（业务拒绝或仍为 HANG）转人工，不自动 CANCEL。急停不建模为单独进 HANG。依据 Lab BC-ORDER-015/018。"	"f0f974d21367b86b65d9747dac015a010b26f5436898cc970825ad6be6840969"	"mes-dispatch-or-demand-lifecycle-business-rule-candidate"	"unapproved-internal-adr-status-is-not-business-or-external-contract-approval"	"8005-MES-dispatch-stall-hang-and-charge-recovery"	"needs-business-owner-and-explicit-approval"	"document-route:R09-candidate; unit-kind:adr-decision-or-section-item; source-document-class:R09-R; ledger-history:7/23 形成，7/27 100% 迁移。BC-ORDER-015/018 支持 HANG/HangContinue 观察；原因分支、自动尝试、失败不自动取消是策略。其“充电人工或改派”由 0003～0005进一步冻结，未正式标注 superseded。"	"none-found-within-r09-pass"	"not-approved"	"authoritative-business-source;responsible-business-or-operations-owner;named-approver;approval-date;approved-scope;version-or-sha256-binding"
"R09-A0012"	"R09"	"R09-02"	"docs/adr/mes/0002-order-hang-handling.md"	"49947c628ab8857d80410034e3c4742d1ff40ba7cb7d1fddbe77882343d3bd8c"	"line 3"	"OrderHang：充电与普通分支分开；普通按原因自动尝试 HangContinue > Decision"	"不以 HangContinue 为默认恢复。"	"充电失败 OrderHang：人工排查，或改派其它充电桩再充；不以 HangContinue 为默认恢复。普通（非充电）OrderHang：按原因分支——关机恢复、单机取消等可恢复类自动尝试 HangContinue，并复核订单是否真正离开 HANG；解抱闸等须先确认车态就绪再试，未就绪仅报警；HangContinue 失败（业务拒绝或仍为 HANG）转人工，不自动 CANCEL。急停不建模为单独进 HANG。依据 Lab BC-ORDER-015/018。"	"58598227a157675867ecb756cd8545b07d5c5ed29bb7016dc65d0a2e6fbb8999"	"business-behavior-relying-on-external-contract-candidate"	"unapproved-internal-adr-status-is-not-business-or-external-contract-approval"	"8005-MES-dispatch-stall-hang-and-charge-recovery"	"needs-business-owner-bound-contract-and-explicit-approval"	"document-route:R09-candidate; unit-kind:adr-decision-or-section-item; source-document-class:R09-R; ledger-history:7/23 形成，7/27 100% 迁移。BC-ORDER-015/018 支持 HANG/HangContinue 观察；原因分支、自动尝试、失败不自动取消是策略。其“充电人工或改派”由 0003～0005进一步冻结，未正式标注 superseded。"	"none-found-within-r09-pass"	"not-approved"	"authoritative-business-owner;bound-external-system-version-or-contract;observed-failure-path-evidence;named-approver;approval-date;approved-scope;version-or-sha256-binding"
"R09-A0013"	"R09"	"R09-02"	"docs/adr/mes/0002-order-hang-handling.md"	"49947c628ab8857d80410034e3c4742d1ff40ba7cb7d1fddbe77882343d3bd8c"	"line 3"	"OrderHang：充电与普通分支分开；普通按原因自动尝试 HangContinue > Decision"	"普通（非充电）OrderHang：按原因分支——关机恢复、单机取消等可恢复类自动尝试 HangContinue，并复核订单是否真正离开 HANG；"	"充电失败 OrderHang：人工排查，或改派其它充电桩再充；不以 HangContinue 为默认恢复。普通（非充电）OrderHang：按原因分支——关机恢复、单机取消等可恢复类自动尝试 HangContinue，并复核订单是否真正离开 HANG；解抱闸等须先确认车态就绪再试，未就绪仅报警；HangContinue 失败（业务拒绝或仍为 HANG）转人工，不自动 CANCEL。急停不建模为单独进 HANG。依据 Lab BC-ORDER-015/018。"	"710eca5fb8468cfef2bfcd70db00fce9a5e894447907a26b56af3abc224d9a1f"	"business-behavior-relying-on-external-contract-candidate"	"unapproved-internal-adr-status-is-not-business-or-external-contract-approval"	"8005-MES-dispatch-stall-hang-and-charge-recovery"	"needs-business-owner-bound-contract-and-explicit-approval"	"document-route:R09-candidate; unit-kind:adr-decision-or-section-item; source-document-class:R09-R; ledger-history:7/23 形成，7/27 100% 迁移。BC-ORDER-015/018 支持 HANG/HangContinue 观察；原因分支、自动尝试、失败不自动取消是策略。其“充电人工或改派”由 0003～0005进一步冻结，未正式标注 superseded。"	"none-found-within-r09-pass"	"not-approved"	"authoritative-business-owner;bound-external-system-version-or-contract;observed-failure-path-evidence;named-approver;approval-date;approved-scope;version-or-sha256-binding"
"R09-A0014"	"R09"	"R09-02"	"docs/adr/mes/0002-order-hang-handling.md"	"49947c628ab8857d80410034e3c4742d1ff40ba7cb7d1fddbe77882343d3bd8c"	"line 3"	"OrderHang：充电与普通分支分开；普通按原因自动尝试 HangContinue > Decision"	"解抱闸等须先确认车态就绪再试，未就绪仅报警；"	"充电失败 OrderHang：人工排查，或改派其它充电桩再充；不以 HangContinue 为默认恢复。普通（非充电）OrderHang：按原因分支——关机恢复、单机取消等可恢复类自动尝试 HangContinue，并复核订单是否真正离开 HANG；解抱闸等须先确认车态就绪再试，未就绪仅报警；HangContinue 失败（业务拒绝或仍为 HANG）转人工，不自动 CANCEL。急停不建模为单独进 HANG。依据 Lab BC-ORDER-015/018。"	"4d690f04d5f7cde93cb128fe08e0ea9760615a2cb2c5b1c520f1ef5c7ceaa8b9"	"mes-dispatch-or-demand-lifecycle-business-rule-candidate"	"unapproved-internal-adr-status-is-not-business-or-external-contract-approval"	"8005-MES-dispatch-stall-hang-and-charge-recovery"	"needs-business-owner-and-explicit-approval"	"document-route:R09-candidate; unit-kind:adr-decision-or-section-item; source-document-class:R09-R; ledger-history:7/23 形成，7/27 100% 迁移。BC-ORDER-015/018 支持 HANG/HangContinue 观察；原因分支、自动尝试、失败不自动取消是策略。其“充电人工或改派”由 0003～0005进一步冻结，未正式标注 superseded。"	"none-found-within-r09-pass"	"not-approved"	"authoritative-business-source;responsible-business-or-operations-owner;named-approver;approval-date;approved-scope;version-or-sha256-binding"
"R09-A0015"	"R09"	"R09-02"	"docs/adr/mes/0002-order-hang-handling.md"	"49947c628ab8857d80410034e3c4742d1ff40ba7cb7d1fddbe77882343d3bd8c"	"line 3"	"OrderHang：充电与普通分支分开；普通按原因自动尝试 HangContinue > Decision"	"HangContinue 失败（业务拒绝或仍为 HANG）转人工，不自动 CANCEL。"	"充电失败 OrderHang：人工排查，或改派其它充电桩再充；不以 HangContinue 为默认恢复。普通（非充电）OrderHang：按原因分支——关机恢复、单机取消等可恢复类自动尝试 HangContinue，并复核订单是否真正离开 HANG；解抱闸等须先确认车态就绪再试，未就绪仅报警；HangContinue 失败（业务拒绝或仍为 HANG）转人工，不自动 CANCEL。急停不建模为单独进 HANG。依据 Lab BC-ORDER-015/018。"	"e25ba755af63a28f75cf8299a9fdee49b74fe6382e289f95e3a9bb2828147680"	"business-behavior-relying-on-external-contract-candidate"	"unapproved-internal-adr-status-is-not-business-or-external-contract-approval"	"8005-MES-dispatch-stall-hang-and-charge-recovery"	"needs-business-owner-bound-contract-and-explicit-approval"	"document-route:R09-candidate; unit-kind:adr-decision-or-section-item; source-document-class:R09-R; ledger-history:7/23 形成，7/27 100% 迁移。BC-ORDER-015/018 支持 HANG/HangContinue 观察；原因分支、自动尝试、失败不自动取消是策略。其“充电人工或改派”由 0003～0005进一步冻结，未正式标注 superseded。"	"none-found-within-r09-pass"	"not-approved"	"authoritative-business-owner;bound-external-system-version-or-contract;observed-failure-path-evidence;named-approver;approval-date;approved-scope;version-or-sha256-binding"
"R09-A0016"	"R09"	"R09-02"	"docs/adr/mes/0002-order-hang-handling.md"	"49947c628ab8857d80410034e3c4742d1ff40ba7cb7d1fddbe77882343d3bd8c"	"line 3"	"OrderHang：充电与普通分支分开；普通按原因自动尝试 HangContinue > Decision"	"急停不建模为单独进 HANG。"	"充电失败 OrderHang：人工排查，或改派其它充电桩再充；不以 HangContinue 为默认恢复。普通（非充电）OrderHang：按原因分支——关机恢复、单机取消等可恢复类自动尝试 HangContinue，并复核订单是否真正离开 HANG；解抱闸等须先确认车态就绪再试，未就绪仅报警；HangContinue 失败（业务拒绝或仍为 HANG）转人工，不自动 CANCEL。急停不建模为单独进 HANG。依据 Lab BC-ORDER-015/018。"	"8084795c3ce0c0aa4785ce29cfb6cb0d98fb7d9d3173557104435e0db018d7b4"	"security-or-safety-boundary-candidate"	"unapproved-internal-adr-status-is-not-business-or-external-contract-approval"	"8005-MES-dispatch-stall-hang-and-charge-recovery"	"needs-security-authority-bound-contract-and-explicit-approval"	"document-route:R09-candidate; unit-kind:adr-decision-or-section-item; source-document-class:R09-R; ledger-history:7/23 形成，7/27 100% 迁移。BC-ORDER-015/018 支持 HANG/HangContinue 观察；原因分支、自动尝试、失败不自动取消是策略。其“充电人工或改派”由 0003～0005进一步冻结，未正式标注 superseded。"	"none-found-within-r09-pass"	"not-approved"	"security-or-safety-owner;bound-target-environment-and-interface-contract;credential-or-call-safety-governance;named-approver;approval-date;approved-scope;version-or-sha256-binding"
"R09-A0017"	"R09"	"R09-02"	"docs/adr/mes/0002-order-hang-handling.md"	"49947c628ab8857d80410034e3c4742d1ff40ba7cb7d1fddbe77882343d3bd8c"	"line 3"	"OrderHang：充电与普通分支分开；普通按原因自动尝试 HangContinue > Decision"	"依据 Lab BC-ORDER-015/018。"	"充电失败 OrderHang：人工排查，或改派其它充电桩再充；不以 HangContinue 为默认恢复。普通（非充电）OrderHang：按原因分支——关机恢复、单机取消等可恢复类自动尝试 HangContinue，并复核订单是否真正离开 HANG；解抱闸等须先确认车态就绪再试，未就绪仅报警；HangContinue 失败（业务拒绝或仍为 HANG）转人工，不自动 CANCEL。急停不建模为单独进 HANG。依据 Lab BC-ORDER-015/018。"	"76b96b046783e11bcd7d850af4bf722d7559995c210aab10904fbed21543d421"	"source-status-options-or-implementation-evidence"	"unapproved-internal-adr-status-is-not-business-or-external-contract-approval"	"8005-MES-dispatch-stall-hang-and-charge-recovery"	"evidence-only"	"document-route:R09-candidate; unit-kind:adr-decision-or-section-item; source-document-class:R09-R; ledger-history:7/23 形成，7/27 100% 迁移。BC-ORDER-015/018 支持 HANG/HangContinue 观察；原因分支、自动尝试、失败不自动取消是策略。其“充电人工或改派”由 0003～0005进一步冻结，未正式标注 superseded。"	"none-found-within-r09-pass"	"not-approved"	"evidence-only-not-an-approval-unit;named-approver;approval-date;approved-scope;version-or-sha256-binding"
"R09-A0018"	"R09"	"R09-02"	"docs/adr/mes/0002-order-hang-handling.md"	"49947c628ab8857d80410034e3c4742d1ff40ba7cb7d1fddbe77882343d3bd8c"	"line 5"	"OrderHang：充电与普通分支分开；普通按原因自动尝试 HangContinue > Status"	"accepted"	"**Status**: accepted"	"070c160a6299c5438070b1aa737b14fc2992ed49579c14264884886a5876f971"	"source-status-options-or-implementation-evidence"	"unapproved-internal-adr-status-is-not-business-or-external-contract-approval"	"8005-MES-dispatch-stall-hang-and-charge-recovery"	"evidence-only"	"document-route:R09-candidate; unit-kind:adr-decision-or-section-item; source-document-class:R09-R; ledger-history:7/23 形成，7/27 100% 迁移。BC-ORDER-015/018 支持 HANG/HangContinue 观察；原因分支、自动尝试、失败不自动取消是策略。其“充电人工或改派”由 0003～0005进一步冻结，未正式标注 superseded。; exact-duplicate-of:R09-A0005"	"none-found-within-r09-pass"	"not-approved"	"evidence-only-not-an-approval-unit;named-approver;approval-date;approved-scope;version-or-sha256-binding"
"R09-A0019"	"R09"	"R09-02"	"docs/adr/mes/0002-order-hang-handling.md"	"49947c628ab8857d80410034e3c4742d1ff40ba7cb7d1fddbe77882343d3bd8c"	"line 7"	"OrderHang：充电与普通分支分开；普通按原因自动尝试 HangContinue > Considered Options"	"一律人工；"	"**Considered Options**: 一律人工；见 HANG 即自动 HangContinue；按原因分支自动 HangContinue（采纳）；失败则自动 CANCEL 重派；充电可人工或改桩 + 普通等 Lab（已被本决策取代 pending 部分）。"	"80ea3858333270fa541616d09852b9a7663bbfaaf9ada17897502df8ce27030e"	"source-status-options-or-implementation-evidence"	"unapproved-internal-adr-status-is-not-business-or-external-contract-approval"	"8005-MES-dispatch-stall-hang-and-charge-recovery"	"evidence-only"	"document-route:R09-candidate; unit-kind:adr-decision-or-section-item; source-document-class:R09-R; ledger-history:7/23 形成，7/27 100% 迁移。BC-ORDER-015/018 支持 HANG/HangContinue 观察；原因分支、自动尝试、失败不自动取消是策略。其“充电人工或改派”由 0003～0005进一步冻结，未正式标注 superseded。"	"none-found-within-r09-pass"	"not-approved"	"evidence-only-not-an-approval-unit;named-approver;approval-date;approved-scope;version-or-sha256-binding"
"R09-A0020"	"R09"	"R09-02"	"docs/adr/mes/0002-order-hang-handling.md"	"49947c628ab8857d80410034e3c4742d1ff40ba7cb7d1fddbe77882343d3bd8c"	"line 7"	"OrderHang：充电与普通分支分开；普通按原因自动尝试 HangContinue > Considered Options"	"见 HANG 即自动 HangContinue；"	"**Considered Options**: 一律人工；见 HANG 即自动 HangContinue；按原因分支自动 HangContinue（采纳）；失败则自动 CANCEL 重派；充电可人工或改桩 + 普通等 Lab（已被本决策取代 pending 部分）。"	"0981fda9f917a6e2becef4e062030c181e94207a9749d63db117710b1c01dd89"	"source-status-options-or-implementation-evidence"	"unapproved-internal-adr-status-is-not-business-or-external-contract-approval"	"8005-MES-dispatch-stall-hang-and-charge-recovery"	"evidence-only"	"document-route:R09-candidate; unit-kind:adr-decision-or-section-item; source-document-class:R09-R; ledger-history:7/23 形成，7/27 100% 迁移。BC-ORDER-015/018 支持 HANG/HangContinue 观察；原因分支、自动尝试、失败不自动取消是策略。其“充电人工或改派”由 0003～0005进一步冻结，未正式标注 superseded。"	"none-found-within-r09-pass"	"not-approved"	"evidence-only-not-an-approval-unit;named-approver;approval-date;approved-scope;version-or-sha256-binding"
"R09-A0021"	"R09"	"R09-02"	"docs/adr/mes/0002-order-hang-handling.md"	"49947c628ab8857d80410034e3c4742d1ff40ba7cb7d1fddbe77882343d3bd8c"	"line 7"	"OrderHang：充电与普通分支分开；普通按原因自动尝试 HangContinue > Considered Options"	"按原因分支自动 HangContinue（采纳）；"	"**Considered Options**: 一律人工；见 HANG 即自动 HangContinue；按原因分支自动 HangContinue（采纳）；失败则自动 CANCEL 重派；充电可人工或改桩 + 普通等 Lab（已被本决策取代 pending 部分）。"	"7c7408be1178cfadbc153fe4a9b2a6b40fb39d810dc07dbf3a82d1c6e029c3bc"	"source-status-options-or-implementation-evidence"	"unapproved-internal-adr-status-is-not-business-or-external-contract-approval"	"8005-MES-dispatch-stall-hang-and-charge-recovery"	"evidence-only"	"document-route:R09-candidate; unit-kind:adr-decision-or-section-item; source-document-class:R09-R; ledger-history:7/23 形成，7/27 100% 迁移。BC-ORDER-015/018 支持 HANG/HangContinue 观察；原因分支、自动尝试、失败不自动取消是策略。其“充电人工或改派”由 0003～0005进一步冻结，未正式标注 superseded。"	"none-found-within-r09-pass"	"not-approved"	"evidence-only-not-an-approval-unit;named-approver;approval-date;approved-scope;version-or-sha256-binding"
"R09-A0022"	"R09"	"R09-02"	"docs/adr/mes/0002-order-hang-handling.md"	"49947c628ab8857d80410034e3c4742d1ff40ba7cb7d1fddbe77882343d3bd8c"	"line 7"	"OrderHang：充电与普通分支分开；普通按原因自动尝试 HangContinue > Considered Options"	"失败则自动 CANCEL 重派；"	"**Considered Options**: 一律人工；见 HANG 即自动 HangContinue；按原因分支自动 HangContinue（采纳）；失败则自动 CANCEL 重派；充电可人工或改桩 + 普通等 Lab（已被本决策取代 pending 部分）。"	"68d7ecff722d0841c702318f27cf5cdb8789fbd31657c465d9e6842e4aa3c82c"	"source-status-options-or-implementation-evidence"	"unapproved-internal-adr-status-is-not-business-or-external-contract-approval"	"8005-MES-dispatch-stall-hang-and-charge-recovery"	"evidence-only"	"document-route:R09-candidate; unit-kind:adr-decision-or-section-item; source-document-class:R09-R; ledger-history:7/23 形成，7/27 100% 迁移。BC-ORDER-015/018 支持 HANG/HangContinue 观察；原因分支、自动尝试、失败不自动取消是策略。其“充电人工或改派”由 0003～0005进一步冻结，未正式标注 superseded。"	"none-found-within-r09-pass"	"not-approved"	"evidence-only-not-an-approval-unit;named-approver;approval-date;approved-scope;version-or-sha256-binding"
"R09-A0023"	"R09"	"R09-02"	"docs/adr/mes/0002-order-hang-handling.md"	"49947c628ab8857d80410034e3c4742d1ff40ba7cb7d1fddbe77882343d3bd8c"	"line 7"	"OrderHang：充电与普通分支分开；普通按原因自动尝试 HangContinue > Considered Options"	"充电可人工或改桩 + 普通等 Lab（已被本决策取代 pending 部分）。"	"**Considered Options**: 一律人工；见 HANG 即自动 HangContinue；按原因分支自动 HangContinue（采纳）；失败则自动 CANCEL 重派；充电可人工或改桩 + 普通等 Lab（已被本决策取代 pending 部分）。"	"ae91fced9c8e73cdac74517a0a70d2838975d8db4cd1e27d5cf763442859d9bd"	"source-status-options-or-implementation-evidence"	"unapproved-internal-adr-status-is-not-business-or-external-contract-approval"	"8005-MES-dispatch-stall-hang-and-charge-recovery"	"evidence-only"	"document-route:R09-candidate; unit-kind:adr-decision-or-section-item; source-document-class:R09-R; ledger-history:7/23 形成，7/27 100% 迁移。BC-ORDER-015/018 支持 HANG/HangContinue 观察；原因分支、自动尝试、失败不自动取消是策略。其“充电人工或改派”由 0003～0005进一步冻结，未正式标注 superseded。"	"none-found-within-r09-pass"	"not-approved"	"evidence-only-not-an-approval-unit;named-approver;approval-date;approved-scope;version-or-sha256-binding"
"R09-A0024"	"R09"	"R09-03"	"docs/adr/mes/0003-charging-hang-auto-reassign.md"	"ad9d0bc14fe9238cbefac143633c3e519953936b48f47ca5c6e0ef5514b37467"	"line 3"	"充电 OrderHang 由 MES 自动改派其它充电桩 > Decision"	"充电失败进入 OrderHang 后，MES 自动选择备用充电桩并重派充电任务；"	"充电失败进入 OrderHang 后，MES 自动选择备用充电桩并重派充电任务；不以 HangContinue 作为充电失败的默认恢复。改派前**必须先 CANCEL** 旧 HANG 单并确认终态，再下新充电单。如何选桩与重试上限另条决策冻结。"	"c1d5edbbbf4743b3133e52865b9f0331947b82341d3d7f753a855246e9132328"	"mes-dispatch-or-demand-lifecycle-business-rule-candidate"	"unapproved-internal-adr-status-is-not-business-or-external-contract-approval"	"8005-MES-dispatch-stall-hang-and-charge-recovery"	"needs-business-owner-and-explicit-approval"	"document-route:R09-candidate; unit-kind:adr-decision-or-section-item; source-document-class:R09-R; ledger-history:7/23 形成，7/27 迁移。没有直接 Source；以旧单先 CANCEL、确认终态再新建为架构+业务策略。细节由 0004/0005补充。"	"none-found-within-r09-pass"	"not-approved"	"authoritative-business-source;responsible-business-or-operations-owner;named-approver;approval-date;approved-scope;version-or-sha256-binding"
"R09-A0025"	"R09"	"R09-03"	"docs/adr/mes/0003-charging-hang-auto-reassign.md"	"ad9d0bc14fe9238cbefac143633c3e519953936b48f47ca5c6e0ef5514b37467"	"line 3"	"充电 OrderHang 由 MES 自动改派其它充电桩 > Decision"	"不以 HangContinue 作为充电失败的默认恢复。"	"充电失败进入 OrderHang 后，MES 自动选择备用充电桩并重派充电任务；不以 HangContinue 作为充电失败的默认恢复。改派前**必须先 CANCEL** 旧 HANG 单并确认终态，再下新充电单。如何选桩与重试上限另条决策冻结。"	"57fa41deb9dfae35e68a8a9a494de2f74b7ec063bf65dffeef9669494ff04130"	"business-behavior-relying-on-external-contract-candidate"	"unapproved-internal-adr-status-is-not-business-or-external-contract-approval"	"8005-MES-dispatch-stall-hang-and-charge-recovery"	"needs-business-owner-bound-contract-and-explicit-approval"	"document-route:R09-candidate; unit-kind:adr-decision-or-section-item; source-document-class:R09-R; ledger-history:7/23 形成，7/27 迁移。没有直接 Source；以旧单先 CANCEL、确认终态再新建为架构+业务策略。细节由 0004/0005补充。"	"none-found-within-r09-pass"	"not-approved"	"authoritative-business-owner;bound-external-system-version-or-contract;observed-failure-path-evidence;named-approver;approval-date;approved-scope;version-or-sha256-binding"
"R09-A0026"	"R09"	"R09-03"	"docs/adr/mes/0003-charging-hang-auto-reassign.md"	"ad9d0bc14fe9238cbefac143633c3e519953936b48f47ca5c6e0ef5514b37467"	"line 3"	"充电 OrderHang 由 MES 自动改派其它充电桩 > Decision"	"改派前**必须先 CANCEL** 旧 HANG 单并确认终态，再下新充电单。"	"充电失败进入 OrderHang 后，MES 自动选择备用充电桩并重派充电任务；不以 HangContinue 作为充电失败的默认恢复。改派前**必须先 CANCEL** 旧 HANG 单并确认终态，再下新充电单。如何选桩与重试上限另条决策冻结。"	"cff3aca44c3ff64cef73d8b8af1416a32cf2db6ffb2bb304eda6795aa6cb3d9a"	"mes-dispatch-or-demand-lifecycle-business-rule-candidate"	"unapproved-internal-adr-status-is-not-business-or-external-contract-approval"	"8005-MES-dispatch-stall-hang-and-charge-recovery"	"needs-business-owner-and-explicit-approval"	"document-route:R09-candidate; unit-kind:adr-decision-or-section-item; source-document-class:R09-R; ledger-history:7/23 形成，7/27 迁移。没有直接 Source；以旧单先 CANCEL、确认终态再新建为架构+业务策略。细节由 0004/0005补充。"	"none-found-within-r09-pass"	"not-approved"	"authoritative-business-source;responsible-business-or-operations-owner;named-approver;approval-date;approved-scope;version-or-sha256-binding"
"R09-A0027"	"R09"	"R09-03"	"docs/adr/mes/0003-charging-hang-auto-reassign.md"	"ad9d0bc14fe9238cbefac143633c3e519953936b48f47ca5c6e0ef5514b37467"	"line 3"	"充电 OrderHang 由 MES 自动改派其它充电桩 > Decision"	"如何选桩与重试上限另条决策冻结。"	"充电失败进入 OrderHang 后，MES 自动选择备用充电桩并重派充电任务；不以 HangContinue 作为充电失败的默认恢复。改派前**必须先 CANCEL** 旧 HANG 单并确认终态，再下新充电单。如何选桩与重试上限另条决策冻结。"	"62fe125a172e408827228dde639f486220077c1c69416000e52fefde61545c33"	"unresolved-product-or-contract-question"	"unapproved-internal-adr-status-is-not-business-or-external-contract-approval"	"8005-MES-dispatch-stall-hang-and-charge-recovery"	"needs-question-resolution"	"document-route:R09-candidate; unit-kind:adr-decision-or-section-item; source-document-class:R09-R; ledger-history:7/23 形成，7/27 迁移。没有直接 Source；以旧单先 CANCEL、确认终态再新建为架构+业务策略。细节由 0004/0005补充。"	"none-found-within-r09-pass"	"not-approved"	"question-resolution;responsible-decision-owner;named-approver;approval-date;approved-scope;version-or-sha256-binding"
"R09-A0028"	"R09"	"R09-03"	"docs/adr/mes/0003-charging-hang-auto-reassign.md"	"ad9d0bc14fe9238cbefac143633c3e519953936b48f47ca5c6e0ef5514b37467"	"line 5"	"充电 OrderHang 由 MES 自动改派其它充电桩 > Status"	"accepted"	"**Status**: accepted"	"070c160a6299c5438070b1aa737b14fc2992ed49579c14264884886a5876f971"	"source-status-options-or-implementation-evidence"	"unapproved-internal-adr-status-is-not-business-or-external-contract-approval"	"8005-MES-dispatch-stall-hang-and-charge-recovery"	"evidence-only"	"document-route:R09-candidate; unit-kind:adr-decision-or-section-item; source-document-class:R09-R; ledger-history:7/23 形成，7/27 迁移。没有直接 Source；以旧单先 CANCEL、确认终态再新建为架构+业务策略。细节由 0004/0005补充。; exact-duplicate-of:R09-A0005"	"none-found-within-r09-pass"	"not-approved"	"evidence-only-not-an-approval-unit;named-approver;approval-date;approved-scope;version-or-sha256-binding"
"R09-A0029"	"R09"	"R09-03"	"docs/adr/mes/0003-charging-hang-auto-reassign.md"	"ad9d0bc14fe9238cbefac143633c3e519953936b48f47ca5c6e0ef5514b37467"	"line 7"	"充电 OrderHang 由 MES 自动改派其它充电桩 > Considered Options"	"纯人工；"	"**Considered Options**: 纯人工；MES 人工点「改充」；MES 自动改充且先 CANCEL 再派（采纳）；先试新单再 CANCEL；不 CANCEL 只靠新单顶掉。"	"1a7278353fa9d12444d60405d6308d847e92bc514507011672e937380f11c20d"	"source-status-options-or-implementation-evidence"	"unapproved-internal-adr-status-is-not-business-or-external-contract-approval"	"8005-MES-dispatch-stall-hang-and-charge-recovery"	"evidence-only"	"document-route:R09-candidate; unit-kind:adr-decision-or-section-item; source-document-class:R09-R; ledger-history:7/23 形成，7/27 迁移。没有直接 Source；以旧单先 CANCEL、确认终态再新建为架构+业务策略。细节由 0004/0005补充。"	"none-found-within-r09-pass"	"not-approved"	"evidence-only-not-an-approval-unit;named-approver;approval-date;approved-scope;version-or-sha256-binding"
"R09-A0030"	"R09"	"R09-03"	"docs/adr/mes/0003-charging-hang-auto-reassign.md"	"ad9d0bc14fe9238cbefac143633c3e519953936b48f47ca5c6e0ef5514b37467"	"line 7"	"充电 OrderHang 由 MES 自动改派其它充电桩 > Considered Options"	"MES 人工点「改充」；"	"**Considered Options**: 纯人工；MES 人工点「改充」；MES 自动改充且先 CANCEL 再派（采纳）；先试新单再 CANCEL；不 CANCEL 只靠新单顶掉。"	"026393968a686026be50f2eb644027f8cf6f9b715c45c8516279854385d5a718"	"source-status-options-or-implementation-evidence"	"unapproved-internal-adr-status-is-not-business-or-external-contract-approval"	"8005-MES-dispatch-stall-hang-and-charge-recovery"	"evidence-only"	"document-route:R09-candidate; unit-kind:adr-decision-or-section-item; source-document-class:R09-R; ledger-history:7/23 形成，7/27 迁移。没有直接 Source；以旧单先 CANCEL、确认终态再新建为架构+业务策略。细节由 0004/0005补充。"	"none-found-within-r09-pass"	"not-approved"	"evidence-only-not-an-approval-unit;named-approver;approval-date;approved-scope;version-or-sha256-binding"
"R09-A0031"	"R09"	"R09-03"	"docs/adr/mes/0003-charging-hang-auto-reassign.md"	"ad9d0bc14fe9238cbefac143633c3e519953936b48f47ca5c6e0ef5514b37467"	"line 7"	"充电 OrderHang 由 MES 自动改派其它充电桩 > Considered Options"	"MES 自动改充且先 CANCEL 再派（采纳）；"	"**Considered Options**: 纯人工；MES 人工点「改充」；MES 自动改充且先 CANCEL 再派（采纳）；先试新单再 CANCEL；不 CANCEL 只靠新单顶掉。"	"8cbe2e4fdd3df4f3fefe3c024252ab85c8c8c4eaf15cd5fb7852b072f09a0c3f"	"source-status-options-or-implementation-evidence"	"unapproved-internal-adr-status-is-not-business-or-external-contract-approval"	"8005-MES-dispatch-stall-hang-and-charge-recovery"	"evidence-only"	"document-route:R09-candidate; unit-kind:adr-decision-or-section-item; source-document-class:R09-R; ledger-history:7/23 形成，7/27 迁移。没有直接 Source；以旧单先 CANCEL、确认终态再新建为架构+业务策略。细节由 0004/0005补充。"	"none-found-within-r09-pass"	"not-approved"	"evidence-only-not-an-approval-unit;named-approver;approval-date;approved-scope;version-or-sha256-binding"
"R09-A0032"	"R09"	"R09-03"	"docs/adr/mes/0003-charging-hang-auto-reassign.md"	"ad9d0bc14fe9238cbefac143633c3e519953936b48f47ca5c6e0ef5514b37467"	"line 7"	"充电 OrderHang 由 MES 自动改派其它充电桩 > Considered Options"	"先试新单再 CANCEL；"	"**Considered Options**: 纯人工；MES 人工点「改充」；MES 自动改充且先 CANCEL 再派（采纳）；先试新单再 CANCEL；不 CANCEL 只靠新单顶掉。"	"472e0568e96bf600c266745549524dd2b5d96bca75af0ae434d1889ba75f29b0"	"source-status-options-or-implementation-evidence"	"unapproved-internal-adr-status-is-not-business-or-external-contract-approval"	"8005-MES-dispatch-stall-hang-and-charge-recovery"	"evidence-only"	"document-route:R09-candidate; unit-kind:adr-decision-or-section-item; source-document-class:R09-R; ledger-history:7/23 形成，7/27 迁移。没有直接 Source；以旧单先 CANCEL、确认终态再新建为架构+业务策略。细节由 0004/0005补充。"	"none-found-within-r09-pass"	"not-approved"	"evidence-only-not-an-approval-unit;named-approver;approval-date;approved-scope;version-or-sha256-binding"
"R09-A0033"	"R09"	"R09-03"	"docs/adr/mes/0003-charging-hang-auto-reassign.md"	"ad9d0bc14fe9238cbefac143633c3e519953936b48f47ca5c6e0ef5514b37467"	"line 7"	"充电 OrderHang 由 MES 自动改派其它充电桩 > Considered Options"	"不 CANCEL 只靠新单顶掉。"	"**Considered Options**: 纯人工；MES 人工点「改充」；MES 自动改充且先 CANCEL 再派（采纳）；先试新单再 CANCEL；不 CANCEL 只靠新单顶掉。"	"2f90dc801ef5798e56fe2d7b6de0ede9341c944442e65db26ba8e80cafac3143"	"source-status-options-or-implementation-evidence"	"unapproved-internal-adr-status-is-not-business-or-external-contract-approval"	"8005-MES-dispatch-stall-hang-and-charge-recovery"	"evidence-only"	"document-route:R09-candidate; unit-kind:adr-decision-or-section-item; source-document-class:R09-R; ledger-history:7/23 形成，7/27 迁移。没有直接 Source；以旧单先 CANCEL、确认终态再新建为架构+业务策略。细节由 0004/0005补充。"	"none-found-within-r09-pass"	"not-approved"	"evidence-only-not-an-approval-unit;named-approver;approval-date;approved-scope;version-or-sha256-binding"
"R09-A0034"	"R09"	"R09-04"	"docs/adr/mes/0004-charge-hang-station-selection.md"	"51fbf15af5f375f514193b0828940db23076e0e8bf2fb87b7fe344b51b74022a"	"line 3"	"充电改派选桩：允许集合内 NearStationQuery > Decision"	"ChargeHangReassign 选备用桩时：使用配置的允许充电站集合，排除刚失败的站点后，在集合内用 NearStationQuery 选路径代价最近的充电站；"	"ChargeHangReassign 选备用桩时：使用配置的允许充电站集合，排除刚失败的站点后，在集合内用 NearStationQuery 选路径代价最近的充电站；不以单纯顺序列表或失败站→替代站硬映射为默认。"	"37a99e56ebbaa85d438f59d02548131a78c6fa985b4aac5c943241993adfc54b"	"business-behavior-relying-on-external-contract-candidate"	"unapproved-internal-adr-status-is-not-business-or-external-contract-approval"	"8005-MES-dispatch-stall-hang-and-charge-recovery"	"needs-business-owner-bound-contract-and-explicit-approval"	"document-route:R09-candidate; unit-kind:adr-decision-or-section-item; source-document-class:R09-R; ledger-history:7/23 形成，7/27 迁移。NearStationQuery 有实验/SDK 能力基础；“允许集合、排除失败站、按路径最近”未链接批准源。"	"CF-R09-002"	"not-approved"	"authoritative-business-owner;bound-external-system-version-or-contract;observed-failure-path-evidence;named-approver;approval-date;approved-scope;version-or-sha256-binding"
"R09-A0035"	"R09"	"R09-04"	"docs/adr/mes/0004-charge-hang-station-selection.md"	"51fbf15af5f375f514193b0828940db23076e0e8bf2fb87b7fe344b51b74022a"	"line 3"	"充电改派选桩：允许集合内 NearStationQuery > Decision"	"不以单纯顺序列表或失败站→替代站硬映射为默认。"	"ChargeHangReassign 选备用桩时：使用配置的允许充电站集合，排除刚失败的站点后，在集合内用 NearStationQuery 选路径代价最近的充电站；不以单纯顺序列表或失败站→替代站硬映射为默认。"	"d421b607c208c426d8776875a8dffc83eeb66d48875038d02dc467fcfa54786f"	"mes-dispatch-or-demand-lifecycle-business-rule-candidate"	"unapproved-internal-adr-status-is-not-business-or-external-contract-approval"	"8005-MES-dispatch-stall-hang-and-charge-recovery"	"needs-business-owner-and-explicit-approval"	"document-route:R09-candidate; unit-kind:adr-decision-or-section-item; source-document-class:R09-R; ledger-history:7/23 形成，7/27 迁移。NearStationQuery 有实验/SDK 能力基础；“允许集合、排除失败站、按路径最近”未链接批准源。"	"CF-R09-002"	"not-approved"	"authoritative-business-source;responsible-business-or-operations-owner;named-approver;approval-date;approved-scope;version-or-sha256-binding"
"R09-A0036"	"R09"	"R09-04"	"docs/adr/mes/0004-charge-hang-station-selection.md"	"51fbf15af5f375f514193b0828940db23076e0e8bf2fb87b7fe344b51b74022a"	"line 5"	"充电改派选桩：允许集合内 NearStationQuery > Status"	"accepted"	"**Status**: accepted"	"070c160a6299c5438070b1aa737b14fc2992ed49579c14264884886a5876f971"	"source-status-options-or-implementation-evidence"	"unapproved-internal-adr-status-is-not-business-or-external-contract-approval"	"8005-MES-dispatch-stall-hang-and-charge-recovery"	"evidence-only"	"document-route:R09-candidate; unit-kind:adr-decision-or-section-item; source-document-class:R09-R; ledger-history:7/23 形成，7/27 迁移。NearStationQuery 有实验/SDK 能力基础；“允许集合、排除失败站、按路径最近”未链接批准源。; exact-duplicate-of:R09-A0005"	"CF-R09-002"	"not-approved"	"evidence-only-not-an-approval-unit;named-approver;approval-date;approved-scope;version-or-sha256-binding"
"R09-A0037"	"R09"	"R09-04"	"docs/adr/mes/0004-charge-hang-station-selection.md"	"51fbf15af5f375f514193b0828940db23076e0e8bf2fb87b7fe344b51b74022a"	"line 7"	"充电改派选桩：允许集合内 NearStationQuery > Considered Options"	"配置顺序列表；"	"**Considered Options**: 配置顺序列表；仅 Near（全图候选）；允许集合 + Near（采纳）；失败站硬映射。"	"77183f8d31ad6ef0eeacbb673224c68db71cf7f506e24973b196286c2f220c89"	"source-status-options-or-implementation-evidence"	"unapproved-internal-adr-status-is-not-business-or-external-contract-approval"	"8005-MES-dispatch-stall-hang-and-charge-recovery"	"evidence-only"	"document-route:R09-candidate; unit-kind:adr-decision-or-section-item; source-document-class:R09-R; ledger-history:7/23 形成，7/27 迁移。NearStationQuery 有实验/SDK 能力基础；“允许集合、排除失败站、按路径最近”未链接批准源。"	"CF-R09-002"	"not-approved"	"evidence-only-not-an-approval-unit;named-approver;approval-date;approved-scope;version-or-sha256-binding"
"R09-A0038"	"R09"	"R09-04"	"docs/adr/mes/0004-charge-hang-station-selection.md"	"51fbf15af5f375f514193b0828940db23076e0e8bf2fb87b7fe344b51b74022a"	"line 7"	"充电改派选桩：允许集合内 NearStationQuery > Considered Options"	"仅 Near（全图候选）；"	"**Considered Options**: 配置顺序列表；仅 Near（全图候选）；允许集合 + Near（采纳）；失败站硬映射。"	"779e77991aea7bd0184c5eeb031bebac128355723208f7601a8982457d927169"	"source-status-options-or-implementation-evidence"	"unapproved-internal-adr-status-is-not-business-or-external-contract-approval"	"8005-MES-dispatch-stall-hang-and-charge-recovery"	"evidence-only"	"document-route:R09-candidate; unit-kind:adr-decision-or-section-item; source-document-class:R09-R; ledger-history:7/23 形成，7/27 迁移。NearStationQuery 有实验/SDK 能力基础；“允许集合、排除失败站、按路径最近”未链接批准源。"	"CF-R09-002"	"not-approved"	"evidence-only-not-an-approval-unit;named-approver;approval-date;approved-scope;version-or-sha256-binding"
"R09-A0039"	"R09"	"R09-04"	"docs/adr/mes/0004-charge-hang-station-selection.md"	"51fbf15af5f375f514193b0828940db23076e0e8bf2fb87b7fe344b51b74022a"	"line 7"	"充电改派选桩：允许集合内 NearStationQuery > Considered Options"	"允许集合 + Near（采纳）；"	"**Considered Options**: 配置顺序列表；仅 Near（全图候选）；允许集合 + Near（采纳）；失败站硬映射。"	"29b8f9ce37169fbf8a9300c115cc2f565bb21bd08ed52c2f044a2b5f44e98504"	"source-status-options-or-implementation-evidence"	"unapproved-internal-adr-status-is-not-business-or-external-contract-approval"	"8005-MES-dispatch-stall-hang-and-charge-recovery"	"evidence-only"	"document-route:R09-candidate; unit-kind:adr-decision-or-section-item; source-document-class:R09-R; ledger-history:7/23 形成，7/27 迁移。NearStationQuery 有实验/SDK 能力基础；“允许集合、排除失败站、按路径最近”未链接批准源。"	"CF-R09-002"	"not-approved"	"evidence-only-not-an-approval-unit;named-approver;approval-date;approved-scope;version-or-sha256-binding"
"R09-A0040"	"R09"	"R09-04"	"docs/adr/mes/0004-charge-hang-station-selection.md"	"51fbf15af5f375f514193b0828940db23076e0e8bf2fb87b7fe344b51b74022a"	"line 7"	"充电改派选桩：允许集合内 NearStationQuery > Considered Options"	"失败站硬映射。"	"**Considered Options**: 配置顺序列表；仅 Near（全图候选）；允许集合 + Near（采纳）；失败站硬映射。"	"52948fad777bce9c65c4745ab633fa7f1a604b5d8ffb8777dbe7d5e171c5da7e"	"source-status-options-or-implementation-evidence"	"unapproved-internal-adr-status-is-not-business-or-external-contract-approval"	"8005-MES-dispatch-stall-hang-and-charge-recovery"	"evidence-only"	"document-route:R09-candidate; unit-kind:adr-decision-or-section-item; source-document-class:R09-R; ledger-history:7/23 形成，7/27 迁移。NearStationQuery 有实验/SDK 能力基础；“允许集合、排除失败站、按路径最近”未链接批准源。"	"CF-R09-002"	"not-approved"	"evidence-only-not-an-approval-unit;named-approver;approval-date;approved-scope;version-or-sha256-binding"
"R09-A0041"	"R09"	"R09-05"	"docs/adr/mes/0005-charge-hang-retry-limit.md"	"5ab612f7fb60728c16d1fe2861f292b5318cff01cb5798afb007f309e40ee8f2"	"line 3"	"充电自动改充重试上限 N=2 > Decision"	"ChargeHangReassign 自动改充最多成功发起 2 次改派（与允许集合大小取较小值）；"	"ChargeHangReassign 自动改充最多成功发起 2 次改派（与允许集合大小取较小值）；每次仍遵循先 CANCEL 旧 HANG 再选桩派单。用尽后报警转人工，不再自动改充。禁止无限重试。"	"c8669b413d34deacfe3fceecbe15aeebe7a0cbc6c4f2ca626984249e2dd3008f"	"mes-dispatch-or-demand-lifecycle-business-rule-candidate"	"unapproved-internal-adr-status-is-not-business-or-external-contract-approval"	"8005-MES-dispatch-stall-hang-and-charge-recovery"	"needs-business-owner-and-explicit-approval"	"document-route:R09-candidate; unit-kind:adr-decision-or-section-item; source-document-class:R09-R; ledger-history:7/23 形成，7/27 迁移；`N=2` 无引用来源或测量依据。"	"Q-R09-001"	"not-approved"	"authoritative-business-source;responsible-business-or-operations-owner;named-approver;approval-date;approved-scope;version-or-sha256-binding"
"R09-A0042"	"R09"	"R09-05"	"docs/adr/mes/0005-charge-hang-retry-limit.md"	"5ab612f7fb60728c16d1fe2861f292b5318cff01cb5798afb007f309e40ee8f2"	"line 3"	"充电自动改充重试上限 N=2 > Decision"	"每次仍遵循先 CANCEL 旧 HANG 再选桩派单。"	"ChargeHangReassign 自动改充最多成功发起 2 次改派（与允许集合大小取较小值）；每次仍遵循先 CANCEL 旧 HANG 再选桩派单。用尽后报警转人工，不再自动改充。禁止无限重试。"	"fa6727309310170b46db0624fadea9ef65eb78fe45457ed90d766357464aae65"	"mes-dispatch-or-demand-lifecycle-business-rule-candidate"	"unapproved-internal-adr-status-is-not-business-or-external-contract-approval"	"8005-MES-dispatch-stall-hang-and-charge-recovery"	"needs-business-owner-and-explicit-approval"	"document-route:R09-candidate; unit-kind:adr-decision-or-section-item; source-document-class:R09-R; ledger-history:7/23 形成，7/27 迁移；`N=2` 无引用来源或测量依据。"	"Q-R09-001"	"not-approved"	"authoritative-business-source;responsible-business-or-operations-owner;named-approver;approval-date;approved-scope;version-or-sha256-binding"
"R09-A0043"	"R09"	"R09-05"	"docs/adr/mes/0005-charge-hang-retry-limit.md"	"5ab612f7fb60728c16d1fe2861f292b5318cff01cb5798afb007f309e40ee8f2"	"line 3"	"充电自动改充重试上限 N=2 > Decision"	"用尽后报警转人工，不再自动改充。"	"ChargeHangReassign 自动改充最多成功发起 2 次改派（与允许集合大小取较小值）；每次仍遵循先 CANCEL 旧 HANG 再选桩派单。用尽后报警转人工，不再自动改充。禁止无限重试。"	"47e49f3a355b8ae7fe4ef6a27d0ed58abe0b30e4dd1556ba33480d36bc42829b"	"mes-dispatch-or-demand-lifecycle-business-rule-candidate"	"unapproved-internal-adr-status-is-not-business-or-external-contract-approval"	"8005-MES-dispatch-stall-hang-and-charge-recovery"	"needs-business-owner-and-explicit-approval"	"document-route:R09-candidate; unit-kind:adr-decision-or-section-item; source-document-class:R09-R; ledger-history:7/23 形成，7/27 迁移；`N=2` 无引用来源或测量依据。"	"Q-R09-001"	"not-approved"	"authoritative-business-source;responsible-business-or-operations-owner;named-approver;approval-date;approved-scope;version-or-sha256-binding"
"R09-A0044"	"R09"	"R09-05"	"docs/adr/mes/0005-charge-hang-retry-limit.md"	"5ab612f7fb60728c16d1fe2861f292b5318cff01cb5798afb007f309e40ee8f2"	"line 3"	"充电自动改充重试上限 N=2 > Decision"	"禁止无限重试。"	"ChargeHangReassign 自动改充最多成功发起 2 次改派（与允许集合大小取较小值）；每次仍遵循先 CANCEL 旧 HANG 再选桩派单。用尽后报警转人工，不再自动改充。禁止无限重试。"	"e37da4d864184d4e2154e4ba9f5543250607a27738d6622db3b0696ff6bedc9c"	"mes-dispatch-or-demand-lifecycle-business-rule-candidate"	"unapproved-internal-adr-status-is-not-business-or-external-contract-approval"	"8005-MES-dispatch-stall-hang-and-charge-recovery"	"needs-business-owner-and-explicit-approval"	"document-route:R09-candidate; unit-kind:adr-decision-or-section-item; source-document-class:R09-R; ledger-history:7/23 形成，7/27 迁移；`N=2` 无引用来源或测量依据。"	"Q-R09-001"	"not-approved"	"authoritative-business-source;responsible-business-or-operations-owner;named-approver;approval-date;approved-scope;version-or-sha256-binding"
"R09-A0045"	"R09"	"R09-05"	"docs/adr/mes/0005-charge-hang-retry-limit.md"	"5ab612f7fb60728c16d1fe2861f292b5318cff01cb5798afb007f309e40ee8f2"	"line 5"	"充电自动改充重试上限 N=2 > Status"	"accepted"	"**Status**: accepted"	"070c160a6299c5438070b1aa737b14fc2992ed49579c14264884886a5876f971"	"source-status-options-or-implementation-evidence"	"unapproved-internal-adr-status-is-not-business-or-external-contract-approval"	"8005-MES-dispatch-stall-hang-and-charge-recovery"	"evidence-only"	"document-route:R09-candidate; unit-kind:adr-decision-or-section-item; source-document-class:R09-R; ledger-history:7/23 形成，7/27 迁移；`N=2` 无引用来源或测量依据。; exact-duplicate-of:R09-A0005"	"Q-R09-001"	"not-approved"	"evidence-only-not-an-approval-unit;named-approver;approval-date;approved-scope;version-or-sha256-binding"
"R09-A0046"	"R09"	"R09-05"	"docs/adr/mes/0005-charge-hang-retry-limit.md"	"5ab612f7fb60728c16d1fe2861f292b5318cff01cb5798afb007f309e40ee8f2"	"line 7"	"充电自动改充重试上限 N=2 > Considered Options"	"只 1 次；"	"**Considered Options**: 只 1 次；扫完允许集合；最多 N 次且 N=2（采纳）；无限重试。"	"f15e1040cf86fa74255202c39df9c3818b971018dc0889e1f2b32991b3682c98"	"source-status-options-or-implementation-evidence"	"unapproved-internal-adr-status-is-not-business-or-external-contract-approval"	"8005-MES-dispatch-stall-hang-and-charge-recovery"	"evidence-only"	"document-route:R09-candidate; unit-kind:adr-decision-or-section-item; source-document-class:R09-R; ledger-history:7/23 形成，7/27 迁移；`N=2` 无引用来源或测量依据。"	"Q-R09-001"	"not-approved"	"evidence-only-not-an-approval-unit;named-approver;approval-date;approved-scope;version-or-sha256-binding"
"R09-A0047"	"R09"	"R09-05"	"docs/adr/mes/0005-charge-hang-retry-limit.md"	"5ab612f7fb60728c16d1fe2861f292b5318cff01cb5798afb007f309e40ee8f2"	"line 7"	"充电自动改充重试上限 N=2 > Considered Options"	"扫完允许集合；"	"**Considered Options**: 只 1 次；扫完允许集合；最多 N 次且 N=2（采纳）；无限重试。"	"0c8a49f6367bed58c0e3484e338808687f9cf5492b91656dfa8c26e9185d7642"	"source-status-options-or-implementation-evidence"	"unapproved-internal-adr-status-is-not-business-or-external-contract-approval"	"8005-MES-dispatch-stall-hang-and-charge-recovery"	"evidence-only"	"document-route:R09-candidate; unit-kind:adr-decision-or-section-item; source-document-class:R09-R; ledger-history:7/23 形成，7/27 迁移；`N=2` 无引用来源或测量依据。"	"Q-R09-001"	"not-approved"	"evidence-only-not-an-approval-unit;named-approver;approval-date;approved-scope;version-or-sha256-binding"
"R09-A0048"	"R09"	"R09-05"	"docs/adr/mes/0005-charge-hang-retry-limit.md"	"5ab612f7fb60728c16d1fe2861f292b5318cff01cb5798afb007f309e40ee8f2"	"line 7"	"充电自动改充重试上限 N=2 > Considered Options"	"最多 N 次且 N=2（采纳）；"	"**Considered Options**: 只 1 次；扫完允许集合；最多 N 次且 N=2（采纳）；无限重试。"	"b51619d345aa0d99ccc54c55169867f790235b0fcdc5e14179a6f7cfaf0f63e8"	"source-status-options-or-implementation-evidence"	"unapproved-internal-adr-status-is-not-business-or-external-contract-approval"	"8005-MES-dispatch-stall-hang-and-charge-recovery"	"evidence-only"	"document-route:R09-candidate; unit-kind:adr-decision-or-section-item; source-document-class:R09-R; ledger-history:7/23 形成，7/27 迁移；`N=2` 无引用来源或测量依据。"	"Q-R09-001"	"not-approved"	"evidence-only-not-an-approval-unit;named-approver;approval-date;approved-scope;version-or-sha256-binding"
"R09-A0049"	"R09"	"R09-05"	"docs/adr/mes/0005-charge-hang-retry-limit.md"	"5ab612f7fb60728c16d1fe2861f292b5318cff01cb5798afb007f309e40ee8f2"	"line 7"	"充电自动改充重试上限 N=2 > Considered Options"	"无限重试。"	"**Considered Options**: 只 1 次；扫完允许集合；最多 N 次且 N=2（采纳）；无限重试。"	"c9756c41a727ea1bafeae0926b2a5d35ad009f5019f99057a887403905575359"	"source-status-options-or-implementation-evidence"	"unapproved-internal-adr-status-is-not-business-or-external-contract-approval"	"8005-MES-dispatch-stall-hang-and-charge-recovery"	"evidence-only"	"document-route:R09-candidate; unit-kind:adr-decision-or-section-item; source-document-class:R09-R; ledger-history:7/23 形成，7/27 迁移；`N=2` 无引用来源或测量依据。"	"Q-R09-001"	"not-approved"	"evidence-only-not-an-approval-unit;named-approver;approval-date;approved-scope;version-or-sha256-binding"
"R09-A0050"	"R09"	"R09-06"	"docs/adr/mes/0006-mes-ingest-vs-dispatch.md"	"aa6fa0fa0a46068326fa8db94d9ea53c6605d30aa205a3d5bcd4c77b5bb18e04"	"line 3"	"MES 任务接入与调度拆开；第一期只交付接入投影 > Decision"	"本地运输任务状态机若把 MES 快照对账与派车/装载/运送绑在同一模块，会阻塞「先做 MES 获取与盯盘」。"	"本地运输任务状态机若把 MES 快照对账与派车/装载/运送绑在同一模块，会阻塞「先做 MES 获取与盯盘」。决定将 **MesIngest（MES 任务接入）** 与调度系统拆开：第一期只实现接入——轮询 `MES_TASK_UNION`、幂等对账、重启恢复快照、`VISIBLE`/`GONE`、字段冻结与漂移告警、`PAUSED_ZERO_DROP`、只读 API 与盯盘页；产出 **TransportDemand**（稳定 `demand_id`）。`TASK_TYPE+SUBLOT` 是接入对账键和同时最多一条 VISIBLE 的约束；GONE 后同键再现时，MesIngest 保留旧 GONE 实例、分配新的本地 `demand_id` 并产生对账告警，不阻断投影，也不读取调度状态。调度自管派车状态并以 `demand_id` 挂接；本地取消后的永久抑制以 `TASK_TYPE+SUBLOT` 为键归调度所有，不写入接入侧。"	"82b0ff8c1a1f41819f7b92f15fa0e6c6eb443db4a60db1c907c2514bf534d627"	"embedded-local-technical-design-decision"	"unapproved-internal-adr-status-is-not-business-or-external-contract-approval"	"8005-MES-ingest-demand-lifecycle-and-data-access"	"exclude-from-requirement-approval"	"document-route:R09-candidate; unit-kind:adr-decision-or-section-item; source-document-class:R09-R; ledger-history:7/27 新建；7/31 实质扩展同键再现、`demand_id`、永久抑制和反向依赖语义，与 BR-012 同次修改。"	"none-found-within-r09-pass"	"not-approved"	"authoritative-requirement-source-if-behavior-is-required;separate-technical-decision-review;named-approver;approval-date;approved-scope;version-or-sha256-binding"
"R09-A0051"	"R09"	"R09-06"	"docs/adr/mes/0006-mes-ingest-vs-dispatch.md"	"aa6fa0fa0a46068326fa8db94d9ea53c6605d30aa205a3d5bcd4c77b5bb18e04"	"line 3"	"MES 任务接入与调度拆开；第一期只交付接入投影 > Decision"	"决定将 **MesIngest（MES 任务接入）** 与调度系统拆开：第一期只实现接入"	"本地运输任务状态机若把 MES 快照对账与派车/装载/运送绑在同一模块，会阻塞「先做 MES 获取与盯盘」。决定将 **MesIngest（MES 任务接入）** 与调度系统拆开：第一期只实现接入——轮询 `MES_TASK_UNION`、幂等对账、重启恢复快照、`VISIBLE`/`GONE`、字段冻结与漂移告警、`PAUSED_ZERO_DROP`、只读 API 与盯盘页；产出 **TransportDemand**（稳定 `demand_id`）。`TASK_TYPE+SUBLOT` 是接入对账键和同时最多一条 VISIBLE 的约束；GONE 后同键再现时，MesIngest 保留旧 GONE 实例、分配新的本地 `demand_id` 并产生对账告警，不阻断投影，也不读取调度状态。调度自管派车状态并以 `demand_id` 挂接；本地取消后的永久抑制以 `TASK_TYPE+SUBLOT` 为键归调度所有，不写入接入侧。"	"cd2ee3acf95143178bf0e80bebafa1522f4fbac41d97f73d5e672db572cf547a"	"embedded-local-technical-design-decision"	"unapproved-internal-adr-status-is-not-business-or-external-contract-approval"	"8005-MES-ingest-demand-lifecycle-and-data-access"	"exclude-from-requirement-approval"	"document-route:R09-candidate; unit-kind:adr-decision-or-section-item; source-document-class:R09-R; ledger-history:7/27 新建；7/31 实质扩展同键再现、`demand_id`、永久抑制和反向依赖语义，与 BR-012 同次修改。"	"none-found-within-r09-pass"	"not-approved"	"authoritative-requirement-source-if-behavior-is-required;separate-technical-decision-review;named-approver;approval-date;approved-scope;version-or-sha256-binding"
"R09-A0052"	"R09"	"R09-06"	"docs/adr/mes/0006-mes-ingest-vs-dispatch.md"	"aa6fa0fa0a46068326fa8db94d9ea53c6605d30aa205a3d5bcd4c77b5bb18e04"	"line 3"	"MES 任务接入与调度拆开；第一期只交付接入投影 > Decision"	"第一期接入范围：轮询 `MES_TASK_UNION`"	"本地运输任务状态机若把 MES 快照对账与派车/装载/运送绑在同一模块，会阻塞「先做 MES 获取与盯盘」。决定将 **MesIngest（MES 任务接入）** 与调度系统拆开：第一期只实现接入——轮询 `MES_TASK_UNION`、幂等对账、重启恢复快照、`VISIBLE`/`GONE`、字段冻结与漂移告警、`PAUSED_ZERO_DROP`、只读 API 与盯盘页；产出 **TransportDemand**（稳定 `demand_id`）。`TASK_TYPE+SUBLOT` 是接入对账键和同时最多一条 VISIBLE 的约束；GONE 后同键再现时，MesIngest 保留旧 GONE 实例、分配新的本地 `demand_id` 并产生对账告警，不阻断投影，也不读取调度状态。调度自管派车状态并以 `demand_id` 挂接；本地取消后的永久抑制以 `TASK_TYPE+SUBLOT` 为键归调度所有，不写入接入侧。"	"2460d5e5394d074bc3e4afff9452c1557119a88a4396c17037c18ab77ec075e3"	"external-system-contract-candidate"	"unapproved-internal-adr-status-is-not-business-or-external-contract-approval"	"8005-MES-ingest-demand-lifecycle-and-data-access"	"needs-bound-external-contract-and-explicit-approval"	"document-route:R09-candidate; unit-kind:adr-decision-or-section-item; source-document-class:R09-R; ledger-history:7/27 新建；7/31 实质扩展同键再现、`demand_id`、永久抑制和反向依赖语义，与 BR-012 同次修改。"	"none-found-within-r09-pass"	"not-approved"	"external-system-owner-or-authorized-delegate;bound-environment-build-and-contract-hash;named-approver;approval-date;approved-scope;version-or-sha256-binding"
"R09-A0053"	"R09"	"R09-06"	"docs/adr/mes/0006-mes-ingest-vs-dispatch.md"	"aa6fa0fa0a46068326fa8db94d9ea53c6605d30aa205a3d5bcd4c77b5bb18e04"	"line 3"	"MES 任务接入与调度拆开；第一期只交付接入投影 > Decision"	"第一期接入范围：幂等对账"	"本地运输任务状态机若把 MES 快照对账与派车/装载/运送绑在同一模块，会阻塞「先做 MES 获取与盯盘」。决定将 **MesIngest（MES 任务接入）** 与调度系统拆开：第一期只实现接入——轮询 `MES_TASK_UNION`、幂等对账、重启恢复快照、`VISIBLE`/`GONE`、字段冻结与漂移告警、`PAUSED_ZERO_DROP`、只读 API 与盯盘页；产出 **TransportDemand**（稳定 `demand_id`）。`TASK_TYPE+SUBLOT` 是接入对账键和同时最多一条 VISIBLE 的约束；GONE 后同键再现时，MesIngest 保留旧 GONE 实例、分配新的本地 `demand_id` 并产生对账告警，不阻断投影，也不读取调度状态。调度自管派车状态并以 `demand_id` 挂接；本地取消后的永久抑制以 `TASK_TYPE+SUBLOT` 为键归调度所有，不写入接入侧。"	"be663ccadeb6aed1df5448ccc6dedf7e0b6caed6c28558256bf4171e57d04129"	"embedded-local-technical-design-decision"	"unapproved-internal-adr-status-is-not-business-or-external-contract-approval"	"8005-MES-ingest-demand-lifecycle-and-data-access"	"exclude-from-requirement-approval"	"document-route:R09-candidate; unit-kind:adr-decision-or-section-item; source-document-class:R09-R; ledger-history:7/27 新建；7/31 实质扩展同键再现、`demand_id`、永久抑制和反向依赖语义，与 BR-012 同次修改。"	"none-found-within-r09-pass"	"not-approved"	"authoritative-requirement-source-if-behavior-is-required;separate-technical-decision-review;named-approver;approval-date;approved-scope;version-or-sha256-binding"
"R09-A0054"	"R09"	"R09-06"	"docs/adr/mes/0006-mes-ingest-vs-dispatch.md"	"aa6fa0fa0a46068326fa8db94d9ea53c6605d30aa205a3d5bcd4c77b5bb18e04"	"line 3"	"MES 任务接入与调度拆开；第一期只交付接入投影 > Decision"	"第一期接入范围：重启恢复快照"	"本地运输任务状态机若把 MES 快照对账与派车/装载/运送绑在同一模块，会阻塞「先做 MES 获取与盯盘」。决定将 **MesIngest（MES 任务接入）** 与调度系统拆开：第一期只实现接入——轮询 `MES_TASK_UNION`、幂等对账、重启恢复快照、`VISIBLE`/`GONE`、字段冻结与漂移告警、`PAUSED_ZERO_DROP`、只读 API 与盯盘页；产出 **TransportDemand**（稳定 `demand_id`）。`TASK_TYPE+SUBLOT` 是接入对账键和同时最多一条 VISIBLE 的约束；GONE 后同键再现时，MesIngest 保留旧 GONE 实例、分配新的本地 `demand_id` 并产生对账告警，不阻断投影，也不读取调度状态。调度自管派车状态并以 `demand_id` 挂接；本地取消后的永久抑制以 `TASK_TYPE+SUBLOT` 为键归调度所有，不写入接入侧。"	"2ad7eab6d41301c33457a3e7ba7212b15ee3dd8b312b53c9f175e025483c5f5a"	"embedded-local-technical-design-decision"	"unapproved-internal-adr-status-is-not-business-or-external-contract-approval"	"8005-MES-ingest-demand-lifecycle-and-data-access"	"exclude-from-requirement-approval"	"document-route:R09-candidate; unit-kind:adr-decision-or-section-item; source-document-class:R09-R; ledger-history:7/27 新建；7/31 实质扩展同键再现、`demand_id`、永久抑制和反向依赖语义，与 BR-012 同次修改。"	"none-found-within-r09-pass"	"not-approved"	"authoritative-requirement-source-if-behavior-is-required;separate-technical-decision-review;named-approver;approval-date;approved-scope;version-or-sha256-binding"
"R09-A0055"	"R09"	"R09-06"	"docs/adr/mes/0006-mes-ingest-vs-dispatch.md"	"aa6fa0fa0a46068326fa8db94d9ea53c6605d30aa205a3d5bcd4c77b5bb18e04"	"line 3"	"MES 任务接入与调度拆开；第一期只交付接入投影 > Decision"	"第一期接入范围：`VISIBLE`/`GONE`"	"本地运输任务状态机若把 MES 快照对账与派车/装载/运送绑在同一模块，会阻塞「先做 MES 获取与盯盘」。决定将 **MesIngest（MES 任务接入）** 与调度系统拆开：第一期只实现接入——轮询 `MES_TASK_UNION`、幂等对账、重启恢复快照、`VISIBLE`/`GONE`、字段冻结与漂移告警、`PAUSED_ZERO_DROP`、只读 API 与盯盘页；产出 **TransportDemand**（稳定 `demand_id`）。`TASK_TYPE+SUBLOT` 是接入对账键和同时最多一条 VISIBLE 的约束；GONE 后同键再现时，MesIngest 保留旧 GONE 实例、分配新的本地 `demand_id` 并产生对账告警，不阻断投影，也不读取调度状态。调度自管派车状态并以 `demand_id` 挂接；本地取消后的永久抑制以 `TASK_TYPE+SUBLOT` 为键归调度所有，不写入接入侧。"	"6d48a92fe442e3968cf70c3970dcd2930f8236b5b5014747fcc9faad06f27c9b"	"mes-dispatch-or-demand-lifecycle-business-rule-candidate"	"unapproved-internal-adr-status-is-not-business-or-external-contract-approval"	"8005-MES-ingest-demand-lifecycle-and-data-access"	"needs-business-owner-and-explicit-approval"	"document-route:R09-candidate; unit-kind:adr-decision-or-section-item; source-document-class:R09-R; ledger-history:7/27 新建；7/31 实质扩展同键再现、`demand_id`、永久抑制和反向依赖语义，与 BR-012 同次修改。"	"none-found-within-r09-pass"	"not-approved"	"authoritative-business-source;responsible-business-or-operations-owner;named-approver;approval-date;approved-scope;version-or-sha256-binding"
"R09-A0056"	"R09"	"R09-06"	"docs/adr/mes/0006-mes-ingest-vs-dispatch.md"	"aa6fa0fa0a46068326fa8db94d9ea53c6605d30aa205a3d5bcd4c77b5bb18e04"	"line 3"	"MES 任务接入与调度拆开；第一期只交付接入投影 > Decision"	"第一期接入范围：字段冻结与漂移告警"	"本地运输任务状态机若把 MES 快照对账与派车/装载/运送绑在同一模块，会阻塞「先做 MES 获取与盯盘」。决定将 **MesIngest（MES 任务接入）** 与调度系统拆开：第一期只实现接入——轮询 `MES_TASK_UNION`、幂等对账、重启恢复快照、`VISIBLE`/`GONE`、字段冻结与漂移告警、`PAUSED_ZERO_DROP`、只读 API 与盯盘页；产出 **TransportDemand**（稳定 `demand_id`）。`TASK_TYPE+SUBLOT` 是接入对账键和同时最多一条 VISIBLE 的约束；GONE 后同键再现时，MesIngest 保留旧 GONE 实例、分配新的本地 `demand_id` 并产生对账告警，不阻断投影，也不读取调度状态。调度自管派车状态并以 `demand_id` 挂接；本地取消后的永久抑制以 `TASK_TYPE+SUBLOT` 为键归调度所有，不写入接入侧。"	"155f3b985dfb4f5786241e19c504dd2d96e0778188c53b76ea67420cf62b5895"	"embedded-local-technical-design-decision"	"unapproved-internal-adr-status-is-not-business-or-external-contract-approval"	"8005-MES-ingest-demand-lifecycle-and-data-access"	"exclude-from-requirement-approval"	"document-route:R09-candidate; unit-kind:adr-decision-or-section-item; source-document-class:R09-R; ledger-history:7/27 新建；7/31 实质扩展同键再现、`demand_id`、永久抑制和反向依赖语义，与 BR-012 同次修改。"	"none-found-within-r09-pass"	"not-approved"	"authoritative-requirement-source-if-behavior-is-required;separate-technical-decision-review;named-approver;approval-date;approved-scope;version-or-sha256-binding"
"R09-A0057"	"R09"	"R09-06"	"docs/adr/mes/0006-mes-ingest-vs-dispatch.md"	"aa6fa0fa0a46068326fa8db94d9ea53c6605d30aa205a3d5bcd4c77b5bb18e04"	"line 3"	"MES 任务接入与调度拆开；第一期只交付接入投影 > Decision"	"第一期接入范围：`PAUSED_ZERO_DROP`"	"本地运输任务状态机若把 MES 快照对账与派车/装载/运送绑在同一模块，会阻塞「先做 MES 获取与盯盘」。决定将 **MesIngest（MES 任务接入）** 与调度系统拆开：第一期只实现接入——轮询 `MES_TASK_UNION`、幂等对账、重启恢复快照、`VISIBLE`/`GONE`、字段冻结与漂移告警、`PAUSED_ZERO_DROP`、只读 API 与盯盘页；产出 **TransportDemand**（稳定 `demand_id`）。`TASK_TYPE+SUBLOT` 是接入对账键和同时最多一条 VISIBLE 的约束；GONE 后同键再现时，MesIngest 保留旧 GONE 实例、分配新的本地 `demand_id` 并产生对账告警，不阻断投影，也不读取调度状态。调度自管派车状态并以 `demand_id` 挂接；本地取消后的永久抑制以 `TASK_TYPE+SUBLOT` 为键归调度所有，不写入接入侧。"	"dda293d12e9ba3c85ad368a61a363a50bf66dafa982355d16c3f30252f25e624"	"embedded-local-technical-design-decision"	"unapproved-internal-adr-status-is-not-business-or-external-contract-approval"	"8005-MES-ingest-demand-lifecycle-and-data-access"	"exclude-from-requirement-approval"	"document-route:R09-candidate; unit-kind:adr-decision-or-section-item; source-document-class:R09-R; ledger-history:7/27 新建；7/31 实质扩展同键再现、`demand_id`、永久抑制和反向依赖语义，与 BR-012 同次修改。"	"none-found-within-r09-pass"	"not-approved"	"authoritative-requirement-source-if-behavior-is-required;separate-technical-decision-review;named-approver;approval-date;approved-scope;version-or-sha256-binding"
"R09-A0058"	"R09"	"R09-06"	"docs/adr/mes/0006-mes-ingest-vs-dispatch.md"	"aa6fa0fa0a46068326fa8db94d9ea53c6605d30aa205a3d5bcd4c77b5bb18e04"	"line 3"	"MES 任务接入与调度拆开；第一期只交付接入投影 > Decision"	"第一期接入范围：只读 API 与盯盘页；"	"本地运输任务状态机若把 MES 快照对账与派车/装载/运送绑在同一模块，会阻塞「先做 MES 获取与盯盘」。决定将 **MesIngest（MES 任务接入）** 与调度系统拆开：第一期只实现接入——轮询 `MES_TASK_UNION`、幂等对账、重启恢复快照、`VISIBLE`/`GONE`、字段冻结与漂移告警、`PAUSED_ZERO_DROP`、只读 API 与盯盘页；产出 **TransportDemand**（稳定 `demand_id`）。`TASK_TYPE+SUBLOT` 是接入对账键和同时最多一条 VISIBLE 的约束；GONE 后同键再现时，MesIngest 保留旧 GONE 实例、分配新的本地 `demand_id` 并产生对账告警，不阻断投影，也不读取调度状态。调度自管派车状态并以 `demand_id` 挂接；本地取消后的永久抑制以 `TASK_TYPE+SUBLOT` 为键归调度所有，不写入接入侧。"	"93daf56006cf024622d91b33ae7de789dd7d20f6610e92a9c8be39d45f2349f4"	"product-capability-scope-candidate"	"unapproved-internal-adr-status-is-not-business-or-external-contract-approval"	"8005-MES-ingest-demand-lifecycle-and-data-access"	"needs-product-owner-and-explicit-approval"	"document-route:R09-candidate; unit-kind:adr-decision-or-section-item; source-document-class:R09-R; ledger-history:7/27 新建；7/31 实质扩展同键再现、`demand_id`、永久抑制和反向依赖语义，与 BR-012 同次修改。"	"CF-R01-002"	"not-approved"	"approved-product-scope-source;responsible-product-owner;named-approver;approval-date;approved-scope;version-or-sha256-binding"
"R09-A0059"	"R09"	"R09-06"	"docs/adr/mes/0006-mes-ingest-vs-dispatch.md"	"aa6fa0fa0a46068326fa8db94d9ea53c6605d30aa205a3d5bcd4c77b5bb18e04"	"line 3"	"MES 任务接入与调度拆开；第一期只交付接入投影 > Decision"	"产出 **TransportDemand**（稳定 `demand_id`）。"	"本地运输任务状态机若把 MES 快照对账与派车/装载/运送绑在同一模块，会阻塞「先做 MES 获取与盯盘」。决定将 **MesIngest（MES 任务接入）** 与调度系统拆开：第一期只实现接入——轮询 `MES_TASK_UNION`、幂等对账、重启恢复快照、`VISIBLE`/`GONE`、字段冻结与漂移告警、`PAUSED_ZERO_DROP`、只读 API 与盯盘页；产出 **TransportDemand**（稳定 `demand_id`）。`TASK_TYPE+SUBLOT` 是接入对账键和同时最多一条 VISIBLE 的约束；GONE 后同键再现时，MesIngest 保留旧 GONE 实例、分配新的本地 `demand_id` 并产生对账告警，不阻断投影，也不读取调度状态。调度自管派车状态并以 `demand_id` 挂接；本地取消后的永久抑制以 `TASK_TYPE+SUBLOT` 为键归调度所有，不写入接入侧。"	"92897a58a45ddad802a88fda5fe6a38ae088f06a42576a28d3124edd57ce6a12"	"mes-dispatch-or-demand-lifecycle-business-rule-candidate"	"unapproved-internal-adr-status-is-not-business-or-external-contract-approval"	"8005-MES-ingest-demand-lifecycle-and-data-access"	"needs-business-owner-and-explicit-approval"	"document-route:R09-candidate; unit-kind:adr-decision-or-section-item; source-document-class:R09-R; ledger-history:7/27 新建；7/31 实质扩展同键再现、`demand_id`、永久抑制和反向依赖语义，与 BR-012 同次修改。"	"none-found-within-r09-pass"	"not-approved"	"authoritative-business-source;responsible-business-or-operations-owner;named-approver;approval-date;approved-scope;version-or-sha256-binding"
"R09-A0060"	"R09"	"R09-06"	"docs/adr/mes/0006-mes-ingest-vs-dispatch.md"	"aa6fa0fa0a46068326fa8db94d9ea53c6605d30aa205a3d5bcd4c77b5bb18e04"	"line 3"	"MES 任务接入与调度拆开；第一期只交付接入投影 > Decision"	"`TASK_TYPE+SUBLOT` 是接入对账键和同时最多一条 VISIBLE 的约束；"	"本地运输任务状态机若把 MES 快照对账与派车/装载/运送绑在同一模块，会阻塞「先做 MES 获取与盯盘」。决定将 **MesIngest（MES 任务接入）** 与调度系统拆开：第一期只实现接入——轮询 `MES_TASK_UNION`、幂等对账、重启恢复快照、`VISIBLE`/`GONE`、字段冻结与漂移告警、`PAUSED_ZERO_DROP`、只读 API 与盯盘页；产出 **TransportDemand**（稳定 `demand_id`）。`TASK_TYPE+SUBLOT` 是接入对账键和同时最多一条 VISIBLE 的约束；GONE 后同键再现时，MesIngest 保留旧 GONE 实例、分配新的本地 `demand_id` 并产生对账告警，不阻断投影，也不读取调度状态。调度自管派车状态并以 `demand_id` 挂接；本地取消后的永久抑制以 `TASK_TYPE+SUBLOT` 为键归调度所有，不写入接入侧。"	"940368fd83a1242317d14ccee94a70c7ad1f0db668a4a8a228fb82870a0a8c3b"	"mes-dispatch-or-demand-lifecycle-business-rule-candidate"	"unapproved-internal-adr-status-is-not-business-or-external-contract-approval"	"8005-MES-ingest-demand-lifecycle-and-data-access"	"needs-business-owner-and-explicit-approval"	"document-route:R09-candidate; unit-kind:adr-decision-or-section-item; source-document-class:R09-R; ledger-history:7/27 新建；7/31 实质扩展同键再现、`demand_id`、永久抑制和反向依赖语义，与 BR-012 同次修改。"	"CF-R01-001"	"not-approved"	"authoritative-business-source;responsible-business-or-operations-owner;named-approver;approval-date;approved-scope;version-or-sha256-binding"
"R09-A0061"	"R09"	"R09-06"	"docs/adr/mes/0006-mes-ingest-vs-dispatch.md"	"aa6fa0fa0a46068326fa8db94d9ea53c6605d30aa205a3d5bcd4c77b5bb18e04"	"line 3"	"MES 任务接入与调度拆开；第一期只交付接入投影 > Decision"	"GONE 后同键再现时，MesIngest 保留旧 GONE 实例、分配新的本地 `demand_id` 并产生对账告警，不阻断投影，也不读取调度状态。"	"本地运输任务状态机若把 MES 快照对账与派车/装载/运送绑在同一模块，会阻塞「先做 MES 获取与盯盘」。决定将 **MesIngest（MES 任务接入）** 与调度系统拆开：第一期只实现接入——轮询 `MES_TASK_UNION`、幂等对账、重启恢复快照、`VISIBLE`/`GONE`、字段冻结与漂移告警、`PAUSED_ZERO_DROP`、只读 API 与盯盘页；产出 **TransportDemand**（稳定 `demand_id`）。`TASK_TYPE+SUBLOT` 是接入对账键和同时最多一条 VISIBLE 的约束；GONE 后同键再现时，MesIngest 保留旧 GONE 实例、分配新的本地 `demand_id` 并产生对账告警，不阻断投影，也不读取调度状态。调度自管派车状态并以 `demand_id` 挂接；本地取消后的永久抑制以 `TASK_TYPE+SUBLOT` 为键归调度所有，不写入接入侧。"	"fadc94584a3099d1fe37af4b1f82868cbd8fe6065f7179990fac6d0241e0c538"	"mes-dispatch-or-demand-lifecycle-business-rule-candidate"	"unapproved-internal-adr-status-is-not-business-or-external-contract-approval"	"8005-MES-ingest-demand-lifecycle-and-data-access"	"needs-business-owner-and-explicit-approval"	"document-route:R09-candidate; unit-kind:adr-decision-or-section-item; source-document-class:R09-R; ledger-history:7/27 新建；7/31 实质扩展同键再现、`demand_id`、永久抑制和反向依赖语义，与 BR-012 同次修改。"	"CF-R01-001"	"not-approved"	"authoritative-business-source;responsible-business-or-operations-owner;named-approver;approval-date;approved-scope;version-or-sha256-binding"
"R09-A0062"	"R09"	"R09-06"	"docs/adr/mes/0006-mes-ingest-vs-dispatch.md"	"aa6fa0fa0a46068326fa8db94d9ea53c6605d30aa205a3d5bcd4c77b5bb18e04"	"line 3"	"MES 任务接入与调度拆开；第一期只交付接入投影 > Decision"	"调度自管派车状态并以 `demand_id` 挂接；"	"本地运输任务状态机若把 MES 快照对账与派车/装载/运送绑在同一模块，会阻塞「先做 MES 获取与盯盘」。决定将 **MesIngest（MES 任务接入）** 与调度系统拆开：第一期只实现接入——轮询 `MES_TASK_UNION`、幂等对账、重启恢复快照、`VISIBLE`/`GONE`、字段冻结与漂移告警、`PAUSED_ZERO_DROP`、只读 API 与盯盘页；产出 **TransportDemand**（稳定 `demand_id`）。`TASK_TYPE+SUBLOT` 是接入对账键和同时最多一条 VISIBLE 的约束；GONE 后同键再现时，MesIngest 保留旧 GONE 实例、分配新的本地 `demand_id` 并产生对账告警，不阻断投影，也不读取调度状态。调度自管派车状态并以 `demand_id` 挂接；本地取消后的永久抑制以 `TASK_TYPE+SUBLOT` 为键归调度所有，不写入接入侧。"	"b0c23b2b07db37f1743897cfd4439b290e81e580663acd4a7b56fd4f55af6185"	"mes-dispatch-or-demand-lifecycle-business-rule-candidate"	"unapproved-internal-adr-status-is-not-business-or-external-contract-approval"	"8005-MES-ingest-demand-lifecycle-and-data-access"	"needs-business-owner-and-explicit-approval"	"document-route:R09-candidate; unit-kind:adr-decision-or-section-item; source-document-class:R09-R; ledger-history:7/27 新建；7/31 实质扩展同键再现、`demand_id`、永久抑制和反向依赖语义，与 BR-012 同次修改。"	"none-found-within-r09-pass"	"not-approved"	"authoritative-business-source;responsible-business-or-operations-owner;named-approver;approval-date;approved-scope;version-or-sha256-binding"
"R09-A0063"	"R09"	"R09-06"	"docs/adr/mes/0006-mes-ingest-vs-dispatch.md"	"aa6fa0fa0a46068326fa8db94d9ea53c6605d30aa205a3d5bcd4c77b5bb18e04"	"line 3"	"MES 任务接入与调度拆开；第一期只交付接入投影 > Decision"	"本地取消后的永久抑制以 `TASK_TYPE+SUBLOT` 为键归调度所有，不写入接入侧。"	"本地运输任务状态机若把 MES 快照对账与派车/装载/运送绑在同一模块，会阻塞「先做 MES 获取与盯盘」。决定将 **MesIngest（MES 任务接入）** 与调度系统拆开：第一期只实现接入——轮询 `MES_TASK_UNION`、幂等对账、重启恢复快照、`VISIBLE`/`GONE`、字段冻结与漂移告警、`PAUSED_ZERO_DROP`、只读 API 与盯盘页；产出 **TransportDemand**（稳定 `demand_id`）。`TASK_TYPE+SUBLOT` 是接入对账键和同时最多一条 VISIBLE 的约束；GONE 后同键再现时，MesIngest 保留旧 GONE 实例、分配新的本地 `demand_id` 并产生对账告警，不阻断投影，也不读取调度状态。调度自管派车状态并以 `demand_id` 挂接；本地取消后的永久抑制以 `TASK_TYPE+SUBLOT` 为键归调度所有，不写入接入侧。"	"ee867965fc69788c075ecd7ec8fa71e585a77a93e80ea5b7dfd129705a01552b"	"mes-dispatch-or-demand-lifecycle-business-rule-candidate"	"unapproved-internal-adr-status-is-not-business-or-external-contract-approval"	"8005-MES-ingest-demand-lifecycle-and-data-access"	"needs-business-owner-and-explicit-approval"	"document-route:R09-candidate; unit-kind:adr-decision-or-section-item; source-document-class:R09-R; ledger-history:7/27 新建；7/31 实质扩展同键再现、`demand_id`、永久抑制和反向依赖语义，与 BR-012 同次修改。"	"CF-R01-001,CF-R01-002"	"not-approved"	"authoritative-business-source;responsible-business-or-operations-owner;named-approver;approval-date;approved-scope;version-or-sha256-binding"
"R09-A0064"	"R09"	"R09-06"	"docs/adr/mes/0006-mes-ingest-vs-dispatch.md"	"aa6fa0fa0a46068326fa8db94d9ea53c6605d30aa205a3d5bcd4c77b5bb18e04"	"line 5"	"MES 任务接入与调度拆开；第一期只交付接入投影 > Status"	"accepted"	"**Status**: accepted"	"070c160a6299c5438070b1aa737b14fc2992ed49579c14264884886a5876f971"	"source-status-options-or-implementation-evidence"	"unapproved-internal-adr-status-is-not-business-or-external-contract-approval"	"8005-MES-ingest-demand-lifecycle-and-data-access"	"evidence-only"	"document-route:R09-candidate; unit-kind:adr-decision-or-section-item; source-document-class:R09-R; ledger-history:7/27 新建；7/31 实质扩展同键再现、`demand_id`、永久抑制和反向依赖语义，与 BR-012 同次修改。; exact-duplicate-of:R09-A0005"	"none-found-within-r09-pass"	"not-approved"	"evidence-only-not-an-approval-unit;named-approver;approval-date;approved-scope;version-or-sha256-binding"
"R09-A0065"	"R09"	"R09-06"	"docs/adr/mes/0006-mes-ingest-vs-dispatch.md"	"aa6fa0fa0a46068326fa8db94d9ea53c6605d30aa205a3d5bcd4c77b5bb18e04"	"line 8"	"MES 任务接入与调度拆开；第一期只交付接入投影 > Considered Options"	"继续做完整本地任务状态机再暴露接口（拒绝：与调度耦合，挡第一期）"	"- 继续做完整本地任务状态机再暴露接口（拒绝：与调度耦合，挡第一期）"	"27e93703d4f02d5ecf4e404580f2fa4c28bb2c5237787f2bd54ac797ec5078b4"	"source-status-options-or-implementation-evidence"	"unapproved-internal-adr-status-is-not-business-or-external-contract-approval"	"8005-MES-ingest-demand-lifecycle-and-data-access"	"evidence-only"	"document-route:R09-candidate; unit-kind:adr-decision-or-section-item; source-document-class:R09-R; ledger-history:7/27 新建；7/31 实质扩展同键再现、`demand_id`、永久抑制和反向依赖语义，与 BR-012 同次修改。"	"none-found-within-r09-pass"	"not-approved"	"evidence-only-not-an-approval-unit;named-approver;approval-date;approved-scope;version-or-sha256-binding"
"R09-A0066"	"R09"	"R09-06"	"docs/adr/mes/0006-mes-ingest-vs-dispatch.md"	"aa6fa0fa0a46068326fa8db94d9ea53c6605d30aa205a3d5bcd4c77b5bb18e04"	"line 9"	"MES 任务接入与调度拆开；第一期只交付接入投影 > Considered Options"	"接入只吐原始快照、不做跨轮对账（拒绝：丢失恢复快照与消失语义）"	"- 接入只吐原始快照、不做跨轮对账（拒绝：丢失恢复快照与消失语义）"	"a98f6c538457e25d75dfb02d16c48deb4f9d7d51c10e94fe9d29b98fa18f183f"	"source-status-options-or-implementation-evidence"	"unapproved-internal-adr-status-is-not-business-or-external-contract-approval"	"8005-MES-ingest-demand-lifecycle-and-data-access"	"evidence-only"	"document-route:R09-candidate; unit-kind:adr-decision-or-section-item; source-document-class:R09-R; ledger-history:7/27 新建；7/31 实质扩展同键再现、`demand_id`、永久抑制和反向依赖语义，与 BR-012 同次修改。"	"none-found-within-r09-pass"	"not-approved"	"evidence-only-not-an-approval-unit;named-approver;approval-date;approved-scope;version-or-sha256-binding"
"R09-A0067"	"R09"	"R09-06"	"docs/adr/mes/0006-mes-ingest-vs-dispatch.md"	"aa6fa0fa0a46068326fa8db94d9ea53c6605d30aa205a3d5bcd4c77b5bb18e04"	"line 10"	"MES 任务接入与调度拆开；第一期只交付接入投影 > Considered Options"	"外部只用 `TASK_TYPE+SUBLOT` 挂全部实例状态（拒绝：缺少稳定的本地实例与审计标识；"	"- 外部只用 `TASK_TYPE+SUBLOT` 挂全部实例状态（拒绝：缺少稳定的本地实例与审计标识；保留为对账和抑制键）"	"055ca2904f48e5d410dafe2bde15f9cfcb0c1caf6a757ff498f13a203097484b"	"source-status-options-or-implementation-evidence"	"unapproved-internal-adr-status-is-not-business-or-external-contract-approval"	"8005-MES-ingest-demand-lifecycle-and-data-access"	"evidence-only"	"document-route:R09-candidate; unit-kind:adr-decision-or-section-item; source-document-class:R09-R; ledger-history:7/27 新建；7/31 实质扩展同键再现、`demand_id`、永久抑制和反向依赖语义，与 BR-012 同次修改。"	"CF-R01-001"	"not-approved"	"evidence-only-not-an-approval-unit;named-approver;approval-date;approved-scope;version-or-sha256-binding"
"R09-A0068"	"R09"	"R09-06"	"docs/adr/mes/0006-mes-ingest-vs-dispatch.md"	"aa6fa0fa0a46068326fa8db94d9ea53c6605d30aa205a3d5bcd4c77b5bb18e04"	"line 10"	"MES 任务接入与调度拆开；第一期只交付接入投影 > Considered Options"	"保留为对账和抑制键）"	"- 外部只用 `TASK_TYPE+SUBLOT` 挂全部实例状态（拒绝：缺少稳定的本地实例与审计标识；保留为对账和抑制键）"	"62984c3bc1b5877c91b3d3976b6d7bd4f4b15eb028a8ad041f54eec9e363059e"	"source-status-options-or-implementation-evidence"	"unapproved-internal-adr-status-is-not-business-or-external-contract-approval"	"8005-MES-ingest-demand-lifecycle-and-data-access"	"evidence-only"	"document-route:R09-candidate; unit-kind:adr-decision-or-section-item; source-document-class:R09-R; ledger-history:7/27 新建；7/31 实质扩展同键再现、`demand_id`、永久抑制和反向依赖语义，与 BR-012 同次修改。"	"CF-R01-001"	"not-approved"	"evidence-only-not-an-approval-unit;named-approver;approval-date;approved-scope;version-or-sha256-binding"
"R09-A0069"	"R09"	"R09-06"	"docs/adr/mes/0006-mes-ingest-vs-dispatch.md"	"aa6fa0fa0a46068326fa8db94d9ea53c6605d30aa205a3d5bcd4c77b5bb18e04"	"line 11"	"MES 任务接入与调度拆开；第一期只交付接入投影 > Considered Options"	"让 MesIngest 读取调度侧抑制并阻断投影（拒绝：形成反向依赖，混淆 MES 投影事实与是否派车的业务判断）"	"- 让 MesIngest 读取调度侧抑制并阻断投影（拒绝：形成反向依赖，混淆 MES 投影事实与是否派车的业务判断）"	"011c0815f3ea222251b57660cc9c94eaf0802d149a784e2e3f45c985c151621c"	"source-status-options-or-implementation-evidence"	"unapproved-internal-adr-status-is-not-business-or-external-contract-approval"	"8005-MES-ingest-demand-lifecycle-and-data-access"	"evidence-only"	"document-route:R09-candidate; unit-kind:adr-decision-or-section-item; source-document-class:R09-R; ledger-history:7/27 新建；7/31 实质扩展同键再现、`demand_id`、永久抑制和反向依赖语义，与 BR-012 同次修改。"	"none-found-within-r09-pass"	"not-approved"	"evidence-only-not-an-approval-unit;named-approver;approval-date;approved-scope;version-or-sha256-binding"
"R09-A0070"	"R09"	"R09-06"	"docs/adr/mes/0006-mes-ingest-vs-dispatch.md"	"aa6fa0fa0a46068326fa8db94d9ea53c6605d30aa205a3d5bcd4c77b5bb18e04"	"line 12"	"MES 任务接入与调度拆开；第一期只交付接入投影 > Considered Options"	"接入 + 调度拆开，第一期只做接入投影（采纳）"	"- 接入 + 调度拆开，第一期只做接入投影（采纳）"	"e788a681b8ed5330618b4bc53de7a3421d1a93671b35c46b459a55fe707709aa"	"source-status-options-or-implementation-evidence"	"unapproved-internal-adr-status-is-not-business-or-external-contract-approval"	"8005-MES-ingest-demand-lifecycle-and-data-access"	"evidence-only"	"document-route:R09-candidate; unit-kind:adr-decision-or-section-item; source-document-class:R09-R; ledger-history:7/27 新建；7/31 实质扩展同键再现、`demand_id`、永久抑制和反向依赖语义，与 BR-012 同次修改。"	"none-found-within-r09-pass"	"not-approved"	"evidence-only-not-an-approval-unit;named-approver;approval-date;approved-scope;version-or-sha256-binding"
"R09-A0071"	"R09"	"R09-06"	"docs/adr/mes/0006-mes-ingest-vs-dispatch.md"	"aa6fa0fa0a46068326fa8db94d9ea53c6605d30aa205a3d5bcd4c77b5bb18e04"	"line 15"	"MES 任务接入与调度拆开；第一期只交付接入投影 > Consequences"	"`AGV系统业务与MES任务模型.md` 中厚状态机仍描述目标调度行为，但实现上须按「接入 vs 调度」分期阅读；"	"- `AGV系统业务与MES任务模型.md` 中厚状态机仍描述目标调度行为，但实现上须按「接入 vs 调度」分期阅读；接入范围以本 ADR 为准。"	"1e7b0d0a4c1abdf8d94d646b21bd3586c71b5523abaf09e1eb91526c662e26ea"	"downstream-obligation-or-scope-candidate"	"unapproved-internal-adr-status-is-not-business-or-external-contract-approval"	"8005-MES-ingest-demand-lifecycle-and-data-access"	"needs-responsible-owner-and-explicit-approval"	"document-route:R09-candidate; unit-kind:adr-decision-or-section-item; source-document-class:R09-R; ledger-history:7/27 新建；7/31 实质扩展同键再现、`demand_id`、永久抑制和反向依赖语义，与 BR-012 同次修改。"	"none-found-within-r09-pass"	"not-approved"	"responsible-owner-classification;authoritative-source;named-approver;approval-date;approved-scope;version-or-sha256-binding"
"R09-A0072"	"R09"	"R09-06"	"docs/adr/mes/0006-mes-ingest-vs-dispatch.md"	"aa6fa0fa0a46068326fa8db94d9ea53c6605d30aa205a3d5bcd4c77b5bb18e04"	"line 15"	"MES 任务接入与调度拆开；第一期只交付接入投影 > Consequences"	"接入范围以本 ADR 为准。"	"- `AGV系统业务与MES任务模型.md` 中厚状态机仍描述目标调度行为，但实现上须按「接入 vs 调度」分期阅读；接入范围以本 ADR 为准。"	"7ba8b31a5e92fbe4d2c7bf1a7f5aec0ca1a555666c3d8fa7b8105836597ec049"	"downstream-obligation-or-scope-candidate"	"unapproved-internal-adr-status-is-not-business-or-external-contract-approval"	"8005-MES-ingest-demand-lifecycle-and-data-access"	"needs-responsible-owner-and-explicit-approval"	"document-route:R09-candidate; unit-kind:adr-decision-or-section-item; source-document-class:R09-R; ledger-history:7/27 新建；7/31 实质扩展同键再现、`demand_id`、永久抑制和反向依赖语义，与 BR-012 同次修改。"	"none-found-within-r09-pass"	"not-approved"	"responsible-owner-classification;authoritative-source;named-approver;approval-date;approved-scope;version-or-sha256-binding"
"R09-A0073"	"R09"	"R09-06"	"docs/adr/mes/0006-mes-ingest-vs-dispatch.md"	"aa6fa0fa0a46068326fa8db94d9ea53c6605d30aa205a3d5bcd4c77b5bb18e04"	"line 16"	"MES 任务接入与调度拆开；第一期只交付接入投影 > Consequences"	"接入的 VISIBLE 列表只表示 MES 当前可见，不等于调度「当前可派」；"	"- 接入的 VISIBLE 列表只表示 MES 当前可见，不等于调度「当前可派」；调度须结合自身状态和永久抑制判断是否建立或恢复业务任务。"	"436a5aae2b284bf24eb98712e653d38043c0ba17f05a3e51e3736336256e2c21"	"mes-dispatch-or-demand-lifecycle-business-rule-candidate"	"unapproved-internal-adr-status-is-not-business-or-external-contract-approval"	"8005-MES-ingest-demand-lifecycle-and-data-access"	"needs-business-owner-and-explicit-approval"	"document-route:R09-candidate; unit-kind:adr-decision-or-section-item; source-document-class:R09-R; ledger-history:7/27 新建；7/31 实质扩展同键再现、`demand_id`、永久抑制和反向依赖语义，与 BR-012 同次修改。"	"none-found-within-r09-pass"	"not-approved"	"authoritative-business-source;responsible-business-or-operations-owner;named-approver;approval-date;approved-scope;version-or-sha256-binding"
"R09-A0074"	"R09"	"R09-06"	"docs/adr/mes/0006-mes-ingest-vs-dispatch.md"	"aa6fa0fa0a46068326fa8db94d9ea53c6605d30aa205a3d5bcd4c77b5bb18e04"	"line 16"	"MES 任务接入与调度拆开；第一期只交付接入投影 > Consequences"	"调度须结合自身状态和永久抑制判断是否建立或恢复业务任务。"	"- 接入的 VISIBLE 列表只表示 MES 当前可见，不等于调度「当前可派」；调度须结合自身状态和永久抑制判断是否建立或恢复业务任务。"	"04f1da62e94ce1d38c4bc9b128fac1de1231a70c27497ef65ea6e8cfba218e4d"	"mes-dispatch-or-demand-lifecycle-business-rule-candidate"	"unapproved-internal-adr-status-is-not-business-or-external-contract-approval"	"8005-MES-ingest-demand-lifecycle-and-data-access"	"needs-business-owner-and-explicit-approval"	"document-route:R09-candidate; unit-kind:adr-decision-or-section-item; source-document-class:R09-R; ledger-history:7/27 新建；7/31 实质扩展同键再现、`demand_id`、永久抑制和反向依赖语义，与 BR-012 同次修改。"	"CF-R01-001"	"not-approved"	"authoritative-business-source;responsible-business-or-operations-owner;named-approver;approval-date;approved-scope;version-or-sha256-binding"
"R09-A0075"	"R09"	"R09-06"	"docs/adr/mes/0006-mes-ingest-vs-dispatch.md"	"aa6fa0fa0a46068326fa8db94d9ea53c6605d30aa205a3d5bcd4c77b5bb18e04"	"line 17"	"MES 任务接入与调度拆开；第一期只交付接入投影 > Consequences"	"MesIngest 对 GONE 后同键再现分配新 `demand_id` 并告警是接入职责内的既定行为；"	"- MesIngest 对 GONE 后同键再现分配新 `demand_id` 并告警是接入职责内的既定行为；新的本地投影实例不表示 MES 形成了新需求。"	"8bca9e53b1871b5344dedf1e1abfd69134cb4bcd939a975f498ed8cf745c1068"	"mes-dispatch-or-demand-lifecycle-business-rule-candidate"	"unapproved-internal-adr-status-is-not-business-or-external-contract-approval"	"8005-MES-ingest-demand-lifecycle-and-data-access"	"needs-business-owner-and-explicit-approval"	"document-route:R09-candidate; unit-kind:adr-decision-or-section-item; source-document-class:R09-R; ledger-history:7/27 新建；7/31 实质扩展同键再现、`demand_id`、永久抑制和反向依赖语义，与 BR-012 同次修改。"	"CF-R01-001"	"not-approved"	"authoritative-business-source;responsible-business-or-operations-owner;named-approver;approval-date;approved-scope;version-or-sha256-binding"
"R09-A0076"	"R09"	"R09-06"	"docs/adr/mes/0006-mes-ingest-vs-dispatch.md"	"aa6fa0fa0a46068326fa8db94d9ea53c6605d30aa205a3d5bcd4c77b5bb18e04"	"line 17"	"MES 任务接入与调度拆开；第一期只交付接入投影 > Consequences"	"新的本地投影实例不表示 MES 形成了新需求。"	"- MesIngest 对 GONE 后同键再现分配新 `demand_id` 并告警是接入职责内的既定行为；新的本地投影实例不表示 MES 形成了新需求。"	"7d19ceafa154ed8ce7eaef6d9bf0bba92b5093844331340732e61e3aa05f5f15"	"downstream-obligation-or-scope-candidate"	"unapproved-internal-adr-status-is-not-business-or-external-contract-approval"	"8005-MES-ingest-demand-lifecycle-and-data-access"	"needs-responsible-owner-and-explicit-approval"	"document-route:R09-candidate; unit-kind:adr-decision-or-section-item; source-document-class:R09-R; ledger-history:7/27 新建；7/31 实质扩展同键再现、`demand_id`、永久抑制和反向依赖语义，与 BR-012 同次修改。"	"none-found-within-r09-pass"	"not-approved"	"responsible-owner-classification;authoritative-source;named-approver;approval-date;approved-scope;version-or-sha256-binding"
"R09-A0077"	"R09"	"R09-06"	"docs/adr/mes/0006-mes-ingest-vs-dispatch.md"	"aa6fa0fa0a46068326fa8db94d9ea53c6605d30aa205a3d5bcd4c77b5bb18e04"	"line 18"	"MES 任务接入与调度拆开；第一期只交付接入投影 > Consequences"	"调度命中永久抑制的 TransportDemandKey 时不得建立或恢复业务任务、不得派车；"	"- 调度命中永久抑制的 TransportDemandKey 时不得建立或恢复业务任务、不得派车；该判断不改变 MesIngest 的投影和告警行为。"	"35be1fc910fb247733cc1ab175f70e88d151bc1d46c61b807b225f8ac101195d"	"mes-dispatch-or-demand-lifecycle-business-rule-candidate"	"unapproved-internal-adr-status-is-not-business-or-external-contract-approval"	"8005-MES-ingest-demand-lifecycle-and-data-access"	"needs-business-owner-and-explicit-approval"	"document-route:R09-candidate; unit-kind:adr-decision-or-section-item; source-document-class:R09-R; ledger-history:7/27 新建；7/31 实质扩展同键再现、`demand_id`、永久抑制和反向依赖语义，与 BR-012 同次修改。"	"CF-R01-001"	"not-approved"	"authoritative-business-source;responsible-business-or-operations-owner;named-approver;approval-date;approved-scope;version-or-sha256-binding"
"R09-A0078"	"R09"	"R09-06"	"docs/adr/mes/0006-mes-ingest-vs-dispatch.md"	"aa6fa0fa0a46068326fa8db94d9ea53c6605d30aa205a3d5bcd4c77b5bb18e04"	"line 18"	"MES 任务接入与调度拆开；第一期只交付接入投影 > Consequences"	"该判断不改变 MesIngest 的投影和告警行为。"	"- 调度命中永久抑制的 TransportDemandKey 时不得建立或恢复业务任务、不得派车；该判断不改变 MesIngest 的投影和告警行为。"	"0604e22900d6b4d68e95b33d0471017239d55cf6b6cf475cf3d23c4455691743"	"downstream-obligation-or-scope-candidate"	"unapproved-internal-adr-status-is-not-business-or-external-contract-approval"	"8005-MES-ingest-demand-lifecycle-and-data-access"	"needs-responsible-owner-and-explicit-approval"	"document-route:R09-candidate; unit-kind:adr-decision-or-section-item; source-document-class:R09-R; ledger-history:7/27 新建；7/31 实质扩展同键再现、`demand_id`、永久抑制和反向依赖语义，与 BR-012 同次修改。"	"none-found-within-r09-pass"	"not-approved"	"responsible-owner-classification;authoritative-source;named-approver;approval-date;approved-scope;version-or-sha256-binding"
"R09-A0079"	"R09"	"R09-07"	"docs/adr/mes/0007-mes-ingest-tech-stack.md"	"88db8ba2b0b50bb1016e7a9b310e558fa73d45455ec6d14e7eabd62c0bceb923"	"line 3"	"MesIngest 第一期实现技术选型：Service + WPF + SQL Server > Decision"	"在 [ADR-mes-0006](0006-mes-ingest-vs-dispatch.md) 的产品边界下，第一期用全 C# 交付：Windows Service 常驻（轮询对账、SQL Server 投影、Kestrel 只读 API），WPF 仅作可开关盯盘客户端；"	"在 [ADR-mes-0006](0006-mes-ingest-vs-dispatch.md) 的产品边界下，第一期用全 C# 交付：Windows Service 常驻（轮询对账、SQL Server 投影、Kestrel 只读 API），WPF 仅作可开关盯盘客户端；关 WPF 不停 Service。投影库用 SQL Server。Oracle 默认 Thin，保留 Thick+Instant Client 可切换，并以工厂连通探针验收（现网为 11g，Thin 可能失败则改配置，不改业务代码）。正式 SQL 以仓库 `mes/queries/` 为开发期唯一原稿，构建时拷入安装目录旁的 `queries/`，禁止在工程内另维护会漂移的 SQL 副本。凭证可配置、不进仓库。Web UI 与连接池/超时等细项留待后续，不阻塞本决策。"	"005e0eb60a6f9f0b8186462f30b553358f61ecb9f734c8e2e95a4e2a540ecd55"	"embedded-local-technical-design-decision"	"unapproved-internal-adr-status-is-not-business-or-external-contract-approval"	"8005-MES-ingest-demand-lifecycle-and-data-access"	"exclude-from-requirement-approval"	"document-route:R09-candidate; unit-kind:adr-decision-or-section-item; source-document-class:R09-M; ledger-history:7/27 新建；“团队要求全 C#”无具名来源。Service/WPF/SQL Server/Thin+Thick/查询复制已在当前实现落地。"	"CF-R01-002"	"not-approved"	"authoritative-requirement-source-if-behavior-is-required;separate-technical-decision-review;named-approver;approval-date;approved-scope;version-or-sha256-binding"
"R09-A0080"	"R09"	"R09-07"	"docs/adr/mes/0007-mes-ingest-tech-stack.md"	"88db8ba2b0b50bb1016e7a9b310e558fa73d45455ec6d14e7eabd62c0bceb923"	"line 3"	"MesIngest 第一期实现技术选型：Service + WPF + SQL Server > Decision"	"关 WPF 不停 Service。"	"在 [ADR-mes-0006](0006-mes-ingest-vs-dispatch.md) 的产品边界下，第一期用全 C# 交付：Windows Service 常驻（轮询对账、SQL Server 投影、Kestrel 只读 API），WPF 仅作可开关盯盘客户端；关 WPF 不停 Service。投影库用 SQL Server。Oracle 默认 Thin，保留 Thick+Instant Client 可切换，并以工厂连通探针验收（现网为 11g，Thin 可能失败则改配置，不改业务代码）。正式 SQL 以仓库 `mes/queries/` 为开发期唯一原稿，构建时拷入安装目录旁的 `queries/`，禁止在工程内另维护会漂移的 SQL 副本。凭证可配置、不进仓库。Web UI 与连接池/超时等细项留待后续，不阻塞本决策。"	"72edaf5c514899c285ae38e47aeb71828bf8dba0818ac6e6e247561d84713906"	"embedded-local-technical-design-decision"	"unapproved-internal-adr-status-is-not-business-or-external-contract-approval"	"8005-MES-ingest-demand-lifecycle-and-data-access"	"exclude-from-requirement-approval"	"document-route:R09-candidate; unit-kind:adr-decision-or-section-item; source-document-class:R09-M; ledger-history:7/27 新建；“团队要求全 C#”无具名来源。Service/WPF/SQL Server/Thin+Thick/查询复制已在当前实现落地。"	"none-found-within-r09-pass"	"not-approved"	"authoritative-requirement-source-if-behavior-is-required;separate-technical-decision-review;named-approver;approval-date;approved-scope;version-or-sha256-binding"
"R09-A0081"	"R09"	"R09-07"	"docs/adr/mes/0007-mes-ingest-tech-stack.md"	"88db8ba2b0b50bb1016e7a9b310e558fa73d45455ec6d14e7eabd62c0bceb923"	"line 3"	"MesIngest 第一期实现技术选型：Service + WPF + SQL Server > Decision"	"投影库用 SQL Server。"	"在 [ADR-mes-0006](0006-mes-ingest-vs-dispatch.md) 的产品边界下，第一期用全 C# 交付：Windows Service 常驻（轮询对账、SQL Server 投影、Kestrel 只读 API），WPF 仅作可开关盯盘客户端；关 WPF 不停 Service。投影库用 SQL Server。Oracle 默认 Thin，保留 Thick+Instant Client 可切换，并以工厂连通探针验收（现网为 11g，Thin 可能失败则改配置，不改业务代码）。正式 SQL 以仓库 `mes/queries/` 为开发期唯一原稿，构建时拷入安装目录旁的 `queries/`，禁止在工程内另维护会漂移的 SQL 副本。凭证可配置、不进仓库。Web UI 与连接池/超时等细项留待后续，不阻塞本决策。"	"6f5d9ede35f6aa89856f34b19fd644f21524e2e32acb1a0894d3180033b55f63"	"embedded-local-technical-design-decision"	"unapproved-internal-adr-status-is-not-business-or-external-contract-approval"	"8005-MES-ingest-demand-lifecycle-and-data-access"	"exclude-from-requirement-approval"	"document-route:R09-candidate; unit-kind:adr-decision-or-section-item; source-document-class:R09-M; ledger-history:7/27 新建；“团队要求全 C#”无具名来源。Service/WPF/SQL Server/Thin+Thick/查询复制已在当前实现落地。"	"none-found-within-r09-pass"	"not-approved"	"authoritative-requirement-source-if-behavior-is-required;separate-technical-decision-review;named-approver;approval-date;approved-scope;version-or-sha256-binding"
"R09-A0082"	"R09"	"R09-07"	"docs/adr/mes/0007-mes-ingest-tech-stack.md"	"88db8ba2b0b50bb1016e7a9b310e558fa73d45455ec6d14e7eabd62c0bceb923"	"line 3"	"MesIngest 第一期实现技术选型：Service + WPF + SQL Server > Decision"	"Oracle 默认 Thin，保留 Thick+Instant Client 可切换，并以工厂连通探针验收（现网为 11g，Thin 可能失败则改配置，不改业务代码）。"	"在 [ADR-mes-0006](0006-mes-ingest-vs-dispatch.md) 的产品边界下，第一期用全 C# 交付：Windows Service 常驻（轮询对账、SQL Server 投影、Kestrel 只读 API），WPF 仅作可开关盯盘客户端；关 WPF 不停 Service。投影库用 SQL Server。Oracle 默认 Thin，保留 Thick+Instant Client 可切换，并以工厂连通探针验收（现网为 11g，Thin 可能失败则改配置，不改业务代码）。正式 SQL 以仓库 `mes/queries/` 为开发期唯一原稿，构建时拷入安装目录旁的 `queries/`，禁止在工程内另维护会漂移的 SQL 副本。凭证可配置、不进仓库。Web UI 与连接池/超时等细项留待后续，不阻塞本决策。"	"d5932d87b465a2b2b3f970c0c55e9969d3457d54c78172d0fc46ae48230df573"	"embedded-local-technical-design-decision"	"unapproved-internal-adr-status-is-not-business-or-external-contract-approval"	"8005-MES-ingest-demand-lifecycle-and-data-access"	"exclude-from-requirement-approval"	"document-route:R09-candidate; unit-kind:adr-decision-or-section-item; source-document-class:R09-M; ledger-history:7/27 新建；“团队要求全 C#”无具名来源。Service/WPF/SQL Server/Thin+Thick/查询复制已在当前实现落地。"	"RES-R09-001"	"not-approved"	"authoritative-requirement-source-if-behavior-is-required;separate-technical-decision-review;named-approver;approval-date;approved-scope;version-or-sha256-binding"
"R09-A0083"	"R09"	"R09-07"	"docs/adr/mes/0007-mes-ingest-tech-stack.md"	"88db8ba2b0b50bb1016e7a9b310e558fa73d45455ec6d14e7eabd62c0bceb923"	"line 3"	"MesIngest 第一期实现技术选型：Service + WPF + SQL Server > Decision"	"正式 SQL 以仓库 `mes/queries/` 为开发期唯一原稿，构建时拷入安装目录旁的 `queries/`，禁止在工程内另维护会漂移的 SQL 副本。"	"在 [ADR-mes-0006](0006-mes-ingest-vs-dispatch.md) 的产品边界下，第一期用全 C# 交付：Windows Service 常驻（轮询对账、SQL Server 投影、Kestrel 只读 API），WPF 仅作可开关盯盘客户端；关 WPF 不停 Service。投影库用 SQL Server。Oracle 默认 Thin，保留 Thick+Instant Client 可切换，并以工厂连通探针验收（现网为 11g，Thin 可能失败则改配置，不改业务代码）。正式 SQL 以仓库 `mes/queries/` 为开发期唯一原稿，构建时拷入安装目录旁的 `queries/`，禁止在工程内另维护会漂移的 SQL 副本。凭证可配置、不进仓库。Web UI 与连接池/超时等细项留待后续，不阻塞本决策。"	"eb36a04b450ea361d4da7b1d013076abdd7ab8d29f6479c7de6481af8127dbc1"	"embedded-local-technical-design-decision"	"unapproved-internal-adr-status-is-not-business-or-external-contract-approval"	"8005-MES-ingest-demand-lifecycle-and-data-access"	"exclude-from-requirement-approval"	"document-route:R09-candidate; unit-kind:adr-decision-or-section-item; source-document-class:R09-M; ledger-history:7/27 新建；“团队要求全 C#”无具名来源。Service/WPF/SQL Server/Thin+Thick/查询复制已在当前实现落地。"	"none-found-within-r09-pass"	"not-approved"	"authoritative-requirement-source-if-behavior-is-required;separate-technical-decision-review;named-approver;approval-date;approved-scope;version-or-sha256-binding"
"R09-A0084"	"R09"	"R09-07"	"docs/adr/mes/0007-mes-ingest-tech-stack.md"	"88db8ba2b0b50bb1016e7a9b310e558fa73d45455ec6d14e7eabd62c0bceb923"	"line 3"	"MesIngest 第一期实现技术选型：Service + WPF + SQL Server > Decision"	"凭证可配置、不进仓库。"	"在 [ADR-mes-0006](0006-mes-ingest-vs-dispatch.md) 的产品边界下，第一期用全 C# 交付：Windows Service 常驻（轮询对账、SQL Server 投影、Kestrel 只读 API），WPF 仅作可开关盯盘客户端；关 WPF 不停 Service。投影库用 SQL Server。Oracle 默认 Thin，保留 Thick+Instant Client 可切换，并以工厂连通探针验收（现网为 11g，Thin 可能失败则改配置，不改业务代码）。正式 SQL 以仓库 `mes/queries/` 为开发期唯一原稿，构建时拷入安装目录旁的 `queries/`，禁止在工程内另维护会漂移的 SQL 副本。凭证可配置、不进仓库。Web UI 与连接池/超时等细项留待后续，不阻塞本决策。"	"29e69352fbcd78788e172a8eee4193c878ff439c6115f0dc6a8c28e425189df2"	"security-or-safety-boundary-candidate"	"unapproved-internal-adr-status-is-not-business-or-external-contract-approval"	"8005-MES-ingest-demand-lifecycle-and-data-access"	"needs-security-authority-bound-contract-and-explicit-approval"	"document-route:R09-candidate; unit-kind:adr-decision-or-section-item; source-document-class:R09-M; ledger-history:7/27 新建；“团队要求全 C#”无具名来源。Service/WPF/SQL Server/Thin+Thick/查询复制已在当前实现落地。"	"none-found-within-r09-pass"	"not-approved"	"security-or-safety-owner;bound-target-environment-and-interface-contract;credential-or-call-safety-governance;named-approver;approval-date;approved-scope;version-or-sha256-binding"
"R09-A0085"	"R09"	"R09-07"	"docs/adr/mes/0007-mes-ingest-tech-stack.md"	"88db8ba2b0b50bb1016e7a9b310e558fa73d45455ec6d14e7eabd62c0bceb923"	"line 3"	"MesIngest 第一期实现技术选型：Service + WPF + SQL Server > Decision"	"Web UI 与连接池/超时等细项留待后续，不阻塞本决策。"	"在 [ADR-mes-0006](0006-mes-ingest-vs-dispatch.md) 的产品边界下，第一期用全 C# 交付：Windows Service 常驻（轮询对账、SQL Server 投影、Kestrel 只读 API），WPF 仅作可开关盯盘客户端；关 WPF 不停 Service。投影库用 SQL Server。Oracle 默认 Thin，保留 Thick+Instant Client 可切换，并以工厂连通探针验收（现网为 11g，Thin 可能失败则改配置，不改业务代码）。正式 SQL 以仓库 `mes/queries/` 为开发期唯一原稿，构建时拷入安装目录旁的 `queries/`，禁止在工程内另维护会漂移的 SQL 副本。凭证可配置、不进仓库。Web UI 与连接池/超时等细项留待后续，不阻塞本决策。"	"4b11e3a9c0119abbd8a8da34ac2649bff126d29fd6d5fcadba328c5a2a5a5784"	"unresolved-product-or-contract-question"	"unapproved-internal-adr-status-is-not-business-or-external-contract-approval"	"8005-MES-ingest-demand-lifecycle-and-data-access"	"needs-question-resolution"	"document-route:R09-candidate; unit-kind:adr-decision-or-section-item; source-document-class:R09-M; ledger-history:7/27 新建；“团队要求全 C#”无具名来源。Service/WPF/SQL Server/Thin+Thick/查询复制已在当前实现落地。"	"none-found-within-r09-pass"	"not-approved"	"question-resolution;responsible-decision-owner;named-approver;approval-date;approved-scope;version-or-sha256-binding"
"R09-A0086"	"R09"	"R09-07"	"docs/adr/mes/0007-mes-ingest-tech-stack.md"	"88db8ba2b0b50bb1016e7a9b310e558fa73d45455ec6d14e7eabd62c0bceb923"	"line 5"	"MesIngest 第一期实现技术选型：Service + WPF + SQL Server > Status"	"accepted"	"**Status**: accepted"	"070c160a6299c5438070b1aa737b14fc2992ed49579c14264884886a5876f971"	"source-status-options-or-implementation-evidence"	"unapproved-internal-adr-status-is-not-business-or-external-contract-approval"	"8005-MES-ingest-demand-lifecycle-and-data-access"	"evidence-only"	"document-route:R09-candidate; unit-kind:adr-decision-or-section-item; source-document-class:R09-M; ledger-history:7/27 新建；“团队要求全 C#”无具名来源。Service/WPF/SQL Server/Thin+Thick/查询复制已在当前实现落地。; exact-duplicate-of:R09-A0005"	"none-found-within-r09-pass"	"not-approved"	"evidence-only-not-an-approval-unit;named-approver;approval-date;approved-scope;version-or-sha256-binding"
"R09-A0087"	"R09"	"R09-07"	"docs/adr/mes/0007-mes-ingest-tech-stack.md"	"88db8ba2b0b50bb1016e7a9b310e558fa73d45455ec6d14e7eabd62c0bceb923"	"line 8"	"MesIngest 第一期实现技术选型：Service + WPF + SQL Server > Considered Options"	"Python + FastAPI（拒绝：团队要求全 C#）"	"- Python + FastAPI（拒绝：团队要求全 C#）"	"008a2a767d3c714204b1a76ea97490dfca3f0288c0fc76cb0767b6025ee22e95"	"source-status-options-or-implementation-evidence"	"unapproved-internal-adr-status-is-not-business-or-external-contract-approval"	"8005-MES-ingest-demand-lifecycle-and-data-access"	"evidence-only"	"document-route:R09-candidate; unit-kind:adr-decision-or-section-item; source-document-class:R09-M; ledger-history:7/27 新建；“团队要求全 C#”无具名来源。Service/WPF/SQL Server/Thin+Thick/查询复制已在当前实现落地。"	"none-found-within-r09-pass"	"not-approved"	"evidence-only-not-an-approval-unit;named-approver;approval-date;approved-scope;version-or-sha256-binding"
"R09-A0088"	"R09"	"R09-07"	"docs/adr/mes/0007-mes-ingest-tech-stack.md"	"88db8ba2b0b50bb1016e7a9b310e558fa73d45455ec6d14e7eabd62c0bceb923"	"line 9"	"MesIngest 第一期实现技术选型：Service + WPF + SQL Server > Considered Options"	"仅 WPF 宿主（拒绝：关窗口会停轮询/API）"	"- 仅 WPF 宿主（拒绝：关窗口会停轮询/API）"	"bf628a84d2d70cb5a5ddcf0fd6e8e05cb79d20dacc781086c5444dd443252728"	"source-status-options-or-implementation-evidence"	"unapproved-internal-adr-status-is-not-business-or-external-contract-approval"	"8005-MES-ingest-demand-lifecycle-and-data-access"	"evidence-only"	"document-route:R09-candidate; unit-kind:adr-decision-or-section-item; source-document-class:R09-M; ledger-history:7/27 新建；“团队要求全 C#”无具名来源。Service/WPF/SQL Server/Thin+Thick/查询复制已在当前实现落地。"	"none-found-within-r09-pass"	"not-approved"	"evidence-only-not-an-approval-unit;named-approver;approval-date;approved-scope;version-or-sha256-binding"
"R09-A0089"	"R09"	"R09-07"	"docs/adr/mes/0007-mes-ingest-tech-stack.md"	"88db8ba2b0b50bb1016e7a9b310e558fa73d45455ec6d14e7eabd62c0bceb923"	"line 10"	"MesIngest 第一期实现技术选型：Service + WPF + SQL Server > Considered Options"	"Service + Web 第一期（可接受但延后；"	"- Service + Web 第一期（可接受但延后；先 WPF）"	"3e4e5b5c256d4938f58c53903b97edabbd38c7738bfc7c43f3eae9a1e7a70905"	"source-status-options-or-implementation-evidence"	"unapproved-internal-adr-status-is-not-business-or-external-contract-approval"	"8005-MES-ingest-demand-lifecycle-and-data-access"	"evidence-only"	"document-route:R09-candidate; unit-kind:adr-decision-or-section-item; source-document-class:R09-M; ledger-history:7/27 新建；“团队要求全 C#”无具名来源。Service/WPF/SQL Server/Thin+Thick/查询复制已在当前实现落地。"	"none-found-within-r09-pass"	"not-approved"	"evidence-only-not-an-approval-unit;named-approver;approval-date;approved-scope;version-or-sha256-binding"
"R09-A0090"	"R09"	"R09-07"	"docs/adr/mes/0007-mes-ingest-tech-stack.md"	"88db8ba2b0b50bb1016e7a9b310e558fa73d45455ec6d14e7eabd62c0bceb923"	"line 10"	"MesIngest 第一期实现技术选型：Service + WPF + SQL Server > Considered Options"	"先 WPF）"	"- Service + Web 第一期（可接受但延后；先 WPF）"	"165934fb47bb5a3ae6725a237c8930b6e0fcf5961a4551c0e604def9450c8966"	"source-status-options-or-implementation-evidence"	"unapproved-internal-adr-status-is-not-business-or-external-contract-approval"	"8005-MES-ingest-demand-lifecycle-and-data-access"	"evidence-only"	"document-route:R09-candidate; unit-kind:adr-decision-or-section-item; source-document-class:R09-M; ledger-history:7/27 新建；“团队要求全 C#”无具名来源。Service/WPF/SQL Server/Thin+Thick/查询复制已在当前实现落地。"	"none-found-within-r09-pass"	"not-approved"	"evidence-only-not-an-approval-unit;named-approver;approval-date;approved-scope;version-or-sha256-binding"
"R09-A0091"	"R09"	"R09-07"	"docs/adr/mes/0007-mes-ingest-tech-stack.md"	"88db8ba2b0b50bb1016e7a9b310e558fa73d45455ec6d14e7eabd62c0bceb923"	"line 11"	"MesIngest 第一期实现技术选型：Service + WPF + SQL Server > Considered Options"	"投影用 SQLite（拒绝：直接 SQL Server）"	"- 投影用 SQLite（拒绝：直接 SQL Server）"	"310b94f821b803ae81a550e1d68e00aee878828bf75109fd75fbb78eda925763"	"source-status-options-or-implementation-evidence"	"unapproved-internal-adr-status-is-not-business-or-external-contract-approval"	"8005-MES-ingest-demand-lifecycle-and-data-access"	"evidence-only"	"document-route:R09-candidate; unit-kind:adr-decision-or-section-item; source-document-class:R09-M; ledger-history:7/27 新建；“团队要求全 C#”无具名来源。Service/WPF/SQL Server/Thin+Thick/查询复制已在当前实现落地。"	"none-found-within-r09-pass"	"not-approved"	"evidence-only-not-an-approval-unit;named-approver;approval-date;approved-scope;version-or-sha256-binding"
"R09-A0092"	"R09"	"R09-07"	"docs/adr/mes/0007-mes-ingest-tech-stack.md"	"88db8ba2b0b50bb1016e7a9b310e558fa73d45455ec6d14e7eabd62c0bceb923"	"line 12"	"MesIngest 第一期实现技术选型：Service + WPF + SQL Server > Considered Options"	"Oracle 只做 Thick（拒绝：偏好 Thin 部署；"	"- Oracle 只做 Thick（拒绝：偏好 Thin 部署；改为默认 Thin + Thick 兜底）"	"b671702827f351edfa03d5a1348287adbf979a61da18053a4a2324813cffbdd5"	"source-status-options-or-implementation-evidence"	"unapproved-internal-adr-status-is-not-business-or-external-contract-approval"	"8005-MES-ingest-demand-lifecycle-and-data-access"	"evidence-only"	"document-route:R09-candidate; unit-kind:adr-decision-or-section-item; source-document-class:R09-M; ledger-history:7/27 新建；“团队要求全 C#”无具名来源。Service/WPF/SQL Server/Thin+Thick/查询复制已在当前实现落地。"	"RES-R09-001"	"not-approved"	"evidence-only-not-an-approval-unit;named-approver;approval-date;approved-scope;version-or-sha256-binding"
"R09-A0093"	"R09"	"R09-07"	"docs/adr/mes/0007-mes-ingest-tech-stack.md"	"88db8ba2b0b50bb1016e7a9b310e558fa73d45455ec6d14e7eabd62c0bceb923"	"line 12"	"MesIngest 第一期实现技术选型：Service + WPF + SQL Server > Considered Options"	"改为默认 Thin + Thick 兜底）"	"- Oracle 只做 Thick（拒绝：偏好 Thin 部署；改为默认 Thin + Thick 兜底）"	"c388430f6eeecec0baf374396ccc00166d11aa7e7668a2f9707936f6b54b8ba1"	"source-status-options-or-implementation-evidence"	"unapproved-internal-adr-status-is-not-business-or-external-contract-approval"	"8005-MES-ingest-demand-lifecycle-and-data-access"	"evidence-only"	"document-route:R09-candidate; unit-kind:adr-decision-or-section-item; source-document-class:R09-M; ledger-history:7/27 新建；“团队要求全 C#”无具名来源。Service/WPF/SQL Server/Thin+Thick/查询复制已在当前实现落地。"	"none-found-within-r09-pass"	"not-approved"	"evidence-only-not-an-approval-unit;named-approver;approval-date;approved-scope;version-or-sha256-binding"
"R09-A0094"	"R09"	"R09-07"	"docs/adr/mes/0007-mes-ingest-tech-stack.md"	"88db8ba2b0b50bb1016e7a9b310e558fa73d45455ec6d14e7eabd62c0bceb923"	"line 13"	"MesIngest 第一期实现技术选型：Service + WPF + SQL Server > Considered Options"	"SQL 嵌入程序集为唯一载体（弱拒绝：改 SQL 必重编；"	"- SQL 嵌入程序集为唯一载体（弱拒绝：改 SQL 必重编；改为正式 query 原稿 + 发布拷贝）"	"6a2ecd8510d87f9aa5c5f10bf023d7f38991bec79d4f67d4d58a3fdfc72ac773"	"source-status-options-or-implementation-evidence"	"unapproved-internal-adr-status-is-not-business-or-external-contract-approval"	"8005-MES-ingest-demand-lifecycle-and-data-access"	"evidence-only"	"document-route:R09-candidate; unit-kind:adr-decision-or-section-item; source-document-class:R09-M; ledger-history:7/27 新建；“团队要求全 C#”无具名来源。Service/WPF/SQL Server/Thin+Thick/查询复制已在当前实现落地。"	"none-found-within-r09-pass"	"not-approved"	"evidence-only-not-an-approval-unit;named-approver;approval-date;approved-scope;version-or-sha256-binding"
"R09-A0095"	"R09"	"R09-07"	"docs/adr/mes/0007-mes-ingest-tech-stack.md"	"88db8ba2b0b50bb1016e7a9b310e558fa73d45455ec6d14e7eabd62c0bceb923"	"line 13"	"MesIngest 第一期实现技术选型：Service + WPF + SQL Server > Considered Options"	"改为正式 query 原稿 + 发布拷贝）"	"- SQL 嵌入程序集为唯一载体（弱拒绝：改 SQL 必重编；改为正式 query 原稿 + 发布拷贝）"	"bf8e9a915cfe4dfcc0dce87a2970eff5477a84efdf1822019e5303fed1ca40c0"	"source-status-options-or-implementation-evidence"	"unapproved-internal-adr-status-is-not-business-or-external-contract-approval"	"8005-MES-ingest-demand-lifecycle-and-data-access"	"evidence-only"	"document-route:R09-candidate; unit-kind:adr-decision-or-section-item; source-document-class:R09-M; ledger-history:7/27 新建；“团队要求全 C#”无具名来源。Service/WPF/SQL Server/Thin+Thick/查询复制已在当前实现落地。"	"none-found-within-r09-pass"	"not-approved"	"evidence-only-not-an-approval-unit;named-approver;approval-date;approved-scope;version-or-sha256-binding"
"R09-A0096"	"R09"	"R09-07"	"docs/adr/mes/0007-mes-ingest-tech-stack.md"	"88db8ba2b0b50bb1016e7a9b310e558fa73d45455ec6d14e7eabd62c0bceb923"	"line 16"	"MesIngest 第一期实现技术选型：Service + WPF + SQL Server > Consequences"	"部署单元为自包含安装目录（Service、配置、`queries/`）；"	"- 部署单元为自包含安装目录（Service、配置、`queries/`）；WPF 为可选客户端。"	"96a0e7ab28a2a69cde1f9e8177b63a2d928b70f4e971a45dcae821038a68ff81"	"embedded-local-technical-design-decision"	"unapproved-internal-adr-status-is-not-business-or-external-contract-approval"	"8005-MES-ingest-demand-lifecycle-and-data-access"	"exclude-from-requirement-approval"	"document-route:R09-candidate; unit-kind:adr-decision-or-section-item; source-document-class:R09-M; ledger-history:7/27 新建；“团队要求全 C#”无具名来源。Service/WPF/SQL Server/Thin+Thick/查询复制已在当前实现落地。"	"none-found-within-r09-pass"	"not-approved"	"authoritative-requirement-source-if-behavior-is-required;separate-technical-decision-review;named-approver;approval-date;approved-scope;version-or-sha256-binding"
"R09-A0097"	"R09"	"R09-07"	"docs/adr/mes/0007-mes-ingest-tech-stack.md"	"88db8ba2b0b50bb1016e7a9b310e558fa73d45455ec6d14e7eabd62c0bceb923"	"line 16"	"MesIngest 第一期实现技术选型：Service + WPF + SQL Server > Consequences"	"WPF 为可选客户端。"	"- 部署单元为自包含安装目录（Service、配置、`queries/`）；WPF 为可选客户端。"	"23002ae33be0a8ec21614e1fd3d42ae05a8169e430552c6c2e179daef01d5f9a"	"embedded-local-technical-design-decision"	"unapproved-internal-adr-status-is-not-business-or-external-contract-approval"	"8005-MES-ingest-demand-lifecycle-and-data-access"	"exclude-from-requirement-approval"	"document-route:R09-candidate; unit-kind:adr-decision-or-section-item; source-document-class:R09-M; ledger-history:7/27 新建；“团队要求全 C#”无具名来源。Service/WPF/SQL Server/Thin+Thick/查询复制已在当前实现落地。"	"none-found-within-r09-pass"	"not-approved"	"authoritative-requirement-source-if-behavior-is-required;separate-technical-decision-review;named-approver;approval-date;approved-scope;version-or-sha256-binding"
"R09-A0098"	"R09"	"R09-07"	"docs/adr/mes/0007-mes-ingest-tech-stack.md"	"88db8ba2b0b50bb1016e7a9b310e558fa73d45455ec6d14e7eabd62c0bceb923"	"line 17"	"MesIngest 第一期实现技术选型：Service + WPF + SQL Server > Consequences"	"`meslab`（Python）继续只作工厂实验/复验工具，与生产 MesIngest 分离。"	"- `meslab`（Python）继续只作工厂实验/复验工具，与生产 MesIngest 分离。"	"a76bd1769d18906e9b754a61948f95763ae04c1bf098c2140cf19d81fee92ca2"	"embedded-local-technical-design-decision"	"unapproved-internal-adr-status-is-not-business-or-external-contract-approval"	"8005-MES-ingest-demand-lifecycle-and-data-access"	"exclude-from-requirement-approval"	"document-route:R09-candidate; unit-kind:adr-decision-or-section-item; source-document-class:R09-M; ledger-history:7/27 新建；“团队要求全 C#”无具名来源。Service/WPF/SQL Server/Thin+Thick/查询复制已在当前实现落地。"	"RES-R09-001"	"not-approved"	"authoritative-requirement-source-if-behavior-is-required;separate-technical-decision-review;named-approver;approval-date;approved-scope;version-or-sha256-binding"
"R09-A0099"	"R09"	"R09-07"	"docs/adr/mes/0007-mes-ingest-tech-stack.md"	"88db8ba2b0b50bb1016e7a9b310e558fa73d45455ec6d14e7eabd62c0bceb923"	"line 18"	"MesIngest 第一期实现技术选型：Service + WPF + SQL Server > Consequences"	"Oracle 驱动与轮询实现细节在编码阶段再钉数值；"	"- Oracle 驱动与轮询实现细节在编码阶段再钉数值；模式切换必须可配置。"	"51a8144053a1573a19f58ef53b8e2d82a33a3c2c0174cf12deaf5d7c9103742e"	"embedded-local-technical-design-decision"	"unapproved-internal-adr-status-is-not-business-or-external-contract-approval"	"8005-MES-ingest-demand-lifecycle-and-data-access"	"exclude-from-requirement-approval"	"document-route:R09-candidate; unit-kind:adr-decision-or-section-item; source-document-class:R09-M; ledger-history:7/27 新建；“团队要求全 C#”无具名来源。Service/WPF/SQL Server/Thin+Thick/查询复制已在当前实现落地。"	"RES-R09-001"	"not-approved"	"authoritative-requirement-source-if-behavior-is-required;separate-technical-decision-review;named-approver;approval-date;approved-scope;version-or-sha256-binding"
"R09-A0100"	"R09"	"R09-07"	"docs/adr/mes/0007-mes-ingest-tech-stack.md"	"88db8ba2b0b50bb1016e7a9b310e558fa73d45455ec6d14e7eabd62c0bceb923"	"line 18"	"MesIngest 第一期实现技术选型：Service + WPF + SQL Server > Consequences"	"模式切换必须可配置。"	"- Oracle 驱动与轮询实现细节在编码阶段再钉数值；模式切换必须可配置。"	"760645daa721f3a8c441fb5977c9faa2a81acffdac1fbb16f6fb1012e53a05c9"	"downstream-obligation-or-scope-candidate"	"unapproved-internal-adr-status-is-not-business-or-external-contract-approval"	"8005-MES-ingest-demand-lifecycle-and-data-access"	"needs-responsible-owner-and-explicit-approval"	"document-route:R09-candidate; unit-kind:adr-decision-or-section-item; source-document-class:R09-M; ledger-history:7/27 新建；“团队要求全 C#”无具名来源。Service/WPF/SQL Server/Thin+Thick/查询复制已在当前实现落地。"	"none-found-within-r09-pass"	"not-approved"	"responsible-owner-classification;authoritative-source;named-approver;approval-date;approved-scope;version-or-sha256-binding"
"R09-A0101"	"R09"	"R09-08"	"docs/adr/mes/0008-full-source-snapshot-incremental-local-projection.md"	"06379baf4f4ed06e8e372df95fc4e6a32cd74512bcae6768609437221627b1c5"	"line 3"	"MES 完整源快照与本地增量投影/有界读取分离 > Decision"	"MesIngest 判断 Demand 消失需要同一轮客户批准 SQL 的完整活动集合，因此继续以只读 Oracle 全快照作为对账输入，不把“只查新增”冒充消失语义，也不修改客户 SQL、索引、视图或执行 DDL。"	"MesIngest 判断 Demand 消失需要同一轮客户批准 SQL 的完整活动集合，因此继续以只读 Oracle 全快照作为对账输入，不把“只查新增”冒充消失语义，也不修改客户 SQL、索引、视图或执行 DDL。SQL Server 持久化改为只写本轮差异：正常热路径只加载 VISIBLE 与必要 pause 状态，GONE 永久保留但不再每轮加载或重写；读取 API 使用服务端筛选、稳定 `DATES + DemandId` 排序、索引和有界游标分页。这样保留完整缺失判断与审计身份，同时让轮询/API 成本不随全部 GONE 历史线性重写。"	"09fd6669187f1903e268fe5ffd19ce1abf76de51ba8df8697f1168a2eb665c9d"	"business-behavior-relying-on-external-contract-candidate"	"unapproved-internal-adr-status-is-not-business-or-external-contract-approval"	"8005-MES-ingest-demand-lifecycle-and-data-access"	"needs-business-owner-bound-contract-and-explicit-approval"	"document-route:R09-candidate; unit-kind:adr-decision-or-section-item; source-document-class:R09-R; ledger-history:7/31 新建。与 BR-012 全快照/GONE/只读方向一致；“客户批准 SQL”没有绑定批准记录或 SQL 哈希。"	"CF-R01-002,RES-R09-001"	"not-approved"	"authoritative-business-owner;bound-external-system-version-or-contract;observed-failure-path-evidence;named-approver;approval-date;approved-scope;version-or-sha256-binding"
"R09-A0102"	"R09"	"R09-08"	"docs/adr/mes/0008-full-source-snapshot-incremental-local-projection.md"	"06379baf4f4ed06e8e372df95fc4e6a32cd74512bcae6768609437221627b1c5"	"line 3"	"MES 完整源快照与本地增量投影/有界读取分离 > Decision"	"SQL Server 持久化改为只写本轮差异：正常热路径只加载 VISIBLE 与必要 pause 状态，GONE 永久保留但不再每轮加载或重写；"	"MesIngest 判断 Demand 消失需要同一轮客户批准 SQL 的完整活动集合，因此继续以只读 Oracle 全快照作为对账输入，不把“只查新增”冒充消失语义，也不修改客户 SQL、索引、视图或执行 DDL。SQL Server 持久化改为只写本轮差异：正常热路径只加载 VISIBLE 与必要 pause 状态，GONE 永久保留但不再每轮加载或重写；读取 API 使用服务端筛选、稳定 `DATES + DemandId` 排序、索引和有界游标分页。这样保留完整缺失判断与审计身份，同时让轮询/API 成本不随全部 GONE 历史线性重写。"	"74cd6927536eea3e6f180516e0c9edf2216ee15ea0825e306d789fac764a7dae"	"mes-dispatch-or-demand-lifecycle-business-rule-candidate"	"unapproved-internal-adr-status-is-not-business-or-external-contract-approval"	"8005-MES-ingest-demand-lifecycle-and-data-access"	"needs-business-owner-and-explicit-approval"	"document-route:R09-candidate; unit-kind:adr-decision-or-section-item; source-document-class:R09-R; ledger-history:7/31 新建。与 BR-012 全快照/GONE/只读方向一致；“客户批准 SQL”没有绑定批准记录或 SQL 哈希。"	"none-found-within-r09-pass"	"not-approved"	"authoritative-business-source;responsible-business-or-operations-owner;named-approver;approval-date;approved-scope;version-or-sha256-binding"
"R09-A0103"	"R09"	"R09-08"	"docs/adr/mes/0008-full-source-snapshot-incremental-local-projection.md"	"06379baf4f4ed06e8e372df95fc4e6a32cd74512bcae6768609437221627b1c5"	"line 3"	"MES 完整源快照与本地增量投影/有界读取分离 > Decision"	"读取 API 使用服务端筛选、稳定 `DATES + DemandId` 排序、索引和有界游标分页。"	"MesIngest 判断 Demand 消失需要同一轮客户批准 SQL 的完整活动集合，因此继续以只读 Oracle 全快照作为对账输入，不把“只查新增”冒充消失语义，也不修改客户 SQL、索引、视图或执行 DDL。SQL Server 持久化改为只写本轮差异：正常热路径只加载 VISIBLE 与必要 pause 状态，GONE 永久保留但不再每轮加载或重写；读取 API 使用服务端筛选、稳定 `DATES + DemandId` 排序、索引和有界游标分页。这样保留完整缺失判断与审计身份，同时让轮询/API 成本不随全部 GONE 历史线性重写。"	"3a89603d173ccbc2c7da40130396d3c0f318663709185deea74f069ec333c18a"	"embedded-local-technical-design-decision"	"unapproved-internal-adr-status-is-not-business-or-external-contract-approval"	"8005-MES-ingest-demand-lifecycle-and-data-access"	"exclude-from-requirement-approval"	"document-route:R09-candidate; unit-kind:adr-decision-or-section-item; source-document-class:R09-R; ledger-history:7/31 新建。与 BR-012 全快照/GONE/只读方向一致；“客户批准 SQL”没有绑定批准记录或 SQL 哈希。"	"none-found-within-r09-pass"	"not-approved"	"authoritative-requirement-source-if-behavior-is-required;separate-technical-decision-review;named-approver;approval-date;approved-scope;version-or-sha256-binding"
"R09-A0104"	"R09"	"R09-08"	"docs/adr/mes/0008-full-source-snapshot-incremental-local-projection.md"	"06379baf4f4ed06e8e372df95fc4e6a32cd74512bcae6768609437221627b1c5"	"line 3"	"MES 完整源快照与本地增量投影/有界读取分离 > Decision"	"这样保留完整缺失判断与审计身份，同时让轮询/API 成本不随全部 GONE 历史线性重写。"	"MesIngest 判断 Demand 消失需要同一轮客户批准 SQL 的完整活动集合，因此继续以只读 Oracle 全快照作为对账输入，不把“只查新增”冒充消失语义，也不修改客户 SQL、索引、视图或执行 DDL。SQL Server 持久化改为只写本轮差异：正常热路径只加载 VISIBLE 与必要 pause 状态，GONE 永久保留但不再每轮加载或重写；读取 API 使用服务端筛选、稳定 `DATES + DemandId` 排序、索引和有界游标分页。这样保留完整缺失判断与审计身份，同时让轮询/API 成本不随全部 GONE 历史线性重写。"	"1c2d8e6bd49b6ab58e571340239ae0ad29b72d00eb6671e24c85cb2b37aa57d1"	"mes-dispatch-or-demand-lifecycle-business-rule-candidate"	"unapproved-internal-adr-status-is-not-business-or-external-contract-approval"	"8005-MES-ingest-demand-lifecycle-and-data-access"	"needs-business-owner-and-explicit-approval"	"document-route:R09-candidate; unit-kind:adr-decision-or-section-item; source-document-class:R09-R; ledger-history:7/31 新建。与 BR-012 全快照/GONE/只读方向一致；“客户批准 SQL”没有绑定批准记录或 SQL 哈希。"	"none-found-within-r09-pass"	"not-approved"	"authoritative-business-source;responsible-business-or-operations-owner;named-approver;approval-date;approved-scope;version-or-sha256-binding"
"R09-A0105"	"R09"	"R09-08"	"docs/adr/mes/0008-full-source-snapshot-incremental-local-projection.md"	"06379baf4f4ed06e8e372df95fc4e6a32cd74512bcae6768609437221627b1c5"	"line 5"	"MES 完整源快照与本地增量投影/有界读取分离 > Status"	"accepted"	"**Status**: accepted"	"070c160a6299c5438070b1aa737b14fc2992ed49579c14264884886a5876f971"	"source-status-options-or-implementation-evidence"	"unapproved-internal-adr-status-is-not-business-or-external-contract-approval"	"8005-MES-ingest-demand-lifecycle-and-data-access"	"evidence-only"	"document-route:R09-candidate; unit-kind:adr-decision-or-section-item; source-document-class:R09-R; ledger-history:7/31 新建。与 BR-012 全快照/GONE/只读方向一致；“客户批准 SQL”没有绑定批准记录或 SQL 哈希。; exact-duplicate-of:R09-A0005"	"none-found-within-r09-pass"	"not-approved"	"evidence-only-not-an-approval-unit;named-approver;approval-date;approved-scope;version-or-sha256-binding"
"R09-A0106"	"R09"	"R09-08"	"docs/adr/mes/0008-full-source-snapshot-incremental-local-projection.md"	"06379baf4f4ed06e8e372df95fc4e6a32cd74512bcae6768609437221627b1c5"	"line 8"	"MES 完整源快照与本地增量投影/有界读取分离 > Considered Options"	"Oracle 只查新增/最近时间（拒绝：没有可靠删除或变化契约时无法判断 GONE）"	"- Oracle 只查新增/最近时间（拒绝：没有可靠删除或变化契约时无法判断 GONE）"	"4dc6dc7b36625ffcf4ca8c4825a93b19b81257b48779167642992bfd736770e5"	"source-status-options-or-implementation-evidence"	"unapproved-internal-adr-status-is-not-business-or-external-contract-approval"	"8005-MES-ingest-demand-lifecycle-and-data-access"	"evidence-only"	"document-route:R09-candidate; unit-kind:adr-decision-or-section-item; source-document-class:R09-R; ledger-history:7/31 新建。与 BR-012 全快照/GONE/只读方向一致；“客户批准 SQL”没有绑定批准记录或 SQL 哈希。"	"RES-R09-001"	"not-approved"	"evidence-only-not-an-approval-unit;named-approver;approval-date;approved-scope;version-or-sha256-binding"
"R09-A0107"	"R09"	"R09-08"	"docs/adr/mes/0008-full-source-snapshot-incremental-local-projection.md"	"06379baf4f4ed06e8e372df95fc4e6a32cd74512bcae6768609437221627b1c5"	"line 9"	"MES 完整源快照与本地增量投影/有界读取分离 > Considered Options"	"每轮删除并重建全部 SQL Server 投影（拒绝：永久 GONE 增长会放大写入、锁等待和远程数据库往返）"	"- 每轮删除并重建全部 SQL Server 投影（拒绝：永久 GONE 增长会放大写入、锁等待和远程数据库往返）"	"00f895b7f7c042177e8664e55ea3946deaf7ed021ad28e066305c5c6b2143c2a"	"source-status-options-or-implementation-evidence"	"unapproved-internal-adr-status-is-not-business-or-external-contract-approval"	"8005-MES-ingest-demand-lifecycle-and-data-access"	"evidence-only"	"document-route:R09-candidate; unit-kind:adr-decision-or-section-item; source-document-class:R09-R; ledger-history:7/31 新建。与 BR-012 全快照/GONE/只读方向一致；“客户批准 SQL”没有绑定批准记录或 SQL 哈希。"	"none-found-within-r09-pass"	"not-approved"	"evidence-only-not-an-approval-unit;named-approver;approval-date;approved-scope;version-or-sha256-binding"
"R09-A0108"	"R09"	"R09-08"	"docs/adr/mes/0008-full-source-snapshot-incremental-local-projection.md"	"06379baf4f4ed06e8e372df95fc4e6a32cd74512bcae6768609437221627b1c5"	"line 10"	"MES 完整源快照与本地增量投影/有界读取分离 > Considered Options"	"Watch/API 每次下载全部历史后本地筛选（拒绝：数据库、JSON、网络和 UI 成本均无界）"	"- Watch/API 每次下载全部历史后本地筛选（拒绝：数据库、JSON、网络和 UI 成本均无界）"	"9b81a8af56b1ebb93d8e7114c3d551e7b425e6ecd7159652c94348615bbbeac0"	"source-status-options-or-implementation-evidence"	"unapproved-internal-adr-status-is-not-business-or-external-contract-approval"	"8005-MES-ingest-demand-lifecycle-and-data-access"	"evidence-only"	"document-route:R09-candidate; unit-kind:adr-decision-or-section-item; source-document-class:R09-R; ledger-history:7/31 新建。与 BR-012 全快照/GONE/只读方向一致；“客户批准 SQL”没有绑定批准记录或 SQL 哈希。"	"none-found-within-r09-pass"	"not-approved"	"evidence-only-not-an-approval-unit;named-approver;approval-date;approved-scope;version-or-sha256-binding"
"R09-A0109"	"R09"	"R09-08"	"docs/adr/mes/0008-full-source-snapshot-incremental-local-projection.md"	"06379baf4f4ed06e8e372df95fc4e6a32cd74512bcae6768609437221627b1c5"	"line 11"	"MES 完整源快照与本地增量投影/有界读取分离 > Considered Options"	"完整源快照 + 本地差异写入 + 分页读模型（采纳）"	"- 完整源快照 + 本地差异写入 + 分页读模型（采纳）"	"db42cd4f70eda3dfa7475c3f9d017a3380ab65d10f39c95427f5964269a9a035"	"source-status-options-or-implementation-evidence"	"unapproved-internal-adr-status-is-not-business-or-external-contract-approval"	"8005-MES-ingest-demand-lifecycle-and-data-access"	"evidence-only"	"document-route:R09-candidate; unit-kind:adr-decision-or-section-item; source-document-class:R09-R; ledger-history:7/31 新建。与 BR-012 全快照/GONE/只读方向一致；“客户批准 SQL”没有绑定批准记录或 SQL 哈希。"	"none-found-within-r09-pass"	"not-approved"	"evidence-only-not-an-approval-unit;named-approver;approval-date;approved-scope;version-or-sha256-binding"
"R09-A0110"	"R09"	"R09-08"	"docs/adr/mes/0008-full-source-snapshot-incremental-local-projection.md"	"06379baf4f4ed06e8e372df95fc4e6a32cd74512bcae6768609437221627b1c5"	"line 14"	"MES 完整源快照与本地增量投影/有界读取分离 > Consequences"	"Oracle 查询慢只能被准确观测并交客户 IT；"	"- Oracle 查询慢只能被准确观测并交客户 IT；本项目不通过未经授权的 MES SQL/DDL 优化规避。"	"893393f4ef9e574774bc00d76ee77d7485bc189d99ed8fa40c08db3572652848"	"external-system-contract-candidate"	"unapproved-internal-adr-status-is-not-business-or-external-contract-approval"	"8005-MES-ingest-demand-lifecycle-and-data-access"	"needs-bound-external-contract-and-explicit-approval"	"document-route:R09-candidate; unit-kind:adr-decision-or-section-item; source-document-class:R09-R; ledger-history:7/31 新建。与 BR-012 全快照/GONE/只读方向一致；“客户批准 SQL”没有绑定批准记录或 SQL 哈希。"	"RES-R09-001"	"not-approved"	"external-system-owner-or-authorized-delegate;bound-environment-build-and-contract-hash;named-approver;approval-date;approved-scope;version-or-sha256-binding"
"R09-A0111"	"R09"	"R09-08"	"docs/adr/mes/0008-full-source-snapshot-incremental-local-projection.md"	"06379baf4f4ed06e8e372df95fc4e6a32cd74512bcae6768609437221627b1c5"	"line 14"	"MES 完整源快照与本地增量投影/有界读取分离 > Consequences"	"本项目不通过未经授权的 MES SQL/DDL 优化规避。"	"- Oracle 查询慢只能被准确观测并交客户 IT；本项目不通过未经授权的 MES SQL/DDL 优化规避。"	"e50e64349e1cbdc0feb81ce385602afe5426bc9d8d75ee66ae459c311363db4f"	"external-system-contract-candidate"	"unapproved-internal-adr-status-is-not-business-or-external-contract-approval"	"8005-MES-ingest-demand-lifecycle-and-data-access"	"needs-bound-external-contract-and-explicit-approval"	"document-route:R09-candidate; unit-kind:adr-decision-or-section-item; source-document-class:R09-R; ledger-history:7/31 新建。与 BR-012 全快照/GONE/只读方向一致；“客户批准 SQL”没有绑定批准记录或 SQL 哈希。"	"CF-R01-002,RES-R09-001"	"not-approved"	"external-system-owner-or-authorized-delegate;bound-environment-build-and-contract-hash;named-approver;approval-date;approved-scope;version-or-sha256-binding"
"R09-A0112"	"R09"	"R09-08"	"docs/adr/mes/0008-full-source-snapshot-incremental-local-projection.md"	"06379baf4f4ed06e8e372df95fc4e6a32cd74512bcae6768609437221627b1c5"	"line 15"	"MES 完整源快照与本地增量投影/有界读取分离 > Consequences"	"GONE 可永久按 DemandId 追溯，但默认浏览窗口按 GoneAt 有界，所有 VISIBLE 永远可见。"	"- GONE 可永久按 DemandId 追溯，但默认浏览窗口按 GoneAt 有界，所有 VISIBLE 永远可见。"	"e8809bdfa405046b2ee93bd9952bd2a51a62710feae828c8269010922ba92981"	"mes-dispatch-or-demand-lifecycle-business-rule-candidate"	"unapproved-internal-adr-status-is-not-business-or-external-contract-approval"	"8005-MES-ingest-demand-lifecycle-and-data-access"	"needs-business-owner-and-explicit-approval"	"document-route:R09-candidate; unit-kind:adr-decision-or-section-item; source-document-class:R09-R; ledger-history:7/31 新建。与 BR-012 全快照/GONE/只读方向一致；“客户批准 SQL”没有绑定批准记录或 SQL 哈希。"	"none-found-within-r09-pass"	"not-approved"	"authoritative-business-source;responsible-business-or-operations-owner;named-approver;approval-date;approved-scope;version-or-sha256-binding"
"R09-A0113"	"R09"	"R09-08"	"docs/adr/mes/0008-full-source-snapshot-incremental-local-projection.md"	"06379baf4f4ed06e8e372df95fc4e6a32cd74512bcae6768609437221627b1c5"	"line 16"	"MES 完整源快照与本地增量投影/有界读取分离 > Consequences"	"SQL Server schema、store 接口和 Watch HTTP 契约需要一次兼容升级；"	"- SQL Server schema、store 接口和 Watch HTTP 契约需要一次兼容升级；当前无旧外部消费者需保留裸数组。"	"ba1cdd682977725373cd8931ad4ae0b307e49ca2a1da5c07d5e3a3dc52733fe1"	"embedded-local-technical-design-decision"	"unapproved-internal-adr-status-is-not-business-or-external-contract-approval"	"8005-MES-ingest-demand-lifecycle-and-data-access"	"exclude-from-requirement-approval"	"document-route:R09-candidate; unit-kind:adr-decision-or-section-item; source-document-class:R09-R; ledger-history:7/31 新建。与 BR-012 全快照/GONE/只读方向一致；“客户批准 SQL”没有绑定批准记录或 SQL 哈希。"	"none-found-within-r09-pass"	"not-approved"	"authoritative-requirement-source-if-behavior-is-required;separate-technical-decision-review;named-approver;approval-date;approved-scope;version-or-sha256-binding"
"R09-A0114"	"R09"	"R09-08"	"docs/adr/mes/0008-full-source-snapshot-incremental-local-projection.md"	"06379baf4f4ed06e8e372df95fc4e6a32cd74512bcae6768609437221627b1c5"	"line 16"	"MES 完整源快照与本地增量投影/有界读取分离 > Consequences"	"当前无旧外部消费者需保留裸数组。"	"- SQL Server schema、store 接口和 Watch HTTP 契约需要一次兼容升级；当前无旧外部消费者需保留裸数组。"	"166011c5b7d79d4908fca002a52fec86df94547039493f3dd14c546fbdf8add8"	"downstream-obligation-or-scope-candidate"	"unapproved-internal-adr-status-is-not-business-or-external-contract-approval"	"8005-MES-ingest-demand-lifecycle-and-data-access"	"needs-responsible-owner-and-explicit-approval"	"document-route:R09-candidate; unit-kind:adr-decision-or-section-item; source-document-class:R09-R; ledger-history:7/31 新建。与 BR-012 全快照/GONE/只读方向一致；“客户批准 SQL”没有绑定批准记录或 SQL 哈希。"	"none-found-within-r09-pass"	"not-approved"	"responsible-owner-classification;authoritative-source;named-approver;approval-date;approved-scope;version-or-sha256-binding"
"R09-A0115"	"R09"	"R09-11"	"docs/adr/sdk/0001-default-auth-callapikey.md"	"d0efa10157d914e362b7e3a72a4f0504646ad980d5819f3cde848366f1d2a6c8"	"line 3"	"第一版默认鉴权使用 CallApiKey > Decision"	"调度/MES 长期连接现场时，默认用 CallApiKey 作为 Bearer，不必每次 AdminLogin；"	"调度/MES 长期连接现场时，默认用 CallApiKey 作为 Bearer，不必每次 AdminLogin；AdminLogin / refresh 仅作备用。依据 Lab BC-AUTH-002；与「当前 Core 只有 login」的现状刻意相反，避免调用方把短时 AccessToken 当成默认路径。"	"7296eb04beb6f4207554b1cb9f627116f3189edb4d31a386b087aa241e4976ea"	"security-or-safety-boundary-candidate"	"unapproved-internal-adr-status-is-not-business-or-external-contract-approval"	"8005-RIoT-authentication-control-and-safety"	"needs-security-authority-bound-contract-and-explicit-approval"	"document-route:R09-candidate; unit-kind:adr-decision-or-section-item; source-document-class:R09-M; ledger-history:7/23 在 SDK 目录形成，7/27 100% 迁移。来源 BC-AUTH-002 只验证 imap/device 只读；ADR 扩展为调度/MES 长连接默认。"	"RES-R09-002,EVID-R09-001"	"not-approved"	"security-or-safety-owner;bound-target-environment-and-interface-contract;credential-or-call-safety-governance;named-approver;approval-date;approved-scope;version-or-sha256-binding"
"R09-A0116"	"R09"	"R09-11"	"docs/adr/sdk/0001-default-auth-callapikey.md"	"d0efa10157d914e362b7e3a72a4f0504646ad980d5819f3cde848366f1d2a6c8"	"line 3"	"第一版默认鉴权使用 CallApiKey > Decision"	"AdminLogin / refresh 仅作备用。"	"调度/MES 长期连接现场时，默认用 CallApiKey 作为 Bearer，不必每次 AdminLogin；AdminLogin / refresh 仅作备用。依据 Lab BC-AUTH-002；与「当前 Core 只有 login」的现状刻意相反，避免调用方把短时 AccessToken 当成默认路径。"	"78ec2043ec920c26c132f64a3bde4908e76fda9cd16405cd778add6eddfd8cd7"	"security-or-safety-boundary-candidate"	"unapproved-internal-adr-status-is-not-business-or-external-contract-approval"	"8005-RIoT-authentication-control-and-safety"	"needs-security-authority-bound-contract-and-explicit-approval"	"document-route:R09-candidate; unit-kind:adr-decision-or-section-item; source-document-class:R09-M; ledger-history:7/23 在 SDK 目录形成，7/27 100% 迁移。来源 BC-AUTH-002 只验证 imap/device 只读；ADR 扩展为调度/MES 长连接默认。"	"RES-R09-002,EVID-R09-001"	"not-approved"	"security-or-safety-owner;bound-target-environment-and-interface-contract;credential-or-call-safety-governance;named-approver;approval-date;approved-scope;version-or-sha256-binding"
"R09-A0117"	"R09"	"R09-11"	"docs/adr/sdk/0001-default-auth-callapikey.md"	"d0efa10157d914e362b7e3a72a4f0504646ad980d5819f3cde848366f1d2a6c8"	"line 3"	"第一版默认鉴权使用 CallApiKey > Decision"	"依据 Lab BC-AUTH-002；"	"调度/MES 长期连接现场时，默认用 CallApiKey 作为 Bearer，不必每次 AdminLogin；AdminLogin / refresh 仅作备用。依据 Lab BC-AUTH-002；与「当前 Core 只有 login」的现状刻意相反，避免调用方把短时 AccessToken 当成默认路径。"	"0756a4b9a16f069923867d658004284be558727f99a9871ecf141b2d14a894cc"	"source-status-options-or-implementation-evidence"	"unapproved-internal-adr-status-is-not-business-or-external-contract-approval"	"8005-RIoT-SDK-and-dispatch-control-integration"	"evidence-only"	"document-route:R09-candidate; unit-kind:adr-decision-or-section-item; source-document-class:R09-M; ledger-history:7/23 在 SDK 目录形成，7/27 100% 迁移。来源 BC-AUTH-002 只验证 imap/device 只读；ADR 扩展为调度/MES 长连接默认。"	"RES-R09-002,EVID-R09-001"	"not-approved"	"evidence-only-not-an-approval-unit;named-approver;approval-date;approved-scope;version-or-sha256-binding"
"R09-A0118"	"R09"	"R09-11"	"docs/adr/sdk/0001-default-auth-callapikey.md"	"d0efa10157d914e362b7e3a72a4f0504646ad980d5819f3cde848366f1d2a6c8"	"line 3"	"第一版默认鉴权使用 CallApiKey > Decision"	"与「当前 Core 只有 login」的现状刻意相反，避免调用方把短时 AccessToken 当成默认路径。"	"调度/MES 长期连接现场时，默认用 CallApiKey 作为 Bearer，不必每次 AdminLogin；AdminLogin / refresh 仅作备用。依据 Lab BC-AUTH-002；与「当前 Core 只有 login」的现状刻意相反，避免调用方把短时 AccessToken 当成默认路径。"	"30d6e7c893d0ca759ed92913c78264b9df4044762bb44b7284c155a75e2e5c25"	"security-or-safety-boundary-candidate"	"unapproved-internal-adr-status-is-not-business-or-external-contract-approval"	"8005-RIoT-authentication-control-and-safety"	"needs-security-authority-bound-contract-and-explicit-approval"	"document-route:R09-candidate; unit-kind:adr-decision-or-section-item; source-document-class:R09-M; ledger-history:7/23 在 SDK 目录形成，7/27 100% 迁移。来源 BC-AUTH-002 只验证 imap/device 只读；ADR 扩展为调度/MES 长连接默认。"	"RES-R09-002,EVID-R09-001"	"not-approved"	"security-or-safety-owner;bound-target-environment-and-interface-contract;credential-or-call-safety-governance;named-approver;approval-date;approved-scope;version-or-sha256-binding"
"R09-A0119"	"R09"	"R09-11"	"docs/adr/sdk/0001-default-auth-callapikey.md"	"d0efa10157d914e362b7e3a72a4f0504646ad980d5819f3cde848366f1d2a6c8"	"line 5"	"第一版默认鉴权使用 CallApiKey > Status"	"accepted"	"**Status**: accepted"	"070c160a6299c5438070b1aa737b14fc2992ed49579c14264884886a5876f971"	"source-status-options-or-implementation-evidence"	"unapproved-internal-adr-status-is-not-business-or-external-contract-approval"	"8005-RIoT-SDK-and-dispatch-control-integration"	"evidence-only"	"document-route:R09-candidate; unit-kind:adr-decision-or-section-item; source-document-class:R09-M; ledger-history:7/23 在 SDK 目录形成，7/27 100% 迁移。来源 BC-AUTH-002 只验证 imap/device 只读；ADR 扩展为调度/MES 长连接默认。; exact-duplicate-of:R09-A0005"	"RES-R09-002,EVID-R09-001"	"not-approved"	"evidence-only-not-an-approval-unit;named-approver;approval-date;approved-scope;version-or-sha256-binding"
"R09-A0120"	"R09"	"R09-11"	"docs/adr/sdk/0001-default-auth-callapikey.md"	"d0efa10157d914e362b7e3a72a4f0504646ad980d5819f3cde848366f1d2a6c8"	"line 7"	"第一版默认鉴权使用 CallApiKey > Considered Options"	"默认 CallApiKey（采纳）；"	"**Considered Options**: 默认 CallApiKey（采纳）；默认 AdminLogin、CallApiKey 作旁路；两者平等由调用方每次显式选择。"	"5c93b864c365749a924e847f51ec38e313777e71f941c9ddf093af65c4cbb6b7"	"source-status-options-or-implementation-evidence"	"unapproved-internal-adr-status-is-not-business-or-external-contract-approval"	"8005-RIoT-SDK-and-dispatch-control-integration"	"evidence-only"	"document-route:R09-candidate; unit-kind:adr-decision-or-section-item; source-document-class:R09-M; ledger-history:7/23 在 SDK 目录形成，7/27 100% 迁移。来源 BC-AUTH-002 只验证 imap/device 只读；ADR 扩展为调度/MES 长连接默认。"	"RES-R09-002,EVID-R09-001"	"not-approved"	"evidence-only-not-an-approval-unit;named-approver;approval-date;approved-scope;version-or-sha256-binding"
"R09-A0121"	"R09"	"R09-11"	"docs/adr/sdk/0001-default-auth-callapikey.md"	"d0efa10157d914e362b7e3a72a4f0504646ad980d5819f3cde848366f1d2a6c8"	"line 7"	"第一版默认鉴权使用 CallApiKey > Considered Options"	"默认 AdminLogin、CallApiKey 作旁路；"	"**Considered Options**: 默认 CallApiKey（采纳）；默认 AdminLogin、CallApiKey 作旁路；两者平等由调用方每次显式选择。"	"20ed0876973799d3b2859506b3d5d834bee01220dacf1bbcc6c8eff8c4a71953"	"source-status-options-or-implementation-evidence"	"unapproved-internal-adr-status-is-not-business-or-external-contract-approval"	"8005-RIoT-SDK-and-dispatch-control-integration"	"evidence-only"	"document-route:R09-candidate; unit-kind:adr-decision-or-section-item; source-document-class:R09-M; ledger-history:7/23 在 SDK 目录形成，7/27 100% 迁移。来源 BC-AUTH-002 只验证 imap/device 只读；ADR 扩展为调度/MES 长连接默认。"	"RES-R09-002,EVID-R09-001"	"not-approved"	"evidence-only-not-an-approval-unit;named-approver;approval-date;approved-scope;version-or-sha256-binding"
"R09-A0122"	"R09"	"R09-11"	"docs/adr/sdk/0001-default-auth-callapikey.md"	"d0efa10157d914e362b7e3a72a4f0504646ad980d5819f3cde848366f1d2a6c8"	"line 7"	"第一版默认鉴权使用 CallApiKey > Considered Options"	"两者平等由调用方每次显式选择。"	"**Considered Options**: 默认 CallApiKey（采纳）；默认 AdminLogin、CallApiKey 作旁路；两者平等由调用方每次显式选择。"	"6e529aaed8f248099acae5a1273d3b851de57d805cf879cda4259d8de05d08a9"	"source-status-options-or-implementation-evidence"	"unapproved-internal-adr-status-is-not-business-or-external-contract-approval"	"8005-RIoT-SDK-and-dispatch-control-integration"	"evidence-only"	"document-route:R09-candidate; unit-kind:adr-decision-or-section-item; source-document-class:R09-M; ledger-history:7/23 在 SDK 目录形成，7/27 100% 迁移。来源 BC-AUTH-002 只验证 imap/device 只读；ADR 扩展为调度/MES 长连接默认。"	"RES-R09-002,EVID-R09-001"	"not-approved"	"evidence-only-not-an-approval-unit;named-approver;approval-date;approved-scope;version-or-sha256-binding"
"R09-A0123"	"R09"	"R09-13"	"docs/adr/sdk/0003-v1-facade-method-scope.md"	"f671068c455fdc0b7e124d8c431f3e4d85bce7a8565ddd404948066fc487e6a6"	"line 3"	"第一版必须封装的 Facade 能力范围 > Decision"	"第一版具名 Facade 覆盖 DispatchLoop 全量控制面：CallApiKey 鉴权"	"第一版具名 Facade 覆盖 DispatchLoop 全量控制面：CallApiKey 鉴权、可调度车发现与解析、Map/Station 枚举、RouteCost 与 NearStationQuery、byDefaultMissions 建单与查单、CMD_ORDER_CANCEL、DispatchEnable/Disable、EmergencyStop 触发与解除、PriorityExec、OrderHold/OrderContinue、**HangContinue**。明确排除：interrupt、task/v1/order 建单主路径、几何 path；不以「单一 Continue 自动按状态选命令」代替 HELD/HANG 配对。imap 经 Kiota 纳入生成（见 ADR-sdk-0006）。"	"6f21dceddfb8a392318e0277354bf735ba24099e0e974ef2d3a04b824c442458"	"security-or-safety-boundary-candidate"	"unapproved-internal-adr-status-is-not-business-or-external-contract-approval"	"8005-RIoT-authentication-control-and-safety"	"needs-security-authority-bound-contract-and-explicit-approval"	"document-route:R09-candidate; unit-kind:adr-decision-or-section-item; source-document-class:R09-M; ledger-history:7/23 旧编号 0004形成并与大批 SDK 代码/测试同提交；7/27 82% rename 仅修正 ADR 编号/链接。来源分散于行为 BC、cross ADR 和 MES闭环设想。"	"RES-R09-002,EVID-R09-001"	"not-approved"	"security-or-safety-owner;bound-target-environment-and-interface-contract;credential-or-call-safety-governance;named-approver;approval-date;approved-scope;version-or-sha256-binding"
"R09-A0124"	"R09"	"R09-13"	"docs/adr/sdk/0003-v1-facade-method-scope.md"	"f671068c455fdc0b7e124d8c431f3e4d85bce7a8565ddd404948066fc487e6a6"	"line 3"	"第一版必须封装的 Facade 能力范围 > Decision"	"第一版具名 Facade 覆盖 DispatchLoop 全量控制面：可调度车发现与解析"	"第一版具名 Facade 覆盖 DispatchLoop 全量控制面：CallApiKey 鉴权、可调度车发现与解析、Map/Station 枚举、RouteCost 与 NearStationQuery、byDefaultMissions 建单与查单、CMD_ORDER_CANCEL、DispatchEnable/Disable、EmergencyStop 触发与解除、PriorityExec、OrderHold/OrderContinue、**HangContinue**。明确排除：interrupt、task/v1/order 建单主路径、几何 path；不以「单一 Continue 自动按状态选命令」代替 HELD/HANG 配对。imap 经 Kiota 纳入生成（见 ADR-sdk-0006）。"	"b7238e1fa0e31cdf4be623c52bc5ca6d2bee2f03d99d3c7cdb7e4dd61f109b01"	"product-capability-scope-candidate"	"unapproved-internal-adr-status-is-not-business-or-external-contract-approval"	"8005-RIoT-SDK-and-dispatch-control-integration"	"needs-product-owner-and-explicit-approval"	"document-route:R09-candidate; unit-kind:adr-decision-or-section-item; source-document-class:R09-M; ledger-history:7/23 旧编号 0004形成并与大批 SDK 代码/测试同提交；7/27 82% rename 仅修正 ADR 编号/链接。来源分散于行为 BC、cross ADR 和 MES闭环设想。"	"RES-R09-002,EVID-R09-001"	"not-approved"	"approved-product-scope-source;responsible-product-owner;named-approver;approval-date;approved-scope;version-or-sha256-binding"
"R09-A0125"	"R09"	"R09-13"	"docs/adr/sdk/0003-v1-facade-method-scope.md"	"f671068c455fdc0b7e124d8c431f3e4d85bce7a8565ddd404948066fc487e6a6"	"line 3"	"第一版必须封装的 Facade 能力范围 > Decision"	"第一版具名 Facade 覆盖 DispatchLoop 全量控制面：Map/Station 枚举"	"第一版具名 Facade 覆盖 DispatchLoop 全量控制面：CallApiKey 鉴权、可调度车发现与解析、Map/Station 枚举、RouteCost 与 NearStationQuery、byDefaultMissions 建单与查单、CMD_ORDER_CANCEL、DispatchEnable/Disable、EmergencyStop 触发与解除、PriorityExec、OrderHold/OrderContinue、**HangContinue**。明确排除：interrupt、task/v1/order 建单主路径、几何 path；不以「单一 Continue 自动按状态选命令」代替 HELD/HANG 配对。imap 经 Kiota 纳入生成（见 ADR-sdk-0006）。"	"3d9191ff9c0d435ac43e447509b477aa327e15b023c34e309ae4507dd6ae5dcf"	"external-system-contract-candidate"	"unapproved-internal-adr-status-is-not-business-or-external-contract-approval"	"8005-RIoT-SDK-and-dispatch-control-integration"	"needs-bound-external-contract-and-explicit-approval"	"document-route:R09-candidate; unit-kind:adr-decision-or-section-item; source-document-class:R09-M; ledger-history:7/23 旧编号 0004形成并与大批 SDK 代码/测试同提交；7/27 82% rename 仅修正 ADR 编号/链接。来源分散于行为 BC、cross ADR 和 MES闭环设想。"	"RES-R09-002,EVID-R09-001"	"not-approved"	"external-system-owner-or-authorized-delegate;bound-environment-build-and-contract-hash;named-approver;approval-date;approved-scope;version-or-sha256-binding"
"R09-A0126"	"R09"	"R09-13"	"docs/adr/sdk/0003-v1-facade-method-scope.md"	"f671068c455fdc0b7e124d8c431f3e4d85bce7a8565ddd404948066fc487e6a6"	"line 3"	"第一版必须封装的 Facade 能力范围 > Decision"	"第一版具名 Facade 覆盖 DispatchLoop 全量控制面：RouteCost 与 NearStationQuery"	"第一版具名 Facade 覆盖 DispatchLoop 全量控制面：CallApiKey 鉴权、可调度车发现与解析、Map/Station 枚举、RouteCost 与 NearStationQuery、byDefaultMissions 建单与查单、CMD_ORDER_CANCEL、DispatchEnable/Disable、EmergencyStop 触发与解除、PriorityExec、OrderHold/OrderContinue、**HangContinue**。明确排除：interrupt、task/v1/order 建单主路径、几何 path；不以「单一 Continue 自动按状态选命令」代替 HELD/HANG 配对。imap 经 Kiota 纳入生成（见 ADR-sdk-0006）。"	"2afceffe3a80fe3385d9bf1f75ed20a1b062064e85bf49eb80222b4800bf2b77"	"external-system-contract-candidate"	"unapproved-internal-adr-status-is-not-business-or-external-contract-approval"	"8005-RIoT-SDK-and-dispatch-control-integration"	"needs-bound-external-contract-and-explicit-approval"	"document-route:R09-candidate; unit-kind:adr-decision-or-section-item; source-document-class:R09-M; ledger-history:7/23 旧编号 0004形成并与大批 SDK 代码/测试同提交；7/27 82% rename 仅修正 ADR 编号/链接。来源分散于行为 BC、cross ADR 和 MES闭环设想。"	"RES-R09-002,EVID-R09-001"	"not-approved"	"external-system-owner-or-authorized-delegate;bound-environment-build-and-contract-hash;named-approver;approval-date;approved-scope;version-or-sha256-binding"
"R09-A0127"	"R09"	"R09-13"	"docs/adr/sdk/0003-v1-facade-method-scope.md"	"f671068c455fdc0b7e124d8c431f3e4d85bce7a8565ddd404948066fc487e6a6"	"line 3"	"第一版必须封装的 Facade 能力范围 > Decision"	"第一版具名 Facade 覆盖 DispatchLoop 全量控制面：byDefaultMissions 建单与查单"	"第一版具名 Facade 覆盖 DispatchLoop 全量控制面：CallApiKey 鉴权、可调度车发现与解析、Map/Station 枚举、RouteCost 与 NearStationQuery、byDefaultMissions 建单与查单、CMD_ORDER_CANCEL、DispatchEnable/Disable、EmergencyStop 触发与解除、PriorityExec、OrderHold/OrderContinue、**HangContinue**。明确排除：interrupt、task/v1/order 建单主路径、几何 path；不以「单一 Continue 自动按状态选命令」代替 HELD/HANG 配对。imap 经 Kiota 纳入生成（见 ADR-sdk-0006）。"	"74d3bf89daaeff7eea2bdeecefba829ce97f09beefde402f283a2d8dfb71a527"	"external-system-contract-candidate"	"unapproved-internal-adr-status-is-not-business-or-external-contract-approval"	"8005-RIoT-SDK-and-dispatch-control-integration"	"needs-bound-external-contract-and-explicit-approval"	"document-route:R09-candidate; unit-kind:adr-decision-or-section-item; source-document-class:R09-M; ledger-history:7/23 旧编号 0004形成并与大批 SDK 代码/测试同提交；7/27 82% rename 仅修正 ADR 编号/链接。来源分散于行为 BC、cross ADR 和 MES闭环设想。"	"RES-R09-002,EVID-R09-001"	"not-approved"	"external-system-owner-or-authorized-delegate;bound-environment-build-and-contract-hash;named-approver;approval-date;approved-scope;version-or-sha256-binding"
"R09-A0128"	"R09"	"R09-13"	"docs/adr/sdk/0003-v1-facade-method-scope.md"	"f671068c455fdc0b7e124d8c431f3e4d85bce7a8565ddd404948066fc487e6a6"	"line 3"	"第一版必须封装的 Facade 能力范围 > Decision"	"第一版具名 Facade 覆盖 DispatchLoop 全量控制面：CMD_ORDER_CANCEL"	"第一版具名 Facade 覆盖 DispatchLoop 全量控制面：CallApiKey 鉴权、可调度车发现与解析、Map/Station 枚举、RouteCost 与 NearStationQuery、byDefaultMissions 建单与查单、CMD_ORDER_CANCEL、DispatchEnable/Disable、EmergencyStop 触发与解除、PriorityExec、OrderHold/OrderContinue、**HangContinue**。明确排除：interrupt、task/v1/order 建单主路径、几何 path；不以「单一 Continue 自动按状态选命令」代替 HELD/HANG 配对。imap 经 Kiota 纳入生成（见 ADR-sdk-0006）。"	"e9357c8bb255e7b9c2d35ca81d1943fbc025048f41fcf9257c25a3dcffd843f1"	"external-system-contract-candidate"	"unapproved-internal-adr-status-is-not-business-or-external-contract-approval"	"8005-RIoT-SDK-and-dispatch-control-integration"	"needs-bound-external-contract-and-explicit-approval"	"document-route:R09-candidate; unit-kind:adr-decision-or-section-item; source-document-class:R09-M; ledger-history:7/23 旧编号 0004形成并与大批 SDK 代码/测试同提交；7/27 82% rename 仅修正 ADR 编号/链接。来源分散于行为 BC、cross ADR 和 MES闭环设想。"	"RES-R09-002,EVID-R09-001"	"not-approved"	"external-system-owner-or-authorized-delegate;bound-environment-build-and-contract-hash;named-approver;approval-date;approved-scope;version-or-sha256-binding"
"R09-A0129"	"R09"	"R09-13"	"docs/adr/sdk/0003-v1-facade-method-scope.md"	"f671068c455fdc0b7e124d8c431f3e4d85bce7a8565ddd404948066fc487e6a6"	"line 3"	"第一版必须封装的 Facade 能力范围 > Decision"	"第一版具名 Facade 覆盖 DispatchLoop 全量控制面：DispatchEnable/Disable"	"第一版具名 Facade 覆盖 DispatchLoop 全量控制面：CallApiKey 鉴权、可调度车发现与解析、Map/Station 枚举、RouteCost 与 NearStationQuery、byDefaultMissions 建单与查单、CMD_ORDER_CANCEL、DispatchEnable/Disable、EmergencyStop 触发与解除、PriorityExec、OrderHold/OrderContinue、**HangContinue**。明确排除：interrupt、task/v1/order 建单主路径、几何 path；不以「单一 Continue 自动按状态选命令」代替 HELD/HANG 配对。imap 经 Kiota 纳入生成（见 ADR-sdk-0006）。"	"ff16fc65b5a2f679f7cabd334a28d52d09ad97bb3b262a97a1dd3f21fbf0fd8b"	"external-system-contract-candidate"	"unapproved-internal-adr-status-is-not-business-or-external-contract-approval"	"8005-RIoT-SDK-and-dispatch-control-integration"	"needs-bound-external-contract-and-explicit-approval"	"document-route:R09-candidate; unit-kind:adr-decision-or-section-item; source-document-class:R09-M; ledger-history:7/23 旧编号 0004形成并与大批 SDK 代码/测试同提交；7/27 82% rename 仅修正 ADR 编号/链接。来源分散于行为 BC、cross ADR 和 MES闭环设想。"	"RES-R09-002,EVID-R09-001"	"not-approved"	"external-system-owner-or-authorized-delegate;bound-environment-build-and-contract-hash;named-approver;approval-date;approved-scope;version-or-sha256-binding"
"R09-A0130"	"R09"	"R09-13"	"docs/adr/sdk/0003-v1-facade-method-scope.md"	"f671068c455fdc0b7e124d8c431f3e4d85bce7a8565ddd404948066fc487e6a6"	"line 3"	"第一版必须封装的 Facade 能力范围 > Decision"	"第一版具名 Facade 覆盖 DispatchLoop 全量控制面：EmergencyStop 触发与解除"	"第一版具名 Facade 覆盖 DispatchLoop 全量控制面：CallApiKey 鉴权、可调度车发现与解析、Map/Station 枚举、RouteCost 与 NearStationQuery、byDefaultMissions 建单与查单、CMD_ORDER_CANCEL、DispatchEnable/Disable、EmergencyStop 触发与解除、PriorityExec、OrderHold/OrderContinue、**HangContinue**。明确排除：interrupt、task/v1/order 建单主路径、几何 path；不以「单一 Continue 自动按状态选命令」代替 HELD/HANG 配对。imap 经 Kiota 纳入生成（见 ADR-sdk-0006）。"	"5f8f8eabf43927d70abcc73b6649f6d6a3287ae06ea4c05e7891222d7ec9eac3"	"security-or-safety-boundary-candidate"	"unapproved-internal-adr-status-is-not-business-or-external-contract-approval"	"8005-RIoT-authentication-control-and-safety"	"needs-security-authority-bound-contract-and-explicit-approval"	"document-route:R09-candidate; unit-kind:adr-decision-or-section-item; source-document-class:R09-M; ledger-history:7/23 旧编号 0004形成并与大批 SDK 代码/测试同提交；7/27 82% rename 仅修正 ADR 编号/链接。来源分散于行为 BC、cross ADR 和 MES闭环设想。"	"RES-R09-002,EVID-R09-001"	"not-approved"	"security-or-safety-owner;bound-target-environment-and-interface-contract;credential-or-call-safety-governance;named-approver;approval-date;approved-scope;version-or-sha256-binding"
"R09-A0131"	"R09"	"R09-13"	"docs/adr/sdk/0003-v1-facade-method-scope.md"	"f671068c455fdc0b7e124d8c431f3e4d85bce7a8565ddd404948066fc487e6a6"	"line 3"	"第一版必须封装的 Facade 能力范围 > Decision"	"第一版具名 Facade 覆盖 DispatchLoop 全量控制面：PriorityExec"	"第一版具名 Facade 覆盖 DispatchLoop 全量控制面：CallApiKey 鉴权、可调度车发现与解析、Map/Station 枚举、RouteCost 与 NearStationQuery、byDefaultMissions 建单与查单、CMD_ORDER_CANCEL、DispatchEnable/Disable、EmergencyStop 触发与解除、PriorityExec、OrderHold/OrderContinue、**HangContinue**。明确排除：interrupt、task/v1/order 建单主路径、几何 path；不以「单一 Continue 自动按状态选命令」代替 HELD/HANG 配对。imap 经 Kiota 纳入生成（见 ADR-sdk-0006）。"	"20f1313c1b7f974c9302c0fe3bf68ba4f57e4eb353324b4ca1b1e5c7924f9096"	"external-system-contract-candidate"	"unapproved-internal-adr-status-is-not-business-or-external-contract-approval"	"8005-RIoT-SDK-and-dispatch-control-integration"	"needs-bound-external-contract-and-explicit-approval"	"document-route:R09-candidate; unit-kind:adr-decision-or-section-item; source-document-class:R09-M; ledger-history:7/23 旧编号 0004形成并与大批 SDK 代码/测试同提交；7/27 82% rename 仅修正 ADR 编号/链接。来源分散于行为 BC、cross ADR 和 MES闭环设想。"	"RES-R09-002,EVID-R09-001"	"not-approved"	"external-system-owner-or-authorized-delegate;bound-environment-build-and-contract-hash;named-approver;approval-date;approved-scope;version-or-sha256-binding"
"R09-A0132"	"R09"	"R09-13"	"docs/adr/sdk/0003-v1-facade-method-scope.md"	"f671068c455fdc0b7e124d8c431f3e4d85bce7a8565ddd404948066fc487e6a6"	"line 3"	"第一版必须封装的 Facade 能力范围 > Decision"	"第一版具名 Facade 覆盖 DispatchLoop 全量控制面：OrderHold/OrderContinue"	"第一版具名 Facade 覆盖 DispatchLoop 全量控制面：CallApiKey 鉴权、可调度车发现与解析、Map/Station 枚举、RouteCost 与 NearStationQuery、byDefaultMissions 建单与查单、CMD_ORDER_CANCEL、DispatchEnable/Disable、EmergencyStop 触发与解除、PriorityExec、OrderHold/OrderContinue、**HangContinue**。明确排除：interrupt、task/v1/order 建单主路径、几何 path；不以「单一 Continue 自动按状态选命令」代替 HELD/HANG 配对。imap 经 Kiota 纳入生成（见 ADR-sdk-0006）。"	"b2a05655eb6bacae3951e87f99c1ed8d60a658d1c8c7cd9e8d89a75763c20441"	"external-system-contract-candidate"	"unapproved-internal-adr-status-is-not-business-or-external-contract-approval"	"8005-RIoT-SDK-and-dispatch-control-integration"	"needs-bound-external-contract-and-explicit-approval"	"document-route:R09-candidate; unit-kind:adr-decision-or-section-item; source-document-class:R09-M; ledger-history:7/23 旧编号 0004形成并与大批 SDK 代码/测试同提交；7/27 82% rename 仅修正 ADR 编号/链接。来源分散于行为 BC、cross ADR 和 MES闭环设想。"	"RES-R09-002,EVID-R09-001"	"not-approved"	"external-system-owner-or-authorized-delegate;bound-environment-build-and-contract-hash;named-approver;approval-date;approved-scope;version-or-sha256-binding"
"R09-A0133"	"R09"	"R09-13"	"docs/adr/sdk/0003-v1-facade-method-scope.md"	"f671068c455fdc0b7e124d8c431f3e4d85bce7a8565ddd404948066fc487e6a6"	"line 3"	"第一版必须封装的 Facade 能力范围 > Decision"	"第一版具名 Facade 覆盖 DispatchLoop 全量控制面：**HangContinue**。"	"第一版具名 Facade 覆盖 DispatchLoop 全量控制面：CallApiKey 鉴权、可调度车发现与解析、Map/Station 枚举、RouteCost 与 NearStationQuery、byDefaultMissions 建单与查单、CMD_ORDER_CANCEL、DispatchEnable/Disable、EmergencyStop 触发与解除、PriorityExec、OrderHold/OrderContinue、**HangContinue**。明确排除：interrupt、task/v1/order 建单主路径、几何 path；不以「单一 Continue 自动按状态选命令」代替 HELD/HANG 配对。imap 经 Kiota 纳入生成（见 ADR-sdk-0006）。"	"fae5bfd728f51935374d4abe3600185dd5b437f9409dac4b7767dd33a60d3691"	"business-behavior-relying-on-external-contract-candidate"	"unapproved-internal-adr-status-is-not-business-or-external-contract-approval"	"8005-RIoT-SDK-and-dispatch-control-integration"	"needs-business-owner-bound-contract-and-explicit-approval"	"document-route:R09-candidate; unit-kind:adr-decision-or-section-item; source-document-class:R09-M; ledger-history:7/23 旧编号 0004形成并与大批 SDK 代码/测试同提交；7/27 82% rename 仅修正 ADR 编号/链接。来源分散于行为 BC、cross ADR 和 MES闭环设想。"	"RES-R09-002,EVID-R09-001"	"not-approved"	"authoritative-business-owner;bound-external-system-version-or-contract;observed-failure-path-evidence;named-approver;approval-date;approved-scope;version-or-sha256-binding"
"R09-A0134"	"R09"	"R09-13"	"docs/adr/sdk/0003-v1-facade-method-scope.md"	"f671068c455fdc0b7e124d8c431f3e4d85bce7a8565ddd404948066fc487e6a6"	"line 3"	"第一版必须封装的 Facade 能力范围 > Decision"	"明确排除：interrupt"	"第一版具名 Facade 覆盖 DispatchLoop 全量控制面：CallApiKey 鉴权、可调度车发现与解析、Map/Station 枚举、RouteCost 与 NearStationQuery、byDefaultMissions 建单与查单、CMD_ORDER_CANCEL、DispatchEnable/Disable、EmergencyStop 触发与解除、PriorityExec、OrderHold/OrderContinue、**HangContinue**。明确排除：interrupt、task/v1/order 建单主路径、几何 path；不以「单一 Continue 自动按状态选命令」代替 HELD/HANG 配对。imap 经 Kiota 纳入生成（见 ADR-sdk-0006）。"	"48f29ed512f190d7b1155b973330b575f0e93bb83e3fff668bd9746b342b16d6"	"product-capability-scope-candidate"	"unapproved-internal-adr-status-is-not-business-or-external-contract-approval"	"8005-RIoT-SDK-and-dispatch-control-integration"	"needs-product-owner-and-explicit-approval"	"document-route:R09-candidate; unit-kind:adr-decision-or-section-item; source-document-class:R09-M; ledger-history:7/23 旧编号 0004形成并与大批 SDK 代码/测试同提交；7/27 82% rename 仅修正 ADR 编号/链接。来源分散于行为 BC、cross ADR 和 MES闭环设想。"	"none-found-within-r09-pass"	"not-approved"	"approved-product-scope-source;responsible-product-owner;named-approver;approval-date;approved-scope;version-or-sha256-binding"
"R09-A0135"	"R09"	"R09-13"	"docs/adr/sdk/0003-v1-facade-method-scope.md"	"f671068c455fdc0b7e124d8c431f3e4d85bce7a8565ddd404948066fc487e6a6"	"line 3"	"第一版必须封装的 Facade 能力范围 > Decision"	"第一版具名 Facade 覆盖 DispatchLoop 全量控制面：task/v1/order 建单主路径"	"第一版具名 Facade 覆盖 DispatchLoop 全量控制面：CallApiKey 鉴权、可调度车发现与解析、Map/Station 枚举、RouteCost 与 NearStationQuery、byDefaultMissions 建单与查单、CMD_ORDER_CANCEL、DispatchEnable/Disable、EmergencyStop 触发与解除、PriorityExec、OrderHold/OrderContinue、**HangContinue**。明确排除：interrupt、task/v1/order 建单主路径、几何 path；不以「单一 Continue 自动按状态选命令」代替 HELD/HANG 配对。imap 经 Kiota 纳入生成（见 ADR-sdk-0006）。"	"5bed92196b64acf8803dca5924f545cc0d454738f88444347021105e31412003"	"product-capability-scope-candidate"	"unapproved-internal-adr-status-is-not-business-or-external-contract-approval"	"8005-RIoT-SDK-and-dispatch-control-integration"	"needs-product-owner-and-explicit-approval"	"document-route:R09-candidate; unit-kind:adr-decision-or-section-item; source-document-class:R09-M; ledger-history:7/23 旧编号 0004形成并与大批 SDK 代码/测试同提交；7/27 82% rename 仅修正 ADR 编号/链接。来源分散于行为 BC、cross ADR 和 MES闭环设想。"	"RES-R09-002,EVID-R09-001"	"not-approved"	"approved-product-scope-source;responsible-product-owner;named-approver;approval-date;approved-scope;version-or-sha256-binding"
"R09-A0136"	"R09"	"R09-13"	"docs/adr/sdk/0003-v1-facade-method-scope.md"	"f671068c455fdc0b7e124d8c431f3e4d85bce7a8565ddd404948066fc487e6a6"	"line 3"	"第一版必须封装的 Facade 能力范围 > Decision"	"第一版具名 Facade 覆盖 DispatchLoop 全量控制面：几何 path"	"第一版具名 Facade 覆盖 DispatchLoop 全量控制面：CallApiKey 鉴权、可调度车发现与解析、Map/Station 枚举、RouteCost 与 NearStationQuery、byDefaultMissions 建单与查单、CMD_ORDER_CANCEL、DispatchEnable/Disable、EmergencyStop 触发与解除、PriorityExec、OrderHold/OrderContinue、**HangContinue**。明确排除：interrupt、task/v1/order 建单主路径、几何 path；不以「单一 Continue 自动按状态选命令」代替 HELD/HANG 配对。imap 经 Kiota 纳入生成（见 ADR-sdk-0006）。"	"38f28eedfa75c899b257c250e7b46f5b9affd35048943ac488bc1d7cb8d8d1bc"	"embedded-local-technical-design-decision"	"unapproved-internal-adr-status-is-not-business-or-external-contract-approval"	"8005-RIoT-SDK-and-dispatch-control-integration"	"exclude-from-requirement-approval"	"document-route:R09-candidate; unit-kind:adr-decision-or-section-item; source-document-class:R09-M; ledger-history:7/23 旧编号 0004形成并与大批 SDK 代码/测试同提交；7/27 82% rename 仅修正 ADR 编号/链接。来源分散于行为 BC、cross ADR 和 MES闭环设想。"	"RES-R09-002,EVID-R09-001"	"not-approved"	"authoritative-requirement-source-if-behavior-is-required;separate-technical-decision-review;named-approver;approval-date;approved-scope;version-or-sha256-binding"
"R09-A0137"	"R09"	"R09-13"	"docs/adr/sdk/0003-v1-facade-method-scope.md"	"f671068c455fdc0b7e124d8c431f3e4d85bce7a8565ddd404948066fc487e6a6"	"line 3"	"第一版必须封装的 Facade 能力范围 > Decision"	"第一版具名 Facade 覆盖 DispatchLoop 全量控制面：不以「单一 Continue 自动按状态选命令」代替 HELD/HANG 配对。"	"第一版具名 Facade 覆盖 DispatchLoop 全量控制面：CallApiKey 鉴权、可调度车发现与解析、Map/Station 枚举、RouteCost 与 NearStationQuery、byDefaultMissions 建单与查单、CMD_ORDER_CANCEL、DispatchEnable/Disable、EmergencyStop 触发与解除、PriorityExec、OrderHold/OrderContinue、**HangContinue**。明确排除：interrupt、task/v1/order 建单主路径、几何 path；不以「单一 Continue 自动按状态选命令」代替 HELD/HANG 配对。imap 经 Kiota 纳入生成（见 ADR-sdk-0006）。"	"80f2f0404eec0fcfd18cc9ee11b4805d98d2dcebb0ecba778cb3b9a435ba0c3b"	"mes-dispatch-or-demand-lifecycle-business-rule-candidate"	"unapproved-internal-adr-status-is-not-business-or-external-contract-approval"	"8005-RIoT-SDK-and-dispatch-control-integration"	"needs-business-owner-and-explicit-approval"	"document-route:R09-candidate; unit-kind:adr-decision-or-section-item; source-document-class:R09-M; ledger-history:7/23 旧编号 0004形成并与大批 SDK 代码/测试同提交；7/27 82% rename 仅修正 ADR 编号/链接。来源分散于行为 BC、cross ADR 和 MES闭环设想。"	"RES-R09-002,EVID-R09-001"	"not-approved"	"authoritative-business-source;responsible-business-or-operations-owner;named-approver;approval-date;approved-scope;version-or-sha256-binding"
"R09-A0138"	"R09"	"R09-13"	"docs/adr/sdk/0003-v1-facade-method-scope.md"	"f671068c455fdc0b7e124d8c431f3e4d85bce7a8565ddd404948066fc487e6a6"	"line 3"	"第一版必须封装的 Facade 能力范围 > Decision"	"imap 经 Kiota 纳入生成（见 ADR-sdk-0006）。"	"第一版具名 Facade 覆盖 DispatchLoop 全量控制面：CallApiKey 鉴权、可调度车发现与解析、Map/Station 枚举、RouteCost 与 NearStationQuery、byDefaultMissions 建单与查单、CMD_ORDER_CANCEL、DispatchEnable/Disable、EmergencyStop 触发与解除、PriorityExec、OrderHold/OrderContinue、**HangContinue**。明确排除：interrupt、task/v1/order 建单主路径、几何 path；不以「单一 Continue 自动按状态选命令」代替 HELD/HANG 配对。imap 经 Kiota 纳入生成（见 ADR-sdk-0006）。"	"94d7d9e2f2342ca24e56f8a2fa6acd8778876df985c8b303b85a5f31903def7b"	"embedded-local-technical-design-decision"	"unapproved-internal-adr-status-is-not-business-or-external-contract-approval"	"8005-RIoT-SDK-and-dispatch-control-integration"	"exclude-from-requirement-approval"	"document-route:R09-candidate; unit-kind:adr-decision-or-section-item; source-document-class:R09-M; ledger-history:7/23 旧编号 0004形成并与大批 SDK 代码/测试同提交；7/27 82% rename 仅修正 ADR 编号/链接。来源分散于行为 BC、cross ADR 和 MES闭环设想。"	"none-found-within-r09-pass"	"not-approved"	"authoritative-requirement-source-if-behavior-is-required;separate-technical-decision-review;named-approver;approval-date;approved-scope;version-or-sha256-binding"
"R09-A0139"	"R09"	"R09-13"	"docs/adr/sdk/0003-v1-facade-method-scope.md"	"f671068c455fdc0b7e124d8c431f3e4d85bce7a8565ddd404948066fc487e6a6"	"line 5"	"第一版必须封装的 Facade 能力范围 > Status"	"accepted"	"**Status**: accepted"	"070c160a6299c5438070b1aa737b14fc2992ed49579c14264884886a5876f971"	"source-status-options-or-implementation-evidence"	"unapproved-internal-adr-status-is-not-business-or-external-contract-approval"	"8005-RIoT-SDK-and-dispatch-control-integration"	"evidence-only"	"document-route:R09-candidate; unit-kind:adr-decision-or-section-item; source-document-class:R09-M; ledger-history:7/23 旧编号 0004形成并与大批 SDK 代码/测试同提交；7/27 82% rename 仅修正 ADR 编号/链接。来源分散于行为 BC、cross ADR 和 MES闭环设想。; exact-duplicate-of:R09-A0005"	"none-found-within-r09-pass"	"not-approved"	"evidence-only-not-an-approval-unit;named-approver;approval-date;approved-scope;version-or-sha256-binding"
"R09-A0140"	"R09"	"R09-13"	"docs/adr/sdk/0003-v1-facade-method-scope.md"	"f671068c455fdc0b7e124d8c431f3e4d85bce7a8565ddd404948066fc487e6a6"	"line 7"	"第一版必须封装的 Facade 能力范围 > Implementation"	"C# / Python 具名方法已交付；"	"**Implementation**: C# / Python 具名方法已交付；对照表见 [`rcs/riot-sdk/docs/facade-v1.md`](../../../rcs/riot-sdk/docs/facade-v1.md)。可再派纯判定辅助见 ADR-sdk-0007（已交付）。"	"4e12c60dc3dd67a9e4e111dae29e16e167047210b2b72403e8090d2d99473ecb"	"source-status-options-or-implementation-evidence"	"unapproved-internal-adr-status-is-not-business-or-external-contract-approval"	"8005-RIoT-SDK-and-dispatch-control-integration"	"evidence-only"	"document-route:R09-candidate; unit-kind:adr-decision-or-section-item; source-document-class:R09-M; ledger-history:7/23 旧编号 0004形成并与大批 SDK 代码/测试同提交；7/27 82% rename 仅修正 ADR 编号/链接。来源分散于行为 BC、cross ADR 和 MES闭环设想。"	"none-found-within-r09-pass"	"not-approved"	"evidence-only-not-an-approval-unit;named-approver;approval-date;approved-scope;version-or-sha256-binding"
"R09-A0141"	"R09"	"R09-13"	"docs/adr/sdk/0003-v1-facade-method-scope.md"	"f671068c455fdc0b7e124d8c431f3e4d85bce7a8565ddd404948066fc487e6a6"	"line 7"	"第一版必须封装的 Facade 能力范围 > Implementation"	"对照表见 [`rcs/riot-sdk/docs/facade-v1.md`](../../../rcs/riot-sdk/docs/facade-v1.md)。"	"**Implementation**: C# / Python 具名方法已交付；对照表见 [`rcs/riot-sdk/docs/facade-v1.md`](../../../rcs/riot-sdk/docs/facade-v1.md)。可再派纯判定辅助见 ADR-sdk-0007（已交付）。"	"8cdbfb486b74ec613da1d96fc2af244498e0971409e46ce37b76f2132d834c43"	"source-status-options-or-implementation-evidence"	"unapproved-internal-adr-status-is-not-business-or-external-contract-approval"	"8005-RIoT-SDK-and-dispatch-control-integration"	"evidence-only"	"document-route:R09-candidate; unit-kind:adr-decision-or-section-item; source-document-class:R09-M; ledger-history:7/23 旧编号 0004形成并与大批 SDK 代码/测试同提交；7/27 82% rename 仅修正 ADR 编号/链接。来源分散于行为 BC、cross ADR 和 MES闭环设想。"	"none-found-within-r09-pass"	"not-approved"	"evidence-only-not-an-approval-unit;named-approver;approval-date;approved-scope;version-or-sha256-binding"
"R09-A0142"	"R09"	"R09-13"	"docs/adr/sdk/0003-v1-facade-method-scope.md"	"f671068c455fdc0b7e124d8c431f3e4d85bce7a8565ddd404948066fc487e6a6"	"line 7"	"第一版必须封装的 Facade 能力范围 > Implementation"	"可再派纯判定辅助见 ADR-sdk-0007（已交付）。"	"**Implementation**: C# / Python 具名方法已交付；对照表见 [`rcs/riot-sdk/docs/facade-v1.md`](../../../rcs/riot-sdk/docs/facade-v1.md)。可再派纯判定辅助见 ADR-sdk-0007（已交付）。"	"b2825cfc0d51607fb4b6c04f9dc35363c863352c108af86b284e40310fc4591f"	"source-status-options-or-implementation-evidence"	"unapproved-internal-adr-status-is-not-business-or-external-contract-approval"	"8005-RIoT-SDK-and-dispatch-control-integration"	"evidence-only"	"document-route:R09-candidate; unit-kind:adr-decision-or-section-item; source-document-class:R09-M; ledger-history:7/23 旧编号 0004形成并与大批 SDK 代码/测试同提交；7/27 82% rename 仅修正 ADR 编号/链接。来源分散于行为 BC、cross ADR 和 MES闭环设想。"	"none-found-within-r09-pass"	"not-approved"	"evidence-only-not-an-approval-unit;named-approver;approval-date;approved-scope;version-or-sha256-binding"
"R09-A0143"	"R09"	"R09-13"	"docs/adr/sdk/0003-v1-facade-method-scope.md"	"f671068c455fdc0b7e124d8c431f3e4d85bce7a8565ddd404948066fc487e6a6"	"line 9"	"第一版必须封装的 Facade 能力范围 > Considered Options"	"瘦身闭环；"	"**Considered Options**: 瘦身闭环；闭环+路径/控制面；上表 + HangContinue 具名（采纳）；HangContinue 仅 RawEscape；HELD/HANG 合并为一个 Continue。"	"2a2ea59982218305b32c71bfaf7b7ba02e3e2bf837518c39ebb4d288e72141ee"	"source-status-options-or-implementation-evidence"	"unapproved-internal-adr-status-is-not-business-or-external-contract-approval"	"8005-RIoT-SDK-and-dispatch-control-integration"	"evidence-only"	"document-route:R09-candidate; unit-kind:adr-decision-or-section-item; source-document-class:R09-M; ledger-history:7/23 旧编号 0004形成并与大批 SDK 代码/测试同提交；7/27 82% rename 仅修正 ADR 编号/链接。来源分散于行为 BC、cross ADR 和 MES闭环设想。"	"none-found-within-r09-pass"	"not-approved"	"evidence-only-not-an-approval-unit;named-approver;approval-date;approved-scope;version-or-sha256-binding"
"R09-A0144"	"R09"	"R09-13"	"docs/adr/sdk/0003-v1-facade-method-scope.md"	"f671068c455fdc0b7e124d8c431f3e4d85bce7a8565ddd404948066fc487e6a6"	"line 9"	"第一版必须封装的 Facade 能力范围 > Considered Options"	"闭环+路径/控制面；"	"**Considered Options**: 瘦身闭环；闭环+路径/控制面；上表 + HangContinue 具名（采纳）；HangContinue 仅 RawEscape；HELD/HANG 合并为一个 Continue。"	"6660b7122264023eb08c975c5bd22b68e0e0df08bdbda894fff1868860dc623b"	"source-status-options-or-implementation-evidence"	"unapproved-internal-adr-status-is-not-business-or-external-contract-approval"	"8005-RIoT-SDK-and-dispatch-control-integration"	"evidence-only"	"document-route:R09-candidate; unit-kind:adr-decision-or-section-item; source-document-class:R09-M; ledger-history:7/23 旧编号 0004形成并与大批 SDK 代码/测试同提交；7/27 82% rename 仅修正 ADR 编号/链接。来源分散于行为 BC、cross ADR 和 MES闭环设想。"	"none-found-within-r09-pass"	"not-approved"	"evidence-only-not-an-approval-unit;named-approver;approval-date;approved-scope;version-or-sha256-binding"
"R09-A0145"	"R09"	"R09-13"	"docs/adr/sdk/0003-v1-facade-method-scope.md"	"f671068c455fdc0b7e124d8c431f3e4d85bce7a8565ddd404948066fc487e6a6"	"line 9"	"第一版必须封装的 Facade 能力范围 > Considered Options"	"上表 + HangContinue 具名（采纳）；"	"**Considered Options**: 瘦身闭环；闭环+路径/控制面；上表 + HangContinue 具名（采纳）；HangContinue 仅 RawEscape；HELD/HANG 合并为一个 Continue。"	"850478cb9f3805563811b332e9b5745b8329a579fb673501c69fe8c9d6c02735"	"source-status-options-or-implementation-evidence"	"unapproved-internal-adr-status-is-not-business-or-external-contract-approval"	"8005-RIoT-SDK-and-dispatch-control-integration"	"evidence-only"	"document-route:R09-candidate; unit-kind:adr-decision-or-section-item; source-document-class:R09-M; ledger-history:7/23 旧编号 0004形成并与大批 SDK 代码/测试同提交；7/27 82% rename 仅修正 ADR 编号/链接。来源分散于行为 BC、cross ADR 和 MES闭环设想。"	"RES-R09-002,EVID-R09-001"	"not-approved"	"evidence-only-not-an-approval-unit;named-approver;approval-date;approved-scope;version-or-sha256-binding"
"R09-A0146"	"R09"	"R09-13"	"docs/adr/sdk/0003-v1-facade-method-scope.md"	"f671068c455fdc0b7e124d8c431f3e4d85bce7a8565ddd404948066fc487e6a6"	"line 9"	"第一版必须封装的 Facade 能力范围 > Considered Options"	"HangContinue 仅 RawEscape；"	"**Considered Options**: 瘦身闭环；闭环+路径/控制面；上表 + HangContinue 具名（采纳）；HangContinue 仅 RawEscape；HELD/HANG 合并为一个 Continue。"	"e7f34a113b42879aae9b2239a62f0b27e61624da3b47cdf0b0caf43fa3f394e8"	"source-status-options-or-implementation-evidence"	"unapproved-internal-adr-status-is-not-business-or-external-contract-approval"	"8005-RIoT-SDK-and-dispatch-control-integration"	"evidence-only"	"document-route:R09-candidate; unit-kind:adr-decision-or-section-item; source-document-class:R09-M; ledger-history:7/23 旧编号 0004形成并与大批 SDK 代码/测试同提交；7/27 82% rename 仅修正 ADR 编号/链接。来源分散于行为 BC、cross ADR 和 MES闭环设想。"	"RES-R09-002,EVID-R09-001"	"not-approved"	"evidence-only-not-an-approval-unit;named-approver;approval-date;approved-scope;version-or-sha256-binding"
"R09-A0147"	"R09"	"R09-13"	"docs/adr/sdk/0003-v1-facade-method-scope.md"	"f671068c455fdc0b7e124d8c431f3e4d85bce7a8565ddd404948066fc487e6a6"	"line 9"	"第一版必须封装的 Facade 能力范围 > Considered Options"	"HELD/HANG 合并为一个 Continue。"	"**Considered Options**: 瘦身闭环；闭环+路径/控制面；上表 + HangContinue 具名（采纳）；HangContinue 仅 RawEscape；HELD/HANG 合并为一个 Continue。"	"028fb45d743d3945766af4aeea682eafb5fcbdce2460ffc083472ada9f993f34"	"source-status-options-or-implementation-evidence"	"unapproved-internal-adr-status-is-not-business-or-external-contract-approval"	"8005-RIoT-SDK-and-dispatch-control-integration"	"evidence-only"	"document-route:R09-candidate; unit-kind:adr-decision-or-section-item; source-document-class:R09-M; ledger-history:7/23 旧编号 0004形成并与大批 SDK 代码/测试同提交；7/27 82% rename 仅修正 ADR 编号/链接。来源分散于行为 BC、cross ADR 和 MES闭环设想。"	"none-found-within-r09-pass"	"not-approved"	"evidence-only-not-an-approval-unit;named-approver;approval-date;approved-scope;version-or-sha256-binding"
"R09-A0148"	"R09"	"R09-17"	"docs/adr/sdk/0007-ready-helpers-no-blocking-wait.md"	"ca82a0226601eec928492ab69342a0915f473c01a4069830afea13c617527fdd"	"line 3"	"第一版提供可再派判定辅助，不内置阻塞 Wait > Decision"	"具名 Facade 保持单次读写；"	"具名 Facade 保持单次读写；另提供基于 BC-STATE-003 的纯判定辅助（例如是否可再派：订单 SUCCESS 且车 IDLE）。不在 SDK 内置阻塞轮询 Wait*，编排与超时策略留给 MES。避免把调度状态机塞进客户端，同时减少 MES 写错到站/可再派条件。"	"0e380e851351692720ee6cc484713f78118365276083c9f1f66c4aa41d4e8df6"	"embedded-local-technical-design-decision"	"unapproved-internal-adr-status-is-not-business-or-external-contract-approval"	"8005-RIoT-SDK-and-dispatch-control-integration"	"exclude-from-requirement-approval"	"document-route:R09-candidate; unit-kind:adr-decision-or-section-item; source-document-class:R09-M; ledger-history:7/23 旧编号 0008形成，7/27 迁移。BC-STATE-003 支持 SUCCESS+IDLE 的局部外部事实；“SDK 不阻塞、MES 编排超时”是分层选择。"	"none-found-within-r09-pass"	"not-approved"	"authoritative-requirement-source-if-behavior-is-required;separate-technical-decision-review;named-approver;approval-date;approved-scope;version-or-sha256-binding"
"R09-A0149"	"R09"	"R09-17"	"docs/adr/sdk/0007-ready-helpers-no-blocking-wait.md"	"ca82a0226601eec928492ab69342a0915f473c01a4069830afea13c617527fdd"	"line 3"	"第一版提供可再派判定辅助，不内置阻塞 Wait > Decision"	"另提供基于 BC-STATE-003 的纯判定辅助（例如是否可再派：订单 SUCCESS 且车 IDLE）。"	"具名 Facade 保持单次读写；另提供基于 BC-STATE-003 的纯判定辅助（例如是否可再派：订单 SUCCESS 且车 IDLE）。不在 SDK 内置阻塞轮询 Wait*，编排与超时策略留给 MES。避免把调度状态机塞进客户端，同时减少 MES 写错到站/可再派条件。"	"3bcb2851de5b274817ebb07a1290ddcb1a126f17e4d6789798de968eb64fc731"	"business-behavior-relying-on-external-contract-candidate"	"unapproved-internal-adr-status-is-not-business-or-external-contract-approval"	"8005-RIoT-SDK-and-dispatch-control-integration"	"needs-business-owner-bound-contract-and-explicit-approval"	"document-route:R09-candidate; unit-kind:adr-decision-or-section-item; source-document-class:R09-M; ledger-history:7/23 旧编号 0008形成，7/27 迁移。BC-STATE-003 支持 SUCCESS+IDLE 的局部外部事实；“SDK 不阻塞、MES 编排超时”是分层选择。"	"RES-R09-002,EVID-R09-001"	"not-approved"	"authoritative-business-owner;bound-external-system-version-or-contract;observed-failure-path-evidence;named-approver;approval-date;approved-scope;version-or-sha256-binding"
"R09-A0150"	"R09"	"R09-17"	"docs/adr/sdk/0007-ready-helpers-no-blocking-wait.md"	"ca82a0226601eec928492ab69342a0915f473c01a4069830afea13c617527fdd"	"line 3"	"第一版提供可再派判定辅助，不内置阻塞 Wait > Decision"	"不在 SDK 内置阻塞轮询 Wait*，编排与超时策略留给 MES。"	"具名 Facade 保持单次读写；另提供基于 BC-STATE-003 的纯判定辅助（例如是否可再派：订单 SUCCESS 且车 IDLE）。不在 SDK 内置阻塞轮询 Wait*，编排与超时策略留给 MES。避免把调度状态机塞进客户端，同时减少 MES 写错到站/可再派条件。"	"4a63bab4464785112642b4c6212575b8058365beb417639284655919e41caa8c"	"embedded-local-technical-design-decision"	"unapproved-internal-adr-status-is-not-business-or-external-contract-approval"	"8005-RIoT-SDK-and-dispatch-control-integration"	"exclude-from-requirement-approval"	"document-route:R09-candidate; unit-kind:adr-decision-or-section-item; source-document-class:R09-M; ledger-history:7/23 旧编号 0008形成，7/27 迁移。BC-STATE-003 支持 SUCCESS+IDLE 的局部外部事实；“SDK 不阻塞、MES 编排超时”是分层选择。"	"none-found-within-r09-pass"	"not-approved"	"authoritative-requirement-source-if-behavior-is-required;separate-technical-decision-review;named-approver;approval-date;approved-scope;version-or-sha256-binding"
"R09-A0151"	"R09"	"R09-17"	"docs/adr/sdk/0007-ready-helpers-no-blocking-wait.md"	"ca82a0226601eec928492ab69342a0915f473c01a4069830afea13c617527fdd"	"line 3"	"第一版提供可再派判定辅助，不内置阻塞 Wait > Decision"	"避免把调度状态机塞进客户端，同时减少 MES 写错到站/可再派条件。"	"具名 Facade 保持单次读写；另提供基于 BC-STATE-003 的纯判定辅助（例如是否可再派：订单 SUCCESS 且车 IDLE）。不在 SDK 内置阻塞轮询 Wait*，编排与超时策略留给 MES。避免把调度状态机塞进客户端，同时减少 MES 写错到站/可再派条件。"	"a27380e0c474d3aba96a090122b79f50cde60d5528dd0851b71f111498b05954"	"mes-dispatch-or-demand-lifecycle-business-rule-candidate"	"unapproved-internal-adr-status-is-not-business-or-external-contract-approval"	"8005-RIoT-SDK-and-dispatch-control-integration"	"needs-business-owner-and-explicit-approval"	"document-route:R09-candidate; unit-kind:adr-decision-or-section-item; source-document-class:R09-M; ledger-history:7/23 旧编号 0008形成，7/27 迁移。BC-STATE-003 支持 SUCCESS+IDLE 的局部外部事实；“SDK 不阻塞、MES 编排超时”是分层选择。"	"none-found-within-r09-pass"	"not-approved"	"authoritative-business-source;responsible-business-or-operations-owner;named-approver;approval-date;approved-scope;version-or-sha256-binding"
"R09-A0152"	"R09"	"R09-17"	"docs/adr/sdk/0007-ready-helpers-no-blocking-wait.md"	"ca82a0226601eec928492ab69342a0915f473c01a4069830afea13c617527fdd"	"line 5"	"第一版提供可再派判定辅助，不内置阻塞 Wait > Status"	"accepted"	"**Status**: accepted"	"070c160a6299c5438070b1aa737b14fc2992ed49579c14264884886a5876f971"	"source-status-options-or-implementation-evidence"	"unapproved-internal-adr-status-is-not-business-or-external-contract-approval"	"8005-RIoT-SDK-and-dispatch-control-integration"	"evidence-only"	"document-route:R09-candidate; unit-kind:adr-decision-or-section-item; source-document-class:R09-M; ledger-history:7/23 旧编号 0008形成，7/27 迁移。BC-STATE-003 支持 SUCCESS+IDLE 的局部外部事实；“SDK 不阻塞、MES 编排超时”是分层选择。; exact-duplicate-of:R09-A0005"	"none-found-within-r09-pass"	"not-approved"	"evidence-only-not-an-approval-unit;named-approver;approval-date;approved-scope;version-or-sha256-binding"
"R09-A0153"	"R09"	"R09-17"	"docs/adr/sdk/0007-ready-helpers-no-blocking-wait.md"	"ca82a0226601eec928492ab69342a0915f473c01a4069830afea13c617527fdd"	"line 7"	"第一版提供可再派判定辅助，不内置阻塞 Wait > Implementation"	"`ReadyForNextOrder.IsReady` / `is_ready_for_next_order` 已交付（SUCCESS=5 + `procState=IDLE` + 非 `processingOrder`）。"	"**Implementation**: `ReadyForNextOrder.IsReady` / `is_ready_for_next_order` 已交付（SUCCESS=5 + `procState=IDLE` + 非 `processingOrder`）。"	"3acec687a46546968c6f24cc79af4560eddc49f875bf730a98149257358fff5c"	"source-status-options-or-implementation-evidence"	"unapproved-internal-adr-status-is-not-business-or-external-contract-approval"	"8005-RIoT-SDK-and-dispatch-control-integration"	"evidence-only"	"document-route:R09-candidate; unit-kind:adr-decision-or-section-item; source-document-class:R09-M; ledger-history:7/23 旧编号 0008形成，7/27 迁移。BC-STATE-003 支持 SUCCESS+IDLE 的局部外部事实；“SDK 不阻塞、MES 编排超时”是分层选择。"	"RES-R09-002,EVID-R09-001"	"not-approved"	"evidence-only-not-an-approval-unit;named-approver;approval-date;approved-scope;version-or-sha256-binding"
"R09-A0154"	"R09"	"R09-17"	"docs/adr/sdk/0007-ready-helpers-no-blocking-wait.md"	"ca82a0226601eec928492ab69342a0915f473c01a4069830afea13c617527fdd"	"line 9"	"第一版提供可再派判定辅助，不内置阻塞 Wait > Considered Options"	"仅薄读写；"	"**Considered Options**: 仅薄读写；薄读写 + 纯判定辅助（采纳）；内置 Wait* 阻塞跟单。"	"e6d907277006998084fb61155e07106d903411ec14afbb2c6cf604896e1423ab"	"source-status-options-or-implementation-evidence"	"unapproved-internal-adr-status-is-not-business-or-external-contract-approval"	"8005-RIoT-SDK-and-dispatch-control-integration"	"evidence-only"	"document-route:R09-candidate; unit-kind:adr-decision-or-section-item; source-document-class:R09-M; ledger-history:7/23 旧编号 0008形成，7/27 迁移。BC-STATE-003 支持 SUCCESS+IDLE 的局部外部事实；“SDK 不阻塞、MES 编排超时”是分层选择。"	"none-found-within-r09-pass"	"not-approved"	"evidence-only-not-an-approval-unit;named-approver;approval-date;approved-scope;version-or-sha256-binding"
"R09-A0155"	"R09"	"R09-17"	"docs/adr/sdk/0007-ready-helpers-no-blocking-wait.md"	"ca82a0226601eec928492ab69342a0915f473c01a4069830afea13c617527fdd"	"line 9"	"第一版提供可再派判定辅助，不内置阻塞 Wait > Considered Options"	"薄读写 + 纯判定辅助（采纳）；"	"**Considered Options**: 仅薄读写；薄读写 + 纯判定辅助（采纳）；内置 Wait* 阻塞跟单。"	"e67034468b42e2bbea6f796c01d26ab77b7007a36dd2e6f69cb060ee98fd07cc"	"source-status-options-or-implementation-evidence"	"unapproved-internal-adr-status-is-not-business-or-external-contract-approval"	"8005-RIoT-SDK-and-dispatch-control-integration"	"evidence-only"	"document-route:R09-candidate; unit-kind:adr-decision-or-section-item; source-document-class:R09-M; ledger-history:7/23 旧编号 0008形成，7/27 迁移。BC-STATE-003 支持 SUCCESS+IDLE 的局部外部事实；“SDK 不阻塞、MES 编排超时”是分层选择。"	"none-found-within-r09-pass"	"not-approved"	"evidence-only-not-an-approval-unit;named-approver;approval-date;approved-scope;version-or-sha256-binding"
"R09-A0156"	"R09"	"R09-17"	"docs/adr/sdk/0007-ready-helpers-no-blocking-wait.md"	"ca82a0226601eec928492ab69342a0915f473c01a4069830afea13c617527fdd"	"line 9"	"第一版提供可再派判定辅助，不内置阻塞 Wait > Considered Options"	"内置 Wait* 阻塞跟单。"	"**Considered Options**: 仅薄读写；薄读写 + 纯判定辅助（采纳）；内置 Wait* 阻塞跟单。"	"df6a92664aa38652cd0f9f9590c18121044093512ac3d02fb8ce893572bbd989"	"source-status-options-or-implementation-evidence"	"unapproved-internal-adr-status-is-not-business-or-external-contract-approval"	"8005-RIoT-SDK-and-dispatch-control-integration"	"evidence-only"	"document-route:R09-candidate; unit-kind:adr-decision-or-section-item; source-document-class:R09-M; ledger-history:7/23 旧编号 0008形成，7/27 迁移。BC-STATE-003 支持 SUCCESS+IDLE 的局部外部事实；“SDK 不阻塞、MES 编排超时”是分层选择。"	"none-found-within-r09-pass"	"not-approved"	"evidence-only-not-an-approval-unit;named-approver;approval-date;approved-scope;version-or-sha256-binding"
"R09-A0157"	"R09"	"R09-18"	"docs/adr/sdk/0008-v1-explicit-non-goals.md"	"b8c68b23afd8e33149f7bc0c720265eb3552dd209888baef112da08f81aa2034"	"line 3"	"第一版明确排除的能力 > Decision"	"第一版具名 Facade 不包含：interrupt"	"第一版具名 Facade 不包含：interrupt；task/v1/order 建单主路径；几何 path；阻塞 Wait* 跟单；将 devices 列表作为可调度车发现；多段 mission 编排 DSL/流程引擎；CallApiKey 轮换与过期策略。devices 列表若暴露则仅作设备查询，派车发现必须走可调度车接口。需要时可用 RawEscape 或后续版本扩展。"	"0c3decafddd3c2f1d0eb11f3d4ecf1eec5f0cc56612f5c63fc8bd728951253fb"	"product-capability-scope-candidate"	"unapproved-internal-adr-status-is-not-business-or-external-contract-approval"	"8005-RIoT-SDK-and-dispatch-control-integration"	"needs-product-owner-and-explicit-approval"	"document-route:R09-candidate; unit-kind:adr-decision-or-section-item; source-document-class:R09-M; ledger-history:7/23 旧编号 0009形成，7/27 迁移。无产品范围来源；列出 interrupt、建单路径、Wait、发现接口、DSL、密钥轮换等排除项。"	"none-found-within-r09-pass"	"not-approved"	"approved-product-scope-source;responsible-product-owner;named-approver;approval-date;approved-scope;version-or-sha256-binding"
"R09-A0158"	"R09"	"R09-18"	"docs/adr/sdk/0008-v1-explicit-non-goals.md"	"b8c68b23afd8e33149f7bc0c720265eb3552dd209888baef112da08f81aa2034"	"line 3"	"第一版明确排除的能力 > Decision"	"第一版具名 Facade 不包含：task/v1/order 建单主路径"	"第一版具名 Facade 不包含：interrupt；task/v1/order 建单主路径；几何 path；阻塞 Wait* 跟单；将 devices 列表作为可调度车发现；多段 mission 编排 DSL/流程引擎；CallApiKey 轮换与过期策略。devices 列表若暴露则仅作设备查询，派车发现必须走可调度车接口。需要时可用 RawEscape 或后续版本扩展。"	"74bd62b4c52dd281194c176a7481110a95f3bfc91232ee1e5f4b573b24da5be4"	"product-capability-scope-candidate"	"unapproved-internal-adr-status-is-not-business-or-external-contract-approval"	"8005-RIoT-SDK-and-dispatch-control-integration"	"needs-product-owner-and-explicit-approval"	"document-route:R09-candidate; unit-kind:adr-decision-or-section-item; source-document-class:R09-M; ledger-history:7/23 旧编号 0009形成，7/27 迁移。无产品范围来源；列出 interrupt、建单路径、Wait、发现接口、DSL、密钥轮换等排除项。"	"none-found-within-r09-pass"	"not-approved"	"approved-product-scope-source;responsible-product-owner;named-approver;approval-date;approved-scope;version-or-sha256-binding"
"R09-A0159"	"R09"	"R09-18"	"docs/adr/sdk/0008-v1-explicit-non-goals.md"	"b8c68b23afd8e33149f7bc0c720265eb3552dd209888baef112da08f81aa2034"	"line 3"	"第一版明确排除的能力 > Decision"	"第一版具名 Facade 不包含：几何 path"	"第一版具名 Facade 不包含：interrupt；task/v1/order 建单主路径；几何 path；阻塞 Wait* 跟单；将 devices 列表作为可调度车发现；多段 mission 编排 DSL/流程引擎；CallApiKey 轮换与过期策略。devices 列表若暴露则仅作设备查询，派车发现必须走可调度车接口。需要时可用 RawEscape 或后续版本扩展。"	"7b95d8cb441f70bb03d334746bd91b52641dbf7cc1611a314dcb6dce1cc6b681"	"embedded-local-technical-design-decision"	"unapproved-internal-adr-status-is-not-business-or-external-contract-approval"	"8005-RIoT-SDK-and-dispatch-control-integration"	"exclude-from-requirement-approval"	"document-route:R09-candidate; unit-kind:adr-decision-or-section-item; source-document-class:R09-M; ledger-history:7/23 旧编号 0009形成，7/27 迁移。无产品范围来源；列出 interrupt、建单路径、Wait、发现接口、DSL、密钥轮换等排除项。"	"none-found-within-r09-pass"	"not-approved"	"authoritative-requirement-source-if-behavior-is-required;separate-technical-decision-review;named-approver;approval-date;approved-scope;version-or-sha256-binding"
"R09-A0160"	"R09"	"R09-18"	"docs/adr/sdk/0008-v1-explicit-non-goals.md"	"b8c68b23afd8e33149f7bc0c720265eb3552dd209888baef112da08f81aa2034"	"line 3"	"第一版明确排除的能力 > Decision"	"第一版具名 Facade 不包含：阻塞 Wait* 跟单"	"第一版具名 Facade 不包含：interrupt；task/v1/order 建单主路径；几何 path；阻塞 Wait* 跟单；将 devices 列表作为可调度车发现；多段 mission 编排 DSL/流程引擎；CallApiKey 轮换与过期策略。devices 列表若暴露则仅作设备查询，派车发现必须走可调度车接口。需要时可用 RawEscape 或后续版本扩展。"	"f0d5328a8cce5463a750661a71167c7b905aec9abf751d61e63e14286b2fea13"	"product-capability-scope-candidate"	"unapproved-internal-adr-status-is-not-business-or-external-contract-approval"	"8005-RIoT-SDK-and-dispatch-control-integration"	"needs-product-owner-and-explicit-approval"	"document-route:R09-candidate; unit-kind:adr-decision-or-section-item; source-document-class:R09-M; ledger-history:7/23 旧编号 0009形成，7/27 迁移。无产品范围来源；列出 interrupt、建单路径、Wait、发现接口、DSL、密钥轮换等排除项。"	"none-found-within-r09-pass"	"not-approved"	"approved-product-scope-source;responsible-product-owner;named-approver;approval-date;approved-scope;version-or-sha256-binding"
"R09-A0161"	"R09"	"R09-18"	"docs/adr/sdk/0008-v1-explicit-non-goals.md"	"b8c68b23afd8e33149f7bc0c720265eb3552dd209888baef112da08f81aa2034"	"line 3"	"第一版明确排除的能力 > Decision"	"第一版具名 Facade 不包含：将 devices 列表作为可调度车发现"	"第一版具名 Facade 不包含：interrupt；task/v1/order 建单主路径；几何 path；阻塞 Wait* 跟单；将 devices 列表作为可调度车发现；多段 mission 编排 DSL/流程引擎；CallApiKey 轮换与过期策略。devices 列表若暴露则仅作设备查询，派车发现必须走可调度车接口。需要时可用 RawEscape 或后续版本扩展。"	"82024e55f1db16decf7126647525f444e839d19246374f4de72f3b06ee9d5cac"	"product-capability-scope-candidate"	"unapproved-internal-adr-status-is-not-business-or-external-contract-approval"	"8005-RIoT-SDK-and-dispatch-control-integration"	"needs-product-owner-and-explicit-approval"	"document-route:R09-candidate; unit-kind:adr-decision-or-section-item; source-document-class:R09-M; ledger-history:7/23 旧编号 0009形成，7/27 迁移。无产品范围来源；列出 interrupt、建单路径、Wait、发现接口、DSL、密钥轮换等排除项。"	"RES-R09-002,EVID-R09-001"	"not-approved"	"approved-product-scope-source;responsible-product-owner;named-approver;approval-date;approved-scope;version-or-sha256-binding"
"R09-A0162"	"R09"	"R09-18"	"docs/adr/sdk/0008-v1-explicit-non-goals.md"	"b8c68b23afd8e33149f7bc0c720265eb3552dd209888baef112da08f81aa2034"	"line 3"	"第一版明确排除的能力 > Decision"	"第一版具名 Facade 不包含：多段 mission 编排 DSL/流程引擎"	"第一版具名 Facade 不包含：interrupt；task/v1/order 建单主路径；几何 path；阻塞 Wait* 跟单；将 devices 列表作为可调度车发现；多段 mission 编排 DSL/流程引擎；CallApiKey 轮换与过期策略。devices 列表若暴露则仅作设备查询，派车发现必须走可调度车接口。需要时可用 RawEscape 或后续版本扩展。"	"24ee8bd64b91ac33a58815b29701a7b1ed0fd1460aa99f964e76c67bd445e0e8"	"embedded-local-technical-design-decision"	"unapproved-internal-adr-status-is-not-business-or-external-contract-approval"	"8005-RIoT-SDK-and-dispatch-control-integration"	"exclude-from-requirement-approval"	"document-route:R09-candidate; unit-kind:adr-decision-or-section-item; source-document-class:R09-M; ledger-history:7/23 旧编号 0009形成，7/27 迁移。无产品范围来源；列出 interrupt、建单路径、Wait、发现接口、DSL、密钥轮换等排除项。"	"none-found-within-r09-pass"	"not-approved"	"authoritative-requirement-source-if-behavior-is-required;separate-technical-decision-review;named-approver;approval-date;approved-scope;version-or-sha256-binding"
"R09-A0163"	"R09"	"R09-18"	"docs/adr/sdk/0008-v1-explicit-non-goals.md"	"b8c68b23afd8e33149f7bc0c720265eb3552dd209888baef112da08f81aa2034"	"line 3"	"第一版明确排除的能力 > Decision"	"第一版具名 Facade 不包含：CallApiKey 轮换与过期策略。"	"第一版具名 Facade 不包含：interrupt；task/v1/order 建单主路径；几何 path；阻塞 Wait* 跟单；将 devices 列表作为可调度车发现；多段 mission 编排 DSL/流程引擎；CallApiKey 轮换与过期策略。devices 列表若暴露则仅作设备查询，派车发现必须走可调度车接口。需要时可用 RawEscape 或后续版本扩展。"	"ec60bf6208d26fbcacb1ba0e8cc27d8c3c2e52deda0fba0a7e1b4b955fbf9ba7"	"security-or-safety-boundary-candidate"	"unapproved-internal-adr-status-is-not-business-or-external-contract-approval"	"8005-RIoT-authentication-control-and-safety"	"needs-security-authority-bound-contract-and-explicit-approval"	"document-route:R09-candidate; unit-kind:adr-decision-or-section-item; source-document-class:R09-M; ledger-history:7/23 旧编号 0009形成，7/27 迁移。无产品范围来源；列出 interrupt、建单路径、Wait、发现接口、DSL、密钥轮换等排除项。"	"RES-R09-002,EVID-R09-001"	"not-approved"	"security-or-safety-owner;bound-target-environment-and-interface-contract;credential-or-call-safety-governance;named-approver;approval-date;approved-scope;version-or-sha256-binding"
"R09-A0164"	"R09"	"R09-18"	"docs/adr/sdk/0008-v1-explicit-non-goals.md"	"b8c68b23afd8e33149f7bc0c720265eb3552dd209888baef112da08f81aa2034"	"line 3"	"第一版明确排除的能力 > Decision"	"devices 列表若暴露则仅作设备查询，派车发现必须走可调度车接口。"	"第一版具名 Facade 不包含：interrupt；task/v1/order 建单主路径；几何 path；阻塞 Wait* 跟单；将 devices 列表作为可调度车发现；多段 mission 编排 DSL/流程引擎；CallApiKey 轮换与过期策略。devices 列表若暴露则仅作设备查询，派车发现必须走可调度车接口。需要时可用 RawEscape 或后续版本扩展。"	"6c7b5ab5f0f855d346b00d19b99f6dc9d16b292dfe8a2beb1490403309aaf2a2"	"external-system-contract-candidate"	"unapproved-internal-adr-status-is-not-business-or-external-contract-approval"	"8005-RIoT-SDK-and-dispatch-control-integration"	"needs-bound-external-contract-and-explicit-approval"	"document-route:R09-candidate; unit-kind:adr-decision-or-section-item; source-document-class:R09-M; ledger-history:7/23 旧编号 0009形成，7/27 迁移。无产品范围来源；列出 interrupt、建单路径、Wait、发现接口、DSL、密钥轮换等排除项。"	"RES-R09-002,EVID-R09-001"	"not-approved"	"external-system-owner-or-authorized-delegate;bound-environment-build-and-contract-hash;named-approver;approval-date;approved-scope;version-or-sha256-binding"
"R09-A0165"	"R09"	"R09-18"	"docs/adr/sdk/0008-v1-explicit-non-goals.md"	"b8c68b23afd8e33149f7bc0c720265eb3552dd209888baef112da08f81aa2034"	"line 3"	"第一版明确排除的能力 > Decision"	"需要时可用 RawEscape 或后续版本扩展。"	"第一版具名 Facade 不包含：interrupt；task/v1/order 建单主路径；几何 path；阻塞 Wait* 跟单；将 devices 列表作为可调度车发现；多段 mission 编排 DSL/流程引擎；CallApiKey 轮换与过期策略。devices 列表若暴露则仅作设备查询，派车发现必须走可调度车接口。需要时可用 RawEscape 或后续版本扩展。"	"0884dc5601f118c9ff23da1984eccba99c8939ad01b5b35785a27097a8cadf00"	"embedded-local-technical-design-decision"	"unapproved-internal-adr-status-is-not-business-or-external-contract-approval"	"8005-RIoT-SDK-and-dispatch-control-integration"	"exclude-from-requirement-approval"	"document-route:R09-candidate; unit-kind:adr-decision-or-section-item; source-document-class:R09-M; ledger-history:7/23 旧编号 0009形成，7/27 迁移。无产品范围来源；列出 interrupt、建单路径、Wait、发现接口、DSL、密钥轮换等排除项。"	"none-found-within-r09-pass"	"not-approved"	"authoritative-requirement-source-if-behavior-is-required;separate-technical-decision-review;named-approver;approval-date;approved-scope;version-or-sha256-binding"
"R09-A0166"	"R09"	"R09-18"	"docs/adr/sdk/0008-v1-explicit-non-goals.md"	"b8c68b23afd8e33149f7bc0c720265eb3552dd209888baef112da08f81aa2034"	"line 5"	"第一版明确排除的能力 > Status"	"accepted"	"**Status**: accepted"	"070c160a6299c5438070b1aa737b14fc2992ed49579c14264884886a5876f971"	"source-status-options-or-implementation-evidence"	"unapproved-internal-adr-status-is-not-business-or-external-contract-approval"	"8005-RIoT-SDK-and-dispatch-control-integration"	"evidence-only"	"document-route:R09-candidate; unit-kind:adr-decision-or-section-item; source-document-class:R09-M; ledger-history:7/23 旧编号 0009形成，7/27 迁移。无产品范围来源；列出 interrupt、建单路径、Wait、发现接口、DSL、密钥轮换等排除项。; exact-duplicate-of:R09-A0005"	"none-found-within-r09-pass"	"not-approved"	"evidence-only-not-an-approval-unit;named-approver;approval-date;approved-scope;version-or-sha256-binding"
