"candidate_id"	"batch_id"	"source_record_id"	"source_path"	"source_sha256"	"exact_location"	"section_path"	"statement_text"	"source_context"	"statement_fingerprint"	"candidate_class"	"source_claim_status"	"applicable_scope"	"baseline_route"	"duplicate_or_derivation"	"conflict_pointer"	"approval_state"	"approval_gap"
"R10-A0001"	"R10"	"R10-03"	"slots-simulator/docs/00-vision/vision-and-scope.md"	"36700686b64ef521851c866f3cdacff8676ef81fe95f7e14fe9ca4e0783d9b10"	"line 5"	"slots-simulator 愿景与范围 > 1. 背景 Background"	"多仓位 AGV 的仓位硬件（电子锁、光幕）在真实环境下开关门、放取产品都依赖人工操作。"	"多仓位 AGV 的仓位硬件（电子锁、光幕）在真实环境下开关门、放取产品都依赖人工操作。如果每次开发联调或回归测试都要人到现场手动操作，效率很低，也无法纳入自动化回归。通用的 Modbus Poll/Slave 一类工具虽然能模拟寄存器读写，但："	"e1c688d96e2cb130c7629259f8d5834ea526565024fbf26374cf0f4887d1c5cf"	"source-origin-background-or-traceability-evidence"	"review-planning-source-without-verifiable-approval-chain"	"slots-simulator-development-test-tool-only"	"source-or-traceability-evidence-only"	"document-route:R10-candidate; unit-kind:markdown-paragraph; source-document-class:SIM-REQ + MAIN-LEAD; ledger-history:H-AI; see R10 Git history, derivation and status-correction groups"	"none-found-within-r10-pass"	"not-approved"	"evidence-only-not-an-approval-unit;named-approver;approval-date;approved-scope;version-or-sha256-binding"
"R10-A0002"	"R10"	"R10-03"	"slots-simulator/docs/00-vision/vision-and-scope.md"	"36700686b64ef521851c866f3cdacff8676ef81fe95f7e14fe9ca4e0783d9b10"	"line 5"	"slots-simulator 愿景与范围 > 1. 背景 Background"	"如果每次开发联调或回归测试都要人到现场手动操作，效率很低，也无法纳入自动化回归。"	"多仓位 AGV 的仓位硬件（电子锁、光幕）在真实环境下开关门、放取产品都依赖人工操作。如果每次开发联调或回归测试都要人到现场手动操作，效率很低，也无法纳入自动化回归。通用的 Modbus Poll/Slave 一类工具虽然能模拟寄存器读写，但："	"d27bdbbbc338d52a18befe32f71ea794ba5f00bba6428e2248505449453ab39a"	"source-origin-background-or-traceability-evidence"	"review-planning-source-without-verifiable-approval-chain"	"slots-simulator-development-test-tool-only"	"source-or-traceability-evidence-only"	"document-route:R10-candidate; unit-kind:markdown-paragraph; source-document-class:SIM-REQ + MAIN-LEAD; ledger-history:H-AI; see R10 Git history, derivation and status-correction groups"	"none-found-within-r10-pass"	"not-approved"	"evidence-only-not-an-approval-unit;named-approver;approval-date;approved-scope;version-or-sha256-binding"
"R10-A0003"	"R10"	"R10-03"	"slots-simulator/docs/00-vision/vision-and-scope.md"	"36700686b64ef521851c866f3cdacff8676ef81fe95f7e14fe9ca4e0783d9b10"	"line 5"	"slots-simulator 愿景与范围 > 1. 背景 Background"	"通用的 Modbus Poll/Slave 一类工具虽然能模拟寄存器读写，但："	"多仓位 AGV 的仓位硬件（电子锁、光幕）在真实环境下开关门、放取产品都依赖人工操作。如果每次开发联调或回归测试都要人到现场手动操作，效率很低，也无法纳入自动化回归。通用的 Modbus Poll/Slave 一类工具虽然能模拟寄存器读写，但："	"1502666933714973f69c6721f7e9281bb2e6bbed0ccedc60a2e337eb9996f106"	"source-origin-background-or-traceability-evidence"	"review-planning-source-without-verifiable-approval-chain"	"slots-simulator-development-test-tool-only"	"source-or-traceability-evidence-only"	"document-route:R10-candidate; unit-kind:markdown-paragraph; source-document-class:SIM-REQ + MAIN-LEAD; ledger-history:H-AI; see R10 Git history, derivation and status-correction groups"	"GAP-R10-001"	"not-approved"	"evidence-only-not-an-approval-unit;named-approver;approval-date;approved-scope;version-or-sha256-binding"
"R10-A0004"	"R10"	"R10-03"	"slots-simulator/docs/00-vision/vision-and-scope.md"	"36700686b64ef521851c866f3cdacff8676ef81fe95f7e14fe9ca4e0783d9b10"	"line 7"	"slots-simulator 愿景与范围 > 1. 背景 Background"	"不直观——只能看寄存器数值，看不出""仓位""""锁""""门""""光幕""这些业务概念；"	"不直观——只能看寄存器数值，看不出""仓位""""锁""""门""""光幕""这些业务概念；"	"45691a53432d313c614bc78f77f34e8c11e9da729ef6ac6ae22e47aed362d922"	"source-origin-background-or-traceability-evidence"	"review-planning-source-without-verifiable-approval-chain"	"slots-simulator-development-test-tool-only"	"source-or-traceability-evidence-only"	"document-route:R10-candidate; unit-kind:markdown-flow-or-list-item; source-document-class:SIM-REQ + MAIN-LEAD; ledger-history:H-AI; see R10 Git history, derivation and status-correction groups"	"none-found-within-r10-pass"	"not-approved"	"evidence-only-not-an-approval-unit;named-approver;approval-date;approved-scope;version-or-sha256-binding"
"R10-A0005"	"R10"	"R10-03"	"slots-simulator/docs/00-vision/vision-and-scope.md"	"36700686b64ef521851c866f3cdacff8676ef81fe95f7e14fe9ca4e0783d9b10"	"line 8"	"slots-simulator 愿景与范围 > 1. 背景 Background"	"没有可编程的状态迁移和时序能力，模拟不出""开门→放料→关门""这类带业务语义的流程，也做不了异常场景（如开门后发现异物、关门后残留检测不通过）的自动化重放。"	"没有可编程的状态迁移和时序能力，模拟不出""开门→放料→关门""这类带业务语义的流程，也做不了异常场景（如开门后发现异物、关门后残留检测不通过）的自动化重放。"	"d4a35d9b3dbfe7bc4b1e52028fcaf9f39122b8f9644d8bbd8cb4338bd003c364"	"source-origin-background-or-traceability-evidence"	"review-planning-source-without-verifiable-approval-chain"	"slots-simulator-development-test-tool-only"	"source-or-traceability-evidence-only"	"document-route:R10-candidate; unit-kind:markdown-flow-or-list-item; source-document-class:SIM-REQ + MAIN-LEAD; ledger-history:H-AI; see R10 Git history, derivation and status-correction groups"	"none-found-within-r10-pass"	"not-approved"	"evidence-only-not-an-approval-unit;named-approver;approval-date;approved-scope;version-or-sha256-binding"
"R10-A0006"	"R10"	"R10-03"	"slots-simulator/docs/00-vision/vision-and-scope.md"	"36700686b64ef521851c866f3cdacff8676ef81fe95f7e14fe9ca4e0783d9b10"	"line 10"	"slots-simulator 愿景与范围 > 1. 背景 Background"	"`slots-simulator` 就是为解决这两个问题而建的仓位硬件模拟器。"	"`slots-simulator` 就是为解决这两个问题而建的仓位硬件模拟器。"	"62b9f5480493d064c7ecf6f81a337cc218aab81bc215535454b36fbc27d6cdae"	"source-origin-background-or-traceability-evidence"	"review-planning-source-without-verifiable-approval-chain"	"slots-simulator-development-test-tool-only"	"source-or-traceability-evidence-only"	"document-route:R10-candidate; unit-kind:markdown-paragraph; source-document-class:SIM-REQ + MAIN-LEAD; ledger-history:H-AI; see R10 Git history, derivation and status-correction groups"	"none-found-within-r10-pass"	"not-approved"	"evidence-only-not-an-approval-unit;named-approver;approval-date;approved-scope;version-or-sha256-binding"
"R10-A0007"	"R10"	"R10-03"	"slots-simulator/docs/00-vision/vision-and-scope.md"	"36700686b64ef521851c866f3cdacff8676ef81fe95f7e14fe9ca4e0783d9b10"	"line 14"	"slots-simulator 愿景与范围 > 2. 目的 Purpose"	"**对被测系统协议层透明**：模拟真实 IO 模块的 Modbus TCP 行为，被测系统（服务器/工控机的 IO 对接代码）连接模拟器和连接真实硬件不需要改代码。"	"**对被测系统协议层透明**：模拟真实 IO 模块的 Modbus TCP 行为，被测系统（服务器/工控机的 IO 对接代码）连接模拟器和连接真实硬件不需要改代码。"	"f9ae7057d0f5f16738455db386d37bb135412db62e8215294379597e69b27607"	"simulator-interface-or-protocol-behavior-candidate"	"review-planning-source-without-verifiable-approval-chain"	"slots-simulator-test-control-and-modbus-interface"	"needs-simulator-interface-owner-and-explicit-approval"	"document-route:R10-candidate; unit-kind:markdown-flow-or-list-item; source-document-class:SIM-REQ + MAIN-LEAD; ledger-history:H-AI; see R10 Git history, derivation and status-correction groups"	"GAP-R10-001"	"not-approved"	"simulator-interface-owner;complete-versioned-interface-or-protocol-contract;named-approver;approval-date;approved-scope;version-or-sha256-binding"
"R10-A0008"	"R10"	"R10-03"	"slots-simulator/docs/00-vision/vision-and-scope.md"	"36700686b64ef521851c866f3cdacff8676ef81fe95f7e14fe9ca4e0783d9b10"	"line 15"	"slots-simulator 愿景与范围 > 2. 目的 Purpose"	"**可视化直观**：提供图形界面，把锁状态、门状态、光幕/物体检测状态用""仓位""的形式展示出来，而不是裸寄存器数值。"	"**可视化直观**：提供图形界面，把锁状态、门状态、光幕/物体检测状态用""仓位""的形式展示出来，而不是裸寄存器数值。"	"1a9d0b914041fffee7e6bee82947b8ddc9ee90e95909e963d301fd8fafd9ef39"	"simulator-operator-ui-behavior-candidate"	"review-planning-source-without-verifiable-approval-chain"	"slots-simulator-internal-developer-ui"	"needs-simulator-product-owner-and-explicit-approval"	"document-route:R10-candidate; unit-kind:markdown-flow-or-list-item; source-document-class:SIM-REQ + MAIN-LEAD; ledger-history:H-AI; see R10 Git history, derivation and status-correction groups"	"none-found-within-r10-pass"	"not-approved"	"simulator-product-owner;approved-tool-scope-source;named-approver;approval-date;approved-scope;version-or-sha256-binding"
"R10-A0009"	"R10"	"R10-03"	"slots-simulator/docs/00-vision/vision-and-scope.md"	"36700686b64ef521851c866f3cdacff8676ef81fe95f7e14fe9ca4e0783d9b10"	"line 16"	"slots-simulator 愿景与范围 > 2. 目的 Purpose"	"**自动化测试能力**：提供独立于 Modbus 协议之外的 HTTP/JSON 控制 API，让测试脚本驱动“关门、放料、取出、故障注入/清除”等人工或环境动作。"	"**自动化测试能力**：提供独立于 Modbus 协议之外的 HTTP/JSON 控制 API，让测试脚本驱动“关门、放料、取出、故障注入/清除”等人工或环境动作。开锁必须由被测主系统通过 Modbus 写 DO 发出，成功后模拟弹簧自动弹门；控制 API 不提供开锁或开门入口。"	"56eba8120d11e58ad58f497d4f68cae715462884f6a0b38a55051d0f8aa98844"	"embedded-simulator-technical-design-choice"	"review-planning-source-without-verifiable-approval-chain"	"slots-simulator-development-test-tool-only"	"exclude-from-requirement-approval"	"document-route:R10-candidate; unit-kind:markdown-flow-or-list-item; source-document-class:SIM-REQ + MAIN-LEAD; ledger-history:H-AI; see R10 Git history, derivation and status-correction groups"	"GAP-R10-001"	"not-approved"	"separate-technical-design-review;approved-simulator-behavior-source-if-mechanism-is-mandatory;named-approver;approval-date;approved-scope;version-or-sha256-binding"
"R10-A0010"	"R10"	"R10-03"	"slots-simulator/docs/00-vision/vision-and-scope.md"	"36700686b64ef521851c866f3cdacff8676ef81fe95f7e14fe9ca4e0783d9b10"	"line 16"	"slots-simulator 愿景与范围 > 2. 目的 Purpose"	"开锁必须由被测主系统通过 Modbus 写 DO 发出，成功后模拟弹簧自动弹门；"	"**自动化测试能力**：提供独立于 Modbus 协议之外的 HTTP/JSON 控制 API，让测试脚本驱动“关门、放料、取出、故障注入/清除”等人工或环境动作。开锁必须由被测主系统通过 Modbus 写 DO 发出，成功后模拟弹簧自动弹门；控制 API 不提供开锁或开门入口。"	"9d43c967314537a3350bcce94d21f4f42a4c4137bb6544f4bed42350ca20a5a1"	"embedded-main-system-or-field-claim"	"review-planning-source-without-verifiable-approval-chain"	"8005-main-system-or-field-evidence-lead-not-simulator-approval"	"main-system-or-field-lead-evidence-only"	"document-route:R10-candidate; unit-kind:markdown-flow-or-list-item; source-document-class:SIM-REQ + MAIN-LEAD; ledger-history:H-AI; see R10 Git history, derivation and status-correction groups"	"BOUND-R10-001,EVID-R10-001,GAP-R10-001"	"not-approved"	"authoritative-main-system-source;do-not-reverse-infer-from-simulator-planning;named-approver;approval-date;approved-scope;version-or-sha256-binding"
"R10-A0011"	"R10"	"R10-03"	"slots-simulator/docs/00-vision/vision-and-scope.md"	"36700686b64ef521851c866f3cdacff8676ef81fe95f7e14fe9ca4e0783d9b10"	"line 16"	"slots-simulator 愿景与范围 > 2. 目的 Purpose"	"控制 API 不提供开锁或开门入口。"	"**自动化测试能力**：提供独立于 Modbus 协议之外的 HTTP/JSON 控制 API，让测试脚本驱动“关门、放料、取出、故障注入/清除”等人工或环境动作。开锁必须由被测主系统通过 Modbus 写 DO 发出，成功后模拟弹簧自动弹门；控制 API 不提供开锁或开门入口。"	"ba975e0fbfb93ad9048de87e9509ca960d8bed49c8c2a29e9baa8214ec2d7d09"	"simulator-interface-or-protocol-behavior-candidate"	"review-planning-source-without-verifiable-approval-chain"	"slots-simulator-test-control-and-modbus-interface"	"needs-simulator-interface-owner-and-explicit-approval"	"document-route:R10-candidate; unit-kind:markdown-flow-or-list-item; source-document-class:SIM-REQ + MAIN-LEAD; ledger-history:H-AI; see R10 Git history, derivation and status-correction groups"	"none-found-within-r10-pass"	"not-approved"	"simulator-interface-owner;complete-versioned-interface-or-protocol-contract;named-approver;approval-date;approved-scope;version-or-sha256-binding"
"R10-A0012"	"R10"	"R10-03"	"slots-simulator/docs/00-vision/vision-and-scope.md"	"36700686b64ef521851c866f3cdacff8676ef81fe95f7e14fe9ca4e0783d9b10"	"line 20"	"slots-simulator 愿景与范围 > 3. 范围 In Scope"	"**只模拟仓位 IO 这一层硬件行为**：电子锁（开锁指令 DO、锁状态 DI）、光幕（DI）。"	"**只模拟仓位 IO 这一层硬件行为**：电子锁（开锁指令 DO、锁状态 DI）、光幕（DI）。不模拟 AGV 本体的移动状态、不对接/模拟 RIOT，也不模拟 MES。"	"909a1216c16d595d6b83668a2d93bbdc24554da364c75c3bf2eafecbba1aee9b"	"simulator-interface-or-protocol-behavior-candidate"	"review-planning-source-without-verifiable-approval-chain"	"slots-simulator-test-control-and-modbus-interface"	"needs-simulator-interface-owner-and-explicit-approval"	"document-route:R10-candidate; unit-kind:markdown-flow-or-list-item; source-document-class:SIM-REQ + MAIN-LEAD; ledger-history:H-AI; see R10 Git history, derivation and status-correction groups"	"EVID-R10-001,CF-R10-001"	"not-approved"	"simulator-interface-owner;complete-versioned-interface-or-protocol-contract;named-approver;approval-date;approved-scope;version-or-sha256-binding"
"R10-A0013"	"R10"	"R10-03"	"slots-simulator/docs/00-vision/vision-and-scope.md"	"36700686b64ef521851c866f3cdacff8676ef81fe95f7e14fe9ca4e0783d9b10"	"line 20"	"slots-simulator 愿景与范围 > 3. 范围 In Scope"	"不模拟 AGV 本体的移动状态、不对接/模拟 RIOT，也不模拟 MES。"	"**只模拟仓位 IO 这一层硬件行为**：电子锁（开锁指令 DO、锁状态 DI）、光幕（DI）。不模拟 AGV 本体的移动状态、不对接/模拟 RIOT，也不模拟 MES。"	"c3e7f60124a5d8a0ba8795a05625dec08325344aeb65495e8b4f817ae5f28c34"	"simulator-capability-or-scope-candidate"	"review-planning-source-without-verifiable-approval-chain"	"slots-simulator-development-test-tool-only"	"needs-simulator-product-owner-and-explicit-approval"	"document-route:R10-candidate; unit-kind:markdown-flow-or-list-item; source-document-class:SIM-REQ + MAIN-LEAD; ledger-history:H-AI; see R10 Git history, derivation and status-correction groups"	"BOUND-R10-001"	"not-approved"	"simulator-product-owner;approved-tool-scope-source;named-approver;approval-date;approved-scope;version-or-sha256-binding"
"R10-A0014"	"R10"	"R10-03"	"slots-simulator/docs/00-vision/vision-and-scope.md"	"36700686b64ef521851c866f3cdacff8676ef81fe95f7e14fe9ca4e0783d9b10"	"line 21"	"slots-simulator 愿景与范围 > 3. 范围 In Scope"	"经确认：本项目没有""仓门开启时检测 AGV 是否移动""的硬件联锁（对应根目录 [UC-004](../../../requirement-documents/03-use-cases/uc-004-slot-door-safety-interlock.md) 描述的安全联锁），该逻辑（如果存在）属于主系统软件层的判断逻辑，不是仓位硬件本身的行为，因此不在本模拟器职责范围内，也不需要模拟器提供""AGV 是否移动""这个状态量。"	"经确认：本项目没有""仓门开启时检测 AGV 是否移动""的硬件联锁（对应根目录 [UC-004](../../../requirement-documents/03-use-cases/uc-004-slot-door-safety-interlock.md) 描述的安全联锁），该逻辑（如果存在）属于主系统软件层的判断逻辑，不是仓位硬件本身的行为，因此不在本模拟器职责范围内，也不需要模拟器提供""AGV 是否移动""这个状态量。详见 [[dr-002-simulation-scope|DR-002]]。"	"06a3e2dab4795c438b6be1d634878e4d08dacd4eb4c4b398b7c3d9578c1fa3e7"	"simulator-interface-or-protocol-behavior-candidate"	"review-planning-source-without-verifiable-approval-chain"	"slots-simulator-test-control-and-modbus-interface"	"needs-simulator-interface-owner-and-explicit-approval"	"document-route:R10-candidate; unit-kind:markdown-paragraph; source-document-class:SIM-REQ + MAIN-LEAD; ledger-history:H-AI; see R10 Git history, derivation and status-correction groups"	"BOUND-R10-001,EVID-R10-001"	"not-approved"	"simulator-interface-owner;complete-versioned-interface-or-protocol-contract;named-approver;approval-date;approved-scope;version-or-sha256-binding"
"R10-A0015"	"R10"	"R10-03"	"slots-simulator/docs/00-vision/vision-and-scope.md"	"36700686b64ef521851c866f3cdacff8676ef81fe95f7e14fe9ca4e0783d9b10"	"line 21"	"slots-simulator 愿景与范围 > 3. 范围 In Scope"	"详见 [[dr-002-simulation-scope|DR-002]]。"	"经确认：本项目没有""仓门开启时检测 AGV 是否移动""的硬件联锁（对应根目录 [UC-004](../../../requirement-documents/03-use-cases/uc-004-slot-door-safety-interlock.md) 描述的安全联锁），该逻辑（如果存在）属于主系统软件层的判断逻辑，不是仓位硬件本身的行为，因此不在本模拟器职责范围内，也不需要模拟器提供""AGV 是否移动""这个状态量。详见 [[dr-002-simulation-scope|DR-002]]。"	"f34fcc7170943c4b5b6323d3fa10d602db6d017d3d0fe81c452fb12d0f619e4f"	"simulator-capability-or-scope-candidate"	"review-planning-source-without-verifiable-approval-chain"	"slots-simulator-development-test-tool-only"	"needs-simulator-product-owner-and-explicit-approval"	"document-route:R10-candidate; unit-kind:markdown-paragraph; source-document-class:SIM-REQ + MAIN-LEAD; ledger-history:H-AI; see R10 Git history, derivation and status-correction groups"	"none-found-within-r10-pass"	"not-approved"	"simulator-product-owner;approved-tool-scope-source;named-approver;approval-date;approved-scope;version-or-sha256-binding"
"R10-A0016"	"R10"	"R10-03"	"slots-simulator/docs/00-vision/vision-and-scope.md"	"36700686b64ef521851c866f3cdacff8676ef81fe95f7e14fe9ca4e0783d9b10"	"line 22"	"slots-simulator 愿景与范围 > 3. 范围 In Scope"	"**仓位数量可配置**：不写死仓位数量（术语表中一台 AGV 8 个仓位是当前已知的典型值，但模拟器本身应支持配置任意数量，方便测试不同柜型）。"	"**仓位数量可配置**：不写死仓位数量（术语表中一台 AGV 8 个仓位是当前已知的典型值，但模拟器本身应支持配置任意数量，方便测试不同柜型）。详见 [[dr-004-configurable-slot-count|DR-004]]。"	"446000f1d03f5d38c4f564649eca43fd35ea7cf58e3e876fd4b40e4b24282cc3"	"simulator-configuration-or-validation-candidate"	"review-planning-source-without-verifiable-approval-chain"	"slots-simulator-configuration-layout-and-module-topology"	"needs-simulator-product-owner-and-explicit-approval"	"document-route:R10-candidate; unit-kind:markdown-flow-or-list-item; source-document-class:SIM-REQ + MAIN-LEAD; ledger-history:H-AI; see R10 Git history, derivation and status-correction groups"	"EVID-R10-001"	"not-approved"	"simulator-product-owner;approved-tool-scope-source;named-approver;approval-date;approved-scope;version-or-sha256-binding"
"R10-A0017"	"R10"	"R10-03"	"slots-simulator/docs/00-vision/vision-and-scope.md"	"36700686b64ef521851c866f3cdacff8676ef81fe95f7e14fe9ca4e0783d9b10"	"line 22"	"slots-simulator 愿景与范围 > 3. 范围 In Scope"	"详见 [[dr-004-configurable-slot-count|DR-004]]。"	"**仓位数量可配置**：不写死仓位数量（术语表中一台 AGV 8 个仓位是当前已知的典型值，但模拟器本身应支持配置任意数量，方便测试不同柜型）。详见 [[dr-004-configurable-slot-count|DR-004]]。"	"b297300ce8aaa64f1481f611bf472d77da5d7e0563bd8e0f4e903769f9d9dda9"	"simulator-capability-or-scope-candidate"	"review-planning-source-without-verifiable-approval-chain"	"slots-simulator-development-test-tool-only"	"needs-simulator-product-owner-and-explicit-approval"	"document-route:R10-candidate; unit-kind:markdown-flow-or-list-item; source-document-class:SIM-REQ + MAIN-LEAD; ledger-history:H-AI; see R10 Git history, derivation and status-correction groups"	"none-found-within-r10-pass"	"not-approved"	"simulator-product-owner;approved-tool-scope-source;named-approver;approval-date;approved-scope;version-or-sha256-binding"
"R10-A0018"	"R10"	"R10-03"	"slots-simulator/docs/00-vision/vision-and-scope.md"	"36700686b64ef521851c866f3cdacff8676ef81fe95f7e14fe9ca4e0783d9b10"	"line 23"	"slots-simulator 愿景与范围 > 3. 范围 In Scope"	"**协议层实现为 Modbus TCP Slave**：这是主系统 IO 模块对接代码实际使用的协议（见根目录 `requirement-documents/00-vision/vision-and-scope.md` 第 7 节""格口硬件控制""，IO 模块支持 Modbus TCP）。"	"**协议层实现为 Modbus TCP Slave**：这是主系统 IO 模块对接代码实际使用的协议（见根目录 `requirement-documents/00-vision/vision-and-scope.md` 第 7 节""格口硬件控制""，IO 模块支持 Modbus TCP）。真实设备寄存器表已经提供，首批支持 `0x01/02/03/05/06/0F/10`，核心动态寄存器为 DO、DI、DO 工作模式和 DO 脉冲宽度；仓位到""模块实例 + 通道""的项目级映射继续通过配置文件或界面配置，不写死在代码里。详见 [[dr-005-modbus-protocol-fidelity|DR-005]]、[[dr-011-full-register-table-fidelity|DR-011]]。"	"ce78a5174255f41eef8bccac99308e8409727b588841ff603b3e0916af3be431"	"simulator-interface-or-protocol-behavior-candidate"	"review-planning-source-without-verifiable-approval-chain"	"slots-simulator-test-control-and-modbus-interface"	"needs-simulator-interface-owner-and-explicit-approval"	"document-route:R10-candidate; unit-kind:markdown-flow-or-list-item; source-document-class:SIM-REQ + MAIN-LEAD; ledger-history:H-AI; see R10 Git history, derivation and status-correction groups"	"BOUND-R10-001,GAP-R10-001"	"not-approved"	"simulator-interface-owner;complete-versioned-interface-or-protocol-contract;named-approver;approval-date;approved-scope;version-or-sha256-binding"
"R10-A0019"	"R10"	"R10-03"	"slots-simulator/docs/00-vision/vision-and-scope.md"	"36700686b64ef521851c866f3cdacff8676ef81fe95f7e14fe9ca4e0783d9b10"	"line 23"	"slots-simulator 愿景与范围 > 3. 范围 In Scope"	"真实设备寄存器表已经提供，首批支持 `0x01/02/03/05/06/0F/10`，核心动态寄存器为 DO、DI、DO 工作模式和 DO 脉冲宽度；"	"**协议层实现为 Modbus TCP Slave**：这是主系统 IO 模块对接代码实际使用的协议（见根目录 `requirement-documents/00-vision/vision-and-scope.md` 第 7 节""格口硬件控制""，IO 模块支持 Modbus TCP）。真实设备寄存器表已经提供，首批支持 `0x01/02/03/05/06/0F/10`，核心动态寄存器为 DO、DI、DO 工作模式和 DO 脉冲宽度；仓位到""模块实例 + 通道""的项目级映射继续通过配置文件或界面配置，不写死在代码里。详见 [[dr-005-modbus-protocol-fidelity|DR-005]]、[[dr-011-full-register-table-fidelity|DR-011]]。"	"6e10f824512a9eae4743aad2a62f3c2946f11bfece7ae3c095d14eebe10035c0"	"embedded-vendor-derived-claim"	"review-planning-source-without-verifiable-approval-chain"	"excluded-vendor-material-and-derived-register-content"	"vendor-content-out-of-scope-evidence-only"	"document-route:R10-candidate; unit-kind:markdown-flow-or-list-item; source-document-class:SIM-REQ + MAIN-LEAD; ledger-history:H-AI; see R10 Git history, derivation and status-correction groups"	"SCOPE-R10-001"	"not-approved"	"out-of-scope-by-user-direction;do-not-use-as-current-baseline-external-constraint;named-approver;approval-date;approved-scope;version-or-sha256-binding"
"R10-A0020"	"R10"	"R10-03"	"slots-simulator/docs/00-vision/vision-and-scope.md"	"36700686b64ef521851c866f3cdacff8676ef81fe95f7e14fe9ca4e0783d9b10"	"line 23"	"slots-simulator 愿景与范围 > 3. 范围 In Scope"	"仓位到""模块实例 + 通道""的项目级映射继续通过配置文件或界面配置，不写死在代码里。"	"**协议层实现为 Modbus TCP Slave**：这是主系统 IO 模块对接代码实际使用的协议（见根目录 `requirement-documents/00-vision/vision-and-scope.md` 第 7 节""格口硬件控制""，IO 模块支持 Modbus TCP）。真实设备寄存器表已经提供，首批支持 `0x01/02/03/05/06/0F/10`，核心动态寄存器为 DO、DI、DO 工作模式和 DO 脉冲宽度；仓位到""模块实例 + 通道""的项目级映射继续通过配置文件或界面配置，不写死在代码里。详见 [[dr-005-modbus-protocol-fidelity|DR-005]]、[[dr-011-full-register-table-fidelity|DR-011]]。"	"72df2848809bf046c3ab3112e5b3ae9d5f1f27e6f8ceb7abc30ea839209beac7"	"embedded-simulator-technical-design-choice"	"review-planning-source-without-verifiable-approval-chain"	"slots-simulator-development-test-tool-only"	"exclude-from-requirement-approval"	"document-route:R10-candidate; unit-kind:markdown-flow-or-list-item; source-document-class:SIM-REQ + MAIN-LEAD; ledger-history:H-AI; see R10 Git history, derivation and status-correction groups"	"none-found-within-r10-pass"	"not-approved"	"separate-technical-design-review;approved-simulator-behavior-source-if-mechanism-is-mandatory;named-approver;approval-date;approved-scope;version-or-sha256-binding"
"R10-A0021"	"R10"	"R10-03"	"slots-simulator/docs/00-vision/vision-and-scope.md"	"36700686b64ef521851c866f3cdacff8676ef81fe95f7e14fe9ca4e0783d9b10"	"line 23"	"slots-simulator 愿景与范围 > 3. 范围 In Scope"	"详见 [[dr-005-modbus-protocol-fidelity|DR-005]]、[[dr-011-full-register-table-fidelity|DR-011]]。"	"**协议层实现为 Modbus TCP Slave**：这是主系统 IO 模块对接代码实际使用的协议（见根目录 `requirement-documents/00-vision/vision-and-scope.md` 第 7 节""格口硬件控制""，IO 模块支持 Modbus TCP）。真实设备寄存器表已经提供，首批支持 `0x01/02/03/05/06/0F/10`，核心动态寄存器为 DO、DI、DO 工作模式和 DO 脉冲宽度；仓位到""模块实例 + 通道""的项目级映射继续通过配置文件或界面配置，不写死在代码里。详见 [[dr-005-modbus-protocol-fidelity|DR-005]]、[[dr-011-full-register-table-fidelity|DR-011]]。"	"46775dfd4362834f55fc86b6c3d58b6b4cdd69d39a0807ecfe9d3500f5774820"	"simulator-interface-or-protocol-behavior-candidate"	"review-planning-source-without-verifiable-approval-chain"	"slots-simulator-test-control-and-modbus-interface"	"needs-simulator-interface-owner-and-explicit-approval"	"document-route:R10-candidate; unit-kind:markdown-flow-or-list-item; source-document-class:SIM-REQ + MAIN-LEAD; ledger-history:H-AI; see R10 Git history, derivation and status-correction groups"	"GAP-R10-001"	"not-approved"	"simulator-interface-owner;complete-versioned-interface-or-protocol-contract;named-approver;approval-date;approved-scope;version-or-sha256-binding"
"R10-A0022"	"R10"	"R10-03"	"slots-simulator/docs/00-vision/vision-and-scope.md"	"36700686b64ef521851c866f3cdacff8676ef81fe95f7e14fe9ca4e0783d9b10"	"line 24"	"slots-simulator 愿景与范围 > 3. 范围 In Scope"	"**单实例对应单台 AGV**：一个模拟器进程实例模拟一台 AGV 的全部仓位；"	"**单实例对应单台 AGV**：一个模拟器进程实例模拟一台 AGV 的全部仓位；如需同时模拟多台 AGV，通过启动多个独立实例（各自不同端口/配置）实现，不在单个实例内部做多 AGV 建模。详见 [[dr-007-multi-agv-support|DR-007]]。"	"c239fa92852cdf63b186778ef68fab7e3aed61f5c645644bcbcd71a1a646ce0c"	"embedded-simulator-technical-design-choice"	"review-planning-source-without-verifiable-approval-chain"	"slots-simulator-development-test-tool-only"	"exclude-from-requirement-approval"	"document-route:R10-candidate; unit-kind:markdown-flow-or-list-item; source-document-class:SIM-REQ + MAIN-LEAD; ledger-history:H-AI; see R10 Git history, derivation and status-correction groups"	"none-found-within-r10-pass"	"not-approved"	"separate-technical-design-review;approved-simulator-behavior-source-if-mechanism-is-mandatory;named-approver;approval-date;approved-scope;version-or-sha256-binding"
"R10-A0023"	"R10"	"R10-03"	"slots-simulator/docs/00-vision/vision-and-scope.md"	"36700686b64ef521851c866f3cdacff8676ef81fe95f7e14fe9ca4e0783d9b10"	"line 24"	"slots-simulator 愿景与范围 > 3. 范围 In Scope"	"如需同时模拟多台 AGV，通过启动多个独立实例（各自不同端口/配置）实现，不在单个实例内部做多 AGV 建模。"	"**单实例对应单台 AGV**：一个模拟器进程实例模拟一台 AGV 的全部仓位；如需同时模拟多台 AGV，通过启动多个独立实例（各自不同端口/配置）实现，不在单个实例内部做多 AGV 建模。详见 [[dr-007-multi-agv-support|DR-007]]。"	"c870365a8b7ab92137b91e91ef316a4629586eb7217fe1efa38c58ebfa60efcf"	"simulator-configuration-or-validation-candidate"	"review-planning-source-without-verifiable-approval-chain"	"slots-simulator-configuration-layout-and-module-topology"	"needs-simulator-product-owner-and-explicit-approval"	"document-route:R10-candidate; unit-kind:markdown-flow-or-list-item; source-document-class:SIM-REQ + MAIN-LEAD; ledger-history:H-AI; see R10 Git history, derivation and status-correction groups"	"none-found-within-r10-pass"	"not-approved"	"simulator-product-owner;approved-tool-scope-source;named-approver;approval-date;approved-scope;version-or-sha256-binding"
"R10-A0024"	"R10"	"R10-03"	"slots-simulator/docs/00-vision/vision-and-scope.md"	"36700686b64ef521851c866f3cdacff8676ef81fe95f7e14fe9ca4e0783d9b10"	"line 24"	"slots-simulator 愿景与范围 > 3. 范围 In Scope"	"详见 [[dr-007-multi-agv-support|DR-007]]。"	"**单实例对应单台 AGV**：一个模拟器进程实例模拟一台 AGV 的全部仓位；如需同时模拟多台 AGV，通过启动多个独立实例（各自不同端口/配置）实现，不在单个实例内部做多 AGV 建模。详见 [[dr-007-multi-agv-support|DR-007]]。"	"8fbe36e4ff118c8b4011d7296515e3a64ab4a4b1b0e644361602c3d0c00663c5"	"simulator-capability-or-scope-candidate"	"review-planning-source-without-verifiable-approval-chain"	"slots-simulator-development-test-tool-only"	"needs-simulator-product-owner-and-explicit-approval"	"document-route:R10-candidate; unit-kind:markdown-flow-or-list-item; source-document-class:SIM-REQ + MAIN-LEAD; ledger-history:H-AI; see R10 Git history, derivation and status-correction groups"	"none-found-within-r10-pass"	"not-approved"	"simulator-product-owner;approved-tool-scope-source;named-approver;approval-date;approved-scope;version-or-sha256-binding"
"R10-A0025"	"R10"	"R10-03"	"slots-simulator/docs/00-vision/vision-and-scope.md"	"36700686b64ef521851c866f3cdacff8676ef81fe95f7e14fe9ca4e0783d9b10"	"line 25"	"slots-simulator 愿景与范围 > 3. 范围 In Scope"	"**业务场景覆盖**：模拟器需要能够支撑以下根目录 UC 涉及的仓位硬件状态变化（包括正常流程和异常分支），具体功能点见 [`01-requirements/`](../01-requirements/README.md)："	"**业务场景覆盖**：模拟器需要能够支撑以下根目录 UC 涉及的仓位硬件状态变化（包括正常流程和异常分支），具体功能点见 [`01-requirements/`](../01-requirements/README.md)："	"3b02f8234cde11f41471bc84b17018e8867d952c705961d171af0a78cf640d69"	"simulator-slot-behavior-or-fault-stimulus-candidate"	"review-planning-source-without-verifiable-approval-chain"	"slots-simulator-development-test-tool-only"	"needs-simulator-hardware-behavior-owner-and-explicit-approval"	"document-route:R10-candidate; unit-kind:markdown-flow-or-list-item; source-document-class:SIM-REQ + MAIN-LEAD; ledger-history:H-AI; see R10 Git history, derivation and status-correction groups"	"none-found-within-r10-pass"	"not-approved"	"simulator-hardware-behavior-owner;bound-8005-field-evidence-and-polarity-normalization;named-approver;approval-date;approved-scope;version-or-sha256-binding"
"R10-A0026"	"R10"	"R10-03"	"slots-simulator/docs/00-vision/vision-and-scope.md"	"36700686b64ef521851c866f3cdacff8676ef81fe95f7e14fe9ca4e0783d9b10"	"line 26"	"slots-simulator 愿景与范围 > 3. 范围 In Scope"	"[UC-001 放入完工产品到仓位](../../../requirement-documents/03-use-cases/uc-001-load-completed-lot-into-slot.md)（含硬件相关异常：仓位不足；"	"[UC-001 放入完工产品到仓位](../../../requirement-documents/03-use-cases/uc-001-load-completed-lot-into-slot.md)（含硬件相关异常：仓位不足；系统记录空闲但开门后实际有物，即""误放""；E4.1 关门后未检测到产品；开锁失败；长时间不关门的硬件条件）"	"1f3e81251897d109360e8e01765b67f32fdc776e2d092788cb4b7553ea91443e"	"simulator-interface-or-protocol-behavior-candidate"	"review-planning-source-without-verifiable-approval-chain"	"slots-simulator-test-control-and-modbus-interface"	"needs-simulator-interface-owner-and-explicit-approval"	"document-route:R10-candidate; unit-kind:markdown-flow-or-list-item; source-document-class:SIM-REQ + MAIN-LEAD; ledger-history:H-AI; see R10 Git history, derivation and status-correction groups"	"BOUND-R10-001"	"not-approved"	"simulator-interface-owner;complete-versioned-interface-or-protocol-contract;named-approver;approval-date;approved-scope;version-or-sha256-binding"
"R10-A0027"	"R10"	"R10-03"	"slots-simulator/docs/00-vision/vision-and-scope.md"	"36700686b64ef521851c866f3cdacff8676ef81fe95f7e14fe9ca4e0783d9b10"	"line 26"	"slots-simulator 愿景与范围 > 3. 范围 In Scope"	"系统记录空闲但开门后实际有物，即""误放""；"	"[UC-001 放入完工产品到仓位](../../../requirement-documents/03-use-cases/uc-001-load-completed-lot-into-slot.md)（含硬件相关异常：仓位不足；系统记录空闲但开门后实际有物，即""误放""；E4.1 关门后未检测到产品；开锁失败；长时间不关门的硬件条件）"	"33d1a286ffbb6dc8e5f46d0af70c8fdc8cd6bbbc7e127402a36775935baacdd5"	"simulator-capability-or-scope-candidate"	"review-planning-source-without-verifiable-approval-chain"	"slots-simulator-development-test-tool-only"	"needs-simulator-product-owner-and-explicit-approval"	"document-route:R10-candidate; unit-kind:markdown-flow-or-list-item; source-document-class:SIM-REQ + MAIN-LEAD; ledger-history:H-AI; see R10 Git history, derivation and status-correction groups"	"none-found-within-r10-pass"	"not-approved"	"simulator-product-owner;approved-tool-scope-source;named-approver;approval-date;approved-scope;version-or-sha256-binding"
"R10-A0028"	"R10"	"R10-03"	"slots-simulator/docs/00-vision/vision-and-scope.md"	"36700686b64ef521851c866f3cdacff8676ef81fe95f7e14fe9ca4e0783d9b10"	"line 26"	"slots-simulator 愿景与范围 > 3. 范围 In Scope"	"E4.1 关门后未检测到产品；"	"[UC-001 放入完工产品到仓位](../../../requirement-documents/03-use-cases/uc-001-load-completed-lot-into-slot.md)（含硬件相关异常：仓位不足；系统记录空闲但开门后实际有物，即""误放""；E4.1 关门后未检测到产品；开锁失败；长时间不关门的硬件条件）"	"dfb19c105af84d23744638a6739c3f6c6251be11d9f9405df9ac4e37230f6579"	"simulator-slot-behavior-or-fault-stimulus-candidate"	"review-planning-source-without-verifiable-approval-chain"	"slots-simulator-development-test-tool-only"	"needs-simulator-hardware-behavior-owner-and-explicit-approval"	"document-route:R10-candidate; unit-kind:markdown-flow-or-list-item; source-document-class:SIM-REQ + MAIN-LEAD; ledger-history:H-AI; see R10 Git history, derivation and status-correction groups"	"none-found-within-r10-pass"	"not-approved"	"simulator-hardware-behavior-owner;bound-8005-field-evidence-and-polarity-normalization;named-approver;approval-date;approved-scope;version-or-sha256-binding"
"R10-A0029"	"R10"	"R10-03"	"slots-simulator/docs/00-vision/vision-and-scope.md"	"36700686b64ef521851c866f3cdacff8676ef81fe95f7e14fe9ca4e0783d9b10"	"line 26"	"slots-simulator 愿景与范围 > 3. 范围 In Scope"	"开锁失败；"	"[UC-001 放入完工产品到仓位](../../../requirement-documents/03-use-cases/uc-001-load-completed-lot-into-slot.md)（含硬件相关异常：仓位不足；系统记录空闲但开门后实际有物，即""误放""；E4.1 关门后未检测到产品；开锁失败；长时间不关门的硬件条件）"	"697dde886c25abf5245ec7a56bb87a77185c0929245e7867a60447fee18f8795"	"simulator-slot-behavior-or-fault-stimulus-candidate"	"review-planning-source-without-verifiable-approval-chain"	"slots-simulator-development-test-tool-only"	"needs-simulator-hardware-behavior-owner-and-explicit-approval"	"document-route:R10-candidate; unit-kind:markdown-flow-or-list-item; source-document-class:SIM-REQ + MAIN-LEAD; ledger-history:H-AI; see R10 Git history, derivation and status-correction groups"	"CF-R10-001"	"not-approved"	"simulator-hardware-behavior-owner;bound-8005-field-evidence-and-polarity-normalization;named-approver;approval-date;approved-scope;version-or-sha256-binding"
"R10-A0030"	"R10"	"R10-03"	"slots-simulator/docs/00-vision/vision-and-scope.md"	"36700686b64ef521851c866f3cdacff8676ef81fe95f7e14fe9ca4e0783d9b10"	"line 26"	"slots-simulator 愿景与范围 > 3. 范围 In Scope"	"长时间不关门的硬件条件）"	"[UC-001 放入完工产品到仓位](../../../requirement-documents/03-use-cases/uc-001-load-completed-lot-into-slot.md)（含硬件相关异常：仓位不足；系统记录空闲但开门后实际有物，即""误放""；E4.1 关门后未检测到产品；开锁失败；长时间不关门的硬件条件）"	"db3db4fa4d62fc6fa3cbba9fa5fb23bc3d41887430538c66f0a31fda09505351"	"simulator-slot-behavior-or-fault-stimulus-candidate"	"review-planning-source-without-verifiable-approval-chain"	"slots-simulator-development-test-tool-only"	"needs-simulator-hardware-behavior-owner-and-explicit-approval"	"document-route:R10-candidate; unit-kind:markdown-flow-or-list-item; source-document-class:SIM-REQ + MAIN-LEAD; ledger-history:H-AI; see R10 Git history, derivation and status-correction groups"	"none-found-within-r10-pass"	"not-approved"	"simulator-hardware-behavior-owner;bound-8005-field-evidence-and-polarity-normalization;named-approver;approval-date;approved-scope;version-or-sha256-binding"
"R10-A0031"	"R10"	"R10-03"	"slots-simulator/docs/00-vision/vision-and-scope.md"	"36700686b64ef521851c866f3cdacff8676ef81fe95f7e14fe9ca4e0783d9b10"	"line 27"	"slots-simulator 愿景与范围 > 3. 范围 In Scope"	"[UC-002 确认任务完成](../../../requirement-documents/03-use-cases/uc-002-confirm-task-completion.md)（不直接操作仓位 IO；"	"[UC-002 确认任务完成](../../../requirement-documents/03-use-cases/uc-002-confirm-task-completion.md)（不直接操作仓位 IO；通过批量设置仓位实际光幕遮挡、由光幕 DI 推导待确认的占用组合）"	"9a61f2109cee7dccdbef62d13a28411b9e358058a866073cd03da669bce140f5"	"simulator-interface-or-protocol-behavior-candidate"	"review-planning-source-without-verifiable-approval-chain"	"slots-simulator-test-control-and-modbus-interface"	"needs-simulator-interface-owner-and-explicit-approval"	"document-route:R10-candidate; unit-kind:markdown-flow-or-list-item; source-document-class:SIM-REQ + MAIN-LEAD; ledger-history:H-AI; see R10 Git history, derivation and status-correction groups"	"BOUND-R10-001"	"not-approved"	"simulator-interface-owner;complete-versioned-interface-or-protocol-contract;named-approver;approval-date;approved-scope;version-or-sha256-binding"
"R10-A0032"	"R10"	"R10-03"	"slots-simulator/docs/00-vision/vision-and-scope.md"	"36700686b64ef521851c866f3cdacff8676ef81fe95f7e14fe9ca4e0783d9b10"	"line 27"	"slots-simulator 愿景与范围 > 3. 范围 In Scope"	"通过批量设置仓位实际光幕遮挡、由光幕 DI 推导待确认的占用组合）"	"[UC-002 确认任务完成](../../../requirement-documents/03-use-cases/uc-002-confirm-task-completion.md)（不直接操作仓位 IO；通过批量设置仓位实际光幕遮挡、由光幕 DI 推导待确认的占用组合）"	"1a96cbc3dd61fbc29afb04533b7a42140ae12c9a5b1d32b45cf903bd4034edc3"	"simulator-interface-or-protocol-behavior-candidate"	"review-planning-source-without-verifiable-approval-chain"	"slots-simulator-test-control-and-modbus-interface"	"needs-simulator-interface-owner-and-explicit-approval"	"document-route:R10-candidate; unit-kind:markdown-flow-or-list-item; source-document-class:SIM-REQ + MAIN-LEAD; ledger-history:H-AI; see R10 Git history, derivation and status-correction groups"	"EVID-R10-001"	"not-approved"	"simulator-interface-owner;complete-versioned-interface-or-protocol-contract;named-approver;approval-date;approved-scope;version-or-sha256-binding"
"R10-A0033"	"R10"	"R10-03"	"slots-simulator/docs/00-vision/vision-and-scope.md"	"36700686b64ef521851c866f3cdacff8676ef81fe95f7e14fe9ca4e0783d9b10"	"line 28"	"slots-simulator 愿景与范围 > 3. 范围 In Scope"	"[UC-005 取出仓位中存错的产品](../../../requirement-documents/03-use-cases/uc-005-retrieve-mis-stored-product-from-slot.md)（重新开锁开门、取出、状态回滚）"	"[UC-005 取出仓位中存错的产品](../../../requirement-documents/03-use-cases/uc-005-retrieve-mis-stored-product-from-slot.md)（重新开锁开门、取出、状态回滚）"	"ebcb6bf2cc5b86458223cff5db6978f5ad0e4233a6c44050950dcce1b2a67958"	"simulator-interface-or-protocol-behavior-candidate"	"review-planning-source-without-verifiable-approval-chain"	"slots-simulator-test-control-and-modbus-interface"	"needs-simulator-interface-owner-and-explicit-approval"	"document-route:R10-candidate; unit-kind:markdown-flow-or-list-item; source-document-class:SIM-REQ + MAIN-LEAD; ledger-history:H-AI; see R10 Git history, derivation and status-correction groups"	"BOUND-R10-001"	"not-approved"	"simulator-interface-owner;complete-versioned-interface-or-protocol-contract;named-approver;approval-date;approved-scope;version-or-sha256-binding"
"R10-A0034"	"R10"	"R10-03"	"slots-simulator/docs/00-vision/vision-and-scope.md"	"36700686b64ef521851c866f3cdacff8676ef81fe95f7e14fe9ca4e0783d9b10"	"line 29"	"slots-simulator 愿景与范围 > 3. 范围 In Scope"	"[UC-006 到站后取消运送任务](../../../requirement-documents/03-use-cases/uc-006-cancel-transport-task-upon-arrival.md)（本身不涉及仓位 IO；"	"[UC-006 到站后取消运送任务](../../../requirement-documents/03-use-cases/uc-006-cancel-transport-task-upon-arrival.md)（本身不涉及仓位 IO；通过""全空闲"" API 构造所有光幕无遮挡的硬件前置状态）"	"1393f2ed57d19896fcc764b7c057f37058a8a9107065136abebfb468ba359740"	"simulator-interface-or-protocol-behavior-candidate"	"review-planning-source-without-verifiable-approval-chain"	"slots-simulator-test-control-and-modbus-interface"	"needs-simulator-interface-owner-and-explicit-approval"	"document-route:R10-candidate; unit-kind:markdown-flow-or-list-item; source-document-class:SIM-REQ + MAIN-LEAD; ledger-history:H-AI; see R10 Git history, derivation and status-correction groups"	"BOUND-R10-001"	"not-approved"	"simulator-interface-owner;complete-versioned-interface-or-protocol-contract;named-approver;approval-date;approved-scope;version-or-sha256-binding"
"R10-A0035"	"R10"	"R10-03"	"slots-simulator/docs/00-vision/vision-and-scope.md"	"36700686b64ef521851c866f3cdacff8676ef81fe95f7e14fe9ca4e0783d9b10"	"line 29"	"slots-simulator 愿景与范围 > 3. 范围 In Scope"	"通过""全空闲"" API 构造所有光幕无遮挡的硬件前置状态）"	"[UC-006 到站后取消运送任务](../../../requirement-documents/03-use-cases/uc-006-cancel-transport-task-upon-arrival.md)（本身不涉及仓位 IO；通过""全空闲"" API 构造所有光幕无遮挡的硬件前置状态）"	"f3eb5bd7d18adfd3c619ce4e37004bfec3e4726074c6904493bccefdd5752b1c"	"simulator-slot-behavior-or-fault-stimulus-candidate"	"review-planning-source-without-verifiable-approval-chain"	"slots-simulator-development-test-tool-only"	"needs-simulator-hardware-behavior-owner-and-explicit-approval"	"document-route:R10-candidate; unit-kind:markdown-flow-or-list-item; source-document-class:SIM-REQ + MAIN-LEAD; ledger-history:H-AI; see R10 Git history, derivation and status-correction groups"	"none-found-within-r10-pass"	"not-approved"	"simulator-hardware-behavior-owner;bound-8005-field-evidence-and-polarity-normalization;named-approver;approval-date;approved-scope;version-or-sha256-binding"
"R10-A0036"	"R10"	"R10-03"	"slots-simulator/docs/00-vision/vision-and-scope.md"	"36700686b64ef521851c866f3cdacff8676ef81fe95f7e14fe9ca4e0783d9b10"	"line 30"	"slots-simulator 愿景与范围 > 3. 范围 In Scope"	"[UC-010 终点站取出产品存料](../../../requirement-documents/03-use-cases/uc-010-unload-completed-lot-at-destination-station.md)（模拟器通过 Modbus 开锁后自动弹门，并提供取出、关门、光幕变化及故障；"	"[UC-010 终点站取出产品存料](../../../requirement-documents/03-use-cases/uc-010-unload-completed-lot-at-destination-station.md)（模拟器通过 Modbus 开锁后自动弹门，并提供取出、关门、光幕变化及故障；按站点筛选仓位、任务/映射维护和确认完成由主系统负责）。详见 [[dr-003-first-batch-scenarios|DR-003]]"	"ed4ee9722e6c50035a935310d427762c67b9b457dad5d3f24c38157c21d0a95d"	"simulator-interface-or-protocol-behavior-candidate"	"review-planning-source-without-verifiable-approval-chain"	"slots-simulator-test-control-and-modbus-interface"	"needs-simulator-interface-owner-and-explicit-approval"	"document-route:R10-candidate; unit-kind:markdown-flow-or-list-item; source-document-class:SIM-REQ + MAIN-LEAD; ledger-history:H-AI; see R10 Git history, derivation and status-correction groups"	"BOUND-R10-001,GAP-R10-001"	"not-approved"	"simulator-interface-owner;complete-versioned-interface-or-protocol-contract;named-approver;approval-date;approved-scope;version-or-sha256-binding"
"R10-A0037"	"R10"	"R10-03"	"slots-simulator/docs/00-vision/vision-and-scope.md"	"36700686b64ef521851c866f3cdacff8676ef81fe95f7e14fe9ca4e0783d9b10"	"line 30"	"slots-simulator 愿景与范围 > 3. 范围 In Scope"	"按站点筛选仓位、任务/映射维护和确认完成由主系统负责）。"	"[UC-010 终点站取出产品存料](../../../requirement-documents/03-use-cases/uc-010-unload-completed-lot-at-destination-station.md)（模拟器通过 Modbus 开锁后自动弹门，并提供取出、关门、光幕变化及故障；按站点筛选仓位、任务/映射维护和确认完成由主系统负责）。详见 [[dr-003-first-batch-scenarios|DR-003]]"	"7cfadf85d4e0ea40438fbf31aadcd465d668d271369d39d66e5e134c3fd20cfd"	"embedded-main-system-or-field-claim"	"review-planning-source-without-verifiable-approval-chain"	"8005-main-system-or-field-evidence-lead-not-simulator-approval"	"main-system-or-field-lead-evidence-only"	"document-route:R10-candidate; unit-kind:markdown-flow-or-list-item; source-document-class:SIM-REQ + MAIN-LEAD; ledger-history:H-AI; see R10 Git history, derivation and status-correction groups"	"BOUND-R10-001"	"not-approved"	"authoritative-main-system-source;do-not-reverse-infer-from-simulator-planning;named-approver;approval-date;approved-scope;version-or-sha256-binding"
"R10-A0038"	"R10"	"R10-03"	"slots-simulator/docs/00-vision/vision-and-scope.md"	"36700686b64ef521851c866f3cdacff8676ef81fe95f7e14fe9ca4e0783d9b10"	"line 30"	"slots-simulator 愿景与范围 > 3. 范围 In Scope"	"详见 [[dr-003-first-batch-scenarios|DR-003]]"	"[UC-010 终点站取出产品存料](../../../requirement-documents/03-use-cases/uc-010-unload-completed-lot-at-destination-station.md)（模拟器通过 Modbus 开锁后自动弹门，并提供取出、关门、光幕变化及故障；按站点筛选仓位、任务/映射维护和确认完成由主系统负责）。详见 [[dr-003-first-batch-scenarios|DR-003]]"	"0b441531680b884eb0574725ed388e773c09de4001fe1076f1f9824dd53c07d5"	"simulator-capability-or-scope-candidate"	"review-planning-source-without-verifiable-approval-chain"	"slots-simulator-development-test-tool-only"	"needs-simulator-product-owner-and-explicit-approval"	"document-route:R10-candidate; unit-kind:markdown-flow-or-list-item; source-document-class:SIM-REQ + MAIN-LEAD; ledger-history:H-AI; see R10 Git history, derivation and status-correction groups"	"none-found-within-r10-pass"	"not-approved"	"simulator-product-owner;approved-tool-scope-source;named-approver;approval-date;approved-scope;version-or-sha256-binding"
"R10-A0039"	"R10"	"R10-03"	"slots-simulator/docs/00-vision/vision-and-scope.md"	"36700686b64ef521851c866f3cdacff8676ef81fe95f7e14fe9ca4e0783d9b10"	"line 31"	"slots-simulator 愿景与范围 > 3. 范围 In Scope"	"**自动化控制能力**：提供默认仅监听 `localhost` 的 HTTP/JSON API，供脚本驱动人工/环境动作、批量光幕设置、全空闲、完整 reset，以及故障注入和清除；"	"**自动化控制能力**：提供默认仅监听 `localhost` 的 HTTP/JSON API，供脚本驱动人工/环境动作、批量光幕设置、全空闲、完整 reset，以及故障注入和清除；不提供开锁 API。"	"7df3ceb1c9de3837d89b47fab2471c12f4c00bbe420dbfa9dcb6af8e4abaaf4e"	"embedded-simulator-technical-design-choice"	"review-planning-source-without-verifiable-approval-chain"	"slots-simulator-development-test-tool-only"	"exclude-from-requirement-approval"	"document-route:R10-candidate; unit-kind:markdown-flow-or-list-item; source-document-class:SIM-REQ + MAIN-LEAD; ledger-history:H-AI; see R10 Git history, derivation and status-correction groups"	"none-found-within-r10-pass"	"not-approved"	"separate-technical-design-review;approved-simulator-behavior-source-if-mechanism-is-mandatory;named-approver;approval-date;approved-scope;version-or-sha256-binding"
"R10-A0040"	"R10"	"R10-03"	"slots-simulator/docs/00-vision/vision-and-scope.md"	"36700686b64ef521851c866f3cdacff8676ef81fe95f7e14fe9ca4e0783d9b10"	"line 31"	"slots-simulator 愿景与范围 > 3. 范围 In Scope"	"不提供开锁 API。"	"**自动化控制能力**：提供默认仅监听 `localhost` 的 HTTP/JSON API，供脚本驱动人工/环境动作、批量光幕设置、全空闲、完整 reset，以及故障注入和清除；不提供开锁 API。"	"e54dba472e2aab889e8a455e0d5b94fb11c58d688c2a30ea31960707d9260518"	"simulator-slot-behavior-or-fault-stimulus-candidate"	"review-planning-source-without-verifiable-approval-chain"	"slots-simulator-development-test-tool-only"	"needs-simulator-hardware-behavior-owner-and-explicit-approval"	"document-route:R10-candidate; unit-kind:markdown-flow-or-list-item; source-document-class:SIM-REQ + MAIN-LEAD; ledger-history:H-AI; see R10 Git history, derivation and status-correction groups"	"none-found-within-r10-pass"	"not-approved"	"simulator-hardware-behavior-owner;bound-8005-field-evidence-and-polarity-normalization;named-approver;approval-date;approved-scope;version-or-sha256-binding"
"R10-A0041"	"R10"	"R10-03"	"slots-simulator/docs/00-vision/vision-and-scope.md"	"36700686b64ef521851c866f3cdacff8676ef81fe95f7e14fe9ca4e0783d9b10"	"line 32"	"slots-simulator 愿景与范围 > 3. 范围 In Scope"	"**可视化面板（WPF）**：供开发自测/日常联调查看和操作仓位状态，并完整编辑 JSON 配置；"	"**可视化面板（WPF）**：供开发自测/日常联调查看和操作仓位状态，并完整编辑 JSON 配置；配置经 JSON Schema 和语义校验后原子热重载。界面按可配置版面布局渲染，不追求美观度，仅内部使用。"	"c83e0a6b619fb782a2349d8d520dc7d691fa7270fe219311ed29418b6b35b789"	"embedded-simulator-technical-design-choice"	"review-planning-source-without-verifiable-approval-chain"	"slots-simulator-development-test-tool-only"	"exclude-from-requirement-approval"	"document-route:R10-candidate; unit-kind:markdown-flow-or-list-item; source-document-class:SIM-REQ + MAIN-LEAD; ledger-history:H-AI; see R10 Git history, derivation and status-correction groups"	"none-found-within-r10-pass"	"not-approved"	"separate-technical-design-review;approved-simulator-behavior-source-if-mechanism-is-mandatory;named-approver;approval-date;approved-scope;version-or-sha256-binding"
"R10-A0042"	"R10"	"R10-03"	"slots-simulator/docs/00-vision/vision-and-scope.md"	"36700686b64ef521851c866f3cdacff8676ef81fe95f7e14fe9ca4e0783d9b10"	"line 32"	"slots-simulator 愿景与范围 > 3. 范围 In Scope"	"配置经 JSON Schema 和语义校验后原子热重载。"	"**可视化面板（WPF）**：供开发自测/日常联调查看和操作仓位状态，并完整编辑 JSON 配置；配置经 JSON Schema 和语义校验后原子热重载。界面按可配置版面布局渲染，不追求美观度，仅内部使用。"	"a9c87c281272d9cea7de9699ad7f4206482bfb440cd260d0087fe25085ede26d"	"embedded-simulator-technical-design-choice"	"review-planning-source-without-verifiable-approval-chain"	"slots-simulator-development-test-tool-only"	"exclude-from-requirement-approval"	"document-route:R10-candidate; unit-kind:markdown-flow-or-list-item; source-document-class:SIM-REQ + MAIN-LEAD; ledger-history:H-AI; see R10 Git history, derivation and status-correction groups"	"none-found-within-r10-pass"	"not-approved"	"separate-technical-design-review;approved-simulator-behavior-source-if-mechanism-is-mandatory;named-approver;approval-date;approved-scope;version-or-sha256-binding"
"R10-A0043"	"R10"	"R10-03"	"slots-simulator/docs/00-vision/vision-and-scope.md"	"36700686b64ef521851c866f3cdacff8676ef81fe95f7e14fe9ca4e0783d9b10"	"line 32"	"slots-simulator 愿景与范围 > 3. 范围 In Scope"	"界面按可配置版面布局渲染，不追求美观度，仅内部使用。"	"**可视化面板（WPF）**：供开发自测/日常联调查看和操作仓位状态，并完整编辑 JSON 配置；配置经 JSON Schema 和语义校验后原子热重载。界面按可配置版面布局渲染，不追求美观度，仅内部使用。"	"7d573749769bc360bc5b561ccca3470236d2bcc9cbee21920d25ed8a56ed8c53"	"simulator-operator-ui-behavior-candidate"	"review-planning-source-without-verifiable-approval-chain"	"slots-simulator-internal-developer-ui"	"needs-simulator-product-owner-and-explicit-approval"	"document-route:R10-candidate; unit-kind:markdown-flow-or-list-item; source-document-class:SIM-REQ + MAIN-LEAD; ledger-history:H-AI; see R10 Git history, derivation and status-correction groups"	"none-found-within-r10-pass"	"not-approved"	"simulator-product-owner;approved-tool-scope-source;named-approver;approval-date;approved-scope;version-or-sha256-binding"
"R10-A0044"	"R10"	"R10-03"	"slots-simulator/docs/00-vision/vision-and-scope.md"	"36700686b64ef521851c866f3cdacff8676ef81fe95f7e14fe9ca4e0783d9b10"	"line 33"	"slots-simulator 愿景与范围 > 3. 范围 In Scope"	"**CI 接入能力（架构预留，当前不启用）**：核心逻辑（状态机、Modbus Slave、控制 API）需要能脱离 WPF 独立无界面运行，并具备状态重置、健康检查、确定性时序、结构化日志、干净的进程生命周期等能力，为后续把本模拟器接入主系统 CI 流水线（作为集成测试的""假硬件""）预留架构空间，避免以后返工。"	"**CI 接入能力（架构预留，当前不启用）**：核心逻辑（状态机、Modbus Slave、控制 API）需要能脱离 WPF 独立无界面运行，并具备状态重置、健康检查、确定性时序、结构化日志、干净的进程生命周期等能力，为后续把本模拟器接入主系统 CI 流水线（作为集成测试的""假硬件""）预留架构空间，避免以后返工。当前阶段不要求真正搭建 CI 流水线本身。详见 [[dr-008-ci-readiness|DR-008]]。"	"3ef95cb9a126dc084a1ad5d5f4d91a3f9fd62b0034f714064fc92fc42aa84d65"	"embedded-simulator-technical-design-choice"	"review-planning-source-without-verifiable-approval-chain"	"slots-simulator-development-test-tool-only"	"exclude-from-requirement-approval"	"document-route:R10-candidate; unit-kind:markdown-flow-or-list-item; source-document-class:SIM-REQ + MAIN-LEAD; ledger-history:H-AI; see R10 Git history, derivation and status-correction groups"	"BOUND-R10-001,GAP-R10-001"	"not-approved"	"separate-technical-design-review;approved-simulator-behavior-source-if-mechanism-is-mandatory;named-approver;approval-date;approved-scope;version-or-sha256-binding"
"R10-A0045"	"R10"	"R10-03"	"slots-simulator/docs/00-vision/vision-and-scope.md"	"36700686b64ef521851c866f3cdacff8676ef81fe95f7e14fe9ca4e0783d9b10"	"line 33"	"slots-simulator 愿景与范围 > 3. 范围 In Scope"	"当前阶段不要求真正搭建 CI 流水线本身。"	"**CI 接入能力（架构预留，当前不启用）**：核心逻辑（状态机、Modbus Slave、控制 API）需要能脱离 WPF 独立无界面运行，并具备状态重置、健康检查、确定性时序、结构化日志、干净的进程生命周期等能力，为后续把本模拟器接入主系统 CI 流水线（作为集成测试的""假硬件""）预留架构空间，避免以后返工。当前阶段不要求真正搭建 CI 流水线本身。详见 [[dr-008-ci-readiness|DR-008]]。"	"48cc1a218e61ae3a742a982bad63fb36027424f971dac565ebb2a5c8940f7f23"	"simulator-testability-or-operability-candidate"	"review-planning-source-without-verifiable-approval-chain"	"slots-simulator-development-test-tool-only"	"needs-simulator-product-owner-and-explicit-approval"	"document-route:R10-candidate; unit-kind:markdown-flow-or-list-item; source-document-class:SIM-REQ + MAIN-LEAD; ledger-history:H-AI; see R10 Git history, derivation and status-correction groups"	"none-found-within-r10-pass"	"not-approved"	"simulator-product-owner;approved-tool-scope-source;named-approver;approval-date;approved-scope;version-or-sha256-binding"
"R10-A0046"	"R10"	"R10-03"	"slots-simulator/docs/00-vision/vision-and-scope.md"	"36700686b64ef521851c866f3cdacff8676ef81fe95f7e14fe9ca4e0783d9b10"	"line 33"	"slots-simulator 愿景与范围 > 3. 范围 In Scope"	"详见 [[dr-008-ci-readiness|DR-008]]。"	"**CI 接入能力（架构预留，当前不启用）**：核心逻辑（状态机、Modbus Slave、控制 API）需要能脱离 WPF 独立无界面运行，并具备状态重置、健康检查、确定性时序、结构化日志、干净的进程生命周期等能力，为后续把本模拟器接入主系统 CI 流水线（作为集成测试的""假硬件""）预留架构空间，避免以后返工。当前阶段不要求真正搭建 CI 流水线本身。详见 [[dr-008-ci-readiness|DR-008]]。"	"ed2b757bc9aad52ce5756d1f6abd1849c0087f9a82f9d84323dde288f3f6f22e"	"simulator-testability-or-operability-candidate"	"review-planning-source-without-verifiable-approval-chain"	"slots-simulator-development-test-tool-only"	"needs-simulator-product-owner-and-explicit-approval"	"document-route:R10-candidate; unit-kind:markdown-flow-or-list-item; source-document-class:SIM-REQ + MAIN-LEAD; ledger-history:H-AI; see R10 Git history, derivation and status-correction groups"	"none-found-within-r10-pass"	"not-approved"	"simulator-product-owner;approved-tool-scope-source;named-approver;approval-date;approved-scope;version-or-sha256-binding"
"R10-A0047"	"R10"	"R10-03"	"slots-simulator/docs/00-vision/vision-and-scope.md"	"36700686b64ef521851c866f3cdacff8676ef81fe95f7e14fe9ca4e0783d9b10"	"line 34"	"slots-simulator 愿景与范围 > 3. 范围 In Scope"	"**可配置仓位版面布局**：仓位不是简单从上到下排列的单列列表，而是按任意数量的""面""分组（对应现场前侧/后侧等物理分组，两侧仓门开启方向相反），每个面各自是可配置的 X 列 Y 行统一基础网格；"	"**可配置仓位版面布局**：仓位不是简单从上到下排列的单列列表，而是按任意数量的""面""分组（对应现场前侧/后侧等物理分组，两侧仓门开启方向相反），每个面各自是可配置的 X 列 Y 行统一基础网格；仓位可按矩形连续跨越多个基础格。WPF 面板把所有面并排同时展示，每个仓位只显示一个填满合并区域的状态卡片，不做切换视图。详见 [[fr-011-configurable-slot-layout|FR-011]]、[[dr-009-slot-layout-model|DR-009]]。"	"c7bebb06a6dc5fe989129a37fbc21e057ef653b191be490a3ac2d18db04f68f0"	"simulator-operator-ui-behavior-candidate"	"review-planning-source-without-verifiable-approval-chain"	"slots-simulator-internal-developer-ui"	"needs-simulator-product-owner-and-explicit-approval"	"document-route:R10-candidate; unit-kind:markdown-flow-or-list-item; source-document-class:SIM-REQ + MAIN-LEAD; ledger-history:H-AI; see R10 Git history, derivation and status-correction groups"	"none-found-within-r10-pass"	"not-approved"	"simulator-product-owner;approved-tool-scope-source;named-approver;approval-date;approved-scope;version-or-sha256-binding"
"R10-A0048"	"R10"	"R10-03"	"slots-simulator/docs/00-vision/vision-and-scope.md"	"36700686b64ef521851c866f3cdacff8676ef81fe95f7e14fe9ca4e0783d9b10"	"line 34"	"slots-simulator 愿景与范围 > 3. 范围 In Scope"	"仓位可按矩形连续跨越多个基础格。"	"**可配置仓位版面布局**：仓位不是简单从上到下排列的单列列表，而是按任意数量的""面""分组（对应现场前侧/后侧等物理分组，两侧仓门开启方向相反），每个面各自是可配置的 X 列 Y 行统一基础网格；仓位可按矩形连续跨越多个基础格。WPF 面板把所有面并排同时展示，每个仓位只显示一个填满合并区域的状态卡片，不做切换视图。详见 [[fr-011-configurable-slot-layout|FR-011]]、[[dr-009-slot-layout-model|DR-009]]。"	"5522de951298df78a6d4b81099cad8fce792c261ecf53f6022a5bd9bcbc538f8"	"simulator-slot-behavior-or-fault-stimulus-candidate"	"review-planning-source-without-verifiable-approval-chain"	"slots-simulator-development-test-tool-only"	"needs-simulator-hardware-behavior-owner-and-explicit-approval"	"document-route:R10-candidate; unit-kind:markdown-flow-or-list-item; source-document-class:SIM-REQ + MAIN-LEAD; ledger-history:H-AI; see R10 Git history, derivation and status-correction groups"	"none-found-within-r10-pass"	"not-approved"	"simulator-hardware-behavior-owner;bound-8005-field-evidence-and-polarity-normalization;named-approver;approval-date;approved-scope;version-or-sha256-binding"
"R10-A0049"	"R10"	"R10-03"	"slots-simulator/docs/00-vision/vision-and-scope.md"	"36700686b64ef521851c866f3cdacff8676ef81fe95f7e14fe9ca4e0783d9b10"	"line 34"	"slots-simulator 愿景与范围 > 3. 范围 In Scope"	"WPF 面板把所有面并排同时展示，每个仓位只显示一个填满合并区域的状态卡片，不做切换视图。"	"**可配置仓位版面布局**：仓位不是简单从上到下排列的单列列表，而是按任意数量的""面""分组（对应现场前侧/后侧等物理分组，两侧仓门开启方向相反），每个面各自是可配置的 X 列 Y 行统一基础网格；仓位可按矩形连续跨越多个基础格。WPF 面板把所有面并排同时展示，每个仓位只显示一个填满合并区域的状态卡片，不做切换视图。详见 [[fr-011-configurable-slot-layout|FR-011]]、[[dr-009-slot-layout-model|DR-009]]。"	"c24c63ae1254511ab66dfe1d46d3f79d746f0083ff5ebf13d965688711fb79ee"	"embedded-simulator-technical-design-choice"	"review-planning-source-without-verifiable-approval-chain"	"slots-simulator-development-test-tool-only"	"exclude-from-requirement-approval"	"document-route:R10-candidate; unit-kind:markdown-flow-or-list-item; source-document-class:SIM-REQ + MAIN-LEAD; ledger-history:H-AI; see R10 Git history, derivation and status-correction groups"	"none-found-within-r10-pass"	"not-approved"	"separate-technical-design-review;approved-simulator-behavior-source-if-mechanism-is-mandatory;named-approver;approval-date;approved-scope;version-or-sha256-binding"
"R10-A0050"	"R10"	"R10-03"	"slots-simulator/docs/00-vision/vision-and-scope.md"	"36700686b64ef521851c866f3cdacff8676ef81fe95f7e14fe9ca4e0783d9b10"	"line 34"	"slots-simulator 愿景与范围 > 3. 范围 In Scope"	"详见 [[fr-011-configurable-slot-layout|FR-011]]、[[dr-009-slot-layout-model|DR-009]]。"	"**可配置仓位版面布局**：仓位不是简单从上到下排列的单列列表，而是按任意数量的""面""分组（对应现场前侧/后侧等物理分组，两侧仓门开启方向相反），每个面各自是可配置的 X 列 Y 行统一基础网格；仓位可按矩形连续跨越多个基础格。WPF 面板把所有面并排同时展示，每个仓位只显示一个填满合并区域的状态卡片，不做切换视图。详见 [[fr-011-configurable-slot-layout|FR-011]]、[[dr-009-slot-layout-model|DR-009]]。"	"886d8ede784a9107367e89f1de2c05f365bbe97129bccf67a4a51ee1b71c8000"	"simulator-capability-or-scope-candidate"	"review-planning-source-without-verifiable-approval-chain"	"slots-simulator-development-test-tool-only"	"needs-simulator-product-owner-and-explicit-approval"	"document-route:R10-candidate; unit-kind:markdown-flow-or-list-item; source-document-class:SIM-REQ + MAIN-LEAD; ledger-history:H-AI; see R10 Git history, derivation and status-correction groups"	"none-found-within-r10-pass"	"not-approved"	"simulator-product-owner;approved-tool-scope-source;named-approver;approval-date;approved-scope;version-or-sha256-binding"
"R10-A0051"	"R10"	"R10-03"	"slots-simulator/docs/00-vision/vision-and-scope.md"	"36700686b64ef521851c866f3cdacff8676ef81fe95f7e14fe9ca4e0783d9b10"	"line 35"	"slots-simulator 愿景与范围 > 3. 范围 In Scope"	"**寄存器表做成可配置模板**：真实 IO 模块的完整寄存器布局（不只是 DO/DI 状态，也包括模块信息、网络配置等寄存器）以模板配置的形式提供，不写死在代码里；"	"**寄存器表做成可配置模板**：真实 IO 模块的完整寄存器布局（不只是 DO/DI 状态，也包括模块信息、网络配置等寄存器）以模板配置的形式提供，不写死在代码里；模板声明的 DO/DI 数量是该型号模块的硬性上限。首个模板依据 [reference/C2000-A2-KDDA0A0-AD6_寄存器表.md](../reference/C2000-A2-KDDA0A0-AD6_寄存器表.md) 建立。详见 [[fr-013-configurable-register-table-template|FR-013]]、[[dr-011-full-register-table-fidelity|DR-011]]。"	"28545dce9b1c0ffe78fa05bfba81d5757867851a024d921b4e7d2ead4788734c"	"embedded-simulator-technical-design-choice"	"review-planning-source-without-verifiable-approval-chain"	"slots-simulator-development-test-tool-only"	"exclude-from-requirement-approval"	"document-route:R10-candidate; unit-kind:markdown-flow-or-list-item; source-document-class:SIM-REQ + MAIN-LEAD; ledger-history:H-AI; see R10 Git history, derivation and status-correction groups"	"SCOPE-R10-001"	"not-approved"	"separate-technical-design-review;approved-simulator-behavior-source-if-mechanism-is-mandatory;named-approver;approval-date;approved-scope;version-or-sha256-binding"
"R10-A0052"	"R10"	"R10-03"	"slots-simulator/docs/00-vision/vision-and-scope.md"	"36700686b64ef521851c866f3cdacff8676ef81fe95f7e14fe9ca4e0783d9b10"	"line 35"	"slots-simulator 愿景与范围 > 3. 范围 In Scope"	"模板声明的 DO/DI 数量是该型号模块的硬性上限。"	"**寄存器表做成可配置模板**：真实 IO 模块的完整寄存器布局（不只是 DO/DI 状态，也包括模块信息、网络配置等寄存器）以模板配置的形式提供，不写死在代码里；模板声明的 DO/DI 数量是该型号模块的硬性上限。首个模板依据 [reference/C2000-A2-KDDA0A0-AD6_寄存器表.md](../reference/C2000-A2-KDDA0A0-AD6_寄存器表.md) 建立。详见 [[fr-013-configurable-register-table-template|FR-013]]、[[dr-011-full-register-table-fidelity|DR-011]]。"	"f0067995430e2c5695774f4fecb57808d72b2bd56959613674859b851de338d9"	"simulator-configuration-or-validation-candidate"	"review-planning-source-without-verifiable-approval-chain"	"slots-simulator-configuration-layout-and-module-topology"	"needs-simulator-product-owner-and-explicit-approval"	"document-route:R10-candidate; unit-kind:markdown-flow-or-list-item; source-document-class:SIM-REQ + MAIN-LEAD; ledger-history:H-AI; see R10 Git history, derivation and status-correction groups"	"none-found-within-r10-pass"	"not-approved"	"simulator-product-owner;approved-tool-scope-source;named-approver;approval-date;approved-scope;version-or-sha256-binding"
"R10-A0053"	"R10"	"R10-03"	"slots-simulator/docs/00-vision/vision-and-scope.md"	"36700686b64ef521851c866f3cdacff8676ef81fe95f7e14fe9ca4e0783d9b10"	"line 35"	"slots-simulator 愿景与范围 > 3. 范围 In Scope"	"首个模板依据 [reference/C2000-A2-KDDA0A0-AD6_寄存器表.md](../reference/C2000-A2-KDDA0A0-AD6_寄存器表.md) 建立。"	"**寄存器表做成可配置模板**：真实 IO 模块的完整寄存器布局（不只是 DO/DI 状态，也包括模块信息、网络配置等寄存器）以模板配置的形式提供，不写死在代码里；模板声明的 DO/DI 数量是该型号模块的硬性上限。首个模板依据 [reference/C2000-A2-KDDA0A0-AD6_寄存器表.md](../reference/C2000-A2-KDDA0A0-AD6_寄存器表.md) 建立。详见 [[fr-013-configurable-register-table-template|FR-013]]、[[dr-011-full-register-table-fidelity|DR-011]]。"	"598b574dbf25bf5f7c9c3265b5cc302f5b7c76f7fc7465e3dc2d8af5d9b69a49"	"embedded-vendor-derived-claim"	"review-planning-source-without-verifiable-approval-chain"	"excluded-vendor-material-and-derived-register-content"	"vendor-content-out-of-scope-evidence-only"	"document-route:R10-candidate; unit-kind:markdown-flow-or-list-item; source-document-class:SIM-REQ + MAIN-LEAD; ledger-history:H-AI; see R10 Git history, derivation and status-correction groups"	"SCOPE-R10-001"	"not-approved"	"out-of-scope-by-user-direction;do-not-use-as-current-baseline-external-constraint;named-approver;approval-date;approved-scope;version-or-sha256-binding"
"R10-A0054"	"R10"	"R10-03"	"slots-simulator/docs/00-vision/vision-and-scope.md"	"36700686b64ef521851c866f3cdacff8676ef81fe95f7e14fe9ca4e0783d9b10"	"line 35"	"slots-simulator 愿景与范围 > 3. 范围 In Scope"	"详见 [[fr-013-configurable-register-table-template|FR-013]]、[[dr-011-full-register-table-fidelity|DR-011]]。"	"**寄存器表做成可配置模板**：真实 IO 模块的完整寄存器布局（不只是 DO/DI 状态，也包括模块信息、网络配置等寄存器）以模板配置的形式提供，不写死在代码里；模板声明的 DO/DI 数量是该型号模块的硬性上限。首个模板依据 [reference/C2000-A2-KDDA0A0-AD6_寄存器表.md](../reference/C2000-A2-KDDA0A0-AD6_寄存器表.md) 建立。详见 [[fr-013-configurable-register-table-template|FR-013]]、[[dr-011-full-register-table-fidelity|DR-011]]。"	"a0d3f5718b7da897fde61083c8aaae8b5fc0d837a1413ee9889722121d3c14bf"	"simulator-capability-or-scope-candidate"	"review-planning-source-without-verifiable-approval-chain"	"slots-simulator-development-test-tool-only"	"needs-simulator-product-owner-and-explicit-approval"	"document-route:R10-candidate; unit-kind:markdown-flow-or-list-item; source-document-class:SIM-REQ + MAIN-LEAD; ledger-history:H-AI; see R10 Git history, derivation and status-correction groups"	"none-found-within-r10-pass"	"not-approved"	"simulator-product-owner;approved-tool-scope-source;named-approver;approval-date;approved-scope;version-or-sha256-binding"
"R10-A0055"	"R10"	"R10-03"	"slots-simulator/docs/00-vision/vision-and-scope.md"	"36700686b64ef521851c866f3cdacff8676ef81fe95f7e14fe9ca4e0783d9b10"	"line 36"	"slots-simulator 愿景与范围 > 3. 范围 In Scope"	"**多 IO 模块模拟支持**：一台 AGV 的仓位可能分布在多个物理 IO 模块上（单个模块 DO/DI 数量有限），模拟器需要能在一个实例内同时模拟多个独立的 IO 模块（各自独立的 Modbus TCP 服务端点）。"	"**多 IO 模块模拟支持**：一台 AGV 的仓位可能分布在多个物理 IO 模块上（单个模块 DO/DI 数量有限），模拟器需要能在一个实例内同时模拟多个独立的 IO 模块（各自独立的 Modbus TCP 服务端点）。详见 [[fr-014-multi-io-module-simulation|FR-014]]、[[dr-012-multi-io-module-support|DR-012]]。"	"c32d5c79ae7354fbd0c46adf858dab0600200592c30313c829090c11057c0894"	"simulator-interface-or-protocol-behavior-candidate"	"review-planning-source-without-verifiable-approval-chain"	"slots-simulator-test-control-and-modbus-interface"	"needs-simulator-interface-owner-and-explicit-approval"	"document-route:R10-candidate; unit-kind:markdown-flow-or-list-item; source-document-class:SIM-REQ + MAIN-LEAD; ledger-history:H-AI; see R10 Git history, derivation and status-correction groups"	"EVID-R10-001,GAP-R10-001"	"not-approved"	"simulator-interface-owner;complete-versioned-interface-or-protocol-contract;named-approver;approval-date;approved-scope;version-or-sha256-binding"
"R10-A0056"	"R10"	"R10-03"	"slots-simulator/docs/00-vision/vision-and-scope.md"	"36700686b64ef521851c866f3cdacff8676ef81fe95f7e14fe9ca4e0783d9b10"	"line 36"	"slots-simulator 愿景与范围 > 3. 范围 In Scope"	"详见 [[fr-014-multi-io-module-simulation|FR-014]]、[[dr-012-multi-io-module-support|DR-012]]。"	"**多 IO 模块模拟支持**：一台 AGV 的仓位可能分布在多个物理 IO 模块上（单个模块 DO/DI 数量有限），模拟器需要能在一个实例内同时模拟多个独立的 IO 模块（各自独立的 Modbus TCP 服务端点）。详见 [[fr-014-multi-io-module-simulation|FR-014]]、[[dr-012-multi-io-module-support|DR-012]]。"	"7111d57227fcce2306aa7ba2f625eccb423499ed91cead7b65d7ec7496d0473d"	"simulator-capability-or-scope-candidate"	"review-planning-source-without-verifiable-approval-chain"	"slots-simulator-development-test-tool-only"	"needs-simulator-product-owner-and-explicit-approval"	"document-route:R10-candidate; unit-kind:markdown-flow-or-list-item; source-document-class:SIM-REQ + MAIN-LEAD; ledger-history:H-AI; see R10 Git history, derivation and status-correction groups"	"none-found-within-r10-pass"	"not-approved"	"simulator-product-owner;approved-tool-scope-source;named-approver;approval-date;approved-scope;version-or-sha256-binding"
"R10-A0057"	"R10"	"R10-03"	"slots-simulator/docs/00-vision/vision-and-scope.md"	"36700686b64ef521851c866f3cdacff8676ef81fe95f7e14fe9ca4e0783d9b10"	"line 37"	"slots-simulator 愿景与范围 > 3. 范围 In Scope"	"**派生状态与确定性运行**：占用状态由光幕 DI 即时推导，不独立存储；"	"**派生状态与确定性运行**：占用状态由光幕 DI 即时推导，不独立存储；配置给出 DO 默认模式/脉宽，运行时寄存器值优先，完整 reset 清理运行态、故障和计时器后恢复默认。业务超时由主系统判定，模拟器只提供硬件状态与故障刺激。"	"4be71f2d74eda1b782b059844baf463a48158cfc4b9933095f58197fd87fb053"	"simulator-testability-or-operability-candidate"	"review-planning-source-without-verifiable-approval-chain"	"slots-simulator-development-test-tool-only"	"needs-simulator-product-owner-and-explicit-approval"	"document-route:R10-candidate; unit-kind:markdown-flow-or-list-item; source-document-class:SIM-REQ + MAIN-LEAD; ledger-history:H-AI; see R10 Git history, derivation and status-correction groups"	"EVID-R10-001"	"not-approved"	"simulator-product-owner;approved-tool-scope-source;named-approver;approval-date;approved-scope;version-or-sha256-binding"
"R10-A0058"	"R10"	"R10-03"	"slots-simulator/docs/00-vision/vision-and-scope.md"	"36700686b64ef521851c866f3cdacff8676ef81fe95f7e14fe9ca4e0783d9b10"	"line 37"	"slots-simulator 愿景与范围 > 3. 范围 In Scope"	"配置给出 DO 默认模式/脉宽，运行时寄存器值优先，完整 reset 清理运行态、故障和计时器后恢复默认。"	"**派生状态与确定性运行**：占用状态由光幕 DI 即时推导，不独立存储；配置给出 DO 默认模式/脉宽，运行时寄存器值优先，完整 reset 清理运行态、故障和计时器后恢复默认。业务超时由主系统判定，模拟器只提供硬件状态与故障刺激。"	"28fe7e06b984d1e99c81ca61719c957a33c5767dfd74cee23b6b4718aa8d510f"	"simulator-testability-or-operability-candidate"	"review-planning-source-without-verifiable-approval-chain"	"slots-simulator-development-test-tool-only"	"needs-simulator-product-owner-and-explicit-approval"	"document-route:R10-candidate; unit-kind:markdown-flow-or-list-item; source-document-class:SIM-REQ + MAIN-LEAD; ledger-history:H-AI; see R10 Git history, derivation and status-correction groups"	"none-found-within-r10-pass"	"not-approved"	"simulator-product-owner;approved-tool-scope-source;named-approver;approval-date;approved-scope;version-or-sha256-binding"
"R10-A0059"	"R10"	"R10-03"	"slots-simulator/docs/00-vision/vision-and-scope.md"	"36700686b64ef521851c866f3cdacff8676ef81fe95f7e14fe9ca4e0783d9b10"	"line 37"	"slots-simulator 愿景与范围 > 3. 范围 In Scope"	"业务超时由主系统判定，模拟器只提供硬件状态与故障刺激。"	"**派生状态与确定性运行**：占用状态由光幕 DI 即时推导，不独立存储；配置给出 DO 默认模式/脉宽，运行时寄存器值优先，完整 reset 清理运行态、故障和计时器后恢复默认。业务超时由主系统判定，模拟器只提供硬件状态与故障刺激。"	"87575dcc7b4a45ddf34da1c2edb8eee85c4bf83ec27f49ddf0ac19a4aa1f5dfd"	"simulator-slot-behavior-or-fault-stimulus-candidate"	"review-planning-source-without-verifiable-approval-chain"	"slots-simulator-development-test-tool-only"	"needs-simulator-hardware-behavior-owner-and-explicit-approval"	"document-route:R10-candidate; unit-kind:markdown-flow-or-list-item; source-document-class:SIM-REQ + MAIN-LEAD; ledger-history:H-AI; see R10 Git history, derivation and status-correction groups"	"BOUND-R10-001"	"not-approved"	"simulator-hardware-behavior-owner;bound-8005-field-evidence-and-polarity-normalization;named-approver;approval-date;approved-scope;version-or-sha256-binding"
"R10-A0060"	"R10"	"R10-03"	"slots-simulator/docs/00-vision/vision-and-scope.md"	"36700686b64ef521851c866f3cdacff8676ef81fe95f7e14fe9ca4e0783d9b10"	"line 41"	"slots-simulator 愿景与范围 > 4. 范围之外 Out of Scope"	"明确排除，避免后续被误解为遗漏："	"明确排除，避免后续被误解为遗漏："	"20dd03423ca4fca7132a27e6b66f1b45fc152552ac124837ec10016bbb2d8408"	"simulator-capability-or-scope-candidate"	"review-planning-source-without-verifiable-approval-chain"	"slots-simulator-development-test-tool-only"	"needs-simulator-product-owner-and-explicit-approval"	"document-route:R10-candidate; unit-kind:markdown-paragraph; source-document-class:SIM-REQ + MAIN-LEAD; ledger-history:H-AI; see R10 Git history, derivation and status-correction groups"	"none-found-within-r10-pass"	"not-approved"	"simulator-product-owner;approved-tool-scope-source;named-approver;approval-date;approved-scope;version-or-sha256-binding"
"R10-A0061"	"R10"	"R10-03"	"slots-simulator/docs/00-vision/vision-and-scope.md"	"36700686b64ef521851c866f3cdacff8676ef81fe95f7e14fe9ca4e0783d9b10"	"line 43"	"slots-simulator 愿景与范围 > 4. 范围之外 Out of Scope"	"**不模拟 AGV 移动状态、不对接/模拟 RIOT**：AGV 是否在移动、移动安全联锁等逻辑由主系统软件层负责和测试，不属于本模拟器。"	"**不模拟 AGV 移动状态、不对接/模拟 RIOT**：AGV 是否在移动、移动安全联锁等逻辑由主系统软件层负责和测试，不属于本模拟器。"	"6056a2d8f8f3c84620e3f0e25cfa816e350064185a04981bffac20f68a799606"	"simulator-capability-or-scope-candidate"	"review-planning-source-without-verifiable-approval-chain"	"slots-simulator-development-test-tool-only"	"needs-simulator-product-owner-and-explicit-approval"	"document-route:R10-candidate; unit-kind:markdown-flow-or-list-item; source-document-class:SIM-REQ + MAIN-LEAD; ledger-history:H-AI; see R10 Git history, derivation and status-correction groups"	"BOUND-R10-001,EVID-R10-001"	"not-approved"	"simulator-product-owner;approved-tool-scope-source;named-approver;approval-date;approved-scope;version-or-sha256-binding"
"R10-A0062"	"R10"	"R10-03"	"slots-simulator/docs/00-vision/vision-and-scope.md"	"36700686b64ef521851c866f3cdacff8676ef81fe95f7e14fe9ca4e0783d9b10"	"line 44"	"slots-simulator 愿景与范围 > 4. 范围之外 Out of Scope"	"**不模拟 MES 接口**：[UC-007 从 MES 同步生成搬运任务](../../../requirement-documents/03-use-cases/uc-007-sync-transport-task-from-mes.md) 等 MES 交互逻辑不在本模拟器范围内。"	"**不模拟 MES 接口**：[UC-007 从 MES 同步生成搬运任务](../../../requirement-documents/03-use-cases/uc-007-sync-transport-task-from-mes.md) 等 MES 交互逻辑不在本模拟器范围内。"	"a5f1eca274a2fcc58336681e71038a6f1f10695f68396b614630122d1843b115"	"simulator-interface-or-protocol-behavior-candidate"	"review-planning-source-without-verifiable-approval-chain"	"slots-simulator-test-control-and-modbus-interface"	"needs-simulator-interface-owner-and-explicit-approval"	"document-route:R10-candidate; unit-kind:markdown-flow-or-list-item; source-document-class:SIM-REQ + MAIN-LEAD; ledger-history:H-AI; see R10 Git history, derivation and status-correction groups"	"BOUND-R10-001"	"not-approved"	"simulator-interface-owner;complete-versioned-interface-or-protocol-contract;named-approver;approval-date;approved-scope;version-or-sha256-binding"
"R10-A0063"	"R10"	"R10-03"	"slots-simulator/docs/00-vision/vision-and-scope.md"	"36700686b64ef521851c866f3cdacff8676ef81fe95f7e14fe9ca4e0783d9b10"	"line 45"	"slots-simulator 愿景与范围 > 4. 范围之外 Out of Scope"	"**不支持单实例多 AGV 建模**：多台 AGV 场景通过多实例解决，见第 3 节第 4 点。"	"**不支持单实例多 AGV 建模**：多台 AGV 场景通过多实例解决，见第 3 节第 4 点。"	"3de0e3d8786d534fdac69feabf64e1f39cff6fe78c5cccc10332363dbc84792e"	"simulator-capability-or-scope-candidate"	"review-planning-source-without-verifiable-approval-chain"	"slots-simulator-development-test-tool-only"	"needs-simulator-product-owner-and-explicit-approval"	"document-route:R10-candidate; unit-kind:markdown-flow-or-list-item; source-document-class:SIM-REQ + MAIN-LEAD; ledger-history:H-AI; see R10 Git history, derivation and status-correction groups"	"none-found-within-r10-pass"	"not-approved"	"simulator-product-owner;approved-tool-scope-source;named-approver;approval-date;approved-scope;version-or-sha256-binding"
"R10-A0064"	"R10"	"R10-03"	"slots-simulator/docs/00-vision/vision-and-scope.md"	"36700686b64ef521851c866f3cdacff8676ef81fe95f7e14fe9ca4e0783d9b10"	"line 46"	"slots-simulator 愿景与范围 > 4. 范围之外 Out of Scope"	"**不面向客户演示，当前不搭建正式 CI 流水线**：本模拟器当前只服务邵正宇、王昆两人的开发自测，不作为正式验收目标；"	"**不面向客户演示，当前不搭建正式 CI 流水线**：本模拟器当前只服务邵正宇、王昆两人的开发自测，不作为正式验收目标；但按第 3 节第 8 点保留架构上的 CI 接入能力，不是完全排除，是""现在不做，但不给以后设障碍""。"	"24f7be3845abcbd9ab7c00b7c02ff0e0565213eeb2161957b9b42ac1692f7d4f"	"simulator-testability-or-operability-candidate"	"review-planning-source-without-verifiable-approval-chain"	"slots-simulator-development-test-tool-only"	"needs-simulator-product-owner-and-explicit-approval"	"document-route:R10-candidate; unit-kind:markdown-flow-or-list-item; source-document-class:SIM-REQ + MAIN-LEAD; ledger-history:H-AI; see R10 Git history, derivation and status-correction groups"	"none-found-within-r10-pass"	"not-approved"	"simulator-product-owner;approved-tool-scope-source;named-approver;approval-date;approved-scope;version-or-sha256-binding"
"R10-A0065"	"R10"	"R10-03"	"slots-simulator/docs/00-vision/vision-and-scope.md"	"36700686b64ef521851c866f3cdacff8676ef81fe95f7e14fe9ca4e0783d9b10"	"line 46"	"slots-simulator 愿景与范围 > 4. 范围之外 Out of Scope"	"但按第 3 节第 8 点保留架构上的 CI 接入能力，不是完全排除，是""现在不做，但不给以后设障碍""。"	"**不面向客户演示，当前不搭建正式 CI 流水线**：本模拟器当前只服务邵正宇、王昆两人的开发自测，不作为正式验收目标；但按第 3 节第 8 点保留架构上的 CI 接入能力，不是完全排除，是""现在不做，但不给以后设障碍""。"	"8c8e4f84015c10a95ea9e19797fd03ab8609e6ee6c89af0c0f3f4f2ad3782dd2"	"simulator-testability-or-operability-candidate"	"review-planning-source-without-verifiable-approval-chain"	"slots-simulator-development-test-tool-only"	"needs-simulator-product-owner-and-explicit-approval"	"document-route:R10-candidate; unit-kind:markdown-flow-or-list-item; source-document-class:SIM-REQ + MAIN-LEAD; ledger-history:H-AI; see R10 Git history, derivation and status-correction groups"	"none-found-within-r10-pass"	"not-approved"	"simulator-product-owner;approved-tool-scope-source;named-approver;approval-date;approved-scope;version-or-sha256-binding"
"R10-A0066"	"R10"	"R10-03"	"slots-simulator/docs/00-vision/vision-and-scope.md"	"36700686b64ef521851c866f3cdacff8676ef81fe95f7e14fe9ca4e0783d9b10"	"line 47"	"slots-simulator 愿景与范围 > 4. 范围之外 Out of Scope"	"**不做用户权限、多人协作管理**：模拟器本身没有登录/权限体系。"	"**不做用户权限、多人协作管理**：模拟器本身没有登录/权限体系。"	"d0cc0e36b4902c0ec02d804343211b19fc333fa0e5ec6ff7a7dca75889852593"	"simulator-capability-or-scope-candidate"	"review-planning-source-without-verifiable-approval-chain"	"slots-simulator-development-test-tool-only"	"needs-simulator-product-owner-and-explicit-approval"	"document-route:R10-candidate; unit-kind:markdown-flow-or-list-item; source-document-class:SIM-REQ + MAIN-LEAD; ledger-history:H-AI; see R10 Git history, derivation and status-correction groups"	"none-found-within-r10-pass"	"not-approved"	"simulator-product-owner;approved-tool-scope-source;named-approver;approval-date;approved-scope;version-or-sha256-binding"
"R10-A0067"	"R10"	"R10-03"	"slots-simulator/docs/00-vision/vision-and-scope.md"	"36700686b64ef521851c866f3cdacff8676ef81fe95f7e14fe9ca4e0783d9b10"	"line 48"	"slots-simulator 愿景与范围 > 4. 范围之外 Out of Scope"	"**不模拟异常锁定、已禁用、任务或业务超时等业务态**：模拟器暴露锁状态 DI、光幕 DI 等硬件可观察量；"	"**不模拟异常锁定、已禁用、任务或业务超时等业务态**：模拟器暴露锁状态 DI、光幕 DI 等硬件可观察量；门状态仅作内部操作顺序约束，占用状态由光幕 DI 推导。主系统在此基础上判定和维护的业务态（如 [UC-014](../../../requirement-documents/03-use-cases/uc-014-enable-disable-slot.md) 的""已禁用""、各业务 UC 的""异常锁定""及超时告警）完全由主系统负责。"	"a6e8594c7ad4ac1483f85529012695cc829d4e92ee4afe0372c03f234bd2767d"	"simulator-interface-or-protocol-behavior-candidate"	"review-planning-source-without-verifiable-approval-chain"	"slots-simulator-test-control-and-modbus-interface"	"needs-simulator-interface-owner-and-explicit-approval"	"document-route:R10-candidate; unit-kind:markdown-flow-or-list-item; source-document-class:SIM-REQ + MAIN-LEAD; ledger-history:H-AI; see R10 Git history, derivation and status-correction groups"	"BOUND-R10-001,EVID-R10-001,CF-R10-001"	"not-approved"	"simulator-interface-owner;complete-versioned-interface-or-protocol-contract;named-approver;approval-date;approved-scope;version-or-sha256-binding"
"R10-A0068"	"R10"	"R10-03"	"slots-simulator/docs/00-vision/vision-and-scope.md"	"36700686b64ef521851c866f3cdacff8676ef81fe95f7e14fe9ca4e0783d9b10"	"line 48"	"slots-simulator 愿景与范围 > 4. 范围之外 Out of Scope"	"门状态仅作内部操作顺序约束，占用状态由光幕 DI 推导。"	"**不模拟异常锁定、已禁用、任务或业务超时等业务态**：模拟器暴露锁状态 DI、光幕 DI 等硬件可观察量；门状态仅作内部操作顺序约束，占用状态由光幕 DI 推导。主系统在此基础上判定和维护的业务态（如 [UC-014](../../../requirement-documents/03-use-cases/uc-014-enable-disable-slot.md) 的""已禁用""、各业务 UC 的""异常锁定""及超时告警）完全由主系统负责。"	"618578989ca020ea708b686d65e4acd00b79b9922dbd71d9c20fc32f2bd0d7b1"	"simulator-interface-or-protocol-behavior-candidate"	"review-planning-source-without-verifiable-approval-chain"	"slots-simulator-test-control-and-modbus-interface"	"needs-simulator-interface-owner-and-explicit-approval"	"document-route:R10-candidate; unit-kind:markdown-flow-or-list-item; source-document-class:SIM-REQ + MAIN-LEAD; ledger-history:H-AI; see R10 Git history, derivation and status-correction groups"	"EVID-R10-001"	"not-approved"	"simulator-interface-owner;complete-versioned-interface-or-protocol-contract;named-approver;approval-date;approved-scope;version-or-sha256-binding"
"R10-A0069"	"R10"	"R10-03"	"slots-simulator/docs/00-vision/vision-and-scope.md"	"36700686b64ef521851c866f3cdacff8676ef81fe95f7e14fe9ca4e0783d9b10"	"line 48"	"slots-simulator 愿景与范围 > 4. 范围之外 Out of Scope"	"主系统在此基础上判定和维护的业务态（如 [UC-014](../../../requirement-documents/03-use-cases/uc-014-enable-disable-slot.md) 的""已禁用""、各业务 UC 的""异常锁定""及超时告警）完全由主系统负责。"	"**不模拟异常锁定、已禁用、任务或业务超时等业务态**：模拟器暴露锁状态 DI、光幕 DI 等硬件可观察量；门状态仅作内部操作顺序约束，占用状态由光幕 DI 推导。主系统在此基础上判定和维护的业务态（如 [UC-014](../../../requirement-documents/03-use-cases/uc-014-enable-disable-slot.md) 的""已禁用""、各业务 UC 的""异常锁定""及超时告警）完全由主系统负责。"	"df4bf8c043f17ca961aac1846d0e29830e5cbb9dec5e08d7428e7740bf21a3e7"	"embedded-main-system-or-field-claim"	"review-planning-source-without-verifiable-approval-chain"	"8005-main-system-or-field-evidence-lead-not-simulator-approval"	"main-system-or-field-lead-evidence-only"	"document-route:R10-candidate; unit-kind:markdown-flow-or-list-item; source-document-class:SIM-REQ + MAIN-LEAD; ledger-history:H-AI; see R10 Git history, derivation and status-correction groups"	"BOUND-R10-001"	"not-approved"	"authoritative-main-system-source;do-not-reverse-infer-from-simulator-planning;named-approver;approval-date;approved-scope;version-or-sha256-binding"
"R10-A0070"	"R10"	"R10-03"	"slots-simulator/docs/00-vision/vision-and-scope.md"	"36700686b64ef521851c866f3cdacff8676ef81fe95f7e14fe9ca4e0783d9b10"	"line 52"	"slots-simulator 愿景与范围 > 5. 使用者 Users"	"邵正宇、王昆（本项目开发者），用于替代真人操作仓位硬件，支撑日常联调与自动化回归测试。"	"邵正宇、王昆（本项目开发者），用于替代真人操作仓位硬件，支撑日常联调与自动化回归测试。"	"8bb3c09d4c82c9d54b879f288902b2d14bb17b16710a8a301314d5522be4f9f6"	"simulator-slot-behavior-or-fault-stimulus-candidate"	"review-planning-source-without-verifiable-approval-chain"	"slots-simulator-development-test-tool-only"	"needs-simulator-hardware-behavior-owner-and-explicit-approval"	"document-route:R10-candidate; unit-kind:markdown-paragraph; source-document-class:SIM-REQ + MAIN-LEAD; ledger-history:H-AI; see R10 Git history, derivation and status-correction groups"	"none-found-within-r10-pass"	"not-approved"	"simulator-hardware-behavior-owner;bound-8005-field-evidence-and-polarity-normalization;named-approver;approval-date;approved-scope;version-or-sha256-binding"
"R10-A0071"	"R10"	"R10-03"	"slots-simulator/docs/00-vision/vision-and-scope.md"	"36700686b64ef521851c866f3cdacff8676ef81fe95f7e14fe9ca4e0783d9b10"	"line 56"	"slots-simulator 愿景与范围 > 6. 决策依据"	"本文档第 3、4 节引用的具体决策理由，统一记录在 [`02-decisions/`](../02-decisions/README.md) 目录，不在本文档重复展开。"	"本文档第 3、4 节引用的具体决策理由，统一记录在 [`02-decisions/`](../02-decisions/README.md) 目录，不在本文档重复展开。"	"f1d702cb1c8002415762a903a55974c87fe75622dd7146ff45a0db1155ff395e"	"source-origin-background-or-traceability-evidence"	"review-planning-source-without-verifiable-approval-chain"	"slots-simulator-development-test-tool-only"	"source-or-traceability-evidence-only"	"document-route:R10-candidate; unit-kind:markdown-paragraph; source-document-class:SIM-REQ + MAIN-LEAD; ledger-history:H-AI; see R10 Git history, derivation and status-correction groups"	"none-found-within-r10-pass"	"not-approved"	"evidence-only-not-an-approval-unit;named-approver;approval-date;approved-scope;version-or-sha256-binding"
"R10-A0072"	"R10"	"R10-04"	"slots-simulator/docs/01-requirements/fr-001-configurable-slot-count-and-io-mapping.md"	"6c30831ae7bcfbb7d606c4ebabdfe5b6fd61c1f04b83e697f56825b03e9aba32"	"line 18"	"FR-001 可配置仓位数量与 IO 点位映射 > Description 需求描述"	"模拟器启动时按配置文件（或界面配置，见 [[fr-007-wpf-visualization-panel|FR-007]]）加载""这个实例模拟几个仓位、每个仓位的 DO/DI 分别映射到哪些 Modbus 地址""，不写死在代码中。"	"模拟器启动时按配置文件（或界面配置，见 [[fr-007-wpf-visualization-panel|FR-007]]）加载""这个实例模拟几个仓位、每个仓位的 DO/DI 分别映射到哪些 Modbus 地址""，不写死在代码中。"	"0703dc5a18e927ae46f00c1d629477bdab6c33934a429a38fa3fae5e61a5408c"	"embedded-simulator-technical-design-choice"	"review-planning-source-without-verifiable-approval-chain"	"slots-simulator-development-test-tool-only"	"exclude-from-requirement-approval"	"document-route:R10-candidate; unit-kind:markdown-paragraph; source-document-class:SIM-REQ; ledger-history:H-U; see R10 Git history, derivation and status-correction groups"	"GAP-R10-001"	"not-approved"	"separate-technical-design-review;approved-simulator-behavior-source-if-mechanism-is-mandatory;named-approver;approval-date;approved-scope;version-or-sha256-binding"
"R10-A0073"	"R10"	"R10-04"	"slots-simulator/docs/01-requirements/fr-001-configurable-slot-count-and-io-mapping.md"	"6c30831ae7bcfbb7d606c4ebabdfe5b6fd61c1f04b83e697f56825b03e9aba32"	"line 20"	"FR-001 可配置仓位数量与 IO 点位映射 > Description 需求描述"	"仓位的显示布局（所属面、左上角行列、`rowSpan`、`columnSpan`）由 [[fr-011-configurable-slot-layout|FR-011]] 单独定义，属于同一个仓位配置项下的另一部分字段，不与本 FR 的 IO 点位映射混在一起维护——本 FR 只关注协议地址，不关注界面上摆在哪个位置或占据多少基础格。"	"仓位的显示布局（所属面、左上角行列、`rowSpan`、`columnSpan`）由 [[fr-011-configurable-slot-layout|FR-011]] 单独定义，属于同一个仓位配置项下的另一部分字段，不与本 FR 的 IO 点位映射混在一起维护——本 FR 只关注协议地址，不关注界面上摆在哪个位置或占据多少基础格。"	"ef7c0f0c7f7faa20ef65e14081254629b8a10e8546d64b92fb413ae203da57f5"	"simulator-operator-ui-behavior-candidate"	"review-planning-source-without-verifiable-approval-chain"	"slots-simulator-internal-developer-ui"	"needs-simulator-product-owner-and-explicit-approval"	"document-route:R10-candidate; unit-kind:markdown-paragraph; source-document-class:SIM-REQ; ledger-history:H-U; see R10 Git history, derivation and status-correction groups"	"GAP-R10-001"	"not-approved"	"simulator-product-owner;approved-tool-scope-source;named-approver;approval-date;approved-scope;version-or-sha256-binding"
"R10-A0074"	"R10"	"R10-04"	"slots-simulator/docs/01-requirements/fr-001-configurable-slot-count-and-io-mapping.md"	"6c30831ae7bcfbb7d606c4ebabdfe5b6fd61c1f04b83e697f56825b03e9aba32"	"line 22"	"FR-001 可配置仓位数量与 IO 点位映射 > Description 需求描述"	"仓位的 DO/DI 点位映射不是裸的协议地址，而是""引用某个 IO 模块实例 + 该模块内的通道号""两级寻址（见 [[fr-014-multi-io-module-simulation|FR-014]]），且通道号范围受该模块所套用寄存器表模板（见 [[fr-013-configurable-register-table-template|FR-013]]）声明的 DO/DI 数量约束，不能超出。"	"仓位的 DO/DI 点位映射不是裸的协议地址，而是""引用某个 IO 模块实例 + 该模块内的通道号""两级寻址（见 [[fr-014-multi-io-module-simulation|FR-014]]），且通道号范围受该模块所套用寄存器表模板（见 [[fr-013-configurable-register-table-template|FR-013]]）声明的 DO/DI 数量约束，不能超出。"	"78fd36a2c09b13d3ab95fc3114af421f78c60bb3b6c6601482ba590823409517"	"simulator-configuration-or-validation-candidate"	"review-planning-source-without-verifiable-approval-chain"	"slots-simulator-configuration-layout-and-module-topology"	"needs-simulator-product-owner-and-explicit-approval"	"document-route:R10-candidate; unit-kind:markdown-paragraph; source-document-class:SIM-REQ; ledger-history:H-U; see R10 Git history, derivation and status-correction groups"	"SCOPE-R10-001,GAP-R10-001"	"not-approved"	"simulator-product-owner;approved-tool-scope-source;named-approver;approval-date;approved-scope;version-or-sha256-binding"
"R10-A0075"	"R10"	"R10-04"	"slots-simulator/docs/01-requirements/fr-001-configurable-slot-count-and-io-mapping.md"	"6c30831ae7bcfbb7d606c4ebabdfe5b6fd61c1f04b83e697f56825b03e9aba32"	"line 24"	"FR-001 可配置仓位数量与 IO 点位映射 > Description 需求描述"	"配置还为每个 DO 点位声明控制模式与脉冲宽度的默认值。"	"配置还为每个 DO 点位声明控制模式与脉冲宽度的默认值。模块启动时以这些默认值初始化对应运行时寄存器；启动完成后，以主系统通过 Modbus 写入的运行时寄存器值为准，配置文件不持续覆盖运行时值。调用状态重置接口时，对应寄存器恢复为配置默认值。"	"ed452de461276e7e22f02ed755e5951f1fa1cc6ccded78e13f2caaabc42a49d1"	"simulator-configuration-or-validation-candidate"	"review-planning-source-without-verifiable-approval-chain"	"slots-simulator-configuration-layout-and-module-topology"	"needs-simulator-product-owner-and-explicit-approval"	"document-route:R10-candidate; unit-kind:markdown-paragraph; source-document-class:SIM-REQ; ledger-history:H-U; see R10 Git history, derivation and status-correction groups"	"none-found-within-r10-pass"	"not-approved"	"simulator-product-owner;approved-tool-scope-source;named-approver;approval-date;approved-scope;version-or-sha256-binding"
"R10-A0076"	"R10"	"R10-04"	"slots-simulator/docs/01-requirements/fr-001-configurable-slot-count-and-io-mapping.md"	"6c30831ae7bcfbb7d606c4ebabdfe5b6fd61c1f04b83e697f56825b03e9aba32"	"line 24"	"FR-001 可配置仓位数量与 IO 点位映射 > Description 需求描述"	"模块启动时以这些默认值初始化对应运行时寄存器；"	"配置还为每个 DO 点位声明控制模式与脉冲宽度的默认值。模块启动时以这些默认值初始化对应运行时寄存器；启动完成后，以主系统通过 Modbus 写入的运行时寄存器值为准，配置文件不持续覆盖运行时值。调用状态重置接口时，对应寄存器恢复为配置默认值。"	"a248b0f51bd4d6f403a3702298680d92a14856728d4e79235a4941a1161cd2f7"	"simulator-configuration-or-validation-candidate"	"review-planning-source-without-verifiable-approval-chain"	"slots-simulator-configuration-layout-and-module-topology"	"needs-simulator-product-owner-and-explicit-approval"	"document-route:R10-candidate; unit-kind:markdown-paragraph; source-document-class:SIM-REQ; ledger-history:H-U; see R10 Git history, derivation and status-correction groups"	"none-found-within-r10-pass"	"not-approved"	"simulator-product-owner;approved-tool-scope-source;named-approver;approval-date;approved-scope;version-or-sha256-binding"
"R10-A0077"	"R10"	"R10-04"	"slots-simulator/docs/01-requirements/fr-001-configurable-slot-count-and-io-mapping.md"	"6c30831ae7bcfbb7d606c4ebabdfe5b6fd61c1f04b83e697f56825b03e9aba32"	"line 24"	"FR-001 可配置仓位数量与 IO 点位映射 > Description 需求描述"	"启动完成后，以主系统通过 Modbus 写入的运行时寄存器值为准，配置文件不持续覆盖运行时值。"	"配置还为每个 DO 点位声明控制模式与脉冲宽度的默认值。模块启动时以这些默认值初始化对应运行时寄存器；启动完成后，以主系统通过 Modbus 写入的运行时寄存器值为准，配置文件不持续覆盖运行时值。调用状态重置接口时，对应寄存器恢复为配置默认值。"	"666b96c421195829c22a76e7568f9105693d40189b8c04bd2ad912457b4d6c60"	"embedded-main-system-or-field-claim"	"review-planning-source-without-verifiable-approval-chain"	"8005-main-system-or-field-evidence-lead-not-simulator-approval"	"main-system-or-field-lead-evidence-only"	"document-route:R10-candidate; unit-kind:markdown-paragraph; source-document-class:SIM-REQ; ledger-history:H-U; see R10 Git history, derivation and status-correction groups"	"BOUND-R10-001,GAP-R10-001"	"not-approved"	"authoritative-main-system-source;do-not-reverse-infer-from-simulator-planning;named-approver;approval-date;approved-scope;version-or-sha256-binding"
"R10-A0078"	"R10"	"R10-04"	"slots-simulator/docs/01-requirements/fr-001-configurable-slot-count-and-io-mapping.md"	"6c30831ae7bcfbb7d606c4ebabdfe5b6fd61c1f04b83e697f56825b03e9aba32"	"line 24"	"FR-001 可配置仓位数量与 IO 点位映射 > Description 需求描述"	"调用状态重置接口时，对应寄存器恢复为配置默认值。"	"配置还为每个 DO 点位声明控制模式与脉冲宽度的默认值。模块启动时以这些默认值初始化对应运行时寄存器；启动完成后，以主系统通过 Modbus 写入的运行时寄存器值为准，配置文件不持续覆盖运行时值。调用状态重置接口时，对应寄存器恢复为配置默认值。"	"dc1a1298bb3432e41f816d456f2af2c1b64256d256a64309be5b41a928a4040f"	"simulator-testability-or-operability-candidate"	"review-planning-source-without-verifiable-approval-chain"	"slots-simulator-development-test-tool-only"	"needs-simulator-product-owner-and-explicit-approval"	"document-route:R10-candidate; unit-kind:markdown-paragraph; source-document-class:SIM-REQ; ledger-history:H-U; see R10 Git history, derivation and status-correction groups"	"none-found-within-r10-pass"	"not-approved"	"simulator-product-owner;approved-tool-scope-source;named-approver;approval-date;approved-scope;version-or-sha256-binding"
"R10-A0079"	"R10"	"R10-04"	"slots-simulator/docs/01-requirements/fr-001-configurable-slot-count-and-io-mapping.md"	"6c30831ae7bcfbb7d606c4ebabdfe5b6fd61c1f04b83e697f56825b03e9aba32"	"line 28"	"FR-001 可配置仓位数量与 IO 点位映射 > Origin 需求来源"	"模拟器自身的可配置性需求，源自 [[dr-004-configurable-slot-count|DR-004]]（仓位数量可配置）与 [[dr-005-modbus-protocol-fidelity|DR-005]]（真实设备寄存器表已经明确，但仓位到“模块实例 + 通道”的项目级布线映射仍需可配置）。"	"模拟器自身的可配置性需求，源自 [[dr-004-configurable-slot-count|DR-004]]（仓位数量可配置）与 [[dr-005-modbus-protocol-fidelity|DR-005]]（真实设备寄存器表已经明确，但仓位到“模块实例 + 通道”的项目级布线映射仍需可配置）。"	"37eab46d5461aeb88100f5b224e4eb1b9b61c22f856d93a6e665fac7486c8b90"	"source-origin-background-or-traceability-evidence"	"review-planning-source-without-verifiable-approval-chain"	"slots-simulator-development-test-tool-only"	"source-or-traceability-evidence-only"	"document-route:R10-candidate; unit-kind:markdown-paragraph; source-document-class:SIM-REQ; ledger-history:H-U; see R10 Git history, derivation and status-correction groups"	"SCOPE-R10-001,GAP-R10-001"	"not-approved"	"evidence-only-not-an-approval-unit;named-approver;approval-date;approved-scope;version-or-sha256-binding"
"R10-A0080"	"R10"	"R10-04"	"slots-simulator/docs/01-requirements/fr-001-configurable-slot-count-and-io-mapping.md"	"6c30831ae7bcfbb7d606c4ebabdfe5b6fd61c1f04b83e697f56825b03e9aba32"	"line 32"	"FR-001 可配置仓位数量与 IO 点位映射 > Acceptance Criteria 验收标准"	"通过 WPF 或外部方式修改配置中的仓位数量并通过完整校验后，配置立即原子热重载生效，不需要改代码或重启进程；"	"通过 WPF 或外部方式修改配置中的仓位数量并通过完整校验后，配置立即原子热重载生效，不需要改代码或重启进程；热重载失败时继续使用上一份有效配置。"	"573ea7799abf28e43087460d537f6136109841fc575856f4edfc2a205381dd1e"	"embedded-simulator-technical-design-choice"	"review-planning-source-without-verifiable-approval-chain"	"slots-simulator-development-test-tool-only"	"exclude-from-requirement-approval"	"document-route:R10-candidate; unit-kind:markdown-flow-or-list-item; source-document-class:SIM-REQ; ledger-history:H-U; see R10 Git history, derivation and status-correction groups"	"none-found-within-r10-pass"	"not-approved"	"separate-technical-design-review;approved-simulator-behavior-source-if-mechanism-is-mandatory;named-approver;approval-date;approved-scope;version-or-sha256-binding"
"R10-A0081"	"R10"	"R10-04"	"slots-simulator/docs/01-requirements/fr-001-configurable-slot-count-and-io-mapping.md"	"6c30831ae7bcfbb7d606c4ebabdfe5b6fd61c1f04b83e697f56825b03e9aba32"	"line 32"	"FR-001 可配置仓位数量与 IO 点位映射 > Acceptance Criteria 验收标准"	"热重载失败时继续使用上一份有效配置。"	"通过 WPF 或外部方式修改配置中的仓位数量并通过完整校验后，配置立即原子热重载生效，不需要改代码或重启进程；热重载失败时继续使用上一份有效配置。"	"eeec0abbb9ec0b9d733858f0e187a0b9eb43d23db5b5f95953f919f6fe85876a"	"embedded-simulator-technical-design-choice"	"review-planning-source-without-verifiable-approval-chain"	"slots-simulator-development-test-tool-only"	"exclude-from-requirement-approval"	"document-route:R10-candidate; unit-kind:markdown-flow-or-list-item; source-document-class:SIM-REQ; ledger-history:H-U; see R10 Git history, derivation and status-correction groups"	"none-found-within-r10-pass"	"not-approved"	"separate-technical-design-review;approved-simulator-behavior-source-if-mechanism-is-mandatory;named-approver;approval-date;approved-scope;version-or-sha256-binding"
"R10-A0082"	"R10"	"R10-04"	"slots-simulator/docs/01-requirements/fr-001-configurable-slot-count-and-io-mapping.md"	"6c30831ae7bcfbb7d606c4ebabdfe5b6fd61c1f04b83e697f56825b03e9aba32"	"line 33"	"FR-001 可配置仓位数量与 IO 点位映射 > Acceptance Criteria 验收标准"	"每个仓位至少可配置：开锁指令（DO）、锁状态（DI）、光幕/物体检测（DI）三类点位地址。"	"每个仓位至少可配置：开锁指令（DO）、锁状态（DI）、光幕/物体检测（DI）三类点位地址。"	"8013798b071a93669878931595daf902caaf55a1f8b2378f2e1ec4756733ecce"	"simulator-configuration-or-validation-candidate"	"review-planning-source-without-verifiable-approval-chain"	"slots-simulator-configuration-layout-and-module-topology"	"needs-simulator-product-owner-and-explicit-approval"	"document-route:R10-candidate; unit-kind:markdown-flow-or-list-item; source-document-class:SIM-REQ; ledger-history:H-U; see R10 Git history, derivation and status-correction groups"	"EVID-R10-001,GAP-R10-001"	"not-approved"	"simulator-product-owner;approved-tool-scope-source;named-approver;approval-date;approved-scope;version-or-sha256-binding"
"R10-A0083"	"R10"	"R10-04"	"slots-simulator/docs/01-requirements/fr-001-configurable-slot-count-and-io-mapping.md"	"6c30831ae7bcfbb7d606c4ebabdfe5b6fd61c1f04b83e697f56825b03e9aba32"	"line 34"	"FR-001 可配置仓位数量与 IO 点位映射 > Acceptance Criteria 验收标准"	"真实点位表确认后，能够直接更新配置文件适配，不需要改动模拟器代码。"	"真实点位表确认后，能够直接更新配置文件适配，不需要改动模拟器代码。"	"70d2c6d906c60a82730ce663d761701f5b40b04c909cc60aaf311391ea9752d1"	"simulator-configuration-or-validation-candidate"	"review-planning-source-without-verifiable-approval-chain"	"slots-simulator-configuration-layout-and-module-topology"	"needs-simulator-product-owner-and-explicit-approval"	"document-route:R10-candidate; unit-kind:markdown-flow-or-list-item; source-document-class:SIM-REQ; ledger-history:H-U; see R10 Git history, derivation and status-correction groups"	"none-found-within-r10-pass"	"not-approved"	"simulator-product-owner;approved-tool-scope-source;named-approver;approval-date;approved-scope;version-or-sha256-binding"
"R10-A0084"	"R10"	"R10-04"	"slots-simulator/docs/01-requirements/fr-001-configurable-slot-count-and-io-mapping.md"	"6c30831ae7bcfbb7d606c4ebabdfe5b6fd61c1f04b83e697f56825b03e9aba32"	"line 35"	"FR-001 可配置仓位数量与 IO 点位映射 > Acceptance Criteria 验收标准"	"每个 DO 点位除地址外，还可以按 [[fr-012-do-pulse-level-control-mode|FR-012]] 独立配置电平/脉冲控制模式，两者是同一个点位配置项下的不同字段。"	"每个 DO 点位除地址外，还可以按 [[fr-012-do-pulse-level-control-mode|FR-012]] 独立配置电平/脉冲控制模式，两者是同一个点位配置项下的不同字段。"	"85e964fa80580d5c9535785277276c6e8b0d52f6ef9acb204c13861c4daff605"	"simulator-configuration-or-validation-candidate"	"review-planning-source-without-verifiable-approval-chain"	"slots-simulator-configuration-layout-and-module-topology"	"needs-simulator-product-owner-and-explicit-approval"	"document-route:R10-candidate; unit-kind:markdown-flow-or-list-item; source-document-class:SIM-REQ; ledger-history:H-U; see R10 Git history, derivation and status-correction groups"	"GAP-R10-001"	"not-approved"	"simulator-product-owner;approved-tool-scope-source;named-approver;approval-date;approved-scope;version-or-sha256-binding"
"R10-A0085"	"R10"	"R10-04"	"slots-simulator/docs/01-requirements/fr-001-configurable-slot-count-and-io-mapping.md"	"6c30831ae7bcfbb7d606c4ebabdfe5b6fd61c1f04b83e697f56825b03e9aba32"	"line 36"	"FR-001 可配置仓位数量与 IO 点位映射 > Acceptance Criteria 验收标准"	"每个仓位的 DO/DI 点位配置指定所属的 IO 模块实例与模块内通道号；"	"每个仓位的 DO/DI 点位配置指定所属的 IO 模块实例与模块内通道号；通道号超出该模块所套用寄存器表模板（[[fr-013-configurable-register-table-template|FR-013]]）声明的 DO/DI 数量时，视为配置错误。"	"a84497edb841844aad56ac1c8845248620f164d3afb5a09e6052ab96cf3bce59"	"simulator-configuration-or-validation-candidate"	"review-planning-source-without-verifiable-approval-chain"	"slots-simulator-configuration-layout-and-module-topology"	"needs-simulator-product-owner-and-explicit-approval"	"document-route:R10-candidate; unit-kind:markdown-flow-or-list-item; source-document-class:SIM-REQ; ledger-history:H-U; see R10 Git history, derivation and status-correction groups"	"none-found-within-r10-pass"	"not-approved"	"simulator-product-owner;approved-tool-scope-source;named-approver;approval-date;approved-scope;version-or-sha256-binding"
"R10-A0086"	"R10"	"R10-04"	"slots-simulator/docs/01-requirements/fr-001-configurable-slot-count-and-io-mapping.md"	"6c30831ae7bcfbb7d606c4ebabdfe5b6fd61c1f04b83e697f56825b03e9aba32"	"line 36"	"FR-001 可配置仓位数量与 IO 点位映射 > Acceptance Criteria 验收标准"	"通道号超出该模块所套用寄存器表模板（[[fr-013-configurable-register-table-template|FR-013]]）声明的 DO/DI 数量时，视为配置错误。"	"每个仓位的 DO/DI 点位配置指定所属的 IO 模块实例与模块内通道号；通道号超出该模块所套用寄存器表模板（[[fr-013-configurable-register-table-template|FR-013]]）声明的 DO/DI 数量时，视为配置错误。"	"6aeedebbcfd7195d0ff7ee580bc3d2c98c00cb0d2f07ec91806f299aef1f20de"	"simulator-configuration-or-validation-candidate"	"review-planning-source-without-verifiable-approval-chain"	"slots-simulator-configuration-layout-and-module-topology"	"needs-simulator-product-owner-and-explicit-approval"	"document-route:R10-candidate; unit-kind:markdown-flow-or-list-item; source-document-class:SIM-REQ; ledger-history:H-U; see R10 Git history, derivation and status-correction groups"	"SCOPE-R10-001"	"not-approved"	"simulator-product-owner;approved-tool-scope-source;named-approver;approval-date;approved-scope;version-or-sha256-binding"
"R10-A0087"	"R10"	"R10-04"	"slots-simulator/docs/01-requirements/fr-001-configurable-slot-count-and-io-mapping.md"	"6c30831ae7bcfbb7d606c4ebabdfe5b6fd61c1f04b83e697f56825b03e9aba32"	"line 37"	"FR-001 可配置仓位数量与 IO 点位映射 > Acceptance Criteria 验收标准"	"每个 DO 点位可配置控制模式与脉冲宽度默认值；"	"每个 DO 点位可配置控制模式与脉冲宽度默认值；启动时初始化对应运行时寄存器，运行期间寄存器写入立即成为当前有效值，状态重置时恢复配置默认值。"	"92c9d4288e2f57b1323ce15ba70d277a82322202cefb828070e02a80af710bb8"	"simulator-configuration-or-validation-candidate"	"review-planning-source-without-verifiable-approval-chain"	"slots-simulator-configuration-layout-and-module-topology"	"needs-simulator-product-owner-and-explicit-approval"	"document-route:R10-candidate; unit-kind:markdown-flow-or-list-item; source-document-class:SIM-REQ; ledger-history:H-U; see R10 Git history, derivation and status-correction groups"	"none-found-within-r10-pass"	"not-approved"	"simulator-product-owner;approved-tool-scope-source;named-approver;approval-date;approved-scope;version-or-sha256-binding"
"R10-A0088"	"R10"	"R10-04"	"slots-simulator/docs/01-requirements/fr-001-configurable-slot-count-and-io-mapping.md"	"6c30831ae7bcfbb7d606c4ebabdfe5b6fd61c1f04b83e697f56825b03e9aba32"	"line 37"	"FR-001 可配置仓位数量与 IO 点位映射 > Acceptance Criteria 验收标准"	"启动时初始化对应运行时寄存器，运行期间寄存器写入立即成为当前有效值，状态重置时恢复配置默认值。"	"每个 DO 点位可配置控制模式与脉冲宽度默认值；启动时初始化对应运行时寄存器，运行期间寄存器写入立即成为当前有效值，状态重置时恢复配置默认值。"	"3146b32b3506f5bab1e96959c1c87ca1873c8479476f819546304db45ac4c325"	"simulator-testability-or-operability-candidate"	"review-planning-source-without-verifiable-approval-chain"	"slots-simulator-development-test-tool-only"	"needs-simulator-product-owner-and-explicit-approval"	"document-route:R10-candidate; unit-kind:markdown-flow-or-list-item; source-document-class:SIM-REQ; ledger-history:H-U; see R10 Git history, derivation and status-correction groups"	"none-found-within-r10-pass"	"not-approved"	"simulator-product-owner;approved-tool-scope-source;named-approver;approval-date;approved-scope;version-or-sha256-binding"
"R10-A0089"	"R10"	"R10-04"	"slots-simulator/docs/01-requirements/fr-001-configurable-slot-count-and-io-mapping.md"	"6c30831ae7bcfbb7d606c4ebabdfe5b6fd61c1f04b83e697f56825b03e9aba32"	"line 38"	"FR-001 可配置仓位数量与 IO 点位映射 > Acceptance Criteria 验收标准"	"配置存在重复点位映射、未知模块引用、越界通道或不符合模板数据范围的默认值时，启动失败并明确指出配置项，不得静默修正。"	"配置存在重复点位映射、未知模块引用、越界通道或不符合模板数据范围的默认值时，启动失败并明确指出配置项，不得静默修正。"	"46a88b48ca7e6596f26f94730dc259e68da525d9b788ab2471d3ca71c13815c2"	"simulator-configuration-or-validation-candidate"	"review-planning-source-without-verifiable-approval-chain"	"slots-simulator-configuration-layout-and-module-topology"	"needs-simulator-product-owner-and-explicit-approval"	"document-route:R10-candidate; unit-kind:markdown-flow-or-list-item; source-document-class:SIM-REQ; ledger-history:H-U; see R10 Git history, derivation and status-correction groups"	"none-found-within-r10-pass"	"not-approved"	"simulator-product-owner;approved-tool-scope-source;named-approver;approval-date;approved-scope;version-or-sha256-binding"
"R10-A0090"	"R10"	"R10-04"	"slots-simulator/docs/01-requirements/fr-001-configurable-slot-count-and-io-mapping.md"	"6c30831ae7bcfbb7d606c4ebabdfe5b6fd61c1f04b83e697f56825b03e9aba32"	"line 42"	"FR-001 可配置仓位数量与 IO 点位映射 > Related Use Case 关联用例"	"[UC-018 IO 点位映射表核对测试](../../../requirement-documents/03-use-cases/uc-018-io-point-mapping-verification-test.md)；"	"[UC-018 IO 点位映射表核对测试](../../../requirement-documents/03-use-cases/uc-018-io-point-mapping-verification-test.md)；其余仓位相关用例间接依赖本 FR 的映射配置。"	"94f7231b4bb2b6d2774ecc6118e9264f287364f172a12b97d656ff58761b6a14"	"source-origin-background-or-traceability-evidence"	"review-planning-source-without-verifiable-approval-chain"	"slots-simulator-development-test-tool-only"	"source-or-traceability-evidence-only"	"document-route:R10-candidate; unit-kind:markdown-paragraph; source-document-class:SIM-REQ; ledger-history:H-U; see R10 Git history, derivation and status-correction groups"	"BOUND-R10-001"	"not-approved"	"evidence-only-not-an-approval-unit;named-approver;approval-date;approved-scope;version-or-sha256-binding"
"R10-A0091"	"R10"	"R10-04"	"slots-simulator/docs/01-requirements/fr-001-configurable-slot-count-and-io-mapping.md"	"6c30831ae7bcfbb7d606c4ebabdfe5b6fd61c1f04b83e697f56825b03e9aba32"	"line 42"	"FR-001 可配置仓位数量与 IO 点位映射 > Related Use Case 关联用例"	"其余仓位相关用例间接依赖本 FR 的映射配置。"	"[UC-018 IO 点位映射表核对测试](../../../requirement-documents/03-use-cases/uc-018-io-point-mapping-verification-test.md)；其余仓位相关用例间接依赖本 FR 的映射配置。"	"38d1b3d2c357325678029ad2d692038cc679bf79ee7d4b518354d39181e55146"	"source-origin-background-or-traceability-evidence"	"review-planning-source-without-verifiable-approval-chain"	"slots-simulator-development-test-tool-only"	"source-or-traceability-evidence-only"	"document-route:R10-candidate; unit-kind:markdown-paragraph; source-document-class:SIM-REQ; ledger-history:H-U; see R10 Git history, derivation and status-correction groups"	"none-found-within-r10-pass"	"not-approved"	"evidence-only-not-an-approval-unit;named-approver;approval-date;approved-scope;version-or-sha256-binding"
"R10-A0092"	"R10"	"R10-04"	"slots-simulator/docs/01-requirements/fr-001-configurable-slot-count-and-io-mapping.md"	"6c30831ae7bcfbb7d606c4ebabdfe5b6fd61c1f04b83e697f56825b03e9aba32"	"line 46"	"FR-001 可配置仓位数量与 IO 点位映射 > Verification 验证方式"	"**TC-FR-001-001（预留）**：Given 配置声明两个 IO 模块、多个仓位及合法的模块通道映射；"	"**TC-FR-001-001（预留）**：Given 配置声明两个 IO 模块、多个仓位及合法的模块通道映射；When 启动模拟器；Then 仓位数量、模块归属和 DO/DI 通道均与配置一致，无需修改代码。"	"dd4e4deb121f0f470d054882b313e680dce0167904fb0a04a92d4e1cb5445472"	"reserved-verification-plan-evidence"	"review-planning-source-without-verifiable-approval-chain"	"slots-simulator-development-test-tool-only"	"test-plan-evidence-only"	"document-route:R10-candidate; unit-kind:markdown-flow-or-list-item; source-document-class:SIM-REQ; ledger-history:H-U; see R10 Git history, derivation and status-correction groups"	"none-found-within-r10-pass"	"not-approved"	"evidence-only-not-an-approval-unit;named-approver;approval-date;approved-scope;version-or-sha256-binding"
"R10-A0093"	"R10"	"R10-04"	"slots-simulator/docs/01-requirements/fr-001-configurable-slot-count-and-io-mapping.md"	"6c30831ae7bcfbb7d606c4ebabdfe5b6fd61c1f04b83e697f56825b03e9aba32"	"line 46"	"FR-001 可配置仓位数量与 IO 点位映射 > Verification 验证方式"	"When 启动模拟器；"	"**TC-FR-001-001（预留）**：Given 配置声明两个 IO 模块、多个仓位及合法的模块通道映射；When 启动模拟器；Then 仓位数量、模块归属和 DO/DI 通道均与配置一致，无需修改代码。"	"76f2c110594ad452fa547895b910248f9f0af12541d92d9cf62a0c55e4a80bb9"	"reserved-verification-plan-evidence"	"review-planning-source-without-verifiable-approval-chain"	"slots-simulator-development-test-tool-only"	"test-plan-evidence-only"	"document-route:R10-candidate; unit-kind:markdown-flow-or-list-item; source-document-class:SIM-REQ; ledger-history:H-U; see R10 Git history, derivation and status-correction groups"	"none-found-within-r10-pass"	"not-approved"	"evidence-only-not-an-approval-unit;named-approver;approval-date;approved-scope;version-or-sha256-binding"
"R10-A0094"	"R10"	"R10-04"	"slots-simulator/docs/01-requirements/fr-001-configurable-slot-count-and-io-mapping.md"	"6c30831ae7bcfbb7d606c4ebabdfe5b6fd61c1f04b83e697f56825b03e9aba32"	"line 46"	"FR-001 可配置仓位数量与 IO 点位映射 > Verification 验证方式"	"Then 仓位数量、模块归属和 DO/DI 通道均与配置一致，无需修改代码。"	"**TC-FR-001-001（预留）**：Given 配置声明两个 IO 模块、多个仓位及合法的模块通道映射；When 启动模拟器；Then 仓位数量、模块归属和 DO/DI 通道均与配置一致，无需修改代码。"	"dc036d1dd09af0f73cf1b2c3437acfcdb881196afd0bd3bedea691219032ebfa"	"reserved-verification-plan-evidence"	"review-planning-source-without-verifiable-approval-chain"	"slots-simulator-development-test-tool-only"	"test-plan-evidence-only"	"document-route:R10-candidate; unit-kind:markdown-flow-or-list-item; source-document-class:SIM-REQ; ledger-history:H-U; see R10 Git history, derivation and status-correction groups"	"none-found-within-r10-pass"	"not-approved"	"evidence-only-not-an-approval-unit;named-approver;approval-date;approved-scope;version-or-sha256-binding"
"R10-A0095"	"R10"	"R10-04"	"slots-simulator/docs/01-requirements/fr-001-configurable-slot-count-and-io-mapping.md"	"6c30831ae7bcfbb7d606c4ebabdfe5b6fd61c1f04b83e697f56825b03e9aba32"	"line 47"	"FR-001 可配置仓位数量与 IO 点位映射 > Verification 验证方式"	"**TC-FR-001-002（预留）**：Given 配置包含未知模块、重复映射或超出模板上限的通道；"	"**TC-FR-001-002（预留）**：Given 配置包含未知模块、重复映射或超出模板上限的通道；When 启动模拟器；Then 启动被拒绝，并返回可定位到具体配置项的错误。"	"a7c7e8eb97522a68567eab985aa60ab2c5bcdcb59d01ab13c3143cd46617891c"	"reserved-verification-plan-evidence"	"review-planning-source-without-verifiable-approval-chain"	"slots-simulator-development-test-tool-only"	"test-plan-evidence-only"	"document-route:R10-candidate; unit-kind:markdown-flow-or-list-item; source-document-class:SIM-REQ; ledger-history:H-U; see R10 Git history, derivation and status-correction groups"	"none-found-within-r10-pass"	"not-approved"	"evidence-only-not-an-approval-unit;named-approver;approval-date;approved-scope;version-or-sha256-binding"
"R10-A0096"	"R10"	"R10-04"	"slots-simulator/docs/01-requirements/fr-001-configurable-slot-count-and-io-mapping.md"	"6c30831ae7bcfbb7d606c4ebabdfe5b6fd61c1f04b83e697f56825b03e9aba32"	"line 47"	"FR-001 可配置仓位数量与 IO 点位映射 > Verification 验证方式"	"When 启动模拟器；"	"**TC-FR-001-002（预留）**：Given 配置包含未知模块、重复映射或超出模板上限的通道；When 启动模拟器；Then 启动被拒绝，并返回可定位到具体配置项的错误。"	"76f2c110594ad452fa547895b910248f9f0af12541d92d9cf62a0c55e4a80bb9"	"reserved-verification-plan-evidence"	"review-planning-source-without-verifiable-approval-chain"	"slots-simulator-development-test-tool-only"	"test-plan-evidence-only"	"document-route:R10-candidate; unit-kind:markdown-flow-or-list-item; source-document-class:SIM-REQ; ledger-history:H-U; see R10 Git history, derivation and status-correction groups; exact-duplicate-of:R10-A0093"	"none-found-within-r10-pass"	"not-approved"	"evidence-only-not-an-approval-unit;named-approver;approval-date;approved-scope;version-or-sha256-binding"
"R10-A0097"	"R10"	"R10-04"	"slots-simulator/docs/01-requirements/fr-001-configurable-slot-count-and-io-mapping.md"	"6c30831ae7bcfbb7d606c4ebabdfe5b6fd61c1f04b83e697f56825b03e9aba32"	"line 47"	"FR-001 可配置仓位数量与 IO 点位映射 > Verification 验证方式"	"Then 启动被拒绝，并返回可定位到具体配置项的错误。"	"**TC-FR-001-002（预留）**：Given 配置包含未知模块、重复映射或超出模板上限的通道；When 启动模拟器；Then 启动被拒绝，并返回可定位到具体配置项的错误。"	"e38eb5b57cee10b5397c3952098dc2266fcf81f864799ee7a15a3525a4425100"	"reserved-verification-plan-evidence"	"review-planning-source-without-verifiable-approval-chain"	"slots-simulator-development-test-tool-only"	"test-plan-evidence-only"	"document-route:R10-candidate; unit-kind:markdown-flow-or-list-item; source-document-class:SIM-REQ; ledger-history:H-U; see R10 Git history, derivation and status-correction groups"	"none-found-within-r10-pass"	"not-approved"	"evidence-only-not-an-approval-unit;named-approver;approval-date;approved-scope;version-or-sha256-binding"
"R10-A0098"	"R10"	"R10-04"	"slots-simulator/docs/01-requirements/fr-001-configurable-slot-count-and-io-mapping.md"	"6c30831ae7bcfbb7d606c4ebabdfe5b6fd61c1f04b83e697f56825b03e9aba32"	"line 48"	"FR-001 可配置仓位数量与 IO 点位映射 > Verification 验证方式"	"**TC-FR-001-003（预留）**：Given 某 DO 的配置默认控制模式为 Pulse、脉冲宽度为 500 ms；"	"**TC-FR-001-003（预留）**：Given 某 DO 的配置默认控制模式为 Pulse、脉冲宽度为 500 ms；When 启动后通过 Modbus 改为 Level 和 1000 ms，再调用状态重置；Then 运行期间使用写入值，重置后恢复 Pulse 和 500 ms。"	"fe38140ed9ceb73e0fd5b0fc4dd4347ea694f47028da40d961ffe2b7c85c803b"	"reserved-verification-plan-evidence"	"review-planning-source-without-verifiable-approval-chain"	"slots-simulator-development-test-tool-only"	"test-plan-evidence-only"	"document-route:R10-candidate; unit-kind:markdown-flow-or-list-item; source-document-class:SIM-REQ; ledger-history:H-U; see R10 Git history, derivation and status-correction groups"	"EVID-R10-001"	"not-approved"	"evidence-only-not-an-approval-unit;named-approver;approval-date;approved-scope;version-or-sha256-binding"
"R10-A0099"	"R10"	"R10-04"	"slots-simulator/docs/01-requirements/fr-001-configurable-slot-count-and-io-mapping.md"	"6c30831ae7bcfbb7d606c4ebabdfe5b6fd61c1f04b83e697f56825b03e9aba32"	"line 48"	"FR-001 可配置仓位数量与 IO 点位映射 > Verification 验证方式"	"When 启动后通过 Modbus 改为 Level 和 1000 ms，再调用状态重置；"	"**TC-FR-001-003（预留）**：Given 某 DO 的配置默认控制模式为 Pulse、脉冲宽度为 500 ms；When 启动后通过 Modbus 改为 Level 和 1000 ms，再调用状态重置；Then 运行期间使用写入值，重置后恢复 Pulse 和 500 ms。"	"5c123856c2452720061d39dd6fd4b62395555322b2971fbaedf01ff775591a2c"	"reserved-verification-plan-evidence"	"review-planning-source-without-verifiable-approval-chain"	"slots-simulator-development-test-tool-only"	"test-plan-evidence-only"	"document-route:R10-candidate; unit-kind:markdown-flow-or-list-item; source-document-class:SIM-REQ; ledger-history:H-U; see R10 Git history, derivation and status-correction groups"	"GAP-R10-001"	"not-approved"	"evidence-only-not-an-approval-unit;named-approver;approval-date;approved-scope;version-or-sha256-binding"
"R10-A0100"	"R10"	"R10-04"	"slots-simulator/docs/01-requirements/fr-001-configurable-slot-count-and-io-mapping.md"	"6c30831ae7bcfbb7d606c4ebabdfe5b6fd61c1f04b83e697f56825b03e9aba32"	"line 48"	"FR-001 可配置仓位数量与 IO 点位映射 > Verification 验证方式"	"Then 运行期间使用写入值，重置后恢复 Pulse 和 500 ms。"	"**TC-FR-001-003（预留）**：Given 某 DO 的配置默认控制模式为 Pulse、脉冲宽度为 500 ms；When 启动后通过 Modbus 改为 Level 和 1000 ms，再调用状态重置；Then 运行期间使用写入值，重置后恢复 Pulse 和 500 ms。"	"e3bbf3c33101740783e22fb3088948462ae0ef348537bf241deb5211f5901374"	"reserved-verification-plan-evidence"	"review-planning-source-without-verifiable-approval-chain"	"slots-simulator-development-test-tool-only"	"test-plan-evidence-only"	"document-route:R10-candidate; unit-kind:markdown-flow-or-list-item; source-document-class:SIM-REQ; ledger-history:H-U; see R10 Git history, derivation and status-correction groups"	"EVID-R10-001"	"not-approved"	"evidence-only-not-an-approval-unit;named-approver;approval-date;approved-scope;version-or-sha256-binding"
"R10-A0101"	"R10"	"R10-05"	"slots-simulator/docs/01-requirements/fr-002-slot-state-machine-normal-flow.md"	"da7627a47f12cd3def5164d7d18b0203ea7278398b53387349e9e61b74609e2c"	"line 18"	"FR-002 仓位状态机与正常流程 > Description 需求描述"	"每个仓位维护锁状态（锁定/解锁）、门状态（开/关）和光幕检测（有遮挡/无遮挡），并支持“开锁并由弹簧自动弹门→放料→关门”以及“开锁并由弹簧自动弹门→取出→关门”的状态迁移。"	"每个仓位维护锁状态（锁定/解锁）、门状态（开/关）和光幕检测（有遮挡/无遮挡），并支持“开锁并由弹簧自动弹门→放料→关门”以及“开锁并由弹簧自动弹门→取出→关门”的状态迁移。统一术语为“开锁、关门、放料、取出”。"	"81ebe1d1de5e0fea95eb5db140b70c98ed00802a09b59f1b05f956c92d8c711b"	"embedded-main-system-or-field-claim"	"review-planning-source-without-verifiable-approval-chain"	"8005-main-system-or-field-evidence-lead-not-simulator-approval"	"main-system-or-field-lead-evidence-only"	"document-route:R10-candidate; unit-kind:markdown-paragraph; source-document-class:SIM-REQ + MAIN-LEAD; ledger-history:H-AI; see R10 Git history, derivation and status-correction groups"	"EVID-R10-001"	"not-approved"	"authoritative-main-system-source;do-not-reverse-infer-from-simulator-planning;named-approver;approval-date;approved-scope;version-or-sha256-binding"
"R10-A0102"	"R10"	"R10-05"	"slots-simulator/docs/01-requirements/fr-002-slot-state-machine-normal-flow.md"	"da7627a47f12cd3def5164d7d18b0203ea7278398b53387349e9e61b74609e2c"	"line 18"	"FR-002 仓位状态机与正常流程 > Description 需求描述"	"统一术语为“开锁、关门、放料、取出”。"	"每个仓位维护锁状态（锁定/解锁）、门状态（开/关）和光幕检测（有遮挡/无遮挡），并支持“开锁并由弹簧自动弹门→放料→关门”以及“开锁并由弹簧自动弹门→取出→关门”的状态迁移。统一术语为“开锁、关门、放料、取出”。"	"b113dcebdf6c2ef3fda7c6156ce65cea79880d7b52ea6d9eb2e94cefdd401c3d"	"simulator-slot-behavior-or-fault-stimulus-candidate"	"review-planning-source-without-verifiable-approval-chain"	"slots-simulator-development-test-tool-only"	"needs-simulator-hardware-behavior-owner-and-explicit-approval"	"document-route:R10-candidate; unit-kind:markdown-paragraph; source-document-class:SIM-REQ + MAIN-LEAD; ledger-history:H-AI; see R10 Git history, derivation and status-correction groups"	"none-found-within-r10-pass"	"not-approved"	"simulator-hardware-behavior-owner;bound-8005-field-evidence-and-polarity-normalization;named-approver;approval-date;approved-scope;version-or-sha256-binding"
"R10-A0103"	"R10"	"R10-05"	"slots-simulator/docs/01-requirements/fr-002-slot-state-machine-normal-flow.md"	"da7627a47f12cd3def5164d7d18b0203ea7278398b53387349e9e61b74609e2c"	"line 20"	"FR-002 仓位状态机与正常流程 > Description 需求描述"	"“开锁指令”DO 与“锁状态”DI 是两个独立硬件事实。"	"“开锁指令”DO 与“锁状态”DI 是两个独立硬件事实。主系统写 DO=1 触发电磁铁拉下锁舌；正常情况下弹簧随即把仓门弹开，锁状态 DI 变为“未锁”。脉冲模式下 DO 在脉宽结束后由 IO 模块自动复位为 0，但仓门仍然打开、锁状态 DI 仍保持“未锁”；只有操作员实际关闭仓门并使锁舌重新闩合后，锁状态 DI 才变回“锁闭”。因此不得用 DO=0 推断仓门已经锁闭。"	"28cf37bea2df0f10f746f9a042354cded91be345deade3ef01523d2fe7023bd4"	"simulator-interface-or-protocol-behavior-candidate"	"review-planning-source-without-verifiable-approval-chain"	"slots-simulator-test-control-and-modbus-interface"	"needs-simulator-interface-owner-and-explicit-approval"	"document-route:R10-candidate; unit-kind:markdown-paragraph; source-document-class:SIM-REQ + MAIN-LEAD; ledger-history:H-AI; see R10 Git history, derivation and status-correction groups"	"EVID-R10-001"	"not-approved"	"simulator-interface-owner;complete-versioned-interface-or-protocol-contract;named-approver;approval-date;approved-scope;version-or-sha256-binding"
"R10-A0104"	"R10"	"R10-05"	"slots-simulator/docs/01-requirements/fr-002-slot-state-machine-normal-flow.md"	"da7627a47f12cd3def5164d7d18b0203ea7278398b53387349e9e61b74609e2c"	"line 20"	"FR-002 仓位状态机与正常流程 > Description 需求描述"	"主系统写 DO=1 触发电磁铁拉下锁舌；"	"“开锁指令”DO 与“锁状态”DI 是两个独立硬件事实。主系统写 DO=1 触发电磁铁拉下锁舌；正常情况下弹簧随即把仓门弹开，锁状态 DI 变为“未锁”。脉冲模式下 DO 在脉宽结束后由 IO 模块自动复位为 0，但仓门仍然打开、锁状态 DI 仍保持“未锁”；只有操作员实际关闭仓门并使锁舌重新闩合后，锁状态 DI 才变回“锁闭”。因此不得用 DO=0 推断仓门已经锁闭。"	"5ac9a2f206735658b4b7ce4ae0f7e70f7834d2db901c343da8e993b82d1c0cd0"	"embedded-main-system-or-field-claim"	"review-planning-source-without-verifiable-approval-chain"	"8005-main-system-or-field-evidence-lead-not-simulator-approval"	"main-system-or-field-lead-evidence-only"	"document-route:R10-candidate; unit-kind:markdown-paragraph; source-document-class:SIM-REQ + MAIN-LEAD; ledger-history:H-AI; see R10 Git history, derivation and status-correction groups"	"BOUND-R10-001"	"not-approved"	"authoritative-main-system-source;do-not-reverse-infer-from-simulator-planning;named-approver;approval-date;approved-scope;version-or-sha256-binding"
"R10-A0105"	"R10"	"R10-05"	"slots-simulator/docs/01-requirements/fr-002-slot-state-machine-normal-flow.md"	"da7627a47f12cd3def5164d7d18b0203ea7278398b53387349e9e61b74609e2c"	"line 20"	"FR-002 仓位状态机与正常流程 > Description 需求描述"	"正常情况下弹簧随即把仓门弹开，锁状态 DI 变为“未锁”。"	"“开锁指令”DO 与“锁状态”DI 是两个独立硬件事实。主系统写 DO=1 触发电磁铁拉下锁舌；正常情况下弹簧随即把仓门弹开，锁状态 DI 变为“未锁”。脉冲模式下 DO 在脉宽结束后由 IO 模块自动复位为 0，但仓门仍然打开、锁状态 DI 仍保持“未锁”；只有操作员实际关闭仓门并使锁舌重新闩合后，锁状态 DI 才变回“锁闭”。因此不得用 DO=0 推断仓门已经锁闭。"	"e04a6538c2e46a80f810f175d5833305b47f1677a601eb0cf36534d50c0a5eaf"	"simulator-interface-or-protocol-behavior-candidate"	"review-planning-source-without-verifiable-approval-chain"	"slots-simulator-test-control-and-modbus-interface"	"needs-simulator-interface-owner-and-explicit-approval"	"document-route:R10-candidate; unit-kind:markdown-paragraph; source-document-class:SIM-REQ + MAIN-LEAD; ledger-history:H-AI; see R10 Git history, derivation and status-correction groups"	"EVID-R10-001,CF-R10-001"	"not-approved"	"simulator-interface-owner;complete-versioned-interface-or-protocol-contract;named-approver;approval-date;approved-scope;version-or-sha256-binding"
"R10-A0106"	"R10"	"R10-05"	"slots-simulator/docs/01-requirements/fr-002-slot-state-machine-normal-flow.md"	"da7627a47f12cd3def5164d7d18b0203ea7278398b53387349e9e61b74609e2c"	"line 20"	"FR-002 仓位状态机与正常流程 > Description 需求描述"	"脉冲模式下 DO 在脉宽结束后由 IO 模块自动复位为 0，但仓门仍然打开、锁状态 DI 仍保持“未锁”；"	"“开锁指令”DO 与“锁状态”DI 是两个独立硬件事实。主系统写 DO=1 触发电磁铁拉下锁舌；正常情况下弹簧随即把仓门弹开，锁状态 DI 变为“未锁”。脉冲模式下 DO 在脉宽结束后由 IO 模块自动复位为 0，但仓门仍然打开、锁状态 DI 仍保持“未锁”；只有操作员实际关闭仓门并使锁舌重新闩合后，锁状态 DI 才变回“锁闭”。因此不得用 DO=0 推断仓门已经锁闭。"	"b3385f2e2ee64b478c0c9de03934950e4a971148631b5900d7ae4601b5715d87"	"simulator-interface-or-protocol-behavior-candidate"	"review-planning-source-without-verifiable-approval-chain"	"slots-simulator-test-control-and-modbus-interface"	"needs-simulator-interface-owner-and-explicit-approval"	"document-route:R10-candidate; unit-kind:markdown-paragraph; source-document-class:SIM-REQ + MAIN-LEAD; ledger-history:H-AI; see R10 Git history, derivation and status-correction groups"	"EVID-R10-001,CF-R10-001"	"not-approved"	"simulator-interface-owner;complete-versioned-interface-or-protocol-contract;named-approver;approval-date;approved-scope;version-or-sha256-binding"
"R10-A0107"	"R10"	"R10-05"	"slots-simulator/docs/01-requirements/fr-002-slot-state-machine-normal-flow.md"	"da7627a47f12cd3def5164d7d18b0203ea7278398b53387349e9e61b74609e2c"	"line 20"	"FR-002 仓位状态机与正常流程 > Description 需求描述"	"只有操作员实际关闭仓门并使锁舌重新闩合后，锁状态 DI 才变回“锁闭”。"	"“开锁指令”DO 与“锁状态”DI 是两个独立硬件事实。主系统写 DO=1 触发电磁铁拉下锁舌；正常情况下弹簧随即把仓门弹开，锁状态 DI 变为“未锁”。脉冲模式下 DO 在脉宽结束后由 IO 模块自动复位为 0，但仓门仍然打开、锁状态 DI 仍保持“未锁”；只有操作员实际关闭仓门并使锁舌重新闩合后，锁状态 DI 才变回“锁闭”。因此不得用 DO=0 推断仓门已经锁闭。"	"9ca8c7d899d68da3801b090acb5ac0743e6506c41043f503f540e3a8bf00f63c"	"simulator-interface-or-protocol-behavior-candidate"	"review-planning-source-without-verifiable-approval-chain"	"slots-simulator-test-control-and-modbus-interface"	"needs-simulator-interface-owner-and-explicit-approval"	"document-route:R10-candidate; unit-kind:markdown-paragraph; source-document-class:SIM-REQ + MAIN-LEAD; ledger-history:H-AI; see R10 Git history, derivation and status-correction groups"	"EVID-R10-001,CF-R10-001"	"not-approved"	"simulator-interface-owner;complete-versioned-interface-or-protocol-contract;named-approver;approval-date;approved-scope;version-or-sha256-binding"
"R10-A0108"	"R10"	"R10-05"	"slots-simulator/docs/01-requirements/fr-002-slot-state-machine-normal-flow.md"	"da7627a47f12cd3def5164d7d18b0203ea7278398b53387349e9e61b74609e2c"	"line 20"	"FR-002 仓位状态机与正常流程 > Description 需求描述"	"因此不得用 DO=0 推断仓门已经锁闭。"	"“开锁指令”DO 与“锁状态”DI 是两个独立硬件事实。主系统写 DO=1 触发电磁铁拉下锁舌；正常情况下弹簧随即把仓门弹开，锁状态 DI 变为“未锁”。脉冲模式下 DO 在脉宽结束后由 IO 模块自动复位为 0，但仓门仍然打开、锁状态 DI 仍保持“未锁”；只有操作员实际关闭仓门并使锁舌重新闩合后，锁状态 DI 才变回“锁闭”。因此不得用 DO=0 推断仓门已经锁闭。"	"9e5e7e3a5bac545abae259f8b077b46d73b4e560f2684ab3f4c3ae24cd2dff81"	"simulator-interface-or-protocol-behavior-candidate"	"review-planning-source-without-verifiable-approval-chain"	"slots-simulator-test-control-and-modbus-interface"	"needs-simulator-interface-owner-and-explicit-approval"	"document-route:R10-candidate; unit-kind:markdown-paragraph; source-document-class:SIM-REQ + MAIN-LEAD; ledger-history:H-AI; see R10 Git history, derivation and status-correction groups"	"CF-R10-001"	"not-approved"	"simulator-interface-owner;complete-versioned-interface-or-protocol-contract;named-approver;approval-date;approved-scope;version-or-sha256-binding"
"R10-A0109"	"R10"	"R10-05"	"slots-simulator/docs/01-requirements/fr-002-slot-state-machine-normal-flow.md"	"da7627a47f12cd3def5164d7d18b0203ea7278398b53387349e9e61b74609e2c"	"line 22"	"FR-002 仓位状态机与正常流程 > Description 需求描述"	"""门状态""不对应独立 Modbus 点位。"	"""门状态""不对应独立 Modbus 点位。现场没有门磁/门位传感器；主系统只把有效锁 DI 的“锁闭”作为仓门已关并闩合的证明。模拟器仍维护内部门状态，用于表现弹簧自动弹门以及约束“放料/取出→关门”的动作合法性，但不对外暴露独立门 DI。"	"a5fb45a80beec6aa5267af22a1d8b162424551526382bf37d097bc3d8b4cb647"	"simulator-interface-or-protocol-behavior-candidate"	"review-planning-source-without-verifiable-approval-chain"	"slots-simulator-test-control-and-modbus-interface"	"needs-simulator-interface-owner-and-explicit-approval"	"document-route:R10-candidate; unit-kind:markdown-paragraph; source-document-class:SIM-REQ + MAIN-LEAD; ledger-history:H-AI; see R10 Git history, derivation and status-correction groups"	"GAP-R10-001"	"not-approved"	"simulator-interface-owner;complete-versioned-interface-or-protocol-contract;named-approver;approval-date;approved-scope;version-or-sha256-binding"
"R10-A0110"	"R10"	"R10-05"	"slots-simulator/docs/01-requirements/fr-002-slot-state-machine-normal-flow.md"	"da7627a47f12cd3def5164d7d18b0203ea7278398b53387349e9e61b74609e2c"	"line 22"	"FR-002 仓位状态机与正常流程 > Description 需求描述"	"现场没有门磁/门位传感器；"	"""门状态""不对应独立 Modbus 点位。现场没有门磁/门位传感器；主系统只把有效锁 DI 的“锁闭”作为仓门已关并闩合的证明。模拟器仍维护内部门状态，用于表现弹簧自动弹门以及约束“放料/取出→关门”的动作合法性，但不对外暴露独立门 DI。"	"1c5b7ecad7f390d5611e3d04f63483e6d7d7f203fce67147e73e62088ca26aee"	"embedded-main-system-or-field-claim"	"review-planning-source-without-verifiable-approval-chain"	"8005-main-system-or-field-evidence-lead-not-simulator-approval"	"main-system-or-field-lead-evidence-only"	"document-route:R10-candidate; unit-kind:markdown-paragraph; source-document-class:SIM-REQ + MAIN-LEAD; ledger-history:H-AI; see R10 Git history, derivation and status-correction groups"	"EVID-R10-001"	"not-approved"	"authoritative-main-system-source;do-not-reverse-infer-from-simulator-planning;named-approver;approval-date;approved-scope;version-or-sha256-binding"
"R10-A0111"	"R10"	"R10-05"	"slots-simulator/docs/01-requirements/fr-002-slot-state-machine-normal-flow.md"	"da7627a47f12cd3def5164d7d18b0203ea7278398b53387349e9e61b74609e2c"	"line 22"	"FR-002 仓位状态机与正常流程 > Description 需求描述"	"主系统只把有效锁 DI 的“锁闭”作为仓门已关并闩合的证明。"	"""门状态""不对应独立 Modbus 点位。现场没有门磁/门位传感器；主系统只把有效锁 DI 的“锁闭”作为仓门已关并闩合的证明。模拟器仍维护内部门状态，用于表现弹簧自动弹门以及约束“放料/取出→关门”的动作合法性，但不对外暴露独立门 DI。"	"013b1df2999928f3d0cac33fb443bb37174099c2b0619a8c7fd5dcc21fca2334"	"simulator-interface-or-protocol-behavior-candidate"	"review-planning-source-without-verifiable-approval-chain"	"slots-simulator-test-control-and-modbus-interface"	"needs-simulator-interface-owner-and-explicit-approval"	"document-route:R10-candidate; unit-kind:markdown-paragraph; source-document-class:SIM-REQ + MAIN-LEAD; ledger-history:H-AI; see R10 Git history, derivation and status-correction groups"	"BOUND-R10-001"	"not-approved"	"simulator-interface-owner;complete-versioned-interface-or-protocol-contract;named-approver;approval-date;approved-scope;version-or-sha256-binding"
"R10-A0112"	"R10"	"R10-05"	"slots-simulator/docs/01-requirements/fr-002-slot-state-machine-normal-flow.md"	"da7627a47f12cd3def5164d7d18b0203ea7278398b53387349e9e61b74609e2c"	"line 22"	"FR-002 仓位状态机与正常流程 > Description 需求描述"	"模拟器仍维护内部门状态，用于表现弹簧自动弹门以及约束“放料/取出→关门”的动作合法性，但不对外暴露独立门 DI。"	"""门状态""不对应独立 Modbus 点位。现场没有门磁/门位传感器；主系统只把有效锁 DI 的“锁闭”作为仓门已关并闩合的证明。模拟器仍维护内部门状态，用于表现弹簧自动弹门以及约束“放料/取出→关门”的动作合法性，但不对外暴露独立门 DI。"	"6ec0355cafb77614da52a023833d65aa678f39c8ef7d85d7c6a0a1ba54f26452"	"embedded-main-system-or-field-claim"	"review-planning-source-without-verifiable-approval-chain"	"8005-main-system-or-field-evidence-lead-not-simulator-approval"	"main-system-or-field-lead-evidence-only"	"document-route:R10-candidate; unit-kind:markdown-paragraph; source-document-class:SIM-REQ + MAIN-LEAD; ledger-history:H-AI; see R10 Git history, derivation and status-correction groups"	"EVID-R10-001"	"not-approved"	"authoritative-main-system-source;do-not-reverse-infer-from-simulator-planning;named-approver;approval-date;approved-scope;version-or-sha256-binding"
"R10-A0113"	"R10"	"R10-05"	"slots-simulator/docs/01-requirements/fr-002-slot-state-machine-normal-flow.md"	"da7627a47f12cd3def5164d7d18b0203ea7278398b53387349e9e61b74609e2c"	"line 24"	"FR-002 仓位状态机与正常流程 > Description 需求描述"	"""占用状态""不作为独立字段存储，也不对应独立寄存器，始终由光幕 DI 推导：有遮挡即""已占用""，无遮挡即""空闲""。"	"""占用状态""不作为独立字段存储，也不对应独立寄存器，始终由光幕 DI 推导：有遮挡即""已占用""，无遮挡即""空闲""。控制 API 的""放料""使实际遮挡成立并更新光幕 DI，""取出""清除实际遮挡并更新光幕 DI；占用变化在动作生效时发生，不要求先关门。故障注入导致光幕 DI 延迟或不跟随时，占用状态同样只按当时可读的光幕 DI 推导，不以模拟器内部的实际遮挡纠正。"	"a6006c95543b3ab8cdae8665253556b662118f4d44d1d44cf0a2db445b9109cc"	"simulator-interface-or-protocol-behavior-candidate"	"review-planning-source-without-verifiable-approval-chain"	"slots-simulator-test-control-and-modbus-interface"	"needs-simulator-interface-owner-and-explicit-approval"	"document-route:R10-candidate; unit-kind:markdown-paragraph; source-document-class:SIM-REQ + MAIN-LEAD; ledger-history:H-AI; see R10 Git history, derivation and status-correction groups"	"EVID-R10-001"	"not-approved"	"simulator-interface-owner;complete-versioned-interface-or-protocol-contract;named-approver;approval-date;approved-scope;version-or-sha256-binding"
"R10-A0114"	"R10"	"R10-05"	"slots-simulator/docs/01-requirements/fr-002-slot-state-machine-normal-flow.md"	"da7627a47f12cd3def5164d7d18b0203ea7278398b53387349e9e61b74609e2c"	"line 24"	"FR-002 仓位状态机与正常流程 > Description 需求描述"	"控制 API 的""放料""使实际遮挡成立并更新光幕 DI，""取出""清除实际遮挡并更新光幕 DI；"	"""占用状态""不作为独立字段存储，也不对应独立寄存器，始终由光幕 DI 推导：有遮挡即""已占用""，无遮挡即""空闲""。控制 API 的""放料""使实际遮挡成立并更新光幕 DI，""取出""清除实际遮挡并更新光幕 DI；占用变化在动作生效时发生，不要求先关门。故障注入导致光幕 DI 延迟或不跟随时，占用状态同样只按当时可读的光幕 DI 推导，不以模拟器内部的实际遮挡纠正。"	"9c79a7c54c7c917b3b578cba80f17e021a496730ea3d915383dffb9cf8a6a854"	"simulator-interface-or-protocol-behavior-candidate"	"review-planning-source-without-verifiable-approval-chain"	"slots-simulator-test-control-and-modbus-interface"	"needs-simulator-interface-owner-and-explicit-approval"	"document-route:R10-candidate; unit-kind:markdown-paragraph; source-document-class:SIM-REQ + MAIN-LEAD; ledger-history:H-AI; see R10 Git history, derivation and status-correction groups"	"EVID-R10-001"	"not-approved"	"simulator-interface-owner;complete-versioned-interface-or-protocol-contract;named-approver;approval-date;approved-scope;version-or-sha256-binding"
"R10-A0115"	"R10"	"R10-05"	"slots-simulator/docs/01-requirements/fr-002-slot-state-machine-normal-flow.md"	"da7627a47f12cd3def5164d7d18b0203ea7278398b53387349e9e61b74609e2c"	"line 24"	"FR-002 仓位状态机与正常流程 > Description 需求描述"	"占用变化在动作生效时发生，不要求先关门。"	"""占用状态""不作为独立字段存储，也不对应独立寄存器，始终由光幕 DI 推导：有遮挡即""已占用""，无遮挡即""空闲""。控制 API 的""放料""使实际遮挡成立并更新光幕 DI，""取出""清除实际遮挡并更新光幕 DI；占用变化在动作生效时发生，不要求先关门。故障注入导致光幕 DI 延迟或不跟随时，占用状态同样只按当时可读的光幕 DI 推导，不以模拟器内部的实际遮挡纠正。"	"d9b13985a22b22e17f1ef33c7f63758300cac9b514b7de94120452bbd4cff73c"	"simulator-slot-behavior-or-fault-stimulus-candidate"	"review-planning-source-without-verifiable-approval-chain"	"slots-simulator-development-test-tool-only"	"needs-simulator-hardware-behavior-owner-and-explicit-approval"	"document-route:R10-candidate; unit-kind:markdown-paragraph; source-document-class:SIM-REQ + MAIN-LEAD; ledger-history:H-AI; see R10 Git history, derivation and status-correction groups"	"none-found-within-r10-pass"	"not-approved"	"simulator-hardware-behavior-owner;bound-8005-field-evidence-and-polarity-normalization;named-approver;approval-date;approved-scope;version-or-sha256-binding"
"R10-A0116"	"R10"	"R10-05"	"slots-simulator/docs/01-requirements/fr-002-slot-state-machine-normal-flow.md"	"da7627a47f12cd3def5164d7d18b0203ea7278398b53387349e9e61b74609e2c"	"line 24"	"FR-002 仓位状态机与正常流程 > Description 需求描述"	"故障注入导致光幕 DI 延迟或不跟随时，占用状态同样只按当时可读的光幕 DI 推导，不以模拟器内部的实际遮挡纠正。"	"""占用状态""不作为独立字段存储，也不对应独立寄存器，始终由光幕 DI 推导：有遮挡即""已占用""，无遮挡即""空闲""。控制 API 的""放料""使实际遮挡成立并更新光幕 DI，""取出""清除实际遮挡并更新光幕 DI；占用变化在动作生效时发生，不要求先关门。故障注入导致光幕 DI 延迟或不跟随时，占用状态同样只按当时可读的光幕 DI 推导，不以模拟器内部的实际遮挡纠正。"	"34ef5a6303c1397106c325647b14ba76bb1d8f40291eb4dae7d1ea95d9fe6588"	"simulator-testability-or-operability-candidate"	"review-planning-source-without-verifiable-approval-chain"	"slots-simulator-development-test-tool-only"	"needs-simulator-product-owner-and-explicit-approval"	"document-route:R10-candidate; unit-kind:markdown-paragraph; source-document-class:SIM-REQ + MAIN-LEAD; ledger-history:H-AI; see R10 Git history, derivation and status-correction groups"	"EVID-R10-001,CF-R10-001"	"not-approved"	"simulator-product-owner;approved-tool-scope-source;named-approver;approval-date;approved-scope;version-or-sha256-binding"
"R10-A0117"	"R10"	"R10-05"	"slots-simulator/docs/01-requirements/fr-002-slot-state-machine-normal-flow.md"	"da7627a47f12cd3def5164d7d18b0203ea7278398b53387349e9e61b74609e2c"	"line 26"	"FR-002 仓位状态机与正常流程 > Description 需求描述"	"开锁不属于控制 API 动作，只能由主系统写 Modbus DO 发起；"	"开锁不属于控制 API 动作，只能由主系统写 Modbus DO 发起；正常开锁成功时模拟器自动把内部门状态置为“开”并把锁 DI 置为“未锁”，无需控制 API 再执行一次“开门”。控制 API 主要模拟人工“关门、放料、取出”；放料或取出前必须已开门，关门只有在开锁输出已复位且锁舌可以重新闩合时才使锁 DI 变为“锁闭”。任何非法状态迁移均须拒绝并保持请求前状态。"	"c78a944d01a88b313434260ffb0981b4b45fccbef62b82992f325e85687ae75f"	"simulator-interface-or-protocol-behavior-candidate"	"review-planning-source-without-verifiable-approval-chain"	"slots-simulator-test-control-and-modbus-interface"	"needs-simulator-interface-owner-and-explicit-approval"	"document-route:R10-candidate; unit-kind:markdown-paragraph; source-document-class:SIM-REQ + MAIN-LEAD; ledger-history:H-AI; see R10 Git history, derivation and status-correction groups"	"BOUND-R10-001,EVID-R10-001,GAP-R10-001"	"not-approved"	"simulator-interface-owner;complete-versioned-interface-or-protocol-contract;named-approver;approval-date;approved-scope;version-or-sha256-binding"
"R10-A0118"	"R10"	"R10-05"	"slots-simulator/docs/01-requirements/fr-002-slot-state-machine-normal-flow.md"	"da7627a47f12cd3def5164d7d18b0203ea7278398b53387349e9e61b74609e2c"	"line 26"	"FR-002 仓位状态机与正常流程 > Description 需求描述"	"正常开锁成功时模拟器自动把内部门状态置为“开”并把锁 DI 置为“未锁”，无需控制 API 再执行一次“开门”。"	"开锁不属于控制 API 动作，只能由主系统写 Modbus DO 发起；正常开锁成功时模拟器自动把内部门状态置为“开”并把锁 DI 置为“未锁”，无需控制 API 再执行一次“开门”。控制 API 主要模拟人工“关门、放料、取出”；放料或取出前必须已开门，关门只有在开锁输出已复位且锁舌可以重新闩合时才使锁 DI 变为“锁闭”。任何非法状态迁移均须拒绝并保持请求前状态。"	"990d3ecaf2316338dd612621a2d0a4d72db52e8ee316bc06f1246556aee1ecbb"	"simulator-interface-or-protocol-behavior-candidate"	"review-planning-source-without-verifiable-approval-chain"	"slots-simulator-test-control-and-modbus-interface"	"needs-simulator-interface-owner-and-explicit-approval"	"document-route:R10-candidate; unit-kind:markdown-paragraph; source-document-class:SIM-REQ + MAIN-LEAD; ledger-history:H-AI; see R10 Git history, derivation and status-correction groups"	"none-found-within-r10-pass"	"not-approved"	"simulator-interface-owner;complete-versioned-interface-or-protocol-contract;named-approver;approval-date;approved-scope;version-or-sha256-binding"
"R10-A0119"	"R10"	"R10-05"	"slots-simulator/docs/01-requirements/fr-002-slot-state-machine-normal-flow.md"	"da7627a47f12cd3def5164d7d18b0203ea7278398b53387349e9e61b74609e2c"	"line 26"	"FR-002 仓位状态机与正常流程 > Description 需求描述"	"控制 API 主要模拟人工“关门、放料、取出”；"	"开锁不属于控制 API 动作，只能由主系统写 Modbus DO 发起；正常开锁成功时模拟器自动把内部门状态置为“开”并把锁 DI 置为“未锁”，无需控制 API 再执行一次“开门”。控制 API 主要模拟人工“关门、放料、取出”；放料或取出前必须已开门，关门只有在开锁输出已复位且锁舌可以重新闩合时才使锁 DI 变为“锁闭”。任何非法状态迁移均须拒绝并保持请求前状态。"	"83a571930812d55be3ba28534610cb5f66720ab69515ea69d3fbca40038bc10b"	"simulator-interface-or-protocol-behavior-candidate"	"review-planning-source-without-verifiable-approval-chain"	"slots-simulator-test-control-and-modbus-interface"	"needs-simulator-interface-owner-and-explicit-approval"	"document-route:R10-candidate; unit-kind:markdown-paragraph; source-document-class:SIM-REQ + MAIN-LEAD; ledger-history:H-AI; see R10 Git history, derivation and status-correction groups"	"none-found-within-r10-pass"	"not-approved"	"simulator-interface-owner;complete-versioned-interface-or-protocol-contract;named-approver;approval-date;approved-scope;version-or-sha256-binding"
"R10-A0120"	"R10"	"R10-05"	"slots-simulator/docs/01-requirements/fr-002-slot-state-machine-normal-flow.md"	"da7627a47f12cd3def5164d7d18b0203ea7278398b53387349e9e61b74609e2c"	"line 26"	"FR-002 仓位状态机与正常流程 > Description 需求描述"	"放料或取出前必须已开门，关门只有在开锁输出已复位且锁舌可以重新闩合时才使锁 DI 变为“锁闭”。"	"开锁不属于控制 API 动作，只能由主系统写 Modbus DO 发起；正常开锁成功时模拟器自动把内部门状态置为“开”并把锁 DI 置为“未锁”，无需控制 API 再执行一次“开门”。控制 API 主要模拟人工“关门、放料、取出”；放料或取出前必须已开门，关门只有在开锁输出已复位且锁舌可以重新闩合时才使锁 DI 变为“锁闭”。任何非法状态迁移均须拒绝并保持请求前状态。"	"2a4d5fdab1392bd85dcb406e57d17dfa7a41e9b1a9d01779de8fb143043c3aa4"	"simulator-interface-or-protocol-behavior-candidate"	"review-planning-source-without-verifiable-approval-chain"	"slots-simulator-test-control-and-modbus-interface"	"needs-simulator-interface-owner-and-explicit-approval"	"document-route:R10-candidate; unit-kind:markdown-paragraph; source-document-class:SIM-REQ + MAIN-LEAD; ledger-history:H-AI; see R10 Git history, derivation and status-correction groups"	"none-found-within-r10-pass"	"not-approved"	"simulator-interface-owner;complete-versioned-interface-or-protocol-contract;named-approver;approval-date;approved-scope;version-or-sha256-binding"
"R10-A0121"	"R10"	"R10-05"	"slots-simulator/docs/01-requirements/fr-002-slot-state-machine-normal-flow.md"	"da7627a47f12cd3def5164d7d18b0203ea7278398b53387349e9e61b74609e2c"	"line 26"	"FR-002 仓位状态机与正常流程 > Description 需求描述"	"任何非法状态迁移均须拒绝并保持请求前状态。"	"开锁不属于控制 API 动作，只能由主系统写 Modbus DO 发起；正常开锁成功时模拟器自动把内部门状态置为“开”并把锁 DI 置为“未锁”，无需控制 API 再执行一次“开门”。控制 API 主要模拟人工“关门、放料、取出”；放料或取出前必须已开门，关门只有在开锁输出已复位且锁舌可以重新闩合时才使锁 DI 变为“锁闭”。任何非法状态迁移均须拒绝并保持请求前状态。"	"051b561598a66fb3401c3d98927ae3211988e51cdca20d260749e0f5f897c4ae"	"simulator-slot-behavior-or-fault-stimulus-candidate"	"review-planning-source-without-verifiable-approval-chain"	"slots-simulator-development-test-tool-only"	"needs-simulator-hardware-behavior-owner-and-explicit-approval"	"document-route:R10-candidate; unit-kind:markdown-paragraph; source-document-class:SIM-REQ + MAIN-LEAD; ledger-history:H-AI; see R10 Git history, derivation and status-correction groups"	"none-found-within-r10-pass"	"not-approved"	"simulator-hardware-behavior-owner;bound-8005-field-evidence-and-polarity-normalization;named-approver;approval-date;approved-scope;version-or-sha256-binding"
"R10-A0122"	"R10"	"R10-05"	"slots-simulator/docs/01-requirements/fr-002-slot-state-machine-normal-flow.md"	"da7627a47f12cd3def5164d7d18b0203ea7278398b53387349e9e61b74609e2c"	"line 28"	"FR-002 仓位状态机与正常流程 > Description 需求描述"	"同一仓位的 Modbus 写入、控制 API 动作、自动脉冲复位和故障注入事件按到达顺序串行处理；"	"同一仓位的 Modbus 写入、控制 API 动作、自动脉冲复位和故障注入事件按到达顺序串行处理；不同仓位的事件可并行处理，且不得因共享全局状态相互阻塞或串扰。"	"ffcc500e165cf3e44cde88802336ba74ba0263c86ff11b1fdde08a420ebadeb1"	"simulator-testability-or-operability-candidate"	"review-planning-source-without-verifiable-approval-chain"	"slots-simulator-development-test-tool-only"	"needs-simulator-product-owner-and-explicit-approval"	"document-route:R10-candidate; unit-kind:markdown-paragraph; source-document-class:SIM-REQ + MAIN-LEAD; ledger-history:H-AI; see R10 Git history, derivation and status-correction groups"	"EVID-R10-001,GAP-R10-001"	"not-approved"	"simulator-product-owner;approved-tool-scope-source;named-approver;approval-date;approved-scope;version-or-sha256-binding"
"R10-A0123"	"R10"	"R10-05"	"slots-simulator/docs/01-requirements/fr-002-slot-state-machine-normal-flow.md"	"da7627a47f12cd3def5164d7d18b0203ea7278398b53387349e9e61b74609e2c"	"line 28"	"FR-002 仓位状态机与正常流程 > Description 需求描述"	"不同仓位的事件可并行处理，且不得因共享全局状态相互阻塞或串扰。"	"同一仓位的 Modbus 写入、控制 API 动作、自动脉冲复位和故障注入事件按到达顺序串行处理；不同仓位的事件可并行处理，且不得因共享全局状态相互阻塞或串扰。"	"7033f92bd0ccd056adc15b03496b69f801c115718ff03bbc84a35c23b56a4017"	"simulator-testability-or-operability-candidate"	"review-planning-source-without-verifiable-approval-chain"	"slots-simulator-development-test-tool-only"	"needs-simulator-product-owner-and-explicit-approval"	"document-route:R10-candidate; unit-kind:markdown-paragraph; source-document-class:SIM-REQ + MAIN-LEAD; ledger-history:H-AI; see R10 Git history, derivation and status-correction groups"	"none-found-within-r10-pass"	"not-approved"	"simulator-product-owner;approved-tool-scope-source;named-approver;approval-date;approved-scope;version-or-sha256-binding"
"R10-A0124"	"R10"	"R10-05"	"slots-simulator/docs/01-requirements/fr-002-slot-state-machine-normal-flow.md"	"da7627a47f12cd3def5164d7d18b0203ea7278398b53387349e9e61b74609e2c"	"line 30"	"FR-002 仓位状态机与正常流程 > Description 需求描述"	"**边界说明**：主系统的业务态（如异常锁定、已禁用等，参见根目录 [UC-014 启用/禁用仓位](../../../requirement-documents/03-use-cases/uc-014-enable-disable-slot.md)）完全由主系统根据锁状态 DI、光幕 DI 等硬件状态自行判定和维护；"	"**边界说明**：主系统的业务态（如异常锁定、已禁用等，参见根目录 [UC-014 启用/禁用仓位](../../../requirement-documents/03-use-cases/uc-014-enable-disable-slot.md)）完全由主系统根据锁状态 DI、光幕 DI 等硬件状态自行判定和维护；模拟器不感知这些业务态，也不提供""禁用仓位""等业务能力。"	"644b5061819734104ed9ebad35dea65405dca0781b9c7b698c825b0ffb18acd9"	"embedded-main-system-or-field-claim"	"review-planning-source-without-verifiable-approval-chain"	"8005-main-system-or-field-evidence-lead-not-simulator-approval"	"main-system-or-field-lead-evidence-only"	"document-route:R10-candidate; unit-kind:markdown-paragraph; source-document-class:SIM-REQ + MAIN-LEAD; ledger-history:H-AI; see R10 Git history, derivation and status-correction groups"	"BOUND-R10-001,EVID-R10-001,CF-R10-001"	"not-approved"	"authoritative-main-system-source;do-not-reverse-infer-from-simulator-planning;named-approver;approval-date;approved-scope;version-or-sha256-binding"
"R10-A0125"	"R10"	"R10-05"	"slots-simulator/docs/01-requirements/fr-002-slot-state-machine-normal-flow.md"	"da7627a47f12cd3def5164d7d18b0203ea7278398b53387349e9e61b74609e2c"	"line 30"	"FR-002 仓位状态机与正常流程 > Description 需求描述"	"模拟器不感知这些业务态，也不提供""禁用仓位""等业务能力。"	"**边界说明**：主系统的业务态（如异常锁定、已禁用等，参见根目录 [UC-014 启用/禁用仓位](../../../requirement-documents/03-use-cases/uc-014-enable-disable-slot.md)）完全由主系统根据锁状态 DI、光幕 DI 等硬件状态自行判定和维护；模拟器不感知这些业务态，也不提供""禁用仓位""等业务能力。"	"9c9cc0d30775f1dc634d3de6da8f3cdbb9e94f5563ea8f8fd92240e3a5a16fc4"	"simulator-slot-behavior-or-fault-stimulus-candidate"	"review-planning-source-without-verifiable-approval-chain"	"slots-simulator-development-test-tool-only"	"needs-simulator-hardware-behavior-owner-and-explicit-approval"	"document-route:R10-candidate; unit-kind:markdown-paragraph; source-document-class:SIM-REQ + MAIN-LEAD; ledger-history:H-AI; see R10 Git history, derivation and status-correction groups"	"none-found-within-r10-pass"	"not-approved"	"simulator-hardware-behavior-owner;bound-8005-field-evidence-and-polarity-normalization;named-approver;approval-date;approved-scope;version-or-sha256-binding"
"R10-A0126"	"R10"	"R10-05"	"slots-simulator/docs/01-requirements/fr-002-slot-state-machine-normal-flow.md"	"da7627a47f12cd3def5164d7d18b0203ea7278398b53387349e9e61b74609e2c"	"line 34"	"FR-002 仓位状态机与正常流程 > Origin 需求来源"	"根目录 [UC-001 放入完工产品到仓位](../../../requirement-documents/03-use-cases/uc-001-load-completed-lot-into-slot.md) 正常流程；"	"根目录 [UC-001 放入完工产品到仓位](../../../requirement-documents/03-use-cases/uc-001-load-completed-lot-into-slot.md) 正常流程；覆盖范围依据 [[dr-003-first-batch-scenarios|DR-003]]。"	"9618ca0b13c359a86310c41808f6b0aa57bbb673721ea764b463d411587850ee"	"source-origin-background-or-traceability-evidence"	"review-planning-source-without-verifiable-approval-chain"	"slots-simulator-development-test-tool-only"	"source-or-traceability-evidence-only"	"document-route:R10-candidate; unit-kind:markdown-paragraph; source-document-class:SIM-REQ + MAIN-LEAD; ledger-history:H-AI; see R10 Git history, derivation and status-correction groups"	"BOUND-R10-001"	"not-approved"	"evidence-only-not-an-approval-unit;named-approver;approval-date;approved-scope;version-or-sha256-binding"
"R10-A0127"	"R10"	"R10-05"	"slots-simulator/docs/01-requirements/fr-002-slot-state-machine-normal-flow.md"	"da7627a47f12cd3def5164d7d18b0203ea7278398b53387349e9e61b74609e2c"	"line 34"	"FR-002 仓位状态机与正常流程 > Origin 需求来源"	"覆盖范围依据 [[dr-003-first-batch-scenarios|DR-003]]。"	"根目录 [UC-001 放入完工产品到仓位](../../../requirement-documents/03-use-cases/uc-001-load-completed-lot-into-slot.md) 正常流程；覆盖范围依据 [[dr-003-first-batch-scenarios|DR-003]]。"	"190d61faa5a7d7f36333b0b77e87df70cdf0d6f1c6e403fe29992d7682a96a5e"	"source-origin-background-or-traceability-evidence"	"review-planning-source-without-verifiable-approval-chain"	"slots-simulator-development-test-tool-only"	"source-or-traceability-evidence-only"	"document-route:R10-candidate; unit-kind:markdown-paragraph; source-document-class:SIM-REQ + MAIN-LEAD; ledger-history:H-AI; see R10 Git history, derivation and status-correction groups"	"none-found-within-r10-pass"	"not-approved"	"evidence-only-not-an-approval-unit;named-approver;approval-date;approved-scope;version-or-sha256-binding"
"R10-A0128"	"R10"	"R10-05"	"slots-simulator/docs/01-requirements/fr-002-slot-state-machine-normal-flow.md"	"da7627a47f12cd3def5164d7d18b0203ea7278398b53387349e9e61b74609e2c"	"line 38"	"FR-002 仓位状态机与正常流程 > Acceptance Criteria 验收标准"	"主系统通过 Modbus 将开锁 DO 写为 1 后，正常情况下仓门由弹簧自动弹开且锁状态 DI 变为“未锁”；"	"主系统通过 Modbus 将开锁 DO 写为 1 后，正常情况下仓门由弹簧自动弹开且锁状态 DI 变为“未锁”；脉冲自动复位 DO=0 后，门和锁 DI 仍保持打开/未锁。"	"98595a2c9156a844074c21118bfc2de4d0e031d2ddfe55b8d46d312f54b98535"	"embedded-main-system-or-field-claim"	"review-planning-source-without-verifiable-approval-chain"	"8005-main-system-or-field-evidence-lead-not-simulator-approval"	"main-system-or-field-lead-evidence-only"	"document-route:R10-candidate; unit-kind:markdown-flow-or-list-item; source-document-class:SIM-REQ + MAIN-LEAD; ledger-history:H-AI; see R10 Git history, derivation and status-correction groups"	"BOUND-R10-001,EVID-R10-001,CF-R10-001,GAP-R10-001"	"not-approved"	"authoritative-main-system-source;do-not-reverse-infer-from-simulator-planning;named-approver;approval-date;approved-scope;version-or-sha256-binding"
"R10-A0129"	"R10"	"R10-05"	"slots-simulator/docs/01-requirements/fr-002-slot-state-machine-normal-flow.md"	"da7627a47f12cd3def5164d7d18b0203ea7278398b53387349e9e61b74609e2c"	"line 38"	"FR-002 仓位状态机与正常流程 > Acceptance Criteria 验收标准"	"脉冲自动复位 DO=0 后，门和锁 DI 仍保持打开/未锁。"	"主系统通过 Modbus 将开锁 DO 写为 1 后，正常情况下仓门由弹簧自动弹开且锁状态 DI 变为“未锁”；脉冲自动复位 DO=0 后，门和锁 DI 仍保持打开/未锁。"	"aac317bdd92fc475eee467649ce337640eb0ae872f16af9edfca56ffc6397905"	"simulator-interface-or-protocol-behavior-candidate"	"review-planning-source-without-verifiable-approval-chain"	"slots-simulator-test-control-and-modbus-interface"	"needs-simulator-interface-owner-and-explicit-approval"	"document-route:R10-candidate; unit-kind:markdown-flow-or-list-item; source-document-class:SIM-REQ + MAIN-LEAD; ledger-history:H-AI; see R10 Git history, derivation and status-correction groups"	"EVID-R10-001,CF-R10-001"	"not-approved"	"simulator-interface-owner;complete-versioned-interface-or-protocol-contract;named-approver;approval-date;approved-scope;version-or-sha256-binding"
"R10-A0130"	"R10"	"R10-05"	"slots-simulator/docs/01-requirements/fr-002-slot-state-machine-normal-flow.md"	"da7627a47f12cd3def5164d7d18b0203ea7278398b53387349e9e61b74609e2c"	"line 39"	"FR-002 仓位状态机与正常流程 > Acceptance Criteria 验收标准"	"对已打开的空仓执行放料时光幕 DI 立即变为“有遮挡”；"	"对已打开的空仓执行放料时光幕 DI 立即变为“有遮挡”；对已占用仓位执行取出时光幕 DI 立即变为“无遮挡”，无需等待关门。"	"50aacd0f67ef6633efdf43817143a57ebdcf3e1252e414508542f1a6f5c55bdb"	"simulator-interface-or-protocol-behavior-candidate"	"review-planning-source-without-verifiable-approval-chain"	"slots-simulator-test-control-and-modbus-interface"	"needs-simulator-interface-owner-and-explicit-approval"	"document-route:R10-candidate; unit-kind:markdown-flow-or-list-item; source-document-class:SIM-REQ + MAIN-LEAD; ledger-history:H-AI; see R10 Git history, derivation and status-correction groups"	"EVID-R10-001"	"not-approved"	"simulator-interface-owner;complete-versioned-interface-or-protocol-contract;named-approver;approval-date;approved-scope;version-or-sha256-binding"
"R10-A0131"	"R10"	"R10-05"	"slots-simulator/docs/01-requirements/fr-002-slot-state-machine-normal-flow.md"	"da7627a47f12cd3def5164d7d18b0203ea7278398b53387349e9e61b74609e2c"	"line 39"	"FR-002 仓位状态机与正常流程 > Acceptance Criteria 验收标准"	"对已占用仓位执行取出时光幕 DI 立即变为“无遮挡”，无需等待关门。"	"对已打开的空仓执行放料时光幕 DI 立即变为“有遮挡”；对已占用仓位执行取出时光幕 DI 立即变为“无遮挡”，无需等待关门。"	"3dc713eb79b79bb5f76f293bd9dc6b0821bfdc0239de62b1b1f84707b0d5a2b0"	"simulator-interface-or-protocol-behavior-candidate"	"review-planning-source-without-verifiable-approval-chain"	"slots-simulator-test-control-and-modbus-interface"	"needs-simulator-interface-owner-and-explicit-approval"	"document-route:R10-candidate; unit-kind:markdown-flow-or-list-item; source-document-class:SIM-REQ + MAIN-LEAD; ledger-history:H-AI; see R10 Git history, derivation and status-correction groups"	"EVID-R10-001"	"not-approved"	"simulator-interface-owner;complete-versioned-interface-or-protocol-contract;named-approver;approval-date;approved-scope;version-or-sha256-binding"
"R10-A0132"	"R10"	"R10-05"	"slots-simulator/docs/01-requirements/fr-002-slot-state-machine-normal-flow.md"	"da7627a47f12cd3def5164d7d18b0203ea7278398b53387349e9e61b74609e2c"	"line 40"	"FR-002 仓位状态机与正常流程 > Acceptance Criteria 验收标准"	"控制 API 执行关门且 DO 已复位时，内部门状态变为“关”并使锁 DI 变为“锁闭”。"	"控制 API 执行关门且 DO 已复位时，内部门状态变为“关”并使锁 DI 变为“锁闭”。"	"ad21e80999571d6d9e1a164234f425bbb557ab0dc55d8977659e5ca554af8357"	"simulator-interface-or-protocol-behavior-candidate"	"review-planning-source-without-verifiable-approval-chain"	"slots-simulator-test-control-and-modbus-interface"	"needs-simulator-interface-owner-and-explicit-approval"	"document-route:R10-candidate; unit-kind:markdown-flow-or-list-item; source-document-class:SIM-REQ + MAIN-LEAD; ledger-history:H-AI; see R10 Git history, derivation and status-correction groups"	"CF-R10-001"	"not-approved"	"simulator-interface-owner;complete-versioned-interface-or-protocol-contract;named-approver;approval-date;approved-scope;version-or-sha256-binding"
"R10-A0133"	"R10"	"R10-05"	"slots-simulator/docs/01-requirements/fr-002-slot-state-machine-normal-flow.md"	"da7627a47f12cd3def5164d7d18b0203ea7278398b53387349e9e61b74609e2c"	"line 41"	"FR-002 仓位状态机与正常流程 > Acceptance Criteria 验收标准"	"控制 API 不提供开锁动作；"	"控制 API 不提供开锁动作；所有开锁均由主系统写 Modbus DO 发起。"	"f34f3f955c303a26279a74bf00ff85b486c1769235caecd004d16b7ced2ef417"	"simulator-interface-or-protocol-behavior-candidate"	"review-planning-source-without-verifiable-approval-chain"	"slots-simulator-test-control-and-modbus-interface"	"needs-simulator-interface-owner-and-explicit-approval"	"document-route:R10-candidate; unit-kind:markdown-flow-or-list-item; source-document-class:SIM-REQ + MAIN-LEAD; ledger-history:H-AI; see R10 Git history, derivation and status-correction groups"	"none-found-within-r10-pass"	"not-approved"	"simulator-interface-owner;complete-versioned-interface-or-protocol-contract;named-approver;approval-date;approved-scope;version-or-sha256-binding"
"R10-A0134"	"R10"	"R10-05"	"slots-simulator/docs/01-requirements/fr-002-slot-state-machine-normal-flow.md"	"da7627a47f12cd3def5164d7d18b0203ea7278398b53387349e9e61b74609e2c"	"line 41"	"FR-002 仓位状态机与正常流程 > Acceptance Criteria 验收标准"	"所有开锁均由主系统写 Modbus DO 发起。"	"控制 API 不提供开锁动作；所有开锁均由主系统写 Modbus DO 发起。"	"daba4cbf13ea0bd26b59c715285330264c73e62d20f21b9fae996dd1c850c58c"	"embedded-main-system-or-field-claim"	"review-planning-source-without-verifiable-approval-chain"	"8005-main-system-or-field-evidence-lead-not-simulator-approval"	"main-system-or-field-lead-evidence-only"	"document-route:R10-candidate; unit-kind:markdown-flow-or-list-item; source-document-class:SIM-REQ + MAIN-LEAD; ledger-history:H-AI; see R10 Git history, derivation and status-correction groups"	"BOUND-R10-001,EVID-R10-001,GAP-R10-001"	"not-approved"	"authoritative-main-system-source;do-not-reverse-infer-from-simulator-planning;named-approver;approval-date;approved-scope;version-or-sha256-binding"
"R10-A0135"	"R10"	"R10-05"	"slots-simulator/docs/01-requirements/fr-002-slot-state-machine-normal-flow.md"	"da7627a47f12cd3def5164d7d18b0203ea7278398b53387349e9e61b74609e2c"	"line 42"	"FR-002 仓位状态机与正常流程 > Acceptance Criteria 验收标准"	"门关闭时放料或取出等非法迁移被拒绝并给出明确原因，请求前后的全部状态一致。"	"门关闭时放料或取出等非法迁移被拒绝并给出明确原因，请求前后的全部状态一致。"	"14d80a11f6badef6eb70eb9e5988cfd447e0257874066fb16dad6078b586a055"	"simulator-slot-behavior-or-fault-stimulus-candidate"	"review-planning-source-without-verifiable-approval-chain"	"slots-simulator-development-test-tool-only"	"needs-simulator-hardware-behavior-owner-and-explicit-approval"	"document-route:R10-candidate; unit-kind:markdown-flow-or-list-item; source-document-class:SIM-REQ + MAIN-LEAD; ledger-history:H-AI; see R10 Git history, derivation and status-correction groups"	"none-found-within-r10-pass"	"not-approved"	"simulator-hardware-behavior-owner;bound-8005-field-evidence-and-polarity-normalization;named-approver;approval-date;approved-scope;version-or-sha256-binding"
"R10-A0136"	"R10"	"R10-05"	"slots-simulator/docs/01-requirements/fr-002-slot-state-machine-normal-flow.md"	"da7627a47f12cd3def5164d7d18b0203ea7278398b53387349e9e61b74609e2c"	"line 43"	"FR-002 仓位状态机与正常流程 > Acceptance Criteria 验收标准"	"同一仓位事件严格串行，不同仓位事件可并行且互不串扰。"	"同一仓位事件严格串行，不同仓位事件可并行且互不串扰。"	"e563614ecc6bd528501c8c3e29f3c42cc0e9dc7f527088be6cdc975b25d4b3c2"	"simulator-testability-or-operability-candidate"	"review-planning-source-without-verifiable-approval-chain"	"slots-simulator-development-test-tool-only"	"needs-simulator-product-owner-and-explicit-approval"	"document-route:R10-candidate; unit-kind:markdown-flow-or-list-item; source-document-class:SIM-REQ + MAIN-LEAD; ledger-history:H-AI; see R10 Git history, derivation and status-correction groups"	"none-found-within-r10-pass"	"not-approved"	"simulator-product-owner;approved-tool-scope-source;named-approver;approval-date;approved-scope;version-or-sha256-binding"
"R10-A0137"	"R10"	"R10-05"	"slots-simulator/docs/01-requirements/fr-002-slot-state-machine-normal-flow.md"	"da7627a47f12cd3def5164d7d18b0203ea7278398b53387349e9e61b74609e2c"	"line 47"	"FR-002 仓位状态机与正常流程 > Related Use Case 关联用例"	"[UC-001 放入完工产品到仓位](../../../requirement-documents/03-use-cases/uc-001-load-completed-lot-into-slot.md)、[UC-005 取出仓位中存错的产品](../../../requirement-documents/03-use-cases/uc-005-retrieve-mis-stored-product-from-slot.md) 与 [UC-010 终点站取出产品存料](../../../requirement-documents/03-use-cases/uc-010-unload-completed-lot-at-destination-station.md) 的仓位硬件流程。"	"[UC-001 放入完工产品到仓位](../../../requirement-documents/03-use-cases/uc-001-load-completed-lot-into-slot.md)、[UC-005 取出仓位中存错的产品](../../../requirement-documents/03-use-cases/uc-005-retrieve-mis-stored-product-from-slot.md) 与 [UC-010 终点站取出产品存料](../../../requirement-documents/03-use-cases/uc-010-unload-completed-lot-at-destination-station.md) 的仓位硬件流程。"	"6f659788263887635144764b7548da17d2b430dfe289edaaf150fdcbe8bda228"	"source-origin-background-or-traceability-evidence"	"review-planning-source-without-verifiable-approval-chain"	"slots-simulator-development-test-tool-only"	"source-or-traceability-evidence-only"	"document-route:R10-candidate; unit-kind:markdown-paragraph; source-document-class:SIM-REQ + MAIN-LEAD; ledger-history:H-AI; see R10 Git history, derivation and status-correction groups"	"BOUND-R10-001"	"not-approved"	"evidence-only-not-an-approval-unit;named-approver;approval-date;approved-scope;version-or-sha256-binding"
"R10-A0138"	"R10"	"R10-05"	"slots-simulator/docs/01-requirements/fr-002-slot-state-machine-normal-flow.md"	"da7627a47f12cd3def5164d7d18b0203ea7278398b53387349e9e61b74609e2c"	"line 51"	"FR-002 仓位状态机与正常流程 > Verification 验证方式"	"**TC-FR-002-001（预留）**：Given 仓位锁闭、门关闭且光幕无遮挡；"	"**TC-FR-002-001（预留）**：Given 仓位锁闭、门关闭且光幕无遮挡；When 主系统写开锁 DO=1 且脉冲随后自动复位；Then 门自动打开、锁 DI 保持未锁，DO=0 不会令锁 DI 自动恢复锁闭。"	"eac8194b7a804b27e04d65acf19077e8567b7ca3ec65766443ff3a9c2fb69dca"	"reserved-verification-plan-evidence"	"review-planning-source-without-verifiable-approval-chain"	"slots-simulator-development-test-tool-only"	"test-plan-evidence-only"	"document-route:R10-candidate; unit-kind:markdown-flow-or-list-item; source-document-class:SIM-REQ + MAIN-LEAD; ledger-history:H-AI; see R10 Git history, derivation and status-correction groups"	"none-found-within-r10-pass"	"not-approved"	"evidence-only-not-an-approval-unit;named-approver;approval-date;approved-scope;version-or-sha256-binding"
"R10-A0139"	"R10"	"R10-05"	"slots-simulator/docs/01-requirements/fr-002-slot-state-machine-normal-flow.md"	"da7627a47f12cd3def5164d7d18b0203ea7278398b53387349e9e61b74609e2c"	"line 51"	"FR-002 仓位状态机与正常流程 > Verification 验证方式"	"When 主系统写开锁 DO=1 且脉冲随后自动复位；"	"**TC-FR-002-001（预留）**：Given 仓位锁闭、门关闭且光幕无遮挡；When 主系统写开锁 DO=1 且脉冲随后自动复位；Then 门自动打开、锁 DI 保持未锁，DO=0 不会令锁 DI 自动恢复锁闭。"	"1f925fae6d230c69b604cc01c7f29bd248a38c85a8d8bd7f7bdfca5281c37a9e"	"reserved-verification-plan-evidence"	"review-planning-source-without-verifiable-approval-chain"	"slots-simulator-development-test-tool-only"	"test-plan-evidence-only"	"document-route:R10-candidate; unit-kind:markdown-flow-or-list-item; source-document-class:SIM-REQ + MAIN-LEAD; ledger-history:H-AI; see R10 Git history, derivation and status-correction groups"	"BOUND-R10-001,EVID-R10-001,CF-R10-001"	"not-approved"	"evidence-only-not-an-approval-unit;named-approver;approval-date;approved-scope;version-or-sha256-binding"
"R10-A0140"	"R10"	"R10-05"	"slots-simulator/docs/01-requirements/fr-002-slot-state-machine-normal-flow.md"	"da7627a47f12cd3def5164d7d18b0203ea7278398b53387349e9e61b74609e2c"	"line 51"	"FR-002 仓位状态机与正常流程 > Verification 验证方式"	"Then 门自动打开、锁 DI 保持未锁，DO=0 不会令锁 DI 自动恢复锁闭。"	"**TC-FR-002-001（预留）**：Given 仓位锁闭、门关闭且光幕无遮挡；When 主系统写开锁 DO=1 且脉冲随后自动复位；Then 门自动打开、锁 DI 保持未锁，DO=0 不会令锁 DI 自动恢复锁闭。"	"4c27035b7be29a69ccd4595c6bcaf8d413a3a7e3112e12fe9d80c012777a4661"	"reserved-verification-plan-evidence"	"review-planning-source-without-verifiable-approval-chain"	"slots-simulator-development-test-tool-only"	"test-plan-evidence-only"	"document-route:R10-candidate; unit-kind:markdown-flow-or-list-item; source-document-class:SIM-REQ + MAIN-LEAD; ledger-history:H-AI; see R10 Git history, derivation and status-correction groups"	"CF-R10-001"	"not-approved"	"evidence-only-not-an-approval-unit;named-approver;approval-date;approved-scope;version-or-sha256-binding"
"R10-A0141"	"R10"	"R10-05"	"slots-simulator/docs/01-requirements/fr-002-slot-state-machine-normal-flow.md"	"da7627a47f12cd3def5164d7d18b0203ea7278398b53387349e9e61b74609e2c"	"line 52"	"FR-002 仓位状态机与正常流程 > Verification 验证方式"	"**TC-FR-002-002（预留）**：Given 已占用仓位已弹开；"	"**TC-FR-002-002（预留）**：Given 已占用仓位已弹开；When API 执行取出并在 DO 复位后关门；Then 光幕 DI 变为无遮挡，关门后锁 DI 变为锁闭。"	"4aac792f4e5e0028d6e6fb4007eb848e40bfe0725b681edfad4205789ba2cecb"	"reserved-verification-plan-evidence"	"review-planning-source-without-verifiable-approval-chain"	"slots-simulator-development-test-tool-only"	"test-plan-evidence-only"	"document-route:R10-candidate; unit-kind:markdown-flow-or-list-item; source-document-class:SIM-REQ + MAIN-LEAD; ledger-history:H-AI; see R10 Git history, derivation and status-correction groups"	"none-found-within-r10-pass"	"not-approved"	"evidence-only-not-an-approval-unit;named-approver;approval-date;approved-scope;version-or-sha256-binding"
"R10-A0142"	"R10"	"R10-05"	"slots-simulator/docs/01-requirements/fr-002-slot-state-machine-normal-flow.md"	"da7627a47f12cd3def5164d7d18b0203ea7278398b53387349e9e61b74609e2c"	"line 52"	"FR-002 仓位状态机与正常流程 > Verification 验证方式"	"When API 执行取出并在 DO 复位后关门；"	"**TC-FR-002-002（预留）**：Given 已占用仓位已弹开；When API 执行取出并在 DO 复位后关门；Then 光幕 DI 变为无遮挡，关门后锁 DI 变为锁闭。"	"2d3be597db7034ee3de7d780093e13f168c338257af2f01bb2154c4a002c82c6"	"reserved-verification-plan-evidence"	"review-planning-source-without-verifiable-approval-chain"	"slots-simulator-development-test-tool-only"	"test-plan-evidence-only"	"document-route:R10-candidate; unit-kind:markdown-flow-or-list-item; source-document-class:SIM-REQ + MAIN-LEAD; ledger-history:H-AI; see R10 Git history, derivation and status-correction groups"	"CF-R10-001"	"not-approved"	"evidence-only-not-an-approval-unit;named-approver;approval-date;approved-scope;version-or-sha256-binding"
"R10-A0143"	"R10"	"R10-05"	"slots-simulator/docs/01-requirements/fr-002-slot-state-machine-normal-flow.md"	"da7627a47f12cd3def5164d7d18b0203ea7278398b53387349e9e61b74609e2c"	"line 52"	"FR-002 仓位状态机与正常流程 > Verification 验证方式"	"Then 光幕 DI 变为无遮挡，关门后锁 DI 变为锁闭。"	"**TC-FR-002-002（预留）**：Given 已占用仓位已弹开；When API 执行取出并在 DO 复位后关门；Then 光幕 DI 变为无遮挡，关门后锁 DI 变为锁闭。"	"a73666f98a05ade0190ed3378500913e69edd98f0abbb90a3164f9f010a7b3f6"	"reserved-verification-plan-evidence"	"review-planning-source-without-verifiable-approval-chain"	"slots-simulator-development-test-tool-only"	"test-plan-evidence-only"	"document-route:R10-candidate; unit-kind:markdown-flow-or-list-item; source-document-class:SIM-REQ + MAIN-LEAD; ledger-history:H-AI; see R10 Git history, derivation and status-correction groups"	"EVID-R10-001"	"not-approved"	"evidence-only-not-an-approval-unit;named-approver;approval-date;approved-scope;version-or-sha256-binding"
"R10-A0144"	"R10"	"R10-05"	"slots-simulator/docs/01-requirements/fr-002-slot-state-machine-normal-flow.md"	"da7627a47f12cd3def5164d7d18b0203ea7278398b53387349e9e61b74609e2c"	"line 53"	"FR-002 仓位状态机与正常流程 > Verification 验证方式"	"**TC-FR-002-003（预留）**：Given 注入开锁/弹门失败；"	"**TC-FR-002-003（预留）**：Given 注入开锁/弹门失败；When 主系统写开锁 DO=1；Then DO 按脉冲复位，但门仍关闭且锁 DI 保持锁闭。"	"58ae091fda8da54decbbd2d3ecd47b914d86f19253b315e94ae40441d0004903"	"reserved-verification-plan-evidence"	"review-planning-source-without-verifiable-approval-chain"	"slots-simulator-development-test-tool-only"	"test-plan-evidence-only"	"document-route:R10-candidate; unit-kind:markdown-flow-or-list-item; source-document-class:SIM-REQ + MAIN-LEAD; ledger-history:H-AI; see R10 Git history, derivation and status-correction groups"	"CF-R10-001"	"not-approved"	"evidence-only-not-an-approval-unit;named-approver;approval-date;approved-scope;version-or-sha256-binding"
"R10-A0145"	"R10"	"R10-05"	"slots-simulator/docs/01-requirements/fr-002-slot-state-machine-normal-flow.md"	"da7627a47f12cd3def5164d7d18b0203ea7278398b53387349e9e61b74609e2c"	"line 53"	"FR-002 仓位状态机与正常流程 > Verification 验证方式"	"When 主系统写开锁 DO=1；"	"**TC-FR-002-003（预留）**：Given 注入开锁/弹门失败；When 主系统写开锁 DO=1；Then DO 按脉冲复位，但门仍关闭且锁 DI 保持锁闭。"	"9d359d07cc2efe080e88572e9808007d70a732371eb1f59199bc5069e5178bbd"	"reserved-verification-plan-evidence"	"review-planning-source-without-verifiable-approval-chain"	"slots-simulator-development-test-tool-only"	"test-plan-evidence-only"	"document-route:R10-candidate; unit-kind:markdown-flow-or-list-item; source-document-class:SIM-REQ + MAIN-LEAD; ledger-history:H-AI; see R10 Git history, derivation and status-correction groups"	"BOUND-R10-001,EVID-R10-001"	"not-approved"	"evidence-only-not-an-approval-unit;named-approver;approval-date;approved-scope;version-or-sha256-binding"
"R10-A0146"	"R10"	"R10-05"	"slots-simulator/docs/01-requirements/fr-002-slot-state-machine-normal-flow.md"	"da7627a47f12cd3def5164d7d18b0203ea7278398b53387349e9e61b74609e2c"	"line 53"	"FR-002 仓位状态机与正常流程 > Verification 验证方式"	"Then DO 按脉冲复位，但门仍关闭且锁 DI 保持锁闭。"	"**TC-FR-002-003（预留）**：Given 注入开锁/弹门失败；When 主系统写开锁 DO=1；Then DO 按脉冲复位，但门仍关闭且锁 DI 保持锁闭。"	"d57902356f154ab39cb0b9811a93e1cdc938bdeec5f8afe3487cd58ff57c284e"	"reserved-verification-plan-evidence"	"review-planning-source-without-verifiable-approval-chain"	"slots-simulator-development-test-tool-only"	"test-plan-evidence-only"	"document-route:R10-candidate; unit-kind:markdown-flow-or-list-item; source-document-class:SIM-REQ + MAIN-LEAD; ledger-history:H-AI; see R10 Git history, derivation and status-correction groups"	"EVID-R10-001,CF-R10-001"	"not-approved"	"evidence-only-not-an-approval-unit;named-approver;approval-date;approved-scope;version-or-sha256-binding"
"R10-A0147"	"R10"	"R10-05"	"slots-simulator/docs/01-requirements/fr-002-slot-state-machine-normal-flow.md"	"da7627a47f12cd3def5164d7d18b0203ea7278398b53387349e9e61b74609e2c"	"line 54"	"FR-002 仓位状态机与正常流程 > Verification 验证方式"	"**TC-FR-002-004（预留）**：Given 两个仓位同时接收动作且其中一个仓位连续接收多个事件；"	"**TC-FR-002-004（预留）**：Given 两个仓位同时接收动作且其中一个仓位连续接收多个事件；When 并发执行；Then 单仓位事件按到达顺序完成，不同仓位可并行且状态互不串扰。"	"d547407a1612e48171fecf322da0fca17546bb64f1b41ce7a9cf03249bfa772e"	"reserved-verification-plan-evidence"	"review-planning-source-without-verifiable-approval-chain"	"slots-simulator-development-test-tool-only"	"test-plan-evidence-only"	"document-route:R10-candidate; unit-kind:markdown-flow-or-list-item; source-document-class:SIM-REQ + MAIN-LEAD; ledger-history:H-AI; see R10 Git history, derivation and status-correction groups"	"none-found-within-r10-pass"	"not-approved"	"evidence-only-not-an-approval-unit;named-approver;approval-date;approved-scope;version-or-sha256-binding"
"R10-A0148"	"R10"	"R10-05"	"slots-simulator/docs/01-requirements/fr-002-slot-state-machine-normal-flow.md"	"da7627a47f12cd3def5164d7d18b0203ea7278398b53387349e9e61b74609e2c"	"line 54"	"FR-002 仓位状态机与正常流程 > Verification 验证方式"	"When 并发执行；"	"**TC-FR-002-004（预留）**：Given 两个仓位同时接收动作且其中一个仓位连续接收多个事件；When 并发执行；Then 单仓位事件按到达顺序完成，不同仓位可并行且状态互不串扰。"	"74dbad40761b1e54ba2b2f8236582b3edc85edc5c53113ccd4432e1aab04fed8"	"reserved-verification-plan-evidence"	"review-planning-source-without-verifiable-approval-chain"	"slots-simulator-development-test-tool-only"	"test-plan-evidence-only"	"document-route:R10-candidate; unit-kind:markdown-flow-or-list-item; source-document-class:SIM-REQ + MAIN-LEAD; ledger-history:H-AI; see R10 Git history, derivation and status-correction groups"	"none-found-within-r10-pass"	"not-approved"	"evidence-only-not-an-approval-unit;named-approver;approval-date;approved-scope;version-or-sha256-binding"
"R10-A0149"	"R10"	"R10-05"	"slots-simulator/docs/01-requirements/fr-002-slot-state-machine-normal-flow.md"	"da7627a47f12cd3def5164d7d18b0203ea7278398b53387349e9e61b74609e2c"	"line 54"	"FR-002 仓位状态机与正常流程 > Verification 验证方式"	"Then 单仓位事件按到达顺序完成，不同仓位可并行且状态互不串扰。"	"**TC-FR-002-004（预留）**：Given 两个仓位同时接收动作且其中一个仓位连续接收多个事件；When 并发执行；Then 单仓位事件按到达顺序完成，不同仓位可并行且状态互不串扰。"	"da44d8aef90e32dde3c5b1396c39802178a126ad5a7d5f0fecf5f79f1a639484"	"reserved-verification-plan-evidence"	"review-planning-source-without-verifiable-approval-chain"	"slots-simulator-development-test-tool-only"	"test-plan-evidence-only"	"document-route:R10-candidate; unit-kind:markdown-flow-or-list-item; source-document-class:SIM-REQ + MAIN-LEAD; ledger-history:H-AI; see R10 Git history, derivation and status-correction groups"	"none-found-within-r10-pass"	"not-approved"	"evidence-only-not-an-approval-unit;named-approver;approval-date;approved-scope;version-or-sha256-binding"
"R10-A0150"	"R10"	"R10-06"	"slots-simulator/docs/01-requirements/fr-003-exception-scenario-simulation.md"	"4227ba265ac446098d2055c503750dd32a574d401f6a846dd092322d7b37927f"	"line 18"	"FR-003 异常场景模拟能力 > Description 需求描述"	"支持模拟 UC-001 异常流程中与仓位硬件相关的场景，用于自动化测试主系统的异常处理逻辑。"	"支持模拟 UC-001 异常流程中与仓位硬件相关的场景，用于自动化测试主系统的异常处理逻辑。"	"de88f0d3a92be1f9eef60fd3f63071ba17e4efbd5e81d86ddeb54e9ac7f6a0a3"	"simulator-slot-behavior-or-fault-stimulus-candidate"	"review-planning-source-without-verifiable-approval-chain"	"slots-simulator-development-test-tool-only"	"needs-simulator-hardware-behavior-owner-and-explicit-approval"	"document-route:R10-candidate; unit-kind:markdown-paragraph; source-document-class:SIM-REQ + MAIN-LEAD; ledger-history:H-AI; see R10 Git history, derivation and status-correction groups"	"BOUND-R10-001"	"not-approved"	"simulator-hardware-behavior-owner;bound-8005-field-evidence-and-polarity-normalization;named-approver;approval-date;approved-scope;version-or-sha256-binding"
"R10-A0151"	"R10"	"R10-06"	"slots-simulator/docs/01-requirements/fr-003-exception-scenario-simulation.md"	"4227ba265ac446098d2055c503750dd32a574d401f6a846dd092322d7b37927f"	"line 20"	"FR-003 异常场景模拟能力 > Description 需求描述"	"业务超时的计时、判定与告警由主系统负责，模拟器不维护""已超时""业务状态。"	"业务超时的计时、判定与告警由主系统负责，模拟器不维护""已超时""业务状态。模拟器只提供可确定控制的硬件条件：锁状态 DI 或光幕 DI 可配置延迟变化、保持当前值而不跟随，以及门保持开启直至收到关门或状态重置动作。"	"4e2be6bf02a2f5caf927074d3a6b215c0a970efcfd40188a9bce083fb42aae1c"	"simulator-capability-or-scope-candidate"	"review-planning-source-without-verifiable-approval-chain"	"slots-simulator-development-test-tool-only"	"needs-simulator-product-owner-and-explicit-approval"	"document-route:R10-candidate; unit-kind:markdown-paragraph; source-document-class:SIM-REQ + MAIN-LEAD; ledger-history:H-AI; see R10 Git history, derivation and status-correction groups"	"BOUND-R10-001"	"not-approved"	"simulator-product-owner;approved-tool-scope-source;named-approver;approval-date;approved-scope;version-or-sha256-binding"
"R10-A0152"	"R10"	"R10-06"	"slots-simulator/docs/01-requirements/fr-003-exception-scenario-simulation.md"	"4227ba265ac446098d2055c503750dd32a574d401f6a846dd092322d7b37927f"	"line 20"	"FR-003 异常场景模拟能力 > Description 需求描述"	"模拟器只提供可确定控制的硬件条件：锁状态 DI 或光幕 DI 可配置延迟变化、保持当前值而不跟随，以及门保持开启直至收到关门或状态重置动作。"	"业务超时的计时、判定与告警由主系统负责，模拟器不维护""已超时""业务状态。模拟器只提供可确定控制的硬件条件：锁状态 DI 或光幕 DI 可配置延迟变化、保持当前值而不跟随，以及门保持开启直至收到关门或状态重置动作。"	"c6c76a8c1c5d548d290d3d2b04afcff748d4608a6cb0da75039a9c7321f9bb9a"	"simulator-testability-or-operability-candidate"	"review-planning-source-without-verifiable-approval-chain"	"slots-simulator-development-test-tool-only"	"needs-simulator-product-owner-and-explicit-approval"	"document-route:R10-candidate; unit-kind:markdown-paragraph; source-document-class:SIM-REQ + MAIN-LEAD; ledger-history:H-AI; see R10 Git history, derivation and status-correction groups"	"EVID-R10-001,CF-R10-001"	"not-approved"	"simulator-product-owner;approved-tool-scope-source;named-approver;approval-date;approved-scope;version-or-sha256-binding"
"R10-A0153"	"R10"	"R10-06"	"slots-simulator/docs/01-requirements/fr-003-exception-scenario-simulation.md"	"4227ba265ac446098d2055c503750dd32a574d401f6a846dd092322d7b37927f"	"line 24"	"FR-003 异常场景模拟能力 > Origin 需求来源"	"根目录 [UC-001 放入完工产品到仓位](../../../requirement-documents/03-use-cases/uc-001-load-completed-lot-into-slot.md) 异常流程；"	"根目录 [UC-001 放入完工产品到仓位](../../../requirement-documents/03-use-cases/uc-001-load-completed-lot-into-slot.md) 异常流程；覆盖范围依据 [[dr-003-first-batch-scenarios|DR-003]]。"	"116b6aa900efc3ccdc7511adf590633bfb2a8bb03c2965b1c0bd4dd015e6f8ab"	"source-origin-background-or-traceability-evidence"	"review-planning-source-without-verifiable-approval-chain"	"slots-simulator-development-test-tool-only"	"source-or-traceability-evidence-only"	"document-route:R10-candidate; unit-kind:markdown-paragraph; source-document-class:SIM-REQ + MAIN-LEAD; ledger-history:H-AI; see R10 Git history, derivation and status-correction groups"	"BOUND-R10-001"	"not-approved"	"evidence-only-not-an-approval-unit;named-approver;approval-date;approved-scope;version-or-sha256-binding"
"R10-A0154"	"R10"	"R10-06"	"slots-simulator/docs/01-requirements/fr-003-exception-scenario-simulation.md"	"4227ba265ac446098d2055c503750dd32a574d401f6a846dd092322d7b37927f"	"line 24"	"FR-003 异常场景模拟能力 > Origin 需求来源"	"覆盖范围依据 [[dr-003-first-batch-scenarios|DR-003]]。"	"根目录 [UC-001 放入完工产品到仓位](../../../requirement-documents/03-use-cases/uc-001-load-completed-lot-into-slot.md) 异常流程；覆盖范围依据 [[dr-003-first-batch-scenarios|DR-003]]。"	"190d61faa5a7d7f36333b0b77e87df70cdf0d6f1c6e403fe29992d7682a96a5e"	"source-origin-background-or-traceability-evidence"	"review-planning-source-without-verifiable-approval-chain"	"slots-simulator-development-test-tool-only"	"source-or-traceability-evidence-only"	"document-route:R10-candidate; unit-kind:markdown-paragraph; source-document-class:SIM-REQ + MAIN-LEAD; ledger-history:H-AI; see R10 Git history, derivation and status-correction groups; exact-duplicate-of:R10-A0127"	"none-found-within-r10-pass"	"not-approved"	"evidence-only-not-an-approval-unit;named-approver;approval-date;approved-scope;version-or-sha256-binding"
"R10-A0155"	"R10"	"R10-06"	"slots-simulator/docs/01-requirements/fr-003-exception-scenario-simulation.md"	"4227ba265ac446098d2055c503750dd32a574d401f6a846dd092322d7b37927f"	"line 28"	"FR-003 异常场景模拟能力 > Acceptance Criteria 验收标准"	"覆盖场景："	"覆盖场景："	"723db0216ea63987c014856c751ede7ba7335ab2eee4dcd55cd646febef30927"	"simulator-capability-or-scope-candidate"	"review-planning-source-without-verifiable-approval-chain"	"slots-simulator-development-test-tool-only"	"needs-simulator-product-owner-and-explicit-approval"	"document-route:R10-candidate; unit-kind:markdown-paragraph; source-document-class:SIM-REQ + MAIN-LEAD; ledger-history:H-AI; see R10 Git history, derivation and status-correction groups"	"none-found-within-r10-pass"	"not-approved"	"simulator-product-owner;approved-tool-scope-source;named-approver;approval-date;approved-scope;version-or-sha256-binding"
"R10-A0156"	"R10"	"R10-06"	"slots-simulator/docs/01-requirements/fr-003-exception-scenario-simulation.md"	"4227ba265ac446098d2055c503750dd32a574d401f6a846dd092322d7b37927f"	"line 30"	"FR-003 异常场景模拟能力 > Acceptance Criteria 验收标准"	"仓位不足（通过测试前置构造使所有仓位的光幕 DI 均为""有遮挡""，主系统据此判定无可用仓位；"	"仓位不足（通过测试前置构造使所有仓位的光幕 DI 均为""有遮挡""，主系统据此判定无可用仓位；模拟器不独立存储""已占用""）"	"d708988e1ba87e2f11971543cb66754a94a77b37fe4789aa7092f978e952dda9"	"embedded-main-system-or-field-claim"	"review-planning-source-without-verifiable-approval-chain"	"8005-main-system-or-field-evidence-lead-not-simulator-approval"	"main-system-or-field-lead-evidence-only"	"document-route:R10-candidate; unit-kind:markdown-flow-or-list-item; source-document-class:SIM-REQ + MAIN-LEAD; ledger-history:H-AI; see R10 Git history, derivation and status-correction groups"	"BOUND-R10-001,EVID-R10-001"	"not-approved"	"authoritative-main-system-source;do-not-reverse-infer-from-simulator-planning;named-approver;approval-date;approved-scope;version-or-sha256-binding"
"R10-A0157"	"R10"	"R10-06"	"slots-simulator/docs/01-requirements/fr-003-exception-scenario-simulation.md"	"4227ba265ac446098d2055c503750dd32a574d401f6a846dd092322d7b37927f"	"line 30"	"FR-003 异常场景模拟能力 > Acceptance Criteria 验收标准"	"模拟器不独立存储""已占用""）"	"仓位不足（通过测试前置构造使所有仓位的光幕 DI 均为""有遮挡""，主系统据此判定无可用仓位；模拟器不独立存储""已占用""）"	"65d1209611dd179ca937a80d04e3fa911bab4fb15871aafa474f2caecb9ccc36"	"simulator-slot-behavior-or-fault-stimulus-candidate"	"review-planning-source-without-verifiable-approval-chain"	"slots-simulator-development-test-tool-only"	"needs-simulator-hardware-behavior-owner-and-explicit-approval"	"document-route:R10-candidate; unit-kind:markdown-flow-or-list-item; source-document-class:SIM-REQ + MAIN-LEAD; ledger-history:H-AI; see R10 Git history, derivation and status-correction groups"	"none-found-within-r10-pass"	"not-approved"	"simulator-hardware-behavior-owner;bound-8005-field-evidence-and-polarity-normalization;named-approver;approval-date;approved-scope;version-or-sha256-binding"
"R10-A0158"	"R10"	"R10-06"	"slots-simulator/docs/01-requirements/fr-003-exception-scenario-simulation.md"	"4227ba265ac446098d2055c503750dd32a574d401f6a846dd092322d7b37927f"	"line 31"	"FR-003 异常场景模拟能力 > Acceptance Criteria 验收标准"	"开门后光幕检测到异物（未经放料动作即设置实际光幕遮挡，使光幕 DI 为""有遮挡""）"	"开门后光幕检测到异物（未经放料动作即设置实际光幕遮挡，使光幕 DI 为""有遮挡""）"	"0cc36b05cc59d3df087bb1a33f32d164309d1c3ededf81091014dcdacbe767c9"	"simulator-interface-or-protocol-behavior-candidate"	"review-planning-source-without-verifiable-approval-chain"	"slots-simulator-test-control-and-modbus-interface"	"needs-simulator-interface-owner-and-explicit-approval"	"document-route:R10-candidate; unit-kind:markdown-flow-or-list-item; source-document-class:SIM-REQ + MAIN-LEAD; ledger-history:H-AI; see R10 Git history, derivation and status-correction groups"	"EVID-R10-001"	"not-approved"	"simulator-interface-owner;complete-versioned-interface-or-protocol-contract;named-approver;approval-date;approved-scope;version-or-sha256-binding"
"R10-A0159"	"R10"	"R10-06"	"slots-simulator/docs/01-requirements/fr-003-exception-scenario-simulation.md"	"4227ba265ac446098d2055c503750dd32a574d401f6a846dd092322d7b37927f"	"line 32"	"FR-003 异常场景模拟能力 > Acceptance Criteria 验收标准"	"关门后光幕检测仍有残留（未执行取出或实际遮挡未清除时，关门动作不改变光幕 DI）"	"关门后光幕检测仍有残留（未执行取出或实际遮挡未清除时，关门动作不改变光幕 DI）"	"e515bdbfa994e82bf81e36e74937713a86e56e645624af2ba8c0a80d76338fb3"	"simulator-interface-or-protocol-behavior-candidate"	"review-planning-source-without-verifiable-approval-chain"	"slots-simulator-test-control-and-modbus-interface"	"needs-simulator-interface-owner-and-explicit-approval"	"document-route:R10-candidate; unit-kind:markdown-flow-or-list-item; source-document-class:SIM-REQ + MAIN-LEAD; ledger-history:H-AI; see R10 Git history, derivation and status-correction groups"	"EVID-R10-001"	"not-approved"	"simulator-interface-owner;complete-versioned-interface-or-protocol-contract;named-approver;approval-date;approved-scope;version-or-sha256-binding"
"R10-A0160"	"R10"	"R10-06"	"slots-simulator/docs/01-requirements/fr-003-exception-scenario-simulation.md"	"4227ba265ac446098d2055c503750dd32a574d401f6a846dd092322d7b37927f"	"line 33"	"FR-003 异常场景模拟能力 > Acceptance Criteria 验收标准"	"DI 延迟反馈：可按点位设置锁状态 DI 或光幕 DI 在触发条件发生后延迟一个确定时长再变化，供主系统自行测试等待与超时分支。"	"DI 延迟反馈：可按点位设置锁状态 DI 或光幕 DI 在触发条件发生后延迟一个确定时长再变化，供主系统自行测试等待与超时分支。"	"ee4226053f92b9601d559cfab33fe0773551ebf46ecb495867b8aed24c0486eb"	"simulator-interface-or-protocol-behavior-candidate"	"review-planning-source-without-verifiable-approval-chain"	"slots-simulator-test-control-and-modbus-interface"	"needs-simulator-interface-owner-and-explicit-approval"	"document-route:R10-candidate; unit-kind:markdown-flow-or-list-item; source-document-class:SIM-REQ + MAIN-LEAD; ledger-history:H-AI; see R10 Git history, derivation and status-correction groups"	"BOUND-R10-001,EVID-R10-001,CF-R10-001"	"not-approved"	"simulator-interface-owner;complete-versioned-interface-or-protocol-contract;named-approver;approval-date;approved-scope;version-or-sha256-binding"
"R10-A0161"	"R10"	"R10-06"	"slots-simulator/docs/01-requirements/fr-003-exception-scenario-simulation.md"	"4227ba265ac446098d2055c503750dd32a574d401f6a846dd092322d7b37927f"	"line 34"	"FR-003 异常场景模拟能力 > Acceptance Criteria 验收标准"	"开锁/弹门失败：下发开锁脉冲后 DO 正常复位，但仓门未弹开且锁状态 DI 保持“锁闭”；"	"开锁/弹门失败：下发开锁脉冲后 DO 正常复位，但仓门未弹开且锁状态 DI 保持“锁闭”；主系统据此识别开锁失败，不自动重复脉冲。"	"920590a89c3eed2c4a01de575589f02ce77d603ef4d40c1309600c825735c5bd"	"simulator-interface-or-protocol-behavior-candidate"	"review-planning-source-without-verifiable-approval-chain"	"slots-simulator-test-control-and-modbus-interface"	"needs-simulator-interface-owner-and-explicit-approval"	"document-route:R10-candidate; unit-kind:markdown-flow-or-list-item; source-document-class:SIM-REQ + MAIN-LEAD; ledger-history:H-AI; see R10 Git history, derivation and status-correction groups"	"EVID-R10-001,CF-R10-001"	"not-approved"	"simulator-interface-owner;complete-versioned-interface-or-protocol-contract;named-approver;approval-date;approved-scope;version-or-sha256-binding"
"R10-A0162"	"R10"	"R10-06"	"slots-simulator/docs/01-requirements/fr-003-exception-scenario-simulation.md"	"4227ba265ac446098d2055c503750dd32a574d401f6a846dd092322d7b37927f"	"line 34"	"FR-003 异常场景模拟能力 > Acceptance Criteria 验收标准"	"主系统据此识别开锁失败，不自动重复脉冲。"	"开锁/弹门失败：下发开锁脉冲后 DO 正常复位，但仓门未弹开且锁状态 DI 保持“锁闭”；主系统据此识别开锁失败，不自动重复脉冲。"	"1df3ac128a816669a1d5e923bd331d6d6fd75fa9f4b1cad9cd279174677f4554"	"simulator-slot-behavior-or-fault-stimulus-candidate"	"review-planning-source-without-verifiable-approval-chain"	"slots-simulator-development-test-tool-only"	"needs-simulator-hardware-behavior-owner-and-explicit-approval"	"document-route:R10-candidate; unit-kind:markdown-flow-or-list-item; source-document-class:SIM-REQ + MAIN-LEAD; ledger-history:H-AI; see R10 Git history, derivation and status-correction groups"	"BOUND-R10-001,CF-R10-001"	"not-approved"	"simulator-hardware-behavior-owner;bound-8005-field-evidence-and-polarity-normalization;named-approver;approval-date;approved-scope;version-or-sha256-binding"
"R10-A0163"	"R10"	"R10-06"	"slots-simulator/docs/01-requirements/fr-003-exception-scenario-simulation.md"	"4227ba265ac446098d2055c503750dd32a574d401f6a846dd092322d7b37927f"	"line 35"	"FR-003 异常场景模拟能力 > Acceptance Criteria 验收标准"	"闩锁失败：控制 API 模拟关门后，锁状态 DI 仍保持“未锁”，表示门未能真正闩合；"	"闩锁失败：控制 API 模拟关门后，锁状态 DI 仍保持“未锁”，表示门未能真正闩合；该故障与 DO 是否已经复位无关。"	"550809eb72777630834666c669906bcb864bb3e29b435218de942d191d8a76ea"	"simulator-interface-or-protocol-behavior-candidate"	"review-planning-source-without-verifiable-approval-chain"	"slots-simulator-test-control-and-modbus-interface"	"needs-simulator-interface-owner-and-explicit-approval"	"document-route:R10-candidate; unit-kind:markdown-flow-or-list-item; source-document-class:SIM-REQ + MAIN-LEAD; ledger-history:H-AI; see R10 Git history, derivation and status-correction groups"	"EVID-R10-001,CF-R10-001"	"not-approved"	"simulator-interface-owner;complete-versioned-interface-or-protocol-contract;named-approver;approval-date;approved-scope;version-or-sha256-binding"
"R10-A0164"	"R10"	"R10-06"	"slots-simulator/docs/01-requirements/fr-003-exception-scenario-simulation.md"	"4227ba265ac446098d2055c503750dd32a574d401f6a846dd092322d7b37927f"	"line 35"	"FR-003 异常场景模拟能力 > Acceptance Criteria 验收标准"	"该故障与 DO 是否已经复位无关。"	"闩锁失败：控制 API 模拟关门后，锁状态 DI 仍保持“未锁”，表示门未能真正闩合；该故障与 DO 是否已经复位无关。"	"1cda4f063fd2fca467351930600c02c5c2d66647a2d713b013c785c875810ef4"	"simulator-interface-or-protocol-behavior-candidate"	"review-planning-source-without-verifiable-approval-chain"	"slots-simulator-test-control-and-modbus-interface"	"needs-simulator-interface-owner-and-explicit-approval"	"document-route:R10-candidate; unit-kind:markdown-flow-or-list-item; source-document-class:SIM-REQ + MAIN-LEAD; ledger-history:H-AI; see R10 Git history, derivation and status-correction groups"	"CF-R10-001"	"not-approved"	"simulator-interface-owner;complete-versioned-interface-or-protocol-contract;named-approver;approval-date;approved-scope;version-or-sha256-binding"
"R10-A0165"	"R10"	"R10-06"	"slots-simulator/docs/01-requirements/fr-003-exception-scenario-simulation.md"	"4227ba265ac446098d2055c503750dd32a574d401f6a846dd092322d7b37927f"	"line 36"	"FR-003 异常场景模拟能力 > Acceptance Criteria 验收标准"	"光幕反馈脱钩故障：光幕 DI 卡死在故障注入发生时的值，之后不随仓位内实际遮挡情况变化更新，模拟光幕传感器/反馈线路本身失灵；"	"光幕反馈脱钩故障：光幕 DI 卡死在故障注入发生时的值，之后不随仓位内实际遮挡情况变化更新，模拟光幕传感器/反馈线路本身失灵；与上面""开门后光幕检测到异物""""关门后光幕检测仍有残留""两类场景不同——那两类场景下光幕本身工作正常，只是仓位实际状态不符合预期，本项是传感器/反馈本身失效。"	"50acd2a0ed1e701032121acc38f1c25316f23d519602404cab261e37ec8d0948"	"simulator-testability-or-operability-candidate"	"review-planning-source-without-verifiable-approval-chain"	"slots-simulator-development-test-tool-only"	"needs-simulator-product-owner-and-explicit-approval"	"document-route:R10-candidate; unit-kind:markdown-flow-or-list-item; source-document-class:SIM-REQ + MAIN-LEAD; ledger-history:H-AI; see R10 Git history, derivation and status-correction groups"	"EVID-R10-001"	"not-approved"	"simulator-product-owner;approved-tool-scope-source;named-approver;approval-date;approved-scope;version-or-sha256-binding"
"R10-A0166"	"R10"	"R10-06"	"slots-simulator/docs/01-requirements/fr-003-exception-scenario-simulation.md"	"4227ba265ac446098d2055c503750dd32a574d401f6a846dd092322d7b37927f"	"line 36"	"FR-003 异常场景模拟能力 > Acceptance Criteria 验收标准"	"与上面""开门后光幕检测到异物""""关门后光幕检测仍有残留""两类场景不同——那两类场景下光幕本身工作正常，只是仓位实际状态不符合预期，本项是传感器/反馈本身失效。"	"光幕反馈脱钩故障：光幕 DI 卡死在故障注入发生时的值，之后不随仓位内实际遮挡情况变化更新，模拟光幕传感器/反馈线路本身失灵；与上面""开门后光幕检测到异物""""关门后光幕检测仍有残留""两类场景不同——那两类场景下光幕本身工作正常，只是仓位实际状态不符合预期，本项是传感器/反馈本身失效。"	"e129d5c52501156c3977d09642c91d098d44da6d7ba6f60bf116f28eac2f628e"	"simulator-slot-behavior-or-fault-stimulus-candidate"	"review-planning-source-without-verifiable-approval-chain"	"slots-simulator-development-test-tool-only"	"needs-simulator-hardware-behavior-owner-and-explicit-approval"	"document-route:R10-candidate; unit-kind:markdown-flow-or-list-item; source-document-class:SIM-REQ + MAIN-LEAD; ledger-history:H-AI; see R10 Git history, derivation and status-correction groups"	"none-found-within-r10-pass"	"not-approved"	"simulator-hardware-behavior-owner;bound-8005-field-evidence-and-polarity-normalization;named-approver;approval-date;approved-scope;version-or-sha256-binding"
"R10-A0167"	"R10"	"R10-06"	"slots-simulator/docs/01-requirements/fr-003-exception-scenario-simulation.md"	"4227ba265ac446098d2055c503750dd32a574d401f6a846dd092322d7b37927f"	"line 37"	"FR-003 异常场景模拟能力 > Acceptance Criteria 验收标准"	"长时间不关门（模拟器保持门开启，直至控制 API 收到关门动作或状态重置；"	"长时间不关门（模拟器保持门开启，直至控制 API 收到关门动作或状态重置；是否超时及如何告警由主系统判定）"	"cda690cbd95fc4724cd38d2632dcddf8069321fe17183ee132a5dceaaa4319a1"	"simulator-testability-or-operability-candidate"	"review-planning-source-without-verifiable-approval-chain"	"slots-simulator-development-test-tool-only"	"needs-simulator-product-owner-and-explicit-approval"	"document-route:R10-candidate; unit-kind:markdown-flow-or-list-item; source-document-class:SIM-REQ + MAIN-LEAD; ledger-history:H-AI; see R10 Git history, derivation and status-correction groups"	"none-found-within-r10-pass"	"not-approved"	"simulator-product-owner;approved-tool-scope-source;named-approver;approval-date;approved-scope;version-or-sha256-binding"
"R10-A0168"	"R10"	"R10-06"	"slots-simulator/docs/01-requirements/fr-003-exception-scenario-simulation.md"	"4227ba265ac446098d2055c503750dd32a574d401f6a846dd092322d7b37927f"	"line 37"	"FR-003 异常场景模拟能力 > Acceptance Criteria 验收标准"	"是否超时及如何告警由主系统判定）"	"长时间不关门（模拟器保持门开启，直至控制 API 收到关门动作或状态重置；是否超时及如何告警由主系统判定）"	"731814af87c50809eabad41b3877e4331681321f47af1a1ea0390c271b2b2918"	"embedded-main-system-or-field-claim"	"review-planning-source-without-verifiable-approval-chain"	"8005-main-system-or-field-evidence-lead-not-simulator-approval"	"main-system-or-field-lead-evidence-only"	"document-route:R10-candidate; unit-kind:markdown-flow-or-list-item; source-document-class:SIM-REQ + MAIN-LEAD; ledger-history:H-AI; see R10 Git history, derivation and status-correction groups"	"BOUND-R10-001"	"not-approved"	"authoritative-main-system-source;do-not-reverse-infer-from-simulator-planning;named-approver;approval-date;approved-scope;version-or-sha256-binding"
"R10-A0169"	"R10"	"R10-06"	"slots-simulator/docs/01-requirements/fr-003-exception-scenario-simulation.md"	"4227ba265ac446098d2055c503750dd32a574d401f6a846dd092322d7b37927f"	"line 38"	"FR-003 异常场景模拟能力 > Acceptance Criteria 验收标准"	"IO 通信异常（可指定某一个 IO 模块实例，让模拟器主动断开该模块对应的 Modbus TCP 连接或不响应，其余模块不受影响；"	"IO 通信异常（可指定某一个 IO 模块实例，让模拟器主动断开该模块对应的 Modbus TCP 连接或不响应，其余模块不受影响；模块的划分对应 [[fr-014-multi-io-module-simulation|FR-014]] 的多模块实例模型，供主系统测试""部分模块失联、其余模块正常""这类更贴近真实多模块部署故障的场景，而不是笼统断开唯一一条连接）"	"4d5530586ede37c3d5f8d8a99a79cdb63e7f8d3358f4aaa5d4fc4d1d3f639ca8"	"simulator-interface-or-protocol-behavior-candidate"	"review-planning-source-without-verifiable-approval-chain"	"slots-simulator-test-control-and-modbus-interface"	"needs-simulator-interface-owner-and-explicit-approval"	"document-route:R10-candidate; unit-kind:markdown-flow-or-list-item; source-document-class:SIM-REQ + MAIN-LEAD; ledger-history:H-AI; see R10 Git history, derivation and status-correction groups"	"GAP-R10-001"	"not-approved"	"simulator-interface-owner;complete-versioned-interface-or-protocol-contract;named-approver;approval-date;approved-scope;version-or-sha256-binding"
"R10-A0170"	"R10"	"R10-06"	"slots-simulator/docs/01-requirements/fr-003-exception-scenario-simulation.md"	"4227ba265ac446098d2055c503750dd32a574d401f6a846dd092322d7b37927f"	"line 38"	"FR-003 异常场景模拟能力 > Acceptance Criteria 验收标准"	"模块的划分对应 [[fr-014-multi-io-module-simulation|FR-014]] 的多模块实例模型，供主系统测试""部分模块失联、其余模块正常""这类更贴近真实多模块部署故障的场景，而不是笼统断开唯一一条连接）"	"IO 通信异常（可指定某一个 IO 模块实例，让模拟器主动断开该模块对应的 Modbus TCP 连接或不响应，其余模块不受影响；模块的划分对应 [[fr-014-multi-io-module-simulation|FR-014]] 的多模块实例模型，供主系统测试""部分模块失联、其余模块正常""这类更贴近真实多模块部署故障的场景，而不是笼统断开唯一一条连接）"	"0e0b12a48a5f9ce7fce1cfac726c0ca2832110f6659e60adca24d0385d3d4bdf"	"embedded-main-system-or-field-claim"	"review-planning-source-without-verifiable-approval-chain"	"8005-main-system-or-field-evidence-lead-not-simulator-approval"	"main-system-or-field-lead-evidence-only"	"document-route:R10-candidate; unit-kind:markdown-flow-or-list-item; source-document-class:SIM-REQ + MAIN-LEAD; ledger-history:H-AI; see R10 Git history, derivation and status-correction groups"	"BOUND-R10-001"	"not-approved"	"authoritative-main-system-source;do-not-reverse-infer-from-simulator-planning;named-approver;approval-date;approved-scope;version-or-sha256-binding"
"R10-A0171"	"R10"	"R10-06"	"slots-simulator/docs/01-requirements/fr-003-exception-scenario-simulation.md"	"4227ba265ac446098d2055c503750dd32a574d401f6a846dd092322d7b37927f"	"line 40"	"FR-003 异常场景模拟能力 > Acceptance Criteria 验收标准"	"每种异常场景均可通过控制 API（[[fr-006-automation-control-api|FR-006]]）的测试前置或故障注入能力单独构造和清除，且触发后对应的 Modbus 寄存器状态符合预期。"	"每种异常场景均可通过控制 API（[[fr-006-automation-control-api|FR-006]]）的测试前置或故障注入能力单独构造和清除，且触发后对应的 Modbus 寄存器状态符合预期。控制 API 不提供开锁；需要开锁 DO 的场景仍由主系统通过 Modbus 写入。测试前置中的空闲/占用构造只通过设置实际光幕遮挡并观察光幕 DI 完成，不写入独立占用字段。"	"3e228405b35f28748e6e5c4e62a5d6e342c4e49553b9fba91e6d65e8578397a3"	"simulator-testability-or-operability-candidate"	"review-planning-source-without-verifiable-approval-chain"	"slots-simulator-development-test-tool-only"	"needs-simulator-product-owner-and-explicit-approval"	"document-route:R10-candidate; unit-kind:markdown-paragraph; source-document-class:SIM-REQ + MAIN-LEAD; ledger-history:H-AI; see R10 Git history, derivation and status-correction groups"	"GAP-R10-001"	"not-approved"	"simulator-product-owner;approved-tool-scope-source;named-approver;approval-date;approved-scope;version-or-sha256-binding"
"R10-A0172"	"R10"	"R10-06"	"slots-simulator/docs/01-requirements/fr-003-exception-scenario-simulation.md"	"4227ba265ac446098d2055c503750dd32a574d401f6a846dd092322d7b37927f"	"line 40"	"FR-003 异常场景模拟能力 > Acceptance Criteria 验收标准"	"控制 API 不提供开锁；"	"每种异常场景均可通过控制 API（[[fr-006-automation-control-api|FR-006]]）的测试前置或故障注入能力单独构造和清除，且触发后对应的 Modbus 寄存器状态符合预期。控制 API 不提供开锁；需要开锁 DO 的场景仍由主系统通过 Modbus 写入。测试前置中的空闲/占用构造只通过设置实际光幕遮挡并观察光幕 DI 完成，不写入独立占用字段。"	"6eb7c3234f4f1b62b8dcbacbb2abec9d1830c37f47b2e3348bcfec85d303d58c"	"simulator-interface-or-protocol-behavior-candidate"	"review-planning-source-without-verifiable-approval-chain"	"slots-simulator-test-control-and-modbus-interface"	"needs-simulator-interface-owner-and-explicit-approval"	"document-route:R10-candidate; unit-kind:markdown-paragraph; source-document-class:SIM-REQ + MAIN-LEAD; ledger-history:H-AI; see R10 Git history, derivation and status-correction groups"	"none-found-within-r10-pass"	"not-approved"	"simulator-interface-owner;complete-versioned-interface-or-protocol-contract;named-approver;approval-date;approved-scope;version-or-sha256-binding"
"R10-A0173"	"R10"	"R10-06"	"slots-simulator/docs/01-requirements/fr-003-exception-scenario-simulation.md"	"4227ba265ac446098d2055c503750dd32a574d401f6a846dd092322d7b37927f"	"line 40"	"FR-003 异常场景模拟能力 > Acceptance Criteria 验收标准"	"需要开锁 DO 的场景仍由主系统通过 Modbus 写入。"	"每种异常场景均可通过控制 API（[[fr-006-automation-control-api|FR-006]]）的测试前置或故障注入能力单独构造和清除，且触发后对应的 Modbus 寄存器状态符合预期。控制 API 不提供开锁；需要开锁 DO 的场景仍由主系统通过 Modbus 写入。测试前置中的空闲/占用构造只通过设置实际光幕遮挡并观察光幕 DI 完成，不写入独立占用字段。"	"72502a2c25b91076b276aade6034097e636b0b2cf911885ae1d49ae077368a77"	"embedded-main-system-or-field-claim"	"review-planning-source-without-verifiable-approval-chain"	"8005-main-system-or-field-evidence-lead-not-simulator-approval"	"main-system-or-field-lead-evidence-only"	"document-route:R10-candidate; unit-kind:markdown-paragraph; source-document-class:SIM-REQ + MAIN-LEAD; ledger-history:H-AI; see R10 Git history, derivation and status-correction groups"	"BOUND-R10-001,EVID-R10-001,GAP-R10-001"	"not-approved"	"authoritative-main-system-source;do-not-reverse-infer-from-simulator-planning;named-approver;approval-date;approved-scope;version-or-sha256-binding"
"R10-A0174"	"R10"	"R10-06"	"slots-simulator/docs/01-requirements/fr-003-exception-scenario-simulation.md"	"4227ba265ac446098d2055c503750dd32a574d401f6a846dd092322d7b37927f"	"line 40"	"FR-003 异常场景模拟能力 > Acceptance Criteria 验收标准"	"测试前置中的空闲/占用构造只通过设置实际光幕遮挡并观察光幕 DI 完成，不写入独立占用字段。"	"每种异常场景均可通过控制 API（[[fr-006-automation-control-api|FR-006]]）的测试前置或故障注入能力单独构造和清除，且触发后对应的 Modbus 寄存器状态符合预期。控制 API 不提供开锁；需要开锁 DO 的场景仍由主系统通过 Modbus 写入。测试前置中的空闲/占用构造只通过设置实际光幕遮挡并观察光幕 DI 完成，不写入独立占用字段。"	"dc6f34626f33492398e9a1ffbfadf93e1b067c53eeb0426336b71c3bf8b98048"	"simulator-interface-or-protocol-behavior-candidate"	"review-planning-source-without-verifiable-approval-chain"	"slots-simulator-test-control-and-modbus-interface"	"needs-simulator-interface-owner-and-explicit-approval"	"document-route:R10-candidate; unit-kind:markdown-paragraph; source-document-class:SIM-REQ + MAIN-LEAD; ledger-history:H-AI; see R10 Git history, derivation and status-correction groups"	"EVID-R10-001"	"not-approved"	"simulator-interface-owner;complete-versioned-interface-or-protocol-contract;named-approver;approval-date;approved-scope;version-or-sha256-binding"
"R10-A0175"	"R10"	"R10-06"	"slots-simulator/docs/01-requirements/fr-003-exception-scenario-simulation.md"	"4227ba265ac446098d2055c503750dd32a574d401f6a846dd092322d7b37927f"	"line 44"	"FR-003 异常场景模拟能力 > Related Use Case 关联用例"	"[UC-001 放入完工产品到仓位](../../../requirement-documents/03-use-cases/uc-001-load-completed-lot-into-slot.md)、[UC-005 取出仓位中存错的产品](../../../requirement-documents/03-use-cases/uc-005-retrieve-mis-stored-product-from-slot.md) 与 [UC-010 终点站取出产品存料](../../../requirement-documents/03-use-cases/uc-010-unload-completed-lot-at-destination-station.md) 的硬件异常分支。"	"[UC-001 放入完工产品到仓位](../../../requirement-documents/03-use-cases/uc-001-load-completed-lot-into-slot.md)、[UC-005 取出仓位中存错的产品](../../../requirement-documents/03-use-cases/uc-005-retrieve-mis-stored-product-from-slot.md) 与 [UC-010 终点站取出产品存料](../../../requirement-documents/03-use-cases/uc-010-unload-completed-lot-at-destination-station.md) 的硬件异常分支。"	"0e16e95417b192028c68af99d071fbd59140c76df083fa8ade9a64ed92c5e408"	"source-origin-background-or-traceability-evidence"	"review-planning-source-without-verifiable-approval-chain"	"slots-simulator-development-test-tool-only"	"source-or-traceability-evidence-only"	"document-route:R10-candidate; unit-kind:markdown-paragraph; source-document-class:SIM-REQ + MAIN-LEAD; ledger-history:H-AI; see R10 Git history, derivation and status-correction groups"	"BOUND-R10-001"	"not-approved"	"evidence-only-not-an-approval-unit;named-approver;approval-date;approved-scope;version-or-sha256-binding"
"R10-A0176"	"R10"	"R10-06"	"slots-simulator/docs/01-requirements/fr-003-exception-scenario-simulation.md"	"4227ba265ac446098d2055c503750dd32a574d401f6a846dd092322d7b37927f"	"line 48"	"FR-003 异常场景模拟能力 > Verification 验证方式"	"**TC-FR-003-001（预留）**：Given 全部仓位通过测试前置设置为光幕有遮挡；"	"**TC-FR-003-001（预留）**：Given 全部仓位通过测试前置设置为光幕有遮挡；When 主系统读取全部光幕 DI；Then 每个仓位均被推导为已占用，模拟器中不存在可与 DI 不一致的独立占用字段。"	"319f4439f0602508e766c313b43c325c502f9f6f3f93c4f195ec0f68b06e5528"	"reserved-verification-plan-evidence"	"review-planning-source-without-verifiable-approval-chain"	"slots-simulator-development-test-tool-only"	"test-plan-evidence-only"	"document-route:R10-candidate; unit-kind:markdown-flow-or-list-item; source-document-class:SIM-REQ + MAIN-LEAD; ledger-history:H-AI; see R10 Git history, derivation and status-correction groups"	"none-found-within-r10-pass"	"not-approved"	"evidence-only-not-an-approval-unit;named-approver;approval-date;approved-scope;version-or-sha256-binding"
"R10-A0177"	"R10"	"R10-06"	"slots-simulator/docs/01-requirements/fr-003-exception-scenario-simulation.md"	"4227ba265ac446098d2055c503750dd32a574d401f6a846dd092322d7b37927f"	"line 48"	"FR-003 异常场景模拟能力 > Verification 验证方式"	"When 主系统读取全部光幕 DI；"	"**TC-FR-003-001（预留）**：Given 全部仓位通过测试前置设置为光幕有遮挡；When 主系统读取全部光幕 DI；Then 每个仓位均被推导为已占用，模拟器中不存在可与 DI 不一致的独立占用字段。"	"d6cd738a94014f2d884a70d64ced73d3da0637b5b0e27d8002f7638aca67ab9d"	"reserved-verification-plan-evidence"	"review-planning-source-without-verifiable-approval-chain"	"slots-simulator-development-test-tool-only"	"test-plan-evidence-only"	"document-route:R10-candidate; unit-kind:markdown-flow-or-list-item; source-document-class:SIM-REQ + MAIN-LEAD; ledger-history:H-AI; see R10 Git history, derivation and status-correction groups"	"BOUND-R10-001,EVID-R10-001"	"not-approved"	"evidence-only-not-an-approval-unit;named-approver;approval-date;approved-scope;version-or-sha256-binding"
"R10-A0178"	"R10"	"R10-06"	"slots-simulator/docs/01-requirements/fr-003-exception-scenario-simulation.md"	"4227ba265ac446098d2055c503750dd32a574d401f6a846dd092322d7b37927f"	"line 48"	"FR-003 异常场景模拟能力 > Verification 验证方式"	"Then 每个仓位均被推导为已占用，模拟器中不存在可与 DI 不一致的独立占用字段。"	"**TC-FR-003-001（预留）**：Given 全部仓位通过测试前置设置为光幕有遮挡；When 主系统读取全部光幕 DI；Then 每个仓位均被推导为已占用，模拟器中不存在可与 DI 不一致的独立占用字段。"	"7f4ad966867cb306e99eec41a8ceb75b0f32c951bdb4a7cfecdf909081f0e37a"	"reserved-verification-plan-evidence"	"review-planning-source-without-verifiable-approval-chain"	"slots-simulator-development-test-tool-only"	"test-plan-evidence-only"	"document-route:R10-candidate; unit-kind:markdown-flow-or-list-item; source-document-class:SIM-REQ + MAIN-LEAD; ledger-history:H-AI; see R10 Git history, derivation and status-correction groups"	"none-found-within-r10-pass"	"not-approved"	"evidence-only-not-an-approval-unit;named-approver;approval-date;approved-scope;version-or-sha256-binding"
"R10-A0179"	"R10"	"R10-06"	"slots-simulator/docs/01-requirements/fr-003-exception-scenario-simulation.md"	"4227ba265ac446098d2055c503750dd32a574d401f6a846dd092322d7b37927f"	"line 49"	"FR-003 异常场景模拟能力 > Verification 验证方式"	"**TC-FR-003-002（预留）**：Given 锁状态 DI 配置为延迟反馈；"	"**TC-FR-003-002（预留）**：Given 锁状态 DI 配置为延迟反馈；When 主系统写开锁 DO=1；Then 延迟期内 DI 保持锁闭，达到配置时长后门弹开且 DI 变为未锁，模拟器本身不产生业务超时结论。"	"7a496b6f80b4d47541f7f065b970268212a7e140ba8c5b507bec91c1221028cf"	"reserved-verification-plan-evidence"	"review-planning-source-without-verifiable-approval-chain"	"slots-simulator-development-test-tool-only"	"test-plan-evidence-only"	"document-route:R10-candidate; unit-kind:markdown-flow-or-list-item; source-document-class:SIM-REQ + MAIN-LEAD; ledger-history:H-AI; see R10 Git history, derivation and status-correction groups"	"EVID-R10-001,CF-R10-001"	"not-approved"	"evidence-only-not-an-approval-unit;named-approver;approval-date;approved-scope;version-or-sha256-binding"
"R10-A0180"	"R10"	"R10-06"	"slots-simulator/docs/01-requirements/fr-003-exception-scenario-simulation.md"	"4227ba265ac446098d2055c503750dd32a574d401f6a846dd092322d7b37927f"	"line 49"	"FR-003 异常场景模拟能力 > Verification 验证方式"	"When 主系统写开锁 DO=1；"	"**TC-FR-003-002（预留）**：Given 锁状态 DI 配置为延迟反馈；When 主系统写开锁 DO=1；Then 延迟期内 DI 保持锁闭，达到配置时长后门弹开且 DI 变为未锁，模拟器本身不产生业务超时结论。"	"9d359d07cc2efe080e88572e9808007d70a732371eb1f59199bc5069e5178bbd"	"reserved-verification-plan-evidence"	"review-planning-source-without-verifiable-approval-chain"	"slots-simulator-development-test-tool-only"	"test-plan-evidence-only"	"document-route:R10-candidate; unit-kind:markdown-flow-or-list-item; source-document-class:SIM-REQ + MAIN-LEAD; ledger-history:H-AI; see R10 Git history, derivation and status-correction groups; exact-duplicate-of:R10-A0145"	"BOUND-R10-001,EVID-R10-001"	"not-approved"	"evidence-only-not-an-approval-unit;named-approver;approval-date;approved-scope;version-or-sha256-binding"
"R10-A0181"	"R10"	"R10-06"	"slots-simulator/docs/01-requirements/fr-003-exception-scenario-simulation.md"	"4227ba265ac446098d2055c503750dd32a574d401f6a846dd092322d7b37927f"	"line 49"	"FR-003 异常场景模拟能力 > Verification 验证方式"	"Then 延迟期内 DI 保持锁闭，达到配置时长后门弹开且 DI 变为未锁，模拟器本身不产生业务超时结论。"	"**TC-FR-003-002（预留）**：Given 锁状态 DI 配置为延迟反馈；When 主系统写开锁 DO=1；Then 延迟期内 DI 保持锁闭，达到配置时长后门弹开且 DI 变为未锁，模拟器本身不产生业务超时结论。"	"9e50487852b18741c5f828dd10c7bccac751696028f7247c70b094b84c4193a9"	"reserved-verification-plan-evidence"	"review-planning-source-without-verifiable-approval-chain"	"slots-simulator-development-test-tool-only"	"test-plan-evidence-only"	"document-route:R10-candidate; unit-kind:markdown-flow-or-list-item; source-document-class:SIM-REQ + MAIN-LEAD; ledger-history:H-AI; see R10 Git history, derivation and status-correction groups"	"BOUND-R10-001"	"not-approved"	"evidence-only-not-an-approval-unit;named-approver;approval-date;approved-scope;version-or-sha256-binding"
"R10-A0182"	"R10"	"R10-06"	"slots-simulator/docs/01-requirements/fr-003-exception-scenario-simulation.md"	"4227ba265ac446098d2055c503750dd32a574d401f6a846dd092322d7b37927f"	"line 50"	"FR-003 异常场景模拟能力 > Verification 验证方式"	"**TC-FR-003-003（预留）**：Given 已注入光幕反馈脱钩且光幕 DI 当前为无遮挡；"	"**TC-FR-003-003（预留）**：Given 已注入光幕反馈脱钩且光幕 DI 当前为无遮挡；When API 执行放料使实际遮挡成立；Then 光幕 DI 仍为无遮挡，派生占用仍为空闲，清除故障后 DI 与派生占用恢复跟随实际遮挡。"	"5d5eed945582a6b1f228b03107124bd9ed5cca5433159fe0f267fa02250c4c39"	"reserved-verification-plan-evidence"	"review-planning-source-without-verifiable-approval-chain"	"slots-simulator-development-test-tool-only"	"test-plan-evidence-only"	"document-route:R10-candidate; unit-kind:markdown-flow-or-list-item; source-document-class:SIM-REQ + MAIN-LEAD; ledger-history:H-AI; see R10 Git history, derivation and status-correction groups"	"EVID-R10-001"	"not-approved"	"evidence-only-not-an-approval-unit;named-approver;approval-date;approved-scope;version-or-sha256-binding"
"R10-A0183"	"R10"	"R10-06"	"slots-simulator/docs/01-requirements/fr-003-exception-scenario-simulation.md"	"4227ba265ac446098d2055c503750dd32a574d401f6a846dd092322d7b37927f"	"line 50"	"FR-003 异常场景模拟能力 > Verification 验证方式"	"When API 执行放料使实际遮挡成立；"	"**TC-FR-003-003（预留）**：Given 已注入光幕反馈脱钩且光幕 DI 当前为无遮挡；When API 执行放料使实际遮挡成立；Then 光幕 DI 仍为无遮挡，派生占用仍为空闲，清除故障后 DI 与派生占用恢复跟随实际遮挡。"	"a90c6313a3293f1652fc06210973857520b6e8a10741f140a566ebf448b6c9f3"	"reserved-verification-plan-evidence"	"review-planning-source-without-verifiable-approval-chain"	"slots-simulator-development-test-tool-only"	"test-plan-evidence-only"	"document-route:R10-candidate; unit-kind:markdown-flow-or-list-item; source-document-class:SIM-REQ + MAIN-LEAD; ledger-history:H-AI; see R10 Git history, derivation and status-correction groups"	"none-found-within-r10-pass"	"not-approved"	"evidence-only-not-an-approval-unit;named-approver;approval-date;approved-scope;version-or-sha256-binding"
"R10-A0184"	"R10"	"R10-06"	"slots-simulator/docs/01-requirements/fr-003-exception-scenario-simulation.md"	"4227ba265ac446098d2055c503750dd32a574d401f6a846dd092322d7b37927f"	"line 50"	"FR-003 异常场景模拟能力 > Verification 验证方式"	"Then 光幕 DI 仍为无遮挡，派生占用仍为空闲，清除故障后 DI 与派生占用恢复跟随实际遮挡。"	"**TC-FR-003-003（预留）**：Given 已注入光幕反馈脱钩且光幕 DI 当前为无遮挡；When API 执行放料使实际遮挡成立；Then 光幕 DI 仍为无遮挡，派生占用仍为空闲，清除故障后 DI 与派生占用恢复跟随实际遮挡。"	"6bef95a95a79cec49afb62f689b2b37fd0e7270bfe2cea4415501f3a9ccf2206"	"reserved-verification-plan-evidence"	"review-planning-source-without-verifiable-approval-chain"	"slots-simulator-development-test-tool-only"	"test-plan-evidence-only"	"document-route:R10-candidate; unit-kind:markdown-flow-or-list-item; source-document-class:SIM-REQ + MAIN-LEAD; ledger-history:H-AI; see R10 Git history, derivation and status-correction groups"	"EVID-R10-001"	"not-approved"	"evidence-only-not-an-approval-unit;named-approver;approval-date;approved-scope;version-or-sha256-binding"
"R10-A0185"	"R10"	"R10-06"	"slots-simulator/docs/01-requirements/fr-003-exception-scenario-simulation.md"	"4227ba265ac446098d2055c503750dd32a574d401f6a846dd092322d7b37927f"	"line 51"	"FR-003 异常场景模拟能力 > Verification 验证方式"	"**TC-FR-003-004（预留）**：Given 仓位已开门；"	"**TC-FR-003-004（预留）**：Given 仓位已开门；When 不发送关门动作并等待超过主系统超时阈值；Then 模拟器持续保持门开启，由主系统产生超时处理，模拟器不改变为独立超时状态。"	"fe5e96f0e11ebe85d6aa96b10a58f172379f3c5d9d756beae1c2454133a045af"	"reserved-verification-plan-evidence"	"review-planning-source-without-verifiable-approval-chain"	"slots-simulator-development-test-tool-only"	"test-plan-evidence-only"	"document-route:R10-candidate; unit-kind:markdown-flow-or-list-item; source-document-class:SIM-REQ + MAIN-LEAD; ledger-history:H-AI; see R10 Git history, derivation and status-correction groups"	"none-found-within-r10-pass"	"not-approved"	"evidence-only-not-an-approval-unit;named-approver;approval-date;approved-scope;version-or-sha256-binding"
"R10-A0186"	"R10"	"R10-06"	"slots-simulator/docs/01-requirements/fr-003-exception-scenario-simulation.md"	"4227ba265ac446098d2055c503750dd32a574d401f6a846dd092322d7b37927f"	"line 51"	"FR-003 异常场景模拟能力 > Verification 验证方式"	"When 不发送关门动作并等待超过主系统超时阈值；"	"**TC-FR-003-004（预留）**：Given 仓位已开门；When 不发送关门动作并等待超过主系统超时阈值；Then 模拟器持续保持门开启，由主系统产生超时处理，模拟器不改变为独立超时状态。"	"874e5f12aa816e8ffe3d608bef4768b29e1e78a02dabda2da60b65a3801cde7c"	"reserved-verification-plan-evidence"	"review-planning-source-without-verifiable-approval-chain"	"slots-simulator-development-test-tool-only"	"test-plan-evidence-only"	"document-route:R10-candidate; unit-kind:markdown-flow-or-list-item; source-document-class:SIM-REQ + MAIN-LEAD; ledger-history:H-AI; see R10 Git history, derivation and status-correction groups"	"BOUND-R10-001"	"not-approved"	"evidence-only-not-an-approval-unit;named-approver;approval-date;approved-scope;version-or-sha256-binding"
"R10-A0187"	"R10"	"R10-06"	"slots-simulator/docs/01-requirements/fr-003-exception-scenario-simulation.md"	"4227ba265ac446098d2055c503750dd32a574d401f6a846dd092322d7b37927f"	"line 51"	"FR-003 异常场景模拟能力 > Verification 验证方式"	"Then 模拟器持续保持门开启，由主系统产生超时处理，模拟器不改变为独立超时状态。"	"**TC-FR-003-004（预留）**：Given 仓位已开门；When 不发送关门动作并等待超过主系统超时阈值；Then 模拟器持续保持门开启，由主系统产生超时处理，模拟器不改变为独立超时状态。"	"f67163888edd18e5b78ebddda78847dbdbb0a78598be4dad67d3a411c0ebcbc2"	"reserved-verification-plan-evidence"	"review-planning-source-without-verifiable-approval-chain"	"slots-simulator-development-test-tool-only"	"test-plan-evidence-only"	"document-route:R10-candidate; unit-kind:markdown-flow-or-list-item; source-document-class:SIM-REQ + MAIN-LEAD; ledger-history:H-AI; see R10 Git history, derivation and status-correction groups"	"BOUND-R10-001"	"not-approved"	"evidence-only-not-an-approval-unit;named-approver;approval-date;approved-scope;version-or-sha256-binding"
"R10-A0188"	"R10"	"R10-06"	"slots-simulator/docs/01-requirements/fr-003-exception-scenario-simulation.md"	"4227ba265ac446098d2055c503750dd32a574d401f6a846dd092322d7b37927f"	"line 52"	"FR-003 异常场景模拟能力 > Verification 验证方式"	"**TC-FR-003-005（预留）**：Given 两个 IO 模块均已连接；"	"**TC-FR-003-005（预留）**：Given 两个 IO 模块均已连接；When 对其中一个模块注入断连或不响应；Then 仅目标模块通信异常，另一模块继续正常读写。"	"4b1dad64cb5cccfeeae50f0bcdb17adeedb65306a698c4fd415a076959c939ed"	"reserved-verification-plan-evidence"	"review-planning-source-without-verifiable-approval-chain"	"slots-simulator-development-test-tool-only"	"test-plan-evidence-only"	"document-route:R10-candidate; unit-kind:markdown-flow-or-list-item; source-document-class:SIM-REQ + MAIN-LEAD; ledger-history:H-AI; see R10 Git history, derivation and status-correction groups"	"none-found-within-r10-pass"	"not-approved"	"evidence-only-not-an-approval-unit;named-approver;approval-date;approved-scope;version-or-sha256-binding"
"R10-A0189"	"R10"	"R10-06"	"slots-simulator/docs/01-requirements/fr-003-exception-scenario-simulation.md"	"4227ba265ac446098d2055c503750dd32a574d401f6a846dd092322d7b37927f"	"line 52"	"FR-003 异常场景模拟能力 > Verification 验证方式"	"When 对其中一个模块注入断连或不响应；"	"**TC-FR-003-005（预留）**：Given 两个 IO 模块均已连接；When 对其中一个模块注入断连或不响应；Then 仅目标模块通信异常，另一模块继续正常读写。"	"e437d36b1294ae2e76e5fe9d0514e6d7549eb4aeaed0ce81665254bd62811497"	"reserved-verification-plan-evidence"	"review-planning-source-without-verifiable-approval-chain"	"slots-simulator-development-test-tool-only"	"test-plan-evidence-only"	"document-route:R10-candidate; unit-kind:markdown-flow-or-list-item; source-document-class:SIM-REQ + MAIN-LEAD; ledger-history:H-AI; see R10 Git history, derivation and status-correction groups"	"none-found-within-r10-pass"	"not-approved"	"evidence-only-not-an-approval-unit;named-approver;approval-date;approved-scope;version-or-sha256-binding"
"R10-A0190"	"R10"	"R10-06"	"slots-simulator/docs/01-requirements/fr-003-exception-scenario-simulation.md"	"4227ba265ac446098d2055c503750dd32a574d401f6a846dd092322d7b37927f"	"line 52"	"FR-003 异常场景模拟能力 > Verification 验证方式"	"Then 仅目标模块通信异常，另一模块继续正常读写。"	"**TC-FR-003-005（预留）**：Given 两个 IO 模块均已连接；When 对其中一个模块注入断连或不响应；Then 仅目标模块通信异常，另一模块继续正常读写。"	"ab2fcb559b49221ee4d51ebb6cd445458adb1775cf8c6520cbaa7cd3dbf3f4c4"	"reserved-verification-plan-evidence"	"review-planning-source-without-verifiable-approval-chain"	"slots-simulator-development-test-tool-only"	"test-plan-evidence-only"	"document-route:R10-candidate; unit-kind:markdown-flow-or-list-item; source-document-class:SIM-REQ + MAIN-LEAD; ledger-history:H-AI; see R10 Git history, derivation and status-correction groups"	"none-found-within-r10-pass"	"not-approved"	"evidence-only-not-an-approval-unit;named-approver;approval-date;approved-scope;version-or-sha256-binding"
"R10-A0191"	"R10"	"R10-06"	"slots-simulator/docs/01-requirements/fr-003-exception-scenario-simulation.md"	"4227ba265ac446098d2055c503750dd32a574d401f6a846dd092322d7b37927f"	"line 56"	"FR-003 异常场景模拟能力 > Related 关联"	"[[dr-010-do-control-mode|DR-010]]（开锁输出与锁反馈独立）、[[dr-014-fault-injection-mirror-exception|DR-014]]（开锁/弹门失败、闩锁失败与光幕反馈故障）、[[fr-014-multi-io-module-simulation|FR-014]]（IO 通信异常按模块实例粒度触发）。"	"[[dr-010-do-control-mode|DR-010]]（开锁输出与锁反馈独立）、[[dr-014-fault-injection-mirror-exception|DR-014]]（开锁/弹门失败、闩锁失败与光幕反馈故障）、[[fr-014-multi-io-module-simulation|FR-014]]（IO 通信异常按模块实例粒度触发）。"	"b78c025ceb9656849194503832aaa4a8352e45955b67a45542fa5719bd410410"	"source-origin-background-or-traceability-evidence"	"review-planning-source-without-verifiable-approval-chain"	"slots-simulator-development-test-tool-only"	"source-or-traceability-evidence-only"	"document-route:R10-candidate; unit-kind:markdown-paragraph; source-document-class:SIM-REQ + MAIN-LEAD; ledger-history:H-AI; see R10 Git history, derivation and status-correction groups"	"CF-R10-001"	"not-approved"	"evidence-only-not-an-approval-unit;named-approver;approval-date;approved-scope;version-or-sha256-binding"
"R10-A0192"	"R10"	"R10-07"	"slots-simulator/docs/01-requirements/fr-004-mis-stored-product-retrieval.md"	"b7c1e6a1c2847682cbc2ba68e2e15e1ee8d62bfe6e55a469d843c042cc87852a"	"line 18"	"FR-004 取出纠错场景支持 > Description 需求描述"	"支持从光幕 DI 为“有遮挡”的仓位取出存错产品。"	"支持从光幕 DI 为“有遮挡”的仓位取出存错产品。开锁只能由主系统写 Modbus DO 发起；正常开锁后弹簧自动弹门，控制 API 再模拟取出和关门。"	"bd1fe6188ceb66f7b04796533a776e626d004f6ad7fb034b7dcc3e8147516bde"	"simulator-interface-or-protocol-behavior-candidate"	"review-planning-source-without-verifiable-approval-chain"	"slots-simulator-test-control-and-modbus-interface"	"needs-simulator-interface-owner-and-explicit-approval"	"document-route:R10-candidate; unit-kind:markdown-paragraph; source-document-class:SIM-REQ; ledger-history:H-AI; see R10 Git history, derivation and status-correction groups"	"EVID-R10-001"	"not-approved"	"simulator-interface-owner;complete-versioned-interface-or-protocol-contract;named-approver;approval-date;approved-scope;version-or-sha256-binding"
"R10-A0193"	"R10"	"R10-07"	"slots-simulator/docs/01-requirements/fr-004-mis-stored-product-retrieval.md"	"b7c1e6a1c2847682cbc2ba68e2e15e1ee8d62bfe6e55a469d843c042cc87852a"	"line 18"	"FR-004 取出纠错场景支持 > Description 需求描述"	"开锁只能由主系统写 Modbus DO 发起；"	"支持从光幕 DI 为“有遮挡”的仓位取出存错产品。开锁只能由主系统写 Modbus DO 发起；正常开锁后弹簧自动弹门，控制 API 再模拟取出和关门。"	"013e939ab38fb7749308812b0aefbf64383aa0aabd640b8fec45391bef5f6b40"	"embedded-main-system-or-field-claim"	"review-planning-source-without-verifiable-approval-chain"	"8005-main-system-or-field-evidence-lead-not-simulator-approval"	"main-system-or-field-lead-evidence-only"	"document-route:R10-candidate; unit-kind:markdown-paragraph; source-document-class:SIM-REQ; ledger-history:H-AI; see R10 Git history, derivation and status-correction groups"	"BOUND-R10-001,EVID-R10-001,GAP-R10-001"	"not-approved"	"authoritative-main-system-source;do-not-reverse-infer-from-simulator-planning;named-approver;approval-date;approved-scope;version-or-sha256-binding"
"R10-A0194"	"R10"	"R10-07"	"slots-simulator/docs/01-requirements/fr-004-mis-stored-product-retrieval.md"	"b7c1e6a1c2847682cbc2ba68e2e15e1ee8d62bfe6e55a469d843c042cc87852a"	"line 18"	"FR-004 取出纠错场景支持 > Description 需求描述"	"正常开锁后弹簧自动弹门，控制 API 再模拟取出和关门。"	"支持从光幕 DI 为“有遮挡”的仓位取出存错产品。开锁只能由主系统写 Modbus DO 发起；正常开锁后弹簧自动弹门，控制 API 再模拟取出和关门。"	"607aa0bd95da2976483d2d75175cbcd78474b7826676e36a16f477805473f6b3"	"simulator-interface-or-protocol-behavior-candidate"	"review-planning-source-without-verifiable-approval-chain"	"slots-simulator-test-control-and-modbus-interface"	"needs-simulator-interface-owner-and-explicit-approval"	"document-route:R10-candidate; unit-kind:markdown-paragraph; source-document-class:SIM-REQ; ledger-history:H-AI; see R10 Git history, derivation and status-correction groups"	"EVID-R10-001"	"not-approved"	"simulator-interface-owner;complete-versioned-interface-or-protocol-contract;named-approver;approval-date;approved-scope;version-or-sha256-binding"
"R10-A0195"	"R10"	"R10-07"	"slots-simulator/docs/01-requirements/fr-004-mis-stored-product-retrieval.md"	"b7c1e6a1c2847682cbc2ba68e2e15e1ee8d62bfe6e55a469d843c042cc87852a"	"line 20"	"FR-004 取出纠错场景支持 > Description 需求描述"	"取出生效时清除实际光幕遮挡，光幕 DI 正常情况下立即变为""无遮挡""，仓位占用随即被推导为""空闲""，不要求等到关门。"	"取出生效时清除实际光幕遮挡，光幕 DI 正常情况下立即变为""无遮挡""，仓位占用随即被推导为""空闲""，不要求等到关门。模拟器不独立存储占用状态。若光幕 DI 已注入延迟或不跟随故障，则派生占用只跟随当时可读的光幕 DI。"	"040853d0046fd655849e43b983e93f959e8764c6fcc40255f01c6205dcb1fcdd"	"simulator-interface-or-protocol-behavior-candidate"	"review-planning-source-without-verifiable-approval-chain"	"slots-simulator-test-control-and-modbus-interface"	"needs-simulator-interface-owner-and-explicit-approval"	"document-route:R10-candidate; unit-kind:markdown-paragraph; source-document-class:SIM-REQ; ledger-history:H-AI; see R10 Git history, derivation and status-correction groups"	"EVID-R10-001"	"not-approved"	"simulator-interface-owner;complete-versioned-interface-or-protocol-contract;named-approver;approval-date;approved-scope;version-or-sha256-binding"
"R10-A0196"	"R10"	"R10-07"	"slots-simulator/docs/01-requirements/fr-004-mis-stored-product-retrieval.md"	"b7c1e6a1c2847682cbc2ba68e2e15e1ee8d62bfe6e55a469d843c042cc87852a"	"line 20"	"FR-004 取出纠错场景支持 > Description 需求描述"	"模拟器不独立存储占用状态。"	"取出生效时清除实际光幕遮挡，光幕 DI 正常情况下立即变为""无遮挡""，仓位占用随即被推导为""空闲""，不要求等到关门。模拟器不独立存储占用状态。若光幕 DI 已注入延迟或不跟随故障，则派生占用只跟随当时可读的光幕 DI。"	"d4e8c4b7faf3608bcc9dfbc53b35ff2f4cb72990b8e90e0f7584a037230138a7"	"simulator-slot-behavior-or-fault-stimulus-candidate"	"review-planning-source-without-verifiable-approval-chain"	"slots-simulator-development-test-tool-only"	"needs-simulator-hardware-behavior-owner-and-explicit-approval"	"document-route:R10-candidate; unit-kind:markdown-paragraph; source-document-class:SIM-REQ; ledger-history:H-AI; see R10 Git history, derivation and status-correction groups"	"none-found-within-r10-pass"	"not-approved"	"simulator-hardware-behavior-owner;bound-8005-field-evidence-and-polarity-normalization;named-approver;approval-date;approved-scope;version-or-sha256-binding"
"R10-A0197"	"R10"	"R10-07"	"slots-simulator/docs/01-requirements/fr-004-mis-stored-product-retrieval.md"	"b7c1e6a1c2847682cbc2ba68e2e15e1ee8d62bfe6e55a469d843c042cc87852a"	"line 20"	"FR-004 取出纠错场景支持 > Description 需求描述"	"若光幕 DI 已注入延迟或不跟随故障，则派生占用只跟随当时可读的光幕 DI。"	"取出生效时清除实际光幕遮挡，光幕 DI 正常情况下立即变为""无遮挡""，仓位占用随即被推导为""空闲""，不要求等到关门。模拟器不独立存储占用状态。若光幕 DI 已注入延迟或不跟随故障，则派生占用只跟随当时可读的光幕 DI。"	"e2ff05263542a92928e6c2e90a06e8c5adc2bcc948065e7d8c40d4d570969caf"	"simulator-interface-or-protocol-behavior-candidate"	"review-planning-source-without-verifiable-approval-chain"	"slots-simulator-test-control-and-modbus-interface"	"needs-simulator-interface-owner-and-explicit-approval"	"document-route:R10-candidate; unit-kind:markdown-paragraph; source-document-class:SIM-REQ; ledger-history:H-AI; see R10 Git history, derivation and status-correction groups"	"EVID-R10-001,CF-R10-001"	"not-approved"	"simulator-interface-owner;complete-versioned-interface-or-protocol-contract;named-approver;approval-date;approved-scope;version-or-sha256-binding"
"R10-A0198"	"R10"	"R10-07"	"slots-simulator/docs/01-requirements/fr-004-mis-stored-product-retrieval.md"	"b7c1e6a1c2847682cbc2ba68e2e15e1ee8d62bfe6e55a469d843c042cc87852a"	"line 24"	"FR-004 取出纠错场景支持 > Origin 需求来源"	"根目录 [UC-005 取出仓位中存错的产品](../../../requirement-documents/03-use-cases/uc-005-retrieve-mis-stored-product-from-slot.md)。"	"根目录 [UC-005 取出仓位中存错的产品](../../../requirement-documents/03-use-cases/uc-005-retrieve-mis-stored-product-from-slot.md)。"	"76509e581f6e713e053a694fbf4f317f6237a62f341589913de4d950304f37ae"	"source-origin-background-or-traceability-evidence"	"review-planning-source-without-verifiable-approval-chain"	"slots-simulator-development-test-tool-only"	"source-or-traceability-evidence-only"	"document-route:R10-candidate; unit-kind:markdown-paragraph; source-document-class:SIM-REQ; ledger-history:H-AI; see R10 Git history, derivation and status-correction groups"	"BOUND-R10-001"	"not-approved"	"evidence-only-not-an-approval-unit;named-approver;approval-date;approved-scope;version-or-sha256-binding"
"R10-A0199"	"R10"	"R10-07"	"slots-simulator/docs/01-requirements/fr-004-mis-stored-product-retrieval.md"	"b7c1e6a1c2847682cbc2ba68e2e15e1ee8d62bfe6e55a469d843c042cc87852a"	"line 28"	"FR-004 取出纠错场景支持 > Acceptance Criteria 验收标准"	"可由主系统对任意光幕 DI 为“有遮挡”的仓位写开锁 DO；"	"可由主系统对任意光幕 DI 为“有遮挡”的仓位写开锁 DO；门自动弹开且锁 DI 确认未锁后，通过控制 API 执行“取出→关门”。"	"c10a4e238c372a81b7e748984fbea8bf94d82d69d8ca80926d5a885d1419f400"	"embedded-main-system-or-field-claim"	"review-planning-source-without-verifiable-approval-chain"	"8005-main-system-or-field-evidence-lead-not-simulator-approval"	"main-system-or-field-lead-evidence-only"	"document-route:R10-candidate; unit-kind:markdown-flow-or-list-item; source-document-class:SIM-REQ; ledger-history:H-AI; see R10 Git history, derivation and status-correction groups"	"BOUND-R10-001,EVID-R10-001"	"not-approved"	"authoritative-main-system-source;do-not-reverse-infer-from-simulator-planning;named-approver;approval-date;approved-scope;version-or-sha256-binding"
"R10-A0200"	"R10"	"R10-07"	"slots-simulator/docs/01-requirements/fr-004-mis-stored-product-retrieval.md"	"b7c1e6a1c2847682cbc2ba68e2e15e1ee8d62bfe6e55a469d843c042cc87852a"	"line 28"	"FR-004 取出纠错场景支持 > Acceptance Criteria 验收标准"	"门自动弹开且锁 DI 确认未锁后，通过控制 API 执行“取出→关门”。"	"可由主系统对任意光幕 DI 为“有遮挡”的仓位写开锁 DO；门自动弹开且锁 DI 确认未锁后，通过控制 API 执行“取出→关门”。"	"24a245f62be7e10665f01f1c850175a8a7f35edcd441e4138e95a5daa5a54d84"	"simulator-interface-or-protocol-behavior-candidate"	"review-planning-source-without-verifiable-approval-chain"	"slots-simulator-test-control-and-modbus-interface"	"needs-simulator-interface-owner-and-explicit-approval"	"document-route:R10-candidate; unit-kind:markdown-flow-or-list-item; source-document-class:SIM-REQ; ledger-history:H-AI; see R10 Git history, derivation and status-correction groups"	"none-found-within-r10-pass"	"not-approved"	"simulator-interface-owner;complete-versioned-interface-or-protocol-contract;named-approver;approval-date;approved-scope;version-or-sha256-binding"
"R10-A0201"	"R10"	"R10-07"	"slots-simulator/docs/01-requirements/fr-004-mis-stored-product-retrieval.md"	"b7c1e6a1c2847682cbc2ba68e2e15e1ee8d62bfe6e55a469d843c042cc87852a"	"line 29"	"FR-004 取出纠错场景支持 > Acceptance Criteria 验收标准"	"取出生效时光幕 DI 立即变为""无遮挡""，派生占用立即为""空闲""，关门不是占用变化的前置条件。"	"取出生效时光幕 DI 立即变为""无遮挡""，派生占用立即为""空闲""，关门不是占用变化的前置条件。"	"cff98cb34dd79d82d17a37753d8b1a144e946dcd8c0ddc5290a2f116263e6d95"	"simulator-interface-or-protocol-behavior-candidate"	"review-planning-source-without-verifiable-approval-chain"	"slots-simulator-test-control-and-modbus-interface"	"needs-simulator-interface-owner-and-explicit-approval"	"document-route:R10-candidate; unit-kind:markdown-flow-or-list-item; source-document-class:SIM-REQ; ledger-history:H-AI; see R10 Git history, derivation and status-correction groups"	"EVID-R10-001"	"not-approved"	"simulator-interface-owner;complete-versioned-interface-or-protocol-contract;named-approver;approval-date;approved-scope;version-or-sha256-binding"
"R10-A0202"	"R10"	"R10-07"	"slots-simulator/docs/01-requirements/fr-004-mis-stored-product-retrieval.md"	"b7c1e6a1c2847682cbc2ba68e2e15e1ee8d62bfe6e55a469d843c042cc87852a"	"line 30"	"FR-004 取出纠错场景支持 > Acceptance Criteria 验收标准"	"控制 API 不提供开锁动作；"	"控制 API 不提供开锁动作；门关闭时取出等非法迁移被拒绝，且状态保持不变。"	"f34f3f955c303a26279a74bf00ff85b486c1769235caecd004d16b7ced2ef417"	"simulator-interface-or-protocol-behavior-candidate"	"review-planning-source-without-verifiable-approval-chain"	"slots-simulator-test-control-and-modbus-interface"	"needs-simulator-interface-owner-and-explicit-approval"	"document-route:R10-candidate; unit-kind:markdown-flow-or-list-item; source-document-class:SIM-REQ; ledger-history:H-AI; see R10 Git history, derivation and status-correction groups; exact-duplicate-of:R10-A0133"	"none-found-within-r10-pass"	"not-approved"	"simulator-interface-owner;complete-versioned-interface-or-protocol-contract;named-approver;approval-date;approved-scope;version-or-sha256-binding"
"R10-A0203"	"R10"	"R10-07"	"slots-simulator/docs/01-requirements/fr-004-mis-stored-product-retrieval.md"	"b7c1e6a1c2847682cbc2ba68e2e15e1ee8d62bfe6e55a469d843c042cc87852a"	"line 30"	"FR-004 取出纠错场景支持 > Acceptance Criteria 验收标准"	"门关闭时取出等非法迁移被拒绝，且状态保持不变。"	"控制 API 不提供开锁动作；门关闭时取出等非法迁移被拒绝，且状态保持不变。"	"53a1db95d32ca65d0a85274d465f1b4da1a6a47fb0d3de9caab6b1066deee039"	"simulator-slot-behavior-or-fault-stimulus-candidate"	"review-planning-source-without-verifiable-approval-chain"	"slots-simulator-development-test-tool-only"	"needs-simulator-hardware-behavior-owner-and-explicit-approval"	"document-route:R10-candidate; unit-kind:markdown-flow-or-list-item; source-document-class:SIM-REQ; ledger-history:H-AI; see R10 Git history, derivation and status-correction groups"	"none-found-within-r10-pass"	"not-approved"	"simulator-hardware-behavior-owner;bound-8005-field-evidence-and-polarity-normalization;named-approver;approval-date;approved-scope;version-or-sha256-binding"
"R10-A0204"	"R10"	"R10-07"	"slots-simulator/docs/01-requirements/fr-004-mis-stored-product-retrieval.md"	"b7c1e6a1c2847682cbc2ba68e2e15e1ee8d62bfe6e55a469d843c042cc87852a"	"line 31"	"FR-004 取出纠错场景支持 > Acceptance Criteria 验收标准"	"支持 UC-005 异常分支：开锁失败、开门后发现仓位实际为空、关门后光幕仍检测到残留。"	"支持 UC-005 异常分支：开锁失败、开门后发现仓位实际为空、关门后光幕仍检测到残留。"	"bd7ab6c11d3d90ea3c27190791e527fe7da23796dde3bc0daf28f00cfffee300"	"simulator-slot-behavior-or-fault-stimulus-candidate"	"review-planning-source-without-verifiable-approval-chain"	"slots-simulator-development-test-tool-only"	"needs-simulator-hardware-behavior-owner-and-explicit-approval"	"document-route:R10-candidate; unit-kind:markdown-flow-or-list-item; source-document-class:SIM-REQ; ledger-history:H-AI; see R10 Git history, derivation and status-correction groups"	"BOUND-R10-001,CF-R10-001"	"not-approved"	"simulator-hardware-behavior-owner;bound-8005-field-evidence-and-polarity-normalization;named-approver;approval-date;approved-scope;version-or-sha256-binding"
"R10-A0205"	"R10"	"R10-07"	"slots-simulator/docs/01-requirements/fr-004-mis-stored-product-retrieval.md"	"b7c1e6a1c2847682cbc2ba68e2e15e1ee8d62bfe6e55a469d843c042cc87852a"	"line 35"	"FR-004 取出纠错场景支持 > Related Use Case 关联用例"	"[UC-005 取出仓位中存错的产品](../../../requirement-documents/03-use-cases/uc-005-retrieve-mis-stored-product-from-slot.md)。"	"[UC-005 取出仓位中存错的产品](../../../requirement-documents/03-use-cases/uc-005-retrieve-mis-stored-product-from-slot.md)。"	"3ac99821d63d5b3cdd0cc803c275b80a1ef70b406a3f08b6ec023667d27f736d"	"source-origin-background-or-traceability-evidence"	"review-planning-source-without-verifiable-approval-chain"	"slots-simulator-development-test-tool-only"	"source-or-traceability-evidence-only"	"document-route:R10-candidate; unit-kind:markdown-paragraph; source-document-class:SIM-REQ; ledger-history:H-AI; see R10 Git history, derivation and status-correction groups"	"BOUND-R10-001"	"not-approved"	"evidence-only-not-an-approval-unit;named-approver;approval-date;approved-scope;version-or-sha256-binding"
"R10-A0206"	"R10"	"R10-07"	"slots-simulator/docs/01-requirements/fr-004-mis-stored-product-retrieval.md"	"b7c1e6a1c2847682cbc2ba68e2e15e1ee8d62bfe6e55a469d843c042cc87852a"	"line 39"	"FR-004 取出纠错场景支持 > Verification 验证方式"	"**TC-FR-004-001（预留）**：Given 光幕 DI 为有遮挡的仓位已通过 Modbus 开锁并自动弹门；"	"**TC-FR-004-001（预留）**：Given 光幕 DI 为有遮挡的仓位已通过 Modbus 开锁并自动弹门；When API 依次执行取出、关门；Then 光幕 DI 变为无遮挡，关门后锁 DI 变为锁闭。"	"cd430e36f5301afea53f29b7de4bfac69233cdc689c6a910001867d46d997a0d"	"reserved-verification-plan-evidence"	"review-planning-source-without-verifiable-approval-chain"	"slots-simulator-development-test-tool-only"	"test-plan-evidence-only"	"document-route:R10-candidate; unit-kind:markdown-flow-or-list-item; source-document-class:SIM-REQ; ledger-history:H-AI; see R10 Git history, derivation and status-correction groups"	"EVID-R10-001,GAP-R10-001"	"not-approved"	"evidence-only-not-an-approval-unit;named-approver;approval-date;approved-scope;version-or-sha256-binding"
"R10-A0207"	"R10"	"R10-07"	"slots-simulator/docs/01-requirements/fr-004-mis-stored-product-retrieval.md"	"b7c1e6a1c2847682cbc2ba68e2e15e1ee8d62bfe6e55a469d843c042cc87852a"	"line 39"	"FR-004 取出纠错场景支持 > Verification 验证方式"	"When API 依次执行取出、关门；"	"**TC-FR-004-001（预留）**：Given 光幕 DI 为有遮挡的仓位已通过 Modbus 开锁并自动弹门；When API 依次执行取出、关门；Then 光幕 DI 变为无遮挡，关门后锁 DI 变为锁闭。"	"055d297df521f7afe49c945fbfeeb57195c3471d06be836956765dd245168a7e"	"reserved-verification-plan-evidence"	"review-planning-source-without-verifiable-approval-chain"	"slots-simulator-development-test-tool-only"	"test-plan-evidence-only"	"document-route:R10-candidate; unit-kind:markdown-flow-or-list-item; source-document-class:SIM-REQ; ledger-history:H-AI; see R10 Git history, derivation and status-correction groups"	"none-found-within-r10-pass"	"not-approved"	"evidence-only-not-an-approval-unit;named-approver;approval-date;approved-scope;version-or-sha256-binding"
"R10-A0208"	"R10"	"R10-07"	"slots-simulator/docs/01-requirements/fr-004-mis-stored-product-retrieval.md"	"b7c1e6a1c2847682cbc2ba68e2e15e1ee8d62bfe6e55a469d843c042cc87852a"	"line 39"	"FR-004 取出纠错场景支持 > Verification 验证方式"	"Then 光幕 DI 变为无遮挡，关门后锁 DI 变为锁闭。"	"**TC-FR-004-001（预留）**：Given 光幕 DI 为有遮挡的仓位已通过 Modbus 开锁并自动弹门；When API 依次执行取出、关门；Then 光幕 DI 变为无遮挡，关门后锁 DI 变为锁闭。"	"a73666f98a05ade0190ed3378500913e69edd98f0abbb90a3164f9f010a7b3f6"	"reserved-verification-plan-evidence"	"review-planning-source-without-verifiable-approval-chain"	"slots-simulator-development-test-tool-only"	"test-plan-evidence-only"	"document-route:R10-candidate; unit-kind:markdown-flow-or-list-item; source-document-class:SIM-REQ; ledger-history:H-AI; see R10 Git history, derivation and status-correction groups; exact-duplicate-of:R10-A0143"	"EVID-R10-001"	"not-approved"	"evidence-only-not-an-approval-unit;named-approver;approval-date;approved-scope;version-or-sha256-binding"
"R10-A0209"	"R10"	"R10-07"	"slots-simulator/docs/01-requirements/fr-004-mis-stored-product-retrieval.md"	"b7c1e6a1c2847682cbc2ba68e2e15e1ee8d62bfe6e55a469d843c042cc87852a"	"line 40"	"FR-004 取出纠错场景支持 > Verification 验证方式"	"**TC-FR-004-002（预留）**：Given 仓位仍关闭；"	"**TC-FR-004-002（预留）**：Given 仓位仍关闭；When API 请求取出；Then 请求被拒绝并返回原因，DO、DI、门状态与实际遮挡均不变。"	"a02a0ed1cfa73df306fa1c81e8c578d537b6c6abc3b4a990d2f91d69d1a55fce"	"reserved-verification-plan-evidence"	"review-planning-source-without-verifiable-approval-chain"	"slots-simulator-development-test-tool-only"	"test-plan-evidence-only"	"document-route:R10-candidate; unit-kind:markdown-flow-or-list-item; source-document-class:SIM-REQ; ledger-history:H-AI; see R10 Git history, derivation and status-correction groups"	"none-found-within-r10-pass"	"not-approved"	"evidence-only-not-an-approval-unit;named-approver;approval-date;approved-scope;version-or-sha256-binding"
"R10-A0210"	"R10"	"R10-07"	"slots-simulator/docs/01-requirements/fr-004-mis-stored-product-retrieval.md"	"b7c1e6a1c2847682cbc2ba68e2e15e1ee8d62bfe6e55a469d843c042cc87852a"	"line 40"	"FR-004 取出纠错场景支持 > Verification 验证方式"	"When API 请求取出；"	"**TC-FR-004-002（预留）**：Given 仓位仍关闭；When API 请求取出；Then 请求被拒绝并返回原因，DO、DI、门状态与实际遮挡均不变。"	"50d80607fcdc3a5f8639923b3400cb4b68c724289bdebabfd0f8fc3910747b87"	"reserved-verification-plan-evidence"	"review-planning-source-without-verifiable-approval-chain"	"slots-simulator-development-test-tool-only"	"test-plan-evidence-only"	"document-route:R10-candidate; unit-kind:markdown-flow-or-list-item; source-document-class:SIM-REQ; ledger-history:H-AI; see R10 Git history, derivation and status-correction groups"	"none-found-within-r10-pass"	"not-approved"	"evidence-only-not-an-approval-unit;named-approver;approval-date;approved-scope;version-or-sha256-binding"
"R10-A0211"	"R10"	"R10-07"	"slots-simulator/docs/01-requirements/fr-004-mis-stored-product-retrieval.md"	"b7c1e6a1c2847682cbc2ba68e2e15e1ee8d62bfe6e55a469d843c042cc87852a"	"line 40"	"FR-004 取出纠错场景支持 > Verification 验证方式"	"Then 请求被拒绝并返回原因，DO、DI、门状态与实际遮挡均不变。"	"**TC-FR-004-002（预留）**：Given 仓位仍关闭；When API 请求取出；Then 请求被拒绝并返回原因，DO、DI、门状态与实际遮挡均不变。"	"0ac960a5f0ba29423be8faceb8fe81ddd5b593f81d1126f7c40c928d1eaf60ef"	"reserved-verification-plan-evidence"	"review-planning-source-without-verifiable-approval-chain"	"slots-simulator-development-test-tool-only"	"test-plan-evidence-only"	"document-route:R10-candidate; unit-kind:markdown-flow-or-list-item; source-document-class:SIM-REQ; ledger-history:H-AI; see R10 Git history, derivation and status-correction groups"	"none-found-within-r10-pass"	"not-approved"	"evidence-only-not-an-approval-unit;named-approver;approval-date;approved-scope;version-or-sha256-binding"
"R10-A0212"	"R10"	"R10-07"	"slots-simulator/docs/01-requirements/fr-004-mis-stored-product-retrieval.md"	"b7c1e6a1c2847682cbc2ba68e2e15e1ee8d62bfe6e55a469d843c042cc87852a"	"line 41"	"FR-004 取出纠错场景支持 > Verification 验证方式"	"**TC-FR-004-003（预留）**：Given 仓位已开门但光幕 DI 为无遮挡；"	"**TC-FR-004-003（预留）**：Given 仓位已开门但光幕 DI 为无遮挡；When API 请求取出；Then 返回""仓位实际为空""的明确结果，不制造独立占用状态，现有状态保持不变。"	"a96e7ab69c068adfaf08243c39089b56a229872f8801469adca6d9970f423163"	"reserved-verification-plan-evidence"	"review-planning-source-without-verifiable-approval-chain"	"slots-simulator-development-test-tool-only"	"test-plan-evidence-only"	"document-route:R10-candidate; unit-kind:markdown-flow-or-list-item; source-document-class:SIM-REQ; ledger-history:H-AI; see R10 Git history, derivation and status-correction groups"	"EVID-R10-001"	"not-approved"	"evidence-only-not-an-approval-unit;named-approver;approval-date;approved-scope;version-or-sha256-binding"
"R10-A0213"	"R10"	"R10-07"	"slots-simulator/docs/01-requirements/fr-004-mis-stored-product-retrieval.md"	"b7c1e6a1c2847682cbc2ba68e2e15e1ee8d62bfe6e55a469d843c042cc87852a"	"line 41"	"FR-004 取出纠错场景支持 > Verification 验证方式"	"When API 请求取出；"	"**TC-FR-004-003（预留）**：Given 仓位已开门但光幕 DI 为无遮挡；When API 请求取出；Then 返回""仓位实际为空""的明确结果，不制造独立占用状态，现有状态保持不变。"	"50d80607fcdc3a5f8639923b3400cb4b68c724289bdebabfd0f8fc3910747b87"	"reserved-verification-plan-evidence"	"review-planning-source-without-verifiable-approval-chain"	"slots-simulator-development-test-tool-only"	"test-plan-evidence-only"	"document-route:R10-candidate; unit-kind:markdown-flow-or-list-item; source-document-class:SIM-REQ; ledger-history:H-AI; see R10 Git history, derivation and status-correction groups; exact-duplicate-of:R10-A0210"	"none-found-within-r10-pass"	"not-approved"	"evidence-only-not-an-approval-unit;named-approver;approval-date;approved-scope;version-or-sha256-binding"
"R10-A0214"	"R10"	"R10-07"	"slots-simulator/docs/01-requirements/fr-004-mis-stored-product-retrieval.md"	"b7c1e6a1c2847682cbc2ba68e2e15e1ee8d62bfe6e55a469d843c042cc87852a"	"line 41"	"FR-004 取出纠错场景支持 > Verification 验证方式"	"Then 返回""仓位实际为空""的明确结果，不制造独立占用状态，现有状态保持不变。"	"**TC-FR-004-003（预留）**：Given 仓位已开门但光幕 DI 为无遮挡；When API 请求取出；Then 返回""仓位实际为空""的明确结果，不制造独立占用状态，现有状态保持不变。"	"5a091c90882834f610a17f3edfd103b8d3b24d3ed5c0f87a3f1f3509517caa9e"	"reserved-verification-plan-evidence"	"review-planning-source-without-verifiable-approval-chain"	"slots-simulator-development-test-tool-only"	"test-plan-evidence-only"	"document-route:R10-candidate; unit-kind:markdown-flow-or-list-item; source-document-class:SIM-REQ; ledger-history:H-AI; see R10 Git history, derivation and status-correction groups"	"none-found-within-r10-pass"	"not-approved"	"evidence-only-not-an-approval-unit;named-approver;approval-date;approved-scope;version-or-sha256-binding"
"R10-A0215"	"R10"	"R10-07"	"slots-simulator/docs/01-requirements/fr-004-mis-stored-product-retrieval.md"	"b7c1e6a1c2847682cbc2ba68e2e15e1ee8d62bfe6e55a469d843c042cc87852a"	"line 42"	"FR-004 取出纠错场景支持 > Verification 验证方式"	"**TC-FR-004-004（预留）**：Given 取出时已注入光幕 DI 不跟随；"	"**TC-FR-004-004（预留）**：Given 取出时已注入光幕 DI 不跟随；When API 执行取出并关门；Then 光幕 DI 仍显示有遮挡，派生占用仍为已占用，供主系统识别残留异常。"	"e53e1379a6ce78bd2fe016b46cede49c5e71a97f0a8ed5fb6b12bd68fb146dcb"	"reserved-verification-plan-evidence"	"review-planning-source-without-verifiable-approval-chain"	"slots-simulator-development-test-tool-only"	"test-plan-evidence-only"	"document-route:R10-candidate; unit-kind:markdown-flow-or-list-item; source-document-class:SIM-REQ; ledger-history:H-AI; see R10 Git history, derivation and status-correction groups"	"EVID-R10-001,CF-R10-001"	"not-approved"	"evidence-only-not-an-approval-unit;named-approver;approval-date;approved-scope;version-or-sha256-binding"
"R10-A0216"	"R10"	"R10-07"	"slots-simulator/docs/01-requirements/fr-004-mis-stored-product-retrieval.md"	"b7c1e6a1c2847682cbc2ba68e2e15e1ee8d62bfe6e55a469d843c042cc87852a"	"line 42"	"FR-004 取出纠错场景支持 > Verification 验证方式"	"When API 执行取出并关门；"	"**TC-FR-004-004（预留）**：Given 取出时已注入光幕 DI 不跟随；When API 执行取出并关门；Then 光幕 DI 仍显示有遮挡，派生占用仍为已占用，供主系统识别残留异常。"	"04d39d328603583728efc73ce0d1d295029322e2f728cfaaf903a38bf09de87e"	"reserved-verification-plan-evidence"	"review-planning-source-without-verifiable-approval-chain"	"slots-simulator-development-test-tool-only"	"test-plan-evidence-only"	"document-route:R10-candidate; unit-kind:markdown-flow-or-list-item; source-document-class:SIM-REQ; ledger-history:H-AI; see R10 Git history, derivation and status-correction groups"	"none-found-within-r10-pass"	"not-approved"	"evidence-only-not-an-approval-unit;named-approver;approval-date;approved-scope;version-or-sha256-binding"
"R10-A0217"	"R10"	"R10-07"	"slots-simulator/docs/01-requirements/fr-004-mis-stored-product-retrieval.md"	"b7c1e6a1c2847682cbc2ba68e2e15e1ee8d62bfe6e55a469d843c042cc87852a"	"line 42"	"FR-004 取出纠错场景支持 > Verification 验证方式"	"Then 光幕 DI 仍显示有遮挡，派生占用仍为已占用，供主系统识别残留异常。"	"**TC-FR-004-004（预留）**：Given 取出时已注入光幕 DI 不跟随；When API 执行取出并关门；Then 光幕 DI 仍显示有遮挡，派生占用仍为已占用，供主系统识别残留异常。"	"e8fd40bb16bc2852c9b176ac755ad4e72a2b40f27370a4ccaff0ef564ef35c86"	"reserved-verification-plan-evidence"	"review-planning-source-without-verifiable-approval-chain"	"slots-simulator-development-test-tool-only"	"test-plan-evidence-only"	"document-route:R10-candidate; unit-kind:markdown-flow-or-list-item; source-document-class:SIM-REQ; ledger-history:H-AI; see R10 Git history, derivation and status-correction groups"	"BOUND-R10-001,EVID-R10-001"	"not-approved"	"evidence-only-not-an-approval-unit;named-approver;approval-date;approved-scope;version-or-sha256-binding"
"R10-A0218"	"R10"	"R10-08"	"slots-simulator/docs/01-requirements/fr-005-modbus-tcp-slave-protocol.md"	"1a6dbbefa60ae737587ebed091392538951ef051712a400790014a110385075f"	"line 18"	"FR-005 Modbus TCP Slave 协议层 > Description 需求描述"	"模拟器作为 Modbus TCP Slave 运行，按 [[fr-001-configurable-slot-count-and-io-mapping|FR-001]] 的点位映射配置暴露仓位状态寄存器，供被测系统的 IO 对接代码以与连接真实硬件完全相同的方式连接。"	"模拟器作为 Modbus TCP Slave 运行，按 [[fr-001-configurable-slot-count-and-io-mapping|FR-001]] 的点位映射配置暴露仓位状态寄存器，供被测系统的 IO 对接代码以与连接真实硬件完全相同的方式连接。"	"614f2b412d95e7fdab622f00885ef7b4a602ecbd5fa87efe06d3248bab53e60c"	"simulator-configuration-or-validation-candidate"	"review-planning-source-without-verifiable-approval-chain"	"slots-simulator-configuration-layout-and-module-topology"	"needs-simulator-product-owner-and-explicit-approval"	"document-route:R10-candidate; unit-kind:markdown-paragraph; source-document-class:SIM-REQ + VENDOR; ledger-history:H-U; see R10 Git history, derivation and status-correction groups"	"GAP-R10-001"	"not-approved"	"simulator-product-owner;approved-tool-scope-source;named-approver;approval-date;approved-scope;version-or-sha256-binding"
"R10-A0219"	"R10"	"R10-08"	"slots-simulator/docs/01-requirements/fr-005-modbus-tcp-slave-protocol.md"	"1a6dbbefa60ae737587ebed091392538951ef051712a400790014a110385075f"	"line 20"	"FR-005 Modbus TCP Slave 协议层 > Description 需求描述"	"一台 AGV 的仓位可能分布在多个物理 IO 模块上，模拟器可同时暴露多个独立的 Modbus TCP 服务端点（对应 [[fr-014-multi-io-module-simulation|FR-014]] 的多模块实例），每个端点各自按其套用的寄存器表模板（[[fr-013-configurable-register-table-template|FR-013]]）暴露寄存器，与被测系统分别连接多个真实物理模块的方式一致。"	"一台 AGV 的仓位可能分布在多个物理 IO 模块上，模拟器可同时暴露多个独立的 Modbus TCP 服务端点（对应 [[fr-014-multi-io-module-simulation|FR-014]] 的多模块实例），每个端点各自按其套用的寄存器表模板（[[fr-013-configurable-register-table-template|FR-013]]）暴露寄存器，与被测系统分别连接多个真实物理模块的方式一致。"	"850c464b477ee9b4c5f80cd9b18bb057b94641ec23bddc8c8cbd1c06de17af2b"	"simulator-configuration-or-validation-candidate"	"review-planning-source-without-verifiable-approval-chain"	"slots-simulator-configuration-layout-and-module-topology"	"needs-simulator-product-owner-and-explicit-approval"	"document-route:R10-candidate; unit-kind:markdown-paragraph; source-document-class:SIM-REQ + VENDOR; ledger-history:H-U; see R10 Git history, derivation and status-correction groups"	"EVID-R10-001,SCOPE-R10-001,GAP-R10-001"	"not-approved"	"simulator-product-owner;approved-tool-scope-source;named-approver;approval-date;approved-scope;version-or-sha256-binding"
"R10-A0220"	"R10"	"R10-08"	"slots-simulator/docs/01-requirements/fr-005-modbus-tcp-slave-protocol.md"	"1a6dbbefa60ae737587ebed091392538951ef051712a400790014a110385075f"	"line 22"	"FR-005 Modbus TCP Slave 协议层 > Description 需求描述"	"首期严格支持硬件寄存器表声明的 `0x01`、`0x02`、`0x03`、`0x05`、`0x06`、`0x0F`、`0x10`。"	"首期严格支持硬件寄存器表声明的 `0x01`、`0x02`、`0x03`、`0x05`、`0x06`、`0x0F`、`0x10`。每个请求均严格按模板声明的协议地址、连续范围、适用功能码、读写权限和数据范围处理，不提供地址 `+1/-1` 别名或越界兼容。"	"cfbdc24f33d3f46e71832d5cbe8352b8a17809161c2b1065c141f6818b0e9738"	"embedded-vendor-derived-claim"	"review-planning-source-without-verifiable-approval-chain"	"excluded-vendor-material-and-derived-register-content"	"vendor-content-out-of-scope-evidence-only"	"document-route:R10-candidate; unit-kind:markdown-paragraph; source-document-class:SIM-REQ + VENDOR; ledger-history:H-U; see R10 Git history, derivation and status-correction groups"	"SCOPE-R10-001,GAP-R10-001"	"not-approved"	"out-of-scope-by-user-direction;do-not-use-as-current-baseline-external-constraint;named-approver;approval-date;approved-scope;version-or-sha256-binding"
"R10-A0221"	"R10"	"R10-08"	"slots-simulator/docs/01-requirements/fr-005-modbus-tcp-slave-protocol.md"	"1a6dbbefa60ae737587ebed091392538951ef051712a400790014a110385075f"	"line 22"	"FR-005 Modbus TCP Slave 协议层 > Description 需求描述"	"每个请求均严格按模板声明的协议地址、连续范围、适用功能码、读写权限和数据范围处理，不提供地址 `+1/-1` 别名或越界兼容。"	"首期严格支持硬件寄存器表声明的 `0x01`、`0x02`、`0x03`、`0x05`、`0x06`、`0x0F`、`0x10`。每个请求均严格按模板声明的协议地址、连续范围、适用功能码、读写权限和数据范围处理，不提供地址 `+1/-1` 别名或越界兼容。"	"cb26141311dcc010e17574655943698aadaa08665b39576de75ad551b7dcbdc1"	"simulator-configuration-or-validation-candidate"	"review-planning-source-without-verifiable-approval-chain"	"slots-simulator-configuration-layout-and-module-topology"	"needs-simulator-product-owner-and-explicit-approval"	"document-route:R10-candidate; unit-kind:markdown-paragraph; source-document-class:SIM-REQ + VENDOR; ledger-history:H-U; see R10 Git history, derivation and status-correction groups"	"GAP-R10-001"	"not-approved"	"simulator-product-owner;approved-tool-scope-source;named-approver;approval-date;approved-scope;version-or-sha256-binding"
"R10-A0222"	"R10"	"R10-08"	"slots-simulator/docs/01-requirements/fr-005-modbus-tcp-slave-protocol.md"	"1a6dbbefa60ae737587ebed091392538951ef051712a400790014a110385075f"	"line 24"	"FR-005 Modbus TCP Slave 协议层 > Description 需求描述"	"寄存器行为分为以下两类："	"寄存器行为分为以下两类："	"d7dd18d8b486e37e030813974449f83b815b65659d7b8f8a4bdc1fd9ee5fb4f5"	"simulator-interface-or-protocol-behavior-candidate"	"review-planning-source-without-verifiable-approval-chain"	"slots-simulator-test-control-and-modbus-interface"	"needs-simulator-interface-owner-and-explicit-approval"	"document-route:R10-candidate; unit-kind:markdown-paragraph; source-document-class:SIM-REQ + VENDOR; ledger-history:H-U; see R10 Git history, derivation and status-correction groups"	"GAP-R10-001"	"not-approved"	"simulator-interface-owner;complete-versioned-interface-or-protocol-contract;named-approver;approval-date;approved-scope;version-or-sha256-binding"
"R10-A0223"	"R10"	"R10-08"	"slots-simulator/docs/01-requirements/fr-005-modbus-tcp-slave-protocol.md"	"1a6dbbefa60ae737587ebed091392538951ef051712a400790014a110385075f"	"line 26"	"FR-005 Modbus TCP Slave 协议层 > Description 需求描述"	"**动态行为**：DO 当前状态、DI 当前值、DO 工作模式与 DO 脉冲宽度参与模拟器运行。"	"**动态行为**：DO 当前状态、DI 当前值、DO 工作模式与 DO 脉冲宽度参与模拟器运行。主系统写 DO 会改变输出并按正常或故障注入规则影响锁状态 DI；工作模式与脉冲宽度写入后立即成为后续 DO 动作的运行时依据。启动时两者由配置默认值初始化，状态重置时恢复配置默认值。"	"9d9fc782b3d8970c62aa4659f4223e2ac5bde36ddef994314dbe049216159a15"	"simulator-interface-or-protocol-behavior-candidate"	"review-planning-source-without-verifiable-approval-chain"	"slots-simulator-test-control-and-modbus-interface"	"needs-simulator-interface-owner-and-explicit-approval"	"document-route:R10-candidate; unit-kind:markdown-flow-or-list-item; source-document-class:SIM-REQ + VENDOR; ledger-history:H-U; see R10 Git history, derivation and status-correction groups"	"GAP-R10-001"	"not-approved"	"simulator-interface-owner;complete-versioned-interface-or-protocol-contract;named-approver;approval-date;approved-scope;version-or-sha256-binding"
"R10-A0224"	"R10"	"R10-08"	"slots-simulator/docs/01-requirements/fr-005-modbus-tcp-slave-protocol.md"	"1a6dbbefa60ae737587ebed091392538951ef051712a400790014a110385075f"	"line 26"	"FR-005 Modbus TCP Slave 协议层 > Description 需求描述"	"主系统写 DO 会改变输出并按正常或故障注入规则影响锁状态 DI；"	"**动态行为**：DO 当前状态、DI 当前值、DO 工作模式与 DO 脉冲宽度参与模拟器运行。主系统写 DO 会改变输出并按正常或故障注入规则影响锁状态 DI；工作模式与脉冲宽度写入后立即成为后续 DO 动作的运行时依据。启动时两者由配置默认值初始化，状态重置时恢复配置默认值。"	"f922eb9f21a6290ca1b5f1613c954969af636ad571a85c23a74806fa9cee7ea5"	"embedded-main-system-or-field-claim"	"review-planning-source-without-verifiable-approval-chain"	"8005-main-system-or-field-evidence-lead-not-simulator-approval"	"main-system-or-field-lead-evidence-only"	"document-route:R10-candidate; unit-kind:markdown-flow-or-list-item; source-document-class:SIM-REQ + VENDOR; ledger-history:H-U; see R10 Git history, derivation and status-correction groups"	"BOUND-R10-001,EVID-R10-001,CF-R10-001,GAP-R10-001"	"not-approved"	"authoritative-main-system-source;do-not-reverse-infer-from-simulator-planning;named-approver;approval-date;approved-scope;version-or-sha256-binding"
"R10-A0225"	"R10"	"R10-08"	"slots-simulator/docs/01-requirements/fr-005-modbus-tcp-slave-protocol.md"	"1a6dbbefa60ae737587ebed091392538951ef051712a400790014a110385075f"	"line 26"	"FR-005 Modbus TCP Slave 协议层 > Description 需求描述"	"工作模式与脉冲宽度写入后立即成为后续 DO 动作的运行时依据。"	"**动态行为**：DO 当前状态、DI 当前值、DO 工作模式与 DO 脉冲宽度参与模拟器运行。主系统写 DO 会改变输出并按正常或故障注入规则影响锁状态 DI；工作模式与脉冲宽度写入后立即成为后续 DO 动作的运行时依据。启动时两者由配置默认值初始化，状态重置时恢复配置默认值。"	"4421e3c9551ab31648d425991a8345d99e269bc5c88c57d42d12ab4f83d212ff"	"simulator-interface-or-protocol-behavior-candidate"	"review-planning-source-without-verifiable-approval-chain"	"slots-simulator-test-control-and-modbus-interface"	"needs-simulator-interface-owner-and-explicit-approval"	"document-route:R10-candidate; unit-kind:markdown-flow-or-list-item; source-document-class:SIM-REQ + VENDOR; ledger-history:H-U; see R10 Git history, derivation and status-correction groups"	"GAP-R10-001"	"not-approved"	"simulator-interface-owner;complete-versioned-interface-or-protocol-contract;named-approver;approval-date;approved-scope;version-or-sha256-binding"
"R10-A0226"	"R10"	"R10-08"	"slots-simulator/docs/01-requirements/fr-005-modbus-tcp-slave-protocol.md"	"1a6dbbefa60ae737587ebed091392538951ef051712a400790014a110385075f"	"line 26"	"FR-005 Modbus TCP Slave 协议层 > Description 需求描述"	"启动时两者由配置默认值初始化，状态重置时恢复配置默认值。"	"**动态行为**：DO 当前状态、DI 当前值、DO 工作模式与 DO 脉冲宽度参与模拟器运行。主系统写 DO 会改变输出并按正常或故障注入规则影响锁状态 DI；工作模式与脉冲宽度写入后立即成为后续 DO 动作的运行时依据。启动时两者由配置默认值初始化，状态重置时恢复配置默认值。"	"431d90328254b59565c9403c381b17d3b7c32078da35b9fa4d1a9334863c1009"	"simulator-testability-or-operability-candidate"	"review-planning-source-without-verifiable-approval-chain"	"slots-simulator-development-test-tool-only"	"needs-simulator-product-owner-and-explicit-approval"	"document-route:R10-candidate; unit-kind:markdown-flow-or-list-item; source-document-class:SIM-REQ + VENDOR; ledger-history:H-U; see R10 Git history, derivation and status-correction groups"	"GAP-R10-001"	"not-approved"	"simulator-product-owner;approved-tool-scope-source;named-approver;approval-date;approved-scope;version-or-sha256-binding"
"R10-A0227"	"R10"	"R10-08"	"slots-simulator/docs/01-requirements/fr-005-modbus-tcp-slave-protocol.md"	"1a6dbbefa60ae737587ebed091392538951ef051712a400790014a110385075f"	"line 27"	"FR-005 Modbus TCP Slave 协议层 > Description 需求描述"	"**值保真**：除上述动态项外，模板标记为 RW 的地址保存最近一次成功写入值并可读回；"	"**值保真**：除上述动态项外，模板标记为 RW 的地址保存最近一次成功写入值并可读回；模板标记为 RO 的地址始终返回模板值。首期不模拟 DI 正/负脉冲、计数、电平变化计数、滤波或主动上传算法，这些相关 RW 地址仅保存值，不产生附加行为。"	"8967305898fc627358eab02037bf374fdca97a01678e4c1ada9a179d05535528"	"simulator-configuration-or-validation-candidate"	"review-planning-source-without-verifiable-approval-chain"	"slots-simulator-configuration-layout-and-module-topology"	"needs-simulator-product-owner-and-explicit-approval"	"document-route:R10-candidate; unit-kind:markdown-flow-or-list-item; source-document-class:SIM-REQ + VENDOR; ledger-history:H-U; see R10 Git history, derivation and status-correction groups"	"GAP-R10-001"	"not-approved"	"simulator-product-owner;approved-tool-scope-source;named-approver;approval-date;approved-scope;version-or-sha256-binding"
"R10-A0228"	"R10"	"R10-08"	"slots-simulator/docs/01-requirements/fr-005-modbus-tcp-slave-protocol.md"	"1a6dbbefa60ae737587ebed091392538951ef051712a400790014a110385075f"	"line 27"	"FR-005 Modbus TCP Slave 协议层 > Description 需求描述"	"模板标记为 RO 的地址始终返回模板值。"	"**值保真**：除上述动态项外，模板标记为 RW 的地址保存最近一次成功写入值并可读回；模板标记为 RO 的地址始终返回模板值。首期不模拟 DI 正/负脉冲、计数、电平变化计数、滤波或主动上传算法，这些相关 RW 地址仅保存值，不产生附加行为。"	"bfc8de8fef7734efb8c50bf46ab7592614e026605c14065c10256165e1dc472e"	"simulator-configuration-or-validation-candidate"	"review-planning-source-without-verifiable-approval-chain"	"slots-simulator-configuration-layout-and-module-topology"	"needs-simulator-product-owner-and-explicit-approval"	"document-route:R10-candidate; unit-kind:markdown-flow-or-list-item; source-document-class:SIM-REQ + VENDOR; ledger-history:H-U; see R10 Git history, derivation and status-correction groups"	"SCOPE-R10-001,GAP-R10-001"	"not-approved"	"simulator-product-owner;approved-tool-scope-source;named-approver;approval-date;approved-scope;version-or-sha256-binding"
"R10-A0229"	"R10"	"R10-08"	"slots-simulator/docs/01-requirements/fr-005-modbus-tcp-slave-protocol.md"	"1a6dbbefa60ae737587ebed091392538951ef051712a400790014a110385075f"	"line 27"	"FR-005 Modbus TCP Slave 协议层 > Description 需求描述"	"首期不模拟 DI 正/负脉冲、计数、电平变化计数、滤波或主动上传算法，这些相关 RW 地址仅保存值，不产生附加行为。"	"**值保真**：除上述动态项外，模板标记为 RW 的地址保存最近一次成功写入值并可读回；模板标记为 RO 的地址始终返回模板值。首期不模拟 DI 正/负脉冲、计数、电平变化计数、滤波或主动上传算法，这些相关 RW 地址仅保存值，不产生附加行为。"	"d1c574c937829d125e26bc208e84017a30fe1efe08c1e4ad5df4f1c6dc7a4c81"	"simulator-interface-or-protocol-behavior-candidate"	"review-planning-source-without-verifiable-approval-chain"	"slots-simulator-test-control-and-modbus-interface"	"needs-simulator-interface-owner-and-explicit-approval"	"document-route:R10-candidate; unit-kind:markdown-flow-or-list-item; source-document-class:SIM-REQ + VENDOR; ledger-history:H-U; see R10 Git history, derivation and status-correction groups"	"GAP-R10-001"	"not-approved"	"simulator-interface-owner;complete-versioned-interface-or-protocol-contract;named-approver;approval-date;approved-scope;version-or-sha256-binding"
"R10-A0230"	"R10"	"R10-08"	"slots-simulator/docs/01-requirements/fr-005-modbus-tcp-slave-protocol.md"	"1a6dbbefa60ae737587ebed091392538951ef051712a400790014a110385075f"	"line 29"	"FR-005 Modbus TCP Slave 协议层 > Description 需求描述"	"`0x0F` 与 `0x10` 批量写必须原子执行：先校验完整地址范围、权限与每个值，全部合法才一次性提交；"	"`0x0F` 与 `0x10` 批量写必须原子执行：先校验完整地址范围、权限与每个值，全部合法才一次性提交；任一项非法则整批拒绝，所有目标值保持不变。异常响应遵循 Modbus：不支持的功能码返回 `0x01 Illegal Function`；不存在、越界、跨越不连续区间或不允许该功能码/写入 RO 的地址返回 `0x02 Illegal Data Address`；值或请求长度不合法返回 `0x03 Illegal Data Value`；服务端内部无法完成已验证请求时返回 `0x04 Server Device Failure`。"	"a3a818161ca86cd289e0fde7ae096982a46e9a22ee1f17db3b24e89e755e840a"	"simulator-configuration-or-validation-candidate"	"review-planning-source-without-verifiable-approval-chain"	"slots-simulator-configuration-layout-and-module-topology"	"needs-simulator-product-owner-and-explicit-approval"	"document-route:R10-candidate; unit-kind:markdown-paragraph; source-document-class:SIM-REQ + VENDOR; ledger-history:H-U; see R10 Git history, derivation and status-correction groups"	"SCOPE-R10-001,GAP-R10-001"	"not-approved"	"simulator-product-owner;approved-tool-scope-source;named-approver;approval-date;approved-scope;version-or-sha256-binding"
"R10-A0231"	"R10"	"R10-08"	"slots-simulator/docs/01-requirements/fr-005-modbus-tcp-slave-protocol.md"	"1a6dbbefa60ae737587ebed091392538951ef051712a400790014a110385075f"	"line 29"	"FR-005 Modbus TCP Slave 协议层 > Description 需求描述"	"任一项非法则整批拒绝，所有目标值保持不变。"	"`0x0F` 与 `0x10` 批量写必须原子执行：先校验完整地址范围、权限与每个值，全部合法才一次性提交；任一项非法则整批拒绝，所有目标值保持不变。异常响应遵循 Modbus：不支持的功能码返回 `0x01 Illegal Function`；不存在、越界、跨越不连续区间或不允许该功能码/写入 RO 的地址返回 `0x02 Illegal Data Address`；值或请求长度不合法返回 `0x03 Illegal Data Value`；服务端内部无法完成已验证请求时返回 `0x04 Server Device Failure`。"	"4b2de5a566761e2f88053c3ae6392b5bad60660772b70de2718422d27afbd59b"	"simulator-capability-or-scope-candidate"	"review-planning-source-without-verifiable-approval-chain"	"slots-simulator-development-test-tool-only"	"needs-simulator-product-owner-and-explicit-approval"	"document-route:R10-candidate; unit-kind:markdown-paragraph; source-document-class:SIM-REQ + VENDOR; ledger-history:H-U; see R10 Git history, derivation and status-correction groups"	"GAP-R10-001"	"not-approved"	"simulator-product-owner;approved-tool-scope-source;named-approver;approval-date;approved-scope;version-or-sha256-binding"
"R10-A0232"	"R10"	"R10-08"	"slots-simulator/docs/01-requirements/fr-005-modbus-tcp-slave-protocol.md"	"1a6dbbefa60ae737587ebed091392538951ef051712a400790014a110385075f"	"line 29"	"FR-005 Modbus TCP Slave 协议层 > Description 需求描述"	"异常响应遵循 Modbus：不支持的功能码返回 `0x01 Illegal Function`；"	"`0x0F` 与 `0x10` 批量写必须原子执行：先校验完整地址范围、权限与每个值，全部合法才一次性提交；任一项非法则整批拒绝，所有目标值保持不变。异常响应遵循 Modbus：不支持的功能码返回 `0x01 Illegal Function`；不存在、越界、跨越不连续区间或不允许该功能码/写入 RO 的地址返回 `0x02 Illegal Data Address`；值或请求长度不合法返回 `0x03 Illegal Data Value`；服务端内部无法完成已验证请求时返回 `0x04 Server Device Failure`。"	"74f3b65c17e69b5bec2f507607d2a4ab3c89f3c27228a9e2c6566d11bcaff226"	"simulator-interface-or-protocol-behavior-candidate"	"review-planning-source-without-verifiable-approval-chain"	"slots-simulator-test-control-and-modbus-interface"	"needs-simulator-interface-owner-and-explicit-approval"	"document-route:R10-candidate; unit-kind:markdown-paragraph; source-document-class:SIM-REQ + VENDOR; ledger-history:H-U; see R10 Git history, derivation and status-correction groups"	"SCOPE-R10-001,GAP-R10-001"	"not-approved"	"simulator-interface-owner;complete-versioned-interface-or-protocol-contract;named-approver;approval-date;approved-scope;version-or-sha256-binding"
"R10-A0233"	"R10"	"R10-08"	"slots-simulator/docs/01-requirements/fr-005-modbus-tcp-slave-protocol.md"	"1a6dbbefa60ae737587ebed091392538951ef051712a400790014a110385075f"	"line 29"	"FR-005 Modbus TCP Slave 协议层 > Description 需求描述"	"不存在、越界、跨越不连续区间或不允许该功能码/写入 RO 的地址返回 `0x02 Illegal Data Address`；"	"`0x0F` 与 `0x10` 批量写必须原子执行：先校验完整地址范围、权限与每个值，全部合法才一次性提交；任一项非法则整批拒绝，所有目标值保持不变。异常响应遵循 Modbus：不支持的功能码返回 `0x01 Illegal Function`；不存在、越界、跨越不连续区间或不允许该功能码/写入 RO 的地址返回 `0x02 Illegal Data Address`；值或请求长度不合法返回 `0x03 Illegal Data Value`；服务端内部无法完成已验证请求时返回 `0x04 Server Device Failure`。"	"84c21a060d571c65419bf56f1d6d97eb9a175b0c4aa59afe591e1f9dd112c5c1"	"simulator-configuration-or-validation-candidate"	"review-planning-source-without-verifiable-approval-chain"	"slots-simulator-configuration-layout-and-module-topology"	"needs-simulator-product-owner-and-explicit-approval"	"document-route:R10-candidate; unit-kind:markdown-paragraph; source-document-class:SIM-REQ + VENDOR; ledger-history:H-U; see R10 Git history, derivation and status-correction groups"	"SCOPE-R10-001,GAP-R10-001"	"not-approved"	"simulator-product-owner;approved-tool-scope-source;named-approver;approval-date;approved-scope;version-or-sha256-binding"
"R10-A0234"	"R10"	"R10-08"	"slots-simulator/docs/01-requirements/fr-005-modbus-tcp-slave-protocol.md"	"1a6dbbefa60ae737587ebed091392538951ef051712a400790014a110385075f"	"line 29"	"FR-005 Modbus TCP Slave 协议层 > Description 需求描述"	"值或请求长度不合法返回 `0x03 Illegal Data Value`；"	"`0x0F` 与 `0x10` 批量写必须原子执行：先校验完整地址范围、权限与每个值，全部合法才一次性提交；任一项非法则整批拒绝，所有目标值保持不变。异常响应遵循 Modbus：不支持的功能码返回 `0x01 Illegal Function`；不存在、越界、跨越不连续区间或不允许该功能码/写入 RO 的地址返回 `0x02 Illegal Data Address`；值或请求长度不合法返回 `0x03 Illegal Data Value`；服务端内部无法完成已验证请求时返回 `0x04 Server Device Failure`。"	"0202c1e278050866896d8bc785b88a5f697f376b274485bdae35910f90e3e20e"	"simulator-capability-or-scope-candidate"	"review-planning-source-without-verifiable-approval-chain"	"slots-simulator-development-test-tool-only"	"needs-simulator-product-owner-and-explicit-approval"	"document-route:R10-candidate; unit-kind:markdown-paragraph; source-document-class:SIM-REQ + VENDOR; ledger-history:H-U; see R10 Git history, derivation and status-correction groups"	"SCOPE-R10-001,GAP-R10-001"	"not-approved"	"simulator-product-owner;approved-tool-scope-source;named-approver;approval-date;approved-scope;version-or-sha256-binding"
"R10-A0235"	"R10"	"R10-08"	"slots-simulator/docs/01-requirements/fr-005-modbus-tcp-slave-protocol.md"	"1a6dbbefa60ae737587ebed091392538951ef051712a400790014a110385075f"	"line 29"	"FR-005 Modbus TCP Slave 协议层 > Description 需求描述"	"服务端内部无法完成已验证请求时返回 `0x04 Server Device Failure`。"	"`0x0F` 与 `0x10` 批量写必须原子执行：先校验完整地址范围、权限与每个值，全部合法才一次性提交；任一项非法则整批拒绝，所有目标值保持不变。异常响应遵循 Modbus：不支持的功能码返回 `0x01 Illegal Function`；不存在、越界、跨越不连续区间或不允许该功能码/写入 RO 的地址返回 `0x02 Illegal Data Address`；值或请求长度不合法返回 `0x03 Illegal Data Value`；服务端内部无法完成已验证请求时返回 `0x04 Server Device Failure`。"	"a5dbb19b5f69aeadeb3d157c53be4731ecb77912b7ddcedc70a4c5e2bd0eb889"	"simulator-capability-or-scope-candidate"	"review-planning-source-without-verifiable-approval-chain"	"slots-simulator-development-test-tool-only"	"needs-simulator-product-owner-and-explicit-approval"	"document-route:R10-candidate; unit-kind:markdown-paragraph; source-document-class:SIM-REQ + VENDOR; ledger-history:H-U; see R10 Git history, derivation and status-correction groups"	"GAP-R10-001"	"not-approved"	"simulator-product-owner;approved-tool-scope-source;named-approver;approval-date;approved-scope;version-or-sha256-binding"
"R10-A0236"	"R10"	"R10-08"	"slots-simulator/docs/01-requirements/fr-005-modbus-tcp-slave-protocol.md"	"1a6dbbefa60ae737587ebed091392538951ef051712a400790014a110385075f"	"line 33"	"FR-005 Modbus TCP Slave 协议层 > Origin 需求来源"	"服务于 `../00-vision/vision-and-scope.md` 第 2 节""对被测系统协议层透明""的目标；"	"服务于 `../00-vision/vision-and-scope.md` 第 2 节""对被测系统协议层透明""的目标；协议选型依据 [[dr-005-modbus-protocol-fidelity|DR-005]]。"	"c59d58dc62619b4a052a0a253f88e64d0311f6ee526ef5c6d05bbb34bfc94f3d"	"source-origin-background-or-traceability-evidence"	"review-planning-source-without-verifiable-approval-chain"	"slots-simulator-development-test-tool-only"	"source-or-traceability-evidence-only"	"document-route:R10-candidate; unit-kind:markdown-paragraph; source-document-class:SIM-REQ + VENDOR; ledger-history:H-U; see R10 Git history, derivation and status-correction groups"	"GAP-R10-001"	"not-approved"	"evidence-only-not-an-approval-unit;named-approver;approval-date;approved-scope;version-or-sha256-binding"
"R10-A0237"	"R10"	"R10-08"	"slots-simulator/docs/01-requirements/fr-005-modbus-tcp-slave-protocol.md"	"1a6dbbefa60ae737587ebed091392538951ef051712a400790014a110385075f"	"line 33"	"FR-005 Modbus TCP Slave 协议层 > Origin 需求来源"	"协议选型依据 [[dr-005-modbus-protocol-fidelity|DR-005]]。"	"服务于 `../00-vision/vision-and-scope.md` 第 2 节""对被测系统协议层透明""的目标；协议选型依据 [[dr-005-modbus-protocol-fidelity|DR-005]]。"	"7e11f024a423433f25b7a9844db09dca2f11b8bea49aea03aab6322a04dc309a"	"source-origin-background-or-traceability-evidence"	"review-planning-source-without-verifiable-approval-chain"	"slots-simulator-development-test-tool-only"	"source-or-traceability-evidence-only"	"document-route:R10-candidate; unit-kind:markdown-paragraph; source-document-class:SIM-REQ + VENDOR; ledger-history:H-U; see R10 Git history, derivation and status-correction groups"	"GAP-R10-001"	"not-approved"	"evidence-only-not-an-approval-unit;named-approver;approval-date;approved-scope;version-or-sha256-binding"
"R10-A0238"	"R10"	"R10-08"	"slots-simulator/docs/01-requirements/fr-005-modbus-tcp-slave-protocol.md"	"1a6dbbefa60ae737587ebed091392538951ef051712a400790014a110385075f"	"line 37"	"FR-005 Modbus TCP Slave 协议层 > Acceptance Criteria 验收标准"	"被测系统的 IO 模块对接代码无需任何修改，仅切换连接地址/端口即可从连接真实 IO 模块切换为连接本模拟器。"	"被测系统的 IO 模块对接代码无需任何修改，仅切换连接地址/端口即可从连接真实 IO 模块切换为连接本模拟器。"	"6e1b32e83790bfe7a25bb31160ca1ff5a8b8b2cadf2cd3642ea2be684d5d4b98"	"simulator-interface-or-protocol-behavior-candidate"	"review-planning-source-without-verifiable-approval-chain"	"slots-simulator-test-control-and-modbus-interface"	"needs-simulator-interface-owner-and-explicit-approval"	"document-route:R10-candidate; unit-kind:markdown-flow-or-list-item; source-document-class:SIM-REQ + VENDOR; ledger-history:H-U; see R10 Git history, derivation and status-correction groups"	"GAP-R10-001"	"not-approved"	"simulator-interface-owner;complete-versioned-interface-or-protocol-contract;named-approver;approval-date;approved-scope;version-or-sha256-binding"
"R10-A0239"	"R10"	"R10-08"	"slots-simulator/docs/01-requirements/fr-005-modbus-tcp-slave-protocol.md"	"1a6dbbefa60ae737587ebed091392538951ef051712a400790014a110385075f"	"line 38"	"FR-005 Modbus TCP Slave 协议层 > Acceptance Criteria 验收标准"	"支持 `0x01` 读线圈、`0x02` 读离散输入、`0x03` 读保持寄存器、`0x05` 写单线圈、`0x06` 写单保持寄存器、`0x0F` 写多线圈、`0x10` 写多保持寄存器。"	"支持 `0x01` 读线圈、`0x02` 读离散输入、`0x03` 读保持寄存器、`0x05` 写单线圈、`0x06` 写单保持寄存器、`0x0F` 写多线圈、`0x10` 写多保持寄存器。"	"4cf67a0850d89350269e29fa168a1694f69617de3763afe88d6fb5befe1f6957"	"simulator-interface-or-protocol-behavior-candidate"	"review-planning-source-without-verifiable-approval-chain"	"slots-simulator-test-control-and-modbus-interface"	"needs-simulator-interface-owner-and-explicit-approval"	"document-route:R10-candidate; unit-kind:markdown-flow-or-list-item; source-document-class:SIM-REQ + VENDOR; ledger-history:H-U; see R10 Git history, derivation and status-correction groups"	"SCOPE-R10-001,GAP-R10-001"	"not-approved"	"simulator-interface-owner;complete-versioned-interface-or-protocol-contract;named-approver;approval-date;approved-scope;version-or-sha256-binding"
"R10-A0240"	"R10"	"R10-08"	"slots-simulator/docs/01-requirements/fr-005-modbus-tcp-slave-protocol.md"	"1a6dbbefa60ae737587ebed091392538951ef051712a400790014a110385075f"	"line 39"	"FR-005 Modbus TCP Slave 协议层 > Acceptance Criteria 验收标准"	"严格执行模板地址、适用功能码、权限与数据范围；"	"严格执行模板地址、适用功能码、权限与数据范围；非法请求返回明确 Modbus 异常响应且不改变状态。"	"8f929c15250e134365cc79e06b0ac111716643767d3c1e454b7983de1963b10a"	"simulator-configuration-or-validation-candidate"	"review-planning-source-without-verifiable-approval-chain"	"slots-simulator-configuration-layout-and-module-topology"	"needs-simulator-product-owner-and-explicit-approval"	"document-route:R10-candidate; unit-kind:markdown-flow-or-list-item; source-document-class:SIM-REQ + VENDOR; ledger-history:H-U; see R10 Git history, derivation and status-correction groups"	"GAP-R10-001"	"not-approved"	"simulator-product-owner;approved-tool-scope-source;named-approver;approval-date;approved-scope;version-or-sha256-binding"
"R10-A0241"	"R10"	"R10-08"	"slots-simulator/docs/01-requirements/fr-005-modbus-tcp-slave-protocol.md"	"1a6dbbefa60ae737587ebed091392538951ef051712a400790014a110385075f"	"line 39"	"FR-005 Modbus TCP Slave 协议层 > Acceptance Criteria 验收标准"	"非法请求返回明确 Modbus 异常响应且不改变状态。"	"严格执行模板地址、适用功能码、权限与数据范围；非法请求返回明确 Modbus 异常响应且不改变状态。"	"a77dcb92d762f774526096d5aec4953b96a937413edd6fd7a54cb80ace24a82b"	"simulator-interface-or-protocol-behavior-candidate"	"review-planning-source-without-verifiable-approval-chain"	"slots-simulator-test-control-and-modbus-interface"	"needs-simulator-interface-owner-and-explicit-approval"	"document-route:R10-candidate; unit-kind:markdown-flow-or-list-item; source-document-class:SIM-REQ + VENDOR; ledger-history:H-U; see R10 Git history, derivation and status-correction groups"	"GAP-R10-001"	"not-approved"	"simulator-interface-owner;complete-versioned-interface-or-protocol-contract;named-approver;approval-date;approved-scope;version-or-sha256-binding"
"R10-A0242"	"R10"	"R10-08"	"slots-simulator/docs/01-requirements/fr-005-modbus-tcp-slave-protocol.md"	"1a6dbbefa60ae737587ebed091392538951ef051712a400790014a110385075f"	"line 40"	"FR-005 Modbus TCP Slave 协议层 > Acceptance Criteria 验收标准"	"DO、DI、DO 工作模式、DO 脉冲宽度具有动态行为；"	"DO、DI、DO 工作模式、DO 脉冲宽度具有动态行为；其他 RW 地址保存并返回写入值，RO 地址返回模板值。"	"78d25156b2977d38128eefcd14c5df32f6eb9cc8b304fd0e066364722ca7db27"	"simulator-interface-or-protocol-behavior-candidate"	"review-planning-source-without-verifiable-approval-chain"	"slots-simulator-test-control-and-modbus-interface"	"needs-simulator-interface-owner-and-explicit-approval"	"document-route:R10-candidate; unit-kind:markdown-flow-or-list-item; source-document-class:SIM-REQ + VENDOR; ledger-history:H-U; see R10 Git history, derivation and status-correction groups"	"GAP-R10-001"	"not-approved"	"simulator-interface-owner;complete-versioned-interface-or-protocol-contract;named-approver;approval-date;approved-scope;version-or-sha256-binding"
"R10-A0243"	"R10"	"R10-08"	"slots-simulator/docs/01-requirements/fr-005-modbus-tcp-slave-protocol.md"	"1a6dbbefa60ae737587ebed091392538951ef051712a400790014a110385075f"	"line 40"	"FR-005 Modbus TCP Slave 协议层 > Acceptance Criteria 验收标准"	"其他 RW 地址保存并返回写入值，RO 地址返回模板值。"	"DO、DI、DO 工作模式、DO 脉冲宽度具有动态行为；其他 RW 地址保存并返回写入值，RO 地址返回模板值。"	"a9adcdcdf795f511eacb5c3dbfb15e8f351b7bd334e4adbfbf24785f3d705a7d"	"simulator-configuration-or-validation-candidate"	"review-planning-source-without-verifiable-approval-chain"	"slots-simulator-configuration-layout-and-module-topology"	"needs-simulator-product-owner-and-explicit-approval"	"document-route:R10-candidate; unit-kind:markdown-flow-or-list-item; source-document-class:SIM-REQ + VENDOR; ledger-history:H-U; see R10 Git history, derivation and status-correction groups"	"SCOPE-R10-001,GAP-R10-001"	"not-approved"	"simulator-product-owner;approved-tool-scope-source;named-approver;approval-date;approved-scope;version-or-sha256-binding"
"R10-A0244"	"R10"	"R10-08"	"slots-simulator/docs/01-requirements/fr-005-modbus-tcp-slave-protocol.md"	"1a6dbbefa60ae737587ebed091392538951ef051712a400790014a110385075f"	"line 41"	"FR-005 Modbus TCP Slave 协议层 > Acceptance Criteria 验收标准"	"不实现计数、滤波和主动上传算法；"	"不实现计数、滤波和主动上传算法；写入其 RW 配置或数值寄存器时仅保存值。"	"897d2d9f7a96120736faf05d56a884db7c6747d78d70ab47825461fe7981970c"	"simulator-capability-or-scope-candidate"	"review-planning-source-without-verifiable-approval-chain"	"slots-simulator-development-test-tool-only"	"needs-simulator-product-owner-and-explicit-approval"	"document-route:R10-candidate; unit-kind:markdown-flow-or-list-item; source-document-class:SIM-REQ + VENDOR; ledger-history:H-U; see R10 Git history, derivation and status-correction groups"	"GAP-R10-001"	"not-approved"	"simulator-product-owner;approved-tool-scope-source;named-approver;approval-date;approved-scope;version-or-sha256-binding"
"R10-A0245"	"R10"	"R10-08"	"slots-simulator/docs/01-requirements/fr-005-modbus-tcp-slave-protocol.md"	"1a6dbbefa60ae737587ebed091392538951ef051712a400790014a110385075f"	"line 41"	"FR-005 Modbus TCP Slave 协议层 > Acceptance Criteria 验收标准"	"写入其 RW 配置或数值寄存器时仅保存值。"	"不实现计数、滤波和主动上传算法；写入其 RW 配置或数值寄存器时仅保存值。"	"6db5838bd42b90dca454d36450c759504de51db20a0945f6e0298c9069817cd5"	"simulator-configuration-or-validation-candidate"	"review-planning-source-without-verifiable-approval-chain"	"slots-simulator-configuration-layout-and-module-topology"	"needs-simulator-product-owner-and-explicit-approval"	"document-route:R10-candidate; unit-kind:markdown-flow-or-list-item; source-document-class:SIM-REQ + VENDOR; ledger-history:H-U; see R10 Git history, derivation and status-correction groups"	"GAP-R10-001"	"not-approved"	"simulator-product-owner;approved-tool-scope-source;named-approver;approval-date;approved-scope;version-or-sha256-binding"
"R10-A0246"	"R10"	"R10-08"	"slots-simulator/docs/01-requirements/fr-005-modbus-tcp-slave-protocol.md"	"1a6dbbefa60ae737587ebed091392538951ef051712a400790014a110385075f"	"line 42"	"FR-005 Modbus TCP Slave 协议层 > Acceptance Criteria 验收标准"	"`0x0F`、`0x10` 批量写具有原子性，不允许部分成功。"	"`0x0F`、`0x10` 批量写具有原子性，不允许部分成功。"	"aaeadaf0680a364a7aa0a005dc925a76894287aa1bd51170858b45212be12935"	"simulator-configuration-or-validation-candidate"	"review-planning-source-without-verifiable-approval-chain"	"slots-simulator-configuration-layout-and-module-topology"	"needs-simulator-product-owner-and-explicit-approval"	"document-route:R10-candidate; unit-kind:markdown-flow-or-list-item; source-document-class:SIM-REQ + VENDOR; ledger-history:H-U; see R10 Git history, derivation and status-correction groups"	"SCOPE-R10-001,GAP-R10-001"	"not-approved"	"simulator-product-owner;approved-tool-scope-source;named-approver;approval-date;approved-scope;version-or-sha256-binding"
"R10-A0247"	"R10"	"R10-08"	"slots-simulator/docs/01-requirements/fr-005-modbus-tcp-slave-protocol.md"	"1a6dbbefa60ae737587ebed091392538951ef051712a400790014a110385075f"	"line 46"	"FR-005 Modbus TCP Slave 协议层 > Related Use Case 关联用例"	"[UC-018 IO 点位映射表核对测试](../../../requirement-documents/03-use-cases/uc-018-io-point-mapping-verification-test.md) 直接使用本协议层；"	"[UC-018 IO 点位映射表核对测试](../../../requirement-documents/03-use-cases/uc-018-io-point-mapping-verification-test.md) 直接使用本协议层；其余仓位相关用例通过主系统的 IO 对接代码间接依赖。"	"406897244c420f9c883958b6c5acafa39b511a5f0959d2f2be24e15d99ae7bb4"	"source-origin-background-or-traceability-evidence"	"review-planning-source-without-verifiable-approval-chain"	"slots-simulator-development-test-tool-only"	"source-or-traceability-evidence-only"	"document-route:R10-candidate; unit-kind:markdown-paragraph; source-document-class:SIM-REQ + VENDOR; ledger-history:H-U; see R10 Git history, derivation and status-correction groups"	"BOUND-R10-001,GAP-R10-001"	"not-approved"	"evidence-only-not-an-approval-unit;named-approver;approval-date;approved-scope;version-or-sha256-binding"
"R10-A0248"	"R10"	"R10-08"	"slots-simulator/docs/01-requirements/fr-005-modbus-tcp-slave-protocol.md"	"1a6dbbefa60ae737587ebed091392538951ef051712a400790014a110385075f"	"line 46"	"FR-005 Modbus TCP Slave 协议层 > Related Use Case 关联用例"	"其余仓位相关用例通过主系统的 IO 对接代码间接依赖。"	"[UC-018 IO 点位映射表核对测试](../../../requirement-documents/03-use-cases/uc-018-io-point-mapping-verification-test.md) 直接使用本协议层；其余仓位相关用例通过主系统的 IO 对接代码间接依赖。"	"cd8d9b46a71c9adfec898fcf97a92d7611a69cebb75d08a40a2b390ab811e38c"	"source-origin-background-or-traceability-evidence"	"review-planning-source-without-verifiable-approval-chain"	"slots-simulator-development-test-tool-only"	"source-or-traceability-evidence-only"	"document-route:R10-candidate; unit-kind:markdown-paragraph; source-document-class:SIM-REQ + VENDOR; ledger-history:H-U; see R10 Git history, derivation and status-correction groups"	"BOUND-R10-001,GAP-R10-001"	"not-approved"	"evidence-only-not-an-approval-unit;named-approver;approval-date;approved-scope;version-or-sha256-binding"
"R10-A0249"	"R10"	"R10-08"	"slots-simulator/docs/01-requirements/fr-005-modbus-tcp-slave-protocol.md"	"1a6dbbefa60ae737587ebed091392538951ef051712a400790014a110385075f"	"line 50"	"FR-005 Modbus TCP Slave 协议层 > Verification 验证方式"	"**TC-FR-005-001（预留）**：Given 模块按硬件表模板启动；"	"**TC-FR-005-001（预留）**：Given 模块按硬件表模板启动；When 客户端分别发送 `0x01/02/03/05/06/0F/10` 合法请求；Then 每种请求均返回规范响应，读写值与模板及当前运行状态一致。"	"bd85d3fde86d85e8b730c31c832628dcae74d03545c48d060854d1d704a3470a"	"reserved-verification-plan-evidence"	"review-planning-source-without-verifiable-approval-chain"	"slots-simulator-development-test-tool-only"	"test-plan-evidence-only"	"document-route:R10-candidate; unit-kind:markdown-flow-or-list-item; source-document-class:SIM-REQ + VENDOR; ledger-history:H-U; see R10 Git history, derivation and status-correction groups"	"GAP-R10-001"	"not-approved"	"evidence-only-not-an-approval-unit;named-approver;approval-date;approved-scope;version-or-sha256-binding"
"R10-A0250"	"R10"	"R10-08"	"slots-simulator/docs/01-requirements/fr-005-modbus-tcp-slave-protocol.md"	"1a6dbbefa60ae737587ebed091392538951ef051712a400790014a110385075f"	"line 50"	"FR-005 Modbus TCP Slave 协议层 > Verification 验证方式"	"When 客户端分别发送 `0x01/02/03/05/06/0F/10` 合法请求；"	"**TC-FR-005-001（预留）**：Given 模块按硬件表模板启动；When 客户端分别发送 `0x01/02/03/05/06/0F/10` 合法请求；Then 每种请求均返回规范响应，读写值与模板及当前运行状态一致。"	"6be95c4ffdc6d2a773b70a496139b093920fd5ab86c88a3a208f9df57e08f6a1"	"reserved-verification-plan-evidence"	"review-planning-source-without-verifiable-approval-chain"	"slots-simulator-development-test-tool-only"	"test-plan-evidence-only"	"document-route:R10-candidate; unit-kind:markdown-flow-or-list-item; source-document-class:SIM-REQ + VENDOR; ledger-history:H-U; see R10 Git history, derivation and status-correction groups"	"SCOPE-R10-001,GAP-R10-001"	"not-approved"	"evidence-only-not-an-approval-unit;named-approver;approval-date;approved-scope;version-or-sha256-binding"
"R10-A0251"	"R10"	"R10-08"	"slots-simulator/docs/01-requirements/fr-005-modbus-tcp-slave-protocol.md"	"1a6dbbefa60ae737587ebed091392538951ef051712a400790014a110385075f"	"line 50"	"FR-005 Modbus TCP Slave 协议层 > Verification 验证方式"	"Then 每种请求均返回规范响应，读写值与模板及当前运行状态一致。"	"**TC-FR-005-001（预留）**：Given 模块按硬件表模板启动；When 客户端分别发送 `0x01/02/03/05/06/0F/10` 合法请求；Then 每种请求均返回规范响应，读写值与模板及当前运行状态一致。"	"3786a908d497a804a5a99998edd9447254b87f7188a7eaed8de68ad6fcd9c481"	"reserved-verification-plan-evidence"	"review-planning-source-without-verifiable-approval-chain"	"slots-simulator-development-test-tool-only"	"test-plan-evidence-only"	"document-route:R10-candidate; unit-kind:markdown-flow-or-list-item; source-document-class:SIM-REQ + VENDOR; ledger-history:H-U; see R10 Git history, derivation and status-correction groups"	"GAP-R10-001"	"not-approved"	"evidence-only-not-an-approval-unit;named-approver;approval-date;approved-scope;version-or-sha256-binding"
"R10-A0252"	"R10"	"R10-08"	"slots-simulator/docs/01-requirements/fr-005-modbus-tcp-slave-protocol.md"	"1a6dbbefa60ae737587ebed091392538951ef051712a400790014a110385075f"	"line 51"	"FR-005 Modbus TCP Slave 协议层 > Verification 验证方式"	"**TC-FR-005-002（预留）**：Given 已知当前寄存器值；"	"**TC-FR-005-002（预留）**：Given 已知当前寄存器值；When 分别发送不支持功能码、非法地址、写 RO 地址和越界数据；Then 依次返回 `0x01`、`0x02`、`0x02`、`0x03` 异常码，原值均不变。"	"9b2949c3e85e4b3362f6207c8340181fdeea2dbac458ef7e6a8992b51ebad390"	"reserved-verification-plan-evidence"	"review-planning-source-without-verifiable-approval-chain"	"slots-simulator-development-test-tool-only"	"test-plan-evidence-only"	"document-route:R10-candidate; unit-kind:markdown-flow-or-list-item; source-document-class:SIM-REQ + VENDOR; ledger-history:H-U; see R10 Git history, derivation and status-correction groups"	"GAP-R10-001"	"not-approved"	"evidence-only-not-an-approval-unit;named-approver;approval-date;approved-scope;version-or-sha256-binding"
"R10-A0253"	"R10"	"R10-08"	"slots-simulator/docs/01-requirements/fr-005-modbus-tcp-slave-protocol.md"	"1a6dbbefa60ae737587ebed091392538951ef051712a400790014a110385075f"	"line 51"	"FR-005 Modbus TCP Slave 协议层 > Verification 验证方式"	"When 分别发送不支持功能码、非法地址、写 RO 地址和越界数据；"	"**TC-FR-005-002（预留）**：Given 已知当前寄存器值；When 分别发送不支持功能码、非法地址、写 RO 地址和越界数据；Then 依次返回 `0x01`、`0x02`、`0x02`、`0x03` 异常码，原值均不变。"	"07d6202e622a85ef2ec33d79523bf77fb284692e2c9397560af025a1469e3925"	"reserved-verification-plan-evidence"	"review-planning-source-without-verifiable-approval-chain"	"slots-simulator-development-test-tool-only"	"test-plan-evidence-only"	"document-route:R10-candidate; unit-kind:markdown-flow-or-list-item; source-document-class:SIM-REQ + VENDOR; ledger-history:H-U; see R10 Git history, derivation and status-correction groups"	"GAP-R10-001"	"not-approved"	"evidence-only-not-an-approval-unit;named-approver;approval-date;approved-scope;version-or-sha256-binding"
"R10-A0254"	"R10"	"R10-08"	"slots-simulator/docs/01-requirements/fr-005-modbus-tcp-slave-protocol.md"	"1a6dbbefa60ae737587ebed091392538951ef051712a400790014a110385075f"	"line 51"	"FR-005 Modbus TCP Slave 协议层 > Verification 验证方式"	"Then 依次返回 `0x01`、`0x02`、`0x02`、`0x03` 异常码，原值均不变。"	"**TC-FR-005-002（预留）**：Given 已知当前寄存器值；When 分别发送不支持功能码、非法地址、写 RO 地址和越界数据；Then 依次返回 `0x01`、`0x02`、`0x02`、`0x03` 异常码，原值均不变。"	"c05533c05efd077a6ea99a92dd3ed54ae6adb13ac5f89f269dac247f25351184"	"reserved-verification-plan-evidence"	"review-planning-source-without-verifiable-approval-chain"	"slots-simulator-development-test-tool-only"	"test-plan-evidence-only"	"document-route:R10-candidate; unit-kind:markdown-flow-or-list-item; source-document-class:SIM-REQ + VENDOR; ledger-history:H-U; see R10 Git history, derivation and status-correction groups"	"SCOPE-R10-001,GAP-R10-001"	"not-approved"	"evidence-only-not-an-approval-unit;named-approver;approval-date;approved-scope;version-or-sha256-binding"
"R10-A0255"	"R10"	"R10-08"	"slots-simulator/docs/01-requirements/fr-005-modbus-tcp-slave-protocol.md"	"1a6dbbefa60ae737587ebed091392538951ef051712a400790014a110385075f"	"line 52"	"FR-005 Modbus TCP Slave 协议层 > Verification 验证方式"	"**TC-FR-005-003（预留）**：Given DO 工作模式和脉冲宽度已有配置默认值；"	"**TC-FR-005-003（预留）**：Given DO 工作模式和脉冲宽度已有配置默认值；When 通过 Modbus 改写两者后触发 DO，再调用状态重置；Then DO 按运行时写入值动作，重置后工作模式和脉冲宽度恢复配置默认值。"	"29b695aaf88a8d05f85b6eb4b831169c55fd2e98c41f75ac9c7d6cbe2d4fc4f5"	"reserved-verification-plan-evidence"	"review-planning-source-without-verifiable-approval-chain"	"slots-simulator-development-test-tool-only"	"test-plan-evidence-only"	"document-route:R10-candidate; unit-kind:markdown-flow-or-list-item; source-document-class:SIM-REQ + VENDOR; ledger-history:H-U; see R10 Git history, derivation and status-correction groups"	"GAP-R10-001"	"not-approved"	"evidence-only-not-an-approval-unit;named-approver;approval-date;approved-scope;version-or-sha256-binding"
"R10-A0256"	"R10"	"R10-08"	"slots-simulator/docs/01-requirements/fr-005-modbus-tcp-slave-protocol.md"	"1a6dbbefa60ae737587ebed091392538951ef051712a400790014a110385075f"	"line 52"	"FR-005 Modbus TCP Slave 协议层 > Verification 验证方式"	"When 通过 Modbus 改写两者后触发 DO，再调用状态重置；"	"**TC-FR-005-003（预留）**：Given DO 工作模式和脉冲宽度已有配置默认值；When 通过 Modbus 改写两者后触发 DO，再调用状态重置；Then DO 按运行时写入值动作，重置后工作模式和脉冲宽度恢复配置默认值。"	"f7aef1e8083d3597c6315e2df1c9428f06e5232b505d998e427640052c5bb31e"	"reserved-verification-plan-evidence"	"review-planning-source-without-verifiable-approval-chain"	"slots-simulator-development-test-tool-only"	"test-plan-evidence-only"	"document-route:R10-candidate; unit-kind:markdown-flow-or-list-item; source-document-class:SIM-REQ + VENDOR; ledger-history:H-U; see R10 Git history, derivation and status-correction groups"	"GAP-R10-001"	"not-approved"	"evidence-only-not-an-approval-unit;named-approver;approval-date;approved-scope;version-or-sha256-binding"
"R10-A0257"	"R10"	"R10-08"	"slots-simulator/docs/01-requirements/fr-005-modbus-tcp-slave-protocol.md"	"1a6dbbefa60ae737587ebed091392538951ef051712a400790014a110385075f"	"line 52"	"FR-005 Modbus TCP Slave 协议层 > Verification 验证方式"	"Then DO 按运行时写入值动作，重置后工作模式和脉冲宽度恢复配置默认值。"	"**TC-FR-005-003（预留）**：Given DO 工作模式和脉冲宽度已有配置默认值；When 通过 Modbus 改写两者后触发 DO，再调用状态重置；Then DO 按运行时写入值动作，重置后工作模式和脉冲宽度恢复配置默认值。"	"b52c92a97c6220e7aa9df04cb74b6699ad55eca9da2b10e218c70d5f1236c2d6"	"reserved-verification-plan-evidence"	"review-planning-source-without-verifiable-approval-chain"	"slots-simulator-development-test-tool-only"	"test-plan-evidence-only"	"document-route:R10-candidate; unit-kind:markdown-flow-or-list-item; source-document-class:SIM-REQ + VENDOR; ledger-history:H-U; see R10 Git history, derivation and status-correction groups"	"GAP-R10-001"	"not-approved"	"evidence-only-not-an-approval-unit;named-approver;approval-date;approved-scope;version-or-sha256-binding"
"R10-A0258"	"R10"	"R10-08"	"slots-simulator/docs/01-requirements/fr-005-modbus-tcp-slave-protocol.md"	"1a6dbbefa60ae737587ebed091392538951ef051712a400790014a110385075f"	"line 53"	"FR-005 Modbus TCP Slave 协议层 > Verification 验证方式"	"**TC-FR-005-004（预留）**：Given 一个 RW 值保真寄存器与一个 RO 模板寄存器；"	"**TC-FR-005-004（预留）**：Given 一个 RW 值保真寄存器与一个 RO 模板寄存器；When 写入 RW 地址并读取两者；Then RW 返回最近成功写入值，RO 返回模板值，且不触发计数、滤波或主动上传行为。"	"00049c2cf4e6694f0e416662a255976fcf79754300862366d7700b82be9099d3"	"reserved-verification-plan-evidence"	"review-planning-source-without-verifiable-approval-chain"	"slots-simulator-development-test-tool-only"	"test-plan-evidence-only"	"document-route:R10-candidate; unit-kind:markdown-flow-or-list-item; source-document-class:SIM-REQ + VENDOR; ledger-history:H-U; see R10 Git history, derivation and status-correction groups"	"GAP-R10-001"	"not-approved"	"evidence-only-not-an-approval-unit;named-approver;approval-date;approved-scope;version-or-sha256-binding"
"R10-A0259"	"R10"	"R10-08"	"slots-simulator/docs/01-requirements/fr-005-modbus-tcp-slave-protocol.md"	"1a6dbbefa60ae737587ebed091392538951ef051712a400790014a110385075f"	"line 53"	"FR-005 Modbus TCP Slave 协议层 > Verification 验证方式"	"When 写入 RW 地址并读取两者；"	"**TC-FR-005-004（预留）**：Given 一个 RW 值保真寄存器与一个 RO 模板寄存器；When 写入 RW 地址并读取两者；Then RW 返回最近成功写入值，RO 返回模板值，且不触发计数、滤波或主动上传行为。"	"46246694597a2c265ac9770b6ad786bc19d2efd48ca33c0ed228a9f88202dd40"	"reserved-verification-plan-evidence"	"review-planning-source-without-verifiable-approval-chain"	"slots-simulator-development-test-tool-only"	"test-plan-evidence-only"	"document-route:R10-candidate; unit-kind:markdown-flow-or-list-item; source-document-class:SIM-REQ + VENDOR; ledger-history:H-U; see R10 Git history, derivation and status-correction groups"	"GAP-R10-001"	"not-approved"	"evidence-only-not-an-approval-unit;named-approver;approval-date;approved-scope;version-or-sha256-binding"
"R10-A0260"	"R10"	"R10-08"	"slots-simulator/docs/01-requirements/fr-005-modbus-tcp-slave-protocol.md"	"1a6dbbefa60ae737587ebed091392538951ef051712a400790014a110385075f"	"line 53"	"FR-005 Modbus TCP Slave 协议层 > Verification 验证方式"	"Then RW 返回最近成功写入值，RO 返回模板值，且不触发计数、滤波或主动上传行为。"	"**TC-FR-005-004（预留）**：Given 一个 RW 值保真寄存器与一个 RO 模板寄存器；When 写入 RW 地址并读取两者；Then RW 返回最近成功写入值，RO 返回模板值，且不触发计数、滤波或主动上传行为。"	"bf7dbbcb951171f4055d2ba85c32a89333fd1bcd6c401f14902987654a59cb60"	"reserved-verification-plan-evidence"	"review-planning-source-without-verifiable-approval-chain"	"slots-simulator-development-test-tool-only"	"test-plan-evidence-only"	"document-route:R10-candidate; unit-kind:markdown-flow-or-list-item; source-document-class:SIM-REQ + VENDOR; ledger-history:H-U; see R10 Git history, derivation and status-correction groups"	"SCOPE-R10-001,GAP-R10-001"	"not-approved"	"evidence-only-not-an-approval-unit;named-approver;approval-date;approved-scope;version-or-sha256-binding"
"R10-A0261"	"R10"	"R10-08"	"slots-simulator/docs/01-requirements/fr-005-modbus-tcp-slave-protocol.md"	"1a6dbbefa60ae737587ebed091392538951ef051712a400790014a110385075f"	"line 54"	"FR-005 Modbus TCP Slave 协议层 > Verification 验证方式"	"**TC-FR-005-005（预留）**：Given 批量写范围中至少一个地址或值非法；"	"**TC-FR-005-005（预留）**：Given 批量写范围中至少一个地址或值非法；When 发送 `0x0F` 或 `0x10`；Then 返回对应异常响应，批次内所有目标地址均保持写入前值。"	"51a301286d5985db06f2ec2f8243326777914159da8bf36615bbf0b7de137f07"	"reserved-verification-plan-evidence"	"review-planning-source-without-verifiable-approval-chain"	"slots-simulator-development-test-tool-only"	"test-plan-evidence-only"	"document-route:R10-candidate; unit-kind:markdown-flow-or-list-item; source-document-class:SIM-REQ + VENDOR; ledger-history:H-U; see R10 Git history, derivation and status-correction groups"	"GAP-R10-001"	"not-approved"	"evidence-only-not-an-approval-unit;named-approver;approval-date;approved-scope;version-or-sha256-binding"
"R10-A0262"	"R10"	"R10-08"	"slots-simulator/docs/01-requirements/fr-005-modbus-tcp-slave-protocol.md"	"1a6dbbefa60ae737587ebed091392538951ef051712a400790014a110385075f"	"line 54"	"FR-005 Modbus TCP Slave 协议层 > Verification 验证方式"	"When 发送 `0x0F` 或 `0x10`；"	"**TC-FR-005-005（预留）**：Given 批量写范围中至少一个地址或值非法；When 发送 `0x0F` 或 `0x10`；Then 返回对应异常响应，批次内所有目标地址均保持写入前值。"	"125faed1f16a7b4355b6421bb621f1eb18f39bf3df71208a9dbc45808087a0da"	"reserved-verification-plan-evidence"	"review-planning-source-without-verifiable-approval-chain"	"slots-simulator-development-test-tool-only"	"test-plan-evidence-only"	"document-route:R10-candidate; unit-kind:markdown-flow-or-list-item; source-document-class:SIM-REQ + VENDOR; ledger-history:H-U; see R10 Git history, derivation and status-correction groups"	"SCOPE-R10-001,GAP-R10-001"	"not-approved"	"evidence-only-not-an-approval-unit;named-approver;approval-date;approved-scope;version-or-sha256-binding"
"R10-A0263"	"R10"	"R10-08"	"slots-simulator/docs/01-requirements/fr-005-modbus-tcp-slave-protocol.md"	"1a6dbbefa60ae737587ebed091392538951ef051712a400790014a110385075f"	"line 54"	"FR-005 Modbus TCP Slave 协议层 > Verification 验证方式"	"Then 返回对应异常响应，批次内所有目标地址均保持写入前值。"	"**TC-FR-005-005（预留）**：Given 批量写范围中至少一个地址或值非法；When 发送 `0x0F` 或 `0x10`；Then 返回对应异常响应，批次内所有目标地址均保持写入前值。"	"248388d6fb81a685d28da95a6eb7d48f462d275ad64ade11e05159b1b96cd772"	"reserved-verification-plan-evidence"	"review-planning-source-without-verifiable-approval-chain"	"slots-simulator-development-test-tool-only"	"test-plan-evidence-only"	"document-route:R10-candidate; unit-kind:markdown-flow-or-list-item; source-document-class:SIM-REQ + VENDOR; ledger-history:H-U; see R10 Git history, derivation and status-correction groups"	"GAP-R10-001"	"not-approved"	"evidence-only-not-an-approval-unit;named-approver;approval-date;approved-scope;version-or-sha256-binding"
"R10-A0264"	"R10"	"R10-09"	"slots-simulator/docs/01-requirements/fr-006-automation-control-api.md"	"a89a8c69c81d7c352a135ffe15bad8e53b5fd6a00ebc41017511c04ce5d0ece2"	"line 18"	"FR-006 自动化控制 API > Description 需求描述"	"提供一套独立于 Modbus 协议、默认仅监听 localhost 的 HTTP/JSON 控制 API，代表人工操作、测试前置构造或故障注入，供开发编写自动化测试脚本调用。"	"提供一套独立于 Modbus 协议、默认仅监听 localhost 的 HTTP/JSON 控制 API，代表人工操作、测试前置构造或故障注入，供开发编写自动化测试脚本调用。API 不提供“开锁”或“开门”动作；开锁只能由被测主系统通过 Modbus DO 下发，正常成功时弹簧自动弹门。面向仓位的人工动作是“关门、放料、取出”。"	"e1587a5c2d684f6e088ce977a056873875709378f5c56206abf8c409e086a3f1"	"embedded-simulator-technical-design-choice"	"review-planning-source-without-verifiable-approval-chain"	"slots-simulator-development-test-tool-only"	"exclude-from-requirement-approval"	"document-route:R10-candidate; unit-kind:markdown-paragraph; source-document-class:SIM-REQ; ledger-history:H-AI; see R10 Git history, derivation and status-correction groups"	"GAP-R10-001"	"not-approved"	"separate-technical-design-review;approved-simulator-behavior-source-if-mechanism-is-mandatory;named-approver;approval-date;approved-scope;version-or-sha256-binding"
"R10-A0265"	"R10"	"R10-09"	"slots-simulator/docs/01-requirements/fr-006-automation-control-api.md"	"a89a8c69c81d7c352a135ffe15bad8e53b5fd6a00ebc41017511c04ce5d0ece2"	"line 18"	"FR-006 自动化控制 API > Description 需求描述"	"API 不提供“开锁”或“开门”动作；"	"提供一套独立于 Modbus 协议、默认仅监听 localhost 的 HTTP/JSON 控制 API，代表人工操作、测试前置构造或故障注入，供开发编写自动化测试脚本调用。API 不提供“开锁”或“开门”动作；开锁只能由被测主系统通过 Modbus DO 下发，正常成功时弹簧自动弹门。面向仓位的人工动作是“关门、放料、取出”。"	"e6bda5ff7060323e4f08787c446717e17b2da5320352e566f99c9c2203330ac4"	"simulator-slot-behavior-or-fault-stimulus-candidate"	"review-planning-source-without-verifiable-approval-chain"	"slots-simulator-development-test-tool-only"	"needs-simulator-hardware-behavior-owner-and-explicit-approval"	"document-route:R10-candidate; unit-kind:markdown-paragraph; source-document-class:SIM-REQ; ledger-history:H-AI; see R10 Git history, derivation and status-correction groups"	"none-found-within-r10-pass"	"not-approved"	"simulator-hardware-behavior-owner;bound-8005-field-evidence-and-polarity-normalization;named-approver;approval-date;approved-scope;version-or-sha256-binding"
"R10-A0266"	"R10"	"R10-09"	"slots-simulator/docs/01-requirements/fr-006-automation-control-api.md"	"a89a8c69c81d7c352a135ffe15bad8e53b5fd6a00ebc41017511c04ce5d0ece2"	"line 18"	"FR-006 自动化控制 API > Description 需求描述"	"开锁只能由被测主系统通过 Modbus DO 下发，正常成功时弹簧自动弹门。"	"提供一套独立于 Modbus 协议、默认仅监听 localhost 的 HTTP/JSON 控制 API，代表人工操作、测试前置构造或故障注入，供开发编写自动化测试脚本调用。API 不提供“开锁”或“开门”动作；开锁只能由被测主系统通过 Modbus DO 下发，正常成功时弹簧自动弹门。面向仓位的人工动作是“关门、放料、取出”。"	"5ef7611e1a2aac5dfddddecfecf5cc9f00a0b6ad09e18f4115299b934eaac5f5"	"embedded-main-system-or-field-claim"	"review-planning-source-without-verifiable-approval-chain"	"8005-main-system-or-field-evidence-lead-not-simulator-approval"	"main-system-or-field-lead-evidence-only"	"document-route:R10-candidate; unit-kind:markdown-paragraph; source-document-class:SIM-REQ; ledger-history:H-AI; see R10 Git history, derivation and status-correction groups"	"BOUND-R10-001,EVID-R10-001,GAP-R10-001"	"not-approved"	"authoritative-main-system-source;do-not-reverse-infer-from-simulator-planning;named-approver;approval-date;approved-scope;version-or-sha256-binding"
"R10-A0267"	"R10"	"R10-09"	"slots-simulator/docs/01-requirements/fr-006-automation-control-api.md"	"a89a8c69c81d7c352a135ffe15bad8e53b5fd6a00ebc41017511c04ce5d0ece2"	"line 18"	"FR-006 自动化控制 API > Description 需求描述"	"面向仓位的人工动作是“关门、放料、取出”。"	"提供一套独立于 Modbus 协议、默认仅监听 localhost 的 HTTP/JSON 控制 API，代表人工操作、测试前置构造或故障注入，供开发编写自动化测试脚本调用。API 不提供“开锁”或“开门”动作；开锁只能由被测主系统通过 Modbus DO 下发，正常成功时弹簧自动弹门。面向仓位的人工动作是“关门、放料、取出”。"	"466402e304189ba0b94e662d77914a6563dbb38e00815e31140d95a7a059f624"	"simulator-slot-behavior-or-fault-stimulus-candidate"	"review-planning-source-without-verifiable-approval-chain"	"slots-simulator-development-test-tool-only"	"needs-simulator-hardware-behavior-owner-and-explicit-approval"	"document-route:R10-candidate; unit-kind:markdown-paragraph; source-document-class:SIM-REQ; ledger-history:H-AI; see R10 Git history, derivation and status-correction groups"	"none-found-within-r10-pass"	"not-approved"	"simulator-hardware-behavior-owner;bound-8005-field-evidence-and-polarity-normalization;named-approver;approval-date;approved-scope;version-or-sha256-binding"
"R10-A0268"	"R10"	"R10-09"	"slots-simulator/docs/01-requirements/fr-006-automation-control-api.md"	"a89a8c69c81d7c352a135ffe15bad8e53b5fd6a00ebc41017511c04ce5d0ece2"	"line 20"	"FR-006 自动化控制 API > Description 需求描述"	"仓位是否占用不作为独立状态存储，始终由该仓位光幕 DI 推导：光幕有遮挡即为已占用，无遮挡即为空闲。"	"仓位是否占用不作为独立状态存储，始终由该仓位光幕 DI 推导：光幕有遮挡即为已占用，无遮挡即为空闲。API 支持批量设置指定仓位集合的光幕遮挡状态，以及一键将全部仓位设为空闲，用于构造 UC-002、UC-006 和异常流程的前置条件。"	"5b42fdff335f59de9dad32ae7df1c91e2310b8e8c3671c9c1fe27f2ea4bb3782"	"simulator-interface-or-protocol-behavior-candidate"	"review-planning-source-without-verifiable-approval-chain"	"slots-simulator-test-control-and-modbus-interface"	"needs-simulator-interface-owner-and-explicit-approval"	"document-route:R10-candidate; unit-kind:markdown-paragraph; source-document-class:SIM-REQ; ledger-history:H-AI; see R10 Git history, derivation and status-correction groups"	"EVID-R10-001"	"not-approved"	"simulator-interface-owner;complete-versioned-interface-or-protocol-contract;named-approver;approval-date;approved-scope;version-or-sha256-binding"
"R10-A0269"	"R10"	"R10-09"	"slots-simulator/docs/01-requirements/fr-006-automation-control-api.md"	"a89a8c69c81d7c352a135ffe15bad8e53b5fd6a00ebc41017511c04ce5d0ece2"	"line 20"	"FR-006 自动化控制 API > Description 需求描述"	"API 支持批量设置指定仓位集合的光幕遮挡状态，以及一键将全部仓位设为空闲，用于构造 UC-002、UC-006 和异常流程的前置条件。"	"仓位是否占用不作为独立状态存储，始终由该仓位光幕 DI 推导：光幕有遮挡即为已占用，无遮挡即为空闲。API 支持批量设置指定仓位集合的光幕遮挡状态，以及一键将全部仓位设为空闲，用于构造 UC-002、UC-006 和异常流程的前置条件。"	"667f96b56afe02d330a54ec5c3257f1bcfc409e24b64ac311412e9994bd72fa3"	"simulator-slot-behavior-or-fault-stimulus-candidate"	"review-planning-source-without-verifiable-approval-chain"	"slots-simulator-development-test-tool-only"	"needs-simulator-hardware-behavior-owner-and-explicit-approval"	"document-route:R10-candidate; unit-kind:markdown-paragraph; source-document-class:SIM-REQ; ledger-history:H-AI; see R10 Git history, derivation and status-correction groups"	"BOUND-R10-001"	"not-approved"	"simulator-hardware-behavior-owner;bound-8005-field-evidence-and-polarity-normalization;named-approver;approval-date;approved-scope;version-or-sha256-binding"
"R10-A0270"	"R10"	"R10-09"	"slots-simulator/docs/01-requirements/fr-006-automation-control-api.md"	"a89a8c69c81d7c352a135ffe15bad8e53b5fd6a00ebc41017511c04ce5d0ece2"	"line 22"	"FR-006 自动化控制 API > Description 需求描述"	"故障 API 支持按指定 IO 模块实例注入 Modbus TCP 主动断连或不响应，并支持显式清除；"	"故障 API 支持按指定 IO 模块实例注入 Modbus TCP 主动断连或不响应，并支持显式清除；也支持 [[fr-003-exception-scenario-simulation|FR-003]] 定义的仓位级故障注入和清除。对不满足状态机前置条件的动作，API 返回明确的 4xx HTTP 错误和可机器解析的 JSON 错误码，且仓位状态、DI/DO、故障与计时器均保持不变。"	"c2de4bb0279e8fa5df1867a305a88271a3f097d76a99d632e3533e7bb3355459"	"simulator-interface-or-protocol-behavior-candidate"	"review-planning-source-without-verifiable-approval-chain"	"slots-simulator-test-control-and-modbus-interface"	"needs-simulator-interface-owner-and-explicit-approval"	"document-route:R10-candidate; unit-kind:markdown-paragraph; source-document-class:SIM-REQ; ledger-history:H-AI; see R10 Git history, derivation and status-correction groups"	"GAP-R10-001"	"not-approved"	"simulator-interface-owner;complete-versioned-interface-or-protocol-contract;named-approver;approval-date;approved-scope;version-or-sha256-binding"
"R10-A0271"	"R10"	"R10-09"	"slots-simulator/docs/01-requirements/fr-006-automation-control-api.md"	"a89a8c69c81d7c352a135ffe15bad8e53b5fd6a00ebc41017511c04ce5d0ece2"	"line 22"	"FR-006 自动化控制 API > Description 需求描述"	"也支持 [[fr-003-exception-scenario-simulation|FR-003]] 定义的仓位级故障注入和清除。"	"故障 API 支持按指定 IO 模块实例注入 Modbus TCP 主动断连或不响应，并支持显式清除；也支持 [[fr-003-exception-scenario-simulation|FR-003]] 定义的仓位级故障注入和清除。对不满足状态机前置条件的动作，API 返回明确的 4xx HTTP 错误和可机器解析的 JSON 错误码，且仓位状态、DI/DO、故障与计时器均保持不变。"	"68515174846ce9027d92507abdbe13ebfefea4f6240e7ed0e81d4769c13825f0"	"simulator-testability-or-operability-candidate"	"review-planning-source-without-verifiable-approval-chain"	"slots-simulator-development-test-tool-only"	"needs-simulator-product-owner-and-explicit-approval"	"document-route:R10-candidate; unit-kind:markdown-paragraph; source-document-class:SIM-REQ; ledger-history:H-AI; see R10 Git history, derivation and status-correction groups"	"none-found-within-r10-pass"	"not-approved"	"simulator-product-owner;approved-tool-scope-source;named-approver;approval-date;approved-scope;version-or-sha256-binding"
"R10-A0272"	"R10"	"R10-09"	"slots-simulator/docs/01-requirements/fr-006-automation-control-api.md"	"a89a8c69c81d7c352a135ffe15bad8e53b5fd6a00ebc41017511c04ce5d0ece2"	"line 22"	"FR-006 自动化控制 API > Description 需求描述"	"对不满足状态机前置条件的动作，API 返回明确的 4xx HTTP 错误和可机器解析的 JSON 错误码，且仓位状态、DI/DO、故障与计时器均保持不变。"	"故障 API 支持按指定 IO 模块实例注入 Modbus TCP 主动断连或不响应，并支持显式清除；也支持 [[fr-003-exception-scenario-simulation|FR-003]] 定义的仓位级故障注入和清除。对不满足状态机前置条件的动作，API 返回明确的 4xx HTTP 错误和可机器解析的 JSON 错误码，且仓位状态、DI/DO、故障与计时器均保持不变。"	"ba81f73987e8f4b10765ad94c22d00d5dfe7bed5a8b81f33381f9209171eb885"	"simulator-interface-or-protocol-behavior-candidate"	"review-planning-source-without-verifiable-approval-chain"	"slots-simulator-test-control-and-modbus-interface"	"needs-simulator-interface-owner-and-explicit-approval"	"document-route:R10-candidate; unit-kind:markdown-paragraph; source-document-class:SIM-REQ; ledger-history:H-AI; see R10 Git history, derivation and status-correction groups"	"none-found-within-r10-pass"	"not-approved"	"simulator-interface-owner;complete-versioned-interface-or-protocol-contract;named-approver;approval-date;approved-scope;version-or-sha256-binding"
"R10-A0273"	"R10"	"R10-09"	"slots-simulator/docs/01-requirements/fr-006-automation-control-api.md"	"a89a8c69c81d7c352a135ffe15bad8e53b5fd6a00ebc41017511c04ce5d0ece2"	"line 26"	"FR-006 自动化控制 API > Origin 需求来源"	"服务于 `../00-vision/vision-and-scope.md` 第 2 节""自动化测试能力""目标；"	"服务于 `../00-vision/vision-and-scope.md` 第 2 节""自动化测试能力""目标；使用方式依据 [[dr-006-users-and-automation-style|DR-006]]（脚本/API 驱动，不依赖人工点击 GUI）。间接支撑 [[fr-002-slot-state-machine-normal-flow|FR-002]]~[[fr-004-mis-stored-product-retrieval|FR-004]] 所有场景的自动化编排。"	"ebd58dbc6ac838f2b3cf94159591156094b44438deacdca37a98f6ab85b6b78e"	"source-origin-background-or-traceability-evidence"	"review-planning-source-without-verifiable-approval-chain"	"slots-simulator-development-test-tool-only"	"source-or-traceability-evidence-only"	"document-route:R10-candidate; unit-kind:markdown-paragraph; source-document-class:SIM-REQ; ledger-history:H-AI; see R10 Git history, derivation and status-correction groups"	"none-found-within-r10-pass"	"not-approved"	"evidence-only-not-an-approval-unit;named-approver;approval-date;approved-scope;version-or-sha256-binding"
"R10-A0274"	"R10"	"R10-09"	"slots-simulator/docs/01-requirements/fr-006-automation-control-api.md"	"a89a8c69c81d7c352a135ffe15bad8e53b5fd6a00ebc41017511c04ce5d0ece2"	"line 26"	"FR-006 自动化控制 API > Origin 需求来源"	"使用方式依据 [[dr-006-users-and-automation-style|DR-006]]（脚本/API 驱动，不依赖人工点击 GUI）。"	"服务于 `../00-vision/vision-and-scope.md` 第 2 节""自动化测试能力""目标；使用方式依据 [[dr-006-users-and-automation-style|DR-006]]（脚本/API 驱动，不依赖人工点击 GUI）。间接支撑 [[fr-002-slot-state-machine-normal-flow|FR-002]]~[[fr-004-mis-stored-product-retrieval|FR-004]] 所有场景的自动化编排。"	"f6566c73ea969ed179d852ec28e0f23339ece199ccb63c212506d6984249cd3e"	"source-origin-background-or-traceability-evidence"	"review-planning-source-without-verifiable-approval-chain"	"slots-simulator-development-test-tool-only"	"source-or-traceability-evidence-only"	"document-route:R10-candidate; unit-kind:markdown-paragraph; source-document-class:SIM-REQ; ledger-history:H-AI; see R10 Git history, derivation and status-correction groups"	"none-found-within-r10-pass"	"not-approved"	"evidence-only-not-an-approval-unit;named-approver;approval-date;approved-scope;version-or-sha256-binding"
"R10-A0275"	"R10"	"R10-09"	"slots-simulator/docs/01-requirements/fr-006-automation-control-api.md"	"a89a8c69c81d7c352a135ffe15bad8e53b5fd6a00ebc41017511c04ce5d0ece2"	"line 26"	"FR-006 自动化控制 API > Origin 需求来源"	"间接支撑 [[fr-002-slot-state-machine-normal-flow|FR-002]]~[[fr-004-mis-stored-product-retrieval|FR-004]] 所有场景的自动化编排。"	"服务于 `../00-vision/vision-and-scope.md` 第 2 节""自动化测试能力""目标；使用方式依据 [[dr-006-users-and-automation-style|DR-006]]（脚本/API 驱动，不依赖人工点击 GUI）。间接支撑 [[fr-002-slot-state-machine-normal-flow|FR-002]]~[[fr-004-mis-stored-product-retrieval|FR-004]] 所有场景的自动化编排。"	"bc46cfbeb9fa98810c38f2bbcf3a0752e328f3edb1d1c4679578001bb0d87473"	"source-origin-background-or-traceability-evidence"	"review-planning-source-without-verifiable-approval-chain"	"slots-simulator-development-test-tool-only"	"source-or-traceability-evidence-only"	"document-route:R10-candidate; unit-kind:markdown-paragraph; source-document-class:SIM-REQ; ledger-history:H-AI; see R10 Git history, derivation and status-correction groups"	"none-found-within-r10-pass"	"not-approved"	"evidence-only-not-an-approval-unit;named-approver;approval-date;approved-scope;version-or-sha256-binding"
"R10-A0276"	"R10"	"R10-09"	"slots-simulator/docs/01-requirements/fr-006-automation-control-api.md"	"a89a8c69c81d7c352a135ffe15bad8e53b5fd6a00ebc41017511c04ce5d0ece2"	"line 30"	"FR-006 自动化控制 API > Acceptance Criteria 验收标准"	"API 使用 HTTP/JSON，默认只绑定 localhost；"	"API 使用 HTTP/JSON，默认只绑定 localhost；除非配置显式修改监听地址，否则不能从非本机地址访问。"	"806c35f4d3ffcf6651b0ed332b30ec6b29e2e301bd5249eb7f543cdc79bcf723"	"embedded-simulator-technical-design-choice"	"review-planning-source-without-verifiable-approval-chain"	"slots-simulator-development-test-tool-only"	"exclude-from-requirement-approval"	"document-route:R10-candidate; unit-kind:markdown-flow-or-list-item; source-document-class:SIM-REQ; ledger-history:H-AI; see R10 Git history, derivation and status-correction groups"	"none-found-within-r10-pass"	"not-approved"	"separate-technical-design-review;approved-simulator-behavior-source-if-mechanism-is-mandatory;named-approver;approval-date;approved-scope;version-or-sha256-binding"
"R10-A0277"	"R10"	"R10-09"	"slots-simulator/docs/01-requirements/fr-006-automation-control-api.md"	"a89a8c69c81d7c352a135ffe15bad8e53b5fd6a00ebc41017511c04ce5d0ece2"	"line 30"	"FR-006 自动化控制 API > Acceptance Criteria 验收标准"	"除非配置显式修改监听地址，否则不能从非本机地址访问。"	"API 使用 HTTP/JSON，默认只绑定 localhost；除非配置显式修改监听地址，否则不能从非本机地址访问。"	"2b515aa350108e6492d6ed944b353b6cbf4c68d1a16a53052317dec61aa9bad0"	"simulator-configuration-or-validation-candidate"	"review-planning-source-without-verifiable-approval-chain"	"slots-simulator-configuration-layout-and-module-topology"	"needs-simulator-product-owner-and-explicit-approval"	"document-route:R10-candidate; unit-kind:markdown-flow-or-list-item; source-document-class:SIM-REQ; ledger-history:H-AI; see R10 Git history, derivation and status-correction groups"	"GAP-R10-001"	"not-approved"	"simulator-product-owner;approved-tool-scope-source;named-approver;approval-date;approved-scope;version-or-sha256-binding"
"R10-A0278"	"R10"	"R10-09"	"slots-simulator/docs/01-requirements/fr-006-automation-control-api.md"	"a89a8c69c81d7c352a135ffe15bad8e53b5fd6a00ebc41017511c04ce5d0ece2"	"line 31"	"FR-006 自动化控制 API > Acceptance Criteria 验收标准"	"每个仓位的关门、放料、取出动作均有对应的可编程调用方式；"	"每个仓位的关门、放料、取出动作均有对应的可编程调用方式；API 和 WPF 均不提供开锁或开门动作，开锁只接受 Modbus DO，开门是开锁成功的机构结果。"	"db0fbcf862522e17c07675dfec932c7ed394cc5f00b9879f83fadf0bde707956"	"simulator-slot-behavior-or-fault-stimulus-candidate"	"review-planning-source-without-verifiable-approval-chain"	"slots-simulator-development-test-tool-only"	"needs-simulator-hardware-behavior-owner-and-explicit-approval"	"document-route:R10-candidate; unit-kind:markdown-flow-or-list-item; source-document-class:SIM-REQ; ledger-history:H-AI; see R10 Git history, derivation and status-correction groups"	"none-found-within-r10-pass"	"not-approved"	"simulator-hardware-behavior-owner;bound-8005-field-evidence-and-polarity-normalization;named-approver;approval-date;approved-scope;version-or-sha256-binding"
"R10-A0279"	"R10"	"R10-09"	"slots-simulator/docs/01-requirements/fr-006-automation-control-api.md"	"a89a8c69c81d7c352a135ffe15bad8e53b5fd6a00ebc41017511c04ce5d0ece2"	"line 31"	"FR-006 自动化控制 API > Acceptance Criteria 验收标准"	"API 和 WPF 均不提供开锁或开门动作，开锁只接受 Modbus DO，开门是开锁成功的机构结果。"	"每个仓位的关门、放料、取出动作均有对应的可编程调用方式；API 和 WPF 均不提供开锁或开门动作，开锁只接受 Modbus DO，开门是开锁成功的机构结果。"	"9b78621ca8dc1c0f891eb534e45b74ceb17c94ee98349f2a8fc027edab0186c2"	"embedded-simulator-technical-design-choice"	"review-planning-source-without-verifiable-approval-chain"	"slots-simulator-development-test-tool-only"	"exclude-from-requirement-approval"	"document-route:R10-candidate; unit-kind:markdown-flow-or-list-item; source-document-class:SIM-REQ; ledger-history:H-AI; see R10 Git history, derivation and status-correction groups"	"EVID-R10-001,GAP-R10-001"	"not-approved"	"separate-technical-design-review;approved-simulator-behavior-source-if-mechanism-is-mandatory;named-approver;approval-date;approved-scope;version-or-sha256-binding"
"R10-A0280"	"R10"	"R10-09"	"slots-simulator/docs/01-requirements/fr-006-automation-control-api.md"	"a89a8c69c81d7c352a135ffe15bad8e53b5fd6a00ebc41017511c04ce5d0ece2"	"line 32"	"FR-006 自动化控制 API > Acceptance Criteria 验收标准"	"占用状态不独立存储，所有查询和状态迁移中的""空闲/已占用""均由光幕 DI 当前值推导。"	"占用状态不独立存储，所有查询和状态迁移中的""空闲/已占用""均由光幕 DI 当前值推导。"	"91203832a86070ccf4a7415d3451485bc1766eb840ca96778518d29bc8771433"	"simulator-interface-or-protocol-behavior-candidate"	"review-planning-source-without-verifiable-approval-chain"	"slots-simulator-test-control-and-modbus-interface"	"needs-simulator-interface-owner-and-explicit-approval"	"document-route:R10-candidate; unit-kind:markdown-flow-or-list-item; source-document-class:SIM-REQ; ledger-history:H-AI; see R10 Git history, derivation and status-correction groups"	"EVID-R10-001"	"not-approved"	"simulator-interface-owner;complete-versioned-interface-or-protocol-contract;named-approver;approval-date;approved-scope;version-or-sha256-binding"
"R10-A0281"	"R10"	"R10-09"	"slots-simulator/docs/01-requirements/fr-006-automation-control-api.md"	"a89a8c69c81d7c352a135ffe15bad8e53b5fd6a00ebc41017511c04ce5d0ece2"	"line 33"	"FR-006 自动化控制 API > Acceptance Criteria 验收标准"	"可一次提交多个仓位及各自目标遮挡值；"	"可一次提交多个仓位及各自目标遮挡值；也可一键将全部仓位光幕设为无遮挡，使全部仓位推导为空闲。"	"fde9906420b7ab60cc56776c8f134501a8982394259172780cb89a2c2c9d23ab"	"simulator-slot-behavior-or-fault-stimulus-candidate"	"review-planning-source-without-verifiable-approval-chain"	"slots-simulator-development-test-tool-only"	"needs-simulator-hardware-behavior-owner-and-explicit-approval"	"document-route:R10-candidate; unit-kind:markdown-flow-or-list-item; source-document-class:SIM-REQ; ledger-history:H-AI; see R10 Git history, derivation and status-correction groups"	"none-found-within-r10-pass"	"not-approved"	"simulator-hardware-behavior-owner;bound-8005-field-evidence-and-polarity-normalization;named-approver;approval-date;approved-scope;version-or-sha256-binding"
"R10-A0282"	"R10"	"R10-09"	"slots-simulator/docs/01-requirements/fr-006-automation-control-api.md"	"a89a8c69c81d7c352a135ffe15bad8e53b5fd6a00ebc41017511c04ce5d0ece2"	"line 33"	"FR-006 自动化控制 API > Acceptance Criteria 验收标准"	"也可一键将全部仓位光幕设为无遮挡，使全部仓位推导为空闲。"	"可一次提交多个仓位及各自目标遮挡值；也可一键将全部仓位光幕设为无遮挡，使全部仓位推导为空闲。"	"4b5c7be8ab2930361fc204326977347179647b6d6017d6289a2f7f4fda3b7e99"	"simulator-slot-behavior-or-fault-stimulus-candidate"	"review-planning-source-without-verifiable-approval-chain"	"slots-simulator-development-test-tool-only"	"needs-simulator-hardware-behavior-owner-and-explicit-approval"	"document-route:R10-candidate; unit-kind:markdown-flow-or-list-item; source-document-class:SIM-REQ; ledger-history:H-AI; see R10 Git history, derivation and status-correction groups"	"none-found-within-r10-pass"	"not-approved"	"simulator-hardware-behavior-owner;bound-8005-field-evidence-and-polarity-normalization;named-approver;approval-date;approved-scope;version-or-sha256-binding"
"R10-A0283"	"R10"	"R10-09"	"slots-simulator/docs/01-requirements/fr-006-automation-control-api.md"	"a89a8c69c81d7c352a135ffe15bad8e53b5fd6a00ebc41017511c04ce5d0ece2"	"line 34"	"FR-006 自动化控制 API > Acceptance Criteria 验收标准"	"非法状态迁移返回明确的 4xx 状态码、JSON 错误码和原因，调用前后的所有运行状态完全一致。"	"非法状态迁移返回明确的 4xx 状态码、JSON 错误码和原因，调用前后的所有运行状态完全一致。"	"97b3a30c691e3514367294a180fec4330468dff4801ae4644b083041b59e210a"	"simulator-interface-or-protocol-behavior-candidate"	"review-planning-source-without-verifiable-approval-chain"	"slots-simulator-test-control-and-modbus-interface"	"needs-simulator-interface-owner-and-explicit-approval"	"document-route:R10-candidate; unit-kind:markdown-flow-or-list-item; source-document-class:SIM-REQ; ledger-history:H-AI; see R10 Git history, derivation and status-correction groups"	"none-found-within-r10-pass"	"not-approved"	"simulator-interface-owner;complete-versioned-interface-or-protocol-contract;named-approver;approval-date;approved-scope;version-or-sha256-binding"
"R10-A0284"	"R10"	"R10-09"	"slots-simulator/docs/01-requirements/fr-006-automation-control-api.md"	"a89a8c69c81d7c352a135ffe15bad8e53b5fd6a00ebc41017511c04ce5d0ece2"	"line 35"	"FR-006 自动化控制 API > Acceptance Criteria 验收标准"	"可指定某个 IO 模块注入""主动断开 Modbus TCP 连接""或""保持连接但不响应""故障，并可按模块清除；"	"可指定某个 IO 模块注入""主动断开 Modbus TCP 连接""或""保持连接但不响应""故障，并可按模块清除；未指定模块不受影响。"	"0fb74650d702b544f5568fcc4575dc1365b8ae606a229a6067765c539a8e9496"	"simulator-interface-or-protocol-behavior-candidate"	"review-planning-source-without-verifiable-approval-chain"	"slots-simulator-test-control-and-modbus-interface"	"needs-simulator-interface-owner-and-explicit-approval"	"document-route:R10-candidate; unit-kind:markdown-flow-or-list-item; source-document-class:SIM-REQ; ledger-history:H-AI; see R10 Git history, derivation and status-correction groups"	"GAP-R10-001"	"not-approved"	"simulator-interface-owner;complete-versioned-interface-or-protocol-contract;named-approver;approval-date;approved-scope;version-or-sha256-binding"
"R10-A0285"	"R10"	"R10-09"	"slots-simulator/docs/01-requirements/fr-006-automation-control-api.md"	"a89a8c69c81d7c352a135ffe15bad8e53b5fd6a00ebc41017511c04ce5d0ece2"	"line 35"	"FR-006 自动化控制 API > Acceptance Criteria 验收标准"	"未指定模块不受影响。"	"可指定某个 IO 模块注入""主动断开 Modbus TCP 连接""或""保持连接但不响应""故障，并可按模块清除；未指定模块不受影响。"	"833bb7bb29d74b18a2629b5898a63684a306e407e6c0763817d818443640968a"	"simulator-capability-or-scope-candidate"	"review-planning-source-without-verifiable-approval-chain"	"slots-simulator-development-test-tool-only"	"needs-simulator-product-owner-and-explicit-approval"	"document-route:R10-candidate; unit-kind:markdown-flow-or-list-item; source-document-class:SIM-REQ; ledger-history:H-AI; see R10 Git history, derivation and status-correction groups"	"none-found-within-r10-pass"	"not-approved"	"simulator-product-owner;approved-tool-scope-source;named-approver;approval-date;approved-scope;version-or-sha256-binding"
"R10-A0286"	"R10"	"R10-09"	"slots-simulator/docs/01-requirements/fr-006-automation-control-api.md"	"a89a8c69c81d7c352a135ffe15bad8e53b5fd6a00ebc41017511c04ce5d0ece2"	"line 36"	"FR-006 自动化控制 API > Acceptance Criteria 验收标准"	"同一仓位的并发动作按接收顺序串行执行；"	"同一仓位的并发动作按接收顺序串行执行；不同仓位的动作可并行执行，不以全局锁相互阻塞。"	"c5551f730de537b1620eb40a82a1e8a68da72039fe86aa6fde41d5cbea987093"	"simulator-testability-or-operability-candidate"	"review-planning-source-without-verifiable-approval-chain"	"slots-simulator-development-test-tool-only"	"needs-simulator-product-owner-and-explicit-approval"	"document-route:R10-candidate; unit-kind:markdown-flow-or-list-item; source-document-class:SIM-REQ; ledger-history:H-AI; see R10 Git history, derivation and status-correction groups"	"none-found-within-r10-pass"	"not-approved"	"simulator-product-owner;approved-tool-scope-source;named-approver;approval-date;approved-scope;version-or-sha256-binding"
"R10-A0287"	"R10"	"R10-09"	"slots-simulator/docs/01-requirements/fr-006-automation-control-api.md"	"a89a8c69c81d7c352a135ffe15bad8e53b5fd6a00ebc41017511c04ce5d0ece2"	"line 36"	"FR-006 自动化控制 API > Acceptance Criteria 验收标准"	"不同仓位的动作可并行执行，不以全局锁相互阻塞。"	"同一仓位的并发动作按接收顺序串行执行；不同仓位的动作可并行执行，不以全局锁相互阻塞。"	"05733e790c9b4f8693a7ff2259265bf585acd800daecdcbe4714aade89e7ce4d"	"embedded-simulator-technical-design-choice"	"review-planning-source-without-verifiable-approval-chain"	"slots-simulator-development-test-tool-only"	"exclude-from-requirement-approval"	"document-route:R10-candidate; unit-kind:markdown-flow-or-list-item; source-document-class:SIM-REQ; ledger-history:H-AI; see R10 Git history, derivation and status-correction groups"	"none-found-within-r10-pass"	"not-approved"	"separate-technical-design-review;approved-simulator-behavior-source-if-mechanism-is-mandatory;named-approver;approval-date;approved-scope;version-or-sha256-binding"
"R10-A0288"	"R10"	"R10-09"	"slots-simulator/docs/01-requirements/fr-006-automation-control-api.md"	"a89a8c69c81d7c352a135ffe15bad8e53b5fd6a00ebc41017511c04ce5d0ece2"	"line 37"	"FR-006 自动化控制 API > Acceptance Criteria 验收标准"	"开发可以不依赖 GUI（[[fr-007-wpf-visualization-panel|FR-007]]），仅通过脚本/代码调用控制 API 完整跑通一个 UC-001 正常流程 + 若干异常分支的测试序列。"	"开发可以不依赖 GUI（[[fr-007-wpf-visualization-panel|FR-007]]），仅通过脚本/代码调用控制 API 完整跑通一个 UC-001 正常流程 + 若干异常分支的测试序列。"	"83529ee07ebad2a1d7b40ae7cb69461e6637210e29457b771717b96805420a35"	"embedded-simulator-technical-design-choice"	"review-planning-source-without-verifiable-approval-chain"	"slots-simulator-development-test-tool-only"	"exclude-from-requirement-approval"	"document-route:R10-candidate; unit-kind:markdown-flow-or-list-item; source-document-class:SIM-REQ; ledger-history:H-AI; see R10 Git history, derivation and status-correction groups"	"BOUND-R10-001"	"not-approved"	"separate-technical-design-review;approved-simulator-behavior-source-if-mechanism-is-mandatory;named-approver;approval-date;approved-scope;version-or-sha256-binding"
"R10-A0289"	"R10"	"R10-09"	"slots-simulator/docs/01-requirements/fr-006-automation-control-api.md"	"a89a8c69c81d7c352a135ffe15bad8e53b5fd6a00ebc41017511c04ce5d0ece2"	"line 38"	"FR-006 自动化控制 API > Acceptance Criteria 验收标准"	"控制 API（及复用它的 WPF 面板）可用于开发手动核对 IO 点位映射配置的正确性：通过 Modbus 下发某仓位开锁 DO 后观察对应锁状态 DI，或通过 API 触发某仓位光幕遮挡并观察软件侧读取到的点位编号，等价于根目录 [UC-018 IO 点位映射表核对测试](../../../requirement-documents/03-use-cases/uc-018-io-point-mapping-verification-test.md) 的核对方式，不需要另外开发专门的核对工具。"	"控制 API（及复用它的 WPF 面板）可用于开发手动核对 IO 点位映射配置的正确性：通过 Modbus 下发某仓位开锁 DO 后观察对应锁状态 DI，或通过 API 触发某仓位光幕遮挡并观察软件侧读取到的点位编号，等价于根目录 [UC-018 IO 点位映射表核对测试](../../../requirement-documents/03-use-cases/uc-018-io-point-mapping-verification-test.md) 的核对方式，不需要另外开发专门的核对工具。"	"47d8a451dabb0bf35c5968e69afa86238f757fbdb8c333018088e43f8c1f4000"	"embedded-simulator-technical-design-choice"	"review-planning-source-without-verifiable-approval-chain"	"slots-simulator-development-test-tool-only"	"exclude-from-requirement-approval"	"document-route:R10-candidate; unit-kind:markdown-flow-or-list-item; source-document-class:SIM-REQ; ledger-history:H-AI; see R10 Git history, derivation and status-correction groups"	"BOUND-R10-001,EVID-R10-001,CF-R10-001,GAP-R10-001"	"not-approved"	"separate-technical-design-review;approved-simulator-behavior-source-if-mechanism-is-mandatory;named-approver;approval-date;approved-scope;version-or-sha256-binding"
"R10-A0290"	"R10"	"R10-09"	"slots-simulator/docs/01-requirements/fr-006-automation-control-api.md"	"a89a8c69c81d7c352a135ffe15bad8e53b5fd6a00ebc41017511c04ce5d0ece2"	"line 42"	"FR-006 自动化控制 API > Related Use Case 关联用例"	"服务于 UC-001、UC-002、UC-005、UC-006、UC-010 的自动化验证；"	"服务于 UC-001、UC-002、UC-005、UC-006、UC-010 的自动化验证；其中 UC-002/UC-006 使用批量光幕与一键全空闲构造前置条件。根目录 [UC-018 IO 点位映射表核对测试](../../../requirement-documents/03-use-cases/uc-018-io-point-mapping-verification-test.md) 可直接使用本 API/WPF 面板完成核对。"	"b1d19dad2e1e4fd3cf4763fe13d4fb06799d72ce1d5e5972fd628514a3d8c97e"	"source-origin-background-or-traceability-evidence"	"review-planning-source-without-verifiable-approval-chain"	"slots-simulator-development-test-tool-only"	"source-or-traceability-evidence-only"	"document-route:R10-candidate; unit-kind:markdown-paragraph; source-document-class:SIM-REQ; ledger-history:H-AI; see R10 Git history, derivation and status-correction groups"	"BOUND-R10-001"	"not-approved"	"evidence-only-not-an-approval-unit;named-approver;approval-date;approved-scope;version-or-sha256-binding"
"R10-A0291"	"R10"	"R10-09"	"slots-simulator/docs/01-requirements/fr-006-automation-control-api.md"	"a89a8c69c81d7c352a135ffe15bad8e53b5fd6a00ebc41017511c04ce5d0ece2"	"line 42"	"FR-006 自动化控制 API > Related Use Case 关联用例"	"其中 UC-002/UC-006 使用批量光幕与一键全空闲构造前置条件。"	"服务于 UC-001、UC-002、UC-005、UC-006、UC-010 的自动化验证；其中 UC-002/UC-006 使用批量光幕与一键全空闲构造前置条件。根目录 [UC-018 IO 点位映射表核对测试](../../../requirement-documents/03-use-cases/uc-018-io-point-mapping-verification-test.md) 可直接使用本 API/WPF 面板完成核对。"	"45e995a5309030d4d8834cf6e2cd6033a2e96d564efceac689de28000a0ee766"	"source-origin-background-or-traceability-evidence"	"review-planning-source-without-verifiable-approval-chain"	"slots-simulator-development-test-tool-only"	"source-or-traceability-evidence-only"	"document-route:R10-candidate; unit-kind:markdown-paragraph; source-document-class:SIM-REQ; ledger-history:H-AI; see R10 Git history, derivation and status-correction groups"	"BOUND-R10-001"	"not-approved"	"evidence-only-not-an-approval-unit;named-approver;approval-date;approved-scope;version-or-sha256-binding"
"R10-A0292"	"R10"	"R10-09"	"slots-simulator/docs/01-requirements/fr-006-automation-control-api.md"	"a89a8c69c81d7c352a135ffe15bad8e53b5fd6a00ebc41017511c04ce5d0ece2"	"line 42"	"FR-006 自动化控制 API > Related Use Case 关联用例"	"根目录 [UC-018 IO 点位映射表核对测试](../../../requirement-documents/03-use-cases/uc-018-io-point-mapping-verification-test.md) 可直接使用本 API/WPF 面板完成核对。"	"服务于 UC-001、UC-002、UC-005、UC-006、UC-010 的自动化验证；其中 UC-002/UC-006 使用批量光幕与一键全空闲构造前置条件。根目录 [UC-018 IO 点位映射表核对测试](../../../requirement-documents/03-use-cases/uc-018-io-point-mapping-verification-test.md) 可直接使用本 API/WPF 面板完成核对。"	"ded763533cc645376da7583eee43c1d8186c9c65742d2eb143c571b6ee7115cc"	"source-origin-background-or-traceability-evidence"	"review-planning-source-without-verifiable-approval-chain"	"slots-simulator-development-test-tool-only"	"source-or-traceability-evidence-only"	"document-route:R10-candidate; unit-kind:markdown-paragraph; source-document-class:SIM-REQ; ledger-history:H-AI; see R10 Git history, derivation and status-correction groups"	"BOUND-R10-001"	"not-approved"	"evidence-only-not-an-approval-unit;named-approver;approval-date;approved-scope;version-or-sha256-binding"
"R10-A0293"	"R10"	"R10-09"	"slots-simulator/docs/01-requirements/fr-006-automation-control-api.md"	"a89a8c69c81d7c352a135ffe15bad8e53b5fd6a00ebc41017511c04ce5d0ece2"	"line 46"	"FR-006 自动化控制 API > Verification 验证方式"	"**TC-FR-006-001（待建立）**：Given 服务按默认配置启动；"	"**TC-FR-006-001（待建立）**：Given 服务按默认配置启动；When 从本机调用 HTTP/JSON 状态接口并从非本机地址尝试连接；Then 本机请求可达，非本机请求不可达，且 API 清单中不存在开锁或开门接口。"	"9ee1e8f5fe18796317e824a12eee26372fe7a1dd7482be309c9cce73a0a47b1f"	"reserved-verification-plan-evidence"	"review-planning-source-without-verifiable-approval-chain"	"slots-simulator-development-test-tool-only"	"test-plan-evidence-only"	"document-route:R10-candidate; unit-kind:markdown-flow-or-list-item; source-document-class:SIM-REQ; ledger-history:H-AI; see R10 Git history, derivation and status-correction groups"	"none-found-within-r10-pass"	"not-approved"	"evidence-only-not-an-approval-unit;named-approver;approval-date;approved-scope;version-or-sha256-binding"
"R10-A0294"	"R10"	"R10-09"	"slots-simulator/docs/01-requirements/fr-006-automation-control-api.md"	"a89a8c69c81d7c352a135ffe15bad8e53b5fd6a00ebc41017511c04ce5d0ece2"	"line 46"	"FR-006 自动化控制 API > Verification 验证方式"	"When 从本机调用 HTTP/JSON 状态接口并从非本机地址尝试连接；"	"**TC-FR-006-001（待建立）**：Given 服务按默认配置启动；When 从本机调用 HTTP/JSON 状态接口并从非本机地址尝试连接；Then 本机请求可达，非本机请求不可达，且 API 清单中不存在开锁或开门接口。"	"15a2c6572f24535ea9567e3aee6361f8f5e384516253736ed3ca58b0189794a7"	"reserved-verification-plan-evidence"	"review-planning-source-without-verifiable-approval-chain"	"slots-simulator-development-test-tool-only"	"test-plan-evidence-only"	"document-route:R10-candidate; unit-kind:markdown-flow-or-list-item; source-document-class:SIM-REQ; ledger-history:H-AI; see R10 Git history, derivation and status-correction groups"	"GAP-R10-001"	"not-approved"	"evidence-only-not-an-approval-unit;named-approver;approval-date;approved-scope;version-or-sha256-binding"
"R10-A0295"	"R10"	"R10-09"	"slots-simulator/docs/01-requirements/fr-006-automation-control-api.md"	"a89a8c69c81d7c352a135ffe15bad8e53b5fd6a00ebc41017511c04ce5d0ece2"	"line 46"	"FR-006 自动化控制 API > Verification 验证方式"	"Then 本机请求可达，非本机请求不可达，且 API 清单中不存在开锁或开门接口。"	"**TC-FR-006-001（待建立）**：Given 服务按默认配置启动；When 从本机调用 HTTP/JSON 状态接口并从非本机地址尝试连接；Then 本机请求可达，非本机请求不可达，且 API 清单中不存在开锁或开门接口。"	"eb1d3139580d80087b6be2dd7a6f5dbcd7bb99255a95ca2b146b9420b7780a53"	"reserved-verification-plan-evidence"	"review-planning-source-without-verifiable-approval-chain"	"slots-simulator-development-test-tool-only"	"test-plan-evidence-only"	"document-route:R10-candidate; unit-kind:markdown-flow-or-list-item; source-document-class:SIM-REQ; ledger-history:H-AI; see R10 Git history, derivation and status-correction groups"	"none-found-within-r10-pass"	"not-approved"	"evidence-only-not-an-approval-unit;named-approver;approval-date;approved-scope;version-or-sha256-binding"
"R10-A0296"	"R10"	"R10-09"	"slots-simulator/docs/01-requirements/fr-006-automation-control-api.md"	"a89a8c69c81d7c352a135ffe15bad8e53b5fd6a00ebc41017511c04ce5d0ece2"	"line 47"	"FR-006 自动化控制 API > Verification 验证方式"	"**TC-FR-006-002（待建立）**：Given 仓位未满足放料前置条件并记录其全部运行状态；"	"**TC-FR-006-002（待建立）**：Given 仓位未满足放料前置条件并记录其全部运行状态；When 调用放料接口；Then 返回明确的 4xx、JSON 错误码与原因，且状态、DI/DO、故障和计时器与调用前一致。"	"cbdeb4891ba80274367ca6a00025de4020d919f47dde816e01a0fa15cb5f35ed"	"reserved-verification-plan-evidence"	"review-planning-source-without-verifiable-approval-chain"	"slots-simulator-development-test-tool-only"	"test-plan-evidence-only"	"document-route:R10-candidate; unit-kind:markdown-flow-or-list-item; source-document-class:SIM-REQ; ledger-history:H-AI; see R10 Git history, derivation and status-correction groups"	"none-found-within-r10-pass"	"not-approved"	"evidence-only-not-an-approval-unit;named-approver;approval-date;approved-scope;version-or-sha256-binding"
"R10-A0297"	"R10"	"R10-09"	"slots-simulator/docs/01-requirements/fr-006-automation-control-api.md"	"a89a8c69c81d7c352a135ffe15bad8e53b5fd6a00ebc41017511c04ce5d0ece2"	"line 47"	"FR-006 自动化控制 API > Verification 验证方式"	"When 调用放料接口；"	"**TC-FR-006-002（待建立）**：Given 仓位未满足放料前置条件并记录其全部运行状态；When 调用放料接口；Then 返回明确的 4xx、JSON 错误码与原因，且状态、DI/DO、故障和计时器与调用前一致。"	"d593ea98ccb8efea9d83614e34df8cd6cd3a3f34dd0e26dbcd4dfb2cde0667a6"	"reserved-verification-plan-evidence"	"review-planning-source-without-verifiable-approval-chain"	"slots-simulator-development-test-tool-only"	"test-plan-evidence-only"	"document-route:R10-candidate; unit-kind:markdown-flow-or-list-item; source-document-class:SIM-REQ; ledger-history:H-AI; see R10 Git history, derivation and status-correction groups"	"none-found-within-r10-pass"	"not-approved"	"evidence-only-not-an-approval-unit;named-approver;approval-date;approved-scope;version-or-sha256-binding"
"R10-A0298"	"R10"	"R10-09"	"slots-simulator/docs/01-requirements/fr-006-automation-control-api.md"	"a89a8c69c81d7c352a135ffe15bad8e53b5fd6a00ebc41017511c04ce5d0ece2"	"line 47"	"FR-006 自动化控制 API > Verification 验证方式"	"Then 返回明确的 4xx、JSON 错误码与原因，且状态、DI/DO、故障和计时器与调用前一致。"	"**TC-FR-006-002（待建立）**：Given 仓位未满足放料前置条件并记录其全部运行状态；When 调用放料接口；Then 返回明确的 4xx、JSON 错误码与原因，且状态、DI/DO、故障和计时器与调用前一致。"	"548e3c80d308fdb0dc980348f23ec5519b6165321066d9dbbab4b30d17e9bfef"	"reserved-verification-plan-evidence"	"review-planning-source-without-verifiable-approval-chain"	"slots-simulator-development-test-tool-only"	"test-plan-evidence-only"	"document-route:R10-candidate; unit-kind:markdown-flow-or-list-item; source-document-class:SIM-REQ; ledger-history:H-AI; see R10 Git history, derivation and status-correction groups"	"none-found-within-r10-pass"	"not-approved"	"evidence-only-not-an-approval-unit;named-approver;approval-date;approved-scope;version-or-sha256-binding"
"R10-A0299"	"R10"	"R10-09"	"slots-simulator/docs/01-requirements/fr-006-automation-control-api.md"	"a89a8c69c81d7c352a135ffe15bad8e53b5fd6a00ebc41017511c04ce5d0ece2"	"line 48"	"FR-006 自动化控制 API > Verification 验证方式"	"**TC-FR-006-003（待建立）**：Given 多个仓位的光幕状态不同；"	"**TC-FR-006-003（待建立）**：Given 多个仓位的光幕状态不同；When 批量设置各仓位遮挡值后调用一键全空闲；Then 批量设置逐仓位生效，随后全部光幕 DI 为无遮挡且全部仓位推导为空闲。"	"d310c9bf373e07b607e64a2f6ac88b4566a45599c676840c8eb9ca2b2fa767b3"	"reserved-verification-plan-evidence"	"review-planning-source-without-verifiable-approval-chain"	"slots-simulator-development-test-tool-only"	"test-plan-evidence-only"	"document-route:R10-candidate; unit-kind:markdown-flow-or-list-item; source-document-class:SIM-REQ; ledger-history:H-AI; see R10 Git history, derivation and status-correction groups"	"none-found-within-r10-pass"	"not-approved"	"evidence-only-not-an-approval-unit;named-approver;approval-date;approved-scope;version-or-sha256-binding"
"R10-A0300"	"R10"	"R10-09"	"slots-simulator/docs/01-requirements/fr-006-automation-control-api.md"	"a89a8c69c81d7c352a135ffe15bad8e53b5fd6a00ebc41017511c04ce5d0ece2"	"line 48"	"FR-006 自动化控制 API > Verification 验证方式"	"When 批量设置各仓位遮挡值后调用一键全空闲；"	"**TC-FR-006-003（待建立）**：Given 多个仓位的光幕状态不同；When 批量设置各仓位遮挡值后调用一键全空闲；Then 批量设置逐仓位生效，随后全部光幕 DI 为无遮挡且全部仓位推导为空闲。"	"08b988291cfde40f8a55284835c75302ef150ab6952e4babdb3ea32610c1ea44"	"reserved-verification-plan-evidence"	"review-planning-source-without-verifiable-approval-chain"	"slots-simulator-development-test-tool-only"	"test-plan-evidence-only"	"document-route:R10-candidate; unit-kind:markdown-flow-or-list-item; source-document-class:SIM-REQ; ledger-history:H-AI; see R10 Git history, derivation and status-correction groups"	"none-found-within-r10-pass"	"not-approved"	"evidence-only-not-an-approval-unit;named-approver;approval-date;approved-scope;version-or-sha256-binding"
"R10-A0301"	"R10"	"R10-09"	"slots-simulator/docs/01-requirements/fr-006-automation-control-api.md"	"a89a8c69c81d7c352a135ffe15bad8e53b5fd6a00ebc41017511c04ce5d0ece2"	"line 48"	"FR-006 自动化控制 API > Verification 验证方式"	"Then 批量设置逐仓位生效，随后全部光幕 DI 为无遮挡且全部仓位推导为空闲。"	"**TC-FR-006-003（待建立）**：Given 多个仓位的光幕状态不同；When 批量设置各仓位遮挡值后调用一键全空闲；Then 批量设置逐仓位生效，随后全部光幕 DI 为无遮挡且全部仓位推导为空闲。"	"404b8ed4a01003f5244501d21bb372bfb0f22087823378b5e405efacaf82df9f"	"reserved-verification-plan-evidence"	"review-planning-source-without-verifiable-approval-chain"	"slots-simulator-development-test-tool-only"	"test-plan-evidence-only"	"document-route:R10-candidate; unit-kind:markdown-flow-or-list-item; source-document-class:SIM-REQ; ledger-history:H-AI; see R10 Git history, derivation and status-correction groups"	"EVID-R10-001"	"not-approved"	"evidence-only-not-an-approval-unit;named-approver;approval-date;approved-scope;version-or-sha256-binding"
"R10-A0302"	"R10"	"R10-09"	"slots-simulator/docs/01-requirements/fr-006-automation-control-api.md"	"a89a8c69c81d7c352a135ffe15bad8e53b5fd6a00ebc41017511c04ce5d0ece2"	"line 49"	"FR-006 自动化控制 API > Verification 验证方式"	"**TC-FR-006-004（待建立）**：Given 实例配置两个 IO 模块且均有客户端连接；"	"**TC-FR-006-004（待建立）**：Given 实例配置两个 IO 模块且均有客户端连接；When 对模块 A 注入不响应、清除后再注入主动断连；Then 两种故障分别生效且均可清除，模块 B 全程正常响应。"	"78db5291c462f6bffd184c86e47bec21970408fc401f9fa000ece4c226a27adb"	"reserved-verification-plan-evidence"	"review-planning-source-without-verifiable-approval-chain"	"slots-simulator-development-test-tool-only"	"test-plan-evidence-only"	"document-route:R10-candidate; unit-kind:markdown-flow-or-list-item; source-document-class:SIM-REQ; ledger-history:H-AI; see R10 Git history, derivation and status-correction groups"	"none-found-within-r10-pass"	"not-approved"	"evidence-only-not-an-approval-unit;named-approver;approval-date;approved-scope;version-or-sha256-binding"
"R10-A0303"	"R10"	"R10-09"	"slots-simulator/docs/01-requirements/fr-006-automation-control-api.md"	"a89a8c69c81d7c352a135ffe15bad8e53b5fd6a00ebc41017511c04ce5d0ece2"	"line 49"	"FR-006 自动化控制 API > Verification 验证方式"	"When 对模块 A 注入不响应、清除后再注入主动断连；"	"**TC-FR-006-004（待建立）**：Given 实例配置两个 IO 模块且均有客户端连接；When 对模块 A 注入不响应、清除后再注入主动断连；Then 两种故障分别生效且均可清除，模块 B 全程正常响应。"	"0740722a8a52be67056afa2d59390c6df63e5c7c19e3125d642091b46800ab2a"	"reserved-verification-plan-evidence"	"review-planning-source-without-verifiable-approval-chain"	"slots-simulator-development-test-tool-only"	"test-plan-evidence-only"	"document-route:R10-candidate; unit-kind:markdown-flow-or-list-item; source-document-class:SIM-REQ; ledger-history:H-AI; see R10 Git history, derivation and status-correction groups"	"none-found-within-r10-pass"	"not-approved"	"evidence-only-not-an-approval-unit;named-approver;approval-date;approved-scope;version-or-sha256-binding"
"R10-A0304"	"R10"	"R10-09"	"slots-simulator/docs/01-requirements/fr-006-automation-control-api.md"	"a89a8c69c81d7c352a135ffe15bad8e53b5fd6a00ebc41017511c04ce5d0ece2"	"line 49"	"FR-006 自动化控制 API > Verification 验证方式"	"Then 两种故障分别生效且均可清除，模块 B 全程正常响应。"	"**TC-FR-006-004（待建立）**：Given 实例配置两个 IO 模块且均有客户端连接；When 对模块 A 注入不响应、清除后再注入主动断连；Then 两种故障分别生效且均可清除，模块 B 全程正常响应。"	"a5be1a3ae39c4132a5c5d037f0ff916d9fb0994694aa31eb1e37fc4ac6484ace"	"reserved-verification-plan-evidence"	"review-planning-source-without-verifiable-approval-chain"	"slots-simulator-development-test-tool-only"	"test-plan-evidence-only"	"document-route:R10-candidate; unit-kind:markdown-flow-or-list-item; source-document-class:SIM-REQ; ledger-history:H-AI; see R10 Git history, derivation and status-correction groups"	"none-found-within-r10-pass"	"not-approved"	"evidence-only-not-an-approval-unit;named-approver;approval-date;approved-scope;version-or-sha256-binding"
"R10-A0305"	"R10"	"R10-09"	"slots-simulator/docs/01-requirements/fr-006-automation-control-api.md"	"a89a8c69c81d7c352a135ffe15bad8e53b5fd6a00ebc41017511c04ce5d0ece2"	"line 50"	"FR-006 自动化控制 API > Verification 验证方式"	"**TC-FR-006-005（待建立）**：Given 仓位 A、B 均可执行动作；"	"**TC-FR-006-005（待建立）**：Given 仓位 A、B 均可执行动作；When 同时向 A 提交两个动作并向 B 提交一个动作；Then A 的两个动作按接收顺序串行，B 可与 A 并行完成。"	"7c43dfd378f9af5f7859e8d345e6b209cc740db4292aa50cb5374a7d03308e57"	"reserved-verification-plan-evidence"	"review-planning-source-without-verifiable-approval-chain"	"slots-simulator-development-test-tool-only"	"test-plan-evidence-only"	"document-route:R10-candidate; unit-kind:markdown-flow-or-list-item; source-document-class:SIM-REQ; ledger-history:H-AI; see R10 Git history, derivation and status-correction groups"	"none-found-within-r10-pass"	"not-approved"	"evidence-only-not-an-approval-unit;named-approver;approval-date;approved-scope;version-or-sha256-binding"
"R10-A0306"	"R10"	"R10-09"	"slots-simulator/docs/01-requirements/fr-006-automation-control-api.md"	"a89a8c69c81d7c352a135ffe15bad8e53b5fd6a00ebc41017511c04ce5d0ece2"	"line 50"	"FR-006 自动化控制 API > Verification 验证方式"	"When 同时向 A 提交两个动作并向 B 提交一个动作；"	"**TC-FR-006-005（待建立）**：Given 仓位 A、B 均可执行动作；When 同时向 A 提交两个动作并向 B 提交一个动作；Then A 的两个动作按接收顺序串行，B 可与 A 并行完成。"	"53f1bcb57701d1a3a4d0704959dfd7517cf2ee19517da866f1bfa5d50dc64aa4"	"reserved-verification-plan-evidence"	"review-planning-source-without-verifiable-approval-chain"	"slots-simulator-development-test-tool-only"	"test-plan-evidence-only"	"document-route:R10-candidate; unit-kind:markdown-flow-or-list-item; source-document-class:SIM-REQ; ledger-history:H-AI; see R10 Git history, derivation and status-correction groups"	"none-found-within-r10-pass"	"not-approved"	"evidence-only-not-an-approval-unit;named-approver;approval-date;approved-scope;version-or-sha256-binding"
"R10-A0307"	"R10"	"R10-09"	"slots-simulator/docs/01-requirements/fr-006-automation-control-api.md"	"a89a8c69c81d7c352a135ffe15bad8e53b5fd6a00ebc41017511c04ce5d0ece2"	"line 50"	"FR-006 自动化控制 API > Verification 验证方式"	"Then A 的两个动作按接收顺序串行，B 可与 A 并行完成。"	"**TC-FR-006-005（待建立）**：Given 仓位 A、B 均可执行动作；When 同时向 A 提交两个动作并向 B 提交一个动作；Then A 的两个动作按接收顺序串行，B 可与 A 并行完成。"	"440e6f7f1c8e4757a4bbd3401b363ab163fe68872a906b5687325652b934bb61"	"reserved-verification-plan-evidence"	"review-planning-source-without-verifiable-approval-chain"	"slots-simulator-development-test-tool-only"	"test-plan-evidence-only"	"document-route:R10-candidate; unit-kind:markdown-flow-or-list-item; source-document-class:SIM-REQ; ledger-history:H-AI; see R10 Git history, derivation and status-correction groups"	"none-found-within-r10-pass"	"not-approved"	"evidence-only-not-an-approval-unit;named-approver;approval-date;approved-scope;version-or-sha256-binding"
"R10-A0308"	"R10"	"R10-10"	"slots-simulator/docs/01-requirements/fr-007-wpf-visualization-panel.md"	"030d837ad80252e73cf1cbaba92ceed9ad3296d591d5597baa8b2b249e9d3463"	"line 18"	"FR-007 WPF 可视化面板 > Description 需求描述"	"提供图形界面，展示每个仓位当前的锁/门/光幕状态和由光幕 DI 实时推导的占用状态，并提供关门、放料、取出、批量设置光幕遮挡、一键全空闲及故障注入/清除入口，复用 [[fr-006-automation-control-api|FR-006]]。"	"提供图形界面，展示每个仓位当前的锁/门/光幕状态和由光幕 DI 实时推导的占用状态，并提供关门、放料、取出、批量设置光幕遮挡、一键全空闲及故障注入/清除入口，复用 [[fr-006-automation-control-api|FR-006]]。界面不提供开锁或开门入口；开锁只允许通过 Modbus DO，成功后弹簧自动弹门。"	"bb063083017a39f8ff3000969bf1727983e6b5b0ff663977a54c664649ab9b0b"	"simulator-testability-or-operability-candidate"	"review-planning-source-without-verifiable-approval-chain"	"slots-simulator-development-test-tool-only"	"needs-simulator-product-owner-and-explicit-approval"	"document-route:R10-candidate; unit-kind:markdown-paragraph; source-document-class:SIM-REQ; ledger-history:H-AI; see R10 Git history, derivation and status-correction groups"	"EVID-R10-001"	"not-approved"	"simulator-product-owner;approved-tool-scope-source;named-approver;approval-date;approved-scope;version-or-sha256-binding"
"R10-A0309"	"R10"	"R10-10"	"slots-simulator/docs/01-requirements/fr-007-wpf-visualization-panel.md"	"030d837ad80252e73cf1cbaba92ceed9ad3296d591d5597baa8b2b249e9d3463"	"line 18"	"FR-007 WPF 可视化面板 > Description 需求描述"	"界面不提供开锁或开门入口；"	"提供图形界面，展示每个仓位当前的锁/门/光幕状态和由光幕 DI 实时推导的占用状态，并提供关门、放料、取出、批量设置光幕遮挡、一键全空闲及故障注入/清除入口，复用 [[fr-006-automation-control-api|FR-006]]。界面不提供开锁或开门入口；开锁只允许通过 Modbus DO，成功后弹簧自动弹门。"	"44a70858c1db5d12fbc0ca98017080df3a5e9a15e3314d776e8562a73df95b13"	"simulator-operator-ui-behavior-candidate"	"review-planning-source-without-verifiable-approval-chain"	"slots-simulator-internal-developer-ui"	"needs-simulator-product-owner-and-explicit-approval"	"document-route:R10-candidate; unit-kind:markdown-paragraph; source-document-class:SIM-REQ; ledger-history:H-AI; see R10 Git history, derivation and status-correction groups"	"none-found-within-r10-pass"	"not-approved"	"simulator-product-owner;approved-tool-scope-source;named-approver;approval-date;approved-scope;version-or-sha256-binding"
"R10-A0310"	"R10"	"R10-10"	"slots-simulator/docs/01-requirements/fr-007-wpf-visualization-panel.md"	"030d837ad80252e73cf1cbaba92ceed9ad3296d591d5597baa8b2b249e9d3463"	"line 18"	"FR-007 WPF 可视化面板 > Description 需求描述"	"开锁只允许通过 Modbus DO，成功后弹簧自动弹门。"	"提供图形界面，展示每个仓位当前的锁/门/光幕状态和由光幕 DI 实时推导的占用状态，并提供关门、放料、取出、批量设置光幕遮挡、一键全空闲及故障注入/清除入口，复用 [[fr-006-automation-control-api|FR-006]]。界面不提供开锁或开门入口；开锁只允许通过 Modbus DO，成功后弹簧自动弹门。"	"f4551ba23ecf28c2b022465139f2e181bd84171236605eae7a2a6ff5f82fc96f"	"embedded-main-system-or-field-claim"	"review-planning-source-without-verifiable-approval-chain"	"8005-main-system-or-field-evidence-lead-not-simulator-approval"	"main-system-or-field-lead-evidence-only"	"document-route:R10-candidate; unit-kind:markdown-paragraph; source-document-class:SIM-REQ; ledger-history:H-AI; see R10 Git history, derivation and status-correction groups"	"EVID-R10-001,GAP-R10-001"	"not-approved"	"authoritative-main-system-source;do-not-reverse-infer-from-simulator-planning;named-approver;approval-date;approved-scope;version-or-sha256-binding"
"R10-A0311"	"R10"	"R10-10"	"slots-simulator/docs/01-requirements/fr-007-wpf-visualization-panel.md"	"030d837ad80252e73cf1cbaba92ceed9ad3296d591d5597baa8b2b249e9d3463"	"line 20"	"FR-007 WPF 可视化面板 > Description 需求描述"	"面板按 [[fr-011-configurable-slot-layout|FR-011]] 定义的版面布局渲染（分面统一基础网格，非从上到下的单列列表）。"	"面板按 [[fr-011-configurable-slot-layout|FR-011]] 定义的版面布局渲染（分面统一基础网格，非从上到下的单列列表）。仓位可以按 `rowSpan`/`columnSpan` 连续跨越多个基础格，但无论跨格数量多少都只显示一个状态卡片并填满对应矩形区域；各面并排同时展示，不提供切换视图。"	"c363c6fc181fd3cc27896cc1c6c72300f6a22c3be9ca63a6b956bcc29d4fe32a"	"simulator-operator-ui-behavior-candidate"	"review-planning-source-without-verifiable-approval-chain"	"slots-simulator-internal-developer-ui"	"needs-simulator-product-owner-and-explicit-approval"	"document-route:R10-candidate; unit-kind:markdown-paragraph; source-document-class:SIM-REQ; ledger-history:H-AI; see R10 Git history, derivation and status-correction groups"	"none-found-within-r10-pass"	"not-approved"	"simulator-product-owner;approved-tool-scope-source;named-approver;approval-date;approved-scope;version-or-sha256-binding"
"R10-A0312"	"R10"	"R10-10"	"slots-simulator/docs/01-requirements/fr-007-wpf-visualization-panel.md"	"030d837ad80252e73cf1cbaba92ceed9ad3296d591d5597baa8b2b249e9d3463"	"line 20"	"FR-007 WPF 可视化面板 > Description 需求描述"	"仓位可以按 `rowSpan`/`columnSpan` 连续跨越多个基础格，但无论跨格数量多少都只显示一个状态卡片并填满对应矩形区域；"	"面板按 [[fr-011-configurable-slot-layout|FR-011]] 定义的版面布局渲染（分面统一基础网格，非从上到下的单列列表）。仓位可以按 `rowSpan`/`columnSpan` 连续跨越多个基础格，但无论跨格数量多少都只显示一个状态卡片并填满对应矩形区域；各面并排同时展示，不提供切换视图。"	"a8e22553003516cdb0942b510d8af5dc3dd197ac3028580d78196e1872d9eb5a"	"simulator-operator-ui-behavior-candidate"	"review-planning-source-without-verifiable-approval-chain"	"slots-simulator-internal-developer-ui"	"needs-simulator-product-owner-and-explicit-approval"	"document-route:R10-candidate; unit-kind:markdown-paragraph; source-document-class:SIM-REQ; ledger-history:H-AI; see R10 Git history, derivation and status-correction groups"	"none-found-within-r10-pass"	"not-approved"	"simulator-product-owner;approved-tool-scope-source;named-approver;approval-date;approved-scope;version-or-sha256-binding"
"R10-A0313"	"R10"	"R10-10"	"slots-simulator/docs/01-requirements/fr-007-wpf-visualization-panel.md"	"030d837ad80252e73cf1cbaba92ceed9ad3296d591d5597baa8b2b249e9d3463"	"line 20"	"FR-007 WPF 可视化面板 > Description 需求描述"	"各面并排同时展示，不提供切换视图。"	"面板按 [[fr-011-configurable-slot-layout|FR-011]] 定义的版面布局渲染（分面统一基础网格，非从上到下的单列列表）。仓位可以按 `rowSpan`/`columnSpan` 连续跨越多个基础格，但无论跨格数量多少都只显示一个状态卡片并填满对应矩形区域；各面并排同时展示，不提供切换视图。"	"5c8b3b04d691fe49b0cf4af502d87ab7579316abab6c342499d590a11e6a91b6"	"simulator-operator-ui-behavior-candidate"	"review-planning-source-without-verifiable-approval-chain"	"slots-simulator-internal-developer-ui"	"needs-simulator-product-owner-and-explicit-approval"	"document-route:R10-candidate; unit-kind:markdown-paragraph; source-document-class:SIM-REQ; ledger-history:H-AI; see R10 Git history, derivation and status-correction groups"	"none-found-within-r10-pass"	"not-approved"	"simulator-product-owner;approved-tool-scope-source;named-approver;approval-date;approved-scope;version-or-sha256-binding"
"R10-A0314"	"R10"	"R10-10"	"slots-simulator/docs/01-requirements/fr-007-wpf-visualization-panel.md"	"030d837ad80252e73cf1cbaba92ceed9ad3296d591d5597baa8b2b249e9d3463"	"line 22"	"FR-007 WPF 可视化面板 > Description 需求描述"	"WPF 首期即提供完整配置编辑能力，覆盖仓位布局（含起始行列和跨行/跨列）、仓位与模块/通道映射、IO 模块监听地址/端口、寄存器模板及其可配置默认值等模拟器配置。"	"WPF 首期即提供完整配置编辑能力，覆盖仓位布局（含起始行列和跨行/跨列）、仓位与模块/通道映射、IO 模块监听地址/端口、寄存器模板及其可配置默认值等模拟器配置。编辑时实时校验必填项、类型、范围、跨格越界、任意覆盖区域重叠、映射重复、模板引用和端口冲突。保存采用原子事务：先在临时配置上完成静态校验和热重载预检，只有全部组件可切换时，才原子持久化 JSON 并切换 WPF、控制 API、状态机及全部 Modbus 模块；任一步失败都同时保留原磁盘配置和原运行态，并显示明确错误，不要求重启进程。"	"3aa2a640d083443fac8547866492033cbccb51999c05ac0170745dafdfe46443"	"embedded-simulator-technical-design-choice"	"review-planning-source-without-verifiable-approval-chain"	"slots-simulator-development-test-tool-only"	"exclude-from-requirement-approval"	"document-route:R10-candidate; unit-kind:markdown-paragraph; source-document-class:SIM-REQ; ledger-history:H-AI; see R10 Git history, derivation and status-correction groups"	"GAP-R10-001"	"not-approved"	"separate-technical-design-review;approved-simulator-behavior-source-if-mechanism-is-mandatory;named-approver;approval-date;approved-scope;version-or-sha256-binding"
"R10-A0315"	"R10"	"R10-10"	"slots-simulator/docs/01-requirements/fr-007-wpf-visualization-panel.md"	"030d837ad80252e73cf1cbaba92ceed9ad3296d591d5597baa8b2b249e9d3463"	"line 22"	"FR-007 WPF 可视化面板 > Description 需求描述"	"编辑时实时校验必填项、类型、范围、跨格越界、任意覆盖区域重叠、映射重复、模板引用和端口冲突。"	"WPF 首期即提供完整配置编辑能力，覆盖仓位布局（含起始行列和跨行/跨列）、仓位与模块/通道映射、IO 模块监听地址/端口、寄存器模板及其可配置默认值等模拟器配置。编辑时实时校验必填项、类型、范围、跨格越界、任意覆盖区域重叠、映射重复、模板引用和端口冲突。保存采用原子事务：先在临时配置上完成静态校验和热重载预检，只有全部组件可切换时，才原子持久化 JSON 并切换 WPF、控制 API、状态机及全部 Modbus 模块；任一步失败都同时保留原磁盘配置和原运行态，并显示明确错误，不要求重启进程。"	"cbc4f002af00c35faa5e153487535d611ed3a17c798ed05c84512d09167b605c"	"simulator-configuration-or-validation-candidate"	"review-planning-source-without-verifiable-approval-chain"	"slots-simulator-configuration-layout-and-module-topology"	"needs-simulator-product-owner-and-explicit-approval"	"document-route:R10-candidate; unit-kind:markdown-paragraph; source-document-class:SIM-REQ; ledger-history:H-AI; see R10 Git history, derivation and status-correction groups"	"none-found-within-r10-pass"	"not-approved"	"simulator-product-owner;approved-tool-scope-source;named-approver;approval-date;approved-scope;version-or-sha256-binding"
"R10-A0316"	"R10"	"R10-10"	"slots-simulator/docs/01-requirements/fr-007-wpf-visualization-panel.md"	"030d837ad80252e73cf1cbaba92ceed9ad3296d591d5597baa8b2b249e9d3463"	"line 22"	"FR-007 WPF 可视化面板 > Description 需求描述"	"保存采用原子事务：先在临时配置上完成静态校验和热重载预检，只有全部组件可切换时，才原子持久化 JSON 并切换 WPF、控制 API、状态机及全部 Modbus 模块；"	"WPF 首期即提供完整配置编辑能力，覆盖仓位布局（含起始行列和跨行/跨列）、仓位与模块/通道映射、IO 模块监听地址/端口、寄存器模板及其可配置默认值等模拟器配置。编辑时实时校验必填项、类型、范围、跨格越界、任意覆盖区域重叠、映射重复、模板引用和端口冲突。保存采用原子事务：先在临时配置上完成静态校验和热重载预检，只有全部组件可切换时，才原子持久化 JSON 并切换 WPF、控制 API、状态机及全部 Modbus 模块；任一步失败都同时保留原磁盘配置和原运行态，并显示明确错误，不要求重启进程。"	"6accf0e9bc478cdc5284a3603aeefa0780986a653c80f3ac6915a0c2df87b9b0"	"embedded-simulator-technical-design-choice"	"review-planning-source-without-verifiable-approval-chain"	"slots-simulator-development-test-tool-only"	"exclude-from-requirement-approval"	"document-route:R10-candidate; unit-kind:markdown-paragraph; source-document-class:SIM-REQ; ledger-history:H-AI; see R10 Git history, derivation and status-correction groups"	"GAP-R10-001"	"not-approved"	"separate-technical-design-review;approved-simulator-behavior-source-if-mechanism-is-mandatory;named-approver;approval-date;approved-scope;version-or-sha256-binding"
"R10-A0317"	"R10"	"R10-10"	"slots-simulator/docs/01-requirements/fr-007-wpf-visualization-panel.md"	"030d837ad80252e73cf1cbaba92ceed9ad3296d591d5597baa8b2b249e9d3463"	"line 22"	"FR-007 WPF 可视化面板 > Description 需求描述"	"任一步失败都同时保留原磁盘配置和原运行态，并显示明确错误，不要求重启进程。"	"WPF 首期即提供完整配置编辑能力，覆盖仓位布局（含起始行列和跨行/跨列）、仓位与模块/通道映射、IO 模块监听地址/端口、寄存器模板及其可配置默认值等模拟器配置。编辑时实时校验必填项、类型、范围、跨格越界、任意覆盖区域重叠、映射重复、模板引用和端口冲突。保存采用原子事务：先在临时配置上完成静态校验和热重载预检，只有全部组件可切换时，才原子持久化 JSON 并切换 WPF、控制 API、状态机及全部 Modbus 模块；任一步失败都同时保留原磁盘配置和原运行态，并显示明确错误，不要求重启进程。"	"abd136f948539a9cabcec66547c0d423932a21f8a4fd68d1fba633de1e724033"	"simulator-operator-ui-behavior-candidate"	"review-planning-source-without-verifiable-approval-chain"	"slots-simulator-internal-developer-ui"	"needs-simulator-product-owner-and-explicit-approval"	"document-route:R10-candidate; unit-kind:markdown-paragraph; source-document-class:SIM-REQ; ledger-history:H-AI; see R10 Git history, derivation and status-correction groups"	"none-found-within-r10-pass"	"not-approved"	"simulator-product-owner;approved-tool-scope-source;named-approver;approval-date;approved-scope;version-or-sha256-binding"
"R10-A0318"	"R10"	"R10-10"	"slots-simulator/docs/01-requirements/fr-007-wpf-visualization-panel.md"	"030d837ad80252e73cf1cbaba92ceed9ad3296d591d5597baa8b2b249e9d3463"	"line 26"	"FR-007 WPF 可视化面板 > Origin 需求来源"	"服务于 `../00-vision/vision-and-scope.md` 第 2 节""可视化直观""目标；"	"服务于 `../00-vision/vision-and-scope.md` 第 2 节""可视化直观""目标；技术栈依据 [[dr-001-tech-stack|DR-001]]；使用场景依据 [[dr-006-users-and-automation-style|DR-006]]（仅供开发自测，不面向客户演示）。"	"cd9907a26deaa8fc75bad78d569a0e803f3c748fd7ac8aa10e7af7dd297d91fb"	"source-origin-background-or-traceability-evidence"	"review-planning-source-without-verifiable-approval-chain"	"slots-simulator-development-test-tool-only"	"source-or-traceability-evidence-only"	"document-route:R10-candidate; unit-kind:markdown-paragraph; source-document-class:SIM-REQ; ledger-history:H-AI; see R10 Git history, derivation and status-correction groups"	"none-found-within-r10-pass"	"not-approved"	"evidence-only-not-an-approval-unit;named-approver;approval-date;approved-scope;version-or-sha256-binding"
"R10-A0319"	"R10"	"R10-10"	"slots-simulator/docs/01-requirements/fr-007-wpf-visualization-panel.md"	"030d837ad80252e73cf1cbaba92ceed9ad3296d591d5597baa8b2b249e9d3463"	"line 26"	"FR-007 WPF 可视化面板 > Origin 需求来源"	"技术栈依据 [[dr-001-tech-stack|DR-001]]；"	"服务于 `../00-vision/vision-and-scope.md` 第 2 节""可视化直观""目标；技术栈依据 [[dr-001-tech-stack|DR-001]]；使用场景依据 [[dr-006-users-and-automation-style|DR-006]]（仅供开发自测，不面向客户演示）。"	"b28b4cdf347db9427ebe88d34f75724bde446c68563f458b7bc08d61ee77a471"	"source-origin-background-or-traceability-evidence"	"review-planning-source-without-verifiable-approval-chain"	"slots-simulator-development-test-tool-only"	"source-or-traceability-evidence-only"	"document-route:R10-candidate; unit-kind:markdown-paragraph; source-document-class:SIM-REQ; ledger-history:H-AI; see R10 Git history, derivation and status-correction groups"	"none-found-within-r10-pass"	"not-approved"	"evidence-only-not-an-approval-unit;named-approver;approval-date;approved-scope;version-or-sha256-binding"
"R10-A0320"	"R10"	"R10-10"	"slots-simulator/docs/01-requirements/fr-007-wpf-visualization-panel.md"	"030d837ad80252e73cf1cbaba92ceed9ad3296d591d5597baa8b2b249e9d3463"	"line 26"	"FR-007 WPF 可视化面板 > Origin 需求来源"	"使用场景依据 [[dr-006-users-and-automation-style|DR-006]]（仅供开发自测，不面向客户演示）。"	"服务于 `../00-vision/vision-and-scope.md` 第 2 节""可视化直观""目标；技术栈依据 [[dr-001-tech-stack|DR-001]]；使用场景依据 [[dr-006-users-and-automation-style|DR-006]]（仅供开发自测，不面向客户演示）。"	"6af57da85192b284e96fd723f57f317f183a747ed94b8f1eeea7bd340743349e"	"source-origin-background-or-traceability-evidence"	"review-planning-source-without-verifiable-approval-chain"	"slots-simulator-development-test-tool-only"	"source-or-traceability-evidence-only"	"document-route:R10-candidate; unit-kind:markdown-paragraph; source-document-class:SIM-REQ; ledger-history:H-AI; see R10 Git history, derivation and status-correction groups"	"none-found-within-r10-pass"	"not-approved"	"evidence-only-not-an-approval-unit;named-approver;approval-date;approved-scope;version-or-sha256-binding"
"R10-A0321"	"R10"	"R10-10"	"slots-simulator/docs/01-requirements/fr-007-wpf-visualization-panel.md"	"030d837ad80252e73cf1cbaba92ceed9ad3296d591d5597baa8b2b249e9d3463"	"line 30"	"FR-007 WPF 可视化面板 > Acceptance Criteria 验收标准"	"界面上能一眼看出每个仓位当前的锁、门、光幕及由光幕 DI 推导的占用状态，不维护第二份占用值。"	"界面上能一眼看出每个仓位当前的锁、门、光幕及由光幕 DI 推导的占用状态，不维护第二份占用值。"	"62a738d1d2b99785e7e5e06bdc67488f49ea17a53b387fc64ce16d50c7f583a0"	"simulator-operator-ui-behavior-candidate"	"review-planning-source-without-verifiable-approval-chain"	"slots-simulator-internal-developer-ui"	"needs-simulator-product-owner-and-explicit-approval"	"document-route:R10-candidate; unit-kind:markdown-flow-or-list-item; source-document-class:SIM-REQ; ledger-history:H-AI; see R10 Git history, derivation and status-correction groups"	"EVID-R10-001"	"not-approved"	"simulator-product-owner;approved-tool-scope-source;named-approver;approval-date;approved-scope;version-or-sha256-binding"
"R10-A0322"	"R10"	"R10-10"	"slots-simulator/docs/01-requirements/fr-007-wpf-visualization-panel.md"	"030d837ad80252e73cf1cbaba92ceed9ad3296d591d5597baa8b2b249e9d3463"	"line 31"	"FR-007 WPF 可视化面板 > Acceptance Criteria 验收标准"	"布局严格按配置文件中的面、左上角行列、`rowSpan` 与 `columnSpan` 渲染，不是硬编码的单列列表；"	"布局严格按配置文件中的面、左上角行列、`rowSpan` 与 `columnSpan` 渲染，不是硬编码的单列列表；省略 span 时按 `1×1` 显示。"	"de072fddbfc2cf167f0757cd9238fa35364c76ff6a7a666e1152ba6554c2d881"	"simulator-operator-ui-behavior-candidate"	"review-planning-source-without-verifiable-approval-chain"	"slots-simulator-internal-developer-ui"	"needs-simulator-product-owner-and-explicit-approval"	"document-route:R10-candidate; unit-kind:markdown-flow-or-list-item; source-document-class:SIM-REQ; ledger-history:H-AI; see R10 Git history, derivation and status-correction groups"	"none-found-within-r10-pass"	"not-approved"	"simulator-product-owner;approved-tool-scope-source;named-approver;approval-date;approved-scope;version-or-sha256-binding"
"R10-A0323"	"R10"	"R10-10"	"slots-simulator/docs/01-requirements/fr-007-wpf-visualization-panel.md"	"030d837ad80252e73cf1cbaba92ceed9ad3296d591d5597baa8b2b249e9d3463"	"line 31"	"FR-007 WPF 可视化面板 > Acceptance Criteria 验收标准"	"省略 span 时按 `1×1` 显示。"	"布局严格按配置文件中的面、左上角行列、`rowSpan` 与 `columnSpan` 渲染，不是硬编码的单列列表；省略 span 时按 `1×1` 显示。"	"01a8678508986d2c6398f03666c572ed8e6287b1c97fab635402d51e63d00d22"	"simulator-operator-ui-behavior-candidate"	"review-planning-source-without-verifiable-approval-chain"	"slots-simulator-internal-developer-ui"	"needs-simulator-product-owner-and-explicit-approval"	"document-route:R10-candidate; unit-kind:markdown-flow-or-list-item; source-document-class:SIM-REQ; ledger-history:H-AI; see R10 Git history, derivation and status-correction groups"	"none-found-within-r10-pass"	"not-approved"	"simulator-product-owner;approved-tool-scope-source;named-approver;approval-date;approved-scope;version-or-sha256-binding"
"R10-A0324"	"R10"	"R10-10"	"slots-simulator/docs/01-requirements/fr-007-wpf-visualization-panel.md"	"030d837ad80252e73cf1cbaba92ceed9ad3296d591d5597baa8b2b249e9d3463"	"line 32"	"FR-007 WPF 可视化面板 > Acceptance Criteria 验收标准"	"跨格仓位必须是连续矩形，并以一个状态卡片填满合并区域；"	"跨格仓位必须是连续矩形，并以一个状态卡片填满合并区域；界面不得把同一仓位拆成多个重复卡片。"	"657174d5529e750f3986768b4e9bc398b3f7387c2a92adb2485a1b4482af34b8"	"simulator-operator-ui-behavior-candidate"	"review-planning-source-without-verifiable-approval-chain"	"slots-simulator-internal-developer-ui"	"needs-simulator-product-owner-and-explicit-approval"	"document-route:R10-candidate; unit-kind:markdown-flow-or-list-item; source-document-class:SIM-REQ; ledger-history:H-AI; see R10 Git history, derivation and status-correction groups"	"none-found-within-r10-pass"	"not-approved"	"simulator-product-owner;approved-tool-scope-source;named-approver;approval-date;approved-scope;version-or-sha256-binding"
"R10-A0325"	"R10"	"R10-10"	"slots-simulator/docs/01-requirements/fr-007-wpf-visualization-panel.md"	"030d837ad80252e73cf1cbaba92ceed9ad3296d591d5597baa8b2b249e9d3463"	"line 32"	"FR-007 WPF 可视化面板 > Acceptance Criteria 验收标准"	"界面不得把同一仓位拆成多个重复卡片。"	"跨格仓位必须是连续矩形，并以一个状态卡片填满合并区域；界面不得把同一仓位拆成多个重复卡片。"	"894ef7f9397bfc0ae68a28d0c7222f9b80217707c1c629ac4b7efe0e6151a13c"	"simulator-operator-ui-behavior-candidate"	"review-planning-source-without-verifiable-approval-chain"	"slots-simulator-internal-developer-ui"	"needs-simulator-product-owner-and-explicit-approval"	"document-route:R10-candidate; unit-kind:markdown-flow-or-list-item; source-document-class:SIM-REQ; ledger-history:H-AI; see R10 Git history, derivation and status-correction groups"	"none-found-within-r10-pass"	"not-approved"	"simulator-product-owner;approved-tool-scope-source;named-approver;approval-date;approved-scope;version-or-sha256-binding"
"R10-A0326"	"R10"	"R10-10"	"slots-simulator/docs/01-requirements/fr-007-wpf-visualization-panel.md"	"030d837ad80252e73cf1cbaba92ceed9ad3296d591d5597baa8b2b249e9d3463"	"line 33"	"FR-007 WPF 可视化面板 > Acceptance Criteria 验收标准"	"手动操作与控制 API 一致，统一为关门、放料、取出、批量光幕、一键全空闲及故障注入/清除；"	"手动操作与控制 API 一致，统一为关门、放料、取出、批量光幕、一键全空闲及故障注入/清除；不存在开锁或开门按钮。"	"7f3093c6319f261165e83a4d2ef540b2c03fa5f644e70a969f91a33fa0616597"	"simulator-testability-or-operability-candidate"	"review-planning-source-without-verifiable-approval-chain"	"slots-simulator-development-test-tool-only"	"needs-simulator-product-owner-and-explicit-approval"	"document-route:R10-candidate; unit-kind:markdown-flow-or-list-item; source-document-class:SIM-REQ; ledger-history:H-AI; see R10 Git history, derivation and status-correction groups"	"none-found-within-r10-pass"	"not-approved"	"simulator-product-owner;approved-tool-scope-source;named-approver;approval-date;approved-scope;version-or-sha256-binding"
"R10-A0327"	"R10"	"R10-10"	"slots-simulator/docs/01-requirements/fr-007-wpf-visualization-panel.md"	"030d837ad80252e73cf1cbaba92ceed9ad3296d591d5597baa8b2b249e9d3463"	"line 33"	"FR-007 WPF 可视化面板 > Acceptance Criteria 验收标准"	"不存在开锁或开门按钮。"	"手动操作与控制 API 一致，统一为关门、放料、取出、批量光幕、一键全空闲及故障注入/清除；不存在开锁或开门按钮。"	"c623553174d9b359bfb1b596707feb6398ce225fd4d1a06ea66444dec3f50600"	"simulator-operator-ui-behavior-candidate"	"review-planning-source-without-verifiable-approval-chain"	"slots-simulator-internal-developer-ui"	"needs-simulator-product-owner-and-explicit-approval"	"document-route:R10-candidate; unit-kind:markdown-flow-or-list-item; source-document-class:SIM-REQ; ledger-history:H-AI; see R10 Git history, derivation and status-correction groups"	"none-found-within-r10-pass"	"not-approved"	"simulator-product-owner;approved-tool-scope-source;named-approver;approval-date;approved-scope;version-or-sha256-binding"
"R10-A0328"	"R10"	"R10-10"	"slots-simulator/docs/01-requirements/fr-007-wpf-visualization-panel.md"	"030d837ad80252e73cf1cbaba92ceed9ad3296d591d5597baa8b2b249e9d3463"	"line 34"	"FR-007 WPF 可视化面板 > Acceptance Criteria 验收标准"	"面板本身不持有业务逻辑，只是控制 API 的可视化客户端。"	"面板本身不持有业务逻辑，只是控制 API 的可视化客户端。"	"e7ac51247f436cb31cecad2c67c57dff3e0d294e2064164a6a2b23f39b9ec7bf"	"simulator-operator-ui-behavior-candidate"	"review-planning-source-without-verifiable-approval-chain"	"slots-simulator-internal-developer-ui"	"needs-simulator-product-owner-and-explicit-approval"	"document-route:R10-candidate; unit-kind:markdown-flow-or-list-item; source-document-class:SIM-REQ; ledger-history:H-AI; see R10 Git history, derivation and status-correction groups"	"none-found-within-r10-pass"	"not-approved"	"simulator-product-owner;approved-tool-scope-source;named-approver;approval-date;approved-scope;version-or-sha256-binding"
"R10-A0329"	"R10"	"R10-10"	"slots-simulator/docs/01-requirements/fr-007-wpf-visualization-panel.md"	"030d837ad80252e73cf1cbaba92ceed9ad3296d591d5597baa8b2b249e9d3463"	"line 35"	"FR-007 WPF 可视化面板 > Acceptance Criteria 验收标准"	"可在 WPF 中编辑并保存完整模拟器配置为 JSON，字段能力不低于直接编辑配置文件。"	"可在 WPF 中编辑并保存完整模拟器配置为 JSON，字段能力不低于直接编辑配置文件。"	"376a9e81ebf7f107b0778eda20b8a0f2229717cb93ad35a10a3bb85e760d43ea"	"embedded-simulator-technical-design-choice"	"review-planning-source-without-verifiable-approval-chain"	"slots-simulator-development-test-tool-only"	"exclude-from-requirement-approval"	"document-route:R10-candidate; unit-kind:markdown-flow-or-list-item; source-document-class:SIM-REQ; ledger-history:H-AI; see R10 Git history, derivation and status-correction groups"	"none-found-within-r10-pass"	"not-approved"	"separate-technical-design-review;approved-simulator-behavior-source-if-mechanism-is-mandatory;named-approver;approval-date;approved-scope;version-or-sha256-binding"
"R10-A0330"	"R10"	"R10-10"	"slots-simulator/docs/01-requirements/fr-007-wpf-visualization-panel.md"	"030d837ad80252e73cf1cbaba92ceed9ad3296d591d5597baa8b2b249e9d3463"	"line 36"	"FR-007 WPF 可视化面板 > Acceptance Criteria 验收标准"	"配置编辑过程中可设置仓位的跨行数和跨列数，并实时显示字段级及跨字段校验结果；"	"配置编辑过程中可设置仓位的跨行数和跨列数，并实时显示字段级及跨字段校验结果；span 非正整数、跨格越界或任意覆盖区域重叠时禁止保存。"	"7c2ddde0eee6190ef9f94f866c91ec2af6b87b892a592d823fdc2e623d8148a1"	"simulator-operator-ui-behavior-candidate"	"review-planning-source-without-verifiable-approval-chain"	"slots-simulator-internal-developer-ui"	"needs-simulator-product-owner-and-explicit-approval"	"document-route:R10-candidate; unit-kind:markdown-flow-or-list-item; source-document-class:SIM-REQ; ledger-history:H-AI; see R10 Git history, derivation and status-correction groups"	"none-found-within-r10-pass"	"not-approved"	"simulator-product-owner;approved-tool-scope-source;named-approver;approval-date;approved-scope;version-or-sha256-binding"
"R10-A0331"	"R10"	"R10-10"	"slots-simulator/docs/01-requirements/fr-007-wpf-visualization-panel.md"	"030d837ad80252e73cf1cbaba92ceed9ad3296d591d5597baa8b2b249e9d3463"	"line 36"	"FR-007 WPF 可视化面板 > Acceptance Criteria 验收标准"	"span 非正整数、跨格越界或任意覆盖区域重叠时禁止保存。"	"配置编辑过程中可设置仓位的跨行数和跨列数，并实时显示字段级及跨字段校验结果；span 非正整数、跨格越界或任意覆盖区域重叠时禁止保存。"	"ee15942c120f0d60153b7bc2a0046951ef5c4aeb7dc85f28235d308917718689"	"simulator-configuration-or-validation-candidate"	"review-planning-source-without-verifiable-approval-chain"	"slots-simulator-configuration-layout-and-module-topology"	"needs-simulator-product-owner-and-explicit-approval"	"document-route:R10-candidate; unit-kind:markdown-flow-or-list-item; source-document-class:SIM-REQ; ledger-history:H-AI; see R10 Git history, derivation and status-correction groups"	"none-found-within-r10-pass"	"not-approved"	"simulator-product-owner;approved-tool-scope-source;named-approver;approval-date;approved-scope;version-or-sha256-binding"
"R10-A0332"	"R10"	"R10-10"	"slots-simulator/docs/01-requirements/fr-007-wpf-visualization-panel.md"	"030d837ad80252e73cf1cbaba92ceed9ad3296d591d5597baa8b2b249e9d3463"	"line 37"	"FR-007 WPF 可视化面板 > Acceptance Criteria 验收标准"	"保存成功后所有配置立即热重载；"	"保存成功后所有配置立即热重载；新增、删除或修改仓位/模块、布局、起始坐标、span、映射、端口、模板默认值均无需重启即可生效。持久化与运行态切换必须是同一原子事务，不允许磁盘配置与运行态使用不同版本。"	"39ded8c6b85dad664dbbf54f33dec6f1e9d3c40fdea987825e9f73afeb63d4d9"	"embedded-simulator-technical-design-choice"	"review-planning-source-without-verifiable-approval-chain"	"slots-simulator-development-test-tool-only"	"exclude-from-requirement-approval"	"document-route:R10-candidate; unit-kind:markdown-flow-or-list-item; source-document-class:SIM-REQ; ledger-history:H-AI; see R10 Git history, derivation and status-correction groups"	"none-found-within-r10-pass"	"not-approved"	"separate-technical-design-review;approved-simulator-behavior-source-if-mechanism-is-mandatory;named-approver;approval-date;approved-scope;version-or-sha256-binding"
"R10-A0333"	"R10"	"R10-10"	"slots-simulator/docs/01-requirements/fr-007-wpf-visualization-panel.md"	"030d837ad80252e73cf1cbaba92ceed9ad3296d591d5597baa8b2b249e9d3463"	"line 37"	"FR-007 WPF 可视化面板 > Acceptance Criteria 验收标准"	"新增、删除或修改仓位/模块、布局、起始坐标、span、映射、端口、模板默认值均无需重启即可生效。"	"保存成功后所有配置立即热重载；新增、删除或修改仓位/模块、布局、起始坐标、span、映射、端口、模板默认值均无需重启即可生效。持久化与运行态切换必须是同一原子事务，不允许磁盘配置与运行态使用不同版本。"	"836b930dfe8a5140b7a27159d600b1db017000e8abc6c18d5b89734bf52f4abb"	"simulator-operator-ui-behavior-candidate"	"review-planning-source-without-verifiable-approval-chain"	"slots-simulator-internal-developer-ui"	"needs-simulator-product-owner-and-explicit-approval"	"document-route:R10-candidate; unit-kind:markdown-flow-or-list-item; source-document-class:SIM-REQ; ledger-history:H-AI; see R10 Git history, derivation and status-correction groups"	"none-found-within-r10-pass"	"not-approved"	"simulator-product-owner;approved-tool-scope-source;named-approver;approval-date;approved-scope;version-or-sha256-binding"
"R10-A0334"	"R10"	"R10-10"	"slots-simulator/docs/01-requirements/fr-007-wpf-visualization-panel.md"	"030d837ad80252e73cf1cbaba92ceed9ad3296d591d5597baa8b2b249e9d3463"	"line 37"	"FR-007 WPF 可视化面板 > Acceptance Criteria 验收标准"	"持久化与运行态切换必须是同一原子事务，不允许磁盘配置与运行态使用不同版本。"	"保存成功后所有配置立即热重载；新增、删除或修改仓位/模块、布局、起始坐标、span、映射、端口、模板默认值均无需重启即可生效。持久化与运行态切换必须是同一原子事务，不允许磁盘配置与运行态使用不同版本。"	"f103f65d4a32646dbc165a591d20a22e6ed662f6cfb5fdaefc71938d50878e73"	"simulator-configuration-or-validation-candidate"	"review-planning-source-without-verifiable-approval-chain"	"slots-simulator-configuration-layout-and-module-topology"	"needs-simulator-product-owner-and-explicit-approval"	"document-route:R10-candidate; unit-kind:markdown-flow-or-list-item; source-document-class:SIM-REQ; ledger-history:H-AI; see R10 Git history, derivation and status-correction groups"	"none-found-within-r10-pass"	"not-approved"	"simulator-product-owner;approved-tool-scope-source;named-approver;approval-date;approved-scope;version-or-sha256-binding"
"R10-A0335"	"R10"	"R10-10"	"slots-simulator/docs/01-requirements/fr-007-wpf-visualization-panel.md"	"030d837ad80252e73cf1cbaba92ceed9ad3296d591d5597baa8b2b249e9d3463"	"line 38"	"FR-007 WPF 可视化面板 > Acceptance Criteria 验收标准"	"配置没有固定的模块数或仓位数上限；"	"配置没有固定的模块数或仓位数上限；校验只依据硬件模板通道容量、监听端口可用性、映射完整性及当前机器资源约束给出结果。"	"9d1cf4c1151e2de6f257d02c38aee4df67a456c4a8eae90ed6e95080ad671135"	"simulator-configuration-or-validation-candidate"	"review-planning-source-without-verifiable-approval-chain"	"slots-simulator-configuration-layout-and-module-topology"	"needs-simulator-product-owner-and-explicit-approval"	"document-route:R10-candidate; unit-kind:markdown-flow-or-list-item; source-document-class:SIM-REQ; ledger-history:H-AI; see R10 Git history, derivation and status-correction groups"	"none-found-within-r10-pass"	"not-approved"	"simulator-product-owner;approved-tool-scope-source;named-approver;approval-date;approved-scope;version-or-sha256-binding"
"R10-A0336"	"R10"	"R10-10"	"slots-simulator/docs/01-requirements/fr-007-wpf-visualization-panel.md"	"030d837ad80252e73cf1cbaba92ceed9ad3296d591d5597baa8b2b249e9d3463"	"line 38"	"FR-007 WPF 可视化面板 > Acceptance Criteria 验收标准"	"校验只依据硬件模板通道容量、监听端口可用性、映射完整性及当前机器资源约束给出结果。"	"配置没有固定的模块数或仓位数上限；校验只依据硬件模板通道容量、监听端口可用性、映射完整性及当前机器资源约束给出结果。"	"a27e4ba3dd3a6286e75de8ce009522e730eae11febd19981049a2b01df3191b8"	"simulator-configuration-or-validation-candidate"	"review-planning-source-without-verifiable-approval-chain"	"slots-simulator-configuration-layout-and-module-topology"	"needs-simulator-product-owner-and-explicit-approval"	"document-route:R10-candidate; unit-kind:markdown-flow-or-list-item; source-document-class:SIM-REQ; ledger-history:H-AI; see R10 Git history, derivation and status-correction groups"	"none-found-within-r10-pass"	"not-approved"	"simulator-product-owner;approved-tool-scope-source;named-approver;approval-date;approved-scope;version-or-sha256-binding"
"R10-A0337"	"R10"	"R10-10"	"slots-simulator/docs/01-requirements/fr-007-wpf-visualization-panel.md"	"030d837ad80252e73cf1cbaba92ceed9ad3296d591d5597baa8b2b249e9d3463"	"line 39"	"FR-007 WPF 可视化面板 > Acceptance Criteria 验收标准"	"不要求视觉美观度，仅供内部开发自测使用。"	"不要求视觉美观度，仅供内部开发自测使用。"	"85eb69d310c21ede2c7f47b5ca8d8ca86afde23ebd8364f73dc7684ce18d53d8"	"simulator-capability-or-scope-candidate"	"review-planning-source-without-verifiable-approval-chain"	"slots-simulator-development-test-tool-only"	"needs-simulator-product-owner-and-explicit-approval"	"document-route:R10-candidate; unit-kind:markdown-flow-or-list-item; source-document-class:SIM-REQ; ledger-history:H-AI; see R10 Git history, derivation and status-correction groups"	"none-found-within-r10-pass"	"not-approved"	"simulator-product-owner;approved-tool-scope-source;named-approver;approval-date;approved-scope;version-or-sha256-binding"
"R10-A0338"	"R10"	"R10-10"	"slots-simulator/docs/01-requirements/fr-007-wpf-visualization-panel.md"	"030d837ad80252e73cf1cbaba92ceed9ad3296d591d5597baa8b2b249e9d3463"	"line 43"	"FR-007 WPF 可视化面板 > Related Use Case 关联用例"	"作为 UC-001、UC-002、UC-005、UC-006、UC-010 和 UC-018 开发联调的可视化入口；"	"作为 UC-001、UC-002、UC-005、UC-006、UC-010 和 UC-018 开发联调的可视化入口；业务逻辑仍由控制 API 与模拟器核心实现。"	"c86b77e6313cceeb99081889839d030153ec68866e05bf1660d0b39036a332e5"	"source-origin-background-or-traceability-evidence"	"review-planning-source-without-verifiable-approval-chain"	"slots-simulator-development-test-tool-only"	"source-or-traceability-evidence-only"	"document-route:R10-candidate; unit-kind:markdown-paragraph; source-document-class:SIM-REQ; ledger-history:H-AI; see R10 Git history, derivation and status-correction groups"	"BOUND-R10-001"	"not-approved"	"evidence-only-not-an-approval-unit;named-approver;approval-date;approved-scope;version-or-sha256-binding"
"R10-A0339"	"R10"	"R10-10"	"slots-simulator/docs/01-requirements/fr-007-wpf-visualization-panel.md"	"030d837ad80252e73cf1cbaba92ceed9ad3296d591d5597baa8b2b249e9d3463"	"line 43"	"FR-007 WPF 可视化面板 > Related Use Case 关联用例"	"业务逻辑仍由控制 API 与模拟器核心实现。"	"作为 UC-001、UC-002、UC-005、UC-006、UC-010 和 UC-018 开发联调的可视化入口；业务逻辑仍由控制 API 与模拟器核心实现。"	"d399ec17e0111b179ea2876824cf68447a00ac441554c6dcd4fe8e02a0c39b31"	"source-origin-background-or-traceability-evidence"	"review-planning-source-without-verifiable-approval-chain"	"slots-simulator-development-test-tool-only"	"source-or-traceability-evidence-only"	"document-route:R10-candidate; unit-kind:markdown-paragraph; source-document-class:SIM-REQ; ledger-history:H-AI; see R10 Git history, derivation and status-correction groups"	"none-found-within-r10-pass"	"not-approved"	"evidence-only-not-an-approval-unit;named-approver;approval-date;approved-scope;version-or-sha256-binding"
"R10-A0340"	"R10"	"R10-10"	"slots-simulator/docs/01-requirements/fr-007-wpf-visualization-panel.md"	"030d837ad80252e73cf1cbaba92ceed9ad3296d591d5597baa8b2b249e9d3463"	"line 47"	"FR-007 WPF 可视化面板 > Verification 验证方式"	"**TC-FR-007-001（待建立）**：Given 已加载含多个分面的仓位配置；"	"**TC-FR-007-001（待建立）**：Given 已加载含多个分面的仓位配置；When 通过 Modbus 开锁并在 WPF 执行关门、放料、取出和光幕批量设置；Then 布局与配置一致、状态实时更新、占用与光幕 DI 一致，且界面中不存在开锁或开门入口。"	"67d7c94fcae82dbcbe2fd72a63fc88bc4c8b4f7c18e9927d9e90432b507f3857"	"reserved-verification-plan-evidence"	"review-planning-source-without-verifiable-approval-chain"	"slots-simulator-development-test-tool-only"	"test-plan-evidence-only"	"document-route:R10-candidate; unit-kind:markdown-flow-or-list-item; source-document-class:SIM-REQ; ledger-history:H-AI; see R10 Git history, derivation and status-correction groups"	"none-found-within-r10-pass"	"not-approved"	"evidence-only-not-an-approval-unit;named-approver;approval-date;approved-scope;version-or-sha256-binding"
"R10-A0341"	"R10"	"R10-10"	"slots-simulator/docs/01-requirements/fr-007-wpf-visualization-panel.md"	"030d837ad80252e73cf1cbaba92ceed9ad3296d591d5597baa8b2b249e9d3463"	"line 47"	"FR-007 WPF 可视化面板 > Verification 验证方式"	"When 通过 Modbus 开锁并在 WPF 执行关门、放料、取出和光幕批量设置；"	"**TC-FR-007-001（待建立）**：Given 已加载含多个分面的仓位配置；When 通过 Modbus 开锁并在 WPF 执行关门、放料、取出和光幕批量设置；Then 布局与配置一致、状态实时更新、占用与光幕 DI 一致，且界面中不存在开锁或开门入口。"	"4f39c61d3891044a19ce763ed61a3437a0177d9cfbd07bf0308439483560d1be"	"reserved-verification-plan-evidence"	"review-planning-source-without-verifiable-approval-chain"	"slots-simulator-development-test-tool-only"	"test-plan-evidence-only"	"document-route:R10-candidate; unit-kind:markdown-flow-or-list-item; source-document-class:SIM-REQ; ledger-history:H-AI; see R10 Git history, derivation and status-correction groups"	"GAP-R10-001"	"not-approved"	"evidence-only-not-an-approval-unit;named-approver;approval-date;approved-scope;version-or-sha256-binding"
"R10-A0342"	"R10"	"R10-10"	"slots-simulator/docs/01-requirements/fr-007-wpf-visualization-panel.md"	"030d837ad80252e73cf1cbaba92ceed9ad3296d591d5597baa8b2b249e9d3463"	"line 47"	"FR-007 WPF 可视化面板 > Verification 验证方式"	"Then 布局与配置一致、状态实时更新、占用与光幕 DI 一致，且界面中不存在开锁或开门入口。"	"**TC-FR-007-001（待建立）**：Given 已加载含多个分面的仓位配置；When 通过 Modbus 开锁并在 WPF 执行关门、放料、取出和光幕批量设置；Then 布局与配置一致、状态实时更新、占用与光幕 DI 一致，且界面中不存在开锁或开门入口。"	"c6be07804b5ba27c96534dd4df2cf197c1b4f36b3942ac1aee7d8aec37a43fe1"	"reserved-verification-plan-evidence"	"review-planning-source-without-verifiable-approval-chain"	"slots-simulator-development-test-tool-only"	"test-plan-evidence-only"	"document-route:R10-candidate; unit-kind:markdown-flow-or-list-item; source-document-class:SIM-REQ; ledger-history:H-AI; see R10 Git history, derivation and status-correction groups"	"EVID-R10-001"	"not-approved"	"evidence-only-not-an-approval-unit;named-approver;approval-date;approved-scope;version-or-sha256-binding"
"R10-A0343"	"R10"	"R10-10"	"slots-simulator/docs/01-requirements/fr-007-wpf-visualization-panel.md"	"030d837ad80252e73cf1cbaba92ceed9ad3296d591d5597baa8b2b249e9d3463"	"line 48"	"FR-007 WPF 可视化面板 > Verification 验证方式"	"**TC-FR-007-002（待建立）**：Given 配置编辑器已打开；"	"**TC-FR-007-002（待建立）**：Given 配置编辑器已打开；When 输入重复映射、无效模板引用或冲突端口；Then 对应字段立即显示校验错误且保存被禁止。"	"83ee8c6aa828813a913772425928c5d2eef575ea5c60123b8540936faa6c11ec"	"reserved-verification-plan-evidence"	"review-planning-source-without-verifiable-approval-chain"	"slots-simulator-development-test-tool-only"	"test-plan-evidence-only"	"document-route:R10-candidate; unit-kind:markdown-flow-or-list-item; source-document-class:SIM-REQ; ledger-history:H-AI; see R10 Git history, derivation and status-correction groups"	"none-found-within-r10-pass"	"not-approved"	"evidence-only-not-an-approval-unit;named-approver;approval-date;approved-scope;version-or-sha256-binding"
"R10-A0344"	"R10"	"R10-10"	"slots-simulator/docs/01-requirements/fr-007-wpf-visualization-panel.md"	"030d837ad80252e73cf1cbaba92ceed9ad3296d591d5597baa8b2b249e9d3463"	"line 48"	"FR-007 WPF 可视化面板 > Verification 验证方式"	"When 输入重复映射、无效模板引用或冲突端口；"	"**TC-FR-007-002（待建立）**：Given 配置编辑器已打开；When 输入重复映射、无效模板引用或冲突端口；Then 对应字段立即显示校验错误且保存被禁止。"	"5e32e2ca4b539880ee121fad1e4b0992fc840cd071957e3165e0f735f6e7a4d6"	"reserved-verification-plan-evidence"	"review-planning-source-without-verifiable-approval-chain"	"slots-simulator-development-test-tool-only"	"test-plan-evidence-only"	"document-route:R10-candidate; unit-kind:markdown-flow-or-list-item; source-document-class:SIM-REQ; ledger-history:H-AI; see R10 Git history, derivation and status-correction groups"	"none-found-within-r10-pass"	"not-approved"	"evidence-only-not-an-approval-unit;named-approver;approval-date;approved-scope;version-or-sha256-binding"
"R10-A0345"	"R10"	"R10-10"	"slots-simulator/docs/01-requirements/fr-007-wpf-visualization-panel.md"	"030d837ad80252e73cf1cbaba92ceed9ad3296d591d5597baa8b2b249e9d3463"	"line 48"	"FR-007 WPF 可视化面板 > Verification 验证方式"	"Then 对应字段立即显示校验错误且保存被禁止。"	"**TC-FR-007-002（待建立）**：Given 配置编辑器已打开；When 输入重复映射、无效模板引用或冲突端口；Then 对应字段立即显示校验错误且保存被禁止。"	"e2d91c947429116eb1406bb184954f58fe32df2bdaee5a34ca8fab93feb2dfe3"	"reserved-verification-plan-evidence"	"review-planning-source-without-verifiable-approval-chain"	"slots-simulator-development-test-tool-only"	"test-plan-evidence-only"	"document-route:R10-candidate; unit-kind:markdown-flow-or-list-item; source-document-class:SIM-REQ; ledger-history:H-AI; see R10 Git history, derivation and status-correction groups"	"none-found-within-r10-pass"	"not-approved"	"evidence-only-not-an-approval-unit;named-approver;approval-date;approved-scope;version-or-sha256-binding"
"R10-A0346"	"R10"	"R10-10"	"slots-simulator/docs/01-requirements/fr-007-wpf-visualization-panel.md"	"030d837ad80252e73cf1cbaba92ceed9ad3296d591d5597baa8b2b249e9d3463"	"line 49"	"FR-007 WPF 可视化面板 > Verification 验证方式"	"**TC-FR-007-003（待建立）**：Given 模拟器正以配置 A 运行并保持 API/Modbus 连接；"	"**TC-FR-007-003（待建立）**：Given 模拟器正以配置 A 运行并保持 API/Modbus 连接；When 在 WPF 将布局、模块、映射和模板默认值修改为有效配置 B 并保存；Then 生成可再次加载的 JSON，所有组件立即按 B 工作且无需重启。"	"d3a60c9163cfb0a6aa17960ae757482326776de0be93fa4724c5f0cfa77cbabb"	"reserved-verification-plan-evidence"	"review-planning-source-without-verifiable-approval-chain"	"slots-simulator-development-test-tool-only"	"test-plan-evidence-only"	"document-route:R10-candidate; unit-kind:markdown-flow-or-list-item; source-document-class:SIM-REQ; ledger-history:H-AI; see R10 Git history, derivation and status-correction groups"	"GAP-R10-001"	"not-approved"	"evidence-only-not-an-approval-unit;named-approver;approval-date;approved-scope;version-or-sha256-binding"
"R10-A0347"	"R10"	"R10-10"	"slots-simulator/docs/01-requirements/fr-007-wpf-visualization-panel.md"	"030d837ad80252e73cf1cbaba92ceed9ad3296d591d5597baa8b2b249e9d3463"	"line 49"	"FR-007 WPF 可视化面板 > Verification 验证方式"	"When 在 WPF 将布局、模块、映射和模板默认值修改为有效配置 B 并保存；"	"**TC-FR-007-003（待建立）**：Given 模拟器正以配置 A 运行并保持 API/Modbus 连接；When 在 WPF 将布局、模块、映射和模板默认值修改为有效配置 B 并保存；Then 生成可再次加载的 JSON，所有组件立即按 B 工作且无需重启。"	"671233de26a864d5df0147a832f86a03c4fb41ac1789658ec4e06de0a564dd4b"	"reserved-verification-plan-evidence"	"review-planning-source-without-verifiable-approval-chain"	"slots-simulator-development-test-tool-only"	"test-plan-evidence-only"	"document-route:R10-candidate; unit-kind:markdown-flow-or-list-item; source-document-class:SIM-REQ; ledger-history:H-AI; see R10 Git history, derivation and status-correction groups"	"none-found-within-r10-pass"	"not-approved"	"evidence-only-not-an-approval-unit;named-approver;approval-date;approved-scope;version-or-sha256-binding"
"R10-A0348"	"R10"	"R10-10"	"slots-simulator/docs/01-requirements/fr-007-wpf-visualization-panel.md"	"030d837ad80252e73cf1cbaba92ceed9ad3296d591d5597baa8b2b249e9d3463"	"line 49"	"FR-007 WPF 可视化面板 > Verification 验证方式"	"Then 生成可再次加载的 JSON，所有组件立即按 B 工作且无需重启。"	"**TC-FR-007-003（待建立）**：Given 模拟器正以配置 A 运行并保持 API/Modbus 连接；When 在 WPF 将布局、模块、映射和模板默认值修改为有效配置 B 并保存；Then 生成可再次加载的 JSON，所有组件立即按 B 工作且无需重启。"	"f2c9266377fb4f4be8d1564c482732357a9a725e6bfbdafe960940f5bcf3154d"	"reserved-verification-plan-evidence"	"review-planning-source-without-verifiable-approval-chain"	"slots-simulator-development-test-tool-only"	"test-plan-evidence-only"	"document-route:R10-candidate; unit-kind:markdown-flow-or-list-item; source-document-class:SIM-REQ; ledger-history:H-AI; see R10 Git history, derivation and status-correction groups"	"none-found-within-r10-pass"	"not-approved"	"evidence-only-not-an-approval-unit;named-approver;approval-date;approved-scope;version-or-sha256-binding"
"R10-A0349"	"R10"	"R10-10"	"slots-simulator/docs/01-requirements/fr-007-wpf-visualization-panel.md"	"030d837ad80252e73cf1cbaba92ceed9ad3296d591d5597baa8b2b249e9d3463"	"line 50"	"FR-007 WPF 可视化面板 > Verification 验证方式"	"**TC-FR-007-004（待建立）**：Given 磁盘配置和运行态均为配置 A；"	"**TC-FR-007-004（待建立）**：Given 磁盘配置和运行态均为配置 A；When 尝试保存一个通过静态校验但热重载预检因端口占用而失败的配置 B；Then WPF 显示明确错误，磁盘配置和运行态均继续完整使用配置 A。"	"686d0a9f8dbbf0c8cbc9279ff0839c3561f5862ce72153b81d41bc8858b1ddce"	"reserved-verification-plan-evidence"	"review-planning-source-without-verifiable-approval-chain"	"slots-simulator-development-test-tool-only"	"test-plan-evidence-only"	"document-route:R10-candidate; unit-kind:markdown-flow-or-list-item; source-document-class:SIM-REQ; ledger-history:H-AI; see R10 Git history, derivation and status-correction groups"	"none-found-within-r10-pass"	"not-approved"	"evidence-only-not-an-approval-unit;named-approver;approval-date;approved-scope;version-or-sha256-binding"
"R10-A0350"	"R10"	"R10-10"	"slots-simulator/docs/01-requirements/fr-007-wpf-visualization-panel.md"	"030d837ad80252e73cf1cbaba92ceed9ad3296d591d5597baa8b2b249e9d3463"	"line 50"	"FR-007 WPF 可视化面板 > Verification 验证方式"	"When 尝试保存一个通过静态校验但热重载预检因端口占用而失败的配置 B；"	"**TC-FR-007-004（待建立）**：Given 磁盘配置和运行态均为配置 A；When 尝试保存一个通过静态校验但热重载预检因端口占用而失败的配置 B；Then WPF 显示明确错误，磁盘配置和运行态均继续完整使用配置 A。"	"e6321c03fa3d145c4cb7acea51e25bc85f127fdcccdeb07f2f5798b444edfa92"	"reserved-verification-plan-evidence"	"review-planning-source-without-verifiable-approval-chain"	"slots-simulator-development-test-tool-only"	"test-plan-evidence-only"	"document-route:R10-candidate; unit-kind:markdown-flow-or-list-item; source-document-class:SIM-REQ; ledger-history:H-AI; see R10 Git history, derivation and status-correction groups"	"none-found-within-r10-pass"	"not-approved"	"evidence-only-not-an-approval-unit;named-approver;approval-date;approved-scope;version-or-sha256-binding"
"R10-A0351"	"R10"	"R10-10"	"slots-simulator/docs/01-requirements/fr-007-wpf-visualization-panel.md"	"030d837ad80252e73cf1cbaba92ceed9ad3296d591d5597baa8b2b249e9d3463"	"line 50"	"FR-007 WPF 可视化面板 > Verification 验证方式"	"Then WPF 显示明确错误，磁盘配置和运行态均继续完整使用配置 A。"	"**TC-FR-007-004（待建立）**：Given 磁盘配置和运行态均为配置 A；When 尝试保存一个通过静态校验但热重载预检因端口占用而失败的配置 B；Then WPF 显示明确错误，磁盘配置和运行态均继续完整使用配置 A。"	"4425c38f4e6597df93fef05c1313a61055fa95b58477a91942e7c0398669cb9c"	"reserved-verification-plan-evidence"	"review-planning-source-without-verifiable-approval-chain"	"slots-simulator-development-test-tool-only"	"test-plan-evidence-only"	"document-route:R10-candidate; unit-kind:markdown-flow-or-list-item; source-document-class:SIM-REQ; ledger-history:H-AI; see R10 Git history, derivation and status-correction groups"	"none-found-within-r10-pass"	"not-approved"	"evidence-only-not-an-approval-unit;named-approver;approval-date;approved-scope;version-or-sha256-binding"
"R10-A0352"	"R10"	"R10-10"	"slots-simulator/docs/01-requirements/fr-007-wpf-visualization-panel.md"	"030d837ad80252e73cf1cbaba92ceed9ad3296d591d5597baa8b2b249e9d3463"	"line 51"	"FR-007 WPF 可视化面板 > Verification 验证方式"	"**TC-FR-007-005（待建立）**：Given 硬件模板和机器资源允许配置超过常见数量的模块与仓位；"	"**TC-FR-007-005（待建立）**：Given 硬件模板和机器资源允许配置超过常见数量的模块与仓位；When 编辑、保存并热重载该配置；Then 系统不因固定数量上限拒绝，只在模板、端口、映射或资源约束不满足时报告错误。"	"f037ed96bd1edf3c01f8bc259355f8b69ca2defddc6070fa81e936fa0b07a45a"	"reserved-verification-plan-evidence"	"review-planning-source-without-verifiable-approval-chain"	"slots-simulator-development-test-tool-only"	"test-plan-evidence-only"	"document-route:R10-candidate; unit-kind:markdown-flow-or-list-item; source-document-class:SIM-REQ; ledger-history:H-AI; see R10 Git history, derivation and status-correction groups"	"none-found-within-r10-pass"	"not-approved"	"evidence-only-not-an-approval-unit;named-approver;approval-date;approved-scope;version-or-sha256-binding"
"R10-A0353"	"R10"	"R10-10"	"slots-simulator/docs/01-requirements/fr-007-wpf-visualization-panel.md"	"030d837ad80252e73cf1cbaba92ceed9ad3296d591d5597baa8b2b249e9d3463"	"line 51"	"FR-007 WPF 可视化面板 > Verification 验证方式"	"When 编辑、保存并热重载该配置；"	"**TC-FR-007-005（待建立）**：Given 硬件模板和机器资源允许配置超过常见数量的模块与仓位；When 编辑、保存并热重载该配置；Then 系统不因固定数量上限拒绝，只在模板、端口、映射或资源约束不满足时报告错误。"	"b6d084cd77252954ca66dff103a7cd41618bfe66b8fc45b5fe034c4eb194c942"	"reserved-verification-plan-evidence"	"review-planning-source-without-verifiable-approval-chain"	"slots-simulator-development-test-tool-only"	"test-plan-evidence-only"	"document-route:R10-candidate; unit-kind:markdown-flow-or-list-item; source-document-class:SIM-REQ; ledger-history:H-AI; see R10 Git history, derivation and status-correction groups"	"none-found-within-r10-pass"	"not-approved"	"evidence-only-not-an-approval-unit;named-approver;approval-date;approved-scope;version-or-sha256-binding"
"R10-A0354"	"R10"	"R10-10"	"slots-simulator/docs/01-requirements/fr-007-wpf-visualization-panel.md"	"030d837ad80252e73cf1cbaba92ceed9ad3296d591d5597baa8b2b249e9d3463"	"line 51"	"FR-007 WPF 可视化面板 > Verification 验证方式"	"Then 系统不因固定数量上限拒绝，只在模板、端口、映射或资源约束不满足时报告错误。"	"**TC-FR-007-005（待建立）**：Given 硬件模板和机器资源允许配置超过常见数量的模块与仓位；When 编辑、保存并热重载该配置；Then 系统不因固定数量上限拒绝，只在模板、端口、映射或资源约束不满足时报告错误。"	"a164f7f11ed741cbea96221ae59206c65c7e33e455e21c870e62a5647ca97f43"	"reserved-verification-plan-evidence"	"review-planning-source-without-verifiable-approval-chain"	"slots-simulator-development-test-tool-only"	"test-plan-evidence-only"	"document-route:R10-candidate; unit-kind:markdown-flow-or-list-item; source-document-class:SIM-REQ; ledger-history:H-AI; see R10 Git history, derivation and status-correction groups"	"none-found-within-r10-pass"	"not-approved"	"evidence-only-not-an-approval-unit;named-approver;approval-date;approved-scope;version-or-sha256-binding"
"R10-A0355"	"R10"	"R10-10"	"slots-simulator/docs/01-requirements/fr-007-wpf-visualization-panel.md"	"030d837ad80252e73cf1cbaba92ceed9ad3296d591d5597baa8b2b249e9d3463"	"line 52"	"FR-007 WPF 可视化面板 > Verification 验证方式"	"**TC-FR-007-006（待建立）**：Given 一个面同时包含 `1×1`、跨行、跨列和跨行列仓位；"	"**TC-FR-007-006（待建立）**：Given 一个面同时包含 `1×1`、跨行、跨列和跨行列仓位；When WPF 加载布局并修改其中一个仓位的 span；Then 每个仓位只显示一个卡片且尺寸符合占用矩形，合法修改立即热重载，重叠或越界修改在保存前被明确阻止。"	"04181dada3e2e9e965fc512fdc863658d1bd14ee21326be5d74619f790749b57"	"reserved-verification-plan-evidence"	"review-planning-source-without-verifiable-approval-chain"	"slots-simulator-development-test-tool-only"	"test-plan-evidence-only"	"document-route:R10-candidate; unit-kind:markdown-flow-or-list-item; source-document-class:SIM-REQ; ledger-history:H-AI; see R10 Git history, derivation and status-correction groups"	"none-found-within-r10-pass"	"not-approved"	"evidence-only-not-an-approval-unit;named-approver;approval-date;approved-scope;version-or-sha256-binding"
"R10-A0356"	"R10"	"R10-10"	"slots-simulator/docs/01-requirements/fr-007-wpf-visualization-panel.md"	"030d837ad80252e73cf1cbaba92ceed9ad3296d591d5597baa8b2b249e9d3463"	"line 52"	"FR-007 WPF 可视化面板 > Verification 验证方式"	"When WPF 加载布局并修改其中一个仓位的 span；"	"**TC-FR-007-006（待建立）**：Given 一个面同时包含 `1×1`、跨行、跨列和跨行列仓位；When WPF 加载布局并修改其中一个仓位的 span；Then 每个仓位只显示一个卡片且尺寸符合占用矩形，合法修改立即热重载，重叠或越界修改在保存前被明确阻止。"	"9b3cb25f48681e88c9a036df19890e5d521ed799c869f7dda78c8fddd09a015c"	"reserved-verification-plan-evidence"	"review-planning-source-without-verifiable-approval-chain"	"slots-simulator-development-test-tool-only"	"test-plan-evidence-only"	"document-route:R10-candidate; unit-kind:markdown-flow-or-list-item; source-document-class:SIM-REQ; ledger-history:H-AI; see R10 Git history, derivation and status-correction groups"	"none-found-within-r10-pass"	"not-approved"	"evidence-only-not-an-approval-unit;named-approver;approval-date;approved-scope;version-or-sha256-binding"
"R10-A0357"	"R10"	"R10-10"	"slots-simulator/docs/01-requirements/fr-007-wpf-visualization-panel.md"	"030d837ad80252e73cf1cbaba92ceed9ad3296d591d5597baa8b2b249e9d3463"	"line 52"	"FR-007 WPF 可视化面板 > Verification 验证方式"	"Then 每个仓位只显示一个卡片且尺寸符合占用矩形，合法修改立即热重载，重叠或越界修改在保存前被明确阻止。"	"**TC-FR-007-006（待建立）**：Given 一个面同时包含 `1×1`、跨行、跨列和跨行列仓位；When WPF 加载布局并修改其中一个仓位的 span；Then 每个仓位只显示一个卡片且尺寸符合占用矩形，合法修改立即热重载，重叠或越界修改在保存前被明确阻止。"	"6deb4e593fef364ccadec4d223a57aeb06bcc70dceebbfe534a00aecbcb477b7"	"reserved-verification-plan-evidence"	"review-planning-source-without-verifiable-approval-chain"	"slots-simulator-development-test-tool-only"	"test-plan-evidence-only"	"document-route:R10-candidate; unit-kind:markdown-flow-or-list-item; source-document-class:SIM-REQ; ledger-history:H-AI; see R10 Git history, derivation and status-correction groups"	"none-found-within-r10-pass"	"not-approved"	"evidence-only-not-an-approval-unit;named-approver;approval-date;approved-scope;version-or-sha256-binding"
"R10-A0358"	"R10"	"R10-11"	"slots-simulator/docs/01-requirements/fr-008-single-instance-single-agv.md"	"824424294f17ef514aa9efa9e68e7fc2c89d190922347a2964db37554dc6f2eb"	"line 18"	"FR-008 单实例单 AGV > Description 需求描述"	"一个模拟器进程实例只模拟一台 AGV 的仓位集合；"	"一个模拟器进程实例只模拟一台 AGV 的仓位集合；需要同时模拟多台 AGV 时，通过启动多个独立实例（各自不同端口和配置文件）实现。单个 AGV 实例内部可按 [[fr-014-multi-io-module-simulation|FR-014]] 配置任意数量的 IO 模块与仓位，不设置产品级固定数量上限；实际可配置规模受所选硬件寄存器模板的通道容量、模块监听地址/端口可用性、点位映射完整性和运行机器资源约束。"	"28a97e4e5667b2830cf298215b139c7bbaa905e3038ad9ec2856153c9f5592fe"	"embedded-simulator-technical-design-choice"	"review-planning-source-without-verifiable-approval-chain"	"slots-simulator-development-test-tool-only"	"exclude-from-requirement-approval"	"document-route:R10-candidate; unit-kind:markdown-paragraph; source-document-class:SIM-REQ; ledger-history:H-U; see R10 Git history, derivation and status-correction groups"	"none-found-within-r10-pass"	"not-approved"	"separate-technical-design-review;approved-simulator-behavior-source-if-mechanism-is-mandatory;named-approver;approval-date;approved-scope;version-or-sha256-binding"
"R10-A0359"	"R10"	"R10-11"	"slots-simulator/docs/01-requirements/fr-008-single-instance-single-agv.md"	"824424294f17ef514aa9efa9e68e7fc2c89d190922347a2964db37554dc6f2eb"	"line 18"	"FR-008 单实例单 AGV > Description 需求描述"	"需要同时模拟多台 AGV 时，通过启动多个独立实例（各自不同端口和配置文件）实现。"	"一个模拟器进程实例只模拟一台 AGV 的仓位集合；需要同时模拟多台 AGV 时，通过启动多个独立实例（各自不同端口和配置文件）实现。单个 AGV 实例内部可按 [[fr-014-multi-io-module-simulation|FR-014]] 配置任意数量的 IO 模块与仓位，不设置产品级固定数量上限；实际可配置规模受所选硬件寄存器模板的通道容量、模块监听地址/端口可用性、点位映射完整性和运行机器资源约束。"	"7b933269768bf9599640284b7b613c03fa214e4660f5cb774d7d9225b7547a59"	"simulator-configuration-or-validation-candidate"	"review-planning-source-without-verifiable-approval-chain"	"slots-simulator-configuration-layout-and-module-topology"	"needs-simulator-product-owner-and-explicit-approval"	"document-route:R10-candidate; unit-kind:markdown-paragraph; source-document-class:SIM-REQ; ledger-history:H-U; see R10 Git history, derivation and status-correction groups"	"none-found-within-r10-pass"	"not-approved"	"simulator-product-owner;approved-tool-scope-source;named-approver;approval-date;approved-scope;version-or-sha256-binding"
"R10-A0360"	"R10"	"R10-11"	"slots-simulator/docs/01-requirements/fr-008-single-instance-single-agv.md"	"824424294f17ef514aa9efa9e68e7fc2c89d190922347a2964db37554dc6f2eb"	"line 18"	"FR-008 单实例单 AGV > Description 需求描述"	"单个 AGV 实例内部可按 [[fr-014-multi-io-module-simulation|FR-014]] 配置任意数量的 IO 模块与仓位，不设置产品级固定数量上限；"	"一个模拟器进程实例只模拟一台 AGV 的仓位集合；需要同时模拟多台 AGV 时，通过启动多个独立实例（各自不同端口和配置文件）实现。单个 AGV 实例内部可按 [[fr-014-multi-io-module-simulation|FR-014]] 配置任意数量的 IO 模块与仓位，不设置产品级固定数量上限；实际可配置规模受所选硬件寄存器模板的通道容量、模块监听地址/端口可用性、点位映射完整性和运行机器资源约束。"	"a977b9440de706abdcd6e515233cbd081b8f1d87166212828dc5b9f11ed58383"	"simulator-configuration-or-validation-candidate"	"review-planning-source-without-verifiable-approval-chain"	"slots-simulator-configuration-layout-and-module-topology"	"needs-simulator-product-owner-and-explicit-approval"	"document-route:R10-candidate; unit-kind:markdown-paragraph; source-document-class:SIM-REQ; ledger-history:H-U; see R10 Git history, derivation and status-correction groups"	"none-found-within-r10-pass"	"not-approved"	"simulator-product-owner;approved-tool-scope-source;named-approver;approval-date;approved-scope;version-or-sha256-binding"
"R10-A0361"	"R10"	"R10-11"	"slots-simulator/docs/01-requirements/fr-008-single-instance-single-agv.md"	"824424294f17ef514aa9efa9e68e7fc2c89d190922347a2964db37554dc6f2eb"	"line 18"	"FR-008 单实例单 AGV > Description 需求描述"	"实际可配置规模受所选硬件寄存器模板的通道容量、模块监听地址/端口可用性、点位映射完整性和运行机器资源约束。"	"一个模拟器进程实例只模拟一台 AGV 的仓位集合；需要同时模拟多台 AGV 时，通过启动多个独立实例（各自不同端口和配置文件）实现。单个 AGV 实例内部可按 [[fr-014-multi-io-module-simulation|FR-014]] 配置任意数量的 IO 模块与仓位，不设置产品级固定数量上限；实际可配置规模受所选硬件寄存器模板的通道容量、模块监听地址/端口可用性、点位映射完整性和运行机器资源约束。"	"6e1eea125c6ba4db3a667ab3cf71c0863e22581f62b1cb8aadb29a7fdf5c4014"	"simulator-configuration-or-validation-candidate"	"review-planning-source-without-verifiable-approval-chain"	"slots-simulator-configuration-layout-and-module-topology"	"needs-simulator-product-owner-and-explicit-approval"	"document-route:R10-candidate; unit-kind:markdown-paragraph; source-document-class:SIM-REQ; ledger-history:H-U; see R10 Git history, derivation and status-correction groups"	"GAP-R10-001"	"not-approved"	"simulator-product-owner;approved-tool-scope-source;named-approver;approval-date;approved-scope;version-or-sha256-binding"
"R10-A0362"	"R10"	"R10-11"	"slots-simulator/docs/01-requirements/fr-008-single-instance-single-agv.md"	"824424294f17ef514aa9efa9e68e7fc2c89d190922347a2964db37554dc6f2eb"	"line 22"	"FR-008 单实例单 AGV > Origin 需求来源"	"部署架构决策，详见 [[dr-007-multi-agv-support|DR-007]]。"	"部署架构决策，详见 [[dr-007-multi-agv-support|DR-007]]。"	"dbaa4ac8565d441f900803b3ad19c108214b850c64c1d9215943cdb798afa999"	"source-origin-background-or-traceability-evidence"	"review-planning-source-without-verifiable-approval-chain"	"slots-simulator-development-test-tool-only"	"source-or-traceability-evidence-only"	"document-route:R10-candidate; unit-kind:markdown-paragraph; source-document-class:SIM-REQ; ledger-history:H-U; see R10 Git history, derivation and status-correction groups"	"none-found-within-r10-pass"	"not-approved"	"evidence-only-not-an-approval-unit;named-approver;approval-date;approved-scope;version-or-sha256-binding"
"R10-A0363"	"R10"	"R10-11"	"slots-simulator/docs/01-requirements/fr-008-single-instance-single-agv.md"	"824424294f17ef514aa9efa9e68e7fc2c89d190922347a2964db37554dc6f2eb"	"line 26"	"FR-008 单实例单 AGV > Acceptance Criteria 验收标准"	"同时启动两个配置不同端口的模拟器实例，可分别独立连接和操作，互不干扰。"	"同时启动两个配置不同端口的模拟器实例，可分别独立连接和操作，互不干扰。"	"4b57427f00bccd384e6a05638ad6f74d0ec3f14742b946e04c94224397b84006"	"simulator-configuration-or-validation-candidate"	"review-planning-source-without-verifiable-approval-chain"	"slots-simulator-configuration-layout-and-module-topology"	"needs-simulator-product-owner-and-explicit-approval"	"document-route:R10-candidate; unit-kind:markdown-flow-or-list-item; source-document-class:SIM-REQ; ledger-history:H-U; see R10 Git history, derivation and status-correction groups"	"none-found-within-r10-pass"	"not-approved"	"simulator-product-owner;approved-tool-scope-source;named-approver;approval-date;approved-scope;version-or-sha256-binding"
"R10-A0364"	"R10"	"R10-11"	"slots-simulator/docs/01-requirements/fr-008-single-instance-single-agv.md"	"824424294f17ef514aa9efa9e68e7fc2c89d190922347a2964db37554dc6f2eb"	"line 27"	"FR-008 单实例单 AGV > Acceptance Criteria 验收标准"	"每个进程只暴露其配置所定义的一台 AGV，不在同一进程内复用状态模拟多台 AGV。"	"每个进程只暴露其配置所定义的一台 AGV，不在同一进程内复用状态模拟多台 AGV。"	"84894f754c38a1a887b2369207e0215063f9d22725a53ad780b78cfa6f55a3b2"	"simulator-configuration-or-validation-candidate"	"review-planning-source-without-verifiable-approval-chain"	"slots-simulator-configuration-layout-and-module-topology"	"needs-simulator-product-owner-and-explicit-approval"	"document-route:R10-candidate; unit-kind:markdown-flow-or-list-item; source-document-class:SIM-REQ; ledger-history:H-U; see R10 Git history, derivation and status-correction groups"	"none-found-within-r10-pass"	"not-approved"	"simulator-product-owner;approved-tool-scope-source;named-approver;approval-date;approved-scope;version-or-sha256-binding"
"R10-A0365"	"R10"	"R10-11"	"slots-simulator/docs/01-requirements/fr-008-single-instance-single-agv.md"	"824424294f17ef514aa9efa9e68e7fc2c89d190922347a2964db37554dc6f2eb"	"line 28"	"FR-008 单实例单 AGV > Acceptance Criteria 验收标准"	"单实例可配置多个 IO 模块，且模块数与仓位数不受代码中的固定常量限制。"	"单实例可配置多个 IO 模块，且模块数与仓位数不受代码中的固定常量限制。"	"d87ac4b621473c1eb8279c91b1723078feb8c57e4c70e23a960978f9c15c805e"	"simulator-configuration-or-validation-candidate"	"review-planning-source-without-verifiable-approval-chain"	"slots-simulator-configuration-layout-and-module-topology"	"needs-simulator-product-owner-and-explicit-approval"	"document-route:R10-candidate; unit-kind:markdown-flow-or-list-item; source-document-class:SIM-REQ; ledger-history:H-U; see R10 Git history, derivation and status-correction groups"	"none-found-within-r10-pass"	"not-approved"	"simulator-product-owner;approved-tool-scope-source;named-approver;approval-date;approved-scope;version-or-sha256-binding"
"R10-A0366"	"R10"	"R10-11"	"slots-simulator/docs/01-requirements/fr-008-single-instance-single-agv.md"	"824424294f17ef514aa9efa9e68e7fc2c89d190922347a2964db37554dc6f2eb"	"line 29"	"FR-008 单实例单 AGV > Acceptance Criteria 验收标准"	"超出单模块通道容量时可通过增加模块继续映射仓位；"	"超出单模块通道容量时可通过增加模块继续映射仓位；只有模板容量、地址/端口冲突、映射错误或资源不足可使配置失败，并返回明确原因。"	"33f9c4a668db385f16dea7cf356b03220d7a1eb1294363a6adc099d6f785144f"	"simulator-configuration-or-validation-candidate"	"review-planning-source-without-verifiable-approval-chain"	"slots-simulator-configuration-layout-and-module-topology"	"needs-simulator-product-owner-and-explicit-approval"	"document-route:R10-candidate; unit-kind:markdown-flow-or-list-item; source-document-class:SIM-REQ; ledger-history:H-U; see R10 Git history, derivation and status-correction groups"	"none-found-within-r10-pass"	"not-approved"	"simulator-product-owner;approved-tool-scope-source;named-approver;approval-date;approved-scope;version-or-sha256-binding"
"R10-A0367"	"R10"	"R10-11"	"slots-simulator/docs/01-requirements/fr-008-single-instance-single-agv.md"	"824424294f17ef514aa9efa9e68e7fc2c89d190922347a2964db37554dc6f2eb"	"line 29"	"FR-008 单实例单 AGV > Acceptance Criteria 验收标准"	"只有模板容量、地址/端口冲突、映射错误或资源不足可使配置失败，并返回明确原因。"	"超出单模块通道容量时可通过增加模块继续映射仓位；只有模板容量、地址/端口冲突、映射错误或资源不足可使配置失败，并返回明确原因。"	"b35b1edf7a0f11ec71287e051f71ab302b9a53f81fd0a9ffe13ed3eff5b9af9a"	"simulator-configuration-or-validation-candidate"	"review-planning-source-without-verifiable-approval-chain"	"slots-simulator-configuration-layout-and-module-topology"	"needs-simulator-product-owner-and-explicit-approval"	"document-route:R10-candidate; unit-kind:markdown-flow-or-list-item; source-document-class:SIM-REQ; ledger-history:H-U; see R10 Git history, derivation and status-correction groups"	"GAP-R10-001"	"not-approved"	"simulator-product-owner;approved-tool-scope-source;named-approver;approval-date;approved-scope;version-or-sha256-binding"
"R10-A0368"	"R10"	"R10-11"	"slots-simulator/docs/01-requirements/fr-008-single-instance-single-agv.md"	"824424294f17ef514aa9efa9e68e7fc2c89d190922347a2964db37554dc6f2eb"	"line 30"	"FR-008 单实例单 AGV > Acceptance Criteria 验收标准"	"多实例默认控制 API 均只绑定各自配置的 localhost 端口；"	"多实例默认控制 API 均只绑定各自配置的 localhost 端口；Modbus 模块监听端点按各实例配置隔离。"	"a2daf6e1867b6caff23bb0c519efaa88fbe159427712bff24cc89dcbe7dec773"	"embedded-simulator-technical-design-choice"	"review-planning-source-without-verifiable-approval-chain"	"slots-simulator-development-test-tool-only"	"exclude-from-requirement-approval"	"document-route:R10-candidate; unit-kind:markdown-flow-or-list-item; source-document-class:SIM-REQ; ledger-history:H-U; see R10 Git history, derivation and status-correction groups"	"none-found-within-r10-pass"	"not-approved"	"separate-technical-design-review;approved-simulator-behavior-source-if-mechanism-is-mandatory;named-approver;approval-date;approved-scope;version-or-sha256-binding"
"R10-A0369"	"R10"	"R10-11"	"slots-simulator/docs/01-requirements/fr-008-single-instance-single-agv.md"	"824424294f17ef514aa9efa9e68e7fc2c89d190922347a2964db37554dc6f2eb"	"line 30"	"FR-008 单实例单 AGV > Acceptance Criteria 验收标准"	"Modbus 模块监听端点按各实例配置隔离。"	"多实例默认控制 API 均只绑定各自配置的 localhost 端口；Modbus 模块监听端点按各实例配置隔离。"	"43b12a4ef54af0a7ebf4a6a3b04ddfc9da018c07515a8f08c6cfd5d482da9ddd"	"simulator-configuration-or-validation-candidate"	"review-planning-source-without-verifiable-approval-chain"	"slots-simulator-configuration-layout-and-module-topology"	"needs-simulator-product-owner-and-explicit-approval"	"document-route:R10-candidate; unit-kind:markdown-flow-or-list-item; source-document-class:SIM-REQ; ledger-history:H-U; see R10 Git history, derivation and status-correction groups"	"GAP-R10-001"	"not-approved"	"simulator-product-owner;approved-tool-scope-source;named-approver;approval-date;approved-scope;version-or-sha256-binding"
"R10-A0370"	"R10"	"R10-11"	"slots-simulator/docs/01-requirements/fr-008-single-instance-single-agv.md"	"824424294f17ef514aa9efa9e68e7fc2c89d190922347a2964db37554dc6f2eb"	"line 34"	"FR-008 单实例单 AGV > Related Use Case 关联用例"	"为 UC-001、UC-002、UC-005、UC-006、UC-010 提供单台或多台 AGV 的隔离测试部署方式，本 FR 不实现这些 UC 的业务流程。"	"为 UC-001、UC-002、UC-005、UC-006、UC-010 提供单台或多台 AGV 的隔离测试部署方式，本 FR 不实现这些 UC 的业务流程。"	"f505674be7e6ca072de8c36e6f4eb78d788c2557abd51ce981c867b8a909309f"	"source-origin-background-or-traceability-evidence"	"review-planning-source-without-verifiable-approval-chain"	"slots-simulator-development-test-tool-only"	"source-or-traceability-evidence-only"	"document-route:R10-candidate; unit-kind:markdown-paragraph; source-document-class:SIM-REQ; ledger-history:H-U; see R10 Git history, derivation and status-correction groups"	"BOUND-R10-001"	"not-approved"	"evidence-only-not-an-approval-unit;named-approver;approval-date;approved-scope;version-or-sha256-binding"
"R10-A0371"	"R10"	"R10-11"	"slots-simulator/docs/01-requirements/fr-008-single-instance-single-agv.md"	"824424294f17ef514aa9efa9e68e7fc2c89d190922347a2964db37554dc6f2eb"	"line 38"	"FR-008 单实例单 AGV > Verification 验证方式"	"**TC-FR-008-001（待建立）**：Given 两份使用不同 API/Modbus 端口且仓位配置不同的文件；"	"**TC-FR-008-001（待建立）**：Given 两份使用不同 API/Modbus 端口且仓位配置不同的文件；When 同时启动两个实例并分别操作相同仓位编号；Then 两实例独立响应且状态互不影响。"	"f263df6827365efb880c6c873fa1b3815b456ec29ccac8fa7d1bac32962b257f"	"reserved-verification-plan-evidence"	"review-planning-source-without-verifiable-approval-chain"	"slots-simulator-development-test-tool-only"	"test-plan-evidence-only"	"document-route:R10-candidate; unit-kind:markdown-flow-or-list-item; source-document-class:SIM-REQ; ledger-history:H-U; see R10 Git history, derivation and status-correction groups"	"GAP-R10-001"	"not-approved"	"evidence-only-not-an-approval-unit;named-approver;approval-date;approved-scope;version-or-sha256-binding"
"R10-A0372"	"R10"	"R10-11"	"slots-simulator/docs/01-requirements/fr-008-single-instance-single-agv.md"	"824424294f17ef514aa9efa9e68e7fc2c89d190922347a2964db37554dc6f2eb"	"line 38"	"FR-008 单实例单 AGV > Verification 验证方式"	"When 同时启动两个实例并分别操作相同仓位编号；"	"**TC-FR-008-001（待建立）**：Given 两份使用不同 API/Modbus 端口且仓位配置不同的文件；When 同时启动两个实例并分别操作相同仓位编号；Then 两实例独立响应且状态互不影响。"	"b06885cca9d6d03c902122411a9b4fbdca17aed2cb5d797452480fa76e5e4e9a"	"reserved-verification-plan-evidence"	"review-planning-source-without-verifiable-approval-chain"	"slots-simulator-development-test-tool-only"	"test-plan-evidence-only"	"document-route:R10-candidate; unit-kind:markdown-flow-or-list-item; source-document-class:SIM-REQ; ledger-history:H-U; see R10 Git history, derivation and status-correction groups"	"none-found-within-r10-pass"	"not-approved"	"evidence-only-not-an-approval-unit;named-approver;approval-date;approved-scope;version-or-sha256-binding"
"R10-A0373"	"R10"	"R10-11"	"slots-simulator/docs/01-requirements/fr-008-single-instance-single-agv.md"	"824424294f17ef514aa9efa9e68e7fc2c89d190922347a2964db37554dc6f2eb"	"line 38"	"FR-008 单实例单 AGV > Verification 验证方式"	"Then 两实例独立响应且状态互不影响。"	"**TC-FR-008-001（待建立）**：Given 两份使用不同 API/Modbus 端口且仓位配置不同的文件；When 同时启动两个实例并分别操作相同仓位编号；Then 两实例独立响应且状态互不影响。"	"5ce37ac28a8d69fe87ddb8a2b794369bb7c727dee1048b353e107718e992eabb"	"reserved-verification-plan-evidence"	"review-planning-source-without-verifiable-approval-chain"	"slots-simulator-development-test-tool-only"	"test-plan-evidence-only"	"document-route:R10-candidate; unit-kind:markdown-flow-or-list-item; source-document-class:SIM-REQ; ledger-history:H-U; see R10 Git history, derivation and status-correction groups"	"none-found-within-r10-pass"	"not-approved"	"evidence-only-not-an-approval-unit;named-approver;approval-date;approved-scope;version-or-sha256-binding"
"R10-A0374"	"R10"	"R10-11"	"slots-simulator/docs/01-requirements/fr-008-single-instance-single-agv.md"	"824424294f17ef514aa9efa9e68e7fc2c89d190922347a2964db37554dc6f2eb"	"line 39"	"FR-008 单实例单 AGV > Verification 验证方式"	"**TC-FR-008-002（待建立）**：Given 硬件模板、可用端口和机器资源满足要求；"	"**TC-FR-008-002（待建立）**：Given 硬件模板、可用端口和机器资源满足要求；When 配置多个模块及超过单模块容量的仓位并启动实例；Then 所有模块和仓位均可用，系统不因固定数量上限拒绝。"	"854b23460e1eb2ce318f0e27bc473b903a742836cd84c435480fd6e42cf774c0"	"reserved-verification-plan-evidence"	"review-planning-source-without-verifiable-approval-chain"	"slots-simulator-development-test-tool-only"	"test-plan-evidence-only"	"document-route:R10-candidate; unit-kind:markdown-flow-or-list-item; source-document-class:SIM-REQ; ledger-history:H-U; see R10 Git history, derivation and status-correction groups"	"none-found-within-r10-pass"	"not-approved"	"evidence-only-not-an-approval-unit;named-approver;approval-date;approved-scope;version-or-sha256-binding"
"R10-A0375"	"R10"	"R10-11"	"slots-simulator/docs/01-requirements/fr-008-single-instance-single-agv.md"	"824424294f17ef514aa9efa9e68e7fc2c89d190922347a2964db37554dc6f2eb"	"line 39"	"FR-008 单实例单 AGV > Verification 验证方式"	"When 配置多个模块及超过单模块容量的仓位并启动实例；"	"**TC-FR-008-002（待建立）**：Given 硬件模板、可用端口和机器资源满足要求；When 配置多个模块及超过单模块容量的仓位并启动实例；Then 所有模块和仓位均可用，系统不因固定数量上限拒绝。"	"97f11c925656490c26c0bbdc7863379484465f2fbc41abac1e2e6b160e125015"	"reserved-verification-plan-evidence"	"review-planning-source-without-verifiable-approval-chain"	"slots-simulator-development-test-tool-only"	"test-plan-evidence-only"	"document-route:R10-candidate; unit-kind:markdown-flow-or-list-item; source-document-class:SIM-REQ; ledger-history:H-U; see R10 Git history, derivation and status-correction groups"	"none-found-within-r10-pass"	"not-approved"	"evidence-only-not-an-approval-unit;named-approver;approval-date;approved-scope;version-or-sha256-binding"
"R10-A0376"	"R10"	"R10-11"	"slots-simulator/docs/01-requirements/fr-008-single-instance-single-agv.md"	"824424294f17ef514aa9efa9e68e7fc2c89d190922347a2964db37554dc6f2eb"	"line 39"	"FR-008 单实例单 AGV > Verification 验证方式"	"Then 所有模块和仓位均可用，系统不因固定数量上限拒绝。"	"**TC-FR-008-002（待建立）**：Given 硬件模板、可用端口和机器资源满足要求；When 配置多个模块及超过单模块容量的仓位并启动实例；Then 所有模块和仓位均可用，系统不因固定数量上限拒绝。"	"6b0f80c9b7193e725a9bb51ac51580b1a8e17639b91fa2ba42925ed972e6f538"	"reserved-verification-plan-evidence"	"review-planning-source-without-verifiable-approval-chain"	"slots-simulator-development-test-tool-only"	"test-plan-evidence-only"	"document-route:R10-candidate; unit-kind:markdown-flow-or-list-item; source-document-class:SIM-REQ; ledger-history:H-U; see R10 Git history, derivation and status-correction groups"	"none-found-within-r10-pass"	"not-approved"	"evidence-only-not-an-approval-unit;named-approver;approval-date;approved-scope;version-or-sha256-binding"
"R10-A0377"	"R10"	"R10-11"	"slots-simulator/docs/01-requirements/fr-008-single-instance-single-agv.md"	"824424294f17ef514aa9efa9e68e7fc2c89d190922347a2964db37554dc6f2eb"	"line 40"	"FR-008 单实例单 AGV > Verification 验证方式"	"**TC-FR-008-003（待建立）**：Given 两个模块配置了相同监听端口或仓位映射超出模板通道；"	"**TC-FR-008-003（待建立）**：Given 两个模块配置了相同监听端口或仓位映射超出模板通道；When 校验或加载配置；Then 启动被拒绝并明确指出端口或模板约束，不产生部分运行实例。"	"592a099b99925c78bb8742bcde0e413bbfec76063ad6265e1519b732b8260c5f"	"reserved-verification-plan-evidence"	"review-planning-source-without-verifiable-approval-chain"	"slots-simulator-development-test-tool-only"	"test-plan-evidence-only"	"document-route:R10-candidate; unit-kind:markdown-flow-or-list-item; source-document-class:SIM-REQ; ledger-history:H-U; see R10 Git history, derivation and status-correction groups"	"none-found-within-r10-pass"	"not-approved"	"evidence-only-not-an-approval-unit;named-approver;approval-date;approved-scope;version-or-sha256-binding"
"R10-A0378"	"R10"	"R10-11"	"slots-simulator/docs/01-requirements/fr-008-single-instance-single-agv.md"	"824424294f17ef514aa9efa9e68e7fc2c89d190922347a2964db37554dc6f2eb"	"line 40"	"FR-008 单实例单 AGV > Verification 验证方式"	"When 校验或加载配置；"	"**TC-FR-008-003（待建立）**：Given 两个模块配置了相同监听端口或仓位映射超出模板通道；When 校验或加载配置；Then 启动被拒绝并明确指出端口或模板约束，不产生部分运行实例。"	"ecdd35ba6558dc9d138dbbe4e537b753575cf62effc946baf229e6fd16018b45"	"reserved-verification-plan-evidence"	"review-planning-source-without-verifiable-approval-chain"	"slots-simulator-development-test-tool-only"	"test-plan-evidence-only"	"document-route:R10-candidate; unit-kind:markdown-flow-or-list-item; source-document-class:SIM-REQ; ledger-history:H-U; see R10 Git history, derivation and status-correction groups"	"none-found-within-r10-pass"	"not-approved"	"evidence-only-not-an-approval-unit;named-approver;approval-date;approved-scope;version-or-sha256-binding"
"R10-A0379"	"R10"	"R10-11"	"slots-simulator/docs/01-requirements/fr-008-single-instance-single-agv.md"	"824424294f17ef514aa9efa9e68e7fc2c89d190922347a2964db37554dc6f2eb"	"line 40"	"FR-008 单实例单 AGV > Verification 验证方式"	"Then 启动被拒绝并明确指出端口或模板约束，不产生部分运行实例。"	"**TC-FR-008-003（待建立）**：Given 两个模块配置了相同监听端口或仓位映射超出模板通道；When 校验或加载配置；Then 启动被拒绝并明确指出端口或模板约束，不产生部分运行实例。"	"acd3624622e602126e1b55c6bef67b7d4b456fddea6459b8763f3c55ed565516"	"reserved-verification-plan-evidence"	"review-planning-source-without-verifiable-approval-chain"	"slots-simulator-development-test-tool-only"	"test-plan-evidence-only"	"document-route:R10-candidate; unit-kind:markdown-flow-or-list-item; source-document-class:SIM-REQ; ledger-history:H-U; see R10 Git history, derivation and status-correction groups"	"none-found-within-r10-pass"	"not-approved"	"evidence-only-not-an-approval-unit;named-approver;approval-date;approved-scope;version-or-sha256-binding"
"R10-A0380"	"R10"	"R10-11"	"slots-simulator/docs/01-requirements/fr-008-single-instance-single-agv.md"	"824424294f17ef514aa9efa9e68e7fc2c89d190922347a2964db37554dc6f2eb"	"line 41"	"FR-008 单实例单 AGV > Verification 验证方式"	"**TC-FR-008-004（待建立）**：Given 实例使用默认控制 API 监听配置；"	"**TC-FR-008-004（待建立）**：Given 实例使用默认控制 API 监听配置；When 从本机与非本机分别访问；Then 仅本机可访问，同时该实例各 Modbus 端点仍按模块配置监听。"	"f00bf5d5961b74e4de33ddb4548b1c31e56ecace826e417943e334d7bf440a44"	"reserved-verification-plan-evidence"	"review-planning-source-without-verifiable-approval-chain"	"slots-simulator-development-test-tool-only"	"test-plan-evidence-only"	"document-route:R10-candidate; unit-kind:markdown-flow-or-list-item; source-document-class:SIM-REQ; ledger-history:H-U; see R10 Git history, derivation and status-correction groups"	"none-found-within-r10-pass"	"not-approved"	"evidence-only-not-an-approval-unit;named-approver;approval-date;approved-scope;version-or-sha256-binding"
"R10-A0381"	"R10"	"R10-11"	"slots-simulator/docs/01-requirements/fr-008-single-instance-single-agv.md"	"824424294f17ef514aa9efa9e68e7fc2c89d190922347a2964db37554dc6f2eb"	"line 41"	"FR-008 单实例单 AGV > Verification 验证方式"	"When 从本机与非本机分别访问；"	"**TC-FR-008-004（待建立）**：Given 实例使用默认控制 API 监听配置；When 从本机与非本机分别访问；Then 仅本机可访问，同时该实例各 Modbus 端点仍按模块配置监听。"	"cb770cc733d3591170fe50b4e3207b381161555080d6dfb6476383b6074c9759"	"reserved-verification-plan-evidence"	"review-planning-source-without-verifiable-approval-chain"	"slots-simulator-development-test-tool-only"	"test-plan-evidence-only"	"document-route:R10-candidate; unit-kind:markdown-flow-or-list-item; source-document-class:SIM-REQ; ledger-history:H-U; see R10 Git history, derivation and status-correction groups"	"none-found-within-r10-pass"	"not-approved"	"evidence-only-not-an-approval-unit;named-approver;approval-date;approved-scope;version-or-sha256-binding"
"R10-A0382"	"R10"	"R10-11"	"slots-simulator/docs/01-requirements/fr-008-single-instance-single-agv.md"	"824424294f17ef514aa9efa9e68e7fc2c89d190922347a2964db37554dc6f2eb"	"line 41"	"FR-008 单实例单 AGV > Verification 验证方式"	"Then 仅本机可访问，同时该实例各 Modbus 端点仍按模块配置监听。"	"**TC-FR-008-004（待建立）**：Given 实例使用默认控制 API 监听配置；When 从本机与非本机分别访问；Then 仅本机可访问，同时该实例各 Modbus 端点仍按模块配置监听。"	"599412d9305e686d7c4e701a1e97f05d6d6ae93829ea7410c384503eb25a63e1"	"reserved-verification-plan-evidence"	"review-planning-source-without-verifiable-approval-chain"	"slots-simulator-development-test-tool-only"	"test-plan-evidence-only"	"document-route:R10-candidate; unit-kind:markdown-flow-or-list-item; source-document-class:SIM-REQ; ledger-history:H-U; see R10 Git history, derivation and status-correction groups"	"GAP-R10-001"	"not-approved"	"evidence-only-not-an-approval-unit;named-approver;approval-date;approved-scope;version-or-sha256-binding"
"R10-A0383"	"R10"	"R10-12"	"slots-simulator/docs/01-requirements/fr-009-headless-host.md"	"54308a5ea4def14275f89a64bc86cc793937e97f599b6b93558583a898a74eee"	"line 18"	"FR-009 无 GUI 独立运行能力（Headless Host） > Description 需求描述"	"模拟器核心逻辑（状态机、多个 Modbus TCP Slave、HTTP/JSON 控制 API）可以在不启动 WPF 界面的情况下独立运行（如控制台程序），供未来接入 CI 或其他无人值守场景使用。"	"模拟器核心逻辑（状态机、多个 Modbus TCP Slave、HTTP/JSON 控制 API）可以在不启动 WPF 界面的情况下独立运行（如控制台程序），供未来接入 CI 或其他无人值守场景使用。WPF 面板（[[fr-007-wpf-visualization-panel|FR-007]]）只是核心逻辑的一种可选客户端，不是必须的启动入口。Headless 与 WPF 模式加载同一份 JSON 配置并使用同一套运行核心；控制 API 默认仅绑定 localhost。"	"2a65398d7e66d444b480b90bb0b7747fa0752bf2006d5fe0b601fa2f4186d1c5"	"embedded-simulator-technical-design-choice"	"review-planning-source-without-verifiable-approval-chain"	"slots-simulator-development-test-tool-only"	"exclude-from-requirement-approval"	"document-route:R10-candidate; unit-kind:markdown-paragraph; source-document-class:SIM-REQ; ledger-history:H-U; see R10 Git history, derivation and status-correction groups"	"GAP-R10-001"	"not-approved"	"separate-technical-design-review;approved-simulator-behavior-source-if-mechanism-is-mandatory;named-approver;approval-date;approved-scope;version-or-sha256-binding"
"R10-A0384"	"R10"	"R10-12"	"slots-simulator/docs/01-requirements/fr-009-headless-host.md"	"54308a5ea4def14275f89a64bc86cc793937e97f599b6b93558583a898a74eee"	"line 18"	"FR-009 无 GUI 独立运行能力（Headless Host） > Description 需求描述"	"WPF 面板（[[fr-007-wpf-visualization-panel|FR-007]]）只是核心逻辑的一种可选客户端，不是必须的启动入口。"	"模拟器核心逻辑（状态机、多个 Modbus TCP Slave、HTTP/JSON 控制 API）可以在不启动 WPF 界面的情况下独立运行（如控制台程序），供未来接入 CI 或其他无人值守场景使用。WPF 面板（[[fr-007-wpf-visualization-panel|FR-007]]）只是核心逻辑的一种可选客户端，不是必须的启动入口。Headless 与 WPF 模式加载同一份 JSON 配置并使用同一套运行核心；控制 API 默认仅绑定 localhost。"	"cc313ea302947d50787be8d9c289cac5f8828e164491339eda3b27196f01d1e1"	"embedded-simulator-technical-design-choice"	"review-planning-source-without-verifiable-approval-chain"	"slots-simulator-development-test-tool-only"	"exclude-from-requirement-approval"	"document-route:R10-candidate; unit-kind:markdown-paragraph; source-document-class:SIM-REQ; ledger-history:H-U; see R10 Git history, derivation and status-correction groups"	"none-found-within-r10-pass"	"not-approved"	"separate-technical-design-review;approved-simulator-behavior-source-if-mechanism-is-mandatory;named-approver;approval-date;approved-scope;version-or-sha256-binding"
"R10-A0385"	"R10"	"R10-12"	"slots-simulator/docs/01-requirements/fr-009-headless-host.md"	"54308a5ea4def14275f89a64bc86cc793937e97f599b6b93558583a898a74eee"	"line 18"	"FR-009 无 GUI 独立运行能力（Headless Host） > Description 需求描述"	"Headless 与 WPF 模式加载同一份 JSON 配置并使用同一套运行核心；"	"模拟器核心逻辑（状态机、多个 Modbus TCP Slave、HTTP/JSON 控制 API）可以在不启动 WPF 界面的情况下独立运行（如控制台程序），供未来接入 CI 或其他无人值守场景使用。WPF 面板（[[fr-007-wpf-visualization-panel|FR-007]]）只是核心逻辑的一种可选客户端，不是必须的启动入口。Headless 与 WPF 模式加载同一份 JSON 配置并使用同一套运行核心；控制 API 默认仅绑定 localhost。"	"56d716c811172b4c6ca004aaceb2b1f978d4cb9180898ad9250fe82b931a7326"	"embedded-simulator-technical-design-choice"	"review-planning-source-without-verifiable-approval-chain"	"slots-simulator-development-test-tool-only"	"exclude-from-requirement-approval"	"document-route:R10-candidate; unit-kind:markdown-paragraph; source-document-class:SIM-REQ; ledger-history:H-U; see R10 Git history, derivation and status-correction groups"	"none-found-within-r10-pass"	"not-approved"	"separate-technical-design-review;approved-simulator-behavior-source-if-mechanism-is-mandatory;named-approver;approval-date;approved-scope;version-or-sha256-binding"
"R10-A0386"	"R10"	"R10-12"	"slots-simulator/docs/01-requirements/fr-009-headless-host.md"	"54308a5ea4def14275f89a64bc86cc793937e97f599b6b93558583a898a74eee"	"line 18"	"FR-009 无 GUI 独立运行能力（Headless Host） > Description 需求描述"	"控制 API 默认仅绑定 localhost。"	"模拟器核心逻辑（状态机、多个 Modbus TCP Slave、HTTP/JSON 控制 API）可以在不启动 WPF 界面的情况下独立运行（如控制台程序），供未来接入 CI 或其他无人值守场景使用。WPF 面板（[[fr-007-wpf-visualization-panel|FR-007]]）只是核心逻辑的一种可选客户端，不是必须的启动入口。Headless 与 WPF 模式加载同一份 JSON 配置并使用同一套运行核心；控制 API 默认仅绑定 localhost。"	"1bdeefa88658e8e9273750b8b6bf11c400e5d6f42d33ff255ed484ed119f8a2d"	"embedded-simulator-technical-design-choice"	"review-planning-source-without-verifiable-approval-chain"	"slots-simulator-development-test-tool-only"	"exclude-from-requirement-approval"	"document-route:R10-candidate; unit-kind:markdown-paragraph; source-document-class:SIM-REQ; ledger-history:H-U; see R10 Git history, derivation and status-correction groups"	"none-found-within-r10-pass"	"not-approved"	"separate-technical-design-review;approved-simulator-behavior-source-if-mechanism-is-mandatory;named-approver;approval-date;approved-scope;version-or-sha256-binding"
"R10-A0387"	"R10"	"R10-12"	"slots-simulator/docs/01-requirements/fr-009-headless-host.md"	"54308a5ea4def14275f89a64bc86cc793937e97f599b6b93558583a898a74eee"	"line 22"	"FR-009 无 GUI 独立运行能力（Headless Host） > Origin 需求来源"	"服务于 `../00-vision/vision-and-scope.md` 第 2 节第 8 点""CI 接入能力（架构预留）""；"	"服务于 `../00-vision/vision-and-scope.md` 第 2 节第 8 点""CI 接入能力（架构预留）""；理由详见 [[dr-008-ci-readiness|DR-008]]。"	"5ef631b67191673f6c72bde1fa346efcdad30c8f6db6470777da03e6939170bf"	"source-origin-background-or-traceability-evidence"	"review-planning-source-without-verifiable-approval-chain"	"slots-simulator-development-test-tool-only"	"source-or-traceability-evidence-only"	"document-route:R10-candidate; unit-kind:markdown-paragraph; source-document-class:SIM-REQ; ledger-history:H-U; see R10 Git history, derivation and status-correction groups"	"none-found-within-r10-pass"	"not-approved"	"evidence-only-not-an-approval-unit;named-approver;approval-date;approved-scope;version-or-sha256-binding"
"R10-A0388"	"R10"	"R10-12"	"slots-simulator/docs/01-requirements/fr-009-headless-host.md"	"54308a5ea4def14275f89a64bc86cc793937e97f599b6b93558583a898a74eee"	"line 22"	"FR-009 无 GUI 独立运行能力（Headless Host） > Origin 需求来源"	"理由详见 [[dr-008-ci-readiness|DR-008]]。"	"服务于 `../00-vision/vision-and-scope.md` 第 2 节第 8 点""CI 接入能力（架构预留）""；理由详见 [[dr-008-ci-readiness|DR-008]]。"	"e0f405f2772422d71e469a9cc4995ba00aefd0aca0c3b192039e62129709fe9b"	"source-origin-background-or-traceability-evidence"	"review-planning-source-without-verifiable-approval-chain"	"slots-simulator-development-test-tool-only"	"source-or-traceability-evidence-only"	"document-route:R10-candidate; unit-kind:markdown-paragraph; source-document-class:SIM-REQ; ledger-history:H-U; see R10 Git history, derivation and status-correction groups"	"none-found-within-r10-pass"	"not-approved"	"evidence-only-not-an-approval-unit;named-approver;approval-date;approved-scope;version-or-sha256-binding"
"R10-A0389"	"R10"	"R10-12"	"slots-simulator/docs/01-requirements/fr-009-headless-host.md"	"54308a5ea4def14275f89a64bc86cc793937e97f599b6b93558583a898a74eee"	"line 26"	"FR-009 无 GUI 独立运行能力（Headless Host） > Acceptance Criteria 验收标准"	"提供一种不依赖 WPF、不需要桌面会话即可启动的方式，加载与 WPF 模式相同的核心逻辑（状态机、全部 Modbus Slave、控制 API）。"	"提供一种不依赖 WPF、不需要桌面会话即可启动的方式，加载与 WPF 模式相同的核心逻辑（状态机、全部 Modbus Slave、控制 API）。"	"19b42aaaae0dfd512eae2a8d9f5156ba19d1d840e15ea10228008013656edd10"	"embedded-simulator-technical-design-choice"	"review-planning-source-without-verifiable-approval-chain"	"slots-simulator-development-test-tool-only"	"exclude-from-requirement-approval"	"document-route:R10-candidate; unit-kind:markdown-flow-or-list-item; source-document-class:SIM-REQ; ledger-history:H-U; see R10 Git history, derivation and status-correction groups"	"GAP-R10-001"	"not-approved"	"separate-technical-design-review;approved-simulator-behavior-source-if-mechanism-is-mandatory;named-approver;approval-date;approved-scope;version-or-sha256-binding"
"R10-A0390"	"R10"	"R10-12"	"slots-simulator/docs/01-requirements/fr-009-headless-host.md"	"54308a5ea4def14275f89a64bc86cc793937e97f599b6b93558583a898a74eee"	"line 27"	"FR-009 无 GUI 独立运行能力（Headless Host） > Acceptance Criteria 验收标准"	"该方式下 Modbus Slave 和控制 API 的行为与 WPF 模式下完全一致，被测系统无法区分二者差异。"	"该方式下 Modbus Slave 和控制 API 的行为与 WPF 模式下完全一致，被测系统无法区分二者差异。"	"3460640c3cd6e495ba28e273a7a770ea978d7b01c7d3a74a00543be40d7c202b"	"embedded-simulator-technical-design-choice"	"review-planning-source-without-verifiable-approval-chain"	"slots-simulator-development-test-tool-only"	"exclude-from-requirement-approval"	"document-route:R10-candidate; unit-kind:markdown-flow-or-list-item; source-document-class:SIM-REQ; ledger-history:H-U; see R10 Git history, derivation and status-correction groups"	"GAP-R10-001"	"not-approved"	"separate-technical-design-review;approved-simulator-behavior-source-if-mechanism-is-mandatory;named-approver;approval-date;approved-scope;version-or-sha256-binding"
"R10-A0391"	"R10"	"R10-12"	"slots-simulator/docs/01-requirements/fr-009-headless-host.md"	"54308a5ea4def14275f89a64bc86cc793937e97f599b6b93558583a898a74eee"	"line 28"	"FR-009 无 GUI 独立运行能力（Headless Host） > Acceptance Criteria 验收标准"	"Headless 模式支持同仓位动作串行、不同仓位动作并行，行为与 WPF 模式一致。"	"Headless 模式支持同仓位动作串行、不同仓位动作并行，行为与 WPF 模式一致。"	"38481e34c48d7d4d0e2353d2c2f712dcd484c8be34add5ba38bb5a654de4989a"	"embedded-simulator-technical-design-choice"	"review-planning-source-without-verifiable-approval-chain"	"slots-simulator-development-test-tool-only"	"exclude-from-requirement-approval"	"document-route:R10-candidate; unit-kind:markdown-flow-or-list-item; source-document-class:SIM-REQ; ledger-history:H-U; see R10 Git history, derivation and status-correction groups"	"none-found-within-r10-pass"	"not-approved"	"separate-technical-design-review;approved-simulator-behavior-source-if-mechanism-is-mandatory;named-approver;approval-date;approved-scope;version-or-sha256-binding"
"R10-A0392"	"R10"	"R10-12"	"slots-simulator/docs/01-requirements/fr-009-headless-host.md"	"54308a5ea4def14275f89a64bc86cc793937e97f599b6b93558583a898a74eee"	"line 29"	"FR-009 无 GUI 独立运行能力（Headless Host） > Acceptance Criteria 验收标准"	"控制 API 默认仅监听 localhost；"	"控制 API 默认仅监听 localhost；只有配置显式指定其他监听地址时才允许远程访问。"	"2893e155b897be4e9134cb0fb6eba7e0f757b3e6d9ec1aff4d390a5fccae6c6f"	"embedded-simulator-technical-design-choice"	"review-planning-source-without-verifiable-approval-chain"	"slots-simulator-development-test-tool-only"	"exclude-from-requirement-approval"	"document-route:R10-candidate; unit-kind:markdown-flow-or-list-item; source-document-class:SIM-REQ; ledger-history:H-U; see R10 Git history, derivation and status-correction groups"	"none-found-within-r10-pass"	"not-approved"	"separate-technical-design-review;approved-simulator-behavior-source-if-mechanism-is-mandatory;named-approver;approval-date;approved-scope;version-or-sha256-binding"
"R10-A0393"	"R10"	"R10-12"	"slots-simulator/docs/01-requirements/fr-009-headless-host.md"	"54308a5ea4def14275f89a64bc86cc793937e97f599b6b93558583a898a74eee"	"line 29"	"FR-009 无 GUI 独立运行能力（Headless Host） > Acceptance Criteria 验收标准"	"只有配置显式指定其他监听地址时才允许远程访问。"	"控制 API 默认仅监听 localhost；只有配置显式指定其他监听地址时才允许远程访问。"	"e00e5f2e16c1f848b07e23f827b24cf5becb0e7dd03fe377beb2a2a1ed705d8f"	"simulator-configuration-or-validation-candidate"	"review-planning-source-without-verifiable-approval-chain"	"slots-simulator-configuration-layout-and-module-topology"	"needs-simulator-product-owner-and-explicit-approval"	"document-route:R10-candidate; unit-kind:markdown-flow-or-list-item; source-document-class:SIM-REQ; ledger-history:H-U; see R10 Git history, derivation and status-correction groups"	"GAP-R10-001"	"not-approved"	"simulator-product-owner;approved-tool-scope-source;named-approver;approval-date;approved-scope;version-or-sha256-binding"
"R10-A0394"	"R10"	"R10-12"	"slots-simulator/docs/01-requirements/fr-009-headless-host.md"	"54308a5ea4def14275f89a64bc86cc793937e97f599b6b93558583a898a74eee"	"line 30"	"FR-009 无 GUI 独立运行能力（Headless Host） > Acceptance Criteria 验收标准"	"Headless 模式不设置固定模块数或仓位数上限，规模约束与 WPF 模式一致，仅来自硬件模板、端口、映射和机器资源。"	"Headless 模式不设置固定模块数或仓位数上限，规模约束与 WPF 模式一致，仅来自硬件模板、端口、映射和机器资源。"	"0f1b65f0381acb3d3b313450736503afdf3aab3a1c6cca84e4049e52954f1394"	"embedded-simulator-technical-design-choice"	"review-planning-source-without-verifiable-approval-chain"	"slots-simulator-development-test-tool-only"	"exclude-from-requirement-approval"	"document-route:R10-candidate; unit-kind:markdown-flow-or-list-item; source-document-class:SIM-REQ; ledger-history:H-U; see R10 Git history, derivation and status-correction groups"	"none-found-within-r10-pass"	"not-approved"	"separate-technical-design-review;approved-simulator-behavior-source-if-mechanism-is-mandatory;named-approver;approval-date;approved-scope;version-or-sha256-binding"
"R10-A0395"	"R10"	"R10-12"	"slots-simulator/docs/01-requirements/fr-009-headless-host.md"	"54308a5ea4def14275f89a64bc86cc793937e97f599b6b93558583a898a74eee"	"line 31"	"FR-009 无 GUI 独立运行能力（Headless Host） > Acceptance Criteria 验收标准"	"Headless 模式能加载 WPF 保存的 JSON 配置；"	"Headless 模式能加载 WPF 保存的 JSON 配置；WPF 保存并热重载配置不要求 Headless 进程同步接收该变更，独立进程在各自加载配置时生效。"	"f557a258059f49cee42826631d23ebc69a396ba36e292fee7d3e0a602651e3a8"	"embedded-simulator-technical-design-choice"	"review-planning-source-without-verifiable-approval-chain"	"slots-simulator-development-test-tool-only"	"exclude-from-requirement-approval"	"document-route:R10-candidate; unit-kind:markdown-flow-or-list-item; source-document-class:SIM-REQ; ledger-history:H-U; see R10 Git history, derivation and status-correction groups"	"none-found-within-r10-pass"	"not-approved"	"separate-technical-design-review;approved-simulator-behavior-source-if-mechanism-is-mandatory;named-approver;approval-date;approved-scope;version-or-sha256-binding"
"R10-A0396"	"R10"	"R10-12"	"slots-simulator/docs/01-requirements/fr-009-headless-host.md"	"54308a5ea4def14275f89a64bc86cc793937e97f599b6b93558583a898a74eee"	"line 31"	"FR-009 无 GUI 独立运行能力（Headless Host） > Acceptance Criteria 验收标准"	"WPF 保存并热重载配置不要求 Headless 进程同步接收该变更，独立进程在各自加载配置时生效。"	"Headless 模式能加载 WPF 保存的 JSON 配置；WPF 保存并热重载配置不要求 Headless 进程同步接收该变更，独立进程在各自加载配置时生效。"	"683e0e9697ff288382e7918cc74bb4bf2ac4e8c0e0835d6843a917fb93f38cec"	"embedded-simulator-technical-design-choice"	"review-planning-source-without-verifiable-approval-chain"	"slots-simulator-development-test-tool-only"	"exclude-from-requirement-approval"	"document-route:R10-candidate; unit-kind:markdown-flow-or-list-item; source-document-class:SIM-REQ; ledger-history:H-U; see R10 Git history, derivation and status-correction groups"	"none-found-within-r10-pass"	"not-approved"	"separate-technical-design-review;approved-simulator-behavior-source-if-mechanism-is-mandatory;named-approver;approval-date;approved-scope;version-or-sha256-binding"
"R10-A0397"	"R10"	"R10-12"	"slots-simulator/docs/01-requirements/fr-009-headless-host.md"	"54308a5ea4def14275f89a64bc86cc793937e97f599b6b93558583a898a74eee"	"line 32"	"FR-009 无 GUI 独立运行能力（Headless Host） > Acceptance Criteria 验收标准"	"当前只要求这个能力存在，不要求真正接入某个 CI 系统。"	"当前只要求这个能力存在，不要求真正接入某个 CI 系统。"	"5593fade4f940ac9aa7a1451cd1e56f57e591bb99b88ee6d45897227faca5094"	"simulator-testability-or-operability-candidate"	"review-planning-source-without-verifiable-approval-chain"	"slots-simulator-development-test-tool-only"	"needs-simulator-product-owner-and-explicit-approval"	"document-route:R10-candidate; unit-kind:markdown-flow-or-list-item; source-document-class:SIM-REQ; ledger-history:H-U; see R10 Git history, derivation and status-correction groups"	"none-found-within-r10-pass"	"not-approved"	"simulator-product-owner;approved-tool-scope-source;named-approver;approval-date;approved-scope;version-or-sha256-binding"
"R10-A0398"	"R10"	"R10-12"	"slots-simulator/docs/01-requirements/fr-009-headless-host.md"	"54308a5ea4def14275f89a64bc86cc793937e97f599b6b93558583a898a74eee"	"line 36"	"FR-009 无 GUI 独立运行能力（Headless Host） > Related Use Case 关联用例"	"为 UC-001、UC-002、UC-005、UC-006、UC-010 提供无人值守自动化运行载体，不直接实现主系统业务流程。"	"为 UC-001、UC-002、UC-005、UC-006、UC-010 提供无人值守自动化运行载体，不直接实现主系统业务流程。"	"2da723047c6e9545cd175e1d8681b24fb1f2425f900280cf74a42e4b20d5bd2d"	"source-origin-background-or-traceability-evidence"	"review-planning-source-without-verifiable-approval-chain"	"slots-simulator-development-test-tool-only"	"source-or-traceability-evidence-only"	"document-route:R10-candidate; unit-kind:markdown-paragraph; source-document-class:SIM-REQ; ledger-history:H-U; see R10 Git history, derivation and status-correction groups"	"BOUND-R10-001"	"not-approved"	"evidence-only-not-an-approval-unit;named-approver;approval-date;approved-scope;version-or-sha256-binding"
"R10-A0399"	"R10"	"R10-12"	"slots-simulator/docs/01-requirements/fr-009-headless-host.md"	"54308a5ea4def14275f89a64bc86cc793937e97f599b6b93558583a898a74eee"	"line 40"	"FR-009 无 GUI 独立运行能力（Headless Host） > Verification 验证方式"	"**TC-FR-009-001（待建立）**：Given 一份包含多个 IO 模块和仓位的 JSON 配置；"	"**TC-FR-009-001（待建立）**：Given 一份包含多个 IO 模块和仓位的 JSON 配置；When 在无桌面会话环境启动 Headless Host；Then 所有 Modbus 端点、状态机和 HTTP/JSON 控制 API 均就绪且不启动 WPF。"	"14a0385d8f944b5da96de9a47f18cadc719f20cad616b3cff5bda68005bbf10c"	"reserved-verification-plan-evidence"	"review-planning-source-without-verifiable-approval-chain"	"slots-simulator-development-test-tool-only"	"test-plan-evidence-only"	"document-route:R10-candidate; unit-kind:markdown-flow-or-list-item; source-document-class:SIM-REQ; ledger-history:H-U; see R10 Git history, derivation and status-correction groups"	"none-found-within-r10-pass"	"not-approved"	"evidence-only-not-an-approval-unit;named-approver;approval-date;approved-scope;version-or-sha256-binding"
"R10-A0400"	"R10"	"R10-12"	"slots-simulator/docs/01-requirements/fr-009-headless-host.md"	"54308a5ea4def14275f89a64bc86cc793937e97f599b6b93558583a898a74eee"	"line 40"	"FR-009 无 GUI 独立运行能力（Headless Host） > Verification 验证方式"	"When 在无桌面会话环境启动 Headless Host；"	"**TC-FR-009-001（待建立）**：Given 一份包含多个 IO 模块和仓位的 JSON 配置；When 在无桌面会话环境启动 Headless Host；Then 所有 Modbus 端点、状态机和 HTTP/JSON 控制 API 均就绪且不启动 WPF。"	"96b8060d14a7dffa4eb0315a7bec84d54387a10a2132ae2a7198257c81e08631"	"reserved-verification-plan-evidence"	"review-planning-source-without-verifiable-approval-chain"	"slots-simulator-development-test-tool-only"	"test-plan-evidence-only"	"document-route:R10-candidate; unit-kind:markdown-flow-or-list-item; source-document-class:SIM-REQ; ledger-history:H-U; see R10 Git history, derivation and status-correction groups"	"none-found-within-r10-pass"	"not-approved"	"evidence-only-not-an-approval-unit;named-approver;approval-date;approved-scope;version-or-sha256-binding"
"R10-A0401"	"R10"	"R10-12"	"slots-simulator/docs/01-requirements/fr-009-headless-host.md"	"54308a5ea4def14275f89a64bc86cc793937e97f599b6b93558583a898a74eee"	"line 40"	"FR-009 无 GUI 独立运行能力（Headless Host） > Verification 验证方式"	"Then 所有 Modbus 端点、状态机和 HTTP/JSON 控制 API 均就绪且不启动 WPF。"	"**TC-FR-009-001（待建立）**：Given 一份包含多个 IO 模块和仓位的 JSON 配置；When 在无桌面会话环境启动 Headless Host；Then 所有 Modbus 端点、状态机和 HTTP/JSON 控制 API 均就绪且不启动 WPF。"	"b25c631ebefa6779f8a2e240b8cfed49832a5e82bf290f601ef786caf0edec15"	"reserved-verification-plan-evidence"	"review-planning-source-without-verifiable-approval-chain"	"slots-simulator-development-test-tool-only"	"test-plan-evidence-only"	"document-route:R10-candidate; unit-kind:markdown-flow-or-list-item; source-document-class:SIM-REQ; ledger-history:H-U; see R10 Git history, derivation and status-correction groups"	"GAP-R10-001"	"not-approved"	"evidence-only-not-an-approval-unit;named-approver;approval-date;approved-scope;version-or-sha256-binding"
"R10-A0402"	"R10"	"R10-12"	"slots-simulator/docs/01-requirements/fr-009-headless-host.md"	"54308a5ea4def14275f89a64bc86cc793937e97f599b6b93558583a898a74eee"	"line 41"	"FR-009 无 GUI 独立运行能力（Headless Host） > Verification 验证方式"	"**TC-FR-009-002（待建立）**：Given WPF 与 Headless 分别加载同一配置和初始状态；"	"**TC-FR-009-002（待建立）**：Given WPF 与 Headless 分别加载同一配置和初始状态；When 对两者执行相同 Modbus 写入及 API 动作序列；Then 返回值、DI/DO、状态迁移和错误响应一致。"	"0892797bbba8174b41ea08900557c23f118af7da38b65d603e83b697f9ef033c"	"reserved-verification-plan-evidence"	"review-planning-source-without-verifiable-approval-chain"	"slots-simulator-development-test-tool-only"	"test-plan-evidence-only"	"document-route:R10-candidate; unit-kind:markdown-flow-or-list-item; source-document-class:SIM-REQ; ledger-history:H-U; see R10 Git history, derivation and status-correction groups"	"none-found-within-r10-pass"	"not-approved"	"evidence-only-not-an-approval-unit;named-approver;approval-date;approved-scope;version-or-sha256-binding"
"R10-A0403"	"R10"	"R10-12"	"slots-simulator/docs/01-requirements/fr-009-headless-host.md"	"54308a5ea4def14275f89a64bc86cc793937e97f599b6b93558583a898a74eee"	"line 41"	"FR-009 无 GUI 独立运行能力（Headless Host） > Verification 验证方式"	"When 对两者执行相同 Modbus 写入及 API 动作序列；"	"**TC-FR-009-002（待建立）**：Given WPF 与 Headless 分别加载同一配置和初始状态；When 对两者执行相同 Modbus 写入及 API 动作序列；Then 返回值、DI/DO、状态迁移和错误响应一致。"	"f098b83fc340d71d5601f76df56adbf0ee922ddb3021d53c8ebaf07b54fc6003"	"reserved-verification-plan-evidence"	"review-planning-source-without-verifiable-approval-chain"	"slots-simulator-development-test-tool-only"	"test-plan-evidence-only"	"document-route:R10-candidate; unit-kind:markdown-flow-or-list-item; source-document-class:SIM-REQ; ledger-history:H-U; see R10 Git history, derivation and status-correction groups"	"GAP-R10-001"	"not-approved"	"evidence-only-not-an-approval-unit;named-approver;approval-date;approved-scope;version-or-sha256-binding"
"R10-A0404"	"R10"	"R10-12"	"slots-simulator/docs/01-requirements/fr-009-headless-host.md"	"54308a5ea4def14275f89a64bc86cc793937e97f599b6b93558583a898a74eee"	"line 41"	"FR-009 无 GUI 独立运行能力（Headless Host） > Verification 验证方式"	"Then 返回值、DI/DO、状态迁移和错误响应一致。"	"**TC-FR-009-002（待建立）**：Given WPF 与 Headless 分别加载同一配置和初始状态；When 对两者执行相同 Modbus 写入及 API 动作序列；Then 返回值、DI/DO、状态迁移和错误响应一致。"	"3bae06bfbf067975dd23c170209c1ec528fa91c33a75f06dbc15a3b0f251f6d5"	"reserved-verification-plan-evidence"	"review-planning-source-without-verifiable-approval-chain"	"slots-simulator-development-test-tool-only"	"test-plan-evidence-only"	"document-route:R10-candidate; unit-kind:markdown-flow-or-list-item; source-document-class:SIM-REQ; ledger-history:H-U; see R10 Git history, derivation and status-correction groups"	"none-found-within-r10-pass"	"not-approved"	"evidence-only-not-an-approval-unit;named-approver;approval-date;approved-scope;version-or-sha256-binding"
"R10-A0405"	"R10"	"R10-12"	"slots-simulator/docs/01-requirements/fr-009-headless-host.md"	"54308a5ea4def14275f89a64bc86cc793937e97f599b6b93558583a898a74eee"	"line 42"	"FR-009 无 GUI 独立运行能力（Headless Host） > Verification 验证方式"	"**TC-FR-009-003（待建立）**：Given Headless Host 使用默认监听配置；"	"**TC-FR-009-003（待建立）**：Given Headless Host 使用默认监听配置；When 从本机和非本机访问控制 API；Then 本机可访问而非本机不可访问。"	"35e9b5cbbe94d76233bb6636150438ef4982c6af1967bfe717365b227436b33d"	"reserved-verification-plan-evidence"	"review-planning-source-without-verifiable-approval-chain"	"slots-simulator-development-test-tool-only"	"test-plan-evidence-only"	"document-route:R10-candidate; unit-kind:markdown-flow-or-list-item; source-document-class:SIM-REQ; ledger-history:H-U; see R10 Git history, derivation and status-correction groups"	"none-found-within-r10-pass"	"not-approved"	"evidence-only-not-an-approval-unit;named-approver;approval-date;approved-scope;version-or-sha256-binding"
"R10-A0406"	"R10"	"R10-12"	"slots-simulator/docs/01-requirements/fr-009-headless-host.md"	"54308a5ea4def14275f89a64bc86cc793937e97f599b6b93558583a898a74eee"	"line 42"	"FR-009 无 GUI 独立运行能力（Headless Host） > Verification 验证方式"	"When 从本机和非本机访问控制 API；"	"**TC-FR-009-003（待建立）**：Given Headless Host 使用默认监听配置；When 从本机和非本机访问控制 API；Then 本机可访问而非本机不可访问。"	"161e0488bead1401e621a7551d050a601039f6d7907f4e4ce72d994893f8e821"	"reserved-verification-plan-evidence"	"review-planning-source-without-verifiable-approval-chain"	"slots-simulator-development-test-tool-only"	"test-plan-evidence-only"	"document-route:R10-candidate; unit-kind:markdown-flow-or-list-item; source-document-class:SIM-REQ; ledger-history:H-U; see R10 Git history, derivation and status-correction groups"	"none-found-within-r10-pass"	"not-approved"	"evidence-only-not-an-approval-unit;named-approver;approval-date;approved-scope;version-or-sha256-binding"
"R10-A0407"	"R10"	"R10-12"	"slots-simulator/docs/01-requirements/fr-009-headless-host.md"	"54308a5ea4def14275f89a64bc86cc793937e97f599b6b93558583a898a74eee"	"line 42"	"FR-009 无 GUI 独立运行能力（Headless Host） > Verification 验证方式"	"Then 本机可访问而非本机不可访问。"	"**TC-FR-009-003（待建立）**：Given Headless Host 使用默认监听配置；When 从本机和非本机访问控制 API；Then 本机可访问而非本机不可访问。"	"386714646b4a099baf1454fb331b34922dcaded47f3547f7d00fd2502d68127e"	"reserved-verification-plan-evidence"	"review-planning-source-without-verifiable-approval-chain"	"slots-simulator-development-test-tool-only"	"test-plan-evidence-only"	"document-route:R10-candidate; unit-kind:markdown-flow-or-list-item; source-document-class:SIM-REQ; ledger-history:H-U; see R10 Git history, derivation and status-correction groups"	"none-found-within-r10-pass"	"not-approved"	"evidence-only-not-an-approval-unit;named-approver;approval-date;approved-scope;version-or-sha256-binding"
"R10-A0408"	"R10"	"R10-12"	"slots-simulator/docs/01-requirements/fr-009-headless-host.md"	"54308a5ea4def14275f89a64bc86cc793937e97f599b6b93558583a898a74eee"	"line 43"	"FR-009 无 GUI 独立运行能力（Headless Host） > Verification 验证方式"	"**TC-FR-009-004（待建立）**：Given 模板、端口和资源允许多个模块及大量仓位；"	"**TC-FR-009-004（待建立）**：Given 模板、端口和资源允许多个模块及大量仓位；When Headless Host 加载该配置并并发操作两个仓位；Then 配置不因固定数量上限被拒绝，同仓位请求串行而不同仓位请求可并行。"	"7ee2ad3752883cae81d87daa89d4df54d7813c46df3ae44174b2c2c234f8599a"	"reserved-verification-plan-evidence"	"review-planning-source-without-verifiable-approval-chain"	"slots-simulator-development-test-tool-only"	"test-plan-evidence-only"	"document-route:R10-candidate; unit-kind:markdown-flow-or-list-item; source-document-class:SIM-REQ; ledger-history:H-U; see R10 Git history, derivation and status-correction groups"	"none-found-within-r10-pass"	"not-approved"	"evidence-only-not-an-approval-unit;named-approver;approval-date;approved-scope;version-or-sha256-binding"
"R10-A0409"	"R10"	"R10-12"	"slots-simulator/docs/01-requirements/fr-009-headless-host.md"	"54308a5ea4def14275f89a64bc86cc793937e97f599b6b93558583a898a74eee"	"line 43"	"FR-009 无 GUI 独立运行能力（Headless Host） > Verification 验证方式"	"When Headless Host 加载该配置并并发操作两个仓位；"	"**TC-FR-009-004（待建立）**：Given 模板、端口和资源允许多个模块及大量仓位；When Headless Host 加载该配置并并发操作两个仓位；Then 配置不因固定数量上限被拒绝，同仓位请求串行而不同仓位请求可并行。"	"97200d8b669cde121082df3aff7b6152c395b3af13f9e11b9a72c6df0d8c127b"	"reserved-verification-plan-evidence"	"review-planning-source-without-verifiable-approval-chain"	"slots-simulator-development-test-tool-only"	"test-plan-evidence-only"	"document-route:R10-candidate; unit-kind:markdown-flow-or-list-item; source-document-class:SIM-REQ; ledger-history:H-U; see R10 Git history, derivation and status-correction groups"	"none-found-within-r10-pass"	"not-approved"	"evidence-only-not-an-approval-unit;named-approver;approval-date;approved-scope;version-or-sha256-binding"
"R10-A0410"	"R10"	"R10-12"	"slots-simulator/docs/01-requirements/fr-009-headless-host.md"	"54308a5ea4def14275f89a64bc86cc793937e97f599b6b93558583a898a74eee"	"line 43"	"FR-009 无 GUI 独立运行能力（Headless Host） > Verification 验证方式"	"Then 配置不因固定数量上限被拒绝，同仓位请求串行而不同仓位请求可并行。"	"**TC-FR-009-004（待建立）**：Given 模板、端口和资源允许多个模块及大量仓位；When Headless Host 加载该配置并并发操作两个仓位；Then 配置不因固定数量上限被拒绝，同仓位请求串行而不同仓位请求可并行。"	"e08ba734b330a94db3bffc0eea46d453939a9cbe4a2ff9fd976de455fa25012c"	"reserved-verification-plan-evidence"	"review-planning-source-without-verifiable-approval-chain"	"slots-simulator-development-test-tool-only"	"test-plan-evidence-only"	"document-route:R10-candidate; unit-kind:markdown-flow-or-list-item; source-document-class:SIM-REQ; ledger-history:H-U; see R10 Git history, derivation and status-correction groups"	"none-found-within-r10-pass"	"not-approved"	"evidence-only-not-an-approval-unit;named-approver;approval-date;approved-scope;version-or-sha256-binding"
"R10-A0411"	"R10"	"R10-13"	"slots-simulator/docs/01-requirements/fr-010-automation-test-infrastructure.md"	"b40db5e14edffe1aaf59fc2fafe6fb55edae4ef5126da931bf5be2940986b057"	"line 18"	"FR-010 自动化测试基础设施能力 > Description 需求描述"	"在 [[fr-006-automation-control-api|FR-006]] 自动化控制 API 之上，补充几项面向""无人值守自动化测试""的基础能力，为未来接入 CI 预留架构空间："	"在 [[fr-006-automation-control-api|FR-006]] 自动化控制 API 之上，补充几项面向""无人值守自动化测试""的基础能力，为未来接入 CI 预留架构空间："	"2fc606f435b8218026b5af9e03a2e3310f8c118ffcf7d2d83cc06d8cf00e9783"	"simulator-testability-or-operability-candidate"	"review-planning-source-without-verifiable-approval-chain"	"slots-simulator-development-test-tool-only"	"needs-simulator-product-owner-and-explicit-approval"	"document-route:R10-candidate; unit-kind:markdown-paragraph; source-document-class:SIM-REQ; ledger-history:H-U; see R10 Git history, derivation and status-correction groups"	"none-found-within-r10-pass"	"not-approved"	"simulator-product-owner;approved-tool-scope-source;named-approver;approval-date;approved-scope;version-or-sha256-binding"
"R10-A0412"	"R10"	"R10-13"	"slots-simulator/docs/01-requirements/fr-010-automation-test-infrastructure.md"	"b40db5e14edffe1aaf59fc2fafe6fb55edae4ef5126da931bf5be2940986b057"	"line 20"	"FR-010 自动化测试基础设施能力 > Description 需求描述"	"**完整状态重置**：提供接口在不重启进程的情况下，以原子方式清除全部仓位和模块的运行态、故障注入状态及尚未到期的 DO 脉冲计时器；"	"**完整状态重置**：提供接口在不重启进程的情况下，以原子方式清除全部仓位和模块的运行态、故障注入状态及尚未到期的 DO 脉冲计时器；全部仓位光幕 DI 恢复无遮挡并由此推导为""空闲""，DO、DO 工作模式和脉冲宽度恢复当前有效配置声明的默认值；其余可写寄存器恢复为寄存器表模板默认值及模块实例配置覆盖值。重置不读取此前写入的""DO 上电状态""寄存器来决定实际 DO 初值，详见 [[dr-015-do-power-on-state-vs-reset|DR-015]]。"	"8245c28b2145dfb24f6204134837c16c003686370810ae2e088da352d8a2209d"	"simulator-testability-or-operability-candidate"	"review-planning-source-without-verifiable-approval-chain"	"slots-simulator-development-test-tool-only"	"needs-simulator-product-owner-and-explicit-approval"	"document-route:R10-candidate; unit-kind:markdown-flow-or-list-item; source-document-class:SIM-REQ; ledger-history:H-U; see R10 Git history, derivation and status-correction groups"	"none-found-within-r10-pass"	"not-approved"	"simulator-product-owner;approved-tool-scope-source;named-approver;approval-date;approved-scope;version-or-sha256-binding"
"R10-A0413"	"R10"	"R10-13"	"slots-simulator/docs/01-requirements/fr-010-automation-test-infrastructure.md"	"b40db5e14edffe1aaf59fc2fafe6fb55edae4ef5126da931bf5be2940986b057"	"line 20"	"FR-010 自动化测试基础设施能力 > Description 需求描述"	"全部仓位光幕 DI 恢复无遮挡并由此推导为""空闲""，DO、DO 工作模式和脉冲宽度恢复当前有效配置声明的默认值；"	"**完整状态重置**：提供接口在不重启进程的情况下，以原子方式清除全部仓位和模块的运行态、故障注入状态及尚未到期的 DO 脉冲计时器；全部仓位光幕 DI 恢复无遮挡并由此推导为""空闲""，DO、DO 工作模式和脉冲宽度恢复当前有效配置声明的默认值；其余可写寄存器恢复为寄存器表模板默认值及模块实例配置覆盖值。重置不读取此前写入的""DO 上电状态""寄存器来决定实际 DO 初值，详见 [[dr-015-do-power-on-state-vs-reset|DR-015]]。"	"bc7601fc68a041a72b9b3b7a8e8ccdcd0e99800073739860154a825c3e9a3129"	"simulator-configuration-or-validation-candidate"	"review-planning-source-without-verifiable-approval-chain"	"slots-simulator-configuration-layout-and-module-topology"	"needs-simulator-product-owner-and-explicit-approval"	"document-route:R10-candidate; unit-kind:markdown-flow-or-list-item; source-document-class:SIM-REQ; ledger-history:H-U; see R10 Git history, derivation and status-correction groups"	"EVID-R10-001"	"not-approved"	"simulator-product-owner;approved-tool-scope-source;named-approver;approval-date;approved-scope;version-or-sha256-binding"
"R10-A0414"	"R10"	"R10-13"	"slots-simulator/docs/01-requirements/fr-010-automation-test-infrastructure.md"	"b40db5e14edffe1aaf59fc2fafe6fb55edae4ef5126da931bf5be2940986b057"	"line 20"	"FR-010 自动化测试基础设施能力 > Description 需求描述"	"其余可写寄存器恢复为寄存器表模板默认值及模块实例配置覆盖值。"	"**完整状态重置**：提供接口在不重启进程的情况下，以原子方式清除全部仓位和模块的运行态、故障注入状态及尚未到期的 DO 脉冲计时器；全部仓位光幕 DI 恢复无遮挡并由此推导为""空闲""，DO、DO 工作模式和脉冲宽度恢复当前有效配置声明的默认值；其余可写寄存器恢复为寄存器表模板默认值及模块实例配置覆盖值。重置不读取此前写入的""DO 上电状态""寄存器来决定实际 DO 初值，详见 [[dr-015-do-power-on-state-vs-reset|DR-015]]。"	"78ca61beacafaf07a027acf0e1a3ddfd555419086081bdde556131851060ad8d"	"simulator-configuration-or-validation-candidate"	"review-planning-source-without-verifiable-approval-chain"	"slots-simulator-configuration-layout-and-module-topology"	"needs-simulator-product-owner-and-explicit-approval"	"document-route:R10-candidate; unit-kind:markdown-flow-or-list-item; source-document-class:SIM-REQ; ledger-history:H-U; see R10 Git history, derivation and status-correction groups"	"SCOPE-R10-001"	"not-approved"	"simulator-product-owner;approved-tool-scope-source;named-approver;approval-date;approved-scope;version-or-sha256-binding"
"R10-A0415"	"R10"	"R10-13"	"slots-simulator/docs/01-requirements/fr-010-automation-test-infrastructure.md"	"b40db5e14edffe1aaf59fc2fafe6fb55edae4ef5126da931bf5be2940986b057"	"line 20"	"FR-010 自动化测试基础设施能力 > Description 需求描述"	"重置不读取此前写入的""DO 上电状态""寄存器来决定实际 DO 初值，详见 [[dr-015-do-power-on-state-vs-reset|DR-015]]。"	"**完整状态重置**：提供接口在不重启进程的情况下，以原子方式清除全部仓位和模块的运行态、故障注入状态及尚未到期的 DO 脉冲计时器；全部仓位光幕 DI 恢复无遮挡并由此推导为""空闲""，DO、DO 工作模式和脉冲宽度恢复当前有效配置声明的默认值；其余可写寄存器恢复为寄存器表模板默认值及模块实例配置覆盖值。重置不读取此前写入的""DO 上电状态""寄存器来决定实际 DO 初值，详见 [[dr-015-do-power-on-state-vs-reset|DR-015]]。"	"9c7e715b1db1a276154141ca77d5120f6b71b8bf28644c93a01da24c49cb65db"	"simulator-testability-or-operability-candidate"	"review-planning-source-without-verifiable-approval-chain"	"slots-simulator-development-test-tool-only"	"needs-simulator-product-owner-and-explicit-approval"	"document-route:R10-candidate; unit-kind:markdown-flow-or-list-item; source-document-class:SIM-REQ; ledger-history:H-U; see R10 Git history, derivation and status-correction groups"	"none-found-within-r10-pass"	"not-approved"	"simulator-product-owner;approved-tool-scope-source;named-approver;approval-date;approved-scope;version-or-sha256-binding"
"R10-A0416"	"R10"	"R10-13"	"slots-simulator/docs/01-requirements/fr-010-automation-test-infrastructure.md"	"b40db5e14edffe1aaf59fc2fafe6fb55edae4ef5126da931bf5be2940986b057"	"line 21"	"FR-010 自动化测试基础设施能力 > Description 需求描述"	"**健康检查/就绪探针**：提供接口供外部脚本判断 Modbus Slave 和控制 API 是否已启动完成，避免调用方在服务未就绪时连接导致偶发失败。"	"**健康检查/就绪探针**：提供接口供外部脚本判断 Modbus Slave 和控制 API 是否已启动完成，避免调用方在服务未就绪时连接导致偶发失败。"	"da9e4ba3e39a2c9e4fb567a06d64265751731c5c291b50444b079bde3d19a901"	"simulator-testability-or-operability-candidate"	"review-planning-source-without-verifiable-approval-chain"	"slots-simulator-development-test-tool-only"	"needs-simulator-product-owner-and-explicit-approval"	"document-route:R10-candidate; unit-kind:markdown-flow-or-list-item; source-document-class:SIM-REQ; ledger-history:H-U; see R10 Git history, derivation and status-correction groups"	"GAP-R10-001"	"not-approved"	"simulator-product-owner;approved-tool-scope-source;named-approver;approval-date;approved-scope;version-or-sha256-binding"
"R10-A0417"	"R10"	"R10-13"	"slots-simulator/docs/01-requirements/fr-010-automation-test-infrastructure.md"	"b40db5e14edffe1aaf59fc2fafe6fb55edae4ef5126da931bf5be2940986b057"	"line 22"	"FR-010 自动化测试基础设施能力 > Description 需求描述"	"**超时测试辅助**：业务超时的计时、阈值和最终判定均由被测主系统负责，模拟器不维护或直接设置""业务已超时""状态。"	"**超时测试辅助**：业务超时的计时、阈值和最终判定均由被测主系统负责，模拟器不维护或直接设置""业务已超时""状态。模拟器提供可配置的 DI 反馈延迟、指定 DI 不跟随、门保持开启，以及供自动化脚本跳过模拟器内部非业务等待的能力，使脚本可确定性地构造主系统超时所需的硬件现象。"	"a2455042b54b6abf705953a01360c60be52258b0724c74fc1553bece6387f64e"	"simulator-capability-or-scope-candidate"	"review-planning-source-without-verifiable-approval-chain"	"slots-simulator-development-test-tool-only"	"needs-simulator-product-owner-and-explicit-approval"	"document-route:R10-candidate; unit-kind:markdown-flow-or-list-item; source-document-class:SIM-REQ; ledger-history:H-U; see R10 Git history, derivation and status-correction groups"	"BOUND-R10-001"	"not-approved"	"simulator-product-owner;approved-tool-scope-source;named-approver;approval-date;approved-scope;version-or-sha256-binding"
"R10-A0418"	"R10"	"R10-13"	"slots-simulator/docs/01-requirements/fr-010-automation-test-infrastructure.md"	"b40db5e14edffe1aaf59fc2fafe6fb55edae4ef5126da931bf5be2940986b057"	"line 22"	"FR-010 自动化测试基础设施能力 > Description 需求描述"	"模拟器提供可配置的 DI 反馈延迟、指定 DI 不跟随、门保持开启，以及供自动化脚本跳过模拟器内部非业务等待的能力，使脚本可确定性地构造主系统超时所需的硬件现象。"	"**超时测试辅助**：业务超时的计时、阈值和最终判定均由被测主系统负责，模拟器不维护或直接设置""业务已超时""状态。模拟器提供可配置的 DI 反馈延迟、指定 DI 不跟随、门保持开启，以及供自动化脚本跳过模拟器内部非业务等待的能力，使脚本可确定性地构造主系统超时所需的硬件现象。"	"458ee077234bfb2d911c8e3a62a1a174634123cf09ede950738a121b9f80bcd3"	"simulator-testability-or-operability-candidate"	"review-planning-source-without-verifiable-approval-chain"	"slots-simulator-development-test-tool-only"	"needs-simulator-product-owner-and-explicit-approval"	"document-route:R10-candidate; unit-kind:markdown-flow-or-list-item; source-document-class:SIM-REQ; ledger-history:H-U; see R10 Git history, derivation and status-correction groups"	"BOUND-R10-001,CF-R10-001"	"not-approved"	"simulator-product-owner;approved-tool-scope-source;named-approver;approval-date;approved-scope;version-or-sha256-binding"
"R10-A0419"	"R10"	"R10-13"	"slots-simulator/docs/01-requirements/fr-010-automation-test-infrastructure.md"	"b40db5e14edffe1aaf59fc2fafe6fb55edae4ef5126da931bf5be2940986b057"	"line 23"	"FR-010 自动化测试基础设施能力 > Description 需求描述"	"**结构化日志**：每次仓位状态迁移产生一条结构化日志（时间戳、仓位号、事件、新状态），输出到 stdout 或文件，供无人值守场景下事后排查。"	"**结构化日志**：每次仓位状态迁移产生一条结构化日志（时间戳、仓位号、事件、新状态），输出到 stdout 或文件，供无人值守场景下事后排查。"	"748e7fea9f34dc791eaf44e77dc1d649aa45b824a5a248e16ab054764164fa73"	"embedded-simulator-technical-design-choice"	"review-planning-source-without-verifiable-approval-chain"	"slots-simulator-development-test-tool-only"	"exclude-from-requirement-approval"	"document-route:R10-candidate; unit-kind:markdown-flow-or-list-item; source-document-class:SIM-REQ; ledger-history:H-U; see R10 Git history, derivation and status-correction groups"	"none-found-within-r10-pass"	"not-approved"	"separate-technical-design-review;approved-simulator-behavior-source-if-mechanism-is-mandatory;named-approver;approval-date;approved-scope;version-or-sha256-binding"
"R10-A0420"	"R10"	"R10-13"	"slots-simulator/docs/01-requirements/fr-010-automation-test-infrastructure.md"	"b40db5e14edffe1aaf59fc2fafe6fb55edae4ef5126da931bf5be2940986b057"	"line 24"	"FR-010 自动化测试基础设施能力 > Description 需求描述"	"**干净的进程生命周期**：能正确响应终止信号并退出，保证端口释放、日志落盘完整，不影响后续实例重新启动。"	"**干净的进程生命周期**：能正确响应终止信号并退出，保证端口释放、日志落盘完整，不影响后续实例重新启动。"	"595d7ae0108155e8cdfc6095eca9daf40f286efe0b9a639002b2c4d2127dc429"	"simulator-testability-or-operability-candidate"	"review-planning-source-without-verifiable-approval-chain"	"slots-simulator-development-test-tool-only"	"needs-simulator-product-owner-and-explicit-approval"	"document-route:R10-candidate; unit-kind:markdown-flow-or-list-item; source-document-class:SIM-REQ; ledger-history:H-U; see R10 Git history, derivation and status-correction groups"	"none-found-within-r10-pass"	"not-approved"	"simulator-product-owner;approved-tool-scope-source;named-approver;approval-date;approved-scope;version-or-sha256-binding"
"R10-A0421"	"R10"	"R10-13"	"slots-simulator/docs/01-requirements/fr-010-automation-test-infrastructure.md"	"b40db5e14edffe1aaf59fc2fafe6fb55edae4ef5126da931bf5be2940986b057"	"line 28"	"FR-010 自动化测试基础设施能力 > Origin 需求来源"	"服务于 `../00-vision/vision-and-scope.md` 第 2 节第 8 点""CI 接入能力（架构预留）""；"	"服务于 `../00-vision/vision-and-scope.md` 第 2 节第 8 点""CI 接入能力（架构预留）""；理由详见 [[dr-008-ci-readiness|DR-008]]。"	"5ef631b67191673f6c72bde1fa346efcdad30c8f6db6470777da03e6939170bf"	"source-origin-background-or-traceability-evidence"	"review-planning-source-without-verifiable-approval-chain"	"slots-simulator-development-test-tool-only"	"source-or-traceability-evidence-only"	"document-route:R10-candidate; unit-kind:markdown-paragraph; source-document-class:SIM-REQ; ledger-history:H-U; see R10 Git history, derivation and status-correction groups; exact-duplicate-of:R10-A0387"	"none-found-within-r10-pass"	"not-approved"	"evidence-only-not-an-approval-unit;named-approver;approval-date;approved-scope;version-or-sha256-binding"
"R10-A0422"	"R10"	"R10-13"	"slots-simulator/docs/01-requirements/fr-010-automation-test-infrastructure.md"	"b40db5e14edffe1aaf59fc2fafe6fb55edae4ef5126da931bf5be2940986b057"	"line 28"	"FR-010 自动化测试基础设施能力 > Origin 需求来源"	"理由详见 [[dr-008-ci-readiness|DR-008]]。"	"服务于 `../00-vision/vision-and-scope.md` 第 2 节第 8 点""CI 接入能力（架构预留）""；理由详见 [[dr-008-ci-readiness|DR-008]]。"	"e0f405f2772422d71e469a9cc4995ba00aefd0aca0c3b192039e62129709fe9b"	"source-origin-background-or-traceability-evidence"	"review-planning-source-without-verifiable-approval-chain"	"slots-simulator-development-test-tool-only"	"source-or-traceability-evidence-only"	"document-route:R10-candidate; unit-kind:markdown-paragraph; source-document-class:SIM-REQ; ledger-history:H-U; see R10 Git history, derivation and status-correction groups; exact-duplicate-of:R10-A0388"	"none-found-within-r10-pass"	"not-approved"	"evidence-only-not-an-approval-unit;named-approver;approval-date;approved-scope;version-or-sha256-binding"
"R10-A0423"	"R10"	"R10-13"	"slots-simulator/docs/01-requirements/fr-010-automation-test-infrastructure.md"	"b40db5e14edffe1aaf59fc2fafe6fb55edae4ef5126da931bf5be2940986b057"	"line 32"	"FR-010 自动化测试基础设施能力 > Acceptance Criteria 验收标准"	"调用完整 reset 后，不需要重启进程即可清除全部运行态、模块级和仓位级故障、DI 延迟/不跟随、门保持开启及全部 DO 脉冲计时器。"	"调用完整 reset 后，不需要重启进程即可清除全部运行态、模块级和仓位级故障、DI 延迟/不跟随、门保持开启及全部 DO 脉冲计时器。"	"d8cb6bc4262f688f29fdfdc70c695cd2f969a271fd26d4635993337bbbd88e84"	"simulator-testability-or-operability-candidate"	"review-planning-source-without-verifiable-approval-chain"	"slots-simulator-development-test-tool-only"	"needs-simulator-product-owner-and-explicit-approval"	"document-route:R10-candidate; unit-kind:markdown-flow-or-list-item; source-document-class:SIM-REQ; ledger-history:H-U; see R10 Git history, derivation and status-correction groups"	"CF-R10-001"	"not-approved"	"simulator-product-owner;approved-tool-scope-source;named-approver;approval-date;approved-scope;version-or-sha256-binding"
"R10-A0424"	"R10"	"R10-13"	"slots-simulator/docs/01-requirements/fr-010-automation-test-infrastructure.md"	"b40db5e14edffe1aaf59fc2fafe6fb55edae4ef5126da931bf5be2940986b057"	"line 33"	"FR-010 自动化测试基础设施能力 > Acceptance Criteria 验收标准"	"reset 后全部光幕 DI 为无遮挡、全部仓位由光幕推导为空闲，DO、DO 工作模式和脉冲宽度恢复当前有效配置默认值；"	"reset 后全部光幕 DI 为无遮挡、全部仓位由光幕推导为空闲，DO、DO 工作模式和脉冲宽度恢复当前有效配置默认值；其余在 reset 前已写入的寄存器恢复为模板默认值与模块配置覆盖值。"	"8c324d2ef195a15f8674c8e37cb88e21fc8584e8a68e090a0b270c79063da33a"	"simulator-testability-or-operability-candidate"	"review-planning-source-without-verifiable-approval-chain"	"slots-simulator-development-test-tool-only"	"needs-simulator-product-owner-and-explicit-approval"	"document-route:R10-candidate; unit-kind:markdown-flow-or-list-item; source-document-class:SIM-REQ; ledger-history:H-U; see R10 Git history, derivation and status-correction groups"	"EVID-R10-001"	"not-approved"	"simulator-product-owner;approved-tool-scope-source;named-approver;approval-date;approved-scope;version-or-sha256-binding"
"R10-A0425"	"R10"	"R10-13"	"slots-simulator/docs/01-requirements/fr-010-automation-test-infrastructure.md"	"b40db5e14edffe1aaf59fc2fafe6fb55edae4ef5126da931bf5be2940986b057"	"line 33"	"FR-010 自动化测试基础设施能力 > Acceptance Criteria 验收标准"	"其余在 reset 前已写入的寄存器恢复为模板默认值与模块配置覆盖值。"	"reset 后全部光幕 DI 为无遮挡、全部仓位由光幕推导为空闲，DO、DO 工作模式和脉冲宽度恢复当前有效配置默认值；其余在 reset 前已写入的寄存器恢复为模板默认值与模块配置覆盖值。"	"22c7b27b92c3b21440f39bf17e322e4d8a5df5ac0ef7d10edfdd78e899f166eb"	"simulator-testability-or-operability-candidate"	"review-planning-source-without-verifiable-approval-chain"	"slots-simulator-development-test-tool-only"	"needs-simulator-product-owner-and-explicit-approval"	"document-route:R10-candidate; unit-kind:markdown-flow-or-list-item; source-document-class:SIM-REQ; ledger-history:H-U; see R10 Git history, derivation and status-correction groups"	"none-found-within-r10-pass"	"not-approved"	"simulator-product-owner;approved-tool-scope-source;named-approver;approval-date;approved-scope;version-or-sha256-binding"
"R10-A0426"	"R10"	"R10-13"	"slots-simulator/docs/01-requirements/fr-010-automation-test-infrastructure.md"	"b40db5e14edffe1aaf59fc2fafe6fb55edae4ef5126da931bf5be2940986b057"	"line 34"	"FR-010 自动化测试基础设施能力 > Acceptance Criteria 验收标准"	"reset 是原子操作；"	"reset 是原子操作；调用成功后不会有 reset 前的延迟回调或脉冲计时器再次改变 DI/DO/寄存器。"	"3c825e96ddd34212afafc0f5599a01a0719ca66c049adb48cb39f063466aafdd"	"simulator-testability-or-operability-candidate"	"review-planning-source-without-verifiable-approval-chain"	"slots-simulator-development-test-tool-only"	"needs-simulator-product-owner-and-explicit-approval"	"document-route:R10-candidate; unit-kind:markdown-flow-or-list-item; source-document-class:SIM-REQ; ledger-history:H-U; see R10 Git history, derivation and status-correction groups"	"none-found-within-r10-pass"	"not-approved"	"simulator-product-owner;approved-tool-scope-source;named-approver;approval-date;approved-scope;version-or-sha256-binding"
"R10-A0427"	"R10"	"R10-13"	"slots-simulator/docs/01-requirements/fr-010-automation-test-infrastructure.md"	"b40db5e14edffe1aaf59fc2fafe6fb55edae4ef5126da931bf5be2940986b057"	"line 34"	"FR-010 自动化测试基础设施能力 > Acceptance Criteria 验收标准"	"调用成功后不会有 reset 前的延迟回调或脉冲计时器再次改变 DI/DO/寄存器。"	"reset 是原子操作；调用成功后不会有 reset 前的延迟回调或脉冲计时器再次改变 DI/DO/寄存器。"	"d7c2ab636fa2f664850fdb5828427ac3623eff61f95189e470916d52377d0d2b"	"simulator-testability-or-operability-candidate"	"review-planning-source-without-verifiable-approval-chain"	"slots-simulator-development-test-tool-only"	"needs-simulator-product-owner-and-explicit-approval"	"document-route:R10-candidate; unit-kind:markdown-flow-or-list-item; source-document-class:SIM-REQ; ledger-history:H-U; see R10 Git history, derivation and status-correction groups"	"none-found-within-r10-pass"	"not-approved"	"simulator-product-owner;approved-tool-scope-source;named-approver;approval-date;approved-scope;version-or-sha256-binding"
"R10-A0428"	"R10"	"R10-13"	"slots-simulator/docs/01-requirements/fr-010-automation-test-infrastructure.md"	"b40db5e14edffe1aaf59fc2fafe6fb55edae4ef5126da931bf5be2940986b057"	"line 35"	"FR-010 自动化测试基础设施能力 > Acceptance Criteria 验收标准"	"服务未就绪时健康检查接口返回明确的""未就绪""状态，就绪后返回""就绪""。"	"服务未就绪时健康检查接口返回明确的""未就绪""状态，就绪后返回""就绪""。"	"cbbee13b2ef8ccd82ceb0b27f41573f1dc9c2c87143aa0b4e4b74c828cb85753"	"simulator-testability-or-operability-candidate"	"review-planning-source-without-verifiable-approval-chain"	"slots-simulator-development-test-tool-only"	"needs-simulator-product-owner-and-explicit-approval"	"document-route:R10-candidate; unit-kind:markdown-flow-or-list-item; source-document-class:SIM-REQ; ledger-history:H-U; see R10 Git history, derivation and status-correction groups"	"none-found-within-r10-pass"	"not-approved"	"simulator-product-owner;approved-tool-scope-source;named-approver;approval-date;approved-scope;version-or-sha256-binding"
"R10-A0429"	"R10"	"R10-13"	"slots-simulator/docs/01-requirements/fr-010-automation-test-infrastructure.md"	"b40db5e14edffe1aaf59fc2fafe6fb55edae4ef5126da931bf5be2940986b057"	"line 36"	"FR-010 自动化测试基础设施能力 > Acceptance Criteria 验收标准"	"可按目标 DI 配置反馈延迟或不跟随，可使门保持开启，并可跳过模拟器内部等待；"	"可按目标 DI 配置反馈延迟或不跟随，可使门保持开启，并可跳过模拟器内部等待；这些能力不改变由主系统负责的业务超时阈值和判定。"	"17311b38ccc310f79a705a307be17d83a4200831e606693b842edfb962450dea"	"simulator-configuration-or-validation-candidate"	"review-planning-source-without-verifiable-approval-chain"	"slots-simulator-configuration-layout-and-module-topology"	"needs-simulator-product-owner-and-explicit-approval"	"document-route:R10-candidate; unit-kind:markdown-flow-or-list-item; source-document-class:SIM-REQ; ledger-history:H-U; see R10 Git history, derivation and status-correction groups"	"CF-R10-001"	"not-approved"	"simulator-product-owner;approved-tool-scope-source;named-approver;approval-date;approved-scope;version-or-sha256-binding"
"R10-A0430"	"R10"	"R10-13"	"slots-simulator/docs/01-requirements/fr-010-automation-test-infrastructure.md"	"b40db5e14edffe1aaf59fc2fafe6fb55edae4ef5126da931bf5be2940986b057"	"line 36"	"FR-010 自动化测试基础设施能力 > Acceptance Criteria 验收标准"	"这些能力不改变由主系统负责的业务超时阈值和判定。"	"可按目标 DI 配置反馈延迟或不跟随，可使门保持开启，并可跳过模拟器内部等待；这些能力不改变由主系统负责的业务超时阈值和判定。"	"2b5e2dc099b9b14a6648ed00b1bcac55a32410ff715361ccac15f4c89da2aa05"	"embedded-main-system-or-field-claim"	"review-planning-source-without-verifiable-approval-chain"	"8005-main-system-or-field-evidence-lead-not-simulator-approval"	"main-system-or-field-lead-evidence-only"	"document-route:R10-candidate; unit-kind:markdown-flow-or-list-item; source-document-class:SIM-REQ; ledger-history:H-U; see R10 Git history, derivation and status-correction groups"	"BOUND-R10-001"	"not-approved"	"authoritative-main-system-source;do-not-reverse-infer-from-simulator-planning;named-approver;approval-date;approved-scope;version-or-sha256-binding"
"R10-A0431"	"R10"	"R10-13"	"slots-simulator/docs/01-requirements/fr-010-automation-test-infrastructure.md"	"b40db5e14edffe1aaf59fc2fafe6fb55edae4ef5126da931bf5be2940986b057"	"line 37"	"FR-010 自动化测试基础设施能力 > Acceptance Criteria 验收标准"	"模拟器不提供""直接置为业务超时""接口，也不把业务超时作为自身仓位状态。"	"模拟器不提供""直接置为业务超时""接口，也不把业务超时作为自身仓位状态。"	"cad754086e649c95724dd1055b81a8244151c7883240d4157cdd83fb0f17c7ee"	"simulator-slot-behavior-or-fault-stimulus-candidate"	"review-planning-source-without-verifiable-approval-chain"	"slots-simulator-development-test-tool-only"	"needs-simulator-hardware-behavior-owner-and-explicit-approval"	"document-route:R10-candidate; unit-kind:markdown-flow-or-list-item; source-document-class:SIM-REQ; ledger-history:H-U; see R10 Git history, derivation and status-correction groups"	"BOUND-R10-001"	"not-approved"	"simulator-hardware-behavior-owner;bound-8005-field-evidence-and-polarity-normalization;named-approver;approval-date;approved-scope;version-or-sha256-binding"
"R10-A0432"	"R10"	"R10-13"	"slots-simulator/docs/01-requirements/fr-010-automation-test-infrastructure.md"	"b40db5e14edffe1aaf59fc2fafe6fb55edae4ef5126da931bf5be2940986b057"	"line 38"	"FR-010 自动化测试基础设施能力 > Acceptance Criteria 验收标准"	"每次有效状态迁移输出包含时间戳、仓位号、事件和新状态的结构化日志。"	"每次有效状态迁移输出包含时间戳、仓位号、事件和新状态的结构化日志。"	"1cea16bd5aec6f05bbbd3be670651715ad4472b76fec6a51b3739c530206473d"	"simulator-testability-or-operability-candidate"	"review-planning-source-without-verifiable-approval-chain"	"slots-simulator-development-test-tool-only"	"needs-simulator-product-owner-and-explicit-approval"	"document-route:R10-candidate; unit-kind:markdown-flow-or-list-item; source-document-class:SIM-REQ; ledger-history:H-U; see R10 Git history, derivation and status-correction groups"	"none-found-within-r10-pass"	"not-approved"	"simulator-product-owner;approved-tool-scope-source;named-approver;approval-date;approved-scope;version-or-sha256-binding"
"R10-A0433"	"R10"	"R10-13"	"slots-simulator/docs/01-requirements/fr-010-automation-test-infrastructure.md"	"b40db5e14edffe1aaf59fc2fafe6fb55edae4ef5126da931bf5be2940986b057"	"line 39"	"FR-010 自动化测试基础设施能力 > Acceptance Criteria 验收标准"	"进程收到终止信号后能正常退出，不留下残留监听端口。"	"进程收到终止信号后能正常退出，不留下残留监听端口。"	"89dec72c6b8e25d4252745f258490a771c85fd6d9df9d0c90c0f79ce5e44c651"	"simulator-testability-or-operability-candidate"	"review-planning-source-without-verifiable-approval-chain"	"slots-simulator-development-test-tool-only"	"needs-simulator-product-owner-and-explicit-approval"	"document-route:R10-candidate; unit-kind:markdown-flow-or-list-item; source-document-class:SIM-REQ; ledger-history:H-U; see R10 Git history, derivation and status-correction groups"	"none-found-within-r10-pass"	"not-approved"	"simulator-product-owner;approved-tool-scope-source;named-approver;approval-date;approved-scope;version-or-sha256-binding"
"R10-A0434"	"R10"	"R10-13"	"slots-simulator/docs/01-requirements/fr-010-automation-test-infrastructure.md"	"b40db5e14edffe1aaf59fc2fafe6fb55edae4ef5126da931bf5be2940986b057"	"line 40"	"FR-010 自动化测试基础设施能力 > Acceptance Criteria 验收标准"	"当前只要求这些能力存在并可用，不要求真正搭建 CI 流水线本身。"	"当前只要求这些能力存在并可用，不要求真正搭建 CI 流水线本身。"	"010642bf9dec5b6a5328c1bbb822491cd7168e7b26f4a2223f6b854ac1cf426f"	"simulator-testability-or-operability-candidate"	"review-planning-source-without-verifiable-approval-chain"	"slots-simulator-development-test-tool-only"	"needs-simulator-product-owner-and-explicit-approval"	"document-route:R10-candidate; unit-kind:markdown-flow-or-list-item; source-document-class:SIM-REQ; ledger-history:H-U; see R10 Git history, derivation and status-correction groups"	"none-found-within-r10-pass"	"not-approved"	"simulator-product-owner;approved-tool-scope-source;named-approver;approval-date;approved-scope;version-or-sha256-binding"
"R10-A0435"	"R10"	"R10-13"	"slots-simulator/docs/01-requirements/fr-010-automation-test-infrastructure.md"	"b40db5e14edffe1aaf59fc2fafe6fb55edae4ef5126da931bf5be2940986b057"	"line 44"	"FR-010 自动化测试基础设施能力 > Related Use Case 关联用例"	"为 UC-001、UC-002、UC-005、UC-006、UC-010 的自动化测试提供用例隔离、前置构造、异常时序和无人值守运行基础设施。"	"为 UC-001、UC-002、UC-005、UC-006、UC-010 的自动化测试提供用例隔离、前置构造、异常时序和无人值守运行基础设施。"	"1bdb94cc8f9c28212542540cc55db8bc179f590bb8f5b4a76cf1dbd9cf5a4fe8"	"source-origin-background-or-traceability-evidence"	"review-planning-source-without-verifiable-approval-chain"	"slots-simulator-development-test-tool-only"	"source-or-traceability-evidence-only"	"document-route:R10-candidate; unit-kind:markdown-paragraph; source-document-class:SIM-REQ; ledger-history:H-U; see R10 Git history, derivation and status-correction groups"	"BOUND-R10-001"	"not-approved"	"evidence-only-not-an-approval-unit;named-approver;approval-date;approved-scope;version-or-sha256-binding"
"R10-A0436"	"R10"	"R10-13"	"slots-simulator/docs/01-requirements/fr-010-automation-test-infrastructure.md"	"b40db5e14edffe1aaf59fc2fafe6fb55edae4ef5126da931bf5be2940986b057"	"line 48"	"FR-010 自动化测试基础设施能力 > Verification 验证方式"	"**TC-FR-010-001（待建立）**：Given 多个仓位和模块存在非默认 DI/DO/寄存器值、已注入故障、运行中的延迟及 DO 脉冲计时器；"	"**TC-FR-010-001（待建立）**：Given 多个仓位和模块存在非默认 DI/DO/寄存器值、已注入故障、运行中的延迟及 DO 脉冲计时器；When 调用完整 reset；Then 故障与计时器全部清除、全部仓位为空闲、DI/DO 恢复规定初值、寄存器恢复模板/配置默认值且进程无需重启。"	"dc54f89267cc66d2db3ec222deba9d5e7eb40e2853bb9f8ebfd00a4e7a004d0e"	"reserved-verification-plan-evidence"	"review-planning-source-without-verifiable-approval-chain"	"slots-simulator-development-test-tool-only"	"test-plan-evidence-only"	"document-route:R10-candidate; unit-kind:markdown-flow-or-list-item; source-document-class:SIM-REQ; ledger-history:H-U; see R10 Git history, derivation and status-correction groups"	"none-found-within-r10-pass"	"not-approved"	"evidence-only-not-an-approval-unit;named-approver;approval-date;approved-scope;version-or-sha256-binding"
"R10-A0437"	"R10"	"R10-13"	"slots-simulator/docs/01-requirements/fr-010-automation-test-infrastructure.md"	"b40db5e14edffe1aaf59fc2fafe6fb55edae4ef5126da931bf5be2940986b057"	"line 48"	"FR-010 自动化测试基础设施能力 > Verification 验证方式"	"When 调用完整 reset；"	"**TC-FR-010-001（待建立）**：Given 多个仓位和模块存在非默认 DI/DO/寄存器值、已注入故障、运行中的延迟及 DO 脉冲计时器；When 调用完整 reset；Then 故障与计时器全部清除、全部仓位为空闲、DI/DO 恢复规定初值、寄存器恢复模板/配置默认值且进程无需重启。"	"d23a41d802c9c747db85cbb20edbf85f40e0a0940a0843360c5aedb1dfcf4b6a"	"reserved-verification-plan-evidence"	"review-planning-source-without-verifiable-approval-chain"	"slots-simulator-development-test-tool-only"	"test-plan-evidence-only"	"document-route:R10-candidate; unit-kind:markdown-flow-or-list-item; source-document-class:SIM-REQ; ledger-history:H-U; see R10 Git history, derivation and status-correction groups"	"none-found-within-r10-pass"	"not-approved"	"evidence-only-not-an-approval-unit;named-approver;approval-date;approved-scope;version-or-sha256-binding"
"R10-A0438"	"R10"	"R10-13"	"slots-simulator/docs/01-requirements/fr-010-automation-test-infrastructure.md"	"b40db5e14edffe1aaf59fc2fafe6fb55edae4ef5126da931bf5be2940986b057"	"line 48"	"FR-010 自动化测试基础设施能力 > Verification 验证方式"	"Then 故障与计时器全部清除、全部仓位为空闲、DI/DO 恢复规定初值、寄存器恢复模板/配置默认值且进程无需重启。"	"**TC-FR-010-001（待建立）**：Given 多个仓位和模块存在非默认 DI/DO/寄存器值、已注入故障、运行中的延迟及 DO 脉冲计时器；When 调用完整 reset；Then 故障与计时器全部清除、全部仓位为空闲、DI/DO 恢复规定初值、寄存器恢复模板/配置默认值且进程无需重启。"	"84522602d12f46a6d69baca613e27dafd51f481c4b6e37545ba9f92433280b31"	"reserved-verification-plan-evidence"	"review-planning-source-without-verifiable-approval-chain"	"slots-simulator-development-test-tool-only"	"test-plan-evidence-only"	"document-route:R10-candidate; unit-kind:markdown-flow-or-list-item; source-document-class:SIM-REQ; ledger-history:H-U; see R10 Git history, derivation and status-correction groups"	"none-found-within-r10-pass"	"not-approved"	"evidence-only-not-an-approval-unit;named-approver;approval-date;approved-scope;version-or-sha256-binding"
"R10-A0439"	"R10"	"R10-13"	"slots-simulator/docs/01-requirements/fr-010-automation-test-infrastructure.md"	"b40db5e14edffe1aaf59fc2fafe6fb55edae4ef5126da931bf5be2940986b057"	"line 49"	"FR-010 自动化测试基础设施能力 > Verification 验证方式"	"**TC-FR-010-002（待建立）**：Given reset 前已安排一个尚未触发的 DI 延迟和一个尚未到期的 DO 脉冲；"	"**TC-FR-010-002（待建立）**：Given reset 前已安排一个尚未触发的 DI 延迟和一个尚未到期的 DO 脉冲；When reset 成功后等待超过两者原定期限；Then 不发生任何来自 reset 前任务的状态回写。"	"e14e504fa1c134dcd7604f1c2e6bb1c18739f05a944077ee3bad8ce79cd0769e"	"reserved-verification-plan-evidence"	"review-planning-source-without-verifiable-approval-chain"	"slots-simulator-development-test-tool-only"	"test-plan-evidence-only"	"document-route:R10-candidate; unit-kind:markdown-flow-or-list-item; source-document-class:SIM-REQ; ledger-history:H-U; see R10 Git history, derivation and status-correction groups"	"none-found-within-r10-pass"	"not-approved"	"evidence-only-not-an-approval-unit;named-approver;approval-date;approved-scope;version-or-sha256-binding"
"R10-A0440"	"R10"	"R10-13"	"slots-simulator/docs/01-requirements/fr-010-automation-test-infrastructure.md"	"b40db5e14edffe1aaf59fc2fafe6fb55edae4ef5126da931bf5be2940986b057"	"line 49"	"FR-010 自动化测试基础设施能力 > Verification 验证方式"	"When reset 成功后等待超过两者原定期限；"	"**TC-FR-010-002（待建立）**：Given reset 前已安排一个尚未触发的 DI 延迟和一个尚未到期的 DO 脉冲；When reset 成功后等待超过两者原定期限；Then 不发生任何来自 reset 前任务的状态回写。"	"0d603746a4a03523584f30c6fc22f3c9967a084ac28545f6abb82ef4a55952fb"	"reserved-verification-plan-evidence"	"review-planning-source-without-verifiable-approval-chain"	"slots-simulator-development-test-tool-only"	"test-plan-evidence-only"	"document-route:R10-candidate; unit-kind:markdown-flow-or-list-item; source-document-class:SIM-REQ; ledger-history:H-U; see R10 Git history, derivation and status-correction groups"	"none-found-within-r10-pass"	"not-approved"	"evidence-only-not-an-approval-unit;named-approver;approval-date;approved-scope;version-or-sha256-binding"
"R10-A0441"	"R10"	"R10-13"	"slots-simulator/docs/01-requirements/fr-010-automation-test-infrastructure.md"	"b40db5e14edffe1aaf59fc2fafe6fb55edae4ef5126da931bf5be2940986b057"	"line 49"	"FR-010 自动化测试基础设施能力 > Verification 验证方式"	"Then 不发生任何来自 reset 前任务的状态回写。"	"**TC-FR-010-002（待建立）**：Given reset 前已安排一个尚未触发的 DI 延迟和一个尚未到期的 DO 脉冲；When reset 成功后等待超过两者原定期限；Then 不发生任何来自 reset 前任务的状态回写。"	"5e3f7e1bb69da0a0b2761aa927de2d7ced5f1864124057dcd0ac4093d41437e0"	"reserved-verification-plan-evidence"	"review-planning-source-without-verifiable-approval-chain"	"slots-simulator-development-test-tool-only"	"test-plan-evidence-only"	"document-route:R10-candidate; unit-kind:markdown-flow-or-list-item; source-document-class:SIM-REQ; ledger-history:H-U; see R10 Git history, derivation and status-correction groups"	"BOUND-R10-001"	"not-approved"	"evidence-only-not-an-approval-unit;named-approver;approval-date;approved-scope;version-or-sha256-binding"
"R10-A0442"	"R10"	"R10-13"	"slots-simulator/docs/01-requirements/fr-010-automation-test-infrastructure.md"	"b40db5e14edffe1aaf59fc2fafe6fb55edae4ef5126da931bf5be2940986b057"	"line 50"	"FR-010 自动化测试基础设施能力 > Verification 验证方式"	"**TC-FR-010-003（待建立）**：Given 主系统配置了业务超时且模拟器未维护业务超时状态；"	"**TC-FR-010-003（待建立）**：Given 主系统配置了业务超时且模拟器未维护业务超时状态；When 分别设置 DI 延迟、DI 不跟随和门保持开启；Then 模拟器持续呈现对应硬件现象，由主系统自行达到并判定超时。"	"a28aaf6ba6358796f95de3d124d91846ad2a80defc547d6daf5910b0ebeb623c"	"reserved-verification-plan-evidence"	"review-planning-source-without-verifiable-approval-chain"	"slots-simulator-development-test-tool-only"	"test-plan-evidence-only"	"document-route:R10-candidate; unit-kind:markdown-flow-or-list-item; source-document-class:SIM-REQ; ledger-history:H-U; see R10 Git history, derivation and status-correction groups"	"BOUND-R10-001"	"not-approved"	"evidence-only-not-an-approval-unit;named-approver;approval-date;approved-scope;version-or-sha256-binding"
"R10-A0443"	"R10"	"R10-13"	"slots-simulator/docs/01-requirements/fr-010-automation-test-infrastructure.md"	"b40db5e14edffe1aaf59fc2fafe6fb55edae4ef5126da931bf5be2940986b057"	"line 50"	"FR-010 自动化测试基础设施能力 > Verification 验证方式"	"When 分别设置 DI 延迟、DI 不跟随和门保持开启；"	"**TC-FR-010-003（待建立）**：Given 主系统配置了业务超时且模拟器未维护业务超时状态；When 分别设置 DI 延迟、DI 不跟随和门保持开启；Then 模拟器持续呈现对应硬件现象，由主系统自行达到并判定超时。"	"35bf098e919211f4e0990e2c6db42d3ebc9f2149c974a55e91c78a373bfc49d3"	"reserved-verification-plan-evidence"	"review-planning-source-without-verifiable-approval-chain"	"slots-simulator-development-test-tool-only"	"test-plan-evidence-only"	"document-route:R10-candidate; unit-kind:markdown-flow-or-list-item; source-document-class:SIM-REQ; ledger-history:H-U; see R10 Git history, derivation and status-correction groups"	"CF-R10-001"	"not-approved"	"evidence-only-not-an-approval-unit;named-approver;approval-date;approved-scope;version-or-sha256-binding"
"R10-A0444"	"R10"	"R10-13"	"slots-simulator/docs/01-requirements/fr-010-automation-test-infrastructure.md"	"b40db5e14edffe1aaf59fc2fafe6fb55edae4ef5126da931bf5be2940986b057"	"line 50"	"FR-010 自动化测试基础设施能力 > Verification 验证方式"	"Then 模拟器持续呈现对应硬件现象，由主系统自行达到并判定超时。"	"**TC-FR-010-003（待建立）**：Given 主系统配置了业务超时且模拟器未维护业务超时状态；When 分别设置 DI 延迟、DI 不跟随和门保持开启；Then 模拟器持续呈现对应硬件现象，由主系统自行达到并判定超时。"	"0c2b1ac104844982cfe76b7e0db795cb1bd9137761973a685839562583679b8a"	"reserved-verification-plan-evidence"	"review-planning-source-without-verifiable-approval-chain"	"slots-simulator-development-test-tool-only"	"test-plan-evidence-only"	"document-route:R10-candidate; unit-kind:markdown-flow-or-list-item; source-document-class:SIM-REQ; ledger-history:H-U; see R10 Git history, derivation and status-correction groups"	"BOUND-R10-001"	"not-approved"	"evidence-only-not-an-approval-unit;named-approver;approval-date;approved-scope;version-or-sha256-binding"
"R10-A0445"	"R10"	"R10-13"	"slots-simulator/docs/01-requirements/fr-010-automation-test-infrastructure.md"	"b40db5e14edffe1aaf59fc2fafe6fb55edae4ef5126da931bf5be2940986b057"	"line 51"	"FR-010 自动化测试基础设施能力 > Verification 验证方式"	"**TC-FR-010-004（待建立）**：Given 自动化序列包含模拟器内部等待；"	"**TC-FR-010-004（待建立）**：Given 自动化序列包含模拟器内部等待；When 调用跳过等待能力；Then 模拟器立即推进到等待后的确定性硬件状态，且未直接设置主系统业务超时。"	"7dc2ce1389a22ecd7dbce34184bbf028a6dd5612177cfcdecc2df2964e036587"	"reserved-verification-plan-evidence"	"review-planning-source-without-verifiable-approval-chain"	"slots-simulator-development-test-tool-only"	"test-plan-evidence-only"	"document-route:R10-candidate; unit-kind:markdown-flow-or-list-item; source-document-class:SIM-REQ; ledger-history:H-U; see R10 Git history, derivation and status-correction groups"	"none-found-within-r10-pass"	"not-approved"	"evidence-only-not-an-approval-unit;named-approver;approval-date;approved-scope;version-or-sha256-binding"
"R10-A0446"	"R10"	"R10-13"	"slots-simulator/docs/01-requirements/fr-010-automation-test-infrastructure.md"	"b40db5e14edffe1aaf59fc2fafe6fb55edae4ef5126da931bf5be2940986b057"	"line 51"	"FR-010 自动化测试基础设施能力 > Verification 验证方式"	"When 调用跳过等待能力；"	"**TC-FR-010-004（待建立）**：Given 自动化序列包含模拟器内部等待；When 调用跳过等待能力；Then 模拟器立即推进到等待后的确定性硬件状态，且未直接设置主系统业务超时。"	"83df6d3c33616c6e707f2ae21a907b275bb65fa35115b08b3cc9793f77cfa60f"	"reserved-verification-plan-evidence"	"review-planning-source-without-verifiable-approval-chain"	"slots-simulator-development-test-tool-only"	"test-plan-evidence-only"	"document-route:R10-candidate; unit-kind:markdown-flow-or-list-item; source-document-class:SIM-REQ; ledger-history:H-U; see R10 Git history, derivation and status-correction groups"	"none-found-within-r10-pass"	"not-approved"	"evidence-only-not-an-approval-unit;named-approver;approval-date;approved-scope;version-or-sha256-binding"
"R10-A0447"	"R10"	"R10-13"	"slots-simulator/docs/01-requirements/fr-010-automation-test-infrastructure.md"	"b40db5e14edffe1aaf59fc2fafe6fb55edae4ef5126da931bf5be2940986b057"	"line 51"	"FR-010 自动化测试基础设施能力 > Verification 验证方式"	"Then 模拟器立即推进到等待后的确定性硬件状态，且未直接设置主系统业务超时。"	"**TC-FR-010-004（待建立）**：Given 自动化序列包含模拟器内部等待；When 调用跳过等待能力；Then 模拟器立即推进到等待后的确定性硬件状态，且未直接设置主系统业务超时。"	"b284ad8e73af0926c13300ad72e4e37b800204191aa5de8066e038b652ac8c18"	"reserved-verification-plan-evidence"	"review-planning-source-without-verifiable-approval-chain"	"slots-simulator-development-test-tool-only"	"test-plan-evidence-only"	"document-route:R10-candidate; unit-kind:markdown-flow-or-list-item; source-document-class:SIM-REQ; ledger-history:H-U; see R10 Git history, derivation and status-correction groups"	"BOUND-R10-001"	"not-approved"	"evidence-only-not-an-approval-unit;named-approver;approval-date;approved-scope;version-or-sha256-binding"
"R10-A0448"	"R10"	"R10-13"	"slots-simulator/docs/01-requirements/fr-010-automation-test-infrastructure.md"	"b40db5e14edffe1aaf59fc2fafe6fb55edae4ef5126da931bf5be2940986b057"	"line 52"	"FR-010 自动化测试基础设施能力 > Verification 验证方式"	"**TC-FR-010-005（待建立）**：Given 服务正在启动且多个 Modbus 模块尚未全部监听；"	"**TC-FR-010-005（待建立）**：Given 服务正在启动且多个 Modbus 模块尚未全部监听；When 轮询就绪探针直到全部端点可用；Then 未完成时返回明确未就绪，全部完成后返回就绪。"	"8fa1fd1ea5613c8240c554dff4f268be4be996bf10e7e79be24158ccb79782ca"	"reserved-verification-plan-evidence"	"review-planning-source-without-verifiable-approval-chain"	"slots-simulator-development-test-tool-only"	"test-plan-evidence-only"	"document-route:R10-candidate; unit-kind:markdown-flow-or-list-item; source-document-class:SIM-REQ; ledger-history:H-U; see R10 Git history, derivation and status-correction groups"	"GAP-R10-001"	"not-approved"	"evidence-only-not-an-approval-unit;named-approver;approval-date;approved-scope;version-or-sha256-binding"
"R10-A0449"	"R10"	"R10-13"	"slots-simulator/docs/01-requirements/fr-010-automation-test-infrastructure.md"	"b40db5e14edffe1aaf59fc2fafe6fb55edae4ef5126da931bf5be2940986b057"	"line 52"	"FR-010 自动化测试基础设施能力 > Verification 验证方式"	"When 轮询就绪探针直到全部端点可用；"	"**TC-FR-010-005（待建立）**：Given 服务正在启动且多个 Modbus 模块尚未全部监听；When 轮询就绪探针直到全部端点可用；Then 未完成时返回明确未就绪，全部完成后返回就绪。"	"2749a6b4b76cea8240872d376ccc17d600fbf9c70c3ad75d518a6b1d36cb0f51"	"reserved-verification-plan-evidence"	"review-planning-source-without-verifiable-approval-chain"	"slots-simulator-development-test-tool-only"	"test-plan-evidence-only"	"document-route:R10-candidate; unit-kind:markdown-flow-or-list-item; source-document-class:SIM-REQ; ledger-history:H-U; see R10 Git history, derivation and status-correction groups"	"none-found-within-r10-pass"	"not-approved"	"evidence-only-not-an-approval-unit;named-approver;approval-date;approved-scope;version-or-sha256-binding"
"R10-A0450"	"R10"	"R10-13"	"slots-simulator/docs/01-requirements/fr-010-automation-test-infrastructure.md"	"b40db5e14edffe1aaf59fc2fafe6fb55edae4ef5126da931bf5be2940986b057"	"line 52"	"FR-010 自动化测试基础设施能力 > Verification 验证方式"	"Then 未完成时返回明确未就绪，全部完成后返回就绪。"	"**TC-FR-010-005（待建立）**：Given 服务正在启动且多个 Modbus 模块尚未全部监听；When 轮询就绪探针直到全部端点可用；Then 未完成时返回明确未就绪，全部完成后返回就绪。"	"2345faff697511511c316cc24e06429660f85c3bf98f13d3ad8bba991222a435"	"reserved-verification-plan-evidence"	"review-planning-source-without-verifiable-approval-chain"	"slots-simulator-development-test-tool-only"	"test-plan-evidence-only"	"document-route:R10-candidate; unit-kind:markdown-flow-or-list-item; source-document-class:SIM-REQ; ledger-history:H-U; see R10 Git history, derivation and status-correction groups"	"none-found-within-r10-pass"	"not-approved"	"evidence-only-not-an-approval-unit;named-approver;approval-date;approved-scope;version-or-sha256-binding"
"R10-A0451"	"R10"	"R10-13"	"slots-simulator/docs/01-requirements/fr-010-automation-test-infrastructure.md"	"b40db5e14edffe1aaf59fc2fafe6fb55edae4ef5126da931bf5be2940986b057"	"line 53"	"FR-010 自动化测试基础设施能力 > Verification 验证方式"	"**TC-FR-010-006（待建立）**：Given Headless Host 已产生状态迁移并占用监听端口；"	"**TC-FR-010-006（待建立）**：Given Headless Host 已产生状态迁移并占用监听端口；When 发送终止信号；Then 日志包含规定结构化字段并完整落盘，进程退出后原端口可被新实例重新绑定。"	"33b816759108eefb2c2356980312d689c617be0c4046e0ed749d5f8d4d507576"	"reserved-verification-plan-evidence"	"review-planning-source-without-verifiable-approval-chain"	"slots-simulator-development-test-tool-only"	"test-plan-evidence-only"	"document-route:R10-candidate; unit-kind:markdown-flow-or-list-item; source-document-class:SIM-REQ; ledger-history:H-U; see R10 Git history, derivation and status-correction groups"	"none-found-within-r10-pass"	"not-approved"	"evidence-only-not-an-approval-unit;named-approver;approval-date;approved-scope;version-or-sha256-binding"
"R10-A0452"	"R10"	"R10-13"	"slots-simulator/docs/01-requirements/fr-010-automation-test-infrastructure.md"	"b40db5e14edffe1aaf59fc2fafe6fb55edae4ef5126da931bf5be2940986b057"	"line 53"	"FR-010 自动化测试基础设施能力 > Verification 验证方式"	"When 发送终止信号；"	"**TC-FR-010-006（待建立）**：Given Headless Host 已产生状态迁移并占用监听端口；When 发送终止信号；Then 日志包含规定结构化字段并完整落盘，进程退出后原端口可被新实例重新绑定。"	"682f046af5be8c626d9bddc50355b04465f09bc8bd029d6ba3720f0ae150d233"	"reserved-verification-plan-evidence"	"review-planning-source-without-verifiable-approval-chain"	"slots-simulator-development-test-tool-only"	"test-plan-evidence-only"	"document-route:R10-candidate; unit-kind:markdown-flow-or-list-item; source-document-class:SIM-REQ; ledger-history:H-U; see R10 Git history, derivation and status-correction groups"	"none-found-within-r10-pass"	"not-approved"	"evidence-only-not-an-approval-unit;named-approver;approval-date;approved-scope;version-or-sha256-binding"
"R10-A0453"	"R10"	"R10-13"	"slots-simulator/docs/01-requirements/fr-010-automation-test-infrastructure.md"	"b40db5e14edffe1aaf59fc2fafe6fb55edae4ef5126da931bf5be2940986b057"	"line 53"	"FR-010 自动化测试基础设施能力 > Verification 验证方式"	"Then 日志包含规定结构化字段并完整落盘，进程退出后原端口可被新实例重新绑定。"	"**TC-FR-010-006（待建立）**：Given Headless Host 已产生状态迁移并占用监听端口；When 发送终止信号；Then 日志包含规定结构化字段并完整落盘，进程退出后原端口可被新实例重新绑定。"	"1968c520c44d1f78e5b660a5b3f54a21c5811b0da6b20147f8c2047c9fd30637"	"reserved-verification-plan-evidence"	"review-planning-source-without-verifiable-approval-chain"	"slots-simulator-development-test-tool-only"	"test-plan-evidence-only"	"document-route:R10-candidate; unit-kind:markdown-flow-or-list-item; source-document-class:SIM-REQ; ledger-history:H-U; see R10 Git history, derivation and status-correction groups"	"none-found-within-r10-pass"	"not-approved"	"evidence-only-not-an-approval-unit;named-approver;approval-date;approved-scope;version-or-sha256-binding"
"R10-A0454"	"R10"	"R10-14"	"slots-simulator/docs/01-requirements/fr-011-configurable-slot-layout.md"	"56c00339ed4127f5b2dd90ce286ebba845a616b2bdfac0f7aa0af8e6ad46cd0b"	"line 18"	"FR-011 可配置仓位版面布局 > Description 需求描述"	"配置中可声明任意数量的""面""（如 `front`、`rear`，命名不限，不固定写死""前侧/后侧""两个面），每个面各自声明列数（X）与行数（Y）。"	"配置中可声明任意数量的""面""（如 `front`、`rear`，命名不限，不固定写死""前侧/后侧""两个面），每个面各自声明列数（X）与行数（Y）。每个仓位的位置由所属面、起始行、起始列、跨行数与跨列数共同定义；起始行列表示仓位矩形的左上角，`rowSpan`、`columnSpan` 为正整数且默认值均为 `1`。因此既支持普通单格仓位，也支持一个仓位连续占据 `1×N`、`N×1` 或 `N×M` 个基础格。"	"140a8ca6fe08ba4698a64906132bd56169f65792b01f5bcf394a2824e2fa57a0"	"simulator-configuration-or-validation-candidate"	"review-planning-source-without-verifiable-approval-chain"	"slots-simulator-configuration-layout-and-module-topology"	"needs-simulator-product-owner-and-explicit-approval"	"document-route:R10-candidate; unit-kind:markdown-paragraph; source-document-class:SIM-REQ; ledger-history:H-U; see R10 Git history, derivation and status-correction groups"	"none-found-within-r10-pass"	"not-approved"	"simulator-product-owner;approved-tool-scope-source;named-approver;approval-date;approved-scope;version-or-sha256-binding"
"R10-A0455"	"R10"	"R10-14"	"slots-simulator/docs/01-requirements/fr-011-configurable-slot-layout.md"	"56c00339ed4127f5b2dd90ce286ebba845a616b2bdfac0f7aa0af8e6ad46cd0b"	"line 18"	"FR-011 可配置仓位版面布局 > Description 需求描述"	"每个仓位的位置由所属面、起始行、起始列、跨行数与跨列数共同定义；"	"配置中可声明任意数量的""面""（如 `front`、`rear`，命名不限，不固定写死""前侧/后侧""两个面），每个面各自声明列数（X）与行数（Y）。每个仓位的位置由所属面、起始行、起始列、跨行数与跨列数共同定义；起始行列表示仓位矩形的左上角，`rowSpan`、`columnSpan` 为正整数且默认值均为 `1`。因此既支持普通单格仓位，也支持一个仓位连续占据 `1×N`、`N×1` 或 `N×M` 个基础格。"	"b85df69e9fb77861e7b60fd62a0d638dc9080d7af48093c71be1176aff46cfb7"	"simulator-slot-behavior-or-fault-stimulus-candidate"	"review-planning-source-without-verifiable-approval-chain"	"slots-simulator-development-test-tool-only"	"needs-simulator-hardware-behavior-owner-and-explicit-approval"	"document-route:R10-candidate; unit-kind:markdown-paragraph; source-document-class:SIM-REQ; ledger-history:H-U; see R10 Git history, derivation and status-correction groups"	"none-found-within-r10-pass"	"not-approved"	"simulator-hardware-behavior-owner;bound-8005-field-evidence-and-polarity-normalization;named-approver;approval-date;approved-scope;version-or-sha256-binding"
"R10-A0456"	"R10"	"R10-14"	"slots-simulator/docs/01-requirements/fr-011-configurable-slot-layout.md"	"56c00339ed4127f5b2dd90ce286ebba845a616b2bdfac0f7aa0af8e6ad46cd0b"	"line 18"	"FR-011 可配置仓位版面布局 > Description 需求描述"	"起始行列表示仓位矩形的左上角，`rowSpan`、`columnSpan` 为正整数且默认值均为 `1`。"	"配置中可声明任意数量的""面""（如 `front`、`rear`，命名不限，不固定写死""前侧/后侧""两个面），每个面各自声明列数（X）与行数（Y）。每个仓位的位置由所属面、起始行、起始列、跨行数与跨列数共同定义；起始行列表示仓位矩形的左上角，`rowSpan`、`columnSpan` 为正整数且默认值均为 `1`。因此既支持普通单格仓位，也支持一个仓位连续占据 `1×N`、`N×1` 或 `N×M` 个基础格。"	"25fb56c2430785226d46f601c1964baf7308bf992f05d9358afcdf7b59ff3f05"	"simulator-configuration-or-validation-candidate"	"review-planning-source-without-verifiable-approval-chain"	"slots-simulator-configuration-layout-and-module-topology"	"needs-simulator-product-owner-and-explicit-approval"	"document-route:R10-candidate; unit-kind:markdown-paragraph; source-document-class:SIM-REQ; ledger-history:H-U; see R10 Git history, derivation and status-correction groups"	"none-found-within-r10-pass"	"not-approved"	"simulator-product-owner;approved-tool-scope-source;named-approver;approval-date;approved-scope;version-or-sha256-binding"
"R10-A0457"	"R10"	"R10-14"	"slots-simulator/docs/01-requirements/fr-011-configurable-slot-layout.md"	"56c00339ed4127f5b2dd90ce286ebba845a616b2bdfac0f7aa0af8e6ad46cd0b"	"line 18"	"FR-011 可配置仓位版面布局 > Description 需求描述"	"因此既支持普通单格仓位，也支持一个仓位连续占据 `1×N`、`N×1` 或 `N×M` 个基础格。"	"配置中可声明任意数量的""面""（如 `front`、`rear`，命名不限，不固定写死""前侧/后侧""两个面），每个面各自声明列数（X）与行数（Y）。每个仓位的位置由所属面、起始行、起始列、跨行数与跨列数共同定义；起始行列表示仓位矩形的左上角，`rowSpan`、`columnSpan` 为正整数且默认值均为 `1`。因此既支持普通单格仓位，也支持一个仓位连续占据 `1×N`、`N×1` 或 `N×M` 个基础格。"	"83e989af5cb6640c4b042e06fd28c41925a0c63082a81d0f48432c191b800aad"	"simulator-slot-behavior-or-fault-stimulus-candidate"	"review-planning-source-without-verifiable-approval-chain"	"slots-simulator-development-test-tool-only"	"needs-simulator-hardware-behavior-owner-and-explicit-approval"	"document-route:R10-candidate; unit-kind:markdown-paragraph; source-document-class:SIM-REQ; ledger-history:H-U; see R10 Git history, derivation and status-correction groups"	"none-found-within-r10-pass"	"not-approved"	"simulator-hardware-behavior-owner;bound-8005-field-evidence-and-polarity-normalization;named-approver;approval-date;approved-scope;version-or-sha256-binding"
"R10-A0458"	"R10"	"R10-14"	"slots-simulator/docs/01-requirements/fr-011-configurable-slot-layout.md"	"56c00339ed4127f5b2dd90ce286ebba845a616b2bdfac0f7aa0af8e6ad46cd0b"	"line 20"	"FR-011 可配置仓位版面布局 > Description 需求描述"	"每个面采用统一尺寸的基础格。"	"每个面采用统一尺寸的基础格。跨格仓位必须是连续矩形，不支持 L 形等不规则格子集合、绝对像素定位或仓位级单独旋转。WPF 面板（[[fr-007-wpf-visualization-panel|FR-007]]）将一个仓位渲染为一个状态卡片并填满其合并区域；所有面仍并排同时展示，不提供切换视图。"	"4bcd4786298bfe696c5c298fab0e28861577a95f7748233254ab8e5e3c4fe632"	"simulator-capability-or-scope-candidate"	"review-planning-source-without-verifiable-approval-chain"	"slots-simulator-development-test-tool-only"	"needs-simulator-product-owner-and-explicit-approval"	"document-route:R10-candidate; unit-kind:markdown-paragraph; source-document-class:SIM-REQ; ledger-history:H-U; see R10 Git history, derivation and status-correction groups"	"none-found-within-r10-pass"	"not-approved"	"simulator-product-owner;approved-tool-scope-source;named-approver;approval-date;approved-scope;version-or-sha256-binding"
"R10-A0459"	"R10"	"R10-14"	"slots-simulator/docs/01-requirements/fr-011-configurable-slot-layout.md"	"56c00339ed4127f5b2dd90ce286ebba845a616b2bdfac0f7aa0af8e6ad46cd0b"	"line 20"	"FR-011 可配置仓位版面布局 > Description 需求描述"	"跨格仓位必须是连续矩形，不支持 L 形等不规则格子集合、绝对像素定位或仓位级单独旋转。"	"每个面采用统一尺寸的基础格。跨格仓位必须是连续矩形，不支持 L 形等不规则格子集合、绝对像素定位或仓位级单独旋转。WPF 面板（[[fr-007-wpf-visualization-panel|FR-007]]）将一个仓位渲染为一个状态卡片并填满其合并区域；所有面仍并排同时展示，不提供切换视图。"	"169cf4bfe7cb5a872234118415f6eeb8842dc12708b53749dcb0bbf58df52aa2"	"simulator-slot-behavior-or-fault-stimulus-candidate"	"review-planning-source-without-verifiable-approval-chain"	"slots-simulator-development-test-tool-only"	"needs-simulator-hardware-behavior-owner-and-explicit-approval"	"document-route:R10-candidate; unit-kind:markdown-paragraph; source-document-class:SIM-REQ; ledger-history:H-U; see R10 Git history, derivation and status-correction groups"	"none-found-within-r10-pass"	"not-approved"	"simulator-hardware-behavior-owner;bound-8005-field-evidence-and-polarity-normalization;named-approver;approval-date;approved-scope;version-or-sha256-binding"
"R10-A0460"	"R10"	"R10-14"	"slots-simulator/docs/01-requirements/fr-011-configurable-slot-layout.md"	"56c00339ed4127f5b2dd90ce286ebba845a616b2bdfac0f7aa0af8e6ad46cd0b"	"line 20"	"FR-011 可配置仓位版面布局 > Description 需求描述"	"WPF 面板（[[fr-007-wpf-visualization-panel|FR-007]]）将一个仓位渲染为一个状态卡片并填满其合并区域；"	"每个面采用统一尺寸的基础格。跨格仓位必须是连续矩形，不支持 L 形等不规则格子集合、绝对像素定位或仓位级单独旋转。WPF 面板（[[fr-007-wpf-visualization-panel|FR-007]]）将一个仓位渲染为一个状态卡片并填满其合并区域；所有面仍并排同时展示，不提供切换视图。"	"ff8d11aa47da9f769c974bd133d451db7bd4b77fe5920ce778d31a6ad61a3ed9"	"embedded-simulator-technical-design-choice"	"review-planning-source-without-verifiable-approval-chain"	"slots-simulator-development-test-tool-only"	"exclude-from-requirement-approval"	"document-route:R10-candidate; unit-kind:markdown-paragraph; source-document-class:SIM-REQ; ledger-history:H-U; see R10 Git history, derivation and status-correction groups"	"none-found-within-r10-pass"	"not-approved"	"separate-technical-design-review;approved-simulator-behavior-source-if-mechanism-is-mandatory;named-approver;approval-date;approved-scope;version-or-sha256-binding"
"R10-A0461"	"R10"	"R10-14"	"slots-simulator/docs/01-requirements/fr-011-configurable-slot-layout.md"	"56c00339ed4127f5b2dd90ce286ebba845a616b2bdfac0f7aa0af8e6ad46cd0b"	"line 20"	"FR-011 可配置仓位版面布局 > Description 需求描述"	"所有面仍并排同时展示，不提供切换视图。"	"每个面采用统一尺寸的基础格。跨格仓位必须是连续矩形，不支持 L 形等不规则格子集合、绝对像素定位或仓位级单独旋转。WPF 面板（[[fr-007-wpf-visualization-panel|FR-007]]）将一个仓位渲染为一个状态卡片并填满其合并区域；所有面仍并排同时展示，不提供切换视图。"	"d25b9f16771b433321289260269d4cd346efa8c2ecab3c3c4b7794c9e892ac9f"	"simulator-operator-ui-behavior-candidate"	"review-planning-source-without-verifiable-approval-chain"	"slots-simulator-internal-developer-ui"	"needs-simulator-product-owner-and-explicit-approval"	"document-route:R10-candidate; unit-kind:markdown-paragraph; source-document-class:SIM-REQ; ledger-history:H-U; see R10 Git history, derivation and status-correction groups"	"none-found-within-r10-pass"	"not-approved"	"simulator-product-owner;approved-tool-scope-source;named-approver;approval-date;approved-scope;version-or-sha256-binding"
"R10-A0462"	"R10"	"R10-14"	"slots-simulator/docs/01-requirements/fr-011-configurable-slot-layout.md"	"56c00339ed4127f5b2dd90ce286ebba845a616b2bdfac0f7aa0af8e6ad46cd0b"	"line 22"	"FR-011 可配置仓位版面布局 > Description 需求描述"	"模拟器的全部配置采用 JSON，并随产品提供机器可读的 JSON Schema 和一份覆盖所有配置字段、可直接启动的完整示例。"	"模拟器的全部配置采用 JSON，并随产品提供机器可读的 JSON Schema 和一份覆盖所有配置字段、可直接启动的完整示例。启动和热重载均须按 Schema 及跨字段业务规则严格校验。WPF 不仅展示配置，还应提供全部配置项的完整编辑与保存能力；任一配置经 WPF 或外部方式保存成功后，模拟器立即热重载，无需重启。热重载校验失败时拒绝整次变更，继续使用上一份有效配置，并向 UI 与日志返回可定位到字段的错误。"	"765c5bb60306335a36568029723f91f03b3a414573f0a3945dec981fc9c9972e"	"embedded-simulator-technical-design-choice"	"review-planning-source-without-verifiable-approval-chain"	"slots-simulator-development-test-tool-only"	"exclude-from-requirement-approval"	"document-route:R10-candidate; unit-kind:markdown-paragraph; source-document-class:SIM-REQ; ledger-history:H-U; see R10 Git history, derivation and status-correction groups"	"none-found-within-r10-pass"	"not-approved"	"separate-technical-design-review;approved-simulator-behavior-source-if-mechanism-is-mandatory;named-approver;approval-date;approved-scope;version-or-sha256-binding"
"R10-A0463"	"R10"	"R10-14"	"slots-simulator/docs/01-requirements/fr-011-configurable-slot-layout.md"	"56c00339ed4127f5b2dd90ce286ebba845a616b2bdfac0f7aa0af8e6ad46cd0b"	"line 22"	"FR-011 可配置仓位版面布局 > Description 需求描述"	"启动和热重载均须按 Schema 及跨字段业务规则严格校验。"	"模拟器的全部配置采用 JSON，并随产品提供机器可读的 JSON Schema 和一份覆盖所有配置字段、可直接启动的完整示例。启动和热重载均须按 Schema 及跨字段业务规则严格校验。WPF 不仅展示配置，还应提供全部配置项的完整编辑与保存能力；任一配置经 WPF 或外部方式保存成功后，模拟器立即热重载，无需重启。热重载校验失败时拒绝整次变更，继续使用上一份有效配置，并向 UI 与日志返回可定位到字段的错误。"	"f7a8d89c18a71e29f91f57898d7184b766261e414a95facbf285b2483b9f4fcf"	"embedded-simulator-technical-design-choice"	"review-planning-source-without-verifiable-approval-chain"	"slots-simulator-development-test-tool-only"	"exclude-from-requirement-approval"	"document-route:R10-candidate; unit-kind:markdown-paragraph; source-document-class:SIM-REQ; ledger-history:H-U; see R10 Git history, derivation and status-correction groups"	"none-found-within-r10-pass"	"not-approved"	"separate-technical-design-review;approved-simulator-behavior-source-if-mechanism-is-mandatory;named-approver;approval-date;approved-scope;version-or-sha256-binding"
"R10-A0464"	"R10"	"R10-14"	"slots-simulator/docs/01-requirements/fr-011-configurable-slot-layout.md"	"56c00339ed4127f5b2dd90ce286ebba845a616b2bdfac0f7aa0af8e6ad46cd0b"	"line 22"	"FR-011 可配置仓位版面布局 > Description 需求描述"	"WPF 不仅展示配置，还应提供全部配置项的完整编辑与保存能力；"	"模拟器的全部配置采用 JSON，并随产品提供机器可读的 JSON Schema 和一份覆盖所有配置字段、可直接启动的完整示例。启动和热重载均须按 Schema 及跨字段业务规则严格校验。WPF 不仅展示配置，还应提供全部配置项的完整编辑与保存能力；任一配置经 WPF 或外部方式保存成功后，模拟器立即热重载，无需重启。热重载校验失败时拒绝整次变更，继续使用上一份有效配置，并向 UI 与日志返回可定位到字段的错误。"	"0ff987acf2476825f24f8f21cf9fb00103c6b4e483864a417b78aba67f1a3f16"	"embedded-simulator-technical-design-choice"	"review-planning-source-without-verifiable-approval-chain"	"slots-simulator-development-test-tool-only"	"exclude-from-requirement-approval"	"document-route:R10-candidate; unit-kind:markdown-paragraph; source-document-class:SIM-REQ; ledger-history:H-U; see R10 Git history, derivation and status-correction groups"	"none-found-within-r10-pass"	"not-approved"	"separate-technical-design-review;approved-simulator-behavior-source-if-mechanism-is-mandatory;named-approver;approval-date;approved-scope;version-or-sha256-binding"
"R10-A0465"	"R10"	"R10-14"	"slots-simulator/docs/01-requirements/fr-011-configurable-slot-layout.md"	"56c00339ed4127f5b2dd90ce286ebba845a616b2bdfac0f7aa0af8e6ad46cd0b"	"line 22"	"FR-011 可配置仓位版面布局 > Description 需求描述"	"任一配置经 WPF 或外部方式保存成功后，模拟器立即热重载，无需重启。"	"模拟器的全部配置采用 JSON，并随产品提供机器可读的 JSON Schema 和一份覆盖所有配置字段、可直接启动的完整示例。启动和热重载均须按 Schema 及跨字段业务规则严格校验。WPF 不仅展示配置，还应提供全部配置项的完整编辑与保存能力；任一配置经 WPF 或外部方式保存成功后，模拟器立即热重载，无需重启。热重载校验失败时拒绝整次变更，继续使用上一份有效配置，并向 UI 与日志返回可定位到字段的错误。"	"4d49af0c84f1eccd2a37d720a3274f24278dc62529c4794edd46ea049fe2d27f"	"embedded-simulator-technical-design-choice"	"review-planning-source-without-verifiable-approval-chain"	"slots-simulator-development-test-tool-only"	"exclude-from-requirement-approval"	"document-route:R10-candidate; unit-kind:markdown-paragraph; source-document-class:SIM-REQ; ledger-history:H-U; see R10 Git history, derivation and status-correction groups"	"none-found-within-r10-pass"	"not-approved"	"separate-technical-design-review;approved-simulator-behavior-source-if-mechanism-is-mandatory;named-approver;approval-date;approved-scope;version-or-sha256-binding"
"R10-A0466"	"R10"	"R10-14"	"slots-simulator/docs/01-requirements/fr-011-configurable-slot-layout.md"	"56c00339ed4127f5b2dd90ce286ebba845a616b2bdfac0f7aa0af8e6ad46cd0b"	"line 22"	"FR-011 可配置仓位版面布局 > Description 需求描述"	"热重载校验失败时拒绝整次变更，继续使用上一份有效配置，并向 UI 与日志返回可定位到字段的错误。"	"模拟器的全部配置采用 JSON，并随产品提供机器可读的 JSON Schema 和一份覆盖所有配置字段、可直接启动的完整示例。启动和热重载均须按 Schema 及跨字段业务规则严格校验。WPF 不仅展示配置，还应提供全部配置项的完整编辑与保存能力；任一配置经 WPF 或外部方式保存成功后，模拟器立即热重载，无需重启。热重载校验失败时拒绝整次变更，继续使用上一份有效配置，并向 UI 与日志返回可定位到字段的错误。"	"1c177c20973fdcdeceda1b71bdf9837677aa7c71b9623f89e47e767fed5d4036"	"embedded-simulator-technical-design-choice"	"review-planning-source-without-verifiable-approval-chain"	"slots-simulator-development-test-tool-only"	"exclude-from-requirement-approval"	"document-route:R10-candidate; unit-kind:markdown-paragraph; source-document-class:SIM-REQ; ledger-history:H-U; see R10 Git history, derivation and status-correction groups"	"none-found-within-r10-pass"	"not-approved"	"separate-technical-design-review;approved-simulator-behavior-source-if-mechanism-is-mandatory;named-approver;approval-date;approved-scope;version-or-sha256-binding"
"R10-A0467"	"R10"	"R10-14"	"slots-simulator/docs/01-requirements/fr-011-configurable-slot-layout.md"	"56c00339ed4127f5b2dd90ce286ebba845a616b2bdfac0f7aa0af8e6ad46cd0b"	"line 24"	"FR-011 可配置仓位版面布局 > Description 需求描述"	"背景：现场多仓位 AGV 的仓位通常分为前侧、后侧两组，两侧仓门开启方向相反，操作员要绕到另一侧才能看到另一侧的仓位；"	"背景：现场多仓位 AGV 的仓位通常分为前侧、后侧两组，两侧仓门开启方向相反，操作员要绕到另一侧才能看到另一侧的仓位；每一侧内部的仓位是 X 列 Y 行的网格排列。"	"b25c1047e36acf630bcd46a10268e01660539000334b5eef5fb426f9fd096d89"	"source-origin-background-or-traceability-evidence"	"review-planning-source-without-verifiable-approval-chain"	"slots-simulator-development-test-tool-only"	"source-or-traceability-evidence-only"	"document-route:R10-candidate; unit-kind:markdown-paragraph; source-document-class:SIM-REQ; ledger-history:H-U; see R10 Git history, derivation and status-correction groups"	"none-found-within-r10-pass"	"not-approved"	"evidence-only-not-an-approval-unit;named-approver;approval-date;approved-scope;version-or-sha256-binding"
"R10-A0468"	"R10"	"R10-14"	"slots-simulator/docs/01-requirements/fr-011-configurable-slot-layout.md"	"56c00339ed4127f5b2dd90ce286ebba845a616b2bdfac0f7aa0af8e6ad46cd0b"	"line 24"	"FR-011 可配置仓位版面布局 > Description 需求描述"	"每一侧内部的仓位是 X 列 Y 行的网格排列。"	"背景：现场多仓位 AGV 的仓位通常分为前侧、后侧两组，两侧仓门开启方向相反，操作员要绕到另一侧才能看到另一侧的仓位；每一侧内部的仓位是 X 列 Y 行的网格排列。"	"78168574c5f4159921f3e9ee41b0a56d116156af84bebdd94595fc8bb20e78ae"	"simulator-slot-behavior-or-fault-stimulus-candidate"	"review-planning-source-without-verifiable-approval-chain"	"slots-simulator-development-test-tool-only"	"needs-simulator-hardware-behavior-owner-and-explicit-approval"	"document-route:R10-candidate; unit-kind:markdown-paragraph; source-document-class:SIM-REQ; ledger-history:H-U; see R10 Git history, derivation and status-correction groups"	"none-found-within-r10-pass"	"not-approved"	"simulator-hardware-behavior-owner;bound-8005-field-evidence-and-polarity-normalization;named-approver;approval-date;approved-scope;version-or-sha256-binding"
"R10-A0469"	"R10"	"R10-14"	"slots-simulator/docs/01-requirements/fr-011-configurable-slot-layout.md"	"56c00339ed4127f5b2dd90ce286ebba845a616b2bdfac0f7aa0af8e6ad46cd0b"	"line 28"	"FR-011 可配置仓位版面布局 > Origin 需求来源"	"用户新提出的需求：UI 上仓位的展示样式需要可定义，不能是从上到下的列表，要能按""面""（如前侧/后侧）分组，每个面内部按 X 列 Y 行的网格摆放；"	"用户新提出的需求：UI 上仓位的展示样式需要可定义，不能是从上到下的列表，要能按""面""（如前侧/后侧）分组，每个面内部按 X 列 Y 行的网格摆放；后续确认实际柜体中一个仓位可能占据多个基础格。设计判断（泛化为任意 N 个面、并排展示、统一基础网格及连续矩形跨格）详见 [[dr-009-slot-layout-model|DR-009]]。"	"b83944b8b2be0edf22aca8e8fa252f3aa3f282223a82fa966f8081dabdce8e1c"	"source-origin-background-or-traceability-evidence"	"review-planning-source-without-verifiable-approval-chain"	"slots-simulator-development-test-tool-only"	"source-or-traceability-evidence-only"	"document-route:R10-candidate; unit-kind:markdown-paragraph; source-document-class:SIM-REQ; ledger-history:H-U; see R10 Git history, derivation and status-correction groups"	"none-found-within-r10-pass"	"not-approved"	"evidence-only-not-an-approval-unit;named-approver;approval-date;approved-scope;version-or-sha256-binding"
"R10-A0470"	"R10"	"R10-14"	"slots-simulator/docs/01-requirements/fr-011-configurable-slot-layout.md"	"56c00339ed4127f5b2dd90ce286ebba845a616b2bdfac0f7aa0af8e6ad46cd0b"	"line 28"	"FR-011 可配置仓位版面布局 > Origin 需求来源"	"后续确认实际柜体中一个仓位可能占据多个基础格。"	"用户新提出的需求：UI 上仓位的展示样式需要可定义，不能是从上到下的列表，要能按""面""（如前侧/后侧）分组，每个面内部按 X 列 Y 行的网格摆放；后续确认实际柜体中一个仓位可能占据多个基础格。设计判断（泛化为任意 N 个面、并排展示、统一基础网格及连续矩形跨格）详见 [[dr-009-slot-layout-model|DR-009]]。"	"47d3c04384ece367b281802027385ea7f923f86093a7df2b6f52949b017eb352"	"source-origin-background-or-traceability-evidence"	"review-planning-source-without-verifiable-approval-chain"	"slots-simulator-development-test-tool-only"	"source-or-traceability-evidence-only"	"document-route:R10-candidate; unit-kind:markdown-paragraph; source-document-class:SIM-REQ; ledger-history:H-U; see R10 Git history, derivation and status-correction groups"	"none-found-within-r10-pass"	"not-approved"	"evidence-only-not-an-approval-unit;named-approver;approval-date;approved-scope;version-or-sha256-binding"
"R10-A0471"	"R10"	"R10-14"	"slots-simulator/docs/01-requirements/fr-011-configurable-slot-layout.md"	"56c00339ed4127f5b2dd90ce286ebba845a616b2bdfac0f7aa0af8e6ad46cd0b"	"line 28"	"FR-011 可配置仓位版面布局 > Origin 需求来源"	"设计判断（泛化为任意 N 个面、并排展示、统一基础网格及连续矩形跨格）详见 [[dr-009-slot-layout-model|DR-009]]。"	"用户新提出的需求：UI 上仓位的展示样式需要可定义，不能是从上到下的列表，要能按""面""（如前侧/后侧）分组，每个面内部按 X 列 Y 行的网格摆放；后续确认实际柜体中一个仓位可能占据多个基础格。设计判断（泛化为任意 N 个面、并排展示、统一基础网格及连续矩形跨格）详见 [[dr-009-slot-layout-model|DR-009]]。"	"06163661f7c99b1458e2123210f2e12ddc11ff7dfcff5a7044192ec37ba75927"	"source-origin-background-or-traceability-evidence"	"review-planning-source-without-verifiable-approval-chain"	"slots-simulator-development-test-tool-only"	"source-or-traceability-evidence-only"	"document-route:R10-candidate; unit-kind:markdown-paragraph; source-document-class:SIM-REQ; ledger-history:H-U; see R10 Git history, derivation and status-correction groups"	"none-found-within-r10-pass"	"not-approved"	"evidence-only-not-an-approval-unit;named-approver;approval-date;approved-scope;version-or-sha256-binding"
"R10-A0472"	"R10"	"R10-14"	"slots-simulator/docs/01-requirements/fr-011-configurable-slot-layout.md"	"56c00339ed4127f5b2dd90ce286ebba845a616b2bdfac0f7aa0af8e6ad46cd0b"	"line 32"	"FR-011 可配置仓位版面布局 > Acceptance Criteria 验收标准"	"配置文件、模块模板均为 JSON；"	"配置文件、模块模板均为 JSON；交付对应 JSON Schema，以及一份覆盖面、仓位、IO 模块、寄存器模板引用、DO 初始模式/脉宽等全部字段的可运行完整示例。"	"ceefc9f8ba1037ea1bb0e6ab4d8cd7277191031b2d9a6c9ab57f6ac43332da11"	"simulator-configuration-or-validation-candidate"	"review-planning-source-without-verifiable-approval-chain"	"slots-simulator-configuration-layout-and-module-topology"	"needs-simulator-product-owner-and-explicit-approval"	"document-route:R10-candidate; unit-kind:markdown-flow-or-list-item; source-document-class:SIM-REQ; ledger-history:H-U; see R10 Git history, derivation and status-correction groups"	"none-found-within-r10-pass"	"not-approved"	"simulator-product-owner;approved-tool-scope-source;named-approver;approval-date;approved-scope;version-or-sha256-binding"
"R10-A0473"	"R10"	"R10-14"	"slots-simulator/docs/01-requirements/fr-011-configurable-slot-layout.md"	"56c00339ed4127f5b2dd90ce286ebba845a616b2bdfac0f7aa0af8e6ad46cd0b"	"line 32"	"FR-011 可配置仓位版面布局 > Acceptance Criteria 验收标准"	"交付对应 JSON Schema，以及一份覆盖面、仓位、IO 模块、寄存器模板引用、DO 初始模式/脉宽等全部字段的可运行完整示例。"	"配置文件、模块模板均为 JSON；交付对应 JSON Schema，以及一份覆盖面、仓位、IO 模块、寄存器模板引用、DO 初始模式/脉宽等全部字段的可运行完整示例。"	"1808b302d0020729742752b87f332cf72a94536beca46b58cd07b9d5b97055bd"	"embedded-simulator-technical-design-choice"	"review-planning-source-without-verifiable-approval-chain"	"slots-simulator-development-test-tool-only"	"exclude-from-requirement-approval"	"document-route:R10-candidate; unit-kind:markdown-flow-or-list-item; source-document-class:SIM-REQ; ledger-history:H-U; see R10 Git history, derivation and status-correction groups"	"none-found-within-r10-pass"	"not-approved"	"separate-technical-design-review;approved-simulator-behavior-source-if-mechanism-is-mandatory;named-approver;approval-date;approved-scope;version-or-sha256-binding"
"R10-A0474"	"R10"	"R10-14"	"slots-simulator/docs/01-requirements/fr-011-configurable-slot-layout.md"	"56c00339ed4127f5b2dd90ce286ebba845a616b2bdfac0f7aa0af8e6ad46cd0b"	"line 33"	"FR-011 可配置仓位版面布局 > Acceptance Criteria 验收标准"	"启动时若 JSON 语法、Schema 或业务规则校验失败，模拟器拒绝启动并给出字段路径和原因；"	"启动时若 JSON 语法、Schema 或业务规则校验失败，模拟器拒绝启动并给出字段路径和原因；热重载校验失败时原子拒绝新配置且当前服务保持上一有效状态。"	"baf9cf2bf06a552872eeaa6375b6dc53010978e95b76f1e5da8e2617c6030c2a"	"simulator-configuration-or-validation-candidate"	"review-planning-source-without-verifiable-approval-chain"	"slots-simulator-configuration-layout-and-module-topology"	"needs-simulator-product-owner-and-explicit-approval"	"document-route:R10-candidate; unit-kind:markdown-flow-or-list-item; source-document-class:SIM-REQ; ledger-history:H-U; see R10 Git history, derivation and status-correction groups"	"none-found-within-r10-pass"	"not-approved"	"simulator-product-owner;approved-tool-scope-source;named-approver;approval-date;approved-scope;version-or-sha256-binding"
"R10-A0475"	"R10"	"R10-14"	"slots-simulator/docs/01-requirements/fr-011-configurable-slot-layout.md"	"56c00339ed4127f5b2dd90ce286ebba845a616b2bdfac0f7aa0af8e6ad46cd0b"	"line 33"	"FR-011 可配置仓位版面布局 > Acceptance Criteria 验收标准"	"热重载校验失败时原子拒绝新配置且当前服务保持上一有效状态。"	"启动时若 JSON 语法、Schema 或业务规则校验失败，模拟器拒绝启动并给出字段路径和原因；热重载校验失败时原子拒绝新配置且当前服务保持上一有效状态。"	"fe5857f0ed4a9e55070c592ab3fbf785296056a00a29ac19695d18173189ad86"	"embedded-simulator-technical-design-choice"	"review-planning-source-without-verifiable-approval-chain"	"slots-simulator-development-test-tool-only"	"exclude-from-requirement-approval"	"document-route:R10-candidate; unit-kind:markdown-flow-or-list-item; source-document-class:SIM-REQ; ledger-history:H-U; see R10 Git history, derivation and status-correction groups"	"none-found-within-r10-pass"	"not-approved"	"separate-technical-design-review;approved-simulator-behavior-source-if-mechanism-is-mandatory;named-approver;approval-date;approved-scope;version-or-sha256-binding"
"R10-A0476"	"R10"	"R10-14"	"slots-simulator/docs/01-requirements/fr-011-configurable-slot-layout.md"	"56c00339ed4127f5b2dd90ce286ebba845a616b2bdfac0f7aa0af8e6ad46cd0b"	"line 34"	"FR-011 可配置仓位版面布局 > Acceptance Criteria 验收标准"	"WPF 可完整编辑并保存所有配置字段；"	"WPF 可完整编辑并保存所有配置字段；任一配置保存成功后立即热重载并更新界面与运行时，不要求重启。"	"420bcd4738372d900193371f802ef9d7171c16a68d8e931ad95fa20fd9bc41ff"	"embedded-simulator-technical-design-choice"	"review-planning-source-without-verifiable-approval-chain"	"slots-simulator-development-test-tool-only"	"exclude-from-requirement-approval"	"document-route:R10-candidate; unit-kind:markdown-flow-or-list-item; source-document-class:SIM-REQ; ledger-history:H-U; see R10 Git history, derivation and status-correction groups"	"none-found-within-r10-pass"	"not-approved"	"separate-technical-design-review;approved-simulator-behavior-source-if-mechanism-is-mandatory;named-approver;approval-date;approved-scope;version-or-sha256-binding"
"R10-A0477"	"R10"	"R10-14"	"slots-simulator/docs/01-requirements/fr-011-configurable-slot-layout.md"	"56c00339ed4127f5b2dd90ce286ebba845a616b2bdfac0f7aa0af8e6ad46cd0b"	"line 34"	"FR-011 可配置仓位版面布局 > Acceptance Criteria 验收标准"	"任一配置保存成功后立即热重载并更新界面与运行时，不要求重启。"	"WPF 可完整编辑并保存所有配置字段；任一配置保存成功后立即热重载并更新界面与运行时，不要求重启。"	"a18b18acee49df8e7b3427efc4b93f4c0f2e877f3b97b12e72783a6f2acce2e5"	"embedded-simulator-technical-design-choice"	"review-planning-source-without-verifiable-approval-chain"	"slots-simulator-development-test-tool-only"	"exclude-from-requirement-approval"	"document-route:R10-candidate; unit-kind:markdown-flow-or-list-item; source-document-class:SIM-REQ; ledger-history:H-U; see R10 Git history, derivation and status-correction groups"	"none-found-within-r10-pass"	"not-approved"	"separate-technical-design-review;approved-simulator-behavior-source-if-mechanism-is-mandatory;named-approver;approval-date;approved-scope;version-or-sha256-binding"
"R10-A0478"	"R10"	"R10-14"	"slots-simulator/docs/01-requirements/fr-011-configurable-slot-layout.md"	"56c00339ed4127f5b2dd90ce286ebba845a616b2bdfac0f7aa0af8e6ad46cd0b"	"line 35"	"FR-011 可配置仓位版面布局 > Acceptance Criteria 验收标准"	"配置文件可声明 N 个面，每个面有唯一标识、名称、正整数列数与行数；"	"配置文件可声明 N 个面，每个面有唯一标识、名称、正整数列数与行数；实现不设置固定面数或仓位数上限，实际规模仅受运行环境资源约束。"	"7e8e855b310fa73f008ffb528005097982b6a31b371f636c969e9c4a27bfb115"	"simulator-configuration-or-validation-candidate"	"review-planning-source-without-verifiable-approval-chain"	"slots-simulator-configuration-layout-and-module-topology"	"needs-simulator-product-owner-and-explicit-approval"	"document-route:R10-candidate; unit-kind:markdown-flow-or-list-item; source-document-class:SIM-REQ; ledger-history:H-U; see R10 Git history, derivation and status-correction groups"	"none-found-within-r10-pass"	"not-approved"	"simulator-product-owner;approved-tool-scope-source;named-approver;approval-date;approved-scope;version-or-sha256-binding"
"R10-A0479"	"R10"	"R10-14"	"slots-simulator/docs/01-requirements/fr-011-configurable-slot-layout.md"	"56c00339ed4127f5b2dd90ce286ebba845a616b2bdfac0f7aa0af8e6ad46cd0b"	"line 35"	"FR-011 可配置仓位版面布局 > Acceptance Criteria 验收标准"	"实现不设置固定面数或仓位数上限，实际规模仅受运行环境资源约束。"	"配置文件可声明 N 个面，每个面有唯一标识、名称、正整数列数与行数；实现不设置固定面数或仓位数上限，实际规模仅受运行环境资源约束。"	"28283391f357a091f4c5bcd01e05a03655f2bd344d1411d2bc018b44b8d80d12"	"simulator-slot-behavior-or-fault-stimulus-candidate"	"review-planning-source-without-verifiable-approval-chain"	"slots-simulator-development-test-tool-only"	"needs-simulator-hardware-behavior-owner-and-explicit-approval"	"document-route:R10-candidate; unit-kind:markdown-flow-or-list-item; source-document-class:SIM-REQ; ledger-history:H-U; see R10 Git history, derivation and status-correction groups"	"none-found-within-r10-pass"	"not-approved"	"simulator-hardware-behavior-owner;bound-8005-field-evidence-and-polarity-normalization;named-approver;approval-date;approved-scope;version-or-sha256-binding"
"R10-A0480"	"R10"	"R10-14"	"slots-simulator/docs/01-requirements/fr-011-configurable-slot-layout.md"	"56c00339ed4127f5b2dd90ce286ebba845a616b2bdfac0f7aa0af8e6ad46cd0b"	"line 36"	"FR-011 可配置仓位版面布局 > Acceptance Criteria 验收标准"	"每个仓位配置项指定 `faceId`、`row`、`column`、`rowSpan`、`columnSpan`；"	"每个仓位配置项指定 `faceId`、`row`、`column`、`rowSpan`、`columnSpan`；`row`/`column` 是左上角锚点，两个 span 字段必须为正整数，未填写时均按 `1` 处理以兼容原单格布局。"	"39d11cf3dfe3c8b3eadaeceb767dde04b318f103fa78ce0eb5b7cf01271d371c"	"simulator-configuration-or-validation-candidate"	"review-planning-source-without-verifiable-approval-chain"	"slots-simulator-configuration-layout-and-module-topology"	"needs-simulator-product-owner-and-explicit-approval"	"document-route:R10-candidate; unit-kind:markdown-flow-or-list-item; source-document-class:SIM-REQ; ledger-history:H-U; see R10 Git history, derivation and status-correction groups"	"none-found-within-r10-pass"	"not-approved"	"simulator-product-owner;approved-tool-scope-source;named-approver;approval-date;approved-scope;version-or-sha256-binding"
"R10-A0481"	"R10"	"R10-14"	"slots-simulator/docs/01-requirements/fr-011-configurable-slot-layout.md"	"56c00339ed4127f5b2dd90ce286ebba845a616b2bdfac0f7aa0af8e6ad46cd0b"	"line 36"	"FR-011 可配置仓位版面布局 > Acceptance Criteria 验收标准"	"`row`/`column` 是左上角锚点，两个 span 字段必须为正整数，未填写时均按 `1` 处理以兼容原单格布局。"	"每个仓位配置项指定 `faceId`、`row`、`column`、`rowSpan`、`columnSpan`；`row`/`column` 是左上角锚点，两个 span 字段必须为正整数，未填写时均按 `1` 处理以兼容原单格布局。"	"32432aaf731a167d473dbc71d7f6b499cc504cfc29499c88f188778aed02b3b1"	"simulator-operator-ui-behavior-candidate"	"review-planning-source-without-verifiable-approval-chain"	"slots-simulator-internal-developer-ui"	"needs-simulator-product-owner-and-explicit-approval"	"document-route:R10-candidate; unit-kind:markdown-flow-or-list-item; source-document-class:SIM-REQ; ledger-history:H-U; see R10 Git history, derivation and status-correction groups"	"none-found-within-r10-pass"	"not-approved"	"simulator-product-owner;approved-tool-scope-source;named-approver;approval-date;approved-scope;version-or-sha256-binding"
"R10-A0482"	"R10"	"R10-14"	"slots-simulator/docs/01-requirements/fr-011-configurable-slot-layout.md"	"56c00339ed4127f5b2dd90ce286ebba845a616b2bdfac0f7aa0af8e6ad46cd0b"	"line 37"	"FR-011 可配置仓位版面布局 > Acceptance Criteria 验收标准"	"同一面内所有基础格尺寸一致；"	"同一面内所有基础格尺寸一致；仓位按 span 合并连续矩形区域，一个仓位始终只显示一个状态卡片并填满该区域。"	"01631ba0940ac89c36a073b3811f25d0060591fdd19e7828d9979436cdab1f9e"	"simulator-capability-or-scope-candidate"	"review-planning-source-without-verifiable-approval-chain"	"slots-simulator-development-test-tool-only"	"needs-simulator-product-owner-and-explicit-approval"	"document-route:R10-candidate; unit-kind:markdown-flow-or-list-item; source-document-class:SIM-REQ; ledger-history:H-U; see R10 Git history, derivation and status-correction groups"	"none-found-within-r10-pass"	"not-approved"	"simulator-product-owner;approved-tool-scope-source;named-approver;approval-date;approved-scope;version-or-sha256-binding"
"R10-A0483"	"R10"	"R10-14"	"slots-simulator/docs/01-requirements/fr-011-configurable-slot-layout.md"	"56c00339ed4127f5b2dd90ce286ebba845a616b2bdfac0f7aa0af8e6ad46cd0b"	"line 37"	"FR-011 可配置仓位版面布局 > Acceptance Criteria 验收标准"	"仓位按 span 合并连续矩形区域，一个仓位始终只显示一个状态卡片并填满该区域。"	"同一面内所有基础格尺寸一致；仓位按 span 合并连续矩形区域，一个仓位始终只显示一个状态卡片并填满该区域。"	"b995fe9aa9645337e775445d04359639243d02fe1a0088a1ce7ff7060cdd521f"	"simulator-operator-ui-behavior-candidate"	"review-planning-source-without-verifiable-approval-chain"	"slots-simulator-internal-developer-ui"	"needs-simulator-product-owner-and-explicit-approval"	"document-route:R10-candidate; unit-kind:markdown-flow-or-list-item; source-document-class:SIM-REQ; ledger-history:H-U; see R10 Git history, derivation and status-correction groups"	"none-found-within-r10-pass"	"not-approved"	"simulator-product-owner;approved-tool-scope-source;named-approver;approval-date;approved-scope;version-or-sha256-binding"
"R10-A0484"	"R10"	"R10-14"	"slots-simulator/docs/01-requirements/fr-011-configurable-slot-layout.md"	"56c00339ed4127f5b2dd90ce286ebba845a616b2bdfac0f7aa0af8e6ad46cd0b"	"line 38"	"FR-011 可配置仓位版面布局 > Acceptance Criteria 验收标准"	"修改面数量、列数、行数、仓位归属、起始坐标或 span 并保存后立即热重载，不需要改代码。"	"修改面数量、列数、行数、仓位归属、起始坐标或 span 并保存后立即热重载，不需要改代码。"	"bdab2bbfb75ea2d2bf20752f706540d55be8fcfc43e893ca52326fd5d9abcb9f"	"embedded-simulator-technical-design-choice"	"review-planning-source-without-verifiable-approval-chain"	"slots-simulator-development-test-tool-only"	"exclude-from-requirement-approval"	"document-route:R10-candidate; unit-kind:markdown-flow-or-list-item; source-document-class:SIM-REQ; ledger-history:H-U; see R10 Git history, derivation and status-correction groups"	"none-found-within-r10-pass"	"not-approved"	"separate-technical-design-review;approved-simulator-behavior-source-if-mechanism-is-mandatory;named-approver;approval-date;approved-scope;version-or-sha256-binding"
"R10-A0485"	"R10"	"R10-14"	"slots-simulator/docs/01-requirements/fr-011-configurable-slot-layout.md"	"56c00339ed4127f5b2dd90ce286ebba845a616b2bdfac0f7aa0af8e6ad46cd0b"	"line 39"	"FR-011 可配置仓位版面布局 > Acceptance Criteria 验收标准"	"WPF 面板同时展示全部面的网格（并排布局），不提供切换视图。"	"WPF 面板同时展示全部面的网格（并排布局），不提供切换视图。"	"e3200455ddcb73b6ac446eecdc7a1f0d977a835a059660c2f8173d12d987c6b5"	"embedded-simulator-technical-design-choice"	"review-planning-source-without-verifiable-approval-chain"	"slots-simulator-development-test-tool-only"	"exclude-from-requirement-approval"	"document-route:R10-candidate; unit-kind:markdown-flow-or-list-item; source-document-class:SIM-REQ; ledger-history:H-U; see R10 Git history, derivation and status-correction groups"	"none-found-within-r10-pass"	"not-approved"	"separate-technical-design-review;approved-simulator-behavior-source-if-mechanism-is-mandatory;named-approver;approval-date;approved-scope;version-or-sha256-binding"
"R10-A0486"	"R10"	"R10-14"	"slots-simulator/docs/01-requirements/fr-011-configurable-slot-layout.md"	"56c00339ed4127f5b2dd90ce286ebba845a616b2bdfac0f7aa0af8e6ad46cd0b"	"line 40"	"FR-011 可配置仓位版面布局 > Acceptance Criteria 验收标准"	"某个基础格没有被任何仓位覆盖时，该位置留空展示，不报错。"	"某个基础格没有被任何仓位覆盖时，该位置留空展示，不报错。"	"cb52c4445d3cc80e1c197a27352b56d7ca3e9a7e014eff16194df609beb8d530"	"simulator-operator-ui-behavior-candidate"	"review-planning-source-without-verifiable-approval-chain"	"slots-simulator-internal-developer-ui"	"needs-simulator-product-owner-and-explicit-approval"	"document-route:R10-candidate; unit-kind:markdown-flow-or-list-item; source-document-class:SIM-REQ; ledger-history:H-U; see R10 Git history, derivation and status-correction groups"	"none-found-within-r10-pass"	"not-approved"	"simulator-product-owner;approved-tool-scope-source;named-approver;approval-date;approved-scope;version-or-sha256-binding"
"R10-A0487"	"R10"	"R10-14"	"slots-simulator/docs/01-requirements/fr-011-configurable-slot-layout.md"	"56c00339ed4127f5b2dd90ce286ebba845a616b2bdfac0f7aa0af8e6ad46cd0b"	"line 41"	"FR-011 可配置仓位版面布局 > Acceptance Criteria 验收标准"	"严格校验面标识与仓位标识唯一、仓位引用的面存在，以及行列和 span 均为正整数。"	"严格校验面标识与仓位标识唯一、仓位引用的面存在，以及行列和 span 均为正整数。"	"459e365e745068c87d750ec166d1e091115bdcebad0eaab3f7cebd8202ed4962"	"simulator-configuration-or-validation-candidate"	"review-planning-source-without-verifiable-approval-chain"	"slots-simulator-configuration-layout-and-module-topology"	"needs-simulator-product-owner-and-explicit-approval"	"document-route:R10-candidate; unit-kind:markdown-flow-or-list-item; source-document-class:SIM-REQ; ledger-history:H-U; see R10 Git history, derivation and status-correction groups"	"none-found-within-r10-pass"	"not-approved"	"simulator-product-owner;approved-tool-scope-source;named-approver;approval-date;approved-scope;version-or-sha256-binding"
"R10-A0488"	"R10"	"R10-14"	"slots-simulator/docs/01-requirements/fr-011-configurable-slot-layout.md"	"56c00339ed4127f5b2dd90ce286ebba845a616b2bdfac0f7aa0af8e6ad46cd0b"	"line 42"	"FR-011 可配置仓位版面布局 > Acceptance Criteria 验收标准"	"仓位占用矩形必须完全落在所属面内，即 `row + rowSpan - 1 <= rows` 且 `column + columnSpan - 1 <= columns`。"	"仓位占用矩形必须完全落在所属面内，即 `row + rowSpan - 1 <= rows` 且 `column + columnSpan - 1 <= columns`。"	"ac4baf99bc65f9b747e4b1527f03664606dc5d3c79cf263332eac773c50923fb"	"simulator-configuration-or-validation-candidate"	"review-planning-source-without-verifiable-approval-chain"	"slots-simulator-configuration-layout-and-module-topology"	"needs-simulator-product-owner-and-explicit-approval"	"document-route:R10-candidate; unit-kind:markdown-flow-or-list-item; source-document-class:SIM-REQ; ledger-history:H-U; see R10 Git history, derivation and status-correction groups"	"none-found-within-r10-pass"	"not-approved"	"simulator-product-owner;approved-tool-scope-source;named-approver;approval-date;approved-scope;version-or-sha256-binding"
"R10-A0489"	"R10"	"R10-14"	"slots-simulator/docs/01-requirements/fr-011-configurable-slot-layout.md"	"56c00339ed4127f5b2dd90ce286ebba845a616b2bdfac0f7aa0af8e6ad46cd0b"	"line 43"	"FR-011 可配置仓位版面布局 > Acceptance Criteria 验收标准"	"同一面中任意两个仓位的占用矩形不得共享任何基础格；"	"同一面中任意两个仓位的占用矩形不得共享任何基础格；即使起始坐标不同，只要覆盖区域部分相交也视为冲突。越界、重叠、零值或负值均须整体拒绝，不能部分应用。"	"fe0506ab190c4ec6e6cdc11689c8aeefc5ac570c053c970b8993c055e6ccf28f"	"simulator-slot-behavior-or-fault-stimulus-candidate"	"review-planning-source-without-verifiable-approval-chain"	"slots-simulator-development-test-tool-only"	"needs-simulator-hardware-behavior-owner-and-explicit-approval"	"document-route:R10-candidate; unit-kind:markdown-flow-or-list-item; source-document-class:SIM-REQ; ledger-history:H-U; see R10 Git history, derivation and status-correction groups"	"none-found-within-r10-pass"	"not-approved"	"simulator-hardware-behavior-owner;bound-8005-field-evidence-and-polarity-normalization;named-approver;approval-date;approved-scope;version-or-sha256-binding"
"R10-A0490"	"R10"	"R10-14"	"slots-simulator/docs/01-requirements/fr-011-configurable-slot-layout.md"	"56c00339ed4127f5b2dd90ce286ebba845a616b2bdfac0f7aa0af8e6ad46cd0b"	"line 43"	"FR-011 可配置仓位版面布局 > Acceptance Criteria 验收标准"	"即使起始坐标不同，只要覆盖区域部分相交也视为冲突。"	"同一面中任意两个仓位的占用矩形不得共享任何基础格；即使起始坐标不同，只要覆盖区域部分相交也视为冲突。越界、重叠、零值或负值均须整体拒绝，不能部分应用。"	"fa6bcd38730bebe513b3ea86368c8fd6a3c8651b31b38f149851578e686b9336"	"simulator-capability-or-scope-candidate"	"review-planning-source-without-verifiable-approval-chain"	"slots-simulator-development-test-tool-only"	"needs-simulator-product-owner-and-explicit-approval"	"document-route:R10-candidate; unit-kind:markdown-flow-or-list-item; source-document-class:SIM-REQ; ledger-history:H-U; see R10 Git history, derivation and status-correction groups"	"none-found-within-r10-pass"	"not-approved"	"simulator-product-owner;approved-tool-scope-source;named-approver;approval-date;approved-scope;version-or-sha256-binding"
"R10-A0491"	"R10"	"R10-14"	"slots-simulator/docs/01-requirements/fr-011-configurable-slot-layout.md"	"56c00339ed4127f5b2dd90ce286ebba845a616b2bdfac0f7aa0af8e6ad46cd0b"	"line 43"	"FR-011 可配置仓位版面布局 > Acceptance Criteria 验收标准"	"越界、重叠、零值或负值均须整体拒绝，不能部分应用。"	"同一面中任意两个仓位的占用矩形不得共享任何基础格；即使起始坐标不同，只要覆盖区域部分相交也视为冲突。越界、重叠、零值或负值均须整体拒绝，不能部分应用。"	"97e6f51beb51dc4f6e17e65c284c63df3477e428b3477d7f5b641e88abf2f979"	"simulator-configuration-or-validation-candidate"	"review-planning-source-without-verifiable-approval-chain"	"slots-simulator-configuration-layout-and-module-topology"	"needs-simulator-product-owner-and-explicit-approval"	"document-route:R10-candidate; unit-kind:markdown-flow-or-list-item; source-document-class:SIM-REQ; ledger-history:H-U; see R10 Git history, derivation and status-correction groups"	"none-found-within-r10-pass"	"not-approved"	"simulator-product-owner;approved-tool-scope-source;named-approver;approval-date;approved-scope;version-or-sha256-binding"
"R10-A0492"	"R10"	"R10-14"	"slots-simulator/docs/01-requirements/fr-011-configurable-slot-layout.md"	"56c00339ed4127f5b2dd90ce286ebba845a616b2bdfac0f7aa0af8e6ad46cd0b"	"line 47"	"FR-011 可配置仓位版面布局 > Related Use Case 关联用例"	"无直接对应，属于模拟器自身的可配置性与可用性需求；"	"无直接对应，属于模拟器自身的可配置性与可用性需求；配置基础能力同时支撑 [[fr-001-configurable-slot-count-and-io-mapping|FR-001]]、[[fr-012-do-pulse-level-control-mode|FR-012]]、[[fr-013-configurable-register-table-template|FR-013]] 与 [[fr-014-multi-io-module-simulation|FR-014]]。"	"d06e8e0620cabb2ab279fd69f17897010b4cca8e6c0ea5b9b2a7efd9ce5c48f5"	"source-origin-background-or-traceability-evidence"	"review-planning-source-without-verifiable-approval-chain"	"slots-simulator-development-test-tool-only"	"source-or-traceability-evidence-only"	"document-route:R10-candidate; unit-kind:markdown-paragraph; source-document-class:SIM-REQ; ledger-history:H-U; see R10 Git history, derivation and status-correction groups"	"none-found-within-r10-pass"	"not-approved"	"evidence-only-not-an-approval-unit;named-approver;approval-date;approved-scope;version-or-sha256-binding"
"R10-A0493"	"R10"	"R10-14"	"slots-simulator/docs/01-requirements/fr-011-configurable-slot-layout.md"	"56c00339ed4127f5b2dd90ce286ebba845a616b2bdfac0f7aa0af8e6ad46cd0b"	"line 47"	"FR-011 可配置仓位版面布局 > Related Use Case 关联用例"	"配置基础能力同时支撑 [[fr-001-configurable-slot-count-and-io-mapping|FR-001]]、[[fr-012-do-pulse-level-control-mode|FR-012]]、[[fr-013-configurable-register-table-template|FR-013]] 与 [[fr-014-multi-io-module-simulation|FR-014]]。"	"无直接对应，属于模拟器自身的可配置性与可用性需求；配置基础能力同时支撑 [[fr-001-configurable-slot-count-and-io-mapping|FR-001]]、[[fr-012-do-pulse-level-control-mode|FR-012]]、[[fr-013-configurable-register-table-template|FR-013]] 与 [[fr-014-multi-io-module-simulation|FR-014]]。"	"808db132306e02d9713b56f7e287320668936b585ea35b124b41baa9985e79ea"	"source-origin-background-or-traceability-evidence"	"review-planning-source-without-verifiable-approval-chain"	"slots-simulator-development-test-tool-only"	"source-or-traceability-evidence-only"	"document-route:R10-candidate; unit-kind:markdown-paragraph; source-document-class:SIM-REQ; ledger-history:H-U; see R10 Git history, derivation and status-correction groups"	"none-found-within-r10-pass"	"not-approved"	"evidence-only-not-an-approval-unit;named-approver;approval-date;approved-scope;version-or-sha256-binding"
"R10-A0494"	"R10"	"R10-14"	"slots-simulator/docs/01-requirements/fr-011-configurable-slot-layout.md"	"56c00339ed4127f5b2dd90ce286ebba845a616b2bdfac0f7aa0af8e6ad46cd0b"	"line 51"	"FR-011 可配置仓位版面布局 > Verification 验证方式"	"**TC-FR-011-001（编号预留）**"	"**TC-FR-011-001（编号预留）**"	"e7f84c1289690857e7ab9c990d8a6f8372e9dca4d397b83851d67e6dd835ffb3"	"reserved-verification-plan-evidence"	"review-planning-source-without-verifiable-approval-chain"	"slots-simulator-development-test-tool-only"	"test-plan-evidence-only"	"document-route:R10-candidate; unit-kind:markdown-flow-or-list-item; source-document-class:SIM-REQ; ledger-history:H-U; see R10 Git history, derivation and status-correction groups"	"none-found-within-r10-pass"	"not-approved"	"evidence-only-not-an-approval-unit;named-approver;approval-date;approved-scope;version-or-sha256-binding"
"R10-A0495"	"R10"	"R10-14"	"slots-simulator/docs/01-requirements/fr-011-configurable-slot-layout.md"	"56c00339ed4127f5b2dd90ce286ebba845a616b2bdfac0f7aa0af8e6ad46cd0b"	"line 52"	"FR-011 可配置仓位版面布局 > Verification 验证方式"	"**Given** 一份符合 JSON Schema、包含多个面与空白网格位置的完整示例配置"	"**Given** 一份符合 JSON Schema、包含多个面与空白网格位置的完整示例配置"	"83e7e663a5e2c24813c6335bee49106b63515b81f29822013d387995d30ec281"	"reserved-verification-plan-evidence"	"review-planning-source-without-verifiable-approval-chain"	"slots-simulator-development-test-tool-only"	"test-plan-evidence-only"	"document-route:R10-candidate; unit-kind:markdown-flow-or-list-item; source-document-class:SIM-REQ; ledger-history:H-U; see R10 Git history, derivation and status-correction groups"	"none-found-within-r10-pass"	"not-approved"	"evidence-only-not-an-approval-unit;named-approver;approval-date;approved-scope;version-or-sha256-binding"
"R10-A0496"	"R10"	"R10-14"	"slots-simulator/docs/01-requirements/fr-011-configurable-slot-layout.md"	"56c00339ed4127f5b2dd90ce286ebba845a616b2bdfac0f7aa0af8e6ad46cd0b"	"line 53"	"FR-011 可配置仓位版面布局 > Verification 验证方式"	"**When** 启动模拟器并打开 WPF"	"**When** 启动模拟器并打开 WPF"	"36efd510f78500647267fbabb3184287dbbf2d264b0688c540bdbe00c0cef106"	"reserved-verification-plan-evidence"	"review-planning-source-without-verifiable-approval-chain"	"slots-simulator-development-test-tool-only"	"test-plan-evidence-only"	"document-route:R10-candidate; unit-kind:markdown-flow-or-list-item; source-document-class:SIM-REQ; ledger-history:H-U; see R10 Git history, derivation and status-correction groups"	"none-found-within-r10-pass"	"not-approved"	"evidence-only-not-an-approval-unit;named-approver;approval-date;approved-scope;version-or-sha256-binding"
"R10-A0497"	"R10"	"R10-14"	"slots-simulator/docs/01-requirements/fr-011-configurable-slot-layout.md"	"56c00339ed4127f5b2dd90ce286ebba845a616b2bdfac0f7aa0af8e6ad46cd0b"	"line 54"	"FR-011 可配置仓位版面布局 > Verification 验证方式"	"**Then** 启动成功，所有面并排按配置网格渲染，空白位置保持为空"	"**Then** 启动成功，所有面并排按配置网格渲染，空白位置保持为空"	"d0cc050793c526f78058bf23ce575472d7e0d9cac04df3466dd6c75b52be3c1a"	"reserved-verification-plan-evidence"	"review-planning-source-without-verifiable-approval-chain"	"slots-simulator-development-test-tool-only"	"test-plan-evidence-only"	"document-route:R10-candidate; unit-kind:markdown-flow-or-list-item; source-document-class:SIM-REQ; ledger-history:H-U; see R10 Git history, derivation and status-correction groups"	"none-found-within-r10-pass"	"not-approved"	"evidence-only-not-an-approval-unit;named-approver;approval-date;approved-scope;version-or-sha256-binding"
"R10-A0498"	"R10"	"R10-14"	"slots-simulator/docs/01-requirements/fr-011-configurable-slot-layout.md"	"56c00339ed4127f5b2dd90ce286ebba845a616b2bdfac0f7aa0af8e6ad46cd0b"	"line 55"	"FR-011 可配置仓位版面布局 > Verification 验证方式"	"**TC-FR-011-002（编号预留）**"	"**TC-FR-011-002（编号预留）**"	"ae761a284907052f9e3659c87c08200c11b1bc2e1eb5661044dc70e28975e33a"	"reserved-verification-plan-evidence"	"review-planning-source-without-verifiable-approval-chain"	"slots-simulator-development-test-tool-only"	"test-plan-evidence-only"	"document-route:R10-candidate; unit-kind:markdown-flow-or-list-item; source-document-class:SIM-REQ; ledger-history:H-U; see R10 Git history, derivation and status-correction groups"	"none-found-within-r10-pass"	"not-approved"	"evidence-only-not-an-approval-unit;named-approver;approval-date;approved-scope;version-or-sha256-binding"
"R10-A0499"	"R10"	"R10-14"	"slots-simulator/docs/01-requirements/fr-011-configurable-slot-layout.md"	"56c00339ed4127f5b2dd90ce286ebba845a616b2bdfac0f7aa0af8e6ad46cd0b"	"line 56"	"FR-011 可配置仓位版面布局 > Verification 验证方式"	"**Given** 模拟器正使用一份有效配置运行，且在 WPF 中修改任一配置项"	"**Given** 模拟器正使用一份有效配置运行，且在 WPF 中修改任一配置项"	"256ba35df65bc48c40516c02f6cae1122edded054cc5b635d440cfb8d296368f"	"reserved-verification-plan-evidence"	"review-planning-source-without-verifiable-approval-chain"	"slots-simulator-development-test-tool-only"	"test-plan-evidence-only"	"document-route:R10-candidate; unit-kind:markdown-flow-or-list-item; source-document-class:SIM-REQ; ledger-history:H-U; see R10 Git history, derivation and status-correction groups"	"none-found-within-r10-pass"	"not-approved"	"evidence-only-not-an-approval-unit;named-approver;approval-date;approved-scope;version-or-sha256-binding"
"R10-A0500"	"R10"	"R10-14"	"slots-simulator/docs/01-requirements/fr-011-configurable-slot-layout.md"	"56c00339ed4127f5b2dd90ce286ebba845a616b2bdfac0f7aa0af8e6ad46cd0b"	"line 57"	"FR-011 可配置仓位版面布局 > Verification 验证方式"	"**When** 保存一份通过全部校验的新配置"	"**When** 保存一份通过全部校验的新配置"	"2bfbc3c8cd04cd6396429c6893f6d023352f4b16d7d6bf315ea9e9fe100cf62d"	"reserved-verification-plan-evidence"	"review-planning-source-without-verifiable-approval-chain"	"slots-simulator-development-test-tool-only"	"test-plan-evidence-only"	"document-route:R10-candidate; unit-kind:markdown-flow-or-list-item; source-document-class:SIM-REQ; ledger-history:H-U; see R10 Git history, derivation and status-correction groups"	"none-found-within-r10-pass"	"not-approved"	"evidence-only-not-an-approval-unit;named-approver;approval-date;approved-scope;version-or-sha256-binding"
"R10-A0501"	"R10"	"R10-14"	"slots-simulator/docs/01-requirements/fr-011-configurable-slot-layout.md"	"56c00339ed4127f5b2dd90ce286ebba845a616b2bdfac0f7aa0af8e6ad46cd0b"	"line 58"	"FR-011 可配置仓位版面布局 > Verification 验证方式"	"**Then** 配置被完整持久化并立即原子热重载，界面和运行时采用新值且进程未重启"	"**Then** 配置被完整持久化并立即原子热重载，界面和运行时采用新值且进程未重启"	"98c94c9d91c7f986bb8d74530385357dabc3a05912fbf047b8766784da7c7b5a"	"reserved-verification-plan-evidence"	"review-planning-source-without-verifiable-approval-chain"	"slots-simulator-development-test-tool-only"	"test-plan-evidence-only"	"document-route:R10-candidate; unit-kind:markdown-flow-or-list-item; source-document-class:SIM-REQ; ledger-history:H-U; see R10 Git history, derivation and status-correction groups"	"none-found-within-r10-pass"	"not-approved"	"evidence-only-not-an-approval-unit;named-approver;approval-date;approved-scope;version-or-sha256-binding"
"R10-A0502"	"R10"	"R10-14"	"slots-simulator/docs/01-requirements/fr-011-configurable-slot-layout.md"	"56c00339ed4127f5b2dd90ce286ebba845a616b2bdfac0f7aa0af8e6ad46cd0b"	"line 59"	"FR-011 可配置仓位版面布局 > Verification 验证方式"	"**TC-FR-011-003（编号预留）**"	"**TC-FR-011-003（编号预留）**"	"ded85c33ce104286137d3a3d7ddcc6c04e8e7690206f05e55f18caa1015d3a4f"	"reserved-verification-plan-evidence"	"review-planning-source-without-verifiable-approval-chain"	"slots-simulator-development-test-tool-only"	"test-plan-evidence-only"	"document-route:R10-candidate; unit-kind:markdown-flow-or-list-item; source-document-class:SIM-REQ; ledger-history:H-U; see R10 Git history, derivation and status-correction groups"	"none-found-within-r10-pass"	"not-approved"	"evidence-only-not-an-approval-unit;named-approver;approval-date;approved-scope;version-or-sha256-binding"
"R10-A0503"	"R10"	"R10-14"	"slots-simulator/docs/01-requirements/fr-011-configurable-slot-layout.md"	"56c00339ed4127f5b2dd90ce286ebba845a616b2bdfac0f7aa0af8e6ad46cd0b"	"line 60"	"FR-011 可配置仓位版面布局 > Verification 验证方式"	"**Given** 模拟器正使用一份有效配置运行"	"**Given** 模拟器正使用一份有效配置运行"	"aafe0a9cedf6b6c949d999d0f5aeda721428d59f395e4d5a2ac68410bed14a56"	"reserved-verification-plan-evidence"	"review-planning-source-without-verifiable-approval-chain"	"slots-simulator-development-test-tool-only"	"test-plan-evidence-only"	"document-route:R10-candidate; unit-kind:markdown-flow-or-list-item; source-document-class:SIM-REQ; ledger-history:H-U; see R10 Git history, derivation and status-correction groups"	"none-found-within-r10-pass"	"not-approved"	"evidence-only-not-an-approval-unit;named-approver;approval-date;approved-scope;version-or-sha256-binding"
"R10-A0504"	"R10"	"R10-14"	"slots-simulator/docs/01-requirements/fr-011-configurable-slot-layout.md"	"56c00339ed4127f5b2dd90ce286ebba845a616b2bdfac0f7aa0af8e6ad46cd0b"	"line 61"	"FR-011 可配置仓位版面布局 > Verification 验证方式"	"**When** 保存含覆盖区域重叠、跨格越界或不存在面引用的配置"	"**When** 保存含覆盖区域重叠、跨格越界或不存在面引用的配置"	"cc437d735a64d7c39f14238a8cdb52cc6e67eed79ff6fa1ffe841ad65be3e606"	"reserved-verification-plan-evidence"	"review-planning-source-without-verifiable-approval-chain"	"slots-simulator-development-test-tool-only"	"test-plan-evidence-only"	"document-route:R10-candidate; unit-kind:markdown-flow-or-list-item; source-document-class:SIM-REQ; ledger-history:H-U; see R10 Git history, derivation and status-correction groups"	"none-found-within-r10-pass"	"not-approved"	"evidence-only-not-an-approval-unit;named-approver;approval-date;approved-scope;version-or-sha256-binding"
"R10-A0505"	"R10"	"R10-14"	"slots-simulator/docs/01-requirements/fr-011-configurable-slot-layout.md"	"56c00339ed4127f5b2dd90ce286ebba845a616b2bdfac0f7aa0af8e6ad46cd0b"	"line 62"	"FR-011 可配置仓位版面布局 > Verification 验证方式"	"**Then** 热重载被整体拒绝，错误包含字段路径与原因，运行时继续使用上一份有效配置"	"**Then** 热重载被整体拒绝，错误包含字段路径与原因，运行时继续使用上一份有效配置"	"76327452632f348b83a506518d615cc2b7380a63a29912c9f9935b1996e9ae7d"	"reserved-verification-plan-evidence"	"review-planning-source-without-verifiable-approval-chain"	"slots-simulator-development-test-tool-only"	"test-plan-evidence-only"	"document-route:R10-candidate; unit-kind:markdown-flow-or-list-item; source-document-class:SIM-REQ; ledger-history:H-U; see R10 Git history, derivation and status-correction groups"	"none-found-within-r10-pass"	"not-approved"	"evidence-only-not-an-approval-unit;named-approver;approval-date;approved-scope;version-or-sha256-binding"
"R10-A0506"	"R10"	"R10-14"	"slots-simulator/docs/01-requirements/fr-011-configurable-slot-layout.md"	"56c00339ed4127f5b2dd90ce286ebba845a616b2bdfac0f7aa0af8e6ad46cd0b"	"line 63"	"FR-011 可配置仓位版面布局 > Verification 验证方式"	"**TC-FR-011-004（编号预留）**"	"**TC-FR-011-004（编号预留）**"	"92a719e3528fa2260a8e377ad9a4eb988cbd46c7aad988f59d540f02afb8964b"	"reserved-verification-plan-evidence"	"review-planning-source-without-verifiable-approval-chain"	"slots-simulator-development-test-tool-only"	"test-plan-evidence-only"	"document-route:R10-candidate; unit-kind:markdown-flow-or-list-item; source-document-class:SIM-REQ; ledger-history:H-U; see R10 Git history, derivation and status-correction groups"	"none-found-within-r10-pass"	"not-approved"	"evidence-only-not-an-approval-unit;named-approver;approval-date;approved-scope;version-or-sha256-binding"
"R10-A0507"	"R10"	"R10-14"	"slots-simulator/docs/01-requirements/fr-011-configurable-slot-layout.md"	"56c00339ed4127f5b2dd90ce286ebba845a616b2bdfac0f7aa0af8e6ad46cd0b"	"line 64"	"FR-011 可配置仓位版面布局 > Verification 验证方式"	"**Given** 启动配置不符合 JSON Schema 或跨字段业务规则"	"**Given** 启动配置不符合 JSON Schema 或跨字段业务规则"	"2d4c2cd8dd61d69ff4a8c9c44528413649714f0fc8123816e9389904b6db362f"	"reserved-verification-plan-evidence"	"review-planning-source-without-verifiable-approval-chain"	"slots-simulator-development-test-tool-only"	"test-plan-evidence-only"	"document-route:R10-candidate; unit-kind:markdown-flow-or-list-item; source-document-class:SIM-REQ; ledger-history:H-U; see R10 Git history, derivation and status-correction groups"	"none-found-within-r10-pass"	"not-approved"	"evidence-only-not-an-approval-unit;named-approver;approval-date;approved-scope;version-or-sha256-binding"
"R10-A0508"	"R10"	"R10-14"	"slots-simulator/docs/01-requirements/fr-011-configurable-slot-layout.md"	"56c00339ed4127f5b2dd90ce286ebba845a616b2bdfac0f7aa0af8e6ad46cd0b"	"line 65"	"FR-011 可配置仓位版面布局 > Verification 验证方式"	"**When** 启动模拟器"	"**When** 启动模拟器"	"f61b8baccb355d696f9dedd5ce4c666a1d0effb9d78e6af1b9a7dbbb6167ca84"	"reserved-verification-plan-evidence"	"review-planning-source-without-verifiable-approval-chain"	"slots-simulator-development-test-tool-only"	"test-plan-evidence-only"	"document-route:R10-candidate; unit-kind:markdown-flow-or-list-item; source-document-class:SIM-REQ; ledger-history:H-U; see R10 Git history, derivation and status-correction groups"	"none-found-within-r10-pass"	"not-approved"	"evidence-only-not-an-approval-unit;named-approver;approval-date;approved-scope;version-or-sha256-binding"
"R10-A0509"	"R10"	"R10-14"	"slots-simulator/docs/01-requirements/fr-011-configurable-slot-layout.md"	"56c00339ed4127f5b2dd90ce286ebba845a616b2bdfac0f7aa0af8e6ad46cd0b"	"line 66"	"FR-011 可配置仓位版面布局 > Verification 验证方式"	"**Then** 模拟器拒绝启动并输出可定位的校验错误"	"**Then** 模拟器拒绝启动并输出可定位的校验错误"	"0df15d4e34e352c66918041cb887df36bc500703cbbb083b2ae06ecf243d2daa"	"reserved-verification-plan-evidence"	"review-planning-source-without-verifiable-approval-chain"	"slots-simulator-development-test-tool-only"	"test-plan-evidence-only"	"document-route:R10-candidate; unit-kind:markdown-flow-or-list-item; source-document-class:SIM-REQ; ledger-history:H-U; see R10 Git history, derivation and status-correction groups"	"none-found-within-r10-pass"	"not-approved"	"evidence-only-not-an-approval-unit;named-approver;approval-date;approved-scope;version-or-sha256-binding"
"R10-A0510"	"R10"	"R10-14"	"slots-simulator/docs/01-requirements/fr-011-configurable-slot-layout.md"	"56c00339ed4127f5b2dd90ce286ebba845a616b2bdfac0f7aa0af8e6ad46cd0b"	"line 67"	"FR-011 可配置仓位版面布局 > Verification 验证方式"	"**TC-FR-011-005（编号预留）**"	"**TC-FR-011-005（编号预留）**"	"67a58a45873d6bb85ad0e03388d72eb73628c3531ab70b1524645f5bee2446d1"	"reserved-verification-plan-evidence"	"review-planning-source-without-verifiable-approval-chain"	"slots-simulator-development-test-tool-only"	"test-plan-evidence-only"	"document-route:R10-candidate; unit-kind:markdown-flow-or-list-item; source-document-class:SIM-REQ; ledger-history:H-U; see R10 Git history, derivation and status-correction groups"	"none-found-within-r10-pass"	"not-approved"	"evidence-only-not-an-approval-unit;named-approver;approval-date;approved-scope;version-or-sha256-binding"
"R10-A0511"	"R10"	"R10-14"	"slots-simulator/docs/01-requirements/fr-011-configurable-slot-layout.md"	"56c00339ed4127f5b2dd90ce286ebba845a616b2bdfac0f7aa0af8e6ad46cd0b"	"line 68"	"FR-011 可配置仓位版面布局 > Verification 验证方式"	"**Given** 同一面包含省略 span 的单格仓位，以及 `1×N`、`N×1`、`N×M` 的矩形跨格仓位，其中一个仓位边界刚好贴合面的最后一行和最后一列"	"**Given** 同一面包含省略 span 的单格仓位，以及 `1×N`、`N×1`、`N×M` 的矩形跨格仓位，其中一个仓位边界刚好贴合面的最后一行和最后一列"	"abb92a7e794e24184a0463371d1f1e9f2507704060b05b24ded468c73052d372"	"reserved-verification-plan-evidence"	"review-planning-source-without-verifiable-approval-chain"	"slots-simulator-development-test-tool-only"	"test-plan-evidence-only"	"document-route:R10-candidate; unit-kind:markdown-flow-or-list-item; source-document-class:SIM-REQ; ledger-history:H-U; see R10 Git history, derivation and status-correction groups"	"none-found-within-r10-pass"	"not-approved"	"evidence-only-not-an-approval-unit;named-approver;approval-date;approved-scope;version-or-sha256-binding"
"R10-A0512"	"R10"	"R10-14"	"slots-simulator/docs/01-requirements/fr-011-configurable-slot-layout.md"	"56c00339ed4127f5b2dd90ce286ebba845a616b2bdfac0f7aa0af8e6ad46cd0b"	"line 69"	"FR-011 可配置仓位版面布局 > Verification 验证方式"	"**When** 启动模拟器并打开 WPF"	"**When** 启动模拟器并打开 WPF"	"36efd510f78500647267fbabb3184287dbbf2d264b0688c540bdbe00c0cef106"	"reserved-verification-plan-evidence"	"review-planning-source-without-verifiable-approval-chain"	"slots-simulator-development-test-tool-only"	"test-plan-evidence-only"	"document-route:R10-candidate; unit-kind:markdown-flow-or-list-item; source-document-class:SIM-REQ; ledger-history:H-U; see R10 Git history, derivation and status-correction groups; exact-duplicate-of:R10-A0496"	"none-found-within-r10-pass"	"not-approved"	"evidence-only-not-an-approval-unit;named-approver;approval-date;approved-scope;version-or-sha256-binding"
"R10-A0513"	"R10"	"R10-14"	"slots-simulator/docs/01-requirements/fr-011-configurable-slot-layout.md"	"56c00339ed4127f5b2dd90ce286ebba845a616b2bdfac0f7aa0af8e6ad46cd0b"	"line 70"	"FR-011 可配置仓位版面布局 > Verification 验证方式"	"**Then** 省略 span 的仓位按 `1×1` 渲染，每个跨格仓位只显示一个状态卡片并准确填满配置矩形，所有仓位均位于面内"	"**Then** 省略 span 的仓位按 `1×1` 渲染，每个跨格仓位只显示一个状态卡片并准确填满配置矩形，所有仓位均位于面内"	"d87464edf5981d51d59e421a9823fda72dafd9579868101fcafea4e261c82b1b"	"reserved-verification-plan-evidence"	"review-planning-source-without-verifiable-approval-chain"	"slots-simulator-development-test-tool-only"	"test-plan-evidence-only"	"document-route:R10-candidate; unit-kind:markdown-flow-or-list-item; source-document-class:SIM-REQ; ledger-history:H-U; see R10 Git history, derivation and status-correction groups"	"none-found-within-r10-pass"	"not-approved"	"evidence-only-not-an-approval-unit;named-approver;approval-date;approved-scope;version-or-sha256-binding"
"R10-A0514"	"R10"	"R10-14"	"slots-simulator/docs/01-requirements/fr-011-configurable-slot-layout.md"	"56c00339ed4127f5b2dd90ce286ebba845a616b2bdfac0f7aa0af8e6ad46cd0b"	"line 71"	"FR-011 可配置仓位版面布局 > Verification 验证方式"	"**TC-FR-011-006（编号预留）**"	"**TC-FR-011-006（编号预留）**"	"c517420d4e95c60e1174771921fc7ce47dbabf867d9cffb32498cc2794808fb6"	"reserved-verification-plan-evidence"	"review-planning-source-without-verifiable-approval-chain"	"slots-simulator-development-test-tool-only"	"test-plan-evidence-only"	"document-route:R10-candidate; unit-kind:markdown-flow-or-list-item; source-document-class:SIM-REQ; ledger-history:H-U; see R10 Git history, derivation and status-correction groups"	"none-found-within-r10-pass"	"not-approved"	"evidence-only-not-an-approval-unit;named-approver;approval-date;approved-scope;version-or-sha256-binding"
"R10-A0515"	"R10"	"R10-14"	"slots-simulator/docs/01-requirements/fr-011-configurable-slot-layout.md"	"56c00339ed4127f5b2dd90ce286ebba845a616b2bdfac0f7aa0af8e6ad46cd0b"	"line 72"	"FR-011 可配置仓位版面布局 > Verification 验证方式"	"**Given** 模拟器正在使用有效布局运行"	"**Given** 模拟器正在使用有效布局运行"	"9faa76ad5d5af3c3aa5a7c5088e8e4670999b08b8ccfe9864d0f56c9e8f95afc"	"reserved-verification-plan-evidence"	"review-planning-source-without-verifiable-approval-chain"	"slots-simulator-development-test-tool-only"	"test-plan-evidence-only"	"document-route:R10-candidate; unit-kind:markdown-flow-or-list-item; source-document-class:SIM-REQ; ledger-history:H-U; see R10 Git history, derivation and status-correction groups"	"none-found-within-r10-pass"	"not-approved"	"evidence-only-not-an-approval-unit;named-approver;approval-date;approved-scope;version-or-sha256-binding"
"R10-A0516"	"R10"	"R10-14"	"slots-simulator/docs/01-requirements/fr-011-configurable-slot-layout.md"	"56c00339ed4127f5b2dd90ce286ebba845a616b2bdfac0f7aa0af8e6ad46cd0b"	"line 73"	"FR-011 可配置仓位版面布局 > Verification 验证方式"	"**When** 热重载包含 span 为零/负数、跨格越界或两个仓位覆盖区域部分重叠的配置"	"**When** 热重载包含 span 为零/负数、跨格越界或两个仓位覆盖区域部分重叠的配置"	"5b9ea45709eab584f94379bac9b71cb503306137eb22035a77c81b257ed707cb"	"reserved-verification-plan-evidence"	"review-planning-source-without-verifiable-approval-chain"	"slots-simulator-development-test-tool-only"	"test-plan-evidence-only"	"document-route:R10-candidate; unit-kind:markdown-flow-or-list-item; source-document-class:SIM-REQ; ledger-history:H-U; see R10 Git history, derivation and status-correction groups"	"none-found-within-r10-pass"	"not-approved"	"evidence-only-not-an-approval-unit;named-approver;approval-date;approved-scope;version-or-sha256-binding"
"R10-A0517"	"R10"	"R10-14"	"slots-simulator/docs/01-requirements/fr-011-configurable-slot-layout.md"	"56c00339ed4127f5b2dd90ce286ebba845a616b2bdfac0f7aa0af8e6ad46cd0b"	"line 74"	"FR-011 可配置仓位版面布局 > Verification 验证方式"	"**Then** 整次变更被拒绝，错误定位到冲突字段和仓位，磁盘配置与运行布局均保持上一有效版本"	"**Then** 整次变更被拒绝，错误定位到冲突字段和仓位，磁盘配置与运行布局均保持上一有效版本"	"10e370db2c4df500ef4989f5661173d000b40f88e4e61d4459a4c266461d5dde"	"reserved-verification-plan-evidence"	"review-planning-source-without-verifiable-approval-chain"	"slots-simulator-development-test-tool-only"	"test-plan-evidence-only"	"document-route:R10-candidate; unit-kind:markdown-flow-or-list-item; source-document-class:SIM-REQ; ledger-history:H-U; see R10 Git history, derivation and status-correction groups"	"none-found-within-r10-pass"	"not-approved"	"evidence-only-not-an-approval-unit;named-approver;approval-date;approved-scope;version-or-sha256-binding"
"R10-A0518"	"R10"	"R10-14"	"slots-simulator/docs/01-requirements/fr-011-configurable-slot-layout.md"	"56c00339ed4127f5b2dd90ce286ebba845a616b2bdfac0f7aa0af8e6ad46cd0b"	"line 78"	"FR-011 可配置仓位版面布局 > Related 关联"	"[[fr-001-configurable-slot-count-and-io-mapping|FR-001]]（IO 点位映射，两者同属""每个仓位的配置""但关注点不同：FR-001 管协议地址，本 FR 管界面位置）、[[fr-007-wpf-visualization-panel|FR-007]]（按本 FR 的布局配置渲染，并复用本 FR 的完整配置编辑/保存能力）、[[fr-010-automation-test-infrastructure|FR-010]]（热重载后的确定性运行与重置）、[[dr-004-configurable-slot-count|DR-004]]（无固定仓位数量上限）、[[dr-006-users-and-automation-style|DR-006]]（WPF 面向开发自测）、[[dr-009-slot-layout-model|DR-009]]（任意面与并排展示）。"	"[[fr-001-configurable-slot-count-and-io-mapping|FR-001]]（IO 点位映射，两者同属""每个仓位的配置""但关注点不同：FR-001 管协议地址，本 FR 管界面位置）、[[fr-007-wpf-visualization-panel|FR-007]]（按本 FR 的布局配置渲染，并复用本 FR 的完整配置编辑/保存能力）、[[fr-010-automation-test-infrastructure|FR-010]]（热重载后的确定性运行与重置）、[[dr-004-configurable-slot-count|DR-004]]（无固定仓位数量上限）、[[dr-006-users-and-automation-style|DR-006]]（WPF 面向开发自测）、[[dr-009-slot-layout-model|DR-009]]（任意面与并排展示）。"	"841455a9443b80ea72149832939d19e7923bcceeb2eb746be760524d9e0fd380"	"source-origin-background-or-traceability-evidence"	"review-planning-source-without-verifiable-approval-chain"	"slots-simulator-development-test-tool-only"	"source-or-traceability-evidence-only"	"document-route:R10-candidate; unit-kind:markdown-paragraph; source-document-class:SIM-REQ; ledger-history:H-U; see R10 Git history, derivation and status-correction groups"	"GAP-R10-001"	"not-approved"	"evidence-only-not-an-approval-unit;named-approver;approval-date;approved-scope;version-or-sha256-binding"
"R10-A0519"	"R10"	"R10-15"	"slots-simulator/docs/01-requirements/fr-012-do-pulse-level-control-mode.md"	"7151362a10b8d6c9e6e2786369136ce3596f4fbf779478e762e3316eea1f2b24"	"line 18"	"FR-012 可配置 DO 点位脉冲/电平控制模式 > Description 需求描述"	"每个 DO 点位（如""开锁指令""）可独立配置初始控制模式和初始脉冲宽度："	"每个 DO 点位（如""开锁指令""）可独立配置初始控制模式和初始脉冲宽度："	"6b228ce37b9603901fd1a45040bfe1eb6e2c2d20e799e40bdaf8f312cad37388"	"simulator-configuration-or-validation-candidate"	"review-planning-source-without-verifiable-approval-chain"	"slots-simulator-configuration-layout-and-module-topology"	"needs-simulator-product-owner-and-explicit-approval"	"document-route:R10-candidate; unit-kind:markdown-paragraph; source-document-class:SIM-REQ + MAIN-LEAD; ledger-history:H-AI; see R10 Git history, derivation and status-correction groups"	"none-found-within-r10-pass"	"not-approved"	"simulator-product-owner;approved-tool-scope-source;named-approver;approval-date;approved-scope;version-or-sha256-binding"
"R10-A0520"	"R10"	"R10-15"	"slots-simulator/docs/01-requirements/fr-012-do-pulse-level-control-mode.md"	"7151362a10b8d6c9e6e2786369136ce3596f4fbf779478e762e3316eea1f2b24"	"line 20"	"FR-012 可配置 DO 点位脉冲/电平控制模式 > Description 需求描述"	"**电平控制（Level）**：DO 的值完全由主系统的 Modbus 写入决定，模拟器不自动改变。"	"**电平控制（Level）**：DO 的值完全由主系统的 Modbus 写入决定，模拟器不自动改变。DO=1（True）表示""通""，DO=0（False）表示""不通""。"	"1ec7866c56a875955038fcf105e4ed4b083207f15bbaf5b63c2109cfae49426c"	"simulator-interface-or-protocol-behavior-candidate"	"review-planning-source-without-verifiable-approval-chain"	"slots-simulator-test-control-and-modbus-interface"	"needs-simulator-interface-owner-and-explicit-approval"	"document-route:R10-candidate; unit-kind:markdown-flow-or-list-item; source-document-class:SIM-REQ + MAIN-LEAD; ledger-history:H-AI; see R10 Git history, derivation and status-correction groups"	"BOUND-R10-001,GAP-R10-001"	"not-approved"	"simulator-interface-owner;complete-versioned-interface-or-protocol-contract;named-approver;approval-date;approved-scope;version-or-sha256-binding"
"R10-A0521"	"R10"	"R10-15"	"slots-simulator/docs/01-requirements/fr-012-do-pulse-level-control-mode.md"	"7151362a10b8d6c9e6e2786369136ce3596f4fbf779478e762e3316eea1f2b24"	"line 20"	"FR-012 可配置 DO 点位脉冲/电平控制模式 > Description 需求描述"	"DO=1（True）表示""通""，DO=0（False）表示""不通""。"	"**电平控制（Level）**：DO 的值完全由主系统的 Modbus 写入决定，模拟器不自动改变。DO=1（True）表示""通""，DO=0（False）表示""不通""。"	"332e051909d47e6959b000931626630801396cf9f9ac2a60174018c4af0e3037"	"simulator-interface-or-protocol-behavior-candidate"	"review-planning-source-without-verifiable-approval-chain"	"slots-simulator-test-control-and-modbus-interface"	"needs-simulator-interface-owner-and-explicit-approval"	"document-route:R10-candidate; unit-kind:markdown-flow-or-list-item; source-document-class:SIM-REQ + MAIN-LEAD; ledger-history:H-AI; see R10 Git history, derivation and status-correction groups"	"CF-R10-001"	"not-approved"	"simulator-interface-owner;complete-versioned-interface-or-protocol-contract;named-approver;approval-date;approved-scope;version-or-sha256-binding"
"R10-A0522"	"R10"	"R10-15"	"slots-simulator/docs/01-requirements/fr-012-do-pulse-level-control-mode.md"	"7151362a10b8d6c9e6e2786369136ce3596f4fbf779478e762e3316eea1f2b24"	"line 21"	"FR-012 可配置 DO 点位脉冲/电平控制模式 > Description 需求描述"	"**脉冲控制（Pulse）**：可配置该点位的脉冲时长。"	"**脉冲控制（Pulse）**：可配置该点位的脉冲时长。主系统写入 DO=1（True）后，模拟器内部计时，到达运行时有效脉冲时长后自动将该点位复位为 0（False），无需主系统显式写 0（模拟脉冲继电器/IO 模块自身复位的硬件行为）。"	"c5cf280ce4a5d56d22b836c76a8ce2b1ec03a557727c6a8a8410b8e8a6802ca9"	"simulator-configuration-or-validation-candidate"	"review-planning-source-without-verifiable-approval-chain"	"slots-simulator-configuration-layout-and-module-topology"	"needs-simulator-product-owner-and-explicit-approval"	"document-route:R10-candidate; unit-kind:markdown-flow-or-list-item; source-document-class:SIM-REQ + MAIN-LEAD; ledger-history:H-AI; see R10 Git history, derivation and status-correction groups"	"none-found-within-r10-pass"	"not-approved"	"simulator-product-owner;approved-tool-scope-source;named-approver;approval-date;approved-scope;version-or-sha256-binding"
"R10-A0523"	"R10"	"R10-15"	"slots-simulator/docs/01-requirements/fr-012-do-pulse-level-control-mode.md"	"7151362a10b8d6c9e6e2786369136ce3596f4fbf779478e762e3316eea1f2b24"	"line 21"	"FR-012 可配置 DO 点位脉冲/电平控制模式 > Description 需求描述"	"主系统写入 DO=1（True）后，模拟器内部计时，到达运行时有效脉冲时长后自动将该点位复位为 0（False），无需主系统显式写 0（模拟脉冲继电器/IO 模块自身复位的硬件行为）。"	"**脉冲控制（Pulse）**：可配置该点位的脉冲时长。主系统写入 DO=1（True）后，模拟器内部计时，到达运行时有效脉冲时长后自动将该点位复位为 0（False），无需主系统显式写 0（模拟脉冲继电器/IO 模块自身复位的硬件行为）。"	"0d90485eb907a2929c0748b635bf3c7a3a3fa993c813b871296c54d8e9383982"	"embedded-main-system-or-field-claim"	"review-planning-source-without-verifiable-approval-chain"	"8005-main-system-or-field-evidence-lead-not-simulator-approval"	"main-system-or-field-lead-evidence-only"	"document-route:R10-candidate; unit-kind:markdown-flow-or-list-item; source-document-class:SIM-REQ + MAIN-LEAD; ledger-history:H-AI; see R10 Git history, derivation and status-correction groups"	"BOUND-R10-001,EVID-R10-001,CF-R10-001"	"not-approved"	"authoritative-main-system-source;do-not-reverse-infer-from-simulator-planning;named-approver;approval-date;approved-scope;version-or-sha256-binding"
"R10-A0524"	"R10"	"R10-15"	"slots-simulator/docs/01-requirements/fr-012-do-pulse-level-control-mode.md"	"7151362a10b8d6c9e6e2786369136ce3596f4fbf779478e762e3316eea1f2b24"	"line 23"	"FR-012 可配置 DO 点位脉冲/电平控制模式 > Description 需求描述"	"配置中的模式与脉冲宽度是启动及 reset 的默认值：启动时写入该模块模板定义的 DO 工作模式寄存器（首个模板为 40412～40427）和 DO 脉冲宽度寄存器（首个模板为 40428～40443）。"	"配置中的模式与脉冲宽度是启动及 reset 的默认值：启动时写入该模块模板定义的 DO 工作模式寄存器（首个模板为 40412～40427）和 DO 脉冲宽度寄存器（首个模板为 40428～40443）。启动完成后，以这些运行时寄存器的当前值为准；主系统合法写入后立即改变相应 DO 的后续行为，不要求修改配置。reset 将模式、脉冲宽度和 DO 电平恢复为配置默认值。配置热重载更新 reset 默认值，但不覆盖现有通道的运行时寄存器值；新增通道按新配置初始化。"	"c5c37bcaaef78e1c3b52955bd0965cfe7265760ead8002e9a05f1c1ffaf375ff"	"simulator-testability-or-operability-candidate"	"review-planning-source-without-verifiable-approval-chain"	"slots-simulator-development-test-tool-only"	"needs-simulator-product-owner-and-explicit-approval"	"document-route:R10-candidate; unit-kind:markdown-paragraph; source-document-class:SIM-REQ + MAIN-LEAD; ledger-history:H-AI; see R10 Git history, derivation and status-correction groups"	"none-found-within-r10-pass"	"not-approved"	"simulator-product-owner;approved-tool-scope-source;named-approver;approval-date;approved-scope;version-or-sha256-binding"
"R10-A0525"	"R10"	"R10-15"	"slots-simulator/docs/01-requirements/fr-012-do-pulse-level-control-mode.md"	"7151362a10b8d6c9e6e2786369136ce3596f4fbf779478e762e3316eea1f2b24"	"line 23"	"FR-012 可配置 DO 点位脉冲/电平控制模式 > Description 需求描述"	"启动完成后，以这些运行时寄存器的当前值为准；"	"配置中的模式与脉冲宽度是启动及 reset 的默认值：启动时写入该模块模板定义的 DO 工作模式寄存器（首个模板为 40412～40427）和 DO 脉冲宽度寄存器（首个模板为 40428～40443）。启动完成后，以这些运行时寄存器的当前值为准；主系统合法写入后立即改变相应 DO 的后续行为，不要求修改配置。reset 将模式、脉冲宽度和 DO 电平恢复为配置默认值。配置热重载更新 reset 默认值，但不覆盖现有通道的运行时寄存器值；新增通道按新配置初始化。"	"306a0a581c11b93139374725353ee87dcd25f9012ec27ca4e21c7d178ee7406b"	"simulator-interface-or-protocol-behavior-candidate"	"review-planning-source-without-verifiable-approval-chain"	"slots-simulator-test-control-and-modbus-interface"	"needs-simulator-interface-owner-and-explicit-approval"	"document-route:R10-candidate; unit-kind:markdown-paragraph; source-document-class:SIM-REQ + MAIN-LEAD; ledger-history:H-AI; see R10 Git history, derivation and status-correction groups"	"none-found-within-r10-pass"	"not-approved"	"simulator-interface-owner;complete-versioned-interface-or-protocol-contract;named-approver;approval-date;approved-scope;version-or-sha256-binding"
"R10-A0526"	"R10"	"R10-15"	"slots-simulator/docs/01-requirements/fr-012-do-pulse-level-control-mode.md"	"7151362a10b8d6c9e6e2786369136ce3596f4fbf779478e762e3316eea1f2b24"	"line 23"	"FR-012 可配置 DO 点位脉冲/电平控制模式 > Description 需求描述"	"主系统合法写入后立即改变相应 DO 的后续行为，不要求修改配置。"	"配置中的模式与脉冲宽度是启动及 reset 的默认值：启动时写入该模块模板定义的 DO 工作模式寄存器（首个模板为 40412～40427）和 DO 脉冲宽度寄存器（首个模板为 40428～40443）。启动完成后，以这些运行时寄存器的当前值为准；主系统合法写入后立即改变相应 DO 的后续行为，不要求修改配置。reset 将模式、脉冲宽度和 DO 电平恢复为配置默认值。配置热重载更新 reset 默认值，但不覆盖现有通道的运行时寄存器值；新增通道按新配置初始化。"	"11155de1ede8d235a8661d05dca615a2edc4b80572688668c179451d876476ef"	"embedded-main-system-or-field-claim"	"review-planning-source-without-verifiable-approval-chain"	"8005-main-system-or-field-evidence-lead-not-simulator-approval"	"main-system-or-field-lead-evidence-only"	"document-route:R10-candidate; unit-kind:markdown-paragraph; source-document-class:SIM-REQ + MAIN-LEAD; ledger-history:H-AI; see R10 Git history, derivation and status-correction groups"	"BOUND-R10-001"	"not-approved"	"authoritative-main-system-source;do-not-reverse-infer-from-simulator-planning;named-approver;approval-date;approved-scope;version-or-sha256-binding"
"R10-A0527"	"R10"	"R10-15"	"slots-simulator/docs/01-requirements/fr-012-do-pulse-level-control-mode.md"	"7151362a10b8d6c9e6e2786369136ce3596f4fbf779478e762e3316eea1f2b24"	"line 23"	"FR-012 可配置 DO 点位脉冲/电平控制模式 > Description 需求描述"	"reset 将模式、脉冲宽度和 DO 电平恢复为配置默认值。"	"配置中的模式与脉冲宽度是启动及 reset 的默认值：启动时写入该模块模板定义的 DO 工作模式寄存器（首个模板为 40412～40427）和 DO 脉冲宽度寄存器（首个模板为 40428～40443）。启动完成后，以这些运行时寄存器的当前值为准；主系统合法写入后立即改变相应 DO 的后续行为，不要求修改配置。reset 将模式、脉冲宽度和 DO 电平恢复为配置默认值。配置热重载更新 reset 默认值，但不覆盖现有通道的运行时寄存器值；新增通道按新配置初始化。"	"ba3cf31de454f54d4a52f2de44d29f2e6ae70f183175d455649dfcd15935ad91"	"simulator-testability-or-operability-candidate"	"review-planning-source-without-verifiable-approval-chain"	"slots-simulator-development-test-tool-only"	"needs-simulator-product-owner-and-explicit-approval"	"document-route:R10-candidate; unit-kind:markdown-paragraph; source-document-class:SIM-REQ + MAIN-LEAD; ledger-history:H-AI; see R10 Git history, derivation and status-correction groups"	"none-found-within-r10-pass"	"not-approved"	"simulator-product-owner;approved-tool-scope-source;named-approver;approval-date;approved-scope;version-or-sha256-binding"
"R10-A0528"	"R10"	"R10-15"	"slots-simulator/docs/01-requirements/fr-012-do-pulse-level-control-mode.md"	"7151362a10b8d6c9e6e2786369136ce3596f4fbf779478e762e3316eea1f2b24"	"line 23"	"FR-012 可配置 DO 点位脉冲/电平控制模式 > Description 需求描述"	"配置热重载更新 reset 默认值，但不覆盖现有通道的运行时寄存器值；"	"配置中的模式与脉冲宽度是启动及 reset 的默认值：启动时写入该模块模板定义的 DO 工作模式寄存器（首个模板为 40412～40427）和 DO 脉冲宽度寄存器（首个模板为 40428～40443）。启动完成后，以这些运行时寄存器的当前值为准；主系统合法写入后立即改变相应 DO 的后续行为，不要求修改配置。reset 将模式、脉冲宽度和 DO 电平恢复为配置默认值。配置热重载更新 reset 默认值，但不覆盖现有通道的运行时寄存器值；新增通道按新配置初始化。"	"48ae3e7b8cce53926fad5264e6cca9e4066eb74a57797532daaa89b2874e4621"	"embedded-simulator-technical-design-choice"	"review-planning-source-without-verifiable-approval-chain"	"slots-simulator-development-test-tool-only"	"exclude-from-requirement-approval"	"document-route:R10-candidate; unit-kind:markdown-paragraph; source-document-class:SIM-REQ + MAIN-LEAD; ledger-history:H-AI; see R10 Git history, derivation and status-correction groups"	"none-found-within-r10-pass"	"not-approved"	"separate-technical-design-review;approved-simulator-behavior-source-if-mechanism-is-mandatory;named-approver;approval-date;approved-scope;version-or-sha256-binding"
"R10-A0529"	"R10"	"R10-15"	"slots-simulator/docs/01-requirements/fr-012-do-pulse-level-control-mode.md"	"7151362a10b8d6c9e6e2786369136ce3596f4fbf779478e762e3316eea1f2b24"	"line 23"	"FR-012 可配置 DO 点位脉冲/电平控制模式 > Description 需求描述"	"新增通道按新配置初始化。"	"配置中的模式与脉冲宽度是启动及 reset 的默认值：启动时写入该模块模板定义的 DO 工作模式寄存器（首个模板为 40412～40427）和 DO 脉冲宽度寄存器（首个模板为 40428～40443）。启动完成后，以这些运行时寄存器的当前值为准；主系统合法写入后立即改变相应 DO 的后续行为，不要求修改配置。reset 将模式、脉冲宽度和 DO 电平恢复为配置默认值。配置热重载更新 reset 默认值，但不覆盖现有通道的运行时寄存器值；新增通道按新配置初始化。"	"a9df832f7745c2a58ae3cfe7ad0e881666cc436c83879af18362b80d363d71d9"	"simulator-configuration-or-validation-candidate"	"review-planning-source-without-verifiable-approval-chain"	"slots-simulator-configuration-layout-and-module-topology"	"needs-simulator-product-owner-and-explicit-approval"	"document-route:R10-candidate; unit-kind:markdown-paragraph; source-document-class:SIM-REQ + MAIN-LEAD; ledger-history:H-AI; see R10 Git history, derivation and status-correction groups"	"none-found-within-r10-pass"	"not-approved"	"simulator-product-owner;approved-tool-scope-source;named-approver;approval-date;approved-scope;version-or-sha256-binding"
"R10-A0530"	"R10"	"R10-15"	"slots-simulator/docs/01-requirements/fr-012-do-pulse-level-control-mode.md"	"7151362a10b8d6c9e6e2786369136ce3596f4fbf779478e762e3316eea1f2b24"	"line 25"	"FR-012 可配置 DO 点位脉冲/电平控制模式 > Description 需求描述"	"开锁 DO 的脉冲复位只表示 IO 模块停止驱动电磁铁，不表示仓门已经关闭或锁舌已经重新闩合。"	"开锁 DO 的脉冲复位只表示 IO 模块停止驱动电磁铁，不表示仓门已经关闭或锁舌已经重新闩合。正常开锁会由弹簧弹开仓门，锁 DI 在 DO 复位后仍保持“未锁”；只有人工关门并重新闩合后才恢复“锁闭”。DO 回读和锁 DI 必须分别核验，详见 [[fr-002-slot-state-machine-normal-flow|FR-002]]。"	"7904cc8c2b0acd12508e45ac5f58457ae092a1d4f78e2f2c92c27669a1620fe6"	"simulator-interface-or-protocol-behavior-candidate"	"review-planning-source-without-verifiable-approval-chain"	"slots-simulator-test-control-and-modbus-interface"	"needs-simulator-interface-owner-and-explicit-approval"	"document-route:R10-candidate; unit-kind:markdown-paragraph; source-document-class:SIM-REQ + MAIN-LEAD; ledger-history:H-AI; see R10 Git history, derivation and status-correction groups"	"EVID-R10-001,CF-R10-001"	"not-approved"	"simulator-interface-owner;complete-versioned-interface-or-protocol-contract;named-approver;approval-date;approved-scope;version-or-sha256-binding"
"R10-A0531"	"R10"	"R10-15"	"slots-simulator/docs/01-requirements/fr-012-do-pulse-level-control-mode.md"	"7151362a10b8d6c9e6e2786369136ce3596f4fbf779478e762e3316eea1f2b24"	"line 25"	"FR-012 可配置 DO 点位脉冲/电平控制模式 > Description 需求描述"	"正常开锁会由弹簧弹开仓门，锁 DI 在 DO 复位后仍保持“未锁”；"	"开锁 DO 的脉冲复位只表示 IO 模块停止驱动电磁铁，不表示仓门已经关闭或锁舌已经重新闩合。正常开锁会由弹簧弹开仓门，锁 DI 在 DO 复位后仍保持“未锁”；只有人工关门并重新闩合后才恢复“锁闭”。DO 回读和锁 DI 必须分别核验，详见 [[fr-002-slot-state-machine-normal-flow|FR-002]]。"	"383dabd9401006a3970975209a2e652147a8708be4837e075b42fe07f2cd0617"	"simulator-interface-or-protocol-behavior-candidate"	"review-planning-source-without-verifiable-approval-chain"	"slots-simulator-test-control-and-modbus-interface"	"needs-simulator-interface-owner-and-explicit-approval"	"document-route:R10-candidate; unit-kind:markdown-paragraph; source-document-class:SIM-REQ + MAIN-LEAD; ledger-history:H-AI; see R10 Git history, derivation and status-correction groups"	"EVID-R10-001,CF-R10-001"	"not-approved"	"simulator-interface-owner;complete-versioned-interface-or-protocol-contract;named-approver;approval-date;approved-scope;version-or-sha256-binding"
"R10-A0532"	"R10"	"R10-15"	"slots-simulator/docs/01-requirements/fr-012-do-pulse-level-control-mode.md"	"7151362a10b8d6c9e6e2786369136ce3596f4fbf779478e762e3316eea1f2b24"	"line 25"	"FR-012 可配置 DO 点位脉冲/电平控制模式 > Description 需求描述"	"只有人工关门并重新闩合后才恢复“锁闭”。"	"开锁 DO 的脉冲复位只表示 IO 模块停止驱动电磁铁，不表示仓门已经关闭或锁舌已经重新闩合。正常开锁会由弹簧弹开仓门，锁 DI 在 DO 复位后仍保持“未锁”；只有人工关门并重新闩合后才恢复“锁闭”。DO 回读和锁 DI 必须分别核验，详见 [[fr-002-slot-state-machine-normal-flow|FR-002]]。"	"0ae3365a517ecaed3cecfbd94400c454fdfdb56c8fcb4f643e77ffa36526509d"	"simulator-slot-behavior-or-fault-stimulus-candidate"	"review-planning-source-without-verifiable-approval-chain"	"slots-simulator-development-test-tool-only"	"needs-simulator-hardware-behavior-owner-and-explicit-approval"	"document-route:R10-candidate; unit-kind:markdown-paragraph; source-document-class:SIM-REQ + MAIN-LEAD; ledger-history:H-AI; see R10 Git history, derivation and status-correction groups"	"none-found-within-r10-pass"	"not-approved"	"simulator-hardware-behavior-owner;bound-8005-field-evidence-and-polarity-normalization;named-approver;approval-date;approved-scope;version-or-sha256-binding"
"R10-A0533"	"R10"	"R10-15"	"slots-simulator/docs/01-requirements/fr-012-do-pulse-level-control-mode.md"	"7151362a10b8d6c9e6e2786369136ce3596f4fbf779478e762e3316eea1f2b24"	"line 25"	"FR-012 可配置 DO 点位脉冲/电平控制模式 > Description 需求描述"	"DO 回读和锁 DI 必须分别核验，详见 [[fr-002-slot-state-machine-normal-flow|FR-002]]。"	"开锁 DO 的脉冲复位只表示 IO 模块停止驱动电磁铁，不表示仓门已经关闭或锁舌已经重新闩合。正常开锁会由弹簧弹开仓门，锁 DI 在 DO 复位后仍保持“未锁”；只有人工关门并重新闩合后才恢复“锁闭”。DO 回读和锁 DI 必须分别核验，详见 [[fr-002-slot-state-machine-normal-flow|FR-002]]。"	"c238ac3fa5ca8a16110d31bc5afbbfdbe8cf93a4c5e99edeb38119f09b7e2feb"	"simulator-interface-or-protocol-behavior-candidate"	"review-planning-source-without-verifiable-approval-chain"	"slots-simulator-test-control-and-modbus-interface"	"needs-simulator-interface-owner-and-explicit-approval"	"document-route:R10-candidate; unit-kind:markdown-paragraph; source-document-class:SIM-REQ + MAIN-LEAD; ledger-history:H-AI; see R10 Git history, derivation and status-correction groups"	"none-found-within-r10-pass"	"not-approved"	"simulator-interface-owner;complete-versioned-interface-or-protocol-contract;named-approver;approval-date;approved-scope;version-or-sha256-binding"
"R10-A0534"	"R10"	"R10-15"	"slots-simulator/docs/01-requirements/fr-012-do-pulse-level-control-mode.md"	"7151362a10b8d6c9e6e2786369136ce3596f4fbf779478e762e3316eea1f2b24"	"line 29"	"FR-012 可配置 DO 点位脉冲/电平控制模式 > Origin 需求来源"	"现场仓位锁由电磁铁短时拉下锁舌，并由弹簧把门弹开；"	"现场仓位锁由电磁铁短时拉下锁舌，并由弹簧把门弹开；IO 模块使用脉冲输出并自行复位。模拟器需要同时表现输出脉冲与独立锁反馈，不能把 DO 复位当作仓门锁闭。按点位配置与反馈分离规则详见 [[dr-010-do-control-mode|DR-010]]。"	"634d33452380534f9b422772f9a3a3e274c8224de5dcc2256e2988e4164e02b1"	"source-origin-background-or-traceability-evidence"	"review-planning-source-without-verifiable-approval-chain"	"slots-simulator-development-test-tool-only"	"source-or-traceability-evidence-only"	"document-route:R10-candidate; unit-kind:markdown-paragraph; source-document-class:SIM-REQ + MAIN-LEAD; ledger-history:H-AI; see R10 Git history, derivation and status-correction groups"	"none-found-within-r10-pass"	"not-approved"	"evidence-only-not-an-approval-unit;named-approver;approval-date;approved-scope;version-or-sha256-binding"
"R10-A0535"	"R10"	"R10-15"	"slots-simulator/docs/01-requirements/fr-012-do-pulse-level-control-mode.md"	"7151362a10b8d6c9e6e2786369136ce3596f4fbf779478e762e3316eea1f2b24"	"line 29"	"FR-012 可配置 DO 点位脉冲/电平控制模式 > Origin 需求来源"	"IO 模块使用脉冲输出并自行复位。"	"现场仓位锁由电磁铁短时拉下锁舌，并由弹簧把门弹开；IO 模块使用脉冲输出并自行复位。模拟器需要同时表现输出脉冲与独立锁反馈，不能把 DO 复位当作仓门锁闭。按点位配置与反馈分离规则详见 [[dr-010-do-control-mode|DR-010]]。"	"9bd309f9cef30509476ce0d5c079a94880aabb5e95537b1f556089e7fd6cb65d"	"source-origin-background-or-traceability-evidence"	"review-planning-source-without-verifiable-approval-chain"	"slots-simulator-development-test-tool-only"	"source-or-traceability-evidence-only"	"document-route:R10-candidate; unit-kind:markdown-paragraph; source-document-class:SIM-REQ + MAIN-LEAD; ledger-history:H-AI; see R10 Git history, derivation and status-correction groups"	"EVID-R10-001,CF-R10-001"	"not-approved"	"evidence-only-not-an-approval-unit;named-approver;approval-date;approved-scope;version-or-sha256-binding"
"R10-A0536"	"R10"	"R10-15"	"slots-simulator/docs/01-requirements/fr-012-do-pulse-level-control-mode.md"	"7151362a10b8d6c9e6e2786369136ce3596f4fbf779478e762e3316eea1f2b24"	"line 29"	"FR-012 可配置 DO 点位脉冲/电平控制模式 > Origin 需求来源"	"模拟器需要同时表现输出脉冲与独立锁反馈，不能把 DO 复位当作仓门锁闭。"	"现场仓位锁由电磁铁短时拉下锁舌，并由弹簧把门弹开；IO 模块使用脉冲输出并自行复位。模拟器需要同时表现输出脉冲与独立锁反馈，不能把 DO 复位当作仓门锁闭。按点位配置与反馈分离规则详见 [[dr-010-do-control-mode|DR-010]]。"	"ed3c2e7605f4f7705301353326f3a28aab3ea7fca7cdbf4815d050cc135cd1f0"	"source-origin-background-or-traceability-evidence"	"review-planning-source-without-verifiable-approval-chain"	"slots-simulator-development-test-tool-only"	"source-or-traceability-evidence-only"	"document-route:R10-candidate; unit-kind:markdown-paragraph; source-document-class:SIM-REQ + MAIN-LEAD; ledger-history:H-AI; see R10 Git history, derivation and status-correction groups"	"EVID-R10-001,CF-R10-001"	"not-approved"	"evidence-only-not-an-approval-unit;named-approver;approval-date;approved-scope;version-or-sha256-binding"
"R10-A0537"	"R10"	"R10-15"	"slots-simulator/docs/01-requirements/fr-012-do-pulse-level-control-mode.md"	"7151362a10b8d6c9e6e2786369136ce3596f4fbf779478e762e3316eea1f2b24"	"line 29"	"FR-012 可配置 DO 点位脉冲/电平控制模式 > Origin 需求来源"	"按点位配置与反馈分离规则详见 [[dr-010-do-control-mode|DR-010]]。"	"现场仓位锁由电磁铁短时拉下锁舌，并由弹簧把门弹开；IO 模块使用脉冲输出并自行复位。模拟器需要同时表现输出脉冲与独立锁反馈，不能把 DO 复位当作仓门锁闭。按点位配置与反馈分离规则详见 [[dr-010-do-control-mode|DR-010]]。"	"371db2fdbe8417547d34a7b082e0252aebff72a10b6ef14c5639c6440cc16769"	"source-origin-background-or-traceability-evidence"	"review-planning-source-without-verifiable-approval-chain"	"slots-simulator-development-test-tool-only"	"source-or-traceability-evidence-only"	"document-route:R10-candidate; unit-kind:markdown-paragraph; source-document-class:SIM-REQ + MAIN-LEAD; ledger-history:H-AI; see R10 Git history, derivation and status-correction groups"	"none-found-within-r10-pass"	"not-approved"	"evidence-only-not-an-approval-unit;named-approver;approval-date;approved-scope;version-or-sha256-binding"
"R10-A0538"	"R10"	"R10-15"	"slots-simulator/docs/01-requirements/fr-012-do-pulse-level-control-mode.md"	"7151362a10b8d6c9e6e2786369136ce3596f4fbf779478e762e3316eea1f2b24"	"line 33"	"FR-012 可配置 DO 点位脉冲/电平控制模式 > Acceptance Criteria 验收标准"	"JSON 配置中每个 DO 点位除模块和通道映射外，可独立设置 `control_mode: Level | Pulse` 和合法范围内的 `pulse_width_ms`；"	"JSON 配置中每个 DO 点位除模块和通道映射外，可独立设置 `control_mode: Level | Pulse` 和合法范围内的 `pulse_width_ms`；两者纳入 JSON Schema、完整示例及启动/热重载严格校验。"	"45578869fa1d792a89cc494c9d2264a3b3d79680e7e9ef9f375c0ed34bd89960"	"simulator-configuration-or-validation-candidate"	"review-planning-source-without-verifiable-approval-chain"	"slots-simulator-configuration-layout-and-module-topology"	"needs-simulator-product-owner-and-explicit-approval"	"document-route:R10-candidate; unit-kind:markdown-flow-or-list-item; source-document-class:SIM-REQ + MAIN-LEAD; ledger-history:H-AI; see R10 Git history, derivation and status-correction groups"	"none-found-within-r10-pass"	"not-approved"	"simulator-product-owner;approved-tool-scope-source;named-approver;approval-date;approved-scope;version-or-sha256-binding"
"R10-A0539"	"R10"	"R10-15"	"slots-simulator/docs/01-requirements/fr-012-do-pulse-level-control-mode.md"	"7151362a10b8d6c9e6e2786369136ce3596f4fbf779478e762e3316eea1f2b24"	"line 33"	"FR-012 可配置 DO 点位脉冲/电平控制模式 > Acceptance Criteria 验收标准"	"两者纳入 JSON Schema、完整示例及启动/热重载严格校验。"	"JSON 配置中每个 DO 点位除模块和通道映射外，可独立设置 `control_mode: Level | Pulse` 和合法范围内的 `pulse_width_ms`；两者纳入 JSON Schema、完整示例及启动/热重载严格校验。"	"b070aea4ea47c19210a2bdb5f8fa9bc004ba0496c31269f6ffcb413d5b9720d5"	"embedded-simulator-technical-design-choice"	"review-planning-source-without-verifiable-approval-chain"	"slots-simulator-development-test-tool-only"	"exclude-from-requirement-approval"	"document-route:R10-candidate; unit-kind:markdown-flow-or-list-item; source-document-class:SIM-REQ + MAIN-LEAD; ledger-history:H-AI; see R10 Git history, derivation and status-correction groups"	"none-found-within-r10-pass"	"not-approved"	"separate-technical-design-review;approved-simulator-behavior-source-if-mechanism-is-mandatory;named-approver;approval-date;approved-scope;version-or-sha256-binding"
"R10-A0540"	"R10"	"R10-15"	"slots-simulator/docs/01-requirements/fr-012-do-pulse-level-control-mode.md"	"7151362a10b8d6c9e6e2786369136ce3596f4fbf779478e762e3316eea1f2b24"	"line 34"	"FR-012 可配置 DO 点位脉冲/电平控制模式 > Acceptance Criteria 验收标准"	"启动时，配置默认值初始化模板声明的 DO 工作模式和脉冲宽度寄存器；"	"启动时，配置默认值初始化模板声明的 DO 工作模式和脉冲宽度寄存器；运行期间寄存器当前值是控制模式和脉宽的唯一权威来源。"	"868bbb7f93bd9d8cab8c2974126f629cfb3c54e1b38dd8f7f2bee7d623163699"	"simulator-configuration-or-validation-candidate"	"review-planning-source-without-verifiable-approval-chain"	"slots-simulator-configuration-layout-and-module-topology"	"needs-simulator-product-owner-and-explicit-approval"	"document-route:R10-candidate; unit-kind:markdown-flow-or-list-item; source-document-class:SIM-REQ + MAIN-LEAD; ledger-history:H-AI; see R10 Git history, derivation and status-correction groups"	"none-found-within-r10-pass"	"not-approved"	"simulator-product-owner;approved-tool-scope-source;named-approver;approval-date;approved-scope;version-or-sha256-binding"
"R10-A0541"	"R10"	"R10-15"	"slots-simulator/docs/01-requirements/fr-012-do-pulse-level-control-mode.md"	"7151362a10b8d6c9e6e2786369136ce3596f4fbf779478e762e3316eea1f2b24"	"line 34"	"FR-012 可配置 DO 点位脉冲/电平控制模式 > Acceptance Criteria 验收标准"	"运行期间寄存器当前值是控制模式和脉宽的唯一权威来源。"	"启动时，配置默认值初始化模板声明的 DO 工作模式和脉冲宽度寄存器；运行期间寄存器当前值是控制模式和脉宽的唯一权威来源。"	"1e136c0436e2160173dd8162d309ec1bd89638b5a272088ea2c7205f25064eeb"	"simulator-interface-or-protocol-behavior-candidate"	"review-planning-source-without-verifiable-approval-chain"	"slots-simulator-test-control-and-modbus-interface"	"needs-simulator-interface-owner-and-explicit-approval"	"document-route:R10-candidate; unit-kind:markdown-flow-or-list-item; source-document-class:SIM-REQ + MAIN-LEAD; ledger-history:H-AI; see R10 Git history, derivation and status-correction groups"	"none-found-within-r10-pass"	"not-approved"	"simulator-interface-owner;complete-versioned-interface-or-protocol-contract;named-approver;approval-date;approved-scope;version-or-sha256-binding"
"R10-A0542"	"R10"	"R10-15"	"slots-simulator/docs/01-requirements/fr-012-do-pulse-level-control-mode.md"	"7151362a10b8d6c9e6e2786369136ce3596f4fbf779478e762e3316eea1f2b24"	"line 35"	"FR-012 可配置 DO 点位脉冲/电平控制模式 > Acceptance Criteria 验收标准"	"主系统对 DO 工作模式或脉冲宽度 RW 寄存器的合法写入立即生效；"	"主系统对 DO 工作模式或脉冲宽度 RW 寄存器的合法写入立即生效；非法模式或超出模板范围的脉宽写入按协议失败且保留原值。"	"361550df7d0c0c5f9feb7374e01b6b25759b3ce3f4f085278e8bff748880c4c5"	"embedded-main-system-or-field-claim"	"review-planning-source-without-verifiable-approval-chain"	"8005-main-system-or-field-evidence-lead-not-simulator-approval"	"main-system-or-field-lead-evidence-only"	"document-route:R10-candidate; unit-kind:markdown-flow-or-list-item; source-document-class:SIM-REQ + MAIN-LEAD; ledger-history:H-AI; see R10 Git history, derivation and status-correction groups"	"BOUND-R10-001"	"not-approved"	"authoritative-main-system-source;do-not-reverse-infer-from-simulator-planning;named-approver;approval-date;approved-scope;version-or-sha256-binding"
"R10-A0543"	"R10"	"R10-15"	"slots-simulator/docs/01-requirements/fr-012-do-pulse-level-control-mode.md"	"7151362a10b8d6c9e6e2786369136ce3596f4fbf779478e762e3316eea1f2b24"	"line 35"	"FR-012 可配置 DO 点位脉冲/电平控制模式 > Acceptance Criteria 验收标准"	"非法模式或超出模板范围的脉宽写入按协议失败且保留原值。"	"主系统对 DO 工作模式或脉冲宽度 RW 寄存器的合法写入立即生效；非法模式或超出模板范围的脉宽写入按协议失败且保留原值。"	"96bb3295771d84366c5016e34ee902b9c73649cf9de7cf8c0de8ea81549346a1"	"simulator-configuration-or-validation-candidate"	"review-planning-source-without-verifiable-approval-chain"	"slots-simulator-configuration-layout-and-module-topology"	"needs-simulator-product-owner-and-explicit-approval"	"document-route:R10-candidate; unit-kind:markdown-flow-or-list-item; source-document-class:SIM-REQ + MAIN-LEAD; ledger-history:H-AI; see R10 Git history, derivation and status-correction groups"	"none-found-within-r10-pass"	"not-approved"	"simulator-product-owner;approved-tool-scope-source;named-approver;approval-date;approved-scope;version-or-sha256-binding"
"R10-A0544"	"R10"	"R10-15"	"slots-simulator/docs/01-requirements/fr-012-do-pulse-level-control-mode.md"	"7151362a10b8d6c9e6e2786369136ce3596f4fbf779478e762e3316eea1f2b24"	"line 36"	"FR-012 可配置 DO 点位脉冲/电平控制模式 > Acceptance Criteria 验收标准"	"reset 将 DO 电平、工作模式寄存器和脉冲宽度寄存器恢复到当前有效配置的默认值，不读取 DO 上电状态寄存器。"	"reset 将 DO 电平、工作模式寄存器和脉冲宽度寄存器恢复到当前有效配置的默认值，不读取 DO 上电状态寄存器。"	"96eed7c5cad4bd6ed034fc724c487dbab0e26a32027956ae18728afa1a837800"	"simulator-testability-or-operability-candidate"	"review-planning-source-without-verifiable-approval-chain"	"slots-simulator-development-test-tool-only"	"needs-simulator-product-owner-and-explicit-approval"	"document-route:R10-candidate; unit-kind:markdown-flow-or-list-item; source-document-class:SIM-REQ + MAIN-LEAD; ledger-history:H-AI; see R10 Git history, derivation and status-correction groups"	"none-found-within-r10-pass"	"not-approved"	"simulator-product-owner;approved-tool-scope-source;named-approver;approval-date;approved-scope;version-or-sha256-binding"
"R10-A0545"	"R10"	"R10-15"	"slots-simulator/docs/01-requirements/fr-012-do-pulse-level-control-mode.md"	"7151362a10b8d6c9e6e2786369136ce3596f4fbf779478e762e3316eea1f2b24"	"line 37"	"FR-012 可配置 DO 点位脉冲/电平控制模式 > Acceptance Criteria 验收标准"	"配置保存后立即热重载：新默认值供后续 reset 使用且不覆盖既有通道当前运行时寄存器值；"	"配置保存后立即热重载：新默认值供后续 reset 使用且不覆盖既有通道当前运行时寄存器值；新增加的通道立即按新默认值初始化。"	"97fe3ab3c48ebc5a6a755183fea5233623262f4203a033f361feb386e0b8241a"	"embedded-simulator-technical-design-choice"	"review-planning-source-without-verifiable-approval-chain"	"slots-simulator-development-test-tool-only"	"exclude-from-requirement-approval"	"document-route:R10-candidate; unit-kind:markdown-flow-or-list-item; source-document-class:SIM-REQ + MAIN-LEAD; ledger-history:H-AI; see R10 Git history, derivation and status-correction groups"	"none-found-within-r10-pass"	"not-approved"	"separate-technical-design-review;approved-simulator-behavior-source-if-mechanism-is-mandatory;named-approver;approval-date;approved-scope;version-or-sha256-binding"
"R10-A0546"	"R10"	"R10-15"	"slots-simulator/docs/01-requirements/fr-012-do-pulse-level-control-mode.md"	"7151362a10b8d6c9e6e2786369136ce3596f4fbf779478e762e3316eea1f2b24"	"line 37"	"FR-012 可配置 DO 点位脉冲/电平控制模式 > Acceptance Criteria 验收标准"	"新增加的通道立即按新默认值初始化。"	"配置保存后立即热重载：新默认值供后续 reset 使用且不覆盖既有通道当前运行时寄存器值；新增加的通道立即按新默认值初始化。"	"e4e34642a0f894335ec2c687b4dd31a40fa909e310bd68f02a4a1d36f4f459c4"	"simulator-configuration-or-validation-candidate"	"review-planning-source-without-verifiable-approval-chain"	"slots-simulator-configuration-layout-and-module-topology"	"needs-simulator-product-owner-and-explicit-approval"	"document-route:R10-candidate; unit-kind:markdown-flow-or-list-item; source-document-class:SIM-REQ + MAIN-LEAD; ledger-history:H-AI; see R10 Git history, derivation and status-correction groups"	"none-found-within-r10-pass"	"not-approved"	"simulator-product-owner;approved-tool-scope-source;named-approver;approval-date;approved-scope;version-or-sha256-binding"
"R10-A0547"	"R10"	"R10-15"	"slots-simulator/docs/01-requirements/fr-012-do-pulse-level-control-mode.md"	"7151362a10b8d6c9e6e2786369136ce3596f4fbf779478e762e3316eea1f2b24"	"line 38"	"FR-012 可配置 DO 点位脉冲/电平控制模式 > Acceptance Criteria 验收标准"	"电平模式：DO 值严格跟随主系统的最近一次写入，模拟器不做任何自动改变。"	"电平模式：DO 值严格跟随主系统的最近一次写入，模拟器不做任何自动改变。"	"6ba9da59a75dcfae3ba2b1333ad8e3bb43e02a394b685d85381caf2efe9096c5"	"simulator-interface-or-protocol-behavior-candidate"	"review-planning-source-without-verifiable-approval-chain"	"slots-simulator-test-control-and-modbus-interface"	"needs-simulator-interface-owner-and-explicit-approval"	"document-route:R10-candidate; unit-kind:markdown-flow-or-list-item; source-document-class:SIM-REQ + MAIN-LEAD; ledger-history:H-AI; see R10 Git history, derivation and status-correction groups"	"BOUND-R10-001"	"not-approved"	"simulator-interface-owner;complete-versioned-interface-or-protocol-contract;named-approver;approval-date;approved-scope;version-or-sha256-binding"
"R10-A0548"	"R10"	"R10-15"	"slots-simulator/docs/01-requirements/fr-012-do-pulse-level-control-mode.md"	"7151362a10b8d6c9e6e2786369136ce3596f4fbf779478e762e3316eea1f2b24"	"line 39"	"FR-012 可配置 DO 点位脉冲/电平控制模式 > Acceptance Criteria 验收标准"	"脉冲模式：每次有效写入 DO=1 均触发或重触发脉冲；"	"脉冲模式：每次有效写入 DO=1 均触发或重触发脉冲；重触发时取消原到期时刻，并从最后一次有效 ON 写入时刻起按当时运行时脉宽重新完整计时。写入被协议校验拒绝时不得重触发。"	"1b6ebd9f1a2f782eb8c9a16481c008b97d3d1f9cf5ee1ac4e224fdc2cb62b172"	"simulator-interface-or-protocol-behavior-candidate"	"review-planning-source-without-verifiable-approval-chain"	"slots-simulator-test-control-and-modbus-interface"	"needs-simulator-interface-owner-and-explicit-approval"	"document-route:R10-candidate; unit-kind:markdown-flow-or-list-item; source-document-class:SIM-REQ + MAIN-LEAD; ledger-history:H-AI; see R10 Git history, derivation and status-correction groups"	"none-found-within-r10-pass"	"not-approved"	"simulator-interface-owner;complete-versioned-interface-or-protocol-contract;named-approver;approval-date;approved-scope;version-or-sha256-binding"
"R10-A0549"	"R10"	"R10-15"	"slots-simulator/docs/01-requirements/fr-012-do-pulse-level-control-mode.md"	"7151362a10b8d6c9e6e2786369136ce3596f4fbf779478e762e3316eea1f2b24"	"line 39"	"FR-012 可配置 DO 点位脉冲/电平控制模式 > Acceptance Criteria 验收标准"	"重触发时取消原到期时刻，并从最后一次有效 ON 写入时刻起按当时运行时脉宽重新完整计时。"	"脉冲模式：每次有效写入 DO=1 均触发或重触发脉冲；重触发时取消原到期时刻，并从最后一次有效 ON 写入时刻起按当时运行时脉宽重新完整计时。写入被协议校验拒绝时不得重触发。"	"21d62bbbdf896793728c7f33dae957a47ef7b4a6e75edc9c529dcce4271ef840"	"simulator-capability-or-scope-candidate"	"review-planning-source-without-verifiable-approval-chain"	"slots-simulator-development-test-tool-only"	"needs-simulator-product-owner-and-explicit-approval"	"document-route:R10-candidate; unit-kind:markdown-flow-or-list-item; source-document-class:SIM-REQ + MAIN-LEAD; ledger-history:H-AI; see R10 Git history, derivation and status-correction groups"	"none-found-within-r10-pass"	"not-approved"	"simulator-product-owner;approved-tool-scope-source;named-approver;approval-date;approved-scope;version-or-sha256-binding"
"R10-A0550"	"R10"	"R10-15"	"slots-simulator/docs/01-requirements/fr-012-do-pulse-level-control-mode.md"	"7151362a10b8d6c9e6e2786369136ce3596f4fbf779478e762e3316eea1f2b24"	"line 39"	"FR-012 可配置 DO 点位脉冲/电平控制模式 > Acceptance Criteria 验收标准"	"写入被协议校验拒绝时不得重触发。"	"脉冲模式：每次有效写入 DO=1 均触发或重触发脉冲；重触发时取消原到期时刻，并从最后一次有效 ON 写入时刻起按当时运行时脉宽重新完整计时。写入被协议校验拒绝时不得重触发。"	"7530a41c8e3dcd0e6ceebdfbbc21d532176a1c53f9faf400e7d2665e4d608f57"	"simulator-configuration-or-validation-candidate"	"review-planning-source-without-verifiable-approval-chain"	"slots-simulator-configuration-layout-and-module-topology"	"needs-simulator-product-owner-and-explicit-approval"	"document-route:R10-candidate; unit-kind:markdown-flow-or-list-item; source-document-class:SIM-REQ + MAIN-LEAD; ledger-history:H-AI; see R10 Git history, derivation and status-correction groups"	"none-found-within-r10-pass"	"not-approved"	"simulator-product-owner;approved-tool-scope-source;named-approver;approval-date;approved-scope;version-or-sha256-binding"
"R10-A0551"	"R10"	"R10-15"	"slots-simulator/docs/01-requirements/fr-012-do-pulse-level-control-mode.md"	"7151362a10b8d6c9e6e2786369136ce3596f4fbf779478e762e3316eea1f2b24"	"line 40"	"FR-012 可配置 DO 点位脉冲/电平控制模式 > Acceptance Criteria 验收标准"	"有效开锁脉冲正常触发弹门和锁 DI 变为未锁；"	"有效开锁脉冲正常触发弹门和锁 DI 变为未锁；DO 自动复位后锁 DI 不自动恢复锁闭。"	"51dd44b87ea53d27461cb1f8d269441bda696d678248604d3db3a7f29f7d5e05"	"simulator-interface-or-protocol-behavior-candidate"	"review-planning-source-without-verifiable-approval-chain"	"slots-simulator-test-control-and-modbus-interface"	"needs-simulator-interface-owner-and-explicit-approval"	"document-route:R10-candidate; unit-kind:markdown-flow-or-list-item; source-document-class:SIM-REQ + MAIN-LEAD; ledger-history:H-AI; see R10 Git history, derivation and status-correction groups"	"none-found-within-r10-pass"	"not-approved"	"simulator-interface-owner;complete-versioned-interface-or-protocol-contract;named-approver;approval-date;approved-scope;version-or-sha256-binding"
"R10-A0552"	"R10"	"R10-15"	"slots-simulator/docs/01-requirements/fr-012-do-pulse-level-control-mode.md"	"7151362a10b8d6c9e6e2786369136ce3596f4fbf779478e762e3316eea1f2b24"	"line 40"	"FR-012 可配置 DO 点位脉冲/电平控制模式 > Acceptance Criteria 验收标准"	"DO 自动复位后锁 DI 不自动恢复锁闭。"	"有效开锁脉冲正常触发弹门和锁 DI 变为未锁；DO 自动复位后锁 DI 不自动恢复锁闭。"	"0ff1b445237b2d53b31ded8657ea2a5c13b1d36e13c80d87b4532cd38c54276a"	"simulator-interface-or-protocol-behavior-candidate"	"review-planning-source-without-verifiable-approval-chain"	"slots-simulator-test-control-and-modbus-interface"	"needs-simulator-interface-owner-and-explicit-approval"	"document-route:R10-candidate; unit-kind:markdown-flow-or-list-item; source-document-class:SIM-REQ + MAIN-LEAD; ledger-history:H-AI; see R10 Git history, derivation and status-correction groups"	"EVID-R10-001,CF-R10-001"	"not-approved"	"simulator-interface-owner;complete-versioned-interface-or-protocol-contract;named-approver;approval-date;approved-scope;version-or-sha256-binding"
"R10-A0553"	"R10"	"R10-15"	"slots-simulator/docs/01-requirements/fr-012-do-pulse-level-control-mode.md"	"7151362a10b8d6c9e6e2786369136ce3596f4fbf779478e762e3316eea1f2b24"	"line 41"	"FR-012 可配置 DO 点位脉冲/电平控制模式 > Acceptance Criteria 验收标准"	"锁 DI 只有在控制 API 模拟实际关门并成功闩合后才恢复锁闭；"	"锁 DI 只有在控制 API 模拟实际关门并成功闩合后才恢复锁闭；开锁/弹门失败可按 [[fr-003-exception-scenario-simulation|FR-003]] 注入。"	"a7f5a2af87a9b9a58e4e51e1a98ec84f69ea49c72f2cd83807e9a249369b5c20"	"simulator-interface-or-protocol-behavior-candidate"	"review-planning-source-without-verifiable-approval-chain"	"slots-simulator-test-control-and-modbus-interface"	"needs-simulator-interface-owner-and-explicit-approval"	"document-route:R10-candidate; unit-kind:markdown-flow-or-list-item; source-document-class:SIM-REQ + MAIN-LEAD; ledger-history:H-AI; see R10 Git history, derivation and status-correction groups"	"none-found-within-r10-pass"	"not-approved"	"simulator-interface-owner;complete-versioned-interface-or-protocol-contract;named-approver;approval-date;approved-scope;version-or-sha256-binding"
"R10-A0554"	"R10"	"R10-15"	"slots-simulator/docs/01-requirements/fr-012-do-pulse-level-control-mode.md"	"7151362a10b8d6c9e6e2786369136ce3596f4fbf779478e762e3316eea1f2b24"	"line 41"	"FR-012 可配置 DO 点位脉冲/电平控制模式 > Acceptance Criteria 验收标准"	"开锁/弹门失败可按 [[fr-003-exception-scenario-simulation|FR-003]] 注入。"	"锁 DI 只有在控制 API 模拟实际关门并成功闩合后才恢复锁闭；开锁/弹门失败可按 [[fr-003-exception-scenario-simulation|FR-003]] 注入。"	"262faed5737a3ee0d6df5db355ea19e501ee9ad8f19cdf5826d24527a8d3d5de"	"simulator-slot-behavior-or-fault-stimulus-candidate"	"review-planning-source-without-verifiable-approval-chain"	"slots-simulator-development-test-tool-only"	"needs-simulator-hardware-behavior-owner-and-explicit-approval"	"document-route:R10-candidate; unit-kind:markdown-flow-or-list-item; source-document-class:SIM-REQ + MAIN-LEAD; ledger-history:H-AI; see R10 Git history, derivation and status-correction groups"	"CF-R10-001"	"not-approved"	"simulator-hardware-behavior-owner;bound-8005-field-evidence-and-polarity-normalization;named-approver;approval-date;approved-scope;version-or-sha256-binding"
"R10-A0555"	"R10"	"R10-15"	"slots-simulator/docs/01-requirements/fr-012-do-pulse-level-control-mode.md"	"7151362a10b8d6c9e6e2786369136ce3596f4fbf779478e762e3316eea1f2b24"	"line 45"	"FR-012 可配置 DO 点位脉冲/电平控制模式 > Related Use Case 关联用例"	"无直接对应，属于模拟器还原硬件驱动特性的需求。"	"无直接对应，属于模拟器还原硬件驱动特性的需求。"	"0a1b498599b469b6575727735afa46d9c4be43433e56605240e8fbc96bdda522"	"source-origin-background-or-traceability-evidence"	"review-planning-source-without-verifiable-approval-chain"	"slots-simulator-development-test-tool-only"	"source-or-traceability-evidence-only"	"document-route:R10-candidate; unit-kind:markdown-paragraph; source-document-class:SIM-REQ + MAIN-LEAD; ledger-history:H-AI; see R10 Git history, derivation and status-correction groups"	"none-found-within-r10-pass"	"not-approved"	"evidence-only-not-an-approval-unit;named-approver;approval-date;approved-scope;version-or-sha256-binding"
"R10-A0556"	"R10"	"R10-15"	"slots-simulator/docs/01-requirements/fr-012-do-pulse-level-control-mode.md"	"7151362a10b8d6c9e6e2786369136ce3596f4fbf779478e762e3316eea1f2b24"	"line 49"	"FR-012 可配置 DO 点位脉冲/电平控制模式 > Verification 验证方式"	"**TC-FR-012-001（编号预留）**"	"**TC-FR-012-001（编号预留）**"	"ed8479fa64874191eed6444b54d9aced534c82c2c795c2d340ae97bb9ee528d2"	"reserved-verification-plan-evidence"	"review-planning-source-without-verifiable-approval-chain"	"slots-simulator-development-test-tool-only"	"test-plan-evidence-only"	"document-route:R10-candidate; unit-kind:markdown-flow-or-list-item; source-document-class:SIM-REQ + MAIN-LEAD; ledger-history:H-AI; see R10 Git history, derivation and status-correction groups"	"none-found-within-r10-pass"	"not-approved"	"evidence-only-not-an-approval-unit;named-approver;approval-date;approved-scope;version-or-sha256-binding"
"R10-A0557"	"R10"	"R10-15"	"slots-simulator/docs/01-requirements/fr-012-do-pulse-level-control-mode.md"	"7151362a10b8d6c9e6e2786369136ce3596f4fbf779478e762e3316eea1f2b24"	"line 50"	"FR-012 可配置 DO 点位脉冲/电平控制模式 > Verification 验证方式"	"**Given** 配置为 Pulse 且脉宽为 500 ms 的 DO 通道"	"**Given** 配置为 Pulse 且脉宽为 500 ms 的 DO 通道"	"c92eba28954cb48d372099fbc5185a616ade5f38ff355b6926d9409b8a0203e5"	"reserved-verification-plan-evidence"	"review-planning-source-without-verifiable-approval-chain"	"slots-simulator-development-test-tool-only"	"test-plan-evidence-only"	"document-route:R10-candidate; unit-kind:markdown-flow-or-list-item; source-document-class:SIM-REQ + MAIN-LEAD; ledger-history:H-AI; see R10 Git history, derivation and status-correction groups"	"EVID-R10-001"	"not-approved"	"evidence-only-not-an-approval-unit;named-approver;approval-date;approved-scope;version-or-sha256-binding"
"R10-A0558"	"R10"	"R10-15"	"slots-simulator/docs/01-requirements/fr-012-do-pulse-level-control-mode.md"	"7151362a10b8d6c9e6e2786369136ce3596f4fbf779478e762e3316eea1f2b24"	"line 51"	"FR-012 可配置 DO 点位脉冲/电平控制模式 > Verification 验证方式"	"**When** 启动模拟器后读取对应工作模式与脉冲宽度寄存器"	"**When** 启动模拟器后读取对应工作模式与脉冲宽度寄存器"	"ab62079ff55c043611b080ec437f9f7a92b04e30133cac45ab30232fb2814549"	"reserved-verification-plan-evidence"	"review-planning-source-without-verifiable-approval-chain"	"slots-simulator-development-test-tool-only"	"test-plan-evidence-only"	"document-route:R10-candidate; unit-kind:markdown-flow-or-list-item; source-document-class:SIM-REQ + MAIN-LEAD; ledger-history:H-AI; see R10 Git history, derivation and status-correction groups"	"none-found-within-r10-pass"	"not-approved"	"evidence-only-not-an-approval-unit;named-approver;approval-date;approved-scope;version-or-sha256-binding"
"R10-A0559"	"R10"	"R10-15"	"slots-simulator/docs/01-requirements/fr-012-do-pulse-level-control-mode.md"	"7151362a10b8d6c9e6e2786369136ce3596f4fbf779478e762e3316eea1f2b24"	"line 52"	"FR-012 可配置 DO 点位脉冲/电平控制模式 > Verification 验证方式"	"**Then** 寄存器分别为 Pulse 和 500 ms，DO 初始电平为配置默认值"	"**Then** 寄存器分别为 Pulse 和 500 ms，DO 初始电平为配置默认值"	"b81f2cf34d4836c64bb4cbac92565bf0197afc67bf179524e079b9bb05865031"	"reserved-verification-plan-evidence"	"review-planning-source-without-verifiable-approval-chain"	"slots-simulator-development-test-tool-only"	"test-plan-evidence-only"	"document-route:R10-candidate; unit-kind:markdown-flow-or-list-item; source-document-class:SIM-REQ + MAIN-LEAD; ledger-history:H-AI; see R10 Git history, derivation and status-correction groups"	"EVID-R10-001"	"not-approved"	"evidence-only-not-an-approval-unit;named-approver;approval-date;approved-scope;version-or-sha256-binding"
"R10-A0560"	"R10"	"R10-15"	"slots-simulator/docs/01-requirements/fr-012-do-pulse-level-control-mode.md"	"7151362a10b8d6c9e6e2786369136ce3596f4fbf779478e762e3316eea1f2b24"	"line 53"	"FR-012 可配置 DO 点位脉冲/电平控制模式 > Verification 验证方式"	"**TC-FR-012-002（编号预留）**"	"**TC-FR-012-002（编号预留）**"	"5f1cb67aa3aa1595d74ab36272394d5695525ee5c4c88bdbacbef56a0c27a219"	"reserved-verification-plan-evidence"	"review-planning-source-without-verifiable-approval-chain"	"slots-simulator-development-test-tool-only"	"test-plan-evidence-only"	"document-route:R10-candidate; unit-kind:markdown-flow-or-list-item; source-document-class:SIM-REQ + MAIN-LEAD; ledger-history:H-AI; see R10 Git history, derivation and status-correction groups"	"none-found-within-r10-pass"	"not-approved"	"evidence-only-not-an-approval-unit;named-approver;approval-date;approved-scope;version-or-sha256-binding"
"R10-A0561"	"R10"	"R10-15"	"slots-simulator/docs/01-requirements/fr-012-do-pulse-level-control-mode.md"	"7151362a10b8d6c9e6e2786369136ce3596f4fbf779478e762e3316eea1f2b24"	"line 54"	"FR-012 可配置 DO 点位脉冲/电平控制模式 > Verification 验证方式"	"**Given** Pulse 模式 DO 已由一次有效 ON 写入开始计时"	"**Given** Pulse 模式 DO 已由一次有效 ON 写入开始计时"	"720412f173566ddd78ad3b3762cfa1d48c93e0f184834457526bbf0b036a3c79"	"reserved-verification-plan-evidence"	"review-planning-source-without-verifiable-approval-chain"	"slots-simulator-development-test-tool-only"	"test-plan-evidence-only"	"document-route:R10-candidate; unit-kind:markdown-flow-or-list-item; source-document-class:SIM-REQ + MAIN-LEAD; ledger-history:H-AI; see R10 Git history, derivation and status-correction groups"	"none-found-within-r10-pass"	"not-approved"	"evidence-only-not-an-approval-unit;named-approver;approval-date;approved-scope;version-or-sha256-binding"
"R10-A0562"	"R10"	"R10-15"	"slots-simulator/docs/01-requirements/fr-012-do-pulse-level-control-mode.md"	"7151362a10b8d6c9e6e2786369136ce3596f4fbf779478e762e3316eea1f2b24"	"line 55"	"FR-012 可配置 DO 点位脉冲/电平控制模式 > Verification 验证方式"	"**When** 超时前再次有效写入 ON"	"**When** 超时前再次有效写入 ON"	"e427af78c6a8574ea41d79fb16a4e55901bd287e23f0a6433e8bf8a58d57a55b"	"reserved-verification-plan-evidence"	"review-planning-source-without-verifiable-approval-chain"	"slots-simulator-development-test-tool-only"	"test-plan-evidence-only"	"document-route:R10-candidate; unit-kind:markdown-flow-or-list-item; source-document-class:SIM-REQ + MAIN-LEAD; ledger-history:H-AI; see R10 Git history, derivation and status-correction groups"	"none-found-within-r10-pass"	"not-approved"	"evidence-only-not-an-approval-unit;named-approver;approval-date;approved-scope;version-or-sha256-binding"
"R10-A0563"	"R10"	"R10-15"	"slots-simulator/docs/01-requirements/fr-012-do-pulse-level-control-mode.md"	"7151362a10b8d6c9e6e2786369136ce3596f4fbf779478e762e3316eea1f2b24"	"line 56"	"FR-012 可配置 DO 点位脉冲/电平控制模式 > Verification 验证方式"	"**Then** 原计时被替换，DO 从最后一次 ON 起经过完整运行时脉宽后才复位为 OFF"	"**Then** 原计时被替换，DO 从最后一次 ON 起经过完整运行时脉宽后才复位为 OFF"	"de6c1e5f237ddd77d21dcda6a17846af2d2a0ba1d45c2675522add939d7fc8bb"	"reserved-verification-plan-evidence"	"review-planning-source-without-verifiable-approval-chain"	"slots-simulator-development-test-tool-only"	"test-plan-evidence-only"	"document-route:R10-candidate; unit-kind:markdown-flow-or-list-item; source-document-class:SIM-REQ + MAIN-LEAD; ledger-history:H-AI; see R10 Git history, derivation and status-correction groups"	"EVID-R10-001,CF-R10-001"	"not-approved"	"evidence-only-not-an-approval-unit;named-approver;approval-date;approved-scope;version-or-sha256-binding"
"R10-A0564"	"R10"	"R10-15"	"slots-simulator/docs/01-requirements/fr-012-do-pulse-level-control-mode.md"	"7151362a10b8d6c9e6e2786369136ce3596f4fbf779478e762e3316eea1f2b24"	"line 57"	"FR-012 可配置 DO 点位脉冲/电平控制模式 > Verification 验证方式"	"**TC-FR-012-003（编号预留）**"	"**TC-FR-012-003（编号预留）**"	"60becaa6db08833909225adab992956efdca6198b6852e6dca24435a219930e3"	"reserved-verification-plan-evidence"	"review-planning-source-without-verifiable-approval-chain"	"slots-simulator-development-test-tool-only"	"test-plan-evidence-only"	"document-route:R10-candidate; unit-kind:markdown-flow-or-list-item; source-document-class:SIM-REQ + MAIN-LEAD; ledger-history:H-AI; see R10 Git history, derivation and status-correction groups"	"none-found-within-r10-pass"	"not-approved"	"evidence-only-not-an-approval-unit;named-approver;approval-date;approved-scope;version-or-sha256-binding"
"R10-A0565"	"R10"	"R10-15"	"slots-simulator/docs/01-requirements/fr-012-do-pulse-level-control-mode.md"	"7151362a10b8d6c9e6e2786369136ce3596f4fbf779478e762e3316eea1f2b24"	"line 58"	"FR-012 可配置 DO 点位脉冲/电平控制模式 > Verification 验证方式"	"**Given** 模拟器已启动且主系统已合法修改工作模式和脉宽寄存器"	"**Given** 模拟器已启动且主系统已合法修改工作模式和脉宽寄存器"	"9a229da1364eea724f41a0d847907c271d127fb642bea77435658475cf360d94"	"reserved-verification-plan-evidence"	"review-planning-source-without-verifiable-approval-chain"	"slots-simulator-development-test-tool-only"	"test-plan-evidence-only"	"document-route:R10-candidate; unit-kind:markdown-flow-or-list-item; source-document-class:SIM-REQ + MAIN-LEAD; ledger-history:H-AI; see R10 Git history, derivation and status-correction groups"	"BOUND-R10-001"	"not-approved"	"evidence-only-not-an-approval-unit;named-approver;approval-date;approved-scope;version-or-sha256-binding"
"R10-A0566"	"R10"	"R10-15"	"slots-simulator/docs/01-requirements/fr-012-do-pulse-level-control-mode.md"	"7151362a10b8d6c9e6e2786369136ce3596f4fbf779478e762e3316eea1f2b24"	"line 59"	"FR-012 可配置 DO 点位脉冲/电平控制模式 > Verification 验证方式"	"**When** 后续触发对应 DO"	"**When** 后续触发对应 DO"	"e3394f20b1ba41dc9889180b5f2235ef054e76bff94d210d90f3a5c7c69b5f5e"	"reserved-verification-plan-evidence"	"review-planning-source-without-verifiable-approval-chain"	"slots-simulator-development-test-tool-only"	"test-plan-evidence-only"	"document-route:R10-candidate; unit-kind:markdown-flow-or-list-item; source-document-class:SIM-REQ + MAIN-LEAD; ledger-history:H-AI; see R10 Git history, derivation and status-correction groups"	"none-found-within-r10-pass"	"not-approved"	"evidence-only-not-an-approval-unit;named-approver;approval-date;approved-scope;version-or-sha256-binding"
"R10-A0567"	"R10"	"R10-15"	"slots-simulator/docs/01-requirements/fr-012-do-pulse-level-control-mode.md"	"7151362a10b8d6c9e6e2786369136ce3596f4fbf779478e762e3316eea1f2b24"	"line 60"	"FR-012 可配置 DO 点位脉冲/电平控制模式 > Verification 验证方式"	"**Then** 行为采用寄存器当前模式和脉宽，而不是配置初始值"	"**Then** 行为采用寄存器当前模式和脉宽，而不是配置初始值"	"71adb716c31615b42493724f9025e4a0a9d353a4c7ae7d568f6cf659193bf847"	"reserved-verification-plan-evidence"	"review-planning-source-without-verifiable-approval-chain"	"slots-simulator-development-test-tool-only"	"test-plan-evidence-only"	"document-route:R10-candidate; unit-kind:markdown-flow-or-list-item; source-document-class:SIM-REQ + MAIN-LEAD; ledger-history:H-AI; see R10 Git history, derivation and status-correction groups"	"none-found-within-r10-pass"	"not-approved"	"evidence-only-not-an-approval-unit;named-approver;approval-date;approved-scope;version-or-sha256-binding"
"R10-A0568"	"R10"	"R10-15"	"slots-simulator/docs/01-requirements/fr-012-do-pulse-level-control-mode.md"	"7151362a10b8d6c9e6e2786369136ce3596f4fbf779478e762e3316eea1f2b24"	"line 61"	"FR-012 可配置 DO 点位脉冲/电平控制模式 > Verification 验证方式"	"**TC-FR-012-004（编号预留）**"	"**TC-FR-012-004（编号预留）**"	"9c511e058521c058637f7484b9ac1da890eaca914fd0ed42ddca0e4925b1d824"	"reserved-verification-plan-evidence"	"review-planning-source-without-verifiable-approval-chain"	"slots-simulator-development-test-tool-only"	"test-plan-evidence-only"	"document-route:R10-candidate; unit-kind:markdown-flow-or-list-item; source-document-class:SIM-REQ + MAIN-LEAD; ledger-history:H-AI; see R10 Git history, derivation and status-correction groups"	"none-found-within-r10-pass"	"not-approved"	"evidence-only-not-an-approval-unit;named-approver;approval-date;approved-scope;version-or-sha256-binding"
"R10-A0569"	"R10"	"R10-15"	"slots-simulator/docs/01-requirements/fr-012-do-pulse-level-control-mode.md"	"7151362a10b8d6c9e6e2786369136ce3596f4fbf779478e762e3316eea1f2b24"	"line 62"	"FR-012 可配置 DO 点位脉冲/电平控制模式 > Verification 验证方式"	"**Given** 运行时寄存器值已偏离当前有效配置默认值"	"**Given** 运行时寄存器值已偏离当前有效配置默认值"	"dc3d0144fef3d860fbff6807e68a307b83e31627ab26cf826014e77a98b32dc6"	"reserved-verification-plan-evidence"	"review-planning-source-without-verifiable-approval-chain"	"slots-simulator-development-test-tool-only"	"test-plan-evidence-only"	"document-route:R10-candidate; unit-kind:markdown-flow-or-list-item; source-document-class:SIM-REQ + MAIN-LEAD; ledger-history:H-AI; see R10 Git history, derivation and status-correction groups"	"none-found-within-r10-pass"	"not-approved"	"evidence-only-not-an-approval-unit;named-approver;approval-date;approved-scope;version-or-sha256-binding"
"R10-A0570"	"R10"	"R10-15"	"slots-simulator/docs/01-requirements/fr-012-do-pulse-level-control-mode.md"	"7151362a10b8d6c9e6e2786369136ce3596f4fbf779478e762e3316eea1f2b24"	"line 63"	"FR-012 可配置 DO 点位脉冲/电平控制模式 > Verification 验证方式"	"**When** 调用 reset"	"**When** 调用 reset"	"bcfbbc6cc0b504b95c1120d17a9a29a992b6cd462a46790490acd6d507bb5f20"	"reserved-verification-plan-evidence"	"review-planning-source-without-verifiable-approval-chain"	"slots-simulator-development-test-tool-only"	"test-plan-evidence-only"	"document-route:R10-candidate; unit-kind:markdown-flow-or-list-item; source-document-class:SIM-REQ + MAIN-LEAD; ledger-history:H-AI; see R10 Git history, derivation and status-correction groups"	"none-found-within-r10-pass"	"not-approved"	"evidence-only-not-an-approval-unit;named-approver;approval-date;approved-scope;version-or-sha256-binding"
"R10-A0571"	"R10"	"R10-15"	"slots-simulator/docs/01-requirements/fr-012-do-pulse-level-control-mode.md"	"7151362a10b8d6c9e6e2786369136ce3596f4fbf779478e762e3316eea1f2b24"	"line 64"	"FR-012 可配置 DO 点位脉冲/电平控制模式 > Verification 验证方式"	"**Then** DO 电平、工作模式与脉宽均恢复为配置默认值；"	"**Then** DO 电平、工作模式与脉宽均恢复为配置默认值；锁 DI 按当前内部门/闩锁状态恢复，不镜像 DO"	"509075c49b53a7c29f194930eebe41e25998514bf866e427bee76c6e18860468"	"reserved-verification-plan-evidence"	"review-planning-source-without-verifiable-approval-chain"	"slots-simulator-development-test-tool-only"	"test-plan-evidence-only"	"document-route:R10-candidate; unit-kind:markdown-flow-or-list-item; source-document-class:SIM-REQ + MAIN-LEAD; ledger-history:H-AI; see R10 Git history, derivation and status-correction groups"	"none-found-within-r10-pass"	"not-approved"	"evidence-only-not-an-approval-unit;named-approver;approval-date;approved-scope;version-or-sha256-binding"
"R10-A0572"	"R10"	"R10-15"	"slots-simulator/docs/01-requirements/fr-012-do-pulse-level-control-mode.md"	"7151362a10b8d6c9e6e2786369136ce3596f4fbf779478e762e3316eea1f2b24"	"line 64"	"FR-012 可配置 DO 点位脉冲/电平控制模式 > Verification 验证方式"	"锁 DI 按当前内部门/闩锁状态恢复，不镜像 DO"	"**Then** DO 电平、工作模式与脉宽均恢复为配置默认值；锁 DI 按当前内部门/闩锁状态恢复，不镜像 DO"	"b8a6cb3dce3031b0c381b0453d700f627ea99350a165edfbeb1452bb449e2e36"	"reserved-verification-plan-evidence"	"review-planning-source-without-verifiable-approval-chain"	"slots-simulator-development-test-tool-only"	"test-plan-evidence-only"	"document-route:R10-candidate; unit-kind:markdown-flow-or-list-item; source-document-class:SIM-REQ + MAIN-LEAD; ledger-history:H-AI; see R10 Git history, derivation and status-correction groups"	"none-found-within-r10-pass"	"not-approved"	"evidence-only-not-an-approval-unit;named-approver;approval-date;approved-scope;version-or-sha256-binding"
"R10-A0573"	"R10"	"R10-15"	"slots-simulator/docs/01-requirements/fr-012-do-pulse-level-control-mode.md"	"7151362a10b8d6c9e6e2786369136ce3596f4fbf779478e762e3316eea1f2b24"	"line 65"	"FR-012 可配置 DO 点位脉冲/电平控制模式 > Verification 验证方式"	"**TC-FR-012-005（编号预留）**"	"**TC-FR-012-005（编号预留）**"	"594b08ae62dc1a7fffe910802d5fd4cf413881024250b278b0b4b0308b158c6f"	"reserved-verification-plan-evidence"	"review-planning-source-without-verifiable-approval-chain"	"slots-simulator-development-test-tool-only"	"test-plan-evidence-only"	"document-route:R10-candidate; unit-kind:markdown-flow-or-list-item; source-document-class:SIM-REQ + MAIN-LEAD; ledger-history:H-AI; see R10 Git history, derivation and status-correction groups"	"none-found-within-r10-pass"	"not-approved"	"evidence-only-not-an-approval-unit;named-approver;approval-date;approved-scope;version-or-sha256-binding"
"R10-A0574"	"R10"	"R10-15"	"slots-simulator/docs/01-requirements/fr-012-do-pulse-level-control-mode.md"	"7151362a10b8d6c9e6e2786369136ce3596f4fbf779478e762e3316eea1f2b24"	"line 66"	"FR-012 可配置 DO 点位脉冲/电平控制模式 > Verification 验证方式"	"**Given** 运行中的通道已有合法运行时模式和脉宽"	"**Given** 运行中的通道已有合法运行时模式和脉宽"	"d054e8d814c7e65ab91f204f11e0dafd00de095357a7c1dd8083f3693fd9e06e"	"reserved-verification-plan-evidence"	"review-planning-source-without-verifiable-approval-chain"	"slots-simulator-development-test-tool-only"	"test-plan-evidence-only"	"document-route:R10-candidate; unit-kind:markdown-flow-or-list-item; source-document-class:SIM-REQ + MAIN-LEAD; ledger-history:H-AI; see R10 Git history, derivation and status-correction groups"	"none-found-within-r10-pass"	"not-approved"	"evidence-only-not-an-approval-unit;named-approver;approval-date;approved-scope;version-or-sha256-binding"
"R10-A0575"	"R10"	"R10-15"	"slots-simulator/docs/01-requirements/fr-012-do-pulse-level-control-mode.md"	"7151362a10b8d6c9e6e2786369136ce3596f4fbf779478e762e3316eea1f2b24"	"line 67"	"FR-012 可配置 DO 点位脉冲/电平控制模式 > Verification 验证方式"	"**When** 保存并成功热重载新的模式或脉宽默认值"	"**When** 保存并成功热重载新的模式或脉宽默认值"	"31800904d097706224a5cf15f02163ddb49321999d2dc2347c34916d46329686"	"reserved-verification-plan-evidence"	"review-planning-source-without-verifiable-approval-chain"	"slots-simulator-development-test-tool-only"	"test-plan-evidence-only"	"document-route:R10-candidate; unit-kind:markdown-flow-or-list-item; source-document-class:SIM-REQ + MAIN-LEAD; ledger-history:H-AI; see R10 Git history, derivation and status-correction groups"	"none-found-within-r10-pass"	"not-approved"	"evidence-only-not-an-approval-unit;named-approver;approval-date;approved-scope;version-or-sha256-binding"
"R10-A0576"	"R10"	"R10-15"	"slots-simulator/docs/01-requirements/fr-012-do-pulse-level-control-mode.md"	"7151362a10b8d6c9e6e2786369136ce3596f4fbf779478e762e3316eea1f2b24"	"line 68"	"FR-012 可配置 DO 点位脉冲/电平控制模式 > Verification 验证方式"	"**Then** 当前运行时寄存器值不被覆盖，随后 reset 使用新默认值"	"**Then** 当前运行时寄存器值不被覆盖，随后 reset 使用新默认值"	"353fbbbde4c8bf30722c5b3fc16d924fe21f4117abb5c4fd3191c3c807e84c87"	"reserved-verification-plan-evidence"	"review-planning-source-without-verifiable-approval-chain"	"slots-simulator-development-test-tool-only"	"test-plan-evidence-only"	"document-route:R10-candidate; unit-kind:markdown-flow-or-list-item; source-document-class:SIM-REQ + MAIN-LEAD; ledger-history:H-AI; see R10 Git history, derivation and status-correction groups"	"none-found-within-r10-pass"	"not-approved"	"evidence-only-not-an-approval-unit;named-approver;approval-date;approved-scope;version-or-sha256-binding"
"R10-A0577"	"R10"	"R10-15"	"slots-simulator/docs/01-requirements/fr-012-do-pulse-level-control-mode.md"	"7151362a10b8d6c9e6e2786369136ce3596f4fbf779478e762e3316eea1f2b24"	"line 72"	"FR-012 可配置 DO 点位脉冲/电平控制模式 > Related 关联"	"[[fr-001-configurable-slot-count-and-io-mapping|FR-001]]（点位地址映射）、[[fr-002-slot-state-machine-normal-flow|FR-002]]（DO 与锁 DI 独立语义）、[[fr-003-exception-scenario-simulation|FR-003]]（故障注入）、[[fr-010-automation-test-infrastructure|FR-010]]（reset）、[[fr-013-configurable-register-table-template|FR-013]]（工作模式与脉宽寄存器定义）、[[dr-010-do-control-mode|DR-010]]、[[dr-011-full-register-table-fidelity|DR-011]]、[[dr-014-fault-injection-mirror-exception|DR-014]]、[[dr-015-do-power-on-state-vs-reset|DR-015]]。"	"[[fr-001-configurable-slot-count-and-io-mapping|FR-001]]（点位地址映射）、[[fr-002-slot-state-machine-normal-flow|FR-002]]（DO 与锁 DI 独立语义）、[[fr-003-exception-scenario-simulation|FR-003]]（故障注入）、[[fr-010-automation-test-infrastructure|FR-010]]（reset）、[[fr-013-configurable-register-table-template|FR-013]]（工作模式与脉宽寄存器定义）、[[dr-010-do-control-mode|DR-010]]、[[dr-011-full-register-table-fidelity|DR-011]]、[[dr-014-fault-injection-mirror-exception|DR-014]]、[[dr-015-do-power-on-state-vs-reset|DR-015]]。"	"8600adaad826a70f0504389e875d24a5e3344415b0154be23caf6133848810d1"	"source-origin-background-or-traceability-evidence"	"review-planning-source-without-verifiable-approval-chain"	"slots-simulator-development-test-tool-only"	"source-or-traceability-evidence-only"	"document-route:R10-candidate; unit-kind:markdown-paragraph; source-document-class:SIM-REQ + MAIN-LEAD; ledger-history:H-AI; see R10 Git history, derivation and status-correction groups"	"GAP-R10-001"	"not-approved"	"evidence-only-not-an-approval-unit;named-approver;approval-date;approved-scope;version-or-sha256-binding"
"R10-A0578"	"R10"	"R10-16"	"slots-simulator/docs/01-requirements/fr-013-configurable-register-table-template.md"	"2924ae0dd72144ac024c03f65b8ce4c74b03f8b24cbdf03f1bf17d2ce004a6e7"	"line 18"	"FR-013 可配置寄存器表模板与 DO/DI 数量上限 > Description 需求描述"	"IO 模块的寄存器布局定义为 JSON 格式的可配置""模块类型模板""（如按型号命名），而不是把某一具体型号的寄存器地址写死在代码里。"	"IO 模块的寄存器布局定义为 JSON 格式的可配置""模块类型模板""（如按型号命名），而不是把某一具体型号的寄存器地址写死在代码里。模板需完整覆盖真实设备说明书里的寄存器表——模块信息类（MAC 地址、设备型号、版本号）、网络配置类（IP、端口、子网掩码、网关、服务器/客户端模式等）、DO 相关（状态、上电状态、工作模式电平/脉冲——对应 [[fr-012-do-pulse-level-control-mode|FR-012]]、脉冲宽度）、DI 相关（当前值、正/负脉冲有效状态、脉冲计数、电平变化计数、滤波器参数、自动清零）。"	"222bd92252610c6b13f73071748b38f69abb8339d2365c3d0ca7d7c77f556068"	"embedded-simulator-technical-design-choice"	"review-planning-source-without-verifiable-approval-chain"	"slots-simulator-development-test-tool-only"	"exclude-from-requirement-approval"	"document-route:R10-candidate; unit-kind:markdown-paragraph; source-document-class:SIM-REQ + VENDOR; ledger-history:H-U; see R10 Git history, derivation and status-correction groups"	"SCOPE-R10-001,GAP-R10-001"	"not-approved"	"separate-technical-design-review;approved-simulator-behavior-source-if-mechanism-is-mandatory;named-approver;approval-date;approved-scope;version-or-sha256-binding"
"R10-A0579"	"R10"	"R10-16"	"slots-simulator/docs/01-requirements/fr-013-configurable-register-table-template.md"	"2924ae0dd72144ac024c03f65b8ce4c74b03f8b24cbdf03f1bf17d2ce004a6e7"	"line 18"	"FR-013 可配置寄存器表模板与 DO/DI 数量上限 > Description 需求描述"	"模板需完整覆盖真实设备说明书里的寄存器表——模块信息类（MAC 地址、设备型号、版本号）、网络配置类（IP、端口、子网掩码、网关、服务器/客户端模式等）、DO 相关（状态、上电状态、工作模式电平/脉冲——对应 [[fr-012-do-pulse-level-control-mode|FR-012]]、脉冲宽度）、DI 相关（当前值、正/负脉冲有效状态、脉冲计数、电平变化计数、滤波器参数、自动清零）。"	"IO 模块的寄存器布局定义为 JSON 格式的可配置""模块类型模板""（如按型号命名），而不是把某一具体型号的寄存器地址写死在代码里。模板需完整覆盖真实设备说明书里的寄存器表——模块信息类（MAC 地址、设备型号、版本号）、网络配置类（IP、端口、子网掩码、网关、服务器/客户端模式等）、DO 相关（状态、上电状态、工作模式电平/脉冲——对应 [[fr-012-do-pulse-level-control-mode|FR-012]]、脉冲宽度）、DI 相关（当前值、正/负脉冲有效状态、脉冲计数、电平变化计数、滤波器参数、自动清零）。"	"9357fd9ccf937a2fc07caa0399993c13c14b3fffa12827781abffc2219a52bb3"	"embedded-vendor-derived-claim"	"review-planning-source-without-verifiable-approval-chain"	"excluded-vendor-material-and-derived-register-content"	"vendor-content-out-of-scope-evidence-only"	"document-route:R10-candidate; unit-kind:markdown-paragraph; source-document-class:SIM-REQ + VENDOR; ledger-history:H-U; see R10 Git history, derivation and status-correction groups"	"SCOPE-R10-001,GAP-R10-001"	"not-approved"	"out-of-scope-by-user-direction;do-not-use-as-current-baseline-external-constraint;named-approver;approval-date;approved-scope;version-or-sha256-binding"
"R10-A0580"	"R10"	"R10-16"	"slots-simulator/docs/01-requirements/fr-013-configurable-register-table-template.md"	"2924ae0dd72144ac024c03f65b8ce4c74b03f8b24cbdf03f1bf17d2ce004a6e7"	"line 20"	"FR-013 可配置寄存器表模板与 DO/DI 数量上限 > Description 需求描述"	"首个模板以 [reference/C2000-A2-KDDA0A0-AD6_寄存器表.md](../reference/C2000-A2-KDDA0A0-AD6_寄存器表.md) 为依据建立。"	"首个模板以 [reference/C2000-A2-KDDA0A0-AD6_寄存器表.md](../reference/C2000-A2-KDDA0A0-AD6_寄存器表.md) 为依据建立。模板中声明的 DO 数量与 DI 数量，是该型号模块的硬性上限：仓位的 DO/DI 点位映射（[[fr-001-configurable-slot-count-and-io-mapping|FR-001]]）不能指向超出模板范围的通道。"	"1d77b8178f597e9d3a3034e4cd6c753d42ba16f82ecd947cfe8b148726603c8a"	"embedded-vendor-derived-claim"	"review-planning-source-without-verifiable-approval-chain"	"excluded-vendor-material-and-derived-register-content"	"vendor-content-out-of-scope-evidence-only"	"document-route:R10-candidate; unit-kind:markdown-paragraph; source-document-class:SIM-REQ + VENDOR; ledger-history:H-U; see R10 Git history, derivation and status-correction groups"	"SCOPE-R10-001"	"not-approved"	"out-of-scope-by-user-direction;do-not-use-as-current-baseline-external-constraint;named-approver;approval-date;approved-scope;version-or-sha256-binding"
"R10-A0581"	"R10"	"R10-16"	"slots-simulator/docs/01-requirements/fr-013-configurable-register-table-template.md"	"2924ae0dd72144ac024c03f65b8ce4c74b03f8b24cbdf03f1bf17d2ce004a6e7"	"line 20"	"FR-013 可配置寄存器表模板与 DO/DI 数量上限 > Description 需求描述"	"模板中声明的 DO 数量与 DI 数量，是该型号模块的硬性上限：仓位的 DO/DI 点位映射（[[fr-001-configurable-slot-count-and-io-mapping|FR-001]]）不能指向超出模板范围的通道。"	"首个模板以 [reference/C2000-A2-KDDA0A0-AD6_寄存器表.md](../reference/C2000-A2-KDDA0A0-AD6_寄存器表.md) 为依据建立。模板中声明的 DO 数量与 DI 数量，是该型号模块的硬性上限：仓位的 DO/DI 点位映射（[[fr-001-configurable-slot-count-and-io-mapping|FR-001]]）不能指向超出模板范围的通道。"	"0873b3a3b06d01efdf7e10ba09ff31110a8cae77113c907b9e86b7399dfc708f"	"simulator-configuration-or-validation-candidate"	"review-planning-source-without-verifiable-approval-chain"	"slots-simulator-configuration-layout-and-module-topology"	"needs-simulator-product-owner-and-explicit-approval"	"document-route:R10-candidate; unit-kind:markdown-paragraph; source-document-class:SIM-REQ + VENDOR; ledger-history:H-U; see R10 Git history, derivation and status-correction groups"	"SCOPE-R10-001"	"not-approved"	"simulator-product-owner;approved-tool-scope-source;named-approver;approval-date;approved-scope;version-or-sha256-binding"
"R10-A0582"	"R10"	"R10-16"	"slots-simulator/docs/01-requirements/fr-013-configurable-register-table-template.md"	"2924ae0dd72144ac024c03f65b8ce4c74b03f8b24cbdf03f1bf17d2ce004a6e7"	"line 22"	"FR-013 可配置寄存器表模板与 DO/DI 数量上限 > Description 需求描述"	"只有 DO 当前值、DI 当前值、DO 工作模式和 DO 脉冲宽度具有模拟动态语义。"	"只有 DO 当前值、DI 当前值、DO 工作模式和 DO 脉冲宽度具有模拟动态语义。模板中其余 RW 寄存器按权限和数据范围支持写入后读回保存值，但不触发网络重绑定、计数、滤波、自动清零或其他设备副作用；其余 RO 寄存器始终返回模板或模块实例覆盖的值。特别地，""DO 上电状态""寄存器组只保存 RW 值，不驱动模拟器的启动或 reset；该关系详见 [[dr-015-do-power-on-state-vs-reset|DR-015]]。"	"cc2fb177ace7bf8e09b910d2b37610affdd3e919b337d67c2b07c815bbb4495c"	"simulator-interface-or-protocol-behavior-candidate"	"review-planning-source-without-verifiable-approval-chain"	"slots-simulator-test-control-and-modbus-interface"	"needs-simulator-interface-owner-and-explicit-approval"	"document-route:R10-candidate; unit-kind:markdown-paragraph; source-document-class:SIM-REQ + VENDOR; ledger-history:H-U; see R10 Git history, derivation and status-correction groups"	"SCOPE-R10-001"	"not-approved"	"simulator-interface-owner;complete-versioned-interface-or-protocol-contract;named-approver;approval-date;approved-scope;version-or-sha256-binding"
"R10-A0583"	"R10"	"R10-16"	"slots-simulator/docs/01-requirements/fr-013-configurable-register-table-template.md"	"2924ae0dd72144ac024c03f65b8ce4c74b03f8b24cbdf03f1bf17d2ce004a6e7"	"line 22"	"FR-013 可配置寄存器表模板与 DO/DI 数量上限 > Description 需求描述"	"模板中其余 RW 寄存器按权限和数据范围支持写入后读回保存值，但不触发网络重绑定、计数、滤波、自动清零或其他设备副作用；"	"只有 DO 当前值、DI 当前值、DO 工作模式和 DO 脉冲宽度具有模拟动态语义。模板中其余 RW 寄存器按权限和数据范围支持写入后读回保存值，但不触发网络重绑定、计数、滤波、自动清零或其他设备副作用；其余 RO 寄存器始终返回模板或模块实例覆盖的值。特别地，""DO 上电状态""寄存器组只保存 RW 值，不驱动模拟器的启动或 reset；该关系详见 [[dr-015-do-power-on-state-vs-reset|DR-015]]。"	"c733c2d715128c7f8f43ae4ec126398031f5f8600a62db51d1522d9230523af1"	"simulator-configuration-or-validation-candidate"	"review-planning-source-without-verifiable-approval-chain"	"slots-simulator-configuration-layout-and-module-topology"	"needs-simulator-product-owner-and-explicit-approval"	"document-route:R10-candidate; unit-kind:markdown-paragraph; source-document-class:SIM-REQ + VENDOR; ledger-history:H-U; see R10 Git history, derivation and status-correction groups"	"SCOPE-R10-001"	"not-approved"	"simulator-product-owner;approved-tool-scope-source;named-approver;approval-date;approved-scope;version-or-sha256-binding"
"R10-A0584"	"R10"	"R10-16"	"slots-simulator/docs/01-requirements/fr-013-configurable-register-table-template.md"	"2924ae0dd72144ac024c03f65b8ce4c74b03f8b24cbdf03f1bf17d2ce004a6e7"	"line 22"	"FR-013 可配置寄存器表模板与 DO/DI 数量上限 > Description 需求描述"	"其余 RO 寄存器始终返回模板或模块实例覆盖的值。"	"只有 DO 当前值、DI 当前值、DO 工作模式和 DO 脉冲宽度具有模拟动态语义。模板中其余 RW 寄存器按权限和数据范围支持写入后读回保存值，但不触发网络重绑定、计数、滤波、自动清零或其他设备副作用；其余 RO 寄存器始终返回模板或模块实例覆盖的值。特别地，""DO 上电状态""寄存器组只保存 RW 值，不驱动模拟器的启动或 reset；该关系详见 [[dr-015-do-power-on-state-vs-reset|DR-015]]。"	"48090f9dfb4fd76cb72b33275044ff4976c9daea344f3ee0e902be4cbee9441c"	"simulator-configuration-or-validation-candidate"	"review-planning-source-without-verifiable-approval-chain"	"slots-simulator-configuration-layout-and-module-topology"	"needs-simulator-product-owner-and-explicit-approval"	"document-route:R10-candidate; unit-kind:markdown-paragraph; source-document-class:SIM-REQ + VENDOR; ledger-history:H-U; see R10 Git history, derivation and status-correction groups"	"SCOPE-R10-001"	"not-approved"	"simulator-product-owner;approved-tool-scope-source;named-approver;approval-date;approved-scope;version-or-sha256-binding"
"R10-A0585"	"R10"	"R10-16"	"slots-simulator/docs/01-requirements/fr-013-configurable-register-table-template.md"	"2924ae0dd72144ac024c03f65b8ce4c74b03f8b24cbdf03f1bf17d2ce004a6e7"	"line 22"	"FR-013 可配置寄存器表模板与 DO/DI 数量上限 > Description 需求描述"	"特别地，""DO 上电状态""寄存器组只保存 RW 值，不驱动模拟器的启动或 reset；"	"只有 DO 当前值、DI 当前值、DO 工作模式和 DO 脉冲宽度具有模拟动态语义。模板中其余 RW 寄存器按权限和数据范围支持写入后读回保存值，但不触发网络重绑定、计数、滤波、自动清零或其他设备副作用；其余 RO 寄存器始终返回模板或模块实例覆盖的值。特别地，""DO 上电状态""寄存器组只保存 RW 值，不驱动模拟器的启动或 reset；该关系详见 [[dr-015-do-power-on-state-vs-reset|DR-015]]。"	"389cdfdf7eba5e0b470ad30a811d1e599318b8bf8484f4eefdbeb85af8da441c"	"simulator-testability-or-operability-candidate"	"review-planning-source-without-verifiable-approval-chain"	"slots-simulator-development-test-tool-only"	"needs-simulator-product-owner-and-explicit-approval"	"document-route:R10-candidate; unit-kind:markdown-paragraph; source-document-class:SIM-REQ + VENDOR; ledger-history:H-U; see R10 Git history, derivation and status-correction groups"	"SCOPE-R10-001"	"not-approved"	"simulator-product-owner;approved-tool-scope-source;named-approver;approval-date;approved-scope;version-or-sha256-binding"
"R10-A0586"	"R10"	"R10-16"	"slots-simulator/docs/01-requirements/fr-013-configurable-register-table-template.md"	"2924ae0dd72144ac024c03f65b8ce4c74b03f8b24cbdf03f1bf17d2ce004a6e7"	"line 22"	"FR-013 可配置寄存器表模板与 DO/DI 数量上限 > Description 需求描述"	"该关系详见 [[dr-015-do-power-on-state-vs-reset|DR-015]]。"	"只有 DO 当前值、DI 当前值、DO 工作模式和 DO 脉冲宽度具有模拟动态语义。模板中其余 RW 寄存器按权限和数据范围支持写入后读回保存值，但不触发网络重绑定、计数、滤波、自动清零或其他设备副作用；其余 RO 寄存器始终返回模板或模块实例覆盖的值。特别地，""DO 上电状态""寄存器组只保存 RW 值，不驱动模拟器的启动或 reset；该关系详见 [[dr-015-do-power-on-state-vs-reset|DR-015]]。"	"e6ebdee5cb556576bb6e8c0c2208a5a8d6a5fec5fb7563fcab31be73b0eae2a9"	"simulator-testability-or-operability-candidate"	"review-planning-source-without-verifiable-approval-chain"	"slots-simulator-development-test-tool-only"	"needs-simulator-product-owner-and-explicit-approval"	"document-route:R10-candidate; unit-kind:markdown-paragraph; source-document-class:SIM-REQ + VENDOR; ledger-history:H-U; see R10 Git history, derivation and status-correction groups"	"SCOPE-R10-001"	"not-approved"	"simulator-product-owner;approved-tool-scope-source;named-approver;approval-date;approved-scope;version-or-sha256-binding"
"R10-A0587"	"R10"	"R10-16"	"slots-simulator/docs/01-requirements/fr-013-configurable-register-table-template.md"	"2924ae0dd72144ac024c03f65b8ce4c74b03f8b24cbdf03f1bf17d2ce004a6e7"	"line 26"	"FR-013 可配置寄存器表模板与 DO/DI 数量上限 > Origin 需求来源"	"用户提供了真实 IO 模块（康耐德 C2000-A2-KDDA0A0-AD6）的完整寄存器表文档，确认寄存器位置是固定的、且模块的 DO/DI 数量有限（16 个 DO、16 个 DI）。"	"用户提供了真实 IO 模块（康耐德 C2000-A2-KDDA0A0-AD6）的完整寄存器表文档，确认寄存器位置是固定的、且模块的 DO/DI 数量有限（16 个 DO、16 个 DI）。设计判断（做成可配置模板、完整还原整份寄存器表、DO/DI 数量作为硬性上限）详见 [[dr-011-full-register-table-fidelity|DR-011]]。"	"a693108665750c1af694e468e5e3db499fa5928d4cc655df44d1af82fba00cb7"	"source-origin-background-or-traceability-evidence"	"review-planning-source-without-verifiable-approval-chain"	"slots-simulator-development-test-tool-only"	"source-or-traceability-evidence-only"	"document-route:R10-candidate; unit-kind:markdown-paragraph; source-document-class:SIM-REQ + VENDOR; ledger-history:H-U; see R10 Git history, derivation and status-correction groups"	"SCOPE-R10-001"	"not-approved"	"evidence-only-not-an-approval-unit;named-approver;approval-date;approved-scope;version-or-sha256-binding"
"R10-A0588"	"R10"	"R10-16"	"slots-simulator/docs/01-requirements/fr-013-configurable-register-table-template.md"	"2924ae0dd72144ac024c03f65b8ce4c74b03f8b24cbdf03f1bf17d2ce004a6e7"	"line 26"	"FR-013 可配置寄存器表模板与 DO/DI 数量上限 > Origin 需求来源"	"设计判断（做成可配置模板、完整还原整份寄存器表、DO/DI 数量作为硬性上限）详见 [[dr-011-full-register-table-fidelity|DR-011]]。"	"用户提供了真实 IO 模块（康耐德 C2000-A2-KDDA0A0-AD6）的完整寄存器表文档，确认寄存器位置是固定的、且模块的 DO/DI 数量有限（16 个 DO、16 个 DI）。设计判断（做成可配置模板、完整还原整份寄存器表、DO/DI 数量作为硬性上限）详见 [[dr-011-full-register-table-fidelity|DR-011]]。"	"b23959de506e43fdb1013860ecd27e02a2fae51d57e95b130d8481930ba66c16"	"source-origin-background-or-traceability-evidence"	"review-planning-source-without-verifiable-approval-chain"	"slots-simulator-development-test-tool-only"	"source-or-traceability-evidence-only"	"document-route:R10-candidate; unit-kind:markdown-paragraph; source-document-class:SIM-REQ + VENDOR; ledger-history:H-U; see R10 Git history, derivation and status-correction groups"	"SCOPE-R10-001"	"not-approved"	"evidence-only-not-an-approval-unit;named-approver;approval-date;approved-scope;version-or-sha256-binding"
"R10-A0589"	"R10"	"R10-16"	"slots-simulator/docs/01-requirements/fr-013-configurable-register-table-template.md"	"2924ae0dd72144ac024c03f65b8ce4c74b03f8b24cbdf03f1bf17d2ce004a6e7"	"line 30"	"FR-013 可配置寄存器表模板与 DO/DI 数量上限 > Acceptance Criteria 验收标准"	"寄存器表以 JSON 模板提供（而不是写死在代码常量里），修改/新增模板不需要改代码；"	"寄存器表以 JSON 模板提供（而不是写死在代码常量里），修改/新增模板不需要改代码；提供模板 JSON Schema 和覆盖首个硬件模板全部字段的完整示例。"	"9a8d42c3d0d2a8d5ef0057c6431392a86d2b133772792b384bc3481ee9f07792"	"simulator-configuration-or-validation-candidate"	"review-planning-source-without-verifiable-approval-chain"	"slots-simulator-configuration-layout-and-module-topology"	"needs-simulator-product-owner-and-explicit-approval"	"document-route:R10-candidate; unit-kind:markdown-flow-or-list-item; source-document-class:SIM-REQ + VENDOR; ledger-history:H-U; see R10 Git history, derivation and status-correction groups"	"SCOPE-R10-001"	"not-approved"	"simulator-product-owner;approved-tool-scope-source;named-approver;approval-date;approved-scope;version-or-sha256-binding"
"R10-A0590"	"R10"	"R10-16"	"slots-simulator/docs/01-requirements/fr-013-configurable-register-table-template.md"	"2924ae0dd72144ac024c03f65b8ce4c74b03f8b24cbdf03f1bf17d2ce004a6e7"	"line 30"	"FR-013 可配置寄存器表模板与 DO/DI 数量上限 > Acceptance Criteria 验收标准"	"提供模板 JSON Schema 和覆盖首个硬件模板全部字段的完整示例。"	"寄存器表以 JSON 模板提供（而不是写死在代码常量里），修改/新增模板不需要改代码；提供模板 JSON Schema 和覆盖首个硬件模板全部字段的完整示例。"	"ecfa42ae1d889d6932cc84e2acd46cafab56aaceb8184b1531b1b95650a513f5"	"embedded-simulator-technical-design-choice"	"review-planning-source-without-verifiable-approval-chain"	"slots-simulator-development-test-tool-only"	"exclude-from-requirement-approval"	"document-route:R10-candidate; unit-kind:markdown-flow-or-list-item; source-document-class:SIM-REQ + VENDOR; ledger-history:H-U; see R10 Git history, derivation and status-correction groups"	"SCOPE-R10-001"	"not-approved"	"separate-technical-design-review;approved-simulator-behavior-source-if-mechanism-is-mandatory;named-approver;approval-date;approved-scope;version-or-sha256-binding"
"R10-A0591"	"R10"	"R10-16"	"slots-simulator/docs/01-requirements/fr-013-configurable-register-table-template.md"	"2924ae0dd72144ac024c03f65b8ce4c74b03f8b24cbdf03f1bf17d2ce004a6e7"	"line 31"	"FR-013 可配置寄存器表模板与 DO/DI 数量上限 > Acceptance Criteria 验收标准"	"模板及实例配置可由 WPF 完整编辑并保存；"	"模板及实例配置可由 WPF 完整编辑并保存；保存成功后立即热重载。启动和热重载执行相同的 JSON Schema 与业务规则严格校验；失败时分别拒绝启动或原子拒绝变更。"	"e052fc5fa0ecf7208bc72fc2c1111187a84c77baf505e7118e841ef86e980bd3"	"embedded-simulator-technical-design-choice"	"review-planning-source-without-verifiable-approval-chain"	"slots-simulator-development-test-tool-only"	"exclude-from-requirement-approval"	"document-route:R10-candidate; unit-kind:markdown-flow-or-list-item; source-document-class:SIM-REQ + VENDOR; ledger-history:H-U; see R10 Git history, derivation and status-correction groups"	"SCOPE-R10-001"	"not-approved"	"separate-technical-design-review;approved-simulator-behavior-source-if-mechanism-is-mandatory;named-approver;approval-date;approved-scope;version-or-sha256-binding"
"R10-A0592"	"R10"	"R10-16"	"slots-simulator/docs/01-requirements/fr-013-configurable-register-table-template.md"	"2924ae0dd72144ac024c03f65b8ce4c74b03f8b24cbdf03f1bf17d2ce004a6e7"	"line 31"	"FR-013 可配置寄存器表模板与 DO/DI 数量上限 > Acceptance Criteria 验收标准"	"保存成功后立即热重载。"	"模板及实例配置可由 WPF 完整编辑并保存；保存成功后立即热重载。启动和热重载执行相同的 JSON Schema 与业务规则严格校验；失败时分别拒绝启动或原子拒绝变更。"	"4395cbc763d399cc1a9bb7c0a545b3f55989d8756ef9ee00cb15b4ff5b9b6373"	"embedded-simulator-technical-design-choice"	"review-planning-source-without-verifiable-approval-chain"	"slots-simulator-development-test-tool-only"	"exclude-from-requirement-approval"	"document-route:R10-candidate; unit-kind:markdown-flow-or-list-item; source-document-class:SIM-REQ + VENDOR; ledger-history:H-U; see R10 Git history, derivation and status-correction groups"	"SCOPE-R10-001"	"not-approved"	"separate-technical-design-review;approved-simulator-behavior-source-if-mechanism-is-mandatory;named-approver;approval-date;approved-scope;version-or-sha256-binding"
"R10-A0593"	"R10"	"R10-16"	"slots-simulator/docs/01-requirements/fr-013-configurable-register-table-template.md"	"2924ae0dd72144ac024c03f65b8ce4c74b03f8b24cbdf03f1bf17d2ce004a6e7"	"line 31"	"FR-013 可配置寄存器表模板与 DO/DI 数量上限 > Acceptance Criteria 验收标准"	"启动和热重载执行相同的 JSON Schema 与业务规则严格校验；"	"模板及实例配置可由 WPF 完整编辑并保存；保存成功后立即热重载。启动和热重载执行相同的 JSON Schema 与业务规则严格校验；失败时分别拒绝启动或原子拒绝变更。"	"da5cc60b2a2409cbb464eb39333468b2f646259683713b7e9ead5e62fd1942c3"	"embedded-simulator-technical-design-choice"	"review-planning-source-without-verifiable-approval-chain"	"slots-simulator-development-test-tool-only"	"exclude-from-requirement-approval"	"document-route:R10-candidate; unit-kind:markdown-flow-or-list-item; source-document-class:SIM-REQ + VENDOR; ledger-history:H-U; see R10 Git history, derivation and status-correction groups"	"SCOPE-R10-001"	"not-approved"	"separate-technical-design-review;approved-simulator-behavior-source-if-mechanism-is-mandatory;named-approver;approval-date;approved-scope;version-or-sha256-binding"
"R10-A0594"	"R10"	"R10-16"	"slots-simulator/docs/01-requirements/fr-013-configurable-register-table-template.md"	"2924ae0dd72144ac024c03f65b8ce4c74b03f8b24cbdf03f1bf17d2ce004a6e7"	"line 31"	"FR-013 可配置寄存器表模板与 DO/DI 数量上限 > Acceptance Criteria 验收标准"	"失败时分别拒绝启动或原子拒绝变更。"	"模板及实例配置可由 WPF 完整编辑并保存；保存成功后立即热重载。启动和热重载执行相同的 JSON Schema 与业务规则严格校验；失败时分别拒绝启动或原子拒绝变更。"	"91fe6c2716414b8085ef5f2992bf39cc6b4f86c938ce04b0981f11ba540dfac1"	"simulator-configuration-or-validation-candidate"	"review-planning-source-without-verifiable-approval-chain"	"slots-simulator-configuration-layout-and-module-topology"	"needs-simulator-product-owner-and-explicit-approval"	"document-route:R10-candidate; unit-kind:markdown-flow-or-list-item; source-document-class:SIM-REQ + VENDOR; ledger-history:H-U; see R10 Git history, derivation and status-correction groups"	"SCOPE-R10-001"	"not-approved"	"simulator-product-owner;approved-tool-scope-source;named-approver;approval-date;approved-scope;version-or-sha256-binding"
"R10-A0595"	"R10"	"R10-16"	"slots-simulator/docs/01-requirements/fr-013-configurable-register-table-template.md"	"2924ae0dd72144ac024c03f65b8ce4c74b03f8b24cbdf03f1bf17d2ce004a6e7"	"line 32"	"FR-013 可配置寄存器表模板与 DO/DI 数量上限 > Acceptance Criteria 验收标准"	"模板需完整覆盖来源说明书里列出的每一类寄存器（地址、个数、权限、数据范围/说明、适用功能码）。"	"模板需完整覆盖来源说明书里列出的每一类寄存器（地址、个数、权限、数据范围/说明、适用功能码）。"	"6c98097eb67c475ae34011bb246014ee3c7fed464f7d3c88c0058ba6812b97a8"	"embedded-vendor-derived-claim"	"review-planning-source-without-verifiable-approval-chain"	"excluded-vendor-material-and-derived-register-content"	"vendor-content-out-of-scope-evidence-only"	"document-route:R10-candidate; unit-kind:markdown-flow-or-list-item; source-document-class:SIM-REQ + VENDOR; ledger-history:H-U; see R10 Git history, derivation and status-correction groups"	"SCOPE-R10-001,GAP-R10-001"	"not-approved"	"out-of-scope-by-user-direction;do-not-use-as-current-baseline-external-constraint;named-approver;approval-date;approved-scope;version-or-sha256-binding"
"R10-A0596"	"R10"	"R10-16"	"slots-simulator/docs/01-requirements/fr-013-configurable-register-table-template.md"	"2924ae0dd72144ac024c03f65b8ce4c74b03f8b24cbdf03f1bf17d2ce004a6e7"	"line 33"	"FR-013 可配置寄存器表模板与 DO/DI 数量上限 > Acceptance Criteria 验收标准"	"模板中定义的 DO 数量、DI 数量是明确的非负整数（如 16、16）；"	"模板中定义的 DO 数量、DI 数量是明确的非负整数（如 16、16）；模拟器不额外设置固定通道总数上限，但每个模块实例严格受其模板声明的硬件通道数约束。"	"d15cbcb20f0f21463c6c10c37fd7dfa738fdcaf7eae7bcb736415d89d8a59c65"	"simulator-configuration-or-validation-candidate"	"review-planning-source-without-verifiable-approval-chain"	"slots-simulator-configuration-layout-and-module-topology"	"needs-simulator-product-owner-and-explicit-approval"	"document-route:R10-candidate; unit-kind:markdown-flow-or-list-item; source-document-class:SIM-REQ + VENDOR; ledger-history:H-U; see R10 Git history, derivation and status-correction groups"	"SCOPE-R10-001"	"not-approved"	"simulator-product-owner;approved-tool-scope-source;named-approver;approval-date;approved-scope;version-or-sha256-binding"
"R10-A0597"	"R10"	"R10-16"	"slots-simulator/docs/01-requirements/fr-013-configurable-register-table-template.md"	"2924ae0dd72144ac024c03f65b8ce4c74b03f8b24cbdf03f1bf17d2ce004a6e7"	"line 33"	"FR-013 可配置寄存器表模板与 DO/DI 数量上限 > Acceptance Criteria 验收标准"	"模拟器不额外设置固定通道总数上限，但每个模块实例严格受其模板声明的硬件通道数约束。"	"模板中定义的 DO 数量、DI 数量是明确的非负整数（如 16、16）；模拟器不额外设置固定通道总数上限，但每个模块实例严格受其模板声明的硬件通道数约束。"	"84ce4dbe17258ca27982f60817898c3988394446626bee70286ade7405d09187"	"simulator-configuration-or-validation-candidate"	"review-planning-source-without-verifiable-approval-chain"	"slots-simulator-configuration-layout-and-module-topology"	"needs-simulator-product-owner-and-explicit-approval"	"document-route:R10-candidate; unit-kind:markdown-flow-or-list-item; source-document-class:SIM-REQ + VENDOR; ledger-history:H-U; see R10 Git history, derivation and status-correction groups"	"SCOPE-R10-001"	"not-approved"	"simulator-product-owner;approved-tool-scope-source;named-approver;approval-date;approved-scope;version-or-sha256-binding"
"R10-A0598"	"R10"	"R10-16"	"slots-simulator/docs/01-requirements/fr-013-configurable-register-table-template.md"	"2924ae0dd72144ac024c03f65b8ce4c74b03f8b24cbdf03f1bf17d2ce004a6e7"	"line 34"	"FR-013 可配置寄存器表模板与 DO/DI 数量上限 > Acceptance Criteria 验收标准"	"仓位 IO 点位映射（[[fr-001-configurable-slot-count-and-io-mapping|FR-001]]）引用某个模块通道时，若通道序号超出该模块所套用模板声明的 DO/DI 数量，视为配置错误，需要有明确的报错/拒绝行为，不能静默接受。"	"仓位 IO 点位映射（[[fr-001-configurable-slot-count-and-io-mapping|FR-001]]）引用某个模块通道时，若通道序号超出该模块所套用模板声明的 DO/DI 数量，视为配置错误，需要有明确的报错/拒绝行为，不能静默接受。"	"d8f5538d9997e1812c24c6cb90febd29f1c790dfab64a85b2a2be17120d77c2a"	"simulator-configuration-or-validation-candidate"	"review-planning-source-without-verifiable-approval-chain"	"slots-simulator-configuration-layout-and-module-topology"	"needs-simulator-product-owner-and-explicit-approval"	"document-route:R10-candidate; unit-kind:markdown-flow-or-list-item; source-document-class:SIM-REQ + VENDOR; ledger-history:H-U; see R10 Git history, derivation and status-correction groups"	"SCOPE-R10-001"	"not-approved"	"simulator-product-owner;approved-tool-scope-source;named-approver;approval-date;approved-scope;version-or-sha256-binding"
"R10-A0599"	"R10"	"R10-16"	"slots-simulator/docs/01-requirements/fr-013-configurable-register-table-template.md"	"2924ae0dd72144ac024c03f65b8ce4c74b03f8b24cbdf03f1bf17d2ce004a6e7"	"line 35"	"FR-013 可配置寄存器表模板与 DO/DI 数量上限 > Acceptance Criteria 验收标准"	"模板严格校验寄存器地址与数量合法、地址区间不重叠、权限与适用功能码一致、默认值位于数据范围内，并校验 DO/DI/模式/脉宽寄存器组与声明通道数一致；"	"模板严格校验寄存器地址与数量合法、地址区间不重叠、权限与适用功能码一致、默认值位于数据范围内，并校验 DO/DI/模式/脉宽寄存器组与声明通道数一致；错误包含模板和字段路径。"	"93d60a22e072de66d4cdf4dafe3c7b33472237b829e0f7d8e56d63593c234667"	"simulator-configuration-or-validation-candidate"	"review-planning-source-without-verifiable-approval-chain"	"slots-simulator-configuration-layout-and-module-topology"	"needs-simulator-product-owner-and-explicit-approval"	"document-route:R10-candidate; unit-kind:markdown-flow-or-list-item; source-document-class:SIM-REQ + VENDOR; ledger-history:H-U; see R10 Git history, derivation and status-correction groups"	"SCOPE-R10-001,GAP-R10-001"	"not-approved"	"simulator-product-owner;approved-tool-scope-source;named-approver;approval-date;approved-scope;version-or-sha256-binding"
"R10-A0600"	"R10"	"R10-16"	"slots-simulator/docs/01-requirements/fr-013-configurable-register-table-template.md"	"2924ae0dd72144ac024c03f65b8ce4c74b03f8b24cbdf03f1bf17d2ce004a6e7"	"line 35"	"FR-013 可配置寄存器表模板与 DO/DI 数量上限 > Acceptance Criteria 验收标准"	"错误包含模板和字段路径。"	"模板严格校验寄存器地址与数量合法、地址区间不重叠、权限与适用功能码一致、默认值位于数据范围内，并校验 DO/DI/模式/脉宽寄存器组与声明通道数一致；错误包含模板和字段路径。"	"5fd8ae092b6bd3b74d963153bb54700a340accd8ace07ed5db0b855cd5c2504e"	"simulator-configuration-or-validation-candidate"	"review-planning-source-without-verifiable-approval-chain"	"slots-simulator-configuration-layout-and-module-topology"	"needs-simulator-product-owner-and-explicit-approval"	"document-route:R10-candidate; unit-kind:markdown-flow-or-list-item; source-document-class:SIM-REQ + VENDOR; ledger-history:H-U; see R10 Git history, derivation and status-correction groups"	"SCOPE-R10-001"	"not-approved"	"simulator-product-owner;approved-tool-scope-source;named-approver;approval-date;approved-scope;version-or-sha256-binding"
"R10-A0601"	"R10"	"R10-16"	"slots-simulator/docs/01-requirements/fr-013-configurable-register-table-template.md"	"2924ae0dd72144ac024c03f65b8ce4c74b03f8b24cbdf03f1bf17d2ce004a6e7"	"line 36"	"FR-013 可配置寄存器表模板与 DO/DI 数量上限 > Acceptance Criteria 验收标准"	"仅 DO 当前值、DI 当前值、DO 工作模式、DO 脉冲宽度参与运行时动态行为；"	"仅 DO 当前值、DI 当前值、DO 工作模式、DO 脉冲宽度参与运行时动态行为；其中工作模式和脉宽的权威性、热重载与 reset 规则由 [[fr-012-do-pulse-level-control-mode|FR-012]] 定义。"	"6791339a38673f328b43414d7d39fc7a398cfbe461536f28d13d257521066f3c"	"simulator-interface-or-protocol-behavior-candidate"	"review-planning-source-without-verifiable-approval-chain"	"slots-simulator-test-control-and-modbus-interface"	"needs-simulator-interface-owner-and-explicit-approval"	"document-route:R10-candidate; unit-kind:markdown-flow-or-list-item; source-document-class:SIM-REQ + VENDOR; ledger-history:H-U; see R10 Git history, derivation and status-correction groups"	"SCOPE-R10-001"	"not-approved"	"simulator-interface-owner;complete-versioned-interface-or-protocol-contract;named-approver;approval-date;approved-scope;version-or-sha256-binding"
"R10-A0602"	"R10"	"R10-16"	"slots-simulator/docs/01-requirements/fr-013-configurable-register-table-template.md"	"2924ae0dd72144ac024c03f65b8ce4c74b03f8b24cbdf03f1bf17d2ce004a6e7"	"line 36"	"FR-013 可配置寄存器表模板与 DO/DI 数量上限 > Acceptance Criteria 验收标准"	"其中工作模式和脉宽的权威性、热重载与 reset 规则由 [[fr-012-do-pulse-level-control-mode|FR-012]] 定义。"	"仅 DO 当前值、DI 当前值、DO 工作模式、DO 脉冲宽度参与运行时动态行为；其中工作模式和脉宽的权威性、热重载与 reset 规则由 [[fr-012-do-pulse-level-control-mode|FR-012]] 定义。"	"7734bf02c1cf7f8cb3120122d317e3b3495b8307995d29d9e45a6b96df334470"	"embedded-simulator-technical-design-choice"	"review-planning-source-without-verifiable-approval-chain"	"slots-simulator-development-test-tool-only"	"exclude-from-requirement-approval"	"document-route:R10-candidate; unit-kind:markdown-flow-or-list-item; source-document-class:SIM-REQ + VENDOR; ledger-history:H-U; see R10 Git history, derivation and status-correction groups"	"SCOPE-R10-001"	"not-approved"	"separate-technical-design-review;approved-simulator-behavior-source-if-mechanism-is-mandatory;named-approver;approval-date;approved-scope;version-or-sha256-binding"
"R10-A0603"	"R10"	"R10-16"	"slots-simulator/docs/01-requirements/fr-013-configurable-register-table-template.md"	"2924ae0dd72144ac024c03f65b8ce4c74b03f8b24cbdf03f1bf17d2ce004a6e7"	"line 37"	"FR-013 可配置寄存器表模板与 DO/DI 数量上限 > Acceptance Criteria 验收标准"	"除上述四类动态寄存器外，RW 寄存器仅校验、保存并读回写入值，不产生模拟副作用；"	"除上述四类动态寄存器外，RW 寄存器仅校验、保存并读回写入值，不产生模拟副作用；RO 寄存器拒绝写入并返回模板默认值或模块实例覆盖值。"	"f4e6dde926e6fab9b8715b1731278beb9f66e9fab9d5d0168c35d7755be3ff89"	"simulator-configuration-or-validation-candidate"	"review-planning-source-without-verifiable-approval-chain"	"slots-simulator-configuration-layout-and-module-topology"	"needs-simulator-product-owner-and-explicit-approval"	"document-route:R10-candidate; unit-kind:markdown-flow-or-list-item; source-document-class:SIM-REQ + VENDOR; ledger-history:H-U; see R10 Git history, derivation and status-correction groups"	"SCOPE-R10-001"	"not-approved"	"simulator-product-owner;approved-tool-scope-source;named-approver;approval-date;approved-scope;version-or-sha256-binding"
"R10-A0604"	"R10"	"R10-16"	"slots-simulator/docs/01-requirements/fr-013-configurable-register-table-template.md"	"2924ae0dd72144ac024c03f65b8ce4c74b03f8b24cbdf03f1bf17d2ce004a6e7"	"line 37"	"FR-013 可配置寄存器表模板与 DO/DI 数量上限 > Acceptance Criteria 验收标准"	"RO 寄存器拒绝写入并返回模板默认值或模块实例覆盖值。"	"除上述四类动态寄存器外，RW 寄存器仅校验、保存并读回写入值，不产生模拟副作用；RO 寄存器拒绝写入并返回模板默认值或模块实例覆盖值。"	"61b029eae2b5e3d569ac68652db949f607b54a88e9dc9fdd84d9ce0f871d9774"	"simulator-configuration-or-validation-candidate"	"review-planning-source-without-verifiable-approval-chain"	"slots-simulator-configuration-layout-and-module-topology"	"needs-simulator-product-owner-and-explicit-approval"	"document-route:R10-candidate; unit-kind:markdown-flow-or-list-item; source-document-class:SIM-REQ + VENDOR; ledger-history:H-U; see R10 Git history, derivation and status-correction groups"	"SCOPE-R10-001"	"not-approved"	"simulator-product-owner;approved-tool-scope-source;named-approver;approval-date;approved-scope;version-or-sha256-binding"
"R10-A0605"	"R10"	"R10-16"	"slots-simulator/docs/01-requirements/fr-013-configurable-register-table-template.md"	"2924ae0dd72144ac024c03f65b8ce4c74b03f8b24cbdf03f1bf17d2ce004a6e7"	"line 38"	"FR-013 可配置寄存器表模板与 DO/DI 数量上限 > Acceptance Criteria 验收标准"	"热重载对寄存器地址、权限、数量或端点拓扑的修改必须原子应用；"	"热重载对寄存器地址、权限、数量或端点拓扑的修改必须原子应用；无法安全应用时整次拒绝并保持所有模块的上一有效模板与服务状态。"	"f3fb0c0a9850c7449aba3ed2e7ea5a563ba1bd1b90c3a3aa83aaae8ea4aad7da"	"embedded-simulator-technical-design-choice"	"review-planning-source-without-verifiable-approval-chain"	"slots-simulator-development-test-tool-only"	"exclude-from-requirement-approval"	"document-route:R10-candidate; unit-kind:markdown-flow-or-list-item; source-document-class:SIM-REQ + VENDOR; ledger-history:H-U; see R10 Git history, derivation and status-correction groups"	"SCOPE-R10-001,GAP-R10-001"	"not-approved"	"separate-technical-design-review;approved-simulator-behavior-source-if-mechanism-is-mandatory;named-approver;approval-date;approved-scope;version-or-sha256-binding"
"R10-A0606"	"R10"	"R10-16"	"slots-simulator/docs/01-requirements/fr-013-configurable-register-table-template.md"	"2924ae0dd72144ac024c03f65b8ce4c74b03f8b24cbdf03f1bf17d2ce004a6e7"	"line 38"	"FR-013 可配置寄存器表模板与 DO/DI 数量上限 > Acceptance Criteria 验收标准"	"无法安全应用时整次拒绝并保持所有模块的上一有效模板与服务状态。"	"热重载对寄存器地址、权限、数量或端点拓扑的修改必须原子应用；无法安全应用时整次拒绝并保持所有模块的上一有效模板与服务状态。"	"f53df097464956b7fc6383467b9ca113e1068af2e4d88320e83a2146511e7d8c"	"simulator-configuration-or-validation-candidate"	"review-planning-source-without-verifiable-approval-chain"	"slots-simulator-configuration-layout-and-module-topology"	"needs-simulator-product-owner-and-explicit-approval"	"document-route:R10-candidate; unit-kind:markdown-flow-or-list-item; source-document-class:SIM-REQ + VENDOR; ledger-history:H-U; see R10 Git history, derivation and status-correction groups"	"SCOPE-R10-001"	"not-approved"	"simulator-product-owner;approved-tool-scope-source;named-approver;approval-date;approved-scope;version-or-sha256-binding"
"R10-A0607"	"R10"	"R10-16"	"slots-simulator/docs/01-requirements/fr-013-configurable-register-table-template.md"	"2924ae0dd72144ac024c03f65b8ce4c74b03f8b24cbdf03f1bf17d2ce004a6e7"	"line 42"	"FR-013 可配置寄存器表模板与 DO/DI 数量上限 > Related Use Case 关联用例"	"无直接对应，属于模拟器还原真实硬件寄存器布局的需求。"	"无直接对应，属于模拟器还原真实硬件寄存器布局的需求。"	"53a55a4b12a85349e41e813c62b9b81d3a3b2a01d0537508039bb9d41df6a73b"	"source-origin-background-or-traceability-evidence"	"review-planning-source-without-verifiable-approval-chain"	"slots-simulator-development-test-tool-only"	"source-or-traceability-evidence-only"	"document-route:R10-candidate; unit-kind:markdown-paragraph; source-document-class:SIM-REQ + VENDOR; ledger-history:H-U; see R10 Git history, derivation and status-correction groups"	"SCOPE-R10-001"	"not-approved"	"evidence-only-not-an-approval-unit;named-approver;approval-date;approved-scope;version-or-sha256-binding"
"R10-A0608"	"R10"	"R10-16"	"slots-simulator/docs/01-requirements/fr-013-configurable-register-table-template.md"	"2924ae0dd72144ac024c03f65b8ce4c74b03f8b24cbdf03f1bf17d2ce004a6e7"	"line 46"	"FR-013 可配置寄存器表模板与 DO/DI 数量上限 > Verification 验证方式"	"**TC-FR-013-001（编号预留）**"	"**TC-FR-013-001（编号预留）**"	"f9d57deda5360791eb276175e1ab84eff318f9c3d1c6f1788d3d23b1e1a62729"	"reserved-verification-plan-evidence"	"review-planning-source-without-verifiable-approval-chain"	"slots-simulator-development-test-tool-only"	"test-plan-evidence-only"	"document-route:R10-candidate; unit-kind:markdown-flow-or-list-item; source-document-class:SIM-REQ + VENDOR; ledger-history:H-U; see R10 Git history, derivation and status-correction groups"	"SCOPE-R10-001"	"not-approved"	"evidence-only-not-an-approval-unit;named-approver;approval-date;approved-scope;version-or-sha256-binding"
"R10-A0609"	"R10"	"R10-16"	"slots-simulator/docs/01-requirements/fr-013-configurable-register-table-template.md"	"2924ae0dd72144ac024c03f65b8ce4c74b03f8b24cbdf03f1bf17d2ce004a6e7"	"line 47"	"FR-013 可配置寄存器表模板与 DO/DI 数量上限 > Verification 验证方式"	"**Given** 首个硬件模板的完整 JSON 示例"	"**Given** 首个硬件模板的完整 JSON 示例"	"864ef459119402e1ccc48b8d47026dcd8b4e6d0ad5027f399b83e79a68c3d57a"	"reserved-verification-plan-evidence"	"review-planning-source-without-verifiable-approval-chain"	"slots-simulator-development-test-tool-only"	"test-plan-evidence-only"	"document-route:R10-candidate; unit-kind:markdown-flow-or-list-item; source-document-class:SIM-REQ + VENDOR; ledger-history:H-U; see R10 Git history, derivation and status-correction groups"	"SCOPE-R10-001"	"not-approved"	"evidence-only-not-an-approval-unit;named-approver;approval-date;approved-scope;version-or-sha256-binding"
"R10-A0610"	"R10"	"R10-16"	"slots-simulator/docs/01-requirements/fr-013-configurable-register-table-template.md"	"2924ae0dd72144ac024c03f65b8ce4c74b03f8b24cbdf03f1bf17d2ce004a6e7"	"line 48"	"FR-013 可配置寄存器表模板与 DO/DI 数量上限 > Verification 验证方式"	"**When** 按 JSON Schema 和业务规则加载模板"	"**When** 按 JSON Schema 和业务规则加载模板"	"f4cfeef9e197cca067de27448262bc14295e886df10d2137ee4bf3609a45ae1a"	"reserved-verification-plan-evidence"	"review-planning-source-without-verifiable-approval-chain"	"slots-simulator-development-test-tool-only"	"test-plan-evidence-only"	"document-route:R10-candidate; unit-kind:markdown-flow-or-list-item; source-document-class:SIM-REQ + VENDOR; ledger-history:H-U; see R10 Git history, derivation and status-correction groups"	"SCOPE-R10-001"	"not-approved"	"evidence-only-not-an-approval-unit;named-approver;approval-date;approved-scope;version-or-sha256-binding"
"R10-A0611"	"R10"	"R10-16"	"slots-simulator/docs/01-requirements/fr-013-configurable-register-table-template.md"	"2924ae0dd72144ac024c03f65b8ce4c74b03f8b24cbdf03f1bf17d2ce004a6e7"	"line 49"	"FR-013 可配置寄存器表模板与 DO/DI 数量上限 > Verification 验证方式"	"**Then** 每类说明书寄存器均可按声明地址、权限和功能码访问"	"**Then** 每类说明书寄存器均可按声明地址、权限和功能码访问"	"ccb6ebb4dc4ff003c08393b7bb9ec685e5c638055b057c556e865846112bff9e"	"reserved-verification-plan-evidence"	"review-planning-source-without-verifiable-approval-chain"	"slots-simulator-development-test-tool-only"	"test-plan-evidence-only"	"document-route:R10-candidate; unit-kind:markdown-flow-or-list-item; source-document-class:SIM-REQ + VENDOR; ledger-history:H-U; see R10 Git history, derivation and status-correction groups"	"SCOPE-R10-001,GAP-R10-001"	"not-approved"	"evidence-only-not-an-approval-unit;named-approver;approval-date;approved-scope;version-or-sha256-binding"
"R10-A0612"	"R10"	"R10-16"	"slots-simulator/docs/01-requirements/fr-013-configurable-register-table-template.md"	"2924ae0dd72144ac024c03f65b8ce4c74b03f8b24cbdf03f1bf17d2ce004a6e7"	"line 50"	"FR-013 可配置寄存器表模板与 DO/DI 数量上限 > Verification 验证方式"	"**TC-FR-013-002（编号预留）**"	"**TC-FR-013-002（编号预留）**"	"bb584188f4ea074f71834518cb9e494c7026c365f725dae82b1db3caf0641b98"	"reserved-verification-plan-evidence"	"review-planning-source-without-verifiable-approval-chain"	"slots-simulator-development-test-tool-only"	"test-plan-evidence-only"	"document-route:R10-candidate; unit-kind:markdown-flow-or-list-item; source-document-class:SIM-REQ + VENDOR; ledger-history:H-U; see R10 Git history, derivation and status-correction groups"	"SCOPE-R10-001"	"not-approved"	"evidence-only-not-an-approval-unit;named-approver;approval-date;approved-scope;version-or-sha256-binding"
"R10-A0613"	"R10"	"R10-16"	"slots-simulator/docs/01-requirements/fr-013-configurable-register-table-template.md"	"2924ae0dd72144ac024c03f65b8ce4c74b03f8b24cbdf03f1bf17d2ce004a6e7"	"line 51"	"FR-013 可配置寄存器表模板与 DO/DI 数量上限 > Verification 验证方式"	"**Given** 模板存在地址区间重叠、默认值越界或动态寄存器组数量与通道数不一致"	"**Given** 模板存在地址区间重叠、默认值越界或动态寄存器组数量与通道数不一致"	"2592274d1f9639e2a7fc6848a02332ee5f1f11f1de7212178bc31f0ab99ffa9a"	"reserved-verification-plan-evidence"	"review-planning-source-without-verifiable-approval-chain"	"slots-simulator-development-test-tool-only"	"test-plan-evidence-only"	"document-route:R10-candidate; unit-kind:markdown-flow-or-list-item; source-document-class:SIM-REQ + VENDOR; ledger-history:H-U; see R10 Git history, derivation and status-correction groups"	"SCOPE-R10-001,GAP-R10-001"	"not-approved"	"evidence-only-not-an-approval-unit;named-approver;approval-date;approved-scope;version-or-sha256-binding"
"R10-A0614"	"R10"	"R10-16"	"slots-simulator/docs/01-requirements/fr-013-configurable-register-table-template.md"	"2924ae0dd72144ac024c03f65b8ce4c74b03f8b24cbdf03f1bf17d2ce004a6e7"	"line 52"	"FR-013 可配置寄存器表模板与 DO/DI 数量上限 > Verification 验证方式"	"**When** 启动或热重载该模板"	"**When** 启动或热重载该模板"	"3b7bef0bdb60290d554dc70e675cf1054a287761176dce0646abb7a61bfaa696"	"reserved-verification-plan-evidence"	"review-planning-source-without-verifiable-approval-chain"	"slots-simulator-development-test-tool-only"	"test-plan-evidence-only"	"document-route:R10-candidate; unit-kind:markdown-flow-or-list-item; source-document-class:SIM-REQ + VENDOR; ledger-history:H-U; see R10 Git history, derivation and status-correction groups"	"SCOPE-R10-001"	"not-approved"	"evidence-only-not-an-approval-unit;named-approver;approval-date;approved-scope;version-or-sha256-binding"
"R10-A0615"	"R10"	"R10-16"	"slots-simulator/docs/01-requirements/fr-013-configurable-register-table-template.md"	"2924ae0dd72144ac024c03f65b8ce4c74b03f8b24cbdf03f1bf17d2ce004a6e7"	"line 53"	"FR-013 可配置寄存器表模板与 DO/DI 数量上限 > Verification 验证方式"	"**Then** 配置被整体拒绝并返回模板及字段路径，运行中的实例不发生部分变化"	"**Then** 配置被整体拒绝并返回模板及字段路径，运行中的实例不发生部分变化"	"592d2edc9cc96f99d52e840fcbc283cb0c63f968b09bbff33c504e0456d8821e"	"reserved-verification-plan-evidence"	"review-planning-source-without-verifiable-approval-chain"	"slots-simulator-development-test-tool-only"	"test-plan-evidence-only"	"document-route:R10-candidate; unit-kind:markdown-flow-or-list-item; source-document-class:SIM-REQ + VENDOR; ledger-history:H-U; see R10 Git history, derivation and status-correction groups"	"SCOPE-R10-001"	"not-approved"	"evidence-only-not-an-approval-unit;named-approver;approval-date;approved-scope;version-or-sha256-binding"
"R10-A0616"	"R10"	"R10-16"	"slots-simulator/docs/01-requirements/fr-013-configurable-register-table-template.md"	"2924ae0dd72144ac024c03f65b8ce4c74b03f8b24cbdf03f1bf17d2ce004a6e7"	"line 54"	"FR-013 可配置寄存器表模板与 DO/DI 数量上限 > Verification 验证方式"	"**TC-FR-013-003（编号预留）**"	"**TC-FR-013-003（编号预留）**"	"a26815e28ac0ee61f71ac5f1ea2222f609396b77a9b89dd3fdfd723c3e279047"	"reserved-verification-plan-evidence"	"review-planning-source-without-verifiable-approval-chain"	"slots-simulator-development-test-tool-only"	"test-plan-evidence-only"	"document-route:R10-candidate; unit-kind:markdown-flow-or-list-item; source-document-class:SIM-REQ + VENDOR; ledger-history:H-U; see R10 Git history, derivation and status-correction groups"	"SCOPE-R10-001"	"not-approved"	"evidence-only-not-an-approval-unit;named-approver;approval-date;approved-scope;version-or-sha256-binding"
"R10-A0617"	"R10"	"R10-16"	"slots-simulator/docs/01-requirements/fr-013-configurable-register-table-template.md"	"2924ae0dd72144ac024c03f65b8ce4c74b03f8b24cbdf03f1bf17d2ce004a6e7"	"line 55"	"FR-013 可配置寄存器表模板与 DO/DI 数量上限 > Verification 验证方式"	"**Given** 一个非动态 RW 寄存器和一个 RO 寄存器"	"**Given** 一个非动态 RW 寄存器和一个 RO 寄存器"	"9d7ed0f3592d79696fcca0cd0c25d7c3375bbf9c989c472c34c69c78ad87d898"	"reserved-verification-plan-evidence"	"review-planning-source-without-verifiable-approval-chain"	"slots-simulator-development-test-tool-only"	"test-plan-evidence-only"	"document-route:R10-candidate; unit-kind:markdown-flow-or-list-item; source-document-class:SIM-REQ + VENDOR; ledger-history:H-U; see R10 Git history, derivation and status-correction groups"	"SCOPE-R10-001"	"not-approved"	"evidence-only-not-an-approval-unit;named-approver;approval-date;approved-scope;version-or-sha256-binding"
"R10-A0618"	"R10"	"R10-16"	"slots-simulator/docs/01-requirements/fr-013-configurable-register-table-template.md"	"2924ae0dd72144ac024c03f65b8ce4c74b03f8b24cbdf03f1bf17d2ce004a6e7"	"line 56"	"FR-013 可配置寄存器表模板与 DO/DI 数量上限 > Verification 验证方式"	"**When** 分别执行合法写入"	"**When** 分别执行合法写入"	"856c297c7fb0febb2b58553747c4c1de02a2c7bb7ef9d4439a3793b209d464dd"	"reserved-verification-plan-evidence"	"review-planning-source-without-verifiable-approval-chain"	"slots-simulator-development-test-tool-only"	"test-plan-evidence-only"	"document-route:R10-candidate; unit-kind:markdown-flow-or-list-item; source-document-class:SIM-REQ + VENDOR; ledger-history:H-U; see R10 Git history, derivation and status-correction groups"	"SCOPE-R10-001"	"not-approved"	"evidence-only-not-an-approval-unit;named-approver;approval-date;approved-scope;version-or-sha256-binding"
"R10-A0619"	"R10"	"R10-16"	"slots-simulator/docs/01-requirements/fr-013-configurable-register-table-template.md"	"2924ae0dd72144ac024c03f65b8ce4c74b03f8b24cbdf03f1bf17d2ce004a6e7"	"line 57"	"FR-013 可配置寄存器表模板与 DO/DI 数量上限 > Verification 验证方式"	"**Then** RW 值被保存并可读回但不产生副作用，RO 写入被拒绝且读取仍返回模板或实例值"	"**Then** RW 值被保存并可读回但不产生副作用，RO 写入被拒绝且读取仍返回模板或实例值"	"f51dcf5d5d3fafa39d6ff0e5b2b7da361958f2863c462352cc7fc3dd257a6c2a"	"reserved-verification-plan-evidence"	"review-planning-source-without-verifiable-approval-chain"	"slots-simulator-development-test-tool-only"	"test-plan-evidence-only"	"document-route:R10-candidate; unit-kind:markdown-flow-or-list-item; source-document-class:SIM-REQ + VENDOR; ledger-history:H-U; see R10 Git history, derivation and status-correction groups"	"SCOPE-R10-001"	"not-approved"	"evidence-only-not-an-approval-unit;named-approver;approval-date;approved-scope;version-or-sha256-binding"
"R10-A0620"	"R10"	"R10-16"	"slots-simulator/docs/01-requirements/fr-013-configurable-register-table-template.md"	"2924ae0dd72144ac024c03f65b8ce4c74b03f8b24cbdf03f1bf17d2ce004a6e7"	"line 58"	"FR-013 可配置寄存器表模板与 DO/DI 数量上限 > Verification 验证方式"	"**TC-FR-013-004（编号预留）**"	"**TC-FR-013-004（编号预留）**"	"8a0a0b4bbd7d56db25a2897e61e263a587f5da6fdb102294daff178f18013758"	"reserved-verification-plan-evidence"	"review-planning-source-without-verifiable-approval-chain"	"slots-simulator-development-test-tool-only"	"test-plan-evidence-only"	"document-route:R10-candidate; unit-kind:markdown-flow-or-list-item; source-document-class:SIM-REQ + VENDOR; ledger-history:H-U; see R10 Git history, derivation and status-correction groups"	"SCOPE-R10-001"	"not-approved"	"evidence-only-not-an-approval-unit;named-approver;approval-date;approved-scope;version-or-sha256-binding"
"R10-A0621"	"R10"	"R10-16"	"slots-simulator/docs/01-requirements/fr-013-configurable-register-table-template.md"	"2924ae0dd72144ac024c03f65b8ce4c74b03f8b24cbdf03f1bf17d2ce004a6e7"	"line 59"	"FR-013 可配置寄存器表模板与 DO/DI 数量上限 > Verification 验证方式"	"**Given** 仓位映射引用超出模块模板 DO/DI 数量的通道"	"**Given** 仓位映射引用超出模块模板 DO/DI 数量的通道"	"66833f748859823262b0ba44ec5aaa30b227a45f037a673abde07a0fa5f70c4f"	"reserved-verification-plan-evidence"	"review-planning-source-without-verifiable-approval-chain"	"slots-simulator-development-test-tool-only"	"test-plan-evidence-only"	"document-route:R10-candidate; unit-kind:markdown-flow-or-list-item; source-document-class:SIM-REQ + VENDOR; ledger-history:H-U; see R10 Git history, derivation and status-correction groups"	"SCOPE-R10-001"	"not-approved"	"evidence-only-not-an-approval-unit;named-approver;approval-date;approved-scope;version-or-sha256-binding"
"R10-A0622"	"R10"	"R10-16"	"slots-simulator/docs/01-requirements/fr-013-configurable-register-table-template.md"	"2924ae0dd72144ac024c03f65b8ce4c74b03f8b24cbdf03f1bf17d2ce004a6e7"	"line 60"	"FR-013 可配置寄存器表模板与 DO/DI 数量上限 > Verification 验证方式"	"**When** 启动或热重载配置"	"**When** 启动或热重载配置"	"61e385f0a3f1c6ba7c7a028992c02dcdb47e4f0f51e0027d2785307a0af2625b"	"reserved-verification-plan-evidence"	"review-planning-source-without-verifiable-approval-chain"	"slots-simulator-development-test-tool-only"	"test-plan-evidence-only"	"document-route:R10-candidate; unit-kind:markdown-flow-or-list-item; source-document-class:SIM-REQ + VENDOR; ledger-history:H-U; see R10 Git history, derivation and status-correction groups"	"SCOPE-R10-001"	"not-approved"	"evidence-only-not-an-approval-unit;named-approver;approval-date;approved-scope;version-or-sha256-binding"
"R10-A0623"	"R10"	"R10-16"	"slots-simulator/docs/01-requirements/fr-013-configurable-register-table-template.md"	"2924ae0dd72144ac024c03f65b8ce4c74b03f8b24cbdf03f1bf17d2ce004a6e7"	"line 61"	"FR-013 可配置寄存器表模板与 DO/DI 数量上限 > Verification 验证方式"	"**Then** 配置被拒绝，错误指出模块、点位和允许的通道范围"	"**Then** 配置被拒绝，错误指出模块、点位和允许的通道范围"	"028d3dc0e4d13761aa98cec23d0487bbc68c72bd53bed02c48d85a62a47811fa"	"reserved-verification-plan-evidence"	"review-planning-source-without-verifiable-approval-chain"	"slots-simulator-development-test-tool-only"	"test-plan-evidence-only"	"document-route:R10-candidate; unit-kind:markdown-flow-or-list-item; source-document-class:SIM-REQ + VENDOR; ledger-history:H-U; see R10 Git history, derivation and status-correction groups"	"SCOPE-R10-001"	"not-approved"	"evidence-only-not-an-approval-unit;named-approver;approval-date;approved-scope;version-or-sha256-binding"
"R10-A0624"	"R10"	"R10-16"	"slots-simulator/docs/01-requirements/fr-013-configurable-register-table-template.md"	"2924ae0dd72144ac024c03f65b8ce4c74b03f8b24cbdf03f1bf17d2ce004a6e7"	"line 62"	"FR-013 可配置寄存器表模板与 DO/DI 数量上限 > Verification 验证方式"	"**TC-FR-013-005（编号预留）**"	"**TC-FR-013-005（编号预留）**"	"fffe6690bd8510c52980b54b23d2c5ded11095eaffd3e78ccb917cac46b690b5"	"reserved-verification-plan-evidence"	"review-planning-source-without-verifiable-approval-chain"	"slots-simulator-development-test-tool-only"	"test-plan-evidence-only"	"document-route:R10-candidate; unit-kind:markdown-flow-or-list-item; source-document-class:SIM-REQ + VENDOR; ledger-history:H-U; see R10 Git history, derivation and status-correction groups"	"SCOPE-R10-001"	"not-approved"	"evidence-only-not-an-approval-unit;named-approver;approval-date;approved-scope;version-or-sha256-binding"
"R10-A0625"	"R10"	"R10-16"	"slots-simulator/docs/01-requirements/fr-013-configurable-register-table-template.md"	"2924ae0dd72144ac024c03f65b8ce4c74b03f8b24cbdf03f1bf17d2ce004a6e7"	"line 63"	"FR-013 可配置寄存器表模板与 DO/DI 数量上限 > Verification 验证方式"	"**Given** 模板内 DO/DI 通道数合法且系统资源足够"	"**Given** 模板内 DO/DI 通道数合法且系统资源足够"	"299b7640a07b4acf787c4cdffbf0d0d33a3b2df4ae26d2b77989f783ba9ea3fd"	"reserved-verification-plan-evidence"	"review-planning-source-without-verifiable-approval-chain"	"slots-simulator-development-test-tool-only"	"test-plan-evidence-only"	"document-route:R10-candidate; unit-kind:markdown-flow-or-list-item; source-document-class:SIM-REQ + VENDOR; ledger-history:H-U; see R10 Git history, derivation and status-correction groups"	"SCOPE-R10-001"	"not-approved"	"evidence-only-not-an-approval-unit;named-approver;approval-date;approved-scope;version-or-sha256-binding"
"R10-A0626"	"R10"	"R10-16"	"slots-simulator/docs/01-requirements/fr-013-configurable-register-table-template.md"	"2924ae0dd72144ac024c03f65b8ce4c74b03f8b24cbdf03f1bf17d2ce004a6e7"	"line 64"	"FR-013 可配置寄存器表模板与 DO/DI 数量上限 > Verification 验证方式"	"**When** 配置任意数量的模块实例以扩展总通道数"	"**When** 配置任意数量的模块实例以扩展总通道数"	"bbd4d603320124e13a897aef84284376b454e5dc51ff17c7515d7f51c40af9f9"	"reserved-verification-plan-evidence"	"review-planning-source-without-verifiable-approval-chain"	"slots-simulator-development-test-tool-only"	"test-plan-evidence-only"	"document-route:R10-candidate; unit-kind:markdown-flow-or-list-item; source-document-class:SIM-REQ + VENDOR; ledger-history:H-U; see R10 Git history, derivation and status-correction groups"	"SCOPE-R10-001"	"not-approved"	"evidence-only-not-an-approval-unit;named-approver;approval-date;approved-scope;version-or-sha256-binding"
"R10-A0627"	"R10"	"R10-16"	"slots-simulator/docs/01-requirements/fr-013-configurable-register-table-template.md"	"2924ae0dd72144ac024c03f65b8ce4c74b03f8b24cbdf03f1bf17d2ce004a6e7"	"line 65"	"FR-013 可配置寄存器表模板与 DO/DI 数量上限 > Verification 验证方式"	"**Then** 模拟器不施加固定总通道数上限，每个实例仍严格遵守自身模板上限"	"**Then** 模拟器不施加固定总通道数上限，每个实例仍严格遵守自身模板上限"	"ff1bfc5325df71c8a767a3ce462d40b4982fc95360b88ae72081e543c8bcd3d1"	"reserved-verification-plan-evidence"	"review-planning-source-without-verifiable-approval-chain"	"slots-simulator-development-test-tool-only"	"test-plan-evidence-only"	"document-route:R10-candidate; unit-kind:markdown-flow-or-list-item; source-document-class:SIM-REQ + VENDOR; ledger-history:H-U; see R10 Git history, derivation and status-correction groups"	"SCOPE-R10-001"	"not-approved"	"evidence-only-not-an-approval-unit;named-approver;approval-date;approved-scope;version-or-sha256-binding"
"R10-A0628"	"R10"	"R10-16"	"slots-simulator/docs/01-requirements/fr-013-configurable-register-table-template.md"	"2924ae0dd72144ac024c03f65b8ce4c74b03f8b24cbdf03f1bf17d2ce004a6e7"	"line 69"	"FR-013 可配置寄存器表模板与 DO/DI 数量上限 > Related 关联"	"[[fr-001-configurable-slot-count-and-io-mapping|FR-001]]（点位映射引用本 FR 定义的模板与硬件通道上限）、[[fr-005-modbus-tcp-slave-protocol|FR-005]]（协议权限与功能码）、[[fr-010-automation-test-infrastructure|FR-010]]（reset）、[[fr-011-configurable-slot-layout|FR-011]]（统一 JSON、Schema、WPF 编辑和热重载能力）、[[fr-012-do-pulse-level-control-mode|FR-012]]（DO 工作模式与脉宽动态语义）、[[fr-014-multi-io-module-simulation|FR-014]]（每个模块实例套用一份模板）、[[dr-005-modbus-protocol-fidelity|DR-005]]、[[dr-011-full-register-table-fidelity|DR-011]]、[[dr-015-do-power-on-state-vs-reset|DR-015]]。"	"[[fr-001-configurable-slot-count-and-io-mapping|FR-001]]（点位映射引用本 FR 定义的模板与硬件通道上限）、[[fr-005-modbus-tcp-slave-protocol|FR-005]]（协议权限与功能码）、[[fr-010-automation-test-infrastructure|FR-010]]（reset）、[[fr-011-configurable-slot-layout|FR-011]]（统一 JSON、Schema、WPF 编辑和热重载能力）、[[fr-012-do-pulse-level-control-mode|FR-012]]（DO 工作模式与脉宽动态语义）、[[fr-014-multi-io-module-simulation|FR-014]]（每个模块实例套用一份模板）、[[dr-005-modbus-protocol-fidelity|DR-005]]、[[dr-011-full-register-table-fidelity|DR-011]]、[[dr-015-do-power-on-state-vs-reset|DR-015]]。"	"92a023d8e2a743140d186a9457f7dc945bd1d93b544424cea1ffd4555aba03bd"	"source-origin-background-or-traceability-evidence"	"review-planning-source-without-verifiable-approval-chain"	"slots-simulator-development-test-tool-only"	"source-or-traceability-evidence-only"	"document-route:R10-candidate; unit-kind:markdown-paragraph; source-document-class:SIM-REQ + VENDOR; ledger-history:H-U; see R10 Git history, derivation and status-correction groups"	"SCOPE-R10-001,GAP-R10-001"	"not-approved"	"evidence-only-not-an-approval-unit;named-approver;approval-date;approved-scope;version-or-sha256-binding"
"R10-A0629"	"R10"	"R10-17"	"slots-simulator/docs/01-requirements/fr-014-multi-io-module-simulation.md"	"1712993bf188132e53b8edd15ed07b5769c399a75439e9015d7aecd4a8fa370c"	"line 18"	"FR-014 多 IO 模块实例模拟 > Description 需求描述"	"一个模拟器进程实例（一台 AGV）可以配置模拟多个物理 IO 模块；"	"一个模拟器进程实例（一台 AGV）可以配置模拟多个物理 IO 模块；所有模块同进程运行，但每个模块各自拥有独立状态和独立 Modbus TCP 服务端点（监听地址/端口），套用某一份 [[fr-013-configurable-register-table-template|FR-013]] 定义的寄存器表模板。仓位的 DO/DI 点位映射采用""模块实例 + 模块内通道序号""两级寻址。"	"01da923e75665a645d417c6d961d4dabb4475e89ac2615f6c35ef4194071138e"	"embedded-simulator-technical-design-choice"	"review-planning-source-without-verifiable-approval-chain"	"slots-simulator-development-test-tool-only"	"exclude-from-requirement-approval"	"document-route:R10-candidate; unit-kind:markdown-paragraph; source-document-class:SIM-REQ + MAIN-LEAD; ledger-history:H-U; see R10 Git history, derivation and status-correction groups"	"EVID-R10-001"	"not-approved"	"separate-technical-design-review;approved-simulator-behavior-source-if-mechanism-is-mandatory;named-approver;approval-date;approved-scope;version-or-sha256-binding"
"R10-A0630"	"R10"	"R10-17"	"slots-simulator/docs/01-requirements/fr-014-multi-io-module-simulation.md"	"1712993bf188132e53b8edd15ed07b5769c399a75439e9015d7aecd4a8fa370c"	"line 18"	"FR-014 多 IO 模块实例模拟 > Description 需求描述"	"所有模块同进程运行，但每个模块各自拥有独立状态和独立 Modbus TCP 服务端点（监听地址/端口），套用某一份 [[fr-013-configurable-register-table-template|FR-013]] 定义的寄存器表模板。"	"一个模拟器进程实例（一台 AGV）可以配置模拟多个物理 IO 模块；所有模块同进程运行，但每个模块各自拥有独立状态和独立 Modbus TCP 服务端点（监听地址/端口），套用某一份 [[fr-013-configurable-register-table-template|FR-013]] 定义的寄存器表模板。仓位的 DO/DI 点位映射采用""模块实例 + 模块内通道序号""两级寻址。"	"02d40b16aa28635957314ca6ad1e78f7d85abace5e9e7131dddd21c1d7dc83cf"	"simulator-configuration-or-validation-candidate"	"review-planning-source-without-verifiable-approval-chain"	"slots-simulator-configuration-layout-and-module-topology"	"needs-simulator-product-owner-and-explicit-approval"	"document-route:R10-candidate; unit-kind:markdown-paragraph; source-document-class:SIM-REQ + MAIN-LEAD; ledger-history:H-U; see R10 Git history, derivation and status-correction groups"	"SCOPE-R10-001,GAP-R10-001"	"not-approved"	"simulator-product-owner;approved-tool-scope-source;named-approver;approval-date;approved-scope;version-or-sha256-binding"
"R10-A0631"	"R10"	"R10-17"	"slots-simulator/docs/01-requirements/fr-014-multi-io-module-simulation.md"	"1712993bf188132e53b8edd15ed07b5769c399a75439e9015d7aecd4a8fa370c"	"line 18"	"FR-014 多 IO 模块实例模拟 > Description 需求描述"	"仓位的 DO/DI 点位映射采用""模块实例 + 模块内通道序号""两级寻址。"	"一个模拟器进程实例（一台 AGV）可以配置模拟多个物理 IO 模块；所有模块同进程运行，但每个模块各自拥有独立状态和独立 Modbus TCP 服务端点（监听地址/端口），套用某一份 [[fr-013-configurable-register-table-template|FR-013]] 定义的寄存器表模板。仓位的 DO/DI 点位映射采用""模块实例 + 模块内通道序号""两级寻址。"	"8569ed8883a25170aff4249293f7d3ada75fe5de53b0919b96bf63d7f9c8413f"	"simulator-configuration-or-validation-candidate"	"review-planning-source-without-verifiable-approval-chain"	"slots-simulator-configuration-layout-and-module-topology"	"needs-simulator-product-owner-and-explicit-approval"	"document-route:R10-candidate; unit-kind:markdown-paragraph; source-document-class:SIM-REQ + MAIN-LEAD; ledger-history:H-U; see R10 Git history, derivation and status-correction groups"	"none-found-within-r10-pass"	"not-approved"	"simulator-product-owner;approved-tool-scope-source;named-approver;approval-date;approved-scope;version-or-sha256-binding"
"R10-A0632"	"R10"	"R10-17"	"slots-simulator/docs/01-requirements/fr-014-multi-io-module-simulation.md"	"1712993bf188132e53b8edd15ed07b5769c399a75439e9015d7aecd4a8fa370c"	"line 20"	"FR-014 多 IO 模块实例模拟 > Description 需求描述"	"监听主机未配置时默认 `localhost`，避免开发模拟器意外暴露到外部网络；"	"监听主机未配置时默认 `localhost`，避免开发模拟器意外暴露到外部网络；需要远程访问时必须显式配置可监听地址。模拟器不设置固定模块数或仓位数上限，容量由可用系统资源及各硬件模板通道上限共同约束。"	"4af9d7f382d892c42461630835ef19e2f496931e12441c64e92733aaf644ee7c"	"embedded-simulator-technical-design-choice"	"review-planning-source-without-verifiable-approval-chain"	"slots-simulator-development-test-tool-only"	"exclude-from-requirement-approval"	"document-route:R10-candidate; unit-kind:markdown-paragraph; source-document-class:SIM-REQ + MAIN-LEAD; ledger-history:H-U; see R10 Git history, derivation and status-correction groups"	"none-found-within-r10-pass"	"not-approved"	"separate-technical-design-review;approved-simulator-behavior-source-if-mechanism-is-mandatory;named-approver;approval-date;approved-scope;version-or-sha256-binding"
"R10-A0633"	"R10"	"R10-17"	"slots-simulator/docs/01-requirements/fr-014-multi-io-module-simulation.md"	"1712993bf188132e53b8edd15ed07b5769c399a75439e9015d7aecd4a8fa370c"	"line 20"	"FR-014 多 IO 模块实例模拟 > Description 需求描述"	"需要远程访问时必须显式配置可监听地址。"	"监听主机未配置时默认 `localhost`，避免开发模拟器意外暴露到外部网络；需要远程访问时必须显式配置可监听地址。模拟器不设置固定模块数或仓位数上限，容量由可用系统资源及各硬件模板通道上限共同约束。"	"e6ea5555bbfc204a08e7f78b4b457809e4297e239ed18b7e8fd0665fae3888dc"	"simulator-configuration-or-validation-candidate"	"review-planning-source-without-verifiable-approval-chain"	"slots-simulator-configuration-layout-and-module-topology"	"needs-simulator-product-owner-and-explicit-approval"	"document-route:R10-candidate; unit-kind:markdown-paragraph; source-document-class:SIM-REQ + MAIN-LEAD; ledger-history:H-U; see R10 Git history, derivation and status-correction groups"	"GAP-R10-001"	"not-approved"	"simulator-product-owner;approved-tool-scope-source;named-approver;approval-date;approved-scope;version-or-sha256-binding"
"R10-A0634"	"R10"	"R10-17"	"slots-simulator/docs/01-requirements/fr-014-multi-io-module-simulation.md"	"1712993bf188132e53b8edd15ed07b5769c399a75439e9015d7aecd4a8fa370c"	"line 20"	"FR-014 多 IO 模块实例模拟 > Description 需求描述"	"模拟器不设置固定模块数或仓位数上限，容量由可用系统资源及各硬件模板通道上限共同约束。"	"监听主机未配置时默认 `localhost`，避免开发模拟器意外暴露到外部网络；需要远程访问时必须显式配置可监听地址。模拟器不设置固定模块数或仓位数上限，容量由可用系统资源及各硬件模板通道上限共同约束。"	"f496be69c2d05ec2dfe0bb0c39bdc82dba5b8fa96e3cfd219df825e7d5e69ddb"	"simulator-configuration-or-validation-candidate"	"review-planning-source-without-verifiable-approval-chain"	"slots-simulator-configuration-layout-and-module-topology"	"needs-simulator-product-owner-and-explicit-approval"	"document-route:R10-candidate; unit-kind:markdown-paragraph; source-document-class:SIM-REQ + MAIN-LEAD; ledger-history:H-U; see R10 Git history, derivation and status-correction groups"	"none-found-within-r10-pass"	"not-approved"	"simulator-product-owner;approved-tool-scope-source;named-approver;approval-date;approved-scope;version-or-sha256-binding"
"R10-A0635"	"R10"	"R10-17"	"slots-simulator/docs/01-requirements/fr-014-multi-io-module-simulation.md"	"1712993bf188132e53b8edd15ed07b5769c399a75439e9015d7aecd4a8fa370c"	"line 22"	"FR-014 多 IO 模块实例模拟 > Description 需求描述"	"背景：一台 AGV 的实际仓位数量会超过单个 IO 模块 16 DO/16 DI 的容量，现场需要用多个物理 IO 模块才能覆盖全部仓位，每个模块各自有自己的 IP（对应说明书里""服务器模式""）。"	"背景：一台 AGV 的实际仓位数量会超过单个 IO 模块 16 DO/16 DI 的容量，现场需要用多个物理 IO 模块才能覆盖全部仓位，每个模块各自有自己的 IP（对应说明书里""服务器模式""）。模拟器要按这个真实拓扑去模拟，而不是假装只有一个模块。"	"8eb85d7aac131308719d2a64011429a672308d9f3a98f7d17b3d92c5fa2f5063"	"source-origin-background-or-traceability-evidence"	"review-planning-source-without-verifiable-approval-chain"	"slots-simulator-development-test-tool-only"	"source-or-traceability-evidence-only"	"document-route:R10-candidate; unit-kind:markdown-paragraph; source-document-class:SIM-REQ + MAIN-LEAD; ledger-history:H-U; see R10 Git history, derivation and status-correction groups"	"EVID-R10-001,SCOPE-R10-001"	"not-approved"	"evidence-only-not-an-approval-unit;named-approver;approval-date;approved-scope;version-or-sha256-binding"
"R10-A0636"	"R10"	"R10-17"	"slots-simulator/docs/01-requirements/fr-014-multi-io-module-simulation.md"	"1712993bf188132e53b8edd15ed07b5769c399a75439e9015d7aecd4a8fa370c"	"line 22"	"FR-014 多 IO 模块实例模拟 > Description 需求描述"	"模拟器要按这个真实拓扑去模拟，而不是假装只有一个模块。"	"背景：一台 AGV 的实际仓位数量会超过单个 IO 模块 16 DO/16 DI 的容量，现场需要用多个物理 IO 模块才能覆盖全部仓位，每个模块各自有自己的 IP（对应说明书里""服务器模式""）。模拟器要按这个真实拓扑去模拟，而不是假装只有一个模块。"	"603ea11958b1dd8ce615ff0537e1444f33964830bad2b195d67bc07a7db0bdf3"	"simulator-capability-or-scope-candidate"	"review-planning-source-without-verifiable-approval-chain"	"slots-simulator-development-test-tool-only"	"needs-simulator-product-owner-and-explicit-approval"	"document-route:R10-candidate; unit-kind:markdown-paragraph; source-document-class:SIM-REQ + MAIN-LEAD; ledger-history:H-U; see R10 Git history, derivation and status-correction groups"	"none-found-within-r10-pass"	"not-approved"	"simulator-product-owner;approved-tool-scope-source;named-approver;approval-date;approved-scope;version-or-sha256-binding"
"R10-A0637"	"R10"	"R10-17"	"slots-simulator/docs/01-requirements/fr-014-multi-io-module-simulation.md"	"1712993bf188132e53b8edd15ed07b5769c399a75439e9015d7aecd4a8fa370c"	"line 26"	"FR-014 多 IO 模块实例模拟 > Origin 需求来源"	"用户澄清：已知实际仓位数量会超过单个 IO 模块的容量，现在就需要支持多个物理 IO 模块拼接模拟，不是以后再扩展。"	"用户澄清：已知实际仓位数量会超过单个 IO 模块的容量，现在就需要支持多个物理 IO 模块拼接模拟，不是以后再扩展。设计判断（现在就支持、与 [[dr-007-multi-agv-support|DR-007]] 的关系）详见 [[dr-012-multi-io-module-support|DR-012]]。"	"286da4c9b479d4cb09c236f24ac007270afa335e6ca3b60d3fcd18c05f8c25c5"	"source-origin-background-or-traceability-evidence"	"review-planning-source-without-verifiable-approval-chain"	"slots-simulator-development-test-tool-only"	"source-or-traceability-evidence-only"	"document-route:R10-candidate; unit-kind:markdown-paragraph; source-document-class:SIM-REQ + MAIN-LEAD; ledger-history:H-U; see R10 Git history, derivation and status-correction groups"	"EVID-R10-001"	"not-approved"	"evidence-only-not-an-approval-unit;named-approver;approval-date;approved-scope;version-or-sha256-binding"
"R10-A0638"	"R10"	"R10-17"	"slots-simulator/docs/01-requirements/fr-014-multi-io-module-simulation.md"	"1712993bf188132e53b8edd15ed07b5769c399a75439e9015d7aecd4a8fa370c"	"line 26"	"FR-014 多 IO 模块实例模拟 > Origin 需求来源"	"设计判断（现在就支持、与 [[dr-007-multi-agv-support|DR-007]] 的关系）详见 [[dr-012-multi-io-module-support|DR-012]]。"	"用户澄清：已知实际仓位数量会超过单个 IO 模块的容量，现在就需要支持多个物理 IO 模块拼接模拟，不是以后再扩展。设计判断（现在就支持、与 [[dr-007-multi-agv-support|DR-007]] 的关系）详见 [[dr-012-multi-io-module-support|DR-012]]。"	"083cd381cba53d60af340b5b7c18de698682023a20df4eb7cabbe7efaf72b4eb"	"source-origin-background-or-traceability-evidence"	"review-planning-source-without-verifiable-approval-chain"	"slots-simulator-development-test-tool-only"	"source-or-traceability-evidence-only"	"document-route:R10-candidate; unit-kind:markdown-paragraph; source-document-class:SIM-REQ + MAIN-LEAD; ledger-history:H-U; see R10 Git history, derivation and status-correction groups"	"none-found-within-r10-pass"	"not-approved"	"evidence-only-not-an-approval-unit;named-approver;approval-date;approved-scope;version-or-sha256-binding"
"R10-A0639"	"R10"	"R10-17"	"slots-simulator/docs/01-requirements/fr-014-multi-io-module-simulation.md"	"1712993bf188132e53b8edd15ed07b5769c399a75439e9015d7aecd4a8fa370c"	"line 30"	"FR-014 多 IO 模块实例模拟 > Acceptance Criteria 验收标准"	"JSON 配置可声明 N 个 IO 模块实例，每个实例指定唯一标识、监听地址/端口、套用的寄存器表模板；"	"JSON 配置可声明 N 个 IO 模块实例，每个实例指定唯一标识、监听地址/端口、套用的寄存器表模板；省略监听地址时使用 `localhost`。"	"3f2daadce10ad8c137a527bde74bb801715a41daf413dca85e0cdce11936cac0"	"simulator-configuration-or-validation-candidate"	"review-planning-source-without-verifiable-approval-chain"	"slots-simulator-configuration-layout-and-module-topology"	"needs-simulator-product-owner-and-explicit-approval"	"document-route:R10-candidate; unit-kind:markdown-flow-or-list-item; source-document-class:SIM-REQ + MAIN-LEAD; ledger-history:H-U; see R10 Git history, derivation and status-correction groups"	"SCOPE-R10-001,GAP-R10-001"	"not-approved"	"simulator-product-owner;approved-tool-scope-source;named-approver;approval-date;approved-scope;version-or-sha256-binding"
"R10-A0640"	"R10"	"R10-17"	"slots-simulator/docs/01-requirements/fr-014-multi-io-module-simulation.md"	"1712993bf188132e53b8edd15ed07b5769c399a75439e9015d7aecd4a8fa370c"	"line 30"	"FR-014 多 IO 模块实例模拟 > Acceptance Criteria 验收标准"	"省略监听地址时使用 `localhost`。"	"JSON 配置可声明 N 个 IO 模块实例，每个实例指定唯一标识、监听地址/端口、套用的寄存器表模板；省略监听地址时使用 `localhost`。"	"f63523e93c1202a4b58e437a83fa7df88bc294d26893c26e9a9b70714069fa9e"	"embedded-simulator-technical-design-choice"	"review-planning-source-without-verifiable-approval-chain"	"slots-simulator-development-test-tool-only"	"exclude-from-requirement-approval"	"document-route:R10-candidate; unit-kind:markdown-flow-or-list-item; source-document-class:SIM-REQ + MAIN-LEAD; ledger-history:H-U; see R10 Git history, derivation and status-correction groups"	"GAP-R10-001"	"not-approved"	"separate-technical-design-review;approved-simulator-behavior-source-if-mechanism-is-mandatory;named-approver;approval-date;approved-scope;version-or-sha256-binding"
"R10-A0641"	"R10"	"R10-17"	"slots-simulator/docs/01-requirements/fr-014-multi-io-module-simulation.md"	"1712993bf188132e53b8edd15ed07b5769c399a75439e9015d7aecd4a8fa370c"	"line 31"	"FR-014 多 IO 模块实例模拟 > Acceptance Criteria 验收标准"	"所有模块在同一模拟器进程内运行，但端点、寄存器值、DO/DI 动态状态、定时器和故障状态彼此独立；"	"所有模块在同一模拟器进程内运行，但端点、寄存器值、DO/DI 动态状态、定时器和故障状态彼此独立；操作或故障一个模块不得影响其他模块。"	"9802322610d9c7c3787baf0286a945e1cdce85845dd4c0e875229a0943016cfb"	"simulator-interface-or-protocol-behavior-candidate"	"review-planning-source-without-verifiable-approval-chain"	"slots-simulator-test-control-and-modbus-interface"	"needs-simulator-interface-owner-and-explicit-approval"	"document-route:R10-candidate; unit-kind:markdown-flow-or-list-item; source-document-class:SIM-REQ + MAIN-LEAD; ledger-history:H-U; see R10 Git history, derivation and status-correction groups"	"none-found-within-r10-pass"	"not-approved"	"simulator-interface-owner;complete-versioned-interface-or-protocol-contract;named-approver;approval-date;approved-scope;version-or-sha256-binding"
"R10-A0642"	"R10"	"R10-17"	"slots-simulator/docs/01-requirements/fr-014-multi-io-module-simulation.md"	"1712993bf188132e53b8edd15ed07b5769c399a75439e9015d7aecd4a8fa370c"	"line 31"	"FR-014 多 IO 模块实例模拟 > Acceptance Criteria 验收标准"	"操作或故障一个模块不得影响其他模块。"	"所有模块在同一模拟器进程内运行，但端点、寄存器值、DO/DI 动态状态、定时器和故障状态彼此独立；操作或故障一个模块不得影响其他模块。"	"7c593893af203d9cf3fbbc05cf5a1faecb858506b9d5ed015eb833bd3f1463b7"	"simulator-slot-behavior-or-fault-stimulus-candidate"	"review-planning-source-without-verifiable-approval-chain"	"slots-simulator-development-test-tool-only"	"needs-simulator-hardware-behavior-owner-and-explicit-approval"	"document-route:R10-candidate; unit-kind:markdown-flow-or-list-item; source-document-class:SIM-REQ + MAIN-LEAD; ledger-history:H-U; see R10 Git history, derivation and status-correction groups"	"none-found-within-r10-pass"	"not-approved"	"simulator-hardware-behavior-owner;bound-8005-field-evidence-and-polarity-normalization;named-approver;approval-date;approved-scope;version-or-sha256-binding"
"R10-A0643"	"R10"	"R10-17"	"slots-simulator/docs/01-requirements/fr-014-multi-io-module-simulation.md"	"1712993bf188132e53b8edd15ed07b5769c399a75439e9015d7aecd4a8fa370c"	"line 32"	"FR-014 多 IO 模块实例模拟 > Acceptance Criteria 验收标准"	"模拟器不设置固定模块数或仓位数上限；"	"模拟器不设置固定模块数或仓位数上限；每个模块的通道数仍不得超过其硬件模板声明的 DO/DI 上限。"	"37ac410bdc5f99789297bb66d14d4f2fab7eeb87e8432e13a434d902dc771de3"	"simulator-slot-behavior-or-fault-stimulus-candidate"	"review-planning-source-without-verifiable-approval-chain"	"slots-simulator-development-test-tool-only"	"needs-simulator-hardware-behavior-owner-and-explicit-approval"	"document-route:R10-candidate; unit-kind:markdown-flow-or-list-item; source-document-class:SIM-REQ + MAIN-LEAD; ledger-history:H-U; see R10 Git history, derivation and status-correction groups"	"none-found-within-r10-pass"	"not-approved"	"simulator-hardware-behavior-owner;bound-8005-field-evidence-and-polarity-normalization;named-approver;approval-date;approved-scope;version-or-sha256-binding"
"R10-A0644"	"R10"	"R10-17"	"slots-simulator/docs/01-requirements/fr-014-multi-io-module-simulation.md"	"1712993bf188132e53b8edd15ed07b5769c399a75439e9015d7aecd4a8fa370c"	"line 32"	"FR-014 多 IO 模块实例模拟 > Acceptance Criteria 验收标准"	"每个模块的通道数仍不得超过其硬件模板声明的 DO/DI 上限。"	"模拟器不设置固定模块数或仓位数上限；每个模块的通道数仍不得超过其硬件模板声明的 DO/DI 上限。"	"ee3e7f8b995a256a2ab4e62cef0b19baa61374e775602e64c14db968ec718bd4"	"simulator-configuration-or-validation-candidate"	"review-planning-source-without-verifiable-approval-chain"	"slots-simulator-configuration-layout-and-module-topology"	"needs-simulator-product-owner-and-explicit-approval"	"document-route:R10-candidate; unit-kind:markdown-flow-or-list-item; source-document-class:SIM-REQ + MAIN-LEAD; ledger-history:H-U; see R10 Git history, derivation and status-correction groups"	"none-found-within-r10-pass"	"not-approved"	"simulator-product-owner;approved-tool-scope-source;named-approver;approval-date;approved-scope;version-or-sha256-binding"
"R10-A0645"	"R10"	"R10-17"	"slots-simulator/docs/01-requirements/fr-014-multi-io-module-simulation.md"	"1712993bf188132e53b8edd15ed07b5769c399a75439e9015d7aecd4a8fa370c"	"line 33"	"FR-014 多 IO 模块实例模拟 > Acceptance Criteria 验收标准"	"每个仓位的 DO/DI 点位配置指定""模块实例 + 模块内通道号""，不再是全局唯一的裸地址。"	"每个仓位的 DO/DI 点位配置指定""模块实例 + 模块内通道号""，不再是全局唯一的裸地址。"	"53612f9caa6aee858c97437af7f9344ebd93ea4f746aa466c4eec0fb04ccf074"	"simulator-configuration-or-validation-candidate"	"review-planning-source-without-verifiable-approval-chain"	"slots-simulator-configuration-layout-and-module-topology"	"needs-simulator-product-owner-and-explicit-approval"	"document-route:R10-candidate; unit-kind:markdown-flow-or-list-item; source-document-class:SIM-REQ + MAIN-LEAD; ledger-history:H-U; see R10 Git history, derivation and status-correction groups"	"GAP-R10-001"	"not-approved"	"simulator-product-owner;approved-tool-scope-source;named-approver;approval-date;approved-scope;version-or-sha256-binding"
"R10-A0646"	"R10"	"R10-17"	"slots-simulator/docs/01-requirements/fr-014-multi-io-module-simulation.md"	"1712993bf188132e53b8edd15ed07b5769c399a75439e9015d7aecd4a8fa370c"	"line 34"	"FR-014 多 IO 模块实例模拟 > Acceptance Criteria 验收标准"	"配置严格校验模块标识唯一、模板引用存在、监听地址可解析、端口为合法可用端口、同进程监听端点不重复、通道在模板范围内，并拒绝同一模块同类通道被多个仓位点位重复映射。"	"配置严格校验模块标识唯一、模板引用存在、监听地址可解析、端口为合法可用端口、同进程监听端点不重复、通道在模板范围内，并拒绝同一模块同类通道被多个仓位点位重复映射。"	"ba49e0b0cbecd7fdfb2229f2a7313d5dec6adad0f208140bd9154a471829a325"	"simulator-configuration-or-validation-candidate"	"review-planning-source-without-verifiable-approval-chain"	"slots-simulator-configuration-layout-and-module-topology"	"needs-simulator-product-owner-and-explicit-approval"	"document-route:R10-candidate; unit-kind:markdown-flow-or-list-item; source-document-class:SIM-REQ + MAIN-LEAD; ledger-history:H-U; see R10 Git history, derivation and status-correction groups"	"GAP-R10-001"	"not-approved"	"simulator-product-owner;approved-tool-scope-source;named-approver;approval-date;approved-scope;version-or-sha256-binding"
"R10-A0647"	"R10"	"R10-17"	"slots-simulator/docs/01-requirements/fr-014-multi-io-module-simulation.md"	"1712993bf188132e53b8edd15ed07b5769c399a75439e9015d7aecd4a8fa370c"	"line 35"	"FR-014 多 IO 模块实例模拟 > Acceptance Criteria 验收标准"	"模块、仓位、端点和映射配置可在 WPF 中完整编辑并保存；"	"模块、仓位、端点和映射配置可在 WPF 中完整编辑并保存；保存成功后立即原子热重载，不需要改代码或重启进程。"	"b4d9a817564d0442fe4ee0ff5f49aa6066d9d1ed98ee7aab86fb4ae54712e213"	"embedded-simulator-technical-design-choice"	"review-planning-source-without-verifiable-approval-chain"	"slots-simulator-development-test-tool-only"	"exclude-from-requirement-approval"	"document-route:R10-candidate; unit-kind:markdown-flow-or-list-item; source-document-class:SIM-REQ + MAIN-LEAD; ledger-history:H-U; see R10 Git history, derivation and status-correction groups"	"none-found-within-r10-pass"	"not-approved"	"separate-technical-design-review;approved-simulator-behavior-source-if-mechanism-is-mandatory;named-approver;approval-date;approved-scope;version-or-sha256-binding"
"R10-A0648"	"R10"	"R10-17"	"slots-simulator/docs/01-requirements/fr-014-multi-io-module-simulation.md"	"1712993bf188132e53b8edd15ed07b5769c399a75439e9015d7aecd4a8fa370c"	"line 35"	"FR-014 多 IO 模块实例模拟 > Acceptance Criteria 验收标准"	"保存成功后立即原子热重载，不需要改代码或重启进程。"	"模块、仓位、端点和映射配置可在 WPF 中完整编辑并保存；保存成功后立即原子热重载，不需要改代码或重启进程。"	"d5af5e0387fbc4bedaebc2542b6c8169ff2aafb3d6dcb083b868c17b521bd13b"	"embedded-simulator-technical-design-choice"	"review-planning-source-without-verifiable-approval-chain"	"slots-simulator-development-test-tool-only"	"exclude-from-requirement-approval"	"document-route:R10-candidate; unit-kind:markdown-flow-or-list-item; source-document-class:SIM-REQ + MAIN-LEAD; ledger-history:H-U; see R10 Git history, derivation and status-correction groups"	"none-found-within-r10-pass"	"not-approved"	"separate-technical-design-review;approved-simulator-behavior-source-if-mechanism-is-mandatory;named-approver;approval-date;approved-scope;version-or-sha256-binding"
"R10-A0649"	"R10"	"R10-17"	"slots-simulator/docs/01-requirements/fr-014-multi-io-module-simulation.md"	"1712993bf188132e53b8edd15ed07b5769c399a75439e9015d7aecd4a8fa370c"	"line 36"	"FR-014 多 IO 模块实例模拟 > Acceptance Criteria 验收标准"	"新增/删除模块或修改监听端点时，热重载应完成对应端点的启停与重绑定；"	"新增/删除模块或修改监听端点时，热重载应完成对应端点的启停与重绑定；若任一新端口被占用或任何配置校验失败，整次热重载被拒绝，全部模块继续使用上一有效配置。"	"a4f635e33a282ff040ef23876f5fe3501968d8f5140dd732dd6f7a9cfff009d5"	"embedded-simulator-technical-design-choice"	"review-planning-source-without-verifiable-approval-chain"	"slots-simulator-development-test-tool-only"	"exclude-from-requirement-approval"	"document-route:R10-candidate; unit-kind:markdown-flow-or-list-item; source-document-class:SIM-REQ + MAIN-LEAD; ledger-history:H-U; see R10 Git history, derivation and status-correction groups"	"none-found-within-r10-pass"	"not-approved"	"separate-technical-design-review;approved-simulator-behavior-source-if-mechanism-is-mandatory;named-approver;approval-date;approved-scope;version-or-sha256-binding"
"R10-A0650"	"R10"	"R10-17"	"slots-simulator/docs/01-requirements/fr-014-multi-io-module-simulation.md"	"1712993bf188132e53b8edd15ed07b5769c399a75439e9015d7aecd4a8fa370c"	"line 36"	"FR-014 多 IO 模块实例模拟 > Acceptance Criteria 验收标准"	"若任一新端口被占用或任何配置校验失败，整次热重载被拒绝，全部模块继续使用上一有效配置。"	"新增/删除模块或修改监听端点时，热重载应完成对应端点的启停与重绑定；若任一新端口被占用或任何配置校验失败，整次热重载被拒绝，全部模块继续使用上一有效配置。"	"27a4df79ac53611bf1ae7584e408974387b6a2f891e7533ace90b96e3b82d558"	"embedded-simulator-technical-design-choice"	"review-planning-source-without-verifiable-approval-chain"	"slots-simulator-development-test-tool-only"	"exclude-from-requirement-approval"	"document-route:R10-candidate; unit-kind:markdown-flow-or-list-item; source-document-class:SIM-REQ + MAIN-LEAD; ledger-history:H-U; see R10 Git history, derivation and status-correction groups"	"none-found-within-r10-pass"	"not-approved"	"separate-technical-design-review;approved-simulator-behavior-source-if-mechanism-is-mandatory;named-approver;approval-date;approved-scope;version-or-sha256-binding"
"R10-A0651"	"R10"	"R10-17"	"slots-simulator/docs/01-requirements/fr-014-multi-io-module-simulation.md"	"1712993bf188132e53b8edd15ed07b5769c399a75439e9015d7aecd4a8fa370c"	"line 37"	"FR-014 多 IO 模块实例模拟 > Acceptance Criteria 验收标准"	"被测主系统按真实部署方式分别连接各个模块的地址/端口，模拟器的行为与连接对应数量的真实物理模块一致。"	"被测主系统按真实部署方式分别连接各个模块的地址/端口，模拟器的行为与连接对应数量的真实物理模块一致。"	"918e6434cb3ccdd4393dba62ffd82a9f9068662805c134ce0372d2460b7143a7"	"embedded-main-system-or-field-claim"	"review-planning-source-without-verifiable-approval-chain"	"8005-main-system-or-field-evidence-lead-not-simulator-approval"	"main-system-or-field-lead-evidence-only"	"document-route:R10-candidate; unit-kind:markdown-flow-or-list-item; source-document-class:SIM-REQ + MAIN-LEAD; ledger-history:H-U; see R10 Git history, derivation and status-correction groups"	"BOUND-R10-001,GAP-R10-001"	"not-approved"	"authoritative-main-system-source;do-not-reverse-infer-from-simulator-planning;named-approver;approval-date;approved-scope;version-or-sha256-binding"
"R10-A0652"	"R10"	"R10-17"	"slots-simulator/docs/01-requirements/fr-014-multi-io-module-simulation.md"	"1712993bf188132e53b8edd15ed07b5769c399a75439e9015d7aecd4a8fa370c"	"line 38"	"FR-014 多 IO 模块实例模拟 > Acceptance Criteria 验收标准"	"每个模块实例除监听地址/端口外，还可以独立配置覆盖其所套用寄存器表模板中的身份类寄存器默认值（如 MAC 地址、IP、设备名等），不强制多个模块实例共享模板里的同一份默认值——真实的多个物理模块各自拥有不同的 MAC/IP/设备名，模拟器如果让所有实例共用模板默认值，会让两个模拟出的模块出现相同的身份信息，与""完整还原真实设备""的目标不符（详见 [[dr-011-full-register-table-fidelity|DR-011]]）。"	"每个模块实例除监听地址/端口外，还可以独立配置覆盖其所套用寄存器表模板中的身份类寄存器默认值（如 MAC 地址、IP、设备名等），不强制多个模块实例共享模板里的同一份默认值——真实的多个物理模块各自拥有不同的 MAC/IP/设备名，模拟器如果让所有实例共用模板默认值，会让两个模拟出的模块出现相同的身份信息，与""完整还原真实设备""的目标不符（详见 [[dr-011-full-register-table-fidelity|DR-011]]）。未显式覆盖的模块实例，身份类寄存器仍使用模板中的默认值。"	"794bf47d9b0e93db0eb747e5127b5ebcd7bd9cb187dda07b8bacd7a0a6228c2f"	"embedded-main-system-or-field-claim"	"review-planning-source-without-verifiable-approval-chain"	"8005-main-system-or-field-evidence-lead-not-simulator-approval"	"main-system-or-field-lead-evidence-only"	"document-route:R10-candidate; unit-kind:markdown-flow-or-list-item; source-document-class:SIM-REQ + MAIN-LEAD; ledger-history:H-U; see R10 Git history, derivation and status-correction groups"	"SCOPE-R10-001,GAP-R10-001"	"not-approved"	"authoritative-main-system-source;do-not-reverse-infer-from-simulator-planning;named-approver;approval-date;approved-scope;version-or-sha256-binding"
"R10-A0653"	"R10"	"R10-17"	"slots-simulator/docs/01-requirements/fr-014-multi-io-module-simulation.md"	"1712993bf188132e53b8edd15ed07b5769c399a75439e9015d7aecd4a8fa370c"	"line 38"	"FR-014 多 IO 模块实例模拟 > Acceptance Criteria 验收标准"	"未显式覆盖的模块实例，身份类寄存器仍使用模板中的默认值。"	"每个模块实例除监听地址/端口外，还可以独立配置覆盖其所套用寄存器表模板中的身份类寄存器默认值（如 MAC 地址、IP、设备名等），不强制多个模块实例共享模板里的同一份默认值——真实的多个物理模块各自拥有不同的 MAC/IP/设备名，模拟器如果让所有实例共用模板默认值，会让两个模拟出的模块出现相同的身份信息，与""完整还原真实设备""的目标不符（详见 [[dr-011-full-register-table-fidelity|DR-011]]）。未显式覆盖的模块实例，身份类寄存器仍使用模板中的默认值。"	"53d0cbc7bd0b4cf1369d0ce190e8bc648e3053147c8d096ab53a229e3a231b4c"	"simulator-configuration-or-validation-candidate"	"review-planning-source-without-verifiable-approval-chain"	"slots-simulator-configuration-layout-and-module-topology"	"needs-simulator-product-owner-and-explicit-approval"	"document-route:R10-candidate; unit-kind:markdown-flow-or-list-item; source-document-class:SIM-REQ + MAIN-LEAD; ledger-history:H-U; see R10 Git history, derivation and status-correction groups"	"none-found-within-r10-pass"	"not-approved"	"simulator-product-owner;approved-tool-scope-source;named-approver;approval-date;approved-scope;version-or-sha256-binding"
"R10-A0654"	"R10"	"R10-17"	"slots-simulator/docs/01-requirements/fr-014-multi-io-module-simulation.md"	"1712993bf188132e53b8edd15ed07b5769c399a75439e9015d7aecd4a8fa370c"	"line 42"	"FR-014 多 IO 模块实例模拟 > Related Use Case 关联用例"	"无直接对应，属于模拟器还原真实多模块硬件拓扑的需求。"	"无直接对应，属于模拟器还原真实多模块硬件拓扑的需求。"	"3e2726066857d7d2496b6169618ef1d398401ceeac5e2b9892719e664e91f3ee"	"source-origin-background-or-traceability-evidence"	"review-planning-source-without-verifiable-approval-chain"	"slots-simulator-development-test-tool-only"	"source-or-traceability-evidence-only"	"document-route:R10-candidate; unit-kind:markdown-paragraph; source-document-class:SIM-REQ + MAIN-LEAD; ledger-history:H-U; see R10 Git history, derivation and status-correction groups"	"none-found-within-r10-pass"	"not-approved"	"evidence-only-not-an-approval-unit;named-approver;approval-date;approved-scope;version-or-sha256-binding"
"R10-A0655"	"R10"	"R10-17"	"slots-simulator/docs/01-requirements/fr-014-multi-io-module-simulation.md"	"1712993bf188132e53b8edd15ed07b5769c399a75439e9015d7aecd4a8fa370c"	"line 46"	"FR-014 多 IO 模块实例模拟 > Verification 验证方式"	"**TC-FR-014-001（编号预留）**"	"**TC-FR-014-001（编号预留）**"	"61a6fed11c9ea15f33926ca68e59538f8f372cc583e9d4e913a3566c809fc5db"	"reserved-verification-plan-evidence"	"review-planning-source-without-verifiable-approval-chain"	"slots-simulator-development-test-tool-only"	"test-plan-evidence-only"	"document-route:R10-candidate; unit-kind:markdown-flow-or-list-item; source-document-class:SIM-REQ + MAIN-LEAD; ledger-history:H-U; see R10 Git history, derivation and status-correction groups"	"none-found-within-r10-pass"	"not-approved"	"evidence-only-not-an-approval-unit;named-approver;approval-date;approved-scope;version-or-sha256-binding"
"R10-A0656"	"R10"	"R10-17"	"slots-simulator/docs/01-requirements/fr-014-multi-io-module-simulation.md"	"1712993bf188132e53b8edd15ed07b5769c399a75439e9015d7aecd4a8fa370c"	"line 47"	"FR-014 多 IO 模块实例模拟 > Verification 验证方式"	"**Given** 同一进程配置多个使用不同端口的模块且未指定监听地址"	"**Given** 同一进程配置多个使用不同端口的模块且未指定监听地址"	"6df9232e4d141827ec3f04634e4714cb3a99ca9697cacb353492b58338ca451b"	"reserved-verification-plan-evidence"	"review-planning-source-without-verifiable-approval-chain"	"slots-simulator-development-test-tool-only"	"test-plan-evidence-only"	"document-route:R10-candidate; unit-kind:markdown-flow-or-list-item; source-document-class:SIM-REQ + MAIN-LEAD; ledger-history:H-U; see R10 Git history, derivation and status-correction groups"	"GAP-R10-001"	"not-approved"	"evidence-only-not-an-approval-unit;named-approver;approval-date;approved-scope;version-or-sha256-binding"
"R10-A0657"	"R10"	"R10-17"	"slots-simulator/docs/01-requirements/fr-014-multi-io-module-simulation.md"	"1712993bf188132e53b8edd15ed07b5769c399a75439e9015d7aecd4a8fa370c"	"line 48"	"FR-014 多 IO 模块实例模拟 > Verification 验证方式"	"**When** 启动模拟器"	"**When** 启动模拟器"	"f61b8baccb355d696f9dedd5ce4c666a1d0effb9d78e6af1b9a7dbbb6167ca84"	"reserved-verification-plan-evidence"	"review-planning-source-without-verifiable-approval-chain"	"slots-simulator-development-test-tool-only"	"test-plan-evidence-only"	"document-route:R10-candidate; unit-kind:markdown-flow-or-list-item; source-document-class:SIM-REQ + MAIN-LEAD; ledger-history:H-U; see R10 Git history, derivation and status-correction groups; exact-duplicate-of:R10-A0508"	"none-found-within-r10-pass"	"not-approved"	"evidence-only-not-an-approval-unit;named-approver;approval-date;approved-scope;version-or-sha256-binding"
"R10-A0658"	"R10"	"R10-17"	"slots-simulator/docs/01-requirements/fr-014-multi-io-module-simulation.md"	"1712993bf188132e53b8edd15ed07b5769c399a75439e9015d7aecd4a8fa370c"	"line 49"	"FR-014 多 IO 模块实例模拟 > Verification 验证方式"	"**Then** 每个模块在 `localhost` 的独立端口监听，且寄存器和动态状态相互隔离"	"**Then** 每个模块在 `localhost` 的独立端口监听，且寄存器和动态状态相互隔离"	"e5f296776cb7b582863e150dd230964dcc62402c29a0c9cbbfee09f8df550ed3"	"reserved-verification-plan-evidence"	"review-planning-source-without-verifiable-approval-chain"	"slots-simulator-development-test-tool-only"	"test-plan-evidence-only"	"document-route:R10-candidate; unit-kind:markdown-flow-or-list-item; source-document-class:SIM-REQ + MAIN-LEAD; ledger-history:H-U; see R10 Git history, derivation and status-correction groups"	"none-found-within-r10-pass"	"not-approved"	"evidence-only-not-an-approval-unit;named-approver;approval-date;approved-scope;version-or-sha256-binding"
"R10-A0659"	"R10"	"R10-17"	"slots-simulator/docs/01-requirements/fr-014-multi-io-module-simulation.md"	"1712993bf188132e53b8edd15ed07b5769c399a75439e9015d7aecd4a8fa370c"	"line 50"	"FR-014 多 IO 模块实例模拟 > Verification 验证方式"	"**TC-FR-014-002（编号预留）**"	"**TC-FR-014-002（编号预留）**"	"a3d4a8288c43fd57d2568ef3632dfcc82ece8f183b827fa32331b74cb811c696"	"reserved-verification-plan-evidence"	"review-planning-source-without-verifiable-approval-chain"	"slots-simulator-development-test-tool-only"	"test-plan-evidence-only"	"document-route:R10-candidate; unit-kind:markdown-flow-or-list-item; source-document-class:SIM-REQ + MAIN-LEAD; ledger-history:H-U; see R10 Git history, derivation and status-correction groups"	"none-found-within-r10-pass"	"not-approved"	"evidence-only-not-an-approval-unit;named-approver;approval-date;approved-scope;version-or-sha256-binding"
"R10-A0660"	"R10"	"R10-17"	"slots-simulator/docs/01-requirements/fr-014-multi-io-module-simulation.md"	"1712993bf188132e53b8edd15ed07b5769c399a75439e9015d7aecd4a8fa370c"	"line 51"	"FR-014 多 IO 模块实例模拟 > Verification 验证方式"	"**Given** 配置含重复端点、被占用端口、重复模块标识或重复通道映射"	"**Given** 配置含重复端点、被占用端口、重复模块标识或重复通道映射"	"ccd5e8ef71b376220b4d8ae0ac632913411ffed33eb8085530395167a2aaf996"	"reserved-verification-plan-evidence"	"review-planning-source-without-verifiable-approval-chain"	"slots-simulator-development-test-tool-only"	"test-plan-evidence-only"	"document-route:R10-candidate; unit-kind:markdown-flow-or-list-item; source-document-class:SIM-REQ + MAIN-LEAD; ledger-history:H-U; see R10 Git history, derivation and status-correction groups"	"none-found-within-r10-pass"	"not-approved"	"evidence-only-not-an-approval-unit;named-approver;approval-date;approved-scope;version-or-sha256-binding"
"R10-A0661"	"R10"	"R10-17"	"slots-simulator/docs/01-requirements/fr-014-multi-io-module-simulation.md"	"1712993bf188132e53b8edd15ed07b5769c399a75439e9015d7aecd4a8fa370c"	"line 52"	"FR-014 多 IO 模块实例模拟 > Verification 验证方式"	"**When** 启动或热重载配置"	"**When** 启动或热重载配置"	"61e385f0a3f1c6ba7c7a028992c02dcdb47e4f0f51e0027d2785307a0af2625b"	"reserved-verification-plan-evidence"	"review-planning-source-without-verifiable-approval-chain"	"slots-simulator-development-test-tool-only"	"test-plan-evidence-only"	"document-route:R10-candidate; unit-kind:markdown-flow-or-list-item; source-document-class:SIM-REQ + MAIN-LEAD; ledger-history:H-U; see R10 Git history, derivation and status-correction groups; exact-duplicate-of:R10-A0622"	"none-found-within-r10-pass"	"not-approved"	"evidence-only-not-an-approval-unit;named-approver;approval-date;approved-scope;version-or-sha256-binding"
"R10-A0662"	"R10"	"R10-17"	"slots-simulator/docs/01-requirements/fr-014-multi-io-module-simulation.md"	"1712993bf188132e53b8edd15ed07b5769c399a75439e9015d7aecd4a8fa370c"	"line 53"	"FR-014 多 IO 模块实例模拟 > Verification 验证方式"	"**Then** 配置被整体拒绝并指出冲突项，任何模块均不进入部分更新状态"	"**Then** 配置被整体拒绝并指出冲突项，任何模块均不进入部分更新状态"	"baffec4e453f5eca21c5fbe52bf1a60159498b9664ca9a0be1ceb862c226a8f1"	"reserved-verification-plan-evidence"	"review-planning-source-without-verifiable-approval-chain"	"slots-simulator-development-test-tool-only"	"test-plan-evidence-only"	"document-route:R10-candidate; unit-kind:markdown-flow-or-list-item; source-document-class:SIM-REQ + MAIN-LEAD; ledger-history:H-U; see R10 Git history, derivation and status-correction groups"	"none-found-within-r10-pass"	"not-approved"	"evidence-only-not-an-approval-unit;named-approver;approval-date;approved-scope;version-or-sha256-binding"
"R10-A0663"	"R10"	"R10-17"	"slots-simulator/docs/01-requirements/fr-014-multi-io-module-simulation.md"	"1712993bf188132e53b8edd15ed07b5769c399a75439e9015d7aecd4a8fa370c"	"line 54"	"FR-014 多 IO 模块实例模拟 > Verification 验证方式"	"**TC-FR-014-003（编号预留）**"	"**TC-FR-014-003（编号预留）**"	"37b377a1b8bd229dac9db21d46b7e0a14563c41bf36867989d5fd2cf4989ee7b"	"reserved-verification-plan-evidence"	"review-planning-source-without-verifiable-approval-chain"	"slots-simulator-development-test-tool-only"	"test-plan-evidence-only"	"document-route:R10-candidate; unit-kind:markdown-flow-or-list-item; source-document-class:SIM-REQ + MAIN-LEAD; ledger-history:H-U; see R10 Git history, derivation and status-correction groups"	"none-found-within-r10-pass"	"not-approved"	"evidence-only-not-an-approval-unit;named-approver;approval-date;approved-scope;version-or-sha256-binding"
"R10-A0664"	"R10"	"R10-17"	"slots-simulator/docs/01-requirements/fr-014-multi-io-module-simulation.md"	"1712993bf188132e53b8edd15ed07b5769c399a75439e9015d7aecd4a8fa370c"	"line 55"	"FR-014 多 IO 模块实例模拟 > Verification 验证方式"	"**Given** 多模块服务正在运行且新配置的全部端点可用"	"**Given** 多模块服务正在运行且新配置的全部端点可用"	"61db71fd02036275c32f629b79a00cc437519de854d6eb23e5e7212f32bbbe99"	"reserved-verification-plan-evidence"	"review-planning-source-without-verifiable-approval-chain"	"slots-simulator-development-test-tool-only"	"test-plan-evidence-only"	"document-route:R10-candidate; unit-kind:markdown-flow-or-list-item; source-document-class:SIM-REQ + MAIN-LEAD; ledger-history:H-U; see R10 Git history, derivation and status-correction groups"	"none-found-within-r10-pass"	"not-approved"	"evidence-only-not-an-approval-unit;named-approver;approval-date;approved-scope;version-or-sha256-binding"
"R10-A0665"	"R10"	"R10-17"	"slots-simulator/docs/01-requirements/fr-014-multi-io-module-simulation.md"	"1712993bf188132e53b8edd15ed07b5769c399a75439e9015d7aecd4a8fa370c"	"line 56"	"FR-014 多 IO 模块实例模拟 > Verification 验证方式"	"**When** 在 WPF 修改模块数量或端点并保存"	"**When** 在 WPF 修改模块数量或端点并保存"	"47ec8374f3c1f279cfd81e0fbc2c17585c895a12716f491d639544b4b66f757a"	"reserved-verification-plan-evidence"	"review-planning-source-without-verifiable-approval-chain"	"slots-simulator-development-test-tool-only"	"test-plan-evidence-only"	"document-route:R10-candidate; unit-kind:markdown-flow-or-list-item; source-document-class:SIM-REQ + MAIN-LEAD; ledger-history:H-U; see R10 Git history, derivation and status-correction groups"	"none-found-within-r10-pass"	"not-approved"	"evidence-only-not-an-approval-unit;named-approver;approval-date;approved-scope;version-or-sha256-binding"
"R10-A0666"	"R10"	"R10-17"	"slots-simulator/docs/01-requirements/fr-014-multi-io-module-simulation.md"	"1712993bf188132e53b8edd15ed07b5769c399a75439e9015d7aecd4a8fa370c"	"line 57"	"FR-014 多 IO 模块实例模拟 > Verification 验证方式"	"**Then** 对应端点立即完成启停或重绑定，其他模块继续可用且进程未重启"	"**Then** 对应端点立即完成启停或重绑定，其他模块继续可用且进程未重启"	"5cafb697d178bd0336ff63693c4fb229a9237dd020b51f9af0f12c32d32cc417"	"reserved-verification-plan-evidence"	"review-planning-source-without-verifiable-approval-chain"	"slots-simulator-development-test-tool-only"	"test-plan-evidence-only"	"document-route:R10-candidate; unit-kind:markdown-flow-or-list-item; source-document-class:SIM-REQ + MAIN-LEAD; ledger-history:H-U; see R10 Git history, derivation and status-correction groups"	"none-found-within-r10-pass"	"not-approved"	"evidence-only-not-an-approval-unit;named-approver;approval-date;approved-scope;version-or-sha256-binding"
"R10-A0667"	"R10"	"R10-17"	"slots-simulator/docs/01-requirements/fr-014-multi-io-module-simulation.md"	"1712993bf188132e53b8edd15ed07b5769c399a75439e9015d7aecd4a8fa370c"	"line 58"	"FR-014 多 IO 模块实例模拟 > Verification 验证方式"	"**TC-FR-014-004（编号预留）**"	"**TC-FR-014-004（编号预留）**"	"116bf60a5376dc45daf6c0b9a04570374da92e191a1791497be3e1b3355bedd4"	"reserved-verification-plan-evidence"	"review-planning-source-without-verifiable-approval-chain"	"slots-simulator-development-test-tool-only"	"test-plan-evidence-only"	"document-route:R10-candidate; unit-kind:markdown-flow-or-list-item; source-document-class:SIM-REQ + MAIN-LEAD; ledger-history:H-U; see R10 Git history, derivation and status-correction groups"	"none-found-within-r10-pass"	"not-approved"	"evidence-only-not-an-approval-unit;named-approver;approval-date;approved-scope;version-or-sha256-binding"
"R10-A0668"	"R10"	"R10-17"	"slots-simulator/docs/01-requirements/fr-014-multi-io-module-simulation.md"	"1712993bf188132e53b8edd15ed07b5769c399a75439e9015d7aecd4a8fa370c"	"line 59"	"FR-014 多 IO 模块实例模拟 > Verification 验证方式"	"**Given** 系统资源足够且每个模块映射均符合自身模板通道范围"	"**Given** 系统资源足够且每个模块映射均符合自身模板通道范围"	"da82a076cbe22be3799cd7e44b5a83156ec906c54b4dd08ae4a808246d58837e"	"reserved-verification-plan-evidence"	"review-planning-source-without-verifiable-approval-chain"	"slots-simulator-development-test-tool-only"	"test-plan-evidence-only"	"document-route:R10-candidate; unit-kind:markdown-flow-or-list-item; source-document-class:SIM-REQ + MAIN-LEAD; ledger-history:H-U; see R10 Git history, derivation and status-correction groups"	"none-found-within-r10-pass"	"not-approved"	"evidence-only-not-an-approval-unit;named-approver;approval-date;approved-scope;version-or-sha256-binding"
"R10-A0669"	"R10"	"R10-17"	"slots-simulator/docs/01-requirements/fr-014-multi-io-module-simulation.md"	"1712993bf188132e53b8edd15ed07b5769c399a75439e9015d7aecd4a8fa370c"	"line 60"	"FR-014 多 IO 模块实例模拟 > Verification 验证方式"	"**When** 配置超过任意先验假定数量的模块和仓位"	"**When** 配置超过任意先验假定数量的模块和仓位"	"d7e234b50e5dcae8bae2f8363cbfcf2783a2961d66fb84c6f76c89d8477d32f4"	"reserved-verification-plan-evidence"	"review-planning-source-without-verifiable-approval-chain"	"slots-simulator-development-test-tool-only"	"test-plan-evidence-only"	"document-route:R10-candidate; unit-kind:markdown-flow-or-list-item; source-document-class:SIM-REQ + MAIN-LEAD; ledger-history:H-U; see R10 Git history, derivation and status-correction groups"	"none-found-within-r10-pass"	"not-approved"	"evidence-only-not-an-approval-unit;named-approver;approval-date;approved-scope;version-or-sha256-binding"
"R10-A0670"	"R10"	"R10-17"	"slots-simulator/docs/01-requirements/fr-014-multi-io-module-simulation.md"	"1712993bf188132e53b8edd15ed07b5769c399a75439e9015d7aecd4a8fa370c"	"line 61"	"FR-014 多 IO 模块实例模拟 > Verification 验证方式"	"**Then** 模拟器不因固定数量上限拒绝配置，并为每个模块建立独立端点"	"**Then** 模拟器不因固定数量上限拒绝配置，并为每个模块建立独立端点"	"be81799faca854490418a2edf6fb368e388c1c429bbb807e264a9c15e96b7d7d"	"reserved-verification-plan-evidence"	"review-planning-source-without-verifiable-approval-chain"	"slots-simulator-development-test-tool-only"	"test-plan-evidence-only"	"document-route:R10-candidate; unit-kind:markdown-flow-or-list-item; source-document-class:SIM-REQ + MAIN-LEAD; ledger-history:H-U; see R10 Git history, derivation and status-correction groups"	"none-found-within-r10-pass"	"not-approved"	"evidence-only-not-an-approval-unit;named-approver;approval-date;approved-scope;version-or-sha256-binding"
"R10-A0671"	"R10"	"R10-17"	"slots-simulator/docs/01-requirements/fr-014-multi-io-module-simulation.md"	"1712993bf188132e53b8edd15ed07b5769c399a75439e9015d7aecd4a8fa370c"	"line 62"	"FR-014 多 IO 模块实例模拟 > Verification 验证方式"	"**TC-FR-014-005（编号预留）**"	"**TC-FR-014-005（编号预留）**"	"11d1dfdd1f9d1c90ab8bd2cc58064fa55cd35155053e74da738cb7ab15006541"	"reserved-verification-plan-evidence"	"review-planning-source-without-verifiable-approval-chain"	"slots-simulator-development-test-tool-only"	"test-plan-evidence-only"	"document-route:R10-candidate; unit-kind:markdown-flow-or-list-item; source-document-class:SIM-REQ + MAIN-LEAD; ledger-history:H-U; see R10 Git history, derivation and status-correction groups"	"none-found-within-r10-pass"	"not-approved"	"evidence-only-not-an-approval-unit;named-approver;approval-date;approved-scope;version-or-sha256-binding"
"R10-A0672"	"R10"	"R10-17"	"slots-simulator/docs/01-requirements/fr-014-multi-io-module-simulation.md"	"1712993bf188132e53b8edd15ed07b5769c399a75439e9015d7aecd4a8fa370c"	"line 63"	"FR-014 多 IO 模块实例模拟 > Verification 验证方式"	"**Given** 两个模块实例覆盖了不同的身份寄存器值"	"**Given** 两个模块实例覆盖了不同的身份寄存器值"	"cc23d4a4a699d504f16f817207217518f440ede5e95b1c9ef53787027067f56c"	"reserved-verification-plan-evidence"	"review-planning-source-without-verifiable-approval-chain"	"slots-simulator-development-test-tool-only"	"test-plan-evidence-only"	"document-route:R10-candidate; unit-kind:markdown-flow-or-list-item; source-document-class:SIM-REQ + MAIN-LEAD; ledger-history:H-U; see R10 Git history, derivation and status-correction groups"	"none-found-within-r10-pass"	"not-approved"	"evidence-only-not-an-approval-unit;named-approver;approval-date;approved-scope;version-or-sha256-binding"
"R10-A0673"	"R10"	"R10-17"	"slots-simulator/docs/01-requirements/fr-014-multi-io-module-simulation.md"	"1712993bf188132e53b8edd15ed07b5769c399a75439e9015d7aecd4a8fa370c"	"line 64"	"FR-014 多 IO 模块实例模拟 > Verification 验证方式"	"**When** 被测主系统分别读取两个端点"	"**When** 被测主系统分别读取两个端点"	"37a87d61710a36be602264172d82c6b46f40313bea62dd4197150fb294f7b38a"	"reserved-verification-plan-evidence"	"review-planning-source-without-verifiable-approval-chain"	"slots-simulator-development-test-tool-only"	"test-plan-evidence-only"	"document-route:R10-candidate; unit-kind:markdown-flow-or-list-item; source-document-class:SIM-REQ + MAIN-LEAD; ledger-history:H-U; see R10 Git history, derivation and status-correction groups"	"BOUND-R10-001"	"not-approved"	"evidence-only-not-an-approval-unit;named-approver;approval-date;approved-scope;version-or-sha256-binding"
"R10-A0674"	"R10"	"R10-17"	"slots-simulator/docs/01-requirements/fr-014-multi-io-module-simulation.md"	"1712993bf188132e53b8edd15ed07b5769c399a75439e9015d7aecd4a8fa370c"	"line 65"	"FR-014 多 IO 模块实例模拟 > Verification 验证方式"	"**Then** 各端点返回各自覆盖值，未覆盖字段返回共同模板默认值"	"**Then** 各端点返回各自覆盖值，未覆盖字段返回共同模板默认值"	"1e4d90bcbf12f738af47a0b9e1e2d7b614157d90419d8ef18c61b6f06c6344aa"	"reserved-verification-plan-evidence"	"review-planning-source-without-verifiable-approval-chain"	"slots-simulator-development-test-tool-only"	"test-plan-evidence-only"	"document-route:R10-candidate; unit-kind:markdown-flow-or-list-item; source-document-class:SIM-REQ + MAIN-LEAD; ledger-history:H-U; see R10 Git history, derivation and status-correction groups"	"none-found-within-r10-pass"	"not-approved"	"evidence-only-not-an-approval-unit;named-approver;approval-date;approved-scope;version-or-sha256-binding"
"R10-A0675"	"R10"	"R10-17"	"slots-simulator/docs/01-requirements/fr-014-multi-io-module-simulation.md"	"1712993bf188132e53b8edd15ed07b5769c399a75439e9015d7aecd4a8fa370c"	"line 69"	"FR-014 多 IO 模块实例模拟 > Related 关联"	"[[fr-001-configurable-slot-count-and-io-mapping|FR-001]]（仓位点位映射的模块+通道寻址方式）、[[fr-003-exception-scenario-simulation|FR-003]]（按模块实例注入通信异常）、[[fr-005-modbus-tcp-slave-protocol|FR-005]]（每个模块对应一个独立 Modbus TCP 端点）、[[fr-011-configurable-slot-layout|FR-011]]（统一 JSON、Schema、WPF 编辑和热重载能力）、[[fr-013-configurable-register-table-template|FR-013]]（模块模板与通道约束）、[[dr-007-multi-agv-support|DR-007]]（一个进程实例对应一台 AGV）、[[dr-011-full-register-table-fidelity|DR-011]]、[[dr-012-multi-io-module-support|DR-012]]。"	"[[fr-001-configurable-slot-count-and-io-mapping|FR-001]]（仓位点位映射的模块+通道寻址方式）、[[fr-003-exception-scenario-simulation|FR-003]]（按模块实例注入通信异常）、[[fr-005-modbus-tcp-slave-protocol|FR-005]]（每个模块对应一个独立 Modbus TCP 端点）、[[fr-011-configurable-slot-layout|FR-011]]（统一 JSON、Schema、WPF 编辑和热重载能力）、[[fr-013-configurable-register-table-template|FR-013]]（模块模板与通道约束）、[[dr-007-multi-agv-support|DR-007]]（一个进程实例对应一台 AGV）、[[dr-011-full-register-table-fidelity|DR-011]]、[[dr-012-multi-io-module-support|DR-012]]。"	"cd3469bd4412c23710497c6dc42e6b0fcf53e1586336d7abcb9b8a19239e1d9c"	"source-origin-background-or-traceability-evidence"	"review-planning-source-without-verifiable-approval-chain"	"slots-simulator-development-test-tool-only"	"source-or-traceability-evidence-only"	"document-route:R10-candidate; unit-kind:markdown-paragraph; source-document-class:SIM-REQ + MAIN-LEAD; ledger-history:H-U; see R10 Git history, derivation and status-correction groups"	"GAP-R10-001"	"not-approved"	"evidence-only-not-an-approval-unit;named-approver;approval-date;approved-scope;version-or-sha256-binding"
"R10-A0676"	"R10"	"R10-18"	"slots-simulator/docs/01-requirements/fr-015-destination-station-unload-support.md"	"6dbc003a157de11ddbc68f5daef55b13692c8dd16fc8da5c598a8c11da7b1212"	"line 18"	"FR-015 终点站取出流程支持 > Description 需求描述"	"模拟器通过统一仓位动作支持终点站取出流程。"	"模拟器通过统一仓位动作支持终点站取出流程。开锁由主系统写 Modbus DO 发起，正常情况下弹簧自动弹门；WPF 与控制 API 负责模拟 `关门`、`放料`、`取出`。主系统可以用 Modbus `0x0F` 对同一模块多个仓位批量开锁，再并行对已打开仓位执行“取出→关门”。"	"6e682d21568bde220bb1ce8aeeec2dc6150a86a78fa9a86e9e7107deaebb6e4f"	"simulator-slot-behavior-or-fault-stimulus-candidate"	"review-planning-source-without-verifiable-approval-chain"	"slots-simulator-development-test-tool-only"	"needs-simulator-hardware-behavior-owner-and-explicit-approval"	"document-route:R10-candidate; unit-kind:markdown-paragraph; source-document-class:SIM-REQ; ledger-history:H-AI; see R10 Git history, derivation and status-correction groups"	"none-found-within-r10-pass"	"not-approved"	"simulator-hardware-behavior-owner;bound-8005-field-evidence-and-polarity-normalization;named-approver;approval-date;approved-scope;version-or-sha256-binding"
"R10-A0677"	"R10"	"R10-18"	"slots-simulator/docs/01-requirements/fr-015-destination-station-unload-support.md"	"6dbc003a157de11ddbc68f5daef55b13692c8dd16fc8da5c598a8c11da7b1212"	"line 18"	"FR-015 终点站取出流程支持 > Description 需求描述"	"开锁由主系统写 Modbus DO 发起，正常情况下弹簧自动弹门；"	"模拟器通过统一仓位动作支持终点站取出流程。开锁由主系统写 Modbus DO 发起，正常情况下弹簧自动弹门；WPF 与控制 API 负责模拟 `关门`、`放料`、`取出`。主系统可以用 Modbus `0x0F` 对同一模块多个仓位批量开锁，再并行对已打开仓位执行“取出→关门”。"	"caf784fea48af714888765e7345b6175bacb21e0ae7d27e83980897b6a727057"	"embedded-main-system-or-field-claim"	"review-planning-source-without-verifiable-approval-chain"	"8005-main-system-or-field-evidence-lead-not-simulator-approval"	"main-system-or-field-lead-evidence-only"	"document-route:R10-candidate; unit-kind:markdown-paragraph; source-document-class:SIM-REQ; ledger-history:H-AI; see R10 Git history, derivation and status-correction groups"	"BOUND-R10-001,EVID-R10-001,GAP-R10-001"	"not-approved"	"authoritative-main-system-source;do-not-reverse-infer-from-simulator-planning;named-approver;approval-date;approved-scope;version-or-sha256-binding"
"R10-A0678"	"R10"	"R10-18"	"slots-simulator/docs/01-requirements/fr-015-destination-station-unload-support.md"	"6dbc003a157de11ddbc68f5daef55b13692c8dd16fc8da5c598a8c11da7b1212"	"line 18"	"FR-015 终点站取出流程支持 > Description 需求描述"	"WPF 与控制 API 负责模拟 `关门`、`放料`、`取出`。"	"模拟器通过统一仓位动作支持终点站取出流程。开锁由主系统写 Modbus DO 发起，正常情况下弹簧自动弹门；WPF 与控制 API 负责模拟 `关门`、`放料`、`取出`。主系统可以用 Modbus `0x0F` 对同一模块多个仓位批量开锁，再并行对已打开仓位执行“取出→关门”。"	"d3b827468ac9b855581292582ab54abcfea854c773454bdca1c4fbaa0bf01e5a"	"embedded-simulator-technical-design-choice"	"review-planning-source-without-verifiable-approval-chain"	"slots-simulator-development-test-tool-only"	"exclude-from-requirement-approval"	"document-route:R10-candidate; unit-kind:markdown-paragraph; source-document-class:SIM-REQ; ledger-history:H-AI; see R10 Git history, derivation and status-correction groups"	"none-found-within-r10-pass"	"not-approved"	"separate-technical-design-review;approved-simulator-behavior-source-if-mechanism-is-mandatory;named-approver;approval-date;approved-scope;version-or-sha256-binding"
"R10-A0679"	"R10"	"R10-18"	"slots-simulator/docs/01-requirements/fr-015-destination-station-unload-support.md"	"6dbc003a157de11ddbc68f5daef55b13692c8dd16fc8da5c598a8c11da7b1212"	"line 18"	"FR-015 终点站取出流程支持 > Description 需求描述"	"主系统可以用 Modbus `0x0F` 对同一模块多个仓位批量开锁，再并行对已打开仓位执行“取出→关门”。"	"模拟器通过统一仓位动作支持终点站取出流程。开锁由主系统写 Modbus DO 发起，正常情况下弹簧自动弹门；WPF 与控制 API 负责模拟 `关门`、`放料`、`取出`。主系统可以用 Modbus `0x0F` 对同一模块多个仓位批量开锁，再并行对已打开仓位执行“取出→关门”。"	"ec4da5e5d7549d8b452bbbfc91ed36cb9e10eddd04c4009ceeff0947c34ad43f"	"simulator-testability-or-operability-candidate"	"review-planning-source-without-verifiable-approval-chain"	"slots-simulator-development-test-tool-only"	"needs-simulator-product-owner-and-explicit-approval"	"document-route:R10-candidate; unit-kind:markdown-paragraph; source-document-class:SIM-REQ; ledger-history:H-AI; see R10 Git history, derivation and status-correction groups"	"BOUND-R10-001,SCOPE-R10-001,GAP-R10-001"	"not-approved"	"simulator-product-owner;approved-tool-scope-source;named-approver;approval-date;approved-scope;version-or-sha256-binding"
"R10-A0680"	"R10"	"R10-18"	"slots-simulator/docs/01-requirements/fr-015-destination-station-unload-support.md"	"6dbc003a157de11ddbc68f5daef55b13692c8dd16fc8da5c598a8c11da7b1212"	"line 20"	"FR-015 终点站取出流程支持 > Description 需求描述"	"仓位是否""占用""不作为独立可写状态保存，而是始终由光幕 DI 当前值推导：光幕 DI 表示有遮挡时为已占用，无遮挡时为空闲。"	"仓位是否""占用""不作为独立可写状态保存，而是始终由光幕 DI 当前值推导：光幕 DI 表示有遮挡时为已占用，无遮挡时为空闲。正常情况下，放料使光幕 DI 进入有遮挡状态，取出使其进入无遮挡状态；故障注入时按 [[fr-003-exception-scenario-simulation|FR-003]] 与 [[dr-014-fault-injection-mirror-exception|DR-014]] 的规则呈现异常反馈。"	"4bc886336c5c46567fc82fc243cdc58695e88030f8d859f736503c5529fff724"	"simulator-interface-or-protocol-behavior-candidate"	"review-planning-source-without-verifiable-approval-chain"	"slots-simulator-test-control-and-modbus-interface"	"needs-simulator-interface-owner-and-explicit-approval"	"document-route:R10-candidate; unit-kind:markdown-paragraph; source-document-class:SIM-REQ; ledger-history:H-AI; see R10 Git history, derivation and status-correction groups"	"EVID-R10-001"	"not-approved"	"simulator-interface-owner;complete-versioned-interface-or-protocol-contract;named-approver;approval-date;approved-scope;version-or-sha256-binding"
"R10-A0681"	"R10"	"R10-18"	"slots-simulator/docs/01-requirements/fr-015-destination-station-unload-support.md"	"6dbc003a157de11ddbc68f5daef55b13692c8dd16fc8da5c598a8c11da7b1212"	"line 20"	"FR-015 终点站取出流程支持 > Description 需求描述"	"正常情况下，放料使光幕 DI 进入有遮挡状态，取出使其进入无遮挡状态；"	"仓位是否""占用""不作为独立可写状态保存，而是始终由光幕 DI 当前值推导：光幕 DI 表示有遮挡时为已占用，无遮挡时为空闲。正常情况下，放料使光幕 DI 进入有遮挡状态，取出使其进入无遮挡状态；故障注入时按 [[fr-003-exception-scenario-simulation|FR-003]] 与 [[dr-014-fault-injection-mirror-exception|DR-014]] 的规则呈现异常反馈。"	"41f54d52ee584f20972b4b747b85a397b18697981694fa946fb96233a6756383"	"simulator-interface-or-protocol-behavior-candidate"	"review-planning-source-without-verifiable-approval-chain"	"slots-simulator-test-control-and-modbus-interface"	"needs-simulator-interface-owner-and-explicit-approval"	"document-route:R10-candidate; unit-kind:markdown-paragraph; source-document-class:SIM-REQ; ledger-history:H-AI; see R10 Git history, derivation and status-correction groups"	"EVID-R10-001"	"not-approved"	"simulator-interface-owner;complete-versioned-interface-or-protocol-contract;named-approver;approval-date;approved-scope;version-or-sha256-binding"
"R10-A0682"	"R10"	"R10-18"	"slots-simulator/docs/01-requirements/fr-015-destination-station-unload-support.md"	"6dbc003a157de11ddbc68f5daef55b13692c8dd16fc8da5c598a8c11da7b1212"	"line 20"	"FR-015 终点站取出流程支持 > Description 需求描述"	"故障注入时按 [[fr-003-exception-scenario-simulation|FR-003]] 与 [[dr-014-fault-injection-mirror-exception|DR-014]] 的规则呈现异常反馈。"	"仓位是否""占用""不作为独立可写状态保存，而是始终由光幕 DI 当前值推导：光幕 DI 表示有遮挡时为已占用，无遮挡时为空闲。正常情况下，放料使光幕 DI 进入有遮挡状态，取出使其进入无遮挡状态；故障注入时按 [[fr-003-exception-scenario-simulation|FR-003]] 与 [[dr-014-fault-injection-mirror-exception|DR-014]] 的规则呈现异常反馈。"	"458a47d93f1673f86666ad65c47e712801ce74085c3021099bc29bee14047493"	"simulator-testability-or-operability-candidate"	"review-planning-source-without-verifiable-approval-chain"	"slots-simulator-development-test-tool-only"	"needs-simulator-product-owner-and-explicit-approval"	"document-route:R10-candidate; unit-kind:markdown-paragraph; source-document-class:SIM-REQ; ledger-history:H-AI; see R10 Git history, derivation and status-correction groups"	"none-found-within-r10-pass"	"not-approved"	"simulator-product-owner;approved-tool-scope-source;named-approver;approval-date;approved-scope;version-or-sha256-binding"
"R10-A0683"	"R10"	"R10-18"	"slots-simulator/docs/01-requirements/fr-015-destination-station-unload-support.md"	"6dbc003a157de11ddbc68f5daef55b13692c8dd16fc8da5c598a8c11da7b1212"	"line 22"	"FR-015 终点站取出流程支持 > Description 需求描述"	"目标站点匹配、产品身份/批次记录及""实物是否与系统记录一致""均属于被测主系统职责，不由模拟器存储、匹配或判定。"	"目标站点匹配、产品身份/批次记录及""实物是否与系统记录一致""均属于被测主系统职责，不由模拟器存储、匹配或判定。模拟器只提供可观察的硬件状态和动作结果，使主系统能够完成这些校验及异常处理。"	"dec2758ee2e504a8ec2749c8c5c708317fc3e5d63eee7e806ff25f19af3ba2d1"	"embedded-main-system-or-field-claim"	"review-planning-source-without-verifiable-approval-chain"	"8005-main-system-or-field-evidence-lead-not-simulator-approval"	"main-system-or-field-lead-evidence-only"	"document-route:R10-candidate; unit-kind:markdown-paragraph; source-document-class:SIM-REQ; ledger-history:H-AI; see R10 Git history, derivation and status-correction groups"	"BOUND-R10-001"	"not-approved"	"authoritative-main-system-source;do-not-reverse-infer-from-simulator-planning;named-approver;approval-date;approved-scope;version-or-sha256-binding"
"R10-A0684"	"R10"	"R10-18"	"slots-simulator/docs/01-requirements/fr-015-destination-station-unload-support.md"	"6dbc003a157de11ddbc68f5daef55b13692c8dd16fc8da5c598a8c11da7b1212"	"line 22"	"FR-015 终点站取出流程支持 > Description 需求描述"	"模拟器只提供可观察的硬件状态和动作结果，使主系统能够完成这些校验及异常处理。"	"目标站点匹配、产品身份/批次记录及""实物是否与系统记录一致""均属于被测主系统职责，不由模拟器存储、匹配或判定。模拟器只提供可观察的硬件状态和动作结果，使主系统能够完成这些校验及异常处理。"	"aadee4ff42b026b45e28cb15c77f9b715777113578e5f31b719995a1c4542674"	"simulator-configuration-or-validation-candidate"	"review-planning-source-without-verifiable-approval-chain"	"slots-simulator-configuration-layout-and-module-topology"	"needs-simulator-product-owner-and-explicit-approval"	"document-route:R10-candidate; unit-kind:markdown-paragraph; source-document-class:SIM-REQ; ledger-history:H-AI; see R10 Git history, derivation and status-correction groups"	"BOUND-R10-001"	"not-approved"	"simulator-product-owner;approved-tool-scope-source;named-approver;approval-date;approved-scope;version-or-sha256-binding"
"R10-A0685"	"R10"	"R10-18"	"slots-simulator/docs/01-requirements/fr-015-destination-station-unload-support.md"	"6dbc003a157de11ddbc68f5daef55b13692c8dd16fc8da5c598a8c11da7b1212"	"line 24"	"FR-015 终点站取出流程支持 > Description 需求描述"	"本 FR 与 [[fr-004-mis-stored-product-retrieval|FR-004]]（对应根目录 UC-005 主动纠错取出）虽然业务触发原因不同，但对模拟器而言使用相同的四个统一动作、[[fr-002-slot-state-machine-normal-flow|FR-002]] 状态机和 [[fr-003-exception-scenario-simulation|FR-003]] 故障注入能力；"	"本 FR 与 [[fr-004-mis-stored-product-retrieval|FR-004]]（对应根目录 UC-005 主动纠错取出）虽然业务触发原因不同，但对模拟器而言使用相同的四个统一动作、[[fr-002-slot-state-machine-normal-flow|FR-002]] 状态机和 [[fr-003-exception-scenario-simulation|FR-003]] 故障注入能力；差异由主系统的流程编排和记录校验承担。"	"930363d04b5d21f9701e6a2966603d9ca3c61560d9a4338aad02a3f878c85490"	"simulator-testability-or-operability-candidate"	"review-planning-source-without-verifiable-approval-chain"	"slots-simulator-development-test-tool-only"	"needs-simulator-product-owner-and-explicit-approval"	"document-route:R10-candidate; unit-kind:markdown-paragraph; source-document-class:SIM-REQ; ledger-history:H-AI; see R10 Git history, derivation and status-correction groups"	"BOUND-R10-001"	"not-approved"	"simulator-product-owner;approved-tool-scope-source;named-approver;approval-date;approved-scope;version-or-sha256-binding"
"R10-A0686"	"R10"	"R10-18"	"slots-simulator/docs/01-requirements/fr-015-destination-station-unload-support.md"	"6dbc003a157de11ddbc68f5daef55b13692c8dd16fc8da5c598a8c11da7b1212"	"line 24"	"FR-015 终点站取出流程支持 > Description 需求描述"	"差异由主系统的流程编排和记录校验承担。"	"本 FR 与 [[fr-004-mis-stored-product-retrieval|FR-004]]（对应根目录 UC-005 主动纠错取出）虽然业务触发原因不同，但对模拟器而言使用相同的四个统一动作、[[fr-002-slot-state-machine-normal-flow|FR-002]] 状态机和 [[fr-003-exception-scenario-simulation|FR-003]] 故障注入能力；差异由主系统的流程编排和记录校验承担。"	"56a4239194faf16deb2a3d6a75a4e05beeac7651568666373649c2e80188af8a"	"simulator-configuration-or-validation-candidate"	"review-planning-source-without-verifiable-approval-chain"	"slots-simulator-configuration-layout-and-module-topology"	"needs-simulator-product-owner-and-explicit-approval"	"document-route:R10-candidate; unit-kind:markdown-paragraph; source-document-class:SIM-REQ; ledger-history:H-AI; see R10 Git history, derivation and status-correction groups"	"BOUND-R10-001"	"not-approved"	"simulator-product-owner;approved-tool-scope-source;named-approver;approval-date;approved-scope;version-or-sha256-binding"
"R10-A0687"	"R10"	"R10-18"	"slots-simulator/docs/01-requirements/fr-015-destination-station-unload-support.md"	"6dbc003a157de11ddbc68f5daef55b13692c8dd16fc8da5c598a8c11da7b1212"	"line 28"	"FR-015 终点站取出流程支持 > Origin 需求来源"	"根目录 [UC-010 终点站取出产品存料](../../../requirement-documents/03-use-cases/uc-010-unload-completed-lot-at-destination-station.md)。"	"根目录 [UC-010 终点站取出产品存料](../../../requirement-documents/03-use-cases/uc-010-unload-completed-lot-at-destination-station.md)。该 UC 是在 slots-simulator 首批需求梳理（[[dr-003-first-batch-scenarios|DR-003]]）之后才补写的，此前未被纳入模拟器覆盖范围内，属于遗漏后的补充；覆盖范围更新依据见 DR-003。"	"2f267179a2173312d67d97660db4d2b20433963188c641ec8c12f428c9bfb469"	"source-origin-background-or-traceability-evidence"	"review-planning-source-without-verifiable-approval-chain"	"slots-simulator-development-test-tool-only"	"source-or-traceability-evidence-only"	"document-route:R10-candidate; unit-kind:markdown-paragraph; source-document-class:SIM-REQ; ledger-history:H-AI; see R10 Git history, derivation and status-correction groups"	"BOUND-R10-001"	"not-approved"	"evidence-only-not-an-approval-unit;named-approver;approval-date;approved-scope;version-or-sha256-binding"
"R10-A0688"	"R10"	"R10-18"	"slots-simulator/docs/01-requirements/fr-015-destination-station-unload-support.md"	"6dbc003a157de11ddbc68f5daef55b13692c8dd16fc8da5c598a8c11da7b1212"	"line 28"	"FR-015 终点站取出流程支持 > Origin 需求来源"	"该 UC 是在 slots-simulator 首批需求梳理（[[dr-003-first-batch-scenarios|DR-003]]）之后才补写的，此前未被纳入模拟器覆盖范围内，属于遗漏后的补充；"	"根目录 [UC-010 终点站取出产品存料](../../../requirement-documents/03-use-cases/uc-010-unload-completed-lot-at-destination-station.md)。该 UC 是在 slots-simulator 首批需求梳理（[[dr-003-first-batch-scenarios|DR-003]]）之后才补写的，此前未被纳入模拟器覆盖范围内，属于遗漏后的补充；覆盖范围更新依据见 DR-003。"	"4718c7fdcad82055b9d4119db5e92de56bf22302b9666e3c8074c821474fbd56"	"source-origin-background-or-traceability-evidence"	"review-planning-source-without-verifiable-approval-chain"	"slots-simulator-development-test-tool-only"	"source-or-traceability-evidence-only"	"document-route:R10-candidate; unit-kind:markdown-paragraph; source-document-class:SIM-REQ; ledger-history:H-AI; see R10 Git history, derivation and status-correction groups"	"none-found-within-r10-pass"	"not-approved"	"evidence-only-not-an-approval-unit;named-approver;approval-date;approved-scope;version-or-sha256-binding"
"R10-A0689"	"R10"	"R10-18"	"slots-simulator/docs/01-requirements/fr-015-destination-station-unload-support.md"	"6dbc003a157de11ddbc68f5daef55b13692c8dd16fc8da5c598a8c11da7b1212"	"line 28"	"FR-015 终点站取出流程支持 > Origin 需求来源"	"覆盖范围更新依据见 DR-003。"	"根目录 [UC-010 终点站取出产品存料](../../../requirement-documents/03-use-cases/uc-010-unload-completed-lot-at-destination-station.md)。该 UC 是在 slots-simulator 首批需求梳理（[[dr-003-first-batch-scenarios|DR-003]]）之后才补写的，此前未被纳入模拟器覆盖范围内，属于遗漏后的补充；覆盖范围更新依据见 DR-003。"	"fbf0abdf3b2a462df5a635e2e46d001f19da10a887ca3f9e2f4fd65a6fe5db43"	"source-origin-background-or-traceability-evidence"	"review-planning-source-without-verifiable-approval-chain"	"slots-simulator-development-test-tool-only"	"source-or-traceability-evidence-only"	"document-route:R10-candidate; unit-kind:markdown-paragraph; source-document-class:SIM-REQ; ledger-history:H-AI; see R10 Git history, derivation and status-correction groups"	"none-found-within-r10-pass"	"not-approved"	"evidence-only-not-an-approval-unit;named-approver;approval-date;approved-scope;version-or-sha256-binding"
"R10-A0690"	"R10"	"R10-18"	"slots-simulator/docs/01-requirements/fr-015-destination-station-unload-support.md"	"6dbc003a157de11ddbc68f5daef55b13692c8dd16fc8da5c598a8c11da7b1212"	"line 32"	"FR-015 终点站取出流程支持 > Acceptance Criteria 验收标准"	"WPF 与自动化控制 API 均暴露 `关门`、`放料`、`取出` 三个人工动作；"	"WPF 与自动化控制 API 均暴露 `关门`、`放料`、`取出` 三个人工动作；开门由 Modbus 开锁成功后自动发生。"	"5207b3407db06e61327fc384ea6fbeb7a09905d3db8a31a09ab5a1dc2fc3d5b3"	"embedded-simulator-technical-design-choice"	"review-planning-source-without-verifiable-approval-chain"	"slots-simulator-development-test-tool-only"	"exclude-from-requirement-approval"	"document-route:R10-candidate; unit-kind:markdown-flow-or-list-item; source-document-class:SIM-REQ; ledger-history:H-AI; see R10 Git history, derivation and status-correction groups"	"none-found-within-r10-pass"	"not-approved"	"separate-technical-design-review;approved-simulator-behavior-source-if-mechanism-is-mandatory;named-approver;approval-date;approved-scope;version-or-sha256-binding"
"R10-A0691"	"R10"	"R10-18"	"slots-simulator/docs/01-requirements/fr-015-destination-station-unload-support.md"	"6dbc003a157de11ddbc68f5daef55b13692c8dd16fc8da5c598a8c11da7b1212"	"line 32"	"FR-015 终点站取出流程支持 > Acceptance Criteria 验收标准"	"开门由 Modbus 开锁成功后自动发生。"	"WPF 与自动化控制 API 均暴露 `关门`、`放料`、`取出` 三个人工动作；开门由 Modbus 开锁成功后自动发生。"	"863b969003b0a7a71866bea7cc285574050c10559235cd7a03562403304f61ce"	"simulator-interface-or-protocol-behavior-candidate"	"review-planning-source-without-verifiable-approval-chain"	"slots-simulator-test-control-and-modbus-interface"	"needs-simulator-interface-owner-and-explicit-approval"	"document-route:R10-candidate; unit-kind:markdown-flow-or-list-item; source-document-class:SIM-REQ; ledger-history:H-AI; see R10 Git history, derivation and status-correction groups"	"GAP-R10-001"	"not-approved"	"simulator-interface-owner;complete-versioned-interface-or-protocol-contract;named-approver;approval-date;approved-scope;version-or-sha256-binding"
"R10-A0692"	"R10"	"R10-18"	"slots-simulator/docs/01-requirements/fr-015-destination-station-unload-support.md"	"6dbc003a157de11ddbc68f5daef55b13692c8dd16fc8da5c598a8c11da7b1212"	"line 33"	"FR-015 终点站取出流程支持 > Acceptance Criteria 验收标准"	"有效开锁脉冲自动使门打开、锁 DI 变为未锁；"	"有效开锁脉冲自动使门打开、锁 DI 变为未锁；DO 复位不令锁 DI 自动锁闭。`关门` 在 DO 已复位时更新内部门状态并使锁 DI 锁闭，门状态不映射为独立 DI。"	"e191f80795ab90203bea23df6a591e82d5c52faba7fa2caad9ee1332e355c4b9"	"simulator-interface-or-protocol-behavior-candidate"	"review-planning-source-without-verifiable-approval-chain"	"slots-simulator-test-control-and-modbus-interface"	"needs-simulator-interface-owner-and-explicit-approval"	"document-route:R10-candidate; unit-kind:markdown-flow-or-list-item; source-document-class:SIM-REQ; ledger-history:H-AI; see R10 Git history, derivation and status-correction groups"	"none-found-within-r10-pass"	"not-approved"	"simulator-interface-owner;complete-versioned-interface-or-protocol-contract;named-approver;approval-date;approved-scope;version-or-sha256-binding"
"R10-A0693"	"R10"	"R10-18"	"slots-simulator/docs/01-requirements/fr-015-destination-station-unload-support.md"	"6dbc003a157de11ddbc68f5daef55b13692c8dd16fc8da5c598a8c11da7b1212"	"line 33"	"FR-015 终点站取出流程支持 > Acceptance Criteria 验收标准"	"DO 复位不令锁 DI 自动锁闭。"	"有效开锁脉冲自动使门打开、锁 DI 变为未锁；DO 复位不令锁 DI 自动锁闭。`关门` 在 DO 已复位时更新内部门状态并使锁 DI 锁闭，门状态不映射为独立 DI。"	"1d105937849493fd9a2c9a080ae3fdbc305a7ad9ec80c1f0dd96d2fb5a77f9db"	"simulator-interface-or-protocol-behavior-candidate"	"review-planning-source-without-verifiable-approval-chain"	"slots-simulator-test-control-and-modbus-interface"	"needs-simulator-interface-owner-and-explicit-approval"	"document-route:R10-candidate; unit-kind:markdown-flow-or-list-item; source-document-class:SIM-REQ; ledger-history:H-AI; see R10 Git history, derivation and status-correction groups"	"CF-R10-001"	"not-approved"	"simulator-interface-owner;complete-versioned-interface-or-protocol-contract;named-approver;approval-date;approved-scope;version-or-sha256-binding"
"R10-A0694"	"R10"	"R10-18"	"slots-simulator/docs/01-requirements/fr-015-destination-station-unload-support.md"	"6dbc003a157de11ddbc68f5daef55b13692c8dd16fc8da5c598a8c11da7b1212"	"line 33"	"FR-015 终点站取出流程支持 > Acceptance Criteria 验收标准"	"`关门` 在 DO 已复位时更新内部门状态并使锁 DI 锁闭，门状态不映射为独立 DI。"	"有效开锁脉冲自动使门打开、锁 DI 变为未锁；DO 复位不令锁 DI 自动锁闭。`关门` 在 DO 已复位时更新内部门状态并使锁 DI 锁闭，门状态不映射为独立 DI。"	"34824def9ec1044cc033ae4b53fc8ebe87b7dd503a0a425f7e109bf4faebf318"	"simulator-configuration-or-validation-candidate"	"review-planning-source-without-verifiable-approval-chain"	"slots-simulator-configuration-layout-and-module-topology"	"needs-simulator-product-owner-and-explicit-approval"	"document-route:R10-candidate; unit-kind:markdown-flow-or-list-item; source-document-class:SIM-REQ; ledger-history:H-AI; see R10 Git history, derivation and status-correction groups"	"CF-R10-001"	"not-approved"	"simulator-product-owner;approved-tool-scope-source;named-approver;approval-date;approved-scope;version-or-sha256-binding"
"R10-A0695"	"R10"	"R10-18"	"slots-simulator/docs/01-requirements/fr-015-destination-station-unload-support.md"	"6dbc003a157de11ddbc68f5daef55b13692c8dd16fc8da5c598a8c11da7b1212"	"line 34"	"FR-015 终点站取出流程支持 > Acceptance Criteria 验收标准"	"`放料` 与 `取出` 更新仓位内实际遮挡情况；"	"`放料` 与 `取出` 更新仓位内实际遮挡情况；正常反馈下分别令光幕 DI 表示有遮挡与无遮挡。占用状态在所有界面、API 和流程中均由光幕 DI 推导，不维护第二份可写占用标志。"	"2f1dca54fc303d91c11de03819a7236c32ecd8c3091728a502df45f87a1290fe"	"simulator-slot-behavior-or-fault-stimulus-candidate"	"review-planning-source-without-verifiable-approval-chain"	"slots-simulator-development-test-tool-only"	"needs-simulator-hardware-behavior-owner-and-explicit-approval"	"document-route:R10-candidate; unit-kind:markdown-flow-or-list-item; source-document-class:SIM-REQ; ledger-history:H-AI; see R10 Git history, derivation and status-correction groups"	"none-found-within-r10-pass"	"not-approved"	"simulator-hardware-behavior-owner;bound-8005-field-evidence-and-polarity-normalization;named-approver;approval-date;approved-scope;version-or-sha256-binding"
"R10-A0696"	"R10"	"R10-18"	"slots-simulator/docs/01-requirements/fr-015-destination-station-unload-support.md"	"6dbc003a157de11ddbc68f5daef55b13692c8dd16fc8da5c598a8c11da7b1212"	"line 34"	"FR-015 终点站取出流程支持 > Acceptance Criteria 验收标准"	"正常反馈下分别令光幕 DI 表示有遮挡与无遮挡。"	"`放料` 与 `取出` 更新仓位内实际遮挡情况；正常反馈下分别令光幕 DI 表示有遮挡与无遮挡。占用状态在所有界面、API 和流程中均由光幕 DI 推导，不维护第二份可写占用标志。"	"c3558e09278afa7aea6769f201cf3a7aaa071dcae18938d2794911e2fa94883d"	"simulator-interface-or-protocol-behavior-candidate"	"review-planning-source-without-verifiable-approval-chain"	"slots-simulator-test-control-and-modbus-interface"	"needs-simulator-interface-owner-and-explicit-approval"	"document-route:R10-candidate; unit-kind:markdown-flow-or-list-item; source-document-class:SIM-REQ; ledger-history:H-AI; see R10 Git history, derivation and status-correction groups"	"EVID-R10-001"	"not-approved"	"simulator-interface-owner;complete-versioned-interface-or-protocol-contract;named-approver;approval-date;approved-scope;version-or-sha256-binding"
"R10-A0697"	"R10"	"R10-18"	"slots-simulator/docs/01-requirements/fr-015-destination-station-unload-support.md"	"6dbc003a157de11ddbc68f5daef55b13692c8dd16fc8da5c598a8c11da7b1212"	"line 34"	"FR-015 终点站取出流程支持 > Acceptance Criteria 验收标准"	"占用状态在所有界面、API 和流程中均由光幕 DI 推导，不维护第二份可写占用标志。"	"`放料` 与 `取出` 更新仓位内实际遮挡情况；正常反馈下分别令光幕 DI 表示有遮挡与无遮挡。占用状态在所有界面、API 和流程中均由光幕 DI 推导，不维护第二份可写占用标志。"	"0ca7615d62934c846895167a6d834a9073759917da284945ba8ed29b900a948b"	"simulator-operator-ui-behavior-candidate"	"review-planning-source-without-verifiable-approval-chain"	"slots-simulator-internal-developer-ui"	"needs-simulator-product-owner-and-explicit-approval"	"document-route:R10-candidate; unit-kind:markdown-flow-or-list-item; source-document-class:SIM-REQ; ledger-history:H-AI; see R10 Git history, derivation and status-correction groups"	"EVID-R10-001"	"not-approved"	"simulator-product-owner;approved-tool-scope-source;named-approver;approval-date;approved-scope;version-or-sha256-binding"
"R10-A0698"	"R10"	"R10-18"	"slots-simulator/docs/01-requirements/fr-015-destination-station-unload-support.md"	"6dbc003a157de11ddbc68f5daef55b13692c8dd16fc8da5c598a8c11da7b1212"	"line 35"	"FR-015 终点站取出流程支持 > Acceptance Criteria 验收标准"	"支持 UC-010 所需的硬件异常观测：开锁失败复用故障注入；"	"支持 UC-010 所需的硬件异常观测：开锁失败复用故障注入；开门后无产品表现为光幕 DI 无遮挡；关门后残留表现为光幕 DI 仍有遮挡。产品身份或记录是否匹配由主系统判断。"	"da77f58e3a62485b8173ff886b89ef558e298809251887380837181463d3f486"	"simulator-testability-or-operability-candidate"	"review-planning-source-without-verifiable-approval-chain"	"slots-simulator-development-test-tool-only"	"needs-simulator-product-owner-and-explicit-approval"	"document-route:R10-candidate; unit-kind:markdown-flow-or-list-item; source-document-class:SIM-REQ; ledger-history:H-AI; see R10 Git history, derivation and status-correction groups"	"BOUND-R10-001,CF-R10-001"	"not-approved"	"simulator-product-owner;approved-tool-scope-source;named-approver;approval-date;approved-scope;version-or-sha256-binding"
"R10-A0699"	"R10"	"R10-18"	"slots-simulator/docs/01-requirements/fr-015-destination-station-unload-support.md"	"6dbc003a157de11ddbc68f5daef55b13692c8dd16fc8da5c598a8c11da7b1212"	"line 35"	"FR-015 终点站取出流程支持 > Acceptance Criteria 验收标准"	"开门后无产品表现为光幕 DI 无遮挡；"	"支持 UC-010 所需的硬件异常观测：开锁失败复用故障注入；开门后无产品表现为光幕 DI 无遮挡；关门后残留表现为光幕 DI 仍有遮挡。产品身份或记录是否匹配由主系统判断。"	"2b177cabb5faae7212cc309b1213e4d3f8c9638a270ae7f80bc1412ed5c48005"	"simulator-interface-or-protocol-behavior-candidate"	"review-planning-source-without-verifiable-approval-chain"	"slots-simulator-test-control-and-modbus-interface"	"needs-simulator-interface-owner-and-explicit-approval"	"document-route:R10-candidate; unit-kind:markdown-flow-or-list-item; source-document-class:SIM-REQ; ledger-history:H-AI; see R10 Git history, derivation and status-correction groups"	"EVID-R10-001"	"not-approved"	"simulator-interface-owner;complete-versioned-interface-or-protocol-contract;named-approver;approval-date;approved-scope;version-or-sha256-binding"
"R10-A0700"	"R10"	"R10-18"	"slots-simulator/docs/01-requirements/fr-015-destination-station-unload-support.md"	"6dbc003a157de11ddbc68f5daef55b13692c8dd16fc8da5c598a8c11da7b1212"	"line 35"	"FR-015 终点站取出流程支持 > Acceptance Criteria 验收标准"	"关门后残留表现为光幕 DI 仍有遮挡。"	"支持 UC-010 所需的硬件异常观测：开锁失败复用故障注入；开门后无产品表现为光幕 DI 无遮挡；关门后残留表现为光幕 DI 仍有遮挡。产品身份或记录是否匹配由主系统判断。"	"e2d3125ead4b5c765cc49654a696aa4ad1d3a656c7bf9404a1aaf967c0a710db"	"simulator-interface-or-protocol-behavior-candidate"	"review-planning-source-without-verifiable-approval-chain"	"slots-simulator-test-control-and-modbus-interface"	"needs-simulator-interface-owner-and-explicit-approval"	"document-route:R10-candidate; unit-kind:markdown-flow-or-list-item; source-document-class:SIM-REQ; ledger-history:H-AI; see R10 Git history, derivation and status-correction groups"	"EVID-R10-001"	"not-approved"	"simulator-interface-owner;complete-versioned-interface-or-protocol-contract;named-approver;approval-date;approved-scope;version-or-sha256-binding"
"R10-A0701"	"R10"	"R10-18"	"slots-simulator/docs/01-requirements/fr-015-destination-station-unload-support.md"	"6dbc003a157de11ddbc68f5daef55b13692c8dd16fc8da5c598a8c11da7b1212"	"line 35"	"FR-015 终点站取出流程支持 > Acceptance Criteria 验收标准"	"产品身份或记录是否匹配由主系统判断。"	"支持 UC-010 所需的硬件异常观测：开锁失败复用故障注入；开门后无产品表现为光幕 DI 无遮挡；关门后残留表现为光幕 DI 仍有遮挡。产品身份或记录是否匹配由主系统判断。"	"cf690b30611b93452e04485c11032c8caa4f63d075ade6db2e057e9b18ffd213"	"embedded-main-system-or-field-claim"	"review-planning-source-without-verifiable-approval-chain"	"8005-main-system-or-field-evidence-lead-not-simulator-approval"	"main-system-or-field-lead-evidence-only"	"document-route:R10-candidate; unit-kind:markdown-flow-or-list-item; source-document-class:SIM-REQ; ledger-history:H-AI; see R10 Git history, derivation and status-correction groups"	"BOUND-R10-001"	"not-approved"	"authoritative-main-system-source;do-not-reverse-infer-from-simulator-planning;named-approver;approval-date;approved-scope;version-or-sha256-binding"
"R10-A0702"	"R10"	"R10-18"	"slots-simulator/docs/01-requirements/fr-015-destination-station-unload-support.md"	"6dbc003a157de11ddbc68f5daef55b13692c8dd16fc8da5c598a8c11da7b1212"	"line 36"	"FR-015 终点站取出流程支持 > Acceptance Criteria 验收标准"	"模拟器不接收或解释目标站点、产品身份、批次记录，不自动筛选待取仓位；"	"模拟器不接收或解释目标站点、产品身份、批次记录，不自动筛选待取仓位；主系统负责目标站点匹配、产品记录校验并向选定仓位发起动作。"	"e64f17a256aec1f282780899590b465d64894de20b7f4422040c4cb2bdf2af86"	"simulator-slot-behavior-or-fault-stimulus-candidate"	"review-planning-source-without-verifiable-approval-chain"	"slots-simulator-development-test-tool-only"	"needs-simulator-hardware-behavior-owner-and-explicit-approval"	"document-route:R10-candidate; unit-kind:markdown-flow-or-list-item; source-document-class:SIM-REQ; ledger-history:H-AI; see R10 Git history, derivation and status-correction groups"	"BOUND-R10-001"	"not-approved"	"simulator-hardware-behavior-owner;bound-8005-field-evidence-and-polarity-normalization;named-approver;approval-date;approved-scope;version-or-sha256-binding"
"R10-A0703"	"R10"	"R10-18"	"slots-simulator/docs/01-requirements/fr-015-destination-station-unload-support.md"	"6dbc003a157de11ddbc68f5daef55b13692c8dd16fc8da5c598a8c11da7b1212"	"line 36"	"FR-015 终点站取出流程支持 > Acceptance Criteria 验收标准"	"主系统负责目标站点匹配、产品记录校验并向选定仓位发起动作。"	"模拟器不接收或解释目标站点、产品身份、批次记录，不自动筛选待取仓位；主系统负责目标站点匹配、产品记录校验并向选定仓位发起动作。"	"34999398c191ef337d4cad314cbf9b44947305e16a445b573fcebd6080bd2205"	"embedded-main-system-or-field-claim"	"review-planning-source-without-verifiable-approval-chain"	"8005-main-system-or-field-evidence-lead-not-simulator-approval"	"main-system-or-field-lead-evidence-only"	"document-route:R10-candidate; unit-kind:markdown-flow-or-list-item; source-document-class:SIM-REQ; ledger-history:H-AI; see R10 Git history, derivation and status-correction groups"	"BOUND-R10-001"	"not-approved"	"authoritative-main-system-source;do-not-reverse-infer-from-simulator-planning;named-approver;approval-date;approved-scope;version-or-sha256-binding"
"R10-A0704"	"R10"	"R10-18"	"slots-simulator/docs/01-requirements/fr-015-destination-station-unload-support.md"	"6dbc003a157de11ddbc68f5daef55b13692c8dd16fc8da5c598a8c11da7b1212"	"line 37"	"FR-015 终点站取出流程支持 > Acceptance Criteria 验收标准"	"同一仓位的动作必须按到达顺序串行执行，前一动作完成后下一动作才可改变该仓位状态；"	"同一仓位的动作必须按到达顺序串行执行，前一动作完成后下一动作才可改变该仓位状态；不同仓位的动作可并行执行且状态、故障与结果互不阻塞。"	"6eb898d7b089e6c26de2004d8347e985094a13f0123cca6c634bd897387743cf"	"simulator-testability-or-operability-candidate"	"review-planning-source-without-verifiable-approval-chain"	"slots-simulator-development-test-tool-only"	"needs-simulator-product-owner-and-explicit-approval"	"document-route:R10-candidate; unit-kind:markdown-flow-or-list-item; source-document-class:SIM-REQ; ledger-history:H-AI; see R10 Git history, derivation and status-correction groups"	"none-found-within-r10-pass"	"not-approved"	"simulator-product-owner;approved-tool-scope-source;named-approver;approval-date;approved-scope;version-or-sha256-binding"
"R10-A0705"	"R10"	"R10-18"	"slots-simulator/docs/01-requirements/fr-015-destination-station-unload-support.md"	"6dbc003a157de11ddbc68f5daef55b13692c8dd16fc8da5c598a8c11da7b1212"	"line 37"	"FR-015 终点站取出流程支持 > Acceptance Criteria 验收标准"	"不同仓位的动作可并行执行且状态、故障与结果互不阻塞。"	"同一仓位的动作必须按到达顺序串行执行，前一动作完成后下一动作才可改变该仓位状态；不同仓位的动作可并行执行且状态、故障与结果互不阻塞。"	"3b188fcc06e7b63e45f402ea5a6bb80099c6d5c8b1bb7c33a0e7057b64120bf3"	"simulator-testability-or-operability-candidate"	"review-planning-source-without-verifiable-approval-chain"	"slots-simulator-development-test-tool-only"	"needs-simulator-product-owner-and-explicit-approval"	"document-route:R10-candidate; unit-kind:markdown-flow-or-list-item; source-document-class:SIM-REQ; ledger-history:H-AI; see R10 Git history, derivation and status-correction groups"	"none-found-within-r10-pass"	"not-approved"	"simulator-product-owner;approved-tool-scope-source;named-approver;approval-date;approved-scope;version-or-sha256-binding"
"R10-A0706"	"R10"	"R10-18"	"slots-simulator/docs/01-requirements/fr-015-destination-station-unload-support.md"	"6dbc003a157de11ddbc68f5daef55b13692c8dd16fc8da5c598a8c11da7b1212"	"line 38"	"FR-015 终点站取出流程支持 > Acceptance Criteria 验收标准"	"某一仓位的动作失败或异常不得自动取消、回滚或阻塞其他仓位的动作。"	"某一仓位的动作失败或异常不得自动取消、回滚或阻塞其他仓位的动作。"	"3d955fe737693a40431969d7009c7846ebe9562b62894548fb1f9386a2638ff6"	"simulator-slot-behavior-or-fault-stimulus-candidate"	"review-planning-source-without-verifiable-approval-chain"	"slots-simulator-development-test-tool-only"	"needs-simulator-hardware-behavior-owner-and-explicit-approval"	"document-route:R10-candidate; unit-kind:markdown-flow-or-list-item; source-document-class:SIM-REQ; ledger-history:H-AI; see R10 Git history, derivation and status-correction groups"	"none-found-within-r10-pass"	"not-approved"	"simulator-hardware-behavior-owner;bound-8005-field-evidence-and-polarity-normalization;named-approver;approval-date;approved-scope;version-or-sha256-binding"
"R10-A0707"	"R10"	"R10-18"	"slots-simulator/docs/01-requirements/fr-015-destination-station-unload-support.md"	"6dbc003a157de11ddbc68f5daef55b13692c8dd16fc8da5c598a8c11da7b1212"	"line 42"	"FR-015 终点站取出流程支持 > Related Use Case 关联用例"	"[UC-010 终点站取出产品存料](../../../requirement-documents/03-use-cases/uc-010-unload-completed-lot-at-destination-station.md)。"	"[UC-010 终点站取出产品存料](../../../requirement-documents/03-use-cases/uc-010-unload-completed-lot-at-destination-station.md)。"	"baf2f3d79ec7a19d48d0614bbb656656bde350d848f20c6e5ec17bb3f6edd295"	"source-origin-background-or-traceability-evidence"	"review-planning-source-without-verifiable-approval-chain"	"slots-simulator-development-test-tool-only"	"source-or-traceability-evidence-only"	"document-route:R10-candidate; unit-kind:markdown-paragraph; source-document-class:SIM-REQ; ledger-history:H-AI; see R10 Git history, derivation and status-correction groups"	"BOUND-R10-001"	"not-approved"	"evidence-only-not-an-approval-unit;named-approver;approval-date;approved-scope;version-or-sha256-binding"
"R10-A0708"	"R10"	"R10-18"	"slots-simulator/docs/01-requirements/fr-015-destination-station-unload-support.md"	"6dbc003a157de11ddbc68f5daef55b13692c8dd16fc8da5c598a8c11da7b1212"	"line 46"	"FR-015 终点站取出流程支持 > Verification 验证方式"	"**TC-FR-015-001（编号预留）**"	"**TC-FR-015-001（编号预留）**"	"36f09b33183e38c1db15f2f1edaa8e3cd73e5e72977e907834449727aeaf5462"	"reserved-verification-plan-evidence"	"review-planning-source-without-verifiable-approval-chain"	"slots-simulator-development-test-tool-only"	"test-plan-evidence-only"	"document-route:R10-candidate; unit-kind:markdown-flow-or-list-item; source-document-class:SIM-REQ; ledger-history:H-AI; see R10 Git history, derivation and status-correction groups"	"none-found-within-r10-pass"	"not-approved"	"evidence-only-not-an-approval-unit;named-approver;approval-date;approved-scope;version-or-sha256-binding"
"R10-A0709"	"R10"	"R10-18"	"slots-simulator/docs/01-requirements/fr-015-destination-station-unload-support.md"	"6dbc003a157de11ddbc68f5daef55b13692c8dd16fc8da5c598a8c11da7b1212"	"line 47"	"FR-015 终点站取出流程支持 > Verification 验证方式"	"**Given** 仓位已解锁、光幕 DI 表示有遮挡"	"**Given** 仓位已解锁、光幕 DI 表示有遮挡"	"6f2957269dc5793b5a1ff5980ebbc86aca29152a69a4fc3599d024c743416527"	"reserved-verification-plan-evidence"	"review-planning-source-without-verifiable-approval-chain"	"slots-simulator-development-test-tool-only"	"test-plan-evidence-only"	"document-route:R10-candidate; unit-kind:markdown-flow-or-list-item; source-document-class:SIM-REQ; ledger-history:H-AI; see R10 Git history, derivation and status-correction groups"	"EVID-R10-001"	"not-approved"	"evidence-only-not-an-approval-unit;named-approver;approval-date;approved-scope;version-or-sha256-binding"
"R10-A0710"	"R10"	"R10-18"	"slots-simulator/docs/01-requirements/fr-015-destination-station-unload-support.md"	"6dbc003a157de11ddbc68f5daef55b13692c8dd16fc8da5c598a8c11da7b1212"	"line 48"	"FR-015 终点站取出流程支持 > Verification 验证方式"	"**When** Modbus 开锁自动弹门后依次执行取出、关门"	"**When** Modbus 开锁自动弹门后依次执行取出、关门"	"ae3c851eb49bac09557695aafc7f2a5b39d5bd462b7b9aad8f707c3b1bd29c80"	"reserved-verification-plan-evidence"	"review-planning-source-without-verifiable-approval-chain"	"slots-simulator-development-test-tool-only"	"test-plan-evidence-only"	"document-route:R10-candidate; unit-kind:markdown-flow-or-list-item; source-document-class:SIM-REQ; ledger-history:H-AI; see R10 Git history, derivation and status-correction groups"	"GAP-R10-001"	"not-approved"	"evidence-only-not-an-approval-unit;named-approver;approval-date;approved-scope;version-or-sha256-binding"
"R10-A0711"	"R10"	"R10-18"	"slots-simulator/docs/01-requirements/fr-015-destination-station-unload-support.md"	"6dbc003a157de11ddbc68f5daef55b13692c8dd16fc8da5c598a8c11da7b1212"	"line 49"	"FR-015 终点站取出流程支持 > Verification 验证方式"	"**Then** 动作均成功，取出后光幕 DI 表示无遮挡且派生占用状态为空闲"	"**Then** 动作均成功，取出后光幕 DI 表示无遮挡且派生占用状态为空闲"	"3fe9c8c838c17aba6d8784ac20e5ef110896e1e644741b1a7c777e12e5ec09b8"	"reserved-verification-plan-evidence"	"review-planning-source-without-verifiable-approval-chain"	"slots-simulator-development-test-tool-only"	"test-plan-evidence-only"	"document-route:R10-candidate; unit-kind:markdown-flow-or-list-item; source-document-class:SIM-REQ; ledger-history:H-AI; see R10 Git history, derivation and status-correction groups"	"EVID-R10-001"	"not-approved"	"evidence-only-not-an-approval-unit;named-approver;approval-date;approved-scope;version-or-sha256-binding"
"R10-A0712"	"R10"	"R10-18"	"slots-simulator/docs/01-requirements/fr-015-destination-station-unload-support.md"	"6dbc003a157de11ddbc68f5daef55b13692c8dd16fc8da5c598a8c11da7b1212"	"line 50"	"FR-015 终点站取出流程支持 > Verification 验证方式"	"**TC-FR-015-002（编号预留）**"	"**TC-FR-015-002（编号预留）**"	"d58e7fa63c5add0c9ee1e6434607d2b72f5dd338dad84a93da7415da1f3d461e"	"reserved-verification-plan-evidence"	"review-planning-source-without-verifiable-approval-chain"	"slots-simulator-development-test-tool-only"	"test-plan-evidence-only"	"document-route:R10-candidate; unit-kind:markdown-flow-or-list-item; source-document-class:SIM-REQ; ledger-history:H-AI; see R10 Git history, derivation and status-correction groups"	"none-found-within-r10-pass"	"not-approved"	"evidence-only-not-an-approval-unit;named-approver;approval-date;approved-scope;version-or-sha256-binding"
"R10-A0713"	"R10"	"R10-18"	"slots-simulator/docs/01-requirements/fr-015-destination-station-unload-support.md"	"6dbc003a157de11ddbc68f5daef55b13692c8dd16fc8da5c598a8c11da7b1212"	"line 51"	"FR-015 终点站取出流程支持 > Verification 验证方式"	"**Given** WPF 和自动化控制 API 指向相同初始状态的仓位"	"**Given** WPF 和自动化控制 API 指向相同初始状态的仓位"	"d88617f6ec82cf55d0d4f71c65948a332443c02796cba75861d746ba5e2dd877"	"reserved-verification-plan-evidence"	"review-planning-source-without-verifiable-approval-chain"	"slots-simulator-development-test-tool-only"	"test-plan-evidence-only"	"document-route:R10-candidate; unit-kind:markdown-flow-or-list-item; source-document-class:SIM-REQ; ledger-history:H-AI; see R10 Git history, derivation and status-correction groups"	"none-found-within-r10-pass"	"not-approved"	"evidence-only-not-an-approval-unit;named-approver;approval-date;approved-scope;version-or-sha256-binding"
"R10-A0714"	"R10"	"R10-18"	"slots-simulator/docs/01-requirements/fr-015-destination-station-unload-support.md"	"6dbc003a157de11ddbc68f5daef55b13692c8dd16fc8da5c598a8c11da7b1212"	"line 52"	"FR-015 终点站取出流程支持 > Verification 验证方式"	"**When** 分别通过两种入口执行关门、放料、取出"	"**When** 分别通过两种入口执行关门、放料、取出"	"7294852937336fd4e43b150b20e67d1b5525568622b79a9d860455012083e52c"	"reserved-verification-plan-evidence"	"review-planning-source-without-verifiable-approval-chain"	"slots-simulator-development-test-tool-only"	"test-plan-evidence-only"	"document-route:R10-candidate; unit-kind:markdown-flow-or-list-item; source-document-class:SIM-REQ; ledger-history:H-AI; see R10 Git history, derivation and status-correction groups"	"none-found-within-r10-pass"	"not-approved"	"evidence-only-not-an-approval-unit;named-approver;approval-date;approved-scope;version-or-sha256-binding"
"R10-A0715"	"R10"	"R10-18"	"slots-simulator/docs/01-requirements/fr-015-destination-station-unload-support.md"	"6dbc003a157de11ddbc68f5daef55b13692c8dd16fc8da5c598a8c11da7b1212"	"line 53"	"FR-015 终点站取出流程支持 > Verification 验证方式"	"**Then** 三个动作的前置条件、状态变化和错误语义一致"	"**Then** 三个动作的前置条件、状态变化和错误语义一致"	"3efc8bc069ceb7071522d91a76793dfeed41292e5d3a19447fc639ee0da5e216"	"reserved-verification-plan-evidence"	"review-planning-source-without-verifiable-approval-chain"	"slots-simulator-development-test-tool-only"	"test-plan-evidence-only"	"document-route:R10-candidate; unit-kind:markdown-flow-or-list-item; source-document-class:SIM-REQ; ledger-history:H-AI; see R10 Git history, derivation and status-correction groups"	"none-found-within-r10-pass"	"not-approved"	"evidence-only-not-an-approval-unit;named-approver;approval-date;approved-scope;version-or-sha256-binding"
"R10-A0716"	"R10"	"R10-18"	"slots-simulator/docs/01-requirements/fr-015-destination-station-unload-support.md"	"6dbc003a157de11ddbc68f5daef55b13692c8dd16fc8da5c598a8c11da7b1212"	"line 54"	"FR-015 终点站取出流程支持 > Verification 验证方式"	"**TC-FR-015-003（编号预留）**"	"**TC-FR-015-003（编号预留）**"	"ae0bb8a153d54299eb17b48a5ca5eac437ccfbb57486fe66113faf0668b36efa"	"reserved-verification-plan-evidence"	"review-planning-source-without-verifiable-approval-chain"	"slots-simulator-development-test-tool-only"	"test-plan-evidence-only"	"document-route:R10-candidate; unit-kind:markdown-flow-or-list-item; source-document-class:SIM-REQ; ledger-history:H-AI; see R10 Git history, derivation and status-correction groups"	"none-found-within-r10-pass"	"not-approved"	"evidence-only-not-an-approval-unit;named-approver;approval-date;approved-scope;version-or-sha256-binding"
"R10-A0717"	"R10"	"R10-18"	"slots-simulator/docs/01-requirements/fr-015-destination-station-unload-support.md"	"6dbc003a157de11ddbc68f5daef55b13692c8dd16fc8da5c598a8c11da7b1212"	"line 55"	"FR-015 终点站取出流程支持 > Verification 验证方式"	"**Given** 同一仓位同时收到多个动作，另一个仓位也收到动作"	"**Given** 同一仓位同时收到多个动作，另一个仓位也收到动作"	"9e76255a234a8b7beca8bd419366df2c1d19b01924cdfa203f3337858ad8bad3"	"reserved-verification-plan-evidence"	"review-planning-source-without-verifiable-approval-chain"	"slots-simulator-development-test-tool-only"	"test-plan-evidence-only"	"document-route:R10-candidate; unit-kind:markdown-flow-or-list-item; source-document-class:SIM-REQ; ledger-history:H-AI; see R10 Git history, derivation and status-correction groups"	"none-found-within-r10-pass"	"not-approved"	"evidence-only-not-an-approval-unit;named-approver;approval-date;approved-scope;version-or-sha256-binding"
"R10-A0718"	"R10"	"R10-18"	"slots-simulator/docs/01-requirements/fr-015-destination-station-unload-support.md"	"6dbc003a157de11ddbc68f5daef55b13692c8dd16fc8da5c598a8c11da7b1212"	"line 56"	"FR-015 终点站取出流程支持 > Verification 验证方式"	"**When** 模拟器处理这些请求"	"**When** 模拟器处理这些请求"	"81dad5ce6bad35f332a6056adcaec59986d6b329030275234d925fec6b792199"	"reserved-verification-plan-evidence"	"review-planning-source-without-verifiable-approval-chain"	"slots-simulator-development-test-tool-only"	"test-plan-evidence-only"	"document-route:R10-candidate; unit-kind:markdown-flow-or-list-item; source-document-class:SIM-REQ; ledger-history:H-AI; see R10 Git history, derivation and status-correction groups"	"none-found-within-r10-pass"	"not-approved"	"evidence-only-not-an-approval-unit;named-approver;approval-date;approved-scope;version-or-sha256-binding"
"R10-A0719"	"R10"	"R10-18"	"slots-simulator/docs/01-requirements/fr-015-destination-station-unload-support.md"	"6dbc003a157de11ddbc68f5daef55b13692c8dd16fc8da5c598a8c11da7b1212"	"line 57"	"FR-015 终点站取出流程支持 > Verification 验证方式"	"**Then** 同一仓位按到达顺序串行处理，不同仓位并行处理且互不阻塞"	"**Then** 同一仓位按到达顺序串行处理，不同仓位并行处理且互不阻塞"	"50656a8d3525aba943b9912f0ce934c17f03f8832a5cfff3483c0182ec5674b0"	"reserved-verification-plan-evidence"	"review-planning-source-without-verifiable-approval-chain"	"slots-simulator-development-test-tool-only"	"test-plan-evidence-only"	"document-route:R10-candidate; unit-kind:markdown-flow-or-list-item; source-document-class:SIM-REQ; ledger-history:H-AI; see R10 Git history, derivation and status-correction groups"	"none-found-within-r10-pass"	"not-approved"	"evidence-only-not-an-approval-unit;named-approver;approval-date;approved-scope;version-or-sha256-binding"
"R10-A0720"	"R10"	"R10-18"	"slots-simulator/docs/01-requirements/fr-015-destination-station-unload-support.md"	"6dbc003a157de11ddbc68f5daef55b13692c8dd16fc8da5c598a8c11da7b1212"	"line 58"	"FR-015 终点站取出流程支持 > Verification 验证方式"	"**TC-FR-015-004（编号预留）**"	"**TC-FR-015-004（编号预留）**"	"97d977b40492e24e6cc46d048f46c8f9204b1ec1a537ef27c0ca44b15c9a252f"	"reserved-verification-plan-evidence"	"review-planning-source-without-verifiable-approval-chain"	"slots-simulator-development-test-tool-only"	"test-plan-evidence-only"	"document-route:R10-candidate; unit-kind:markdown-flow-or-list-item; source-document-class:SIM-REQ; ledger-history:H-AI; see R10 Git history, derivation and status-correction groups"	"none-found-within-r10-pass"	"not-approved"	"evidence-only-not-an-approval-unit;named-approver;approval-date;approved-scope;version-or-sha256-binding"
"R10-A0721"	"R10"	"R10-18"	"slots-simulator/docs/01-requirements/fr-015-destination-station-unload-support.md"	"6dbc003a157de11ddbc68f5daef55b13692c8dd16fc8da5c598a8c11da7b1212"	"line 59"	"FR-015 终点站取出流程支持 > Verification 验证方式"	"**Given** 已注入开锁失败、空仓或关门后残留场景"	"**Given** 已注入开锁失败、空仓或关门后残留场景"	"da2ea9f65ca7e18d60d3640afde7ded62fd4245c984eee70b027bd8bc7cb32a6"	"reserved-verification-plan-evidence"	"review-planning-source-without-verifiable-approval-chain"	"slots-simulator-development-test-tool-only"	"test-plan-evidence-only"	"document-route:R10-candidate; unit-kind:markdown-flow-or-list-item; source-document-class:SIM-REQ; ledger-history:H-AI; see R10 Git history, derivation and status-correction groups"	"CF-R10-001"	"not-approved"	"evidence-only-not-an-approval-unit;named-approver;approval-date;approved-scope;version-or-sha256-binding"
"R10-A0722"	"R10"	"R10-18"	"slots-simulator/docs/01-requirements/fr-015-destination-station-unload-support.md"	"6dbc003a157de11ddbc68f5daef55b13692c8dd16fc8da5c598a8c11da7b1212"	"line 60"	"FR-015 终点站取出流程支持 > Verification 验证方式"	"**When** 主系统执行终点站取出流程"	"**When** 主系统执行终点站取出流程"	"35af327821600fdb8bb9eb778f41d97787b5a3e93adb5bd7149b62357792ff69"	"reserved-verification-plan-evidence"	"review-planning-source-without-verifiable-approval-chain"	"slots-simulator-development-test-tool-only"	"test-plan-evidence-only"	"document-route:R10-candidate; unit-kind:markdown-flow-or-list-item; source-document-class:SIM-REQ; ledger-history:H-AI; see R10 Git history, derivation and status-correction groups"	"BOUND-R10-001"	"not-approved"	"evidence-only-not-an-approval-unit;named-approver;approval-date;approved-scope;version-or-sha256-binding"
"R10-A0723"	"R10"	"R10-18"	"slots-simulator/docs/01-requirements/fr-015-destination-station-unload-support.md"	"6dbc003a157de11ddbc68f5daef55b13692c8dd16fc8da5c598a8c11da7b1212"	"line 61"	"FR-015 终点站取出流程支持 > Verification 验证方式"	"**Then** 模拟器仅通过锁状态 DI、光幕 DI 和动作结果暴露相应硬件现象，不替主系统判定业务异常"	"**Then** 模拟器仅通过锁状态 DI、光幕 DI 和动作结果暴露相应硬件现象，不替主系统判定业务异常"	"94cce12774bf9fc2a8916999930cd5f020faab1c69b0e9850e1ea68fd07042f0"	"reserved-verification-plan-evidence"	"review-planning-source-without-verifiable-approval-chain"	"slots-simulator-development-test-tool-only"	"test-plan-evidence-only"	"document-route:R10-candidate; unit-kind:markdown-flow-or-list-item; source-document-class:SIM-REQ; ledger-history:H-AI; see R10 Git history, derivation and status-correction groups"	"BOUND-R10-001,EVID-R10-001,CF-R10-001"	"not-approved"	"evidence-only-not-an-approval-unit;named-approver;approval-date;approved-scope;version-or-sha256-binding"
"R10-A0724"	"R10"	"R10-18"	"slots-simulator/docs/01-requirements/fr-015-destination-station-unload-support.md"	"6dbc003a157de11ddbc68f5daef55b13692c8dd16fc8da5c598a8c11da7b1212"	"line 62"	"FR-015 终点站取出流程支持 > Verification 验证方式"	"**TC-FR-015-005（编号预留）**"	"**TC-FR-015-005（编号预留）**"	"f211e5ff286eed158729e40b823f4e2a05b28aa86b5b2406da96ad2de478279b"	"reserved-verification-plan-evidence"	"review-planning-source-without-verifiable-approval-chain"	"slots-simulator-development-test-tool-only"	"test-plan-evidence-only"	"document-route:R10-candidate; unit-kind:markdown-flow-or-list-item; source-document-class:SIM-REQ; ledger-history:H-AI; see R10 Git history, derivation and status-correction groups"	"none-found-within-r10-pass"	"not-approved"	"evidence-only-not-an-approval-unit;named-approver;approval-date;approved-scope;version-or-sha256-binding"
"R10-A0725"	"R10"	"R10-18"	"slots-simulator/docs/01-requirements/fr-015-destination-station-unload-support.md"	"6dbc003a157de11ddbc68f5daef55b13692c8dd16fc8da5c598a8c11da7b1212"	"line 63"	"FR-015 终点站取出流程支持 > Verification 验证方式"	"**Given** 主系统持有目标站点和产品记录，模拟器仅持有仓位硬件状态"	"**Given** 主系统持有目标站点和产品记录，模拟器仅持有仓位硬件状态"	"5b4f1f67dd16838658e61d335a8afad9c5c82e2c0acdb6a9cb8369f4af860ff1"	"reserved-verification-plan-evidence"	"review-planning-source-without-verifiable-approval-chain"	"slots-simulator-development-test-tool-only"	"test-plan-evidence-only"	"document-route:R10-candidate; unit-kind:markdown-flow-or-list-item; source-document-class:SIM-REQ; ledger-history:H-AI; see R10 Git history, derivation and status-correction groups"	"BOUND-R10-001"	"not-approved"	"evidence-only-not-an-approval-unit;named-approver;approval-date;approved-scope;version-or-sha256-binding"
"R10-A0726"	"R10"	"R10-18"	"slots-simulator/docs/01-requirements/fr-015-destination-station-unload-support.md"	"6dbc003a157de11ddbc68f5daef55b13692c8dd16fc8da5c598a8c11da7b1212"	"line 64"	"FR-015 终点站取出流程支持 > Verification 验证方式"	"**When** 主系统完成匹配校验并对选定仓位发起统一动作"	"**When** 主系统完成匹配校验并对选定仓位发起统一动作"	"fb1cb521c50a0032fdf9b90c478b17edbb8ceff00333aa4f533420e67a469645"	"reserved-verification-plan-evidence"	"review-planning-source-without-verifiable-approval-chain"	"slots-simulator-development-test-tool-only"	"test-plan-evidence-only"	"document-route:R10-candidate; unit-kind:markdown-flow-or-list-item; source-document-class:SIM-REQ; ledger-history:H-AI; see R10 Git history, derivation and status-correction groups"	"BOUND-R10-001"	"not-approved"	"evidence-only-not-an-approval-unit;named-approver;approval-date;approved-scope;version-or-sha256-binding"
"R10-A0727"	"R10"	"R10-18"	"slots-simulator/docs/01-requirements/fr-015-destination-station-unload-support.md"	"6dbc003a157de11ddbc68f5daef55b13692c8dd16fc8da5c598a8c11da7b1212"	"line 65"	"FR-015 终点站取出流程支持 > Verification 验证方式"	"**Then** 模拟器无需接收业务记录即可完成动作，且不自行选择或拒绝目标仓位"	"**Then** 模拟器无需接收业务记录即可完成动作，且不自行选择或拒绝目标仓位"	"9df77280cbf68d44caeab0f0b23c23b1afde54846916163b7aeb16213a2da15e"	"reserved-verification-plan-evidence"	"review-planning-source-without-verifiable-approval-chain"	"slots-simulator-development-test-tool-only"	"test-plan-evidence-only"	"document-route:R10-candidate; unit-kind:markdown-flow-or-list-item; source-document-class:SIM-REQ; ledger-history:H-AI; see R10 Git history, derivation and status-correction groups"	"none-found-within-r10-pass"	"not-approved"	"evidence-only-not-an-approval-unit;named-approver;approval-date;approved-scope;version-or-sha256-binding"
"R10-A0728"	"R10"	"R10-18"	"slots-simulator/docs/01-requirements/fr-015-destination-station-unload-support.md"	"6dbc003a157de11ddbc68f5daef55b13692c8dd16fc8da5c598a8c11da7b1212"	"line 69"	"FR-015 终点站取出流程支持 > Related 关联"	"[[fr-002-slot-state-machine-normal-flow|FR-002]]（统一动作复用正常状态机）、[[fr-003-exception-scenario-simulation|FR-003]]（故障注入与异常硬件反馈）、[[fr-004-mis-stored-product-retrieval|FR-004]]（纠错取出复用相同动作）、[[fr-006-automation-control-api|FR-006]]（统一动作 API）、[[fr-007-wpf-visualization-panel|FR-007]]（统一动作 WPF 入口）、[[dr-003-first-batch-scenarios|DR-003]]（UC-010 纳入范围）、[[dr-006-users-and-automation-style|DR-006]]（WPF/API 一致）、[[dr-013-door-state-not-independent-io-point|DR-013]]（门状态无独立 DI）、[[dr-014-fault-injection-mirror-exception|DR-014]]（光幕反馈例外）。"	"[[fr-002-slot-state-machine-normal-flow|FR-002]]（统一动作复用正常状态机）、[[fr-003-exception-scenario-simulation|FR-003]]（故障注入与异常硬件反馈）、[[fr-004-mis-stored-product-retrieval|FR-004]]（纠错取出复用相同动作）、[[fr-006-automation-control-api|FR-006]]（统一动作 API）、[[fr-007-wpf-visualization-panel|FR-007]]（统一动作 WPF 入口）、[[dr-003-first-batch-scenarios|DR-003]]（UC-010 纳入范围）、[[dr-006-users-and-automation-style|DR-006]]（WPF/API 一致）、[[dr-013-door-state-not-independent-io-point|DR-013]]（门状态无独立 DI）、[[dr-014-fault-injection-mirror-exception|DR-014]]（光幕反馈例外）。"	"2a8b6b7bfa637ad0009b1530ad1bf9784a5d36e9419a997899cc3bd790426cd4"	"source-origin-background-or-traceability-evidence"	"review-planning-source-without-verifiable-approval-chain"	"slots-simulator-development-test-tool-only"	"source-or-traceability-evidence-only"	"document-route:R10-candidate; unit-kind:markdown-paragraph; source-document-class:SIM-REQ; ledger-history:H-AI; see R10 Git history, derivation and status-correction groups"	"BOUND-R10-001"	"not-approved"	"evidence-only-not-an-approval-unit;named-approver;approval-date;approved-scope;version-or-sha256-binding"
