"candidate_id"	"batch_id"	"source_record_id"	"source_path"	"source_sha256"	"exact_location"	"section_path"	"statement_text"	"source_context"	"statement_fingerprint"	"candidate_class"	"source_claim_status"	"applicable_scope"	"baseline_route"	"duplicate_or_derivation"	"conflict_pointer"	"approval_state"	"approval_gap"
"R11-A0001"	"R11"	"R11-03"	"mes/docs/工厂首轮执行与回传清单.md"	"8305057b5f665d02b4891d88d3cf66afcc9b9f141757a19f7339c35bc91447fa"	"lines 3-4"	"MES 工厂首轮执行与回传清单"	"本清单用于验证当前 `MES_TASK_UNION`（含六类任务）、客户六分支基线、性能，以及导入后 PACKAGE 未覆盖清单。"	"本清单用于验证当前 `MES_TASK_UNION`（含六类任务）、客户六分支基线、性能，以及导入后 PACKAGE 未覆盖清单。 本机不能连接 MES，因此“工厂通过”只能在完成回传导入后确认。"	"8d5bf418f64a40031f956bd690f351acecbdea61ea61cbb09ad7518928df3b4c"	"factory-run-procedure-or-local-tooling-design"	"mixed-unapproved-acceptance-plan-and-limited-run-summary;run-authorization-is-not-requirement-approval"	"8005-factory-MES-readonly-run-and-limited-observation"	"exclude-from-requirement-approval"	"document-route:R11-candidate; unit-kind:markdown-paragraph; source-document-class:R11-A/E; ledger-history:Formed in 5718541; ffe1f49 changed five branches to six, removed approval/hash requirements and backfilled observed results."	"RES-R11-001,BOUND-R11-001"	"not-approved"	"authoritative-requirement-source-if-behavior-is-required;separate-query-or-tooling-design-review;named-approver;approval-date;approved-scope;version-or-sha256-binding"
"R11-A0002"	"R11"	"R11-03"	"mes/docs/工厂首轮执行与回传清单.md"	"8305057b5f665d02b4891d88d3cf66afcc9b9f141757a19f7339c35bc91447fa"	"lines 3-4"	"MES 工厂首轮执行与回传清单"	"本机不能连接 MES，因此“工厂通过”只能在完成回传导入后确认。"	"本清单用于验证当前 `MES_TASK_UNION`（含六类任务）、客户六分支基线、性能，以及导入后 PACKAGE 未覆盖清单。 本机不能连接 MES，因此“工厂通过”只能在完成回传导入后确认。"	"172e77ee7dbbf255f696978b15d2289597574f855a1c0534c1b1dc21212e1349"	"factory-acceptance-condition-candidate"	"mixed-unapproved-acceptance-plan-and-limited-run-summary;run-authorization-is-not-requirement-approval"	"8005-factory-MES-readonly-run-and-limited-observation"	"needs-acceptance-owner-and-explicit-approval"	"document-route:R11-candidate; unit-kind:markdown-paragraph; source-document-class:R11-A/E; ledger-history:Formed in 5718541; ffe1f49 changed five branches to six, removed approval/hash requirements and backfilled observed results."	"RES-R11-001,BOUND-R11-001"	"not-approved"	"responsible-acceptance-owner;approved-test-object-and-environment-scope;acceptance-evidence-package;named-approver;approval-date;approved-scope;version-or-sha256-binding"
"R11-A0003"	"R11"	"R11-03"	"mes/docs/工厂首轮执行与回传清单.md"	"8305057b5f665d02b4891d88d3cf66afcc9b9f141757a19f7339c35bc91447fa"	"lines 6-8"	"MES 工厂首轮执行与回传清单"	"**不再要求客户批准文件。"	"**不再要求客户批准文件。** 可选写入实验记录（谁/何时/备注）。 **来回用文件夹拷贝即可**，不必压缩、不必校验 SHA-256。 密码与已填写的 `mes-config.ini` 只留在工厂机本地，**拷出/拷回前删除**，永不进仓库。"	"310dab40de1cdc6d2cb60dfd7abcb1d9cf0d721fcc55d15e9e3266c219e6bf08"	"superseded-factory-run-governance-claim"	"mixed-unapproved-acceptance-plan-and-limited-run-summary;run-authorization-is-not-requirement-approval"	"8005-factory-MES-readonly-run-and-limited-observation"	"historical-governance-evidence-only"	"document-route:R11-candidate; unit-kind:markdown-paragraph; source-document-class:R11-A/E; ledger-history:Formed in 5718541; ffe1f49 changed five branches to six, removed approval/hash requirements and backfilled observed results."	"RES-R11-001,BOUND-R11-001"	"not-approved"	"evidence-only-not-an-approval-unit;named-approver;approval-date;approved-scope;version-or-sha256-binding"
"R11-A0004"	"R11"	"R11-03"	"mes/docs/工厂首轮执行与回传清单.md"	"8305057b5f665d02b4891d88d3cf66afcc9b9f141757a19f7339c35bc91447fa"	"lines 6-8"	"MES 工厂首轮执行与回传清单"	"** 可选写入实验记录（谁/何时/备注）。"	"**不再要求客户批准文件。** 可选写入实验记录（谁/何时/备注）。 **来回用文件夹拷贝即可**，不必压缩、不必校验 SHA-256。 密码与已填写的 `mes-config.ini` 只留在工厂机本地，**拷出/拷回前删除**，永不进仓库。"	"e27c6f82b464483331cd92bb5b4c9f15df5ae6e075f4c983fa80a3ebf6f49353"	"superseded-factory-run-governance-claim"	"mixed-unapproved-acceptance-plan-and-limited-run-summary;run-authorization-is-not-requirement-approval"	"8005-factory-MES-readonly-run-and-limited-observation"	"historical-governance-evidence-only"	"document-route:R11-candidate; unit-kind:markdown-paragraph; source-document-class:R11-A/E; ledger-history:Formed in 5718541; ffe1f49 changed five branches to six, removed approval/hash requirements and backfilled observed results."	"RES-R11-001,BOUND-R11-001"	"not-approved"	"evidence-only-not-an-approval-unit;named-approver;approval-date;approved-scope;version-or-sha256-binding"
"R11-A0005"	"R11"	"R11-03"	"mes/docs/工厂首轮执行与回传清单.md"	"8305057b5f665d02b4891d88d3cf66afcc9b9f141757a19f7339c35bc91447fa"	"lines 6-8"	"MES 工厂首轮执行与回传清单"	"**来回用文件夹拷贝即可**，不必压缩、不必校验 SHA-256。"	"**不再要求客户批准文件。** 可选写入实验记录（谁/何时/备注）。 **来回用文件夹拷贝即可**，不必压缩、不必校验 SHA-256。 密码与已填写的 `mes-config.ini` 只留在工厂机本地，**拷出/拷回前删除**，永不进仓库。"	"f0fb7c1f6caed4f5b5a1c7c066f7767a19f277e75c13116091f0fdaefc7bef49"	"superseded-factory-run-governance-claim"	"mixed-unapproved-acceptance-plan-and-limited-run-summary;run-authorization-is-not-requirement-approval"	"8005-factory-MES-readonly-run-and-limited-observation"	"historical-governance-evidence-only"	"document-route:R11-candidate; unit-kind:markdown-paragraph; source-document-class:R11-A/E; ledger-history:Formed in 5718541; ffe1f49 changed five branches to six, removed approval/hash requirements and backfilled observed results."	"RES-R11-001,BOUND-R11-001"	"not-approved"	"evidence-only-not-an-approval-unit;named-approver;approval-date;approved-scope;version-or-sha256-binding"
"R11-A0006"	"R11"	"R11-03"	"mes/docs/工厂首轮执行与回传清单.md"	"8305057b5f665d02b4891d88d3cf66afcc9b9f141757a19f7339c35bc91447fa"	"lines 6-8"	"MES 工厂首轮执行与回传清单"	"密码与已填写的 `mes-config.ini` 只留在工厂机本地，**拷出/拷回前删除**，永不进仓库。"	"**不再要求客户批准文件。** 可选写入实验记录（谁/何时/备注）。 **来回用文件夹拷贝即可**，不必压缩、不必校验 SHA-256。 密码与已填写的 `mes-config.ini` 只留在工厂机本地，**拷出/拷回前删除**，永不进仓库。"	"d0091bf95ce2dd7b327e7a203ec2ec15d711c93c0140654e131babdace93a176"	"factory-credential-or-sensitive-data-handling-candidate"	"mixed-unapproved-acceptance-plan-and-limited-run-summary;run-authorization-is-not-requirement-approval"	"8005-factory-MES-readonly-run-and-limited-observation"	"needs-security-owner-and-explicit-approval"	"document-route:R11-candidate; unit-kind:markdown-paragraph; source-document-class:R11-A/E; ledger-history:Formed in 5718541; ffe1f49 changed five branches to six, removed approval/hash requirements and backfilled observed results."	"RES-R11-001,BOUND-R11-001"	"not-approved"	"responsible-security-owner;bound-readonly-query-and-sensitive-data-handling-scope;named-approver;approval-date;approved-scope;version-or-sha256-binding"
"R11-A0007"	"R11"	"R11-03"	"mes/docs/工厂首轮执行与回传清单.md"	"8305057b5f665d02b4891d88d3cf66afcc9b9f141757a19f7339c35bc91447fa"	"line 12"	"MES 工厂首轮执行与回传清单 > 一、本机准备"	"[x] 运行结构检查：`python mes/tools/check_structure.py`"	"[x] 运行结构检查：`python mes/tools/check_structure.py`"	"dac8ce48f2b1990c4502430e69636b14ea207a3d29f07d377185ca978c877e18"	"factory-run-procedure-or-local-tooling-design"	"mixed-unapproved-acceptance-plan-and-limited-run-summary;run-authorization-is-not-requirement-approval"	"8005-factory-MES-readonly-run-and-limited-observation"	"exclude-from-requirement-approval"	"document-route:R11-candidate; unit-kind:markdown-flow-or-list-item; source-document-class:R11-A/E; ledger-history:Formed in 5718541; ffe1f49 changed five branches to six, removed approval/hash requirements and backfilled observed results."	"RES-R11-001,BOUND-R11-001"	"not-approved"	"authoritative-requirement-source-if-behavior-is-required;separate-query-or-tooling-design-review;named-approver;approval-date;approved-scope;version-or-sha256-binding"
"R11-A0008"	"R11"	"R11-03"	"mes/docs/工厂首轮执行与回传清单.md"	"8305057b5f665d02b4891d88d3cf66afcc9b9f141757a19f7339c35bc91447fa"	"line 13"	"MES 工厂首轮执行与回传清单 > 一、本机准备"	"[x] 运行测试：`python -m unittest discover -s mes/tests -p ""test_*.py""`"	"[x] 运行测试：`python -m unittest discover -s mes/tests -p ""test_*.py""`"	"0fa44d376a5b8bad749f2749349094c164ebd897f9dbe53674fdca44edc0668b"	"factory-run-procedure-or-local-tooling-design"	"mixed-unapproved-acceptance-plan-and-limited-run-summary;run-authorization-is-not-requirement-approval"	"8005-factory-MES-readonly-run-and-limited-observation"	"exclude-from-requirement-approval"	"document-route:R11-candidate; unit-kind:markdown-flow-or-list-item; source-document-class:R11-A/E; ledger-history:Formed in 5718541; ffe1f49 changed five branches to six, removed approval/hash requirements and backfilled observed results."	"RES-R11-001,BOUND-R11-001"	"not-approved"	"authoritative-requirement-source-if-behavior-is-required;separate-query-or-tooling-design-review;named-approver;approval-date;approved-scope;version-or-sha256-binding"
"R11-A0009"	"R11"	"R11-03"	"mes/docs/工厂首轮执行与回传清单.md"	"8305057b5f665d02b4891d88d3cf66afcc9b9f141757a19f7339c35bc91447fa"	"line 14"	"MES 工厂首轮执行与回传清单 > 一、本机准备"	"[x] 构建一次性实验 bundle："	"[x] 构建一次性实验 bundle："	"e93aca8ef9fa68087284f59b7bb4e90c71112be61d1debf4d4e61b7e097f178d"	"factory-run-procedure-or-local-tooling-design"	"mixed-unapproved-acceptance-plan-and-limited-run-summary;run-authorization-is-not-requirement-approval"	"8005-factory-MES-readonly-run-and-limited-observation"	"exclude-from-requirement-approval"	"document-route:R11-candidate; unit-kind:markdown-flow-or-list-item; source-document-class:R11-A/E; ledger-history:Formed in 5718541; ffe1f49 changed five branches to six, removed approval/hash requirements and backfilled observed results."	"RES-R11-001,BOUND-R11-001"	"not-approved"	"authoritative-requirement-source-if-behavior-is-required;separate-query-or-tooling-design-review;named-approver;approval-date;approved-scope;version-or-sha256-binding"
"R11-A0010"	"R11"	"R11-03"	"mes/docs/工厂首轮执行与回传清单.md"	"8305057b5f665d02b4891d88d3cf66afcc9b9f141757a19f7339c35bc91447fa"	"line 23"	"MES 工厂首轮执行与回传清单 > 一、本机准备"	"[x] 将文件夹 `mes/.dist/mes-task-union-validation` 整体拷到工厂机（无需压缩、无需 SHA-256）。"	"[x] 将文件夹 `mes/.dist/mes-task-union-validation` 整体拷到工厂机（无需压缩、无需 SHA-256）。"	"96a6299ade744694c3e717e57bd4fcf6f03e1e320e551af16ec358107cc66150"	"superseded-factory-run-governance-claim"	"mixed-unapproved-acceptance-plan-and-limited-run-summary;run-authorization-is-not-requirement-approval"	"8005-factory-MES-readonly-run-and-limited-observation"	"historical-governance-evidence-only"	"document-route:R11-candidate; unit-kind:markdown-flow-or-list-item; source-document-class:R11-A/E; ledger-history:Formed in 5718541; ffe1f49 changed five branches to six, removed approval/hash requirements and backfilled observed results."	"RES-R11-001,BOUND-R11-001"	"not-approved"	"evidence-only-not-an-approval-unit;named-approver;approval-date;approved-scope;version-or-sha256-binding"
"R11-A0011"	"R11"	"R11-03"	"mes/docs/工厂首轮执行与回传清单.md"	"8305057b5f665d02b4891d88d3cf66afcc9b9f141757a19f7339c35bc91447fa"	"line 24"	"MES 工厂首轮执行与回传清单 > 一、本机准备"	"[x] 确认拷出内容中无已填写的 `mes-config.ini`、密码。"	"[x] 确认拷出内容中无已填写的 `mes-config.ini`、密码。"	"41b0205e264e3150a54d166c6319693b230d997395c90fc4e322f638c3cd8442"	"factory-credential-or-sensitive-data-handling-candidate"	"mixed-unapproved-acceptance-plan-and-limited-run-summary;run-authorization-is-not-requirement-approval"	"8005-factory-MES-readonly-run-and-limited-observation"	"needs-security-owner-and-explicit-approval"	"document-route:R11-candidate; unit-kind:markdown-flow-or-list-item; source-document-class:R11-A/E; ledger-history:Formed in 5718541; ffe1f49 changed five branches to six, removed approval/hash requirements and backfilled observed results."	"RES-R11-001,BOUND-R11-001"	"not-approved"	"responsible-security-owner;bound-readonly-query-and-sensitive-data-handling-scope;named-approver;approval-date;approved-scope;version-or-sha256-binding"
"R11-A0012"	"R11"	"R11-03"	"mes/docs/工厂首轮执行与回传清单.md"	"8305057b5f665d02b4891d88d3cf66afcc9b9f141757a19f7339c35bc91447fa"	"line 28"	"MES 工厂首轮执行与回传清单 > 二、工厂机准备"	"[x] 进入拷来的 bundle 根目录（文件夹名通常为 `mes-task-union-validation`）。"	"[x] 进入拷来的 bundle 根目录（文件夹名通常为 `mes-task-union-validation`）。"	"524498314f33286ed7018e90a0f0744286163d0debd7967bf71a1da88a30399e"	"factory-run-procedure-or-local-tooling-design"	"mixed-unapproved-acceptance-plan-and-limited-run-summary;run-authorization-is-not-requirement-approval"	"8005-factory-MES-readonly-run-and-limited-observation"	"exclude-from-requirement-approval"	"document-route:R11-candidate; unit-kind:markdown-flow-or-list-item; source-document-class:R11-A/E; ledger-history:Formed in 5718541; ffe1f49 changed five branches to six, removed approval/hash requirements and backfilled observed results."	"RES-R11-001,BOUND-R11-001"	"not-approved"	"authoritative-requirement-source-if-behavior-is-required;separate-query-or-tooling-design-review;named-approver;approval-date;approved-scope;version-or-sha256-binding"
"R11-A0013"	"R11"	"R11-03"	"mes/docs/工厂首轮执行与回传清单.md"	"8305057b5f665d02b4891d88d3cf66afcc9b9f141757a19f7339c35bc91447fa"	"line 29"	"MES 工厂首轮执行与回传清单 > 二、工厂机准备"	"[x] 确认存在 `bundle-manifest.json`、`runner/`、`queries/`、`requirements.txt`。"	"[x] 确认存在 `bundle-manifest.json`、`runner/`、`queries/`、`requirements.txt`。"	"1bf46602528018ee4ef2d04b0805a5d31a6197d8a66156faab4ea2ec831b54f0"	"factory-run-procedure-or-local-tooling-design"	"mixed-unapproved-acceptance-plan-and-limited-run-summary;run-authorization-is-not-requirement-approval"	"8005-factory-MES-readonly-run-and-limited-observation"	"exclude-from-requirement-approval"	"document-route:R11-candidate; unit-kind:markdown-flow-or-list-item; source-document-class:R11-A/E; ledger-history:Formed in 5718541; ffe1f49 changed five branches to six, removed approval/hash requirements and backfilled observed results."	"RES-R11-001,BOUND-R11-001"	"not-approved"	"authoritative-requirement-source-if-behavior-is-required;separate-query-or-tooling-design-review;named-approver;approval-date;approved-scope;version-or-sha256-binding"
"R11-A0014"	"R11"	"R11-03"	"mes/docs/工厂首轮执行与回传清单.md"	"8305057b5f665d02b4891d88d3cf66afcc9b9f141757a19f7339c35bc91447fa"	"line 30"	"MES 工厂首轮执行与回传清单 > 二、工厂机准备"	"[x] 使用 Python 3.11 或更高版本安装依赖：`python -m pip install -r requirements.txt`"	"[x] 使用 Python 3.11 或更高版本安装依赖：`python -m pip install -r requirements.txt`"	"1ec935f81e523d2189131b2949bf5e3364e1cc2ad1f289a02942169730d14a06"	"factory-run-procedure-or-local-tooling-design"	"mixed-unapproved-acceptance-plan-and-limited-run-summary;run-authorization-is-not-requirement-approval"	"8005-factory-MES-readonly-run-and-limited-observation"	"exclude-from-requirement-approval"	"document-route:R11-candidate; unit-kind:markdown-flow-or-list-item; source-document-class:R11-A/E; ledger-history:Formed in 5718541; ffe1f49 changed five branches to six, removed approval/hash requirements and backfilled observed results."	"RES-R11-001,BOUND-R11-001"	"not-approved"	"authoritative-requirement-source-if-behavior-is-required;separate-query-or-tooling-design-review;named-approver;approval-date;approved-scope;version-or-sha256-binding"
"R11-A0015"	"R11"	"R11-03"	"mes/docs/工厂首轮执行与回传清单.md"	"8305057b5f665d02b4891d88d3cf66afcc9b9f141757a19f7339c35bc91447fa"	"line 31"	"MES 工厂首轮执行与回传清单 > 二、工厂机准备"	"[x] 把 `config.example.ini` 复制为 bundle 根目录下的 `mes-config.ini`，只在工厂机本地填凭据。"	"[x] 把 `config.example.ini` 复制为 bundle 根目录下的 `mes-config.ini`，只在工厂机本地填凭据。"	"cff6fb67097b79436d738d1a619d29acb836a2d5d88088bbdfc2a23297363476"	"factory-credential-or-sensitive-data-handling-candidate"	"mixed-unapproved-acceptance-plan-and-limited-run-summary;run-authorization-is-not-requirement-approval"	"8005-factory-MES-readonly-run-and-limited-observation"	"needs-security-owner-and-explicit-approval"	"document-route:R11-candidate; unit-kind:markdown-flow-or-list-item; source-document-class:R11-A/E; ledger-history:Formed in 5718541; ffe1f49 changed five branches to six, removed approval/hash requirements and backfilled observed results."	"RES-R11-001,BOUND-R11-001"	"not-approved"	"responsible-security-owner;bound-readonly-query-and-sensitive-data-handling-scope;named-approver;approval-date;approved-scope;version-or-sha256-binding"
"R11-A0016"	"R11"	"R11-03"	"mes/docs/工厂首轮执行与回传清单.md"	"8305057b5f665d02b4891d88d3cf66afcc9b9f141757a19f7339c35bc91447fa"	"line 32"	"MES 工厂首轮执行与回传清单 > 二、工厂机准备"	"[x] Oracle 11g 使用 `mode=thick`，配置 Instant Client。"	"[x] Oracle 11g 使用 `mode=thick`，配置 Instant Client。"	"da982f858c749d20f7e2884f62f3d7480fa2d8aace160118697ac0d4ed41954c"	"factory-run-procedure-or-local-tooling-design"	"mixed-unapproved-acceptance-plan-and-limited-run-summary;run-authorization-is-not-requirement-approval"	"8005-factory-MES-readonly-run-and-limited-observation"	"exclude-from-requirement-approval"	"document-route:R11-candidate; unit-kind:markdown-flow-or-list-item; source-document-class:R11-A/E; ledger-history:Formed in 5718541; ffe1f49 changed five branches to six, removed approval/hash requirements and backfilled observed results."	"RES-R11-001,BOUND-R11-001"	"not-approved"	"authoritative-requirement-source-if-behavior-is-required;separate-query-or-tooling-design-review;named-approver;approval-date;approved-scope;version-or-sha256-binding"
"R11-A0017"	"R11"	"R11-03"	"mes/docs/工厂首轮执行与回传清单.md"	"8305057b5f665d02b4891d88d3cf66afcc9b9f141757a19f7339c35bc91447fa"	"line 33"	"MES 工厂首轮执行与回传清单 > 二、工厂机准备"	"[x] （可选）在 bundle 根目录准备 `experiment-record.json`："	"[x] （可选）在 bundle 根目录准备 `experiment-record.json`："	"0423974ae94e059aaeb858abb7b116633347755677742cd59dd76ddff7c22cf4"	"superseded-factory-run-governance-claim"	"mixed-unapproved-acceptance-plan-and-limited-run-summary;run-authorization-is-not-requirement-approval"	"8005-factory-MES-readonly-run-and-limited-observation"	"historical-governance-evidence-only"	"document-route:R11-candidate; unit-kind:markdown-flow-or-list-item; source-document-class:R11-A/E; ledger-history:Formed in 5718541; ffe1f49 changed five branches to six, removed approval/hash requirements and backfilled observed results."	"RES-R11-001,BOUND-R11-001"	"not-approved"	"evidence-only-not-an-approval-unit;named-approver;approval-date;approved-scope;version-or-sha256-binding"
"R11-A0018"	"R11"	"R11-03"	"mes/docs/工厂首轮执行与回传清单.md"	"8305057b5f665d02b4891d88d3cf66afcc9b9f141757a19f7339c35bc91447fa"	"line 45"	"MES 工厂首轮执行与回传清单 > 二、工厂机准备"	"[x] 确认没有另一轮相同实验并发执行。"	"[x] 确认没有另一轮相同实验并发执行。"	"a01bc7ed5527f81cde55c99b64406e11e6e442d6a02d1ebd64f6fb414dcc6554"	"factory-acceptance-condition-candidate"	"mixed-unapproved-acceptance-plan-and-limited-run-summary;run-authorization-is-not-requirement-approval"	"8005-factory-MES-readonly-run-and-limited-observation"	"needs-acceptance-owner-and-explicit-approval"	"document-route:R11-candidate; unit-kind:markdown-flow-or-list-item; source-document-class:R11-A/E; ledger-history:Formed in 5718541; ffe1f49 changed five branches to six, removed approval/hash requirements and backfilled observed results."	"RES-R11-001,BOUND-R11-001"	"not-approved"	"responsible-acceptance-owner;approved-test-object-and-environment-scope;acceptance-evidence-package;named-approver;approval-date;approved-scope;version-or-sha256-binding"
"R11-A0019"	"R11"	"R11-03"	"mes/docs/工厂首轮执行与回传清单.md"	"8305057b5f665d02b4891d88d3cf66afcc9b9f141757a19f7339c35bc91447fa"	"lines 49-53"	"MES 工厂首轮执行与回传清单 > 三、工厂执行"	"以下命令均在 bundle 根目录执行（`--bundle .`）。"	"以下命令均在 bundle 根目录执行（`--bundle .`）。 `--output-root .\mes-runs`：三个 `run-...` 都写在本目录下的 `mes-runs\`。 `--experiment-record` 可省略；省略时 manifest 记 `not-provided`。 工厂命令用**单行**粘贴（PowerShell 5 反引号续行易乱序）。 `mes-config.ini` / `experiment-record.json` 若含中文，请用 **UTF-8 无 BOM** 保存。"	"fbced003405eee0fb8145c473f790377abacf02cc27a8576d6056472192133c9"	"factory-run-procedure-or-local-tooling-design"	"mixed-unapproved-acceptance-plan-and-limited-run-summary;run-authorization-is-not-requirement-approval"	"8005-factory-MES-readonly-run-and-limited-observation"	"exclude-from-requirement-approval"	"document-route:R11-candidate; unit-kind:markdown-paragraph; source-document-class:R11-A/E; ledger-history:Formed in 5718541; ffe1f49 changed five branches to six, removed approval/hash requirements and backfilled observed results."	"RES-R11-001,BOUND-R11-001"	"not-approved"	"authoritative-requirement-source-if-behavior-is-required;separate-query-or-tooling-design-review;named-approver;approval-date;approved-scope;version-or-sha256-binding"
"R11-A0020"	"R11"	"R11-03"	"mes/docs/工厂首轮执行与回传清单.md"	"8305057b5f665d02b4891d88d3cf66afcc9b9f141757a19f7339c35bc91447fa"	"lines 49-53"	"MES 工厂首轮执行与回传清单 > 三、工厂执行"	"`--output-root .\mes-runs`：三个 `run-...` 都写在本目录下的 `mes-runs\`。"	"以下命令均在 bundle 根目录执行（`--bundle .`）。 `--output-root .\mes-runs`：三个 `run-...` 都写在本目录下的 `mes-runs\`。 `--experiment-record` 可省略；省略时 manifest 记 `not-provided`。 工厂命令用**单行**粘贴（PowerShell 5 反引号续行易乱序）。 `mes-config.ini` / `experiment-record.json` 若含中文，请用 **UTF-8 无 BOM** 保存。"	"06b2827539f62d82e3dfe81c94d779d0e085945b6b073babefbfbbcdd96f63bd"	"factory-run-procedure-or-local-tooling-design"	"mixed-unapproved-acceptance-plan-and-limited-run-summary;run-authorization-is-not-requirement-approval"	"8005-factory-MES-readonly-run-and-limited-observation"	"exclude-from-requirement-approval"	"document-route:R11-candidate; unit-kind:markdown-paragraph; source-document-class:R11-A/E; ledger-history:Formed in 5718541; ffe1f49 changed five branches to six, removed approval/hash requirements and backfilled observed results."	"RES-R11-001,BOUND-R11-001"	"not-approved"	"authoritative-requirement-source-if-behavior-is-required;separate-query-or-tooling-design-review;named-approver;approval-date;approved-scope;version-or-sha256-binding"
"R11-A0021"	"R11"	"R11-03"	"mes/docs/工厂首轮执行与回传清单.md"	"8305057b5f665d02b4891d88d3cf66afcc9b9f141757a19f7339c35bc91447fa"	"lines 49-53"	"MES 工厂首轮执行与回传清单 > 三、工厂执行"	"`--experiment-record` 可省略；"	"以下命令均在 bundle 根目录执行（`--bundle .`）。 `--output-root .\mes-runs`：三个 `run-...` 都写在本目录下的 `mes-runs\`。 `--experiment-record` 可省略；省略时 manifest 记 `not-provided`。 工厂命令用**单行**粘贴（PowerShell 5 反引号续行易乱序）。 `mes-config.ini` / `experiment-record.json` 若含中文，请用 **UTF-8 无 BOM** 保存。"	"e423bdfcb5a8c61ead279719694263e44452a231252fea173a3625fca4c24727"	"superseded-factory-run-governance-claim"	"mixed-unapproved-acceptance-plan-and-limited-run-summary;run-authorization-is-not-requirement-approval"	"8005-factory-MES-readonly-run-and-limited-observation"	"historical-governance-evidence-only"	"document-route:R11-candidate; unit-kind:markdown-paragraph; source-document-class:R11-A/E; ledger-history:Formed in 5718541; ffe1f49 changed five branches to six, removed approval/hash requirements and backfilled observed results."	"RES-R11-001,BOUND-R11-001"	"not-approved"	"evidence-only-not-an-approval-unit;named-approver;approval-date;approved-scope;version-or-sha256-binding"
"R11-A0022"	"R11"	"R11-03"	"mes/docs/工厂首轮执行与回传清单.md"	"8305057b5f665d02b4891d88d3cf66afcc9b9f141757a19f7339c35bc91447fa"	"lines 49-53"	"MES 工厂首轮执行与回传清单 > 三、工厂执行"	"省略时 manifest 记 `not-provided`。"	"以下命令均在 bundle 根目录执行（`--bundle .`）。 `--output-root .\mes-runs`：三个 `run-...` 都写在本目录下的 `mes-runs\`。 `--experiment-record` 可省略；省略时 manifest 记 `not-provided`。 工厂命令用**单行**粘贴（PowerShell 5 反引号续行易乱序）。 `mes-config.ini` / `experiment-record.json` 若含中文，请用 **UTF-8 无 BOM** 保存。"	"cee3f77bbfc950a69620c040ee5e8f20635266ae73a0ed5741d360866a6c718a"	"superseded-factory-run-governance-claim"	"mixed-unapproved-acceptance-plan-and-limited-run-summary;run-authorization-is-not-requirement-approval"	"8005-factory-MES-readonly-run-and-limited-observation"	"historical-governance-evidence-only"	"document-route:R11-candidate; unit-kind:markdown-paragraph; source-document-class:R11-A/E; ledger-history:Formed in 5718541; ffe1f49 changed five branches to six, removed approval/hash requirements and backfilled observed results."	"RES-R11-001,BOUND-R11-001"	"not-approved"	"evidence-only-not-an-approval-unit;named-approver;approval-date;approved-scope;version-or-sha256-binding"
"R11-A0023"	"R11"	"R11-03"	"mes/docs/工厂首轮执行与回传清单.md"	"8305057b5f665d02b4891d88d3cf66afcc9b9f141757a19f7339c35bc91447fa"	"lines 49-53"	"MES 工厂首轮执行与回传清单 > 三、工厂执行"	"工厂命令用**单行**粘贴（PowerShell 5 反引号续行易乱序）。"	"以下命令均在 bundle 根目录执行（`--bundle .`）。 `--output-root .\mes-runs`：三个 `run-...` 都写在本目录下的 `mes-runs\`。 `--experiment-record` 可省略；省略时 manifest 记 `not-provided`。 工厂命令用**单行**粘贴（PowerShell 5 反引号续行易乱序）。 `mes-config.ini` / `experiment-record.json` 若含中文，请用 **UTF-8 无 BOM** 保存。"	"e4da9de50c8697639196de48807653e442f37d9fa993ef45f245e644852f6d0f"	"factory-run-procedure-or-local-tooling-design"	"mixed-unapproved-acceptance-plan-and-limited-run-summary;run-authorization-is-not-requirement-approval"	"8005-factory-MES-readonly-run-and-limited-observation"	"exclude-from-requirement-approval"	"document-route:R11-candidate; unit-kind:markdown-paragraph; source-document-class:R11-A/E; ledger-history:Formed in 5718541; ffe1f49 changed five branches to six, removed approval/hash requirements and backfilled observed results."	"RES-R11-001,BOUND-R11-001"	"not-approved"	"authoritative-requirement-source-if-behavior-is-required;separate-query-or-tooling-design-review;named-approver;approval-date;approved-scope;version-or-sha256-binding"
"R11-A0024"	"R11"	"R11-03"	"mes/docs/工厂首轮执行与回传清单.md"	"8305057b5f665d02b4891d88d3cf66afcc9b9f141757a19f7339c35bc91447fa"	"lines 49-53"	"MES 工厂首轮执行与回传清单 > 三、工厂执行"	"`mes-config.ini` / `experiment-record.json` 若含中文，请用 **UTF-8 无 BOM** 保存。"	"以下命令均在 bundle 根目录执行（`--bundle .`）。 `--output-root .\mes-runs`：三个 `run-...` 都写在本目录下的 `mes-runs\`。 `--experiment-record` 可省略；省略时 manifest 记 `not-provided`。 工厂命令用**单行**粘贴（PowerShell 5 反引号续行易乱序）。 `mes-config.ini` / `experiment-record.json` 若含中文，请用 **UTF-8 无 BOM** 保存。"	"76effd511ca1d0a86267c48edb8c6faf8cfbf8400262d196b11483619812ce0c"	"factory-credential-or-sensitive-data-handling-candidate"	"mixed-unapproved-acceptance-plan-and-limited-run-summary;run-authorization-is-not-requirement-approval"	"8005-factory-MES-readonly-run-and-limited-observation"	"needs-security-owner-and-explicit-approval"	"document-route:R11-candidate; unit-kind:markdown-paragraph; source-document-class:R11-A/E; ledger-history:Formed in 5718541; ffe1f49 changed five branches to six, removed approval/hash requirements and backfilled observed results."	"RES-R11-001,BOUND-R11-001"	"not-approved"	"responsible-security-owner;bound-readonly-query-and-sensitive-data-handling-scope;named-approver;approval-date;approved-scope;version-or-sha256-binding"
"R11-A0025"	"R11"	"R11-03"	"mes/docs/工厂首轮执行与回传清单.md"	"8305057b5f665d02b4891d88d3cf66afcc9b9f141757a19f7339c35bc91447fa"	"line 61"	"MES 工厂首轮执行与回传清单 > 三、工厂执行 > 1. 单次 7 字段与质量检查"	"[x] run 状态为 completed（目录形如 `.\mes-runs\run-...`）。"	"[x] run 状态为 completed（目录形如 `.\mes-runs\run-...`）。"	"d6930fe409901d329bdda9bfb44d5b89e2cc50b6e2387f7d34c43f6e80227bb9"	"limited-factory-run-observation"	"mixed-unapproved-acceptance-plan-and-limited-run-summary;run-authorization-is-not-requirement-approval"	"8005-factory-MES-readonly-run-and-limited-observation"	"limited-environment-observation-evidence-only"	"document-route:R11-candidate; unit-kind:markdown-flow-or-list-item; source-document-class:R11-A/E; ledger-history:Formed in 5718541; ffe1f49 changed five branches to six, removed approval/hash requirements and backfilled observed results."	"RES-R11-001,BOUND-R11-001,EVID-R11-001"	"not-approved"	"evidence-only-not-an-approval-unit;named-approver;approval-date;approved-scope;version-or-sha256-binding"
"R11-A0026"	"R11"	"R11-03"	"mes/docs/工厂首轮执行与回传清单.md"	"8305057b5f665d02b4891d88d3cf66afcc9b9f141757a19f7339c35bc91447fa"	"line 62"	"MES 工厂首轮执行与回传清单 > 三、工厂执行 > 1. 单次 7 字段与质量检查"	"`.\mes-runs\run-20260724T065719Z-61b2cebcf4`（673 行）"	"`.\mes-runs\run-20260724T065719Z-61b2cebcf4`（673 行）"	"a126c43f227cf1d025c8cf5b03a40936b70cd37fc10838dfc2915481625a01cf"	"limited-factory-run-observation"	"mixed-unapproved-acceptance-plan-and-limited-run-summary;run-authorization-is-not-requirement-approval"	"8005-factory-MES-readonly-run-and-limited-observation"	"limited-environment-observation-evidence-only"	"document-route:R11-candidate; unit-kind:markdown-flow-or-list-item; source-document-class:R11-A/E; ledger-history:Formed in 5718541; ffe1f49 changed five branches to six, removed approval/hash requirements and backfilled observed results."	"RES-R11-001,BOUND-R11-001,EVID-R11-001"	"not-approved"	"evidence-only-not-an-approval-unit;named-approver;approval-date;approved-scope;version-or-sha256-binding"
"R11-A0027"	"R11"	"R11-03"	"mes/docs/工厂首轮执行与回传清单.md"	"8305057b5f665d02b4891d88d3cf66afcc9b9f141757a19f7339c35bc91447fa"	"line 63"	"MES 工厂首轮执行与回传清单 > 三、工厂执行 > 1. 单次 7 字段与质量检查"	"[x] `reports/mes-task-union-quality.md` 已生成。"	"[x] `reports/mes-task-union-quality.md` 已生成。"	"7e894957842a658d63324c129361fad27a9a482dcded87f67ee6a552ae9b91ca"	"factory-run-procedure-or-local-tooling-design"	"mixed-unapproved-acceptance-plan-and-limited-run-summary;run-authorization-is-not-requirement-approval"	"8005-factory-MES-readonly-run-and-limited-observation"	"exclude-from-requirement-approval"	"document-route:R11-candidate; unit-kind:markdown-flow-or-list-item; source-document-class:R11-A/E; ledger-history:Formed in 5718541; ffe1f49 changed five branches to six, removed approval/hash requirements and backfilled observed results."	"RES-R11-001,BOUND-R11-001"	"not-approved"	"authoritative-requirement-source-if-behavior-is-required;separate-query-or-tooling-design-review;named-approver;approval-date;approved-scope;version-or-sha256-binding"
"R11-A0028"	"R11"	"R11-03"	"mes/docs/工厂首轮执行与回传清单.md"	"8305057b5f665d02b4891d88d3cf66afcc9b9f141757a19f7339c35bc91447fa"	"line 64"	"MES 工厂首轮执行与回传清单 > 三、工厂执行 > 1. 单次 7 字段与质量检查"	"[x] 输出列恰为 `TASK_TYPE,SUBLOT,AREA,EQP,STEP,DATES,PACKAGE`。"	"[x] 输出列恰为 `TASK_TYPE,SUBLOT,AREA,EQP,STEP,DATES,PACKAGE`。"	"ef268a7ad46c1d77bdd1f2e87acf8d0db94b435eb694e80880af3c9dcea2c75f"	"factory-acceptance-condition-candidate"	"mixed-unapproved-acceptance-plan-and-limited-run-summary;run-authorization-is-not-requirement-approval"	"8005-factory-MES-readonly-run-and-limited-observation"	"needs-acceptance-owner-and-explicit-approval"	"document-route:R11-candidate; unit-kind:markdown-flow-or-list-item; source-document-class:R11-A/E; ledger-history:Formed in 5718541; ffe1f49 changed five branches to six, removed approval/hash requirements and backfilled observed results."	"RES-R11-001,BOUND-R11-001"	"not-approved"	"responsible-acceptance-owner;approved-test-object-and-environment-scope;acceptance-evidence-package;named-approver;approval-date;approved-scope;version-or-sha256-binding"
"R11-A0029"	"R11"	"R11-03"	"mes/docs/工厂首轮执行与回传清单.md"	"8305057b5f665d02b4891d88d3cf66afcc9b9f141757a19f7339c35bc91447fa"	"line 65"	"MES 工厂首轮执行与回传清单 > 三、工厂执行 > 1. 单次 7 字段与质量检查"	"[x] 质量报告 `硬失败：否`；"	"[x] 质量报告 `硬失败：否`；若出现 `TASK_TYPE+SUBLOT` 重复键，记录冲突样例，不得按归并处理。"	"6f4ca11e0e6543b3ff2bc3caa1db5e9f1e4412cbcc9d34090997676ba989dfc0"	"limited-factory-run-observation"	"mixed-unapproved-acceptance-plan-and-limited-run-summary;run-authorization-is-not-requirement-approval"	"8005-factory-MES-readonly-run-and-limited-observation"	"limited-environment-observation-evidence-only"	"document-route:R11-candidate; unit-kind:markdown-flow-or-list-item; source-document-class:R11-A/E; ledger-history:Formed in 5718541; ffe1f49 changed five branches to six, removed approval/hash requirements and backfilled observed results."	"RES-R11-001,BOUND-R11-001,EVID-R11-001"	"not-approved"	"evidence-only-not-an-approval-unit;named-approver;approval-date;approved-scope;version-or-sha256-binding"
"R11-A0030"	"R11"	"R11-03"	"mes/docs/工厂首轮执行与回传清单.md"	"8305057b5f665d02b4891d88d3cf66afcc9b9f141757a19f7339c35bc91447fa"	"line 65"	"MES 工厂首轮执行与回传清单 > 三、工厂执行 > 1. 单次 7 字段与质量检查"	"若出现 `TASK_TYPE+SUBLOT` 重复键，记录冲突样例，不得按归并处理。"	"[x] 质量报告 `硬失败：否`；若出现 `TASK_TYPE+SUBLOT` 重复键，记录冲突样例，不得按归并处理。"	"653fc8ce8e1da7131d46a26df7bdccc0cc1c071f74692d2ff4a9dbe0a572e9f6"	"factory-acceptance-condition-candidate"	"mixed-unapproved-acceptance-plan-and-limited-run-summary;run-authorization-is-not-requirement-approval"	"8005-factory-MES-readonly-run-and-limited-observation"	"needs-acceptance-owner-and-explicit-approval"	"document-route:R11-candidate; unit-kind:markdown-flow-or-list-item; source-document-class:R11-A/E; ledger-history:Formed in 5718541; ffe1f49 changed five branches to six, removed approval/hash requirements and backfilled observed results."	"CF-R01-001,RES-R11-001,BOUND-R11-001"	"not-approved"	"responsible-acceptance-owner;approved-test-object-and-environment-scope;acceptance-evidence-package;named-approver;approval-date;approved-scope;version-or-sha256-binding"
"R11-A0031"	"R11"	"R11-03"	"mes/docs/工厂首轮执行与回传清单.md"	"8305057b5f665d02b4891d88d3cf66afcc9b9f141757a19f7339c35bc91447fa"	"line 66"	"MES 工厂首轮执行与回传清单 > 三、工厂执行 > 1. 单次 7 字段与质量检查"	"软提醒：可疑短 AREA `N`（2 行）；"	"软提醒：可疑短 AREA `N`（2 行）；日期解析口径告警不影响硬失败。"	"aad475e4fe9e7455c2c577464b2fd275c02f811b4cecc6c57de732dbed15a3d7"	"limited-factory-run-observation"	"mixed-unapproved-acceptance-plan-and-limited-run-summary;run-authorization-is-not-requirement-approval"	"8005-factory-MES-readonly-run-and-limited-observation"	"limited-environment-observation-evidence-only"	"document-route:R11-candidate; unit-kind:markdown-flow-or-list-item; source-document-class:R11-A/E; ledger-history:Formed in 5718541; ffe1f49 changed five branches to six, removed approval/hash requirements and backfilled observed results."	"RES-R11-001,BOUND-R11-001,EVID-R11-001"	"not-approved"	"evidence-only-not-an-approval-unit;named-approver;approval-date;approved-scope;version-or-sha256-binding"
"R11-A0032"	"R11"	"R11-03"	"mes/docs/工厂首轮执行与回传清单.md"	"8305057b5f665d02b4891d88d3cf66afcc9b9f141757a19f7339c35bc91447fa"	"line 66"	"MES 工厂首轮执行与回传清单 > 三、工厂执行 > 1. 单次 7 字段与质量检查"	"日期解析口径告警不影响硬失败。"	"软提醒：可疑短 AREA `N`（2 行）；日期解析口径告警不影响硬失败。"	"85f63a04144fcc52e545e18a43c5ba43a1146632cc2f484c98f02a03438434aa"	"factory-acceptance-condition-candidate"	"mixed-unapproved-acceptance-plan-and-limited-run-summary;run-authorization-is-not-requirement-approval"	"8005-factory-MES-readonly-run-and-limited-observation"	"needs-acceptance-owner-and-explicit-approval"	"document-route:R11-candidate; unit-kind:markdown-flow-or-list-item; source-document-class:R11-A/E; ledger-history:Formed in 5718541; ffe1f49 changed five branches to six, removed approval/hash requirements and backfilled observed results."	"RES-R11-001,BOUND-R11-001"	"not-approved"	"responsible-acceptance-owner;approved-test-object-and-environment-scope;acceptance-evidence-package;named-approver;approval-date;approved-scope;version-or-sha256-binding"
"R11-A0033"	"R11"	"R11-03"	"mes/docs/工厂首轮执行与回传清单.md"	"8305057b5f665d02b4891d88d3cf66afcc9b9f141757a19f7339c35bc91447fa"	"line 74"	"MES 工厂首轮执行与回传清单 > 三、工厂执行 > 2. 合并查询与客户六分支对比"	"[x] `reports/customer-baseline-counts.csv` 已生成。"	"[x] `reports/customer-baseline-counts.csv` 已生成。"	"e1ceca2ae7ea75d1430a21a58030cd25a21e3b5c1519f74a8e62421915c8a9cf"	"factory-run-procedure-or-local-tooling-design"	"mixed-unapproved-acceptance-plan-and-limited-run-summary;run-authorization-is-not-requirement-approval"	"8005-factory-MES-readonly-run-and-limited-observation"	"exclude-from-requirement-approval"	"document-route:R11-candidate; unit-kind:markdown-flow-or-list-item; source-document-class:R11-A/E; ledger-history:Formed in 5718541; ffe1f49 changed five branches to six, removed approval/hash requirements and backfilled observed results."	"RES-R11-001,BOUND-R11-001"	"not-approved"	"authoritative-requirement-source-if-behavior-is-required;separate-query-or-tooling-design-review;named-approver;approval-date;approved-scope;version-or-sha256-binding"
"R11-A0034"	"R11"	"R11-03"	"mes/docs/工厂首轮执行与回传清单.md"	"8305057b5f665d02b4891d88d3cf66afcc9b9f141757a19f7339c35bc91447fa"	"line 75"	"MES 工厂首轮执行与回传清单 > 三、工厂执行 > 2. 合并查询与客户六分支对比"	"run：`.\mes-runs\run-20260724T065734Z-7342006d71`"	"run：`.\mes-runs\run-20260724T065734Z-7342006d71`"	"c8a30720dc7accda6bf7275aaccf7bda18defc84de0458f0e6bb3c23bbbe4f0c"	"limited-factory-run-observation"	"mixed-unapproved-acceptance-plan-and-limited-run-summary;run-authorization-is-not-requirement-approval"	"8005-factory-MES-readonly-run-and-limited-observation"	"limited-environment-observation-evidence-only"	"document-route:R11-candidate; unit-kind:markdown-flow-or-list-item; source-document-class:R11-A/E; ledger-history:Formed in 5718541; ffe1f49 changed five branches to six, removed approval/hash requirements and backfilled observed results."	"RES-R11-001,BOUND-R11-001,EVID-R11-001"	"not-approved"	"evidence-only-not-an-approval-unit;named-approver;approval-date;approved-scope;version-or-sha256-binding"
"R11-A0035"	"R11"	"R11-03"	"mes/docs/工厂首轮执行与回传清单.md"	"8305057b5f665d02b4891d88d3cf66afcc9b9f141757a19f7339c35bc91447fa"	"line 76"	"MES 工厂首轮执行与回传清单 > 三、工厂执行 > 2. 合并查询与客户六分支对比"	"[x] 逐项记录时间差；"	"[x] 逐项记录时间差；实时变化与逻辑差异分开解释。"	"c946e433a0a350cef6105161c432bc63686ece984accc004c57170d45e5f074d"	"factory-acceptance-condition-candidate"	"mixed-unapproved-acceptance-plan-and-limited-run-summary;run-authorization-is-not-requirement-approval"	"8005-factory-MES-readonly-run-and-limited-observation"	"needs-acceptance-owner-and-explicit-approval"	"document-route:R11-candidate; unit-kind:markdown-flow-or-list-item; source-document-class:R11-A/E; ledger-history:Formed in 5718541; ffe1f49 changed five branches to six, removed approval/hash requirements and backfilled observed results."	"RES-R11-001,BOUND-R11-001"	"not-approved"	"responsible-acceptance-owner;approved-test-object-and-environment-scope;acceptance-evidence-package;named-approver;approval-date;approved-scope;version-or-sha256-binding"
"R11-A0036"	"R11"	"R11-03"	"mes/docs/工厂首轮执行与回传清单.md"	"8305057b5f665d02b4891d88d3cf66afcc9b9f141757a19f7339c35bc91447fa"	"line 76"	"MES 工厂首轮执行与回传清单 > 三、工厂执行 > 2. 合并查询与客户六分支对比"	"实时变化与逻辑差异分开解释。"	"[x] 逐项记录时间差；实时变化与逻辑差异分开解释。"	"0f6941079bd7f1f52386f8e1b0833a288a1144b58c6252a6fea6fc034e9a1e0a"	"factory-acceptance-condition-candidate"	"mixed-unapproved-acceptance-plan-and-limited-run-summary;run-authorization-is-not-requirement-approval"	"8005-factory-MES-readonly-run-and-limited-observation"	"needs-acceptance-owner-and-explicit-approval"	"document-route:R11-candidate; unit-kind:markdown-flow-or-list-item; source-document-class:R11-A/E; ledger-history:Formed in 5718541; ffe1f49 changed five branches to six, removed approval/hash requirements and backfilled observed results."	"RES-R11-001,BOUND-R11-001"	"not-approved"	"responsible-acceptance-owner;approved-test-object-and-environment-scope;acceptance-evidence-package;named-approver;approval-date;approved-scope;version-or-sha256-binding"
"R11-A0037"	"R11"	"R11-03"	"mes/docs/工厂首轮执行与回传清单.md"	"8305057b5f665d02b4891d88d3cf66afcc9b9f141757a19f7339c35bc91447fa"	"line 77"	"MES 工厂首轮执行与回传清单 > 三、工厂执行 > 2. 合并查询与客户六分支对比"	"六类 `difference` 均为 0；"	"六类 `difference` 均为 0；相对 phase1 合计 673→672（`STAGING_TO_WIRE` 少 1），判为实时变化。"	"028d71dba3db7924326fdc1796db6e8b5719fef52cdd1d73bc3718175f372e2c"	"limited-factory-run-observation"	"mixed-unapproved-acceptance-plan-and-limited-run-summary;run-authorization-is-not-requirement-approval"	"8005-factory-MES-readonly-run-and-limited-observation"	"limited-environment-observation-evidence-only"	"document-route:R11-candidate; unit-kind:markdown-flow-or-list-item; source-document-class:R11-A/E; ledger-history:Formed in 5718541; ffe1f49 changed five branches to six, removed approval/hash requirements and backfilled observed results."	"RES-R11-001,BOUND-R11-001,EVID-R11-001"	"not-approved"	"evidence-only-not-an-approval-unit;named-approver;approval-date;approved-scope;version-or-sha256-binding"
"R11-A0038"	"R11"	"R11-03"	"mes/docs/工厂首轮执行与回传清单.md"	"8305057b5f665d02b4891d88d3cf66afcc9b9f141757a19f7339c35bc91447fa"	"line 77"	"MES 工厂首轮执行与回传清单 > 三、工厂执行 > 2. 合并查询与客户六分支对比"	"相对 phase1 合计 673→672（`STAGING_TO_WIRE` 少 1），判为实时变化。"	"六类 `difference` 均为 0；相对 phase1 合计 673→672（`STAGING_TO_WIRE` 少 1），判为实时变化。"	"3559f7d778a078803d4502f1f19469a4c8cd92b0bf19d2665d453f3bf85c2ea7"	"limited-factory-run-observation"	"mixed-unapproved-acceptance-plan-and-limited-run-summary;run-authorization-is-not-requirement-approval"	"8005-factory-MES-readonly-run-and-limited-observation"	"limited-environment-observation-evidence-only"	"document-route:R11-candidate; unit-kind:markdown-flow-or-list-item; source-document-class:R11-A/E; ledger-history:Formed in 5718541; ffe1f49 changed five branches to six, removed approval/hash requirements and backfilled observed results."	"RES-R11-001,BOUND-R11-001,EVID-R11-001"	"not-approved"	"evidence-only-not-an-approval-unit;named-approver;approval-date;approved-scope;version-or-sha256-binding"
"R11-A0039"	"R11"	"R11-03"	"mes/docs/工厂首轮执行与回传清单.md"	"8305057b5f665d02b4891d88d3cf66afcc9b9f141757a19f7339c35bc91447fa"	"line 85"	"MES 工厂首轮执行与回传清单 > 三、工厂执行 > 3. 10 轮顺序性能测试"	"[x] 不并发、不重叠；"	"[x] 不并发、不重叠；每轮完成后才等待 10 秒。"	"1c2735ea297f4883fa0e15d91e50b2d23ca6380bf1a9112fab104a74dee08cb5"	"factory-acceptance-condition-candidate"	"mixed-unapproved-acceptance-plan-and-limited-run-summary;run-authorization-is-not-requirement-approval"	"8005-factory-MES-readonly-run-and-limited-observation"	"needs-acceptance-owner-and-explicit-approval"	"document-route:R11-candidate; unit-kind:markdown-flow-or-list-item; source-document-class:R11-A/E; ledger-history:Formed in 5718541; ffe1f49 changed five branches to six, removed approval/hash requirements and backfilled observed results."	"RES-R11-001,BOUND-R11-001"	"not-approved"	"responsible-acceptance-owner;approved-test-object-and-environment-scope;acceptance-evidence-package;named-approver;approval-date;approved-scope;version-or-sha256-binding"
"R11-A0040"	"R11"	"R11-03"	"mes/docs/工厂首轮执行与回传清单.md"	"8305057b5f665d02b4891d88d3cf66afcc9b9f141757a19f7339c35bc91447fa"	"line 85"	"MES 工厂首轮执行与回传清单 > 三、工厂执行 > 3. 10 轮顺序性能测试"	"每轮完成后才等待 10 秒。"	"[x] 不并发、不重叠；每轮完成后才等待 10 秒。"	"560e110bb35eb64533af8428c1135153a8e59e710d8cdfa96a25a79a8d77a5f3"	"factory-acceptance-condition-candidate"	"mixed-unapproved-acceptance-plan-and-limited-run-summary;run-authorization-is-not-requirement-approval"	"8005-factory-MES-readonly-run-and-limited-observation"	"needs-acceptance-owner-and-explicit-approval"	"document-route:R11-candidate; unit-kind:markdown-flow-or-list-item; source-document-class:R11-A/E; ledger-history:Formed in 5718541; ffe1f49 changed five branches to six, removed approval/hash requirements and backfilled observed results."	"RES-R11-001,BOUND-R11-001"	"not-approved"	"responsible-acceptance-owner;approved-test-object-and-environment-scope;acceptance-evidence-package;named-approver;approval-date;approved-scope;version-or-sha256-binding"
"R11-A0041"	"R11"	"R11-03"	"mes/docs/工厂首轮执行与回传清单.md"	"8305057b5f665d02b4891d88d3cf66afcc9b9f141757a19f7339c35bc91447fa"	"line 86"	"MES 工厂首轮执行与回传清单 > 三、工厂执行 > 3. 10 轮顺序性能测试"	"run：`.\mes-runs\run-20260724T065749Z-c9b74a48bb`"	"run：`.\mes-runs\run-20260724T065749Z-c9b74a48bb`"	"393c9d60d0d4c2d97a4527c5fd59f1c68e0fb72610b29cad461ed87288b416e0"	"limited-factory-run-observation"	"mixed-unapproved-acceptance-plan-and-limited-run-summary;run-authorization-is-not-requirement-approval"	"8005-factory-MES-readonly-run-and-limited-observation"	"limited-environment-observation-evidence-only"	"document-route:R11-candidate; unit-kind:markdown-flow-or-list-item; source-document-class:R11-A/E; ledger-history:Formed in 5718541; ffe1f49 changed five branches to six, removed approval/hash requirements and backfilled observed results."	"RES-R11-001,BOUND-R11-001,EVID-R11-001"	"not-approved"	"evidence-only-not-an-approval-unit;named-approver;approval-date;approved-scope;version-or-sha256-binding"
"R11-A0042"	"R11"	"R11-03"	"mes/docs/工厂首轮执行与回传清单.md"	"8305057b5f665d02b4891d88d3cf66afcc9b9f141757a19f7339c35bc91447fa"	"line 87"	"MES 工厂首轮执行与回传清单 > 三、工厂执行 > 3. 10 轮顺序性能测试"	"[x] 10 轮全部成功，平均不超过 5 秒，最大不超过 10 秒。"	"[x] 10 轮全部成功，平均不超过 5 秒，最大不超过 10 秒。"	"4b0119de175e281e040fd1057dfb4992dc05ff54ca2ddf8a27282f09e3d0779a"	"factory-acceptance-condition-candidate"	"mixed-unapproved-acceptance-plan-and-limited-run-summary;run-authorization-is-not-requirement-approval"	"8005-factory-MES-readonly-run-and-limited-observation"	"needs-acceptance-owner-and-explicit-approval"	"document-route:R11-candidate; unit-kind:markdown-flow-or-list-item; source-document-class:R11-A/E; ledger-history:Formed in 5718541; ffe1f49 changed five branches to six, removed approval/hash requirements and backfilled observed results."	"RES-R11-001,BOUND-R11-001"	"not-approved"	"responsible-acceptance-owner;approved-test-object-and-environment-scope;acceptance-evidence-package;named-approver;approval-date;approved-scope;version-or-sha256-binding"
"R11-A0043"	"R11"	"R11-03"	"mes/docs/工厂首轮执行与回传清单.md"	"8305057b5f665d02b4891d88d3cf66afcc9b9f141757a19f7339c35bc91447fa"	"line 88"	"MES 工厂首轮执行与回传清单 > 三、工厂执行 > 3. 10 轮顺序性能测试"	"平均 2.91s，最大 3.50s。"	"平均 2.91s，最大 3.50s。"	"72952a9efb2d6b19ce6628f33b9970163d04c84e8a16e425b34dfae00893cf02"	"limited-factory-run-observation"	"mixed-unapproved-acceptance-plan-and-limited-run-summary;run-authorization-is-not-requirement-approval"	"8005-factory-MES-readonly-run-and-limited-observation"	"limited-environment-observation-evidence-only"	"document-route:R11-candidate; unit-kind:markdown-flow-or-list-item; source-document-class:R11-A/E; ledger-history:Formed in 5718541; ffe1f49 changed five branches to six, removed approval/hash requirements and backfilled observed results."	"RES-R11-001,BOUND-R11-001,EVID-R11-001"	"not-approved"	"evidence-only-not-an-approval-unit;named-approver;approval-date;approved-scope;version-or-sha256-binding"
"R11-A0044"	"R11"	"R11-03"	"mes/docs/工厂首轮执行与回传清单.md"	"8305057b5f665d02b4891d88d3cf66afcc9b9f141757a19f7339c35bc91447fa"	"line 89"	"MES 工厂首轮执行与回传清单 > 三、工厂执行 > 3. 10 轮顺序性能测试"	"[x] 超时或停止信号出现时立即停止，不扩大负载重试。"	"[x] 超时或停止信号出现时立即停止，不扩大负载重试。"	"9b25c45bda1b6aebdc33e6cbbc4d775d3bb530c9433a67a965a2a95b41ad06b9"	"factory-acceptance-condition-candidate"	"mixed-unapproved-acceptance-plan-and-limited-run-summary;run-authorization-is-not-requirement-approval"	"8005-factory-MES-readonly-run-and-limited-observation"	"needs-acceptance-owner-and-explicit-approval"	"document-route:R11-candidate; unit-kind:markdown-flow-or-list-item; source-document-class:R11-A/E; ledger-history:Formed in 5718541; ffe1f49 changed five branches to six, removed approval/hash requirements and backfilled observed results."	"RES-R11-001,BOUND-R11-001"	"not-approved"	"responsible-acceptance-owner;approved-test-object-and-environment-scope;acceptance-evidence-package;named-approver;approval-date;approved-scope;version-or-sha256-binding"
"R11-A0045"	"R11"	"R11-03"	"mes/docs/工厂首轮执行与回传清单.md"	"8305057b5f665d02b4891d88d3cf66afcc9b9f141757a19f7339c35bc91447fa"	"line 93"	"MES 工厂首轮执行与回传清单 > 四、工厂回传"	"[x] `.\mes-runs\` 下保留三个独立 `run-...` 目录，不能合并或改名复用。"	"[x] `.\mes-runs\` 下保留三个独立 `run-...` 目录，不能合并或改名复用。"	"5868f0c24839d6aead520794f0f36f7b9341d9a05856437bff0cfefd068c0a16"	"factory-acceptance-condition-candidate"	"mixed-unapproved-acceptance-plan-and-limited-run-summary;run-authorization-is-not-requirement-approval"	"8005-factory-MES-readonly-run-and-limited-observation"	"needs-acceptance-owner-and-explicit-approval"	"document-route:R11-candidate; unit-kind:markdown-flow-or-list-item; source-document-class:R11-A/E; ledger-history:Formed in 5718541; ffe1f49 changed five branches to six, removed approval/hash requirements and backfilled observed results."	"RES-R11-001,BOUND-R11-001"	"not-approved"	"responsible-acceptance-owner;approved-test-object-and-environment-scope;acceptance-evidence-package;named-approver;approval-date;approved-scope;version-or-sha256-binding"
"R11-A0046"	"R11"	"R11-03"	"mes/docs/工厂首轮执行与回传清单.md"	"8305057b5f665d02b4891d88d3cf66afcc9b9f141757a19f7339c35bc91447fa"	"line 94"	"MES 工厂首轮执行与回传清单 > 四、工厂回传"	"[x] 每个目录含 `run-manifest.json`、`execution-log.md`、`results/` 和 `reports/`。"	"[x] 每个目录含 `run-manifest.json`、`execution-log.md`、`results/` 和 `reports/`。"	"4631ec34c10f6f611c1165039b2648e7366de34dd58c12ddf7f1a243a973b1a5"	"factory-acceptance-condition-candidate"	"mixed-unapproved-acceptance-plan-and-limited-run-summary;run-authorization-is-not-requirement-approval"	"8005-factory-MES-readonly-run-and-limited-observation"	"needs-acceptance-owner-and-explicit-approval"	"document-route:R11-candidate; unit-kind:markdown-flow-or-list-item; source-document-class:R11-A/E; ledger-history:Formed in 5718541; ffe1f49 changed five branches to six, removed approval/hash requirements and backfilled observed results."	"RES-R11-001,BOUND-R11-001"	"not-approved"	"responsible-acceptance-owner;approved-test-object-and-environment-scope;acceptance-evidence-package;named-approver;approval-date;approved-scope;version-or-sha256-binding"
"R11-A0047"	"R11"	"R11-03"	"mes/docs/工厂首轮执行与回传清单.md"	"8305057b5f665d02b4891d88d3cf66afcc9b9f141757a19f7339c35bc91447fa"	"line 95"	"MES 工厂首轮执行与回传清单 > 四、工厂回传"	"[x] 检查结果中无密码、完整连接字符串或参数值；"	"[x] 检查结果中无密码、完整连接字符串或参数值；**删除** `mes-config.ini` 后再拷回。"	"36df627ab8df6e2201739f1767f61d881ab5f0434572a130cf517c3dd974a08e"	"factory-credential-or-sensitive-data-handling-candidate"	"mixed-unapproved-acceptance-plan-and-limited-run-summary;run-authorization-is-not-requirement-approval"	"8005-factory-MES-readonly-run-and-limited-observation"	"needs-security-owner-and-explicit-approval"	"document-route:R11-candidate; unit-kind:markdown-flow-or-list-item; source-document-class:R11-A/E; ledger-history:Formed in 5718541; ffe1f49 changed five branches to six, removed approval/hash requirements and backfilled observed results."	"RES-R11-001,BOUND-R11-001"	"not-approved"	"responsible-security-owner;bound-readonly-query-and-sensitive-data-handling-scope;named-approver;approval-date;approved-scope;version-or-sha256-binding"
"R11-A0048"	"R11"	"R11-03"	"mes/docs/工厂首轮执行与回传清单.md"	"8305057b5f665d02b4891d88d3cf66afcc9b9f141757a19f7339c35bc91447fa"	"line 95"	"MES 工厂首轮执行与回传清单 > 四、工厂回传"	"**删除** `mes-config.ini` 后再拷回。"	"[x] 检查结果中无密码、完整连接字符串或参数值；**删除** `mes-config.ini` 后再拷回。"	"709092cb4e92517e50dcde0e8f392aa935bcc90fac979400294d5539f6560945"	"factory-credential-or-sensitive-data-handling-candidate"	"mixed-unapproved-acceptance-plan-and-limited-run-summary;run-authorization-is-not-requirement-approval"	"8005-factory-MES-readonly-run-and-limited-observation"	"needs-security-owner-and-explicit-approval"	"document-route:R11-candidate; unit-kind:markdown-flow-or-list-item; source-document-class:R11-A/E; ledger-history:Formed in 5718541; ffe1f49 changed five branches to six, removed approval/hash requirements and backfilled observed results."	"RES-R11-001,BOUND-R11-001"	"not-approved"	"responsible-security-owner;bound-readonly-query-and-sensitive-data-handling-scope;named-approver;approval-date;approved-scope;version-or-sha256-binding"
"R11-A0049"	"R11"	"R11-03"	"mes/docs/工厂首轮执行与回传清单.md"	"8305057b5f665d02b4891d88d3cf66afcc9b9f141757a19f7339c35bc91447fa"	"line 96"	"MES 工厂首轮执行与回传清单 > 四、工厂回传"	"[x] 将整个 bundle 文件夹（含 `.\mes-runs`）拷回本机，**覆盖/替换** `mes/.dist/mes-task-union-validation`（无需压缩、无需 SHA-256）。"	"[x] 将整个 bundle 文件夹（含 `.\mes-runs`）拷回本机，**覆盖/替换** `mes/.dist/mes-task-union-validation`（无需压缩、无需 SHA-256）。"	"aa7d6d5ee2731c4826948ca20a7298feda43f33b42d0e51a816963d158d3208a"	"superseded-factory-run-governance-claim"	"mixed-unapproved-acceptance-plan-and-limited-run-summary;run-authorization-is-not-requirement-approval"	"8005-factory-MES-readonly-run-and-limited-observation"	"historical-governance-evidence-only"	"document-route:R11-candidate; unit-kind:markdown-flow-or-list-item; source-document-class:R11-A/E; ledger-history:Formed in 5718541; ffe1f49 changed five branches to six, removed approval/hash requirements and backfilled observed results."	"RES-R11-001,BOUND-R11-001"	"not-approved"	"evidence-only-not-an-approval-unit;named-approver;approval-date;approved-scope;version-or-sha256-binding"
"R11-A0050"	"R11"	"R11-03"	"mes/docs/工厂首轮执行与回传清单.md"	"8305057b5f665d02b4891d88d3cf66afcc9b9f141757a19f7339c35bc91447fa"	"line 100"	"MES 工厂首轮执行与回传清单 > 五、本机导入与 PACKAGE 未覆盖清单"	"对每个 run 分别执行（路径按实际 `run-id` 替换）："	"对每个 run 分别执行（路径按实际 `run-id` 替换）："	"cf650fa6fef0b000e30004f42d9f960275ff13e56f9d25f3686e0b62ac870984"	"factory-run-procedure-or-local-tooling-design"	"mixed-unapproved-acceptance-plan-and-limited-run-summary;run-authorization-is-not-requirement-approval"	"8005-factory-MES-readonly-run-and-limited-observation"	"exclude-from-requirement-approval"	"document-route:R11-candidate; unit-kind:markdown-paragraph; source-document-class:R11-A/E; ledger-history:Formed in 5718541; ffe1f49 changed five branches to six, removed approval/hash requirements and backfilled observed results."	"RES-R11-001,BOUND-R11-001"	"not-approved"	"authoritative-requirement-source-if-behavior-is-required;separate-query-or-tooling-design-review;named-approver;approval-date;approved-scope;version-or-sha256-binding"
"R11-A0051"	"R11"	"R11-03"	"mes/docs/工厂首轮执行与回传清单.md"	"8305057b5f665d02b4891d88d3cf66afcc9b9f141757a19f7339c35bc91447fa"	"line 109"	"MES 工厂首轮执行与回传清单 > 五、本机导入与 PACKAGE 未覆盖清单"	"[x] 已导入 `mes/evidence/runs/<run-id>/`，重复导入被拒绝。"	"[x] 已导入 `mes/evidence/runs/<run-id>/`，重复导入被拒绝。"	"09be650330467cab1f9cdfa7912b1e95778ec7b3fa39f1eb6aad74e6c397cc8d"	"factory-acceptance-condition-candidate"	"mixed-unapproved-acceptance-plan-and-limited-run-summary;run-authorization-is-not-requirement-approval"	"8005-factory-MES-readonly-run-and-limited-observation"	"needs-acceptance-owner-and-explicit-approval"	"document-route:R11-candidate; unit-kind:markdown-flow-or-list-item; source-document-class:R11-A/E; ledger-history:Formed in 5718541; ffe1f49 changed five branches to six, removed approval/hash requirements and backfilled observed results."	"RES-R11-001,BOUND-R11-001"	"not-approved"	"responsible-acceptance-owner;approved-test-object-and-environment-scope;acceptance-evidence-package;named-approver;approval-date;approved-scope;version-or-sha256-binding"
"R11-A0052"	"R11"	"R11-03"	"mes/docs/工厂首轮执行与回传清单.md"	"8305057b5f665d02b4891d88d3cf66afcc9b9f141757a19f7339c35bc91447fa"	"line 110"	"MES 工厂首轮执行与回传清单 > 五、本机导入与 PACKAGE 未覆盖清单"	"已导入三个 run：`065719Z` / `065734Z` / `065749Z`"	"已导入三个 run：`065719Z` / `065734Z` / `065749Z`"	"1b8a9888306be2300bb2b2da9c360970115b877af723e36b07f68b35005483b3"	"limited-factory-run-observation"	"mixed-unapproved-acceptance-plan-and-limited-run-summary;run-authorization-is-not-requirement-approval"	"8005-factory-MES-readonly-run-and-limited-observation"	"limited-environment-observation-evidence-only"	"document-route:R11-candidate; unit-kind:markdown-flow-or-list-item; source-document-class:R11-A/E; ledger-history:Formed in 5718541; ffe1f49 changed five branches to six, removed approval/hash requirements and backfilled observed results."	"RES-R11-001,BOUND-R11-001,EVID-R11-001"	"not-approved"	"evidence-only-not-an-approval-unit;named-approver;approval-date;approved-scope;version-or-sha256-binding"
"R11-A0053"	"R11"	"R11-03"	"mes/docs/工厂首轮执行与回传清单.md"	"8305057b5f665d02b4891d88d3cf66afcc9b9f141757a19f7339c35bc91447fa"	"line 111"	"MES 工厂首轮执行与回传清单 > 五、本机导入与 PACKAGE 未覆盖清单"	"[x] `mes/samples/mes-task-union/latest.csv`、`latest.md`、`latest.meta.json` 已刷新。"	"[x] `mes/samples/mes-task-union/latest.csv`、`latest.md`、`latest.meta.json` 已刷新。"	"9e3736b59b0f059ce53fc5fe2e663396e1ccd6d44d811efc9c4db6198dba3b71"	"factory-run-procedure-or-local-tooling-design"	"mixed-unapproved-acceptance-plan-and-limited-run-summary;run-authorization-is-not-requirement-approval"	"8005-factory-MES-readonly-run-and-limited-observation"	"exclude-from-requirement-approval"	"document-route:R11-candidate; unit-kind:markdown-flow-or-list-item; source-document-class:R11-A/E; ledger-history:Formed in 5718541; ffe1f49 changed five branches to six, removed approval/hash requirements and backfilled observed results."	"RES-R11-001,BOUND-R11-001"	"not-approved"	"authoritative-requirement-source-if-behavior-is-required;separate-query-or-tooling-design-review;named-approver;approval-date;approved-scope;version-or-sha256-binding"
"R11-A0054"	"R11"	"R11-03"	"mes/docs/工厂首轮执行与回传清单.md"	"8305057b5f665d02b4891d88d3cf66afcc9b9f141757a19f7339c35bc91447fa"	"line 112"	"MES 工厂首轮执行与回传清单 > 五、本机导入与 PACKAGE 未覆盖清单"	"latest 来自性能 run round-10（672 行）"	"latest 来自性能 run round-10（672 行）"	"81a425c93c51d5aee06aa2ee37ab4f5fdd3792d244cb0e546a8d9c8a0e318303"	"limited-factory-run-observation"	"mixed-unapproved-acceptance-plan-and-limited-run-summary;run-authorization-is-not-requirement-approval"	"8005-factory-MES-readonly-run-and-limited-observation"	"limited-environment-observation-evidence-only"	"document-route:R11-candidate; unit-kind:markdown-flow-or-list-item; source-document-class:R11-A/E; ledger-history:Formed in 5718541; ffe1f49 changed five branches to six, removed approval/hash requirements and backfilled observed results."	"RES-R11-001,BOUND-R11-001,EVID-R11-001"	"not-approved"	"evidence-only-not-an-approval-unit;named-approver;approval-date;approved-scope;version-or-sha256-binding"
"R11-A0055"	"R11"	"R11-03"	"mes/docs/工厂首轮执行与回传清单.md"	"8305057b5f665d02b4891d88d3cf66afcc9b9f141757a19f7339c35bc91447fa"	"line 113"	"MES 工厂首轮执行与回传清单 > 五、本机导入与 PACKAGE 未覆盖清单"	"[x] **查看未在花篮容量规则中的 PACKAGE**：`mes/samples/mes-task-union/package-coverage/unmatched_packages.csv`"	"[x] **查看未在花篮容量规则中的 PACKAGE**：`mes/samples/mes-task-union/package-coverage/unmatched_packages.csv`"	"632cd6a8d04bca7c8f068a274fa1edf10877c63ec41d9624fb6119339e2f837c"	"factory-run-procedure-or-local-tooling-design"	"mixed-unapproved-acceptance-plan-and-limited-run-summary;run-authorization-is-not-requirement-approval"	"8005-factory-MES-readonly-run-and-limited-observation"	"exclude-from-requirement-approval"	"document-route:R11-candidate; unit-kind:markdown-flow-or-list-item; source-document-class:R11-A/E; ledger-history:Formed in 5718541; ffe1f49 changed five branches to six, removed approval/hash requirements and backfilled observed results."	"RES-R11-001,BOUND-R11-001"	"not-approved"	"authoritative-requirement-source-if-behavior-is-required;separate-query-or-tooling-design-review;named-approver;approval-date;approved-scope;version-or-sha256-binding"
"R11-A0056"	"R11"	"R11-03"	"mes/docs/工厂首轮执行与回传清单.md"	"8305057b5f665d02b4891d88d3cf66afcc9b9f141757a19f7339c35bc91447fa"	"line 114"	"MES 工厂首轮执行与回传清单 > 五、本机导入与 PACKAGE 未覆盖清单"	"去重 PACKAGE 120；"	"去重 PACKAGE 120；未匹配聚合 **100** 种（对应 494 行）"	"2a92371c0126a8ec8f757f3cd27f4c988a66d94f9d97b354aadeaac9bb9d074a"	"limited-factory-run-observation"	"mixed-unapproved-acceptance-plan-and-limited-run-summary;run-authorization-is-not-requirement-approval"	"8005-factory-MES-readonly-run-and-limited-observation"	"limited-environment-observation-evidence-only"	"document-route:R11-candidate; unit-kind:markdown-flow-or-list-item; source-document-class:R11-A/E; ledger-history:Formed in 5718541; ffe1f49 changed five branches to six, removed approval/hash requirements and backfilled observed results."	"RES-R11-001,BOUND-R11-001,EVID-R11-001"	"not-approved"	"evidence-only-not-an-approval-unit;named-approver;approval-date;approved-scope;version-or-sha256-binding"
"R11-A0057"	"R11"	"R11-03"	"mes/docs/工厂首轮执行与回传清单.md"	"8305057b5f665d02b4891d88d3cf66afcc9b9f141757a19f7339c35bc91447fa"	"line 114"	"MES 工厂首轮执行与回传清单 > 五、本机导入与 PACKAGE 未覆盖清单"	"未匹配聚合 **100** 种（对应 494 行）"	"去重 PACKAGE 120；未匹配聚合 **100** 种（对应 494 行）"	"ff876e1cdf7275ec4004a078548a5f1f2509cc9b590a5842f14d4e6b0069382a"	"limited-factory-run-observation"	"mixed-unapproved-acceptance-plan-and-limited-run-summary;run-authorization-is-not-requirement-approval"	"8005-factory-MES-readonly-run-and-limited-observation"	"limited-environment-observation-evidence-only"	"document-route:R11-candidate; unit-kind:markdown-flow-or-list-item; source-document-class:R11-A/E; ledger-history:Formed in 5718541; ffe1f49 changed five branches to six, removed approval/hash requirements and backfilled observed results."	"RES-R11-001,BOUND-R11-001,EVID-R11-001,SCOPE-R11-001"	"not-approved"	"evidence-only-not-an-approval-unit;named-approver;approval-date;approved-scope;version-or-sha256-binding"
"R11-A0058"	"R11"	"R11-03"	"mes/docs/工厂首轮执行与回传清单.md"	"8305057b5f665d02b4891d88d3cf66afcc9b9f141757a19f7339c35bc91447fa"	"line 115"	"MES 工厂首轮执行与回传清单 > 五、本机导入与 PACKAGE 未覆盖清单"	"[x] 同步查看 `package-coverage/summary.md`；"	"[x] 同步查看 `package-coverage/summary.md`；把未匹配项反馈客户补表。"	"7059d4c6a830ecce45de9adb42bae47387a57f7e8988e128e76d002cc7db6480"	"factory-run-procedure-or-local-tooling-design"	"mixed-unapproved-acceptance-plan-and-limited-run-summary;run-authorization-is-not-requirement-approval"	"8005-factory-MES-readonly-run-and-limited-observation"	"exclude-from-requirement-approval"	"document-route:R11-candidate; unit-kind:markdown-flow-or-list-item; source-document-class:R11-A/E; ledger-history:Formed in 5718541; ffe1f49 changed five branches to six, removed approval/hash requirements and backfilled observed results."	"RES-R11-001,BOUND-R11-001"	"not-approved"	"authoritative-requirement-source-if-behavior-is-required;separate-query-or-tooling-design-review;named-approver;approval-date;approved-scope;version-or-sha256-binding"
"R11-A0059"	"R11"	"R11-03"	"mes/docs/工厂首轮执行与回传清单.md"	"8305057b5f665d02b4891d88d3cf66afcc9b9f141757a19f7339c35bc91447fa"	"line 115"	"MES 工厂首轮执行与回传清单 > 五、本机导入与 PACKAGE 未覆盖清单"	"把未匹配项反馈客户补表。"	"[x] 同步查看 `package-coverage/summary.md`；把未匹配项反馈客户补表。"	"7179b26ab06a9842235b6dad60e81dad17d2703ffa5a8299c8f22b1b1670473f"	"capacity-gap-governance-workflow-candidate"	"mixed-unapproved-acceptance-plan-and-limited-run-summary;run-authorization-is-not-requirement-approval"	"8005-factory-MES-readonly-run-and-limited-observation"	"needs-capacity-source-scope-and-explicit-approval"	"document-route:R11-candidate; unit-kind:markdown-flow-or-list-item; source-document-class:R11-A/E; ledger-history:Formed in 5718541; ffe1f49 changed five branches to six, removed approval/hash requirements and backfilled observed results."	"RES-R11-001,BOUND-R11-001,SCOPE-R11-001"	"not-approved"	"original-customer-capacity-table;row-by-row-migration-reconciliation;site-product-effective-period;named-approver;approval-date;approved-scope;version-or-sha256-binding"
"R11-A0060"	"R11"	"R11-03"	"mes/docs/工厂首轮执行与回传清单.md"	"8305057b5f665d02b4891d88d3cf66afcc9b9f141757a19f7339c35bc91447fa"	"line 116"	"MES 工厂首轮执行与回传清单 > 五、本机导入与 PACKAGE 未覆盖清单"	"[x] 不为近似字符串擅自继承容量；"	"[x] 不为近似字符串擅自继承容量；`TOLL-` 仅匹配 `TOLL-...`。"	"c254ed20745d9844205b530756cc6a4a531b8aba9421a6fffcd1bd6132453349"	"factory-acceptance-condition-candidate"	"mixed-unapproved-acceptance-plan-and-limited-run-summary;run-authorization-is-not-requirement-approval"	"8005-factory-MES-readonly-run-and-limited-observation"	"needs-acceptance-owner-and-explicit-approval"	"document-route:R11-candidate; unit-kind:markdown-flow-or-list-item; source-document-class:R11-A/E; ledger-history:Formed in 5718541; ffe1f49 changed five branches to six, removed approval/hash requirements and backfilled observed results."	"RES-R11-001,BOUND-R11-001,SCOPE-R11-001"	"not-approved"	"responsible-acceptance-owner;approved-test-object-and-environment-scope;acceptance-evidence-package;named-approver;approval-date;approved-scope;version-or-sha256-binding"
"R11-A0061"	"R11"	"R11-03"	"mes/docs/工厂首轮执行与回传清单.md"	"8305057b5f665d02b4891d88d3cf66afcc9b9f141757a19f7339c35bc91447fa"	"line 116"	"MES 工厂首轮执行与回传清单 > 五、本机导入与 PACKAGE 未覆盖清单"	"`TOLL-` 仅匹配 `TOLL-...`。"	"[x] 不为近似字符串擅自继承容量；`TOLL-` 仅匹配 `TOLL-...`。"	"c2096dac60ea14fbd286bfe3485cac7366500d09d942ad45552792c7db966ece"	"capacity-matching-and-fail-closed-behavior-candidate"	"mixed-unapproved-acceptance-plan-and-limited-run-summary;run-authorization-is-not-requirement-approval"	"8005-factory-MES-readonly-run-and-limited-observation"	"needs-loading-safety-owner-bound-data-source-and-explicit-approval"	"document-route:R11-candidate; unit-kind:markdown-flow-or-list-item; source-document-class:R11-A/E; ledger-history:Formed in 5718541; ffe1f49 changed five branches to six, removed approval/hash requirements and backfilled observed results."	"RES-R11-001,BOUND-R11-001,SCOPE-R11-001"	"not-approved"	"responsible-loading-and-safety-owner;bound-MES-query-and-capacity-source;failure-path-validation;named-approver;approval-date;approved-scope;version-or-sha256-binding"
"R11-A0062"	"R11"	"R11-03"	"mes/docs/工厂首轮执行与回传清单.md"	"8305057b5f665d02b4891d88d3cf66afcc9b9f141757a19f7339c35bc91447fa"	"line 117"	"MES 工厂首轮执行与回传清单 > 五、本机导入与 PACKAGE 未覆盖清单"	"[ ] 全量 PACKAGE 仍需按 `package-universe-discovery` 实验另行处理，活跃结果不能称全集。"	"[ ] 全量 PACKAGE 仍需按 `package-universe-discovery` 实验另行处理，活跃结果不能称全集。"	"f3ebe0367426d90fc5fdaea4bc33ba1dce2dd4b93d71d0aa56f0ea9d77df3564"	"factory-acceptance-condition-candidate"	"mixed-unapproved-acceptance-plan-and-limited-run-summary;run-authorization-is-not-requirement-approval"	"8005-factory-MES-readonly-run-and-limited-observation"	"needs-acceptance-owner-and-explicit-approval"	"document-route:R11-candidate; unit-kind:markdown-flow-or-list-item; source-document-class:R11-A/E; ledger-history:Formed in 5718541; ffe1f49 changed five branches to six, removed approval/hash requirements and backfilled observed results."	"RES-R11-001,BOUND-R11-001,SCOPE-R11-001"	"not-approved"	"responsible-acceptance-owner;approved-test-object-and-environment-scope;acceptance-evidence-package;named-approver;approval-date;approved-scope;version-or-sha256-binding"
"R11-A0063"	"R11"	"R11-04"	"mes/queries/mes-task-union/README.md"	"e8b7ed1c34d7d541f2833fc66a34a361c3ba818fa9b6df0daf36e93268d255f0"	"line 3"	"MES_TASK_UNION"	"一次执行六类 MES 运输任务查询，并在同一 Oracle 语句级一致性快照中返回统一列。"	"一次执行六类 MES 运输任务查询，并在同一 Oracle 语句级一致性快照中返回统一列。正式 SQL 见 [`query.sql`](query.sql)，机器可读契约见 [`query.toml`](query.toml)。"	"e7bc9ee7a9bea3d80c2e5c5fde32154123135b500485b149dff8ae1e1be8b89f"	"external-mes-unified-query-contract-candidate"	"unapproved-internal-derived-query-or-guidance-without-complete-approval-chain"	"8005-MesIngest-six-task-unified-query-contract"	"needs-bound-external-data-contract-and-explicit-approval"	"document-route:R11-candidate; unit-kind:markdown-paragraph; source-document-class:R11-X/D/A; ledger-history:Formed in 5718541 from customer SQL snapshots; ffe1f49 added WIRE_TO_NITROGEN."	"none-found-within-r11-pass"	"not-approved"	"authorized-MES-data-owner;bound-Oracle-instance-schema-query-version-and-field-semantics;named-approver;approval-date;approved-scope;version-or-sha256-binding"
"R11-A0064"	"R11"	"R11-04"	"mes/queries/mes-task-union/README.md"	"e8b7ed1c34d7d541f2833fc66a34a361c3ba818fa9b6df0daf36e93268d255f0"	"line 3"	"MES_TASK_UNION"	"正式 SQL 见 [`query.sql`](query.sql)，机器可读契约见 [`query.toml`](query.toml)。"	"一次执行六类 MES 运输任务查询，并在同一 Oracle 语句级一致性快照中返回统一列。正式 SQL 见 [`query.sql`](query.sql)，机器可读契约见 [`query.toml`](query.toml)。"	"fc001cc1ac6093aee00940f40268a084fbc002ecb7e244b29e8b84c6c9d70975"	"query-contract-location-and-versioning-evidence"	"unapproved-internal-derived-query-or-guidance-without-complete-approval-chain"	"8005-MesIngest-six-task-unified-query-contract"	"source-or-traceability-evidence-only"	"document-route:R11-candidate; unit-kind:markdown-paragraph; source-document-class:R11-X/D/A; ledger-history:Formed in 5718541 from customer SQL snapshots; ffe1f49 added WIRE_TO_NITROGEN."	"CF-R01-002"	"not-approved"	"evidence-only-not-an-approval-unit;named-approver;approval-date;approved-scope;version-or-sha256-binding"
"R11-A0065"	"R11"	"R11-04"	"mes/queries/mes-task-union/README.md"	"e8b7ed1c34d7d541f2833fc66a34a361c3ba818fa9b6df0daf36e93268d255f0"	"line 7"	"MES_TASK_UNION > 契约"	"参数：无。"	"参数：无。"	"4be971f678b44fb3f42720dc6146d3d5016d03e0e9438ff086d0709d158413f2"	"external-mes-unified-query-contract-candidate"	"unapproved-internal-derived-query-or-guidance-without-complete-approval-chain"	"8005-MesIngest-six-task-unified-query-contract"	"needs-bound-external-data-contract-and-explicit-approval"	"document-route:R11-candidate; unit-kind:markdown-flow-or-list-item; source-document-class:R11-X/D/A; ledger-history:Formed in 5718541 from customer SQL snapshots; ffe1f49 added WIRE_TO_NITROGEN."	"none-found-within-r11-pass"	"not-approved"	"authorized-MES-data-owner;bound-Oracle-instance-schema-query-version-and-field-semantics;named-approver;approval-date;approved-scope;version-or-sha256-binding"
"R11-A0066"	"R11"	"R11-04"	"mes/queries/mes-task-union/README.md"	"e8b7ed1c34d7d541f2833fc66a34a361c3ba818fa9b6df0daf36e93268d255f0"	"line 8"	"MES_TASK_UNION > 契约"	"输出顺序：`TASK_TYPE`、`SUBLOT`、`AREA`、`EQP`、`STEP`、`DATES`、`PACKAGE`。"	"输出顺序：`TASK_TYPE`、`SUBLOT`、`AREA`、`EQP`、`STEP`、`DATES`、`PACKAGE`。"	"8d88b5e53bafe3df459695c07d5f64f5fbbfa75de450329baf94407e61e7a30f"	"external-mes-unified-query-contract-candidate"	"unapproved-internal-derived-query-or-guidance-without-complete-approval-chain"	"8005-MesIngest-six-task-unified-query-contract"	"needs-bound-external-data-contract-and-explicit-approval"	"document-route:R11-candidate; unit-kind:markdown-flow-or-list-item; source-document-class:R11-X/D/A; ledger-history:Formed in 5718541 from customer SQL snapshots; ffe1f49 added WIRE_TO_NITROGEN."	"none-found-within-r11-pass"	"not-approved"	"authorized-MES-data-owner;bound-Oracle-instance-schema-query-version-and-field-semantics;named-approver;approval-date;approved-scope;version-or-sha256-binding"
"R11-A0067"	"R11"	"R11-04"	"mes/queries/mes-task-union/README.md"	"e8b7ed1c34d7d541f2833fc66a34a361c3ba818fa9b6df0daf36e93268d255f0"	"line 9"	"MES_TASK_UNION > 契约"	"`TASK_TYPE` 取值：`DIE_TO_WIRE_STAGING`、`DIE_TO_OVEN`、`WIRE_TO_GATE`、`WIRE_TO_OPTICAL`、`STAGING_TO_WIRE`、`WIRE_TO_NITROGEN`。"	"`TASK_TYPE` 取值：`DIE_TO_WIRE_STAGING`、`DIE_TO_OVEN`、`WIRE_TO_GATE`、`WIRE_TO_OPTICAL`、`STAGING_TO_WIRE`、`WIRE_TO_NITROGEN`。"	"48da21167260eaea7482366d06c36ff12ae31cf71b4219afad9a0dd1179a762f"	"external-mes-unified-query-contract-candidate"	"unapproved-internal-derived-query-or-guidance-without-complete-approval-chain"	"8005-MesIngest-six-task-unified-query-contract"	"needs-bound-external-data-contract-and-explicit-approval"	"document-route:R11-candidate; unit-kind:markdown-flow-or-list-item; source-document-class:R11-X/D/A; ledger-history:Formed in 5718541 from customer SQL snapshots; ffe1f49 added WIRE_TO_NITROGEN."	"none-found-within-r11-pass"	"not-approved"	"authorized-MES-data-owner;bound-Oracle-instance-schema-query-version-and-field-semantics;named-approver;approval-date;approved-scope;version-or-sha256-binding"
"R11-A0068"	"R11"	"R11-04"	"mes/queries/mes-task-union/README.md"	"e8b7ed1c34d7d541f2833fc66a34a361c3ba818fa9b6df0daf36e93268d255f0"	"line 10"	"MES_TASK_UNION > 契约"	"使用 `UNION ALL`，不得用 `UNION` 静默去重；"	"使用 `UNION ALL`，不得用 `UNION` 静默去重；应用层以 `TASK_TYPE + SUBLOT` 为幂等键，单次结果中该键多行视为硬失败（阻断冲突键、其余继续）。"	"dd1d00ee902145043ef100a42689ccb4ae1396ad46d010f7afad16eb86a73c57"	"derived-unified-query-design-decision"	"unapproved-internal-derived-query-or-guidance-without-complete-approval-chain"	"8005-MesIngest-six-task-unified-query-contract"	"exclude-from-requirement-approval"	"document-route:R11-candidate; unit-kind:markdown-flow-or-list-item; source-document-class:R11-X/D/A; ledger-history:Formed in 5718541 from customer SQL snapshots; ffe1f49 added WIRE_TO_NITROGEN."	"none-found-within-r11-pass"	"not-approved"	"authoritative-requirement-source-if-behavior-is-required;separate-query-or-tooling-design-review;named-approver;approval-date;approved-scope;version-or-sha256-binding"
"R11-A0069"	"R11"	"R11-04"	"mes/queries/mes-task-union/README.md"	"e8b7ed1c34d7d541f2833fc66a34a361c3ba818fa9b6df0daf36e93268d255f0"	"line 10"	"MES_TASK_UNION > 契约"	"应用层以 `TASK_TYPE + SUBLOT` 为幂等键，单次结果中该键多行视为硬失败（阻断冲突键、其余继续）。"	"使用 `UNION ALL`，不得用 `UNION` 静默去重；应用层以 `TASK_TYPE + SUBLOT` 为幂等键，单次结果中该键多行视为硬失败（阻断冲突键、其余继续）。"	"0c450320f30be6b09b85d6c299befcf00e0f45f99f5b2aa8712e7aec49f76fd9"	"mes-data-quality-and-conflict-behavior-candidate"	"unapproved-internal-derived-query-or-guidance-without-complete-approval-chain"	"8005-MesIngest-six-task-unified-query-contract"	"needs-business-owner-bound-data-contract-and-explicit-approval"	"document-route:R11-candidate; unit-kind:markdown-flow-or-list-item; source-document-class:R11-X/D/A; ledger-history:Formed in 5718541 from customer SQL snapshots; ffe1f49 added WIRE_TO_NITROGEN."	"CF-R01-001"	"not-approved"	"responsible-owner-classification;authoritative-source;named-approver;approval-date;approved-scope;version-or-sha256-binding"
"R11-A0070"	"R11"	"R11-04"	"mes/queries/mes-task-union/README.md"	"e8b7ed1c34d7d541f2833fc66a34a361c3ba818fa9b6df0daf36e93268d255f0"	"line 11"	"MES_TASK_UNION > 契约"	"查询只读，不在 SQL 中增加上线时间过滤；"	"查询只读，不在 SQL 中增加上线时间过滤；上线时间及异常骤降保护由应用层处理。"	"4baf5699a4a944aa8f9b91340a3968be27be663de30393f96ca27bc04eaebea9"	"external-mes-unified-query-contract-candidate"	"unapproved-internal-derived-query-or-guidance-without-complete-approval-chain"	"8005-MesIngest-six-task-unified-query-contract"	"needs-bound-external-data-contract-and-explicit-approval"	"document-route:R11-candidate; unit-kind:markdown-flow-or-list-item; source-document-class:R11-X/D/A; ledger-history:Formed in 5718541 from customer SQL snapshots; ffe1f49 added WIRE_TO_NITROGEN."	"CF-R01-002"	"not-approved"	"authorized-MES-data-owner;bound-Oracle-instance-schema-query-version-and-field-semantics;named-approver;approval-date;approved-scope;version-or-sha256-binding"
"R11-A0071"	"R11"	"R11-04"	"mes/queries/mes-task-union/README.md"	"e8b7ed1c34d7d541f2833fc66a34a361c3ba818fa9b6df0daf36e93268d255f0"	"line 11"	"MES_TASK_UNION > 契约"	"上线时间及异常骤降保护由应用层处理。"	"查询只读，不在 SQL 中增加上线时间过滤；上线时间及异常骤降保护由应用层处理。"	"195ca96aaf88e2f9cd379013b62dd552e141d07a7d59f1d091e59b049f9a7632"	"derived-unified-query-design-decision"	"unapproved-internal-derived-query-or-guidance-without-complete-approval-chain"	"8005-MesIngest-six-task-unified-query-contract"	"exclude-from-requirement-approval"	"document-route:R11-candidate; unit-kind:markdown-flow-or-list-item; source-document-class:R11-X/D/A; ledger-history:Formed in 5718541 from customer SQL snapshots; ffe1f49 added WIRE_TO_NITROGEN."	"none-found-within-r11-pass"	"not-approved"	"authoritative-requirement-source-if-behavior-is-required;separate-query-or-tooling-design-review;named-approver;approval-date;approved-scope;version-or-sha256-binding"
"R11-A0072"	"R11"	"R11-04"	"mes/queries/mes-task-union/README.md"	"e8b7ed1c34d7d541f2833fc66a34a361c3ba818fa9b6df0daf36e93268d255f0"	"line 15"	"MES_TASK_UNION > 实验与证据关系"	"实验应通过 `MES_TASK_UNION` 定位本包，不复制 SQL。"	"实验应通过 `MES_TASK_UNION` 定位本包，不复制 SQL。每轮实验记录查询版本、执行环境、时间和结论到 `experiments/` 与 `evidence/`；可公开结果须脱敏后放入 `samples/`。客户原始查询仅作为分支对比基线："	"9541756d5b98586c3ca86727572761034c713c3737a45c133bbfef28867e48ee"	"query-source-governance-or-local-design"	"unapproved-internal-derived-query-or-guidance-without-complete-approval-chain"	"8005-MesIngest-six-task-unified-query-contract"	"exclude-from-requirement-approval"	"document-route:R11-candidate; unit-kind:markdown-paragraph; source-document-class:R11-X/D/A; ledger-history:Formed in 5718541 from customer SQL snapshots; ffe1f49 added WIRE_TO_NITROGEN."	"CF-R01-002,RES-R11-001,BOUND-R11-001"	"not-approved"	"authoritative-requirement-source-if-behavior-is-required;separate-query-or-tooling-design-review;named-approver;approval-date;approved-scope;version-or-sha256-binding"
"R11-A0073"	"R11"	"R11-04"	"mes/queries/mes-task-union/README.md"	"e8b7ed1c34d7d541f2833fc66a34a361c3ba818fa9b6df0daf36e93268d255f0"	"line 15"	"MES_TASK_UNION > 实验与证据关系"	"每轮实验记录查询版本、执行环境、时间和结论到 `experiments/` 与 `evidence/`；"	"实验应通过 `MES_TASK_UNION` 定位本包，不复制 SQL。每轮实验记录查询版本、执行环境、时间和结论到 `experiments/` 与 `evidence/`；可公开结果须脱敏后放入 `samples/`。客户原始查询仅作为分支对比基线："	"0fa15473557f7198bcb4eb343e957c211e8b882455b90eda20930ff45fa6cd80"	"query-source-or-experiment-traceability-evidence"	"unapproved-internal-derived-query-or-guidance-without-complete-approval-chain"	"8005-MesIngest-six-task-unified-query-contract"	"source-or-traceability-evidence-only"	"document-route:R11-candidate; unit-kind:markdown-paragraph; source-document-class:R11-X/D/A; ledger-history:Formed in 5718541 from customer SQL snapshots; ffe1f49 added WIRE_TO_NITROGEN."	"RES-R11-001,BOUND-R11-001"	"not-approved"	"evidence-only-not-an-approval-unit;named-approver;approval-date;approved-scope;version-or-sha256-binding"
"R11-A0074"	"R11"	"R11-04"	"mes/queries/mes-task-union/README.md"	"e8b7ed1c34d7d541f2833fc66a34a361c3ba818fa9b6df0daf36e93268d255f0"	"line 15"	"MES_TASK_UNION > 实验与证据关系"	"可公开结果须脱敏后放入 `samples/`。"	"实验应通过 `MES_TASK_UNION` 定位本包，不复制 SQL。每轮实验记录查询版本、执行环境、时间和结论到 `experiments/` 与 `evidence/`；可公开结果须脱敏后放入 `samples/`。客户原始查询仅作为分支对比基线："	"a60560d19cbcd030572bed68ded7bab6aacad6043f371bf9e9b6e6e988967db2"	"query-source-or-experiment-traceability-evidence"	"unapproved-internal-derived-query-or-guidance-without-complete-approval-chain"	"8005-MesIngest-six-task-unified-query-contract"	"source-or-traceability-evidence-only"	"document-route:R11-candidate; unit-kind:markdown-paragraph; source-document-class:R11-X/D/A; ledger-history:Formed in 5718541 from customer SQL snapshots; ffe1f49 added WIRE_TO_NITROGEN."	"RES-R11-001,BOUND-R11-001"	"not-approved"	"evidence-only-not-an-approval-unit;named-approver;approval-date;approved-scope;version-or-sha256-binding"
"R11-A0075"	"R11"	"R11-04"	"mes/queries/mes-task-union/README.md"	"e8b7ed1c34d7d541f2833fc66a34a361c3ba818fa9b6df0daf36e93268d255f0"	"line 15"	"MES_TASK_UNION > 实验与证据关系"	"客户原始查询仅作为分支对比基线："	"实验应通过 `MES_TASK_UNION` 定位本包，不复制 SQL。每轮实验记录查询版本、执行环境、时间和结论到 `experiments/` 与 `evidence/`；可公开结果须脱敏后放入 `samples/`。客户原始查询仅作为分支对比基线："	"4aa40e4cbfe9e7297d7c1d9dc95a6778f2eea780e87bba5f6fbab2b69e07a778"	"query-source-or-experiment-traceability-evidence"	"unapproved-internal-derived-query-or-guidance-without-complete-approval-chain"	"8005-MesIngest-six-task-unified-query-contract"	"source-or-traceability-evidence-only"	"document-route:R11-candidate; unit-kind:markdown-paragraph; source-document-class:R11-X/D/A; ledger-history:Formed in 5718541 from customer SQL snapshots; ffe1f49 added WIRE_TO_NITROGEN."	"RES-R11-001,BOUND-R11-001"	"not-approved"	"evidence-only-not-an-approval-unit;named-approver;approval-date;approved-scope;version-or-sha256-binding"
"R11-A0076"	"R11"	"R11-04"	"mes/queries/mes-task-union/README.md"	"e8b7ed1c34d7d541f2833fc66a34a361c3ba818fa9b6df0daf36e93268d255f0"	"line 17"	"MES_TASK_UNION > 实验与证据关系"	"前五类：[`../../sources/customer/2026-07-16/mes-task-original-queries/`](../../sources/customer/2026-07-16/mes-task-original-queries/)"	"前五类：[`../../sources/customer/2026-07-16/mes-task-original-queries/`](../../sources/customer/2026-07-16/mes-task-original-queries/)"	"ec099abc5cfd6b404232487cae145105a8c5840156945360fae59051d26e09b2"	"query-source-or-experiment-traceability-evidence"	"unapproved-internal-derived-query-or-guidance-without-complete-approval-chain"	"8005-MesIngest-six-task-unified-query-contract"	"source-or-traceability-evidence-only"	"document-route:R11-candidate; unit-kind:markdown-flow-or-list-item; source-document-class:R11-X/D/A; ledger-history:Formed in 5718541 from customer SQL snapshots; ffe1f49 added WIRE_TO_NITROGEN."	"RES-R11-001,BOUND-R11-001"	"not-approved"	"evidence-only-not-an-approval-unit;named-approver;approval-date;approved-scope;version-or-sha256-binding"
"R11-A0077"	"R11"	"R11-04"	"mes/queries/mes-task-union/README.md"	"e8b7ed1c34d7d541f2833fc66a34a361c3ba818fa9b6df0daf36e93268d255f0"	"line 18"	"MES_TASK_UNION > 实验与证据关系"	"第六类：[`../../sources/customer/2026-07-24/mes-task-original-queries/`](../../sources/customer/2026-07-24/mes-task-original-queries/)"	"第六类：[`../../sources/customer/2026-07-24/mes-task-original-queries/`](../../sources/customer/2026-07-24/mes-task-original-queries/)"	"0ad7c10b9f9b16b4dca6ca965bbd4c7331730fde7a5e4e60e759b31b1fd4afb8"	"query-source-or-experiment-traceability-evidence"	"unapproved-internal-derived-query-or-guidance-without-complete-approval-chain"	"8005-MesIngest-six-task-unified-query-contract"	"source-or-traceability-evidence-only"	"document-route:R11-candidate; unit-kind:markdown-flow-or-list-item; source-document-class:R11-X/D/A; ledger-history:Formed in 5718541 from customer SQL snapshots; ffe1f49 added WIRE_TO_NITROGEN."	"RES-R11-001,BOUND-R11-001"	"not-approved"	"evidence-only-not-an-approval-unit;named-approver;approval-date;approved-scope;version-or-sha256-binding"
"R11-A0078"	"R11"	"R11-04"	"mes/queries/mes-task-union/README.md"	"e8b7ed1c34d7d541f2833fc66a34a361c3ba818fa9b6df0daf36e93268d255f0"	"line 20"	"MES_TASK_UNION > 实验与证据关系"	"不得作为运行时依赖。"	"不得作为运行时依赖。"	"cdc9580e1489cb0bf77f86d8c35ae7bf12c190a27b36cc012e8f9a12a7d9b066"	"query-source-governance-or-local-design"	"unapproved-internal-derived-query-or-guidance-without-complete-approval-chain"	"8005-MesIngest-six-task-unified-query-contract"	"exclude-from-requirement-approval"	"document-route:R11-candidate; unit-kind:markdown-paragraph; source-document-class:R11-X/D/A; ledger-history:Formed in 5718541 from customer SQL snapshots; ffe1f49 added WIRE_TO_NITROGEN."	"RES-R11-001,BOUND-R11-001"	"not-approved"	"authoritative-requirement-source-if-behavior-is-required;separate-query-or-tooling-design-review;named-approver;approval-date;approved-scope;version-or-sha256-binding"
"R11-A0079"	"R11"	"R11-05"	"mes/queries/operator-identity/README.md"	"6a99258034b5be9d85d064258c896a709de30f49ac86e893917d83be814abcdc"	"line 3"	"OP_OPERATOR_IDENTITY"	"按工号解析 MES 操作员姓名，用于身份核验、操作会话和审计关联。"	"按工号解析 MES 操作员姓名，用于身份核验、操作会话和审计关联。正式 SQL 见 [`query.sql`](query.sql)，机器可读契约见 [`query.toml`](query.toml)。"	"5679a5a4a9909d3b9b2e1701b7fb2c03bcbcd9bb9feb672194f81c2a77c4ab7d"	"operator-identity-versus-authorization-boundary-candidate"	"unapproved-internal-derived-query-or-guidance-without-complete-approval-chain"	"8005-operator-identity-resolution-only"	"needs-identity-and-security-owner-and-explicit-approval"	"document-route:R11-candidate; unit-kind:markdown-paragraph; source-document-class:R11-X/D/A; ledger-history:Formed in 5718541 from a stated 2026-07-16 customer-source snapshot; no independent run or approval binding."	"GAP-R11-001"	"not-approved"	"responsible-identity-owner;authorized-MES-data-owner;identity-versus-role-authorization-boundary;named-approver;approval-date;approved-scope;version-or-sha256-binding"
"R11-A0080"	"R11"	"R11-05"	"mes/queries/operator-identity/README.md"	"6a99258034b5be9d85d064258c896a709de30f49ac86e893917d83be814abcdc"	"line 3"	"OP_OPERATOR_IDENTITY"	"正式 SQL 见 [`query.sql`](query.sql)，机器可读契约见 [`query.toml`](query.toml)。"	"按工号解析 MES 操作员姓名，用于身份核验、操作会话和审计关联。正式 SQL 见 [`query.sql`](query.sql)，机器可读契约见 [`query.toml`](query.toml)。"	"fc001cc1ac6093aee00940f40268a084fbc002ecb7e244b29e8b84c6c9d70975"	"query-contract-location-and-versioning-evidence"	"unapproved-internal-derived-query-or-guidance-without-complete-approval-chain"	"8005-operator-identity-resolution-only"	"source-or-traceability-evidence-only"	"document-route:R11-candidate; unit-kind:markdown-paragraph; source-document-class:R11-X/D/A; ledger-history:Formed in 5718541 from a stated 2026-07-16 customer-source snapshot; no independent run or approval binding.; exact-duplicate-of:R11-A0064"	"CF-R01-002,GAP-R11-001"	"not-approved"	"evidence-only-not-an-approval-unit;named-approver;approval-date;approved-scope;version-or-sha256-binding"
"R11-A0081"	"R11"	"R11-05"	"mes/queries/operator-identity/README.md"	"6a99258034b5be9d85d064258c896a709de30f49ac86e893917d83be814abcdc"	"line 7"	"OP_OPERATOR_IDENTITY > 契约"	"必填绑定参数 `:user_id`：工牌一维码或手动输入的工号，对应 `mv_fw_username.usercode`。"	"必填绑定参数 `:user_id`：工牌一维码或手动输入的工号，对应 `mv_fw_username.usercode`。"	"d3edf4697ed821f287618c6f1925156cf1b4f6932ab96200c4df248dc8e26d8a"	"external-operator-identity-data-contract-candidate"	"unapproved-internal-derived-query-or-guidance-without-complete-approval-chain"	"8005-operator-identity-resolution-only"	"needs-bound-external-data-contract-and-explicit-approval"	"document-route:R11-candidate; unit-kind:markdown-flow-or-list-item; source-document-class:R11-X/D/A; ledger-history:Formed in 5718541 from a stated 2026-07-16 customer-source snapshot; no independent run or approval binding."	"GAP-R11-001"	"not-approved"	"authorized-MES-data-owner;bound-Oracle-instance-schema-query-version-and-field-semantics;named-approver;approval-date;approved-scope;version-or-sha256-binding"
"R11-A0082"	"R11"	"R11-05"	"mes/queries/operator-identity/README.md"	"6a99258034b5be9d85d064258c896a709de30f49ac86e893917d83be814abcdc"	"line 8"	"OP_OPERATOR_IDENTITY > 契约"	"输出 `OPERATOR_NAME`：对应 `mv_fw_username.username`。"	"输出 `OPERATOR_NAME`：对应 `mv_fw_username.username`。"	"cc24d6807853e2cde3dd60fbefd3ca5570c80696d434898c75c201f7c1512214"	"external-operator-identity-data-contract-candidate"	"unapproved-internal-derived-query-or-guidance-without-complete-approval-chain"	"8005-operator-identity-resolution-only"	"needs-bound-external-data-contract-and-explicit-approval"	"document-route:R11-candidate; unit-kind:markdown-flow-or-list-item; source-document-class:R11-X/D/A; ledger-history:Formed in 5718541 from a stated 2026-07-16 customer-source snapshot; no independent run or approval binding."	"GAP-R11-001"	"not-approved"	"authorized-MES-data-owner;bound-Oracle-instance-schema-query-version-and-field-semantics;named-approver;approval-date;approved-scope;version-or-sha256-binding"
"R11-A0083"	"R11"	"R11-05"	"mes/queries/operator-identity/README.md"	"6a99258034b5be9d85d064258c896a709de30f49ac86e893917d83be814abcdc"	"line 9"	"OP_OPERATOR_IDENTITY > 契约"	"无结果表示身份未解析成功，应用不得建立操作会话。"	"无结果表示身份未解析成功，应用不得建立操作会话。"	"d7b241ab0b5d3592f068a339e1f93370bd29dde4476a59067c08b07878a2e6ea"	"operator-identity-session-behavior-candidate"	"unapproved-internal-derived-query-or-guidance-without-complete-approval-chain"	"8005-operator-identity-resolution-only"	"needs-identity-owner-bound-data-contract-and-explicit-approval"	"document-route:R11-candidate; unit-kind:markdown-flow-or-list-item; source-document-class:R11-X/D/A; ledger-history:Formed in 5718541 from a stated 2026-07-16 customer-source snapshot; no independent run or approval binding."	"GAP-R11-001"	"not-approved"	"responsible-identity-owner;authorized-MES-data-owner;identity-versus-role-authorization-boundary;named-approver;approval-date;approved-scope;version-or-sha256-binding"
"R11-A0084"	"R11"	"R11-05"	"mes/queries/operator-identity/README.md"	"6a99258034b5be9d85d064258c896a709de30f49ac86e893917d83be814abcdc"	"line 10"	"OP_OPERATOR_IDENTITY > 契约"	"本查询只负责“工号到姓名”，不声明岗位权限。"	"本查询只负责“工号到姓名”，不声明岗位权限。"	"ed02a9d601463f4fbdea52c6b5a7f8172faca43ad43e60d70e1a1ab8a1e6ca53"	"operator-identity-versus-authorization-boundary-candidate"	"unapproved-internal-derived-query-or-guidance-without-complete-approval-chain"	"8005-operator-identity-resolution-only"	"needs-identity-and-security-owner-and-explicit-approval"	"document-route:R11-candidate; unit-kind:markdown-flow-or-list-item; source-document-class:R11-X/D/A; ledger-history:Formed in 5718541 from a stated 2026-07-16 customer-source snapshot; no independent run or approval binding."	"GAP-R11-001"	"not-approved"	"responsible-identity-owner;authorized-MES-data-owner;identity-versus-role-authorization-boundary;named-approver;approval-date;approved-scope;version-or-sha256-binding"
"R11-A0085"	"R11"	"R11-05"	"mes/queries/operator-identity/README.md"	"6a99258034b5be9d85d064258c896a709de30f49ac86e893917d83be814abcdc"	"line 11"	"OP_OPERATOR_IDENTITY > 契约"	"只允许绑定变量和只读执行；"	"只允许绑定变量和只读执行；日志及证据中的人员信息必须脱敏。"	"7e6ead8811ac371a059e93eb06a1e3639dab6a48570a1ef5739ab65165269fec"	"operator-query-security-and-privacy-boundary-candidate"	"unapproved-internal-derived-query-or-guidance-without-complete-approval-chain"	"8005-operator-identity-resolution-only"	"needs-security-owner-bound-data-contract-and-explicit-approval"	"document-route:R11-candidate; unit-kind:markdown-flow-or-list-item; source-document-class:R11-X/D/A; ledger-history:Formed in 5718541 from a stated 2026-07-16 customer-source snapshot; no independent run or approval binding."	"CF-R01-002,RES-R11-001,BOUND-R11-001,GAP-R11-001"	"not-approved"	"responsible-security-owner;bound-readonly-query-and-sensitive-data-handling-scope;named-approver;approval-date;approved-scope;version-or-sha256-binding"
"R11-A0086"	"R11"	"R11-05"	"mes/queries/operator-identity/README.md"	"6a99258034b5be9d85d064258c896a709de30f49ac86e893917d83be814abcdc"	"line 11"	"OP_OPERATOR_IDENTITY > 契约"	"日志及证据中的人员信息必须脱敏。"	"只允许绑定变量和只读执行；日志及证据中的人员信息必须脱敏。"	"a66c4946c8f26806ee56ed8546cf02b06855c0dc83fcbffcde3a8c9d8f073d99"	"operator-query-security-and-privacy-boundary-candidate"	"unapproved-internal-derived-query-or-guidance-without-complete-approval-chain"	"8005-operator-identity-resolution-only"	"needs-security-owner-bound-data-contract-and-explicit-approval"	"document-route:R11-candidate; unit-kind:markdown-flow-or-list-item; source-document-class:R11-X/D/A; ledger-history:Formed in 5718541 from a stated 2026-07-16 customer-source snapshot; no independent run or approval binding."	"GAP-R11-001"	"not-approved"	"responsible-security-owner;bound-readonly-query-and-sensitive-data-handling-scope;named-approver;approval-date;approved-scope;version-or-sha256-binding"
"R11-A0087"	"R11"	"R11-05"	"mes/queries/operator-identity/README.md"	"6a99258034b5be9d85d064258c896a709de30f49ac86e893917d83be814abcdc"	"line 15"	"OP_OPERATOR_IDENTITY > 实验与证据关系"	"实验应覆盖存在、不存在、重复结果、超时和连接异常，并按 `OP_OPERATOR_IDENTITY` 记录脱敏证据。"	"实验应覆盖存在、不存在、重复结果、超时和连接异常，并按 `OP_OPERATOR_IDENTITY` 记录脱敏证据。来源说明见 [`../../sources/customer/2026-07-16/operator-identity/README.md`](../../sources/customer/2026-07-16/operator-identity/README.md)，来源快照不得作为运行时依赖。"	"a2ceb4e5eef153148a814c8ddbf56eddbe4d315f81a1f334c773a85db721b3d8"	"query-source-or-experiment-traceability-evidence"	"unapproved-internal-derived-query-or-guidance-without-complete-approval-chain"	"8005-operator-identity-resolution-only"	"source-or-traceability-evidence-only"	"document-route:R11-candidate; unit-kind:markdown-paragraph; source-document-class:R11-X/D/A; ledger-history:Formed in 5718541 from a stated 2026-07-16 customer-source snapshot; no independent run or approval binding."	"RES-R11-001,BOUND-R11-001,GAP-R11-001"	"not-approved"	"evidence-only-not-an-approval-unit;named-approver;approval-date;approved-scope;version-or-sha256-binding"
"R11-A0088"	"R11"	"R11-05"	"mes/queries/operator-identity/README.md"	"6a99258034b5be9d85d064258c896a709de30f49ac86e893917d83be814abcdc"	"line 15"	"OP_OPERATOR_IDENTITY > 实验与证据关系"	"来源说明见 [`../../sources/customer/2026-07-16/operator-identity/README.md`](../../sources/customer/2026-07-16/operator-identity/README.md)，来源快照不得作为运行时依赖。"	"实验应覆盖存在、不存在、重复结果、超时和连接异常，并按 `OP_OPERATOR_IDENTITY` 记录脱敏证据。来源说明见 [`../../sources/customer/2026-07-16/operator-identity/README.md`](../../sources/customer/2026-07-16/operator-identity/README.md)，来源快照不得作为运行时依赖。"	"d2f6015867eb5e7501d78a53bfd2c3310d1e1829639fca41630b9197e997bb12"	"query-source-governance-or-local-design"	"unapproved-internal-derived-query-or-guidance-without-complete-approval-chain"	"8005-operator-identity-resolution-only"	"exclude-from-requirement-approval"	"document-route:R11-candidate; unit-kind:markdown-paragraph; source-document-class:R11-X/D/A; ledger-history:Formed in 5718541 from a stated 2026-07-16 customer-source snapshot; no independent run or approval binding."	"RES-R11-001,BOUND-R11-001,GAP-R11-001"	"not-approved"	"authoritative-requirement-source-if-behavior-is-required;separate-query-or-tooling-design-review;named-approver;approval-date;approved-scope;version-or-sha256-binding"
"R11-A0089"	"R11"	"R11-07"	"mes/queries/sublot-box-count/README.md"	"486802d634605a446aedd46e6f14b5ca77dd2b17b458dc640c64e98fd7ea9be2"	"line 3"	"SUBLOT_BOX_COUNT"	"按单个 `SUBLOT` 查询其在各工序历史上出现过的最大料盒数。"	"按单个 `SUBLOT` 查询其在各工序历史上出现过的最大料盒数。正式 SQL 见 [`query.sql`](query.sql)，机器可读契约见 [`query.toml`](query.toml)。"	"5064e87d52b5c1505fa3070ff34e29540918244c9685698fc51a699dc3648b4c"	"external-sublot-box-count-data-contract-candidate"	"unapproved-internal-derived-query-or-guidance-without-complete-approval-chain"	"8005-Sublot-box-count-and-ExpectedBasketCount-loading-gate"	"needs-bound-external-data-contract-and-explicit-approval"	"document-route:R11-candidate; unit-kind:markdown-paragraph; source-document-class:R11-X/D/A; ledger-history:Formed in 5718541; 493ac5a replaced scan fallback with blocking on failure, non-positive result or ambiguous capacity."	"GAP-R11-001"	"not-approved"	"authorized-MES-data-owner;bound-Oracle-instance-schema-query-version-and-field-semantics;named-approver;approval-date;approved-scope;version-or-sha256-binding"
"R11-A0090"	"R11"	"R11-07"	"mes/queries/sublot-box-count/README.md"	"486802d634605a446aedd46e6f14b5ca77dd2b17b458dc640c64e98fd7ea9be2"	"line 3"	"SUBLOT_BOX_COUNT"	"正式 SQL 见 [`query.sql`](query.sql)，机器可读契约见 [`query.toml`](query.toml)。"	"按单个 `SUBLOT` 查询其在各工序历史上出现过的最大料盒数。正式 SQL 见 [`query.sql`](query.sql)，机器可读契约见 [`query.toml`](query.toml)。"	"fc001cc1ac6093aee00940f40268a084fbc002ecb7e244b29e8b84c6c9d70975"	"query-contract-location-and-versioning-evidence"	"unapproved-internal-derived-query-or-guidance-without-complete-approval-chain"	"8005-Sublot-box-count-and-ExpectedBasketCount-loading-gate"	"source-or-traceability-evidence-only"	"document-route:R11-candidate; unit-kind:markdown-paragraph; source-document-class:R11-X/D/A; ledger-history:Formed in 5718541; 493ac5a replaced scan fallback with blocking on failure, non-positive result or ambiguous capacity.; exact-duplicate-of:R11-A0064"	"CF-R01-002,GAP-R11-001"	"not-approved"	"evidence-only-not-an-approval-unit;named-approver;approval-date;approved-scope;version-or-sha256-binding"
"R11-A0091"	"R11"	"R11-07"	"mes/queries/sublot-box-count/README.md"	"486802d634605a446aedd46e6f14b5ca77dd2b17b458dc640c64e98fd7ea9be2"	"line 7"	"SUBLOT_BOX_COUNT > 契约"	"必填绑定参数 `:sublot`：现场扫描的子批次号，对应 `fw_wip_box_his.lot`。"	"必填绑定参数 `:sublot`：现场扫描的子批次号，对应 `fw_wip_box_his.lot`。"	"9fa4f1c0fe49144dcca9383f8a4905f4bb029be0d77df76d3440b5c0a65969bf"	"external-sublot-box-count-data-contract-candidate"	"unapproved-internal-derived-query-or-guidance-without-complete-approval-chain"	"8005-Sublot-box-count-and-ExpectedBasketCount-loading-gate"	"needs-bound-external-data-contract-and-explicit-approval"	"document-route:R11-candidate; unit-kind:markdown-flow-or-list-item; source-document-class:R11-X/D/A; ledger-history:Formed in 5718541; 493ac5a replaced scan fallback with blocking on failure, non-positive result or ambiguous capacity."	"GAP-R11-001"	"not-approved"	"authorized-MES-data-owner;bound-Oracle-instance-schema-query-version-and-field-semantics;named-approver;approval-date;approved-scope;version-or-sha256-binding"
"R11-A0092"	"R11"	"R11-07"	"mes/queries/sublot-box-count/README.md"	"486802d634605a446aedd46e6f14b5ca77dd2b17b458dc640c64e98fd7ea9be2"	"line 8"	"SUBLOT_BOX_COUNT > 契约"	"输出 `MAX_BOX_COUNT`：各工序料盒计数的最大值。"	"输出 `MAX_BOX_COUNT`：各工序料盒计数的最大值。"	"a89ca6b48f3c9e3b13cddfe1633f3f8dc8cf83225df967a09d307d46efce5faf"	"external-sublot-box-count-data-contract-candidate"	"unapproved-internal-derived-query-or-guidance-without-complete-approval-chain"	"8005-Sublot-box-count-and-ExpectedBasketCount-loading-gate"	"needs-bound-external-data-contract-and-explicit-approval"	"document-route:R11-candidate; unit-kind:markdown-flow-or-list-item; source-document-class:R11-X/D/A; ledger-history:Formed in 5718541; 493ac5a replaced scan fallback with blocking on failure, non-positive result or ambiguous capacity."	"GAP-R11-001"	"not-approved"	"authorized-MES-data-owner;bound-Oracle-instance-schema-query-version-and-field-semantics;named-approver;approval-date;approved-scope;version-or-sha256-binding"
"R11-A0093"	"R11"	"R11-07"	"mes/queries/sublot-box-count/README.md"	"486802d634605a446aedd46e6f14b5ca77dd2b17b458dc640c64e98fd7ea9be2"	"line 9"	"SUBLOT_BOX_COUNT > 契约"	"本查询不参与六类运输任务轮询；"	"本查询不参与六类运输任务轮询；V1 在操作员输入 SUBLOT 后，用查询结果和冻结的 `PACKAGE` 容量计算权威 `ExpectedBasketCount`。"	"18e607f61e6e5b1b395708efd16fdebadb050d125256ea8ccd0e6e9c2c956f33"	"query-product-scope-boundary-candidate"	"unapproved-internal-derived-query-or-guidance-without-complete-approval-chain"	"8005-Sublot-box-count-and-ExpectedBasketCount-loading-gate"	"needs-product-owner-and-explicit-approval"	"document-route:R11-candidate; unit-kind:markdown-flow-or-list-item; source-document-class:R11-X/D/A; ledger-history:Formed in 5718541; 493ac5a replaced scan fallback with blocking on failure, non-positive result or ambiguous capacity."	"GAP-R11-001"	"not-approved"	"responsible-product-owner;approved-product-scope-source;named-approver;approval-date;approved-scope;version-or-sha256-binding"
"R11-A0094"	"R11"	"R11-07"	"mes/queries/sublot-box-count/README.md"	"486802d634605a446aedd46e6f14b5ca77dd2b17b458dc640c64e98fd7ea9be2"	"line 9"	"SUBLOT_BOX_COUNT > 契约"	"V1 在操作员输入 SUBLOT 后，用查询结果和冻结的 `PACKAGE` 容量计算权威 `ExpectedBasketCount`。"	"本查询不参与六类运输任务轮询；V1 在操作员输入 SUBLOT 后，用查询结果和冻结的 `PACKAGE` 容量计算权威 `ExpectedBasketCount`。"	"cac9bafab0cfce505595139ccc3aff4617219abbcb1baba7b671a22eaa691503"	"capacity-and-loading-safety-behavior-candidate"	"unapproved-internal-derived-query-or-guidance-without-complete-approval-chain"	"8005-Sublot-box-count-and-ExpectedBasketCount-loading-gate"	"needs-loading-safety-owner-bound-data-source-and-explicit-approval"	"document-route:R11-candidate; unit-kind:markdown-flow-or-list-item; source-document-class:R11-X/D/A; ledger-history:Formed in 5718541; 493ac5a replaced scan fallback with blocking on failure, non-positive result or ambiguous capacity."	"GAP-R11-001"	"not-approved"	"responsible-loading-and-safety-owner;bound-MES-query-and-capacity-source;failure-path-validation;named-approver;approval-date;approved-scope;version-or-sha256-binding"
"R11-A0095"	"R11"	"R11-07"	"mes/queries/sublot-box-count/README.md"	"486802d634605a446aedd46e6f14b5ca77dd2b17b458dc640c64e98fd7ea9be2"	"line 10"	"SUBLOT_BOX_COUNT > 契约"	"无结果、空值、非正数、失败、超时或容量无法唯一匹配时，不取消已有运输任务，但本次装载必须报错并停止：不分配仓位、不发送开锁指令，也不回退到现场追加数量。"	"无结果、空值、非正数、失败、超时或容量无法唯一匹配时，不取消已有运输任务，但本次装载必须报错并停止：不分配仓位、不发送开锁指令，也不回退到现场追加数量。"	"c09566430d0b2f2c70392199585456b4ae88429e77dd58e11819f68ca8e907f0"	"capacity-and-loading-safety-behavior-candidate"	"unapproved-internal-derived-query-or-guidance-without-complete-approval-chain"	"8005-Sublot-box-count-and-ExpectedBasketCount-loading-gate"	"needs-loading-safety-owner-bound-data-source-and-explicit-approval"	"document-route:R11-candidate; unit-kind:markdown-flow-or-list-item; source-document-class:R11-X/D/A; ledger-history:Formed in 5718541; 493ac5a replaced scan fallback with blocking on failure, non-positive result or ambiguous capacity."	"GAP-R11-001"	"not-approved"	"responsible-loading-and-safety-owner;bound-MES-query-and-capacity-source;failure-path-validation;named-approver;approval-date;approved-scope;version-or-sha256-binding"
"R11-A0096"	"R11"	"R11-07"	"mes/queries/sublot-box-count/README.md"	"486802d634605a446aedd46e6f14b5ca77dd2b17b458dc640c64e98fd7ea9be2"	"line 11"	"SUBLOT_BOX_COUNT > 契约"	"只允许绑定变量和只读执行。"	"只允许绑定变量和只读执行。"	"394486b7cb45955674f9b7378174bb9895cb86baf4a7941baf9684a69152f4fe"	"box-count-query-safety-boundary-candidate"	"unapproved-internal-derived-query-or-guidance-without-complete-approval-chain"	"8005-Sublot-box-count-and-ExpectedBasketCount-loading-gate"	"needs-security-owner-bound-data-contract-and-explicit-approval"	"document-route:R11-candidate; unit-kind:markdown-flow-or-list-item; source-document-class:R11-X/D/A; ledger-history:Formed in 5718541; 493ac5a replaced scan fallback with blocking on failure, non-positive result or ambiguous capacity."	"CF-R01-002,RES-R11-001,BOUND-R11-001,GAP-R11-001"	"not-approved"	"responsible-security-owner;bound-readonly-query-and-sensitive-data-handling-scope;named-approver;approval-date;approved-scope;version-or-sha256-binding"
"R11-A0097"	"R11"	"R11-07"	"mes/queries/sublot-box-count/README.md"	"486802d634605a446aedd46e6f14b5ca77dd2b17b458dc640c64e98fd7ea9be2"	"line 15"	"SUBLOT_BOX_COUNT > 实验与证据关系"	"实验应覆盖多工序、空结果、空料盒和大数量场景，并按 `SUBLOT_BOX_COUNT` 记录证据。"	"实验应覆盖多工序、空结果、空料盒和大数量场景，并按 `SUBLOT_BOX_COUNT` 记录证据。结果样本必须脱敏。来源说明见 [`../../sources/customer/2026-07-16/sublot-box-count/README.md`](../../sources/customer/2026-07-16/sublot-box-count/README.md)，来源快照不得作为运行时依赖。"	"091bd5bf4f63295ce2f7756fbd3679aa1f4f4afa68b2829470f39323d006ee1c"	"query-source-or-experiment-traceability-evidence"	"unapproved-internal-derived-query-or-guidance-without-complete-approval-chain"	"8005-Sublot-box-count-and-ExpectedBasketCount-loading-gate"	"source-or-traceability-evidence-only"	"document-route:R11-candidate; unit-kind:markdown-paragraph; source-document-class:R11-X/D/A; ledger-history:Formed in 5718541; 493ac5a replaced scan fallback with blocking on failure, non-positive result or ambiguous capacity."	"RES-R11-001,BOUND-R11-001,GAP-R11-001"	"not-approved"	"evidence-only-not-an-approval-unit;named-approver;approval-date;approved-scope;version-or-sha256-binding"
"R11-A0098"	"R11"	"R11-07"	"mes/queries/sublot-box-count/README.md"	"486802d634605a446aedd46e6f14b5ca77dd2b17b458dc640c64e98fd7ea9be2"	"line 15"	"SUBLOT_BOX_COUNT > 实验与证据关系"	"结果样本必须脱敏。"	"实验应覆盖多工序、空结果、空料盒和大数量场景，并按 `SUBLOT_BOX_COUNT` 记录证据。结果样本必须脱敏。来源说明见 [`../../sources/customer/2026-07-16/sublot-box-count/README.md`](../../sources/customer/2026-07-16/sublot-box-count/README.md)，来源快照不得作为运行时依赖。"	"e3f96cfa80e8c546bc2df1526de593d8e5f414e13a700e1f4be1af223c3e06ec"	"query-source-or-experiment-traceability-evidence"	"unapproved-internal-derived-query-or-guidance-without-complete-approval-chain"	"8005-Sublot-box-count-and-ExpectedBasketCount-loading-gate"	"source-or-traceability-evidence-only"	"document-route:R11-candidate; unit-kind:markdown-paragraph; source-document-class:R11-X/D/A; ledger-history:Formed in 5718541; 493ac5a replaced scan fallback with blocking on failure, non-positive result or ambiguous capacity."	"RES-R11-001,BOUND-R11-001,GAP-R11-001"	"not-approved"	"evidence-only-not-an-approval-unit;named-approver;approval-date;approved-scope;version-or-sha256-binding"
"R11-A0099"	"R11"	"R11-07"	"mes/queries/sublot-box-count/README.md"	"486802d634605a446aedd46e6f14b5ca77dd2b17b458dc640c64e98fd7ea9be2"	"line 15"	"SUBLOT_BOX_COUNT > 实验与证据关系"	"来源说明见 [`../../sources/customer/2026-07-16/sublot-box-count/README.md`](../../sources/customer/2026-07-16/sublot-box-count/README.md)，来源快照不得作为运行时依赖。"	"实验应覆盖多工序、空结果、空料盒和大数量场景，并按 `SUBLOT_BOX_COUNT` 记录证据。结果样本必须脱敏。来源说明见 [`../../sources/customer/2026-07-16/sublot-box-count/README.md`](../../sources/customer/2026-07-16/sublot-box-count/README.md)，来源快照不得作为运行时依赖。"	"4e6e3306194f9a425265922dc4cfdf71cd3922c564b091b9d3b55cd480074f50"	"query-source-governance-or-local-design"	"unapproved-internal-derived-query-or-guidance-without-complete-approval-chain"	"8005-Sublot-box-count-and-ExpectedBasketCount-loading-gate"	"exclude-from-requirement-approval"	"document-route:R11-candidate; unit-kind:markdown-paragraph; source-document-class:R11-X/D/A; ledger-history:Formed in 5718541; 493ac5a replaced scan fallback with blocking on failure, non-positive result or ambiguous capacity."	"RES-R11-001,BOUND-R11-001,GAP-R11-001"	"not-approved"	"authoritative-requirement-source-if-behavior-is-required;separate-query-or-tooling-design-review;named-approver;approval-date;approved-scope;version-or-sha256-binding"
"R11-A0100"	"R11"	"R11-09"	"mes/reference/package-basket-capacity.csv"	"3214f6e849861de452c4132f0f733f20f657a9149dd05953ccc956deab766ece"	"CSV line 2"	"PACKAGE / 花篮容量迁移快照 > capacity rule"	"PACKAGE PDFN5×6-8L(12R) 使用 exact 字面匹配，每花篮最多 4 盒，状态为 active。"	"pattern=PDFN5×6-8L(12R) | match_type=exact | max_boxes_per_basket=4 | source=客户提供花篮容量对照表（2026-07-16迁移） | status=active | note=客户原表精确规则"	"0950fff64c94ba0d4d5fdeb2fdc18dcce19b7477e98017361d9f3cc6a7bd266a"	"external-package-capacity-rule-candidate"	"unapproved-migrated-customer-table-without-original-version-scope-or-row-reconciliation"	"8005-PACKAGE-to-basket-capacity-migrated-data"	"needs-capacity-source-scope-and-explicit-approval"	"document-route:R11-candidate; unit-kind:csv-capacity-rule-row; source-document-class:R11-X/A; ledger-history:Formed in 5718541 as a stated 2026-07-16 customer-table migration without the original table or row reconciliation."	"EVID-R11-002"	"not-approved"	"original-customer-capacity-table;row-by-row-migration-reconciliation;site-product-effective-period;named-approver;approval-date;approved-scope;version-or-sha256-binding"
"R11-A0101"	"R11"	"R11-09"	"mes/reference/package-basket-capacity.csv"	"3214f6e849861de452c4132f0f733f20f657a9149dd05953ccc956deab766ece"	"CSV line 3"	"PACKAGE / 花篮容量迁移快照 > capacity rule"	"PACKAGE PDFNWB3.3×3.34 使用 exact 字面匹配，每花篮最多 4 盒，状态为 active。"	"pattern=PDFNWB3.3×3.34 | match_type=exact | max_boxes_per_basket=4 | source=客户提供花篮容量对照表（2026-07-16迁移） | status=active | note=客户原表精确规则"	"e3870edc897a26249ff5912a42d1c5e9ecb061662a7cdd16c76e18f6668f7a77"	"external-package-capacity-rule-candidate"	"unapproved-migrated-customer-table-without-original-version-scope-or-row-reconciliation"	"8005-PACKAGE-to-basket-capacity-migrated-data"	"needs-capacity-source-scope-and-explicit-approval"	"document-route:R11-candidate; unit-kind:csv-capacity-rule-row; source-document-class:R11-X/A; ledger-history:Formed in 5718541 as a stated 2026-07-16 customer-table migration without the original table or row reconciliation."	"EVID-R11-002"	"not-approved"	"original-customer-capacity-table;row-by-row-migration-reconciliation;site-product-effective-period;named-approver;approval-date;approved-scope;version-or-sha256-binding"
"R11-A0102"	"R11"	"R11-09"	"mes/reference/package-basket-capacity.csv"	"3214f6e849861de452c4132f0f733f20f657a9149dd05953ccc956deab766ece"	"CSV line 4"	"PACKAGE / 花篮容量迁移快照 > capacity rule"	"PACKAGE PDFNWB5×6 使用 exact 字面匹配，每花篮最多 4 盒，状态为 active。"	"pattern=PDFNWB5×6 | match_type=exact | max_boxes_per_basket=4 | source=客户提供花篮容量对照表（2026-07-16迁移） | status=active | note=客户原表精确规则"	"e9f68aba611df2b32ccae6be2568835cb974af35827d1d5e407bf7dd4737e7b0"	"external-package-capacity-rule-candidate"	"unapproved-migrated-customer-table-without-original-version-scope-or-row-reconciliation"	"8005-PACKAGE-to-basket-capacity-migrated-data"	"needs-capacity-source-scope-and-explicit-approval"	"document-route:R11-candidate; unit-kind:csv-capacity-rule-row; source-document-class:R11-X/A; ledger-history:Formed in 5718541 as a stated 2026-07-16 customer-table migration without the original table or row reconciliation."	"EVID-R11-002"	"not-approved"	"original-customer-capacity-table;row-by-row-migration-reconciliation;site-product-effective-period;named-approver;approval-date;approved-scope;version-or-sha256-binding"
"R11-A0103"	"R11"	"R11-09"	"mes/reference/package-basket-capacity.csv"	"3214f6e849861de452c4132f0f733f20f657a9149dd05953ccc956deab766ece"	"CSV line 5"	"PACKAGE / 花篮容量迁移快照 > capacity rule"	"PACKAGE TO-126 使用 exact 字面匹配，每花篮最多 8 盒，状态为 active。"	"pattern=TO-126 | match_type=exact | max_boxes_per_basket=8 | source=客户提供花篮容量对照表（2026-07-16迁移） | status=active | note=客户原表精确规则"	"1462b6b8a77f5169617e704ae893ee99c8c93bc6e235d1a6a250764aececf4f3"	"external-package-capacity-rule-candidate"	"unapproved-migrated-customer-table-without-original-version-scope-or-row-reconciliation"	"8005-PACKAGE-to-basket-capacity-migrated-data"	"needs-capacity-source-scope-and-explicit-approval"	"document-route:R11-candidate; unit-kind:csv-capacity-rule-row; source-document-class:R11-X/A; ledger-history:Formed in 5718541 as a stated 2026-07-16 customer-table migration without the original table or row reconciliation."	"EVID-R11-002"	"not-approved"	"original-customer-capacity-table;row-by-row-migration-reconciliation;site-product-effective-period;named-approver;approval-date;approved-scope;version-or-sha256-binding"
"R11-A0104"	"R11"	"R11-09"	"mes/reference/package-basket-capacity.csv"	"3214f6e849861de452c4132f0f733f20f657a9149dd05953ccc956deab766ece"	"CSV line 6"	"PACKAGE / 花篮容量迁移快照 > capacity rule"	"PACKAGE TO-220-2L-C 使用 exact 字面匹配，每花篮最多 8 盒，状态为 active。"	"pattern=TO-220-2L-C | match_type=exact | max_boxes_per_basket=8 | source=客户提供花篮容量对照表（2026-07-16迁移） | status=active | note=客户原表精确规则"	"8df1deaea69bf4f9611c2b71a1e243742d0df7c107ba7ded1c5c073309ce8bd6"	"external-package-capacity-rule-candidate"	"unapproved-migrated-customer-table-without-original-version-scope-or-row-reconciliation"	"8005-PACKAGE-to-basket-capacity-migrated-data"	"needs-capacity-source-scope-and-explicit-approval"	"document-route:R11-candidate; unit-kind:csv-capacity-rule-row; source-document-class:R11-X/A; ledger-history:Formed in 5718541 as a stated 2026-07-16 customer-table migration without the original table or row reconciliation."	"EVID-R11-002"	"not-approved"	"original-customer-capacity-table;row-by-row-migration-reconciliation;site-product-effective-period;named-approver;approval-date;approved-scope;version-or-sha256-binding"
"R11-A0105"	"R11"	"R11-09"	"mes/reference/package-basket-capacity.csv"	"3214f6e849861de452c4132f0f733f20f657a9149dd05953ccc956deab766ece"	"CSV line 7"	"PACKAGE / 花篮容量迁移快照 > capacity rule"	"PACKAGE TO-220-3L 使用 exact 字面匹配，每花篮最多 8 盒，状态为 active。"	"pattern=TO-220-3L | match_type=exact | max_boxes_per_basket=8 | source=客户提供花篮容量对照表（2026-07-16迁移） | status=active | note=客户原表精确规则"	"b6ca6450dcd278ef63f82bbf5231d3b1d419a09486893774310c030b0a947168"	"external-package-capacity-rule-candidate"	"unapproved-migrated-customer-table-without-original-version-scope-or-row-reconciliation"	"8005-PACKAGE-to-basket-capacity-migrated-data"	"needs-capacity-source-scope-and-explicit-approval"	"document-route:R11-candidate; unit-kind:csv-capacity-rule-row; source-document-class:R11-X/A; ledger-history:Formed in 5718541 as a stated 2026-07-16 customer-table migration without the original table or row reconciliation."	"EVID-R11-002"	"not-approved"	"original-customer-capacity-table;row-by-row-migration-reconciliation;site-product-effective-period;named-approver;approval-date;approved-scope;version-or-sha256-binding"
"R11-A0106"	"R11"	"R11-09"	"mes/reference/package-basket-capacity.csv"	"3214f6e849861de452c4132f0f733f20f657a9149dd05953ccc956deab766ece"	"CSV line 8"	"PACKAGE / 花篮容量迁移快照 > capacity rule"	"PACKAGE TO-220-3L-C(T0.5mm) 使用 exact 字面匹配，每花篮最多 8 盒，状态为 active。"	"pattern=TO-220-3L-C(T0.5mm) | match_type=exact | max_boxes_per_basket=8 | source=客户提供花篮容量对照表（2026-07-16迁移） | status=active | note=客户原表精确规则"	"2c361fc9eac73783efcfd6ab2c0839812dcbe930bd1592ef08c7712ee226272b"	"external-package-capacity-rule-candidate"	"unapproved-migrated-customer-table-without-original-version-scope-or-row-reconciliation"	"8005-PACKAGE-to-basket-capacity-migrated-data"	"needs-capacity-source-scope-and-explicit-approval"	"document-route:R11-candidate; unit-kind:csv-capacity-rule-row; source-document-class:R11-X/A; ledger-history:Formed in 5718541 as a stated 2026-07-16 customer-table migration without the original table or row reconciliation."	"EVID-R11-002"	"not-approved"	"original-customer-capacity-table;row-by-row-migration-reconciliation;site-product-effective-period;named-approver;approval-date;approved-scope;version-or-sha256-binding"
"R11-A0107"	"R11"	"R11-09"	"mes/reference/package-basket-capacity.csv"	"3214f6e849861de452c4132f0f733f20f657a9149dd05953ccc956deab766ece"	"CSV line 9"	"PACKAGE / 花篮容量迁移快照 > capacity rule"	"PACKAGE TO-220-5L 使用 exact 字面匹配，每花篮最多 8 盒，状态为 active。"	"pattern=TO-220-5L | match_type=exact | max_boxes_per_basket=8 | source=客户提供花篮容量对照表（2026-07-16迁移） | status=active | note=客户原表精确规则"	"2e9dc70aec905a669adc4314f2e718144c265315469da9ab07c6af0fdd4e43b5"	"external-package-capacity-rule-candidate"	"unapproved-migrated-customer-table-without-original-version-scope-or-row-reconciliation"	"8005-PACKAGE-to-basket-capacity-migrated-data"	"needs-capacity-source-scope-and-explicit-approval"	"document-route:R11-candidate; unit-kind:csv-capacity-rule-row; source-document-class:R11-X/A; ledger-history:Formed in 5718541 as a stated 2026-07-16 customer-table migration without the original table or row reconciliation."	"EVID-R11-002"	"not-approved"	"original-customer-capacity-table;row-by-row-migration-reconciliation;site-product-effective-period;named-approver;approval-date;approved-scope;version-or-sha256-binding"
"R11-A0108"	"R11"	"R11-09"	"mes/reference/package-basket-capacity.csv"	"3214f6e849861de452c4132f0f733f20f657a9149dd05953ccc956deab766ece"	"CSV line 10"	"PACKAGE / 花篮容量迁移快照 > capacity rule"	"PACKAGE TO-220D-5L 使用 exact 字面匹配，每花篮最多 8 盒，状态为 active。"	"pattern=TO-220D-5L | match_type=exact | max_boxes_per_basket=8 | source=客户提供花篮容量对照表（2026-07-16迁移） | status=active | note=客户原表精确规则"	"73fd7f673ab29c803cd23865eeb8a87d17ea3c5f798ae899a471b524000e7a45"	"external-package-capacity-rule-candidate"	"unapproved-migrated-customer-table-without-original-version-scope-or-row-reconciliation"	"8005-PACKAGE-to-basket-capacity-migrated-data"	"needs-capacity-source-scope-and-explicit-approval"	"document-route:R11-candidate; unit-kind:csv-capacity-rule-row; source-document-class:R11-X/A; ledger-history:Formed in 5718541 as a stated 2026-07-16 customer-table migration without the original table or row reconciliation."	"EVID-R11-002"	"not-approved"	"original-customer-capacity-table;row-by-row-migration-reconciliation;site-product-effective-period;named-approver;approval-date;approved-scope;version-or-sha256-binding"
"R11-A0109"	"R11"	"R11-09"	"mes/reference/package-basket-capacity.csv"	"3214f6e849861de452c4132f0f733f20f657a9149dd05953ccc956deab766ece"	"CSV line 11"	"PACKAGE / 花篮容量迁移快照 > capacity rule"	"PACKAGE TO-220F 使用 exact 字面匹配，每花篮最多 8 盒，状态为 active。"	"pattern=TO-220F | match_type=exact | max_boxes_per_basket=8 | source=客户提供花篮容量对照表（2026-07-16迁移） | status=active | note=客户原表精确规则"	"b338ca3fe46f3ceb1b8fa009a6346aec36f5cc8ff74e026ac967d539c9518317"	"external-package-capacity-rule-candidate"	"unapproved-migrated-customer-table-without-original-version-scope-or-row-reconciliation"	"8005-PACKAGE-to-basket-capacity-migrated-data"	"needs-capacity-source-scope-and-explicit-approval"	"document-route:R11-candidate; unit-kind:csv-capacity-rule-row; source-document-class:R11-X/A; ledger-history:Formed in 5718541 as a stated 2026-07-16 customer-table migration without the original table or row reconciliation."	"EVID-R11-002"	"not-approved"	"original-customer-capacity-table;row-by-row-migration-reconciliation;site-product-effective-period;named-approver;approval-date;approved-scope;version-or-sha256-binding"
"R11-A0110"	"R11"	"R11-09"	"mes/reference/package-basket-capacity.csv"	"3214f6e849861de452c4132f0f733f20f657a9149dd05953ccc956deab766ece"	"CSV line 12"	"PACKAGE / 花篮容量迁移快照 > capacity rule"	"PACKAGE TO-247 使用 exact 字面匹配，每花篮最多 6 盒，状态为 active。"	"pattern=TO-247 | match_type=exact | max_boxes_per_basket=6 | source=客户提供花篮容量对照表（2026-07-16迁移） | status=active | note=客户原表精确规则"	"b823b2db9b86b1512f9e94bb79627d78db3d3df0b84a860f4b1dd0ee481c443e"	"external-package-capacity-rule-candidate"	"unapproved-migrated-customer-table-without-original-version-scope-or-row-reconciliation"	"8005-PACKAGE-to-basket-capacity-migrated-data"	"needs-capacity-source-scope-and-explicit-approval"	"document-route:R11-candidate; unit-kind:csv-capacity-rule-row; source-document-class:R11-X/A; ledger-history:Formed in 5718541 as a stated 2026-07-16 customer-table migration without the original table or row reconciliation."	"EVID-R11-002"	"not-approved"	"original-customer-capacity-table;row-by-row-migration-reconciliation;site-product-effective-period;named-approver;approval-date;approved-scope;version-or-sha256-binding"
"R11-A0111"	"R11"	"R11-09"	"mes/reference/package-basket-capacity.csv"	"3214f6e849861de452c4132f0f733f20f657a9149dd05953ccc956deab766ece"	"CSV line 13"	"PACKAGE / 花篮容量迁移快照 > capacity rule"	"PACKAGE TO-247-2L-A 使用 exact 字面匹配，每花篮最多 6 盒，状态为 active。"	"pattern=TO-247-2L-A | match_type=exact | max_boxes_per_basket=6 | source=客户提供花篮容量对照表（2026-07-16迁移） | status=active | note=客户原表精确规则"	"41ef3a40a33b129f10d2243004286b5a2e08e1b38812a60e49cadeb8c8f0ff02"	"external-package-capacity-rule-candidate"	"unapproved-migrated-customer-table-without-original-version-scope-or-row-reconciliation"	"8005-PACKAGE-to-basket-capacity-migrated-data"	"needs-capacity-source-scope-and-explicit-approval"	"document-route:R11-candidate; unit-kind:csv-capacity-rule-row; source-document-class:R11-X/A; ledger-history:Formed in 5718541 as a stated 2026-07-16 customer-table migration without the original table or row reconciliation."	"EVID-R11-002"	"not-approved"	"original-customer-capacity-table;row-by-row-migration-reconciliation;site-product-effective-period;named-approver;approval-date;approved-scope;version-or-sha256-binding"
"R11-A0112"	"R11"	"R11-09"	"mes/reference/package-basket-capacity.csv"	"3214f6e849861de452c4132f0f733f20f657a9149dd05953ccc956deab766ece"	"CSV line 14"	"PACKAGE / 花篮容量迁移快照 > capacity rule"	"PACKAGE TO-247-4L 使用 exact 字面匹配，每花篮最多 6 盒，状态为 active。"	"pattern=TO-247-4L | match_type=exact | max_boxes_per_basket=6 | source=客户提供花篮容量对照表（2026-07-16迁移） | status=active | note=客户原表精确规则"	"4845a3000695d651b50d513623ccafc320b0adb8c137098d941caaf514903184"	"external-package-capacity-rule-candidate"	"unapproved-migrated-customer-table-without-original-version-scope-or-row-reconciliation"	"8005-PACKAGE-to-basket-capacity-migrated-data"	"needs-capacity-source-scope-and-explicit-approval"	"document-route:R11-candidate; unit-kind:csv-capacity-rule-row; source-document-class:R11-X/A; ledger-history:Formed in 5718541 as a stated 2026-07-16 customer-table migration without the original table or row reconciliation."	"EVID-R11-002"	"not-approved"	"original-customer-capacity-table;row-by-row-migration-reconciliation;site-product-effective-period;named-approver;approval-date;approved-scope;version-or-sha256-binding"
"R11-A0113"	"R11"	"R11-09"	"mes/reference/package-basket-capacity.csv"	"3214f6e849861de452c4132f0f733f20f657a9149dd05953ccc956deab766ece"	"CSV line 15"	"PACKAGE / 花篮容量迁移快照 > capacity rule"	"PACKAGE TO-247A-4L 使用 exact 字面匹配，每花篮最多 6 盒，状态为 active。"	"pattern=TO-247A-4L | match_type=exact | max_boxes_per_basket=6 | source=客户提供花篮容量对照表（2026-07-16迁移） | status=active | note=客户原表精确规则"	"4205c70522b64002de960536640a90c7260f622fe98d09df574dacc49e2bf30c"	"external-package-capacity-rule-candidate"	"unapproved-migrated-customer-table-without-original-version-scope-or-row-reconciliation"	"8005-PACKAGE-to-basket-capacity-migrated-data"	"needs-capacity-source-scope-and-explicit-approval"	"document-route:R11-candidate; unit-kind:csv-capacity-rule-row; source-document-class:R11-X/A; ledger-history:Formed in 5718541 as a stated 2026-07-16 customer-table migration without the original table or row reconciliation."	"EVID-R11-002"	"not-approved"	"original-customer-capacity-table;row-by-row-migration-reconciliation;site-product-effective-period;named-approver;approval-date;approved-scope;version-or-sha256-binding"
"R11-A0114"	"R11"	"R11-09"	"mes/reference/package-basket-capacity.csv"	"3214f6e849861de452c4132f0f733f20f657a9149dd05953ccc956deab766ece"	"CSV line 16"	"PACKAGE / 花篮容量迁移快照 > capacity rule"	"PACKAGE TO-247B-3L 使用 exact 字面匹配，每花篮最多 6 盒，状态为 active。"	"pattern=TO-247B-3L | match_type=exact | max_boxes_per_basket=6 | source=客户提供花篮容量对照表（2026-07-16迁移） | status=active | note=客户原表精确规则"	"aa7b44cedf70512b1955aa863b71ba673318dabec9d944fc058b7bff2b9a948d"	"external-package-capacity-rule-candidate"	"unapproved-migrated-customer-table-without-original-version-scope-or-row-reconciliation"	"8005-PACKAGE-to-basket-capacity-migrated-data"	"needs-capacity-source-scope-and-explicit-approval"	"document-route:R11-candidate; unit-kind:csv-capacity-rule-row; source-document-class:R11-X/A; ledger-history:Formed in 5718541 as a stated 2026-07-16 customer-table migration without the original table or row reconciliation."	"EVID-R11-002"	"not-approved"	"original-customer-capacity-table;row-by-row-migration-reconciliation;site-product-effective-period;named-approver;approval-date;approved-scope;version-or-sha256-binding"
"R11-A0115"	"R11"	"R11-09"	"mes/reference/package-basket-capacity.csv"	"3214f6e849861de452c4132f0f733f20f657a9149dd05953ccc956deab766ece"	"CSV line 17"	"PACKAGE / 花篮容量迁移快照 > capacity rule"	"PACKAGE TO-247Plus-4L 使用 exact 字面匹配，每花篮最多 6 盒，状态为 active。"	"pattern=TO-247Plus-4L | match_type=exact | max_boxes_per_basket=6 | source=客户提供花篮容量对照表（2026-07-16迁移） | status=active | note=客户原表精确规则"	"9a62c1dd195b5f827cbd2bf6c3674d0e3a9d46aef16d539d936f67bc3e28c9ee"	"external-package-capacity-rule-candidate"	"unapproved-migrated-customer-table-without-original-version-scope-or-row-reconciliation"	"8005-PACKAGE-to-basket-capacity-migrated-data"	"needs-capacity-source-scope-and-explicit-approval"	"document-route:R11-candidate; unit-kind:csv-capacity-rule-row; source-document-class:R11-X/A; ledger-history:Formed in 5718541 as a stated 2026-07-16 customer-table migration without the original table or row reconciliation."	"EVID-R11-002"	"not-approved"	"original-customer-capacity-table;row-by-row-migration-reconciliation;site-product-effective-period;named-approver;approval-date;approved-scope;version-or-sha256-binding"
"R11-A0116"	"R11"	"R11-09"	"mes/reference/package-basket-capacity.csv"	"3214f6e849861de452c4132f0f733f20f657a9149dd05953ccc956deab766ece"	"CSV line 18"	"PACKAGE / 花篮容量迁移快照 > capacity rule"	"PACKAGE TO-251 使用 exact 字面匹配，每花篮最多 10 盒，状态为 active。"	"pattern=TO-251 | match_type=exact | max_boxes_per_basket=10 | source=客户提供花篮容量对照表（2026-07-16迁移） | status=active | note=客户原表精确规则"	"3f98f608cd46496796e6b5f34e6c91e85c53bfa666db37ac2d04aeb4f634f022"	"external-package-capacity-rule-candidate"	"unapproved-migrated-customer-table-without-original-version-scope-or-row-reconciliation"	"8005-PACKAGE-to-basket-capacity-migrated-data"	"needs-capacity-source-scope-and-explicit-approval"	"document-route:R11-candidate; unit-kind:csv-capacity-rule-row; source-document-class:R11-X/A; ledger-history:Formed in 5718541 as a stated 2026-07-16 customer-table migration without the original table or row reconciliation."	"EVID-R11-002"	"not-approved"	"original-customer-capacity-table;row-by-row-migration-reconciliation;site-product-effective-period;named-approver;approval-date;approved-scope;version-or-sha256-binding"
"R11-A0117"	"R11"	"R11-09"	"mes/reference/package-basket-capacity.csv"	"3214f6e849861de452c4132f0f733f20f657a9149dd05953ccc956deab766ece"	"CSV line 19"	"PACKAGE / 花篮容量迁移快照 > capacity rule"	"PACKAGE TO-252-2L(4R) 使用 exact 字面匹配，每花篮最多 5 盒，状态为 active。"	"pattern=TO-252-2L(4R) | match_type=exact | max_boxes_per_basket=5 | source=客户提供花篮容量对照表（2026-07-16迁移） | status=active | note=客户原表精确规则"	"50376f0eacc2ae9fad4ce276e01c31c40bef42003169471a23d8d78693f2e38a"	"external-package-capacity-rule-candidate"	"unapproved-migrated-customer-table-without-original-version-scope-or-row-reconciliation"	"8005-PACKAGE-to-basket-capacity-migrated-data"	"needs-capacity-source-scope-and-explicit-approval"	"document-route:R11-candidate; unit-kind:csv-capacity-rule-row; source-document-class:R11-X/A; ledger-history:Formed in 5718541 as a stated 2026-07-16 customer-table migration without the original table or row reconciliation."	"EVID-R11-002"	"not-approved"	"original-customer-capacity-table;row-by-row-migration-reconciliation;site-product-effective-period;named-approver;approval-date;approved-scope;version-or-sha256-binding"
"R11-A0118"	"R11"	"R11-09"	"mes/reference/package-basket-capacity.csv"	"3214f6e849861de452c4132f0f733f20f657a9149dd05953ccc956deab766ece"	"CSV line 20"	"PACKAGE / 花篮容量迁移快照 > capacity rule"	"PACKAGE TO-252-2L(6R) 使用 exact 字面匹配，每花篮最多 4 盒，状态为 active。"	"pattern=TO-252-2L(6R) | match_type=exact | max_boxes_per_basket=4 | source=客户提供花篮容量对照表（2026-07-16迁移） | status=active | note=客户原表精确规则"	"8bdf8ffbf8a6d73f383dda9803d4d7af75f6c133477f49a2d96855625ada2c83"	"external-package-capacity-rule-candidate"	"unapproved-migrated-customer-table-without-original-version-scope-or-row-reconciliation"	"8005-PACKAGE-to-basket-capacity-migrated-data"	"needs-capacity-source-scope-and-explicit-approval"	"document-route:R11-candidate; unit-kind:csv-capacity-rule-row; source-document-class:R11-X/A; ledger-history:Formed in 5718541 as a stated 2026-07-16 customer-table migration without the original table or row reconciliation."	"EVID-R11-002"	"not-approved"	"original-customer-capacity-table;row-by-row-migration-reconciliation;site-product-effective-period;named-approver;approval-date;approved-scope;version-or-sha256-binding"
"R11-A0119"	"R11"	"R11-09"	"mes/reference/package-basket-capacity.csv"	"3214f6e849861de452c4132f0f733f20f657a9149dd05953ccc956deab766ece"	"CSV line 21"	"PACKAGE / 花篮容量迁移快照 > capacity rule"	"PACKAGE TO-252-2L(8R) 使用 exact 字面匹配，每花篮最多 4 盒，状态为 active。"	"pattern=TO-252-2L(8R) | match_type=exact | max_boxes_per_basket=4 | source=客户提供花篮容量对照表（2026-07-16迁移） | status=active | note=客户原表精确规则"	"044797c74895c067b06e6d1492051f146dfd376aaac3c6bf5b0dde1eece95c57"	"external-package-capacity-rule-candidate"	"unapproved-migrated-customer-table-without-original-version-scope-or-row-reconciliation"	"8005-PACKAGE-to-basket-capacity-migrated-data"	"needs-capacity-source-scope-and-explicit-approval"	"document-route:R11-candidate; unit-kind:csv-capacity-rule-row; source-document-class:R11-X/A; ledger-history:Formed in 5718541 as a stated 2026-07-16 customer-table migration without the original table or row reconciliation."	"EVID-R11-002"	"not-approved"	"original-customer-capacity-table;row-by-row-migration-reconciliation;site-product-effective-period;named-approver;approval-date;approved-scope;version-or-sha256-binding"
"R11-A0120"	"R11"	"R11-09"	"mes/reference/package-basket-capacity.csv"	"3214f6e849861de452c4132f0f733f20f657a9149dd05953ccc956deab766ece"	"CSV line 22"	"PACKAGE / 花篮容量迁移快照 > capacity rule"	"PACKAGE TO-252-5L 使用 exact 字面匹配，每花篮最多 10 盒，状态为 active。"	"pattern=TO-252-5L | match_type=exact | max_boxes_per_basket=10 | source=客户提供花篮容量对照表（2026-07-16迁移） | status=active | note=客户原表精确规则"	"5226690ec2099077180ba3a0057e7c726509e4387168033f9b6bd83ee6ab0149"	"external-package-capacity-rule-candidate"	"unapproved-migrated-customer-table-without-original-version-scope-or-row-reconciliation"	"8005-PACKAGE-to-basket-capacity-migrated-data"	"needs-capacity-source-scope-and-explicit-approval"	"document-route:R11-candidate; unit-kind:csv-capacity-rule-row; source-document-class:R11-X/A; ledger-history:Formed in 5718541 as a stated 2026-07-16 customer-table migration without the original table or row reconciliation."	"EVID-R11-002"	"not-approved"	"original-customer-capacity-table;row-by-row-migration-reconciliation;site-product-effective-period;named-approver;approval-date;approved-scope;version-or-sha256-binding"
"R11-A0121"	"R11"	"R11-09"	"mes/reference/package-basket-capacity.csv"	"3214f6e849861de452c4132f0f733f20f657a9149dd05953ccc956deab766ece"	"CSV line 23"	"PACKAGE / 花篮容量迁移快照 > capacity rule"	"PACKAGE TO-263-2L 使用 exact 字面匹配，每花篮最多 8 盒，状态为 active。"	"pattern=TO-263-2L | match_type=exact | max_boxes_per_basket=8 | source=客户提供花篮容量对照表（2026-07-16迁移） | status=active | note=客户原表精确规则"	"0e6cf456fd4d5f48aca81bbdcfbb013c5a8ac589417f159dcfe08cc622d06238"	"external-package-capacity-rule-candidate"	"unapproved-migrated-customer-table-without-original-version-scope-or-row-reconciliation"	"8005-PACKAGE-to-basket-capacity-migrated-data"	"needs-capacity-source-scope-and-explicit-approval"	"document-route:R11-candidate; unit-kind:csv-capacity-rule-row; source-document-class:R11-X/A; ledger-history:Formed in 5718541 as a stated 2026-07-16 customer-table migration without the original table or row reconciliation."	"EVID-R11-002"	"not-approved"	"original-customer-capacity-table;row-by-row-migration-reconciliation;site-product-effective-period;named-approver;approval-date;approved-scope;version-or-sha256-binding"
"R11-A0122"	"R11"	"R11-09"	"mes/reference/package-basket-capacity.csv"	"3214f6e849861de452c4132f0f733f20f657a9149dd05953ccc956deab766ece"	"CSV line 24"	"PACKAGE / 花篮容量迁移快照 > capacity rule"	"PACKAGE TO-263-5L 使用 exact 字面匹配，每花篮最多 8 盒，状态为 active。"	"pattern=TO-263-5L | match_type=exact | max_boxes_per_basket=8 | source=客户提供花篮容量对照表（2026-07-16迁移） | status=active | note=客户原表精确规则"	"f6a4bf3704905e1f8fe230cda663d47a70a3a789b4a89a5a465d31a0eb2bd1a6"	"external-package-capacity-rule-candidate"	"unapproved-migrated-customer-table-without-original-version-scope-or-row-reconciliation"	"8005-PACKAGE-to-basket-capacity-migrated-data"	"needs-capacity-source-scope-and-explicit-approval"	"document-route:R11-candidate; unit-kind:csv-capacity-rule-row; source-document-class:R11-X/A; ledger-history:Formed in 5718541 as a stated 2026-07-16 customer-table migration without the original table or row reconciliation."	"EVID-R11-002"	"not-approved"	"original-customer-capacity-table;row-by-row-migration-reconciliation;site-product-effective-period;named-approver;approval-date;approved-scope;version-or-sha256-binding"
"R11-A0123"	"R11"	"R11-09"	"mes/reference/package-basket-capacity.csv"	"3214f6e849861de452c4132f0f733f20f657a9149dd05953ccc956deab766ece"	"CSV line 25"	"PACKAGE / 花篮容量迁移快照 > capacity rule"	"PACKAGE TO-263-7L(2R) 使用 exact 字面匹配，每花篮最多 6 盒，状态为 active。"	"pattern=TO-263-7L(2R) | match_type=exact | max_boxes_per_basket=6 | source=客户提供花篮容量对照表（2026-07-16迁移） | status=active | note=客户原表精确规则"	"e8e7843595b694a143ee1058b08cfd3216ca6e289480769b3aa3a4d1b935520d"	"external-package-capacity-rule-candidate"	"unapproved-migrated-customer-table-without-original-version-scope-or-row-reconciliation"	"8005-PACKAGE-to-basket-capacity-migrated-data"	"needs-capacity-source-scope-and-explicit-approval"	"document-route:R11-candidate; unit-kind:csv-capacity-rule-row; source-document-class:R11-X/A; ledger-history:Formed in 5718541 as a stated 2026-07-16 customer-table migration without the original table or row reconciliation."	"EVID-R11-002"	"not-approved"	"original-customer-capacity-table;row-by-row-migration-reconciliation;site-product-effective-period;named-approver;approval-date;approved-scope;version-or-sha256-binding"
"R11-A0124"	"R11"	"R11-09"	"mes/reference/package-basket-capacity.csv"	"3214f6e849861de452c4132f0f733f20f657a9149dd05953ccc956deab766ece"	"CSV line 26"	"PACKAGE / 花篮容量迁移快照 > capacity rule"	"PACKAGE TO-263C-2L 使用 exact 字面匹配，每花篮最多 8 盒，状态为 active。"	"pattern=TO-263C-2L | match_type=exact | max_boxes_per_basket=8 | source=客户提供花篮容量对照表（2026-07-16迁移） | status=active | note=客户原表精确规则"	"fdf8232120c21c5939e0da886249ca52c859254a10122ba4d1484a8aee77cb1d"	"external-package-capacity-rule-candidate"	"unapproved-migrated-customer-table-without-original-version-scope-or-row-reconciliation"	"8005-PACKAGE-to-basket-capacity-migrated-data"	"needs-capacity-source-scope-and-explicit-approval"	"document-route:R11-candidate; unit-kind:csv-capacity-rule-row; source-document-class:R11-X/A; ledger-history:Formed in 5718541 as a stated 2026-07-16 customer-table migration without the original table or row reconciliation."	"EVID-R11-002"	"not-approved"	"original-customer-capacity-table;row-by-row-migration-reconciliation;site-product-effective-period;named-approver;approval-date;approved-scope;version-or-sha256-binding"
"R11-A0125"	"R11"	"R11-09"	"mes/reference/package-basket-capacity.csv"	"3214f6e849861de452c4132f0f733f20f657a9149dd05953ccc956deab766ece"	"CSV line 27"	"PACKAGE / 花篮容量迁移快照 > capacity rule"	"PACKAGE TO-264-3L 使用 exact 字面匹配，每花篮最多 8 盒，状态为 active。"	"pattern=TO-264-3L | match_type=exact | max_boxes_per_basket=8 | source=客户提供花篮容量对照表（2026-07-16迁移） | status=active | note=客户原表精确规则"	"3596d81e1d55d0c5100deba41c3e7b0ed3800b9aff28b1ab72d92f599155eb7d"	"external-package-capacity-rule-candidate"	"unapproved-migrated-customer-table-without-original-version-scope-or-row-reconciliation"	"8005-PACKAGE-to-basket-capacity-migrated-data"	"needs-capacity-source-scope-and-explicit-approval"	"document-route:R11-candidate; unit-kind:csv-capacity-rule-row; source-document-class:R11-X/A; ledger-history:Formed in 5718541 as a stated 2026-07-16 customer-table migration without the original table or row reconciliation."	"EVID-R11-002"	"not-approved"	"original-customer-capacity-table;row-by-row-migration-reconciliation;site-product-effective-period;named-approver;approval-date;approved-scope;version-or-sha256-binding"
"R11-A0126"	"R11"	"R11-09"	"mes/reference/package-basket-capacity.csv"	"3214f6e849861de452c4132f0f733f20f657a9149dd05953ccc956deab766ece"	"CSV line 28"	"PACKAGE / 花篮容量迁移快照 > capacity rule"	"PACKAGE TO-92 使用 exact 字面匹配，每花篮最多 12 盒，状态为 active。"	"pattern=TO-92 | match_type=exact | max_boxes_per_basket=12 | source=客户提供花篮容量对照表（2026-07-16迁移） | status=active | note=客户原表精确规则"	"34db567d335b14ed05785a850ad1ddf85e41131ddd4f2a418c9fd6a07c88430b"	"external-package-capacity-rule-candidate"	"unapproved-migrated-customer-table-without-original-version-scope-or-row-reconciliation"	"8005-PACKAGE-to-basket-capacity-migrated-data"	"needs-capacity-source-scope-and-explicit-approval"	"document-route:R11-candidate; unit-kind:csv-capacity-rule-row; source-document-class:R11-X/A; ledger-history:Formed in 5718541 as a stated 2026-07-16 customer-table migration without the original table or row reconciliation."	"EVID-R11-002"	"not-approved"	"original-customer-capacity-table;row-by-row-migration-reconciliation;site-product-effective-period;named-approver;approval-date;approved-scope;version-or-sha256-binding"
"R11-A0127"	"R11"	"R11-09"	"mes/reference/package-basket-capacity.csv"	"3214f6e849861de452c4132f0f733f20f657a9149dd05953ccc956deab766ece"	"CSV line 29"	"PACKAGE / 花篮容量迁移快照 > capacity rule"	"PACKAGE TOLL- 使用 prefix 字面匹配，每花篮最多 3 盒，状态为 active。"	"pattern=TOLL- | match_type=prefix | max_boxes_per_basket=3 | source=客户提供花篮容量对照表（2026-07-16迁移） | status=active | note=仅匹配带连字符的 TOLL- 字面前缀"	"c1140f3da1b2f35c423920a55669c8868773e368e9b149f50de742723293cdc2"	"external-package-capacity-rule-candidate"	"unapproved-migrated-customer-table-without-original-version-scope-or-row-reconciliation"	"8005-PACKAGE-to-basket-capacity-migrated-data"	"needs-capacity-source-scope-and-explicit-approval"	"document-route:R11-candidate; unit-kind:csv-capacity-rule-row; source-document-class:R11-X/A; ledger-history:Formed in 5718541 as a stated 2026-07-16 customer-table migration without the original table or row reconciliation."	"EVID-R11-002,SCOPE-R11-001"	"not-approved"	"original-customer-capacity-table;row-by-row-migration-reconciliation;site-product-effective-period;named-approver;approval-date;approved-scope;version-or-sha256-binding"
"R11-A0128"	"R11"	"R11-11"	"mes/reference/README.md"	"8860a80469bd0fb97f91112b7339199fa50b74243768ee4015c92a0479185f5c"	"lines 3-5"	"PACKAGE / 花篮容量规则"	"`package-basket-capacity.csv` 是 PACKAGE 与一花篮最多料盒数的唯一可执行规则源。"	"`package-basket-capacity.csv` 是 PACKAGE 与一花篮最多料盒数的唯一可执行规则源。 当前 28 条规则来自客户对照表的 2026-07-16 迁移快照：27 条精确规则和 1 条 显式前缀规则。旧 Markdown 已退出维护，审阅视图由 CSV 自动生成。"	"61000991683549b55e85489d62839715bef3ab5f1a91a2ce644036accd037090"	"capacity-source-provenance-or-governance-evidence"	"unapproved-internal-derived-query-or-guidance-without-complete-approval-chain"	"8005-PACKAGE-capacity-matching-and-rule-governance"	"source-or-traceability-evidence-only"	"document-route:R11-candidate; unit-kind:markdown-paragraph; source-document-class:R11-D/A/I; ledger-history:Formed in 5718541 around the stated customer-table migration."	"EVID-R11-002"	"not-approved"	"evidence-only-not-an-approval-unit;named-approver;approval-date;approved-scope;version-or-sha256-binding"
"R11-A0129"	"R11"	"R11-11"	"mes/reference/README.md"	"8860a80469bd0fb97f91112b7339199fa50b74243768ee4015c92a0479185f5c"	"lines 3-5"	"PACKAGE / 花篮容量规则"	"当前 28 条规则来自客户对照表的 2026-07-16 迁移快照：27 条精确规则和 1 条 显式前缀规则。"	"`package-basket-capacity.csv` 是 PACKAGE 与一花篮最多料盒数的唯一可执行规则源。 当前 28 条规则来自客户对照表的 2026-07-16 迁移快照：27 条精确规则和 1 条 显式前缀规则。旧 Markdown 已退出维护，审阅视图由 CSV 自动生成。"	"9792daf5f8630ec5b8bac871da910326e3c51f1f1b4663b4d62e0fd348f33ae4"	"capacity-source-provenance-or-governance-evidence"	"unapproved-internal-derived-query-or-guidance-without-complete-approval-chain"	"8005-PACKAGE-capacity-matching-and-rule-governance"	"source-or-traceability-evidence-only"	"document-route:R11-candidate; unit-kind:markdown-paragraph; source-document-class:R11-D/A/I; ledger-history:Formed in 5718541 around the stated customer-table migration."	"EVID-R11-002"	"not-approved"	"evidence-only-not-an-approval-unit;named-approver;approval-date;approved-scope;version-or-sha256-binding"
"R11-A0130"	"R11"	"R11-11"	"mes/reference/README.md"	"8860a80469bd0fb97f91112b7339199fa50b74243768ee4015c92a0479185f5c"	"lines 3-5"	"PACKAGE / 花篮容量规则"	"旧 Markdown 已退出维护，审阅视图由 CSV 自动生成。"	"`package-basket-capacity.csv` 是 PACKAGE 与一花篮最多料盒数的唯一可执行规则源。 当前 28 条规则来自客户对照表的 2026-07-16 迁移快照：27 条精确规则和 1 条 显式前缀规则。旧 Markdown 已退出维护，审阅视图由 CSV 自动生成。"	"da98c70fea740dd2ff697d9898d9d453c6c4c0e22eb211cc249f64e69252e397"	"capacity-source-provenance-or-governance-evidence"	"unapproved-internal-derived-query-or-guidance-without-complete-approval-chain"	"8005-PACKAGE-capacity-matching-and-rule-governance"	"source-or-traceability-evidence-only"	"document-route:R11-candidate; unit-kind:markdown-paragraph; source-document-class:R11-D/A/I; ledger-history:Formed in 5718541 around the stated customer-table migration."	"EVID-R11-002"	"not-approved"	"evidence-only-not-an-approval-unit;named-approver;approval-date;approved-scope;version-or-sha256-binding"
"R11-A0131"	"R11"	"R11-11"	"mes/reference/README.md"	"8860a80469bd0fb97f91112b7339199fa50b74243768ee4015c92a0479185f5c"	"line 9"	"PACKAGE / 花篮容量规则 > 字段"	"`pattern`：去除首尾空白后用于匹配的字面值。"	"`pattern`：去除首尾空白后用于匹配的字面值。"	"46c940226b65e450d2908f41cf68088759b839eec685aeb2d5bf579615af961d"	"capacity-reference-data-schema-candidate"	"unapproved-internal-derived-query-or-guidance-without-complete-approval-chain"	"8005-PACKAGE-capacity-matching-and-rule-governance"	"needs-capacity-source-scope-and-explicit-approval"	"document-route:R11-candidate; unit-kind:markdown-flow-or-list-item; source-document-class:R11-D/A/I; ledger-history:Formed in 5718541 around the stated customer-table migration."	"EVID-R11-002"	"not-approved"	"original-customer-capacity-table;row-by-row-migration-reconciliation;site-product-effective-period;named-approver;approval-date;approved-scope;version-or-sha256-binding"
"R11-A0132"	"R11"	"R11-11"	"mes/reference/README.md"	"8860a80469bd0fb97f91112b7339199fa50b74243768ee4015c92a0479185f5c"	"line 10"	"PACKAGE / 花篮容量规则 > 字段"	"`match_type`：仅允许 `exact` 或 `prefix`。"	"`match_type`：仅允许 `exact` 或 `prefix`。"	"c9d288884e484112e6a85659e8d5662e247ea08e394fcc97a4491993b78c128f"	"capacity-reference-data-schema-candidate"	"unapproved-internal-derived-query-or-guidance-without-complete-approval-chain"	"8005-PACKAGE-capacity-matching-and-rule-governance"	"needs-capacity-source-scope-and-explicit-approval"	"document-route:R11-candidate; unit-kind:markdown-flow-or-list-item; source-document-class:R11-D/A/I; ledger-history:Formed in 5718541 around the stated customer-table migration."	"EVID-R11-002"	"not-approved"	"original-customer-capacity-table;row-by-row-migration-reconciliation;site-product-effective-period;named-approver;approval-date;approved-scope;version-or-sha256-binding"
"R11-A0133"	"R11"	"R11-11"	"mes/reference/README.md"	"8860a80469bd0fb97f91112b7339199fa50b74243768ee4015c92a0479185f5c"	"line 11"	"PACKAGE / 花篮容量规则 > 字段"	"`max_boxes_per_basket`：正整数，表示一花篮最多料盒数。"	"`max_boxes_per_basket`：正整数，表示一花篮最多料盒数。"	"8f91506e48d801d06ad28e0a15050b09207cca753d1378ab2614655d3173cb35"	"capacity-reference-data-schema-candidate"	"unapproved-internal-derived-query-or-guidance-without-complete-approval-chain"	"8005-PACKAGE-capacity-matching-and-rule-governance"	"needs-capacity-source-scope-and-explicit-approval"	"document-route:R11-candidate; unit-kind:markdown-flow-or-list-item; source-document-class:R11-D/A/I; ledger-history:Formed in 5718541 around the stated customer-table migration."	"EVID-R11-002"	"not-approved"	"original-customer-capacity-table;row-by-row-migration-reconciliation;site-product-effective-period;named-approver;approval-date;approved-scope;version-or-sha256-binding"
"R11-A0134"	"R11"	"R11-11"	"mes/reference/README.md"	"8860a80469bd0fb97f91112b7339199fa50b74243768ee4015c92a0479185f5c"	"line 12"	"PACKAGE / 花篮容量规则 > 字段"	"`source`：规则来源。"	"`source`：规则来源。"	"f7b9e0e34a6c7ea4117a494a0a9f6e7fe8c60f01b53878fa79d66bda13d0f491"	"capacity-source-provenance-or-governance-evidence"	"unapproved-internal-derived-query-or-guidance-without-complete-approval-chain"	"8005-PACKAGE-capacity-matching-and-rule-governance"	"source-or-traceability-evidence-only"	"document-route:R11-candidate; unit-kind:markdown-flow-or-list-item; source-document-class:R11-D/A/I; ledger-history:Formed in 5718541 around the stated customer-table migration."	"EVID-R11-002"	"not-approved"	"evidence-only-not-an-approval-unit;named-approver;approval-date;approved-scope;version-or-sha256-binding"
"R11-A0135"	"R11"	"R11-11"	"mes/reference/README.md"	"8860a80469bd0fb97f91112b7339199fa50b74243768ee4015c92a0479185f5c"	"line 13"	"PACKAGE / 花篮容量规则 > 字段"	"`status`：当前仅允许 `active`。"	"`status`：当前仅允许 `active`。"	"ad12750eabb4e7d9d6080390efda27edbdb2f8e300a79dd9dd04b8a1af908f15"	"capacity-reference-data-schema-candidate"	"unapproved-internal-derived-query-or-guidance-without-complete-approval-chain"	"8005-PACKAGE-capacity-matching-and-rule-governance"	"needs-capacity-source-scope-and-explicit-approval"	"document-route:R11-candidate; unit-kind:markdown-flow-or-list-item; source-document-class:R11-D/A/I; ledger-history:Formed in 5718541 around the stated customer-table migration."	"EVID-R11-002"	"not-approved"	"original-customer-capacity-table;row-by-row-migration-reconciliation;site-product-effective-period;named-approver;approval-date;approved-scope;version-or-sha256-binding"
"R11-A0136"	"R11"	"R11-11"	"mes/reference/README.md"	"8860a80469bd0fb97f91112b7339199fa50b74243768ee4015c92a0479185f5c"	"line 14"	"PACKAGE / 花篮容量规则 > 字段"	"`note`：规则说明。"	"`note`：规则说明。"	"362b3554eab40014b168572b93f61c2682de75679a05c169dc61e4757f928ecd"	"capacity-reference-data-schema-candidate"	"unapproved-internal-derived-query-or-guidance-without-complete-approval-chain"	"8005-PACKAGE-capacity-matching-and-rule-governance"	"needs-capacity-source-scope-and-explicit-approval"	"document-route:R11-candidate; unit-kind:markdown-flow-or-list-item; source-document-class:R11-D/A/I; ledger-history:Formed in 5718541 around the stated customer-table migration."	"EVID-R11-002"	"not-approved"	"original-customer-capacity-table;row-by-row-migration-reconciliation;site-product-effective-period;named-approver;approval-date;approved-scope;version-or-sha256-binding"
"R11-A0137"	"R11"	"R11-11"	"mes/reference/README.md"	"8860a80469bd0fb97f91112b7339199fa50b74243768ee4015c92a0479185f5c"	"line 18"	"PACKAGE / 花篮容量规则 > 匹配规则"	"输入 PACKAGE 先执行 `strip()`；"	"输入 PACKAGE 先执行 `strip()`；空值不匹配。"	"d0daa7d165a0d738da7de2db0a8d3d24150549be4b359f072cf5f4597974e555"	"capacity-reference-data-behavior-candidate"	"unapproved-internal-derived-query-or-guidance-without-complete-approval-chain"	"8005-PACKAGE-capacity-matching-and-rule-governance"	"needs-capacity-source-scope-and-explicit-approval"	"document-route:R11-candidate; unit-kind:markdown-flow-or-list-item; source-document-class:R11-D/A/I; ledger-history:Formed in 5718541 around the stated customer-table migration."	"EVID-R11-002"	"not-approved"	"original-customer-capacity-table;row-by-row-migration-reconciliation;site-product-effective-period;named-approver;approval-date;approved-scope;version-or-sha256-binding"
"R11-A0138"	"R11"	"R11-11"	"mes/reference/README.md"	"8860a80469bd0fb97f91112b7339199fa50b74243768ee4015c92a0479185f5c"	"line 18"	"PACKAGE / 花篮容量规则 > 匹配规则"	"空值不匹配。"	"输入 PACKAGE 先执行 `strip()`；空值不匹配。"	"723e16ea0da5d6c8b66ea71516a429819c403cf2a6ee034f06aea8cade38a846"	"capacity-matching-and-fail-closed-behavior-candidate"	"unapproved-internal-derived-query-or-guidance-without-complete-approval-chain"	"8005-PACKAGE-capacity-matching-and-rule-governance"	"needs-loading-safety-owner-bound-data-source-and-explicit-approval"	"document-route:R11-candidate; unit-kind:markdown-flow-or-list-item; source-document-class:R11-D/A/I; ledger-history:Formed in 5718541 around the stated customer-table migration."	"EVID-R11-002"	"not-approved"	"responsible-loading-and-safety-owner;bound-MES-query-and-capacity-source;failure-path-validation;named-approver;approval-date;approved-scope;version-or-sha256-binding"
"R11-A0139"	"R11"	"R11-11"	"mes/reference/README.md"	"8860a80469bd0fb97f91112b7339199fa50b74243768ee4015c92a0479185f5c"	"line 19"	"PACKAGE / 花篮容量规则 > 匹配规则"	"在所有 `exact` 规则中进行区分大小写的完整字符串匹配。"	"在所有 `exact` 规则中进行区分大小写的完整字符串匹配。"	"ab41e875e4d2eed71821f04191fbf962311066e51c91a8af0594446079e98fb0"	"capacity-matching-and-fail-closed-behavior-candidate"	"unapproved-internal-derived-query-or-guidance-without-complete-approval-chain"	"8005-PACKAGE-capacity-matching-and-rule-governance"	"needs-loading-safety-owner-bound-data-source-and-explicit-approval"	"document-route:R11-candidate; unit-kind:markdown-flow-or-list-item; source-document-class:R11-D/A/I; ledger-history:Formed in 5718541 around the stated customer-table migration."	"EVID-R11-002"	"not-approved"	"responsible-loading-and-safety-owner;bound-MES-query-and-capacity-source;failure-path-validation;named-approver;approval-date;approved-scope;version-or-sha256-binding"
"R11-A0140"	"R11"	"R11-11"	"mes/reference/README.md"	"8860a80469bd0fb97f91112b7339199fa50b74243768ee4015c92a0479185f5c"	"line 20"	"PACKAGE / 花篮容量规则 > 匹配规则"	"没有精确命中时，再匹配字面 `prefix`；"	"没有精确命中时，再匹配字面 `prefix`；多个前缀同时命中时取最长前缀。"	"2433b6c00412435d8fc579bfaaef82360316aaea5bbcbbae4440a3ac720e8a8e"	"capacity-reference-data-behavior-candidate"	"unapproved-internal-derived-query-or-guidance-without-complete-approval-chain"	"8005-PACKAGE-capacity-matching-and-rule-governance"	"needs-capacity-source-scope-and-explicit-approval"	"document-route:R11-candidate; unit-kind:markdown-flow-or-list-item; source-document-class:R11-D/A/I; ledger-history:Formed in 5718541 around the stated customer-table migration."	"EVID-R11-002"	"not-approved"	"original-customer-capacity-table;row-by-row-migration-reconciliation;site-product-effective-period;named-approver;approval-date;approved-scope;version-or-sha256-binding"
"R11-A0141"	"R11"	"R11-11"	"mes/reference/README.md"	"8860a80469bd0fb97f91112b7339199fa50b74243768ee4015c92a0479185f5c"	"line 20"	"PACKAGE / 花篮容量规则 > 匹配规则"	"多个前缀同时命中时取最长前缀。"	"没有精确命中时，再匹配字面 `prefix`；多个前缀同时命中时取最长前缀。"	"750ae0c6838d53b21c6727f09390e02aa548948f3650a3c64ed85aae697443d6"	"capacity-matching-and-fail-closed-behavior-candidate"	"unapproved-internal-derived-query-or-guidance-without-complete-approval-chain"	"8005-PACKAGE-capacity-matching-and-rule-governance"	"needs-loading-safety-owner-bound-data-source-and-explicit-approval"	"document-route:R11-candidate; unit-kind:markdown-flow-or-list-item; source-document-class:R11-D/A/I; ledger-history:Formed in 5718541 around the stated customer-table migration."	"EVID-R11-002"	"not-approved"	"responsible-loading-and-safety-owner;bound-MES-query-and-capacity-source;failure-path-validation;named-approver;approval-date;approved-scope;version-or-sha256-binding"
"R11-A0142"	"R11"	"R11-11"	"mes/reference/README.md"	"8860a80469bd0fb97f91112b7339199fa50b74243768ee4015c92a0479185f5c"	"line 21"	"PACKAGE / 花篮容量规则 > 匹配规则"	"`TOLL-` 是显式前缀且容量为 3，只匹配以 `TOLL-`（含连字符）开头的值。"	"`TOLL-` 是显式前缀且容量为 3，只匹配以 `TOLL-`（含连字符）开头的值。"	"099ad53c2c695b87551204fa54e92abf23b15cc3c3312da39297a566cf4dee50"	"capacity-matching-and-fail-closed-behavior-candidate"	"unapproved-internal-derived-query-or-guidance-without-complete-approval-chain"	"8005-PACKAGE-capacity-matching-and-rule-governance"	"needs-loading-safety-owner-bound-data-source-and-explicit-approval"	"document-route:R11-candidate; unit-kind:markdown-flow-or-list-item; source-document-class:R11-D/A/I; ledger-history:Formed in 5718541 around the stated customer-table migration."	"EVID-R11-002,SCOPE-R11-001"	"not-approved"	"responsible-loading-and-safety-owner;bound-MES-query-and-capacity-source;failure-path-validation;named-approver;approval-date;approved-scope;version-or-sha256-binding"
"R11-A0143"	"R11"	"R11-11"	"mes/reference/README.md"	"8860a80469bd0fb97f91112b7339199fa50b74243768ee4015c92a0479185f5c"	"line 22"	"PACKAGE / 花篮容量规则 > 匹配规则"	"因此 `TOLL-8L` 命中，而 `TOLL`、`TOLLX` 均不命中。"	"因此 `TOLL-8L` 命中，而 `TOLL`、`TOLLX` 均不命中。"	"f78d113de1f569566a4b1bba6943a95f69ab574594391f0f713adfe14de536bc"	"capacity-matching-and-fail-closed-behavior-candidate"	"unapproved-internal-derived-query-or-guidance-without-complete-approval-chain"	"8005-PACKAGE-capacity-matching-and-rule-governance"	"needs-loading-safety-owner-bound-data-source-and-explicit-approval"	"document-route:R11-candidate; unit-kind:markdown-paragraph; source-document-class:R11-D/A/I; ledger-history:Formed in 5718541 around the stated customer-table migration."	"EVID-R11-002,SCOPE-R11-001"	"not-approved"	"responsible-loading-and-safety-owner;bound-MES-query-and-capacity-source;failure-path-validation;named-approver;approval-date;approved-scope;version-or-sha256-binding"
"R11-A0144"	"R11"	"R11-11"	"mes/reference/README.md"	"8860a80469bd0fb97f91112b7339199fa50b74243768ee4015c92a0479185f5c"	"line 23"	"PACKAGE / 花篮容量规则 > 匹配规则"	"禁止模糊匹配、相似匹配、通配符和从相近封装形式继承容量。"	"禁止模糊匹配、相似匹配、通配符和从相近封装形式继承容量。"	"9520e2ebf6a8515aeca2a996e550acd3a2b45b88488e62831400d21cea69733c"	"capacity-matching-and-fail-closed-behavior-candidate"	"unapproved-internal-derived-query-or-guidance-without-complete-approval-chain"	"8005-PACKAGE-capacity-matching-and-rule-governance"	"needs-loading-safety-owner-bound-data-source-and-explicit-approval"	"document-route:R11-candidate; unit-kind:markdown-flow-or-list-item; source-document-class:R11-D/A/I; ledger-history:Formed in 5718541 around the stated customer-table migration."	"EVID-R11-002,SCOPE-R11-001"	"not-approved"	"responsible-loading-and-safety-owner;bound-MES-query-and-capacity-source;failure-path-validation;named-approver;approval-date;approved-scope;version-or-sha256-binding"
"R11-A0145"	"R11"	"R11-11"	"mes/reference/README.md"	"8860a80469bd0fb97f91112b7339199fa50b74243768ee4015c92a0479185f5c"	"line 24"	"PACKAGE / 花篮容量规则 > 匹配规则"	"未命中值必须保留为未匹配，不能推断容量。"	"未命中值必须保留为未匹配，不能推断容量。"	"15a0781f0ad618f46133682cfcf1856476fc2e4a32abb582e29c506ebdabe0ac"	"capacity-matching-and-fail-closed-behavior-candidate"	"unapproved-internal-derived-query-or-guidance-without-complete-approval-chain"	"8005-PACKAGE-capacity-matching-and-rule-governance"	"needs-loading-safety-owner-bound-data-source-and-explicit-approval"	"document-route:R11-candidate; unit-kind:markdown-paragraph; source-document-class:R11-D/A/I; ledger-history:Formed in 5718541 around the stated customer-table migration."	"EVID-R11-002,SCOPE-R11-001"	"not-approved"	"responsible-loading-and-safety-owner;bound-MES-query-and-capacity-source;failure-path-validation;named-approver;approval-date;approved-scope;version-or-sha256-binding"
"R11-A0146"	"R11"	"R11-11"	"mes/reference/README.md"	"8860a80469bd0fb97f91112b7339199fa50b74243768ee4015c92a0479185f5c"	"line 26"	"PACKAGE / 花篮容量规则 > 匹配规则"	"精确匹配始终优先于前缀匹配，即使前缀更长或在 CSV 中排在更前。"	"精确匹配始终优先于前缀匹配，即使前缀更长或在 CSV 中排在更前。"	"46c67849b50e9949e5a1057ba97d9a53da1d30f4db0c1febc96a67839c858422"	"capacity-matching-and-fail-closed-behavior-candidate"	"unapproved-internal-derived-query-or-guidance-without-complete-approval-chain"	"8005-PACKAGE-capacity-matching-and-rule-governance"	"needs-loading-safety-owner-bound-data-source-and-explicit-approval"	"document-route:R11-candidate; unit-kind:markdown-paragraph; source-document-class:R11-D/A/I; ledger-history:Formed in 5718541 around the stated customer-table migration."	"EVID-R11-002"	"not-approved"	"responsible-loading-and-safety-owner;bound-MES-query-and-capacity-source;failure-path-validation;named-approver;approval-date;approved-scope;version-or-sha256-binding"
"R11-A0147"	"R11"	"R11-11"	"mes/reference/README.md"	"8860a80469bd0fb97f91112b7339199fa50b74243768ee4015c92a0479185f5c"	"line 30"	"PACKAGE / 花篮容量规则 > 校验与生成视图"	"从仓库根目录运行："	"从仓库根目录运行："	"30ca865efd59cd66dd38d303cb194d5732a8a68b3f3c02e4edf43814225dc3ad"	"capacity-rule-local-tooling-or-generated-view-design"	"unapproved-internal-derived-query-or-guidance-without-complete-approval-chain"	"8005-PACKAGE-capacity-matching-and-rule-governance"	"exclude-from-requirement-approval"	"document-route:R11-candidate; unit-kind:markdown-paragraph; source-document-class:R11-D/A/I; ledger-history:Formed in 5718541 around the stated customer-table migration."	"EVID-R11-002"	"not-approved"	"authoritative-requirement-source-if-behavior-is-required;separate-query-or-tooling-design-review;named-approver;approval-date;approved-scope;version-or-sha256-binding"
"R11-A0148"	"R11"	"R11-11"	"mes/reference/README.md"	"8860a80469bd0fb97f91112b7339199fa50b74243768ee4015c92a0479185f5c"	"line 36"	"PACKAGE / 花篮容量规则 > 校验与生成视图"	"也可以直接运行："	"也可以直接运行："	"bf296689646f5f3472de37827761cf885ff627442874bcfe0fc3b22839c179ea"	"capacity-rule-local-tooling-or-generated-view-design"	"unapproved-internal-derived-query-or-guidance-without-complete-approval-chain"	"8005-PACKAGE-capacity-matching-and-rule-governance"	"exclude-from-requirement-approval"	"document-route:R11-candidate; unit-kind:markdown-paragraph; source-document-class:R11-D/A/I; ledger-history:Formed in 5718541 around the stated customer-table migration."	"EVID-R11-002"	"not-approved"	"authoritative-requirement-source-if-behavior-is-required;separate-query-or-tooling-design-review;named-approver;approval-date;approved-scope;version-or-sha256-binding"
"R11-A0149"	"R11"	"R11-11"	"mes/reference/README.md"	"8860a80469bd0fb97f91112b7339199fa50b74243768ee4015c92a0479185f5c"	"lines 42-43"	"PACKAGE / 花篮容量规则 > 校验与生成视图"	"命令会严格校验 CSV，并重建 `mes/reference/package-basket-capacity.md`。"	"命令会严格校验 CSV，并重建 `mes/reference/package-basket-capacity.md`。该 Markdown 仅供审阅，不是规则源。"	"956f24db93b3a67f2934c835dfb5a34873a08f5a1f7ae497f46c0ea184c2b425"	"capacity-rule-local-tooling-or-generated-view-design"	"unapproved-internal-derived-query-or-guidance-without-complete-approval-chain"	"8005-PACKAGE-capacity-matching-and-rule-governance"	"exclude-from-requirement-approval"	"document-route:R11-candidate; unit-kind:markdown-paragraph; source-document-class:R11-D/A/I; ledger-history:Formed in 5718541 around the stated customer-table migration."	"EVID-R11-002"	"not-approved"	"authoritative-requirement-source-if-behavior-is-required;separate-query-or-tooling-design-review;named-approver;approval-date;approved-scope;version-or-sha256-binding"
"R11-A0150"	"R11"	"R11-11"	"mes/reference/README.md"	"8860a80469bd0fb97f91112b7339199fa50b74243768ee4015c92a0479185f5c"	"lines 42-43"	"PACKAGE / 花篮容量规则 > 校验与生成视图"	"该 Markdown 仅供审阅，不是规则源。"	"命令会严格校验 CSV，并重建 `mes/reference/package-basket-capacity.md`。该 Markdown 仅供审阅，不是规则源。"	"0aab776ced57778dedd9f86bf384fbac820760bd304e7a6952c17c9134733a98"	"capacity-rule-local-tooling-or-generated-view-design"	"unapproved-internal-derived-query-or-guidance-without-complete-approval-chain"	"8005-PACKAGE-capacity-matching-and-rule-governance"	"exclude-from-requirement-approval"	"document-route:R11-candidate; unit-kind:markdown-paragraph; source-document-class:R11-D/A/I; ledger-history:Formed in 5718541 around the stated customer-table migration."	"EVID-R11-002"	"not-approved"	"authoritative-requirement-source-if-behavior-is-required;separate-query-or-tooling-design-review;named-approver;approval-date;approved-scope;version-or-sha256-binding"
