"candidate_id"	"batch_id"	"source_record_id"	"source_path"	"source_sha256"	"exact_location"	"section_path"	"statement_text"	"source_context"	"statement_fingerprint"	"candidate_class"	"source_claim_status"	"applicable_scope"	"baseline_route"	"duplicate_or_derivation"	"conflict_pointer"	"approval_state"	"approval_gap"
"R12-A0001"	"R12"	"R12-17"	".scratch/mes-ingest-phase-1/spec.md"	"0119b0f6b64658928f5f01f5c600dd7cd2d0199f6f30b1a9407620fd2b251f90"	"line 3"	"MesIngest Phase 1"	"Status: ready-for-agent"	"Status: ready-for-agent"	"8a27b57758f426729b77fe7b6419fadb9ce28159f9ce1576f62dc44155aa7d14"	"source-status-test-or-implementation-history-evidence"	"ready-for-agent-internal-implementation-spec-without-four-factor-requirement-approval"	"historical-MesIngest-phase-1-scope-current-applicability-needs-source-binding-and-reapproval"	"evidence-only"	"document-route:R12-candidate; unit-kind:markdown-paragraph; source-document-class:R12-SPEC-MIXED; current-applicability:MesIngest Phase 1 implementation spec; possible decision summaries are mixed with architecture, defaults, UI/API and delivery design.; ledger-history:Created from internal planning and upstream MES/ADR material; ready-for-agent or confirmed wording is not a four-element approval record.; upstream-reference:no-explicit-upstream-reference-in-atomic-unit"	"BOUND-R12-001"	"not-approved"	"evidence-only-not-an-approval-unit;named-approver;approval-date;approved-scope;version-or-sha256-binding"
"R12-A0002"	"R12"	"R12-17"	".scratch/mes-ingest-phase-1/spec.md"	"0119b0f6b64658928f5f01f5c600dd7cd2d0199f6f30b1a9407620fd2b251f90"	"line 5"	"MesIngest Phase 1"	"Seams (confirmed): B — core `TransportDemandReconciler` + read-only HTTP API; snapshot source replaceable internally (Oracle / file / fake) for factory-copy workflow."	"Seams (confirmed): B — core `TransportDemandReconciler` + read-only HTTP API; snapshot source replaceable internally (Oracle / file / fake) for factory-copy workflow."	"5090682c4f7f4fae6fd130986027209739010ce28f78fe68a364bf4487ebe878"	"read-api-or-downstream-sync-contract-candidate"	"ready-for-agent-internal-implementation-spec-without-four-factor-requirement-approval"	"historical-MesIngest-phase-1-scope-current-applicability-needs-source-binding-and-reapproval"	"needs-interface-owner-and-explicit-approval"	"document-route:R12-candidate; unit-kind:markdown-paragraph; source-document-class:R12-SPEC-MIXED; current-applicability:MesIngest Phase 1 implementation spec; possible decision summaries are mixed with architecture, defaults, UI/API and delivery design.; ledger-history:Created from internal planning and upstream MES/ADR material; ready-for-agent or confirmed wording is not a four-element approval record.; upstream-reference:no-explicit-upstream-reference-in-atomic-unit"	"BOUND-R12-001,CF-R01-002"	"not-approved"	"responsible-interface-owner;consumer-and-compatibility-scope;named-approver;approval-date;approved-scope;version-or-sha256-binding"
"R12-A0003"	"R12"	"R12-17"	".scratch/mes-ingest-phase-1/spec.md"	"0119b0f6b64658928f5f01f5c600dd7cd2d0199f6f30b1a9407620fd2b251f90"	"line 9"	"MesIngest Phase 1 > Problem Statement"	"现场需要先稳定拿到 MES 运输候选并盯盘核验，但不能等完整派车/装载/运送状态机做完。"	"现场需要先稳定拿到 MES 运输候选并盯盘核验，但不能等完整派车/装载/运送状态机做完。开发机连不上工厂 MES Oracle，只能把程序拷到工厂机验证；因此必须能在本地用已核验快照推进接入逻辑，并在工厂机做真实连通与人工核验。当前若把对账与调度绑在同一模块，会阻塞第一期交付。"	"d1183cdc155631f02727bc56401c4f3e5ab221411952f5af334259adee60cc2a"	"operator-watch-ux-and-operability-candidate"	"ready-for-agent-internal-implementation-spec-without-four-factor-requirement-approval"	"historical-MesIngest-phase-1-scope-current-applicability-needs-source-binding-and-reapproval"	"needs-operator-product-owner-and-explicit-approval"	"document-route:R12-candidate; unit-kind:markdown-paragraph; source-document-class:R12-SPEC-MIXED; current-applicability:MesIngest Phase 1 implementation spec; possible decision summaries are mixed with architecture, defaults, UI/API and delivery design.; ledger-history:Created from internal planning and upstream MES/ADR material; ready-for-agent or confirmed wording is not a four-element approval record.; upstream-reference:no-explicit-upstream-reference-in-atomic-unit"	"BOUND-R12-001"	"not-approved"	"operator-workflow-owner;approved-usability-and-operability-scope;named-approver;approval-date;approved-scope;version-or-sha256-binding"
"R12-A0004"	"R12"	"R12-17"	".scratch/mes-ingest-phase-1/spec.md"	"0119b0f6b64658928f5f01f5c600dd7cd2d0199f6f30b1a9407620fd2b251f90"	"line 9"	"MesIngest Phase 1 > Problem Statement"	"开发机连不上工厂 MES Oracle，只能把程序拷到工厂机验证；"	"现场需要先稳定拿到 MES 运输候选并盯盘核验，但不能等完整派车/装载/运送状态机做完。开发机连不上工厂 MES Oracle，只能把程序拷到工厂机验证；因此必须能在本地用已核验快照推进接入逻辑，并在工厂机做真实连通与人工核验。当前若把对账与调度绑在同一模块，会阻塞第一期交付。"	"c418f09ba29c9b11fa8b93f043dae4e4e2a0f91e40aa73cf53c040fae4845c39"	"factory-or-product-acceptance-condition-candidate"	"ready-for-agent-internal-implementation-spec-without-four-factor-requirement-approval"	"historical-MesIngest-phase-1-scope-current-applicability-needs-source-binding-and-reapproval"	"needs-acceptance-owner-and-explicit-approval"	"document-route:R12-candidate; unit-kind:markdown-paragraph; source-document-class:R12-SPEC-MIXED; current-applicability:MesIngest Phase 1 implementation spec; possible decision summaries are mixed with architecture, defaults, UI/API and delivery design.; ledger-history:Created from internal planning and upstream MES/ADR material; ready-for-agent or confirmed wording is not a four-element approval record.; upstream-reference:R11-factory-run-and-query-evidence"	"BOUND-R12-001,RES-R11-001,BOUND-R11-001"	"not-approved"	"responsible-acceptance-owner;approved-test-object-environment-and-evidence-package;named-approver;approval-date;approved-scope;version-or-sha256-binding"
"R12-A0005"	"R12"	"R12-17"	".scratch/mes-ingest-phase-1/spec.md"	"0119b0f6b64658928f5f01f5c600dd7cd2d0199f6f30b1a9407620fd2b251f90"	"line 9"	"MesIngest Phase 1 > Problem Statement"	"因此必须能在本地用已核验快照推进接入逻辑，并在工厂机做真实连通与人工核验。"	"现场需要先稳定拿到 MES 运输候选并盯盘核验，但不能等完整派车/装载/运送状态机做完。开发机连不上工厂 MES Oracle，只能把程序拷到工厂机验证；因此必须能在本地用已核验快照推进接入逻辑，并在工厂机做真实连通与人工核验。当前若把对账与调度绑在同一模块，会阻塞第一期交付。"	"872346fcc31b508af631a71c5960b5bb479cbdd197f8e470097fca4378e5d0f2"	"historical-product-capability-or-operational-behavior-candidate"	"ready-for-agent-internal-implementation-spec-without-four-factor-requirement-approval"	"historical-MesIngest-phase-1-scope-current-applicability-needs-source-binding-and-reapproval"	"needs-product-owner-and-explicit-approval"	"document-route:R12-candidate; unit-kind:markdown-paragraph; source-document-class:R12-SPEC-MIXED; current-applicability:MesIngest Phase 1 implementation spec; possible decision summaries are mixed with architecture, defaults, UI/API and delivery design.; ledger-history:Created from internal planning and upstream MES/ADR material; ready-for-agent or confirmed wording is not a four-element approval record.; upstream-reference:no-explicit-upstream-reference-in-atomic-unit"	"BOUND-R12-001"	"not-approved"	"approved-product-scope-source;responsible-product-owner;named-approver;approval-date;approved-scope;version-or-sha256-binding"
"R12-A0006"	"R12"	"R12-17"	".scratch/mes-ingest-phase-1/spec.md"	"0119b0f6b64658928f5f01f5c600dd7cd2d0199f6f30b1a9407620fd2b251f90"	"line 9"	"MesIngest Phase 1 > Problem Statement"	"当前若把对账与调度绑在同一模块，会阻塞第一期交付。"	"现场需要先稳定拿到 MES 运输候选并盯盘核验，但不能等完整派车/装载/运送状态机做完。开发机连不上工厂 MES Oracle，只能把程序拷到工厂机验证；因此必须能在本地用已核验快照推进接入逻辑，并在工厂机做真实连通与人工核验。当前若把对账与调度绑在同一模块，会阻塞第一期交付。"	"3925e550e7323fd4f25551899529d80287dcd55f135d858a7f2cf95d50391640"	"historical-product-capability-or-operational-behavior-candidate"	"ready-for-agent-internal-implementation-spec-without-four-factor-requirement-approval"	"historical-MesIngest-phase-1-scope-current-applicability-needs-source-binding-and-reapproval"	"needs-product-owner-and-explicit-approval"	"document-route:R12-candidate; unit-kind:markdown-paragraph; source-document-class:R12-SPEC-MIXED; current-applicability:MesIngest Phase 1 implementation spec; possible decision summaries are mixed with architecture, defaults, UI/API and delivery design.; ledger-history:Created from internal planning and upstream MES/ADR material; ready-for-agent or confirmed wording is not a four-element approval record.; upstream-reference:no-explicit-upstream-reference-in-atomic-unit"	"BOUND-R12-001"	"not-approved"	"approved-product-scope-source;responsible-product-owner;named-approver;approval-date;approved-scope;version-or-sha256-binding"
"R12-A0007"	"R12"	"R12-17"	".scratch/mes-ingest-phase-1/spec.md"	"0119b0f6b64658928f5f01f5c600dd7cd2d0199f6f30b1a9407620fd2b251f90"	"line 13"	"MesIngest Phase 1 > Solution"	"交付独立的 **MesIngest（MES 任务接入）**：Windows Service 常驻轮询只读 `MES_TASK_UNION`，对账并投影为带稳定 `DemandId` 的 **TransportDemand**（`VISIBLE` / `GONE`），写入 SQL Server；"	"交付独立的 **MesIngest（MES 任务接入）**：Windows Service 常驻轮询只读 `MES_TASK_UNION`，对账并投影为带稳定 `DemandId` 的 **TransportDemand**（`VISIBLE` / `GONE`），写入 SQL Server；经本机 Kestrel **只读 HTTP** 供 WPF 盯盘与外部程序共用读取。关闭 WPF 不停 Service。一期不做派车、装载、运送与人工永久抑制。"	"debb372ef6dfc27ea36e414665ff4f579e12ba93e23155a4f799d2c08c3a1523"	"embedded-local-technical-design-or-test-decision"	"ready-for-agent-internal-implementation-spec-without-four-factor-requirement-approval"	"historical-MesIngest-phase-1-scope-current-applicability-needs-source-binding-and-reapproval"	"exclude-from-requirement-approval"	"document-route:R12-candidate; unit-kind:markdown-paragraph; source-document-class:R12-SPEC-MIXED; current-applicability:MesIngest Phase 1 implementation spec; possible decision summaries are mixed with architecture, defaults, UI/API and delivery design.; ledger-history:Created from internal planning and upstream MES/ADR material; ready-for-agent or confirmed wording is not a four-element approval record.; upstream-reference:ADR-mes-0007,MES_TASK_UNION-query-materials"	"BOUND-R12-001,CF-R01-001,CF-R01-002,RES-R11-001,BOUND-R11-001"	"not-approved"	"authoritative-requirement-source-if-behavior-is-required;separate-technical-decision-review;named-approver;approval-date;approved-scope;version-or-sha256-binding"
"R12-A0008"	"R12"	"R12-17"	".scratch/mes-ingest-phase-1/spec.md"	"0119b0f6b64658928f5f01f5c600dd7cd2d0199f6f30b1a9407620fd2b251f90"	"line 13"	"MesIngest Phase 1 > Solution"	"经本机 Kestrel **只读 HTTP** 供 WPF 盯盘与外部程序共用读取。"	"交付独立的 **MesIngest（MES 任务接入）**：Windows Service 常驻轮询只读 `MES_TASK_UNION`，对账并投影为带稳定 `DemandId` 的 **TransportDemand**（`VISIBLE` / `GONE`），写入 SQL Server；经本机 Kestrel **只读 HTTP** 供 WPF 盯盘与外部程序共用读取。关闭 WPF 不停 Service。一期不做派车、装载、运送与人工永久抑制。"	"607951d5f8927c8d253dcd59d8a2f7c9e62ef9eb634ec2fc0da2521ca75b53c8"	"embedded-local-technical-design-or-test-decision"	"ready-for-agent-internal-implementation-spec-without-four-factor-requirement-approval"	"historical-MesIngest-phase-1-scope-current-applicability-needs-source-binding-and-reapproval"	"exclude-from-requirement-approval"	"document-route:R12-candidate; unit-kind:markdown-paragraph; source-document-class:R12-SPEC-MIXED; current-applicability:MesIngest Phase 1 implementation spec; possible decision summaries are mixed with architecture, defaults, UI/API and delivery design.; ledger-history:Created from internal planning and upstream MES/ADR material; ready-for-agent or confirmed wording is not a four-element approval record.; upstream-reference:ADR-mes-0007"	"BOUND-R12-001,CF-R01-002"	"not-approved"	"authoritative-requirement-source-if-behavior-is-required;separate-technical-decision-review;named-approver;approval-date;approved-scope;version-or-sha256-binding"
"R12-A0009"	"R12"	"R12-17"	".scratch/mes-ingest-phase-1/spec.md"	"0119b0f6b64658928f5f01f5c600dd7cd2d0199f6f30b1a9407620fd2b251f90"	"line 13"	"MesIngest Phase 1 > Solution"	"关闭 WPF 不停 Service。"	"交付独立的 **MesIngest（MES 任务接入）**：Windows Service 常驻轮询只读 `MES_TASK_UNION`，对账并投影为带稳定 `DemandId` 的 **TransportDemand**（`VISIBLE` / `GONE`），写入 SQL Server；经本机 Kestrel **只读 HTTP** 供 WPF 盯盘与外部程序共用读取。关闭 WPF 不停 Service。一期不做派车、装载、运送与人工永久抑制。"	"9f5d9e3ed30ac719fba82e4844d0f3a587bc291630e6ae3d54dcab068a2ad280"	"embedded-local-technical-design-or-test-decision"	"ready-for-agent-internal-implementation-spec-without-four-factor-requirement-approval"	"historical-MesIngest-phase-1-scope-current-applicability-needs-source-binding-and-reapproval"	"exclude-from-requirement-approval"	"document-route:R12-candidate; unit-kind:markdown-paragraph; source-document-class:R12-SPEC-MIXED; current-applicability:MesIngest Phase 1 implementation spec; possible decision summaries are mixed with architecture, defaults, UI/API and delivery design.; ledger-history:Created from internal planning and upstream MES/ADR material; ready-for-agent or confirmed wording is not a four-element approval record.; upstream-reference:ADR-mes-0007"	"BOUND-R12-001"	"not-approved"	"authoritative-requirement-source-if-behavior-is-required;separate-technical-decision-review;named-approver;approval-date;approved-scope;version-or-sha256-binding"
"R12-A0010"	"R12"	"R12-17"	".scratch/mes-ingest-phase-1/spec.md"	"0119b0f6b64658928f5f01f5c600dd7cd2d0199f6f30b1a9407620fd2b251f90"	"line 13"	"MesIngest Phase 1 > Solution"	"一期不做派车、装载、运送与人工永久抑制。"	"交付独立的 **MesIngest（MES 任务接入）**：Windows Service 常驻轮询只读 `MES_TASK_UNION`，对账并投影为带稳定 `DemandId` 的 **TransportDemand**（`VISIBLE` / `GONE`），写入 SQL Server；经本机 Kestrel **只读 HTTP** 供 WPF 盯盘与外部程序共用读取。关闭 WPF 不停 Service。一期不做派车、装载、运送与人工永久抑制。"	"fdd81da013214e57aa481a9cf9a8a84a9f8f422bf0fe8f8927f050051572d2a4"	"transport-demand-lifecycle-business-rule-candidate"	"ready-for-agent-internal-implementation-spec-without-four-factor-requirement-approval"	"historical-MesIngest-phase-1-scope-current-applicability-needs-source-binding-and-reapproval"	"needs-business-owner-and-explicit-approval"	"document-route:R12-candidate; unit-kind:markdown-paragraph; source-document-class:R12-SPEC-MIXED; current-applicability:MesIngest Phase 1 implementation spec; possible decision summaries are mixed with architecture, defaults, UI/API and delivery design.; ledger-history:Created from internal planning and upstream MES/ADR material; ready-for-agent or confirmed wording is not a four-element approval record.; upstream-reference:no-explicit-upstream-reference-in-atomic-unit"	"BOUND-R12-001,CF-R01-001"	"not-approved"	"authoritative-business-source;responsible-business-owner;named-approver;approval-date;approved-scope;version-or-sha256-binding"
"R12-A0011"	"R12"	"R12-17"	".scratch/mes-ingest-phase-1/spec.md"	"0119b0f6b64658928f5f01f5c600dd7cd2d0199f6f30b1a9407620fd2b251f90"	"line 17"	"MesIngest Phase 1 > User Stories"	"As a factory operator, I want a always-on service that keeps polling MES without me opening a window, so that transport demands stay current even when the watch UI is closed."	"As a factory operator, I want a always-on service that keeps polling MES without me opening a window, so that transport demands stay current even when the watch UI is closed."	"8895f6a25592bd9d9505aec92b23b381d224a6cbfc6d27019dedb2d6c0eea272"	"operator-watch-ux-and-operability-candidate"	"ready-for-agent-internal-implementation-spec-without-four-factor-requirement-approval"	"historical-MesIngest-phase-1-scope-current-applicability-needs-source-binding-and-reapproval"	"needs-operator-product-owner-and-explicit-approval"	"document-route:R12-candidate; unit-kind:markdown-flow-or-list-item; source-document-class:R12-SPEC-MIXED; current-applicability:MesIngest Phase 1 implementation spec; possible decision summaries are mixed with architecture, defaults, UI/API and delivery design.; ledger-history:Created from internal planning and upstream MES/ADR material; ready-for-agent or confirmed wording is not a four-element approval record.; upstream-reference:no-explicit-upstream-reference-in-atomic-unit"	"BOUND-R12-001"	"not-approved"	"operator-workflow-owner;approved-usability-and-operability-scope;named-approver;approval-date;approved-scope;version-or-sha256-binding"
"R12-A0012"	"R12"	"R12-17"	".scratch/mes-ingest-phase-1/spec.md"	"0119b0f6b64658928f5f01f5c600dd7cd2d0199f6f30b1a9407620fd2b251f90"	"line 18"	"MesIngest Phase 1 > User Stories"	"As a factory operator, I want a WPF watch screen showing current VISIBLE TransportDemands, so that I can see what MES currently implies without waiting for dispatch."	"As a factory operator, I want a WPF watch screen showing current VISIBLE TransportDemands, so that I can see what MES currently implies without waiting for dispatch."	"9e404f1366e660153a955af624595d9efc0ab28409124bdf3aaf229d31b6e6a2"	"transport-demand-lifecycle-business-rule-candidate"	"ready-for-agent-internal-implementation-spec-without-four-factor-requirement-approval"	"historical-MesIngest-phase-1-scope-current-applicability-needs-source-binding-and-reapproval"	"needs-business-owner-and-explicit-approval"	"document-route:R12-candidate; unit-kind:markdown-flow-or-list-item; source-document-class:R12-SPEC-MIXED; current-applicability:MesIngest Phase 1 implementation spec; possible decision summaries are mixed with architecture, defaults, UI/API and delivery design.; ledger-history:Created from internal planning and upstream MES/ADR material; ready-for-agent or confirmed wording is not a four-element approval record.; upstream-reference:ADR-mes-0007"	"BOUND-R12-001"	"not-approved"	"authoritative-business-source;responsible-business-owner;named-approver;approval-date;approved-scope;version-or-sha256-binding"
"R12-A0013"	"R12"	"R12-17"	".scratch/mes-ingest-phase-1/spec.md"	"0119b0f6b64658928f5f01f5c600dd7cd2d0199f6f30b1a9407620fd2b251f90"	"line 19"	"MesIngest Phase 1 > User Stories"	"As a factory operator, I want the watch screen to show GONE demands and recent disappearals, so that I can understand what left the MES snapshot."	"As a factory operator, I want the watch screen to show GONE demands and recent disappearals, so that I can understand what left the MES snapshot."	"e9cf493bf98bd501f0031fd2b75bd1ffc5cbac0aca94066178b385cbba6f1be1"	"transport-demand-lifecycle-business-rule-candidate"	"ready-for-agent-internal-implementation-spec-without-four-factor-requirement-approval"	"historical-MesIngest-phase-1-scope-current-applicability-needs-source-binding-and-reapproval"	"needs-business-owner-and-explicit-approval"	"document-route:R12-candidate; unit-kind:markdown-flow-or-list-item; source-document-class:R12-SPEC-MIXED; current-applicability:MesIngest Phase 1 implementation spec; possible decision summaries are mixed with architecture, defaults, UI/API and delivery design.; ledger-history:Created from internal planning and upstream MES/ADR material; ready-for-agent or confirmed wording is not a four-element approval record.; upstream-reference:no-explicit-upstream-reference-in-atomic-unit"	"BOUND-R12-001"	"not-approved"	"authoritative-business-source;responsible-business-owner;named-approver;approval-date;approved-scope;version-or-sha256-binding"
"R12-A0014"	"R12"	"R12-17"	".scratch/mes-ingest-phase-1/spec.md"	"0119b0f6b64658928f5f01f5c600dd7cd2d0199f6f30b1a9407620fd2b251f90"	"line 20"	"MesIngest Phase 1 > User Stories"	"As a factory operator, I want to see the last poll start/end time, duration, row count, and success/failure, so that I know whether ingest is healthy."	"As a factory operator, I want to see the last poll start/end time, duration, row count, and success/failure, so that I know whether ingest is healthy."	"9118ddf3f7025032b97faa4c69e03be75f6bd48a3671b7d02e0d8c8d4a068487"	"operator-watch-ux-and-operability-candidate"	"ready-for-agent-internal-implementation-spec-without-four-factor-requirement-approval"	"historical-MesIngest-phase-1-scope-current-applicability-needs-source-binding-and-reapproval"	"needs-operator-product-owner-and-explicit-approval"	"document-route:R12-candidate; unit-kind:markdown-flow-or-list-item; source-document-class:R12-SPEC-MIXED; current-applicability:MesIngest Phase 1 implementation spec; possible decision summaries are mixed with architecture, defaults, UI/API and delivery design.; ledger-history:Created from internal planning and upstream MES/ADR material; ready-for-agent or confirmed wording is not a four-element approval record.; upstream-reference:no-explicit-upstream-reference-in-atomic-unit"	"BOUND-R12-001"	"not-approved"	"operator-workflow-owner;approved-usability-and-operability-scope;named-approver;approval-date;approved-scope;version-or-sha256-binding"
"R12-A0015"	"R12"	"R12-17"	".scratch/mes-ingest-phase-1/spec.md"	"0119b0f6b64658928f5f01f5c600dd7cd2d0199f6f30b1a9407620fd2b251f90"	"line 21"	"MesIngest Phase 1 > User Stories"	"As a factory operator, I want alerts for query failure, field drift, duplicate keys, zero-drop pause, and reappear-after-GONE, so that I can intervene or escalate to IT."	"As a factory operator, I want alerts for query failure, field drift, duplicate keys, zero-drop pause, and reappear-after-GONE, so that I can intervene or escalate to IT."	"ee200c567eeb8f5519aace86e539461589e748d5f995b731fc880947dcf9db87"	"incident-alert-and-operability-semantics-candidate"	"ready-for-agent-internal-implementation-spec-without-four-factor-requirement-approval"	"historical-MesIngest-phase-1-scope-current-applicability-needs-source-binding-and-reapproval"	"needs-operations-owner-and-explicit-approval"	"document-route:R12-candidate; unit-kind:markdown-flow-or-list-item; source-document-class:R12-SPEC-MIXED; current-applicability:MesIngest Phase 1 implementation spec; possible decision summaries are mixed with architecture, defaults, UI/API and delivery design.; ledger-history:Created from internal planning and upstream MES/ADR material; ready-for-agent or confirmed wording is not a four-element approval record.; upstream-reference:no-explicit-upstream-reference-in-atomic-unit"	"BOUND-R12-001,CF-R01-001"	"not-approved"	"responsible-operations-owner;incident-lifecycle-and-retention-scope;named-approver;approval-date;approved-scope;version-or-sha256-binding"
"R12-A0016"	"R12"	"R12-17"	".scratch/mes-ingest-phase-1/spec.md"	"0119b0f6b64658928f5f01f5c600dd7cd2d0199f6f30b1a9407620fd2b251f90"	"line 22"	"MesIngest Phase 1 > User Stories"	"As a factory operator, I want poll delay to be configurable (default wait after each completed poll), so that load on MES can be tuned without rebuilding."	"As a factory operator, I want poll delay to be configurable (default wait after each completed poll), so that load on MES can be tuned without rebuilding."	"1bd646b1a38bcee1028099b24d24218e93c4be9b3ba02cd4d95e960e8c2c4fd6"	"tunable-operational-default-candidate"	"ready-for-agent-internal-implementation-spec-without-four-factor-requirement-approval"	"historical-MesIngest-phase-1-scope-current-applicability-needs-source-binding-and-reapproval"	"needs-responsible-owner-and-explicit-approval"	"document-route:R12-candidate; unit-kind:markdown-flow-or-list-item; source-document-class:R12-SPEC-MIXED; current-applicability:MesIngest Phase 1 implementation spec; possible decision summaries are mixed with architecture, defaults, UI/API and delivery design.; ledger-history:Created from internal planning and upstream MES/ADR material; ready-for-agent or confirmed wording is not a four-element approval record.; upstream-reference:no-explicit-upstream-reference-in-atomic-unit"	"BOUND-R12-001"	"not-approved"	"responsible-owner-classification;authoritative-source;named-approver;approval-date;approved-scope;version-or-sha256-binding"
"R12-A0017"	"R12"	"R12-17"	".scratch/mes-ingest-phase-1/spec.md"	"0119b0f6b64658928f5f01f5c600dd7cd2d0199f6f30b1a9407620fd2b251f90"	"line 23"	"MesIngest Phase 1 > User Stories"	"As a dispatch developer, I want each TransportDemand to have a stable DemandId, so that a future dispatch system can attach its own state without reusing TASK_TYPE+SUBLOT as the external primary key."	"As a dispatch developer, I want each TransportDemand to have a stable DemandId, so that a future dispatch system can attach its own state without reusing TASK_TYPE+SUBLOT as the external primary key."	"23e2ef958ba88b9ff302b97370dd5bd3ef0f7cd6b561e711127cb4a06a33c484"	"demand-behavior-relying-on-external-mes-contract-candidate"	"ready-for-agent-internal-implementation-spec-without-four-factor-requirement-approval"	"historical-MesIngest-phase-1-scope-current-applicability-needs-source-binding-and-reapproval"	"needs-business-owner-bound-data-contract-and-explicit-approval"	"document-route:R12-candidate; unit-kind:markdown-flow-or-list-item; source-document-class:R12-SPEC-MIXED; current-applicability:MesIngest Phase 1 implementation spec; possible decision summaries are mixed with architecture, defaults, UI/API and delivery design.; ledger-history:Created from internal planning and upstream MES/ADR material; ready-for-agent or confirmed wording is not a four-element approval record.; upstream-reference:ADR-mes-0006"	"BOUND-R12-001,CF-R01-001"	"not-approved"	"authoritative-business-owner;bound-MES-environment-query-version-and-result-evidence;named-approver;approval-date;approved-scope;version-or-sha256-binding"
"R12-A0018"	"R12"	"R12-17"	".scratch/mes-ingest-phase-1/spec.md"	"0119b0f6b64658928f5f01f5c600dd7cd2d0199f6f30b1a9407620fd2b251f90"	"line 24"	"MesIngest Phase 1 > User Stories"	"As a dispatch developer, I want TASK_TYPE+SUBLOT used only as the reconcile key with at most one VISIBLE instance at a time, so that identity across rare process rollbacks stays unambiguous via new DemandIds."	"As a dispatch developer, I want TASK_TYPE+SUBLOT used only as the reconcile key with at most one VISIBLE instance at a time, so that identity across rare process rollbacks stays unambiguous via new DemandIds."	"11e3df54a7bc6244f3f9890f75a8599098cfa758155a31c1bc9ec9a78f7b6c7e"	"demand-behavior-relying-on-external-mes-contract-candidate"	"ready-for-agent-internal-implementation-spec-without-four-factor-requirement-approval"	"historical-MesIngest-phase-1-scope-current-applicability-needs-source-binding-and-reapproval"	"needs-business-owner-bound-data-contract-and-explicit-approval"	"document-route:R12-candidate; unit-kind:markdown-flow-or-list-item; source-document-class:R12-SPEC-MIXED; current-applicability:MesIngest Phase 1 implementation spec; possible decision summaries are mixed with architecture, defaults, UI/API and delivery design.; ledger-history:Created from internal planning and upstream MES/ADR material; ready-for-agent or confirmed wording is not a four-element approval record.; upstream-reference:no-explicit-upstream-reference-in-atomic-unit"	"BOUND-R12-001,CF-R01-001"	"not-approved"	"authoritative-business-owner;bound-MES-environment-query-version-and-result-evidence;named-approver;approval-date;approved-scope;version-or-sha256-binding"
"R12-A0019"	"R12"	"R12-17"	".scratch/mes-ingest-phase-1/spec.md"	"0119b0f6b64658928f5f01f5c600dd7cd2d0199f6f30b1a9407620fd2b251f90"	"line 25"	"MesIngest Phase 1 > User Stories"	"As a system, I want a new VISIBLE demand when a reconcile key first appears, freezing TASK_TYPE, SUBLOT, EQP, AREA, STEP, DATES, PACKAGE and other projected fields at first sight, so that later MES churn does not rewrite the demand."	"As a system, I want a new VISIBLE demand when a reconcile key first appears, freezing TASK_TYPE, SUBLOT, EQP, AREA, STEP, DATES, PACKAGE and other projected fields at first sight, so that later MES churn does not rewrite the demand."	"a2eeb71b945f65e23a75e592a7e41f3bd658c1492b4a634d83c905e5bee391d6"	"demand-behavior-relying-on-external-mes-contract-candidate"	"ready-for-agent-internal-implementation-spec-without-four-factor-requirement-approval"	"historical-MesIngest-phase-1-scope-current-applicability-needs-source-binding-and-reapproval"	"needs-business-owner-bound-data-contract-and-explicit-approval"	"document-route:R12-candidate; unit-kind:markdown-flow-or-list-item; source-document-class:R12-SPEC-MIXED; current-applicability:MesIngest Phase 1 implementation spec; possible decision summaries are mixed with architecture, defaults, UI/API and delivery design.; ledger-history:Created from internal planning and upstream MES/ADR material; ready-for-agent or confirmed wording is not a four-element approval record.; upstream-reference:no-explicit-upstream-reference-in-atomic-unit"	"BOUND-R12-001,CF-R01-001"	"not-approved"	"authoritative-business-owner;bound-MES-environment-query-version-and-result-evidence;named-approver;approval-date;approved-scope;version-or-sha256-binding"
"R12-A0020"	"R12"	"R12-17"	".scratch/mes-ingest-phase-1/spec.md"	"0119b0f6b64658928f5f01f5c600dd7cd2d0199f6f30b1a9407620fd2b251f90"	"line 26"	"MesIngest Phase 1 > User Stories"	"As a system, I want field drift on a still-VISIBLE demand to raise an alert without overwriting frozen fields, so that operators see MES inconsistency without changing the projected demand."	"As a system, I want field drift on a still-VISIBLE demand to raise an alert without overwriting frozen fields, so that operators see MES inconsistency without changing the projected demand."	"756b53229a72090a6c0ada7349ec31424b35074052ca8be7b3fccc97d122c5a8"	"incident-alert-and-operability-semantics-candidate"	"ready-for-agent-internal-implementation-spec-without-four-factor-requirement-approval"	"historical-MesIngest-phase-1-scope-current-applicability-needs-source-binding-and-reapproval"	"needs-operations-owner-and-explicit-approval"	"document-route:R12-candidate; unit-kind:markdown-flow-or-list-item; source-document-class:R12-SPEC-MIXED; current-applicability:MesIngest Phase 1 implementation spec; possible decision summaries are mixed with architecture, defaults, UI/API and delivery design.; ledger-history:Created from internal planning and upstream MES/ADR material; ready-for-agent or confirmed wording is not a four-element approval record.; upstream-reference:no-explicit-upstream-reference-in-atomic-unit"	"BOUND-R12-001"	"not-approved"	"responsible-operations-owner;incident-lifecycle-and-retention-scope;named-approver;approval-date;approved-scope;version-or-sha256-binding"
"R12-A0021"	"R12"	"R12-17"	".scratch/mes-ingest-phase-1/spec.md"	"0119b0f6b64658928f5f01f5c600dd7cd2d0199f6f30b1a9407620fd2b251f90"	"line 27"	"MesIngest Phase 1 > User Stories"	"As a system, I want mes_last_seen_at refreshed and disappear count reset when a VISIBLE demand still appears in a successful full snapshot, so that presence tracking stays accurate."	"As a system, I want mes_last_seen_at refreshed and disappear count reset when a VISIBLE demand still appears in a successful full snapshot, so that presence tracking stays accurate."	"4d10b13eaeb880d4ce56c1fdd1177874cdeca11b776dab3a996ce9881a2bf151"	"transport-demand-lifecycle-business-rule-candidate"	"ready-for-agent-internal-implementation-spec-without-four-factor-requirement-approval"	"historical-MesIngest-phase-1-scope-current-applicability-needs-source-binding-and-reapproval"	"needs-business-owner-and-explicit-approval"	"document-route:R12-candidate; unit-kind:markdown-flow-or-list-item; source-document-class:R12-SPEC-MIXED; current-applicability:MesIngest Phase 1 implementation spec; possible decision summaries are mixed with architecture, defaults, UI/API and delivery design.; ledger-history:Created from internal planning and upstream MES/ADR material; ready-for-agent or confirmed wording is not a four-element approval record.; upstream-reference:no-explicit-upstream-reference-in-atomic-unit"	"BOUND-R12-001"	"not-approved"	"authoritative-business-source;responsible-business-owner;named-approver;approval-date;approved-scope;version-or-sha256-binding"
"R12-A0022"	"R12"	"R12-17"	".scratch/mes-ingest-phase-1/spec.md"	"0119b0f6b64658928f5f01f5c600dd7cd2d0199f6f30b1a9407620fd2b251f90"	"line 28"	"MesIngest Phase 1 > User Stories"	"As a system, I want disappear counts to increment only after complete successful polls, so that timeouts and failures never fake disappearances."	"As a system, I want disappear counts to increment only after complete successful polls, so that timeouts and failures never fake disappearances."	"f0b93d4d626ab60fa2a58b5d19b05d0b4d04dca27504edf2a347f5f45483da27"	"transport-demand-lifecycle-business-rule-candidate"	"ready-for-agent-internal-implementation-spec-without-four-factor-requirement-approval"	"historical-MesIngest-phase-1-scope-current-applicability-needs-source-binding-and-reapproval"	"needs-business-owner-and-explicit-approval"	"document-route:R12-candidate; unit-kind:markdown-flow-or-list-item; source-document-class:R12-SPEC-MIXED; current-applicability:MesIngest Phase 1 implementation spec; possible decision summaries are mixed with architecture, defaults, UI/API and delivery design.; ledger-history:Created from internal planning and upstream MES/ADR material; ready-for-agent or confirmed wording is not a four-element approval record.; upstream-reference:no-explicit-upstream-reference-in-atomic-unit"	"BOUND-R12-001"	"not-approved"	"authoritative-business-source;responsible-business-owner;named-approver;approval-date;approved-scope;version-or-sha256-binding"
"R12-A0023"	"R12"	"R12-17"	".scratch/mes-ingest-phase-1/spec.md"	"0119b0f6b64658928f5f01f5c600dd7cd2d0199f6f30b1a9407620fd2b251f90"	"line 29"	"MesIngest Phase 1 > User Stories"	"As a system, I want a VISIBLE demand to become GONE after the configured consecutive successful absences (default 2), so that human carry-away and MES clearance are reflected in the projection."	"As a system, I want a VISIBLE demand to become GONE after the configured consecutive successful absences (default 2), so that human carry-away and MES clearance are reflected in the projection."	"ff3ffbc3eb523e610961809fdaa04a9676928ab1fed7720a7bf688fda9cf19a7"	"tunable-operational-default-candidate"	"ready-for-agent-internal-implementation-spec-without-four-factor-requirement-approval"	"historical-MesIngest-phase-1-scope-current-applicability-needs-source-binding-and-reapproval"	"needs-responsible-owner-and-explicit-approval"	"document-route:R12-candidate; unit-kind:markdown-flow-or-list-item; source-document-class:R12-SPEC-MIXED; current-applicability:MesIngest Phase 1 implementation spec; possible decision summaries are mixed with architecture, defaults, UI/API and delivery design.; ledger-history:Created from internal planning and upstream MES/ADR material; ready-for-agent or confirmed wording is not a four-element approval record.; upstream-reference:no-explicit-upstream-reference-in-atomic-unit"	"BOUND-R12-001"	"not-approved"	"responsible-owner-classification;authoritative-source;named-approver;approval-date;approved-scope;version-or-sha256-binding"
"R12-A0024"	"R12"	"R12-17"	".scratch/mes-ingest-phase-1/spec.md"	"0119b0f6b64658928f5f01f5c600dd7cd2d0199f6f30b1a9407620fd2b251f90"	"line 30"	"MesIngest Phase 1 > User Stories"	"As a system, I want phase-1 GONE transitions without loading/dispatch protection rules, so that ingest stays free of thick task-state coupling."	"As a system, I want phase-1 GONE transitions without loading/dispatch protection rules, so that ingest stays free of thick task-state coupling."	"02c8258eb170a3be9ca270c2c74dc89630cf53bd511a653dc22fafbfc777702a"	"transport-demand-lifecycle-business-rule-candidate"	"ready-for-agent-internal-implementation-spec-without-four-factor-requirement-approval"	"historical-MesIngest-phase-1-scope-current-applicability-needs-source-binding-and-reapproval"	"needs-business-owner-and-explicit-approval"	"document-route:R12-candidate; unit-kind:markdown-flow-or-list-item; source-document-class:R12-SPEC-MIXED; current-applicability:MesIngest Phase 1 implementation spec; possible decision summaries are mixed with architecture, defaults, UI/API and delivery design.; ledger-history:Created from internal planning and upstream MES/ADR material; ready-for-agent or confirmed wording is not a four-element approval record.; upstream-reference:no-explicit-upstream-reference-in-atomic-unit"	"BOUND-R12-001"	"not-approved"	"authoritative-business-source;responsible-business-owner;named-approver;approval-date;approved-scope;version-or-sha256-binding"
"R12-A0025"	"R12"	"R12-17"	".scratch/mes-ingest-phase-1/spec.md"	"0119b0f6b64658928f5f01f5c600dd7cd2d0199f6f30b1a9407620fd2b251f90"	"line 31"	"MesIngest Phase 1 > User Stories"	"As a system, I want a same reconcile key that reappears after GONE to get a new DemandId plus an alert, so that rare process rollbacks do not revive the old instance silently."	"As a system, I want a same reconcile key that reappears after GONE to get a new DemandId plus an alert, so that rare process rollbacks do not revive the old instance silently."	"922687344d290595d63801dc60c222c973a134f132c9c1bc5d98d8c0f0c9f7d6"	"incident-alert-and-operability-semantics-candidate"	"ready-for-agent-internal-implementation-spec-without-four-factor-requirement-approval"	"historical-MesIngest-phase-1-scope-current-applicability-needs-source-binding-and-reapproval"	"needs-operations-owner-and-explicit-approval"	"document-route:R12-candidate; unit-kind:markdown-flow-or-list-item; source-document-class:R12-SPEC-MIXED; current-applicability:MesIngest Phase 1 implementation spec; possible decision summaries are mixed with architecture, defaults, UI/API and delivery design.; ledger-history:Created from internal planning and upstream MES/ADR material; ready-for-agent or confirmed wording is not a four-element approval record.; upstream-reference:no-explicit-upstream-reference-in-atomic-unit"	"BOUND-R12-001,CF-R01-001"	"not-approved"	"responsible-operations-owner;incident-lifecycle-and-retention-scope;named-approver;approval-date;approved-scope;version-or-sha256-binding"
"R12-A0026"	"R12"	"R12-17"	".scratch/mes-ingest-phase-1/spec.md"	"0119b0f6b64658928f5f01f5c600dd7cd2d0199f6f30b1a9407620fd2b251f90"	"line 32"	"MesIngest Phase 1 > User Stories"	"As a system, I want duplicate rows for the same TASK_TYPE+SUBLOT in one successful snapshot to block creating/updating that key and raise an alert, so that ambiguous MES data never becomes a demand."	"As a system, I want duplicate rows for the same TASK_TYPE+SUBLOT in one successful snapshot to block creating/updating that key and raise an alert, so that ambiguous MES data never becomes a demand."	"b99fec96c5c67337a143ce18a53b8f98483cf928c38040fb88a978227b50a288"	"incident-alert-and-operability-semantics-candidate"	"ready-for-agent-internal-implementation-spec-without-four-factor-requirement-approval"	"historical-MesIngest-phase-1-scope-current-applicability-needs-source-binding-and-reapproval"	"needs-operations-owner-and-explicit-approval"	"document-route:R12-candidate; unit-kind:markdown-flow-or-list-item; source-document-class:R12-SPEC-MIXED; current-applicability:MesIngest Phase 1 implementation spec; possible decision summaries are mixed with architecture, defaults, UI/API and delivery design.; ledger-history:Created from internal planning and upstream MES/ADR material; ready-for-agent or confirmed wording is not a four-element approval record.; upstream-reference:no-explicit-upstream-reference-in-atomic-unit"	"BOUND-R12-001,CF-R01-001"	"not-approved"	"responsible-operations-owner;incident-lifecycle-and-retention-scope;named-approver;approval-date;approved-scope;version-or-sha256-binding"
"R12-A0027"	"R12"	"R12-17"	".scratch/mes-ingest-phase-1/spec.md"	"0119b0f6b64658928f5f01f5c600dd7cd2d0199f6f30b1a9407620fd2b251f90"	"line 33"	"MesIngest Phase 1 > User Stories"	"As a system, I want PAUSED_ZERO_DROP per TASK_TYPE when a type’s previous successful non-zero count is at/above a configurable threshold (default 10) and the next successful count is 0, so that sudden empty results do not mass-mark GONE."	"As a system, I want PAUSED_ZERO_DROP per TASK_TYPE when a type’s previous successful non-zero count is at/above a configurable threshold (default 10) and the next successful count is 0, so that sudden empty results do not mass-mark GONE."	"f02ccacc53064a4e5cafc6ef454ad063fcf0d546df5159dbc3cea44aee863c25"	"tunable-operational-default-candidate"	"ready-for-agent-internal-implementation-spec-without-four-factor-requirement-approval"	"historical-MesIngest-phase-1-scope-current-applicability-needs-source-binding-and-reapproval"	"needs-responsible-owner-and-explicit-approval"	"document-route:R12-candidate; unit-kind:markdown-flow-or-list-item; source-document-class:R12-SPEC-MIXED; current-applicability:MesIngest Phase 1 implementation spec; possible decision summaries are mixed with architecture, defaults, UI/API and delivery design.; ledger-history:Created from internal planning and upstream MES/ADR material; ready-for-agent or confirmed wording is not a four-element approval record.; upstream-reference:no-explicit-upstream-reference-in-atomic-unit"	"BOUND-R12-001"	"not-approved"	"responsible-owner-classification;authoritative-source;named-approver;approval-date;approved-scope;version-or-sha256-binding"
"R12-A0028"	"R12"	"R12-17"	".scratch/mes-ingest-phase-1/spec.md"	"0119b0f6b64658928f5f01f5c600dd7cd2d0199f6f30b1a9407620fd2b251f90"	"line 34"	"MesIngest Phase 1 > User Stories"	"As a system, I want PAUSED_ZERO_DROP to suspend disappear counting and GONE for that type only, so that other task types keep reconciling."	"As a system, I want PAUSED_ZERO_DROP to suspend disappear counting and GONE for that type only, so that other task types keep reconciling."	"8922d6030119a01c3bab9789cbbe4238ba0b4de8413948539669973dfa232cfc"	"transport-demand-lifecycle-business-rule-candidate"	"ready-for-agent-internal-implementation-spec-without-four-factor-requirement-approval"	"historical-MesIngest-phase-1-scope-current-applicability-needs-source-binding-and-reapproval"	"needs-business-owner-and-explicit-approval"	"document-route:R12-candidate; unit-kind:markdown-flow-or-list-item; source-document-class:R12-SPEC-MIXED; current-applicability:MesIngest Phase 1 implementation spec; possible decision summaries are mixed with architecture, defaults, UI/API and delivery design.; ledger-history:Created from internal planning and upstream MES/ADR material; ready-for-agent or confirmed wording is not a four-element approval record.; upstream-reference:no-explicit-upstream-reference-in-atomic-unit"	"BOUND-R12-001"	"not-approved"	"authoritative-business-source;responsible-business-owner;named-approver;approval-date;approved-scope;version-or-sha256-binding"
"R12-A0029"	"R12"	"R12-17"	".scratch/mes-ingest-phase-1/spec.md"	"0119b0f6b64658928f5f01f5c600dd7cd2d0199f6f30b1a9407620fd2b251f90"	"line 35"	"MesIngest Phase 1 > User Stories"	"As a system, I want PAUSED_ZERO_DROP to clear automatically after two consecutive successful polls with count > 0 for that type, with no manual clear UI, so that recovery is automatic and auditable."	"As a system, I want PAUSED_ZERO_DROP to clear automatically after two consecutive successful polls with count > 0 for that type, with no manual clear UI, so that recovery is automatic and auditable."	"de4c058048a5542c4489ebf9d0852cb08774d080615f702e8b5f1c750a7be5db"	"transport-demand-lifecycle-business-rule-candidate"	"ready-for-agent-internal-implementation-spec-without-four-factor-requirement-approval"	"historical-MesIngest-phase-1-scope-current-applicability-needs-source-binding-and-reapproval"	"needs-business-owner-and-explicit-approval"	"document-route:R12-candidate; unit-kind:markdown-flow-or-list-item; source-document-class:R12-SPEC-MIXED; current-applicability:MesIngest Phase 1 implementation spec; possible decision summaries are mixed with architecture, defaults, UI/API and delivery design.; ledger-history:Created from internal planning and upstream MES/ADR material; ready-for-agent or confirmed wording is not a four-element approval record.; upstream-reference:no-explicit-upstream-reference-in-atomic-unit"	"BOUND-R12-001"	"not-approved"	"authoritative-business-source;responsible-business-owner;named-approver;approval-date;approved-scope;version-or-sha256-binding"
"R12-A0030"	"R12"	"R12-17"	".scratch/mes-ingest-phase-1/spec.md"	"0119b0f6b64658928f5f01f5c600dd7cd2d0199f6f30b1a9407620fd2b251f90"	"line 36"	"MesIngest Phase 1 > User Stories"	"As a system, I want per-type last healthy non-zero count, recovery streak, and pause state persisted across restarts, so that zero-drop protection survives service recycle."	"As a system, I want per-type last healthy non-zero count, recovery streak, and pause state persisted across restarts, so that zero-drop protection survives service recycle."	"9628bccc2a719c722d6c6dd06a15772dc6f16dea5763920d465d8742f38deff3"	"transport-demand-lifecycle-business-rule-candidate"	"ready-for-agent-internal-implementation-spec-without-four-factor-requirement-approval"	"historical-MesIngest-phase-1-scope-current-applicability-needs-source-binding-and-reapproval"	"needs-business-owner-and-explicit-approval"	"document-route:R12-candidate; unit-kind:markdown-flow-or-list-item; source-document-class:R12-SPEC-MIXED; current-applicability:MesIngest Phase 1 implementation spec; possible decision summaries are mixed with architecture, defaults, UI/API and delivery design.; ledger-history:Created from internal planning and upstream MES/ADR material; ready-for-agent or confirmed wording is not a four-element approval record.; upstream-reference:no-explicit-upstream-reference-in-atomic-unit"	"BOUND-R12-001"	"not-approved"	"authoritative-business-source;responsible-business-owner;named-approver;approval-date;approved-scope;version-or-sha256-binding"
"R12-A0031"	"R12"	"R12-17"	".scratch/mes-ingest-phase-1/spec.md"	"0119b0f6b64658928f5f01f5c600dd7cd2d0199f6f30b1a9407620fd2b251f90"	"line 37"	"MesIngest Phase 1 > User Stories"	"As a system, I want disappear counts persisted across restarts, so that a restart mid-absence does not reset the GONE sequence incorrectly."	"As a system, I want disappear counts persisted across restarts, so that a restart mid-absence does not reset the GONE sequence incorrectly."	"0d9e525758bf88a8282b25a81c7450e2841f4e72f0eb51e2f5936eee372007b0"	"transport-demand-lifecycle-business-rule-candidate"	"ready-for-agent-internal-implementation-spec-without-four-factor-requirement-approval"	"historical-MesIngest-phase-1-scope-current-applicability-needs-source-binding-and-reapproval"	"needs-business-owner-and-explicit-approval"	"document-route:R12-candidate; unit-kind:markdown-flow-or-list-item; source-document-class:R12-SPEC-MIXED; current-applicability:MesIngest Phase 1 implementation spec; possible decision summaries are mixed with architecture, defaults, UI/API and delivery design.; ledger-history:Created from internal planning and upstream MES/ADR material; ready-for-agent or confirmed wording is not a four-element approval record.; upstream-reference:no-explicit-upstream-reference-in-atomic-unit"	"BOUND-R12-001"	"not-approved"	"authoritative-business-source;responsible-business-owner;named-approver;approval-date;approved-scope;version-or-sha256-binding"
"R12-A0032"	"R12"	"R12-17"	".scratch/mes-ingest-phase-1/spec.md"	"0119b0f6b64658928f5f01f5c600dd7cd2d0199f6f30b1a9407620fd2b251f90"	"line 38"	"MesIngest Phase 1 > User Stories"	"As a system, I want a restart recovery barrier: the first successful full poll after start may create new VISIBLEs and refresh seen-at for returning keys, but must not increment disappear counts or mark GONE, so that cold-start instability does not wipe the board."	"As a system, I want a restart recovery barrier: the first successful full poll after start may create new VISIBLEs and refresh seen-at for returning keys, but must not increment disappear counts or mark GONE, so that cold-start instability does not wipe the board."	"773d7f579b0881ae5a769b5fd95c11e2c693c4e1fe407d5b297d109bbb19282c"	"transport-demand-lifecycle-business-rule-candidate"	"ready-for-agent-internal-implementation-spec-without-four-factor-requirement-approval"	"historical-MesIngest-phase-1-scope-current-applicability-needs-source-binding-and-reapproval"	"needs-business-owner-and-explicit-approval"	"document-route:R12-candidate; unit-kind:markdown-flow-or-list-item; source-document-class:R12-SPEC-MIXED; current-applicability:MesIngest Phase 1 implementation spec; possible decision summaries are mixed with architecture, defaults, UI/API and delivery design.; ledger-history:Created from internal planning and upstream MES/ADR material; ready-for-agent or confirmed wording is not a four-element approval record.; upstream-reference:no-explicit-upstream-reference-in-atomic-unit"	"BOUND-R12-001"	"not-approved"	"authoritative-business-source;responsible-business-owner;named-approver;approval-date;approved-scope;version-or-sha256-binding"
"R12-A0033"	"R12"	"R12-17"	".scratch/mes-ingest-phase-1/spec.md"	"0119b0f6b64658928f5f01f5c600dd7cd2d0199f6f30b1a9407620fd2b251f90"	"line 39"	"MesIngest Phase 1 > User Stories"	"As a system, I want normal disappear/GONE and zero-drop logic to resume from the second successful full poll after restart, including the documented interactions with persisted zero-drop state, so that restart semantics match the business model."	"As a system, I want normal disappear/GONE and zero-drop logic to resume from the second successful full poll after restart, including the documented interactions with persisted zero-drop state, so that restart semantics match the business model."	"20c61437c3bdc636aa83f079f8be57c1af3c61b144a340e8a8c66ac703f46577"	"transport-demand-lifecycle-business-rule-candidate"	"ready-for-agent-internal-implementation-spec-without-four-factor-requirement-approval"	"historical-MesIngest-phase-1-scope-current-applicability-needs-source-binding-and-reapproval"	"needs-business-owner-and-explicit-approval"	"document-route:R12-candidate; unit-kind:markdown-flow-or-list-item; source-document-class:R12-SPEC-MIXED; current-applicability:MesIngest Phase 1 implementation spec; possible decision summaries are mixed with architecture, defaults, UI/API and delivery design.; ledger-history:Created from internal planning and upstream MES/ADR material; ready-for-agent or confirmed wording is not a four-element approval record.; upstream-reference:no-explicit-upstream-reference-in-atomic-unit"	"BOUND-R12-001"	"not-approved"	"authoritative-business-source;responsible-business-owner;named-approver;approval-date;approved-scope;version-or-sha256-binding"
"R12-A0034"	"R12"	"R12-17"	".scratch/mes-ingest-phase-1/spec.md"	"0119b0f6b64658928f5f01f5c600dd7cd2d0199f6f30b1a9407620fd2b251f90"	"line 40"	"MesIngest Phase 1 > User Stories"	"As a system, I want go-live baseline filtering in the application layer (fixed baseline timestamp, default 2026-08-01 00:00:00) without editing customer SQL, so that historical backlog does not flood VISIBLE demands."	"As a system, I want go-live baseline filtering in the application layer (fixed baseline timestamp, default 2026-08-01 00:00:00) without editing customer SQL, so that historical backlog does not flood VISIBLE demands."	"01a38cb4f205aca4040aff0ab6e48b7b08de7096805e96df3c82f22ab024ff3d"	"tunable-operational-default-candidate"	"ready-for-agent-internal-implementation-spec-without-four-factor-requirement-approval"	"historical-MesIngest-phase-1-scope-current-applicability-needs-source-binding-and-reapproval"	"needs-responsible-owner-and-explicit-approval"	"document-route:R12-candidate; unit-kind:markdown-flow-or-list-item; source-document-class:R12-SPEC-MIXED; current-applicability:MesIngest Phase 1 implementation spec; possible decision summaries are mixed with architecture, defaults, UI/API and delivery design.; ledger-history:Created from internal planning and upstream MES/ADR material; ready-for-agent or confirmed wording is not a four-element approval record.; upstream-reference:no-explicit-upstream-reference-in-atomic-unit"	"BOUND-R12-001"	"not-approved"	"responsible-owner-classification;authoritative-source;named-approver;approval-date;approved-scope;version-or-sha256-binding"
"R12-A0035"	"R12"	"R12-17"	".scratch/mes-ingest-phase-1/spec.md"	"0119b0f6b64658928f5f01f5c600dd7cd2d0199f6f30b1a9407620fd2b251f90"	"line 41"	"MesIngest Phase 1 > User Stories"	"As a system, I want all six TASK_TYPEs from MES_TASK_UNION (including WIRE_TO_NITROGEN) projected with the same reconcile rules, so that nitrogen-cabinet candidates appear alongside the other five types."	"As a system, I want all six TASK_TYPEs from MES_TASK_UNION (including WIRE_TO_NITROGEN) projected with the same reconcile rules, so that nitrogen-cabinet candidates appear alongside the other five types."	"c364e957d9af5f5003f4b983c5a18e17d5dd3a496e3cf74ee1b3d290f6ccf96b"	"demand-behavior-relying-on-external-mes-contract-candidate"	"ready-for-agent-internal-implementation-spec-without-four-factor-requirement-approval"	"historical-MesIngest-phase-1-scope-current-applicability-needs-source-binding-and-reapproval"	"needs-business-owner-bound-data-contract-and-explicit-approval"	"document-route:R12-candidate; unit-kind:markdown-flow-or-list-item; source-document-class:R12-SPEC-MIXED; current-applicability:MesIngest Phase 1 implementation spec; possible decision summaries are mixed with architecture, defaults, UI/API and delivery design.; ledger-history:Created from internal planning and upstream MES/ADR material; ready-for-agent or confirmed wording is not a four-element approval record.; upstream-reference:MES_TASK_UNION-query-materials"	"BOUND-R12-001,AD-R01-001,RES-R11-001,BOUND-R11-001"	"not-approved"	"authoritative-business-owner;bound-MES-environment-query-version-and-result-evidence;named-approver;approval-date;approved-scope;version-or-sha256-binding"
"R12-A0036"	"R12"	"R12-17"	".scratch/mes-ingest-phase-1/spec.md"	"0119b0f6b64658928f5f01f5c600dd7cd2d0199f6f30b1a9407620fd2b251f90"	"line 42"	"MesIngest Phase 1 > User Stories"	"As an operator, I want AREA emptiness or unparseable AREA to still create a TransportDemand that is visible for watch/API, with a clear projection/alert signal that site mapping is unresolved, so that ingest does not wait for dispatch mapping tables."	"As an operator, I want AREA emptiness or unparseable AREA to still create a TransportDemand that is visible for watch/API, with a clear projection/alert signal that site mapping is unresolved, so that ingest does not wait for dispatch mapping tables."	"5554312563549b084eea99582cf0b1f37b0db19d4cec01fea90ad45983a94c9a"	"incident-alert-and-operability-semantics-candidate"	"ready-for-agent-internal-implementation-spec-without-four-factor-requirement-approval"	"historical-MesIngest-phase-1-scope-current-applicability-needs-source-binding-and-reapproval"	"needs-operations-owner-and-explicit-approval"	"document-route:R12-candidate; unit-kind:markdown-flow-or-list-item; source-document-class:R12-SPEC-MIXED; current-applicability:MesIngest Phase 1 implementation spec; possible decision summaries are mixed with architecture, defaults, UI/API and delivery design.; ledger-history:Created from internal planning and upstream MES/ADR material; ready-for-agent or confirmed wording is not a four-element approval record.; upstream-reference:no-explicit-upstream-reference-in-atomic-unit"	"BOUND-R12-001"	"not-approved"	"responsible-operations-owner;incident-lifecycle-and-retention-scope;named-approver;approval-date;approved-scope;version-or-sha256-binding"
"R12-A0037"	"R12"	"R12-17"	".scratch/mes-ingest-phase-1/spec.md"	"0119b0f6b64658928f5f01f5c600dd7cd2d0199f6f30b1a9407620fd2b251f90"	"line 43"	"MesIngest Phase 1 > User Stories"	"As a developer on a machine without MES Oracle, I want to run MesIngest against recorded snapshot files from factory evidence, so that I can develop and test without copying every change to the plant PC first."	"As a developer on a machine without MES Oracle, I want to run MesIngest against recorded snapshot files from factory evidence, so that I can develop and test without copying every change to the plant PC first."	"cfcb00b2452d453fa203c9fb4cecb5023d0f8be2c866d0f2c6d1ae158878650a"	"historical-product-capability-or-operational-behavior-candidate"	"ready-for-agent-internal-implementation-spec-without-four-factor-requirement-approval"	"historical-MesIngest-phase-1-scope-current-applicability-needs-source-binding-and-reapproval"	"needs-product-owner-and-explicit-approval"	"document-route:R12-candidate; unit-kind:markdown-flow-or-list-item; source-document-class:R12-SPEC-MIXED; current-applicability:MesIngest Phase 1 implementation spec; possible decision summaries are mixed with architecture, defaults, UI/API and delivery design.; ledger-history:Created from internal planning and upstream MES/ADR material; ready-for-agent or confirmed wording is not a four-element approval record.; upstream-reference:R11-factory-run-and-query-evidence"	"BOUND-R12-001"	"not-approved"	"approved-product-scope-source;responsible-product-owner;named-approver;approval-date;approved-scope;version-or-sha256-binding"
"R12-A0038"	"R12"	"R12-17"	".scratch/mes-ingest-phase-1/spec.md"	"0119b0f6b64658928f5f01f5c600dd7cd2d0199f6f30b1a9407620fd2b251f90"	"line 44"	"MesIngest Phase 1 > User Stories"	"As a developer, I want a fake/in-memory snapshot source for automated tests, so that reconcile and API behavior can be driven with crafted rows."	"As a developer, I want a fake/in-memory snapshot source for automated tests, so that reconcile and API behavior can be driven with crafted rows."	"a6360b172f24a63bc0988c4aad1c0ad52aede8993f40200c097590abd022b8e6"	"transport-demand-lifecycle-business-rule-candidate"	"ready-for-agent-internal-implementation-spec-without-four-factor-requirement-approval"	"historical-MesIngest-phase-1-scope-current-applicability-needs-source-binding-and-reapproval"	"needs-business-owner-and-explicit-approval"	"document-route:R12-candidate; unit-kind:markdown-flow-or-list-item; source-document-class:R12-SPEC-MIXED; current-applicability:MesIngest Phase 1 implementation spec; possible decision summaries are mixed with architecture, defaults, UI/API and delivery design.; ledger-history:Created from internal planning and upstream MES/ADR material; ready-for-agent or confirmed wording is not a four-element approval record.; upstream-reference:no-explicit-upstream-reference-in-atomic-unit"	"BOUND-R12-001"	"not-approved"	"authoritative-business-source;responsible-business-owner;named-approver;approval-date;approved-scope;version-or-sha256-binding"
"R12-A0039"	"R12"	"R12-17"	".scratch/mes-ingest-phase-1/spec.md"	"0119b0f6b64658928f5f01f5c600dd7cd2d0199f6f30b1a9407620fd2b251f90"	"line 45"	"MesIngest Phase 1 > User Stories"	"As a plant engineer, I want Oracle mode configurable as Thin by default with Thick+Instant Client switchable, so that 11g connectivity can be fixed by config after a probe without rewriting business code."	"As a plant engineer, I want Oracle mode configurable as Thin by default with Thick+Instant Client switchable, so that 11g connectivity can be fixed by config after a probe without rewriting business code."	"54346e829821b713decbd966efec85403e196efdeeb63b5a7ad8419f2318c68e"	"tunable-operational-default-candidate"	"ready-for-agent-internal-implementation-spec-without-four-factor-requirement-approval"	"historical-MesIngest-phase-1-scope-current-applicability-needs-source-binding-and-reapproval"	"needs-responsible-owner-and-explicit-approval"	"document-route:R12-candidate; unit-kind:markdown-flow-or-list-item; source-document-class:R12-SPEC-MIXED; current-applicability:MesIngest Phase 1 implementation spec; possible decision summaries are mixed with architecture, defaults, UI/API and delivery design.; ledger-history:Created from internal planning and upstream MES/ADR material; ready-for-agent or confirmed wording is not a four-element approval record.; upstream-reference:no-explicit-upstream-reference-in-atomic-unit"	"BOUND-R12-001"	"not-approved"	"responsible-owner-classification;authoritative-source;named-approver;approval-date;approved-scope;version-or-sha256-binding"
"R12-A0040"	"R12"	"R12-17"	".scratch/mes-ingest-phase-1/spec.md"	"0119b0f6b64658928f5f01f5c600dd7cd2d0199f6f30b1a9407620fd2b251f90"	"line 46"	"MesIngest Phase 1 > User Stories"	"As a plant engineer, I want MES credentials and connection settings in local config outside the repo, so that secrets are never committed."	"As a plant engineer, I want MES credentials and connection settings in local config outside the repo, so that secrets are never committed."	"a40c7817b2773117f227dddd47a16f302fd70cc8c88c638d0a1ae359105f36cb"	"security-or-credential-boundary-candidate"	"ready-for-agent-internal-implementation-spec-without-four-factor-requirement-approval"	"historical-MesIngest-phase-1-scope-current-applicability-needs-source-binding-and-reapproval"	"needs-security-owner-and-explicit-approval"	"document-route:R12-candidate; unit-kind:markdown-flow-or-list-item; source-document-class:R12-SPEC-MIXED; current-applicability:MesIngest Phase 1 implementation spec; possible decision summaries are mixed with architecture, defaults, UI/API and delivery design.; ledger-history:Created from internal planning and upstream MES/ADR material; ready-for-agent or confirmed wording is not a four-element approval record.; upstream-reference:no-explicit-upstream-reference-in-atomic-unit"	"BOUND-R12-001"	"not-approved"	"security-owner;credential-and-binding-scope;named-approver;approval-date;approved-scope;version-or-sha256-binding"
"R12-A0041"	"R12"	"R12-17"	".scratch/mes-ingest-phase-1/spec.md"	"0119b0f6b64658928f5f01f5c600dd7cd2d0199f6f30b1a9407620fd2b251f90"	"line 47"	"MesIngest Phase 1 > User Stories"	"As a plant engineer, I want the official MES_TASK_UNION SQL copied from the repo query manuscript into the install-side queries folder at build/publish time, so that production does not maintain a drifting SQL fork."	"As a plant engineer, I want the official MES_TASK_UNION SQL copied from the repo query manuscript into the install-side queries folder at build/publish time, so that production does not maintain a drifting SQL fork."	"b6a0fdf853389124350912c8ac9deb30231e0677cb64eac8921d8fefc9046c23"	"external-mes-data-contract-or-source-boundary-candidate"	"ready-for-agent-internal-implementation-spec-without-four-factor-requirement-approval"	"historical-MesIngest-phase-1-scope-current-applicability-needs-source-binding-and-reapproval"	"needs-bound-external-data-contract-and-explicit-approval"	"document-route:R12-candidate; unit-kind:markdown-flow-or-list-item; source-document-class:R12-SPEC-MIXED; current-applicability:MesIngest Phase 1 implementation spec; possible decision summaries are mixed with architecture, defaults, UI/API and delivery design.; ledger-history:Created from internal planning and upstream MES/ADR material; ready-for-agent or confirmed wording is not a four-element approval record.; upstream-reference:MES_TASK_UNION-query-materials"	"BOUND-R12-001,RES-R11-001,BOUND-R11-001"	"not-approved"	"external-data-owner-or-authorized-delegate;bound-MES-environment-and-query-version;named-approver;approval-date;approved-scope;version-or-sha256-binding"
"R12-A0042"	"R12"	"R12-17"	".scratch/mes-ingest-phase-1/spec.md"	"0119b0f6b64658928f5f01f5c600dd7cd2d0199f6f30b1a9407620fd2b251f90"	"line 48"	"MesIngest Phase 1 > User Stories"	"As an external program, I want a read-only HTTP API on the local Kestrel host to list TransportDemands filtered by status (VISIBLE/GONE) and optionally TASK_TYPE/SUBLOT/DemandId, so that other systems can consume the projection."	"As an external program, I want a read-only HTTP API on the local Kestrel host to list TransportDemands filtered by status (VISIBLE/GONE) and optionally TASK_TYPE/SUBLOT/DemandId, so that other systems can consume the projection."	"b7a670f41ab1505c259ba61e8c95f1bed301a3b404fa6379c49682ca758e256e"	"read-api-or-downstream-sync-contract-candidate"	"ready-for-agent-internal-implementation-spec-without-four-factor-requirement-approval"	"historical-MesIngest-phase-1-scope-current-applicability-needs-source-binding-and-reapproval"	"needs-interface-owner-and-explicit-approval"	"document-route:R12-candidate; unit-kind:markdown-flow-or-list-item; source-document-class:R12-SPEC-MIXED; current-applicability:MesIngest Phase 1 implementation spec; possible decision summaries are mixed with architecture, defaults, UI/API and delivery design.; ledger-history:Created from internal planning and upstream MES/ADR material; ready-for-agent or confirmed wording is not a four-element approval record.; upstream-reference:ADR-mes-0007"	"BOUND-R12-001,CF-R01-001,CF-R01-002"	"not-approved"	"responsible-interface-owner;consumer-and-compatibility-scope;named-approver;approval-date;approved-scope;version-or-sha256-binding"
"R12-A0043"	"R12"	"R12-17"	".scratch/mes-ingest-phase-1/spec.md"	"0119b0f6b64658928f5f01f5c600dd7cd2d0199f6f30b1a9407620fd2b251f90"	"line 49"	"MesIngest Phase 1 > User Stories"	"As an external program, I want API responses to include DemandId, reconcile key fields, frozen MES fields, status, seen/disappear metadata, and relevant alerts, so that callers do not need SQL Server access."	"As an external program, I want API responses to include DemandId, reconcile key fields, frozen MES fields, status, seen/disappear metadata, and relevant alerts, so that callers do not need SQL Server access."	"09b1f4077fa741bd915cba2648b0d19e5c2a5cf20ff0421cbfbef483ec2ba13f"	"incident-alert-and-operability-semantics-candidate"	"ready-for-agent-internal-implementation-spec-without-four-factor-requirement-approval"	"historical-MesIngest-phase-1-scope-current-applicability-needs-source-binding-and-reapproval"	"needs-operations-owner-and-explicit-approval"	"document-route:R12-candidate; unit-kind:markdown-flow-or-list-item; source-document-class:R12-SPEC-MIXED; current-applicability:MesIngest Phase 1 implementation spec; possible decision summaries are mixed with architecture, defaults, UI/API and delivery design.; ledger-history:Created from internal planning and upstream MES/ADR material; ready-for-agent or confirmed wording is not a four-element approval record.; upstream-reference:ADR-mes-0007"	"BOUND-R12-001,CF-R01-001"	"not-approved"	"responsible-operations-owner;incident-lifecycle-and-retention-scope;named-approver;approval-date;approved-scope;version-or-sha256-binding"
"R12-A0044"	"R12"	"R12-17"	".scratch/mes-ingest-phase-1/spec.md"	"0119b0f6b64658928f5f01f5c600dd7cd2d0199f6f30b1a9407620fd2b251f90"	"line 50"	"MesIngest Phase 1 > User Stories"	"As an external program, I want poll health and recent alert endpoints (or equivalent read resources), so that monitoring can detect ingest failure without scraping logs."	"As an external program, I want poll health and recent alert endpoints (or equivalent read resources), so that monitoring can detect ingest failure without scraping logs."	"4835af7759493861698bf6fc3e7b24b3133c66a2e3d43301dcf74db2dec81e87"	"incident-alert-and-operability-semantics-candidate"	"ready-for-agent-internal-implementation-spec-without-four-factor-requirement-approval"	"historical-MesIngest-phase-1-scope-current-applicability-needs-source-binding-and-reapproval"	"needs-operations-owner-and-explicit-approval"	"document-route:R12-candidate; unit-kind:markdown-flow-or-list-item; source-document-class:R12-SPEC-MIXED; current-applicability:MesIngest Phase 1 implementation spec; possible decision summaries are mixed with architecture, defaults, UI/API and delivery design.; ledger-history:Created from internal planning and upstream MES/ADR material; ready-for-agent or confirmed wording is not a four-element approval record.; upstream-reference:no-explicit-upstream-reference-in-atomic-unit"	"BOUND-R12-001"	"not-approved"	"responsible-operations-owner;incident-lifecycle-and-retention-scope;named-approver;approval-date;approved-scope;version-or-sha256-binding"
"R12-A0045"	"R12"	"R12-17"	".scratch/mes-ingest-phase-1/spec.md"	"0119b0f6b64658928f5f01f5c600dd7cd2d0199f6f30b1a9407620fd2b251f90"	"line 51"	"MesIngest Phase 1 > User Stories"	"As an external program and the WPF client, I want to share the same read-only HTTP contract, so that UI and integrations cannot diverge."	"As an external program and the WPF client, I want to share the same read-only HTTP contract, so that UI and integrations cannot diverge."	"24a37c41d33f7d6b10eebf04460609ab23b787f5339b79d4226d8e14a198c5fc"	"read-api-or-downstream-sync-contract-candidate"	"ready-for-agent-internal-implementation-spec-without-four-factor-requirement-approval"	"historical-MesIngest-phase-1-scope-current-applicability-needs-source-binding-and-reapproval"	"needs-interface-owner-and-explicit-approval"	"document-route:R12-candidate; unit-kind:markdown-flow-or-list-item; source-document-class:R12-SPEC-MIXED; current-applicability:MesIngest Phase 1 implementation spec; possible decision summaries are mixed with architecture, defaults, UI/API and delivery design.; ledger-history:Created from internal planning and upstream MES/ADR material; ready-for-agent or confirmed wording is not a four-element approval record.; upstream-reference:ADR-mes-0007"	"BOUND-R12-001,CF-R01-002"	"not-approved"	"responsible-interface-owner;consumer-and-compatibility-scope;named-approver;approval-date;approved-scope;version-or-sha256-binding"
"R12-A0046"	"R12"	"R12-17"	".scratch/mes-ingest-phase-1/spec.md"	"0119b0f6b64658928f5f01f5c600dd7cd2d0199f6f30b1a9407620fd2b251f90"	"line 52"	"MesIngest Phase 1 > User Stories"	"As a WPF user, I want to filter/sort the demand list by TASK_TYPE, SUBLOT, status, and last seen time, so that large snapshots (~hundreds of rows) remain usable."	"As a WPF user, I want to filter/sort the demand list by TASK_TYPE, SUBLOT, status, and last seen time, so that large snapshots (~hundreds of rows) remain usable."	"f3cf17b38ae9d256753d5a80bb611e004c879be46a30eb4cd5eaa34847d6aad8"	"operator-watch-ux-and-operability-candidate"	"ready-for-agent-internal-implementation-spec-without-four-factor-requirement-approval"	"historical-MesIngest-phase-1-scope-current-applicability-needs-source-binding-and-reapproval"	"needs-operator-product-owner-and-explicit-approval"	"document-route:R12-candidate; unit-kind:markdown-flow-or-list-item; source-document-class:R12-SPEC-MIXED; current-applicability:MesIngest Phase 1 implementation spec; possible decision summaries are mixed with architecture, defaults, UI/API and delivery design.; ledger-history:Created from internal planning and upstream MES/ADR material; ready-for-agent or confirmed wording is not a four-element approval record.; upstream-reference:ADR-mes-0007"	"BOUND-R12-001"	"not-approved"	"operator-workflow-owner;approved-usability-and-operability-scope;named-approver;approval-date;approved-scope;version-or-sha256-binding"
"R12-A0047"	"R12"	"R12-17"	".scratch/mes-ingest-phase-1/spec.md"	"0119b0f6b64658928f5f01f5c600dd7cd2d0199f6f30b1a9407620fd2b251f90"	"line 53"	"MesIngest Phase 1 > User Stories"	"As a WPF user, I want a prominent failed-poll / PAUSED_ZERO_DROP banner, so that silent empty boards are not mistaken for “no work”."	"As a WPF user, I want a prominent failed-poll / PAUSED_ZERO_DROP banner, so that silent empty boards are not mistaken for “no work”."	"421e5d1cbf1c081a244ae35d8ea645d502f46f1d9ede4d122e552124ad30257a"	"transport-demand-lifecycle-business-rule-candidate"	"ready-for-agent-internal-implementation-spec-without-four-factor-requirement-approval"	"historical-MesIngest-phase-1-scope-current-applicability-needs-source-binding-and-reapproval"	"needs-business-owner-and-explicit-approval"	"document-route:R12-candidate; unit-kind:markdown-flow-or-list-item; source-document-class:R12-SPEC-MIXED; current-applicability:MesIngest Phase 1 implementation spec; possible decision summaries are mixed with architecture, defaults, UI/API and delivery design.; ledger-history:Created from internal planning and upstream MES/ADR material; ready-for-agent or confirmed wording is not a four-element approval record.; upstream-reference:ADR-mes-0007"	"BOUND-R12-001"	"not-approved"	"authoritative-business-source;responsible-business-owner;named-approver;approval-date;approved-scope;version-or-sha256-binding"
"R12-A0048"	"R12"	"R12-17"	".scratch/mes-ingest-phase-1/spec.md"	"0119b0f6b64658928f5f01f5c600dd7cd2d0199f6f30b1a9407620fd2b251f90"	"line 54"	"MesIngest Phase 1 > User Stories"	"As an operator, I want closing the WPF window to leave the Windows Service polling and serving API, so that watching is optional."	"As an operator, I want closing the WPF window to leave the Windows Service polling and serving API, so that watching is optional."	"31820a17b32f1396267d79c6730aa803fb82530b42d51dfc61a9fae9ed206862"	"operator-watch-ux-and-operability-candidate"	"ready-for-agent-internal-implementation-spec-without-four-factor-requirement-approval"	"historical-MesIngest-phase-1-scope-current-applicability-needs-source-binding-and-reapproval"	"needs-operator-product-owner-and-explicit-approval"	"document-route:R12-candidate; unit-kind:markdown-flow-or-list-item; source-document-class:R12-SPEC-MIXED; current-applicability:MesIngest Phase 1 implementation spec; possible decision summaries are mixed with architecture, defaults, UI/API and delivery design.; ledger-history:Created from internal planning and upstream MES/ADR material; ready-for-agent or confirmed wording is not a four-element approval record.; upstream-reference:ADR-mes-0007"	"BOUND-R12-001"	"not-approved"	"operator-workflow-owner;approved-usability-and-operability-scope;named-approver;approval-date;approved-scope;version-or-sha256-binding"
"R12-A0049"	"R12"	"R12-17"	".scratch/mes-ingest-phase-1/spec.md"	"0119b0f6b64658928f5f01f5c600dd7cd2d0199f6f30b1a9407620fd2b251f90"	"line 55"	"MesIngest Phase 1 > User Stories"	"As an operator, I want starting WPF later to reconnect to the running service API and show current projection, so that the UI is a thin client."	"As an operator, I want starting WPF later to reconnect to the running service API and show current projection, so that the UI is a thin client."	"7b875df323d254a860ea33bf70cdb6fa96f1e24ee4cfd6a253fe394ea655c2b9"	"operator-watch-ux-and-operability-candidate"	"ready-for-agent-internal-implementation-spec-without-four-factor-requirement-approval"	"historical-MesIngest-phase-1-scope-current-applicability-needs-source-binding-and-reapproval"	"needs-operator-product-owner-and-explicit-approval"	"document-route:R12-candidate; unit-kind:markdown-flow-or-list-item; source-document-class:R12-SPEC-MIXED; current-applicability:MesIngest Phase 1 implementation spec; possible decision summaries are mixed with architecture, defaults, UI/API and delivery design.; ledger-history:Created from internal planning and upstream MES/ADR material; ready-for-agent or confirmed wording is not a four-element approval record.; upstream-reference:ADR-mes-0007"	"BOUND-R12-001"	"not-approved"	"operator-workflow-owner;approved-usability-and-operability-scope;named-approver;approval-date;approved-scope;version-or-sha256-binding"
"R12-A0050"	"R12"	"R12-17"	".scratch/mes-ingest-phase-1/spec.md"	"0119b0f6b64658928f5f01f5c600dd7cd2d0199f6f30b1a9407620fd2b251f90"	"line 56"	"MesIngest Phase 1 > User Stories"	"As a maintainer, I want Service, config, queries, and optional WPF packaged as a self-contained install directory, so that factory copy/deploy is straightforward."	"As a maintainer, I want Service, config, queries, and optional WPF packaged as a self-contained install directory, so that factory copy/deploy is straightforward."	"34c25eb3e588b380bd3cbcd945138233a85fd559730651d0f164b92158d71625"	"historical-product-capability-or-operational-behavior-candidate"	"ready-for-agent-internal-implementation-spec-without-four-factor-requirement-approval"	"historical-MesIngest-phase-1-scope-current-applicability-needs-source-binding-and-reapproval"	"needs-product-owner-and-explicit-approval"	"document-route:R12-candidate; unit-kind:markdown-flow-or-list-item; source-document-class:R12-SPEC-MIXED; current-applicability:MesIngest Phase 1 implementation spec; possible decision summaries are mixed with architecture, defaults, UI/API and delivery design.; ledger-history:Created from internal planning and upstream MES/ADR material; ready-for-agent or confirmed wording is not a four-element approval record.; upstream-reference:ADR-mes-0007"	"BOUND-R12-001"	"not-approved"	"approved-product-scope-source;responsible-product-owner;named-approver;approval-date;approved-scope;version-or-sha256-binding"
"R12-A0051"	"R12"	"R12-17"	".scratch/mes-ingest-phase-1/spec.md"	"0119b0f6b64658928f5f01f5c600dd7cd2d0199f6f30b1a9407620fd2b251f90"	"line 57"	"MesIngest Phase 1 > User Stories"	"As a maintainer, I want Python meslab to remain factory lab tooling only, so that production ingest is not hosted by the experiment runner."	"As a maintainer, I want Python meslab to remain factory lab tooling only, so that production ingest is not hosted by the experiment runner."	"1aabb0cc659065b96307afda7de050d391ff2a5340233d3abb9bb13e6ca4c176"	"historical-product-capability-or-operational-behavior-candidate"	"ready-for-agent-internal-implementation-spec-without-four-factor-requirement-approval"	"historical-MesIngest-phase-1-scope-current-applicability-needs-source-binding-and-reapproval"	"needs-product-owner-and-explicit-approval"	"document-route:R12-candidate; unit-kind:markdown-flow-or-list-item; source-document-class:R12-SPEC-MIXED; current-applicability:MesIngest Phase 1 implementation spec; possible decision summaries are mixed with architecture, defaults, UI/API and delivery design.; ledger-history:Created from internal planning and upstream MES/ADR material; ready-for-agent or confirmed wording is not a four-element approval record.; upstream-reference:R11-factory-run-and-query-evidence"	"BOUND-R12-001"	"not-approved"	"approved-product-scope-source;responsible-product-owner;named-approver;approval-date;approved-scope;version-or-sha256-binding"
"R12-A0052"	"R12"	"R12-17"	".scratch/mes-ingest-phase-1/spec.md"	"0119b0f6b64658928f5f01f5c600dd7cd2d0199f6f30b1a9407620fd2b251f90"	"line 58"	"MesIngest Phase 1 > User Stories"	"As a QA engineer, I want reconcile behavior testable from prior projection state + snapshot result without Oracle or SQL Server, so that business rules have a fast feedback loop."	"As a QA engineer, I want reconcile behavior testable from prior projection state + snapshot result without Oracle or SQL Server, so that business rules have a fast feedback loop."	"8e99d700d26ce892573fe84c7e1e3486164d21a93170a1f062d029a7cc89c3cd"	"transport-demand-lifecycle-business-rule-candidate"	"ready-for-agent-internal-implementation-spec-without-four-factor-requirement-approval"	"historical-MesIngest-phase-1-scope-current-applicability-needs-source-binding-and-reapproval"	"needs-business-owner-and-explicit-approval"	"document-route:R12-candidate; unit-kind:markdown-flow-or-list-item; source-document-class:R12-SPEC-MIXED; current-applicability:MesIngest Phase 1 implementation spec; possible decision summaries are mixed with architecture, defaults, UI/API and delivery design.; ledger-history:Created from internal planning and upstream MES/ADR material; ready-for-agent or confirmed wording is not a four-element approval record.; upstream-reference:ADR-mes-0007"	"BOUND-R12-001"	"not-approved"	"authoritative-business-source;responsible-business-owner;named-approver;approval-date;approved-scope;version-or-sha256-binding"
"R12-A0053"	"R12"	"R12-17"	".scratch/mes-ingest-phase-1/spec.md"	"0119b0f6b64658928f5f01f5c600dd7cd2d0199f6f30b1a9407620fd2b251f90"	"line 59"	"MesIngest Phase 1 > User Stories"	"As a QA engineer, I want HTTP contract tests against the read API with a replaceable store/source, so that WPF and external callers have a stable surface."	"As a QA engineer, I want HTTP contract tests against the read API with a replaceable store/source, so that WPF and external callers have a stable surface."	"980f059f96a27912dca9ead94bc454ace9fd79a8494e4acdaa0d84b0d3870765"	"historical-product-capability-or-operational-behavior-candidate"	"ready-for-agent-internal-implementation-spec-without-four-factor-requirement-approval"	"historical-MesIngest-phase-1-scope-current-applicability-needs-source-binding-and-reapproval"	"needs-product-owner-and-explicit-approval"	"document-route:R12-candidate; unit-kind:markdown-flow-or-list-item; source-document-class:R12-SPEC-MIXED; current-applicability:MesIngest Phase 1 implementation spec; possible decision summaries are mixed with architecture, defaults, UI/API and delivery design.; ledger-history:Created from internal planning and upstream MES/ADR material; ready-for-agent or confirmed wording is not a four-element approval record.; upstream-reference:ADR-mes-0007"	"BOUND-R12-001"	"not-approved"	"approved-product-scope-source;responsible-product-owner;named-approver;approval-date;approved-scope;version-or-sha256-binding"
"R12-A0054"	"R12"	"R12-17"	".scratch/mes-ingest-phase-1/spec.md"	"0119b0f6b64658928f5f01f5c600dd7cd2d0199f6f30b1a9407620fd2b251f90"	"line 60"	"MesIngest Phase 1 > User Stories"	"As a plant engineer, I want a small factory connectivity probe path for Oracle Thin/Thick, so that first-boot on the plant PC can prove query success before relying on continuous poll."	"As a plant engineer, I want a small factory connectivity probe path for Oracle Thin/Thick, so that first-boot on the plant PC can prove query success before relying on continuous poll."	"7b60a094603361965d47f96938a35d4ff851919740c82fb2c3344c2e17aec239"	"historical-product-capability-or-operational-behavior-candidate"	"ready-for-agent-internal-implementation-spec-without-four-factor-requirement-approval"	"historical-MesIngest-phase-1-scope-current-applicability-needs-source-binding-and-reapproval"	"needs-product-owner-and-explicit-approval"	"document-route:R12-candidate; unit-kind:markdown-flow-or-list-item; source-document-class:R12-SPEC-MIXED; current-applicability:MesIngest Phase 1 implementation spec; possible decision summaries are mixed with architecture, defaults, UI/API and delivery design.; ledger-history:Created from internal planning and upstream MES/ADR material; ready-for-agent or confirmed wording is not a four-element approval record.; upstream-reference:no-explicit-upstream-reference-in-atomic-unit"	"BOUND-R12-001"	"not-approved"	"approved-product-scope-source;responsible-product-owner;named-approver;approval-date;approved-scope;version-or-sha256-binding"
"R12-A0055"	"R12"	"R12-17"	".scratch/mes-ingest-phase-1/spec.md"	"0119b0f6b64658928f5f01f5c600dd7cd2d0199f6f30b1a9407620fd2b251f90"	"line 61"	"MesIngest Phase 1 > User Stories"	"As a system, I want incomplete or failed MES polls to create no new VISIBLEs, increment no disappear counts, and raise interface alerts, so that bad rounds never mutate presence wrongly."	"As a system, I want incomplete or failed MES polls to create no new VISIBLEs, increment no disappear counts, and raise interface alerts, so that bad rounds never mutate presence wrongly."	"65ed2d5c1baeaea4abfcdbb942d6e01bf50e3b27ae1a471d5d9ce12d233af491"	"incident-alert-and-operability-semantics-candidate"	"ready-for-agent-internal-implementation-spec-without-four-factor-requirement-approval"	"historical-MesIngest-phase-1-scope-current-applicability-needs-source-binding-and-reapproval"	"needs-operations-owner-and-explicit-approval"	"document-route:R12-candidate; unit-kind:markdown-flow-or-list-item; source-document-class:R12-SPEC-MIXED; current-applicability:MesIngest Phase 1 implementation spec; possible decision summaries are mixed with architecture, defaults, UI/API and delivery design.; ledger-history:Created from internal planning and upstream MES/ADR material; ready-for-agent or confirmed wording is not a four-element approval record.; upstream-reference:no-explicit-upstream-reference-in-atomic-unit"	"BOUND-R12-001"	"not-approved"	"responsible-operations-owner;incident-lifecycle-and-retention-scope;named-approver;approval-date;approved-scope;version-or-sha256-binding"
"R12-A0056"	"R12"	"R12-17"	".scratch/mes-ingest-phase-1/spec.md"	"0119b0f6b64658928f5f01f5c600dd7cd2d0199f6f30b1a9407620fd2b251f90"	"line 62"	"MesIngest Phase 1 > User Stories"	"As a system, I want only one poll in flight at a time with post-completion delay (not overlapping fixed-rate ticks), so that MES load stays bounded and rounds stay ordered."	"As a system, I want only one poll in flight at a time with post-completion delay (not overlapping fixed-rate ticks), so that MES load stays bounded and rounds stay ordered."	"092d501d66656e07cdcc3659eba06ab8dad78265708dd90f7870a85a9709ecb2"	"historical-product-capability-or-operational-behavior-candidate"	"ready-for-agent-internal-implementation-spec-without-four-factor-requirement-approval"	"historical-MesIngest-phase-1-scope-current-applicability-needs-source-binding-and-reapproval"	"needs-product-owner-and-explicit-approval"	"document-route:R12-candidate; unit-kind:markdown-flow-or-list-item; source-document-class:R12-SPEC-MIXED; current-applicability:MesIngest Phase 1 implementation spec; possible decision summaries are mixed with architecture, defaults, UI/API and delivery design.; ledger-history:Created from internal planning and upstream MES/ADR material; ready-for-agent or confirmed wording is not a four-element approval record.; upstream-reference:no-explicit-upstream-reference-in-atomic-unit"	"BOUND-R12-001"	"not-approved"	"approved-product-scope-source;responsible-product-owner;named-approver;approval-date;approved-scope;version-or-sha256-binding"
"R12-A0057"	"R12"	"R12-17"	".scratch/mes-ingest-phase-1/spec.md"	"0119b0f6b64658928f5f01f5c600dd7cd2d0199f6f30b1a9407620fd2b251f90"	"line 63"	"MesIngest Phase 1 > User Stories"	"As a future dispatch owner, I want permanent suppress of TASK_TYPE+SUBLOT out of MesIngest entirely, so that suppress cannot erase MES visibility from the projection."	"As a future dispatch owner, I want permanent suppress of TASK_TYPE+SUBLOT out of MesIngest entirely, so that suppress cannot erase MES visibility from the projection."	"dc0fb40434d71d90ab3052cdc5cb3d08433c790a41f32b2d8939f3d8da911859"	"external-mes-data-contract-or-source-boundary-candidate"	"ready-for-agent-internal-implementation-spec-without-four-factor-requirement-approval"	"historical-MesIngest-phase-1-scope-current-applicability-needs-source-binding-and-reapproval"	"needs-bound-external-data-contract-and-explicit-approval"	"document-route:R12-candidate; unit-kind:markdown-flow-or-list-item; source-document-class:R12-SPEC-MIXED; current-applicability:MesIngest Phase 1 implementation spec; possible decision summaries are mixed with architecture, defaults, UI/API and delivery design.; ledger-history:Created from internal planning and upstream MES/ADR material; ready-for-agent or confirmed wording is not a four-element approval record.; upstream-reference:ADR-mes-0006"	"BOUND-R12-001,CF-R01-001"	"not-approved"	"external-data-owner-or-authorized-delegate;bound-MES-environment-and-query-version;named-approver;approval-date;approved-scope;version-or-sha256-binding"
"R12-A0058"	"R12"	"R12-17"	".scratch/mes-ingest-phase-1/spec.md"	"0119b0f6b64658928f5f01f5c600dd7cd2d0199f6f30b1a9407620fd2b251f90"	"line 64"	"MesIngest Phase 1 > User Stories"	"As a future dispatch owner, I want VISIBLE lists to remain the source of “currently implied by MES”, so that dispatch can choose to ignore a key without MesIngest cooperating."	"As a future dispatch owner, I want VISIBLE lists to remain the source of “currently implied by MES”, so that dispatch can choose to ignore a key without MesIngest cooperating."	"25ffe6e896eaa526312b7fed52accd3c39d0d412d39177734f3db5e3467c11b9"	"transport-demand-lifecycle-business-rule-candidate"	"ready-for-agent-internal-implementation-spec-without-four-factor-requirement-approval"	"historical-MesIngest-phase-1-scope-current-applicability-needs-source-binding-and-reapproval"	"needs-business-owner-and-explicit-approval"	"document-route:R12-candidate; unit-kind:markdown-flow-or-list-item; source-document-class:R12-SPEC-MIXED; current-applicability:MesIngest Phase 1 implementation spec; possible decision summaries are mixed with architecture, defaults, UI/API and delivery design.; ledger-history:Created from internal planning and upstream MES/ADR material; ready-for-agent or confirmed wording is not a four-element approval record.; upstream-reference:ADR-mes-0006"	"BOUND-R12-001"	"not-approved"	"authoritative-business-source;responsible-business-owner;named-approver;approval-date;approved-scope;version-or-sha256-binding"
"R12-A0059"	"R12"	"R12-17"	".scratch/mes-ingest-phase-1/spec.md"	"0119b0f6b64658928f5f01f5c600dd7cd2d0199f6f30b1a9407620fd2b251f90"	"line 65"	"MesIngest Phase 1 > User Stories"	"As an auditor, I want DemandId allocation and GONE/reappear events retained in the projection store, so that instance history can be inspected after the fact."	"As an auditor, I want DemandId allocation and GONE/reappear events retained in the projection store, so that instance history can be inspected after the fact."	"53a2562b25e2bb84ae0ccf9d29da802554a1785f2cfbb86467ec29fa07777e5c"	"transport-demand-lifecycle-business-rule-candidate"	"ready-for-agent-internal-implementation-spec-without-four-factor-requirement-approval"	"historical-MesIngest-phase-1-scope-current-applicability-needs-source-binding-and-reapproval"	"needs-business-owner-and-explicit-approval"	"document-route:R12-candidate; unit-kind:markdown-flow-or-list-item; source-document-class:R12-SPEC-MIXED; current-applicability:MesIngest Phase 1 implementation spec; possible decision summaries are mixed with architecture, defaults, UI/API and delivery design.; ledger-history:Created from internal planning and upstream MES/ADR material; ready-for-agent or confirmed wording is not a four-element approval record.; upstream-reference:no-explicit-upstream-reference-in-atomic-unit"	"BOUND-R12-001,CF-R01-001"	"not-approved"	"authoritative-business-source;responsible-business-owner;named-approver;approval-date;approved-scope;version-or-sha256-binding"
"R12-A0060"	"R12"	"R12-17"	".scratch/mes-ingest-phase-1/spec.md"	"0119b0f6b64658928f5f01f5c600dd7cd2d0199f6f30b1a9407620fd2b251f90"	"line 66"	"MesIngest Phase 1 > User Stories"	"As an operator, I want unmatched PACKAGE kinds to remain visible as frozen PACKAGE values without blocking phase-1 ingest, so that package-universe discovery can continue offline without gating TransportDemand creation."	"As an operator, I want unmatched PACKAGE kinds to remain visible as frozen PACKAGE values without blocking phase-1 ingest, so that package-universe discovery can continue offline without gating TransportDemand creation."	"77974f24610f1b78fd455efb979dc87b5271b600668f96d61ae0b9eb997e116a"	"demand-behavior-relying-on-external-mes-contract-candidate"	"ready-for-agent-internal-implementation-spec-without-four-factor-requirement-approval"	"historical-MesIngest-phase-1-scope-current-applicability-needs-source-binding-and-reapproval"	"needs-business-owner-bound-data-contract-and-explicit-approval"	"document-route:R12-candidate; unit-kind:markdown-flow-or-list-item; source-document-class:R12-SPEC-MIXED; current-applicability:MesIngest Phase 1 implementation spec; possible decision summaries are mixed with architecture, defaults, UI/API and delivery design.; ledger-history:Created from internal planning and upstream MES/ADR material; ready-for-agent or confirmed wording is not a four-element approval record.; upstream-reference:no-explicit-upstream-reference-in-atomic-unit"	"BOUND-R12-001"	"not-approved"	"authoritative-business-owner;bound-MES-environment-query-version-and-result-evidence;named-approver;approval-date;approved-scope;version-or-sha256-binding"
"R12-A0061"	"R12"	"R12-17"	".scratch/mes-ingest-phase-1/spec.md"	"0119b0f6b64658928f5f01f5c600dd7cd2d0199f6f30b1a9407620fd2b251f90"	"line 71"	"MesIngest Phase 1 > Implementation Decisions > Boundary and phases"	"Product boundary follows ADR-mes-0006: MesIngest only; dispatch thick states are out of this delivery."	"Product boundary follows ADR-mes-0006: MesIngest only; dispatch thick states are out of this delivery."	"4618f07a4fc61054fd629d0f99281a3897875f666afaa306fb9c5046eeca17b9"	"mixed-historical-spec-claim-needing-owner-classification"	"ready-for-agent-internal-implementation-spec-without-four-factor-requirement-approval"	"historical-MesIngest-phase-1-scope-current-applicability-needs-source-binding-and-reapproval"	"needs-atomic-reframing-before-approval"	"document-route:R12-candidate; unit-kind:markdown-flow-or-list-item; source-document-class:R12-SPEC-MIXED; current-applicability:MesIngest Phase 1 implementation spec; possible decision summaries are mixed with architecture, defaults, UI/API and delivery design.; ledger-history:Created from internal planning and upstream MES/ADR material; ready-for-agent or confirmed wording is not a four-element approval record.; upstream-reference:ADR-mes-0006"	"BOUND-R12-001"	"not-approved"	"separate-business-obligation-from-technical-mechanism;responsible-owner-classification;named-approver;approval-date;approved-scope;version-or-sha256-binding"
"R12-A0062"	"R12"	"R12-17"	".scratch/mes-ingest-phase-1/spec.md"	"0119b0f6b64658928f5f01f5c600dd7cd2d0199f6f30b1a9407620fd2b251f90"	"line 72"	"MesIngest Phase 1 > Implementation Decisions > Boundary and phases"	"Tech stack follows ADR-mes-0007: C# Windows Service + optional WPF client + SQL Server projection store + Kestrel read-only API."	"Tech stack follows ADR-mes-0007: C# Windows Service + optional WPF client + SQL Server projection store + Kestrel read-only API."	"06837c6c824063727013e5068cd9ea2541b863338036c3a6443b1f02a56d5bd1"	"embedded-local-technical-design-or-test-decision"	"ready-for-agent-internal-implementation-spec-without-four-factor-requirement-approval"	"historical-MesIngest-phase-1-scope-current-applicability-needs-source-binding-and-reapproval"	"exclude-from-requirement-approval"	"document-route:R12-candidate; unit-kind:markdown-flow-or-list-item; source-document-class:R12-SPEC-MIXED; current-applicability:MesIngest Phase 1 implementation spec; possible decision summaries are mixed with architecture, defaults, UI/API and delivery design.; ledger-history:Created from internal planning and upstream MES/ADR material; ready-for-agent or confirmed wording is not a four-element approval record.; upstream-reference:ADR-mes-0007"	"BOUND-R12-001,CF-R01-002"	"not-approved"	"authoritative-requirement-source-if-behavior-is-required;separate-technical-decision-review;named-approver;approval-date;approved-scope;version-or-sha256-binding"
"R12-A0063"	"R12"	"R12-17"	".scratch/mes-ingest-phase-1/spec.md"	"0119b0f6b64658928f5f01f5c600dd7cd2d0199f6f30b1a9407620fd2b251f90"	"line 73"	"MesIngest Phase 1 > Implementation Decisions > Boundary and phases"	"Domain vocabulary: MesIngest, TransportDemand, DemandId (CONTEXT.md)."	"Domain vocabulary: MesIngest, TransportDemand, DemandId (CONTEXT.md)."	"8ad639032afb9cecaaa726f1426ee6cec9bbf49ff20fdc51b8a12ad9f1ad1a6e"	"transport-demand-lifecycle-business-rule-candidate"	"ready-for-agent-internal-implementation-spec-without-four-factor-requirement-approval"	"historical-MesIngest-phase-1-scope-current-applicability-needs-source-binding-and-reapproval"	"needs-business-owner-and-explicit-approval"	"document-route:R12-candidate; unit-kind:markdown-flow-or-list-item; source-document-class:R12-SPEC-MIXED; current-applicability:MesIngest Phase 1 implementation spec; possible decision summaries are mixed with architecture, defaults, UI/API and delivery design.; ledger-history:Created from internal planning and upstream MES/ADR material; ready-for-agent or confirmed wording is not a four-element approval record.; upstream-reference:root-CONTEXT.md-vocabulary-loop"	"BOUND-R12-001,CF-R01-001,RES-R08-003"	"not-approved"	"authoritative-business-source;responsible-business-owner;named-approver;approval-date;approved-scope;version-or-sha256-binding"
"R12-A0064"	"R12"	"R12-17"	".scratch/mes-ingest-phase-1/spec.md"	"0119b0f6b64658928f5f01f5c600dd7cd2d0199f6f30b1a9407620fd2b251f90"	"line 76"	"MesIngest Phase 1 > Implementation Decisions > Modules (logical)"	"**MesSnapshotSource** (internal replaceable adapter): reads a full MES_TASK_UNION round result — success rows, failure, or incomplete. Production adapter uses Oracle (Thin default, Thick switchable). Dev/lab adapters read recorded factory snapshots or fakes. Not a public product contract; exists so development machines without MES can still run the pipeline."	"**MesSnapshotSource** (internal replaceable adapter): reads a full MES_TASK_UNION round result — success rows, failure, or incomplete. Production adapter uses Oracle (Thin default, Thick switchable). Dev/lab adapters read recorded factory snapshots or fakes. Not a public product contract; exists so development machines without MES can still run the pipeline."	"35507b95af831c48e00307e5e8000fa0db5d1e767acab52a61f05c55b14f0e1e"	"tunable-operational-default-candidate"	"ready-for-agent-internal-implementation-spec-without-four-factor-requirement-approval"	"historical-MesIngest-phase-1-scope-current-applicability-needs-source-binding-and-reapproval"	"needs-responsible-owner-and-explicit-approval"	"document-route:R12-candidate; unit-kind:markdown-flow-or-list-item; source-document-class:R12-SPEC-MIXED; current-applicability:MesIngest Phase 1 implementation spec; possible decision summaries are mixed with architecture, defaults, UI/API and delivery design.; ledger-history:Created from internal planning and upstream MES/ADR material; ready-for-agent or confirmed wording is not a four-element approval record.; upstream-reference:MES_TASK_UNION-query-materials"	"BOUND-R12-001,RES-R11-001,BOUND-R11-001"	"not-approved"	"responsible-owner-classification;authoritative-source;named-approver;approval-date;approved-scope;version-or-sha256-binding"
"R12-A0065"	"R12"	"R12-17"	".scratch/mes-ingest-phase-1/spec.md"	"0119b0f6b64658928f5f01f5c600dd7cd2d0199f6f30b1a9407620fd2b251f90"	"line 77"	"MesIngest Phase 1 > Implementation Decisions > Modules (logical)"	"**TransportDemandReconciler** (core seam): pure projection step — prior persisted projection state + this round’s snapshot outcome → updated TransportDemands, per-type pause state, and alerts. Owns freeze, drift alert, VISIBLE uniqueness on TASK_TYPE+SUBLOT, disappear counting rules, GONE, reappear-new-DemandId, PAUSED_ZERO_DROP, restart barrier semantics, and go-live baseline filtering."	"**TransportDemandReconciler** (core seam): pure projection step — prior persisted projection state + this round’s snapshot outcome → updated TransportDemands, per-type pause state, and alerts. Owns freeze, drift alert, VISIBLE uniqueness on TASK_TYPE+SUBLOT, disappear counting rules, GONE, reappear-new-DemandId, PAUSED_ZERO_DROP, restart barrier semantics, and go-live baseline filtering."	"108158a3c8e624fa8e3beb3b0d150a54ecb03fe59894e7b67b957f9b504b7ef3"	"embedded-local-technical-design-or-test-decision"	"ready-for-agent-internal-implementation-spec-without-four-factor-requirement-approval"	"historical-MesIngest-phase-1-scope-current-applicability-needs-source-binding-and-reapproval"	"exclude-from-requirement-approval"	"document-route:R12-candidate; unit-kind:markdown-flow-or-list-item; source-document-class:R12-SPEC-MIXED; current-applicability:MesIngest Phase 1 implementation spec; possible decision summaries are mixed with architecture, defaults, UI/API and delivery design.; ledger-history:Created from internal planning and upstream MES/ADR material; ready-for-agent or confirmed wording is not a four-element approval record.; upstream-reference:no-explicit-upstream-reference-in-atomic-unit"	"BOUND-R12-001,CF-R01-001"	"not-approved"	"authoritative-requirement-source-if-behavior-is-required;separate-technical-decision-review;named-approver;approval-date;approved-scope;version-or-sha256-binding"
"R12-A0066"	"R12"	"R12-17"	".scratch/mes-ingest-phase-1/spec.md"	"0119b0f6b64658928f5f01f5c600dd7cd2d0199f6f30b1a9407620fd2b251f90"	"line 78"	"MesIngest Phase 1 > Implementation Decisions > Modules (logical)"	"**TransportDemandStore** (internal persistence adapter): SQL Server persistence for demands, per-type pause counters, poll health, and alerts needed after restart. Swappable with in-memory for tests; not elevated to a second public testing contract beyond smoke/integration."	"**TransportDemandStore** (internal persistence adapter): SQL Server persistence for demands, per-type pause counters, poll health, and alerts needed after restart. Swappable with in-memory for tests; not elevated to a second public testing contract beyond smoke/integration."	"f8d6b4a6dd2bfc5b4a8703a36a9b061e2d987b360b1cbf0628f1ef375b1ed8ae"	"embedded-local-technical-design-or-test-decision"	"ready-for-agent-internal-implementation-spec-without-four-factor-requirement-approval"	"historical-MesIngest-phase-1-scope-current-applicability-needs-source-binding-and-reapproval"	"exclude-from-requirement-approval"	"document-route:R12-candidate; unit-kind:markdown-flow-or-list-item; source-document-class:R12-SPEC-MIXED; current-applicability:MesIngest Phase 1 implementation spec; possible decision summaries are mixed with architecture, defaults, UI/API and delivery design.; ledger-history:Created from internal planning and upstream MES/ADR material; ready-for-agent or confirmed wording is not a four-element approval record.; upstream-reference:ADR-mes-0007"	"BOUND-R12-001"	"not-approved"	"authoritative-requirement-source-if-behavior-is-required;separate-technical-decision-review;named-approver;approval-date;approved-scope;version-or-sha256-binding"
"R12-A0067"	"R12"	"R12-17"	".scratch/mes-ingest-phase-1/spec.md"	"0119b0f6b64658928f5f01f5c600dd7cd2d0199f6f30b1a9407620fd2b251f90"	"line 79"	"MesIngest Phase 1 > Implementation Decisions > Modules (logical)"	"**PollHost** (Windows Service): single-flight poll loop, configurable post-success/failure delay, wires source → reconciler → store, hosts Kestrel."	"**PollHost** (Windows Service): single-flight poll loop, configurable post-success/failure delay, wires source → reconciler → store, hosts Kestrel."	"ac8090c205d3c91e94cd967401468ea8821f23e2114a7b8deea83662a517d400"	"embedded-local-technical-design-or-test-decision"	"ready-for-agent-internal-implementation-spec-without-four-factor-requirement-approval"	"historical-MesIngest-phase-1-scope-current-applicability-needs-source-binding-and-reapproval"	"exclude-from-requirement-approval"	"document-route:R12-candidate; unit-kind:markdown-flow-or-list-item; source-document-class:R12-SPEC-MIXED; current-applicability:MesIngest Phase 1 implementation spec; possible decision summaries are mixed with architecture, defaults, UI/API and delivery design.; ledger-history:Created from internal planning and upstream MES/ADR material; ready-for-agent or confirmed wording is not a four-element approval record.; upstream-reference:ADR-mes-0007"	"BOUND-R12-001"	"not-approved"	"authoritative-requirement-source-if-behavior-is-required;separate-technical-decision-review;named-approver;approval-date;approved-scope;version-or-sha256-binding"
"R12-A0068"	"R12"	"R12-17"	".scratch/mes-ingest-phase-1/spec.md"	"0119b0f6b64658928f5f01f5c600dd7cd2d0199f6f30b1a9407620fd2b251f90"	"line 80"	"MesIngest Phase 1 > Implementation Decisions > Modules (logical)"	"**ReadApi** (external seam): read-only HTTP surface shared by WPF and external programs."	"**ReadApi** (external seam): read-only HTTP surface shared by WPF and external programs."	"e542de485c8433fc8c18a1750ed72b59be9e6320454d16bfd1f833ba1458a536"	"embedded-local-technical-design-or-test-decision"	"ready-for-agent-internal-implementation-spec-without-four-factor-requirement-approval"	"historical-MesIngest-phase-1-scope-current-applicability-needs-source-binding-and-reapproval"	"exclude-from-requirement-approval"	"document-route:R12-candidate; unit-kind:markdown-flow-or-list-item; source-document-class:R12-SPEC-MIXED; current-applicability:MesIngest Phase 1 implementation spec; possible decision summaries are mixed with architecture, defaults, UI/API and delivery design.; ledger-history:Created from internal planning and upstream MES/ADR material; ready-for-agent or confirmed wording is not a four-element approval record.; upstream-reference:ADR-mes-0007"	"BOUND-R12-001,CF-R01-002"	"not-approved"	"authoritative-requirement-source-if-behavior-is-required;separate-technical-decision-review;named-approver;approval-date;approved-scope;version-or-sha256-binding"
"R12-A0069"	"R12"	"R12-17"	".scratch/mes-ingest-phase-1/spec.md"	"0119b0f6b64658928f5f01f5c600dd7cd2d0199f6f30b1a9407620fd2b251f90"	"line 81"	"MesIngest Phase 1 > Implementation Decisions > Modules (logical)"	"**WatchUi** (WPF): thin HTTP client; never hosts poll or owns projection truth."	"**WatchUi** (WPF): thin HTTP client; never hosts poll or owns projection truth."	"18fb24591464b08548f80c4d316b015709e059adaa2e6d9b2d2a6d379fe6e9e8"	"embedded-local-technical-design-or-test-decision"	"ready-for-agent-internal-implementation-spec-without-four-factor-requirement-approval"	"historical-MesIngest-phase-1-scope-current-applicability-needs-source-binding-and-reapproval"	"exclude-from-requirement-approval"	"document-route:R12-candidate; unit-kind:markdown-flow-or-list-item; source-document-class:R12-SPEC-MIXED; current-applicability:MesIngest Phase 1 implementation spec; possible decision summaries are mixed with architecture, defaults, UI/API and delivery design.; ledger-history:Created from internal planning and upstream MES/ADR material; ready-for-agent or confirmed wording is not a four-element approval record.; upstream-reference:ADR-mes-0007"	"BOUND-R12-001"	"not-approved"	"authoritative-requirement-source-if-behavior-is-required;separate-technical-decision-review;named-approver;approval-date;approved-scope;version-or-sha256-binding"
"R12-A0070"	"R12"	"R12-17"	".scratch/mes-ingest-phase-1/spec.md"	"0119b0f6b64658928f5f01f5c600dd7cd2d0199f6f30b1a9407620fd2b251f90"	"line 84"	"MesIngest Phase 1 > Implementation Decisions > Reconcile / projection semantics"	"External primary key: DemandId. Reconcile key: TASK_TYPE + SUBLOT; at most one VISIBLE per key."	"External primary key: DemandId. Reconcile key: TASK_TYPE + SUBLOT; at most one VISIBLE per key."	"57d66adc10f822aa4cda36b56a09cd7d44d8e142b7e29086ab11f53cfea8cc39"	"demand-behavior-relying-on-external-mes-contract-candidate"	"ready-for-agent-internal-implementation-spec-without-four-factor-requirement-approval"	"historical-MesIngest-phase-1-scope-current-applicability-needs-source-binding-and-reapproval"	"needs-business-owner-bound-data-contract-and-explicit-approval"	"document-route:R12-candidate; unit-kind:markdown-flow-or-list-item; source-document-class:R12-SPEC-MIXED; current-applicability:MesIngest Phase 1 implementation spec; possible decision summaries are mixed with architecture, defaults, UI/API and delivery design.; ledger-history:Created from internal planning and upstream MES/ADR material; ready-for-agent or confirmed wording is not a four-element approval record.; upstream-reference:no-explicit-upstream-reference-in-atomic-unit"	"BOUND-R12-001,CF-R01-001"	"not-approved"	"authoritative-business-owner;bound-MES-environment-query-version-and-result-evidence;named-approver;approval-date;approved-scope;version-or-sha256-binding"
"R12-A0071"	"R12"	"R12-17"	".scratch/mes-ingest-phase-1/spec.md"	"0119b0f6b64658928f5f01f5c600dd7cd2d0199f6f30b1a9407620fd2b251f90"	"line 85"	"MesIngest Phase 1 > Implementation Decisions > Reconcile / projection semantics"	"First VISIBLE freezes projected MES fields; later differences alert as drift and do not overwrite."	"First VISIBLE freezes projected MES fields; later differences alert as drift and do not overwrite."	"396a37deb1def23f808a3ed82856daa1734c9e36dee9044e15a92c211dab2ae1"	"incident-alert-and-operability-semantics-candidate"	"ready-for-agent-internal-implementation-spec-without-four-factor-requirement-approval"	"historical-MesIngest-phase-1-scope-current-applicability-needs-source-binding-and-reapproval"	"needs-operations-owner-and-explicit-approval"	"document-route:R12-candidate; unit-kind:markdown-flow-or-list-item; source-document-class:R12-SPEC-MIXED; current-applicability:MesIngest Phase 1 implementation spec; possible decision summaries are mixed with architecture, defaults, UI/API and delivery design.; ledger-history:Created from internal planning and upstream MES/ADR material; ready-for-agent or confirmed wording is not a four-element approval record.; upstream-reference:no-explicit-upstream-reference-in-atomic-unit"	"BOUND-R12-001"	"not-approved"	"responsible-operations-owner;incident-lifecycle-and-retention-scope;named-approver;approval-date;approved-scope;version-or-sha256-binding"
"R12-A0072"	"R12"	"R12-17"	".scratch/mes-ingest-phase-1/spec.md"	"0119b0f6b64658928f5f01f5c600dd7cd2d0199f6f30b1a9407620fd2b251f90"	"line 86"	"MesIngest Phase 1 > Implementation Decisions > Reconcile / projection semantics"	"Disappear increments only on complete successful polls; default GONE after 2 consecutive successful absences while not in PAUSED_ZERO_DROP for that type."	"Disappear increments only on complete successful polls; default GONE after 2 consecutive successful absences while not in PAUSED_ZERO_DROP for that type."	"ad788902dfa57e09b8fda1bb2e832b0984371282ea8631da5ed5d17f389ef3bd"	"tunable-operational-default-candidate"	"ready-for-agent-internal-implementation-spec-without-four-factor-requirement-approval"	"historical-MesIngest-phase-1-scope-current-applicability-needs-source-binding-and-reapproval"	"needs-responsible-owner-and-explicit-approval"	"document-route:R12-candidate; unit-kind:markdown-flow-or-list-item; source-document-class:R12-SPEC-MIXED; current-applicability:MesIngest Phase 1 implementation spec; possible decision summaries are mixed with architecture, defaults, UI/API and delivery design.; ledger-history:Created from internal planning and upstream MES/ADR material; ready-for-agent or confirmed wording is not a four-element approval record.; upstream-reference:no-explicit-upstream-reference-in-atomic-unit"	"BOUND-R12-001"	"not-approved"	"responsible-owner-classification;authoritative-source;named-approver;approval-date;approved-scope;version-or-sha256-binding"
"R12-A0073"	"R12"	"R12-17"	".scratch/mes-ingest-phase-1/spec.md"	"0119b0f6b64658928f5f01f5c600dd7cd2d0199f6f30b1a9407620fd2b251f90"	"line 87"	"MesIngest Phase 1 > Implementation Decisions > Reconcile / projection semantics"	"Phase-1 has no loading/session/“start transport” protection; those belong to later dispatch."	"Phase-1 has no loading/session/“start transport” protection; those belong to later dispatch."	"a8ea9fd4a6f6d722daf5cd30427565bf6488fa0d2dece8199f7bc498964524f1"	"transport-demand-lifecycle-business-rule-candidate"	"ready-for-agent-internal-implementation-spec-without-four-factor-requirement-approval"	"historical-MesIngest-phase-1-scope-current-applicability-needs-source-binding-and-reapproval"	"needs-business-owner-and-explicit-approval"	"document-route:R12-candidate; unit-kind:markdown-flow-or-list-item; source-document-class:R12-SPEC-MIXED; current-applicability:MesIngest Phase 1 implementation spec; possible decision summaries are mixed with architecture, defaults, UI/API and delivery design.; ledger-history:Created from internal planning and upstream MES/ADR material; ready-for-agent or confirmed wording is not a four-element approval record.; upstream-reference:no-explicit-upstream-reference-in-atomic-unit"	"BOUND-R12-001"	"not-approved"	"authoritative-business-source;responsible-business-owner;named-approver;approval-date;approved-scope;version-or-sha256-binding"
"R12-A0074"	"R12"	"R12-17"	".scratch/mes-ingest-phase-1/spec.md"	"0119b0f6b64658928f5f01f5c600dd7cd2d0199f6f30b1a9407620fd2b251f90"	"line 88"	"MesIngest Phase 1 > Implementation Decisions > Reconcile / projection semantics"	"Reappear after GONE → new DemandId + alert."	"Reappear after GONE → new DemandId + alert."	"4d300bd8e13a3952e02efe9a3ddd094ee516129048dc13e9f208e36e796d1ad7"	"incident-alert-and-operability-semantics-candidate"	"ready-for-agent-internal-implementation-spec-without-four-factor-requirement-approval"	"historical-MesIngest-phase-1-scope-current-applicability-needs-source-binding-and-reapproval"	"needs-operations-owner-and-explicit-approval"	"document-route:R12-candidate; unit-kind:markdown-flow-or-list-item; source-document-class:R12-SPEC-MIXED; current-applicability:MesIngest Phase 1 implementation spec; possible decision summaries are mixed with architecture, defaults, UI/API and delivery design.; ledger-history:Created from internal planning and upstream MES/ADR material; ready-for-agent or confirmed wording is not a four-element approval record.; upstream-reference:no-explicit-upstream-reference-in-atomic-unit"	"BOUND-R12-001,CF-R01-001"	"not-approved"	"responsible-operations-owner;incident-lifecycle-and-retention-scope;named-approver;approval-date;approved-scope;version-or-sha256-binding"
"R12-A0075"	"R12"	"R12-17"	".scratch/mes-ingest-phase-1/spec.md"	"0119b0f6b64658928f5f01f5c600dd7cd2d0199f6f30b1a9407620fd2b251f90"	"line 89"	"MesIngest Phase 1 > Implementation Decisions > Reconcile / projection semantics"	"Same-key multi-row in one successful snapshot → alert + block that key for the round."	"Same-key multi-row in one successful snapshot → alert + block that key for the round."	"0406092ef3d27792b7730b23506ef55276b9fce62ee6663f844c09b4e4d5a49f"	"incident-alert-and-operability-semantics-candidate"	"ready-for-agent-internal-implementation-spec-without-four-factor-requirement-approval"	"historical-MesIngest-phase-1-scope-current-applicability-needs-source-binding-and-reapproval"	"needs-operations-owner-and-explicit-approval"	"document-route:R12-candidate; unit-kind:markdown-flow-or-list-item; source-document-class:R12-SPEC-MIXED; current-applicability:MesIngest Phase 1 implementation spec; possible decision summaries are mixed with architecture, defaults, UI/API and delivery design.; ledger-history:Created from internal planning and upstream MES/ADR material; ready-for-agent or confirmed wording is not a four-element approval record.; upstream-reference:no-explicit-upstream-reference-in-atomic-unit"	"BOUND-R12-001"	"not-approved"	"responsible-operations-owner;incident-lifecycle-and-retention-scope;named-approver;approval-date;approved-scope;version-or-sha256-binding"
"R12-A0076"	"R12"	"R12-17"	".scratch/mes-ingest-phase-1/spec.md"	"0119b0f6b64658928f5f01f5c600dd7cd2d0199f6f30b1a9407620fd2b251f90"	"line 90"	"MesIngest Phase 1 > Implementation Decisions > Reconcile / projection semantics"	"PAUSED_ZERO_DROP: per TASK_TYPE; enter when previous healthy count ≥ threshold (default 10) and this successful count is 0; auto-clear after 2 consecutive successful counts > 0; no manual clear."	"PAUSED_ZERO_DROP: per TASK_TYPE; enter when previous healthy count ≥ threshold (default 10) and this successful count is 0; auto-clear after 2 consecutive successful counts > 0; no manual clear."	"86b6557c9f7192521824ef08d4c4c698b61c953e561c4db907b5c6fad0c46955"	"tunable-operational-default-candidate"	"ready-for-agent-internal-implementation-spec-without-four-factor-requirement-approval"	"historical-MesIngest-phase-1-scope-current-applicability-needs-source-binding-and-reapproval"	"needs-responsible-owner-and-explicit-approval"	"document-route:R12-candidate; unit-kind:markdown-flow-or-list-item; source-document-class:R12-SPEC-MIXED; current-applicability:MesIngest Phase 1 implementation spec; possible decision summaries are mixed with architecture, defaults, UI/API and delivery design.; ledger-history:Created from internal planning and upstream MES/ADR material; ready-for-agent or confirmed wording is not a four-element approval record.; upstream-reference:no-explicit-upstream-reference-in-atomic-unit"	"BOUND-R12-001"	"not-approved"	"responsible-owner-classification;authoritative-source;named-approver;approval-date;approved-scope;version-or-sha256-binding"
"R12-A0077"	"R12"	"R12-17"	".scratch/mes-ingest-phase-1/spec.md"	"0119b0f6b64658928f5f01f5c600dd7cd2d0199f6f30b1a9407620fd2b251f90"	"line 91"	"MesIngest Phase 1 > Implementation Decisions > Reconcile / projection semantics"	"Restart barrier: first successful poll after process start does not increment disappear / GONE; from second successful poll, normal rules apply; persist pause and disappear state across restarts as specified in the business model’s recovery snapshot rules (ingest-applicable subset only)."	"Restart barrier: first successful poll after process start does not increment disappear / GONE; from second successful poll, normal rules apply; persist pause and disappear state across restarts as specified in the business model’s recovery snapshot rules (ingest-applicable subset only)."	"cc4fcfd579406ab7a224f71eba03d20a377b99faa0398c1b2f23a8771d724932"	"transport-demand-lifecycle-business-rule-candidate"	"ready-for-agent-internal-implementation-spec-without-four-factor-requirement-approval"	"historical-MesIngest-phase-1-scope-current-applicability-needs-source-binding-and-reapproval"	"needs-business-owner-and-explicit-approval"	"document-route:R12-candidate; unit-kind:markdown-flow-or-list-item; source-document-class:R12-SPEC-MIXED; current-applicability:MesIngest Phase 1 implementation spec; possible decision summaries are mixed with architecture, defaults, UI/API and delivery design.; ledger-history:Created from internal planning and upstream MES/ADR material; ready-for-agent or confirmed wording is not a four-element approval record.; upstream-reference:no-explicit-upstream-reference-in-atomic-unit"	"BOUND-R12-001"	"not-approved"	"authoritative-business-source;responsible-business-owner;named-approver;approval-date;approved-scope;version-or-sha256-binding"
"R12-A0078"	"R12"	"R12-17"	".scratch/mes-ingest-phase-1/spec.md"	"0119b0f6b64658928f5f01f5c600dd7cd2d0199f6f30b1a9407620fd2b251f90"	"line 92"	"MesIngest Phase 1 > Implementation Decisions > Reconcile / projection semantics"	"Go-live baseline: configurable fixed timestamp filtered in application layer; default 2026-08-01 00:00:00; do not edit customer SQL."	"Go-live baseline: configurable fixed timestamp filtered in application layer; default 2026-08-01 00:00:00; do not edit customer SQL."	"9354209b92e69aabbd8e6982d14b65fd292f9a05967c9050e494ba5b6187bb58"	"tunable-operational-default-candidate"	"ready-for-agent-internal-implementation-spec-without-four-factor-requirement-approval"	"historical-MesIngest-phase-1-scope-current-applicability-needs-source-binding-and-reapproval"	"needs-responsible-owner-and-explicit-approval"	"document-route:R12-candidate; unit-kind:markdown-flow-or-list-item; source-document-class:R12-SPEC-MIXED; current-applicability:MesIngest Phase 1 implementation spec; possible decision summaries are mixed with architecture, defaults, UI/API and delivery design.; ledger-history:Created from internal planning and upstream MES/ADR material; ready-for-agent or confirmed wording is not a four-element approval record.; upstream-reference:no-explicit-upstream-reference-in-atomic-unit"	"BOUND-R12-001"	"not-approved"	"responsible-owner-classification;authoritative-source;named-approver;approval-date;approved-scope;version-or-sha256-binding"
"R12-A0079"	"R12"	"R12-17"	".scratch/mes-ingest-phase-1/spec.md"	"0119b0f6b64658928f5f01f5c600dd7cd2d0199f6f30b1a9407620fd2b251f90"	"line 93"	"MesIngest Phase 1 > Implementation Decisions > Reconcile / projection semantics"	"Unresolved AREA: still emit TransportDemand for watch/API with an explicit unresolved-mapping / location-risk signal in projection or alerts; do not implement AREA→station_name tables or RIoT map sync in phase 1."	"Unresolved AREA: still emit TransportDemand for watch/API with an explicit unresolved-mapping / location-risk signal in projection or alerts; do not implement AREA→station_name tables or RIoT map sync in phase 1."	"eb0ea8588d216dd3698d2e2f0b2be7b5df3878046ebdfbe36376e2f254340101"	"incident-alert-and-operability-semantics-candidate"	"ready-for-agent-internal-implementation-spec-without-four-factor-requirement-approval"	"historical-MesIngest-phase-1-scope-current-applicability-needs-source-binding-and-reapproval"	"needs-operations-owner-and-explicit-approval"	"document-route:R12-candidate; unit-kind:markdown-flow-or-list-item; source-document-class:R12-SPEC-MIXED; current-applicability:MesIngest Phase 1 implementation spec; possible decision summaries are mixed with architecture, defaults, UI/API and delivery design.; ledger-history:Created from internal planning and upstream MES/ADR material; ready-for-agent or confirmed wording is not a four-element approval record.; upstream-reference:no-explicit-upstream-reference-in-atomic-unit"	"BOUND-R12-001"	"not-approved"	"responsible-operations-owner;incident-lifecycle-and-retention-scope;named-approver;approval-date;approved-scope;version-or-sha256-binding"
"R12-A0080"	"R12"	"R12-17"	".scratch/mes-ingest-phase-1/spec.md"	"0119b0f6b64658928f5f01f5c600dd7cd2d0199f6f30b1a9407620fd2b251f90"	"line 94"	"MesIngest Phase 1 > Implementation Decisions > Reconcile / projection semantics"	"PACKAGE freeze is required; package-universe / basket-capacity enrichment is not required to create demands."	"PACKAGE freeze is required; package-universe / basket-capacity enrichment is not required to create demands."	"3bb94d515a4ab016aff05752ba401bd4d4e2689c5aa5b1c82d8107aa92fa60fb"	"demand-behavior-relying-on-external-mes-contract-candidate"	"ready-for-agent-internal-implementation-spec-without-four-factor-requirement-approval"	"historical-MesIngest-phase-1-scope-current-applicability-needs-source-binding-and-reapproval"	"needs-business-owner-bound-data-contract-and-explicit-approval"	"document-route:R12-candidate; unit-kind:markdown-flow-or-list-item; source-document-class:R12-SPEC-MIXED; current-applicability:MesIngest Phase 1 implementation spec; possible decision summaries are mixed with architecture, defaults, UI/API and delivery design.; ledger-history:Created from internal planning and upstream MES/ADR material; ready-for-agent or confirmed wording is not a four-element approval record.; upstream-reference:no-explicit-upstream-reference-in-atomic-unit"	"BOUND-R12-001"	"not-approved"	"authoritative-business-owner;bound-MES-environment-query-version-and-result-evidence;named-approver;approval-date;approved-scope;version-or-sha256-binding"
"R12-A0081"	"R12"	"R12-17"	".scratch/mes-ingest-phase-1/spec.md"	"0119b0f6b64658928f5f01f5c600dd7cd2d0199f6f30b1a9407620fd2b251f90"	"line 97"	"MesIngest Phase 1 > Implementation Decisions > Read-only HTTP contract (shared)"	"Serves current projection and health from the service process."	"Serves current projection and health from the service process."	"613adec579d09b8a0f84664aae314308c650408de737c5bde2b1a0fd89e883c2"	"read-api-or-downstream-sync-contract-candidate"	"ready-for-agent-internal-implementation-spec-without-four-factor-requirement-approval"	"historical-MesIngest-phase-1-scope-current-applicability-needs-source-binding-and-reapproval"	"needs-interface-owner-and-explicit-approval"	"document-route:R12-candidate; unit-kind:markdown-flow-or-list-item; source-document-class:R12-SPEC-MIXED; current-applicability:MesIngest Phase 1 implementation spec; possible decision summaries are mixed with architecture, defaults, UI/API and delivery design.; ledger-history:Created from internal planning and upstream MES/ADR material; ready-for-agent or confirmed wording is not a four-element approval record.; upstream-reference:no-explicit-upstream-reference-in-atomic-unit"	"BOUND-R12-001,CF-R01-002"	"not-approved"	"responsible-interface-owner;consumer-and-compatibility-scope;named-approver;approval-date;approved-scope;version-or-sha256-binding"
"R12-A0082"	"R12"	"R12-17"	".scratch/mes-ingest-phase-1/spec.md"	"0119b0f6b64658928f5f01f5c600dd7cd2d0199f6f30b1a9407620fd2b251f90"	"line 98"	"MesIngest Phase 1 > Implementation Decisions > Read-only HTTP contract (shared)"	"Minimum resources (names flexible, semantics fixed):"	"Minimum resources (names flexible, semantics fixed):"	"feeaf84aa9ca79bb191cb45879ca77c2492eb3a0e10a988f62013bd51b192114"	"read-api-or-downstream-sync-contract-candidate"	"ready-for-agent-internal-implementation-spec-without-four-factor-requirement-approval"	"historical-MesIngest-phase-1-scope-current-applicability-needs-source-binding-and-reapproval"	"needs-interface-owner-and-explicit-approval"	"document-route:R12-candidate; unit-kind:markdown-flow-or-list-item; source-document-class:R12-SPEC-MIXED; current-applicability:MesIngest Phase 1 implementation spec; possible decision summaries are mixed with architecture, defaults, UI/API and delivery design.; ledger-history:Created from internal planning and upstream MES/ADR material; ready-for-agent or confirmed wording is not a four-element approval record.; upstream-reference:no-explicit-upstream-reference-in-atomic-unit"	"BOUND-R12-001,CF-R01-002"	"not-approved"	"responsible-interface-owner;consumer-and-compatibility-scope;named-approver;approval-date;approved-scope;version-or-sha256-binding"
"R12-A0083"	"R12"	"R12-17"	".scratch/mes-ingest-phase-1/spec.md"	"0119b0f6b64658928f5f01f5c600dd7cd2d0199f6f30b1a9407620fd2b251f90"	"line 99"	"MesIngest Phase 1 > Implementation Decisions > Read-only HTTP contract (shared)"	"list/get TransportDemands (filter by status, TASK_TYPE, SUBLOT, DemandId);"	"list/get TransportDemands (filter by status, TASK_TYPE, SUBLOT, DemandId);"	"d1ee1dff26683b7fe149c219507275e61f28493ac9d59fe290253e89add11fc6"	"read-api-or-downstream-sync-contract-candidate"	"ready-for-agent-internal-implementation-spec-without-four-factor-requirement-approval"	"historical-MesIngest-phase-1-scope-current-applicability-needs-source-binding-and-reapproval"	"needs-interface-owner-and-explicit-approval"	"document-route:R12-candidate; unit-kind:markdown-flow-or-list-item; source-document-class:R12-SPEC-MIXED; current-applicability:MesIngest Phase 1 implementation spec; possible decision summaries are mixed with architecture, defaults, UI/API and delivery design.; ledger-history:Created from internal planning and upstream MES/ADR material; ready-for-agent or confirmed wording is not a four-element approval record.; upstream-reference:no-explicit-upstream-reference-in-atomic-unit"	"BOUND-R12-001,CF-R01-001,CF-R01-002"	"not-approved"	"responsible-interface-owner;consumer-and-compatibility-scope;named-approver;approval-date;approved-scope;version-or-sha256-binding"
"R12-A0084"	"R12"	"R12-17"	".scratch/mes-ingest-phase-1/spec.md"	"0119b0f6b64658928f5f01f5c600dd7cd2d0199f6f30b1a9407620fd2b251f90"	"line 100"	"MesIngest Phase 1 > Implementation Decisions > Read-only HTTP contract (shared)"	"list recent/active alerts;"	"list recent/active alerts;"	"8355641fb7071f016c4acc9db2f5b439a20b37bd55863109ae2ea08ccd9c01f3"	"incident-alert-and-operability-semantics-candidate"	"ready-for-agent-internal-implementation-spec-without-four-factor-requirement-approval"	"historical-MesIngest-phase-1-scope-current-applicability-needs-source-binding-and-reapproval"	"needs-operations-owner-and-explicit-approval"	"document-route:R12-candidate; unit-kind:markdown-flow-or-list-item; source-document-class:R12-SPEC-MIXED; current-applicability:MesIngest Phase 1 implementation spec; possible decision summaries are mixed with architecture, defaults, UI/API and delivery design.; ledger-history:Created from internal planning and upstream MES/ADR material; ready-for-agent or confirmed wording is not a four-element approval record.; upstream-reference:no-explicit-upstream-reference-in-atomic-unit"	"BOUND-R12-001,CF-R01-002"	"not-approved"	"responsible-operations-owner;incident-lifecycle-and-retention-scope;named-approver;approval-date;approved-scope;version-or-sha256-binding"
"R12-A0085"	"R12"	"R12-17"	".scratch/mes-ingest-phase-1/spec.md"	"0119b0f6b64658928f5f01f5c600dd7cd2d0199f6f30b1a9407620fd2b251f90"	"line 101"	"MesIngest Phase 1 > Implementation Decisions > Read-only HTTP contract (shared)"	"get latest poll health (timestamps, duration, row count, success/failure, per-type counts if cheap)."	"get latest poll health (timestamps, duration, row count, success/failure, per-type counts if cheap)."	"6267b276c2ccc918c8e81a9204b3c45b13635de62eae18ab87271ca1e6cd7619"	"read-api-or-downstream-sync-contract-candidate"	"ready-for-agent-internal-implementation-spec-without-four-factor-requirement-approval"	"historical-MesIngest-phase-1-scope-current-applicability-needs-source-binding-and-reapproval"	"needs-interface-owner-and-explicit-approval"	"document-route:R12-candidate; unit-kind:markdown-flow-or-list-item; source-document-class:R12-SPEC-MIXED; current-applicability:MesIngest Phase 1 implementation spec; possible decision summaries are mixed with architecture, defaults, UI/API and delivery design.; ledger-history:Created from internal planning and upstream MES/ADR material; ready-for-agent or confirmed wording is not a four-element approval record.; upstream-reference:no-explicit-upstream-reference-in-atomic-unit"	"BOUND-R12-001,CF-R01-002"	"not-approved"	"responsible-interface-owner;consumer-and-compatibility-scope;named-approver;approval-date;approved-scope;version-or-sha256-binding"
"R12-A0086"	"R12"	"R12-17"	".scratch/mes-ingest-phase-1/spec.md"	"0119b0f6b64658928f5f01f5c600dd7cd2d0199f6f30b1a9407620fd2b251f90"	"line 102"	"MesIngest Phase 1 > Implementation Decisions > Read-only HTTP contract (shared)"	"No write/command endpoints in phase 1 (no suppress, no force GONE, no clear pause, no manual create)."	"No write/command endpoints in phase 1 (no suppress, no force GONE, no clear pause, no manual create)."	"ab7bb469acda7e0b5f9ea19614e9399924c6111e28acbb5ae6ab73c607588f29"	"read-api-or-downstream-sync-contract-candidate"	"ready-for-agent-internal-implementation-spec-without-four-factor-requirement-approval"	"historical-MesIngest-phase-1-scope-current-applicability-needs-source-binding-and-reapproval"	"needs-interface-owner-and-explicit-approval"	"document-route:R12-candidate; unit-kind:markdown-flow-or-list-item; source-document-class:R12-SPEC-MIXED; current-applicability:MesIngest Phase 1 implementation spec; possible decision summaries are mixed with architecture, defaults, UI/API and delivery design.; ledger-history:Created from internal planning and upstream MES/ADR material; ready-for-agent or confirmed wording is not a four-element approval record.; upstream-reference:no-explicit-upstream-reference-in-atomic-unit"	"BOUND-R12-001,CF-R01-002"	"not-approved"	"responsible-interface-owner;consumer-and-compatibility-scope;named-approver;approval-date;approved-scope;version-or-sha256-binding"
"R12-A0087"	"R12"	"R12-17"	".scratch/mes-ingest-phase-1/spec.md"	"0119b0f6b64658928f5f01f5c600dd7cd2d0199f6f30b1a9407620fd2b251f90"	"line 103"	"MesIngest Phase 1 > Implementation Decisions > Read-only HTTP contract (shared)"	"Auth: local-machine first; if bound beyond localhost, require a simple configurable shared secret or equivalent — exact scheme may be chosen at implement time but must be documented in the install config. Prefer localhost binding by default."	"Auth: local-machine first; if bound beyond localhost, require a simple configurable shared secret or equivalent — exact scheme may be chosen at implement time but must be documented in the install config. Prefer localhost binding by default."	"3464522f4c9e992b669305f8fabf31be162850f57e3447888e4c2960e391ac8b"	"security-or-credential-boundary-candidate"	"ready-for-agent-internal-implementation-spec-without-four-factor-requirement-approval"	"historical-MesIngest-phase-1-scope-current-applicability-needs-source-binding-and-reapproval"	"needs-security-owner-and-explicit-approval"	"document-route:R12-candidate; unit-kind:markdown-flow-or-list-item; source-document-class:R12-SPEC-MIXED; current-applicability:MesIngest Phase 1 implementation spec; possible decision summaries are mixed with architecture, defaults, UI/API and delivery design.; ledger-history:Created from internal planning and upstream MES/ADR material; ready-for-agent or confirmed wording is not a four-element approval record.; upstream-reference:no-explicit-upstream-reference-in-atomic-unit"	"BOUND-R12-001,CF-R01-002"	"not-approved"	"security-owner;credential-and-binding-scope;named-approver;approval-date;approved-scope;version-or-sha256-binding"
"R12-A0088"	"R12"	"R12-17"	".scratch/mes-ingest-phase-1/spec.md"	"0119b0f6b64658928f5f01f5c600dd7cd2d0199f6f30b1a9407620fd2b251f90"	"line 104"	"MesIngest Phase 1 > Implementation Decisions > Read-only HTTP contract (shared)"	"WPF and external callers must use this same contract; WPF must not read SQL Server directly."	"WPF and external callers must use this same contract; WPF must not read SQL Server directly."	"27a9e5884f13f7c5a3a78f9ba81133d65f05e2a7d1f72998480663b3b4664de2"	"embedded-local-technical-design-or-test-decision"	"ready-for-agent-internal-implementation-spec-without-four-factor-requirement-approval"	"historical-MesIngest-phase-1-scope-current-applicability-needs-source-binding-and-reapproval"	"exclude-from-requirement-approval"	"document-route:R12-candidate; unit-kind:markdown-flow-or-list-item; source-document-class:R12-SPEC-MIXED; current-applicability:MesIngest Phase 1 implementation spec; possible decision summaries are mixed with architecture, defaults, UI/API and delivery design.; ledger-history:Created from internal planning and upstream MES/ADR material; ready-for-agent or confirmed wording is not a four-element approval record.; upstream-reference:ADR-mes-0007"	"BOUND-R12-001,CF-R01-002"	"not-approved"	"authoritative-requirement-source-if-behavior-is-required;separate-technical-decision-review;named-approver;approval-date;approved-scope;version-or-sha256-binding"
"R12-A0089"	"R12"	"R12-17"	".scratch/mes-ingest-phase-1/spec.md"	"0119b0f6b64658928f5f01f5c600dd7cd2d0199f6f30b1a9407620fd2b251f90"	"line 107"	"MesIngest Phase 1 > Implementation Decisions > SQL / Oracle / deploy"	"Query manuscript: official MES_TASK_UNION under the repo queries tree; publish copies beside the install as `queries/`; no divergent embedded production SQL fork."	"Query manuscript: official MES_TASK_UNION under the repo queries tree; publish copies beside the install as `queries/`; no divergent embedded production SQL fork."	"bb915f2ac71b8f23a22ae00ade0ec435e53379cf53412c380bf5de0f06569dab"	"external-mes-data-contract-or-source-boundary-candidate"	"ready-for-agent-internal-implementation-spec-without-four-factor-requirement-approval"	"historical-MesIngest-phase-1-scope-current-applicability-needs-source-binding-and-reapproval"	"needs-bound-external-data-contract-and-explicit-approval"	"document-route:R12-candidate; unit-kind:markdown-flow-or-list-item; source-document-class:R12-SPEC-MIXED; current-applicability:MesIngest Phase 1 implementation spec; possible decision summaries are mixed with architecture, defaults, UI/API and delivery design.; ledger-history:Created from internal planning and upstream MES/ADR material; ready-for-agent or confirmed wording is not a four-element approval record.; upstream-reference:MES_TASK_UNION-query-materials"	"BOUND-R12-001,RES-R11-001,BOUND-R11-001"	"not-approved"	"external-data-owner-or-authorized-delegate;bound-MES-environment-and-query-version;named-approver;approval-date;approved-scope;version-or-sha256-binding"
"R12-A0090"	"R12"	"R12-17"	".scratch/mes-ingest-phase-1/spec.md"	"0119b0f6b64658928f5f01f5c600dd7cd2d0199f6f30b1a9407620fd2b251f90"	"line 108"	"MesIngest Phase 1 > Implementation Decisions > SQL / Oracle / deploy"	"Expected columns: TASK_TYPE, SUBLOT, AREA, EQP, STEP, DATES, PACKAGE."	"Expected columns: TASK_TYPE, SUBLOT, AREA, EQP, STEP, DATES, PACKAGE."	"d38b2bda7b05ba5d6c3d35eed3e427e5e7226faf2281664fec9d0cd839592ac1"	"external-mes-data-contract-or-source-boundary-candidate"	"ready-for-agent-internal-implementation-spec-without-four-factor-requirement-approval"	"historical-MesIngest-phase-1-scope-current-applicability-needs-source-binding-and-reapproval"	"needs-bound-external-data-contract-and-explicit-approval"	"document-route:R12-candidate; unit-kind:markdown-flow-or-list-item; source-document-class:R12-SPEC-MIXED; current-applicability:MesIngest Phase 1 implementation spec; possible decision summaries are mixed with architecture, defaults, UI/API and delivery design.; ledger-history:Created from internal planning and upstream MES/ADR material; ready-for-agent or confirmed wording is not a four-element approval record.; upstream-reference:no-explicit-upstream-reference-in-atomic-unit"	"BOUND-R12-001"	"not-approved"	"external-data-owner-or-authorized-delegate;bound-MES-environment-and-query-version;named-approver;approval-date;approved-scope;version-or-sha256-binding"
"R12-A0091"	"R12"	"R12-17"	".scratch/mes-ingest-phase-1/spec.md"	"0119b0f6b64658928f5f01f5c600dd7cd2d0199f6f30b1a9407620fd2b251f90"	"line 109"	"MesIngest Phase 1 > Implementation Decisions > SQL / Oracle / deploy"	"Oracle: default Thin; Thick+Instant Client selectable by config; factory probe validates connectivity on plant PC."	"Oracle: default Thin; Thick+Instant Client selectable by config; factory probe validates connectivity on plant PC."	"cbde8b89ebac7db465d5ca1c0e0b5beac028a43b4fe15199ed8de89dac0816d5"	"tunable-operational-default-candidate"	"ready-for-agent-internal-implementation-spec-without-four-factor-requirement-approval"	"historical-MesIngest-phase-1-scope-current-applicability-needs-source-binding-and-reapproval"	"needs-responsible-owner-and-explicit-approval"	"document-route:R12-candidate; unit-kind:markdown-flow-or-list-item; source-document-class:R12-SPEC-MIXED; current-applicability:MesIngest Phase 1 implementation spec; possible decision summaries are mixed with architecture, defaults, UI/API and delivery design.; ledger-history:Created from internal planning and upstream MES/ADR material; ready-for-agent or confirmed wording is not a four-element approval record.; upstream-reference:no-explicit-upstream-reference-in-atomic-unit"	"BOUND-R12-001"	"not-approved"	"responsible-owner-classification;authoritative-source;named-approver;approval-date;approved-scope;version-or-sha256-binding"
"R12-A0092"	"R12"	"R12-17"	".scratch/mes-ingest-phase-1/spec.md"	"0119b0f6b64658928f5f01f5c600dd7cd2d0199f6f30b1a9407620fd2b251f90"	"line 110"	"MesIngest Phase 1 > Implementation Decisions > SQL / Oracle / deploy"	"Pool sizes, command timeouts, and exact NuGet driver package pins are implementer defaults subject to plant probe; must be configurable without code change for mode switch."	"Pool sizes, command timeouts, and exact NuGet driver package pins are implementer defaults subject to plant probe; must be configurable without code change for mode switch."	"5ad80142ee126294bb6b3f3a95e759dd1e84bdf42010dd795735a280b3e9aea9"	"embedded-local-technical-design-or-test-decision"	"ready-for-agent-internal-implementation-spec-without-four-factor-requirement-approval"	"historical-MesIngest-phase-1-scope-current-applicability-needs-source-binding-and-reapproval"	"exclude-from-requirement-approval"	"document-route:R12-candidate; unit-kind:markdown-flow-or-list-item; source-document-class:R12-SPEC-MIXED; current-applicability:MesIngest Phase 1 implementation spec; possible decision summaries are mixed with architecture, defaults, UI/API and delivery design.; ledger-history:Created from internal planning and upstream MES/ADR material; ready-for-agent or confirmed wording is not a four-element approval record.; upstream-reference:no-explicit-upstream-reference-in-atomic-unit"	"BOUND-R12-001"	"not-approved"	"authoritative-requirement-source-if-behavior-is-required;separate-technical-decision-review;named-approver;approval-date;approved-scope;version-or-sha256-binding"
"R12-A0093"	"R12"	"R12-17"	".scratch/mes-ingest-phase-1/spec.md"	"0119b0f6b64658928f5f01f5c600dd7cd2d0199f6f30b1a9407620fd2b251f90"	"line 111"	"MesIngest Phase 1 > Implementation Decisions > SQL / Oracle / deploy"	"Credentials only in local config; never commit."	"Credentials only in local config; never commit."	"b06632aa25f5cc6c9d9d64850fe8ba555d33ebd06f2ad518081c38cccb4d23dc"	"security-or-credential-boundary-candidate"	"ready-for-agent-internal-implementation-spec-without-four-factor-requirement-approval"	"historical-MesIngest-phase-1-scope-current-applicability-needs-source-binding-and-reapproval"	"needs-security-owner-and-explicit-approval"	"document-route:R12-candidate; unit-kind:markdown-flow-or-list-item; source-document-class:R12-SPEC-MIXED; current-applicability:MesIngest Phase 1 implementation spec; possible decision summaries are mixed with architecture, defaults, UI/API and delivery design.; ledger-history:Created from internal planning and upstream MES/ADR material; ready-for-agent or confirmed wording is not a four-element approval record.; upstream-reference:no-explicit-upstream-reference-in-atomic-unit"	"BOUND-R12-001"	"not-approved"	"security-owner;credential-and-binding-scope;named-approver;approval-date;approved-scope;version-or-sha256-binding"
"R12-A0094"	"R12"	"R12-17"	".scratch/mes-ingest-phase-1/spec.md"	"0119b0f6b64658928f5f01f5c600dd7cd2d0199f6f30b1a9407620fd2b251f90"	"line 112"	"MesIngest Phase 1 > Implementation Decisions > SQL / Oracle / deploy"	"Deploy unit: self-contained install directory (Service, config, queries, optional WPF)."	"Deploy unit: self-contained install directory (Service, config, queries, optional WPF)."	"467202a4cb9d3d082c2928cc4ea984a2b1e20636b299904bf1142aa2218c257c"	"embedded-local-technical-design-or-test-decision"	"ready-for-agent-internal-implementation-spec-without-four-factor-requirement-approval"	"historical-MesIngest-phase-1-scope-current-applicability-needs-source-binding-and-reapproval"	"exclude-from-requirement-approval"	"document-route:R12-candidate; unit-kind:markdown-flow-or-list-item; source-document-class:R12-SPEC-MIXED; current-applicability:MesIngest Phase 1 implementation spec; possible decision summaries are mixed with architecture, defaults, UI/API and delivery design.; ledger-history:Created from internal planning and upstream MES/ADR material; ready-for-agent or confirmed wording is not a four-element approval record.; upstream-reference:ADR-mes-0007"	"BOUND-R12-001"	"not-approved"	"authoritative-requirement-source-if-behavior-is-required;separate-technical-decision-review;named-approver;approval-date;approved-scope;version-or-sha256-binding"
"R12-A0095"	"R12"	"R12-17"	".scratch/mes-ingest-phase-1/spec.md"	"0119b0f6b64658928f5f01f5c600dd7cd2d0199f6f30b1a9407620fd2b251f90"	"line 113"	"MesIngest Phase 1 > Implementation Decisions > SQL / Oracle / deploy"	"Python meslab remains lab/evidence tooling only."	"Python meslab remains lab/evidence tooling only."	"3e791bfc376f5a9665deeee7d77f81e8b8a52b55e92edb8423f96f12afb86e21"	"mixed-historical-spec-claim-needing-owner-classification"	"ready-for-agent-internal-implementation-spec-without-four-factor-requirement-approval"	"historical-MesIngest-phase-1-scope-current-applicability-needs-source-binding-and-reapproval"	"needs-atomic-reframing-before-approval"	"document-route:R12-candidate; unit-kind:markdown-flow-or-list-item; source-document-class:R12-SPEC-MIXED; current-applicability:MesIngest Phase 1 implementation spec; possible decision summaries are mixed with architecture, defaults, UI/API and delivery design.; ledger-history:Created from internal planning and upstream MES/ADR material; ready-for-agent or confirmed wording is not a four-element approval record.; upstream-reference:R11-factory-run-and-query-evidence"	"BOUND-R12-001"	"not-approved"	"separate-business-obligation-from-technical-mechanism;responsible-owner-classification;named-approver;approval-date;approved-scope;version-or-sha256-binding"
"R12-A0096"	"R12"	"R12-17"	".scratch/mes-ingest-phase-1/spec.md"	"0119b0f6b64658928f5f01f5c600dd7cd2d0199f6f30b1a9407620fd2b251f90"	"line 116"	"MesIngest Phase 1 > Implementation Decisions > Schema (logical, not physical DDL mandate)"	"Persist TransportDemand rows with DemandId, reconcile key, frozen fields, status VISIBLE|GONE, seen/disappear metadata, created/gone timestamps."	"Persist TransportDemand rows with DemandId, reconcile key, frozen fields, status VISIBLE|GONE, seen/disappear metadata, created/gone timestamps."	"5e1fe4049a3aaefd444e65556c5dad8f8345d1c232e016921ecf5376a3a6800a"	"embedded-local-technical-design-or-test-decision"	"ready-for-agent-internal-implementation-spec-without-four-factor-requirement-approval"	"historical-MesIngest-phase-1-scope-current-applicability-needs-source-binding-and-reapproval"	"exclude-from-requirement-approval"	"document-route:R12-candidate; unit-kind:markdown-flow-or-list-item; source-document-class:R12-SPEC-MIXED; current-applicability:MesIngest Phase 1 implementation spec; possible decision summaries are mixed with architecture, defaults, UI/API and delivery design.; ledger-history:Created from internal planning and upstream MES/ADR material; ready-for-agent or confirmed wording is not a four-element approval record.; upstream-reference:no-explicit-upstream-reference-in-atomic-unit"	"BOUND-R12-001,CF-R01-001"	"not-approved"	"authoritative-requirement-source-if-behavior-is-required;separate-technical-decision-review;named-approver;approval-date;approved-scope;version-or-sha256-binding"
"R12-A0097"	"R12"	"R12-17"	".scratch/mes-ingest-phase-1/spec.md"	"0119b0f6b64658928f5f01f5c600dd7cd2d0199f6f30b1a9407620fd2b251f90"	"line 117"	"MesIngest Phase 1 > Implementation Decisions > Schema (logical, not physical DDL mandate)"	"Persist per-TASK_TYPE zero-drop / last healthy count / recovery streak."	"Persist per-TASK_TYPE zero-drop / last healthy count / recovery streak."	"efe882675e90ea17dacc5375551461b6f3b4716c6403fa6328f479020215f28b"	"embedded-local-technical-design-or-test-decision"	"ready-for-agent-internal-implementation-spec-without-four-factor-requirement-approval"	"historical-MesIngest-phase-1-scope-current-applicability-needs-source-binding-and-reapproval"	"exclude-from-requirement-approval"	"document-route:R12-candidate; unit-kind:markdown-flow-or-list-item; source-document-class:R12-SPEC-MIXED; current-applicability:MesIngest Phase 1 implementation spec; possible decision summaries are mixed with architecture, defaults, UI/API and delivery design.; ledger-history:Created from internal planning and upstream MES/ADR material; ready-for-agent or confirmed wording is not a four-element approval record.; upstream-reference:no-explicit-upstream-reference-in-atomic-unit"	"BOUND-R12-001"	"not-approved"	"authoritative-requirement-source-if-behavior-is-required;separate-technical-decision-review;named-approver;approval-date;approved-scope;version-or-sha256-binding"
"R12-A0098"	"R12"	"R12-17"	".scratch/mes-ingest-phase-1/spec.md"	"0119b0f6b64658928f5f01f5c600dd7cd2d0199f6f30b1a9407620fd2b251f90"	"line 118"	"MesIngest Phase 1 > Implementation Decisions > Schema (logical, not physical DDL mandate)"	"Persist recent poll runs and alerts needed for API/UI and restart."	"Persist recent poll runs and alerts needed for API/UI and restart."	"4d19237c627fbbc04ad379311add1cdca6886117f091d81de90ad60ef94dbc7a"	"embedded-local-technical-design-or-test-decision"	"ready-for-agent-internal-implementation-spec-without-four-factor-requirement-approval"	"historical-MesIngest-phase-1-scope-current-applicability-needs-source-binding-and-reapproval"	"exclude-from-requirement-approval"	"document-route:R12-candidate; unit-kind:markdown-flow-or-list-item; source-document-class:R12-SPEC-MIXED; current-applicability:MesIngest Phase 1 implementation spec; possible decision summaries are mixed with architecture, defaults, UI/API and delivery design.; ledger-history:Created from internal planning and upstream MES/ADR material; ready-for-agent or confirmed wording is not a four-element approval record.; upstream-reference:no-explicit-upstream-reference-in-atomic-unit"	"BOUND-R12-001"	"not-approved"	"authoritative-requirement-source-if-behavior-is-required;separate-technical-decision-review;named-approver;approval-date;approved-scope;version-or-sha256-binding"
"R12-A0099"	"R12"	"R12-17"	".scratch/mes-ingest-phase-1/spec.md"	"0119b0f6b64658928f5f01f5c600dd7cd2d0199f6f30b1a9407620fd2b251f90"	"line 119"	"MesIngest Phase 1 > Implementation Decisions > Schema (logical, not physical DDL mandate)"	"Physical SQL Server schema is an implementation detail behind the store adapter."	"Physical SQL Server schema is an implementation detail behind the store adapter."	"68e78de96b0f52c078dc69262170e667cda2dd1dad300e6e95f6153b6a57636f"	"embedded-local-technical-design-or-test-decision"	"ready-for-agent-internal-implementation-spec-without-four-factor-requirement-approval"	"historical-MesIngest-phase-1-scope-current-applicability-needs-source-binding-and-reapproval"	"exclude-from-requirement-approval"	"document-route:R12-candidate; unit-kind:markdown-flow-or-list-item; source-document-class:R12-SPEC-MIXED; current-applicability:MesIngest Phase 1 implementation spec; possible decision summaries are mixed with architecture, defaults, UI/API and delivery design.; ledger-history:Created from internal planning and upstream MES/ADR material; ready-for-agent or confirmed wording is not a four-element approval record.; upstream-reference:ADR-mes-0007"	"BOUND-R12-001"	"not-approved"	"authoritative-requirement-source-if-behavior-is-required;separate-technical-decision-review;named-approver;approval-date;approved-scope;version-or-sha256-binding"
"R12-A0100"	"R12"	"R12-17"	".scratch/mes-ingest-phase-1/spec.md"	"0119b0f6b64658928f5f01f5c600dd7cd2d0199f6f30b1a9407620fd2b251f90"	"line 122"	"MesIngest Phase 1 > Implementation Decisions > Defaults (tunable)"	"Post-poll delay: 10s after round completion."	"Post-poll delay: 10s after round completion."	"47e9d0c70bd59b9cb62dd7bcc80aa7039e7acc6743a827ac7cdbbea172b70b9c"	"tunable-operational-default-candidate"	"ready-for-agent-internal-implementation-spec-without-four-factor-requirement-approval"	"historical-MesIngest-phase-1-scope-current-applicability-needs-source-binding-and-reapproval"	"needs-responsible-owner-and-explicit-approval"	"document-route:R12-candidate; unit-kind:markdown-flow-or-list-item; source-document-class:R12-SPEC-MIXED; current-applicability:MesIngest Phase 1 implementation spec; possible decision summaries are mixed with architecture, defaults, UI/API and delivery design.; ledger-history:Created from internal planning and upstream MES/ADR material; ready-for-agent or confirmed wording is not a four-element approval record.; upstream-reference:no-explicit-upstream-reference-in-atomic-unit"	"BOUND-R12-001"	"not-approved"	"responsible-owner-classification;authoritative-source;named-approver;approval-date;approved-scope;version-or-sha256-binding"
"R12-A0101"	"R12"	"R12-17"	".scratch/mes-ingest-phase-1/spec.md"	"0119b0f6b64658928f5f01f5c600dd7cd2d0199f6f30b1a9407620fd2b251f90"	"line 123"	"MesIngest Phase 1 > Implementation Decisions > Defaults (tunable)"	"Query timeout: 30s (config)."	"Query timeout: 30s (config)."	"fb27ef5ebe53f37f4dbd303af45cd60d7caa1da3ecd06f0916baaccb1ac953e3"	"tunable-operational-default-candidate"	"ready-for-agent-internal-implementation-spec-without-four-factor-requirement-approval"	"historical-MesIngest-phase-1-scope-current-applicability-needs-source-binding-and-reapproval"	"needs-responsible-owner-and-explicit-approval"	"document-route:R12-candidate; unit-kind:markdown-flow-or-list-item; source-document-class:R12-SPEC-MIXED; current-applicability:MesIngest Phase 1 implementation spec; possible decision summaries are mixed with architecture, defaults, UI/API and delivery design.; ledger-history:Created from internal planning and upstream MES/ADR material; ready-for-agent or confirmed wording is not a four-element approval record.; upstream-reference:no-explicit-upstream-reference-in-atomic-unit"	"BOUND-R12-001"	"not-approved"	"responsible-owner-classification;authoritative-source;named-approver;approval-date;approved-scope;version-or-sha256-binding"
"R12-A0102"	"R12"	"R12-17"	".scratch/mes-ingest-phase-1/spec.md"	"0119b0f6b64658928f5f01f5c600dd7cd2d0199f6f30b1a9407620fd2b251f90"	"line 124"	"MesIngest Phase 1 > Implementation Decisions > Defaults (tunable)"	"Disappear threshold: 2 successful absences."	"Disappear threshold: 2 successful absences."	"ecad33c3d992683a931e0cfecd713c6d71c00e955882bdb548e2fbc39318e904"	"tunable-operational-default-candidate"	"ready-for-agent-internal-implementation-spec-without-four-factor-requirement-approval"	"historical-MesIngest-phase-1-scope-current-applicability-needs-source-binding-and-reapproval"	"needs-responsible-owner-and-explicit-approval"	"document-route:R12-candidate; unit-kind:markdown-flow-or-list-item; source-document-class:R12-SPEC-MIXED; current-applicability:MesIngest Phase 1 implementation spec; possible decision summaries are mixed with architecture, defaults, UI/API and delivery design.; ledger-history:Created from internal planning and upstream MES/ADR material; ready-for-agent or confirmed wording is not a four-element approval record.; upstream-reference:no-explicit-upstream-reference-in-atomic-unit"	"BOUND-R12-001"	"not-approved"	"responsible-owner-classification;authoritative-source;named-approver;approval-date;approved-scope;version-or-sha256-binding"
"R12-A0103"	"R12"	"R12-17"	".scratch/mes-ingest-phase-1/spec.md"	"0119b0f6b64658928f5f01f5c600dd7cd2d0199f6f30b1a9407620fd2b251f90"	"line 125"	"MesIngest Phase 1 > Implementation Decisions > Defaults (tunable)"	"Zero-drop enter threshold: 10."	"Zero-drop enter threshold: 10."	"d475b43b51276bf611a27cf9e110db95374e534c914a84775c940e6ff7cc9e8e"	"tunable-operational-default-candidate"	"ready-for-agent-internal-implementation-spec-without-four-factor-requirement-approval"	"historical-MesIngest-phase-1-scope-current-applicability-needs-source-binding-and-reapproval"	"needs-responsible-owner-and-explicit-approval"	"document-route:R12-candidate; unit-kind:markdown-flow-or-list-item; source-document-class:R12-SPEC-MIXED; current-applicability:MesIngest Phase 1 implementation spec; possible decision summaries are mixed with architecture, defaults, UI/API and delivery design.; ledger-history:Created from internal planning and upstream MES/ADR material; ready-for-agent or confirmed wording is not a four-element approval record.; upstream-reference:no-explicit-upstream-reference-in-atomic-unit"	"BOUND-R12-001"	"not-approved"	"responsible-owner-classification;authoritative-source;named-approver;approval-date;approved-scope;version-or-sha256-binding"
"R12-A0104"	"R12"	"R12-17"	".scratch/mes-ingest-phase-1/spec.md"	"0119b0f6b64658928f5f01f5c600dd7cd2d0199f6f30b1a9407620fd2b251f90"	"line 126"	"MesIngest Phase 1 > Implementation Decisions > Defaults (tunable)"	"Zero-drop clear: 2 consecutive successful non-zero rounds."	"Zero-drop clear: 2 consecutive successful non-zero rounds."	"d5761c9f72348916e7138408d8353afb4a5a14312f344ba589085e75d2fd2aa3"	"tunable-operational-default-candidate"	"ready-for-agent-internal-implementation-spec-without-four-factor-requirement-approval"	"historical-MesIngest-phase-1-scope-current-applicability-needs-source-binding-and-reapproval"	"needs-responsible-owner-and-explicit-approval"	"document-route:R12-candidate; unit-kind:markdown-flow-or-list-item; source-document-class:R12-SPEC-MIXED; current-applicability:MesIngest Phase 1 implementation spec; possible decision summaries are mixed with architecture, defaults, UI/API and delivery design.; ledger-history:Created from internal planning and upstream MES/ADR material; ready-for-agent or confirmed wording is not a four-element approval record.; upstream-reference:no-explicit-upstream-reference-in-atomic-unit"	"BOUND-R12-001"	"not-approved"	"responsible-owner-classification;authoritative-source;named-approver;approval-date;approved-scope;version-or-sha256-binding"
"R12-A0105"	"R12"	"R12-17"	".scratch/mes-ingest-phase-1/spec.md"	"0119b0f6b64658928f5f01f5c600dd7cd2d0199f6f30b1a9407620fd2b251f90"	"line 127"	"MesIngest Phase 1 > Implementation Decisions > Defaults (tunable)"	"Go-live baseline: 2026-08-01 00:00:00."	"Go-live baseline: 2026-08-01 00:00:00."	"3561bbc5823cfb9cfbfd30354f655d42e6337fbf9340d9e227a117da7ecc7f3d"	"tunable-operational-default-candidate"	"ready-for-agent-internal-implementation-spec-without-four-factor-requirement-approval"	"historical-MesIngest-phase-1-scope-current-applicability-needs-source-binding-and-reapproval"	"needs-responsible-owner-and-explicit-approval"	"document-route:R12-candidate; unit-kind:markdown-flow-or-list-item; source-document-class:R12-SPEC-MIXED; current-applicability:MesIngest Phase 1 implementation spec; possible decision summaries are mixed with architecture, defaults, UI/API and delivery design.; ledger-history:Created from internal planning and upstream MES/ADR material; ready-for-agent or confirmed wording is not a four-element approval record.; upstream-reference:no-explicit-upstream-reference-in-atomic-unit"	"BOUND-R12-001"	"not-approved"	"responsible-owner-classification;authoritative-source;named-approver;approval-date;approved-scope;version-or-sha256-binding"
"R12-A0106"	"R12"	"R12-17"	".scratch/mes-ingest-phase-1/spec.md"	"0119b0f6b64658928f5f01f5c600dd7cd2d0199f6f30b1a9407620fd2b251f90"	"line 132"	"MesIngest Phase 1 > Testing Decisions > What makes a good test"	"Assert observable outcomes of a round or an HTTP response: resulting TransportDemand set, alerts, pause flags, status codes/payloads."	"Assert observable outcomes of a round or an HTTP response: resulting TransportDemand set, alerts, pause flags, status codes/payloads."	"9ed764c42a93c2da7d8a1be2eeafdf23a96baa930df07be7781f2903050543fc"	"source-status-test-or-implementation-history-evidence"	"ready-for-agent-internal-implementation-spec-without-four-factor-requirement-approval"	"historical-MesIngest-phase-1-scope-current-applicability-needs-source-binding-and-reapproval"	"evidence-only"	"document-route:R12-candidate; unit-kind:markdown-flow-or-list-item; source-document-class:R12-SPEC-MIXED; current-applicability:MesIngest Phase 1 implementation spec; possible decision summaries are mixed with architecture, defaults, UI/API and delivery design.; ledger-history:Created from internal planning and upstream MES/ADR material; ready-for-agent or confirmed wording is not a four-element approval record.; upstream-reference:no-explicit-upstream-reference-in-atomic-unit"	"BOUND-R12-001"	"not-approved"	"evidence-only-not-an-approval-unit;named-approver;approval-date;approved-scope;version-or-sha256-binding"
"R12-A0107"	"R12"	"R12-17"	".scratch/mes-ingest-phase-1/spec.md"	"0119b0f6b64658928f5f01f5c600dd7cd2d0199f6f30b1a9407620fd2b251f90"	"line 133"	"MesIngest Phase 1 > Testing Decisions > What makes a good test"	"Do not assert internal private helpers, SQL text assembly, or WPF control trees as the primary suite."	"Do not assert internal private helpers, SQL text assembly, or WPF control trees as the primary suite."	"76b5295c07db899341e8914613db1d9880ab2d2d4629a0a15783cf4897a95e71"	"source-status-test-or-implementation-history-evidence"	"ready-for-agent-internal-implementation-spec-without-four-factor-requirement-approval"	"historical-MesIngest-phase-1-scope-current-applicability-needs-source-binding-and-reapproval"	"evidence-only"	"document-route:R12-candidate; unit-kind:markdown-flow-or-list-item; source-document-class:R12-SPEC-MIXED; current-applicability:MesIngest Phase 1 implementation spec; possible decision summaries are mixed with architecture, defaults, UI/API and delivery design.; ledger-history:Created from internal planning and upstream MES/ADR material; ready-for-agent or confirmed wording is not a four-element approval record.; upstream-reference:ADR-mes-0007"	"BOUND-R12-001"	"not-approved"	"evidence-only-not-an-approval-unit;named-approver;approval-date;approved-scope;version-or-sha256-binding"
"R12-A0108"	"R12"	"R12-17"	".scratch/mes-ingest-phase-1/spec.md"	"0119b0f6b64658928f5f01f5c600dd7cd2d0199f6f30b1a9407620fd2b251f90"	"line 134"	"MesIngest Phase 1 > Testing Decisions > What makes a good test"	"Prefer highest seams; avoid testing past them into adapter internals except for thin integration smokes."	"Prefer highest seams; avoid testing past them into adapter internals except for thin integration smokes."	"765a855051cacdad4fad6baf8f7ec6850b8ab5bad8cf8b77fa755b1c75f897c9"	"source-status-test-or-implementation-history-evidence"	"ready-for-agent-internal-implementation-spec-without-four-factor-requirement-approval"	"historical-MesIngest-phase-1-scope-current-applicability-needs-source-binding-and-reapproval"	"evidence-only"	"document-route:R12-candidate; unit-kind:markdown-flow-or-list-item; source-document-class:R12-SPEC-MIXED; current-applicability:MesIngest Phase 1 implementation spec; possible decision summaries are mixed with architecture, defaults, UI/API and delivery design.; ledger-history:Created from internal planning and upstream MES/ADR material; ready-for-agent or confirmed wording is not a four-element approval record.; upstream-reference:no-explicit-upstream-reference-in-atomic-unit"	"BOUND-R12-001"	"not-approved"	"evidence-only-not-an-approval-unit;named-approver;approval-date;approved-scope;version-or-sha256-binding"
"R12-A0109"	"R12"	"R12-17"	".scratch/mes-ingest-phase-1/spec.md"	"0119b0f6b64658928f5f01f5c600dd7cd2d0199f6f30b1a9407620fd2b251f90"	"line 137"	"MesIngest Phase 1 > Testing Decisions > Formal seams (scheme B)"	"**TransportDemandReconciler** — primary business suite: freeze, drift, VISIBLE uniqueness, disappear/GONE, reappear DemandId, multi-row block, PAUSED_ZERO_DROP, restart barrier, baseline filter, failed/incomplete round no-ops."	"**TransportDemandReconciler** — primary business suite: freeze, drift, VISIBLE uniqueness, disappear/GONE, reappear DemandId, multi-row block, PAUSED_ZERO_DROP, restart barrier, baseline filter, failed/incomplete round no-ops."	"8329659a949041df1cbca98a71ecf2469e5567b9343b3c7d8ff70ca3225ebd54"	"source-status-test-or-implementation-history-evidence"	"ready-for-agent-internal-implementation-spec-without-four-factor-requirement-approval"	"historical-MesIngest-phase-1-scope-current-applicability-needs-source-binding-and-reapproval"	"evidence-only"	"document-route:R12-candidate; unit-kind:markdown-flow-or-list-item; source-document-class:R12-SPEC-MIXED; current-applicability:MesIngest Phase 1 implementation spec; possible decision summaries are mixed with architecture, defaults, UI/API and delivery design.; ledger-history:Created from internal planning and upstream MES/ADR material; ready-for-agent or confirmed wording is not a four-element approval record.; upstream-reference:no-explicit-upstream-reference-in-atomic-unit"	"BOUND-R12-001,CF-R01-001"	"not-approved"	"evidence-only-not-an-approval-unit;named-approver;approval-date;approved-scope;version-or-sha256-binding"
"R12-A0110"	"R12"	"R12-17"	".scratch/mes-ingest-phase-1/spec.md"	"0119b0f6b64658928f5f01f5c600dd7cd2d0199f6f30b1a9407620fd2b251f90"	"line 138"	"MesIngest Phase 1 > Testing Decisions > Formal seams (scheme B)"	"**Read-only HTTP API** — contract suite: demand list/get filters, alert/health resources, shared semantics for WPF and external clients, no write verbs."	"**Read-only HTTP API** — contract suite: demand list/get filters, alert/health resources, shared semantics for WPF and external clients, no write verbs."	"4caf7e8d52691b4c108003cc2ea8a9ac0048329ef2466853ac0d4c5e3f07f031"	"source-status-test-or-implementation-history-evidence"	"ready-for-agent-internal-implementation-spec-without-four-factor-requirement-approval"	"historical-MesIngest-phase-1-scope-current-applicability-needs-source-binding-and-reapproval"	"evidence-only"	"document-route:R12-candidate; unit-kind:markdown-flow-or-list-item; source-document-class:R12-SPEC-MIXED; current-applicability:MesIngest Phase 1 implementation spec; possible decision summaries are mixed with architecture, defaults, UI/API and delivery design.; ledger-history:Created from internal planning and upstream MES/ADR material; ready-for-agent or confirmed wording is not a four-element approval record.; upstream-reference:ADR-mes-0007"	"BOUND-R12-001,CF-R01-002"	"not-approved"	"evidence-only-not-an-approval-unit;named-approver;approval-date;approved-scope;version-or-sha256-binding"
"R12-A0111"	"R12"	"R12-17"	".scratch/mes-ingest-phase-1/spec.md"	"0119b0f6b64658928f5f01f5c600dd7cd2d0199f6f30b1a9407620fd2b251f90"	"line 141"	"MesIngest Phase 1 > Testing Decisions > Supporting (not elevated to equal product seams)"	"In-memory or file MesSnapshotSource and in-memory store used behind tests of the above."	"In-memory or file MesSnapshotSource and in-memory store used behind tests of the above."	"fcf5eef37200d728ed8710018817939eb2904c03f8fd54a130b9940c862e58f9"	"source-status-test-or-implementation-history-evidence"	"ready-for-agent-internal-implementation-spec-without-four-factor-requirement-approval"	"historical-MesIngest-phase-1-scope-current-applicability-needs-source-binding-and-reapproval"	"evidence-only"	"document-route:R12-candidate; unit-kind:markdown-flow-or-list-item; source-document-class:R12-SPEC-MIXED; current-applicability:MesIngest Phase 1 implementation spec; possible decision summaries are mixed with architecture, defaults, UI/API and delivery design.; ledger-history:Created from internal planning and upstream MES/ADR material; ready-for-agent or confirmed wording is not a four-element approval record.; upstream-reference:no-explicit-upstream-reference-in-atomic-unit"	"BOUND-R12-001"	"not-approved"	"evidence-only-not-an-approval-unit;named-approver;approval-date;approved-scope;version-or-sha256-binding"
"R12-A0112"	"R12"	"R12-17"	".scratch/mes-ingest-phase-1/spec.md"	"0119b0f6b64658928f5f01f5c600dd7cd2d0199f6f30b1a9407620fd2b251f90"	"line 142"	"MesIngest Phase 1 > Testing Decisions > Supporting (not elevated to equal product seams)"	"Few plant/integration smokes: real Oracle probe on factory PC; real SQL Server persistence round-trip on a lab SQL instance when available."	"Few plant/integration smokes: real Oracle probe on factory PC; real SQL Server persistence round-trip on a lab SQL instance when available."	"ead5c1bd610abacc28fcb3902496d38c1a36a9bc87fba4afa3a586c6d3719629"	"source-status-test-or-implementation-history-evidence"	"ready-for-agent-internal-implementation-spec-without-four-factor-requirement-approval"	"historical-MesIngest-phase-1-scope-current-applicability-needs-source-binding-and-reapproval"	"evidence-only"	"document-route:R12-candidate; unit-kind:markdown-flow-or-list-item; source-document-class:R12-SPEC-MIXED; current-applicability:MesIngest Phase 1 implementation spec; possible decision summaries are mixed with architecture, defaults, UI/API and delivery design.; ledger-history:Created from internal planning and upstream MES/ADR material; ready-for-agent or confirmed wording is not a four-element approval record.; upstream-reference:ADR-mes-0007"	"BOUND-R12-001"	"not-approved"	"evidence-only-not-an-approval-unit;named-approver;approval-date;approved-scope;version-or-sha256-binding"
"R12-A0113"	"R12"	"R12-17"	".scratch/mes-ingest-phase-1/spec.md"	"0119b0f6b64658928f5f01f5c600dd7cd2d0199f6f30b1a9407620fd2b251f90"	"line 143"	"MesIngest Phase 1 > Testing Decisions > Supporting (not elevated to equal product seams)"	"WPF: manual acceptance against the live API (filters, banners, close-window-service-keeps-running); optional light ViewModel tests if cheap — not a third formal seam."	"WPF: manual acceptance against the live API (filters, banners, close-window-service-keeps-running); optional light ViewModel tests if cheap — not a third formal seam."	"49218f9cc33f7d7a92961408e6d44de5afbd6e23e88187d1fecafef5e65afec1"	"source-status-test-or-implementation-history-evidence"	"ready-for-agent-internal-implementation-spec-without-four-factor-requirement-approval"	"historical-MesIngest-phase-1-scope-current-applicability-needs-source-binding-and-reapproval"	"evidence-only"	"document-route:R12-candidate; unit-kind:markdown-flow-or-list-item; source-document-class:R12-SPEC-MIXED; current-applicability:MesIngest Phase 1 implementation spec; possible decision summaries are mixed with architecture, defaults, UI/API and delivery design.; ledger-history:Created from internal planning and upstream MES/ADR material; ready-for-agent or confirmed wording is not a four-element approval record.; upstream-reference:ADR-mes-0007"	"BOUND-R12-001"	"not-approved"	"evidence-only-not-an-approval-unit;named-approver;approval-date;approved-scope;version-or-sha256-binding"
"R12-A0114"	"R12"	"R12-17"	".scratch/mes-ingest-phase-1/spec.md"	"0119b0f6b64658928f5f01f5c600dd7cd2d0199f6f30b1a9407620fd2b251f90"	"line 146"	"MesIngest Phase 1 > Testing Decisions > Prior art"	"Factory evidence and meslab validation runs under mes evidence/samples for MES_TASK_UNION shape and performance expectations; use recorded snapshots as fixtures for file-source and reconciler tests."	"Factory evidence and meslab validation runs under mes evidence/samples for MES_TASK_UNION shape and performance expectations; use recorded snapshots as fixtures for file-source and reconciler tests."	"53971ecd1c169e22bd045c5c311a4b34d51b3b666fca8f6280ad9e9ade5439a0"	"source-status-test-or-implementation-history-evidence"	"ready-for-agent-internal-implementation-spec-without-four-factor-requirement-approval"	"historical-MesIngest-phase-1-scope-current-applicability-needs-source-binding-and-reapproval"	"evidence-only"	"document-route:R12-candidate; unit-kind:markdown-flow-or-list-item; source-document-class:R12-SPEC-MIXED; current-applicability:MesIngest Phase 1 implementation spec; possible decision summaries are mixed with architecture, defaults, UI/API and delivery design.; ledger-history:Created from internal planning and upstream MES/ADR material; ready-for-agent or confirmed wording is not a four-element approval record.; upstream-reference:MES_TASK_UNION-query-materials,R11-factory-run-and-query-evidence"	"BOUND-R12-001,RES-R11-001,BOUND-R11-001"	"not-approved"	"evidence-only-not-an-approval-unit;named-approver;approval-date;approved-scope;version-or-sha256-binding"
"R12-A0115"	"R12"	"R12-17"	".scratch/mes-ingest-phase-1/spec.md"	"0119b0f6b64658928f5f01f5c600dd7cd2d0199f6f30b1a9407620fd2b251f90"	"line 147"	"MesIngest Phase 1 > Testing Decisions > Prior art"	"No existing C# MesIngest test suite in-repo; greenfield tests should follow the two formal seams above rather than inventing per-layer mock theatres."	"No existing C# MesIngest test suite in-repo; greenfield tests should follow the two formal seams above rather than inventing per-layer mock theatres."	"3a4c60c065b932d9de43f5f02112fcb6f208296bc2a01d7bf70f26a0e1ad8a15"	"source-status-test-or-implementation-history-evidence"	"ready-for-agent-internal-implementation-spec-without-four-factor-requirement-approval"	"historical-MesIngest-phase-1-scope-current-applicability-needs-source-binding-and-reapproval"	"evidence-only"	"document-route:R12-candidate; unit-kind:markdown-flow-or-list-item; source-document-class:R12-SPEC-MIXED; current-applicability:MesIngest Phase 1 implementation spec; possible decision summaries are mixed with architecture, defaults, UI/API and delivery design.; ledger-history:Created from internal planning and upstream MES/ADR material; ready-for-agent or confirmed wording is not a four-element approval record.; upstream-reference:ADR-mes-0007"	"BOUND-R12-001"	"not-approved"	"evidence-only-not-an-approval-unit;named-approver;approval-date;approved-scope;version-or-sha256-binding"
"R12-A0116"	"R12"	"R12-17"	".scratch/mes-ingest-phase-1/spec.md"	"0119b0f6b64658928f5f01f5c600dd7cd2d0199f6f30b1a9407620fd2b251f90"	"line 151"	"MesIngest Phase 1 > Out of Scope"	"Dispatch, appoint vehicle, loading, delivering, multi-bin occupancy, start-transport protections."	"Dispatch, appoint vehicle, loading, delivering, multi-bin occupancy, start-transport protections."	"83cf5b88ded4e9a695e37189d69129ab01072bdf62a2128b259c847f5108066f"	"historical-product-scope-boundary-candidate"	"ready-for-agent-internal-implementation-spec-without-four-factor-requirement-approval"	"historical-MesIngest-phase-1-scope-current-applicability-needs-source-binding-and-reapproval"	"needs-product-owner-and-explicit-approval"	"document-route:R12-candidate; unit-kind:markdown-flow-or-list-item; source-document-class:R12-SPEC-MIXED; current-applicability:MesIngest Phase 1 implementation spec; possible decision summaries are mixed with architecture, defaults, UI/API and delivery design.; ledger-history:Created from internal planning and upstream MES/ADR material; ready-for-agent or confirmed wording is not a four-element approval record.; upstream-reference:no-explicit-upstream-reference-in-atomic-unit"	"BOUND-R12-001"	"not-approved"	"approved-product-scope-source;responsible-product-owner;named-approver;approval-date;approved-scope;version-or-sha256-binding"
"R12-A0117"	"R12"	"R12-17"	".scratch/mes-ingest-phase-1/spec.md"	"0119b0f6b64658928f5f01f5c600dd7cd2d0199f6f30b1a9407620fd2b251f90"	"line 152"	"MesIngest Phase 1 > Out of Scope"	"Permanent suppress set and any MesIngest write API that hides a reconcile key from projection."	"Permanent suppress set and any MesIngest write API that hides a reconcile key from projection."	"8f8aaece33785658ada700347e68a7f4f50cf141967188c4536a89e00d30b6bc"	"historical-product-scope-boundary-candidate"	"ready-for-agent-internal-implementation-spec-without-four-factor-requirement-approval"	"historical-MesIngest-phase-1-scope-current-applicability-needs-source-binding-and-reapproval"	"needs-product-owner-and-explicit-approval"	"document-route:R12-candidate; unit-kind:markdown-flow-or-list-item; source-document-class:R12-SPEC-MIXED; current-applicability:MesIngest Phase 1 implementation spec; possible decision summaries are mixed with architecture, defaults, UI/API and delivery design.; ledger-history:Created from internal planning and upstream MES/ADR material; ready-for-agent or confirmed wording is not a four-element approval record.; upstream-reference:no-explicit-upstream-reference-in-atomic-unit"	"BOUND-R12-001,CF-R01-001"	"not-approved"	"approved-product-scope-source;responsible-product-owner;named-approver;approval-date;approved-scope;version-or-sha256-binding"
"R12-A0118"	"R12"	"R12-17"	".scratch/mes-ingest-phase-1/spec.md"	"0119b0f6b64658928f5f01f5c600dd7cd2d0199f6f30b1a9407620fd2b251f90"	"line 153"	"MesIngest Phase 1 > Out of Scope"	"Full thick local task state machine (PENDING/DISPATCHED/LOADING/…)."	"Full thick local task state machine (PENDING/DISPATCHED/LOADING/…)."	"af69a6ecea011f5ca297b9ebb391cead6dda54e16e01224bcffba70acf9aebbd"	"historical-product-scope-boundary-candidate"	"ready-for-agent-internal-implementation-spec-without-four-factor-requirement-approval"	"historical-MesIngest-phase-1-scope-current-applicability-needs-source-binding-and-reapproval"	"needs-product-owner-and-explicit-approval"	"document-route:R12-candidate; unit-kind:markdown-flow-or-list-item; source-document-class:R12-SPEC-MIXED; current-applicability:MesIngest Phase 1 implementation spec; possible decision summaries are mixed with architecture, defaults, UI/API and delivery design.; ledger-history:Created from internal planning and upstream MES/ADR material; ready-for-agent or confirmed wording is not a four-element approval record.; upstream-reference:no-explicit-upstream-reference-in-atomic-unit"	"BOUND-R12-001"	"not-approved"	"approved-product-scope-source;responsible-product-owner;named-approver;approval-date;approved-scope;version-or-sha256-binding"
"R12-A0119"	"R12"	"R12-17"	".scratch/mes-ingest-phase-1/spec.md"	"0119b0f6b64658928f5f01f5c600dd7cd2d0199f6f30b1a9407620fd2b251f90"	"line 154"	"MesIngest Phase 1 > Out of Scope"	"AREA→station_name tables, RIoT map sync, station_id persistence."	"AREA→station_name tables, RIoT map sync, station_id persistence."	"60304dddae11e027113081d177cf5f3139e4934af1fd6ce1c64fadf1afd9c6b8"	"historical-product-scope-boundary-candidate"	"ready-for-agent-internal-implementation-spec-without-four-factor-requirement-approval"	"historical-MesIngest-phase-1-scope-current-applicability-needs-source-binding-and-reapproval"	"needs-product-owner-and-explicit-approval"	"document-route:R12-candidate; unit-kind:markdown-flow-or-list-item; source-document-class:R12-SPEC-MIXED; current-applicability:MesIngest Phase 1 implementation spec; possible decision summaries are mixed with architecture, defaults, UI/API and delivery design.; ledger-history:Created from internal planning and upstream MES/ADR material; ready-for-agent or confirmed wording is not a four-element approval record.; upstream-reference:no-explicit-upstream-reference-in-atomic-unit"	"BOUND-R12-001"	"not-approved"	"approved-product-scope-source;responsible-product-owner;named-approver;approval-date;approved-scope;version-or-sha256-binding"
"R12-A0120"	"R12"	"R12-17"	".scratch/mes-ingest-phase-1/spec.md"	"0119b0f6b64658928f5f01f5c600dd7cd2d0199f6f30b1a9407620fd2b251f90"	"line 155"	"MesIngest Phase 1 > Out of Scope"	"Concrete nitrogen cabinet station_name / AREA field mapping (config later; type still ingested)."	"Concrete nitrogen cabinet station_name / AREA field mapping (config later; type still ingested)."	"08c040b016bcb3d6cea353d0a64c5db8e6d6cc0e565a794ff648ce307a8603fc"	"historical-product-scope-boundary-candidate"	"ready-for-agent-internal-implementation-spec-without-four-factor-requirement-approval"	"historical-MesIngest-phase-1-scope-current-applicability-needs-source-binding-and-reapproval"	"needs-product-owner-and-explicit-approval"	"document-route:R12-candidate; unit-kind:markdown-flow-or-list-item; source-document-class:R12-SPEC-MIXED; current-applicability:MesIngest Phase 1 implementation spec; possible decision summaries are mixed with architecture, defaults, UI/API and delivery design.; ledger-history:Created from internal planning and upstream MES/ADR material; ready-for-agent or confirmed wording is not a four-element approval record.; upstream-reference:no-explicit-upstream-reference-in-atomic-unit"	"BOUND-R12-001"	"not-approved"	"approved-product-scope-source;responsible-product-owner;named-approver;approval-date;approved-scope;version-or-sha256-binding"
"R12-A0121"	"R12"	"R12-17"	".scratch/mes-ingest-phase-1/spec.md"	"0119b0f6b64658928f5f01f5c600dd7cd2d0199f6f30b1a9407620fd2b251f90"	"line 156"	"MesIngest Phase 1 > Out of Scope"	"package-universe-discovery completion; basket-capacity-driven loading UX."	"package-universe-discovery completion; basket-capacity-driven loading UX."	"886fa687bad9498c7d6ea2adb34d3299f12e79e96b7fd3767e1ee32976879440"	"historical-product-scope-boundary-candidate"	"ready-for-agent-internal-implementation-spec-without-four-factor-requirement-approval"	"historical-MesIngest-phase-1-scope-current-applicability-needs-source-binding-and-reapproval"	"needs-product-owner-and-explicit-approval"	"document-route:R12-candidate; unit-kind:markdown-flow-or-list-item; source-document-class:R12-SPEC-MIXED; current-applicability:MesIngest Phase 1 implementation spec; possible decision summaries are mixed with architecture, defaults, UI/API and delivery design.; ledger-history:Created from internal planning and upstream MES/ADR material; ready-for-agent or confirmed wording is not a four-element approval record.; upstream-reference:no-explicit-upstream-reference-in-atomic-unit"	"BOUND-R12-001"	"not-approved"	"approved-product-scope-source;responsible-product-owner;named-approver;approval-date;approved-scope;version-or-sha256-binding"
"R12-A0122"	"R12"	"R12-17"	".scratch/mes-ingest-phase-1/spec.md"	"0119b0f6b64658928f5f01f5c600dd7cd2d0199f6f30b1a9407620fd2b251f90"	"line 157"	"MesIngest Phase 1 > Out of Scope"	"Web UI (WPF first per ADR)."	"Web UI (WPF first per ADR)."	"889760667aaa8c78242da1c09ac9fa3de92f0024419898bbde5ba37267c37c09"	"historical-product-scope-boundary-candidate"	"ready-for-agent-internal-implementation-spec-without-four-factor-requirement-approval"	"historical-MesIngest-phase-1-scope-current-applicability-needs-source-binding-and-reapproval"	"needs-product-owner-and-explicit-approval"	"document-route:R12-candidate; unit-kind:markdown-flow-or-list-item; source-document-class:R12-SPEC-MIXED; current-applicability:MesIngest Phase 1 implementation spec; possible decision summaries are mixed with architecture, defaults, UI/API and delivery design.; ledger-history:Created from internal planning and upstream MES/ADR material; ready-for-agent or confirmed wording is not a four-element approval record.; upstream-reference:ADR-mes-0007"	"BOUND-R12-001"	"not-approved"	"approved-product-scope-source;responsible-product-owner;named-approver;approval-date;approved-scope;version-or-sha256-binding"
"R12-A0123"	"R12"	"R12-17"	".scratch/mes-ingest-phase-1/spec.md"	"0119b0f6b64658928f5f01f5c600dd7cd2d0199f6f30b1a9407620fd2b251f90"	"line 158"	"MesIngest Phase 1 > Out of Scope"	"Editing or forking customer MES SQL business predicates."	"Editing or forking customer MES SQL business predicates."	"063d98fdf3371af1c6df13fcfd401687488ac8aff5b2842b722d6f450243f5eb"	"historical-product-scope-boundary-candidate"	"ready-for-agent-internal-implementation-spec-without-four-factor-requirement-approval"	"historical-MesIngest-phase-1-scope-current-applicability-needs-source-binding-and-reapproval"	"needs-product-owner-and-explicit-approval"	"document-route:R12-candidate; unit-kind:markdown-flow-or-list-item; source-document-class:R12-SPEC-MIXED; current-applicability:MesIngest Phase 1 implementation spec; possible decision summaries are mixed with architecture, defaults, UI/API and delivery design.; ledger-history:Created from internal planning and upstream MES/ADR material; ready-for-agent or confirmed wording is not a four-element approval record.; upstream-reference:no-explicit-upstream-reference-in-atomic-unit"	"BOUND-R12-001"	"not-approved"	"approved-product-scope-source;responsible-product-owner;named-approver;approval-date;approved-scope;version-or-sha256-binding"
"R12-A0124"	"R12"	"R12-17"	".scratch/mes-ingest-phase-1/spec.md"	"0119b0f6b64658928f5f01f5c600dd7cd2d0199f6f30b1a9407620fd2b251f90"	"line 159"	"MesIngest Phase 1 > Out of Scope"	"Using Python meslab as the production ingest host."	"Using Python meslab as the production ingest host."	"a28674f23aa703ce54155a8d72b9b40f059ee902d2fe56a195349e06180bc3e0"	"historical-product-scope-boundary-candidate"	"ready-for-agent-internal-implementation-spec-without-four-factor-requirement-approval"	"historical-MesIngest-phase-1-scope-current-applicability-needs-source-binding-and-reapproval"	"needs-product-owner-and-explicit-approval"	"document-route:R12-candidate; unit-kind:markdown-flow-or-list-item; source-document-class:R12-SPEC-MIXED; current-applicability:MesIngest Phase 1 implementation spec; possible decision summaries are mixed with architecture, defaults, UI/API and delivery design.; ledger-history:Created from internal planning and upstream MES/ADR material; ready-for-agent or confirmed wording is not a four-element approval record.; upstream-reference:R11-factory-run-and-query-evidence"	"BOUND-R12-001"	"not-approved"	"approved-product-scope-source;responsible-product-owner;named-approver;approval-date;approved-scope;version-or-sha256-binding"
"R12-A0125"	"R12"	"R12-17"	".scratch/mes-ingest-phase-1/spec.md"	"0119b0f6b64658928f5f01f5c600dd7cd2d0199f6f30b1a9407620fd2b251f90"	"line 160"	"MesIngest Phase 1 > Out of Scope"	"Composite multi-SUBLOT vehicle missions."	"Composite multi-SUBLOT vehicle missions."	"ff385b02f554dacf95296f8110cc7bd0dc1388db244e16d8ce24a0c07f68bd00"	"historical-product-scope-boundary-candidate"	"ready-for-agent-internal-implementation-spec-without-four-factor-requirement-approval"	"historical-MesIngest-phase-1-scope-current-applicability-needs-source-binding-and-reapproval"	"needs-product-owner-and-explicit-approval"	"document-route:R12-candidate; unit-kind:markdown-flow-or-list-item; source-document-class:R12-SPEC-MIXED; current-applicability:MesIngest Phase 1 implementation spec; possible decision summaries are mixed with architecture, defaults, UI/API and delivery design.; ledger-history:Created from internal planning and upstream MES/ADR material; ready-for-agent or confirmed wording is not a four-element approval record.; upstream-reference:no-explicit-upstream-reference-in-atomic-unit"	"BOUND-R12-001"	"not-approved"	"approved-product-scope-source;responsible-product-owner;named-approver;approval-date;approved-scope;version-or-sha256-binding"
"R12-A0126"	"R12"	"R12-17"	".scratch/mes-ingest-phase-1/spec.md"	"0119b0f6b64658928f5f01f5c600dd7cd2d0199f6f30b1a9407620fd2b251f90"	"line 161"	"MesIngest Phase 1 > Out of Scope"	"Mock production tasks mixed into MES reconcile (if mocks appear later, they must be a separate source and id space)."	"Mock production tasks mixed into MES reconcile (if mocks appear later, they must be a separate source and id space)."	"a651579c3a7d90af3c6207606f79ce2681e709959f692d766652bf00be107fb7"	"historical-product-scope-boundary-candidate"	"ready-for-agent-internal-implementation-spec-without-four-factor-requirement-approval"	"historical-MesIngest-phase-1-scope-current-applicability-needs-source-binding-and-reapproval"	"needs-product-owner-and-explicit-approval"	"document-route:R12-candidate; unit-kind:markdown-flow-or-list-item; source-document-class:R12-SPEC-MIXED; current-applicability:MesIngest Phase 1 implementation spec; possible decision summaries are mixed with architecture, defaults, UI/API and delivery design.; ledger-history:Created from internal planning and upstream MES/ADR material; ready-for-agent or confirmed wording is not a four-element approval record.; upstream-reference:no-explicit-upstream-reference-in-atomic-unit"	"BOUND-R12-001"	"not-approved"	"approved-product-scope-source;responsible-product-owner;named-approver;approval-date;approved-scope;version-or-sha256-binding"
"R12-A0127"	"R12"	"R12-17"	".scratch/mes-ingest-phase-1/spec.md"	"0119b0f6b64658928f5f01f5c600dd7cd2d0199f6f30b1a9407620fd2b251f90"	"line 165"	"MesIngest Phase 1 > Further Notes"	"Business model doc thick chapters still describe target dispatch behavior; phase-1 reading guide is §1.1 plus ADR-mes-0006/0007. Implement ingest-applicable reconcile/recovery/zero-drop rules; do not implement loading-protection cancellation gates."	"Business model doc thick chapters still describe target dispatch behavior; phase-1 reading guide is §1.1 plus ADR-mes-0006/0007. Implement ingest-applicable reconcile/recovery/zero-drop rules; do not implement loading-protection cancellation gates."	"51af398f069ea9b62a35f922f21d65d0d4a7b8cf1ac2fd73dc4fad1a65c8cc9d"	"source-status-test-or-implementation-history-evidence"	"ready-for-agent-internal-implementation-spec-without-four-factor-requirement-approval"	"historical-MesIngest-phase-1-scope-current-applicability-needs-source-binding-and-reapproval"	"evidence-only"	"document-route:R12-candidate; unit-kind:markdown-flow-or-list-item; source-document-class:R12-SPEC-MIXED; current-applicability:MesIngest Phase 1 implementation spec; possible decision summaries are mixed with architecture, defaults, UI/API and delivery design.; ledger-history:Created from internal planning and upstream MES/ADR material; ready-for-agent or confirmed wording is not a four-element approval record.; upstream-reference:ADR-mes-0006"	"BOUND-R12-001"	"not-approved"	"evidence-only-not-an-approval-unit;named-approver;approval-date;approved-scope;version-or-sha256-binding"
"R12-A0128"	"R12"	"R12-17"	".scratch/mes-ingest-phase-1/spec.md"	"0119b0f6b64658928f5f01f5c600dd7cd2d0199f6f30b1a9407620fd2b251f90"	"line 166"	"MesIngest Phase 1 > Further Notes"	"Development constraint: MES Oracle is typically only reachable on a plant PC via copy-deploy. File/fake snapshot sources are first-class for local progress; human verification of live SQL results remains a plant activity and is not replaced by fakes."	"Development constraint: MES Oracle is typically only reachable on a plant PC via copy-deploy. File/fake snapshot sources are first-class for local progress; human verification of live SQL results remains a plant activity and is not replaced by fakes."	"48b6090a365705a90f1d1e5c3f7ff822c495362ed1e70517443459c3025289ad"	"source-status-test-or-implementation-history-evidence"	"ready-for-agent-internal-implementation-spec-without-four-factor-requirement-approval"	"historical-MesIngest-phase-1-scope-current-applicability-needs-source-binding-and-reapproval"	"evidence-only"	"document-route:R12-candidate; unit-kind:markdown-flow-or-list-item; source-document-class:R12-SPEC-MIXED; current-applicability:MesIngest Phase 1 implementation spec; possible decision summaries are mixed with architecture, defaults, UI/API and delivery design.; ledger-history:Created from internal planning and upstream MES/ADR material; ready-for-agent or confirmed wording is not a four-element approval record.; upstream-reference:no-explicit-upstream-reference-in-atomic-unit"	"BOUND-R12-001"	"not-approved"	"evidence-only-not-an-approval-unit;named-approver;approval-date;approved-scope;version-or-sha256-binding"
"R12-A0129"	"R12"	"R12-17"	".scratch/mes-ingest-phase-1/spec.md"	"0119b0f6b64658928f5f01f5c600dd7cd2d0199f6f30b1a9407620fd2b251f90"	"line 167"	"MesIngest Phase 1 > Further Notes"	"Performance context from factory re-validation (order-of-magnitude): successful union rounds ~3s average / sub-5s typical on plant evidence; treat as ops expectation, not a hard gate inside unit tests."	"Performance context from factory re-validation (order-of-magnitude): successful union rounds ~3s average / sub-5s typical on plant evidence; treat as ops expectation, not a hard gate inside unit tests."	"5d899f5560ece60fa1400d78b49e4cddb15fffd994e84eab04f61b19fec117b5"	"source-status-test-or-implementation-history-evidence"	"ready-for-agent-internal-implementation-spec-without-four-factor-requirement-approval"	"historical-MesIngest-phase-1-scope-current-applicability-needs-source-binding-and-reapproval"	"evidence-only"	"document-route:R12-candidate; unit-kind:markdown-flow-or-list-item; source-document-class:R12-SPEC-MIXED; current-applicability:MesIngest Phase 1 implementation spec; possible decision summaries are mixed with architecture, defaults, UI/API and delivery design.; ledger-history:Created from internal planning and upstream MES/ADR material; ready-for-agent or confirmed wording is not a four-element approval record.; upstream-reference:R11-factory-run-and-query-evidence"	"BOUND-R12-001,EVID-R11-001"	"not-approved"	"evidence-only-not-an-approval-unit;named-approver;approval-date;approved-scope;version-or-sha256-binding"
"R12-A0130"	"R12"	"R12-17"	".scratch/mes-ingest-phase-1/spec.md"	"0119b0f6b64658928f5f01f5c600dd7cd2d0199f6f30b1a9407620fd2b251f90"	"line 168"	"MesIngest Phase 1 > Further Notes"	"Next skill after acceptance of this spec: `/to-tickets` to split tracer-bullet issues under `.scratch/mes-ingest-phase-1/issues/`."	"Next skill after acceptance of this spec: `/to-tickets` to split tracer-bullet issues under `.scratch/mes-ingest-phase-1/issues/`."	"0cf3146ada4fed893874fe8c22c7c81b34f61b523717a6b8c6a0100d698b3678"	"source-status-test-or-implementation-history-evidence"	"ready-for-agent-internal-implementation-spec-without-four-factor-requirement-approval"	"historical-MesIngest-phase-1-scope-current-applicability-needs-source-binding-and-reapproval"	"evidence-only"	"document-route:R12-candidate; unit-kind:markdown-flow-or-list-item; source-document-class:R12-SPEC-MIXED; current-applicability:MesIngest Phase 1 implementation spec; possible decision summaries are mixed with architecture, defaults, UI/API and delivery design.; ledger-history:Created from internal planning and upstream MES/ADR material; ready-for-agent or confirmed wording is not a four-element approval record.; upstream-reference:no-explicit-upstream-reference-in-atomic-unit"	"BOUND-R12-001"	"not-approved"	"evidence-only-not-an-approval-unit;named-approver;approval-date;approved-scope;version-or-sha256-binding"
"R12-A0131"	"R12"	"R12-50"	".scratch/mes-ingest-watch-operations/spec.md"	"1952e28681dc50e849f6e61ceee095896e48cff82cb449bb0526c44895b24e9b"	"line 3"	"MesIngest Watch Operations and Scalable Read Model"	"Status: ready-for-agent"	"Status: ready-for-agent"	"8a27b57758f426729b77fe7b6419fadb9ce28159f9ce1576f62dc44155aa7d14"	"source-status-test-or-implementation-history-evidence"	"ready-for-agent-and-self-described-confirmed-internal-spec-without-four-factor-requirement-approval"	"historical-MesIngest-watch-operations-scope-current-applicability-needs-source-binding-and-reapproval"	"evidence-only"	"document-route:R12-candidate; unit-kind:markdown-paragraph; source-document-class:R12-SPEC-MIXED; current-applicability:MesIngest Watch Operations implementation spec; possible decision summaries are mixed with architecture, defaults, UI/API and delivery design.; ledger-history:Created from internal planning and upstream MES/ADR material; ready-for-agent or confirmed wording is not a four-element approval record.; upstream-reference:MesIngest-Phase-1-spec; exact-duplicate-of:R12-A0001"	"BOUND-R12-001"	"not-approved"	"evidence-only-not-an-approval-unit;named-approver;approval-date;approved-scope;version-or-sha256-binding"
"R12-A0132"	"R12"	"R12-50"	".scratch/mes-ingest-watch-operations/spec.md"	"1952e28681dc50e849f6e61ceee095896e48cff82cb449bb0526c44895b24e9b"	"line 7"	"MesIngest Watch Operations and Scalable Read Model > Problem Statement"	"MesIngest Phase 1 已能从客户批准的只读 Oracle 查询生成 TransportDemand，并由 WPF Watch 展示，但当前运维与读取路径存在可用性和规模问题：时间显示混用 UTC/默认格式；"	"MesIngest Phase 1 已能从客户批准的只读 Oracle 查询生成 TransportDemand，并由 WPF Watch 展示，但当前运维与读取路径存在可用性和规模问题：时间显示混用 UTC/默认格式；Watch HTTP 超时写死且故障易闪逝；Demand 列表缺少可扩展分页、DemandId 快速查询和完整表格交互；Alert 只有通用 Message 且同一持续问题每轮重复插入；SQL Server 每轮删除重建全部投影并把永久 GONE 历史带入热路径；未来持有本地镜像的下游程序无法可靠增量获得 CREATED/GONE。"	"2a749138952be33551857d96fb681d11eb2c3c1ea98447300e9b1c78dc834633"	"tunable-operational-default-candidate"	"ready-for-agent-and-self-described-confirmed-internal-spec-without-four-factor-requirement-approval"	"historical-MesIngest-watch-operations-scope-current-applicability-needs-source-binding-and-reapproval"	"needs-responsible-owner-and-explicit-approval"	"document-route:R12-candidate; unit-kind:markdown-paragraph; source-document-class:R12-SPEC-MIXED; current-applicability:MesIngest Watch Operations implementation spec; possible decision summaries are mixed with architecture, defaults, UI/API and delivery design.; ledger-history:Created from internal planning and upstream MES/ADR material; ready-for-agent or confirmed wording is not a four-element approval record.; upstream-reference:MesIngest-Phase-1-spec,ADR-mes-0007"	"BOUND-R12-001,CF-R01-002,RES-R11-001,BOUND-R11-001"	"not-approved"	"responsible-owner-classification;authoritative-source;named-approver;approval-date;approved-scope;version-or-sha256-binding"
"R12-A0133"	"R12"	"R12-50"	".scratch/mes-ingest-watch-operations/spec.md"	"1952e28681dc50e849f6e61ceee095896e48cff82cb449bb0526c44895b24e9b"	"line 7"	"MesIngest Watch Operations and Scalable Read Model > Problem Statement"	"Watch HTTP 超时写死且故障易闪逝；"	"MesIngest Phase 1 已能从客户批准的只读 Oracle 查询生成 TransportDemand，并由 WPF Watch 展示，但当前运维与读取路径存在可用性和规模问题：时间显示混用 UTC/默认格式；Watch HTTP 超时写死且故障易闪逝；Demand 列表缺少可扩展分页、DemandId 快速查询和完整表格交互；Alert 只有通用 Message 且同一持续问题每轮重复插入；SQL Server 每轮删除重建全部投影并把永久 GONE 历史带入热路径；未来持有本地镜像的下游程序无法可靠增量获得 CREATED/GONE。"	"f1b0588035b6e15e230096daa341edafae9ab6167d93747f6f032fc496496fb7"	"operator-watch-ux-and-operability-candidate"	"ready-for-agent-and-self-described-confirmed-internal-spec-without-four-factor-requirement-approval"	"historical-MesIngest-watch-operations-scope-current-applicability-needs-source-binding-and-reapproval"	"needs-operator-product-owner-and-explicit-approval"	"document-route:R12-candidate; unit-kind:markdown-paragraph; source-document-class:R12-SPEC-MIXED; current-applicability:MesIngest Watch Operations implementation spec; possible decision summaries are mixed with architecture, defaults, UI/API and delivery design.; ledger-history:Created from internal planning and upstream MES/ADR material; ready-for-agent or confirmed wording is not a four-element approval record.; upstream-reference:MesIngest-Phase-1-spec"	"BOUND-R12-001"	"not-approved"	"operator-workflow-owner;approved-usability-and-operability-scope;named-approver;approval-date;approved-scope;version-or-sha256-binding"
"R12-A0134"	"R12"	"R12-50"	".scratch/mes-ingest-watch-operations/spec.md"	"1952e28681dc50e849f6e61ceee095896e48cff82cb449bb0526c44895b24e9b"	"line 7"	"MesIngest Watch Operations and Scalable Read Model > Problem Statement"	"Demand 列表缺少可扩展分页、DemandId 快速查询和完整表格交互；"	"MesIngest Phase 1 已能从客户批准的只读 Oracle 查询生成 TransportDemand，并由 WPF Watch 展示，但当前运维与读取路径存在可用性和规模问题：时间显示混用 UTC/默认格式；Watch HTTP 超时写死且故障易闪逝；Demand 列表缺少可扩展分页、DemandId 快速查询和完整表格交互；Alert 只有通用 Message 且同一持续问题每轮重复插入；SQL Server 每轮删除重建全部投影并把永久 GONE 历史带入热路径；未来持有本地镜像的下游程序无法可靠增量获得 CREATED/GONE。"	"e692b92c2e0a4a636740ce1d33a4a8f2ecebb7c84a8875fbe911e3c7abf2bd4a"	"read-api-or-downstream-sync-contract-candidate"	"ready-for-agent-and-self-described-confirmed-internal-spec-without-four-factor-requirement-approval"	"historical-MesIngest-watch-operations-scope-current-applicability-needs-source-binding-and-reapproval"	"needs-interface-owner-and-explicit-approval"	"document-route:R12-candidate; unit-kind:markdown-paragraph; source-document-class:R12-SPEC-MIXED; current-applicability:MesIngest Watch Operations implementation spec; possible decision summaries are mixed with architecture, defaults, UI/API and delivery design.; ledger-history:Created from internal planning and upstream MES/ADR material; ready-for-agent or confirmed wording is not a four-element approval record.; upstream-reference:MesIngest-Phase-1-spec"	"BOUND-R12-001,CF-R01-001"	"not-approved"	"responsible-interface-owner;consumer-and-compatibility-scope;named-approver;approval-date;approved-scope;version-or-sha256-binding"
"R12-A0135"	"R12"	"R12-50"	".scratch/mes-ingest-watch-operations/spec.md"	"1952e28681dc50e849f6e61ceee095896e48cff82cb449bb0526c44895b24e9b"	"line 7"	"MesIngest Watch Operations and Scalable Read Model > Problem Statement"	"Alert 只有通用 Message 且同一持续问题每轮重复插入；"	"MesIngest Phase 1 已能从客户批准的只读 Oracle 查询生成 TransportDemand，并由 WPF Watch 展示，但当前运维与读取路径存在可用性和规模问题：时间显示混用 UTC/默认格式；Watch HTTP 超时写死且故障易闪逝；Demand 列表缺少可扩展分页、DemandId 快速查询和完整表格交互；Alert 只有通用 Message 且同一持续问题每轮重复插入；SQL Server 每轮删除重建全部投影并把永久 GONE 历史带入热路径；未来持有本地镜像的下游程序无法可靠增量获得 CREATED/GONE。"	"40da4c3b8bfb466f37a54accc20435a964a73521bd2c7a6ec0a9ea0f2496f442"	"incident-alert-and-operability-semantics-candidate"	"ready-for-agent-and-self-described-confirmed-internal-spec-without-four-factor-requirement-approval"	"historical-MesIngest-watch-operations-scope-current-applicability-needs-source-binding-and-reapproval"	"needs-operations-owner-and-explicit-approval"	"document-route:R12-candidate; unit-kind:markdown-paragraph; source-document-class:R12-SPEC-MIXED; current-applicability:MesIngest Watch Operations implementation spec; possible decision summaries are mixed with architecture, defaults, UI/API and delivery design.; ledger-history:Created from internal planning and upstream MES/ADR material; ready-for-agent or confirmed wording is not a four-element approval record.; upstream-reference:MesIngest-Phase-1-spec"	"BOUND-R12-001"	"not-approved"	"responsible-operations-owner;incident-lifecycle-and-retention-scope;named-approver;approval-date;approved-scope;version-or-sha256-binding"
"R12-A0136"	"R12"	"R12-50"	".scratch/mes-ingest-watch-operations/spec.md"	"1952e28681dc50e849f6e61ceee095896e48cff82cb449bb0526c44895b24e9b"	"line 7"	"MesIngest Watch Operations and Scalable Read Model > Problem Statement"	"SQL Server 每轮删除重建全部投影并把永久 GONE 历史带入热路径；"	"MesIngest Phase 1 已能从客户批准的只读 Oracle 查询生成 TransportDemand，并由 WPF Watch 展示，但当前运维与读取路径存在可用性和规模问题：时间显示混用 UTC/默认格式；Watch HTTP 超时写死且故障易闪逝；Demand 列表缺少可扩展分页、DemandId 快速查询和完整表格交互；Alert 只有通用 Message 且同一持续问题每轮重复插入；SQL Server 每轮删除重建全部投影并把永久 GONE 历史带入热路径；未来持有本地镜像的下游程序无法可靠增量获得 CREATED/GONE。"	"6ec790b1ce9967fc89f054dd5aa3b52782ca04bec82e635d1aedf152bcfa13c0"	"embedded-local-technical-design-or-test-decision"	"ready-for-agent-and-self-described-confirmed-internal-spec-without-four-factor-requirement-approval"	"historical-MesIngest-watch-operations-scope-current-applicability-needs-source-binding-and-reapproval"	"exclude-from-requirement-approval"	"document-route:R12-candidate; unit-kind:markdown-paragraph; source-document-class:R12-SPEC-MIXED; current-applicability:MesIngest Watch Operations implementation spec; possible decision summaries are mixed with architecture, defaults, UI/API and delivery design.; ledger-history:Created from internal planning and upstream MES/ADR material; ready-for-agent or confirmed wording is not a four-element approval record.; upstream-reference:MesIngest-Phase-1-spec,ADR-mes-0007"	"BOUND-R12-001"	"not-approved"	"authoritative-requirement-source-if-behavior-is-required;separate-technical-decision-review;named-approver;approval-date;approved-scope;version-or-sha256-binding"
"R12-A0137"	"R12"	"R12-50"	".scratch/mes-ingest-watch-operations/spec.md"	"1952e28681dc50e849f6e61ceee095896e48cff82cb449bb0526c44895b24e9b"	"line 7"	"MesIngest Watch Operations and Scalable Read Model > Problem Statement"	"未来持有本地镜像的下游程序无法可靠增量获得 CREATED/GONE。"	"MesIngest Phase 1 已能从客户批准的只读 Oracle 查询生成 TransportDemand，并由 WPF Watch 展示，但当前运维与读取路径存在可用性和规模问题：时间显示混用 UTC/默认格式；Watch HTTP 超时写死且故障易闪逝；Demand 列表缺少可扩展分页、DemandId 快速查询和完整表格交互；Alert 只有通用 Message 且同一持续问题每轮重复插入；SQL Server 每轮删除重建全部投影并把永久 GONE 历史带入热路径；未来持有本地镜像的下游程序无法可靠增量获得 CREATED/GONE。"	"9da37149fff463cb8f62f010e9fa78f10a9686da88408c14f032528a0b681505"	"transport-demand-lifecycle-business-rule-candidate"	"ready-for-agent-and-self-described-confirmed-internal-spec-without-four-factor-requirement-approval"	"historical-MesIngest-watch-operations-scope-current-applicability-needs-source-binding-and-reapproval"	"needs-business-owner-and-explicit-approval"	"document-route:R12-candidate; unit-kind:markdown-paragraph; source-document-class:R12-SPEC-MIXED; current-applicability:MesIngest Watch Operations implementation spec; possible decision summaries are mixed with architecture, defaults, UI/API and delivery design.; ledger-history:Created from internal planning and upstream MES/ADR material; ready-for-agent or confirmed wording is not a four-element approval record.; upstream-reference:MesIngest-Phase-1-spec"	"BOUND-R12-001"	"not-approved"	"authoritative-business-source;responsible-business-owner;named-approver;approval-date;approved-scope;version-or-sha256-binding"
"R12-A0138"	"R12"	"R12-50"	".scratch/mes-ingest-watch-operations/spec.md"	"1952e28681dc50e849f6e61ceee095896e48cff82cb449bb0526c44895b24e9b"	"line 9"	"MesIngest Watch Operations and Scalable Read Model > Problem Statement"	"客户 MES SQL 与 Oracle 结构不属于本系统控制范围。"	"客户 MES SQL 与 Oracle 结构不属于本系统控制范围。MesIngest 必须继续只读执行批准的完整活动快照，不修改 SQL、不执行 DDL；性能改进集中在本地 SQL Server 投影、API、Watch 和可观测性。"	"9eebd90b985b77f7d3ccd99786663fad21067317f989498a697dfbe664d9ed15"	"operator-watch-ux-and-operability-candidate"	"ready-for-agent-and-self-described-confirmed-internal-spec-without-four-factor-requirement-approval"	"historical-MesIngest-watch-operations-scope-current-applicability-needs-source-binding-and-reapproval"	"needs-operator-product-owner-and-explicit-approval"	"document-route:R12-candidate; unit-kind:markdown-paragraph; source-document-class:R12-SPEC-MIXED; current-applicability:MesIngest Watch Operations implementation spec; possible decision summaries are mixed with architecture, defaults, UI/API and delivery design.; ledger-history:Created from internal planning and upstream MES/ADR material; ready-for-agent or confirmed wording is not a four-element approval record.; upstream-reference:MesIngest-Phase-1-spec,MES_TASK_UNION-query-materials"	"BOUND-R12-001"	"not-approved"	"operator-workflow-owner;approved-usability-and-operability-scope;named-approver;approval-date;approved-scope;version-or-sha256-binding"
"R12-A0139"	"R12"	"R12-50"	".scratch/mes-ingest-watch-operations/spec.md"	"1952e28681dc50e849f6e61ceee095896e48cff82cb449bb0526c44895b24e9b"	"line 9"	"MesIngest Watch Operations and Scalable Read Model > Problem Statement"	"MesIngest 必须继续只读执行批准的完整活动快照，不修改 SQL、不执行 DDL；"	"客户 MES SQL 与 Oracle 结构不属于本系统控制范围。MesIngest 必须继续只读执行批准的完整活动快照，不修改 SQL、不执行 DDL；性能改进集中在本地 SQL Server 投影、API、Watch 和可观测性。"	"ebfd22941ce3b22b8df50729ebc1668079c0f6af80c2b743fff4177457cba7c0"	"operator-watch-ux-and-operability-candidate"	"ready-for-agent-and-self-described-confirmed-internal-spec-without-four-factor-requirement-approval"	"historical-MesIngest-watch-operations-scope-current-applicability-needs-source-binding-and-reapproval"	"needs-operator-product-owner-and-explicit-approval"	"document-route:R12-candidate; unit-kind:markdown-paragraph; source-document-class:R12-SPEC-MIXED; current-applicability:MesIngest Watch Operations implementation spec; possible decision summaries are mixed with architecture, defaults, UI/API and delivery design.; ledger-history:Created from internal planning and upstream MES/ADR material; ready-for-agent or confirmed wording is not a four-element approval record.; upstream-reference:MesIngest-Phase-1-spec,MES_TASK_UNION-query-materials"	"BOUND-R12-001,CF-R01-002,RES-R11-001,BOUND-R11-001"	"not-approved"	"operator-workflow-owner;approved-usability-and-operability-scope;named-approver;approval-date;approved-scope;version-or-sha256-binding"
"R12-A0140"	"R12"	"R12-50"	".scratch/mes-ingest-watch-operations/spec.md"	"1952e28681dc50e849f6e61ceee095896e48cff82cb449bb0526c44895b24e9b"	"line 9"	"MesIngest Watch Operations and Scalable Read Model > Problem Statement"	"性能改进集中在本地 SQL Server 投影、API、Watch 和可观测性。"	"客户 MES SQL 与 Oracle 结构不属于本系统控制范围。MesIngest 必须继续只读执行批准的完整活动快照，不修改 SQL、不执行 DDL；性能改进集中在本地 SQL Server 投影、API、Watch 和可观测性。"	"2a1713022b455110e54374c0e8131d78c1d007f5a97a2e718ccef0a986be7ea8"	"embedded-local-technical-design-or-test-decision"	"ready-for-agent-and-self-described-confirmed-internal-spec-without-four-factor-requirement-approval"	"historical-MesIngest-watch-operations-scope-current-applicability-needs-source-binding-and-reapproval"	"exclude-from-requirement-approval"	"document-route:R12-candidate; unit-kind:markdown-paragraph; source-document-class:R12-SPEC-MIXED; current-applicability:MesIngest Watch Operations implementation spec; possible decision summaries are mixed with architecture, defaults, UI/API and delivery design.; ledger-history:Created from internal planning and upstream MES/ADR material; ready-for-agent or confirmed wording is not a four-element approval record.; upstream-reference:MesIngest-Phase-1-spec,ADR-mes-0007"	"BOUND-R12-001"	"not-approved"	"authoritative-requirement-source-if-behavior-is-required;separate-technical-decision-review;named-approver;approval-date;approved-scope;version-or-sha256-binding"
"R12-A0141"	"R12"	"R12-50"	".scratch/mes-ingest-watch-operations/spec.md"	"1952e28681dc50e849f6e61ceee095896e48cff82cb449bb0526c44895b24e9b"	"line 13"	"MesIngest Watch Operations and Scalable Read Model > Solution"	"将 MesIngest 的“完整源快照语义”与“本地增量持久化/有界读取”分开：Reconciler 仍以完整成功快照判断存在与消失，SQL Server 只写本轮差异并让永久 GONE 退出热路径；"	"将 MesIngest 的“完整源快照语义”与“本地增量持久化/有界读取”分开：Reconciler 仍以完整成功快照判断存在与消失，SQL Server 只写本轮差异并让永久 GONE 退出热路径；列表 API 使用服务端筛选、稳定排序、索引和游标分页；另提供持久化 DemandChangeFeed 供下游镜像同步 CREATED/GONE。Watch 同步升级为分页薄客户端，并补齐一致时间显示、复制、可调布局、结构化 Alert 详情、底部状态栏、可靠横幅、连接事件日志和 Swagger 人工测试入口。"	"397726403f44f47ca177acb49a7a968a25556bee3dc35c3ebc36ab2571b1cdad"	"embedded-local-technical-design-or-test-decision"	"ready-for-agent-and-self-described-confirmed-internal-spec-without-four-factor-requirement-approval"	"historical-MesIngest-watch-operations-scope-current-applicability-needs-source-binding-and-reapproval"	"exclude-from-requirement-approval"	"document-route:R12-candidate; unit-kind:markdown-paragraph; source-document-class:R12-SPEC-MIXED; current-applicability:MesIngest Watch Operations implementation spec; possible decision summaries are mixed with architecture, defaults, UI/API and delivery design.; ledger-history:Created from internal planning and upstream MES/ADR material; ready-for-agent or confirmed wording is not a four-element approval record.; upstream-reference:MesIngest-Phase-1-spec,ADR-mes-0007"	"BOUND-R12-001"	"not-approved"	"authoritative-requirement-source-if-behavior-is-required;separate-technical-decision-review;named-approver;approval-date;approved-scope;version-or-sha256-binding"
"R12-A0142"	"R12"	"R12-50"	".scratch/mes-ingest-watch-operations/spec.md"	"1952e28681dc50e849f6e61ceee095896e48cff82cb449bb0526c44895b24e9b"	"line 13"	"MesIngest Watch Operations and Scalable Read Model > Solution"	"列表 API 使用服务端筛选、稳定排序、索引和游标分页；"	"将 MesIngest 的“完整源快照语义”与“本地增量持久化/有界读取”分开：Reconciler 仍以完整成功快照判断存在与消失，SQL Server 只写本轮差异并让永久 GONE 退出热路径；列表 API 使用服务端筛选、稳定排序、索引和游标分页；另提供持久化 DemandChangeFeed 供下游镜像同步 CREATED/GONE。Watch 同步升级为分页薄客户端，并补齐一致时间显示、复制、可调布局、结构化 Alert 详情、底部状态栏、可靠横幅、连接事件日志和 Swagger 人工测试入口。"	"7ef4e86c2dcccf2bd19057b36565db226cfa05fc7419bd0693a90f60935f85d8"	"read-api-or-downstream-sync-contract-candidate"	"ready-for-agent-and-self-described-confirmed-internal-spec-without-four-factor-requirement-approval"	"historical-MesIngest-watch-operations-scope-current-applicability-needs-source-binding-and-reapproval"	"needs-interface-owner-and-explicit-approval"	"document-route:R12-candidate; unit-kind:markdown-paragraph; source-document-class:R12-SPEC-MIXED; current-applicability:MesIngest Watch Operations implementation spec; possible decision summaries are mixed with architecture, defaults, UI/API and delivery design.; ledger-history:Created from internal planning and upstream MES/ADR material; ready-for-agent or confirmed wording is not a four-element approval record.; upstream-reference:MesIngest-Phase-1-spec"	"BOUND-R12-001"	"not-approved"	"responsible-interface-owner;consumer-and-compatibility-scope;named-approver;approval-date;approved-scope;version-or-sha256-binding"
"R12-A0143"	"R12"	"R12-50"	".scratch/mes-ingest-watch-operations/spec.md"	"1952e28681dc50e849f6e61ceee095896e48cff82cb449bb0526c44895b24e9b"	"line 13"	"MesIngest Watch Operations and Scalable Read Model > Solution"	"另提供持久化 DemandChangeFeed 供下游镜像同步 CREATED/GONE。"	"将 MesIngest 的“完整源快照语义”与“本地增量持久化/有界读取”分开：Reconciler 仍以完整成功快照判断存在与消失，SQL Server 只写本轮差异并让永久 GONE 退出热路径；列表 API 使用服务端筛选、稳定排序、索引和游标分页；另提供持久化 DemandChangeFeed 供下游镜像同步 CREATED/GONE。Watch 同步升级为分页薄客户端，并补齐一致时间显示、复制、可调布局、结构化 Alert 详情、底部状态栏、可靠横幅、连接事件日志和 Swagger 人工测试入口。"	"c5284d1d93c9b32bb527e2cce875f3e6c38fed93e7d113ea16be02f928645d81"	"read-api-or-downstream-sync-contract-candidate"	"ready-for-agent-and-self-described-confirmed-internal-spec-without-four-factor-requirement-approval"	"historical-MesIngest-watch-operations-scope-current-applicability-needs-source-binding-and-reapproval"	"needs-interface-owner-and-explicit-approval"	"document-route:R12-candidate; unit-kind:markdown-paragraph; source-document-class:R12-SPEC-MIXED; current-applicability:MesIngest Watch Operations implementation spec; possible decision summaries are mixed with architecture, defaults, UI/API and delivery design.; ledger-history:Created from internal planning and upstream MES/ADR material; ready-for-agent or confirmed wording is not a four-element approval record.; upstream-reference:MesIngest-Phase-1-spec"	"BOUND-R12-001"	"not-approved"	"responsible-interface-owner;consumer-and-compatibility-scope;named-approver;approval-date;approved-scope;version-or-sha256-binding"
"R12-A0144"	"R12"	"R12-50"	".scratch/mes-ingest-watch-operations/spec.md"	"1952e28681dc50e849f6e61ceee095896e48cff82cb449bb0526c44895b24e9b"	"line 13"	"MesIngest Watch Operations and Scalable Read Model > Solution"	"Watch 同步升级为分页薄客户端，并补齐一致时间显示、复制、可调布局、结构化 Alert 详情、底部状态栏、可靠横幅、连接事件日志和 Swagger 人工测试入口。"	"将 MesIngest 的“完整源快照语义”与“本地增量持久化/有界读取”分开：Reconciler 仍以完整成功快照判断存在与消失，SQL Server 只写本轮差异并让永久 GONE 退出热路径；列表 API 使用服务端筛选、稳定排序、索引和游标分页；另提供持久化 DemandChangeFeed 供下游镜像同步 CREATED/GONE。Watch 同步升级为分页薄客户端，并补齐一致时间显示、复制、可调布局、结构化 Alert 详情、底部状态栏、可靠横幅、连接事件日志和 Swagger 人工测试入口。"	"2e57d11917de738b4da66e35d382e0dd8a4b89e1fff95be849ea15966954bb54"	"embedded-local-technical-design-or-test-decision"	"ready-for-agent-and-self-described-confirmed-internal-spec-without-four-factor-requirement-approval"	"historical-MesIngest-watch-operations-scope-current-applicability-needs-source-binding-and-reapproval"	"exclude-from-requirement-approval"	"document-route:R12-candidate; unit-kind:markdown-paragraph; source-document-class:R12-SPEC-MIXED; current-applicability:MesIngest Watch Operations implementation spec; possible decision summaries are mixed with architecture, defaults, UI/API and delivery design.; ledger-history:Created from internal planning and upstream MES/ADR material; ready-for-agent or confirmed wording is not a four-element approval record.; upstream-reference:MesIngest-Phase-1-spec"	"BOUND-R12-001"	"not-approved"	"authoritative-requirement-source-if-behavior-is-required;separate-technical-decision-review;named-approver;approval-date;approved-scope;version-or-sha256-binding"
"R12-A0145"	"R12"	"R12-50"	".scratch/mes-ingest-watch-operations/spec.md"	"1952e28681dc50e849f6e61ceee095896e48cff82cb449bb0526c44895b24e9b"	"line 17"	"MesIngest Watch Operations and Scalable Read Model > Confirmed Domain Semantics"	"**MesCurrentStepEnteredAt** 对应 MES/API 字段 `DATES`：产品进入当前工序的时间；"	"**MesCurrentStepEnteredAt** 对应 MES/API 字段 `DATES`：产品进入当前工序的时间；`STEP` 指下一工序，不是 DATES 所属工序。"	"2e0da42f080e2250dfb036e77e6f0404636e3bf0e254994578018f7ddc1b1bcf"	"historical-domain-semantic-candidate"	"ready-for-agent-and-self-described-confirmed-internal-spec-without-four-factor-requirement-approval"	"historical-MesIngest-watch-operations-scope-current-applicability-needs-source-binding-and-reapproval"	"needs-domain-owner-and-explicit-approval-before-context-update"	"document-route:R12-candidate; unit-kind:markdown-flow-or-list-item; source-document-class:R12-SPEC-MIXED; current-applicability:MesIngest Watch Operations implementation spec; possible decision summaries are mixed with architecture, defaults, UI/API and delivery design.; ledger-history:Created from internal planning and upstream MES/ADR material; ready-for-agent or confirmed wording is not a four-element approval record.; upstream-reference:MesIngest-Phase-1-spec,root-CONTEXT.md-vocabulary-loop"	"BOUND-R12-001,RES-R08-003"	"not-approved"	"domain-owner;authoritative-domain-source;user-approved-context-update;named-approver;approval-date;approved-scope;version-or-sha256-binding"
"R12-A0146"	"R12"	"R12-50"	".scratch/mes-ingest-watch-operations/spec.md"	"1952e28681dc50e849f6e61ceee095896e48cff82cb449bb0526c44895b24e9b"	"line 17"	"MesIngest Watch Operations and Scalable Read Model > Confirmed Domain Semantics"	"`STEP` 指下一工序，不是 DATES 所属工序。"	"**MesCurrentStepEnteredAt** 对应 MES/API 字段 `DATES`：产品进入当前工序的时间；`STEP` 指下一工序，不是 DATES 所属工序。"	"337cdd6bcda27eaf6ac30a0782a959a93e8e45aa98fcf387483e56207838e8b2"	"historical-domain-semantic-candidate"	"ready-for-agent-and-self-described-confirmed-internal-spec-without-four-factor-requirement-approval"	"historical-MesIngest-watch-operations-scope-current-applicability-needs-source-binding-and-reapproval"	"needs-domain-owner-and-explicit-approval-before-context-update"	"document-route:R12-candidate; unit-kind:markdown-flow-or-list-item; source-document-class:R12-SPEC-MIXED; current-applicability:MesIngest Watch Operations implementation spec; possible decision summaries are mixed with architecture, defaults, UI/API and delivery design.; ledger-history:Created from internal planning and upstream MES/ADR material; ready-for-agent or confirmed wording is not a four-element approval record.; upstream-reference:MesIngest-Phase-1-spec,root-CONTEXT.md-vocabulary-loop"	"BOUND-R12-001,RES-R08-003"	"not-approved"	"domain-owner;authoritative-domain-source;user-approved-context-update;named-approver;approval-date;approved-scope;version-or-sha256-binding"
"R12-A0147"	"R12"	"R12-50"	".scratch/mes-ingest-watch-operations/spec.md"	"1952e28681dc50e849f6e61ceee095896e48cff82cb449bb0526c44895b24e9b"	"line 18"	"MesIngest Watch Operations and Scalable Read Model > Confirmed Domain Semantics"	"TransportDemand 首次创建后冻结 TASK_TYPE、SUBLOT、AREA、EQP、STEP、DATES、PACKAGE 等业务字段。"	"TransportDemand 首次创建后冻结 TASK_TYPE、SUBLOT、AREA、EQP、STEP、DATES、PACKAGE 等业务字段。"	"c917f9f02d44eb27c2f5efd28ac9b52af6264d3a9bfdf745e94f00a2787f70b4"	"historical-domain-semantic-candidate"	"ready-for-agent-and-self-described-confirmed-internal-spec-without-four-factor-requirement-approval"	"historical-MesIngest-watch-operations-scope-current-applicability-needs-source-binding-and-reapproval"	"needs-domain-owner-and-explicit-approval-before-context-update"	"document-route:R12-candidate; unit-kind:markdown-flow-or-list-item; source-document-class:R12-SPEC-MIXED; current-applicability:MesIngest Watch Operations implementation spec; possible decision summaries are mixed with architecture, defaults, UI/API and delivery design.; ledger-history:Created from internal planning and upstream MES/ADR material; ready-for-agent or confirmed wording is not a four-element approval record.; upstream-reference:MesIngest-Phase-1-spec,root-CONTEXT.md-vocabulary-loop"	"BOUND-R12-001,RES-R08-003"	"not-approved"	"domain-owner;authoritative-domain-source;user-approved-context-update;named-approver;approval-date;approved-scope;version-or-sha256-binding"
"R12-A0148"	"R12"	"R12-50"	".scratch/mes-ingest-watch-operations/spec.md"	"1952e28681dc50e849f6e61ceee095896e48cff82cb449bb0526c44895b24e9b"	"line 19"	"MesIngest Watch Operations and Scalable Read Model > Confirmed Domain Semantics"	"API 与 Watch 默认按 `DATES DESC, DemandId ASC` 排序；"	"API 与 Watch 默认按 `DATES DESC, DemandId ASC` 排序；`MesLastSeenAt` 只表示 Host 最近一次观察到该 Demand。"	"9aebcb661918dbc6d3b399d76232ec3c62f66dc2a916a0a752fa79362a24d53a"	"historical-domain-semantic-candidate"	"ready-for-agent-and-self-described-confirmed-internal-spec-without-four-factor-requirement-approval"	"historical-MesIngest-watch-operations-scope-current-applicability-needs-source-binding-and-reapproval"	"needs-domain-owner-and-explicit-approval-before-context-update"	"document-route:R12-candidate; unit-kind:markdown-flow-or-list-item; source-document-class:R12-SPEC-MIXED; current-applicability:MesIngest Watch Operations implementation spec; possible decision summaries are mixed with architecture, defaults, UI/API and delivery design.; ledger-history:Created from internal planning and upstream MES/ADR material; ready-for-agent or confirmed wording is not a four-element approval record.; upstream-reference:MesIngest-Phase-1-spec,root-CONTEXT.md-vocabulary-loop"	"BOUND-R12-001,CF-R01-001,RES-R08-003"	"not-approved"	"domain-owner;authoritative-domain-source;user-approved-context-update;named-approver;approval-date;approved-scope;version-or-sha256-binding"
"R12-A0149"	"R12"	"R12-50"	".scratch/mes-ingest-watch-operations/spec.md"	"1952e28681dc50e849f6e61ceee095896e48cff82cb449bb0526c44895b24e9b"	"line 19"	"MesIngest Watch Operations and Scalable Read Model > Confirmed Domain Semantics"	"`MesLastSeenAt` 只表示 Host 最近一次观察到该 Demand。"	"API 与 Watch 默认按 `DATES DESC, DemandId ASC` 排序；`MesLastSeenAt` 只表示 Host 最近一次观察到该 Demand。"	"8b97cf9b08bd587b5a940dbb1107c564c5e8cd3d56a45d4f405e832d4439f7b2"	"historical-domain-semantic-candidate"	"ready-for-agent-and-self-described-confirmed-internal-spec-without-four-factor-requirement-approval"	"historical-MesIngest-watch-operations-scope-current-applicability-needs-source-binding-and-reapproval"	"needs-domain-owner-and-explicit-approval-before-context-update"	"document-route:R12-candidate; unit-kind:markdown-flow-or-list-item; source-document-class:R12-SPEC-MIXED; current-applicability:MesIngest Watch Operations implementation spec; possible decision summaries are mixed with architecture, defaults, UI/API and delivery design.; ledger-history:Created from internal planning and upstream MES/ADR material; ready-for-agent or confirmed wording is not a four-element approval record.; upstream-reference:MesIngest-Phase-1-spec,root-CONTEXT.md-vocabulary-loop"	"BOUND-R12-001,RES-R08-003"	"not-approved"	"domain-owner;authoritative-domain-source;user-approved-context-update;named-approver;approval-date;approved-scope;version-or-sha256-binding"
"R12-A0150"	"R12"	"R12-50"	".scratch/mes-ingest-watch-operations/spec.md"	"1952e28681dc50e849f6e61ceee095896e48cff82cb449bb0526c44895b24e9b"	"line 20"	"MesIngest Watch Operations and Scalable Read Model > Confirmed Domain Semantics"	"所有 VISIBLE 都属于下游当前镜像，不受 DATES 是否超过 24 小时限制。"	"所有 VISIBLE 都属于下游当前镜像，不受 DATES 是否超过 24 小时限制。"	"0538d516b9b55499986603c932e5b03bb7091fecd8cb9ccbbb39f66b8a971472"	"historical-domain-semantic-candidate"	"ready-for-agent-and-self-described-confirmed-internal-spec-without-four-factor-requirement-approval"	"historical-MesIngest-watch-operations-scope-current-applicability-needs-source-binding-and-reapproval"	"needs-domain-owner-and-explicit-approval-before-context-update"	"document-route:R12-candidate; unit-kind:markdown-flow-or-list-item; source-document-class:R12-SPEC-MIXED; current-applicability:MesIngest Watch Operations implementation spec; possible decision summaries are mixed with architecture, defaults, UI/API and delivery design.; ledger-history:Created from internal planning and upstream MES/ADR material; ready-for-agent or confirmed wording is not a four-element approval record.; upstream-reference:MesIngest-Phase-1-spec,root-CONTEXT.md-vocabulary-loop"	"BOUND-R12-001,RES-R08-003"	"not-approved"	"domain-owner;authoritative-domain-source;user-approved-context-update;named-approver;approval-date;approved-scope;version-or-sha256-binding"
"R12-A0151"	"R12"	"R12-50"	".scratch/mes-ingest-watch-operations/spec.md"	"1952e28681dc50e849f6e61ceee095896e48cff82cb449bb0526c44895b24e9b"	"line 21"	"MesIngest Watch Operations and Scalable Read Model > Confirmed Domain Semantics"	"GONE 的“最近 24 小时”按 `GoneAt` 计算，不按 DATES。"	"GONE 的“最近 24 小时”按 `GoneAt` 计算，不按 DATES。"	"e3e81ed403b4c927fa75c4b2c3d60bfac305e3f0617a70edcc0afd00f79cecfe"	"historical-domain-semantic-candidate"	"ready-for-agent-and-self-described-confirmed-internal-spec-without-four-factor-requirement-approval"	"historical-MesIngest-watch-operations-scope-current-applicability-needs-source-binding-and-reapproval"	"needs-domain-owner-and-explicit-approval-before-context-update"	"document-route:R12-candidate; unit-kind:markdown-flow-or-list-item; source-document-class:R12-SPEC-MIXED; current-applicability:MesIngest Watch Operations implementation spec; possible decision summaries are mixed with architecture, defaults, UI/API and delivery design.; ledger-history:Created from internal planning and upstream MES/ADR material; ready-for-agent or confirmed wording is not a four-element approval record.; upstream-reference:MesIngest-Phase-1-spec,root-CONTEXT.md-vocabulary-loop"	"BOUND-R12-001,RES-R08-003"	"not-approved"	"domain-owner;authoritative-domain-source;user-approved-context-update;named-approver;approval-date;approved-scope;version-or-sha256-binding"
"R12-A0152"	"R12"	"R12-50"	".scratch/mes-ingest-watch-operations/spec.md"	"1952e28681dc50e849f6e61ceee095896e48cff82cb449bb0526c44895b24e9b"	"line 22"	"MesIngest Watch Operations and Scalable Read Model > Confirmed Domain Semantics"	"GONE TransportDemand 永久保留并可按 DemandId 查询，但不再每轮加载、更新或重写。"	"GONE TransportDemand 永久保留并可按 DemandId 查询，但不再每轮加载、更新或重写。"	"321df12bcbe2c18d64ddd6479a79341c4e2d2d1caa183d6a30469119891139f0"	"historical-domain-semantic-candidate"	"ready-for-agent-and-self-described-confirmed-internal-spec-without-four-factor-requirement-approval"	"historical-MesIngest-watch-operations-scope-current-applicability-needs-source-binding-and-reapproval"	"needs-domain-owner-and-explicit-approval-before-context-update"	"document-route:R12-candidate; unit-kind:markdown-flow-or-list-item; source-document-class:R12-SPEC-MIXED; current-applicability:MesIngest Watch Operations implementation spec; possible decision summaries are mixed with architecture, defaults, UI/API and delivery design.; ledger-history:Created from internal planning and upstream MES/ADR material; ready-for-agent or confirmed wording is not a four-element approval record.; upstream-reference:MesIngest-Phase-1-spec,root-CONTEXT.md-vocabulary-loop"	"BOUND-R12-001,CF-R01-001,RES-R08-003"	"not-approved"	"domain-owner;authoritative-domain-source;user-approved-context-update;named-approver;approval-date;approved-scope;version-or-sha256-binding"
"R12-A0153"	"R12"	"R12-50"	".scratch/mes-ingest-watch-operations/spec.md"	"1952e28681dc50e849f6e61ceee095896e48cff82cb449bb0526c44895b24e9b"	"line 23"	"MesIngest Watch Operations and Scalable Read Model > Confirmed Domain Semantics"	"DemandChangeFeed 只发布 CREATED/GONE，不发布每轮 MesLastSeenAt、DisappearCount 等观察变化。"	"DemandChangeFeed 只发布 CREATED/GONE，不发布每轮 MesLastSeenAt、DisappearCount 等观察变化。"	"8a17f2b0e64753c7779595c6b48e7a210fbc3c29c41421f6e43a02d44bd236e9"	"historical-domain-semantic-candidate"	"ready-for-agent-and-self-described-confirmed-internal-spec-without-four-factor-requirement-approval"	"historical-MesIngest-watch-operations-scope-current-applicability-needs-source-binding-and-reapproval"	"needs-domain-owner-and-explicit-approval-before-context-update"	"document-route:R12-candidate; unit-kind:markdown-flow-or-list-item; source-document-class:R12-SPEC-MIXED; current-applicability:MesIngest Watch Operations implementation spec; possible decision summaries are mixed with architecture, defaults, UI/API and delivery design.; ledger-history:Created from internal planning and upstream MES/ADR material; ready-for-agent or confirmed wording is not a four-element approval record.; upstream-reference:MesIngest-Phase-1-spec,root-CONTEXT.md-vocabulary-loop"	"BOUND-R12-001,RES-R08-003"	"not-approved"	"domain-owner;authoritative-domain-source;user-approved-context-update;named-approver;approval-date;approved-scope;version-or-sha256-binding"
"R12-A0154"	"R12"	"R12-50"	".scratch/mes-ingest-watch-operations/spec.md"	"1952e28681dc50e849f6e61ceee095896e48cff82cb449bb0526c44895b24e9b"	"line 24"	"MesIngest Watch Operations and Scalable Read Model > Confirmed Domain Semantics"	"PausedZeroDrop 是重大故障；"	"PausedZeroDrop 是重大故障；进入、持续和解除属于同一个 ERROR IngestAlert 生命周期。"	"ced260ec2e01f02ed153a7f55129e5d371da9a670276acd90de2f859590a30c4"	"historical-domain-semantic-candidate"	"ready-for-agent-and-self-described-confirmed-internal-spec-without-four-factor-requirement-approval"	"historical-MesIngest-watch-operations-scope-current-applicability-needs-source-binding-and-reapproval"	"needs-domain-owner-and-explicit-approval-before-context-update"	"document-route:R12-candidate; unit-kind:markdown-flow-or-list-item; source-document-class:R12-SPEC-MIXED; current-applicability:MesIngest Watch Operations implementation spec; possible decision summaries are mixed with architecture, defaults, UI/API and delivery design.; ledger-history:Created from internal planning and upstream MES/ADR material; ready-for-agent or confirmed wording is not a four-element approval record.; upstream-reference:MesIngest-Phase-1-spec,root-CONTEXT.md-vocabulary-loop"	"BOUND-R12-001,RES-R08-003"	"not-approved"	"domain-owner;authoritative-domain-source;user-approved-context-update;named-approver;approval-date;approved-scope;version-or-sha256-binding"
"R12-A0155"	"R12"	"R12-50"	".scratch/mes-ingest-watch-operations/spec.md"	"1952e28681dc50e849f6e61ceee095896e48cff82cb449bb0526c44895b24e9b"	"line 24"	"MesIngest Watch Operations and Scalable Read Model > Confirmed Domain Semantics"	"进入、持续和解除属于同一个 ERROR IngestAlert 生命周期。"	"PausedZeroDrop 是重大故障；进入、持续和解除属于同一个 ERROR IngestAlert 生命周期。"	"2f7efe928a854b40136dbc681300b551b2d0933607f915fb38c281288514dc12"	"historical-domain-semantic-candidate"	"ready-for-agent-and-self-described-confirmed-internal-spec-without-four-factor-requirement-approval"	"historical-MesIngest-watch-operations-scope-current-applicability-needs-source-binding-and-reapproval"	"needs-domain-owner-and-explicit-approval-before-context-update"	"document-route:R12-candidate; unit-kind:markdown-flow-or-list-item; source-document-class:R12-SPEC-MIXED; current-applicability:MesIngest Watch Operations implementation spec; possible decision summaries are mixed with architecture, defaults, UI/API and delivery design.; ledger-history:Created from internal planning and upstream MES/ADR material; ready-for-agent or confirmed wording is not a four-element approval record.; upstream-reference:MesIngest-Phase-1-spec,root-CONTEXT.md-vocabulary-loop"	"BOUND-R12-001,RES-R08-003"	"not-approved"	"domain-owner;authoritative-domain-source;user-approved-context-update;named-approver;approval-date;approved-scope;version-or-sha256-binding"
"R12-A0156"	"R12"	"R12-50"	".scratch/mes-ingest-watch-operations/spec.md"	"1952e28681dc50e849f6e61ceee095896e48cff82cb449bb0526c44895b24e9b"	"line 30"	"MesIngest Watch Operations and Scalable Read Model > Functional Requirements > 1. Time contract and display"	"Core、Host DTO、Watch DTO 和 SQL Server 时间列统一使用 `DateTimeOffset` / `DATETIMEOFFSET`。"	"Core、Host DTO、Watch DTO 和 SQL Server 时间列统一使用 `DateTimeOffset` / `DATETIMEOFFSET`。"	"1bb9906e8dc2e44e85d5af1b72f064800e3ac13c9e223e49c02a62c3403ed6d7"	"embedded-local-technical-design-or-test-decision"	"ready-for-agent-and-self-described-confirmed-internal-spec-without-four-factor-requirement-approval"	"historical-MesIngest-watch-operations-scope-current-applicability-needs-source-binding-and-reapproval"	"exclude-from-requirement-approval"	"document-route:R12-candidate; unit-kind:markdown-flow-or-list-item; source-document-class:R12-SPEC-MIXED; current-applicability:MesIngest Watch Operations implementation spec; possible decision summaries are mixed with architecture, defaults, UI/API and delivery design.; ledger-history:Created from internal planning and upstream MES/ADR material; ready-for-agent or confirmed wording is not a four-element approval record.; upstream-reference:MesIngest-Phase-1-spec,ADR-mes-0007"	"BOUND-R12-001"	"not-approved"	"authoritative-requirement-source-if-behavior-is-required;separate-technical-decision-review;named-approver;approval-date;approved-scope;version-or-sha256-binding"
"R12-A0157"	"R12"	"R12-50"	".scratch/mes-ingest-watch-operations/spec.md"	"1952e28681dc50e849f6e61ceee095896e48cff82cb449bb0526c44895b24e9b"	"line 31"	"MesIngest Watch Operations and Scalable Read Model > Functional Requirements > 1. Time contract and display"	"Host 生成的 CreatedAt、GoneAt、Alert、PollHealth、连接事件等时间以 UTC 生成和保存。"	"Host 生成的 CreatedAt、GoneAt、Alert、PollHealth、连接事件等时间以 UTC 生成和保存。"	"97c364e3d4dbd64d1fd68079c79fb47d7dca602b7655f857c819e06dcb21a2f8"	"incident-alert-and-operability-semantics-candidate"	"ready-for-agent-and-self-described-confirmed-internal-spec-without-four-factor-requirement-approval"	"historical-MesIngest-watch-operations-scope-current-applicability-needs-source-binding-and-reapproval"	"needs-operations-owner-and-explicit-approval"	"document-route:R12-candidate; unit-kind:markdown-flow-or-list-item; source-document-class:R12-SPEC-MIXED; current-applicability:MesIngest Watch Operations implementation spec; possible decision summaries are mixed with architecture, defaults, UI/API and delivery design.; ledger-history:Created from internal planning and upstream MES/ADR material; ready-for-agent or confirmed wording is not a four-element approval record.; upstream-reference:MesIngest-Phase-1-spec"	"BOUND-R12-001"	"not-approved"	"responsible-operations-owner;incident-lifecycle-and-retention-scope;named-approver;approval-date;approved-scope;version-or-sha256-binding"
"R12-A0158"	"R12"	"R12-50"	".scratch/mes-ingest-watch-operations/spec.md"	"1952e28681dc50e849f6e61ceee095896e48cff82cb449bb0526c44895b24e9b"	"line 32"	"MesIngest Watch Operations and Scalable Read Model > Functional Requirements > 1. Time contract and display"	"Oracle/CSV 不带时区的 DATES 按工厂 UTC+08:00 解释；"	"Oracle/CSV 不带时区的 DATES 按工厂 UTC+08:00 解释；原始时间点不得误当 UTC。"	"5873a9a16d9ff4919244077b85aac4c3442d42bddb9011295b2c8f558d1aed50"	"operator-watch-ux-and-operability-candidate"	"ready-for-agent-and-self-described-confirmed-internal-spec-without-four-factor-requirement-approval"	"historical-MesIngest-watch-operations-scope-current-applicability-needs-source-binding-and-reapproval"	"needs-operator-product-owner-and-explicit-approval"	"document-route:R12-candidate; unit-kind:markdown-flow-or-list-item; source-document-class:R12-SPEC-MIXED; current-applicability:MesIngest Watch Operations implementation spec; possible decision summaries are mixed with architecture, defaults, UI/API and delivery design.; ledger-history:Created from internal planning and upstream MES/ADR material; ready-for-agent or confirmed wording is not a four-element approval record.; upstream-reference:MesIngest-Phase-1-spec"	"BOUND-R12-001"	"not-approved"	"operator-workflow-owner;approved-usability-and-operability-scope;named-approver;approval-date;approved-scope;version-or-sha256-binding"
"R12-A0159"	"R12"	"R12-50"	".scratch/mes-ingest-watch-operations/spec.md"	"1952e28681dc50e849f6e61ceee095896e48cff82cb449bb0526c44895b24e9b"	"line 32"	"MesIngest Watch Operations and Scalable Read Model > Functional Requirements > 1. Time contract and display"	"原始时间点不得误当 UTC。"	"Oracle/CSV 不带时区的 DATES 按工厂 UTC+08:00 解释；原始时间点不得误当 UTC。"	"a02e8c24ca4a0053d3d160e17a910feed8099697fe36765690d34055b39fd660"	"operator-watch-ux-and-operability-candidate"	"ready-for-agent-and-self-described-confirmed-internal-spec-without-four-factor-requirement-approval"	"historical-MesIngest-watch-operations-scope-current-applicability-needs-source-binding-and-reapproval"	"needs-operator-product-owner-and-explicit-approval"	"document-route:R12-candidate; unit-kind:markdown-flow-or-list-item; source-document-class:R12-SPEC-MIXED; current-applicability:MesIngest Watch Operations implementation spec; possible decision summaries are mixed with architecture, defaults, UI/API and delivery design.; ledger-history:Created from internal planning and upstream MES/ADR material; ready-for-agent or confirmed wording is not a four-element approval record.; upstream-reference:MesIngest-Phase-1-spec"	"BOUND-R12-001"	"not-approved"	"operator-workflow-owner;approved-usability-and-operability-scope;named-approver;approval-date;approved-scope;version-or-sha256-binding"
"R12-A0160"	"R12"	"R12-50"	".scratch/mes-ingest-watch-operations/spec.md"	"1952e28681dc50e849f6e61ceee095896e48cff82cb449bb0526c44895b24e9b"	"line 33"	"MesIngest Watch Operations and Scalable Read Model > Functional Requirements > 1. Time contract and display"	"Watch 读取运行电脑的系统时区，显示前转换为本机时区，统一格式 `yyyy-MM-dd HH:mm:ss zzz`。"	"Watch 读取运行电脑的系统时区，显示前转换为本机时区，统一格式 `yyyy-MM-dd HH:mm:ss zzz`。"	"28e6c4ef4d576d2bc77db23413006f0869f1a917fea939ef601cd5bc0f8cf182"	"operator-watch-ux-and-operability-candidate"	"ready-for-agent-and-self-described-confirmed-internal-spec-without-four-factor-requirement-approval"	"historical-MesIngest-watch-operations-scope-current-applicability-needs-source-binding-and-reapproval"	"needs-operator-product-owner-and-explicit-approval"	"document-route:R12-candidate; unit-kind:markdown-flow-or-list-item; source-document-class:R12-SPEC-MIXED; current-applicability:MesIngest Watch Operations implementation spec; possible decision summaries are mixed with architecture, defaults, UI/API and delivery design.; ledger-history:Created from internal planning and upstream MES/ADR material; ready-for-agent or confirmed wording is not a four-element approval record.; upstream-reference:MesIngest-Phase-1-spec"	"BOUND-R12-001"	"not-approved"	"operator-workflow-owner;approved-usability-and-operability-scope;named-approver;approval-date;approved-scope;version-or-sha256-binding"
"R12-A0161"	"R12"	"R12-50"	".scratch/mes-ingest-watch-operations/spec.md"	"1952e28681dc50e849f6e61ceee095896e48cff82cb449bb0526c44895b24e9b"	"line 34"	"MesIngest Watch Operations and Scalable Read Model > Functional Requirements > 1. Time contract and display"	"Watch 底部状态栏明确显示系统时区名称与 UTC 偏移；"	"Watch 底部状态栏明确显示系统时区名称与 UTC 偏移；排序使用时间值，不使用格式化字符串。"	"dd01b3afab871dc176f703636084801e26dd87db312be8847cca2c3ca977613c"	"operator-watch-ux-and-operability-candidate"	"ready-for-agent-and-self-described-confirmed-internal-spec-without-four-factor-requirement-approval"	"historical-MesIngest-watch-operations-scope-current-applicability-needs-source-binding-and-reapproval"	"needs-operator-product-owner-and-explicit-approval"	"document-route:R12-candidate; unit-kind:markdown-flow-or-list-item; source-document-class:R12-SPEC-MIXED; current-applicability:MesIngest Watch Operations implementation spec; possible decision summaries are mixed with architecture, defaults, UI/API and delivery design.; ledger-history:Created from internal planning and upstream MES/ADR material; ready-for-agent or confirmed wording is not a four-element approval record.; upstream-reference:MesIngest-Phase-1-spec"	"BOUND-R12-001"	"not-approved"	"operator-workflow-owner;approved-usability-and-operability-scope;named-approver;approval-date;approved-scope;version-or-sha256-binding"
"R12-A0162"	"R12"	"R12-50"	".scratch/mes-ingest-watch-operations/spec.md"	"1952e28681dc50e849f6e61ceee095896e48cff82cb449bb0526c44895b24e9b"	"line 34"	"MesIngest Watch Operations and Scalable Read Model > Functional Requirements > 1. Time contract and display"	"排序使用时间值，不使用格式化字符串。"	"Watch 底部状态栏明确显示系统时区名称与 UTC 偏移；排序使用时间值，不使用格式化字符串。"	"662bf5a731d6e662b91f0fecbef2059a3c1f824ff9ab0905ed81e49e7503b6a9"	"operator-watch-ux-and-operability-candidate"	"ready-for-agent-and-self-described-confirmed-internal-spec-without-four-factor-requirement-approval"	"historical-MesIngest-watch-operations-scope-current-applicability-needs-source-binding-and-reapproval"	"needs-operator-product-owner-and-explicit-approval"	"document-route:R12-candidate; unit-kind:markdown-flow-or-list-item; source-document-class:R12-SPEC-MIXED; current-applicability:MesIngest Watch Operations implementation spec; possible decision summaries are mixed with architecture, defaults, UI/API and delivery design.; ledger-history:Created from internal planning and upstream MES/ADR material; ready-for-agent or confirmed wording is not a four-element approval record.; upstream-reference:MesIngest-Phase-1-spec"	"BOUND-R12-001"	"not-approved"	"operator-workflow-owner;approved-usability-and-operability-scope;named-approver;approval-date;approved-scope;version-or-sha256-binding"
"R12-A0163"	"R12"	"R12-50"	".scratch/mes-ingest-watch-operations/spec.md"	"1952e28681dc50e849f6e61ceee095896e48cff82cb449bb0526c44895b24e9b"	"line 35"	"MesIngest Watch Operations and Scalable Read Model > Functional Requirements > 1. Time contract and display"	"Watch 列名使用“当前工序进入时间 (DATES)”；"	"Watch 列名使用“当前工序进入时间 (DATES)”；STEP 保留为原始投影字段，但不是默认排序或主要交互字段。"	"b0c2820964a0f87b1057df26133a32fd216585f49e04f25d3c56618c92777170"	"operator-watch-ux-and-operability-candidate"	"ready-for-agent-and-self-described-confirmed-internal-spec-without-four-factor-requirement-approval"	"historical-MesIngest-watch-operations-scope-current-applicability-needs-source-binding-and-reapproval"	"needs-operator-product-owner-and-explicit-approval"	"document-route:R12-candidate; unit-kind:markdown-flow-or-list-item; source-document-class:R12-SPEC-MIXED; current-applicability:MesIngest Watch Operations implementation spec; possible decision summaries are mixed with architecture, defaults, UI/API and delivery design.; ledger-history:Created from internal planning and upstream MES/ADR material; ready-for-agent or confirmed wording is not a four-element approval record.; upstream-reference:MesIngest-Phase-1-spec"	"BOUND-R12-001"	"not-approved"	"operator-workflow-owner;approved-usability-and-operability-scope;named-approver;approval-date;approved-scope;version-or-sha256-binding"
"R12-A0164"	"R12"	"R12-50"	".scratch/mes-ingest-watch-operations/spec.md"	"1952e28681dc50e849f6e61ceee095896e48cff82cb449bb0526c44895b24e9b"	"line 35"	"MesIngest Watch Operations and Scalable Read Model > Functional Requirements > 1. Time contract and display"	"STEP 保留为原始投影字段，但不是默认排序或主要交互字段。"	"Watch 列名使用“当前工序进入时间 (DATES)”；STEP 保留为原始投影字段，但不是默认排序或主要交互字段。"	"7dbdbdb0dc0f53d4247255635fb18d7fcf55f9827891d5b2944653cff7d5b483"	"tunable-operational-default-candidate"	"ready-for-agent-and-self-described-confirmed-internal-spec-without-four-factor-requirement-approval"	"historical-MesIngest-watch-operations-scope-current-applicability-needs-source-binding-and-reapproval"	"needs-responsible-owner-and-explicit-approval"	"document-route:R12-candidate; unit-kind:markdown-flow-or-list-item; source-document-class:R12-SPEC-MIXED; current-applicability:MesIngest Watch Operations implementation spec; possible decision summaries are mixed with architecture, defaults, UI/API and delivery design.; ledger-history:Created from internal planning and upstream MES/ADR material; ready-for-agent or confirmed wording is not a four-element approval record.; upstream-reference:MesIngest-Phase-1-spec"	"BOUND-R12-001"	"not-approved"	"responsible-owner-classification;authoritative-source;named-approver;approval-date;approved-scope;version-or-sha256-binding"
"R12-A0165"	"R12"	"R12-50"	".scratch/mes-ingest-watch-operations/spec.md"	"1952e28681dc50e849f6e61ceee095896e48cff82cb449bb0526c44895b24e9b"	"line 39"	"MesIngest Watch Operations and Scalable Read Model > Functional Requirements > 2. Watch HTTP reliability and local event journal"	"新增 `Watch:RequestTimeoutSeconds`，默认 30，可配置范围 1–300；"	"新增 `Watch:RequestTimeoutSeconds`，默认 30，可配置范围 1–300；JSON 与 `MesIngestWatch__RequestTimeoutSeconds` 环境变量均可覆盖。"	"51c4244eb69276b3c7a3470d741aa0aa345a6713b35fecd3b816bba00d49d0a7"	"tunable-operational-default-candidate"	"ready-for-agent-and-self-described-confirmed-internal-spec-without-four-factor-requirement-approval"	"historical-MesIngest-watch-operations-scope-current-applicability-needs-source-binding-and-reapproval"	"needs-responsible-owner-and-explicit-approval"	"document-route:R12-candidate; unit-kind:markdown-flow-or-list-item; source-document-class:R12-SPEC-MIXED; current-applicability:MesIngest Watch Operations implementation spec; possible decision summaries are mixed with architecture, defaults, UI/API and delivery design.; ledger-history:Created from internal planning and upstream MES/ADR material; ready-for-agent or confirmed wording is not a four-element approval record.; upstream-reference:MesIngest-Phase-1-spec"	"BOUND-R12-001"	"not-approved"	"responsible-owner-classification;authoritative-source;named-approver;approval-date;approved-scope;version-or-sha256-binding"
"R12-A0166"	"R12"	"R12-50"	".scratch/mes-ingest-watch-operations/spec.md"	"1952e28681dc50e849f6e61ceee095896e48cff82cb449bb0526c44895b24e9b"	"line 39"	"MesIngest Watch Operations and Scalable Read Model > Functional Requirements > 2. Watch HTTP reliability and local event journal"	"JSON 与 `MesIngestWatch__RequestTimeoutSeconds` 环境变量均可覆盖。"	"新增 `Watch:RequestTimeoutSeconds`，默认 30，可配置范围 1–300；JSON 与 `MesIngestWatch__RequestTimeoutSeconds` 环境变量均可覆盖。"	"8732f77fee2168fc2d5e50f2aae810f7e8064ae827a1eb578c8a9d8ef56b3bb4"	"operator-watch-ux-and-operability-candidate"	"ready-for-agent-and-self-described-confirmed-internal-spec-without-four-factor-requirement-approval"	"historical-MesIngest-watch-operations-scope-current-applicability-needs-source-binding-and-reapproval"	"needs-operator-product-owner-and-explicit-approval"	"document-route:R12-candidate; unit-kind:markdown-flow-or-list-item; source-document-class:R12-SPEC-MIXED; current-applicability:MesIngest Watch Operations implementation spec; possible decision summaries are mixed with architecture, defaults, UI/API and delivery design.; ledger-history:Created from internal planning and upstream MES/ADR material; ready-for-agent or confirmed wording is not a four-element approval record.; upstream-reference:MesIngest-Phase-1-spec"	"BOUND-R12-001"	"not-approved"	"operator-workflow-owner;approved-usability-and-operability-scope;named-approver;approval-date;approved-scope;version-or-sha256-binding"
"R12-A0167"	"R12"	"R12-50"	".scratch/mes-ingest-watch-operations/spec.md"	"1952e28681dc50e849f6e61ceee095896e48cff82cb449bb0526c44895b24e9b"	"line 40"	"MesIngest Watch Operations and Scalable Read Model > Functional Requirements > 2. Watch HTTP reliability and local event journal"	"非法配置阻止启动并给出明确错误，不静默回退。"	"非法配置阻止启动并给出明确错误，不静默回退。"	"41903169e98df985fdb8f52576c8db2d0e198ae6ecc53d559ecfc4c1688893e3"	"operator-watch-ux-and-operability-candidate"	"ready-for-agent-and-self-described-confirmed-internal-spec-without-four-factor-requirement-approval"	"historical-MesIngest-watch-operations-scope-current-applicability-needs-source-binding-and-reapproval"	"needs-operator-product-owner-and-explicit-approval"	"document-route:R12-candidate; unit-kind:markdown-flow-or-list-item; source-document-class:R12-SPEC-MIXED; current-applicability:MesIngest Watch Operations implementation spec; possible decision summaries are mixed with architecture, defaults, UI/API and delivery design.; ledger-history:Created from internal planning and upstream MES/ADR material; ready-for-agent or confirmed wording is not a four-element approval record.; upstream-reference:MesIngest-Phase-1-spec"	"BOUND-R12-001"	"not-approved"	"operator-workflow-owner;approved-usability-and-operability-scope;named-approver;approval-date;approved-scope;version-or-sha256-binding"
"R12-A0168"	"R12"	"R12-50"	".scratch/mes-ingest-watch-operations/spec.md"	"1952e28681dc50e849f6e61ceee095896e48cff82cb449bb0526c44895b24e9b"	"line 41"	"MesIngest Watch Operations and Scalable Read Model > Functional Requirements > 2. Watch HTTP reliability and local event journal"	"单次刷新不立即重试；"	"单次刷新不立即重试；下一次正常定时刷新就是重试，继续保持 single-flight。"	"998938573614f70c1fa9e3812afdb1ed77560c8715247e96777a3265ceb37e77"	"operator-watch-ux-and-operability-candidate"	"ready-for-agent-and-self-described-confirmed-internal-spec-without-four-factor-requirement-approval"	"historical-MesIngest-watch-operations-scope-current-applicability-needs-source-binding-and-reapproval"	"needs-operator-product-owner-and-explicit-approval"	"document-route:R12-candidate; unit-kind:markdown-flow-or-list-item; source-document-class:R12-SPEC-MIXED; current-applicability:MesIngest Watch Operations implementation spec; possible decision summaries are mixed with architecture, defaults, UI/API and delivery design.; ledger-history:Created from internal planning and upstream MES/ADR material; ready-for-agent or confirmed wording is not a four-element approval record.; upstream-reference:MesIngest-Phase-1-spec"	"BOUND-R12-001"	"not-approved"	"operator-workflow-owner;approved-usability-and-operability-scope;named-approver;approval-date;approved-scope;version-or-sha256-binding"
"R12-A0169"	"R12"	"R12-50"	".scratch/mes-ingest-watch-operations/spec.md"	"1952e28681dc50e849f6e61ceee095896e48cff82cb449bb0526c44895b24e9b"	"line 41"	"MesIngest Watch Operations and Scalable Read Model > Functional Requirements > 2. Watch HTTP reliability and local event journal"	"下一次正常定时刷新就是重试，继续保持 single-flight。"	"单次刷新不立即重试；下一次正常定时刷新就是重试，继续保持 single-flight。"	"fd12539d99e1ebc3fb0aefbc577eb0b1d4a8cded71d3f0b2faa1f44a151ad424"	"operator-watch-ux-and-operability-candidate"	"ready-for-agent-and-self-described-confirmed-internal-spec-without-four-factor-requirement-approval"	"historical-MesIngest-watch-operations-scope-current-applicability-needs-source-binding-and-reapproval"	"needs-operator-product-owner-and-explicit-approval"	"document-route:R12-candidate; unit-kind:markdown-flow-or-list-item; source-document-class:R12-SPEC-MIXED; current-applicability:MesIngest Watch Operations implementation spec; possible decision summaries are mixed with architecture, defaults, UI/API and delivery design.; ledger-history:Created from internal planning and upstream MES/ADR material; ready-for-agent or confirmed wording is not a four-element approval record.; upstream-reference:MesIngest-Phase-1-spec"	"BOUND-R12-001"	"not-approved"	"operator-workflow-owner;approved-usability-and-operability-scope;named-approver;approval-date;approved-scope;version-or-sha256-binding"
"R12-A0170"	"R12"	"R12-50"	".scratch/mes-ingest-watch-operations/spec.md"	"1952e28681dc50e849f6e61ceee095896e48cff82cb449bb0526c44895b24e9b"	"line 42"	"MesIngest Watch Operations and Scalable Read Model > Functional Requirements > 2. Watch HTTP reliability and local event journal"	"任一端点失败时保留最后成功数据，状态栏显示最后成功刷新时间和陈旧时长；"	"任一端点失败时保留最后成功数据，状态栏显示最后成功刷新时间和陈旧时长；错误必须包含失败端点、阶段和配置超时。"	"5bcc6deb2025b0431ab67957f1c9112c40b351bc7f0dfb7a762ef95e52374675"	"operator-watch-ux-and-operability-candidate"	"ready-for-agent-and-self-described-confirmed-internal-spec-without-four-factor-requirement-approval"	"historical-MesIngest-watch-operations-scope-current-applicability-needs-source-binding-and-reapproval"	"needs-operator-product-owner-and-explicit-approval"	"document-route:R12-candidate; unit-kind:markdown-flow-or-list-item; source-document-class:R12-SPEC-MIXED; current-applicability:MesIngest Watch Operations implementation spec; possible decision summaries are mixed with architecture, defaults, UI/API and delivery design.; ledger-history:Created from internal planning and upstream MES/ADR material; ready-for-agent or confirmed wording is not a four-element approval record.; upstream-reference:MesIngest-Phase-1-spec"	"BOUND-R12-001"	"not-approved"	"operator-workflow-owner;approved-usability-and-operability-scope;named-approver;approval-date;approved-scope;version-or-sha256-binding"
"R12-A0171"	"R12"	"R12-50"	".scratch/mes-ingest-watch-operations/spec.md"	"1952e28681dc50e849f6e61ceee095896e48cff82cb449bb0526c44895b24e9b"	"line 42"	"MesIngest Watch Operations and Scalable Read Model > Functional Requirements > 2. Watch HTTP reliability and local event journal"	"错误必须包含失败端点、阶段和配置超时。"	"任一端点失败时保留最后成功数据，状态栏显示最后成功刷新时间和陈旧时长；错误必须包含失败端点、阶段和配置超时。"	"b68ae095d9759b1ded1931c6d64b4844eefe33227fec7d9676b64a2b57b86e9f"	"operator-watch-ux-and-operability-candidate"	"ready-for-agent-and-self-described-confirmed-internal-spec-without-four-factor-requirement-approval"	"historical-MesIngest-watch-operations-scope-current-applicability-needs-source-binding-and-reapproval"	"needs-operator-product-owner-and-explicit-approval"	"document-route:R12-candidate; unit-kind:markdown-flow-or-list-item; source-document-class:R12-SPEC-MIXED; current-applicability:MesIngest Watch Operations implementation spec; possible decision summaries are mixed with architecture, defaults, UI/API and delivery design.; ledger-history:Created from internal planning and upstream MES/ADR material; ready-for-agent or confirmed wording is not a four-element approval record.; upstream-reference:MesIngest-Phase-1-spec"	"BOUND-R12-001"	"not-approved"	"operator-workflow-owner;approved-usability-and-operability-scope;named-approver;approval-date;approved-scope;version-or-sha256-binding"
"R12-A0172"	"R12"	"R12-50"	".scratch/mes-ingest-watch-operations/spec.md"	"1952e28681dc50e849f6e61ceee095896e48cff82cb449bb0526c44895b24e9b"	"line 43"	"MesIngest Watch Operations and Scalable Read Model > Functional Requirements > 2. Watch HTTP reliability and local event journal"	"WatchConnectionEvent 写入 `%LocalAppData%\MesIngest.Watch\logs\` 的按日 JSON Lines：首次失败立即记录，持续故障每 5 分钟摘要一次，恢复时记录总持续时间和失败次数。"	"WatchConnectionEvent 写入 `%LocalAppData%\MesIngest.Watch\logs\` 的按日 JSON Lines：首次失败立即记录，持续故障每 5 分钟摘要一次，恢复时记录总持续时间和失败次数。"	"c0d810065e05574be7c22db01e8054faced5f9c2dc6f132086ab2a5bb4bb8b4e"	"embedded-local-technical-design-or-test-decision"	"ready-for-agent-and-self-described-confirmed-internal-spec-without-four-factor-requirement-approval"	"historical-MesIngest-watch-operations-scope-current-applicability-needs-source-binding-and-reapproval"	"exclude-from-requirement-approval"	"document-route:R12-candidate; unit-kind:markdown-flow-or-list-item; source-document-class:R12-SPEC-MIXED; current-applicability:MesIngest Watch Operations implementation spec; possible decision summaries are mixed with architecture, defaults, UI/API and delivery design.; ledger-history:Created from internal planning and upstream MES/ADR material; ready-for-agent or confirmed wording is not a four-element approval record.; upstream-reference:MesIngest-Phase-1-spec"	"BOUND-R12-001"	"not-approved"	"authoritative-requirement-source-if-behavior-is-required;separate-technical-decision-review;named-approver;approval-date;approved-scope;version-or-sha256-binding"
"R12-A0173"	"R12"	"R12-50"	".scratch/mes-ingest-watch-operations/spec.md"	"1952e28681dc50e849f6e61ceee095896e48cff82cb449bb0526c44895b24e9b"	"line 44"	"MesIngest Watch Operations and Scalable Read Model > Functional Requirements > 2. Watch HTTP reliability and local event journal"	"Watch 本地日志默认保留 30 天且目录上限 100 MB，以先达到者为准；"	"Watch 本地日志默认保留 30 天且目录上限 100 MB，以先达到者为准；两者可配置。"	"9c68c2d08c63fd5fc1957cf16eae93c62d4a96cfe9d45260ef8895ff3c3d98c1"	"tunable-operational-default-candidate"	"ready-for-agent-and-self-described-confirmed-internal-spec-without-four-factor-requirement-approval"	"historical-MesIngest-watch-operations-scope-current-applicability-needs-source-binding-and-reapproval"	"needs-responsible-owner-and-explicit-approval"	"document-route:R12-candidate; unit-kind:markdown-flow-or-list-item; source-document-class:R12-SPEC-MIXED; current-applicability:MesIngest Watch Operations implementation spec; possible decision summaries are mixed with architecture, defaults, UI/API and delivery design.; ledger-history:Created from internal planning and upstream MES/ADR material; ready-for-agent or confirmed wording is not a four-element approval record.; upstream-reference:MesIngest-Phase-1-spec"	"BOUND-R12-001"	"not-approved"	"responsible-owner-classification;authoritative-source;named-approver;approval-date;approved-scope;version-or-sha256-binding"
"R12-A0174"	"R12"	"R12-50"	".scratch/mes-ingest-watch-operations/spec.md"	"1952e28681dc50e849f6e61ceee095896e48cff82cb449bb0526c44895b24e9b"	"line 44"	"MesIngest Watch Operations and Scalable Read Model > Functional Requirements > 2. Watch HTTP reliability and local event journal"	"两者可配置。"	"Watch 本地日志默认保留 30 天且目录上限 100 MB，以先达到者为准；两者可配置。"	"763bdc623db5242437d48866c21e3f203e6250aa1025dfb32e9172c10d9edabc"	"operator-watch-ux-and-operability-candidate"	"ready-for-agent-and-self-described-confirmed-internal-spec-without-four-factor-requirement-approval"	"historical-MesIngest-watch-operations-scope-current-applicability-needs-source-binding-and-reapproval"	"needs-operator-product-owner-and-explicit-approval"	"document-route:R12-candidate; unit-kind:markdown-flow-or-list-item; source-document-class:R12-SPEC-MIXED; current-applicability:MesIngest Watch Operations implementation spec; possible decision summaries are mixed with architecture, defaults, UI/API and delivery design.; ledger-history:Created from internal planning and upstream MES/ADR material; ready-for-agent or confirmed wording is not a four-element approval record.; upstream-reference:MesIngest-Phase-1-spec"	"BOUND-R12-001"	"not-approved"	"operator-workflow-owner;approved-usability-and-operability-scope;named-approver;approval-date;approved-scope;version-or-sha256-binding"
"R12-A0175"	"R12"	"R12-50"	".scratch/mes-ingest-watch-operations/spec.md"	"1952e28681dc50e849f6e61ceee095896e48cff82cb449bb0526c44895b24e9b"	"line 48"	"MesIngest Watch Operations and Scalable Read Model > Functional Requirements > 3. Incremental SQL Server projection"	"禁止成功轮询后 `DELETE` 并逐条重建全部 TransportDemands/TaskTypePauses。"	"禁止成功轮询后 `DELETE` 并逐条重建全部 TransportDemands/TaskTypePauses。"	"0b9d8e0fdb9e726e7d45d1cae9154b238996e1c435a9a2a09c541817c7602533"	"embedded-local-technical-design-or-test-decision"	"ready-for-agent-and-self-described-confirmed-internal-spec-without-four-factor-requirement-approval"	"historical-MesIngest-watch-operations-scope-current-applicability-needs-source-binding-and-reapproval"	"exclude-from-requirement-approval"	"document-route:R12-candidate; unit-kind:markdown-flow-or-list-item; source-document-class:R12-SPEC-MIXED; current-applicability:MesIngest Watch Operations implementation spec; possible decision summaries are mixed with architecture, defaults, UI/API and delivery design.; ledger-history:Created from internal planning and upstream MES/ADR material; ready-for-agent or confirmed wording is not a four-element approval record.; upstream-reference:MesIngest-Phase-1-spec,ADR-mes-0007"	"BOUND-R12-001"	"not-approved"	"authoritative-requirement-source-if-behavior-is-required;separate-technical-decision-review;named-approver;approval-date;approved-scope;version-or-sha256-binding"
"R12-A0176"	"R12"	"R12-50"	".scratch/mes-ingest-watch-operations/spec.md"	"1952e28681dc50e849f6e61ceee095896e48cff82cb449bb0526c44895b24e9b"	"line 49"	"MesIngest Watch Operations and Scalable Read Model > Functional Requirements > 3. Incremental SQL Server projection"	"本轮新 Demand 执行 INSERT；"	"本轮新 Demand 执行 INSERT；状态、last-seen、消失计数或 pause 状态变化执行必要 UPDATE/UPSERT；未变化记录不写。"	"39e9ea86b1d1780dde3b5a4581343f4780998f4368d94abbac70c1e174383a96"	"embedded-local-technical-design-or-test-decision"	"ready-for-agent-and-self-described-confirmed-internal-spec-without-four-factor-requirement-approval"	"historical-MesIngest-watch-operations-scope-current-applicability-needs-source-binding-and-reapproval"	"exclude-from-requirement-approval"	"document-route:R12-candidate; unit-kind:markdown-flow-or-list-item; source-document-class:R12-SPEC-MIXED; current-applicability:MesIngest Watch Operations implementation spec; possible decision summaries are mixed with architecture, defaults, UI/API and delivery design.; ledger-history:Created from internal planning and upstream MES/ADR material; ready-for-agent or confirmed wording is not a four-element approval record.; upstream-reference:MesIngest-Phase-1-spec,ADR-mes-0007"	"BOUND-R12-001"	"not-approved"	"authoritative-requirement-source-if-behavior-is-required;separate-technical-decision-review;named-approver;approval-date;approved-scope;version-or-sha256-binding"
"R12-A0177"	"R12"	"R12-50"	".scratch/mes-ingest-watch-operations/spec.md"	"1952e28681dc50e849f6e61ceee095896e48cff82cb449bb0526c44895b24e9b"	"line 49"	"MesIngest Watch Operations and Scalable Read Model > Functional Requirements > 3. Incremental SQL Server projection"	"状态、last-seen、消失计数或 pause 状态变化执行必要 UPDATE/UPSERT；"	"本轮新 Demand 执行 INSERT；状态、last-seen、消失计数或 pause 状态变化执行必要 UPDATE/UPSERT；未变化记录不写。"	"324ccb26d7b4238c57ace680ab26a59b9d2f81a3a9b65a98f3c4bc5d057ba0ea"	"embedded-local-technical-design-or-test-decision"	"ready-for-agent-and-self-described-confirmed-internal-spec-without-four-factor-requirement-approval"	"historical-MesIngest-watch-operations-scope-current-applicability-needs-source-binding-and-reapproval"	"exclude-from-requirement-approval"	"document-route:R12-candidate; unit-kind:markdown-flow-or-list-item; source-document-class:R12-SPEC-MIXED; current-applicability:MesIngest Watch Operations implementation spec; possible decision summaries are mixed with architecture, defaults, UI/API and delivery design.; ledger-history:Created from internal planning and upstream MES/ADR material; ready-for-agent or confirmed wording is not a four-element approval record.; upstream-reference:MesIngest-Phase-1-spec,ADR-mes-0007"	"BOUND-R12-001"	"not-approved"	"authoritative-requirement-source-if-behavior-is-required;separate-technical-decision-review;named-approver;approval-date;approved-scope;version-or-sha256-binding"
"R12-A0178"	"R12"	"R12-50"	".scratch/mes-ingest-watch-operations/spec.md"	"1952e28681dc50e849f6e61ceee095896e48cff82cb449bb0526c44895b24e9b"	"line 49"	"MesIngest Watch Operations and Scalable Read Model > Functional Requirements > 3. Incremental SQL Server projection"	"未变化记录不写。"	"本轮新 Demand 执行 INSERT；状态、last-seen、消失计数或 pause 状态变化执行必要 UPDATE/UPSERT；未变化记录不写。"	"686e1c59084a9faa33bfa4cea2171d3960281566f5d9b72cd8f5b9553fa1bc2a"	"embedded-local-technical-design-or-test-decision"	"ready-for-agent-and-self-described-confirmed-internal-spec-without-four-factor-requirement-approval"	"historical-MesIngest-watch-operations-scope-current-applicability-needs-source-binding-and-reapproval"	"exclude-from-requirement-approval"	"document-route:R12-candidate; unit-kind:markdown-flow-or-list-item; source-document-class:R12-SPEC-MIXED; current-applicability:MesIngest Watch Operations implementation spec; possible decision summaries are mixed with architecture, defaults, UI/API and delivery design.; ledger-history:Created from internal planning and upstream MES/ADR material; ready-for-agent or confirmed wording is not a four-element approval record.; upstream-reference:MesIngest-Phase-1-spec,ADR-mes-0007"	"BOUND-R12-001"	"not-approved"	"authoritative-requirement-source-if-behavior-is-required;separate-technical-decision-review;named-approver;approval-date;approved-scope;version-or-sha256-binding"
"R12-A0179"	"R12"	"R12-50"	".scratch/mes-ingest-watch-operations/spec.md"	"1952e28681dc50e849f6e61ceee095896e48cff82cb449bb0526c44895b24e9b"	"line 50"	"MesIngest Watch Operations and Scalable Read Model > Functional Requirements > 3. Incremental SQL Server projection"	"GONE 转换与对应 DemandChangeFeed 记录必须在同一 SQL Server 事务中提交。"	"GONE 转换与对应 DemandChangeFeed 记录必须在同一 SQL Server 事务中提交。"	"e1cdb6e353e4848e20cd338317ed06206a5a2620e16f2c56a9831535995ee890"	"embedded-local-technical-design-or-test-decision"	"ready-for-agent-and-self-described-confirmed-internal-spec-without-four-factor-requirement-approval"	"historical-MesIngest-watch-operations-scope-current-applicability-needs-source-binding-and-reapproval"	"exclude-from-requirement-approval"	"document-route:R12-candidate; unit-kind:markdown-flow-or-list-item; source-document-class:R12-SPEC-MIXED; current-applicability:MesIngest Watch Operations implementation spec; possible decision summaries are mixed with architecture, defaults, UI/API and delivery design.; ledger-history:Created from internal planning and upstream MES/ADR material; ready-for-agent or confirmed wording is not a four-element approval record.; upstream-reference:MesIngest-Phase-1-spec,ADR-mes-0007"	"BOUND-R12-001,CF-R01-001"	"not-approved"	"authoritative-requirement-source-if-behavior-is-required;separate-technical-decision-review;named-approver;approval-date;approved-scope;version-or-sha256-binding"
"R12-A0180"	"R12"	"R12-50"	".scratch/mes-ingest-watch-operations/spec.md"	"1952e28681dc50e849f6e61ceee095896e48cff82cb449bb0526c44895b24e9b"	"line 51"	"MesIngest Watch Operations and Scalable Read Model > Functional Requirements > 3. Incremental SQL Server projection"	"正常对账只加载当前 VISIBLE 与必需 pause 状态；"	"正常对账只加载当前 VISIBLE 与必需 pause 状态；检查 reappear 时按 TASK_TYPE+SUBLOT 使用索引查询历史，不加载全部 GONE。"	"2d44a6a8678910cabec4eaea8972a70c431923c91b9ecce0b550a8b82332d35a"	"embedded-local-technical-design-or-test-decision"	"ready-for-agent-and-self-described-confirmed-internal-spec-without-four-factor-requirement-approval"	"historical-MesIngest-watch-operations-scope-current-applicability-needs-source-binding-and-reapproval"	"exclude-from-requirement-approval"	"document-route:R12-candidate; unit-kind:markdown-flow-or-list-item; source-document-class:R12-SPEC-MIXED; current-applicability:MesIngest Watch Operations implementation spec; possible decision summaries are mixed with architecture, defaults, UI/API and delivery design.; ledger-history:Created from internal planning and upstream MES/ADR material; ready-for-agent or confirmed wording is not a four-element approval record.; upstream-reference:MesIngest-Phase-1-spec,ADR-mes-0007"	"BOUND-R12-001"	"not-approved"	"authoritative-requirement-source-if-behavior-is-required;separate-technical-decision-review;named-approver;approval-date;approved-scope;version-or-sha256-binding"
"R12-A0181"	"R12"	"R12-50"	".scratch/mes-ingest-watch-operations/spec.md"	"1952e28681dc50e849f6e61ceee095896e48cff82cb449bb0526c44895b24e9b"	"line 51"	"MesIngest Watch Operations and Scalable Read Model > Functional Requirements > 3. Incremental SQL Server projection"	"检查 reappear 时按 TASK_TYPE+SUBLOT 使用索引查询历史，不加载全部 GONE。"	"正常对账只加载当前 VISIBLE 与必需 pause 状态；检查 reappear 时按 TASK_TYPE+SUBLOT 使用索引查询历史，不加载全部 GONE。"	"45a8891173a240bb544537854819aa95029790cba4113015bf932eb5895e237a"	"embedded-local-technical-design-or-test-decision"	"ready-for-agent-and-self-described-confirmed-internal-spec-without-four-factor-requirement-approval"	"historical-MesIngest-watch-operations-scope-current-applicability-needs-source-binding-and-reapproval"	"exclude-from-requirement-approval"	"document-route:R12-candidate; unit-kind:markdown-flow-or-list-item; source-document-class:R12-SPEC-MIXED; current-applicability:MesIngest Watch Operations implementation spec; possible decision summaries are mixed with architecture, defaults, UI/API and delivery design.; ledger-history:Created from internal planning and upstream MES/ADR material; ready-for-agent or confirmed wording is not a four-element approval record.; upstream-reference:MesIngest-Phase-1-spec,ADR-mes-0007"	"BOUND-R12-001,CF-R01-001"	"not-approved"	"authoritative-requirement-source-if-behavior-is-required;separate-technical-decision-review;named-approver;approval-date;approved-scope;version-or-sha256-binding"
"R12-A0182"	"R12"	"R12-50"	".scratch/mes-ingest-watch-operations/spec.md"	"1952e28681dc50e849f6e61ceee095896e48cff82cb449bb0526c44895b24e9b"	"line 52"	"MesIngest Watch Operations and Scalable Read Model > Functional Requirements > 3. Incremental SQL Server projection"	"GONE 行形成后保持不可变业务字段，不在后续轮询中反复更新。"	"GONE 行形成后保持不可变业务字段，不在后续轮询中反复更新。"	"30db4b1728372853aeb5872a07abc467c3df8b9e00634341e9c5136cace8a9c5"	"embedded-local-technical-design-or-test-decision"	"ready-for-agent-and-self-described-confirmed-internal-spec-without-four-factor-requirement-approval"	"historical-MesIngest-watch-operations-scope-current-applicability-needs-source-binding-and-reapproval"	"exclude-from-requirement-approval"	"document-route:R12-candidate; unit-kind:markdown-flow-or-list-item; source-document-class:R12-SPEC-MIXED; current-applicability:MesIngest Watch Operations implementation spec; possible decision summaries are mixed with architecture, defaults, UI/API and delivery design.; ledger-history:Created from internal planning and upstream MES/ADR material; ready-for-agent or confirmed wording is not a four-element approval record.; upstream-reference:MesIngest-Phase-1-spec,ADR-mes-0007"	"BOUND-R12-001"	"not-approved"	"authoritative-requirement-source-if-behavior-is-required;separate-technical-decision-review;named-approver;approval-date;approved-scope;version-or-sha256-binding"
"R12-A0183"	"R12"	"R12-50"	".scratch/mes-ingest-watch-operations/spec.md"	"1952e28681dc50e849f6e61ceee095896e48cff82cb449bb0526c44895b24e9b"	"line 53"	"MesIngest Watch Operations and Scalable Read Model > Functional Requirements > 3. Incremental SQL Server projection"	"为 Status+DATES+DemandId、TASK_TYPE+SUBLOT、GoneAt+DemandId 等已确认访问路径建立经执行计划验证的索引；"	"为 Status+DATES+DemandId、TASK_TYPE+SUBLOT、GoneAt+DemandId 等已确认访问路径建立经执行计划验证的索引；具体 INCLUDE 列由实现测试决定。"	"4afd7fca9b14403bb58a3642079d4b1678eb4a34a721143d84d983295c266815"	"embedded-local-technical-design-or-test-decision"	"ready-for-agent-and-self-described-confirmed-internal-spec-without-four-factor-requirement-approval"	"historical-MesIngest-watch-operations-scope-current-applicability-needs-source-binding-and-reapproval"	"exclude-from-requirement-approval"	"document-route:R12-candidate; unit-kind:markdown-flow-or-list-item; source-document-class:R12-SPEC-MIXED; current-applicability:MesIngest Watch Operations implementation spec; possible decision summaries are mixed with architecture, defaults, UI/API and delivery design.; ledger-history:Created from internal planning and upstream MES/ADR material; ready-for-agent or confirmed wording is not a four-element approval record.; upstream-reference:MesIngest-Phase-1-spec,ADR-mes-0007"	"BOUND-R12-001,CF-R01-001"	"not-approved"	"authoritative-requirement-source-if-behavior-is-required;separate-technical-decision-review;named-approver;approval-date;approved-scope;version-or-sha256-binding"
"R12-A0184"	"R12"	"R12-50"	".scratch/mes-ingest-watch-operations/spec.md"	"1952e28681dc50e849f6e61ceee095896e48cff82cb449bb0526c44895b24e9b"	"line 53"	"MesIngest Watch Operations and Scalable Read Model > Functional Requirements > 3. Incremental SQL Server projection"	"具体 INCLUDE 列由实现测试决定。"	"为 Status+DATES+DemandId、TASK_TYPE+SUBLOT、GoneAt+DemandId 等已确认访问路径建立经执行计划验证的索引；具体 INCLUDE 列由实现测试决定。"	"01ef07dc27ce0f8eb5ac2da6e2277451c77b1f348057171d95626ab7f728ec8c"	"embedded-local-technical-design-or-test-decision"	"ready-for-agent-and-self-described-confirmed-internal-spec-without-four-factor-requirement-approval"	"historical-MesIngest-watch-operations-scope-current-applicability-needs-source-binding-and-reapproval"	"exclude-from-requirement-approval"	"document-route:R12-candidate; unit-kind:markdown-flow-or-list-item; source-document-class:R12-SPEC-MIXED; current-applicability:MesIngest Watch Operations implementation spec; possible decision summaries are mixed with architecture, defaults, UI/API and delivery design.; ledger-history:Created from internal planning and upstream MES/ADR material; ready-for-agent or confirmed wording is not a four-element approval record.; upstream-reference:MesIngest-Phase-1-spec,ADR-mes-0007"	"BOUND-R12-001"	"not-approved"	"authoritative-requirement-source-if-behavior-is-required;separate-technical-decision-review;named-approver;approval-date;approved-scope;version-or-sha256-binding"
"R12-A0185"	"R12"	"R12-50"	".scratch/mes-ingest-watch-operations/spec.md"	"1952e28681dc50e849f6e61ceee095896e48cff82cb449bb0526c44895b24e9b"	"line 57"	"MesIngest Watch Operations and Scalable Read Model > Functional Requirements > 4. Paginated read API"	"现有 `/api/demands` 可直接升级为分页响应；"	"现有 `/api/demands` 可直接升级为分页响应；当前没有需兼容旧裸数组格式的外部消费者。"	"3e02e9a5ba73db0fb42a65703af039fdad7bcbd178da1ff2d32916868117b4f0"	"read-api-or-downstream-sync-contract-candidate"	"ready-for-agent-and-self-described-confirmed-internal-spec-without-four-factor-requirement-approval"	"historical-MesIngest-watch-operations-scope-current-applicability-needs-source-binding-and-reapproval"	"needs-interface-owner-and-explicit-approval"	"document-route:R12-candidate; unit-kind:markdown-flow-or-list-item; source-document-class:R12-SPEC-MIXED; current-applicability:MesIngest Watch Operations implementation spec; possible decision summaries are mixed with architecture, defaults, UI/API and delivery design.; ledger-history:Created from internal planning and upstream MES/ADR material; ready-for-agent or confirmed wording is not a four-element approval record.; upstream-reference:MesIngest-Phase-1-spec"	"BOUND-R12-001"	"not-approved"	"responsible-interface-owner;consumer-and-compatibility-scope;named-approver;approval-date;approved-scope;version-or-sha256-binding"
"R12-A0186"	"R12"	"R12-50"	".scratch/mes-ingest-watch-operations/spec.md"	"1952e28681dc50e849f6e61ceee095896e48cff82cb449bb0526c44895b24e9b"	"line 57"	"MesIngest Watch Operations and Scalable Read Model > Functional Requirements > 4. Paginated read API"	"当前没有需兼容旧裸数组格式的外部消费者。"	"现有 `/api/demands` 可直接升级为分页响应；当前没有需兼容旧裸数组格式的外部消费者。"	"00a53a5363faed908ad4221378e3007af3c45562cb065423f2178245815309c2"	"operator-watch-ux-and-operability-candidate"	"ready-for-agent-and-self-described-confirmed-internal-spec-without-four-factor-requirement-approval"	"historical-MesIngest-watch-operations-scope-current-applicability-needs-source-binding-and-reapproval"	"needs-operator-product-owner-and-explicit-approval"	"document-route:R12-candidate; unit-kind:markdown-flow-or-list-item; source-document-class:R12-SPEC-MIXED; current-applicability:MesIngest Watch Operations implementation spec; possible decision summaries are mixed with architecture, defaults, UI/API and delivery design.; ledger-history:Created from internal planning and upstream MES/ADR material; ready-for-agent or confirmed wording is not a four-element approval record.; upstream-reference:MesIngest-Phase-1-spec"	"BOUND-R12-001"	"not-approved"	"operator-workflow-owner;approved-usability-and-operability-scope;named-approver;approval-date;approved-scope;version-or-sha256-binding"
"R12-A0187"	"R12"	"R12-50"	".scratch/mes-ingest-watch-operations/spec.md"	"1952e28681dc50e849f6e61ceee095896e48cff82cb449bb0526c44895b24e9b"	"line 58"	"MesIngest Watch Operations and Scalable Read Model > Functional Requirements > 4. Paginated read API"	"响应至少包含 `items`、`nextCursor`、`hasMore`；"	"响应至少包含 `items`、`nextCursor`、`hasMore`；不得提供不受限“返回全部”模式。"	"8c783d3922205cf68f838029e93fc928cd24d83587259189845a74e64afc7025"	"read-api-or-downstream-sync-contract-candidate"	"ready-for-agent-and-self-described-confirmed-internal-spec-without-four-factor-requirement-approval"	"historical-MesIngest-watch-operations-scope-current-applicability-needs-source-binding-and-reapproval"	"needs-interface-owner-and-explicit-approval"	"document-route:R12-candidate; unit-kind:markdown-flow-or-list-item; source-document-class:R12-SPEC-MIXED; current-applicability:MesIngest Watch Operations implementation spec; possible decision summaries are mixed with architecture, defaults, UI/API and delivery design.; ledger-history:Created from internal planning and upstream MES/ADR material; ready-for-agent or confirmed wording is not a four-element approval record.; upstream-reference:MesIngest-Phase-1-spec"	"BOUND-R12-001"	"not-approved"	"responsible-interface-owner;consumer-and-compatibility-scope;named-approver;approval-date;approved-scope;version-or-sha256-binding"
"R12-A0188"	"R12"	"R12-50"	".scratch/mes-ingest-watch-operations/spec.md"	"1952e28681dc50e849f6e61ceee095896e48cff82cb449bb0526c44895b24e9b"	"line 58"	"MesIngest Watch Operations and Scalable Read Model > Functional Requirements > 4. Paginated read API"	"不得提供不受限“返回全部”模式。"	"响应至少包含 `items`、`nextCursor`、`hasMore`；不得提供不受限“返回全部”模式。"	"7d0b4cb571d0a2d223170f161d05934e93cd98a02b135f09862545efee89022d"	"operator-watch-ux-and-operability-candidate"	"ready-for-agent-and-self-described-confirmed-internal-spec-without-four-factor-requirement-approval"	"historical-MesIngest-watch-operations-scope-current-applicability-needs-source-binding-and-reapproval"	"needs-operator-product-owner-and-explicit-approval"	"document-route:R12-candidate; unit-kind:markdown-flow-or-list-item; source-document-class:R12-SPEC-MIXED; current-applicability:MesIngest Watch Operations implementation spec; possible decision summaries are mixed with architecture, defaults, UI/API and delivery design.; ledger-history:Created from internal planning and upstream MES/ADR material; ready-for-agent or confirmed wording is not a four-element approval record.; upstream-reference:MesIngest-Phase-1-spec"	"BOUND-R12-001"	"not-approved"	"operator-workflow-owner;approved-usability-and-operability-scope;named-approver;approval-date;approved-scope;version-or-sha256-binding"
"R12-A0189"	"R12"	"R12-50"	".scratch/mes-ingest-watch-operations/spec.md"	"1952e28681dc50e849f6e61ceee095896e48cff82cb449bb0526c44895b24e9b"	"line 59"	"MesIngest Watch Operations and Scalable Read Model > Functional Requirements > 4. Paginated read API"	"默认 `status=VISIBLE`、`sortBy=dates`、`direction=desc`；"	"默认 `status=VISIBLE`、`sortBy=dates`、`direction=desc`；DemandId 是稳定次排序键。"	"deeea90214b37f55ea9551c2a07ded1ef0af78cc613bda9e2486f28726bb1936"	"tunable-operational-default-candidate"	"ready-for-agent-and-self-described-confirmed-internal-spec-without-four-factor-requirement-approval"	"historical-MesIngest-watch-operations-scope-current-applicability-needs-source-binding-and-reapproval"	"needs-responsible-owner-and-explicit-approval"	"document-route:R12-candidate; unit-kind:markdown-flow-or-list-item; source-document-class:R12-SPEC-MIXED; current-applicability:MesIngest Watch Operations implementation spec; possible decision summaries are mixed with architecture, defaults, UI/API and delivery design.; ledger-history:Created from internal planning and upstream MES/ADR material; ready-for-agent or confirmed wording is not a four-element approval record.; upstream-reference:MesIngest-Phase-1-spec"	"BOUND-R12-001"	"not-approved"	"responsible-owner-classification;authoritative-source;named-approver;approval-date;approved-scope;version-or-sha256-binding"
"R12-A0190"	"R12"	"R12-50"	".scratch/mes-ingest-watch-operations/spec.md"	"1952e28681dc50e849f6e61ceee095896e48cff82cb449bb0526c44895b24e9b"	"line 59"	"MesIngest Watch Operations and Scalable Read Model > Functional Requirements > 4. Paginated read API"	"DemandId 是稳定次排序键。"	"默认 `status=VISIBLE`、`sortBy=dates`、`direction=desc`；DemandId 是稳定次排序键。"	"b3c9cf278e08a8838dac0b9b45bda1bdc3a660998b466657ee0d8abc5641b67d"	"transport-demand-lifecycle-business-rule-candidate"	"ready-for-agent-and-self-described-confirmed-internal-spec-without-four-factor-requirement-approval"	"historical-MesIngest-watch-operations-scope-current-applicability-needs-source-binding-and-reapproval"	"needs-business-owner-and-explicit-approval"	"document-route:R12-candidate; unit-kind:markdown-flow-or-list-item; source-document-class:R12-SPEC-MIXED; current-applicability:MesIngest Watch Operations implementation spec; possible decision summaries are mixed with architecture, defaults, UI/API and delivery design.; ledger-history:Created from internal planning and upstream MES/ADR material; ready-for-agent or confirmed wording is not a four-element approval record.; upstream-reference:MesIngest-Phase-1-spec"	"BOUND-R12-001,CF-R01-001"	"not-approved"	"authoritative-business-source;responsible-business-owner;named-approver;approval-date;approved-scope;version-or-sha256-binding"
"R12-A0191"	"R12"	"R12-50"	".scratch/mes-ingest-watch-operations/spec.md"	"1952e28681dc50e849f6e61ceee095896e48cff82cb449bb0526c44895b24e9b"	"line 60"	"MesIngest Watch Operations and Scalable Read Model > Functional Requirements > 4. Paginated read API"	"支持 status、TASK_TYPE、SUBLOT、DATES 范围、GoneAt 范围和允许列的服务端筛选/排序；"	"支持 status、TASK_TYPE、SUBLOT、DATES 范围、GoneAt 范围和允许列的服务端筛选/排序；列头排序必须对完整查询集生效，不只是当前页。"	"e540dfdb5b74a6c607851623b6ffd4b872539f0b8c2d7e7bacd74eaf214ce977"	"demand-behavior-relying-on-external-mes-contract-candidate"	"ready-for-agent-and-self-described-confirmed-internal-spec-without-four-factor-requirement-approval"	"historical-MesIngest-watch-operations-scope-current-applicability-needs-source-binding-and-reapproval"	"needs-business-owner-bound-data-contract-and-explicit-approval"	"document-route:R12-candidate; unit-kind:markdown-flow-or-list-item; source-document-class:R12-SPEC-MIXED; current-applicability:MesIngest Watch Operations implementation spec; possible decision summaries are mixed with architecture, defaults, UI/API and delivery design.; ledger-history:Created from internal planning and upstream MES/ADR material; ready-for-agent or confirmed wording is not a four-element approval record.; upstream-reference:MesIngest-Phase-1-spec"	"BOUND-R12-001"	"not-approved"	"authoritative-business-owner;bound-MES-environment-query-version-and-result-evidence;named-approver;approval-date;approved-scope;version-or-sha256-binding"
"R12-A0192"	"R12"	"R12-50"	".scratch/mes-ingest-watch-operations/spec.md"	"1952e28681dc50e849f6e61ceee095896e48cff82cb449bb0526c44895b24e9b"	"line 60"	"MesIngest Watch Operations and Scalable Read Model > Functional Requirements > 4. Paginated read API"	"列头排序必须对完整查询集生效，不只是当前页。"	"支持 status、TASK_TYPE、SUBLOT、DATES 范围、GoneAt 范围和允许列的服务端筛选/排序；列头排序必须对完整查询集生效，不只是当前页。"	"ab38c9fc609301e044ddad1d0b0b5a6abd673b26c8857197ed2a1d00de430ab0"	"operator-watch-ux-and-operability-candidate"	"ready-for-agent-and-self-described-confirmed-internal-spec-without-four-factor-requirement-approval"	"historical-MesIngest-watch-operations-scope-current-applicability-needs-source-binding-and-reapproval"	"needs-operator-product-owner-and-explicit-approval"	"document-route:R12-candidate; unit-kind:markdown-flow-or-list-item; source-document-class:R12-SPEC-MIXED; current-applicability:MesIngest Watch Operations implementation spec; possible decision summaries are mixed with architecture, defaults, UI/API and delivery design.; ledger-history:Created from internal planning and upstream MES/ADR material; ready-for-agent or confirmed wording is not a four-element approval record.; upstream-reference:MesIngest-Phase-1-spec"	"BOUND-R12-001"	"not-approved"	"operator-workflow-owner;approved-usability-and-operability-scope;named-approver;approval-date;approved-scope;version-or-sha256-binding"
"R12-A0193"	"R12"	"R12-50"	".scratch/mes-ingest-watch-operations/spec.md"	"1952e28681dc50e849f6e61ceee095896e48cff82cb449bb0526c44895b24e9b"	"line 61"	"MesIngest Watch Operations and Scalable Read Model > Functional Requirements > 4. Paginated read API"	"`/api/demands/{demandId}` 保持完整 DemandId 精确查询。"	"`/api/demands/{demandId}` 保持完整 DemandId 精确查询。"	"44839547dcb2ceb5e020ad063f358171e266c426aa889a8de5ddc8ae72c6d09a"	"read-api-or-downstream-sync-contract-candidate"	"ready-for-agent-and-self-described-confirmed-internal-spec-without-four-factor-requirement-approval"	"historical-MesIngest-watch-operations-scope-current-applicability-needs-source-binding-and-reapproval"	"needs-interface-owner-and-explicit-approval"	"document-route:R12-candidate; unit-kind:markdown-flow-or-list-item; source-document-class:R12-SPEC-MIXED; current-applicability:MesIngest Watch Operations implementation spec; possible decision summaries are mixed with architecture, defaults, UI/API and delivery design.; ledger-history:Created from internal planning and upstream MES/ADR material; ready-for-agent or confirmed wording is not a four-element approval record.; upstream-reference:MesIngest-Phase-1-spec"	"BOUND-R12-001,CF-R01-001"	"not-approved"	"responsible-interface-owner;consumer-and-compatibility-scope;named-approver;approval-date;approved-scope;version-or-sha256-binding"
"R12-A0194"	"R12"	"R12-50"	".scratch/mes-ingest-watch-operations/spec.md"	"1952e28681dc50e849f6e61ceee095896e48cff82cb449bb0526c44895b24e9b"	"line 62"	"MesIngest Watch Operations and Scalable Read Model > Functional Requirements > 4. Paginated read API"	"DemandId 列表筛选只支持完整精确匹配或至少 6 位十六进制前缀；"	"DemandId 列表筛选只支持完整精确匹配或至少 6 位十六进制前缀；拒绝任意 `%fragment%` 扫描。输入统一小写且不在数据库列上套 LOWER/CAST。"	"5503a325287bd38c16ddba43bbeeea697e88ff35ffc9674367a2cc136c0f70f5"	"transport-demand-lifecycle-business-rule-candidate"	"ready-for-agent-and-self-described-confirmed-internal-spec-without-four-factor-requirement-approval"	"historical-MesIngest-watch-operations-scope-current-applicability-needs-source-binding-and-reapproval"	"needs-business-owner-and-explicit-approval"	"document-route:R12-candidate; unit-kind:markdown-flow-or-list-item; source-document-class:R12-SPEC-MIXED; current-applicability:MesIngest Watch Operations implementation spec; possible decision summaries are mixed with architecture, defaults, UI/API and delivery design.; ledger-history:Created from internal planning and upstream MES/ADR material; ready-for-agent or confirmed wording is not a four-element approval record.; upstream-reference:MesIngest-Phase-1-spec"	"BOUND-R12-001,CF-R01-001"	"not-approved"	"authoritative-business-source;responsible-business-owner;named-approver;approval-date;approved-scope;version-or-sha256-binding"
"R12-A0195"	"R12"	"R12-50"	".scratch/mes-ingest-watch-operations/spec.md"	"1952e28681dc50e849f6e61ceee095896e48cff82cb449bb0526c44895b24e9b"	"line 62"	"MesIngest Watch Operations and Scalable Read Model > Functional Requirements > 4. Paginated read API"	"拒绝任意 `%fragment%` 扫描。"	"DemandId 列表筛选只支持完整精确匹配或至少 6 位十六进制前缀；拒绝任意 `%fragment%` 扫描。输入统一小写且不在数据库列上套 LOWER/CAST。"	"21c8231dc38acea795098956fac4de61e435bc19ac38f4c41115581916a73df3"	"operator-watch-ux-and-operability-candidate"	"ready-for-agent-and-self-described-confirmed-internal-spec-without-four-factor-requirement-approval"	"historical-MesIngest-watch-operations-scope-current-applicability-needs-source-binding-and-reapproval"	"needs-operator-product-owner-and-explicit-approval"	"document-route:R12-candidate; unit-kind:markdown-flow-or-list-item; source-document-class:R12-SPEC-MIXED; current-applicability:MesIngest Watch Operations implementation spec; possible decision summaries are mixed with architecture, defaults, UI/API and delivery design.; ledger-history:Created from internal planning and upstream MES/ADR material; ready-for-agent or confirmed wording is not a four-element approval record.; upstream-reference:MesIngest-Phase-1-spec"	"BOUND-R12-001"	"not-approved"	"operator-workflow-owner;approved-usability-and-operability-scope;named-approver;approval-date;approved-scope;version-or-sha256-binding"
"R12-A0196"	"R12"	"R12-50"	".scratch/mes-ingest-watch-operations/spec.md"	"1952e28681dc50e849f6e61ceee095896e48cff82cb449bb0526c44895b24e9b"	"line 62"	"MesIngest Watch Operations and Scalable Read Model > Functional Requirements > 4. Paginated read API"	"输入统一小写且不在数据库列上套 LOWER/CAST。"	"DemandId 列表筛选只支持完整精确匹配或至少 6 位十六进制前缀；拒绝任意 `%fragment%` 扫描。输入统一小写且不在数据库列上套 LOWER/CAST。"	"05fe3ff32f2001b7a31d097b5b89cbe92bac8a0587cdd3ebcecb51b52d028821"	"operator-watch-ux-and-operability-candidate"	"ready-for-agent-and-self-described-confirmed-internal-spec-without-four-factor-requirement-approval"	"historical-MesIngest-watch-operations-scope-current-applicability-needs-source-binding-and-reapproval"	"needs-operator-product-owner-and-explicit-approval"	"document-route:R12-candidate; unit-kind:markdown-flow-or-list-item; source-document-class:R12-SPEC-MIXED; current-applicability:MesIngest Watch Operations implementation spec; possible decision summaries are mixed with architecture, defaults, UI/API and delivery design.; ledger-history:Created from internal planning and upstream MES/ADR material; ready-for-agent or confirmed wording is not a four-element approval record.; upstream-reference:MesIngest-Phase-1-spec"	"BOUND-R12-001"	"not-approved"	"operator-workflow-owner;approved-usability-and-operability-scope;named-approver;approval-date;approved-scope;version-or-sha256-binding"
"R12-A0197"	"R12"	"R12-50"	".scratch/mes-ingest-watch-operations/spec.md"	"1952e28681dc50e849f6e61ceee095896e48cff82cb449bb0526c44895b24e9b"	"line 63"	"MesIngest Watch Operations and Scalable Read Model > Functional Requirements > 4. Paginated read API"	"GONE 历史默认 `GoneAt >= now-24h`，允许调用方显式扩大范围；"	"GONE 历史默认 `GoneAt >= now-24h`，允许调用方显式扩大范围；所有 VISIBLE 无时间窗口。"	"825d3a4358855a1bbc93add4cd89fb326df05efe55b516d2a32c2d5367271801"	"tunable-operational-default-candidate"	"ready-for-agent-and-self-described-confirmed-internal-spec-without-four-factor-requirement-approval"	"historical-MesIngest-watch-operations-scope-current-applicability-needs-source-binding-and-reapproval"	"needs-responsible-owner-and-explicit-approval"	"document-route:R12-candidate; unit-kind:markdown-flow-or-list-item; source-document-class:R12-SPEC-MIXED; current-applicability:MesIngest Watch Operations implementation spec; possible decision summaries are mixed with architecture, defaults, UI/API and delivery design.; ledger-history:Created from internal planning and upstream MES/ADR material; ready-for-agent or confirmed wording is not a four-element approval record.; upstream-reference:MesIngest-Phase-1-spec"	"BOUND-R12-001"	"not-approved"	"responsible-owner-classification;authoritative-source;named-approver;approval-date;approved-scope;version-or-sha256-binding"
"R12-A0198"	"R12"	"R12-50"	".scratch/mes-ingest-watch-operations/spec.md"	"1952e28681dc50e849f6e61ceee095896e48cff82cb449bb0526c44895b24e9b"	"line 63"	"MesIngest Watch Operations and Scalable Read Model > Functional Requirements > 4. Paginated read API"	"所有 VISIBLE 无时间窗口。"	"GONE 历史默认 `GoneAt >= now-24h`，允许调用方显式扩大范围；所有 VISIBLE 无时间窗口。"	"c84db8488def0ba78d0a200cbf664aee821887f15f8c8b515029040fe044820f"	"transport-demand-lifecycle-business-rule-candidate"	"ready-for-agent-and-self-described-confirmed-internal-spec-without-four-factor-requirement-approval"	"historical-MesIngest-watch-operations-scope-current-applicability-needs-source-binding-and-reapproval"	"needs-business-owner-and-explicit-approval"	"document-route:R12-candidate; unit-kind:markdown-flow-or-list-item; source-document-class:R12-SPEC-MIXED; current-applicability:MesIngest Watch Operations implementation spec; possible decision summaries are mixed with architecture, defaults, UI/API and delivery design.; ledger-history:Created from internal planning and upstream MES/ADR material; ready-for-agent or confirmed wording is not a four-element approval record.; upstream-reference:MesIngest-Phase-1-spec"	"BOUND-R12-001"	"not-approved"	"authoritative-business-source;responsible-business-owner;named-approver;approval-date;approved-scope;version-or-sha256-binding"
"R12-A0199"	"R12"	"R12-50"	".scratch/mes-ingest-watch-operations/spec.md"	"1952e28681dc50e849f6e61ceee095896e48cff82cb449bb0526c44895b24e9b"	"line 64"	"MesIngest Watch Operations and Scalable Read Model > Functional Requirements > 4. Paginated read API"	"Watch、Swagger 和外部程序共用同一分页契约；"	"Watch、Swagger 和外部程序共用同一分页契约；Watch 必须通过契约/集成测试证明能分页加载、重新筛选和保持排序。"	"f8166005738cc22fd0c1de2c21ba9c681c7d2b18575bc71fa34c98a154488b65"	"embedded-local-technical-design-or-test-decision"	"ready-for-agent-and-self-described-confirmed-internal-spec-without-four-factor-requirement-approval"	"historical-MesIngest-watch-operations-scope-current-applicability-needs-source-binding-and-reapproval"	"exclude-from-requirement-approval"	"document-route:R12-candidate; unit-kind:markdown-flow-or-list-item; source-document-class:R12-SPEC-MIXED; current-applicability:MesIngest Watch Operations implementation spec; possible decision summaries are mixed with architecture, defaults, UI/API and delivery design.; ledger-history:Created from internal planning and upstream MES/ADR material; ready-for-agent or confirmed wording is not a four-element approval record.; upstream-reference:MesIngest-Phase-1-spec"	"BOUND-R12-001"	"not-approved"	"authoritative-requirement-source-if-behavior-is-required;separate-technical-decision-review;named-approver;approval-date;approved-scope;version-or-sha256-binding"
"R12-A0200"	"R12"	"R12-50"	".scratch/mes-ingest-watch-operations/spec.md"	"1952e28681dc50e849f6e61ceee095896e48cff82cb449bb0526c44895b24e9b"	"line 64"	"MesIngest Watch Operations and Scalable Read Model > Functional Requirements > 4. Paginated read API"	"Watch 必须通过契约/集成测试证明能分页加载、重新筛选和保持排序。"	"Watch、Swagger 和外部程序共用同一分页契约；Watch 必须通过契约/集成测试证明能分页加载、重新筛选和保持排序。"	"58ca1203a5e22aa7a1dbd38b4b19cbf4eedb8bafeccb63a51e492dccfeef2437"	"read-api-or-downstream-sync-contract-candidate"	"ready-for-agent-and-self-described-confirmed-internal-spec-without-four-factor-requirement-approval"	"historical-MesIngest-watch-operations-scope-current-applicability-needs-source-binding-and-reapproval"	"needs-interface-owner-and-explicit-approval"	"document-route:R12-candidate; unit-kind:markdown-flow-or-list-item; source-document-class:R12-SPEC-MIXED; current-applicability:MesIngest Watch Operations implementation spec; possible decision summaries are mixed with architecture, defaults, UI/API and delivery design.; ledger-history:Created from internal planning and upstream MES/ADR material; ready-for-agent or confirmed wording is not a four-element approval record.; upstream-reference:MesIngest-Phase-1-spec"	"BOUND-R12-001"	"not-approved"	"responsible-interface-owner;consumer-and-compatibility-scope;named-approver;approval-date;approved-scope;version-or-sha256-binding"
"R12-A0201"	"R12"	"R12-50"	".scratch/mes-ingest-watch-operations/spec.md"	"1952e28681dc50e849f6e61ceee095896e48cff82cb449bb0526c44895b24e9b"	"line 68"	"MesIngest Watch Operations and Scalable Read Model > Functional Requirements > 5. DemandChangeFeed and authoritative bootstrap"	"SQL Server 持久化单调 BIGINT sequence 的 Demand 变更账本；"	"SQL Server 持久化单调 BIGINT sequence 的 Demand 变更账本；记录 CREATED/GONE、DemandId、ChangedAt 和稳定的变化后业务载荷。"	"6c2eeee21e030bf30c374a52802bfe0a380f2c68fad16702afc5a728c1361f79"	"embedded-local-technical-design-or-test-decision"	"ready-for-agent-and-self-described-confirmed-internal-spec-without-four-factor-requirement-approval"	"historical-MesIngest-watch-operations-scope-current-applicability-needs-source-binding-and-reapproval"	"exclude-from-requirement-approval"	"document-route:R12-candidate; unit-kind:markdown-flow-or-list-item; source-document-class:R12-SPEC-MIXED; current-applicability:MesIngest Watch Operations implementation spec; possible decision summaries are mixed with architecture, defaults, UI/API and delivery design.; ledger-history:Created from internal planning and upstream MES/ADR material; ready-for-agent or confirmed wording is not a four-element approval record.; upstream-reference:MesIngest-Phase-1-spec,ADR-mes-0007"	"BOUND-R12-001"	"not-approved"	"authoritative-requirement-source-if-behavior-is-required;separate-technical-decision-review;named-approver;approval-date;approved-scope;version-or-sha256-binding"
"R12-A0202"	"R12"	"R12-50"	".scratch/mes-ingest-watch-operations/spec.md"	"1952e28681dc50e849f6e61ceee095896e48cff82cb449bb0526c44895b24e9b"	"line 68"	"MesIngest Watch Operations and Scalable Read Model > Functional Requirements > 5. DemandChangeFeed and authoritative bootstrap"	"记录 CREATED/GONE、DemandId、ChangedAt 和稳定的变化后业务载荷。"	"SQL Server 持久化单调 BIGINT sequence 的 Demand 变更账本；记录 CREATED/GONE、DemandId、ChangedAt 和稳定的变化后业务载荷。"	"c3314b551e00bc6780d60033a463cf6477c33d8e3ecca6b7f709504cfdb533b1"	"read-api-or-downstream-sync-contract-candidate"	"ready-for-agent-and-self-described-confirmed-internal-spec-without-four-factor-requirement-approval"	"historical-MesIngest-watch-operations-scope-current-applicability-needs-source-binding-and-reapproval"	"needs-interface-owner-and-explicit-approval"	"document-route:R12-candidate; unit-kind:markdown-flow-or-list-item; source-document-class:R12-SPEC-MIXED; current-applicability:MesIngest Watch Operations implementation spec; possible decision summaries are mixed with architecture, defaults, UI/API and delivery design.; ledger-history:Created from internal planning and upstream MES/ADR material; ready-for-agent or confirmed wording is not a four-element approval record.; upstream-reference:MesIngest-Phase-1-spec"	"BOUND-R12-001,CF-R01-001"	"not-approved"	"responsible-interface-owner;consumer-and-compatibility-scope;named-approver;approval-date;approved-scope;version-or-sha256-binding"
"R12-A0203"	"R12"	"R12-50"	".scratch/mes-ingest-watch-operations/spec.md"	"1952e28681dc50e849f6e61ceee095896e48cff82cb449bb0526c44895b24e9b"	"line 69"	"MesIngest Watch Operations and Scalable Read Model > Functional Requirements > 5. DemandChangeFeed and authoritative bootstrap"	"Demand 变化与账本追加在同一事务中；"	"Demand 变化与账本追加在同一事务中；API 按 `afterSequence` + `limit` 顺序返回，消费者按 sequence 幂等应用并独立保存检查点。"	"72a924458ac9a7c66445477e862d154bba2632b8a76d4faa4bc9c10d60f54fe5"	"embedded-local-technical-design-or-test-decision"	"ready-for-agent-and-self-described-confirmed-internal-spec-without-four-factor-requirement-approval"	"historical-MesIngest-watch-operations-scope-current-applicability-needs-source-binding-and-reapproval"	"exclude-from-requirement-approval"	"document-route:R12-candidate; unit-kind:markdown-flow-or-list-item; source-document-class:R12-SPEC-MIXED; current-applicability:MesIngest Watch Operations implementation spec; possible decision summaries are mixed with architecture, defaults, UI/API and delivery design.; ledger-history:Created from internal planning and upstream MES/ADR material; ready-for-agent or confirmed wording is not a four-element approval record.; upstream-reference:MesIngest-Phase-1-spec"	"BOUND-R12-001"	"not-approved"	"authoritative-requirement-source-if-behavior-is-required;separate-technical-decision-review;named-approver;approval-date;approved-scope;version-or-sha256-binding"
"R12-A0204"	"R12"	"R12-50"	".scratch/mes-ingest-watch-operations/spec.md"	"1952e28681dc50e849f6e61ceee095896e48cff82cb449bb0526c44895b24e9b"	"line 69"	"MesIngest Watch Operations and Scalable Read Model > Functional Requirements > 5. DemandChangeFeed and authoritative bootstrap"	"API 按 `afterSequence` + `limit` 顺序返回，消费者按 sequence 幂等应用并独立保存检查点。"	"Demand 变化与账本追加在同一事务中；API 按 `afterSequence` + `limit` 顺序返回，消费者按 sequence 幂等应用并独立保存检查点。"	"f38dc30c38e3cf893e67843d42181670885b026989419c90b37bd1cce1ffba4e"	"read-api-or-downstream-sync-contract-candidate"	"ready-for-agent-and-self-described-confirmed-internal-spec-without-four-factor-requirement-approval"	"historical-MesIngest-watch-operations-scope-current-applicability-needs-source-binding-and-reapproval"	"needs-interface-owner-and-explicit-approval"	"document-route:R12-candidate; unit-kind:markdown-flow-or-list-item; source-document-class:R12-SPEC-MIXED; current-applicability:MesIngest Watch Operations implementation spec; possible decision summaries are mixed with architecture, defaults, UI/API and delivery design.; ledger-history:Created from internal planning and upstream MES/ADR material; ready-for-agent or confirmed wording is not a four-element approval record.; upstream-reference:MesIngest-Phase-1-spec"	"BOUND-R12-001"	"not-approved"	"responsible-interface-owner;consumer-and-compatibility-scope;named-approver;approval-date;approved-scope;version-or-sha256-binding"
"R12-A0205"	"R12"	"R12-50"	".scratch/mes-ingest-watch-operations/spec.md"	"1952e28681dc50e849f6e61ceee095896e48cff82cb449bb0526c44895b24e9b"	"line 70"	"MesIngest Watch Operations and Scalable Read Model > Functional Requirements > 5. DemandChangeFeed and authoritative bootstrap"	"ChangeFeed 不包含 last-seen、DisappearCount、PollHealth 或 Alert。"	"ChangeFeed 不包含 last-seen、DisappearCount、PollHealth 或 Alert。"	"4ea2d9123fbda8dbbcf563f6e938ba5edd1754809b79552697cde955d8b6b1aa"	"incident-alert-and-operability-semantics-candidate"	"ready-for-agent-and-self-described-confirmed-internal-spec-without-four-factor-requirement-approval"	"historical-MesIngest-watch-operations-scope-current-applicability-needs-source-binding-and-reapproval"	"needs-operations-owner-and-explicit-approval"	"document-route:R12-candidate; unit-kind:markdown-flow-or-list-item; source-document-class:R12-SPEC-MIXED; current-applicability:MesIngest Watch Operations implementation spec; possible decision summaries are mixed with architecture, defaults, UI/API and delivery design.; ledger-history:Created from internal planning and upstream MES/ADR material; ready-for-agent or confirmed wording is not a four-element approval record.; upstream-reference:MesIngest-Phase-1-spec"	"BOUND-R12-001"	"not-approved"	"responsible-operations-owner;incident-lifecycle-and-retention-scope;named-approver;approval-date;approved-scope;version-or-sha256-binding"
"R12-A0206"	"R12"	"R12-50"	".scratch/mes-ingest-watch-operations/spec.md"	"1952e28681dc50e849f6e61ceee095896e48cff82cb449bb0526c44895b24e9b"	"line 71"	"MesIngest Watch Operations and Scalable Read Model > Functional Requirements > 5. DemandChangeFeed and authoritative bootstrap"	"默认保留 48 小时，可配置；"	"默认保留 48 小时，可配置；API 暴露最早可用 sequence 和 high watermark。"	"22f863ce3ace7eb49961d832f9cf3099e71c1a622e0692a2b6783c816ee168d1"	"tunable-operational-default-candidate"	"ready-for-agent-and-self-described-confirmed-internal-spec-without-four-factor-requirement-approval"	"historical-MesIngest-watch-operations-scope-current-applicability-needs-source-binding-and-reapproval"	"needs-responsible-owner-and-explicit-approval"	"document-route:R12-candidate; unit-kind:markdown-flow-or-list-item; source-document-class:R12-SPEC-MIXED; current-applicability:MesIngest Watch Operations implementation spec; possible decision summaries are mixed with architecture, defaults, UI/API and delivery design.; ledger-history:Created from internal planning and upstream MES/ADR material; ready-for-agent or confirmed wording is not a four-element approval record.; upstream-reference:MesIngest-Phase-1-spec"	"BOUND-R12-001"	"not-approved"	"responsible-owner-classification;authoritative-source;named-approver;approval-date;approved-scope;version-or-sha256-binding"
"R12-A0207"	"R12"	"R12-50"	".scratch/mes-ingest-watch-operations/spec.md"	"1952e28681dc50e849f6e61ceee095896e48cff82cb449bb0526c44895b24e9b"	"line 71"	"MesIngest Watch Operations and Scalable Read Model > Functional Requirements > 5. DemandChangeFeed and authoritative bootstrap"	"API 暴露最早可用 sequence 和 high watermark。"	"默认保留 48 小时，可配置；API 暴露最早可用 sequence 和 high watermark。"	"08f10ab9dc13e4feade77872877901bfcfa8fe7df989b7ae770bf92811c460bf"	"read-api-or-downstream-sync-contract-candidate"	"ready-for-agent-and-self-described-confirmed-internal-spec-without-four-factor-requirement-approval"	"historical-MesIngest-watch-operations-scope-current-applicability-needs-source-binding-and-reapproval"	"needs-interface-owner-and-explicit-approval"	"document-route:R12-candidate; unit-kind:markdown-flow-or-list-item; source-document-class:R12-SPEC-MIXED; current-applicability:MesIngest Watch Operations implementation spec; possible decision summaries are mixed with architecture, defaults, UI/API and delivery design.; ledger-history:Created from internal planning and upstream MES/ADR material; ready-for-agent or confirmed wording is not a four-element approval record.; upstream-reference:MesIngest-Phase-1-spec"	"BOUND-R12-001"	"not-approved"	"responsible-interface-owner;consumer-and-compatibility-scope;named-approver;approval-date;approved-scope;version-or-sha256-binding"
"R12-A0208"	"R12"	"R12-50"	".scratch/mes-ingest-watch-operations/spec.md"	"1952e28681dc50e849f6e61ceee095896e48cff82cb449bb0526c44895b24e9b"	"line 72"	"MesIngest Watch Operations and Scalable Read Model > Functional Requirements > 5. DemandChangeFeed and authoritative bootstrap"	"游标早于最早可用 sequence 时返回 HTTP 410 与稳定错误码 `SYNC_CURSOR_EXPIRED`，不得静默跳过。"	"游标早于最早可用 sequence 时返回 HTTP 410 与稳定错误码 `SYNC_CURSOR_EXPIRED`，不得静默跳过。"	"ffa9290342a73619083c6725e560b53f253e32b58171856a52f7b667b4f115b9"	"read-api-or-downstream-sync-contract-candidate"	"ready-for-agent-and-self-described-confirmed-internal-spec-without-four-factor-requirement-approval"	"historical-MesIngest-watch-operations-scope-current-applicability-needs-source-binding-and-reapproval"	"needs-interface-owner-and-explicit-approval"	"document-route:R12-candidate; unit-kind:markdown-flow-or-list-item; source-document-class:R12-SPEC-MIXED; current-applicability:MesIngest Watch Operations implementation spec; possible decision summaries are mixed with architecture, defaults, UI/API and delivery design.; ledger-history:Created from internal planning and upstream MES/ADR material; ready-for-agent or confirmed wording is not a four-element approval record.; upstream-reference:MesIngest-Phase-1-spec"	"BOUND-R12-001"	"not-approved"	"responsible-interface-owner;consumer-and-compatibility-scope;named-approver;approval-date;approved-scope;version-or-sha256-binding"
"R12-A0209"	"R12"	"R12-50"	".scratch/mes-ingest-watch-operations/spec.md"	"1952e28681dc50e849f6e61ceee095896e48cff82cb449bb0526c44895b24e9b"	"line 73"	"MesIngest Watch Operations and Scalable Read Model > Functional Requirements > 5. DemandChangeFeed and authoritative bootstrap"	"Bootstrap 是权威重建：取得一致 high watermark、分页读取全部 VISIBLE 与 `GoneAt >= now-24h` 的 GONE，用结果替换本地当前镜像，再消费 high watermark 之后的变化。"	"Bootstrap 是权威重建：取得一致 high watermark、分页读取全部 VISIBLE 与 `GoneAt >= now-24h` 的 GONE，用结果替换本地当前镜像，再消费 high watermark 之后的变化。"	"3c42fa0b6d720230988aafd27ccf42c1b11358ba1aea09c733bc5d2b1af025b5"	"read-api-or-downstream-sync-contract-candidate"	"ready-for-agent-and-self-described-confirmed-internal-spec-without-four-factor-requirement-approval"	"historical-MesIngest-watch-operations-scope-current-applicability-needs-source-binding-and-reapproval"	"needs-interface-owner-and-explicit-approval"	"document-route:R12-candidate; unit-kind:markdown-flow-or-list-item; source-document-class:R12-SPEC-MIXED; current-applicability:MesIngest Watch Operations implementation spec; possible decision summaries are mixed with architecture, defaults, UI/API and delivery design.; ledger-history:Created from internal planning and upstream MES/ADR material; ready-for-agent or confirmed wording is not a four-element approval record.; upstream-reference:MesIngest-Phase-1-spec"	"BOUND-R12-001"	"not-approved"	"responsible-interface-owner;consumer-and-compatibility-scope;named-approver;approval-date;approved-scope;version-or-sha256-binding"
"R12-A0210"	"R12"	"R12-50"	".scratch/mes-ingest-watch-operations/spec.md"	"1952e28681dc50e849f6e61ceee095896e48cff82cb449bb0526c44895b24e9b"	"line 74"	"MesIngest Watch Operations and Scalable Read Model > Functional Requirements > 5. DemandChangeFeed and authoritative bootstrap"	"下游旧镜像中的 Demand 若不在权威 VISIBLE 集合中，不能因简单 merge 而继续保持 VISIBLE。"	"下游旧镜像中的 Demand 若不在权威 VISIBLE 集合中，不能因简单 merge 而继续保持 VISIBLE。"	"1b80ba672261d7d6646fa5edb97c690b391c376f4f453c7ddb40d456f42de88e"	"read-api-or-downstream-sync-contract-candidate"	"ready-for-agent-and-self-described-confirmed-internal-spec-without-four-factor-requirement-approval"	"historical-MesIngest-watch-operations-scope-current-applicability-needs-source-binding-and-reapproval"	"needs-interface-owner-and-explicit-approval"	"document-route:R12-candidate; unit-kind:markdown-flow-or-list-item; source-document-class:R12-SPEC-MIXED; current-applicability:MesIngest Watch Operations implementation spec; possible decision summaries are mixed with architecture, defaults, UI/API and delivery design.; ledger-history:Created from internal planning and upstream MES/ADR material; ready-for-agent or confirmed wording is not a four-element approval record.; upstream-reference:MesIngest-Phase-1-spec"	"BOUND-R12-001"	"not-approved"	"responsible-interface-owner;consumer-and-compatibility-scope;named-approver;approval-date;approved-scope;version-or-sha256-binding"
"R12-A0211"	"R12"	"R12-50"	".scratch/mes-ingest-watch-operations/spec.md"	"1952e28681dc50e849f6e61ceee095896e48cff82cb449bb0526c44895b24e9b"	"line 78"	"MesIngest Watch Operations and Scalable Read Model > Functional Requirements > 6. Demand table interaction"	"Watch 增加 DemandId 输入框，完整 ID 精确、至少 6 位十六进制前缀查询；"	"Watch 增加 DemandId 输入框，完整 ID 精确、至少 6 位十六进制前缀查询；输入约 300ms 防抖。"	"5274c27a5a1e7d9ea7fcc708a0cb5e5b58311f43f95d34d71efa17f5bbe54aea"	"transport-demand-lifecycle-business-rule-candidate"	"ready-for-agent-and-self-described-confirmed-internal-spec-without-four-factor-requirement-approval"	"historical-MesIngest-watch-operations-scope-current-applicability-needs-source-binding-and-reapproval"	"needs-business-owner-and-explicit-approval"	"document-route:R12-candidate; unit-kind:markdown-flow-or-list-item; source-document-class:R12-SPEC-MIXED; current-applicability:MesIngest Watch Operations implementation spec; possible decision summaries are mixed with architecture, defaults, UI/API and delivery design.; ledger-history:Created from internal planning and upstream MES/ADR material; ready-for-agent or confirmed wording is not a four-element approval record.; upstream-reference:MesIngest-Phase-1-spec"	"BOUND-R12-001,CF-R01-001"	"not-approved"	"authoritative-business-source;responsible-business-owner;named-approver;approval-date;approved-scope;version-or-sha256-binding"
"R12-A0212"	"R12"	"R12-50"	".scratch/mes-ingest-watch-operations/spec.md"	"1952e28681dc50e849f6e61ceee095896e48cff82cb449bb0526c44895b24e9b"	"line 78"	"MesIngest Watch Operations and Scalable Read Model > Functional Requirements > 6. Demand table interaction"	"输入约 300ms 防抖。"	"Watch 增加 DemandId 输入框，完整 ID 精确、至少 6 位十六进制前缀查询；输入约 300ms 防抖。"	"7c51c5cb5f8e289983a2f4089667d3a9d8e87d03186ba52d43ee07a93589e339"	"operator-watch-ux-and-operability-candidate"	"ready-for-agent-and-self-described-confirmed-internal-spec-without-four-factor-requirement-approval"	"historical-MesIngest-watch-operations-scope-current-applicability-needs-source-binding-and-reapproval"	"needs-operator-product-owner-and-explicit-approval"	"document-route:R12-candidate; unit-kind:markdown-flow-or-list-item; source-document-class:R12-SPEC-MIXED; current-applicability:MesIngest Watch Operations implementation spec; possible decision summaries are mixed with architecture, defaults, UI/API and delivery design.; ledger-history:Created from internal planning and upstream MES/ADR material; ready-for-agent or confirmed wording is not a four-element approval record.; upstream-reference:MesIngest-Phase-1-spec"	"BOUND-R12-001"	"not-approved"	"operator-workflow-owner;approved-usability-and-operability-scope;named-approver;approval-date;approved-scope;version-or-sha256-binding"
"R12-A0213"	"R12"	"R12-50"	".scratch/mes-ingest-watch-operations/spec.md"	"1952e28681dc50e849f6e61ceee095896e48cff82cb449bb0526c44895b24e9b"	"line 79"	"MesIngest Watch Operations and Scalable Read Model > Functional Requirements > 6. Demand table interaction"	"TASK_TYPE、SUBLOT、status 与 DemandId 可组合，筛选/排序变化时重置到第一页。"	"TASK_TYPE、SUBLOT、status 与 DemandId 可组合，筛选/排序变化时重置到第一页。"	"9c635b5428737a8d459575c30b99658034764925178035de47925c82b337a108"	"demand-behavior-relying-on-external-mes-contract-candidate"	"ready-for-agent-and-self-described-confirmed-internal-spec-without-four-factor-requirement-approval"	"historical-MesIngest-watch-operations-scope-current-applicability-needs-source-binding-and-reapproval"	"needs-business-owner-bound-data-contract-and-explicit-approval"	"document-route:R12-candidate; unit-kind:markdown-flow-or-list-item; source-document-class:R12-SPEC-MIXED; current-applicability:MesIngest Watch Operations implementation spec; possible decision summaries are mixed with architecture, defaults, UI/API and delivery design.; ledger-history:Created from internal planning and upstream MES/ADR material; ready-for-agent or confirmed wording is not a four-element approval record.; upstream-reference:MesIngest-Phase-1-spec"	"BOUND-R12-001,CF-R01-001"	"not-approved"	"authoritative-business-owner;bound-MES-environment-query-version-and-result-evidence;named-approver;approval-date;approved-scope;version-or-sha256-binding"
"R12-A0214"	"R12"	"R12-50"	".scratch/mes-ingest-watch-operations/spec.md"	"1952e28681dc50e849f6e61ceee095896e48cff82cb449bb0526c44895b24e9b"	"line 80"	"MesIngest Watch Operations and Scalable Read Model > Functional Requirements > 6. Demand table interaction"	"TransportDemands 与 Alerts 所有可见列支持列头升降序，并显示方向箭头；"	"TransportDemands 与 Alerts 所有可见列支持列头升降序，并显示方向箭头；一次每表一列，刷新后保持当前列和方向。"	"7c420b93d4498428bb602cd7c2b490515ae44872b5fb3e42becd547007af9f85"	"incident-alert-and-operability-semantics-candidate"	"ready-for-agent-and-self-described-confirmed-internal-spec-without-four-factor-requirement-approval"	"historical-MesIngest-watch-operations-scope-current-applicability-needs-source-binding-and-reapproval"	"needs-operations-owner-and-explicit-approval"	"document-route:R12-candidate; unit-kind:markdown-flow-or-list-item; source-document-class:R12-SPEC-MIXED; current-applicability:MesIngest Watch Operations implementation spec; possible decision summaries are mixed with architecture, defaults, UI/API and delivery design.; ledger-history:Created from internal planning and upstream MES/ADR material; ready-for-agent or confirmed wording is not a four-element approval record.; upstream-reference:MesIngest-Phase-1-spec"	"BOUND-R12-001"	"not-approved"	"responsible-operations-owner;incident-lifecycle-and-retention-scope;named-approver;approval-date;approved-scope;version-or-sha256-binding"
"R12-A0215"	"R12"	"R12-50"	".scratch/mes-ingest-watch-operations/spec.md"	"1952e28681dc50e849f6e61ceee095896e48cff82cb449bb0526c44895b24e9b"	"line 80"	"MesIngest Watch Operations and Scalable Read Model > Functional Requirements > 6. Demand table interaction"	"一次每表一列，刷新后保持当前列和方向。"	"TransportDemands 与 Alerts 所有可见列支持列头升降序，并显示方向箭头；一次每表一列，刷新后保持当前列和方向。"	"54592cd0e87c2115080c857582f4b0bfea68f27389055dc6bdb23fe67a03f492"	"operator-watch-ux-and-operability-candidate"	"ready-for-agent-and-self-described-confirmed-internal-spec-without-four-factor-requirement-approval"	"historical-MesIngest-watch-operations-scope-current-applicability-needs-source-binding-and-reapproval"	"needs-operator-product-owner-and-explicit-approval"	"document-route:R12-candidate; unit-kind:markdown-flow-or-list-item; source-document-class:R12-SPEC-MIXED; current-applicability:MesIngest Watch Operations implementation spec; possible decision summaries are mixed with architecture, defaults, UI/API and delivery design.; ledger-history:Created from internal planning and upstream MES/ADR material; ready-for-agent or confirmed wording is not a four-element approval record.; upstream-reference:MesIngest-Phase-1-spec"	"BOUND-R12-001"	"not-approved"	"operator-workflow-owner;approved-usability-and-operability-scope;named-approver;approval-date;approved-scope;version-or-sha256-binding"
"R12-A0216"	"R12"	"R12-50"	".scratch/mes-ingest-watch-operations/spec.md"	"1952e28681dc50e849f6e61ceee095896e48cff82cb449bb0526c44895b24e9b"	"line 81"	"MesIngest Watch Operations and Scalable Read Model > Functional Requirements > 6. Demand table interaction"	"删除原 sort 下拉框和 asc 复选框；"	"删除原 sort 下拉框和 asc 复选框；TransportDemands 默认 DATES 降序，Alerts 默认活动 ERROR 优先、LastSeenAt 降序。"	"d74644b532f8fc7ba5e3e58361c5d44fba480f8e61fbd52c533d5ed53ded630e"	"operator-watch-ux-and-operability-candidate"	"ready-for-agent-and-self-described-confirmed-internal-spec-without-four-factor-requirement-approval"	"historical-MesIngest-watch-operations-scope-current-applicability-needs-source-binding-and-reapproval"	"needs-operator-product-owner-and-explicit-approval"	"document-route:R12-candidate; unit-kind:markdown-flow-or-list-item; source-document-class:R12-SPEC-MIXED; current-applicability:MesIngest Watch Operations implementation spec; possible decision summaries are mixed with architecture, defaults, UI/API and delivery design.; ledger-history:Created from internal planning and upstream MES/ADR material; ready-for-agent or confirmed wording is not a four-element approval record.; upstream-reference:MesIngest-Phase-1-spec"	"BOUND-R12-001"	"not-approved"	"operator-workflow-owner;approved-usability-and-operability-scope;named-approver;approval-date;approved-scope;version-or-sha256-binding"
"R12-A0217"	"R12"	"R12-50"	".scratch/mes-ingest-watch-operations/spec.md"	"1952e28681dc50e849f6e61ceee095896e48cff82cb449bb0526c44895b24e9b"	"line 81"	"MesIngest Watch Operations and Scalable Read Model > Functional Requirements > 6. Demand table interaction"	"TransportDemands 默认 DATES 降序，Alerts 默认活动 ERROR 优先、LastSeenAt 降序。"	"删除原 sort 下拉框和 asc 复选框；TransportDemands 默认 DATES 降序，Alerts 默认活动 ERROR 优先、LastSeenAt 降序。"	"d6713134d0f32967fbf2e30b294dbcbe0f0208368d215b9bd297320a034254d0"	"tunable-operational-default-candidate"	"ready-for-agent-and-self-described-confirmed-internal-spec-without-four-factor-requirement-approval"	"historical-MesIngest-watch-operations-scope-current-applicability-needs-source-binding-and-reapproval"	"needs-responsible-owner-and-explicit-approval"	"document-route:R12-candidate; unit-kind:markdown-flow-or-list-item; source-document-class:R12-SPEC-MIXED; current-applicability:MesIngest Watch Operations implementation spec; possible decision summaries are mixed with architecture, defaults, UI/API and delivery design.; ledger-history:Created from internal planning and upstream MES/ADR material; ready-for-agent or confirmed wording is not a four-element approval record.; upstream-reference:MesIngest-Phase-1-spec"	"BOUND-R12-001"	"not-approved"	"responsible-owner-classification;authoritative-source;named-approver;approval-date;approved-scope;version-or-sha256-binding"
"R12-A0218"	"R12"	"R12-50"	".scratch/mes-ingest-watch-operations/spec.md"	"1952e28681dc50e849f6e61ceee095896e48cff82cb449bb0526c44895b24e9b"	"line 82"	"MesIngest Watch Operations and Scalable Read Model > Functional Requirements > 6. Demand table interaction"	"相同值使用 DemandId/AlertId 稳定排序。"	"相同值使用 DemandId/AlertId 稳定排序。"	"720b3d52e1ab872c465783d84b310be4308c833dc9dc9959c49f4becf050f718"	"incident-alert-and-operability-semantics-candidate"	"ready-for-agent-and-self-described-confirmed-internal-spec-without-four-factor-requirement-approval"	"historical-MesIngest-watch-operations-scope-current-applicability-needs-source-binding-and-reapproval"	"needs-operations-owner-and-explicit-approval"	"document-route:R12-candidate; unit-kind:markdown-flow-or-list-item; source-document-class:R12-SPEC-MIXED; current-applicability:MesIngest Watch Operations implementation spec; possible decision summaries are mixed with architecture, defaults, UI/API and delivery design.; ledger-history:Created from internal planning and upstream MES/ADR material; ready-for-agent or confirmed wording is not a four-element approval record.; upstream-reference:MesIngest-Phase-1-spec"	"BOUND-R12-001,CF-R01-001"	"not-approved"	"responsible-operations-owner;incident-lifecycle-and-retention-scope;named-approver;approval-date;approved-scope;version-or-sha256-binding"
"R12-A0219"	"R12"	"R12-50"	".scratch/mes-ingest-watch-operations/spec.md"	"1952e28681dc50e849f6e61ceee095896e48cff82cb449bb0526c44895b24e9b"	"line 83"	"MesIngest Watch Operations and Scalable Read Model > Functional Requirements > 6. Demand table interaction"	"两表支持 Ctrl+C 与右键：复制单元格、复制整行、复制整行（含列名）。"	"两表支持 Ctrl+C 与右键：复制单元格、复制整行、复制整行（含列名）。整行使用 Tab 分隔；空值复制字面量 `null`；时间复制当前本机显示文本。"	"e25d7176a0d9365a35a9a531c419de3580d2cc71e73100d35fd5c1b129baad7d"	"operator-watch-ux-and-operability-candidate"	"ready-for-agent-and-self-described-confirmed-internal-spec-without-four-factor-requirement-approval"	"historical-MesIngest-watch-operations-scope-current-applicability-needs-source-binding-and-reapproval"	"needs-operator-product-owner-and-explicit-approval"	"document-route:R12-candidate; unit-kind:markdown-flow-or-list-item; source-document-class:R12-SPEC-MIXED; current-applicability:MesIngest Watch Operations implementation spec; possible decision summaries are mixed with architecture, defaults, UI/API and delivery design.; ledger-history:Created from internal planning and upstream MES/ADR material; ready-for-agent or confirmed wording is not a four-element approval record.; upstream-reference:MesIngest-Phase-1-spec"	"BOUND-R12-001"	"not-approved"	"operator-workflow-owner;approved-usability-and-operability-scope;named-approver;approval-date;approved-scope;version-or-sha256-binding"
"R12-A0220"	"R12"	"R12-50"	".scratch/mes-ingest-watch-operations/spec.md"	"1952e28681dc50e849f6e61ceee095896e48cff82cb449bb0526c44895b24e9b"	"line 83"	"MesIngest Watch Operations and Scalable Read Model > Functional Requirements > 6. Demand table interaction"	"整行使用 Tab 分隔；"	"两表支持 Ctrl+C 与右键：复制单元格、复制整行、复制整行（含列名）。整行使用 Tab 分隔；空值复制字面量 `null`；时间复制当前本机显示文本。"	"adb021ed2bc07905c7ca8e93fa3b89076592c31b54bc7d992fed479dcf659c96"	"operator-watch-ux-and-operability-candidate"	"ready-for-agent-and-self-described-confirmed-internal-spec-without-four-factor-requirement-approval"	"historical-MesIngest-watch-operations-scope-current-applicability-needs-source-binding-and-reapproval"	"needs-operator-product-owner-and-explicit-approval"	"document-route:R12-candidate; unit-kind:markdown-flow-or-list-item; source-document-class:R12-SPEC-MIXED; current-applicability:MesIngest Watch Operations implementation spec; possible decision summaries are mixed with architecture, defaults, UI/API and delivery design.; ledger-history:Created from internal planning and upstream MES/ADR material; ready-for-agent or confirmed wording is not a four-element approval record.; upstream-reference:MesIngest-Phase-1-spec"	"BOUND-R12-001"	"not-approved"	"operator-workflow-owner;approved-usability-and-operability-scope;named-approver;approval-date;approved-scope;version-or-sha256-binding"
"R12-A0221"	"R12"	"R12-50"	".scratch/mes-ingest-watch-operations/spec.md"	"1952e28681dc50e849f6e61ceee095896e48cff82cb449bb0526c44895b24e9b"	"line 83"	"MesIngest Watch Operations and Scalable Read Model > Functional Requirements > 6. Demand table interaction"	"空值复制字面量 `null`；"	"两表支持 Ctrl+C 与右键：复制单元格、复制整行、复制整行（含列名）。整行使用 Tab 分隔；空值复制字面量 `null`；时间复制当前本机显示文本。"	"11627319d12b259702b9c33af270c254673f03cafb47f4ade774230e69c6b72e"	"operator-watch-ux-and-operability-candidate"	"ready-for-agent-and-self-described-confirmed-internal-spec-without-four-factor-requirement-approval"	"historical-MesIngest-watch-operations-scope-current-applicability-needs-source-binding-and-reapproval"	"needs-operator-product-owner-and-explicit-approval"	"document-route:R12-candidate; unit-kind:markdown-flow-or-list-item; source-document-class:R12-SPEC-MIXED; current-applicability:MesIngest Watch Operations implementation spec; possible decision summaries are mixed with architecture, defaults, UI/API and delivery design.; ledger-history:Created from internal planning and upstream MES/ADR material; ready-for-agent or confirmed wording is not a four-element approval record.; upstream-reference:MesIngest-Phase-1-spec"	"BOUND-R12-001"	"not-approved"	"operator-workflow-owner;approved-usability-and-operability-scope;named-approver;approval-date;approved-scope;version-or-sha256-binding"
"R12-A0222"	"R12"	"R12-50"	".scratch/mes-ingest-watch-operations/spec.md"	"1952e28681dc50e849f6e61ceee095896e48cff82cb449bb0526c44895b24e9b"	"line 83"	"MesIngest Watch Operations and Scalable Read Model > Functional Requirements > 6. Demand table interaction"	"时间复制当前本机显示文本。"	"两表支持 Ctrl+C 与右键：复制单元格、复制整行、复制整行（含列名）。整行使用 Tab 分隔；空值复制字面量 `null`；时间复制当前本机显示文本。"	"683885ab2fa5ecea088b5b4d46f87e07798587c58b2a0456a416d0e5952e7d2d"	"operator-watch-ux-and-operability-candidate"	"ready-for-agent-and-self-described-confirmed-internal-spec-without-four-factor-requirement-approval"	"historical-MesIngest-watch-operations-scope-current-applicability-needs-source-binding-and-reapproval"	"needs-operator-product-owner-and-explicit-approval"	"document-route:R12-candidate; unit-kind:markdown-flow-or-list-item; source-document-class:R12-SPEC-MIXED; current-applicability:MesIngest Watch Operations implementation spec; possible decision summaries are mixed with architecture, defaults, UI/API and delivery design.; ledger-history:Created from internal planning and upstream MES/ADR material; ready-for-agent or confirmed wording is not a four-element approval record.; upstream-reference:MesIngest-Phase-1-spec"	"BOUND-R12-001"	"not-approved"	"operator-workflow-owner;approved-usability-and-operability-scope;named-approver;approval-date;approved-scope;version-or-sha256-binding"
"R12-A0223"	"R12"	"R12-50"	".scratch/mes-ingest-watch-operations/spec.md"	"1952e28681dc50e849f6e61ceee095896e48cff82cb449bb0526c44895b24e9b"	"line 87"	"MesIngest Watch Operations and Scalable Read Model > Functional Requirements > 7. Resizable layout and status bar"	"TransportDemands/Alerts 使用垂直 GridSplitter，共同填满剩余空间；"	"TransportDemands/Alerts 使用垂直 GridSplitter，共同填满剩余空间；默认 70/30，均有最小高度。"	"7b3f7c862e8f22509f335a820fb4cc0a2322e135a37ab7edde39c5923623886e"	"embedded-local-technical-design-or-test-decision"	"ready-for-agent-and-self-described-confirmed-internal-spec-without-four-factor-requirement-approval"	"historical-MesIngest-watch-operations-scope-current-applicability-needs-source-binding-and-reapproval"	"exclude-from-requirement-approval"	"document-route:R12-candidate; unit-kind:markdown-flow-or-list-item; source-document-class:R12-SPEC-MIXED; current-applicability:MesIngest Watch Operations implementation spec; possible decision summaries are mixed with architecture, defaults, UI/API and delivery design.; ledger-history:Created from internal planning and upstream MES/ADR material; ready-for-agent or confirmed wording is not a four-element approval record.; upstream-reference:MesIngest-Phase-1-spec"	"BOUND-R12-001"	"not-approved"	"authoritative-requirement-source-if-behavior-is-required;separate-technical-decision-review;named-approver;approval-date;approved-scope;version-or-sha256-binding"
"R12-A0224"	"R12"	"R12-50"	".scratch/mes-ingest-watch-operations/spec.md"	"1952e28681dc50e849f6e61ceee095896e48cff82cb449bb0526c44895b24e9b"	"line 87"	"MesIngest Watch Operations and Scalable Read Model > Functional Requirements > 7. Resizable layout and status bar"	"默认 70/30，均有最小高度。"	"TransportDemands/Alerts 使用垂直 GridSplitter，共同填满剩余空间；默认 70/30，均有最小高度。"	"9b8d52287f573bc5c9782498bb7f9f389413f65be3d77a048f2d9548bb2d59e9"	"tunable-operational-default-candidate"	"ready-for-agent-and-self-described-confirmed-internal-spec-without-four-factor-requirement-approval"	"historical-MesIngest-watch-operations-scope-current-applicability-needs-source-binding-and-reapproval"	"needs-responsible-owner-and-explicit-approval"	"document-route:R12-candidate; unit-kind:markdown-flow-or-list-item; source-document-class:R12-SPEC-MIXED; current-applicability:MesIngest Watch Operations implementation spec; possible decision summaries are mixed with architecture, defaults, UI/API and delivery design.; ledger-history:Created from internal planning and upstream MES/ADR material; ready-for-agent or confirmed wording is not a four-element approval record.; upstream-reference:MesIngest-Phase-1-spec"	"BOUND-R12-001"	"not-approved"	"responsible-owner-classification;authoritative-source;named-approver;approval-date;approved-scope;version-or-sha256-binding"
"R12-A0225"	"R12"	"R12-50"	".scratch/mes-ingest-watch-operations/spec.md"	"1952e28681dc50e849f6e61ceee095896e48cff82cb449bb0526c44895b24e9b"	"line 88"	"MesIngest Watch Operations and Scalable Read Model > Functional Requirements > 7. Resizable layout and status bar"	"Watch 本地保存分隔比例并在下次启动恢复；"	"Watch 本地保存分隔比例并在下次启动恢复；双击 splitter 恢复 70/30。"	"7ff9acbcf79004326a1f004b2b5067c181994854f676cbbab2542e73345b5f70"	"operator-watch-ux-and-operability-candidate"	"ready-for-agent-and-self-described-confirmed-internal-spec-without-four-factor-requirement-approval"	"historical-MesIngest-watch-operations-scope-current-applicability-needs-source-binding-and-reapproval"	"needs-operator-product-owner-and-explicit-approval"	"document-route:R12-candidate; unit-kind:markdown-flow-or-list-item; source-document-class:R12-SPEC-MIXED; current-applicability:MesIngest Watch Operations implementation spec; possible decision summaries are mixed with architecture, defaults, UI/API and delivery design.; ledger-history:Created from internal planning and upstream MES/ADR material; ready-for-agent or confirmed wording is not a four-element approval record.; upstream-reference:MesIngest-Phase-1-spec"	"BOUND-R12-001"	"not-approved"	"operator-workflow-owner;approved-usability-and-operability-scope;named-approver;approval-date;approved-scope;version-or-sha256-binding"
"R12-A0226"	"R12"	"R12-50"	".scratch/mes-ingest-watch-operations/spec.md"	"1952e28681dc50e849f6e61ceee095896e48cff82cb449bb0526c44895b24e9b"	"line 88"	"MesIngest Watch Operations and Scalable Read Model > Functional Requirements > 7. Resizable layout and status bar"	"双击 splitter 恢复 70/30。"	"Watch 本地保存分隔比例并在下次启动恢复；双击 splitter 恢复 70/30。"	"7e4c6ebcf71b238fbab863645d4bb4e8f98a213455b37af6d497d6d26bd03951"	"operator-watch-ux-and-operability-candidate"	"ready-for-agent-and-self-described-confirmed-internal-spec-without-four-factor-requirement-approval"	"historical-MesIngest-watch-operations-scope-current-applicability-needs-source-binding-and-reapproval"	"needs-operator-product-owner-and-explicit-approval"	"document-route:R12-candidate; unit-kind:markdown-flow-or-list-item; source-document-class:R12-SPEC-MIXED; current-applicability:MesIngest Watch Operations implementation spec; possible decision summaries are mixed with architecture, defaults, UI/API and delivery design.; ledger-history:Created from internal planning and upstream MES/ADR material; ready-for-agent or confirmed wording is not a four-element approval record.; upstream-reference:MesIngest-Phase-1-spec"	"BOUND-R12-001"	"not-approved"	"operator-workflow-owner;approved-usability-and-operability-scope;named-approver;approval-date;approved-scope;version-or-sha256-binding"
"R12-A0227"	"R12"	"R12-50"	".scratch/mes-ingest-watch-operations/spec.md"	"1952e28681dc50e849f6e61ceee095896e48cff82cb449bb0526c44895b24e9b"	"line 89"	"MesIngest Watch Operations and Scalable Read Model > Functional Requirements > 7. Resizable layout and status bar"	"Health 从顶部移至底部状态栏，分别显示 Watch 最近成功刷新与 Host 最近 MES 轮询完成时间、连接/陈旧状态、Host outcome、行数、耗时、活动 Alert 数、PausedZeroDrop 类型数和本机时区。"	"Health 从顶部移至底部状态栏，分别显示 Watch 最近成功刷新与 Host 最近 MES 轮询完成时间、连接/陈旧状态、Host outcome、行数、耗时、活动 Alert 数、PausedZeroDrop 类型数和本机时区。"	"f5c00f7864066e85347ff3b7b3cc09c17dd6f5e6648069c429c0c2420efed0e1"	"incident-alert-and-operability-semantics-candidate"	"ready-for-agent-and-self-described-confirmed-internal-spec-without-four-factor-requirement-approval"	"historical-MesIngest-watch-operations-scope-current-applicability-needs-source-binding-and-reapproval"	"needs-operations-owner-and-explicit-approval"	"document-route:R12-candidate; unit-kind:markdown-flow-or-list-item; source-document-class:R12-SPEC-MIXED; current-applicability:MesIngest Watch Operations implementation spec; possible decision summaries are mixed with architecture, defaults, UI/API and delivery design.; ledger-history:Created from internal planning and upstream MES/ADR material; ready-for-agent or confirmed wording is not a four-element approval record.; upstream-reference:MesIngest-Phase-1-spec"	"BOUND-R12-001"	"not-approved"	"responsible-operations-owner;incident-lifecycle-and-retention-scope;named-approver;approval-date;approved-scope;version-or-sha256-binding"
"R12-A0228"	"R12"	"R12-50"	".scratch/mes-ingest-watch-operations/spec.md"	"1952e28681dc50e849f6e61ceee095896e48cff82cb449bb0526c44895b24e9b"	"line 90"	"MesIngest Watch Operations and Scalable Read Model > Functional Requirements > 7. Resizable layout and status bar"	"BaseUrl、开始时间和长错误放入 tooltip/详情，不让状态栏失控增长。"	"BaseUrl、开始时间和长错误放入 tooltip/详情，不让状态栏失控增长。"	"1814353a6aa50edb053a2c824fe712ac8a77881a166e43d823c4872a2a6e4762"	"operator-watch-ux-and-operability-candidate"	"ready-for-agent-and-self-described-confirmed-internal-spec-without-four-factor-requirement-approval"	"historical-MesIngest-watch-operations-scope-current-applicability-needs-source-binding-and-reapproval"	"needs-operator-product-owner-and-explicit-approval"	"document-route:R12-candidate; unit-kind:markdown-flow-or-list-item; source-document-class:R12-SPEC-MIXED; current-applicability:MesIngest Watch Operations implementation spec; possible decision summaries are mixed with architecture, defaults, UI/API and delivery design.; ledger-history:Created from internal planning and upstream MES/ADR material; ready-for-agent or confirmed wording is not a four-element approval record.; upstream-reference:MesIngest-Phase-1-spec"	"BOUND-R12-001"	"not-approved"	"operator-workflow-owner;approved-usability-and-operability-scope;named-approver;approval-date;approved-scope;version-or-sha256-binding"
"R12-A0229"	"R12"	"R12-50"	".scratch/mes-ingest-watch-operations/spec.md"	"1952e28681dc50e849f6e61ceee095896e48cff82cb449bb0526c44895b24e9b"	"line 94"	"MesIngest Watch Operations and Scalable Read Model > Functional Requirements > 8. IngestAlert incident model"	"IngestAlert 是可聚合、可解除的问题实例，不是每轮消息；"	"IngestAlert 是可聚合、可解除的问题实例，不是每轮消息；公共字段至少包含 AlertId、Code、Severity、TaskType、Sublot、DemandId、Message、Details JSON、FirstSeenAt、LastSeenAt、OccurrenceCount、IsActive、ResolvedAt。"	"cebca4043c34e65a9f7ed6bd272a3dda0e8acedcb66d7cb868d1cdbbc8d295f0"	"incident-alert-and-operability-semantics-candidate"	"ready-for-agent-and-self-described-confirmed-internal-spec-without-four-factor-requirement-approval"	"historical-MesIngest-watch-operations-scope-current-applicability-needs-source-binding-and-reapproval"	"needs-operations-owner-and-explicit-approval"	"document-route:R12-candidate; unit-kind:markdown-flow-or-list-item; source-document-class:R12-SPEC-MIXED; current-applicability:MesIngest Watch Operations implementation spec; possible decision summaries are mixed with architecture, defaults, UI/API and delivery design.; ledger-history:Created from internal planning and upstream MES/ADR material; ready-for-agent or confirmed wording is not a four-element approval record.; upstream-reference:MesIngest-Phase-1-spec"	"BOUND-R12-001"	"not-approved"	"responsible-operations-owner;incident-lifecycle-and-retention-scope;named-approver;approval-date;approved-scope;version-or-sha256-binding"
"R12-A0230"	"R12"	"R12-50"	".scratch/mes-ingest-watch-operations/spec.md"	"1952e28681dc50e849f6e61ceee095896e48cff82cb449bb0526c44895b24e9b"	"line 94"	"MesIngest Watch Operations and Scalable Read Model > Functional Requirements > 8. IngestAlert incident model"	"公共字段至少包含 AlertId、Code、Severity、TaskType、Sublot、DemandId、Message、Details JSON、FirstSeenAt、LastSeenAt、OccurrenceCount、IsActive、ResolvedAt。"	"IngestAlert 是可聚合、可解除的问题实例，不是每轮消息；公共字段至少包含 AlertId、Code、Severity、TaskType、Sublot、DemandId、Message、Details JSON、FirstSeenAt、LastSeenAt、OccurrenceCount、IsActive、ResolvedAt。"	"0a2ab055196737711cd9d596d0955fab971d2dbe44730004ac9b724b712a2f52"	"incident-alert-and-operability-semantics-candidate"	"ready-for-agent-and-self-described-confirmed-internal-spec-without-four-factor-requirement-approval"	"historical-MesIngest-watch-operations-scope-current-applicability-needs-source-binding-and-reapproval"	"needs-operations-owner-and-explicit-approval"	"document-route:R12-candidate; unit-kind:markdown-flow-or-list-item; source-document-class:R12-SPEC-MIXED; current-applicability:MesIngest Watch Operations implementation spec; possible decision summaries are mixed with architecture, defaults, UI/API and delivery design.; ledger-history:Created from internal planning and upstream MES/ADR material; ready-for-agent or confirmed wording is not a four-element approval record.; upstream-reference:MesIngest-Phase-1-spec"	"BOUND-R12-001,CF-R01-001"	"not-approved"	"responsible-operations-owner;incident-lifecycle-and-retention-scope;named-approver;approval-date;approved-scope;version-or-sha256-binding"
"R12-A0231"	"R12"	"R12-50"	".scratch/mes-ingest-watch-operations/spec.md"	"1952e28681dc50e849f6e61ceee095896e48cff82cb449bb0526c44895b24e9b"	"line 95"	"MesIngest Watch Operations and Scalable Read Model > Functional Requirements > 8. IngestAlert incident model"	"相同 Code + 业务身份 + 详情指纹持续存在时只更新 LastSeenAt/OccurrenceCount；"	"相同 Code + 业务身份 + 详情指纹持续存在时只更新 LastSeenAt/OccurrenceCount；详情指纹改变时结束旧实例并创建新实例；恢复时写 ResolvedAt。"	"9868331e51cf05479da1d2e5401a58866908dfa1473d9e4e85946518792c0447"	"incident-alert-and-operability-semantics-candidate"	"ready-for-agent-and-self-described-confirmed-internal-spec-without-four-factor-requirement-approval"	"historical-MesIngest-watch-operations-scope-current-applicability-needs-source-binding-and-reapproval"	"needs-operations-owner-and-explicit-approval"	"document-route:R12-candidate; unit-kind:markdown-flow-or-list-item; source-document-class:R12-SPEC-MIXED; current-applicability:MesIngest Watch Operations implementation spec; possible decision summaries are mixed with architecture, defaults, UI/API and delivery design.; ledger-history:Created from internal planning and upstream MES/ADR material; ready-for-agent or confirmed wording is not a four-element approval record.; upstream-reference:MesIngest-Phase-1-spec"	"BOUND-R12-001"	"not-approved"	"responsible-operations-owner;incident-lifecycle-and-retention-scope;named-approver;approval-date;approved-scope;version-or-sha256-binding"
"R12-A0232"	"R12"	"R12-50"	".scratch/mes-ingest-watch-operations/spec.md"	"1952e28681dc50e849f6e61ceee095896e48cff82cb449bb0526c44895b24e9b"	"line 95"	"MesIngest Watch Operations and Scalable Read Model > Functional Requirements > 8. IngestAlert incident model"	"详情指纹改变时结束旧实例并创建新实例；"	"相同 Code + 业务身份 + 详情指纹持续存在时只更新 LastSeenAt/OccurrenceCount；详情指纹改变时结束旧实例并创建新实例；恢复时写 ResolvedAt。"	"345ac43d4790a5a106d945eab155dcd589c7b638c5ba5b533d04021280e37f04"	"incident-alert-and-operability-semantics-candidate"	"ready-for-agent-and-self-described-confirmed-internal-spec-without-four-factor-requirement-approval"	"historical-MesIngest-watch-operations-scope-current-applicability-needs-source-binding-and-reapproval"	"needs-operations-owner-and-explicit-approval"	"document-route:R12-candidate; unit-kind:markdown-flow-or-list-item; source-document-class:R12-SPEC-MIXED; current-applicability:MesIngest Watch Operations implementation spec; possible decision summaries are mixed with architecture, defaults, UI/API and delivery design.; ledger-history:Created from internal planning and upstream MES/ADR material; ready-for-agent or confirmed wording is not a four-element approval record.; upstream-reference:MesIngest-Phase-1-spec"	"BOUND-R12-001"	"not-approved"	"responsible-operations-owner;incident-lifecycle-and-retention-scope;named-approver;approval-date;approved-scope;version-or-sha256-binding"
"R12-A0233"	"R12"	"R12-50"	".scratch/mes-ingest-watch-operations/spec.md"	"1952e28681dc50e849f6e61ceee095896e48cff82cb449bb0526c44895b24e9b"	"line 95"	"MesIngest Watch Operations and Scalable Read Model > Functional Requirements > 8. IngestAlert incident model"	"恢复时写 ResolvedAt。"	"相同 Code + 业务身份 + 详情指纹持续存在时只更新 LastSeenAt/OccurrenceCount；详情指纹改变时结束旧实例并创建新实例；恢复时写 ResolvedAt。"	"264fb43ae208e04a6ad51fa5f1d60989c027728f4536798cbc1ae292579825f6"	"incident-alert-and-operability-semantics-candidate"	"ready-for-agent-and-self-described-confirmed-internal-spec-without-four-factor-requirement-approval"	"historical-MesIngest-watch-operations-scope-current-applicability-needs-source-binding-and-reapproval"	"needs-operations-owner-and-explicit-approval"	"document-route:R12-candidate; unit-kind:markdown-flow-or-list-item; source-document-class:R12-SPEC-MIXED; current-applicability:MesIngest Watch Operations implementation spec; possible decision summaries are mixed with architecture, defaults, UI/API and delivery design.; ledger-history:Created from internal planning and upstream MES/ADR material; ready-for-agent or confirmed wording is not a four-element approval record.; upstream-reference:MesIngest-Phase-1-spec"	"BOUND-R12-001"	"not-approved"	"responsible-operations-owner;incident-lifecycle-and-retention-scope;named-approver;approval-date;approved-scope;version-or-sha256-binding"
"R12-A0234"	"R12"	"R12-50"	".scratch/mes-ingest-watch-operations/spec.md"	"1952e28681dc50e849f6e61ceee095896e48cff82cb449bb0526c44895b24e9b"	"line 96"	"MesIngest Watch Operations and Scalable Read Model > Functional Requirements > 8. IngestAlert incident model"	"Severity：POLL_FAILURE、POLL_INCOMPLETE、DUPLICATE_RECONCILE_KEY、PAUSED_ZERO_DROP、FIELD_DRIFT 均为 ERROR；"	"Severity：POLL_FAILURE、POLL_INCOMPLETE、DUPLICATE_RECONCILE_KEY、PAUSED_ZERO_DROP、FIELD_DRIFT 均为 ERROR；REAPPEAR_AFTER_GONE 为 WARNING。"	"257e72df6536060f78247e4745c91669379c85eb18fafc49fef4d5996a7cf4c7"	"incident-alert-and-operability-semantics-candidate"	"ready-for-agent-and-self-described-confirmed-internal-spec-without-four-factor-requirement-approval"	"historical-MesIngest-watch-operations-scope-current-applicability-needs-source-binding-and-reapproval"	"needs-operations-owner-and-explicit-approval"	"document-route:R12-candidate; unit-kind:markdown-flow-or-list-item; source-document-class:R12-SPEC-MIXED; current-applicability:MesIngest Watch Operations implementation spec; possible decision summaries are mixed with architecture, defaults, UI/API and delivery design.; ledger-history:Created from internal planning and upstream MES/ADR material; ready-for-agent or confirmed wording is not a four-element approval record.; upstream-reference:MesIngest-Phase-1-spec"	"BOUND-R12-001"	"not-approved"	"responsible-operations-owner;incident-lifecycle-and-retention-scope;named-approver;approval-date;approved-scope;version-or-sha256-binding"
"R12-A0235"	"R12"	"R12-50"	".scratch/mes-ingest-watch-operations/spec.md"	"1952e28681dc50e849f6e61ceee095896e48cff82cb449bb0526c44895b24e9b"	"line 96"	"MesIngest Watch Operations and Scalable Read Model > Functional Requirements > 8. IngestAlert incident model"	"REAPPEAR_AFTER_GONE 为 WARNING。"	"Severity：POLL_FAILURE、POLL_INCOMPLETE、DUPLICATE_RECONCILE_KEY、PAUSED_ZERO_DROP、FIELD_DRIFT 均为 ERROR；REAPPEAR_AFTER_GONE 为 WARNING。"	"37ff9d53c91cd127f996385fc1765544efbe921a1988c53a74054050999e36f9"	"incident-alert-and-operability-semantics-candidate"	"ready-for-agent-and-self-described-confirmed-internal-spec-without-four-factor-requirement-approval"	"historical-MesIngest-watch-operations-scope-current-applicability-needs-source-binding-and-reapproval"	"needs-operations-owner-and-explicit-approval"	"document-route:R12-candidate; unit-kind:markdown-flow-or-list-item; source-document-class:R12-SPEC-MIXED; current-applicability:MesIngest Watch Operations implementation spec; possible decision summaries are mixed with architecture, defaults, UI/API and delivery design.; ledger-history:Created from internal planning and upstream MES/ADR material; ready-for-agent or confirmed wording is not a four-element approval record.; upstream-reference:MesIngest-Phase-1-spec"	"BOUND-R12-001,CF-R01-001"	"not-approved"	"responsible-operations-owner;incident-lifecycle-and-retention-scope;named-approver;approval-date;approved-scope;version-or-sha256-binding"
"R12-A0236"	"R12"	"R12-50"	".scratch/mes-ingest-watch-operations/spec.md"	"1952e28681dc50e849f6e61ceee095896e48cff82cb449bb0526c44895b24e9b"	"line 97"	"MesIngest Watch Operations and Scalable Read Model > Functional Requirements > 8. IngestAlert incident model"	"PausedZeroDrop 的解除是同一 ERROR 实例的 RESOLVED 生命周期记录，不创建新的活动错误。"	"PausedZeroDrop 的解除是同一 ERROR 实例的 RESOLVED 生命周期记录，不创建新的活动错误。"	"33671ff1aa724d513893b0e3c3f724c1f420ecb9a0d4b637c7c7467c2db3f2f2"	"incident-alert-and-operability-semantics-candidate"	"ready-for-agent-and-self-described-confirmed-internal-spec-without-four-factor-requirement-approval"	"historical-MesIngest-watch-operations-scope-current-applicability-needs-source-binding-and-reapproval"	"needs-operations-owner-and-explicit-approval"	"document-route:R12-candidate; unit-kind:markdown-flow-or-list-item; source-document-class:R12-SPEC-MIXED; current-applicability:MesIngest Watch Operations implementation spec; possible decision summaries are mixed with architecture, defaults, UI/API and delivery design.; ledger-history:Created from internal planning and upstream MES/ADR material; ready-for-agent or confirmed wording is not a four-element approval record.; upstream-reference:MesIngest-Phase-1-spec"	"BOUND-R12-001"	"not-approved"	"responsible-operations-owner;incident-lifecycle-and-retention-scope;named-approver;approval-date;approved-scope;version-or-sha256-binding"
"R12-A0237"	"R12"	"R12-50"	".scratch/mes-ingest-watch-operations/spec.md"	"1952e28681dc50e849f6e61ceee095896e48cff82cb449bb0526c44895b24e9b"	"line 98"	"MesIngest Watch Operations and Scalable Read Model > Functional Requirements > 8. IngestAlert incident model"	"FIELD_DRIFT 对所有冻结字段一视同仁；"	"FIELD_DRIFT 对所有冻结字段一视同仁；Details 列出字段、冻结值和观测值。"	"26a04369ab582c624da31304cb18f8bc728600bc04952f65bf784472219d2279"	"incident-alert-and-operability-semantics-candidate"	"ready-for-agent-and-self-described-confirmed-internal-spec-without-four-factor-requirement-approval"	"historical-MesIngest-watch-operations-scope-current-applicability-needs-source-binding-and-reapproval"	"needs-operations-owner-and-explicit-approval"	"document-route:R12-candidate; unit-kind:markdown-flow-or-list-item; source-document-class:R12-SPEC-MIXED; current-applicability:MesIngest Watch Operations implementation spec; possible decision summaries are mixed with architecture, defaults, UI/API and delivery design.; ledger-history:Created from internal planning and upstream MES/ADR material; ready-for-agent or confirmed wording is not a four-element approval record.; upstream-reference:MesIngest-Phase-1-spec"	"BOUND-R12-001"	"not-approved"	"responsible-operations-owner;incident-lifecycle-and-retention-scope;named-approver;approval-date;approved-scope;version-or-sha256-binding"
"R12-A0238"	"R12"	"R12-50"	".scratch/mes-ingest-watch-operations/spec.md"	"1952e28681dc50e849f6e61ceee095896e48cff82cb449bb0526c44895b24e9b"	"line 98"	"MesIngest Watch Operations and Scalable Read Model > Functional Requirements > 8. IngestAlert incident model"	"Details 列出字段、冻结值和观测值。"	"FIELD_DRIFT 对所有冻结字段一视同仁；Details 列出字段、冻结值和观测值。"	"6f51a950721bffa72dfd9a6452605582b16790405b41b7f2eeec12525d96ba97"	"incident-alert-and-operability-semantics-candidate"	"ready-for-agent-and-self-described-confirmed-internal-spec-without-four-factor-requirement-approval"	"historical-MesIngest-watch-operations-scope-current-applicability-needs-source-binding-and-reapproval"	"needs-operations-owner-and-explicit-approval"	"document-route:R12-candidate; unit-kind:markdown-flow-or-list-item; source-document-class:R12-SPEC-MIXED; current-applicability:MesIngest Watch Operations implementation spec; possible decision summaries are mixed with architecture, defaults, UI/API and delivery design.; ledger-history:Created from internal planning and upstream MES/ADR material; ready-for-agent or confirmed wording is not a four-element approval record.; upstream-reference:MesIngest-Phase-1-spec"	"BOUND-R12-001"	"not-approved"	"responsible-operations-owner;incident-lifecycle-and-retention-scope;named-approver;approval-date;approved-scope;version-or-sha256-binding"
"R12-A0239"	"R12"	"R12-50"	".scratch/mes-ingest-watch-operations/spec.md"	"1952e28681dc50e849f6e61ceee095896e48cff82cb449bb0526c44895b24e9b"	"line 99"	"MesIngest Watch Operations and Scalable Read Model > Functional Requirements > 8. IngestAlert incident model"	"DUPLICATE_RECONCILE_KEY Details 列出重复数量和冲突行；"	"DUPLICATE_RECONCILE_KEY Details 列出重复数量和冲突行；POLL_FAILURE/INCOMPLETE 保存失败阶段、超时、耗时和清理敏感信息后的原因；REAPPEAR 保存旧/新 DemandId；PausedZeroDrop 保存健康数量、阈值和恢复轮次。"	"1c5d28dfa8c4daf977018a5c3557df641e3526bec2546bcbd3d8b58ec7537362"	"incident-alert-and-operability-semantics-candidate"	"ready-for-agent-and-self-described-confirmed-internal-spec-without-four-factor-requirement-approval"	"historical-MesIngest-watch-operations-scope-current-applicability-needs-source-binding-and-reapproval"	"needs-operations-owner-and-explicit-approval"	"document-route:R12-candidate; unit-kind:markdown-flow-or-list-item; source-document-class:R12-SPEC-MIXED; current-applicability:MesIngest Watch Operations implementation spec; possible decision summaries are mixed with architecture, defaults, UI/API and delivery design.; ledger-history:Created from internal planning and upstream MES/ADR material; ready-for-agent or confirmed wording is not a four-element approval record.; upstream-reference:MesIngest-Phase-1-spec"	"BOUND-R12-001"	"not-approved"	"responsible-operations-owner;incident-lifecycle-and-retention-scope;named-approver;approval-date;approved-scope;version-or-sha256-binding"
"R12-A0240"	"R12"	"R12-50"	".scratch/mes-ingest-watch-operations/spec.md"	"1952e28681dc50e849f6e61ceee095896e48cff82cb449bb0526c44895b24e9b"	"line 99"	"MesIngest Watch Operations and Scalable Read Model > Functional Requirements > 8. IngestAlert incident model"	"POLL_FAILURE/INCOMPLETE 保存失败阶段、超时、耗时和清理敏感信息后的原因；"	"DUPLICATE_RECONCILE_KEY Details 列出重复数量和冲突行；POLL_FAILURE/INCOMPLETE 保存失败阶段、超时、耗时和清理敏感信息后的原因；REAPPEAR 保存旧/新 DemandId；PausedZeroDrop 保存健康数量、阈值和恢复轮次。"	"b541d33549d232c989f9aaf7851cf871bdd9b135aadec2292673ae62327b9c08"	"security-or-credential-boundary-candidate"	"ready-for-agent-and-self-described-confirmed-internal-spec-without-four-factor-requirement-approval"	"historical-MesIngest-watch-operations-scope-current-applicability-needs-source-binding-and-reapproval"	"needs-security-owner-and-explicit-approval"	"document-route:R12-candidate; unit-kind:markdown-flow-or-list-item; source-document-class:R12-SPEC-MIXED; current-applicability:MesIngest Watch Operations implementation spec; possible decision summaries are mixed with architecture, defaults, UI/API and delivery design.; ledger-history:Created from internal planning and upstream MES/ADR material; ready-for-agent or confirmed wording is not a four-element approval record.; upstream-reference:MesIngest-Phase-1-spec"	"BOUND-R12-001"	"not-approved"	"security-owner;credential-and-binding-scope;named-approver;approval-date;approved-scope;version-or-sha256-binding"
"R12-A0241"	"R12"	"R12-50"	".scratch/mes-ingest-watch-operations/spec.md"	"1952e28681dc50e849f6e61ceee095896e48cff82cb449bb0526c44895b24e9b"	"line 99"	"MesIngest Watch Operations and Scalable Read Model > Functional Requirements > 8. IngestAlert incident model"	"REAPPEAR 保存旧/新 DemandId；"	"DUPLICATE_RECONCILE_KEY Details 列出重复数量和冲突行；POLL_FAILURE/INCOMPLETE 保存失败阶段、超时、耗时和清理敏感信息后的原因；REAPPEAR 保存旧/新 DemandId；PausedZeroDrop 保存健康数量、阈值和恢复轮次。"	"fdfa166004d032174151cde3bb7f6bebc8c10d40df8bd068e51441f8f42be7d5"	"incident-alert-and-operability-semantics-candidate"	"ready-for-agent-and-self-described-confirmed-internal-spec-without-four-factor-requirement-approval"	"historical-MesIngest-watch-operations-scope-current-applicability-needs-source-binding-and-reapproval"	"needs-operations-owner-and-explicit-approval"	"document-route:R12-candidate; unit-kind:markdown-flow-or-list-item; source-document-class:R12-SPEC-MIXED; current-applicability:MesIngest Watch Operations implementation spec; possible decision summaries are mixed with architecture, defaults, UI/API and delivery design.; ledger-history:Created from internal planning and upstream MES/ADR material; ready-for-agent or confirmed wording is not a four-element approval record.; upstream-reference:MesIngest-Phase-1-spec"	"BOUND-R12-001,CF-R01-001"	"not-approved"	"responsible-operations-owner;incident-lifecycle-and-retention-scope;named-approver;approval-date;approved-scope;version-or-sha256-binding"
"R12-A0242"	"R12"	"R12-50"	".scratch/mes-ingest-watch-operations/spec.md"	"1952e28681dc50e849f6e61ceee095896e48cff82cb449bb0526c44895b24e9b"	"line 99"	"MesIngest Watch Operations and Scalable Read Model > Functional Requirements > 8. IngestAlert incident model"	"PausedZeroDrop 保存健康数量、阈值和恢复轮次。"	"DUPLICATE_RECONCILE_KEY Details 列出重复数量和冲突行；POLL_FAILURE/INCOMPLETE 保存失败阶段、超时、耗时和清理敏感信息后的原因；REAPPEAR 保存旧/新 DemandId；PausedZeroDrop 保存健康数量、阈值和恢复轮次。"	"dee52b3c6ff940e7f6b4325ef8d9dacb40ed79c4f0bc7eb6d53f67c785af0f90"	"incident-alert-and-operability-semantics-candidate"	"ready-for-agent-and-self-described-confirmed-internal-spec-without-four-factor-requirement-approval"	"historical-MesIngest-watch-operations-scope-current-applicability-needs-source-binding-and-reapproval"	"needs-operations-owner-and-explicit-approval"	"document-route:R12-candidate; unit-kind:markdown-flow-or-list-item; source-document-class:R12-SPEC-MIXED; current-applicability:MesIngest Watch Operations implementation spec; possible decision summaries are mixed with architecture, defaults, UI/API and delivery design.; ledger-history:Created from internal planning and upstream MES/ADR material; ready-for-agent or confirmed wording is not a four-element approval record.; upstream-reference:MesIngest-Phase-1-spec"	"BOUND-R12-001"	"not-approved"	"responsible-operations-owner;incident-lifecycle-and-retention-scope;named-approver;approval-date;approved-scope;version-or-sha256-binding"
"R12-A0243"	"R12"	"R12-50"	".scratch/mes-ingest-watch-operations/spec.md"	"1952e28681dc50e849f6e61ceee095896e48cff82cb449bb0526c44895b24e9b"	"line 100"	"MesIngest Watch Operations and Scalable Read Model > Functional Requirements > 8. IngestAlert incident model"	"活动 Alert 永不清理；"	"活动 Alert 永不清理；已解除 Alert 默认保留 365 天，可配置，0 表示永久。"	"1fb78ea8344effccb1d4d4f0c22401576b61c071f17bd8b97ec83d5de00b0244"	"incident-alert-and-operability-semantics-candidate"	"ready-for-agent-and-self-described-confirmed-internal-spec-without-four-factor-requirement-approval"	"historical-MesIngest-watch-operations-scope-current-applicability-needs-source-binding-and-reapproval"	"needs-operations-owner-and-explicit-approval"	"document-route:R12-candidate; unit-kind:markdown-flow-or-list-item; source-document-class:R12-SPEC-MIXED; current-applicability:MesIngest Watch Operations implementation spec; possible decision summaries are mixed with architecture, defaults, UI/API and delivery design.; ledger-history:Created from internal planning and upstream MES/ADR material; ready-for-agent or confirmed wording is not a four-element approval record.; upstream-reference:MesIngest-Phase-1-spec"	"BOUND-R12-001"	"not-approved"	"responsible-operations-owner;incident-lifecycle-and-retention-scope;named-approver;approval-date;approved-scope;version-or-sha256-binding"
"R12-A0244"	"R12"	"R12-50"	".scratch/mes-ingest-watch-operations/spec.md"	"1952e28681dc50e849f6e61ceee095896e48cff82cb449bb0526c44895b24e9b"	"line 100"	"MesIngest Watch Operations and Scalable Read Model > Functional Requirements > 8. IngestAlert incident model"	"已解除 Alert 默认保留 365 天，可配置，0 表示永久。"	"活动 Alert 永不清理；已解除 Alert 默认保留 365 天，可配置，0 表示永久。"	"479d6e4119420d884fbf9a9737dc98bbd497b957cbd8e1eae6f6ba1ac497f1fc"	"tunable-operational-default-candidate"	"ready-for-agent-and-self-described-confirmed-internal-spec-without-four-factor-requirement-approval"	"historical-MesIngest-watch-operations-scope-current-applicability-needs-source-binding-and-reapproval"	"needs-responsible-owner-and-explicit-approval"	"document-route:R12-candidate; unit-kind:markdown-flow-or-list-item; source-document-class:R12-SPEC-MIXED; current-applicability:MesIngest Watch Operations implementation spec; possible decision summaries are mixed with architecture, defaults, UI/API and delivery design.; ledger-history:Created from internal planning and upstream MES/ADR material; ready-for-agent or confirmed wording is not a four-element approval record.; upstream-reference:MesIngest-Phase-1-spec"	"BOUND-R12-001"	"not-approved"	"responsible-owner-classification;authoritative-source;named-approver;approval-date;approved-scope;version-or-sha256-binding"
"R12-A0245"	"R12"	"R12-50"	".scratch/mes-ingest-watch-operations/spec.md"	"1952e28681dc50e849f6e61ceee095896e48cff82cb449bb0526c44895b24e9b"	"line 101"	"MesIngest Watch Operations and Scalable Read Model > Functional Requirements > 8. IngestAlert incident model"	"Alert API 支持活动状态、时间范围、服务端排序和游标分页。"	"Alert API 支持活动状态、时间范围、服务端排序和游标分页。"	"35cd2f1d872cdaaaa95f217ab21890774de4707deb7c93fa4594ef052c7a5f23"	"incident-alert-and-operability-semantics-candidate"	"ready-for-agent-and-self-described-confirmed-internal-spec-without-four-factor-requirement-approval"	"historical-MesIngest-watch-operations-scope-current-applicability-needs-source-binding-and-reapproval"	"needs-operations-owner-and-explicit-approval"	"document-route:R12-candidate; unit-kind:markdown-flow-or-list-item; source-document-class:R12-SPEC-MIXED; current-applicability:MesIngest Watch Operations implementation spec; possible decision summaries are mixed with architecture, defaults, UI/API and delivery design.; ledger-history:Created from internal planning and upstream MES/ADR material; ready-for-agent or confirmed wording is not a four-element approval record.; upstream-reference:MesIngest-Phase-1-spec"	"BOUND-R12-001"	"not-approved"	"responsible-operations-owner;incident-lifecycle-and-retention-scope;named-approver;approval-date;approved-scope;version-or-sha256-binding"
"R12-A0246"	"R12"	"R12-50"	".scratch/mes-ingest-watch-operations/spec.md"	"1952e28681dc50e849f6e61ceee095896e48cff82cb449bb0526c44895b24e9b"	"line 105"	"MesIngest Watch Operations and Scalable Read Model > Functional Requirements > 9. Alert/event UX and banners"	"双击 Alert、Enter 或右键“查看详情”打开非模态窗口，主 Watch 继续刷新。"	"双击 Alert、Enter 或右键“查看详情”打开非模态窗口，主 Watch 继续刷新。"	"82f46536ece020009cd6b13a0bedb6d1b61dc1d614e963e0d6bc36f2722fd532"	"incident-alert-and-operability-semantics-candidate"	"ready-for-agent-and-self-described-confirmed-internal-spec-without-four-factor-requirement-approval"	"historical-MesIngest-watch-operations-scope-current-applicability-needs-source-binding-and-reapproval"	"needs-operations-owner-and-explicit-approval"	"document-route:R12-candidate; unit-kind:markdown-flow-or-list-item; source-document-class:R12-SPEC-MIXED; current-applicability:MesIngest Watch Operations implementation spec; possible decision summaries are mixed with architecture, defaults, UI/API and delivery design.; ledger-history:Created from internal planning and upstream MES/ADR material; ready-for-agent or confirmed wording is not a four-element approval record.; upstream-reference:MesIngest-Phase-1-spec"	"BOUND-R12-001"	"not-approved"	"responsible-operations-owner;incident-lifecycle-and-retention-scope;named-approver;approval-date;approved-scope;version-or-sha256-binding"
"R12-A0247"	"R12"	"R12-50"	".scratch/mes-ingest-watch-operations/spec.md"	"1952e28681dc50e849f6e61ceee095896e48cff82cb449bb0526c44895b24e9b"	"line 106"	"MesIngest Watch Operations and Scalable Read Model > Functional Requirements > 9. Alert/event UX and banners"	"详情窗口展示生命周期、结构化键值/字段差异、相关 Demand 定位，并支持复制摘要、详情 JSON 和 DemandId。"	"详情窗口展示生命周期、结构化键值/字段差异、相关 Demand 定位，并支持复制摘要、详情 JSON 和 DemandId。"	"c975dc9629f4c4c2676d7bf1aa5d810fc8256a7924082d5ab514c4d5fbcadb40"	"incident-alert-and-operability-semantics-candidate"	"ready-for-agent-and-self-described-confirmed-internal-spec-without-four-factor-requirement-approval"	"historical-MesIngest-watch-operations-scope-current-applicability-needs-source-binding-and-reapproval"	"needs-operations-owner-and-explicit-approval"	"document-route:R12-candidate; unit-kind:markdown-flow-or-list-item; source-document-class:R12-SPEC-MIXED; current-applicability:MesIngest Watch Operations implementation spec; possible decision summaries are mixed with architecture, defaults, UI/API and delivery design.; ledger-history:Created from internal planning and upstream MES/ADR material; ready-for-agent or confirmed wording is not a four-element approval record.; upstream-reference:MesIngest-Phase-1-spec"	"BOUND-R12-001,CF-R01-001"	"not-approved"	"responsible-operations-owner;incident-lifecycle-and-retention-scope;named-approver;approval-date;approved-scope;version-or-sha256-binding"
"R12-A0248"	"R12"	"R12-50"	".scratch/mes-ingest-watch-operations/spec.md"	"1952e28681dc50e849f6e61ceee095896e48cff82cb449bb0526c44895b24e9b"	"line 107"	"MesIngest Watch Operations and Scalable Read Model > Functional Requirements > 9. Alert/event UX and banners"	"Watch 提供统一事件查看入口，但明确区分 SQL Server IngestAlert 与本机 WatchConnectionEvent 来源。"	"Watch 提供统一事件查看入口，但明确区分 SQL Server IngestAlert 与本机 WatchConnectionEvent 来源。"	"be55e989ca993164d66a9450559fa87e286e3018d3a99af742dbd3621c6c9ccf"	"embedded-local-technical-design-or-test-decision"	"ready-for-agent-and-self-described-confirmed-internal-spec-without-four-factor-requirement-approval"	"historical-MesIngest-watch-operations-scope-current-applicability-needs-source-binding-and-reapproval"	"exclude-from-requirement-approval"	"document-route:R12-candidate; unit-kind:markdown-flow-or-list-item; source-document-class:R12-SPEC-MIXED; current-applicability:MesIngest Watch Operations implementation spec; possible decision summaries are mixed with architecture, defaults, UI/API and delivery design.; ledger-history:Created from internal planning and upstream MES/ADR material; ready-for-agent or confirmed wording is not a four-element approval record.; upstream-reference:MesIngest-Phase-1-spec,ADR-mes-0007"	"BOUND-R12-001"	"not-approved"	"authoritative-requirement-source-if-behavior-is-required;separate-technical-decision-review;named-approver;approval-date;approved-scope;version-or-sha256-binding"
"R12-A0249"	"R12"	"R12-50"	".scratch/mes-ingest-watch-operations/spec.md"	"1952e28681dc50e849f6e61ceee095896e48cff82cb449bb0526c44895b24e9b"	"line 108"	"MesIngest Watch Operations and Scalable Read Model > Functional Requirements > 9. Alert/event UX and banners"	"红/橙横幅只代表当前活动状态：ERROR 红、WARNING 橙；"	"红/橙横幅只代表当前活动状态：ERROR 红、WARNING 橙；故障至少显示 5 秒，恢复后自动消失并保留历史。"	"137c5835972516c44311920d6e36c94ed2f417a9592a2e498620d1572b8e66a0"	"incident-alert-and-operability-semantics-candidate"	"ready-for-agent-and-self-described-confirmed-internal-spec-without-four-factor-requirement-approval"	"historical-MesIngest-watch-operations-scope-current-applicability-needs-source-binding-and-reapproval"	"needs-operations-owner-and-explicit-approval"	"document-route:R12-candidate; unit-kind:markdown-flow-or-list-item; source-document-class:R12-SPEC-MIXED; current-applicability:MesIngest Watch Operations implementation spec; possible decision summaries are mixed with architecture, defaults, UI/API and delivery design.; ledger-history:Created from internal planning and upstream MES/ADR material; ready-for-agent or confirmed wording is not a four-element approval record.; upstream-reference:MesIngest-Phase-1-spec"	"BOUND-R12-001"	"not-approved"	"responsible-operations-owner;incident-lifecycle-and-retention-scope;named-approver;approval-date;approved-scope;version-or-sha256-binding"
"R12-A0250"	"R12"	"R12-50"	".scratch/mes-ingest-watch-operations/spec.md"	"1952e28681dc50e849f6e61ceee095896e48cff82cb449bb0526c44895b24e9b"	"line 108"	"MesIngest Watch Operations and Scalable Read Model > Functional Requirements > 9. Alert/event UX and banners"	"故障至少显示 5 秒，恢复后自动消失并保留历史。"	"红/橙横幅只代表当前活动状态：ERROR 红、WARNING 橙；故障至少显示 5 秒，恢复后自动消失并保留历史。"	"044f491bc812e6eee4eaedcb6b56d62a73c79d179c76f4e79366f7e21e2c2bdd"	"incident-alert-and-operability-semantics-candidate"	"ready-for-agent-and-self-described-confirmed-internal-spec-without-four-factor-requirement-approval"	"historical-MesIngest-watch-operations-scope-current-applicability-needs-source-binding-and-reapproval"	"needs-operations-owner-and-explicit-approval"	"document-route:R12-candidate; unit-kind:markdown-flow-or-list-item; source-document-class:R12-SPEC-MIXED; current-applicability:MesIngest Watch Operations implementation spec; possible decision summaries are mixed with architecture, defaults, UI/API and delivery design.; ledger-history:Created from internal planning and upstream MES/ADR material; ready-for-agent or confirmed wording is not a four-element approval record.; upstream-reference:MesIngest-Phase-1-spec"	"BOUND-R12-001"	"not-approved"	"responsible-operations-owner;incident-lifecycle-and-retention-scope;named-approver;approval-date;approved-scope;version-or-sha256-binding"
"R12-A0251"	"R12"	"R12-50"	".scratch/mes-ingest-watch-operations/spec.md"	"1952e28681dc50e849f6e61ceee095896e48cff82cb449bb0526c44895b24e9b"	"line 109"	"MesIngest Watch Operations and Scalable Read Model > Functional Requirements > 9. Alert/event UX and banners"	"短暂恢复在状态栏显示“已恢复”；"	"短暂恢复在状态栏显示“已恢复”；不得要求人工关闭已经恢复的横幅。"	"e0a7f09b02ed1eb181c81835ef591fd42247a9faafadfca30fa254344be426b9"	"incident-alert-and-operability-semantics-candidate"	"ready-for-agent-and-self-described-confirmed-internal-spec-without-four-factor-requirement-approval"	"historical-MesIngest-watch-operations-scope-current-applicability-needs-source-binding-and-reapproval"	"needs-operations-owner-and-explicit-approval"	"document-route:R12-candidate; unit-kind:markdown-flow-or-list-item; source-document-class:R12-SPEC-MIXED; current-applicability:MesIngest Watch Operations implementation spec; possible decision summaries are mixed with architecture, defaults, UI/API and delivery design.; ledger-history:Created from internal planning and upstream MES/ADR material; ready-for-agent or confirmed wording is not a four-element approval record.; upstream-reference:MesIngest-Phase-1-spec"	"BOUND-R12-001"	"not-approved"	"responsible-operations-owner;incident-lifecycle-and-retention-scope;named-approver;approval-date;approved-scope;version-or-sha256-binding"
"R12-A0252"	"R12"	"R12-50"	".scratch/mes-ingest-watch-operations/spec.md"	"1952e28681dc50e849f6e61ceee095896e48cff82cb449bb0526c44895b24e9b"	"line 109"	"MesIngest Watch Operations and Scalable Read Model > Functional Requirements > 9. Alert/event UX and banners"	"不得要求人工关闭已经恢复的横幅。"	"短暂恢复在状态栏显示“已恢复”；不得要求人工关闭已经恢复的横幅。"	"bc1a83d74411f04b5a23d2ec073667fd03a844643d8d5de8e7235725e3bc7279"	"incident-alert-and-operability-semantics-candidate"	"ready-for-agent-and-self-described-confirmed-internal-spec-without-four-factor-requirement-approval"	"historical-MesIngest-watch-operations-scope-current-applicability-needs-source-binding-and-reapproval"	"needs-operations-owner-and-explicit-approval"	"document-route:R12-candidate; unit-kind:markdown-flow-or-list-item; source-document-class:R12-SPEC-MIXED; current-applicability:MesIngest Watch Operations implementation spec; possible decision summaries are mixed with architecture, defaults, UI/API and delivery design.; ledger-history:Created from internal planning and upstream MES/ADR material; ready-for-agent or confirmed wording is not a four-element approval record.; upstream-reference:MesIngest-Phase-1-spec"	"BOUND-R12-001"	"not-approved"	"responsible-operations-owner;incident-lifecycle-and-retention-scope;named-approver;approval-date;approved-scope;version-or-sha256-binding"
"R12-A0253"	"R12"	"R12-50"	".scratch/mes-ingest-watch-operations/spec.md"	"1952e28681dc50e849f6e61ceee095896e48cff82cb449bb0526c44895b24e9b"	"line 113"	"MesIngest Watch Operations and Scalable Read Model > Functional Requirements > 10. Swagger/OpenAPI"	"Host 提供 `/swagger` 与 `/openapi/v1.json`，远程绑定时也默认启用文档。"	"Host 提供 `/swagger` 与 `/openapi/v1.json`，远程绑定时也默认启用文档。"	"4f107768d79463fd92db836fa22241fa1806a12a1911aa67b68721fbd5fd3011"	"tunable-operational-default-candidate"	"ready-for-agent-and-self-described-confirmed-internal-spec-without-four-factor-requirement-approval"	"historical-MesIngest-watch-operations-scope-current-applicability-needs-source-binding-and-reapproval"	"needs-responsible-owner-and-explicit-approval"	"document-route:R12-candidate; unit-kind:markdown-flow-or-list-item; source-document-class:R12-SPEC-MIXED; current-applicability:MesIngest Watch Operations implementation spec; possible decision summaries are mixed with architecture, defaults, UI/API and delivery design.; ledger-history:Created from internal planning and upstream MES/ADR material; ready-for-agent or confirmed wording is not a four-element approval record.; upstream-reference:MesIngest-Phase-1-spec"	"BOUND-R12-001"	"not-approved"	"responsible-owner-classification;authoritative-source;named-approver;approval-date;approved-scope;version-or-sha256-binding"
"R12-A0254"	"R12"	"R12-50"	".scratch/mes-ingest-watch-operations/spec.md"	"1952e28681dc50e849f6e61ceee095896e48cff82cb449bb0526c44895b24e9b"	"line 114"	"MesIngest Watch Operations and Scalable Read Model > Functional Requirements > 10. Swagger/OpenAPI"	"Swagger/OpenAPI 文档本身可打开；"	"Swagger/OpenAPI 文档本身可打开；实际 `/api/*` 请求始终要求现有 Bearer SharedSecret（非 localhost 绑定），UI 提供 Authorize。"	"dada3f676d67878d0fdc2e7b33382a628655b077d1c5589174864edad6503c65"	"embedded-local-technical-design-or-test-decision"	"ready-for-agent-and-self-described-confirmed-internal-spec-without-four-factor-requirement-approval"	"historical-MesIngest-watch-operations-scope-current-applicability-needs-source-binding-and-reapproval"	"exclude-from-requirement-approval"	"document-route:R12-candidate; unit-kind:markdown-flow-or-list-item; source-document-class:R12-SPEC-MIXED; current-applicability:MesIngest Watch Operations implementation spec; possible decision summaries are mixed with architecture, defaults, UI/API and delivery design.; ledger-history:Created from internal planning and upstream MES/ADR material; ready-for-agent or confirmed wording is not a four-element approval record.; upstream-reference:MesIngest-Phase-1-spec"	"BOUND-R12-001"	"not-approved"	"authoritative-requirement-source-if-behavior-is-required;separate-technical-decision-review;named-approver;approval-date;approved-scope;version-or-sha256-binding"
"R12-A0255"	"R12"	"R12-50"	".scratch/mes-ingest-watch-operations/spec.md"	"1952e28681dc50e849f6e61ceee095896e48cff82cb449bb0526c44895b24e9b"	"line 114"	"MesIngest Watch Operations and Scalable Read Model > Functional Requirements > 10. Swagger/OpenAPI"	"实际 `/api/*` 请求始终要求现有 Bearer SharedSecret（非 localhost 绑定），UI 提供 Authorize。"	"Swagger/OpenAPI 文档本身可打开；实际 `/api/*` 请求始终要求现有 Bearer SharedSecret（非 localhost 绑定），UI 提供 Authorize。"	"e939da2a24abe6e5c28856a0808309c44da0c1d5677d487c9d916aaed0137ff0"	"security-or-credential-boundary-candidate"	"ready-for-agent-and-self-described-confirmed-internal-spec-without-four-factor-requirement-approval"	"historical-MesIngest-watch-operations-scope-current-applicability-needs-source-binding-and-reapproval"	"needs-security-owner-and-explicit-approval"	"document-route:R12-candidate; unit-kind:markdown-flow-or-list-item; source-document-class:R12-SPEC-MIXED; current-applicability:MesIngest Watch Operations implementation spec; possible decision summaries are mixed with architecture, defaults, UI/API and delivery design.; ledger-history:Created from internal planning and upstream MES/ADR material; ready-for-agent or confirmed wording is not a four-element approval record.; upstream-reference:MesIngest-Phase-1-spec"	"BOUND-R12-001"	"not-approved"	"security-owner;credential-and-binding-scope;named-approver;approval-date;approved-scope;version-or-sha256-binding"
"R12-A0256"	"R12"	"R12-50"	".scratch/mes-ingest-watch-operations/spec.md"	"1952e28681dc50e849f6e61ceee095896e48cff82cb449bb0526c44895b24e9b"	"line 115"	"MesIngest Watch Operations and Scalable Read Model > Functional Requirements > 10. Swagger/OpenAPI"	"发布包包含静态 OpenAPI JSON，供无法访问工厂 Host 的合作者查看/导入。"	"发布包包含静态 OpenAPI JSON，供无法访问工厂 Host 的合作者查看/导入。"	"aba6f7a79df240970d78e711cfffd4244bed95149bd36e871c02a37f409e9faa"	"embedded-local-technical-design-or-test-decision"	"ready-for-agent-and-self-described-confirmed-internal-spec-without-four-factor-requirement-approval"	"historical-MesIngest-watch-operations-scope-current-applicability-needs-source-binding-and-reapproval"	"exclude-from-requirement-approval"	"document-route:R12-candidate; unit-kind:markdown-flow-or-list-item; source-document-class:R12-SPEC-MIXED; current-applicability:MesIngest Watch Operations implementation spec; possible decision summaries are mixed with architecture, defaults, UI/API and delivery design.; ledger-history:Created from internal planning and upstream MES/ADR material; ready-for-agent or confirmed wording is not a four-element approval record.; upstream-reference:MesIngest-Phase-1-spec"	"BOUND-R12-001"	"not-approved"	"authoritative-requirement-source-if-behavior-is-required;separate-technical-decision-review;named-approver;approval-date;approved-scope;version-or-sha256-binding"
"R12-A0257"	"R12"	"R12-50"	".scratch/mes-ingest-watch-operations/spec.md"	"1952e28681dc50e849f6e61ceee095896e48cff82cb449bb0526c44895b24e9b"	"line 116"	"MesIngest Watch Operations and Scalable Read Model > Functional Requirements > 10. Swagger/OpenAPI"	"文档覆盖分页、游标、筛选、DATES/MesLastSeenAt/CreatedAt/GoneAt 语义、时区、错误码、示例和 ChangeFeed/Bootstrap。"	"文档覆盖分页、游标、筛选、DATES/MesLastSeenAt/CreatedAt/GoneAt 语义、时区、错误码、示例和 ChangeFeed/Bootstrap。"	"8c67d7115d6f08610b0aa4cfbd79d80a499fc15fc02e85edbe79952aa0bf0116"	"embedded-local-technical-design-or-test-decision"	"ready-for-agent-and-self-described-confirmed-internal-spec-without-four-factor-requirement-approval"	"historical-MesIngest-watch-operations-scope-current-applicability-needs-source-binding-and-reapproval"	"exclude-from-requirement-approval"	"document-route:R12-candidate; unit-kind:markdown-flow-or-list-item; source-document-class:R12-SPEC-MIXED; current-applicability:MesIngest Watch Operations implementation spec; possible decision summaries are mixed with architecture, defaults, UI/API and delivery design.; ledger-history:Created from internal planning and upstream MES/ADR material; ready-for-agent or confirmed wording is not a four-element approval record.; upstream-reference:MesIngest-Phase-1-spec"	"BOUND-R12-001"	"not-approved"	"authoritative-requirement-source-if-behavior-is-required;separate-technical-decision-review;named-approver;approval-date;approved-scope;version-or-sha256-binding"
"R12-A0258"	"R12"	"R12-50"	".scratch/mes-ingest-watch-operations/spec.md"	"1952e28681dc50e849f6e61ceee095896e48cff82cb449bb0526c44895b24e9b"	"line 117"	"MesIngest Watch Operations and Scalable Read Model > Functional Requirements > 10. Swagger/OpenAPI"	"MesIngest 仍只有正式只读 GET API；"	"MesIngest 仍只有正式只读 GET API；不得为了 Swagger 测试增加制造假 Demand/Alert 或修改状态的写接口。"	"786043bd932a54223a55a4e9a2ec9997e9b91b7153cee9a6ed46c4bab8b8b2a5"	"embedded-local-technical-design-or-test-decision"	"ready-for-agent-and-self-described-confirmed-internal-spec-without-four-factor-requirement-approval"	"historical-MesIngest-watch-operations-scope-current-applicability-needs-source-binding-and-reapproval"	"exclude-from-requirement-approval"	"document-route:R12-candidate; unit-kind:markdown-flow-or-list-item; source-document-class:R12-SPEC-MIXED; current-applicability:MesIngest Watch Operations implementation spec; possible decision summaries are mixed with architecture, defaults, UI/API and delivery design.; ledger-history:Created from internal planning and upstream MES/ADR material; ready-for-agent or confirmed wording is not a four-element approval record.; upstream-reference:MesIngest-Phase-1-spec"	"BOUND-R12-001,CF-R01-002"	"not-approved"	"authoritative-requirement-source-if-behavior-is-required;separate-technical-decision-review;named-approver;approval-date;approved-scope;version-or-sha256-binding"
"R12-A0259"	"R12"	"R12-50"	".scratch/mes-ingest-watch-operations/spec.md"	"1952e28681dc50e849f6e61ceee095896e48cff82cb449bb0526c44895b24e9b"	"line 117"	"MesIngest Watch Operations and Scalable Read Model > Functional Requirements > 10. Swagger/OpenAPI"	"不得为了 Swagger 测试增加制造假 Demand/Alert 或修改状态的写接口。"	"MesIngest 仍只有正式只读 GET API；不得为了 Swagger 测试增加制造假 Demand/Alert 或修改状态的写接口。"	"053ea0988a7d088ee093a61c3ea5229522bc4981c40af429b4c30cfe04cff6d4"	"embedded-local-technical-design-or-test-decision"	"ready-for-agent-and-self-described-confirmed-internal-spec-without-four-factor-requirement-approval"	"historical-MesIngest-watch-operations-scope-current-applicability-needs-source-binding-and-reapproval"	"exclude-from-requirement-approval"	"document-route:R12-candidate; unit-kind:markdown-flow-or-list-item; source-document-class:R12-SPEC-MIXED; current-applicability:MesIngest Watch Operations implementation spec; possible decision summaries are mixed with architecture, defaults, UI/API and delivery design.; ledger-history:Created from internal planning and upstream MES/ADR material; ready-for-agent or confirmed wording is not a four-element approval record.; upstream-reference:MesIngest-Phase-1-spec"	"BOUND-R12-001"	"not-approved"	"authoritative-requirement-source-if-behavior-is-required;separate-technical-decision-review;named-approver;approval-date;approved-scope;version-or-sha256-binding"
"R12-A0260"	"R12"	"R12-50"	".scratch/mes-ingest-watch-operations/spec.md"	"1952e28681dc50e849f6e61ceee095896e48cff82cb449bb0526c44895b24e9b"	"line 121"	"MesIngest Watch Operations and Scalable Read Model > Functional Requirements > 11. Performance observability and immutable MES source boundary"	"客户批准的 `mes-task-union/query.sql` 保持只读原样，不重写性能逻辑、不增加时间谓词、不创建 Oracle 索引/视图/DDL。"	"客户批准的 `mes-task-union/query.sql` 保持只读原样，不重写性能逻辑、不增加时间谓词、不创建 Oracle 索引/视图/DDL。"	"94253081783f4182dc56f744efabb01d850864396f4406107098c4e9b2df5b98"	"operator-watch-ux-and-operability-candidate"	"ready-for-agent-and-self-described-confirmed-internal-spec-without-four-factor-requirement-approval"	"historical-MesIngest-watch-operations-scope-current-applicability-needs-source-binding-and-reapproval"	"needs-operator-product-owner-and-explicit-approval"	"document-route:R12-candidate; unit-kind:markdown-flow-or-list-item; source-document-class:R12-SPEC-MIXED; current-applicability:MesIngest Watch Operations implementation spec; possible decision summaries are mixed with architecture, defaults, UI/API and delivery design.; ledger-history:Created from internal planning and upstream MES/ADR material; ready-for-agent or confirmed wording is not a four-element approval record.; upstream-reference:MesIngest-Phase-1-spec,MES_TASK_UNION-query-materials"	"BOUND-R12-001,CF-R01-002,RES-R11-001,BOUND-R11-001"	"not-approved"	"operator-workflow-owner;approved-usability-and-operability-scope;named-approver;approval-date;approved-scope;version-or-sha256-binding"
"R12-A0261"	"R12"	"R12-50"	".scratch/mes-ingest-watch-operations/spec.md"	"1952e28681dc50e849f6e61ceee095896e48cff82cb449bb0526c44895b24e9b"	"line 122"	"MesIngest Watch Operations and Scalable Read Model > Functional Requirements > 11. Performance observability and immutable MES source boundary"	"保持单次完整活动快照与 single-flight；"	"保持单次完整活动快照与 single-flight；完整快照是 GONE 缺失判断的必要输入，不能用“只查新增”替代，除非未来另有经客户确认的删除/变化契约。"	"0731a61760e0872f3e213596212fb5410b84378afdc6c84346d050f0263a22d7"	"operator-watch-ux-and-operability-candidate"	"ready-for-agent-and-self-described-confirmed-internal-spec-without-four-factor-requirement-approval"	"historical-MesIngest-watch-operations-scope-current-applicability-needs-source-binding-and-reapproval"	"needs-operator-product-owner-and-explicit-approval"	"document-route:R12-candidate; unit-kind:markdown-flow-or-list-item; source-document-class:R12-SPEC-MIXED; current-applicability:MesIngest Watch Operations implementation spec; possible decision summaries are mixed with architecture, defaults, UI/API and delivery design.; ledger-history:Created from internal planning and upstream MES/ADR material; ready-for-agent or confirmed wording is not a four-element approval record.; upstream-reference:MesIngest-Phase-1-spec"	"BOUND-R12-001"	"not-approved"	"operator-workflow-owner;approved-usability-and-operability-scope;named-approver;approval-date;approved-scope;version-or-sha256-binding"
"R12-A0262"	"R12"	"R12-50"	".scratch/mes-ingest-watch-operations/spec.md"	"1952e28681dc50e849f6e61ceee095896e48cff82cb449bb0526c44895b24e9b"	"line 122"	"MesIngest Watch Operations and Scalable Read Model > Functional Requirements > 11. Performance observability and immutable MES source boundary"	"完整快照是 GONE 缺失判断的必要输入，不能用“只查新增”替代，除非未来另有经客户确认的删除/变化契约。"	"保持单次完整活动快照与 single-flight；完整快照是 GONE 缺失判断的必要输入，不能用“只查新增”替代，除非未来另有经客户确认的删除/变化契约。"	"36592ea768a86e71ce72737ac9b1ddae08ca1a3b055e58e4c4e65ed1623c8905"	"transport-demand-lifecycle-business-rule-candidate"	"ready-for-agent-and-self-described-confirmed-internal-spec-without-four-factor-requirement-approval"	"historical-MesIngest-watch-operations-scope-current-applicability-needs-source-binding-and-reapproval"	"needs-business-owner-and-explicit-approval"	"document-route:R12-candidate; unit-kind:markdown-flow-or-list-item; source-document-class:R12-SPEC-MIXED; current-applicability:MesIngest Watch Operations implementation spec; possible decision summaries are mixed with architecture, defaults, UI/API and delivery design.; ledger-history:Created from internal planning and upstream MES/ADR material; ready-for-agent or confirmed wording is not a four-element approval record.; upstream-reference:MesIngest-Phase-1-spec"	"BOUND-R12-001"	"not-approved"	"authoritative-business-source;responsible-business-owner;named-approver;approval-date;approved-scope;version-or-sha256-binding"
"R12-A0263"	"R12"	"R12-50"	".scratch/mes-ingest-watch-operations/spec.md"	"1952e28681dc50e849f6e61ceee095896e48cff82cb449bb0526c44895b24e9b"	"line 123"	"MesIngest Watch Operations and Scalable Read Model > Functional Requirements > 11. Performance observability and immutable MES source boundary"	"分别记录 Watch→Host 各端点、Host API、SQL Server 操作和 Oracle 整轮查询耗时、结果量、超时阶段与 correlation id。"	"分别记录 Watch→Host 各端点、Host API、SQL Server 操作和 Oracle 整轮查询耗时、结果量、超时阶段与 correlation id。"	"d8ac2e5d784ba00013e81685f6f71034ee8d1d8d45ac30e9f88b9449f83d8418"	"embedded-local-technical-design-or-test-decision"	"ready-for-agent-and-self-described-confirmed-internal-spec-without-four-factor-requirement-approval"	"historical-MesIngest-watch-operations-scope-current-applicability-needs-source-binding-and-reapproval"	"exclude-from-requirement-approval"	"document-route:R12-candidate; unit-kind:markdown-flow-or-list-item; source-document-class:R12-SPEC-MIXED; current-applicability:MesIngest Watch Operations implementation spec; possible decision summaries are mixed with architecture, defaults, UI/API and delivery design.; ledger-history:Created from internal planning and upstream MES/ADR material; ready-for-agent or confirmed wording is not a four-element approval record.; upstream-reference:MesIngest-Phase-1-spec,ADR-mes-0007"	"BOUND-R12-001,RES-R11-001,BOUND-R11-001"	"not-approved"	"authoritative-requirement-source-if-behavior-is-required;separate-technical-decision-review;named-approver;approval-date;approved-scope;version-or-sha256-binding"
"R12-A0264"	"R12"	"R12-50"	".scratch/mes-ingest-watch-operations/spec.md"	"1952e28681dc50e849f6e61ceee095896e48cff82cb449bb0526c44895b24e9b"	"line 124"	"MesIngest Watch Operations and Scalable Read Model > Functional Requirements > 11. Performance observability and immutable MES source boundary"	"Oracle 慢查询明确归因为 `stage=ORACLE_QUERY` 并交客户 IT；"	"Oracle 慢查询明确归因为 `stage=ORACLE_QUERY` 并交客户 IT；本项目只优化 SQL Server/API/Watch 路径。"	"2a767a470464c5d10e3ea68365511f19fe2d0ad739186947d4960750845629cf"	"operator-watch-ux-and-operability-candidate"	"ready-for-agent-and-self-described-confirmed-internal-spec-without-four-factor-requirement-approval"	"historical-MesIngest-watch-operations-scope-current-applicability-needs-source-binding-and-reapproval"	"needs-operator-product-owner-and-explicit-approval"	"document-route:R12-candidate; unit-kind:markdown-flow-or-list-item; source-document-class:R12-SPEC-MIXED; current-applicability:MesIngest Watch Operations implementation spec; possible decision summaries are mixed with architecture, defaults, UI/API and delivery design.; ledger-history:Created from internal planning and upstream MES/ADR material; ready-for-agent or confirmed wording is not a four-element approval record.; upstream-reference:MesIngest-Phase-1-spec"	"BOUND-R12-001,RES-R11-001,BOUND-R11-001"	"not-approved"	"operator-workflow-owner;approved-usability-and-operability-scope;named-approver;approval-date;approved-scope;version-or-sha256-binding"
"R12-A0265"	"R12"	"R12-50"	".scratch/mes-ingest-watch-operations/spec.md"	"1952e28681dc50e849f6e61ceee095896e48cff82cb449bb0526c44895b24e9b"	"line 124"	"MesIngest Watch Operations and Scalable Read Model > Functional Requirements > 11. Performance observability and immutable MES source boundary"	"本项目只优化 SQL Server/API/Watch 路径。"	"Oracle 慢查询明确归因为 `stage=ORACLE_QUERY` 并交客户 IT；本项目只优化 SQL Server/API/Watch 路径。"	"e3ed7361058a283be201a5e246bb09ad5256ba65a188e0cf33f82e49f0a7daf7"	"embedded-local-technical-design-or-test-decision"	"ready-for-agent-and-self-described-confirmed-internal-spec-without-four-factor-requirement-approval"	"historical-MesIngest-watch-operations-scope-current-applicability-needs-source-binding-and-reapproval"	"exclude-from-requirement-approval"	"document-route:R12-candidate; unit-kind:markdown-flow-or-list-item; source-document-class:R12-SPEC-MIXED; current-applicability:MesIngest Watch Operations implementation spec; possible decision summaries are mixed with architecture, defaults, UI/API and delivery design.; ledger-history:Created from internal planning and upstream MES/ADR material; ready-for-agent or confirmed wording is not a four-element approval record.; upstream-reference:MesIngest-Phase-1-spec,ADR-mes-0007"	"BOUND-R12-001"	"not-approved"	"authoritative-requirement-source-if-behavior-is-required;separate-technical-decision-review;named-approver;approval-date;approved-scope;version-or-sha256-binding"
"R12-A0266"	"R12"	"R12-50"	".scratch/mes-ingest-watch-operations/spec.md"	"1952e28681dc50e849f6e61ceee095896e48cff82cb449bb0526c44895b24e9b"	"line 128"	"MesIngest Watch Operations and Scalable Read Model > Defaults (Tunable)"	"Watch request timeout: 30s，合法范围 1–300s。"	"Watch request timeout: 30s，合法范围 1–300s。"	"b1668074f9e6c0f49ea96749f784e9985dcc45873f9a2396cdbc2ed5dade7371"	"tunable-operational-default-candidate"	"ready-for-agent-and-self-described-confirmed-internal-spec-without-four-factor-requirement-approval"	"historical-MesIngest-watch-operations-scope-current-applicability-needs-source-binding-and-reapproval"	"needs-responsible-owner-and-explicit-approval"	"document-route:R12-candidate; unit-kind:markdown-flow-or-list-item; source-document-class:R12-SPEC-MIXED; current-applicability:MesIngest Watch Operations implementation spec; possible decision summaries are mixed with architecture, defaults, UI/API and delivery design.; ledger-history:Created from internal planning and upstream MES/ADR material; ready-for-agent or confirmed wording is not a four-element approval record.; upstream-reference:MesIngest-Phase-1-spec"	"BOUND-R12-001"	"not-approved"	"responsible-owner-classification;authoritative-source;named-approver;approval-date;approved-scope;version-or-sha256-binding"
"R12-A0267"	"R12"	"R12-50"	".scratch/mes-ingest-watch-operations/spec.md"	"1952e28681dc50e849f6e61ceee095896e48cff82cb449bb0526c44895b24e9b"	"line 129"	"MesIngest Watch Operations and Scalable Read Model > Defaults (Tunable)"	"Watch refresh: 保持现有可配置值；"	"Watch refresh: 保持现有可配置值；无单次立即重试。"	"5c6c965928828b132945dfdd66c3f7d8748b0284a20e2f650dd7d34c9e0fbc5b"	"tunable-operational-default-candidate"	"ready-for-agent-and-self-described-confirmed-internal-spec-without-four-factor-requirement-approval"	"historical-MesIngest-watch-operations-scope-current-applicability-needs-source-binding-and-reapproval"	"needs-responsible-owner-and-explicit-approval"	"document-route:R12-candidate; unit-kind:markdown-flow-or-list-item; source-document-class:R12-SPEC-MIXED; current-applicability:MesIngest Watch Operations implementation spec; possible decision summaries are mixed with architecture, defaults, UI/API and delivery design.; ledger-history:Created from internal planning and upstream MES/ADR material; ready-for-agent or confirmed wording is not a four-element approval record.; upstream-reference:MesIngest-Phase-1-spec"	"BOUND-R12-001"	"not-approved"	"responsible-owner-classification;authoritative-source;named-approver;approval-date;approved-scope;version-or-sha256-binding"
"R12-A0268"	"R12"	"R12-50"	".scratch/mes-ingest-watch-operations/spec.md"	"1952e28681dc50e849f6e61ceee095896e48cff82cb449bb0526c44895b24e9b"	"line 129"	"MesIngest Watch Operations and Scalable Read Model > Defaults (Tunable)"	"无单次立即重试。"	"Watch refresh: 保持现有可配置值；无单次立即重试。"	"dc2ac9053a4dcc88014eeccda2eb4a0cd81ea39a559beefc402b12c241f8169e"	"tunable-operational-default-candidate"	"ready-for-agent-and-self-described-confirmed-internal-spec-without-four-factor-requirement-approval"	"historical-MesIngest-watch-operations-scope-current-applicability-needs-source-binding-and-reapproval"	"needs-responsible-owner-and-explicit-approval"	"document-route:R12-candidate; unit-kind:markdown-flow-or-list-item; source-document-class:R12-SPEC-MIXED; current-applicability:MesIngest Watch Operations implementation spec; possible decision summaries are mixed with architecture, defaults, UI/API and delivery design.; ledger-history:Created from internal planning and upstream MES/ADR material; ready-for-agent or confirmed wording is not a four-element approval record.; upstream-reference:MesIngest-Phase-1-spec"	"BOUND-R12-001"	"not-approved"	"responsible-owner-classification;authoritative-source;named-approver;approval-date;approved-scope;version-or-sha256-binding"
"R12-A0269"	"R12"	"R12-50"	".scratch/mes-ingest-watch-operations/spec.md"	"1952e28681dc50e849f6e61ceee095896e48cff82cb449bb0526c44895b24e9b"	"line 130"	"MesIngest Watch Operations and Scalable Read Model > Defaults (Tunable)"	"Watch connection summary interval: 5min。"	"Watch connection summary interval: 5min。"	"41f38176ad3173c96b72f20bfee3eb76a12977e540e50d2a75ddba4880760cf2"	"tunable-operational-default-candidate"	"ready-for-agent-and-self-described-confirmed-internal-spec-without-four-factor-requirement-approval"	"historical-MesIngest-watch-operations-scope-current-applicability-needs-source-binding-and-reapproval"	"needs-responsible-owner-and-explicit-approval"	"document-route:R12-candidate; unit-kind:markdown-flow-or-list-item; source-document-class:R12-SPEC-MIXED; current-applicability:MesIngest Watch Operations implementation spec; possible decision summaries are mixed with architecture, defaults, UI/API and delivery design.; ledger-history:Created from internal planning and upstream MES/ADR material; ready-for-agent or confirmed wording is not a four-element approval record.; upstream-reference:MesIngest-Phase-1-spec"	"BOUND-R12-001"	"not-approved"	"responsible-owner-classification;authoritative-source;named-approver;approval-date;approved-scope;version-or-sha256-binding"
"R12-A0270"	"R12"	"R12-50"	".scratch/mes-ingest-watch-operations/spec.md"	"1952e28681dc50e849f6e61ceee095896e48cff82cb449bb0526c44895b24e9b"	"line 131"	"MesIngest Watch Operations and Scalable Read Model > Defaults (Tunable)"	"Watch local event retention: 30 days / 100 MB。"	"Watch local event retention: 30 days / 100 MB。"	"4c303cc4897500330f74d36507e8899838c72fbce7f702dc8516a8da3a6b8eae"	"tunable-operational-default-candidate"	"ready-for-agent-and-self-described-confirmed-internal-spec-without-four-factor-requirement-approval"	"historical-MesIngest-watch-operations-scope-current-applicability-needs-source-binding-and-reapproval"	"needs-responsible-owner-and-explicit-approval"	"document-route:R12-candidate; unit-kind:markdown-flow-or-list-item; source-document-class:R12-SPEC-MIXED; current-applicability:MesIngest Watch Operations implementation spec; possible decision summaries are mixed with architecture, defaults, UI/API and delivery design.; ledger-history:Created from internal planning and upstream MES/ADR material; ready-for-agent or confirmed wording is not a four-element approval record.; upstream-reference:MesIngest-Phase-1-spec"	"BOUND-R12-001"	"not-approved"	"responsible-owner-classification;authoritative-source;named-approver;approval-date;approved-scope;version-or-sha256-binding"
"R12-A0271"	"R12"	"R12-50"	".scratch/mes-ingest-watch-operations/spec.md"	"1952e28681dc50e849f6e61ceee095896e48cff82cb449bb0526c44895b24e9b"	"line 132"	"MesIngest Watch Operations and Scalable Read Model > Defaults (Tunable)"	"Banner minimum visibility: 5s。"	"Banner minimum visibility: 5s。"	"2926adf26d053c7edb9717195417a6ac2cf9ec4b2bc3e90f0692f2ea36078529"	"tunable-operational-default-candidate"	"ready-for-agent-and-self-described-confirmed-internal-spec-without-four-factor-requirement-approval"	"historical-MesIngest-watch-operations-scope-current-applicability-needs-source-binding-and-reapproval"	"needs-responsible-owner-and-explicit-approval"	"document-route:R12-candidate; unit-kind:markdown-flow-or-list-item; source-document-class:R12-SPEC-MIXED; current-applicability:MesIngest Watch Operations implementation spec; possible decision summaries are mixed with architecture, defaults, UI/API and delivery design.; ledger-history:Created from internal planning and upstream MES/ADR material; ready-for-agent or confirmed wording is not a four-element approval record.; upstream-reference:MesIngest-Phase-1-spec"	"BOUND-R12-001"	"not-approved"	"responsible-owner-classification;authoritative-source;named-approver;approval-date;approved-scope;version-or-sha256-binding"
"R12-A0272"	"R12"	"R12-50"	".scratch/mes-ingest-watch-operations/spec.md"	"1952e28681dc50e849f6e61ceee095896e48cff82cb449bb0526c44895b24e9b"	"line 133"	"MesIngest Watch Operations and Scalable Read Model > Defaults (Tunable)"	"Resolved IngestAlert retention: 365 days；"	"Resolved IngestAlert retention: 365 days；0=永久。"	"eea04a16a1798cc6dce31e91fecf62c505f20232633dc8b302a6e63ab0161478"	"tunable-operational-default-candidate"	"ready-for-agent-and-self-described-confirmed-internal-spec-without-four-factor-requirement-approval"	"historical-MesIngest-watch-operations-scope-current-applicability-needs-source-binding-and-reapproval"	"needs-responsible-owner-and-explicit-approval"	"document-route:R12-candidate; unit-kind:markdown-flow-or-list-item; source-document-class:R12-SPEC-MIXED; current-applicability:MesIngest Watch Operations implementation spec; possible decision summaries are mixed with architecture, defaults, UI/API and delivery design.; ledger-history:Created from internal planning and upstream MES/ADR material; ready-for-agent or confirmed wording is not a four-element approval record.; upstream-reference:MesIngest-Phase-1-spec"	"BOUND-R12-001"	"not-approved"	"responsible-owner-classification;authoritative-source;named-approver;approval-date;approved-scope;version-or-sha256-binding"
"R12-A0273"	"R12"	"R12-50"	".scratch/mes-ingest-watch-operations/spec.md"	"1952e28681dc50e849f6e61ceee095896e48cff82cb449bb0526c44895b24e9b"	"line 133"	"MesIngest Watch Operations and Scalable Read Model > Defaults (Tunable)"	"0=永久。"	"Resolved IngestAlert retention: 365 days；0=永久。"	"5f094168993e80756ee1e8cce01b74ec43064551900a876aca1fa05d2f0123c6"	"tunable-operational-default-candidate"	"ready-for-agent-and-self-described-confirmed-internal-spec-without-four-factor-requirement-approval"	"historical-MesIngest-watch-operations-scope-current-applicability-needs-source-binding-and-reapproval"	"needs-responsible-owner-and-explicit-approval"	"document-route:R12-candidate; unit-kind:markdown-flow-or-list-item; source-document-class:R12-SPEC-MIXED; current-applicability:MesIngest Watch Operations implementation spec; possible decision summaries are mixed with architecture, defaults, UI/API and delivery design.; ledger-history:Created from internal planning and upstream MES/ADR material; ready-for-agent or confirmed wording is not a four-element approval record.; upstream-reference:MesIngest-Phase-1-spec"	"BOUND-R12-001"	"not-approved"	"responsible-owner-classification;authoritative-source;named-approver;approval-date;approved-scope;version-or-sha256-binding"
"R12-A0274"	"R12"	"R12-50"	".scratch/mes-ingest-watch-operations/spec.md"	"1952e28681dc50e849f6e61ceee095896e48cff82cb449bb0526c44895b24e9b"	"line 134"	"MesIngest Watch Operations and Scalable Read Model > Defaults (Tunable)"	"GONE default browse window: 24h by GoneAt；"	"GONE default browse window: 24h by GoneAt；GONE 本体永久。"	"a6837e2f896521a945fe1dfb32231b83c02ce3137e0db6afa6045e57a78fc89e"	"tunable-operational-default-candidate"	"ready-for-agent-and-self-described-confirmed-internal-spec-without-four-factor-requirement-approval"	"historical-MesIngest-watch-operations-scope-current-applicability-needs-source-binding-and-reapproval"	"needs-responsible-owner-and-explicit-approval"	"document-route:R12-candidate; unit-kind:markdown-flow-or-list-item; source-document-class:R12-SPEC-MIXED; current-applicability:MesIngest Watch Operations implementation spec; possible decision summaries are mixed with architecture, defaults, UI/API and delivery design.; ledger-history:Created from internal planning and upstream MES/ADR material; ready-for-agent or confirmed wording is not a four-element approval record.; upstream-reference:MesIngest-Phase-1-spec"	"BOUND-R12-001"	"not-approved"	"responsible-owner-classification;authoritative-source;named-approver;approval-date;approved-scope;version-or-sha256-binding"
"R12-A0275"	"R12"	"R12-50"	".scratch/mes-ingest-watch-operations/spec.md"	"1952e28681dc50e849f6e61ceee095896e48cff82cb449bb0526c44895b24e9b"	"line 134"	"MesIngest Watch Operations and Scalable Read Model > Defaults (Tunable)"	"GONE 本体永久。"	"GONE default browse window: 24h by GoneAt；GONE 本体永久。"	"04e09ea804be4f0c9bce4fd14f99ce30509adc25df583d1047bf98be7be88a87"	"tunable-operational-default-candidate"	"ready-for-agent-and-self-described-confirmed-internal-spec-without-four-factor-requirement-approval"	"historical-MesIngest-watch-operations-scope-current-applicability-needs-source-binding-and-reapproval"	"needs-responsible-owner-and-explicit-approval"	"document-route:R12-candidate; unit-kind:markdown-flow-or-list-item; source-document-class:R12-SPEC-MIXED; current-applicability:MesIngest Watch Operations implementation spec; possible decision summaries are mixed with architecture, defaults, UI/API and delivery design.; ledger-history:Created from internal planning and upstream MES/ADR material; ready-for-agent or confirmed wording is not a four-element approval record.; upstream-reference:MesIngest-Phase-1-spec"	"BOUND-R12-001"	"not-approved"	"responsible-owner-classification;authoritative-source;named-approver;approval-date;approved-scope;version-or-sha256-binding"
"R12-A0276"	"R12"	"R12-50"	".scratch/mes-ingest-watch-operations/spec.md"	"1952e28681dc50e849f6e61ceee095896e48cff82cb449bb0526c44895b24e9b"	"line 135"	"MesIngest Watch Operations and Scalable Read Model > Defaults (Tunable)"	"DemandChangeFeed retention: 48h。"	"DemandChangeFeed retention: 48h。"	"cace21166335866384463e946010359d91a9dd962e2b3493640cb6ecef5c8a23"	"tunable-operational-default-candidate"	"ready-for-agent-and-self-described-confirmed-internal-spec-without-four-factor-requirement-approval"	"historical-MesIngest-watch-operations-scope-current-applicability-needs-source-binding-and-reapproval"	"needs-responsible-owner-and-explicit-approval"	"document-route:R12-candidate; unit-kind:markdown-flow-or-list-item; source-document-class:R12-SPEC-MIXED; current-applicability:MesIngest Watch Operations implementation spec; possible decision summaries are mixed with architecture, defaults, UI/API and delivery design.; ledger-history:Created from internal planning and upstream MES/ADR material; ready-for-agent or confirmed wording is not a four-element approval record.; upstream-reference:MesIngest-Phase-1-spec"	"BOUND-R12-001"	"not-approved"	"responsible-owner-classification;authoritative-source;named-approver;approval-date;approved-scope;version-or-sha256-binding"
"R12-A0277"	"R12"	"R12-50"	".scratch/mes-ingest-watch-operations/spec.md"	"1952e28681dc50e849f6e61ceee095896e48cff82cb449bb0526c44895b24e9b"	"line 136"	"MesIngest Watch Operations and Scalable Read Model > Defaults (Tunable)"	"DemandId partial search: minimum 6 lowercase hex prefix characters。"	"DemandId partial search: minimum 6 lowercase hex prefix characters。"	"f06adade26e3025543a45c94b39c92d2736f79260e7633f817981786507ec7ea"	"tunable-operational-default-candidate"	"ready-for-agent-and-self-described-confirmed-internal-spec-without-four-factor-requirement-approval"	"historical-MesIngest-watch-operations-scope-current-applicability-needs-source-binding-and-reapproval"	"needs-responsible-owner-and-explicit-approval"	"document-route:R12-candidate; unit-kind:markdown-flow-or-list-item; source-document-class:R12-SPEC-MIXED; current-applicability:MesIngest Watch Operations implementation spec; possible decision summaries are mixed with architecture, defaults, UI/API and delivery design.; ledger-history:Created from internal planning and upstream MES/ADR material; ready-for-agent or confirmed wording is not a four-element approval record.; upstream-reference:MesIngest-Phase-1-spec"	"BOUND-R12-001,CF-R01-001"	"not-approved"	"responsible-owner-classification;authoritative-source;named-approver;approval-date;approved-scope;version-or-sha256-binding"
"R12-A0278"	"R12"	"R12-50"	".scratch/mes-ingest-watch-operations/spec.md"	"1952e28681dc50e849f6e61ceee095896e48cff82cb449bb0526c44895b24e9b"	"line 137"	"MesIngest Watch Operations and Scalable Read Model > Defaults (Tunable)"	"List/change page sizes and maxima: implementation defaults，必须有硬上限并可经性能测试调整。"	"List/change page sizes and maxima: implementation defaults，必须有硬上限并可经性能测试调整。"	"6201e46c831668948304a3de2f343bc9979aa0fae75f3de54f6c3e583e39514a"	"tunable-operational-default-candidate"	"ready-for-agent-and-self-described-confirmed-internal-spec-without-four-factor-requirement-approval"	"historical-MesIngest-watch-operations-scope-current-applicability-needs-source-binding-and-reapproval"	"needs-responsible-owner-and-explicit-approval"	"document-route:R12-candidate; unit-kind:markdown-flow-or-list-item; source-document-class:R12-SPEC-MIXED; current-applicability:MesIngest Watch Operations implementation spec; possible decision summaries are mixed with architecture, defaults, UI/API and delivery design.; ledger-history:Created from internal planning and upstream MES/ADR material; ready-for-agent or confirmed wording is not a four-element approval record.; upstream-reference:MesIngest-Phase-1-spec"	"BOUND-R12-001"	"not-approved"	"responsible-owner-classification;authoritative-source;named-approver;approval-date;approved-scope;version-or-sha256-binding"
"R12-A0279"	"R12"	"R12-50"	".scratch/mes-ingest-watch-operations/spec.md"	"1952e28681dc50e849f6e61ceee095896e48cff82cb449bb0526c44895b24e9b"	"line 141"	"MesIngest Watch Operations and Scalable Read Model > Testing Decisions"	"API contract tests覆盖分页 envelope、稳定 cursor、全局排序、组合筛选、DemandId 精确/前缀、非法 cursor、410 过期和旧裸数组契约已移除。"	"API contract tests覆盖分页 envelope、稳定 cursor、全局排序、组合筛选、DemandId 精确/前缀、非法 cursor、410 过期和旧裸数组契约已移除。"	"59ae1a0d288de3192bbbd242bbfad8d23dcd924675dfc16dfd950b42024ef61a"	"source-status-test-or-implementation-history-evidence"	"ready-for-agent-and-self-described-confirmed-internal-spec-without-four-factor-requirement-approval"	"historical-MesIngest-watch-operations-scope-current-applicability-needs-source-binding-and-reapproval"	"evidence-only"	"document-route:R12-candidate; unit-kind:markdown-flow-or-list-item; source-document-class:R12-SPEC-MIXED; current-applicability:MesIngest Watch Operations implementation spec; possible decision summaries are mixed with architecture, defaults, UI/API and delivery design.; ledger-history:Created from internal planning and upstream MES/ADR material; ready-for-agent or confirmed wording is not a four-element approval record.; upstream-reference:MesIngest-Phase-1-spec"	"BOUND-R12-001,CF-R01-001"	"not-approved"	"evidence-only-not-an-approval-unit;named-approver;approval-date;approved-scope;version-or-sha256-binding"
"R12-A0280"	"R12"	"R12-50"	".scratch/mes-ingest-watch-operations/spec.md"	"1952e28681dc50e849f6e61ceee095896e48cff82cb449bb0526c44895b24e9b"	"line 142"	"MesIngest Watch Operations and Scalable Read Model > Testing Decisions"	"Watch 集成测试使用真实 HTTP DTO 契约，证明新分页接口成功对接；"	"Watch 集成测试使用真实 HTTP DTO 契约，证明新分页接口成功对接；不得只测本地 projector。"	"d972eff8764e6d961a00a9276e4a0c4e3c57a095054e90c44d718d787c75a833"	"source-status-test-or-implementation-history-evidence"	"ready-for-agent-and-self-described-confirmed-internal-spec-without-four-factor-requirement-approval"	"historical-MesIngest-watch-operations-scope-current-applicability-needs-source-binding-and-reapproval"	"evidence-only"	"document-route:R12-candidate; unit-kind:markdown-flow-or-list-item; source-document-class:R12-SPEC-MIXED; current-applicability:MesIngest Watch Operations implementation spec; possible decision summaries are mixed with architecture, defaults, UI/API and delivery design.; ledger-history:Created from internal planning and upstream MES/ADR material; ready-for-agent or confirmed wording is not a four-element approval record.; upstream-reference:MesIngest-Phase-1-spec"	"BOUND-R12-001"	"not-approved"	"evidence-only-not-an-approval-unit;named-approver;approval-date;approved-scope;version-or-sha256-binding"
"R12-A0281"	"R12"	"R12-50"	".scratch/mes-ingest-watch-operations/spec.md"	"1952e28681dc50e849f6e61ceee095896e48cff82cb449bb0526c44895b24e9b"	"line 142"	"MesIngest Watch Operations and Scalable Read Model > Testing Decisions"	"不得只测本地 projector。"	"Watch 集成测试使用真实 HTTP DTO 契约，证明新分页接口成功对接；不得只测本地 projector。"	"ad77ef5d37f3a5abe187a56b6c2b46d5998f779c622a10c64f1132ab30fe7984"	"source-status-test-or-implementation-history-evidence"	"ready-for-agent-and-self-described-confirmed-internal-spec-without-four-factor-requirement-approval"	"historical-MesIngest-watch-operations-scope-current-applicability-needs-source-binding-and-reapproval"	"evidence-only"	"document-route:R12-candidate; unit-kind:markdown-flow-or-list-item; source-document-class:R12-SPEC-MIXED; current-applicability:MesIngest Watch Operations implementation spec; possible decision summaries are mixed with architecture, defaults, UI/API and delivery design.; ledger-history:Created from internal planning and upstream MES/ADR material; ready-for-agent or confirmed wording is not a four-element approval record.; upstream-reference:MesIngest-Phase-1-spec"	"BOUND-R12-001"	"not-approved"	"evidence-only-not-an-approval-unit;named-approver;approval-date;approved-scope;version-or-sha256-binding"
"R12-A0282"	"R12"	"R12-50"	".scratch/mes-ingest-watch-operations/spec.md"	"1952e28681dc50e849f6e61ceee095896e48cff82cb449bb0526c44895b24e9b"	"line 143"	"MesIngest Watch Operations and Scalable Read Model > Testing Decisions"	"SQL Server 集成测试覆盖增量 INSERT/UPDATE、GONE 不重写、事务内 ChangeFeed、索引查询路径和并发 API 不见半状态。"	"SQL Server 集成测试覆盖增量 INSERT/UPDATE、GONE 不重写、事务内 ChangeFeed、索引查询路径和并发 API 不见半状态。"	"d40043680418e4bd7fb926814d8cf33539c11bc17a6224ec0158165062f84ddb"	"source-status-test-or-implementation-history-evidence"	"ready-for-agent-and-self-described-confirmed-internal-spec-without-four-factor-requirement-approval"	"historical-MesIngest-watch-operations-scope-current-applicability-needs-source-binding-and-reapproval"	"evidence-only"	"document-route:R12-candidate; unit-kind:markdown-flow-or-list-item; source-document-class:R12-SPEC-MIXED; current-applicability:MesIngest Watch Operations implementation spec; possible decision summaries are mixed with architecture, defaults, UI/API and delivery design.; ledger-history:Created from internal planning and upstream MES/ADR material; ready-for-agent or confirmed wording is not a four-element approval record.; upstream-reference:MesIngest-Phase-1-spec,ADR-mes-0007"	"BOUND-R12-001"	"not-approved"	"evidence-only-not-an-approval-unit;named-approver;approval-date;approved-scope;version-or-sha256-binding"
"R12-A0283"	"R12"	"R12-50"	".scratch/mes-ingest-watch-operations/spec.md"	"1952e28681dc50e849f6e61ceee095896e48cff82cb449bb0526c44895b24e9b"	"line 144"	"MesIngest Watch Operations and Scalable Read Model > Testing Decisions"	"ChangeFeed 测试覆盖 CREATED/GONE only、重复读取幂等、离线追赶、过期 cursor、Bootstrap high-watermark 期间并发变化不丢失。"	"ChangeFeed 测试覆盖 CREATED/GONE only、重复读取幂等、离线追赶、过期 cursor、Bootstrap high-watermark 期间并发变化不丢失。"	"e1e1721c96f7358145ffd3ae994981b9bd4982acef19d897e688a1e9588f07d2"	"source-status-test-or-implementation-history-evidence"	"ready-for-agent-and-self-described-confirmed-internal-spec-without-four-factor-requirement-approval"	"historical-MesIngest-watch-operations-scope-current-applicability-needs-source-binding-and-reapproval"	"evidence-only"	"document-route:R12-candidate; unit-kind:markdown-flow-or-list-item; source-document-class:R12-SPEC-MIXED; current-applicability:MesIngest Watch Operations implementation spec; possible decision summaries are mixed with architecture, defaults, UI/API and delivery design.; ledger-history:Created from internal planning and upstream MES/ADR material; ready-for-agent or confirmed wording is not a four-element approval record.; upstream-reference:MesIngest-Phase-1-spec"	"BOUND-R12-001"	"not-approved"	"evidence-only-not-an-approval-unit;named-approver;approval-date;approved-scope;version-or-sha256-binding"
"R12-A0284"	"R12"	"R12-50"	".scratch/mes-ingest-watch-operations/spec.md"	"1952e28681dc50e849f6e61ceee095896e48cff82cb449bb0526c44895b24e9b"	"line 145"	"MesIngest Watch Operations and Scalable Read Model > Testing Decisions"	"Alert 测试覆盖持续条件聚合、详情指纹变化、解除、严重等级和清理策略。"	"Alert 测试覆盖持续条件聚合、详情指纹变化、解除、严重等级和清理策略。"	"0f6aee9ba773284ab144975682ee68d5c8e51144085e5e19f92f8385b010e0d1"	"source-status-test-or-implementation-history-evidence"	"ready-for-agent-and-self-described-confirmed-internal-spec-without-four-factor-requirement-approval"	"historical-MesIngest-watch-operations-scope-current-applicability-needs-source-binding-and-reapproval"	"evidence-only"	"document-route:R12-candidate; unit-kind:markdown-flow-or-list-item; source-document-class:R12-SPEC-MIXED; current-applicability:MesIngest Watch Operations implementation spec; possible decision summaries are mixed with architecture, defaults, UI/API and delivery design.; ledger-history:Created from internal planning and upstream MES/ADR material; ready-for-agent or confirmed wording is not a four-element approval record.; upstream-reference:MesIngest-Phase-1-spec"	"BOUND-R12-001"	"not-approved"	"evidence-only-not-an-approval-unit;named-approver;approval-date;approved-scope;version-or-sha256-binding"
"R12-A0285"	"R12"	"R12-50"	".scratch/mes-ingest-watch-operations/spec.md"	"1952e28681dc50e849f6e61ceee095896e48cff82cb449bb0526c44895b24e9b"	"line 146"	"MesIngest Watch Operations and Scalable Read Model > Testing Decisions"	"时间测试固定多个 offset，验证 UTC 保存、本机显示与按时间值排序。"	"时间测试固定多个 offset，验证 UTC 保存、本机显示与按时间值排序。"	"f428b72b80c79ebfc37f45c6926ea2decfadea48e403b987a14c635b272d166d"	"source-status-test-or-implementation-history-evidence"	"ready-for-agent-and-self-described-confirmed-internal-spec-without-four-factor-requirement-approval"	"historical-MesIngest-watch-operations-scope-current-applicability-needs-source-binding-and-reapproval"	"evidence-only"	"document-route:R12-candidate; unit-kind:markdown-flow-or-list-item; source-document-class:R12-SPEC-MIXED; current-applicability:MesIngest Watch Operations implementation spec; possible decision summaries are mixed with architecture, defaults, UI/API and delivery design.; ledger-history:Created from internal planning and upstream MES/ADR material; ready-for-agent or confirmed wording is not a four-element approval record.; upstream-reference:MesIngest-Phase-1-spec"	"BOUND-R12-001"	"not-approved"	"evidence-only-not-an-approval-unit;named-approver;approval-date;approved-scope;version-or-sha256-binding"
"R12-A0286"	"R12"	"R12-50"	".scratch/mes-ingest-watch-operations/spec.md"	"1952e28681dc50e849f6e61ceee095896e48cff82cb449bb0526c44895b24e9b"	"line 147"	"MesIngest Watch Operations and Scalable Read Model > Testing Decisions"	"WPF 以 ViewModel/投影测试覆盖状态和复制文本；"	"WPF 以 ViewModel/投影测试覆盖状态和复制文本；对 DataGrid/Splitter/非模态窗口保留轻量 UI smoke/manual acceptance，不绑定脆弱控件树。"	"96e7a830d6be0502a2e9931a7916e9472ee12f2600da9f4089d4f668425435d6"	"source-status-test-or-implementation-history-evidence"	"ready-for-agent-and-self-described-confirmed-internal-spec-without-four-factor-requirement-approval"	"historical-MesIngest-watch-operations-scope-current-applicability-needs-source-binding-and-reapproval"	"evidence-only"	"document-route:R12-candidate; unit-kind:markdown-flow-or-list-item; source-document-class:R12-SPEC-MIXED; current-applicability:MesIngest Watch Operations implementation spec; possible decision summaries are mixed with architecture, defaults, UI/API and delivery design.; ledger-history:Created from internal planning and upstream MES/ADR material; ready-for-agent or confirmed wording is not a four-element approval record.; upstream-reference:MesIngest-Phase-1-spec,ADR-mes-0007"	"BOUND-R12-001"	"not-approved"	"evidence-only-not-an-approval-unit;named-approver;approval-date;approved-scope;version-or-sha256-binding"
"R12-A0287"	"R12"	"R12-50"	".scratch/mes-ingest-watch-operations/spec.md"	"1952e28681dc50e849f6e61ceee095896e48cff82cb449bb0526c44895b24e9b"	"line 147"	"MesIngest Watch Operations and Scalable Read Model > Testing Decisions"	"对 DataGrid/Splitter/非模态窗口保留轻量 UI smoke/manual acceptance，不绑定脆弱控件树。"	"WPF 以 ViewModel/投影测试覆盖状态和复制文本；对 DataGrid/Splitter/非模态窗口保留轻量 UI smoke/manual acceptance，不绑定脆弱控件树。"	"bab550a623f744c732cccfacced985e2f0cb22484fd33d30cdf36f87ed4df3bb"	"source-status-test-or-implementation-history-evidence"	"ready-for-agent-and-self-described-confirmed-internal-spec-without-four-factor-requirement-approval"	"historical-MesIngest-watch-operations-scope-current-applicability-needs-source-binding-and-reapproval"	"evidence-only"	"document-route:R12-candidate; unit-kind:markdown-flow-or-list-item; source-document-class:R12-SPEC-MIXED; current-applicability:MesIngest Watch Operations implementation spec; possible decision summaries are mixed with architecture, defaults, UI/API and delivery design.; ledger-history:Created from internal planning and upstream MES/ADR material; ready-for-agent or confirmed wording is not a four-element approval record.; upstream-reference:MesIngest-Phase-1-spec"	"BOUND-R12-001"	"not-approved"	"evidence-only-not-an-approval-unit;named-approver;approval-date;approved-scope;version-or-sha256-binding"
"R12-A0288"	"R12"	"R12-50"	".scratch/mes-ingest-watch-operations/spec.md"	"1952e28681dc50e849f6e61ceee095896e48cff82cb449bb0526c44895b24e9b"	"line 148"	"MesIngest Watch Operations and Scalable Read Model > Testing Decisions"	"工厂人工验证只采集批准 SQL 的时间语义、耗时和网络/数据库阶段证据，不修改 MES SQL。"	"工厂人工验证只采集批准 SQL 的时间语义、耗时和网络/数据库阶段证据，不修改 MES SQL。"	"4f5d848b0a13971b5f22d47de7f363113c3cccea59f3f5bb9497fef7a84c6788"	"source-status-test-or-implementation-history-evidence"	"ready-for-agent-and-self-described-confirmed-internal-spec-without-four-factor-requirement-approval"	"historical-MesIngest-watch-operations-scope-current-applicability-needs-source-binding-and-reapproval"	"evidence-only"	"document-route:R12-candidate; unit-kind:markdown-flow-or-list-item; source-document-class:R12-SPEC-MIXED; current-applicability:MesIngest Watch Operations implementation spec; possible decision summaries are mixed with architecture, defaults, UI/API and delivery design.; ledger-history:Created from internal planning and upstream MES/ADR material; ready-for-agent or confirmed wording is not a four-element approval record.; upstream-reference:MesIngest-Phase-1-spec,MES_TASK_UNION-query-materials,R11-factory-run-and-query-evidence"	"BOUND-R12-001,CF-R01-002,RES-R11-001,BOUND-R11-001,EVID-R11-001"	"not-approved"	"evidence-only-not-an-approval-unit;named-approver;approval-date;approved-scope;version-or-sha256-binding"
"R12-A0289"	"R12"	"R12-50"	".scratch/mes-ingest-watch-operations/spec.md"	"1952e28681dc50e849f6e61ceee095896e48cff82cb449bb0526c44895b24e9b"	"line 152"	"MesIngest Watch Operations and Scalable Read Model > Out of Scope"	"修改、重写或为客户 MES Oracle 查询增加索引、视图、DDL、增量 CDC。"	"修改、重写或为客户 MES Oracle 查询增加索引、视图、DDL、增量 CDC。"	"3263d52d105a4d07cea859dd6bda9e74c2afef012eafbb089a3592e48f4c3efe"	"historical-product-scope-boundary-candidate"	"ready-for-agent-and-self-described-confirmed-internal-spec-without-four-factor-requirement-approval"	"historical-MesIngest-watch-operations-scope-current-applicability-needs-source-binding-and-reapproval"	"needs-product-owner-and-explicit-approval"	"document-route:R12-candidate; unit-kind:markdown-flow-or-list-item; source-document-class:R12-SPEC-MIXED; current-applicability:MesIngest Watch Operations implementation spec; possible decision summaries are mixed with architecture, defaults, UI/API and delivery design.; ledger-history:Created from internal planning and upstream MES/ADR material; ready-for-agent or confirmed wording is not a four-element approval record.; upstream-reference:MesIngest-Phase-1-spec"	"BOUND-R12-001,RES-R11-001,BOUND-R11-001"	"not-approved"	"approved-product-scope-source;responsible-product-owner;named-approver;approval-date;approved-scope;version-or-sha256-binding"
"R12-A0290"	"R12"	"R12-50"	".scratch/mes-ingest-watch-operations/spec.md"	"1952e28681dc50e849f6e61ceee095896e48cff82cb449bb0526c44895b24e9b"	"line 153"	"MesIngest Watch Operations and Scalable Read Model > Out of Scope"	"派车、装载、运送、人工创建/修改 TransportDemand。"	"派车、装载、运送、人工创建/修改 TransportDemand。"	"9e484fda5ffe49251e656a044218c0c0241581502f74004b4d95f6db5e847fc2"	"historical-product-scope-boundary-candidate"	"ready-for-agent-and-self-described-confirmed-internal-spec-without-four-factor-requirement-approval"	"historical-MesIngest-watch-operations-scope-current-applicability-needs-source-binding-and-reapproval"	"needs-product-owner-and-explicit-approval"	"document-route:R12-candidate; unit-kind:markdown-flow-or-list-item; source-document-class:R12-SPEC-MIXED; current-applicability:MesIngest Watch Operations implementation spec; possible decision summaries are mixed with architecture, defaults, UI/API and delivery design.; ledger-history:Created from internal planning and upstream MES/ADR material; ready-for-agent or confirmed wording is not a four-element approval record.; upstream-reference:MesIngest-Phase-1-spec"	"BOUND-R12-001"	"not-approved"	"approved-product-scope-source;responsible-product-owner;named-approver;approval-date;approved-scope;version-or-sha256-binding"
"R12-A0291"	"R12"	"R12-50"	".scratch/mes-ingest-watch-operations/spec.md"	"1952e28681dc50e849f6e61ceee095896e48cff82cb449bb0526c44895b24e9b"	"line 154"	"MesIngest Watch Operations and Scalable Read Model > Out of Scope"	"MesIngest 写 API、测试写接口或清理当前业务状态的命令。"	"MesIngest 写 API、测试写接口或清理当前业务状态的命令。"	"da1f926c8561ce4f10b51344eefecbc48016b2353556097df87cbe3e8b31bee6"	"historical-product-scope-boundary-candidate"	"ready-for-agent-and-self-described-confirmed-internal-spec-without-four-factor-requirement-approval"	"historical-MesIngest-watch-operations-scope-current-applicability-needs-source-binding-and-reapproval"	"needs-product-owner-and-explicit-approval"	"document-route:R12-candidate; unit-kind:markdown-flow-or-list-item; source-document-class:R12-SPEC-MIXED; current-applicability:MesIngest Watch Operations implementation spec; possible decision summaries are mixed with architecture, defaults, UI/API and delivery design.; ledger-history:Created from internal planning and upstream MES/ADR material; ready-for-agent or confirmed wording is not a four-element approval record.; upstream-reference:MesIngest-Phase-1-spec"	"BOUND-R12-001"	"not-approved"	"approved-product-scope-source;responsible-product-owner;named-approver;approval-date;approved-scope;version-or-sha256-binding"
"R12-A0292"	"R12"	"R12-50"	".scratch/mes-ingest-watch-operations/spec.md"	"1952e28681dc50e849f6e61ceee095896e48cff82cb449bb0526c44895b24e9b"	"line 155"	"MesIngest Watch Operations and Scalable Read Model > Out of Scope"	"用 DATES 作为 ChangeFeed sequence，或把 last-seen 每轮更新发布给下游。"	"用 DATES 作为 ChangeFeed sequence，或把 last-seen 每轮更新发布给下游。"	"47aac566bf053fadf9bccc013941209574e4e4da6e60f2d98be486c95595e31b"	"historical-product-scope-boundary-candidate"	"ready-for-agent-and-self-described-confirmed-internal-spec-without-four-factor-requirement-approval"	"historical-MesIngest-watch-operations-scope-current-applicability-needs-source-binding-and-reapproval"	"needs-product-owner-and-explicit-approval"	"document-route:R12-candidate; unit-kind:markdown-flow-or-list-item; source-document-class:R12-SPEC-MIXED; current-applicability:MesIngest Watch Operations implementation spec; possible decision summaries are mixed with architecture, defaults, UI/API and delivery design.; ledger-history:Created from internal planning and upstream MES/ADR material; ready-for-agent or confirmed wording is not a four-element approval record.; upstream-reference:MesIngest-Phase-1-spec"	"BOUND-R12-001"	"not-approved"	"approved-product-scope-source;responsible-product-owner;named-approver;approval-date;approved-scope;version-or-sha256-binding"
"R12-A0293"	"R12"	"R12-50"	".scratch/mes-ingest-watch-operations/spec.md"	"1952e28681dc50e849f6e61ceee095896e48cff82cb449bb0526c44895b24e9b"	"line 156"	"MesIngest Watch Operations and Scalable Read Model > Out of Scope"	"为 STEP 建立新的路线推导或主要 UI 流程；"	"为 STEP 建立新的路线推导或主要 UI 流程；路线继续按 TASK_TYPE 解释。"	"4a8d1cb703a71fb671d7eaa03e6579c473a58d3dc0833b32b33fca3bf3b27bd8"	"historical-product-scope-boundary-candidate"	"ready-for-agent-and-self-described-confirmed-internal-spec-without-four-factor-requirement-approval"	"historical-MesIngest-watch-operations-scope-current-applicability-needs-source-binding-and-reapproval"	"needs-product-owner-and-explicit-approval"	"document-route:R12-candidate; unit-kind:markdown-flow-or-list-item; source-document-class:R12-SPEC-MIXED; current-applicability:MesIngest Watch Operations implementation spec; possible decision summaries are mixed with architecture, defaults, UI/API and delivery design.; ledger-history:Created from internal planning and upstream MES/ADR material; ready-for-agent or confirmed wording is not a four-element approval record.; upstream-reference:MesIngest-Phase-1-spec"	"BOUND-R12-001"	"not-approved"	"approved-product-scope-source;responsible-product-owner;named-approver;approval-date;approved-scope;version-or-sha256-binding"
"R12-A0294"	"R12"	"R12-50"	".scratch/mes-ingest-watch-operations/spec.md"	"1952e28681dc50e849f6e61ceee095896e48cff82cb449bb0526c44895b24e9b"	"line 156"	"MesIngest Watch Operations and Scalable Read Model > Out of Scope"	"路线继续按 TASK_TYPE 解释。"	"为 STEP 建立新的路线推导或主要 UI 流程；路线继续按 TASK_TYPE 解释。"	"a850956b569cf6aa2b81f2e0cc2e164920ffadd77c86325491c4bca498ba1e24"	"historical-product-scope-boundary-candidate"	"ready-for-agent-and-self-described-confirmed-internal-spec-without-four-factor-requirement-approval"	"historical-MesIngest-watch-operations-scope-current-applicability-needs-source-binding-and-reapproval"	"needs-product-owner-and-explicit-approval"	"document-route:R12-candidate; unit-kind:markdown-flow-or-list-item; source-document-class:R12-SPEC-MIXED; current-applicability:MesIngest Watch Operations implementation spec; possible decision summaries are mixed with architecture, defaults, UI/API and delivery design.; ledger-history:Created from internal planning and upstream MES/ADR material; ready-for-agent or confirmed wording is not a four-element approval record.; upstream-reference:MesIngest-Phase-1-spec"	"BOUND-R12-001"	"not-approved"	"approved-product-scope-source;responsible-product-owner;named-approver;approval-date;approved-scope;version-or-sha256-binding"
"R12-A0295"	"R12"	"R12-50"	".scratch/mes-ingest-watch-operations/spec.md"	"1952e28681dc50e849f6e61ceee095896e48cff82cb449bb0526c44895b24e9b"	"line 157"	"MesIngest Watch Operations and Scalable Read Model > Out of Scope"	"第一版引入 Kafka/RabbitMQ；"	"第一版引入 Kafka/RabbitMQ；ChangeFeed 由 SQL Server + HTTP 提供。"	"2a70b1cf06fdfee2b89d839c4e27e52c28e20555a4d9eed4f65b55d602b2fb79"	"historical-product-scope-boundary-candidate"	"ready-for-agent-and-self-described-confirmed-internal-spec-without-four-factor-requirement-approval"	"historical-MesIngest-watch-operations-scope-current-applicability-needs-source-binding-and-reapproval"	"needs-product-owner-and-explicit-approval"	"document-route:R12-candidate; unit-kind:markdown-flow-or-list-item; source-document-class:R12-SPEC-MIXED; current-applicability:MesIngest Watch Operations implementation spec; possible decision summaries are mixed with architecture, defaults, UI/API and delivery design.; ledger-history:Created from internal planning and upstream MES/ADR material; ready-for-agent or confirmed wording is not a four-element approval record.; upstream-reference:MesIngest-Phase-1-spec"	"BOUND-R12-001"	"not-approved"	"approved-product-scope-source;responsible-product-owner;named-approver;approval-date;approved-scope;version-or-sha256-binding"
"R12-A0296"	"R12"	"R12-50"	".scratch/mes-ingest-watch-operations/spec.md"	"1952e28681dc50e849f6e61ceee095896e48cff82cb449bb0526c44895b24e9b"	"line 157"	"MesIngest Watch Operations and Scalable Read Model > Out of Scope"	"ChangeFeed 由 SQL Server + HTTP 提供。"	"第一版引入 Kafka/RabbitMQ；ChangeFeed 由 SQL Server + HTTP 提供。"	"c5a2cb9ccbd31eeb1e3ee40bff844c917c5a2e266c0163a8480ab1e88aa2a0dc"	"historical-product-scope-boundary-candidate"	"ready-for-agent-and-self-described-confirmed-internal-spec-without-four-factor-requirement-approval"	"historical-MesIngest-watch-operations-scope-current-applicability-needs-source-binding-and-reapproval"	"needs-product-owner-and-explicit-approval"	"document-route:R12-candidate; unit-kind:markdown-flow-or-list-item; source-document-class:R12-SPEC-MIXED; current-applicability:MesIngest Watch Operations implementation spec; possible decision summaries are mixed with architecture, defaults, UI/API and delivery design.; ledger-history:Created from internal planning and upstream MES/ADR material; ready-for-agent or confirmed wording is not a four-element approval record.; upstream-reference:MesIngest-Phase-1-spec,ADR-mes-0007"	"BOUND-R12-001"	"not-approved"	"approved-product-scope-source;responsible-product-owner;named-approver;approval-date;approved-scope;version-or-sha256-binding"
"R12-A0297"	"R12"	"R12-50"	".scratch/mes-ingest-watch-operations/spec.md"	"1952e28681dc50e849f6e61ceee095896e48cff82cb449bb0526c44895b24e9b"	"line 161"	"MesIngest Watch Operations and Scalable Read Model > Documentation Outputs"	"Domain terms: PausedZeroDrop、IngestAlert、MesCurrentStepEnteredAt、DemandChangeFeed in `CONTEXT.md`。"	"Domain terms: PausedZeroDrop、IngestAlert、MesCurrentStepEnteredAt、DemandChangeFeed in `CONTEXT.md`。"	"bd98a4740df90cd9bb46c8b7ea8190d0eabbf9220d2960eff4f1e87e4cf8f68d"	"source-status-test-or-implementation-history-evidence"	"ready-for-agent-and-self-described-confirmed-internal-spec-without-four-factor-requirement-approval"	"historical-MesIngest-watch-operations-scope-current-applicability-needs-source-binding-and-reapproval"	"evidence-only"	"document-route:R12-candidate; unit-kind:markdown-flow-or-list-item; source-document-class:R12-SPEC-MIXED; current-applicability:MesIngest Watch Operations implementation spec; possible decision summaries are mixed with architecture, defaults, UI/API and delivery design.; ledger-history:Created from internal planning and upstream MES/ADR material; ready-for-agent or confirmed wording is not a four-element approval record.; upstream-reference:MesIngest-Phase-1-spec,root-CONTEXT.md-vocabulary-loop"	"BOUND-R12-001,RES-R08-003"	"not-approved"	"evidence-only-not-an-approval-unit;named-approver;approval-date;approved-scope;version-or-sha256-binding"
"R12-A0298"	"R12"	"R12-50"	".scratch/mes-ingest-watch-operations/spec.md"	"1952e28681dc50e849f6e61ceee095896e48cff82cb449bb0526c44895b24e9b"	"line 162"	"MesIngest Watch Operations and Scalable Read Model > Documentation Outputs"	"ADR-mes-0008: 完整源快照与增量本地投影/分页读取分离。"	"ADR-mes-0008: 完整源快照与增量本地投影/分页读取分离。"	"27d9b31c52af4ec0d22f5091570a534f3ac4dcbfb585b1ff94022393a30ea036"	"source-status-test-or-implementation-history-evidence"	"ready-for-agent-and-self-described-confirmed-internal-spec-without-four-factor-requirement-approval"	"historical-MesIngest-watch-operations-scope-current-applicability-needs-source-binding-and-reapproval"	"evidence-only"	"document-route:R12-candidate; unit-kind:markdown-flow-or-list-item; source-document-class:R12-SPEC-MIXED; current-applicability:MesIngest Watch Operations implementation spec; possible decision summaries are mixed with architecture, defaults, UI/API and delivery design.; ledger-history:Created from internal planning and upstream MES/ADR material; ready-for-agent or confirmed wording is not a four-element approval record.; upstream-reference:MesIngest-Phase-1-spec"	"BOUND-R12-001"	"not-approved"	"evidence-only-not-an-approval-unit;named-approver;approval-date;approved-scope;version-or-sha256-binding"
"R12-A0299"	"R12"	"R12-50"	".scratch/mes-ingest-watch-operations/spec.md"	"1952e28681dc50e849f6e61ceee095896e48cff82cb449bb0526c44895b24e9b"	"line 163"	"MesIngest Watch Operations and Scalable Read Model > Documentation Outputs"	"ADR-mes-0009: DemandChangeFeed 与有限保留 Bootstrap 契约。"	"ADR-mes-0009: DemandChangeFeed 与有限保留 Bootstrap 契约。"	"1d39ddc030f25bd8873e7eacc77dbb01506949e0d20fb63b197d61b75249ff68"	"source-status-test-or-implementation-history-evidence"	"ready-for-agent-and-self-described-confirmed-internal-spec-without-four-factor-requirement-approval"	"historical-MesIngest-watch-operations-scope-current-applicability-needs-source-binding-and-reapproval"	"evidence-only"	"document-route:R12-candidate; unit-kind:markdown-flow-or-list-item; source-document-class:R12-SPEC-MIXED; current-applicability:MesIngest Watch Operations implementation spec; possible decision summaries are mixed with architecture, defaults, UI/API and delivery design.; ledger-history:Created from internal planning and upstream MES/ADR material; ready-for-agent or confirmed wording is not a four-element approval record.; upstream-reference:MesIngest-Phase-1-spec"	"BOUND-R12-001"	"not-approved"	"evidence-only-not-an-approval-unit;named-approver;approval-date;approved-scope;version-or-sha256-binding"
"R12-A0300"	"R12"	"R12-50"	".scratch/mes-ingest-watch-operations/spec.md"	"1952e28681dc50e849f6e61ceee095896e48cff82cb449bb0526c44895b24e9b"	"line 164"	"MesIngest Watch Operations and Scalable Read Model > Documentation Outputs"	"Implementation tickets under `.scratch/mes-ingest-watch-operations/issues/`。"	"Implementation tickets under `.scratch/mes-ingest-watch-operations/issues/`。"	"88bdd3cb81aa8154884ccdffaf5456221fab0d604cb9934908d43f6ffe2c6a53"	"source-status-test-or-implementation-history-evidence"	"ready-for-agent-and-self-described-confirmed-internal-spec-without-four-factor-requirement-approval"	"historical-MesIngest-watch-operations-scope-current-applicability-needs-source-binding-and-reapproval"	"evidence-only"	"document-route:R12-candidate; unit-kind:markdown-flow-or-list-item; source-document-class:R12-SPEC-MIXED; current-applicability:MesIngest Watch Operations implementation spec; possible decision summaries are mixed with architecture, defaults, UI/API and delivery design.; ledger-history:Created from internal planning and upstream MES/ADR material; ready-for-agent or confirmed wording is not a four-element approval record.; upstream-reference:MesIngest-Phase-1-spec"	"BOUND-R12-001"	"not-approved"	"evidence-only-not-an-approval-unit;named-approver;approval-date;approved-scope;version-or-sha256-binding"
