"record_id"	"batch_id"	"path"	"sha256"	"bytes"	"inventory_snapshot_git_status"	"effective_snapshot_git_status"	"inventory_material_role"	"document_class"	"source_type"	"current_applicability"	"history_or_derivation"	"approval_named_authorizer"	"approval_date"	"approval_scope"	"approval_version_binding"	"document_approval_state"	"atomic_requirement_extraction_route"	"evidence_or_conflict_pointers"	"investigation_pointer"
"R01-01"	"R01"	"mes/宿迁长电AGV项目MES数据接口需求确认.md"	"d205a6816f8216bacd46f3527755fdc9a6767e50246bb8eedf54cad752a3753b"	"397"	"untracked"	"tracked-clean"	"candidate-source"	"已废弃内容的迁移指针/追踪辅助，不是需求权威源"	"已废弃内容的迁移指针/追踪辅助，不是需求权威源"	"无具名批准、批准日期、批准范围或版本绑定。迁移声明只证明仓库维护关系，不批准目标文档。当前项目中仅适合作为历史路径与迁移指针。 对其原有需求内容可判为“已有明确替代/迁移”；对指向的新正文仍无权威批准。文档级分类：**已废弃内容的迁移指针/追踪辅助，不是需求权威源**。"	"当前内容只有“文档已迁移”指针。Git 最早见于 `96eb203...`（2026-07-13 08:32:32+08:00），后经 `0b2246c...`、`48a74dc...`，在 `5718541...`（2026-07-16 22:04:27+08:00）改成迁移状态。 明确指定 [R01-04](../../../../mes/docs/宿迁长电AGV项目MES数据接口需求确认.md) 为“唯一维护版本”，并禁止维护第二份副本；本文件不再承载需求正文。"	"not-found"	"not-found"	"not-found"	"not-found"	"not-approved-by-this-classification"	"do-not-extract-from-this-document"	"不从本文件提取原子需求；所有候选转至 R01-04，并保留本路径作为迁移链证据。; detailed evidence gaps and any conflict candidates: R01-customer-project-source-materials.md section R01-01"	"R01-customer-project-source-materials.md#R01-01"
"R01-02"	"R01"	"mes/AGV系统业务与MES任务模型.md"	"f3e89600fa496fb0a4fe7c66cf694debcfe20de84a8d9e0adda676b69a755c4a"	"212"	"untracked"	"tracked-clean"	"candidate-source"	"已废弃内容的迁移指针/追踪辅助，不是需求权威源"	"已废弃内容的迁移指针/追踪辅助，不是需求权威源"	"无具名批准或版本绑定；当前只适合作为迁移链证据。 文档级分类：**已废弃内容的迁移指针/追踪辅助，不是需求权威源**。"	"Git 最早见于 `96eb203...`，在 `5718541...`（2026-07-16）改为迁移指针。 明确指定 [R01-05](../../../../mes/docs/AGV系统业务与MES任务模型.md) 为“唯一维护版本”，禁止维护副本。"	"not-found"	"not-found"	"not-found"	"not-found"	"not-approved-by-this-classification"	"do-not-extract-from-this-document"	"不提取需求；候选转至 R01-05。; detailed evidence gaps and any conflict candidates: R01-customer-project-source-materials.md section R01-02"	"R01-customer-project-source-materials.md#R01-02"
"R01-03"	"R01"	"mes/docs/待处理事项清单-MES-RIOT-应用.docx"	"966aec692696684299439c170b1a88dab7e9a3b3c0820c8c6417542d6c83980e"	"43123"	"untracked"	"tracked-clean"	"candidate-source"	"来源未知的内部工作清单/历史状态证据"	"来源未知的内部工作清单/历史状态证据"	"没有签名、批准人、批准日期、批准范围或具体版本认可。文本中的“客户曾确认”“口头确认”“现场已确认”“IT 群已询问”等均未具名、未附记录；多处又明确“规则待书面确认”“待确认”。当前项目中可作为 2026-07-17 风险/沟通线索，不可作为当前需求或完成状态。 缺会议/群聊原文、参加者身份、口头确认主体、反馈日期及每项结论对应版本。文档级分类：**来源未知的内部工作清单/历史状态证据**。"	"正文自称“整理日期：2026-07-17”，是内部 MES、RIOT、应用和客户沟通待办汇总；Git 在 `e6dc9ea...`（2026-07-23 08:17:46+08:00）首次加入。OOXML `creator=python-docx`、`description=generated by python-docx`，且 core 时间为 python-docx 默认的 2013-12-23，不能当作真实形成时间；正文日期与首次 Git 捕获才是可核查的上下界线索。 单一 Git 版本，无修订标记、批注或嵌入媒体。内容记录“第六类 SQL 未反馈”等 2026-07-17 状态；R01-04/05 后续已经出现第六类任务，因此只能证明当时的待办快照，不能当作当前状态。此为有日期支持的时间范围差异，不是仅凭“较新文件”推断替代。"	"not-found"	"not-found"	"not-found"	"not-found"	"not-approved-by-this-classification"	"candidate-only-after-atomic-decomposition-evidence-review-and-explicit-approval"	"按 `M-*`、`MC-*`、`R-*`、`RC-*`、`A-*`、`AC-*` 和第六章 6 项问题拆分；每项分别追到后续解决材料或保留为待确认，不把“建议动作”提取为客户需求。; detailed evidence gaps and any conflict candidates: R01-customer-project-source-materials.md section R01-03"	"R01-customer-project-source-materials.md#R01-03"
"R01-04"	"R01"	"mes/docs/宿迁长电AGV项目MES数据接口需求确认.md"	"294f2fff9b8bf58ff30b74f44dd1aab6f3551fcc505efed571890c0c23e9109b"	"14751"	"untracked"	"tracked-clean"	"candidate-source"	"来源未知的混合内部汇总（含客户来源声明、未确认标签和待确认项）"	"来源未知的混合内部汇总（含客户来源声明、未确认标签和待确认项）"	"**未发现合格的具名批准证据。** 第 4 节“已确认结论”没有确认人、日期、范围或文档哈希；第 5.1(3) 还明确把“当前 7 字段正式查询的最终版本、执行计划和客户批准记录”列为待确认。第 6 节规定未来 evidence 必须保存批准信息，反证本文件自述标签不能替代批准记录。 缺查询交付/批准原件、各“已确认结论”的具名决策记录、适用车辆/站点/上线版本绑定，以及引用 evidence 的完整核验。文档级分类：**来源未知的混合内部汇总（含客户来源声明、未确认标签和待确认项）**。"	"Git 在 `5718541...`（2026-07-16）加入 `mes/docs/`，后由 `ffe1f49...`（2026-07-27）和 `493ac5a...`（2026-07-31）修改。正文称记录业务问题、接口契约、已确认结论和待确认项，并称客户 IT 提供/批准查询；未附客户 IT 的姓名、授权、邮件、会议记录或批准对象哈希。 R01-01 明确把本文件指定为唯一维护版本；它又把机器可执行查询移到 `mes/catalog`/`mes/queries`，把生产证据移到 `mes/evidence`。因此本文件是业务/契约汇总，不是 SQL 字节本身；R01-06～09 是其声称的客户来源快照链的一部分。"	"not-found"	"not-found"	"not-found"	"not-found"	"not-approved-by-this-classification"	"candidate-only-after-atomic-decomposition-evidence-review-and-explicit-approval"	"逐条拆分 1.2 六类任务、1.3 接入规则、1.4 消失处理、1.5 多仓位、1.6 AREA 映射、2.1～2.5 查询契约、3 性能/安全、4(1～8) 自称已确认结论与 5(1～12) 待确认项；每条绑定相应查询/证据哈希后再分类。; detailed evidence gaps and any conflict candidates: R01-customer-project-source-materials.md section R01-04"	"R01-customer-project-source-materials.md#R01-04"
"R01-05"	"R01"	"mes/docs/AGV系统业务与MES任务模型.md"	"8d9210c25ea5f260131b42d60eb0734b09d2db89b8258b20f7ce5fdbe88da487"	"59036"	"untracked"	"tracked-clean"	"candidate-source"	"来源未知的混合内部综合文档"	"来源未知的混合内部综合文档"	"**无。** 文档自定义“已确认/建议实现/待确认”标签，但没有任何标签对应的具名确认人、日期、授权范围或版本哈希。第 13 节保留大量待确认，第 13.3 又以日期写“决策”，仍未连接决策记录。 缺原始沟通记录、逐条标签来源、批准人/范围、内部链接的版本冻结与冲突裁决。没有证据证明本文由 AI 生成或修改；“用于 AI 协作”不能单独触发 AI 未确认分类。文档级分类：**来源未知的混合内部综合文档**。"	"文首称为设计、开发与 AI 协作上下文，整合 R01-04 的 MES 契约和“需求沟通中已经确认”的流程/规则。Git 最早来自根部 R01-02（`96eb203...`），在 `5718541...` 以 66% 相似度复制到 `mes/docs/`，后经 `e6dc9ea...`、`ffe1f49...`、`493ac5a...` 持续扩展；R01-02 随后成为迁移指针。 是迁移后维护版兼内部综合模型，不是 R01-04 的重复；它吸收 R01-04、内部 UC/BR/ADR 风格链接和开发约束。第 10 节还明确指出其 AREA 自动派生模型与既有 UC-024/BR-003 的人工版本化映射口径有差异，须后续统一评审。"	"not-found"	"not-found"	"not-found"	"not-found"	"not-approved-by-this-classification"	"candidate-only-after-atomic-decomposition-evidence-review-and-explicit-approval"	"按第 3 节六类任务、第 4～7 节 MES 契约/状态、第 8～12 节多仓位/花篮/映射/流程/边界、第 13 节待定/关闭项和第 14 节实现约束拆分；第 10 节映射口径差异及第 13 节未决项进入后续冲突/待查清单。; detailed evidence gaps and any conflict candidates: R01-customer-project-source-materials.md section R01-05"	"R01-customer-project-source-materials.md#R01-05"
"R01-06"	"R01"	"mes/sources/customer/2026-07-16/mes-task-original-queries/README.md"	"65b681e80ac99b31dde74cddd01fd949bfbd70a809fc546dba959d25902e3637"	"1286"	"tracked-clean"	"tracked-clean"	"candidate-source"	"来源未知（带内部客户来源声明的快照索引）"	"来源未知（带内部客户来源声明的快照索引）"	"只声明“客户原始 SQL 快照”及实验/差异研究边界；没有具名批准。当前适用性仅能验证为追溯/实验来源说明，不能证明 SQL 业务规则当前有效或已批准。 缺交付身份、交付原件、批准记录及客户版本号。文档级分类：**来源未知（带内部客户来源声明的快照索引）**。"	"文内称 2026-07-16 从仓库既有五个 `original_queries` 归档客户原始 SQL；Git 在 `5718541...` 首次加入，`ffe1f49...`（2026-07-27）修改。未附客户姓名、交付邮件/会议纪要、原交付包哈希或归档操作者的可核查记录。 与 R01-09 是“五类旧快照/第六类新增快照”的并列、不覆盖关系；README 明确这些来源查询不进入运行时 catalog，正式查询指向 `MES_TASK_UNION`。"	"not-found"	"not-found"	"not-found"	"not-found"	"not-approved-by-this-classification"	"do-not-extract-from-this-document"	"后续逐个关联实际 SQL 哈希与 R01-04/R01-05 中五类任务映射，核对字段、筛选、有效期和客户确认；README 本身不生成需求条目。; detailed evidence gaps and any conflict candidates: R01-customer-project-source-materials.md section R01-06"	"R01-customer-project-source-materials.md#R01-06"
"R01-07"	"R01"	"mes/sources/customer/2026-07-16/operator-identity/README.md"	"ff0298b681634bf0bfea2be00b3caef471e1472a3499b25efb265e04edeb1a15"	"793"	"tracked-clean"	"tracked-clean"	"candidate-source"	"来源未知（局部派生关系可核查的来源快照说明）"	"来源未知（局部派生关系可核查的来源快照说明）"	"自述的“正式”不是批准证据。适用边界明确为追溯和差异研究、不得运行时加载。 缺原始交付、版本/哈希链、具名批准和权限范围。文档级分类：**来源未知（局部派生关系可核查的来源快照说明）**。"	"`5718541...` 首次加入。称来源是客户提供且写入 R01-04 第 7 节的查询定义与旧路径 SQL；未具名客户提供者或交接证据。 把 `query.sql` 定义为 2026-07-16 当时“最新正式 SQL”的来源快照，并明确不是另一个正式版本；运行时对应 `OP_OPERATOR_IDENTITY` 查询包。"	"not-found"	"not-found"	"not-found"	"not-found"	"not-approved-by-this-classification"	"candidate-only-after-atomic-decomposition-evidence-review-and-explicit-approval"	"核对 R01-04 第 7 节、旧 SQL、快照 SQL、正式查询包四方差异；把“工号→姓名/权限边界”拆分处理。; detailed evidence gaps and any conflict candidates: R01-customer-project-source-materials.md section R01-07"	"R01-customer-project-source-materials.md#R01-07"
"R01-08"	"R01"	"mes/sources/customer/2026-07-16/sublot-box-count/README.md"	"019aa8030935017b0ed86982f1fe76d5ef9ff39d54a9a28c36ebff0885988cd2"	"784"	"tracked-clean"	"tracked-clean"	"candidate-source"	"来源未知（局部派生关系可核查的来源快照说明）"	"来源未知（局部派生关系可核查的来源快照说明）"	"只明确追溯/研究用途并禁止运行时依赖；不能证明查询逻辑当前有效。 文档级分类：**来源未知（局部派生关系可核查的来源快照说明）**。"	"`5718541...` 首次加入。称来源是客户提供且写入 R01-04 第 6 节的查询定义与旧路径 SQL；没有交接人或客户批准证据。 `query.sql` 是 2026-07-16 来源快照，不另立正式版本；运行时对应 `SUBLOT_BOX_COUNT` 查询包。"	"not-found"	"not-found"	"not-found"	"not-found"	"not-approved-by-this-classification"	"candidate-only-after-atomic-decomposition-evidence-review-and-explicit-approval"	"核对 R01-04 第 6 节和查询文件，分别提取输入键、计数语义、缺失/多行处理及适用产品范围。; detailed evidence gaps and any conflict candidates: R01-customer-project-source-materials.md section R01-08"	"R01-customer-project-source-materials.md#R01-08"
"R01-09"	"R01"	"mes/sources/customer/2026-07-24/mes-task-original-queries/README.md"	"3c94d4580f4f4e25ab3cf4a34ad4b1675384a07da70a19d78f98b0986c55b070"	"1195"	"tracked-clean"	"tracked-clean"	"candidate-source"	"来源未知（带内部客户来源声明的增量快照索引）"	"来源未知（带内部客户来源声明的增量快照索引）"	"没有具名客户、批准范围或原交付包。当前只可作为新增来源的内部归档声明。 文档级分类：**来源未知（带内部客户来源声明的增量快照索引）**。"	"文内称归档客户新增第六类 `WIRE_TO_NITROGEN` SQL；Git 在 `ffe1f49...`（2026-07-27）以与 R01-06 54% 相似复制加入。目录日期不是交付批准日期证据。 明确补充 R01-06 的五类快照且不覆盖；两份 README 共享用途/运行边界文字，实际 SQL 合并到同一 `MES_TASK_UNION` 正式查询。"	"not-found"	"not-found"	"not-found"	"not-found"	"not-approved-by-this-classification"	"candidate-only-after-atomic-decomposition-evidence-review-and-explicit-approval"	"将第六类的业务方向、筛选条件、字段和生效时间单独与 R01-04/R01-05 对齐，不能因“新增”自动覆盖或扩展前五类。; detailed evidence gaps and any conflict candidates: R01-customer-project-source-materials.md section R01-09"	"R01-customer-project-source-materials.md#R01-09"
"R01-10"	"R01"	"project_agreements/20260527-新基智能AGV小车技术协议-TR前线.docx"	"695a2a10310e53d6b15df52e865a0222127943ec204bdd46269b36dcd28ef32f"	"54714"	"untracked"	"tracked-clean"	"candidate-source"	"来源未知的未生效/未签署技术协议候选"	"来源未知的未生效/未签署技术协议候选"	"**未批准。** 签约日期、合同号、甲乙方盖章、双方技术代表人、电话等均为空。正文第 10.6(32) 要求双方签字后生效，第 10.6(33) 要求长电设备处评审和技术负责人签字，第 12.1 又要求双方签字盖章；当前 OOXML 未见这些完成证据。`lastModifiedBy` 不能替代签字或授权。 缺签字盖章页、DCC/评审记录、有效合同附件关系、合同号、签订日期和最终不可变版本。文档级分类：**来源未知的未生效/未签署技术协议候选**。"	"OOXML 标题为“设备技术协议签订书”，列甲方长电科技（宿迁）有限公司、乙方江阴新基电子设备有限公司；core 元数据 `creator=NTKO`、`lastModifiedBy=Wu Shuo 吴硕(D8-TR前线设备)`、创建 2024-12-03、修改 2026-05-26。文件名写 20260527，Git 在 `96eb203...`（2026-07-13）首次捕获。上述时间/作者只算元数据，不是批准。"	"not-found"	"not-found"	"not-found"	"not-found"	"not-approved-by-this-classification"	"candidate-only-after-atomic-decomposition-evidence-review-and-explicit-approval"	"优先拆第 4 条项目范围、第 10.1 基本配置、第 10.4 性能、第 10.6 售后/生效、第 10.7～10.9 验收；模板通用条款与已填项目特定条款分开，签署状态补齐前均不得批准。; detailed evidence gaps and any conflict candidates: R01-customer-project-source-materials.md section R01-10"	"R01-customer-project-source-materials.md#R01-10"
"R01-11"	"R01"	"project_agreements/生产指令书-8005 多仓位AGV.docx"	"be81a977929b6a3ae78488cc7fac7c9a9d16d2ba11c1b594cf2c505adc6cb4a9"	"35632"	"untracked"	"tracked-clean"	"candidate-source"	"来源未知的内部生产计划/项目身份记录"	"来源未知的内部生产计划/项目身份记录"	"列出责任人与项目专案/监管人，不等于批准。没有签字、审批动作、批准日期、授权范围或版本绑定；元数据 `creator=hj`、`lastModifiedBy=工 沈` 也不是批准证据。 缺生产指令审批流程、签发人/签发日期、版本 B 的前后版本与变更原因、实际完成记录。文档级分类：**来源未知的内部生产计划/项目身份记录**。"	"正文版本 B、编号 `QR-8.5-02`、订单号 `26/06/08-8005`、型号 `AGV300E8D`、数量 `3台300E`、交期 2026-07-24，并列 13 项计划与责任人；项目专案人/监管人均写沈竹逸。core 元数据创建 2019-07-25、最后打印 2026-06-10、修改 2026-06-11，Git 于 `96eb203...` 捕获。 单一 Git 版本；OOXML 无修订、批注、数字签名或媒体。R01-12 逐行重现其 13 行“工作内容/计划时间/责任人”表，构成内容级派生关系；R01-17 的“8005、3 台、300E”与本文件一致，但未建立正式引用。"	"not-found"	"not-found"	"not-found"	"not-found"	"not-approved-by-this-classification"	"candidate-only-after-atomic-decomposition-evidence-review-and-explicit-approval"	"项目标识、数量/型号/成本/交期、13 项工作计划、责任人与项目管理角色分别提取；技术需求只把数量/型号作为候选范围，不把责任分工当系统需求。; detailed evidence gaps and any conflict candidates: R01-customer-project-source-materials.md section R01-11"	"R01-customer-project-source-materials.md#R01-11"
"R01-12"	"R01"	"project_agreements/项目分工和计划时间.png"	"5f3dc4868dd8240f51ff57c6cb4e9243905686177df4bfe556b59b294cdd8d71"	"36588"	"untracked"	"tracked-clean"	"candidate-source"	"追踪辅助的疑似派生图片；上游亦未获批准"	"追踪辅助的疑似派生图片；上游亦未获批准"	"图内姓名只表示责任分工；没有批准人、签名、版本号或适用范围。当前仅可辅助读取历史计划，不证明计划完成或需求批准。 缺原图生成方式、源文档版本哈希、截图者和使用场景。文档级分类：**追踪辅助的疑似派生图片；上游亦未获批准**。"	"652×508 RGB PNG，无内嵌 PNG 文本/作者/时间元数据；Git 在 `96eb203...` 捕获。视觉检查显示 13 行工作分工、计划时间与责任人表。 图中行序、文字、日期和责任人与 R01-11 的 13 行表一致，且去掉了指令书其余字段。**推断：** 它很可能是 R01-11 表格的截图/裁剪；因没有内嵌来源链接或生成记录，不能把推断提升为已验证转换链。"	"not-found"	"not-found"	"not-found"	"not-found"	"not-approved-by-this-classification"	"do-not-extract-from-this-document"	"不重复生成需求条目；把每行链接回 R01-11 对应计划行，并保留图像哈希作为展示附件。; detailed evidence gaps and any conflict candidates: R01-customer-project-source-materials.md section R01-12"	"R01-customer-project-source-materials.md#R01-12"
"R01-13"	"R01"	"requirement-documents/07-customer-deliverables/客户需求讨论稿-多仓位AGV系统.md"	"8cdfda0e780e60ac096ac03f5864134c5584611804305ddf4bd3e4ef58082118"	"70851"	"untracked"	"tracked-clean"	"candidate-source"	"来源未知的客户面向讨论草稿（混合候选、内部推导、待确认和自称关闭项）"	"来源未知的客户面向讨论草稿（混合候选、内部推导、待确认和自称关闭项）"	"**无。** 文件明确是讨论稿；第 7 章列待客户确认，第 7.3 虽标“已关闭事项”，仍未给出具名客户、会议/邮件、日期或版本哈希。正文“已确认”只能作为待追溯标签。 缺实际发送记录、收件/参与人、逐项客户答复、确认回写记录及 7 月 31 日版本是否重新对外讨论。文档级分类：**来源未知的客户面向讨论草稿（混合候选、内部推导、待确认和自称关闭项）**。"	"标题为宿迁长电多仓位 AGV 系统需求讨论稿，元表写“版本：草稿、日期：2026-07-14、用途：供客户讨论；非正式合同文本，不作为验收或商务承诺依据”。Git 在 `ecd0fd8...`（2026-07-15）加入，`493ac5a...`（2026-07-31）修改。 R01-16 指定它为 Markdown 源稿、R01-14 为 Pandoc Word。Git 差异显示 7 月 31 日版本相对初始稿有 102 行增加/75 行删除，包括五类→六类任务、花篮模型、本站结束/超时、硬件恢复权限等实质变化；因此当前固定 Markdown **不是** R01-14 的相同版本，R01-14 是 7 月 14 日冻结衍生物。"	"not-found"	"not-found"	"not-found"	"not-found"	"not-approved-by-this-classification"	"candidate-only-after-atomic-decomposition-evidence-review-and-explicit-approval"	"元数据/用途单独保留；按第 2～5 章背景/边界/角色/BR、第 6 章每个 UC、第 7.1/7.2 待确认与第 7.3 自称关闭逐项拆分。特别标记 7 月 31 日新增/改写条目，不能继承 R01-14 的任何外发范围。; detailed evidence gaps and any conflict candidates: R01-customer-project-source-materials.md section R01-13"	"R01-customer-project-source-materials.md#R01-13"
"R01-14"	"R01"	"requirement-documents/07-customer-deliverables/宿迁长电多仓位AGV系统-需求讨论稿-2026-07-14.docx"	"b9d895560341b089f6849ccedb038ec6edb34faa783b617a667bb8c121214828"	"93179"	"untracked"	"tracked-clean"	"candidate-source"	"可验证生成关系的未确认讨论稿衍生物"	"可验证生成关系的未确认讨论稿衍生物"	"**无。** 未发现签名、盖章、客户批注、发送/收件记录或逐项确认。DOCX 可外发格式及日期不证明已发送，更不证明客户批准。 缺实际发件证据、客户反馈版、批注/红线和批准结果；因上游 R01-13 未获权威批准，虽然生成关系明确，也未达到治理规则所称“可追溯派生文档”的权威等级。文档级分类：**可验证生成关系的未确认讨论稿衍生物**。"	"R01-16 给出 Pandoc 从 R01-13 生成本 DOCX 的命令；OOXML core `created=modified=2026-07-14T03:52:41Z`，Git 在 `ecd0fd8...`（2026-07-15）加入。无 creator 字段，不能具名归因。 OOXML 无修订标记和正文批注引用；内嵌 `word/media/rId15.png` 的 SHA-256 为 `917293...`，与 R01-15 精确一致。正文明确“版本：草稿”“非正式合同文本”；只含当时五类任务/旧花篮等口径，未包含 R01-13 在 7 月 31 日的实质更新。"	"not-found"	"not-found"	"not-found"	"not-found"	"not-approved-by-this-classification"	"candidate-only-after-atomic-decomposition-evidence-review-and-explicit-approval"	"只对 7 月 14 日版本提取当时章节/UC/BR；用 Git 差异把它与 R01-13 后续新增条目隔离，所有外发/确认问题按该哈希追查。; detailed evidence gaps and any conflict candidates: R01-customer-project-source-materials.md section R01-14"	"R01-customer-project-source-materials.md#R01-14"
"R01-15"	"R01"	"requirement-documents/07-customer-deliverables/assets/system-context.png"	"917293dd7ca12a988e881c6565056830b0e8ed3e1197bf7e579da00290b67559"	"48948"	"tracked-clean"	"tracked-clean"	"candidate-source"	"可验证嵌入/引用关系的未确认示意图"	"可验证嵌入/引用关系的未确认示意图"	"无签名、批准或范围说明。它与当前讨论稿第 3.1 节边界叙述相符，可作为图形候选，但不是独立的批准证据。 缺制图源、作者、变更历史、客户确认和图中每条边的版本绑定。文档级分类：**可验证嵌入/引用关系的未确认示意图**。"	"784×257 RGB PNG，无内嵌 PNG 作者/时间元数据；Git 在 `ecd0fd8...` 加入。视觉内容将“多仓位 AGV 系统”置于边界内，外部为现场用户、MES、RCS/RIOT、AGV、IO 模块、电子锁、光幕。 R01-16 指定其为系统边界图；其字节以同一哈希嵌入 R01-14，R01-13 当前版继续引用同一路径。因此图像作为两个文本版本共享附件，不能自动继承任一文本的后续细节。"	"not-found"	"not-found"	"not-found"	"not-found"	"not-approved-by-this-classification"	"candidate-only-after-atomic-decomposition-evidence-review-and-explicit-approval"	"逐条提取系统边界内外实体和每条数据/控制流，绑定 R01-13 第 3 节；若文字与图冲突，以冲突候选登记，不自行让图或文字优先。; detailed evidence gaps and any conflict candidates: R01-customer-project-source-materials.md section R01-15"	"R01-customer-project-source-materials.md#R01-15"
"R01-16"	"R01"	"requirement-documents/07-customer-deliverables/README.md"	"86ef4e8f63807286a4e7f8f8c073089071e94bbbd8978bec0a95108d67aab7a8"	"670"	"tracked-clean"	"tracked-clean"	"candidate-source"	"追踪辅助/生成索引；因上游未获权威确认，不达到“可追溯派生文档”权威等级"	"追踪辅助/生成索引；因上游未获权威确认，不达到“可追溯派生文档”权威等级"	"无发送记录、收件人、客户反馈或批准；“可直接发给客户”只描述用途。 文档级分类：**追踪辅助/生成索引；因上游未获权威确认，不达到“可追溯派生文档”权威等级**。"	"Git 在 `ecd0fd8...`（2026-07-15 12:58:05+08:00）加入，描述该目录为面向客户讨论的交付物集合。 明确 R01-13 是 Markdown 源稿，R01-14 是 Pandoc 生成的 Word，R01-15 是系统边界图，并给出可重复生成命令。这证明包装/派生关系，不证明 R01-14 与当前 R01-13 字节仍完全一致。"	"not-found"	"not-found"	"not-found"	"not-found"	"not-approved-by-this-classification"	"do-not-extract-from-this-document"	"不提取需求；保留为 R01-13/14/15 三者关系证据。; detailed evidence gaps and any conflict candidates: R01-customer-project-source-materials.md section R01-16"	"R01-customer-project-source-materials.md#R01-16"
"R01-17"	"R01"	"requirement-documents/简易需求文档.md"	"058ada6be83bb9f97adb481880b424dd77859f18a819f2d92df39ffc5838cd50"	"15944"	"untracked"	"tracked-clean"	"candidate-source"	"来源未知的内部早期/简化需求草稿"	"来源未知的内部早期/简化需求草稿"	"无。文中“由供应商/IT/开发确认”“待确认”和“现场如需特批”是未来条件，不是已经完成的批准。 缺与项目协议/客户沟通的逐条来源链、版本标记、变更理由和批准。文档级分类：**来源未知的内部早期/简化需求草稿**。"	"标题“8005 多仓位 AGV”，注释说明 8005 是公司项目编号；正文无作者、成文日期、来源清单或批准记录。Git 在 `96eb203...`（2026-07-13）加入，`493ac5a...`（2026-07-31）修改。 与 R01-10/11 的 3 台、300E、8 仓和项目范围重叠，与 R01-19 的角色/场景互引；未证明从协议逐字转换。它与 R01-04/05/R01-13 不是重复且存在候选冲突：任务去重写 `product_lot + machine_no + finish_time` 或事务 ID，而 R01-04/05 写 `TASK_TYPE + SUBLOT`；第 6.5/7.1/7.5 含 MES 完工回写，而 R01-04/05/R01-13 明确当前阶段只读 MES。"	"not-found"	"not-found"	"not-found"	"not-found"	"not-approved-by-this-classification"	"candidate-only-after-atomic-decomposition-evidence-review-and-explicit-approval"	"第 2 节六场景、第 3～4 节设备/搬运参数、第 5 节流程、第 6 节功能、第 7 节接口和第 8 节异常安全逐项拆分；优先标记幂等键、MES 回写、场景枚举、仓位状态、RIOT/IO 协议为冲突扫描候选。; detailed evidence gaps and any conflict candidates: R01-customer-project-source-materials.md section R01-17"	"R01-customer-project-source-materials.md#R01-17"
"R01-18"	"R01"	"requirement-documents/FR的可能来源.md"	"1ef3ae709a2218fe25e25e9966d918c36539d07e3f3a937c83def2d5a434bc59"	"10601"	"untracked"	"tracked-clean"	"candidate-source"	"来源未知的通用分析方法笔记，不是项目需求源"	"来源未知的通用分析方法笔记，不是项目需求源"	"无。问答语气和“你之前考虑的”可能让人怀疑来自 AI/对话，但没有可核查生成记录，故不能擅自分类为“AI 生成或修改”。 缺作者/来源、适用目的、引用许可和任何项目批准。文档级分类：**来源未知的通用分析方法笔记，不是项目需求源**。"	"以“那如果系统内部的 FR 应该从哪里提取出来”开头，是关于从业务规则、状态、数据、接口、异常、运维等推导 FR 的说明/问答式笔记；无作者、日期、引用、项目标识或批准记录。Git 在 `ecd0fd8...`（2026-07-15）一次加入。 单一 Git 版本；示例主要是柜格/退料/发料，末尾明确部分 FR 属于分析人员按正确性、完整性、恢复需要推导的派生需求。没有与 R01 其它项目文档建立版本或转换链。"	"not-found"	"not-found"	"not-found"	"not-found"	"not-approved-by-this-classification"	"do-not-extract-from-this-document"	"不提取示例为需求；仅把“FR 来源类别”和“需求/设计区分”作为后续分类方法提示，任何实际派生 FR 必须回到所属业务规则/UC/接口证据并单独确认。; detailed evidence gaps and any conflict candidates: R01-customer-project-source-materials.md section R01-18"	"R01-customer-project-source-materials.md#R01-18"
"R01-19"	"R01"	"requirement-documents/user case.md"	"9d682f471346f5fa2b75bad68003f984ad8816b55110df0c35711c92a2f35da5"	"3351"	"tracked-clean"	"tracked-clean"	"candidate-source"	"来源未知的未完成内部草稿"	"来源未知的未完成内部草稿"	"明确含“待确认问题”，没有具名批准；无法证明角色表或用例适用于当前项目版本。 文档级分类：**来源未知的未完成内部草稿**。"	"Git 在 `96eb203...`（2026-07-13）加入；正文没有作者、形成日期、来源交接或批准记录。 引用 `简易需求文档.md` 和 `01-vision-scope.md`；Actor 表与 R01-13 有重叠，但 UC-01 流程在第 47 行中断，维护类用例明确“待补充”，不是完成版或可证明的来源副本。"	"not-found"	"not-found"	"not-found"	"not-found"	"not-approved-by-this-classification"	"candidate-only-after-atomic-decomposition-evidence-review-and-explicit-approval"	"角色 R-01～R-13、角色兼任问题、UC-01 的已写步骤及六类场景映射分别拆分；不得把缺失步骤补全或把编号相同视为与 R01-13 自动相同。; detailed evidence gaps and any conflict candidates: R01-customer-project-source-materials.md section R01-19"	"R01-customer-project-source-materials.md#R01-19"
"R02-01"	"R02"	"requirement-documents/_templates/template-business-rule.md"	"ba14637d8a90c445579985f701599aa915186a57311c2ab642802c138d7567b4"	"702"	"tracked-clean"	"tracked-clean"	"template-or-index"	"纯记录结构/模板"	"纯记录结构/模板"	"**纯记录结构/模板**；可继续用于建档，不提取需求。后续对实例逐条核实 Source。"	"[template-business-rule.md](../../../../requirement-documents/_templates/template-business-rule.md) `ba14637d8a90`；`96` 新增; Templater 脚本只生成 BR 编号、`draft` 字段与 Rule/Rationale/Source/Related 空节；全为 `TBD`"	"not-found"	"not-found"	"not-found"	"not-found"	"not-approved-by-this-classification"	"do-not-extract-from-this-document"	"无；不存在可批准的实例内容; **纯记录结构/模板**；可继续用于建档，不提取需求。后续对实例逐条核实 Source。; detailed record: R02-requirements-framing-and-business-rules.md matrix row 01"	"R02-requirements-framing-and-business-rules.md:21"
"R02-02"	"R02"	"requirement-documents/_templates/template-decision-record.md"	"ba0310a4996e944c2fddc65f64001a57fc05e6a955f978661fcd85fa376334c5"	"666"	"tracked-clean"	"tracked-clean"	"template-or-index"	"纯记录结构/模板"	"纯记录结构/模板"	"**纯记录结构/模板**；不得从 `decided` 反推批准。"	"[template-decision-record.md](../../../../requirement-documents/_templates/template-decision-record.md) `ba0310a4996e`；`96`; 决策记录空壳；默认 `status: decided` 是模板字段，不是决策行为证据"	"not-found"	"not-found"	"not-found"	"not-found"	"not-approved-by-this-classification"	"do-not-extract-from-this-document"	"无；默认状态未绑定任何人/日期/版本; **纯记录结构/模板**；不得从 `decided` 反推批准。; detailed record: R02-requirements-framing-and-business-rules.md matrix row 02"	"R02-requirements-framing-and-business-rules.md:22"
"R02-03"	"R02"	"requirement-documents/_templates/template-functional-requirement.md"	"ba4f4f17fd43186a730af1fdb94dc8585cba59928ca73fd9dc92e75e99cee5bd"	"2002"	"tracked-clean"	"tracked-clean"	"template-or-index"	"纯记录结构/模板"	"纯记录结构/模板"	"**纯记录结构/模板**；只定义粒度与追溯字段，不表达 FR。"	"[template-functional-requirement.md](../../../../requirement-documents/_templates/template-functional-requirement.md) `ba4f4f17fd43`；`96→ec`; 扩充为含 Origin、Given/When/Then、Verification 的 FR 记录形式；内容仍为 `TBD`"	"not-found"	"not-found"	"not-found"	"not-found"	"not-approved-by-this-classification"	"do-not-extract-from-this-document"	"无; **纯记录结构/模板**；只定义粒度与追溯字段，不表达 FR。; detailed record: R02-requirements-framing-and-business-rules.md matrix row 03"	"R02-requirements-framing-and-business-rules.md:23"
"R02-04"	"R02"	"requirement-documents/_templates/template-non-functional-requirement.md"	"c53a8577b8f8b37a100430f522e4693b59aa6398c64e9f80ac97078b7b415ec3"	"2432"	"tracked-clean"	"tracked-clean"	"template-or-index"	"纯记录结构/模板"	"纯记录结构/模板"	"**纯记录结构/模板**；不独立生成质量目标。"	"[template-non-functional-requirement.md](../../../../requirement-documents/_templates/template-non-functional-requirement.md) `c53a8577b8f8`；`ec`; 定义 NFR category、metric、fit criterion、measurement/origin 字段；全为占位"	"not-found"	"not-found"	"not-found"	"not-found"	"not-approved-by-this-classification"	"do-not-extract-from-this-document"	"无; **纯记录结构/模板**；不独立生成质量目标。; detailed record: R02-requirements-framing-and-business-rules.md matrix row 04"	"R02-requirements-framing-and-business-rules.md:24"
"R02-05"	"R02"	"requirement-documents/_templates/template-test-case.md"	"640b7c2d7e8f4b848cd2766b9307cddd8a9fe13d88c1aaa827f89c24513ae02b"	"698"	"tracked-clean"	"tracked-clean"	"template-or-index"	"纯记录结构/模板"	"纯记录结构/模板"	"**纯记录结构/模板**；不是验收结果或需求。"	"[template-test-case.md](../../../../requirement-documents/_templates/template-test-case.md) `640b7c2d7e8f`；`96`; 定义 Preconditions/Steps/Expected/Verifies 空结构"	"not-found"	"not-found"	"not-found"	"not-found"	"not-approved-by-this-classification"	"do-not-extract-from-this-document"	"无; **纯记录结构/模板**；不是验收结果或需求。; detailed record: R02-requirements-framing-and-business-rules.md matrix row 05"	"R02-requirements-framing-and-business-rules.md:25"
"R02-06"	"R02"	"requirement-documents/_templates/template-use-case.md"	"3b2dac1c9c77c3f8181503348c48f3ee421e2939c887ebc4b500560b89ab11a1"	"1211"	"tracked-clean"	"tracked-clean"	"template-or-index"	"纯记录结构/模板"	"纯记录结构/模板"	"**纯记录结构/模板**；不独立表达场景要求。"	"[template-use-case.md](../../../../requirement-documents/_templates/template-use-case.md) `3b2dac1c9c77`；`96`; 定义 Actor/Flow/Assumption 等用例空结构"	"not-found"	"not-found"	"not-found"	"not-found"	"not-approved-by-this-classification"	"do-not-extract-from-this-document"	"无; **纯记录结构/模板**；不独立表达场景要求。; detailed record: R02-requirements-framing-and-business-rules.md matrix row 06"	"R02-requirements-framing-and-business-rules.md:26"
"R02-07"	"R02"	"requirement-documents/00-vision/system-context.md"	"60e2206dc80d105c92db91f519b4ffb7df50cadcca9340eb9481bb3777aeee65"	"7311"	"tracked-clean"	"tracked-clean"	"candidate-requirement"	"来源未知的内部派生边界综合"	"来源未知的内部派生边界综合"	"**来源未知的内部派生边界综合**；对 8005 系统边界有高相关性，但必须按外部实体、接口方向、当前/未来范围拆分并批准。"	"[system-context.md](../../../../requirement-documents/00-vision/system-context.md) `60e2206dc80d`；`0b→ec`; 无 Source 节；以内部 wikilink 综合 stakeholder、UC、BR 和步骤目录，同时区分当前 MES 只读与未来回写 TBD"	"not-found"	"not-found"	"not-found"	"not-found"	"not-approved-by-this-classification"	"candidate-only-after-atomic-decomposition-evidence-review-and-explicit-approval"	"无；没有图/文本版本的具名边界批准; **来源未知的内部派生边界综合**；对 8005 系统边界有高相关性，但必须按外部实体、接口方向、当前/未来范围拆分并批准。; detailed record: R02-requirements-framing-and-business-rules.md matrix row 07"	"R02-requirements-framing-and-business-rules.md:27"
"R02-08"	"R02"	"requirement-documents/00-vision/vision-and-scope.md"	"c5dbdd400b9952e886ab2ef3e12f1ddcfafb7fb90175e9e366973d82f6912070"	"11377"	"tracked-clean"	"tracked-clean"	"candidate-requirement"	"来源未知的混合愿景草稿"	"来源未知的混合愿景草稿"	"**来源未知的混合愿景草稿**；逐条拆背景、目标、成功指标、范围/排除、依赖与优先级，数值指标优先要求原始来源与测量口径。"	"[vision-and-scope.md](../../../../requirement-documents/00-vision/vision-and-scope.md) `c5dbdd400b99`；`96→0b→48→ec`; 无原始访谈/合同引用；混合背景叙述、8 个目标、98%/2%/3 分钟/10 分钟等指标、边界链接、具名干系人和内部派生优先级"	"not-found"	"not-found"	"not-found"	"not-found"	"not-approved-by-this-classification"	"candidate-only-after-atomic-decomposition-evidence-review-and-explicit-approval"	"无；文内人名只是 profile，无批准动作/日期/版本；初始与后续发布范围均“未定”; **来源未知的混合愿景草稿**；逐条拆背景、目标、成功指标、范围/排除、依赖与优先级，数值指标优先要求原始来源与测量口径。; detailed record: R02-requirements-framing-and-business-rules.md matrix row 08"	"R02-requirements-framing-and-business-rules.md:28"
"R02-09"	"R02"	"requirement-documents/01-stakeholders/stakeholders-and-user-classes.md"	"f8d5f0ca428fa84e6f21f6d3a43d375577b6fe3d567316f3ea9221c880894f74"	"8080"	"tracked-clean"	"tracked-clean"	"candidate-requirement"	"来源未知的内部派生角色模型"	"来源未知的内部派生角色模型"	"**来源未知的内部派生角色模型**；按每个角色、职责、兼任、权限和二次认证规则拆分，追回部门负责人/权限矩阵。"	"[stakeholders-and-user-classes.md](../../../../requirement-documents/01-stakeholders/stakeholders-and-user-classes.md) `f8d5f0ca428f`；`96→0b→48→49`; 文首自述将 vision 大类、`简易需求文档.md` 场景与后续 UC/BR 拆成 R-01…R-15；是内部角色/权限综合，不是原始花名册或授权文件"	"not-found"	"not-found"	"not-found"	"not-found"	"not-approved-by-this-classification"	"candidate-only-after-atomic-decomposition-evidence-review-and-explicit-approval"	"无；角色编号、兼任规则和二次认证均未绑定具名业务/安全批准；R-15 登录权限明示待确认; **来源未知的内部派生角色模型**；按每个角色、职责、兼任、权限和二次认证规则拆分，追回部门负责人/权限矩阵。; detailed record: R02-requirements-framing-and-business-rules.md matrix row 09"	"R02-requirements-framing-and-business-rules.md:29"
"R02-10"	"R02"	"requirement-documents/02-business-rules/br-001-dispatch-task-range.md"	"e90caa36f48029ea6c6f7f5129c6a11f898833154fd82daaa44ec3154e1ceb8b"	"7160"	"tracked-clean"	"tracked-clean"	"candidate-requirement"	"部分可追至未批准内部上游的派生 BR"	"部分可追至未批准内部上游的派生 BR"	"**部分可追至未批准内部上游的派生 BR**；拆分任务范围、复合停靠、等待、车载可见性和各 TBD。"	"[BR-001](../../../../requirement-documents/02-business-rules/br-001-dispatch-task-range.md) `e90caa36f480`；`96→0b→ec→49`; Source 将 2026-07-14 复合停靠等追到 MES 模型第 8 节，早期部分仅写“客户现场访谈、AGV/RIOT 调度方案”，无访谈原件"	"not-found"	"not-found"	"not-found"	"not-found"	"not-approved-by-this-classification"	"candidate-only-after-atomic-decomposition-evidence-review-and-explicit-approval"	"无；`status: draft`，“已确认”小标未绑定人/记录/版本; **部分可追至未批准内部上游的派生 BR**；拆分任务范围、复合停靠、等待、车载可见性和各 TBD。; detailed record: R02-requirements-framing-and-business-rules.md matrix row 10"	"R02-requirements-framing-and-business-rules.md:30"
"R02-11"	"R02"	"requirement-documents/02-business-rules/br-002-agv-allocation-eligibility.md"	"dd3acb8484ed4d26397e43671c7f5c2af1e3cee32657ebeab0deaba861aa3045"	"8043"	"tracked-clean"	"tracked-clean"	"candidate-requirement"	"来源未知的内部综合 BR"	"来源未知的内部综合 BR"	"**来源未知的内部综合 BR**；将硬性可分配条件与软排序因子分开原子化。"	"[BR-002](../../../../requirement-documents/02-business-rules/br-002-agv-allocation-eligibility.md) `dd3acb8484ed`；`0b→48→ec`; Source 只有“2026-07-13 需求确认”摘要，另由 BR-014/015 派生优先级/路径排序"	"not-found"	"not-found"	"not-found"	"not-found"	"not-approved-by-this-classification"	"candidate-only-after-atomic-decomposition-evidence-review-and-explicit-approval"	"无；无具名确认记录或适用车型/环境范围; **来源未知的内部综合 BR**；将硬性可分配条件与软排序因子分开原子化。; detailed record: R02-requirements-framing-and-business-rules.md matrix row 11"	"R02-requirements-framing-and-business-rules.md:31"
"R02-12"	"R02"	"requirement-documents/02-business-rules/br-003-area-station-mapping.md"	"7b25e92d5e6617801e0b477479bcfe8c4371d6806049aa00e7ceca0c09b4b70e"	"11034"	"tracked-clean"	"tracked-clean"	"candidate-requirement"	"来源未知的内部建模 BR"	"来源未知的内部建模 BR"	"**来源未知的内部建模 BR**；按表 A、表 B、编码格式、覆盖版本、冻结和 fail-closed 拆分。"	"[BR-003](../../../../requirement-documents/02-business-rules/br-003-area-station-mapping.md) `7b25e92d5e66`；`0b→48`; Source 列三次 2026-07-13 自述确认（初始/两表/诊断颗粒度），无会议/对话或 RCS 接口版本"	"not-found"	"not-found"	"not-found"	"not-found"	"not-approved-by-this-classification"	"candidate-only-after-atomic-decomposition-evidence-review-and-explicit-approval"	"无；无 R-12/R-13 或地图权威方批准; **来源未知的内部建模 BR**；按表 A、表 B、编码格式、覆盖版本、冻结和 fail-closed 拆分。; detailed record: R02-requirements-framing-and-business-rules.md matrix row 12"	"R02-requirements-framing-and-business-rules.md:32"
"R02-13"	"R02"	"requirement-documents/02-business-rules/br-004-workflow-template-matching.md"	"e10d2a634aded29032d0ab939a9b48f7baadb338ea7adca9bc412f9f50220a2b"	"6956"	"tracked-clean"	"tracked-clean"	"candidate-requirement"	"来源未知的内部派生 BR"	"来源未知的内部派生 BR"	"**来源未知的内部派生 BR**；拆匹配输入、候选范围、排序、覆盖、失败语义。"	"[BR-004](../../../../requirement-documents/02-business-rules/br-004-workflow-template-matching.md) `e10d2a634ade`；`0b→48`; Source 只有 2026-07-13 “流程模板需求确认”三点摘要；其余优先级/唯一性/fail-closed 是内部规则展开"	"not-found"	"not-found"	"not-found"	"not-found"	"not-approved-by-this-classification"	"candidate-only-after-atomic-decomposition-evidence-review-and-explicit-approval"	"无; **来源未知的内部派生 BR**；拆匹配输入、候选范围、排序、覆盖、失败语义。; detailed record: R02-requirements-framing-and-business-rules.md matrix row 13"	"R02-requirements-framing-and-business-rules.md:33"
"R02-14"	"R02"	"requirement-documents/02-business-rules/br-005-workflow-template-versioning.md"	"798aad13791f06d7db6e7a1043b4c3439817311bd15ade6e152a872adcc22e53"	"7453"	"tracked-clean"	"tracked-clean"	"candidate-requirement"	"来源未知的内部派生 BR"	"来源未知的内部派生 BR"	"**来源未知的内部派生 BR**；状态转换、新版影响范围、迁移禁止、发布/停用分别原子化。"	"[BR-005](../../../../requirement-documents/02-business-rules/br-005-workflow-template-versioning.md) `798aad13791f`；`0b`; Source 仅 2026-07-13 模板状态/不可变快照/二次认证摘要；无上游原件"	"not-found"	"not-found"	"not-found"	"not-found"	"not-approved-by-this-classification"	"candidate-only-after-atomic-decomposition-evidence-review-and-explicit-approval"	"无; **来源未知的内部派生 BR**；状态转换、新版影响范围、迁移禁止、发布/停用分别原子化。; detailed record: R02-requirements-framing-and-business-rules.md matrix row 14"	"R02-requirements-framing-and-business-rules.md:34"
"R02-15"	"R02"	"requirement-documents/02-business-rules/br-006-workflow-step-execution.md"	"0ff765a61ad43e3ad9b30fdcf43b7c1c3c8999837c7bc7213a7dd45cda22c7a4"	"9612"	"tracked-clean"	"tracked-clean"	"candidate-requirement"	"来源未知的内部派生 BR"	"来源未知的内部派生 BR"	"**来源未知的内部派生 BR**；将控制结构、状态、重试、人工处置、安全步骤拆分。"	"[BR-006](../../../../requirement-documents/02-business-rules/br-006-workflow-step-execution.md) `0ff765a61ad4`；`0b`; Source 仅 2026-07-13 顺序/跳过/重试/等待、幂等/审计/fail-closed 摘要；与步骤目录同提交形成"	"not-found"	"not-found"	"not-found"	"not-found"	"not-approved-by-this-classification"	"candidate-only-after-atomic-decomposition-evidence-review-and-explicit-approval"	"无; **来源未知的内部派生 BR**；将控制结构、状态、重试、人工处置、安全步骤拆分。; detailed record: R02-requirements-framing-and-business-rules.md matrix row 15"	"R02-requirements-framing-and-business-rules.md:35"
"R02-16"	"R02"	"requirement-documents/02-business-rules/br-007-charging-pile-allocation-and-queueing.md"	"a5cef3093c15f6e7f1040aa8b46fa4899659e97c30fb0818c7d064d58a94bed7"	"5172"	"tracked-clean"	"tracked-clean"	"candidate-requirement"	"来源未知的内部排队 BR"	"来源未知的内部排队 BR"	"**来源未知的内部排队 BR**；资源占用、排序、可/不可抢占分开批准。"	"[BR-007](../../../../requirement-documents/02-business-rules/br-007-charging-pile-allocation-and-queueing.md) `a5cef3093c15`；`0b→48`; Source 只有 2026-07-13 本系统选桩和电量优先摘要"	"not-found"	"not-found"	"not-found"	"not-found"	"not-approved-by-this-classification"	"candidate-only-after-atomic-decomposition-evidence-review-and-explicit-approval"	"无；无车型、桩、站点和现场负责方范围; **来源未知的内部排队 BR**；资源占用、排序、可/不可抢占分开批准。; detailed record: R02-requirements-framing-and-business-rules.md matrix row 16"	"R02-requirements-framing-and-business-rules.md:36"
"R02-17"	"R02"	"requirement-documents/02-business-rules/br-008-agv-slot-model-versioning.md"	"5f8911ad0f36732819a9cfeb6a64103e170d2a6b03cf4f15eb7e852b3fecad0b"	"8949"	"tracked-clean"	"tracked-clean"	"candidate-requirement"	"来源未知的混合派生 BR"	"来源未知的混合派生 BR"	"**来源未知的混合派生 BR**；将仓位业务属性与模拟器设计选择分开。"	"[BR-008](../../../../requirement-documents/02-business-rules/br-008-agv-slot-model-versioning.md) `5f8911ad0f36`；`48`; Source 自述“用户提出/确认”，并明说仓位定义“参照 `slots-simulator`”、版本做法参照 BR-005；这是需求摘要+实现/内部类比的混合链"	"not-found"	"not-found"	"not-found"	"not-found"	"not-approved-by-this-classification"	"candidate-only-after-atomic-decomposition-evidence-review-and-explicit-approval"	"无；实现参照不赋予业务批准; **来源未知的混合派生 BR**；将仓位业务属性与模拟器设计选择分开。; detailed record: R02-requirements-framing-and-business-rules.md matrix row 17"	"R02-requirements-framing-and-business-rules.md:37"
"R02-18"	"R02"	"requirement-documents/02-business-rules/br-009-parking-point-allocation-and-queueing.md"	"bc212f95287faec261b05a3ee5e8c9468e009fedfb6ec24840863df52e371c5a"	"5952"	"tracked-clean"	"tracked-clean"	"candidate-requirement"	"来源未知的类比派生 BR"	"来源未知的类比派生 BR"	"**来源未知的类比派生 BR**；停靠触发、候选有效性、FIFO、优先级与并发锁分开。"	"[BR-009](../../../../requirement-documents/02-business-rules/br-009-parking-point-allocation-and-queueing.md) `bc212f95287f`；`48`; Source 只有 2026-07-13 触发/候选/优先级摘要；排队结构明说参照 BR-007，FIFO 是内部差异化设计"	"not-found"	"not-found"	"not-found"	"not-found"	"not-approved-by-this-classification"	"candidate-only-after-atomic-decomposition-evidence-review-and-explicit-approval"	"无; **来源未知的类比派生 BR**；停靠触发、候选有效性、FIFO、优先级与并发锁分开。; detailed record: R02-requirements-framing-and-business-rules.md matrix row 18"	"R02-requirements-framing-and-business-rules.md:38"
"R02-19"	"R02"	"requirement-documents/02-business-rules/br-010-default-administrator-account.md"	"9843f98e918e6fba1eb35c064596f9d01815e23b21e582183dbb9a239482d0c3"	"6678"	"tracked-clean"	"tracked-clean"	"candidate-requirement"	"来源未知的用户澄清摘要/BR"	"来源未知的用户澄清摘要/BR"	"**来源未知的用户澄清摘要/BR**；账号唯一性、不可停用、初始密码、超级权限、审计逐项确认。"	"[BR-010](../../../../requirement-documents/02-business-rules/br-010-default-administrator-account.md) `9843f98e918e`；`ec`; Source 写 2026-07-14 “与用户澄清问答”，但不含对话记录、用户身份或版本指针"	"not-found"	"not-found"	"not-found"	"not-found"	"not-approved-by-this-classification"	"candidate-only-after-atomic-decomposition-evidence-review-and-explicit-approval"	"无；安全影响大但无 IT/安全授权人批准; **来源未知的用户澄清摘要/BR**；账号唯一性、不可停用、初始密码、超级权限、审计逐项确认。; detailed record: R02-requirements-framing-and-business-rules.md matrix row 19"	"R02-requirements-framing-and-business-rules.md:39"
"R02-20"	"R02"	"requirement-documents/02-business-rules/br-011-account-and-password-format.md"	"e5a2ae6c041daa436a26edfbf8987982495d4e510c55c656aeef75d29911c394"	"4766"	"tracked-clean"	"tracked-clean"	"candidate-requirement"	"原始要求摘要与纯分析派生混合 BR"	"原始要求摘要与纯分析派生混合 BR"	"**原始要求摘要与纯分析派生混合 BR**；两类必须分开原子化，不得整份确认。"	"[BR-011](../../../../requirement-documents/02-business-rules/br-011-account-and-password-format.md) `e5a2ae6c041d`；`ec`; Source 明确只把“英文+数字、不高复杂度/定期更换”称为确认；**其余登录名格式、密码长度、保留标识和存储方式自述为“需求工程常规基线拟定”**"	"not-found"	"not-found"	"not-found"	"not-found"	"not-approved-by-this-classification"	"candidate-only-after-atomic-decomposition-evidence-review-and-explicit-approval"	"无；即使自述确认的最低密码部分也无具名记录; **原始要求摘要与纯分析派生混合 BR**；两类必须分开原子化，不得整份确认。; detailed record: R02-requirements-framing-and-business-rules.md matrix row 20"	"R02-requirements-framing-and-business-rules.md:40"
"R02-21"	"R02"	"requirement-documents/02-business-rules/br-012-mes-task-idempotency-and-reconciliation.md"	"d8f77fc533fd7e3bbf4b86a6800f7fe0b410d58f42a7a354ed41c14b0d289260"	"7036"	"tracked-clean"	"tracked-clean"	"candidate-requirement"	"可追至未批准内部上游的派生 BR"	"可追至未批准内部上游的派生 BR"	"**可追至未批准内部上游的派生 BR**；幂等键、轮询、消失、冻结、上线基线、Mock、只读和性能目标/观察分开。"	"[BR-012](../../../../requirement-documents/02-business-rules/br-012-mes-task-idempotency-and-reconciliation.md) `d8f77fc533fd`；`ec→49`; Source 指向 MES 模型第 4–7/12–13 节，同时引用“10 轮平均约 3.13s”实测；上游是混合综合文档，性能观察也不等于要求批准"	"not-found"	"not-found"	"not-found"	"not-found"	"not-approved-by-this-classification"	"candidate-only-after-atomic-decomposition-evidence-review-and-explicit-approval"	"无；未绑定客户 IT 批准的 SQL/查询目录版本; **可追至未批准内部上游的派生 BR**；幂等键、轮询、消失、冻结、上线基线、Mock、只读和性能目标/观察分开。; detailed record: R02-requirements-framing-and-business-rules.md matrix row 21"	"R02-requirements-framing-and-business-rules.md:41"
"R02-22"	"R02"	"requirement-documents/02-business-rules/br-013-multi-basket-loading.md"	"ac51b3a50f7b1740bf7f51c2f6d0d7a9e299037d724bed8e7931a75e89b82bef"	"4126"	"tracked-clean"	"tracked-clean"	"candidate-requirement"	"可追至未批准内部上游的派生 BR"	"可追至未批准内部上游的派生 BR"	"**可追至未批准内部上游的派生 BR**；花篮身份、数量权威、换算、仓位占用、批量开门分开。"	"[BR-013](../../../../requirement-documents/02-business-rules/br-013-multi-basket-loading.md) `ac51b3a50f7b`；`ec→49`; Source 指向 MES 模型第 9/13.3 节的 2026-07-31 “业务确认”摘要；无原始业务记录"	"not-found"	"not-found"	"not-found"	"not-found"	"not-approved-by-this-classification"	"candidate-only-after-atomic-decomposition-evidence-review-and-explicit-approval"	"无; **可追至未批准内部上游的派生 BR**；花篮身份、数量权威、换算、仓位占用、批量开门分开。; detailed record: R02-requirements-framing-and-business-rules.md matrix row 22"	"R02-requirements-framing-and-business-rules.md:42"
"R02-23"	"R02"	"requirement-documents/02-business-rules/br-014-transport-task-types-and-fixed-stations.md"	"98cd58e70e4a3f97d333b8cd5b29278363c6105ee8de10b63b4ba90f48c7090e"	"5171"	"tracked-clean"	"tracked-clean"	"candidate-requirement"	"可追至未批准内部上游的派生 BR"	"可追至未批准内部上游的派生 BR"	"**可追至未批准内部上游的派生 BR**；六个任务类型、每个起/终点、固定站、优先级和上下游等待逐项核实。"	"[BR-014](../../../../requirement-documents/02-business-rules/br-014-transport-task-types-and-fixed-stations.md) `98cd58e70e4a`；`ec→49`; Source 指向 MES 模型和 MES 接口确认文档；两个当前路径的迁移指针可追至 `mes/docs`，但上游没有合格批准链"	"not-found"	"not-found"	"not-found"	"not-found"	"not-approved-by-this-classification"	"candidate-only-after-atomic-decomposition-evidence-review-and-explicit-approval"	"无；“第六类于 2026-07-24 加入正式查询”是形成声明，非批准记录; **可追至未批准内部上游的派生 BR**；六个任务类型、每个起/终点、固定站、优先级和上下游等待逐项核实。; detailed record: R02-requirements-framing-and-business-rules.md matrix row 23"	"R02-requirements-framing-and-business-rules.md:43"
"R02-24"	"R02"	"requirement-documents/02-business-rules/br-015-path-cost-and-dispatch-ranking.md"	"5b6708cec8474a45735292a7e028ee341f00d4840bb8256a57c1e44ab0cad1dd"	"6367"	"tracked-clean"	"tracked-clean"	"candidate-requirement"	"来源未知的内部派生 BR"	"来源未知的内部派生 BR"	"**来源未知的内部派生 BR**；路径成本定义、权重、硬优先级、降级和 TBD 分开确认。"	"[BR-015](../../../../requirement-documents/02-business-rules/br-015-path-cost-and-dispatch-ranking.md) `5b6708cec847`；`ec`; Source 只有 2026-07-14 从 RIOT 读路网并与紧急度权衡的自述确认；无 RIOT API/地图版本或会议记录"	"not-found"	"not-found"	"not-found"	"not-found"	"not-approved-by-this-classification"	"candidate-only-after-atomic-decomposition-evidence-review-and-explicit-approval"	"无; **来源未知的内部派生 BR**；路径成本定义、权重、硬优先级、降级和 TBD 分开确认。; detailed record: R02-requirements-framing-and-business-rules.md matrix row 24"	"R02-requirements-framing-and-business-rules.md:44"
"R02-25"	"R02"	"requirement-documents/02-business-rules/README.md"	"9a99ee7f963b7e5a3307a8a0165892be44c0eb7afa8a7d94e5bf197d430f69e5"	"1610"	"tracked-clean"	"tracked-clean"	"candidate-requirement"	"不完整导航索引/记录结构"	"不完整导航索引/记录结构"	"**不完整导航索引/记录结构**；不独立提取需求，后续只用于指向原 BR，并勘误缺失链接。"	"[02-business-rules/README.md](../../../../requirement-documents/02-business-rules/README.md) `9a99ee7f963b`；`96→ec→49`; 说明目录、模板、Dataview 用法，只列 BR-001 及 BR-012–015，未无损索引全部 15 条 BR；条目摘要是下游文档的重复"	"not-found"	"not-found"	"not-found"	"not-found"	"not-approved-by-this-classification"	"do-not-extract-from-this-document"	"无; **不完整导航索引/记录结构**；不独立提取需求，后续只用于指向原 BR，并勘误缺失链接。; detailed record: R02-requirements-framing-and-business-rules.md matrix row 25"	"R02-requirements-framing-and-business-rules.md:45"
"R02-26"	"R02"	"requirement-documents/02-business-rules/workflow-step-catalog.md"	"c62f70569c041c9c22101dced98b85e792fef9a343252537a43f2ae56332bb85"	"15751"	"tracked-clean"	"tracked-clean"	"candidate-requirement"	"内部派生规范/参考目录，非纯索引"	"内部派生规范/参考目录，非纯索引"	"**内部派生规范/参考目录，非纯索引**；按每个步骤类型的语义、安全标记、幂等/重试和上游 UC/BR 逐项核实。"	"[workflow-step-catalog.md](../../../../requirement-documents/02-business-rules/workflow-step-catalog.md) `c62f70569c04`；`0b→48→ec→49`; `type: reference,status: draft`；无 Source 节，通过 UC/BR 链接派生步骤类型，但同时新增可跳过/重试、输入输出和安全边界等规范性内容；`catalog_version` 仍为 `2026.07.13`，与后续多次实质修改未绑定"	"not-found"	"not-found"	"not-found"	"not-found"	"not-approved-by-this-classification"	"candidate-only-after-atomic-decomposition-evidence-review-and-explicit-approval"	"无；无软件发布/安全评审记录或目录版本哈希; **内部派生规范/参考目录，非纯索引**；按每个步骤类型的语义、安全标记、幂等/重试和上游 UC/BR 逐项核实。; detailed record: R02-requirements-framing-and-business-rules.md matrix row 26"	"R02-requirements-framing-and-business-rules.md:46"
"R02-27"	"R02"	"requirement-documents/README.md"	"b247854f21d75fed673ce85fbc57426cb9293a27b7416b33c0d905fd055be999"	"21616"	"tracked-clean"	"tracked-clean"	"template-or-index"	"需求库入口/编辑与索引结构"	"需求库入口/编辑与索引结构"	"**需求库入口/编辑与索引结构**；可用于导航与工具使用，不从其生成系统需求。"	"[requirement-documents/README.md](../../../../requirement-documents/README.md) `b247854f21d7`；`96→0b→48→ec→49`; Obsidian vault 入口：目录结构、ID/wikilink/frontmatter、插件和编辑流程。它定义 `approved` 的字符串语义，不提供任何实例的批准记录；开头的 BR-001∼008/UC-001∼038 口径已不能完整表示当前集合"	"not-found"	"not-found"	"not-found"	"not-found"	"not-approved-by-this-classification"	"do-not-extract-from-this-document"	"无；这是仓库编辑规约，不是业务授权或基线批准; **需求库入口/编辑与索引结构**；可用于导航与工具使用，不从其生成系统需求。; detailed record: R02-requirements-framing-and-business-rules.md matrix row 27"	"R02-requirements-framing-and-business-rules.md:47"
"R03-01"	"R03"	"requirement-documents/03-use-cases/01-site-operations/uc-001-load-completed-lot-into-slot.md"	"2eb915704d97aaa54decb651c73127ca42b5d61f55200d6e2ad24cdb08bfa809"	"20755"	"tracked-clean"	"tracked-clean"	"candidate-requirement"	"R03-C"	"unapproved-use-case-candidate-for-human-review"	"`C`；当前内部站点装货主候选，`49` 已改写旧的手工确认/单仓语义；1 个 TBD，整个新版本须重新送审。"	"[UC-001](../../../../requirement-documents/03-use-cases/01-site-operations/uc-001-load-completed-lot-into-slot.md) `2eb915704d97`；`96→0b→48→ec→49`; 由原始站点搬运场景和 UC/BR 持续扩展；关联 BR-001/012/013/014；范围是起点装货、多花篮/多仓位、自动 LoadBatch 提交"	"not-found"	"not-found"	"not-found"	"not-found"	"not-approved-by-this-classification"	"candidate-only-after-flow-level-decomposition-evidence-review-and-explicit-approval"	"`C`；当前内部站点装货主候选，`49` 已改写旧的手工确认/单仓语义；1 个 TBD，整个新版本须重新送审。; detailed record: R03-use-cases.md line 27"	"R03-use-cases.md:27"
"R03-02"	"R03"	"requirement-documents/03-use-cases/01-site-operations/uc-002-confirm-task-completion.md"	"00e4d1ea89c427c845fd2a8514c82fb715f578f6a44d66bc1e761e8abaa79ea8"	"4118"	"tracked-clean"	"tracked-clean"	"candidate-requirement"	"R03-C"	"unapproved-use-case-candidate-for-human-review"	"`C`；`49` 版是 StationDeparture/StopClosure 候选，旧“批次人工确认”语义已被替代；不得继承旧版确认。"	"[UC-002](../../../../requirement-documents/03-use-cases/01-site-operations/uc-002-confirm-task-completion.md) `00e4d1ea89c4`；`96→0b→ec→49`; 从原装货结束场景演化为结束当前站装货；无 `related_br`"	"not-found"	"not-found"	"not-found"	"not-found"	"not-approved-by-this-classification"	"candidate-only-after-flow-level-decomposition-evidence-review-and-explicit-approval"	"`C`；`49` 版是 StationDeparture/StopClosure 候选，旧“批次人工确认”语义已被替代；不得继承旧版确认。; detailed record: R03-use-cases.md line 28"	"R03-use-cases.md:28"
"R03-03"	"R03"	"requirement-documents/03-use-cases/01-site-operations/uc-003-agv-arrives-at-designated-station.md"	"6131ca69ef26e1021662d156a193e52b36b07f696720d0b7fa94c0d1abf8e648"	"9036"	"tracked-clean"	"tracked-clean"	"candidate-requirement"	"R03-C"	"unapproved-use-case-candidate-for-human-review"	"`C`；可送审“到站后用户看到什么”，但软件权威投影属内部设计；1 TBD，边界须与 UC-009 一起审。"	"[UC-003](../../../../requirement-documents/03-use-cases/01-site-operations/uc-003-agv-arrives-at-designated-station.md) `6131ca69ef26`；`96→0b→48→49`; 从 UC-001 拆分，又把轮询到站拆给 UC-009；BR-001；当前只覆盖可信到站事件后的状态/投影/HMI"	"not-found"	"not-found"	"not-found"	"not-found"	"not-approved-by-this-classification"	"candidate-only-after-flow-level-decomposition-evidence-review-and-explicit-approval"	"`C`；可送审“到站后用户看到什么”，但软件权威投影属内部设计；1 TBD，边界须与 UC-009 一起审。; detailed record: R03-use-cases.md line 29"	"R03-use-cases.md:29"
"R03-04"	"R03"	"requirement-documents/03-use-cases/01-site-operations/uc-005-retrieve-mis-stored-product-from-slot.md"	"b8dad821f105bc6a333e1a3938d320cc241c42cf396d3295766178dba96b0074"	"6044"	"tracked-clean"	"tracked-clean"	"candidate-requirement"	"R03-C"	"unapproved-use-case-candidate-for-human-review"	"`C`；可送审的现场纠错候选，但 `49` 内部状态机不能由“放错需取出”反推已批准。"	"[UC-005](../../../../requirement-documents/03-use-cases/01-site-operations/uc-005-retrieve-mis-stored-product-from-slot.md) `b8dad821f105`；`96→0b→48→ec→49`; 从 UC-001 放错异常拆分；后续改为 LoadCorrection/原仓位重放；无 `related_br`"	"not-found"	"not-found"	"not-found"	"not-found"	"not-approved-by-this-classification"	"candidate-only-after-flow-level-decomposition-evidence-review-and-explicit-approval"	"`C`；可送审的现场纠错候选，但 `49` 内部状态机不能由“放错需取出”反推已批准。; detailed record: R03-use-cases.md line 30"	"R03-use-cases.md:30"
"R03-05"	"R03"	"requirement-documents/03-use-cases/01-site-operations/uc-006-cancel-transport-task-upon-arrival.md"	"d99f3254a682a9b1b9e21fcf7daab9f6f5c431fb287c248108c2ac6db4ccaf01"	"6755"	"tracked-clean"	"tracked-clean"	"candidate-requirement"	"R03-C"	"unapproved-use-case-candidate-for-human-review"	"`C`；取消用户目标可送审；`49` 的硬件闭环、多 SUBLOT 隔离和抑制语义是内部细化。"	"[UC-006](../../../../requirement-documents/03-use-cases/01-site-operations/uc-006-cancel-transport-task-upon-arrival.md) `d99f3254a682`；`96→0b→48→ec→49`; 从到站取消场景演化为离站前按 DemandId 清空并取消；无 `related_br`"	"not-found"	"not-found"	"not-found"	"not-found"	"not-approved-by-this-classification"	"candidate-only-after-flow-level-decomposition-evidence-review-and-explicit-approval"	"`C`；取消用户目标可送审；`49` 的硬件闭环、多 SUBLOT 隔离和抑制语义是内部细化。; detailed record: R03-use-cases.md line 31"	"R03-use-cases.md:31"
"R03-06"	"R03"	"requirement-documents/03-use-cases/01-site-operations/uc-010-unload-completed-lot-at-destination-station.md"	"727d84c8dfd57d89ef020f91ff6c13d0b19144dcdf2333bb029487c9763818c3"	"13216"	"tracked-clean"	"tracked-clean"	"candidate-requirement"	"R03-C"	"unapproved-use-case-candidate-for-human-review"	"`C`；这是直接送审价值最高的 UC 之一，但根原始文件本身也无批准链；3 TBD，`49` 已改写卸货完成语义。"	"[UC-010](../../../../requirement-documents/03-use-cases/01-site-operations/uc-010-unload-completed-lot-at-destination-station.md) `727d84c8dfd5`；`96→0b→48→ec→49`; 文档明说从根 [user case.md](../../../../requirement-documents/user%20case.md) 的工艺起终点场景拆分；BR-013/014；范围是终点自动识别与卸货"	"not-found"	"not-found"	"not-found"	"not-found"	"not-approved-by-this-classification"	"candidate-only-after-flow-level-decomposition-evidence-review-and-explicit-approval"	"`C`；这是直接送审价值最高的 UC 之一，但根原始文件本身也无批准链；3 TBD，`49` 已改写卸货完成语义。; detailed record: R03-use-cases.md line 32"	"R03-use-cases.md:32"
"R03-07"	"R03"	"requirement-documents/03-use-cases/01-site-operations/uc-043-verify-identity-and-manage-operation-session.md"	"338b82a1c9ed7afe452d6805045b6223875498ca41b9c9f53932f9699df7df23"	"6570"	"tracked-clean"	"tracked-clean"	"candidate-requirement"	"R03-I"	"unapproved-internal-design-exploration"	"`I`；`49` 版是 8005 装货身份/会话内部设计；必须由生产、MES/IT、权限责任方送审，不是原始客户用例。"	"[UC-043](../../../../requirement-documents/03-use-cases/01-site-operations/uc-043-verify-identity-and-manage-operation-session.md) `338b82a1c9ed`；`ec→49`; 后期为 UC-001/002/005/006/010 补的身份核验和操作会话；无 BR"	"not-found"	"not-found"	"not-found"	"not-found"	"not-approved-by-this-classification"	"split-business-design-interface-and-safety-claims-before-evidence-review-and-explicit-approval"	"`I`；`49` 版是 8005 装货身份/会话内部设计；必须由生产、MES/IT、权限责任方送审，不是原始客户用例。; detailed record: R03-use-cases.md line 33"	"R03-use-cases.md:33"
"R03-08"	"R03"	"requirement-documents/03-use-cases/01-site-operations/uc-044-reopen-slot-after-incomplete-retrieval.md"	"2fe7f7bdc580c01f9f239e0ed8b6239a7ed5c57f9d73f619cba5f8fbcda3c56f"	"6420"	"tracked-clean"	"tracked-clean"	"candidate-requirement"	"R03-I"	"unapproved-internal-design-exploration"	"`I`；作为卸货闭环子流程仍当前被 FR/TC 引用，但“无强制放行上限、自动重开”需安全与现场专项审查。"	"[UC-044](../../../../requirement-documents/03-use-cases/01-site-operations/uc-044-reopen-slot-after-incomplete-retrieval.md) `2fe7f7bdc580`；`ec→49`; 从 UC-010 旧 E4.1 残留异常拆分；无 BR"	"not-found"	"not-found"	"not-found"	"not-found"	"not-approved-by-this-classification"	"split-business-design-interface-and-safety-claims-before-evidence-review-and-explicit-approval"	"`I`；作为卸货闭环子流程仍当前被 FR/TC 引用，但“无强制放行上限、自动重开”需安全与现场专项审查。; detailed record: R03-use-cases.md line 34"	"R03-use-cases.md:34"
"R03-09"	"R03"	"requirement-documents/03-use-cases/01-site-operations/uc-046-handle-station-departure-wait-timeout.md"	"d1cb766bd7d6590d65986fe78ff89519e7dc7cbe67536e03a87e5af703febeed"	"5113"	"tracked-clean"	"tracked-clean"	"candidate-requirement"	"R03-I"	"unapproved-internal-design-exploration"	"`I`；与 FR-031/ADR-0055 一起是当前内部超时方案，不是可证明的用户目标；默认时间/HMI/自动结束需逐项送审。"	"[UC-046](../../../../requirement-documents/03-use-cases/01-site-operations/uc-046-handle-station-departure-wait-timeout.md) `d1cb766bd7d6`；`49`; 仅在车载—服务端权威改写中形成；无 BR；范围是 StationDepartureWaiting 超时内部过程"	"not-found"	"not-found"	"not-found"	"not-found"	"not-approved-by-this-classification"	"split-business-design-interface-and-safety-claims-before-evidence-review-and-explicit-approval"	"`I`；与 FR-031/ADR-0055 一起是当前内部超时方案，不是可证明的用户目标；默认时间/HMI/自动结束需逐项送审。; detailed record: R03-use-cases.md line 35"	"R03-use-cases.md:35"
"R03-10"	"R03"	"requirement-documents/03-use-cases/02-slot-and-hardware/uc-011-view-slot-monitoring-dashboard.md"	"212495ce9b6ac51de971d84a040dc45526972038f999970e9e1d75f82d4cf50f"	"8437"	"tracked-clean"	"tracked-clean"	"candidate-requirement"	"R03-C"	"unapproved-use-case-candidate-for-human-review"	"`C`；用户目标可送审；3 TBD，显示字段、可见范围、刷新频率未定。"	"[UC-011](../../../../requirement-documents/03-use-cases/02-slot-and-hardware/uc-011-view-slot-monitoring-dashboard.md) `212495ce9b6a`；`96→0b→49`; 自述来自用户对仓位状态看板的讨论；无 BR；只读监控"	"not-found"	"not-found"	"not-found"	"not-found"	"not-approved-by-this-classification"	"candidate-only-after-flow-level-decomposition-evidence-review-and-explicit-approval"	"`C`；用户目标可送审；3 TBD，显示字段、可见范围、刷新频率未定。; detailed record: R03-use-cases.md line 41"	"R03-use-cases.md:41"
"R03-11"	"R03"	"requirement-documents/03-use-cases/02-slot-and-hardware/uc-014-enable-disable-slot.md"	"2bf87510f46481a8adae2f7d3a34bf6875f0fb79fa0fb8d049899bb132a82812"	"3383"	"tracked-clean"	"tracked-clean"	"candidate-requirement"	"R03-C"	"unapproved-use-case-candidate-for-human-review"	"`C`；可送审启停规则，但 Actor 仍“待定”，状态模型是内部候选。"	"[UC-014](../../../../requirement-documents/03-use-cases/02-slot-and-hardware/uc-014-enable-disable-slot.md) `2bf87510f464`；`96→0b→48→49`; 仓位管理用户目标；无 BR；`49` 将管理可用性与物理事实分离"	"not-found"	"not-found"	"not-found"	"not-found"	"not-approved-by-this-classification"	"candidate-only-after-flow-level-decomposition-evidence-review-and-explicit-approval"	"`C`；可送审启停规则，但 Actor 仍“待定”，状态模型是内部候选。; detailed record: R03-use-cases.md line 42"	"R03-use-cases.md:42"
"R03-12"	"R03"	"requirement-documents/03-use-cases/02-slot-and-hardware/uc-015-slot-door-unlock-open-test.md"	"7a5f4325d17ad9b2543efbadfc411e2e5d3a85a66979a25f42495a9d8045ac02"	"7068"	"tracked-clean"	"tracked-clean"	"candidate-requirement"	"R03-C"	"unapproved-use-case-candidate-for-human-review"	"`C`；硬件维护场景可送审；必须与 UC-004 安全联锁、UC-039 点位前提一起审。"	"[UC-015](../../../../requirement-documents/03-use-cases/02-slot-and-hardware/uc-015-slot-door-unlock-open-test.md) `7a5f4325d17a`；`96→0b→48→49`; 自述为用户提出的开锁/弹开测试；无 BR"	"not-found"	"not-found"	"not-found"	"not-found"	"not-approved-by-this-classification"	"candidate-only-after-flow-level-decomposition-evidence-review-and-explicit-approval"	"`C`；硬件维护场景可送审；必须与 UC-004 安全联锁、UC-039 点位前提一起审。; detailed record: R03-use-cases.md line 43"	"R03-use-cases.md:43"
"R03-13"	"R03"	"requirement-documents/03-use-cases/02-slot-and-hardware/uc-016-slot-light-curtain-function-test.md"	"cb653b589118b82f67d71565042991eafe3aeadb114e8b80c4a5a94f2c9dd0aa"	"8099"	"tracked-clean"	"tracked-clean"	"candidate-requirement"	"R03-C"	"unapproved-use-case-candidate-for-human-review"	"`C`；场景可送审；2 TBD，主参与者仍未最终确认。"	"[UC-016](../../../../requirement-documents/03-use-cases/02-slot-and-hardware/uc-016-slot-light-curtain-function-test.md) `cb653b589118`；`96→0b→49`; 自述为用户提出的光幕功能测试；无 BR"	"not-found"	"not-found"	"not-found"	"not-found"	"not-approved-by-this-classification"	"candidate-only-after-flow-level-decomposition-evidence-review-and-explicit-approval"	"`C`；场景可送审；2 TBD，主参与者仍未最终确认。; detailed record: R03-use-cases.md line 44"	"R03-use-cases.md:44"
"R03-14"	"R03"	"requirement-documents/03-use-cases/02-slot-and-hardware/uc-017-slot-door-state-detection-test.md"	"c1b094aa68a0de89a714806bf9fdd16a42afd8a6beb992dcb262eb4612833e67"	"4142"	"tracked-clean"	"tracked-clean"	"candidate-requirement"	"R03-C"	"unapproved-use-case-candidate-for-human-review"	"`C`；维护测试候选；需硬件/IO 责任人确认信号能力与适用车型。"	"[UC-017](../../../../requirement-documents/03-use-cases/02-slot-and-hardware/uc-017-slot-door-state-detection-test.md) `c1b094aa68a0`；`96→0b→49`; 仓锁反馈/闩合识别测试；无 BR；`49` 吸收“无独立门磁”内部结论"	"not-found"	"not-found"	"not-found"	"not-found"	"not-approved-by-this-classification"	"candidate-only-after-flow-level-decomposition-evidence-review-and-explicit-approval"	"`C`；维护测试候选；需硬件/IO 责任人确认信号能力与适用车型。; detailed record: R03-use-cases.md line 45"	"R03-use-cases.md:45"
"R03-15"	"R03"	"requirement-documents/03-use-cases/02-slot-and-hardware/uc-018-io-point-mapping-verification-test.md"	"dd1965f4af48a0c4499646897a929ef70fce7b08f6d6c07763a9797d9665aacf"	"10026"	"tracked-clean"	"tracked-clean"	"candidate-requirement"	"R03-C"	"unapproved-use-case-candidate-for-human-review"	"`C`；场景可送审；2 TBD，Actor/是否自动化未定，不得用现有测试通过反推需求正确。"	"[UC-018](../../../../requirement-documents/03-use-cases/02-slot-and-hardware/uc-018-io-point-mapping-verification-test.md) `dd1965f4af48`；`96→0b→48→49`; 自述为用户提出的 IO 映射双向核对；无 BR"	"not-found"	"not-found"	"not-found"	"not-found"	"not-approved-by-this-classification"	"candidate-only-after-flow-level-decomposition-evidence-review-and-explicit-approval"	"`C`；场景可送审；2 TBD，Actor/是否自动化未定，不得用现有测试通过反推需求正确。; detailed record: R03-use-cases.md line 46"	"R03-use-cases.md:46"
"R03-16"	"R03"	"requirement-documents/03-use-cases/02-slot-and-hardware/uc-039-maintain-slot-io-point-mapping.md"	"b9e6e0e7415965e5342b94915df111ab52b721bb476d709569510f171a017a41"	"9094"	"tracked-clean"	"tracked-clean"	"candidate-requirement"	"R03-I"	"unapproved-internal-design-exploration"	"`I`；当前是设备接入闭环的内部候选；6 TBD，包含待核对是否阻断业务、二次认证等未决策项。"	"[UC-039](../../../../requirement-documents/03-use-cases/02-slot-and-hardware/uc-039-maintain-slot-io-point-mapping.md) `b9e6e0e74159`；`48→49`; 为填补 UC-018 假定“映射已存在”的建表/维护缺口而新增；无 BR"	"not-found"	"not-found"	"not-found"	"not-found"	"not-approved-by-this-classification"	"split-business-design-interface-and-safety-claims-before-evidence-review-and-explicit-approval"	"`I`；当前是设备接入闭环的内部候选；6 TBD，包含待核对是否阻断业务、二次认证等未决策项。; detailed record: R03-use-cases.md line 47"	"R03-use-cases.md:47"
"R03-17"	"R03"	"requirement-documents/03-use-cases/03-agv-fleet-management/uc-013-enable-disable-agv.md"	"835e08ba1846c25be422572929fd5bf7cd152ba86fbe57dc1f252ec2a9f13a49"	"8669"	"tracked-clean"	"tracked-clean"	"candidate-requirement"	"R03-C"	"unapproved-use-case-candidate-for-human-review"	"`C`；可送审，但 4 TBD 且 Actor 暂定；“待生效不中断当前任务”需单独确认。"	"[UC-013](../../../../requirement-documents/03-use-cases/03-agv-fleet-management/uc-013-enable-disable-agv.md) `835e08ba1846`；`96→0b→1d`; 自述为用户提出的本系统车辆启停；无 BR"	"not-found"	"not-found"	"not-found"	"not-found"	"not-approved-by-this-classification"	"candidate-only-after-flow-level-decomposition-evidence-review-and-explicit-approval"	"`C`；可送审，但 4 TBD 且 Actor 暂定；“待生效不中断当前任务”需单独确认。; detailed record: R03-use-cases.md line 53"	"R03-use-cases.md:53"
"R03-18"	"R03"	"requirement-documents/03-use-cases/03-agv-fleet-management/uc-019-register-agv-from-rcs.md"	"9a94e7194e79c8f709215d6e1d10b63395fa7f0a59afceb1625df7d07d2237a4"	"7288"	"tracked-clean"	"tracked-clean"	"candidate-requirement"	"R03-C"	"unapproved-use-case-candidate-for-human-review"	"`C`；可送审车辆接入与模型绑定；2 TBD，归档恢复等边界未定。"	"[UC-019](../../../../requirement-documents/03-use-cases/03-agv-fleet-management/uc-019-register-agv-from-rcs.md) `9a94e7194e79`；`0b→1d→48`; 接入 AGV 目标，后因用户提出多仓位模型而改写；BR-002/008"	"not-found"	"not-found"	"not-found"	"not-found"	"not-approved-by-this-classification"	"candidate-only-after-flow-level-decomposition-evidence-review-and-explicit-approval"	"`C`；可送审车辆接入与模型绑定；2 TBD，归档恢复等边界未定。; detailed record: R03-use-cases.md line 54"	"R03-use-cases.md:54"
"R03-19"	"R03"	"requirement-documents/03-use-cases/03-agv-fleet-management/uc-020-maintain-agv-dispatch-profile.md"	"99fb50c10570111e32b003abc1eda95df77e01acf59f7fab5061793f27af630b"	"5919"	"tracked-clean"	"tracked-clean"	"candidate-requirement"	"R03-C"	"unapproved-use-case-candidate-for-human-review"	"`C`；只应送审当前 `48` 的可编辑字段；3 TBD，旧手工维护仓位语义不再适用。"	"[UC-020](../../../../requirement-documents/03-use-cases/03-agv-fleet-management/uc-020-maintain-agv-dispatch-profile.md) `99fb50c10570`；`0b→1d→48`; AGV 调度配置，仓位结构已被 UC-038/BR-008 模型快照替代；BR-002/008"	"not-found"	"not-found"	"not-found"	"not-found"	"not-approved-by-this-classification"	"candidate-only-after-flow-level-decomposition-evidence-review-and-explicit-approval"	"`C`；只应送审当前 `48` 的可编辑字段；3 TBD，旧手工维护仓位语义不再适用。; detailed record: R03-use-cases.md line 55"	"R03-use-cases.md:55"
"R03-20"	"R03"	"requirement-documents/03-use-cases/03-agv-fleet-management/uc-021-archive-agv.md"	"64cbde28895413729072fa1d1493a1a06b4b17151445c93fed339f24d2bdf19a"	"3339"	"tracked-clean"	"tracked-clean"	"candidate-requirement"	"R03-C"	"unapproved-use-case-candidate-for-human-review"	"`C`；可送审；2 TBD，恢复/外部 RCS 状态边界缺证据。"	"[UC-021](../../../../requirement-documents/03-use-cases/03-agv-fleet-management/uc-021-archive-agv.md) `64cbde288954`；`0b→1d`; 本地 AGV 归档；BR-002"	"not-found"	"not-found"	"not-found"	"not-found"	"not-approved-by-this-classification"	"candidate-only-after-flow-level-decomposition-evidence-review-and-explicit-approval"	"`C`；可送审；2 TBD，恢复/外部 RCS 状态边界缺证据。; detailed record: R03-use-cases.md line 56"	"R03-use-cases.md:56"
"R03-21"	"R03"	"requirement-documents/03-use-cases/03-agv-fleet-management/uc-022-view-agv-fleet-and-availability.md"	"5236a42f1ff7d430d4e3028e9b542e64092f5ffcf7ce5958bfe3dcd2e7a025e7"	"3537"	"tracked-clean"	"tracked-clean"	"candidate-requirement"	"R03-C"	"unapproved-use-case-candidate-for-human-review"	"`C`；看板目标可送审；1 TBD，展示字段/刷新与权限范围需定稿。"	"[UC-022](../../../../requirement-documents/03-use-cases/03-agv-fleet-management/uc-022-view-agv-fleet-and-availability.md) `5236a42f1ff7`；`0b→1d`; 车队可见性和 BR-002 分配原因"	"not-found"	"not-found"	"not-found"	"not-found"	"not-approved-by-this-classification"	"candidate-only-after-flow-level-decomposition-evidence-review-and-explicit-approval"	"`C`；看板目标可送审；1 TBD，展示字段/刷新与权限范围需定稿。; detailed record: R03-use-cases.md line 57"	"R03-use-cases.md:57"
"R03-22"	"R03"	"requirement-documents/03-use-cases/03-agv-fleet-management/uc-038-maintain-agv-slot-model.md"	"b90314fae668a53c8e5a92c20ed474d472fc41ce65980d7212481bf3780f56be"	"11498"	"tracked-clean"	"tracked-clean"	"candidate-requirement"	"R03-C"	"unapproved-use-case-candidate-for-human-review"	"`C`；场景可送审，但 Draft/Published/Retired、不可变快照、二次认证是内部设计细化，需运维/硬件/安全权威方分项确认。"	"[UC-038](../../../../requirement-documents/03-use-cases/03-agv-fleet-management/uc-038-maintain-agv-slot-model.md) `b90314fae668`；`48`; 自述来自用户在 UC-019 讨论中提出的多仓位模型；BR-002/008"	"not-found"	"not-found"	"not-found"	"not-found"	"not-approved-by-this-classification"	"candidate-only-after-flow-level-decomposition-evidence-review-and-explicit-approval"	"`C`；场景可送审，但 Draft/Published/Retired、不可变快照、二次认证是内部设计细化，需运维/硬件/安全权威方分项确认。; detailed record: R03-use-cases.md line 58"	"R03-use-cases.md:58"
"R03-23"	"R03"	"requirement-documents/03-use-cases/04-transport-task-dispatch/uc-007-sync-transport-task-from-mes.md"	"3698770e3790bd1691ed8ea1ce8985857132a46533ebfe200d3306e5ea073c8c"	"7736"	"tracked-clean"	"tracked-clean"	"candidate-requirement"	"R03-I"	"unapproved-internal-design-exploration"	"`I`；是当前内部 MES ingest 候选，不是人的用例；1 TBD，MES 契约/只读边界必须由 MES 责任方审。"	"[UC-007](../../../../requirement-documents/03-use-cases/04-transport-task-dispatch/uc-007-sync-transport-task-from-mes.md) `3698770e3790`；`96→0b→1d→ec→49`; 系统内部 MES 轮询/投影；自述吸收 [MES 任务模型](../../../../mes/AGV%E7%B3%BB%E7%BB%9F%E4%B8%9A%E5%8A%A1%E4%B8%8EMES%E4%BB%BB%E5%8A%A1%E6%A8%A1%E5%9E%8B.md)；BR-001/003/012/014"	"not-found"	"not-found"	"not-found"	"not-found"	"not-approved-by-this-classification"	"split-business-design-interface-and-safety-claims-before-evidence-review-and-explicit-approval"	"`I`；是当前内部 MES ingest 候选，不是人的用例；1 TBD，MES 契约/只读边界必须由 MES 责任方审。; detailed record: R03-use-cases.md line 64"	"R03-use-cases.md:64"
"R03-24"	"R03"	"requirement-documents/03-use-cases/04-transport-task-dispatch/uc-008-dispatch-move-order-to-riot.md"	"4039759a307315f30200f6b154e2162c58bf9dde0d50393ea4b01f9c76801e6a"	"13067"	"tracked-clean"	"tracked-clean"	"candidate-requirement"	"R03-I"	"unapproved-internal-design-exploration"	"`I`；当前是调度—RIOT 内部契约候选；1 TBD，“每车 RIOT 队列 0/1”等声称无合格原始批准。"	"[UC-008](../../../../requirement-documents/03-use-cases/04-transport-task-dispatch/uc-008-dispatch-move-order-to-riot.md) `4039759a3073`；`96→0b→1d→48→ec`; 从 UC-003/007/BR-001 排除的 RIOT 下发环节拆分；BR-001/015"	"not-found"	"not-found"	"not-found"	"not-found"	"not-approved-by-this-classification"	"split-business-design-interface-and-safety-claims-before-evidence-review-and-explicit-approval"	"`I`；当前是调度—RIOT 内部契约候选；1 TBD，“每车 RIOT 队列 0/1”等声称无合格原始批准。; detailed record: R03-use-cases.md line 65"	"R03-use-cases.md:65"
"R03-25"	"R03"	"requirement-documents/03-use-cases/04-transport-task-dispatch/uc-009-monitor-move-order-until-arrival.md"	"4e50a9c982c0f3483cdb3d077e3fe22d275177429ccdf0e15f4d4a306e83e1bd"	"6027"	"tracked-clean"	"tracked-clean"	"candidate-requirement"	"R03-I"	"unapproved-internal-design-exploration"	"`I`；是 UC-003 前置技术流程；1 TBD，轮询、超时、到站语义需 RIOT 契约证据。"	"[UC-009](../../../../requirement-documents/03-use-cases/04-transport-task-dispatch/uc-009-monitor-move-order-until-arrival.md) `4e50a9c982c0`；`96→0b→1d→49`; 从 UC-003 拆出轮询直到可信到站；BR-001"	"not-found"	"not-found"	"not-found"	"not-found"	"not-approved-by-this-classification"	"split-business-design-interface-and-safety-claims-before-evidence-review-and-explicit-approval"	"`I`；是 UC-003 前置技术流程；1 TBD，轮询、超时、到站语义需 RIOT 契约证据。; detailed record: R03-use-cases.md line 66"	"R03-use-cases.md:66"
"R03-26"	"R03"	"requirement-documents/03-use-cases/04-transport-task-dispatch/uc-023-allocate-transport-tasks-to-agv.md"	"d82c95312790f84d207a1bfc844f7d8046bd1392be3733056b9f098b0d53a5fc"	"7274"	"tracked-clean"	"tracked-clean"	"candidate-requirement"	"R03-I"	"unapproved-internal-design-exploration"	"`I`；主要是算法/状态机推演，4 TBD；不应以 UC 文档形式掩盖 BR-001/002/015 未决的决策。"	"[UC-023](../../../../requirement-documents/03-use-cases/04-transport-task-dispatch/uc-023-allocate-transport-tasks-to-agv.md) `d82c95312790`；`0b→1d→ec`; 系统内部任务分配；BR-001/002/014/015"	"not-found"	"not-found"	"not-found"	"not-found"	"not-approved-by-this-classification"	"split-business-design-interface-and-safety-claims-before-evidence-review-and-explicit-approval"	"`I`；主要是算法/状态机推演，4 TBD；不应以 UC 文档形式掩盖 BR-001/002/015 未决的决策。; detailed record: R03-use-cases.md line 67"	"R03-use-cases.md:67"
"R03-27"	"R03"	"requirement-documents/03-use-cases/04-transport-task-dispatch/uc-042-handle-agv-fault-and-reassign-or-terminate-tasks.md"	"944b856398ab8c4a6cc363a6cd8472bad326a97d39de00591608ad461892fa3a"	"10995"	"tracked-clean"	"tracked-clean"	"candidate-requirement"	"R03-I"	"unapproved-internal-design-exploration"	"`I`；12 处 TBD，文档自述为“初稿骨架”；故障状态、应急开锁、人工搬运和二次认证均不可直接进基线。"	"[UC-042](../../../../requirement-documents/03-use-cases/04-transport-task-dispatch/uc-042-handle-agv-fault-and-reassign-or-terminate-tasks.md) `944b856398ab`；`48→49`; 为填补车辆离站后故障处置缺口新增；引用 MES 模型的“首仓开始装货”；BR-001/002"	"not-found"	"not-found"	"not-found"	"not-found"	"not-approved-by-this-classification"	"split-business-design-interface-and-safety-claims-before-evidence-review-and-explicit-approval"	"`I`；12 处 TBD，文档自述为“初稿骨架”；故障状态、应急开锁、人工搬运和二次认证均不可直接进基线。; detailed record: R03-use-cases.md line 68"	"R03-use-cases.md:68"
"R03-28"	"R03"	"requirement-documents/03-use-cases/05-agv-charging/uc-012-manually-dispatch-agv-to-charge.md"	"28d317e8b576d2478b4cb6bf30c04fd2d3716f20513348c20db7f896f9f13b24"	"14152"	"tracked-clean"	"tracked-clean"	"candidate-requirement"	"R03-C"	"unapproved-use-case-candidate-for-human-review"	"`C`；手动目标可送审；9 TBD，RIOT 充电接口、阈值和异常处置未闭合。"	"[UC-012](../../../../requirement-documents/03-use-cases/05-agv-charging/uc-012-manually-dispatch-agv-to-charge.md) `28d317e8b576`；`96→0b→1d→48`; 自述为用户提出的空闲车手动充电；BR-007；明确不含低电自动回充"	"not-found"	"not-found"	"not-found"	"not-found"	"not-approved-by-this-classification"	"candidate-only-after-flow-level-decomposition-evidence-review-and-explicit-approval"	"`C`；手动目标可送审；9 TBD，RIOT 充电接口、阈值和异常处置未闭合。; detailed record: R03-use-cases.md line 74"	"R03-use-cases.md:74"
"R03-29"	"R03"	"requirement-documents/03-use-cases/05-agv-charging/uc-037-maintain-agv-charging-strategy-configuration.md"	"92bfe6345343e18ece3e9a695acc06694485425b9ebd7711225fc22179dd50e1"	"10001"	"tracked-clean"	"tracked-clean"	"candidate-requirement"	"R03-C"	"unapproved-use-case-candidate-for-human-review"	"`C`；配置目标可送审；5 TBD，“电量优先且不抢占已充电车”等内容需原始记录。"	"[UC-037](../../../../requirement-documents/03-use-cases/05-agv-charging/uc-037-maintain-agv-charging-strategy-configuration.md) `92bfe6345343`；`0b→1d`; 自述为用户提出的充电策略配置；BR-007；不含自动充电执行"	"not-found"	"not-found"	"not-found"	"not-found"	"not-approved-by-this-classification"	"candidate-only-after-flow-level-decomposition-evidence-review-and-explicit-approval"	"`C`；配置目标可送审；5 TBD，“电量优先且不抢占已充电车”等内容需原始记录。; detailed record: R03-use-cases.md line 75"	"R03-use-cases.md:75"
"R03-30"	"R03"	"requirement-documents/03-use-cases/06-area-station-mapping/uc-024-maintain-area-station-mapping.md"	"e5ba9b09854040254dc5bf4ba50f6f7b52661ac345f6cfdad25a1b3e67b942f5"	"8637"	"tracked-clean"	"tracked-clean"	"candidate-requirement"	"R03-I"	"unapproved-internal-design-exploration"	"`I`；地图数据模型内部候选，1 TBD；需用实际 RIOT 地图契约和厂区 AREA 权威表审查。"	"[UC-024](../../../../requirement-documents/03-use-cases/06-area-station-mapping/uc-024-maintain-area-station-mapping.md) `e5ba9b098540`；`0b→1d→48→ec`; AREA—站点命名解析/显式覆盖；BR-001/003/015"	"not-found"	"not-found"	"not-found"	"not-found"	"not-approved-by-this-classification"	"split-business-design-interface-and-safety-claims-before-evidence-review-and-explicit-approval"	"`I`；地图数据模型内部候选，1 TBD；需用实际 RIOT 地图契约和厂区 AREA 权威表审查。; detailed record: R03-use-cases.md line 76"	"R03-use-cases.md:76"
"R03-31"	"R03"	"requirement-documents/03-use-cases/06-area-station-mapping/uc-045-sync-map-topology-from-riot.md"	"5d4630b8d3350752d34820ecd96acba850234aa2c51293d682aa55756fc81a6a"	"6718"	"tracked-clean"	"tracked-clean"	"candidate-requirement"	"R03-I"	"unapproved-internal-design-exploration"	"`I`；7 TBD，属地图/路径成本技术设计草案，不是可直接送审的人员用例。"	"[UC-045](../../../../requirement-documents/03-use-cases/06-area-station-mapping/uc-045-sync-map-topology-from-riot.md) `5d4630b8d335`；`ec`; 填补“需最短路成本但无拓扑同步”的内部缺口；BR-002/003/015"	"not-found"	"not-found"	"not-found"	"not-found"	"not-approved-by-this-classification"	"split-business-design-interface-and-safety-claims-before-evidence-review-and-explicit-approval"	"`I`；7 TBD，属地图/路径成本技术设计草案，不是可直接送审的人员用例。; detailed record: R03-use-cases.md line 77"	"R03-use-cases.md:77"
"R03-32"	"R03"	"requirement-documents/03-use-cases/07-workflow-engine/uc-025-maintain-workflow-template.md"	"859d4880dcbd0dfa294cd58763e8c4986bfe641126073cc007012a22d607213b"	"8253"	"tracked-clean"	"tracked-clean"	"candidate-requirement"	"R03-I"	"unapproved-internal-design-exploration"	"`I`；内部编排平台候选；虽无 TBD 字样，仍无原始客户目标或批准链。"	"[UC-025](../../../../requirement-documents/03-use-cases/07-workflow-engine/uc-025-maintain-workflow-template.md) `859d4880dcbd`；`0b→1d`; 工作流模板管理；BR-004/005/006"	"not-found"	"not-found"	"not-found"	"not-found"	"not-approved-by-this-classification"	"split-business-design-interface-and-safety-claims-before-evidence-review-and-explicit-approval"	"`I`；内部编排平台候选；虽无 TBD 字样，仍无原始客户目标或批准链。; detailed record: R03-use-cases.md line 78"	"R03-use-cases.md:78"
"R03-33"	"R03"	"requirement-documents/03-use-cases/07-workflow-engine/uc-026-select-template-and-create-workflow-instance.md"	"408299ca1a0c1599c4027202a4b6ed4db33f7917af8d0bf740f7d81c0cd94128"	"9460"	"tracked-clean"	"tracked-clean"	"candidate-requirement"	"R03-I"	"unapproved-internal-design-exploration"	"`I`；系统内部过程，无原始用户来源；应随模板选择/版本绑定原子决策送审。"	"[UC-026](../../../../requirement-documents/03-use-cases/07-workflow-engine/uc-026-select-template-and-create-workflow-instance.md) `408299ca1a0c`；`0b→1d→48`; 由 BR-003/004/005/006 派生的实例创建"	"not-found"	"not-found"	"not-found"	"not-found"	"not-approved-by-this-classification"	"split-business-design-interface-and-safety-claims-before-evidence-review-and-explicit-approval"	"`I`；系统内部过程，无原始用户来源；应随模板选择/版本绑定原子决策送审。; detailed record: R03-use-cases.md line 79"	"R03-use-cases.md:79"
"R03-34"	"R03"	"requirement-documents/03-use-cases/07-workflow-engine/uc-027-execute-workflow-steps.md"	"065d9853aae9b99e17fb7092c63f2e78570b8b5fb6d26327d9ce8bf28d5ef2e9"	"10109"	"tracked-clean"	"tracked-clean"	"candidate-requirement"	"R03-I"	"unapproved-internal-design-exploration"	"`I`；编排用例，文档自述不取代原子 UC；不应单独当作客户需求。"	"[UC-027](../../../../requirement-documents/03-use-cases/07-workflow-engine/uc-027-execute-workflow-steps.md) `065d9853aae9`；`0b→1d`; 由 BR-001/002/003/005/006 和步骤目录派生"	"not-found"	"not-found"	"not-found"	"not-found"	"not-approved-by-this-classification"	"split-business-design-interface-and-safety-claims-before-evidence-review-and-explicit-approval"	"`I`；编排用例，文档自述不取代原子 UC；不应单独当作客户需求。; detailed record: R03-use-cases.md line 80"	"R03-use-cases.md:80"
"R03-35"	"R03"	"requirement-documents/03-use-cases/07-workflow-engine/uc-028-handle-workflow-step-exception.md"	"cbe177b11c8cbb68c3bb9bcc9793563f2d4d6f64dcfc5e4e8823f222f24c0525"	"9265"	"tracked-clean"	"tracked-clean"	"candidate-requirement"	"R03-I"	"unapproved-internal-design-exploration"	"`I`；异常策略内部候选；无批准链，且需与 UC-042 任务级故障分界。"	"[UC-028](../../../../requirement-documents/03-use-cases/07-workflow-engine/uc-028-handle-workflow-step-exception.md) `cbe177b11c8c`；`0b→1d`; 由 BR-002/003/005/006 派生的步骤级重试/人工介入/终止"	"not-found"	"not-found"	"not-found"	"not-found"	"not-approved-by-this-classification"	"split-business-design-interface-and-safety-claims-before-evidence-review-and-explicit-approval"	"`I`；异常策略内部候选；无批准链，且需与 UC-042 任务级故障分界。; detailed record: R03-use-cases.md line 81"	"R03-use-cases.md:81"
"R03-36"	"R03"	"requirement-documents/03-use-cases/07-workflow-engine/uc-029-view-workflow-instance-progress.md"	"78550740ee36ed6cfeab598c11725c0f855dcfc0b8ab3530664e54ad3667c7e7"	"8756"	"tracked-clean"	"tracked-clean"	"candidate-requirement"	"R03-I"	"unapproved-internal-design-exploration"	"`I`；可见性需求可再整理成送审候选，但当前主要是内部模型展示，无原始来源。"	"[UC-029](../../../../requirement-documents/03-use-cases/07-workflow-engine/uc-029-view-workflow-instance-progress.md) `78550740ee36`；`0b→1d`; 由 BR-004/005/006 派生的流程进度查看"	"not-found"	"not-found"	"not-found"	"not-found"	"not-approved-by-this-classification"	"split-business-design-interface-and-safety-claims-before-evidence-review-and-explicit-approval"	"`I`；可见性需求可再整理成送审候选，但当前主要是内部模型展示，无原始来源。; detailed record: R03-use-cases.md line 82"	"R03-use-cases.md:82"
"R03-37"	"R03"	"requirement-documents/03-use-cases/08-user-and-access/uc-030-maintain-user-account.md"	"e3ff9ad327fa32862e937dc1b258ad9da10b6b40e200da99c1934031e3d32c33"	"7393"	"tracked-clean"	"tracked-clean"	"candidate-requirement"	"R03-I"	"unapproved-internal-design-exploration"	"`I`；常规内部管理能力，无项目客户/信息安全原始决定；需 IT/安全送审。"	"[UC-030](../../../../requirement-documents/03-use-cases/08-user-and-access/uc-030-maintain-user-account.md) `e3ff9ad327fa`；`0b→1d→ec`; 账号管理；BR-010/011"	"not-found"	"not-found"	"not-found"	"not-found"	"not-approved-by-this-classification"	"split-business-design-interface-and-safety-claims-before-evidence-review-and-explicit-approval"	"`I`；常规内部管理能力，无项目客户/信息安全原始决定；需 IT/安全送审。; detailed record: R03-use-cases.md line 83"	"R03-use-cases.md:83"
"R03-38"	"R03"	"requirement-documents/03-use-cases/08-user-and-access/uc-031-maintain-role-and-permission.md"	"32c699a9c4999785093670125eeb58881ee0a50516bce5486dd2c43bb957512e"	"7089"	"tracked-clean"	"tracked-clean"	"candidate-requirement"	"R03-I"	"unapproved-internal-design-exploration"	"`I`；内部 RBAC 推演，需具名业务/安全责任人批准角色矩阵。"	"[UC-031](../../../../requirement-documents/03-use-cases/08-user-and-access/uc-031-maintain-role-and-permission.md) `32c699a9c499`；`0b→1d→ec`; 角色与权限管理；BR-010"	"not-found"	"not-found"	"not-found"	"not-found"	"not-approved-by-this-classification"	"split-business-design-interface-and-safety-claims-before-evidence-review-and-explicit-approval"	"`I`；内部 RBAC 推演，需具名业务/安全责任人批准角色矩阵。; detailed record: R03-use-cases.md line 84"	"R03-use-cases.md:84"
"R03-39"	"R03"	"requirement-documents/03-use-cases/08-user-and-access/uc-032-assign-user-roles.md"	"5ce7d6f61a375373f739a25911ae429f1fbd2064e32ed2c5b60bc4653d0fa55c"	"7040"	"tracked-clean"	"tracked-clean"	"candidate-requirement"	"R03-I"	"unapproved-internal-design-exploration"	"`I`；内部 RBAC 操作流程；没有权限所有者、双人复核或适用范围证据。"	"[UC-032](../../../../requirement-documents/03-use-cases/08-user-and-access/uc-032-assign-user-roles.md) `5ce7d6f61a37`；`0b→1d→ec`; 用户角色分配；BR-010"	"not-found"	"not-found"	"not-found"	"not-found"	"not-approved-by-this-classification"	"split-business-design-interface-and-safety-claims-before-evidence-review-and-explicit-approval"	"`I`；内部 RBAC 操作流程；没有权限所有者、双人复核或适用范围证据。; detailed record: R03-use-cases.md line 85"	"R03-use-cases.md:85"
"R03-40"	"R03"	"requirement-documents/03-use-cases/08-user-and-access/uc-033-login-and-session-management.md"	"67094351a7e718e486c02f5f8df3ecb679bfc4c9addd7138fe569ec4b5811ab6"	"6588"	"tracked-clean"	"tracked-clean"	"candidate-requirement"	"R03-I"	"unapproved-internal-design-exploration"	"`I`；安全机制内部候选，与 UC-043 现场 MES 身份会话不是同一范围；需分开审。"	"[UC-033](../../../../requirement-documents/03-use-cases/08-user-and-access/uc-033-login-and-session-management.md) `67094351a7e7`；`0b→1d→ec`; 配置端登录/会话；BR-011"	"not-found"	"not-found"	"not-found"	"not-found"	"not-approved-by-this-classification"	"split-business-design-interface-and-safety-claims-before-evidence-review-and-explicit-approval"	"`I`；安全机制内部候选，与 UC-043 现场 MES 身份会话不是同一范围；需分开审。; detailed record: R03-use-cases.md line 86"	"R03-use-cases.md:86"
"R03-41"	"R03"	"requirement-documents/03-use-cases/09-logs-and-audit/uc-034-query-and-export-audit-logs.md"	"d811416a0e4a96a98c23c7f6bef829344a4861f821392e7012259b92f628d81b"	"8488"	"tracked-clean"	"tracked-clean"	"candidate-requirement"	"R03-I"	"unapproved-internal-design-exploration"	"`I`；可再整理为利益相关方送审候选，但当前无合规权威来源、保留周期/脱敏批准。"	"[UC-034](../../../../requirement-documents/03-use-cases/09-logs-and-audit/uc-034-query-and-export-audit-logs.md) `d811416a0e4a`；`0b→1d→ec`; 安全/合规审计查询；无 BR"	"not-found"	"not-found"	"not-found"	"not-found"	"not-approved-by-this-classification"	"split-business-design-interface-and-safety-claims-before-evidence-review-and-explicit-approval"	"`I`；可再整理为利益相关方送审候选，但当前无合规权威来源、保留周期/脱敏批准。; detailed record: R03-use-cases.md line 87"	"R03-use-cases.md:87"
"R03-42"	"R03"	"requirement-documents/03-use-cases/09-logs-and-audit/uc-035-query-material-handling-history.md"	"e55c081154495c17667b8499735f41535aaa7d5736386be222f0dcd6a88322bf"	"7281"	"tracked-clean"	"tracked-clean"	"candidate-requirement"	"R03-I"	"unapproved-internal-design-exploration"	"`I`；业务查询目标可后续送审，但当前的查询键、权限范围与保留义务均为内部派生。"	"[UC-035](../../../../requirement-documents/03-use-cases/09-logs-and-audit/uc-035-query-material-handling-history.md) `e55c08115449`；`0b→1d`; 从 UC-001/002/005/006/010 的 Postcondition 事件派生的只读追溯"	"not-found"	"not-found"	"not-found"	"not-found"	"not-approved-by-this-classification"	"split-business-design-interface-and-safety-claims-before-evidence-review-and-explicit-approval"	"`I`；业务查询目标可后续送审，但当前的查询键、权限范围与保留义务均为内部派生。; detailed record: R03-use-cases.md line 88"	"R03-use-cases.md:88"
"R03-43"	"R03"	"requirement-documents/03-use-cases/09-logs-and-audit/uc-036-query-and-stream-system-logs.md"	"c6ca2cee799167b4de0203d487a6f2588e2e98c3defdfad978b64cf2d27c5823"	"8039"	"tracked-clean"	"tracked-clean"	"candidate-requirement"	"R03-I"	"unapproved-internal-design-exploration"	"`I`；运维/排障内部能力；敏感字段、脱敏、可见组件范围需 IT/安全权威方确认。"	"[UC-036](../../../../requirement-documents/03-use-cases/09-logs-and-audit/uc-036-query-and-stream-system-logs.md) `c6ca2cee7991`；`0b→1d`; 技术日志实时查看；无 BR"	"not-found"	"not-found"	"not-found"	"not-found"	"not-approved-by-this-classification"	"split-business-design-interface-and-safety-claims-before-evidence-review-and-explicit-approval"	"`I`；运维/排障内部能力；敏感字段、脱敏、可见组件范围需 IT/安全权威方确认。; detailed record: R03-use-cases.md line 89"	"R03-use-cases.md:89"
"R03-44"	"R03"	"requirement-documents/03-use-cases/10-safety-and-interlock/uc-004-slot-door-safety-interlock.md"	"3b0bb4b8c6ae07cc894c0f966c3123954700c3b4f49b4ebff4b2c0567248e114"	"19378"	"tracked-clean"	"tracked-clean"	"candidate-requirement"	"R03-I"	"unapproved-internal-design-exploration"	"`I`；5 TBD；查询/轮询拒绝、暂停/恢复/取消是安全关键内部方案，且文档明说无硬件联锁；必须单独安全送审，不能因“与 RIOT 确认”就批准。"	"[UC-004](../../../../requirement-documents/03-use-cases/10-safety-and-interlock/uc-004-slot-door-safety-interlock.md) `3b0bb4b8c6ae`；`48`; 从 UC-001 开门时移动异常拆分成全局软件安全联锁；BR-002"	"not-found"	"not-found"	"not-found"	"not-found"	"not-approved-by-this-classification"	"split-business-design-interface-and-safety-claims-before-evidence-review-and-explicit-approval"	"`I`；5 TBD；查询/轮询拒绝、暂停/恢复/取消是安全关键内部方案，且文档明说无硬件联锁；必须单独安全送审，不能因“与 RIOT 确认”就批准。; detailed record: R03-use-cases.md line 90"	"R03-use-cases.md:90"
"R03-45"	"R03"	"requirement-documents/03-use-cases/11-agv-parking/uc-040-maintain-agv-parking-point-configuration.md"	"c9ca1052d743953eb2378ea213378af49b4e6d34abc13aecfcaa428a498608df"	"7170"	"tracked-clean"	"tracked-clean"	"candidate-requirement"	"R03-C"	"unapproved-use-case-candidate-for-human-review"	"`C`；停靠点配置可送审；3 TBD，保存前是否禁用车辆等未定。"	"[UC-040](../../../../requirement-documents/03-use-cases/11-agv-parking/uc-040-maintain-agv-parking-point-configuration.md) `c9ca1052d743`；`48`; 从 [vision-and-scope.md](../../../../requirement-documents/00-vision/vision-and-scope.md) “返回驻点”填补配置缺口；BR-009"	"not-found"	"not-found"	"not-found"	"not-found"	"not-approved-by-this-classification"	"candidate-only-after-flow-level-decomposition-evidence-review-and-explicit-approval"	"`C`；停靠点配置可送审；3 TBD，保存前是否禁用车辆等未定。; detailed record: R03-use-cases.md line 91"	"R03-use-cases.md:91"
"R03-46"	"R03"	"requirement-documents/03-use-cases/11-agv-parking/uc-041-return-idle-agv-to-parking-point.md"	"98a1037dc6f0563be82c19ae4628b7b773d1d5aa44f95cf988ad6fd7daae3cf5"	"10362"	"tracked-clean"	"tracked-clean"	"candidate-requirement"	"R03-C"	"unapproved-use-case-candidate-for-human-review"	"`C`；“空闲返驻点”目标可送审；7 TBD，与 UC-008/012 的竞争、锁和重试是内部设计。"	"[UC-041](../../../../requirement-documents/03-use-cases/11-agv-parking/uc-041-return-idle-agv-to-parking-point.md) `98a1037dc6f0`；`48`; 从同一愿景条目填补自动执行缺口；BR-009"	"not-found"	"not-found"	"not-found"	"not-found"	"not-approved-by-this-classification"	"candidate-only-after-flow-level-decomposition-evidence-review-and-explicit-approval"	"`C`；“空闲返驻点”目标可送审；7 TBD，与 UC-008/012 的竞争、锁和重试是内部设计。; detailed record: R03-use-cases.md line 92"	"R03-use-cases.md:92"
"R03-47"	"R03"	"requirement-documents/03-use-cases/可能有哪些user case.md"	"e3b0c44298fc1c149afbf4c8996fb92427ae41e4649b934ca495991b7852b855"	"0"	"untracked"	"tracked-clean"	"candidate-requirement"	"R03-T"	"empty-placeholder-or-todo"	"`T`；只能证明曾创建一个用例头脑风暴/待办路径；**无任何可恢复的场景、来源、范围或批准内容**，不能生成需求。"	"[可能有哪些 user case.md](../../../../requirement-documents/03-use-cases/%E5%8F%AF%E8%83%BD%E6%9C%89%E5%93%AA%E4%BA%9Buser%20case.md) `e3b0c44298fc`；`96`; 0 字节空文件；勘误后为 `tracked-clean`；固定 HEAD blob 为 Git 空 blob `e69de29…`"	"not-found"	"not-found"	"not-found"	"not-found"	"not-approved-by-this-classification"	"do-not-extract-from-this-document"	"`T`；只能证明曾创建一个用例头脑风暴/待办路径；**无任何可恢复的场景、来源、范围或批准内容**，不能生成需求。; detailed record: R03-use-cases.md line 98"	"R03-use-cases.md:98"
"R03-48"	"R03"	"requirement-documents/03-use-cases/uc-template-guide.md"	"c28f3e41cf01187ca1b7ead33dddf1d21794467922359ef41dc9a2fec2ab1082"	"6287"	"tracked-clean"	"tracked-clean"	"candidate-requirement"	"R03-G"	"writing-guide"	"`G`；只是内部写作/结构参考；指南中说可用 Notes 记录“用户澄清”，但 Notes 不会自动成为批准证据，也不表达系统需求。"	"[uc-template-guide.md](../../../../requirement-documents/03-use-cases/uc-template-guide.md) `c28f3e41cf01`；`96`; `type: template-guide,status: reference`；规定 frontmatter、正常/备选/异常流程及 Notes 的写法"	"not-found"	"not-found"	"not-found"	"not-found"	"not-approved-by-this-classification"	"do-not-extract-from-this-document"	"`G`；只是内部写作/结构参考；指南中说可用 Notes 记录“用户澄清”，但 Notes 不会自动成为批准证据，也不表达系统需求。; detailed record: R03-use-cases.md line 99"	"R03-use-cases.md:99"
"R04-01"	"R04"	"requirement-documents/04-functional-requirements/01-site-operations/fr-001-sublot-task-validity-and-dispatch-range-check.md"	"a63fc423be3877da04b4c116938f4a92813d5f0fe28070c67237dc8dc0e09379"	"4547"	"tracked-clean"	"tracked-clean"	"candidate-requirement"	"internal-derived-draft-functional-requirement-candidate"	"unapproved-internal-derived-functional-requirement"	"`draft`、无批准；站点作业内部派生候选；按 AC-1∼4 拆任务存在/范围/服务失败。"	"[FR-001](../../../../requirement-documents/04-functional-requirements/01-site-operations/fr-001-sublot-task-validity-and-dispatch-range-check.md) `a63fc423be38`；`ec`; Origin: UC-001 + BR-001"	"not-found"	"not-found"	"not-found"	"not-found"	"not-approved-by-this-classification"	"candidate-only-after-acceptance-criterion-level-decomposition-evidence-review-and-explicit-approval"	"`draft`、无批准；站点作业内部派生候选；按 AC-1∼4 拆任务存在/范围/服务失败。; detailed record: R04-functional-requirements.md matrix row 01"	"R04-functional-requirements.md:25"
"R04-02"	"R04"	"requirement-documents/04-functional-requirements/01-site-operations/fr-002-slot-unlock-occupancy-confirm-and-state-persist.md"	"e67684f850cc13ef40e71d2cd12d82c8abe5b1fd051c2f86dbdfd385c5a62d7c"	"11435"	"tracked-clean"	"tracked-clean"	"candidate-requirement"	"internal-derived-draft-functional-requirement-candidate"	"unapproved-internal-derived-functional-requirement"	"`draft`、无批准；高相关但安全/补偿混合；按 AC-1∼16 逐条拆开锁、光幕、占用、补偿决策与恢复。"	"[FR-002](../../../../requirement-documents/04-functional-requirements/01-site-operations/fr-002-slot-unlock-occupancy-confirm-and-state-persist.md) `e67684f850cc`；`ec→49`; UC-001/004/014 + BR-013；后期大幅改写硬件恢复语义"	"not-found"	"not-found"	"not-found"	"not-found"	"not-approved-by-this-classification"	"candidate-only-after-acceptance-criterion-level-decomposition-evidence-review-and-explicit-approval"	"`draft`、无批准；高相关但安全/补偿混合；按 AC-1∼16 逐条拆开锁、光幕、占用、补偿决策与恢复。; detailed record: R04-functional-requirements.md matrix row 02"	"R04-functional-requirements.md:26"
"R04-03"	"R04"	"requirement-documents/04-functional-requirements/01-site-operations/fr-003-confirm-completion-eligibility-check.md"	"6a7072536249b2967993cfb855c344e1b9eddf9fe98730d187b3846aa1dfc332"	"2458"	"tracked-clean"	"tracked-clean"	"candidate-requirement"	"internal-derived-draft-functional-requirement-candidate"	"unapproved-internal-derived-functional-requirement"	"`draft`、无批准；当前是 StopClosure 内部派生版；AC-1∼3。"	"[FR-003](../../../../requirement-documents/04-functional-requirements/01-site-operations/fr-003-confirm-completion-eligibility-check.md) `6a7072536249`；`ec→49`; 无 Origin 节；Related 指 UC-002/046，Notes 指 ADR-0054/0055 替代旧语义"	"not-found"	"not-found"	"not-found"	"not-found"	"not-approved-by-this-classification"	"candidate-only-after-acceptance-criterion-level-decomposition-evidence-review-and-explicit-approval"	"`draft`、无批准；当前是 StopClosure 内部派生版；AC-1∼3。; detailed record: R04-functional-requirements.md matrix row 03"	"R04-functional-requirements.md:27"
"R04-04"	"R04"	"requirement-documents/04-functional-requirements/01-site-operations/fr-004-batch-task-completion-session-closure-and-non-reversibility.md"	"4f34327fada46b9fb6a8768294bca8256080bc604df7297f1aeea79b2b118815"	"2617"	"tracked-clean"	"tracked-clean"	"candidate-requirement"	"internal-derived-draft-functional-requirement-candidate"	"unapproved-internal-derived-functional-requirement"	"`draft`、无批准；内部 StopClosureCommit 设计；AC-1∼4 拆原子提交/会话/投影/移动失败。"	"[FR-004](../../../../requirement-documents/04-functional-requirements/01-site-operations/fr-004-batch-task-completion-session-closure-and-non-reversibility.md) `4f34327fada4`；`ec→49`; 无 Origin；UC-002/046 + FR-003/013/031，Notes 明示 LoadBatch 替代旧“批量确认”"	"not-found"	"not-found"	"not-found"	"not-found"	"not-approved-by-this-classification"	"candidate-only-after-acceptance-criterion-level-decomposition-evidence-review-and-explicit-approval"	"`draft`、无批准；内部 StopClosureCommit 设计；AC-1∼4 拆原子提交/会话/投影/移动失败。; detailed record: R04-functional-requirements.md matrix row 04"	"R04-functional-requirements.md:28"
"R04-05"	"R04"	"requirement-documents/04-functional-requirements/01-site-operations/fr-005-mis-stored-retrieval-eligibility-check.md"	"ba4726149cbd809f1bae3101db5b07a283d1817a953c711158dd9ff36be2b74c"	"3064"	"tracked-clean"	"tracked-clean"	"candidate-requirement"	"internal-derived-draft-functional-requirement-candidate"	"unapproved-internal-derived-functional-requirement"	"`draft`、无批准；内部纠错授权候选；AC-1∼2。"	"[FR-005](../../../../requirement-documents/04-functional-requirements/01-site-operations/fr-005-mis-stored-retrieval-eligibility-check.md) `ba4726149cbd`；`ec→49`; 无 Origin；Related 指 UC-005/FR-006，为 LoadCorrection 重写"	"not-found"	"not-found"	"not-found"	"not-found"	"not-approved-by-this-classification"	"candidate-only-after-acceptance-criterion-level-decomposition-evidence-review-and-explicit-approval"	"`draft`、无批准；内部纠错授权候选；AC-1∼2。; detailed record: R04-functional-requirements.md matrix row 05"	"R04-functional-requirements.md:29"
"R04-06"	"R04"	"requirement-documents/04-functional-requirements/01-site-operations/fr-006-multi-slot-unlock-retrieval-and-occupancy-rollback.md"	"5114f3db3d3a745596fa6362a7790f21fbf5b4588517806002cec1f5eacef0a5"	"3992"	"tracked-clean"	"tracked-clean"	"candidate-requirement"	"internal-derived-draft-functional-requirement-candidate"	"unapproved-internal-derived-functional-requirement"	"`draft`、无批准；AC-1∼6 分联锁、单仓、重放、Pending、出口、自动重开。"	"[FR-006](../../../../requirement-documents/04-functional-requirements/01-site-operations/fr-006-multi-slot-unlock-retrieval-and-occupancy-rollback.md) `5114f3db3d3a`；`ec→49`; 无 Origin；UC-005/004/006 + FR-005/007/031，为原仓位纠错/待重放设计"	"not-found"	"not-found"	"not-found"	"not-found"	"not-approved-by-this-classification"	"candidate-only-after-acceptance-criterion-level-decomposition-evidence-review-and-explicit-approval"	"`draft`、无批准；AC-1∼6 分联锁、单仓、重放、Pending、出口、自动重开。; detailed record: R04-functional-requirements.md matrix row 06"	"R04-functional-requirements.md:30"
"R04-07"	"R04"	"requirement-documents/04-functional-requirements/01-site-operations/fr-007-task-cancellation-eligibility-check-and-state-rollback.md"	"a68a4c65a9e8cb31bb881b61ccb7b5b6165be1726a5910b00243aca2988fe7fc"	"5702"	"tracked-clean"	"tracked-clean"	"candidate-requirement"	"internal-derived-draft-functional-requirement-candidate"	"unapproved-internal-derived-functional-requirement"	"`draft`、无批准；AC-1∼10 含任务终态、硬件闭环、多 SUBLOT 隔离与补偿权限，必须继续拆分。"	"[FR-007](../../../../requirement-documents/04-functional-requirements/01-site-operations/fr-007-task-cancellation-eligibility-check-and-state-rollback.md) `a68a4c65a9e8`；`ec→49`; 无 Origin；UC-006 + FR-006，为离站前清空/取消重写"	"not-found"	"not-found"	"not-found"	"not-found"	"not-approved-by-this-classification"	"candidate-only-after-acceptance-criterion-level-decomposition-evidence-review-and-explicit-approval"	"`draft`、无批准；AC-1∼10 含任务终态、硬件闭环、多 SUBLOT 隔离与补偿权限，必须继续拆分。; detailed record: R04-functional-requirements.md matrix row 07"	"R04-functional-requirements.md:31"
"R04-08"	"R04"	"requirement-documents/04-functional-requirements/01-site-operations/fr-008-destination-station-auto-identify-and-batch-unlock.md"	"b6cd2f5524eb6a3544dbd07b079ab887b3b5386f0373ffc01eaa3534b1092d26"	"5745"	"tracked-clean"	"tracked-clean"	"candidate-requirement"	"internal-derived-draft-functional-requirement-candidate"	"unapproved-internal-derived-functional-requirement"	"`draft`、无批准；卸货内部派生候选；AC-1∼6。"	"[FR-008](../../../../requirement-documents/04-functional-requirements/01-site-operations/fr-008-destination-station-auto-identify-and-batch-unlock.md) `b6cd2f5524eb`；`ec→49`; Origin: UC-010/004 + BR-013/014"	"not-found"	"not-found"	"not-found"	"not-found"	"not-approved-by-this-classification"	"candidate-only-after-acceptance-criterion-level-decomposition-evidence-review-and-explicit-approval"	"`draft`、无批准；卸货内部派生候选；AC-1∼6。; detailed record: R04-functional-requirements.md matrix row 08"	"R04-functional-requirements.md:32"
"R04-09"	"R04"	"requirement-documents/04-functional-requirements/01-site-operations/fr-009-post-close-light-curtain-confirm-occupancy-rollback-and-residue-escalation.md"	"a84dc7ee55a0157159b6bd7caeaee2e45fdc39a82437e137858d5e35c94680c6"	"3978"	"tracked-clean"	"tracked-clean"	"candidate-requirement"	"internal-derived-draft-functional-requirement-candidate"	"unapproved-internal-derived-functional-requirement"	"`draft`、无批准；卸货残留/回滚候选；AC-1∼2。"	"[FR-009](../../../../requirement-documents/04-functional-requirements/01-site-operations/fr-009-post-close-light-curtain-confirm-occupancy-rollback-and-residue-escalation.md) `a84dc7ee55a0`；`ec→49`; Origin: UC-010 + BR-013；Related 另指 UC-044"	"not-found"	"not-found"	"not-found"	"not-found"	"not-approved-by-this-classification"	"candidate-only-after-acceptance-criterion-level-decomposition-evidence-review-and-explicit-approval"	"`draft`、无批准；卸货残留/回滚候选；AC-1∼2。; detailed record: R04-functional-requirements.md matrix row 09"	"R04-functional-requirements.md:33"
"R04-10"	"R04"	"requirement-documents/04-functional-requirements/01-site-operations/fr-010-arrival-status-update-and-operation-panel-navigation.md"	"701bbbcb942f24351544ca00c88f1ea4220d5c9d50b70117e41dd586c9e95fdd"	"5547"	"tracked-clean"	"tracked-clean"	"candidate-requirement"	"internal-derived-draft-functional-requirement-candidate"	"unapproved-internal-derived-functional-requirement"	"`draft`、无批准；到站投影/HMI 内部派生；AC-1∼7。"	"[FR-010](../../../../requirement-documents/04-functional-requirements/01-site-operations/fr-010-arrival-status-update-and-operation-panel-navigation.md) `701bbbcb942f`；`ec→49`; Origin: UC-003 + BR-001"	"not-found"	"not-found"	"not-found"	"not-found"	"not-approved-by-this-classification"	"candidate-only-after-acceptance-criterion-level-decomposition-evidence-review-and-explicit-approval"	"`draft`、无批准；到站投影/HMI 内部派生；AC-1∼7。; detailed record: R04-functional-requirements.md matrix row 10"	"R04-functional-requirements.md:34"
"R04-11"	"R04"	"requirement-documents/04-functional-requirements/01-site-operations/fr-011-identity-and-role-verification-via-mes.md"	"93dbc4bd552816bffb6791376eeac5707c50cd514a0343238c8b39da809d98fd"	"2310"	"tracked-clean"	"tracked-clean"	"candidate-requirement"	"internal-derived-draft-functional-requirement-candidate"	"unapproved-internal-derived-functional-requirement"	"`draft`、无批准；项目级身份策略须特别追回具名业务/IT 批准；AC-1∼4。"	"[FR-011](../../../../requirement-documents/04-functional-requirements/01-site-operations/fr-011-identity-and-role-verification-via-mes.md) `93dbc4bd5528`；`ec→49`; 无 Origin；Related 只指 UC-043，正文新增 8005 装货开/卸货关策略"	"not-found"	"not-found"	"not-found"	"not-found"	"not-approved-by-this-classification"	"candidate-only-after-acceptance-criterion-level-decomposition-evidence-review-and-explicit-approval"	"`draft`、无批准；项目级身份策略须特别追回具名业务/IT 批准；AC-1∼4。; detailed record: R04-functional-requirements.md matrix row 11"	"R04-functional-requirements.md:35"
"R04-12"	"R04"	"requirement-documents/04-functional-requirements/01-site-operations/fr-012-session-establishment-reuse-and-lock-stage-transition.md"	"56a57678899c18a1f51d4469950f21eced0a6c7881f9bff99bb14d43118770fe"	"2881"	"tracked-clean"	"tracked-clean"	"candidate-requirement"	"internal-derived-draft-functional-requirement-candidate"	"unapproved-internal-derived-functional-requirement"	"`draft`、无批准；会话/绑定内部设计；AC-1∼5。"	"[FR-012](../../../../requirement-documents/04-functional-requirements/01-site-operations/fr-012-session-establishment-reuse-and-lock-stage-transition.md) `56a57678899c`；`ec→49`; 无 Origin；UC-043/001/005/010/044，混合生产操作员与 R-09 独立审批身份"	"not-found"	"not-found"	"not-found"	"not-found"	"not-approved-by-this-classification"	"candidate-only-after-acceptance-criterion-level-decomposition-evidence-review-and-explicit-approval"	"`draft`、无批准；会话/绑定内部设计；AC-1∼5。; detailed record: R04-functional-requirements.md matrix row 12"	"R04-functional-requirements.md:36"
"R04-13"	"R04"	"requirement-documents/04-functional-requirements/01-site-operations/fr-013-session-termination-rules.md"	"e8fa72726ab29f2182884aa2777f9f2570984a49d2a71352e8a269a2a549ac1e"	"2197"	"tracked-clean"	"tracked-clean"	"candidate-requirement"	"internal-derived-draft-functional-requirement-candidate"	"unapproved-internal-derived-functional-requirement"	"`draft`、无批准；会话结束/恢复内部设计；AC-1∼4。"	"[FR-013](../../../../requirement-documents/04-functional-requirements/01-site-operations/fr-013-session-termination-rules.md) `e8fa72726ab2`；`ec→49`; 无 Origin；UC-043/002/006/046 + FR-004/011/012/031"	"not-found"	"not-found"	"not-found"	"not-found"	"not-approved-by-this-classification"	"candidate-only-after-acceptance-criterion-level-decomposition-evidence-review-and-explicit-approval"	"`draft`、无批准；会话结束/恢复内部设计；AC-1∼4。; detailed record: R04-functional-requirements.md matrix row 13"	"R04-functional-requirements.md:37"
"R04-14"	"R04"	"requirement-documents/04-functional-requirements/01-site-operations/fr-014-slot-reopen-residue-clearance-confirm-and-state-restoration.md"	"4fe50e146f6c328f331809f30da2b7a1a9d2bf163870180e02607b1a525325be"	"4820"	"tracked-clean"	"tracked-clean"	"candidate-requirement"	"internal-derived-draft-functional-requirement-candidate"	"unapproved-internal-derived-functional-requirement"	"`draft`、无批准；残留仓位恢复候选；AC-1∼4。"	"[FR-014](../../../../requirement-documents/04-functional-requirements/01-site-operations/fr-014-slot-reopen-residue-clearance-confirm-and-state-restoration.md) `4fe50e146f6c`；`ec→49`; Origin: UC-044 + UC-004；Related 另指 UC-010/002"	"not-found"	"not-found"	"not-found"	"not-found"	"not-approved-by-this-classification"	"candidate-only-after-acceptance-criterion-level-decomposition-evidence-review-and-explicit-approval"	"`draft`、无批准；残留仓位恢复候选；AC-1∼4。; detailed record: R04-functional-requirements.md matrix row 14"	"R04-functional-requirements.md:38"
"R04-15"	"R04"	"requirement-documents/04-functional-requirements/01-site-operations/fr-031-station-departure-wait-timeout-and-auto-closure.md"	"69484156ab84242115a54b2f7e46d0913578e3beaed7708f8227d3a5c6a80d42"	"5816"	"tracked-clean"	"tracked-clean"	"candidate-requirement"	"internal-derived-draft-functional-requirement-candidate"	"unapproved-internal-derived-functional-requirement"	"`draft`、无批准；内部超时自动结束候选；AC-1∼12，默认 5 分钟及 HMI 阈值优先追原始决定。"	"[FR-031](../../../../requirement-documents/04-functional-requirements/01-site-operations/fr-031-station-departure-wait-timeout-and-auto-closure.md) `69484156ab84`；`49`; Origin 自述 2026-07-30∼31 “需求确认会话” + UC-046 + ADR-0055；会话未导出/具名"	"not-found"	"not-found"	"not-found"	"not-found"	"not-approved-by-this-classification"	"candidate-only-after-acceptance-criterion-level-decomposition-evidence-review-and-explicit-approval"	"`draft`、无批准；内部超时自动结束候选；AC-1∼12，默认 5 分钟及 HMI 阈值优先追原始决定。; detailed record: R04-functional-requirements.md matrix row 15"	"R04-functional-requirements.md:39"
"R04-16"	"R04"	"requirement-documents/04-functional-requirements/02-slot-and-hardware/fr-015-slot-monitoring-dashboard-display-and-refresh.md"	"fd47600ad362f0a0a38bb35708d82fac440cbe40bfc9c5cdff7068c971a0e31c"	"4195"	"tracked-clean"	"tracked-clean"	"candidate-requirement"	"internal-derived-draft-functional-requirement-candidate"	"unapproved-internal-derived-functional-requirement"	"`draft`、无批准；硬件看板内部派生；AC-1∼2。"	"[FR-015](../../../../requirement-documents/04-functional-requirements/02-slot-and-hardware/fr-015-slot-monitoring-dashboard-display-and-refresh.md) `fd47600ad362`；`ec`; Origin: UC-011"	"not-found"	"not-found"	"not-found"	"not-found"	"not-approved-by-this-classification"	"candidate-only-after-acceptance-criterion-level-decomposition-evidence-review-and-explicit-approval"	"`draft`、无批准；硬件看板内部派生；AC-1∼2。; detailed record: R04-functional-requirements.md matrix row 16"	"R04-functional-requirements.md:40"
"R04-17"	"R04"	"requirement-documents/04-functional-requirements/02-slot-and-hardware/fr-016-slot-enable-disable-batch-eligibility-and-state-update.md"	"bd9df8d49efd21941ec36aade3976ca4a0e1ff58eb64cf2626a3796b8ca35920"	"2140"	"tracked-clean"	"tracked-clean"	"candidate-requirement"	"internal-derived-draft-functional-requirement-candidate"	"unapproved-internal-derived-functional-requirement"	"`draft`、无批准；内部状态模型；AC-1∼4，将立即/待生效/硬件故障/批量结果拆开。"	"[FR-016](../../../../requirement-documents/04-functional-requirements/02-slot-and-hardware/fr-016-slot-enable-disable-batch-eligibility-and-state-update.md) `bd9df8d49efd`；`ec→49`; 无 Origin；Related 只指 UC-014，后期改写为管理状态 + 车载可操作性"	"not-found"	"not-found"	"not-found"	"not-found"	"not-approved-by-this-classification"	"candidate-only-after-acceptance-criterion-level-decomposition-evidence-review-and-explicit-approval"	"`draft`、无批准；内部状态模型；AC-1∼4，将立即/待生效/硬件故障/批量结果拆开。; detailed record: R04-functional-requirements.md matrix row 17"	"R04-functional-requirements.md:41"
"R04-18"	"R04"	"requirement-documents/04-functional-requirements/02-slot-and-hardware/fr-017-slot-door-unlock-open-test-and-result-recording.md"	"a6ffae552466f49ae92583be9fe9518470feeebdff50f6289c549c140c85e5d6"	"3808"	"tracked-clean"	"tracked-clean"	"candidate-requirement"	"internal-derived-draft-functional-requirement-candidate"	"unapproved-internal-derived-functional-requirement"	"`draft`、无批准；硬件测试能力候选；AC-1∼3。"	"[FR-017](../../../../requirement-documents/04-functional-requirements/02-slot-and-hardware/fr-017-slot-door-unlock-open-test-and-result-recording.md) `a6ffae552466`；`ec→49`; Origin: UC-015"	"not-found"	"not-found"	"not-found"	"not-found"	"not-approved-by-this-classification"	"candidate-only-after-acceptance-criterion-level-decomposition-evidence-review-and-explicit-approval"	"`draft`、无批准；硬件测试能力候选；AC-1∼3。; detailed record: R04-functional-requirements.md matrix row 18"	"R04-functional-requirements.md:42"
"R04-19"	"R04"	"requirement-documents/04-functional-requirements/02-slot-and-hardware/fr-018-slot-light-curtain-function-test.md"	"999d4ea4a140976fd89c60c053fae7886419ee061f1dcb043d67ae735033a550"	"4672"	"tracked-clean"	"tracked-clean"	"candidate-requirement"	"internal-derived-draft-functional-requirement-candidate"	"unapproved-internal-derived-functional-requirement"	"`draft`、无批准；光幕测试能力候选；AC-1∼4。"	"[FR-018](../../../../requirement-documents/04-functional-requirements/02-slot-and-hardware/fr-018-slot-light-curtain-function-test.md) `999d4ea4a140`；`ec`; Origin: UC-016"	"not-found"	"not-found"	"not-found"	"not-found"	"not-approved-by-this-classification"	"candidate-only-after-acceptance-criterion-level-decomposition-evidence-review-and-explicit-approval"	"`draft`、无批准；光幕测试能力候选；AC-1∼4。; detailed record: R04-functional-requirements.md matrix row 19"	"R04-functional-requirements.md:43"
"R04-20"	"R04"	"requirement-documents/04-functional-requirements/02-slot-and-hardware/fr-019-slot-door-state-detection-test.md"	"1d38c8eb256111e8166e953b5ab77de1b8ef3b28f4ff0e6f8cc1fbc80698abe4"	"2733"	"tracked-clean"	"tracked-clean"	"candidate-requirement"	"internal-derived-draft-functional-requirement-candidate"	"unapproved-internal-derived-functional-requirement"	"`draft`、无批准；锁反馈/闩合测试候选；AC-1∼4；不用测试通过反推需求正确。"	"[FR-019](../../../../requirement-documents/04-functional-requirements/02-slot-and-hardware/fr-019-slot-door-state-detection-test.md) `1d38c8eb2561`；`ec→49`; Origin: UC-017"	"not-found"	"not-found"	"not-found"	"not-found"	"not-approved-by-this-classification"	"candidate-only-after-acceptance-criterion-level-decomposition-evidence-review-and-explicit-approval"	"`draft`、无批准；锁反馈/闩合测试候选；AC-1∼4；不用测试通过反推需求正确。; detailed record: R04-functional-requirements.md matrix row 20"	"R04-functional-requirements.md:44"
"R04-21"	"R04"	"requirement-documents/04-functional-requirements/02-slot-and-hardware/fr-020-bidirectional-io-point-mapping-verification.md"	"54c87508a16002a3a19923056dce04d5850dcff024560c4ecf7fdb01e79bdeef"	"4784"	"tracked-clean"	"tracked-clean"	"candidate-requirement"	"internal-derived-draft-functional-requirement-candidate"	"unapproved-internal-derived-functional-requirement"	"`draft`、无批准；IO 点位核对能力候选；AC-1∼3。"	"[FR-020](../../../../requirement-documents/04-functional-requirements/02-slot-and-hardware/fr-020-bidirectional-io-point-mapping-verification.md) `54c87508a160`；`ec`; Origin: UC-018"	"not-found"	"not-found"	"not-found"	"not-found"	"not-approved-by-this-classification"	"candidate-only-after-acceptance-criterion-level-decomposition-evidence-review-and-explicit-approval"	"`draft`、无批准；IO 点位核对能力候选；AC-1∼3。; detailed record: R04-functional-requirements.md matrix row 21"	"R04-functional-requirements.md:45"
"R04-22"	"R04"	"requirement-documents/04-functional-requirements/02-slot-and-hardware/fr-021-slot-to-io-point-mapping-create-modify-validation.md"	"5f2b14ff9d542a3bbf6b46154405490a795ca237c39a651eef4fa36b9eb8b3e9"	"4402"	"tracked-clean"	"tracked-clean"	"candidate-requirement"	"internal-derived-draft-functional-requirement-candidate"	"unapproved-internal-derived-functional-requirement"	"`draft`、无批准；映射维护能力候选；AC-1∼3。"	"[FR-021](../../../../requirement-documents/04-functional-requirements/02-slot-and-hardware/fr-021-slot-to-io-point-mapping-create-modify-validation.md) `5f2b14ff9d54`；`ec→49`; Origin: UC-039；下游依赖 FR-020"	"not-found"	"not-found"	"not-found"	"not-found"	"not-approved-by-this-classification"	"candidate-only-after-acceptance-criterion-level-decomposition-evidence-review-and-explicit-approval"	"`draft`、无批准；映射维护能力候选；AC-1∼3。; detailed record: R04-functional-requirements.md matrix row 22"	"R04-functional-requirements.md:46"
"R04-23"	"R04"	"requirement-documents/04-functional-requirements/03-agv-fleet-management/fr-022-slot-model-draft-field-and-layout-validation.md"	"b9f233de0603765501c2d55359914174816b7b933f53e6fbfe85ec3304d5d3e2"	"6318"	"tracked-clean"	"tracked-clean"	"candidate-requirement"	"internal-derived-draft-functional-requirement-candidate"	"unapproved-internal-derived-functional-requirement"	"`draft`、无批准；车队模型草稿校验候选；AC-1∼5。"	"[FR-022](../../../../requirement-documents/04-functional-requirements/03-agv-fleet-management/fr-022-slot-model-draft-field-and-layout-validation.md) `b9f233de0603`；`ec`; Origin: UC-038 + BR-008"	"not-found"	"not-found"	"not-found"	"not-found"	"not-approved-by-this-classification"	"candidate-only-after-acceptance-criterion-level-decomposition-evidence-review-and-explicit-approval"	"`draft`、无批准；车队模型草稿校验候选；AC-1∼5。; detailed record: R04-functional-requirements.md matrix row 23"	"R04-functional-requirements.md:47"
"R04-24"	"R04"	"requirement-documents/04-functional-requirements/03-agv-fleet-management/fr-023-slot-model-publish-with-dual-authentication-and-immutable-versioning.md"	"eb69554a831bab8fcff784afbecb7e59b5ce068dbcc6deda3accaa471c530967"	"5906"	"tracked-clean"	"tracked-clean"	"candidate-requirement"	"internal-derived-draft-functional-requirement-candidate"	"unapproved-internal-derived-functional-requirement"	"`draft`、无批准；发布/二次认证/不可变版本候选；AC-1∼4。"	"[FR-023](../../../../requirement-documents/04-functional-requirements/03-agv-fleet-management/fr-023-slot-model-publish-with-dual-authentication-and-immutable-versioning.md) `eb69554a831b`；`ec`; Origin: UC-038 + BR-008"	"not-found"	"not-found"	"not-found"	"not-found"	"not-approved-by-this-classification"	"candidate-only-after-acceptance-criterion-level-decomposition-evidence-review-and-explicit-approval"	"`draft`、无批准；发布/二次认证/不可变版本候选；AC-1∼4。; detailed record: R04-functional-requirements.md matrix row 24"	"R04-functional-requirements.md:48"
"R04-25"	"R04"	"requirement-documents/04-functional-requirements/03-agv-fleet-management/fr-024-slot-model-retire-with-dual-authentication-and-historical-reference-preservation.md"	"3636ffb7e73c900a54c6046fb0c5d9253c6107bebf5ca306b693d60b7357ecbe"	"4497"	"tracked-clean"	"tracked-clean"	"candidate-requirement"	"internal-derived-draft-functional-requirement-candidate"	"unapproved-internal-derived-functional-requirement"	"`draft`、无批准；停用/历史引用保留候选；AC-1∼3。"	"[FR-024](../../../../requirement-documents/04-functional-requirements/03-agv-fleet-management/fr-024-slot-model-retire-with-dual-authentication-and-historical-reference-preservation.md) `3636ffb7e73c`；`ec`; Origin: UC-038 + BR-008"	"not-found"	"not-found"	"not-found"	"not-found"	"not-approved-by-this-classification"	"candidate-only-after-acceptance-criterion-level-decomposition-evidence-review-and-explicit-approval"	"`draft`、无批准；停用/历史引用保留候选；AC-1∼3。; detailed record: R04-functional-requirements.md matrix row 25"	"R04-functional-requirements.md:49"
"R04-26"	"R04"	"requirement-documents/04-functional-requirements/03-agv-fleet-management/fr-025-agv-registration-eligibility-and-slot-model-version-validation.md"	"a367b18735381c1357f84aee4e68db20c80a8f5f87e50389d0ba2206785d099f"	"5179"	"tracked-clean"	"tracked-clean"	"candidate-requirement"	"internal-derived-draft-functional-requirement-candidate"	"unapproved-internal-derived-functional-requirement"	"`draft`、无批准；AGV 接入资格/模型版本候选；AC-1∼4。"	"[FR-025](../../../../requirement-documents/04-functional-requirements/03-agv-fleet-management/fr-025-agv-registration-eligibility-and-slot-model-version-validation.md) `a367b1873538`；`ec`; Origin: UC-019；Related BR-002/008"	"not-found"	"not-found"	"not-found"	"not-found"	"not-approved-by-this-classification"	"candidate-only-after-acceptance-criterion-level-decomposition-evidence-review-and-explicit-approval"	"`draft`、无批准；AGV 接入资格/模型版本候选；AC-1∼4。; detailed record: R04-functional-requirements.md matrix row 26"	"R04-functional-requirements.md:50"
"R04-27"	"R04"	"requirement-documents/04-functional-requirements/03-agv-fleet-management/fr-026-atomic-agv-record-creation-slot-instance-generation-and-audit-logging.md"	"dbef8d3f895c26e2ac8807377668c01a00b5f56740a81719daa9b7944f1f2b21"	"5002"	"tracked-clean"	"tracked-clean"	"candidate-requirement"	"internal-derived-draft-functional-requirement-candidate"	"unapproved-internal-derived-functional-requirement"	"`draft`、无批准；档案/仓位实例原子创建候选；AC-1∼2 仍需拆创建、回滚和审计。"	"[FR-026](../../../../requirement-documents/04-functional-requirements/03-agv-fleet-management/fr-026-atomic-agv-record-creation-slot-instance-generation-and-audit-logging.md) `dbef8d3f895c`；`ec`; Origin: UC-019 + BR-008；Related 另指 BR-002"	"not-found"	"not-found"	"not-found"	"not-found"	"not-approved-by-this-classification"	"candidate-only-after-acceptance-criterion-level-decomposition-evidence-review-and-explicit-approval"	"`draft`、无批准；档案/仓位实例原子创建候选；AC-1∼2 仍需拆创建、回滚和审计。; detailed record: R04-functional-requirements.md matrix row 27"	"R04-functional-requirements.md:51"
"R04-28"	"R04"	"requirement-documents/04-functional-requirements/03-agv-fleet-management/fr-027-agv-enable-disable-state-transition-and-pending-effect-handling.md"	"201734b6cd7c2adf1f0837d583db5a73ae10d18983c3438cfa411c5281e3fd16"	"5818"	"tracked-clean"	"tracked-clean"	"candidate-requirement"	"internal-derived-draft-functional-requirement-candidate"	"unapproved-internal-derived-functional-requirement"	"`draft`、无批准；AGV 启停/待生效候选；AC-1∼5。"	"[FR-027](../../../../requirement-documents/04-functional-requirements/03-agv-fleet-management/fr-027-agv-enable-disable-state-transition-and-pending-effect-handling.md) `201734b6cd7c`；`ec`; Origin: UC-013；Related BR-002"	"not-found"	"not-found"	"not-found"	"not-found"	"not-approved-by-this-classification"	"candidate-only-after-acceptance-criterion-level-decomposition-evidence-review-and-explicit-approval"	"`draft`、无批准；AGV 启停/待生效候选；AC-1∼5。; detailed record: R04-functional-requirements.md matrix row 28"	"R04-functional-requirements.md:52"
"R04-29"	"R04"	"requirement-documents/04-functional-requirements/03-agv-fleet-management/fr-028-agv-dispatch-profile-update-eligibility-and-persistence.md"	"534426abe57c97b3cc1a76f2c9b0ee8f0a5bbab420ab386a0256bd918d45a471"	"5583"	"tracked-clean"	"tracked-clean"	"candidate-requirement"	"internal-derived-draft-functional-requirement-candidate"	"unapproved-internal-derived-functional-requirement"	"`draft`、无批准；调度配置维护候选；AC-1∼4。"	"[FR-028](../../../../requirement-documents/04-functional-requirements/03-agv-fleet-management/fr-028-agv-dispatch-profile-update-eligibility-and-persistence.md) `534426abe57c`；`ec`; Origin: UC-020；Related BR-002/008"	"not-found"	"not-found"	"not-found"	"not-found"	"not-approved-by-this-classification"	"candidate-only-after-acceptance-criterion-level-decomposition-evidence-review-and-explicit-approval"	"`draft`、无批准；调度配置维护候选；AC-1∼4。; detailed record: R04-functional-requirements.md matrix row 29"	"R04-functional-requirements.md:53"
"R04-30"	"R04"	"requirement-documents/04-functional-requirements/03-agv-fleet-management/fr-029-agv-archive-eligibility-check-and-state-transition.md"	"0ff294b8a1102bdcad525270041f460f65ec2ad8e964e3cb03526686a8a2539d"	"5222"	"tracked-clean"	"tracked-clean"	"candidate-requirement"	"internal-derived-draft-functional-requirement-candidate"	"unapproved-internal-derived-functional-requirement"	"`draft`、无批准；AGV 归档资格/状态迁移候选；AC-1∼4。"	"[FR-029](../../../../requirement-documents/04-functional-requirements/03-agv-fleet-management/fr-029-agv-archive-eligibility-check-and-state-transition.md) `0ff294b8a110`；`ec`; Origin: UC-021；Related BR-002"	"not-found"	"not-found"	"not-found"	"not-found"	"not-approved-by-this-classification"	"candidate-only-after-acceptance-criterion-level-decomposition-evidence-review-and-explicit-approval"	"`draft`、无批准；AGV 归档资格/状态迁移候选；AC-1∼4。; detailed record: R04-functional-requirements.md matrix row 30"	"R04-functional-requirements.md:54"
"R04-31"	"R04"	"requirement-documents/04-functional-requirements/03-agv-fleet-management/fr-030-agv-fleet-dashboard-display-and-eligibility-reasoning.md"	"ce066e9519457b563072453105e8ff249be584063d756ab87ccd7c733312046b"	"5119"	"tracked-clean"	"tracked-clean"	"candidate-requirement"	"internal-derived-draft-functional-requirement-candidate"	"unapproved-internal-derived-functional-requirement"	"`draft`、无批准；车队看板/可分配原因候选；AC-1∼3。"	"[FR-030](../../../../requirement-documents/04-functional-requirements/03-agv-fleet-management/fr-030-agv-fleet-dashboard-display-and-eligibility-reasoning.md) `ce066e951945`；`ec`; Origin: UC-022；Related BR-002"	"not-found"	"not-found"	"not-found"	"not-found"	"not-approved-by-this-classification"	"candidate-only-after-acceptance-criterion-level-decomposition-evidence-review-and-explicit-approval"	"`draft`、无批准；车队看板/可分配原因候选；AC-1∼3。; detailed record: R04-functional-requirements.md matrix row 31"	"R04-functional-requirements.md:55"
"R04-32"	"R04"	"requirement-documents/04-functional-requirements/04-transport-task-dispatch/README.md"	"2b288f6ad5ede6616606260c6f4a571f684c6d29999ddec81a0a5e9b1e5e5ebd"	"448"	"tracked-clean"	"tracked-clean"	"candidate-requirement"	"placeholder-or-completeness-index"	"empty-domain-placeholder"	"无批准对象；**占位索引/完整性缺口记录**，不生成功能需求；后续从所列 UC 拆分。"	"[04-transport-task-dispatch/README.md](../../../../requirement-documents/04-functional-requirements/04-transport-task-dispatch/README.md) `2b288f6ad5ed`；`ec`; 只指向 UC-007/008/009/023/042 和分类规则，明示“暂无 FR”"	"not-found"	"not-found"	"not-found"	"not-found"	"not-approved-by-this-classification"	"do-not-extract-from-this-document"	"无批准对象；**占位索引/完整性缺口记录**，不生成功能需求；后续从所列 UC 拆分。; detailed record: R04-functional-requirements.md matrix row 32"	"R04-functional-requirements.md:56"
"R04-33"	"R04"	"requirement-documents/04-functional-requirements/05-agv-charging/README.md"	"5c4ec9ed7505d3d2aacd5605694e67b800b2884f7d32f109735b1facfd47b02d"	"358"	"tracked-clean"	"tracked-clean"	"candidate-requirement"	"placeholder-or-completeness-index"	"empty-domain-placeholder"	"无批准对象；**占位索引**，不生成需求。"	"[05-agv-charging/README.md](../../../../requirement-documents/04-functional-requirements/05-agv-charging/README.md) `5c4ec9ed7505`；`ec`; 指 UC-012/037，明示暂无 FR"	"not-found"	"not-found"	"not-found"	"not-found"	"not-approved-by-this-classification"	"do-not-extract-from-this-document"	"无批准对象；**占位索引**，不生成需求。; detailed record: R04-functional-requirements.md matrix row 33"	"R04-functional-requirements.md:57"
"R04-34"	"R04"	"requirement-documents/04-functional-requirements/06-area-station-mapping/README.md"	"f1524213b582726077fb8cc7388c3fe1bfe080ee3aa511b0b80b771fec4d9427"	"387"	"tracked-clean"	"tracked-clean"	"candidate-requirement"	"placeholder-or-completeness-index"	"empty-domain-placeholder"	"无批准对象；**占位索引**，不生成需求。"	"[06-area-station-mapping/README.md](../../../../requirement-documents/04-functional-requirements/06-area-station-mapping/README.md) `f1524213b582`；`ec`; 指 UC-024/045，明示暂无 FR"	"not-found"	"not-found"	"not-found"	"not-found"	"not-approved-by-this-classification"	"do-not-extract-from-this-document"	"无批准对象；**占位索引**，不生成需求。; detailed record: R04-functional-requirements.md matrix row 34"	"R04-functional-requirements.md:58"
"R04-35"	"R04"	"requirement-documents/04-functional-requirements/07-workflow-engine/README.md"	"7133c8d6bd83cc03fd897b712660091bebed9d05c6143171412842e2e2a13d3f"	"353"	"tracked-clean"	"tracked-clean"	"candidate-requirement"	"placeholder-or-completeness-index"	"empty-domain-placeholder"	"无批准对象；**占位索引**，不生成需求。"	"[07-workflow-engine/README.md](../../../../requirement-documents/04-functional-requirements/07-workflow-engine/README.md) `7133c8d6bd83`；`ec`; 指 UC-025∼029，明示暂无 FR"	"not-found"	"not-found"	"not-found"	"not-found"	"not-approved-by-this-classification"	"do-not-extract-from-this-document"	"无批准对象；**占位索引**，不生成需求。; detailed record: R04-functional-requirements.md matrix row 35"	"R04-functional-requirements.md:59"
"R04-36"	"R04"	"requirement-documents/04-functional-requirements/08-user-and-access/README.md"	"918ddbb467e878106f7005fa83f7c6561d7de0aadc46835c0fddf8fcaf35613c"	"344"	"tracked-clean"	"tracked-clean"	"candidate-requirement"	"placeholder-or-completeness-index"	"empty-domain-placeholder"	"无批准对象；**占位索引**，不生成需求。"	"[08-user-and-access/README.md](../../../../requirement-documents/04-functional-requirements/08-user-and-access/README.md) `918ddbb467e8`；`ec`; 指 UC-030∼033，明示暂无 FR"	"not-found"	"not-found"	"not-found"	"not-found"	"not-approved-by-this-classification"	"do-not-extract-from-this-document"	"无批准对象；**占位索引**，不生成需求。; detailed record: R04-functional-requirements.md matrix row 36"	"R04-functional-requirements.md:60"
"R04-37"	"R04"	"requirement-documents/04-functional-requirements/09-logs-and-audit/README.md"	"d9c2944a6d321917f1da2b5d9cd6ac45d7c369b1d486e3abee3460eecd6539e0"	"345"	"tracked-clean"	"tracked-clean"	"candidate-requirement"	"placeholder-or-completeness-index"	"empty-domain-placeholder"	"无批准对象；**占位索引**，不生成需求。"	"[09-logs-and-audit/README.md](../../../../requirement-documents/04-functional-requirements/09-logs-and-audit/README.md) `d9c2944a6d32`；`ec`; 指 UC-034∼036，明示暂无 FR"	"not-found"	"not-found"	"not-found"	"not-found"	"not-approved-by-this-classification"	"do-not-extract-from-this-document"	"无批准对象；**占位索引**，不生成需求。; detailed record: R04-functional-requirements.md matrix row 37"	"R04-functional-requirements.md:61"
"R04-38"	"R04"	"requirement-documents/04-functional-requirements/10-safety-and-interlock/README.md"	"0f74cb956732a3180e833572c922ed7f3b5cc09d06b139df2185d9a7c5b339b5"	"506"	"tracked-clean"	"tracked-clean"	"candidate-requirement"	"placeholder-or-completeness-index"	"empty-domain-placeholder"	"无批准对象；**占位/追溯结构说明**，不独立生成安全需求。"	"[10-safety-and-interlock/README.md](../../../../requirement-documents/04-functional-requirements/10-safety-and-interlock/README.md) `0f74cb956732`；`ec`; 指 UC-004，并记录其仅作 FR-002/006/008/009/014 次要关联，暂无主派生 FR"	"not-found"	"not-found"	"not-found"	"not-found"	"not-approved-by-this-classification"	"do-not-extract-from-this-document"	"无批准对象；**占位/追溯结构说明**，不独立生成安全需求。; detailed record: R04-functional-requirements.md matrix row 38"	"R04-functional-requirements.md:62"
"R04-39"	"R04"	"requirement-documents/04-functional-requirements/11-agv-parking/README.md"	"95c7dc7a1af71a145230dfead61eeca2376b7f3144d6f8b99cab656368a2d22c"	"360"	"tracked-clean"	"tracked-clean"	"candidate-requirement"	"placeholder-or-completeness-index"	"empty-domain-placeholder"	"无批准对象；**占位索引**，不生成需求。"	"[11-agv-parking/README.md](../../../../requirement-documents/04-functional-requirements/11-agv-parking/README.md) `95c7dc7a1af7`；`ec`; 指 UC-040/041，明示暂无 FR"	"not-found"	"not-found"	"not-found"	"not-found"	"not-approved-by-this-classification"	"do-not-extract-from-this-document"	"无批准对象；**占位索引**，不生成需求。; detailed record: R04-functional-requirements.md matrix row 39"	"R04-functional-requirements.md:63"
"R04-40"	"R04"	"requirement-documents/04-functional-requirements/fr-template-guide.md"	"56dd687c05f63eca25c37d8cb95354c175de8850af928e3250da00fe958b84ba"	"4805"	"tracked-clean"	"tracked-clean"	"candidate-requirement"	"writing-guide"	"recording-guidance"	"无业务批准对象；**纯写作/记录指南**，可约束形式但不表达系统功能要求。"	"[fr-template-guide.md](../../../../requirement-documents/04-functional-requirements/fr-template-guide.md) `56dd687c05f6`；`ec`; `type: template-guide,status: reference`；以 FR-001/002 为范例规定 BR→UC→FR→TC、Origin、G/W/T 和粒度"	"not-found"	"not-found"	"not-found"	"not-found"	"not-approved-by-this-classification"	"do-not-extract-from-this-document"	"无业务批准对象；**纯写作/记录指南**，可约束形式但不表达系统功能要求。; detailed record: R04-functional-requirements.md matrix row 40"	"R04-functional-requirements.md:64"
"R04-41"	"R04"	"requirement-documents/04-functional-requirements/README.md"	"ad99bf90ceba5650fe9f219385a82842a4fecbb1f111e89b4bc25387b3a76597"	"1304"	"tracked-clean"	"tracked-clean"	"candidate-requirement"	"directory-index"	"navigation-index"	"无业务批准对象；**导航/编辑索引**；“黄金样例”是写作参考，不赋予 FR-001/002 批准性。"	"[04-functional-requirements/README.md](../../../../requirement-documents/04-functional-requirements/README.md) `ad99bf90ceba`；`96→ec`; 根索引：模板、指南、“黄金样例”、frontmatter 追溯与领域分类"	"not-found"	"not-found"	"not-found"	"not-found"	"not-approved-by-this-classification"	"do-not-extract-from-this-document"	"无业务批准对象；**导航/编辑索引**；“黄金样例”是写作参考，不赋予 FR-001/002 批准性。; detailed record: R04-functional-requirements.md matrix row 41"	"R04-functional-requirements.md:65"
"R05-01"	"R05"	"requirement-documents/05-test-cases/01-site-operations/tc-001-pending-slot-exists-pass.md"	"43855625b2474f4721c25c25f5fe7cbb3db95cc2ce8af986348fe03110425c4a"	"608"	"tracked-clean"	"tracked-clean"	"candidate-acceptance"	"R05-C1"	"unapproved-acceptance-draft-derived-from-draft-FR-AC"	"无剩余任务时结束资格; C1; not executed"	"`43855625b247` / H1; derived object: FR-003 AC-1"	"not-found"	"not-found"	"not-found"	"not-found"	"not-approved-by-this-classification"	"candidate-only-after-scenario-level-evidence-review-and-explicit-approval"	"FR-003 AC-1; C1; detailed record: R05-site-operation-acceptance-scenarios.md line 51; execution evidence remains separate"	"R05-site-operation-acceptance-scenarios.md:51"
"R05-02"	"R05"	"requirement-documents/05-test-cases/01-site-operations/tc-002-no-pending-slot-reject.md"	"a085fcda33c0de14d19a0f49f80f3bd2d70af13a1c96cdcdb011b2926938083f"	"662"	"tracked-clean"	"tracked-clean"	"candidate-acceptance"	"R05-C1"	"unapproved-acceptance-draft-derived-from-draft-FR-AC"	"有剩余任务时二次确认; C1; not executed"	"`a085fcda33c0` / H1; derived object: FR-003 AC-2"	"not-found"	"not-found"	"not-found"	"not-found"	"not-approved-by-this-classification"	"candidate-only-after-scenario-level-evidence-review-and-explicit-approval"	"FR-003 AC-2; C1; detailed record: R05-site-operation-acceptance-scenarios.md line 52; execution evidence remains separate"	"R05-site-operation-acceptance-scenarios.md:52"
"R05-03"	"R05"	"requirement-documents/05-test-cases/01-site-operations/tc-003-door-or-curtain-mismatch-reject.md"	"d7654d1627349697bfcc722159cf3dae6221e6300c35d49064c0af7a2ed2f649"	"675"	"tracked-clean"	"tracked-clean"	"candidate-acceptance"	"R05-C1"	"unapproved-acceptance-draft-derived-from-draft-FR-AC"	"未收敛/未知阻断整站结束; C1; not executed"	"`d7654d162734` / H1; derived object: FR-003 AC-3"	"not-found"	"not-found"	"not-found"	"not-found"	"not-approved-by-this-classification"	"candidate-only-after-scenario-level-evidence-review-and-explicit-approval"	"FR-003 AC-3; C1; detailed record: R05-site-operation-acceptance-scenarios.md line 53; execution evidence remains separate"	"R05-site-operation-acceptance-scenarios.md:53"
"R05-04"	"R05"	"requirement-documents/05-test-cases/01-site-operations/tc-004-batch-confirm-success-and-record.md"	"e9eb15d41eefb95f5b0c95b3215539293fcbc220bd1635b20d0f0e8be840d8ad"	"618"	"tracked-clean"	"tracked-clean"	"candidate-acceptance"	"R05-C1"	"unapproved-acceptance-draft-derived-from-draft-FR-AC"	"StopClosureCommit 原子提交/回滚; C1; not executed"	"`e9eb15d41eef` / H1; derived object: FR-004 AC-1"	"not-found"	"not-found"	"not-found"	"not-found"	"not-approved-by-this-classification"	"candidate-only-after-scenario-level-evidence-review-and-explicit-approval"	"FR-004 AC-1; C1; detailed record: R05-site-operation-acceptance-scenarios.md line 54; execution evidence remains separate"	"R05-site-operation-acceptance-scenarios.md:54"
"R05-05"	"R05"	"requirement-documents/05-test-cases/01-site-operations/tc-005-session-closure-on-confirm.md"	"a24a2e08abb561529d25e56ce8b130bf8c4dcaa886c21025f248b86eb0da3fe8"	"624"	"tracked-clean"	"tracked-clean"	"candidate-acceptance"	"R05-C1"	"unapproved-acceptance-draft-derived-from-draft-FR-AC"	"整站提交立即结束会话; C1; not executed"	"`a24a2e08abb5` / H1; derived object: FR-004 AC-2"	"not-found"	"not-found"	"not-found"	"not-found"	"not-approved-by-this-classification"	"candidate-only-after-scenario-level-evidence-review-and-explicit-approval"	"FR-004 AC-2; C1; detailed record: R05-site-operation-acceptance-scenarios.md line 55; execution evidence remains separate"	"R05-site-operation-acceptance-scenarios.md:55"
"R05-06"	"R05"	"requirement-documents/05-test-cases/01-site-operations/tc-006-confirm-non-reversible.md"	"cd04d344761829487dba79d23e1029ab9283992474dd6b95c48081efa582dc91"	"566"	"tracked-clean"	"tracked-clean"	"candidate-acceptance"	"R05-C1"	"unapproved-acceptance-draft-derived-from-draft-FR-AC"	"发车失败不撤销整站结束; C1; not executed"	"`cd04d3447618` / H1; derived object: FR-004 AC-4"	"not-found"	"not-found"	"not-found"	"not-found"	"not-approved-by-this-classification"	"candidate-only-after-scenario-level-evidence-review-and-explicit-approval"	"FR-004 AC-4; C1; detailed record: R05-site-operation-acceptance-scenarios.md line 56; execution evidence remains separate"	"R05-site-operation-acceptance-scenarios.md:56"
"R05-07"	"R05"	"requirement-documents/05-test-cases/01-site-operations/tc-007-retrieval-eligibility-pass.md"	"1dc47afac3b1c9246246ca996dd6281c6d6b37141aa35494c2c56413a49377f4"	"837"	"tracked-clean"	"tracked-clean"	"candidate-acceptance"	"R05-C1"	"unapproved-acceptance-draft-derived-from-draft-FR-AC"	"原仓位纠错授权通过; C1; not executed"	"`1dc47afac3b1` / H1; derived object: FR-005 AC-1"	"not-found"	"not-found"	"not-found"	"not-found"	"not-approved-by-this-classification"	"candidate-only-after-scenario-level-evidence-review-and-explicit-approval"	"FR-005 AC-1; C1; detailed record: R05-site-operation-acceptance-scenarios.md line 57; execution evidence remains separate"	"R05-site-operation-acceptance-scenarios.md:57"
"R05-08"	"R05"	"requirement-documents/05-test-cases/01-site-operations/tc-008-retrieval-eligibility-reject.md"	"41e45164edc1acbba4e75725935a788c2ec383d15f10762043d9ac6641e40e47"	"772"	"tracked-clean"	"tracked-clean"	"candidate-acceptance"	"R05-C1"	"unapproved-acceptance-draft-derived-from-draft-FR-AC"	"不合法纠错拒绝; C1; not executed"	"`41e45164edc1` / H1; derived object: FR-005 AC-2"	"not-found"	"not-found"	"not-found"	"not-found"	"not-approved-by-this-classification"	"candidate-only-after-scenario-level-evidence-review-and-explicit-approval"	"FR-005 AC-2; C1; detailed record: R05-site-operation-acceptance-scenarios.md line 58; execution evidence remains separate"	"R05-site-operation-acceptance-scenarios.md:58"
"R05-09"	"R05"	"requirement-documents/05-test-cases/01-site-operations/tc-009-retrieval-move-interlock-block.md"	"3bb2c3076ec9c2b3f6a326c248235dc7cc970629d9168a416024524564fcc3ed"	"662"	"tracked-clean"	"tracked-clean"	"candidate-acceptance"	"R05-C1"	"unapproved-acceptance-draft-derived-from-draft-FR-AC"	"移动联锁阻断纠错开锁; C1; not executed"	"`3bb2c3076ec9` / H1; derived object: FR-006 AC-1"	"not-found"	"not-found"	"not-found"	"not-found"	"not-approved-by-this-classification"	"candidate-only-after-scenario-level-evidence-review-and-explicit-approval"	"FR-006 AC-1; C1; detailed record: R05-site-operation-acceptance-scenarios.md line 59; execution evidence remains separate"	"R05-site-operation-acceptance-scenarios.md:59"
"R05-10"	"R05"	"requirement-documents/05-test-cases/01-site-operations/tc-010-retrieval-batch-unlock-success.md"	"0445af6c0df5e2a6104064c4b4f79647967e4fe2e0d0b3be3238c12f6e6658ec"	"690"	"tracked-clean"	"tracked-clean"	"candidate-acceptance"	"R05-C1"	"unapproved-acceptance-draft-derived-from-draft-FR-AC"	"纠错只开原仓位; C1; not executed"	"`0445af6c0df5` / H1; derived object: FR-006 AC-2"	"not-found"	"not-found"	"not-found"	"not-found"	"not-approved-by-this-classification"	"candidate-only-after-scenario-level-evidence-review-and-explicit-approval"	"FR-006 AC-2; C1; detailed record: R05-site-operation-acceptance-scenarios.md line 60; execution evidence remains separate"	"R05-site-operation-acceptance-scenarios.md:60"
"R05-11"	"R05"	"requirement-documents/05-test-cases/01-site-operations/tc-011-retrieval-unlock-timeout-lockout.md"	"ee2c476250eb85351009604b60bde49704a08103b0c598bb9be30eecfc507afc"	"822"	"tracked-clean"	"tracked-clean"	"candidate-acceptance"	"R05-C1"	"unapproved-acceptance-draft-derived-from-draft-FR-AC"	"原仓位重放成功; C1; not executed"	"`ee2c476250eb` / H1; derived object: FR-006 AC-3"	"not-found"	"not-found"	"not-found"	"not-found"	"not-approved-by-this-classification"	"candidate-only-after-scenario-level-evidence-review-and-explicit-approval"	"FR-006 AC-3; C1; detailed record: R05-site-operation-acceptance-scenarios.md line 61; execution evidence remains separate"	"R05-site-operation-acceptance-scenarios.md:61"
"R05-12"	"R05"	"requirement-documents/05-test-cases/01-site-operations/tc-012-retrieval-slot-unexpectedly-empty-lockout.md"	"f03c832d56388bce35780aa63c3108450d6107d81a2f0e2b0df923c4c7adcee6"	"767"	"tracked-clean"	"tracked-clean"	"candidate-acceptance"	"R05-C1"	"unapproved-acceptance-draft-derived-from-draft-FR-AC"	"正确产品不可得进入待重放; C1; not executed"	"`f03c832d5638` / H1; derived object: FR-006 AC-4"	"not-found"	"not-found"	"not-found"	"not-found"	"not-approved-by-this-classification"	"candidate-only-after-scenario-level-evidence-review-and-explicit-approval"	"FR-006 AC-4; C1; detailed record: R05-site-operation-acceptance-scenarios.md line 62; execution evidence remains separate"	"R05-site-operation-acceptance-scenarios.md:62"
"R05-13"	"R05"	"requirement-documents/05-test-cases/01-site-operations/tc-013-retrieval-close-curtain-clear-rollback.md"	"acff6c618e6956d9ee2b498f5499482d6846cd1e6dcf6bc6ec5b12d50fa36a59"	"684"	"tracked-clean"	"tracked-clean"	"candidate-acceptance"	"R05-C1"	"unapproved-acceptance-draft-derived-from-draft-FR-AC"	"待重放只允许继续或取消; C1; not executed"	"`acff6c618e69` / H1; derived object: FR-006 AC-5"	"not-found"	"not-found"	"not-found"	"not-found"	"not-approved-by-this-classification"	"candidate-only-after-scenario-level-evidence-review-and-explicit-approval"	"FR-006 AC-5; C1; detailed record: R05-site-operation-acceptance-scenarios.md line 63; execution evidence remains separate"	"R05-site-operation-acceptance-scenarios.md:63"
"R05-14"	"R05"	"requirement-documents/05-test-cases/01-site-operations/tc-014-retrieval-residue-reopen-required.md"	"2d9ea5f8c08b55de1027bcabd2df7927bd1a3864f0c77c3f4283ecf7bbd7f6ad"	"778"	"tracked-clean"	"tracked-clean"	"candidate-acceptance"	"R05-C1"	"unapproved-acceptance-draft-derived-from-draft-FR-AC"	"纠错目标态不符自动弹锁; C1; not executed"	"`2d9ea5f8c08b` / H1; derived object: FR-006 AC-6"	"not-found"	"not-found"	"not-found"	"not-found"	"not-approved-by-this-classification"	"candidate-only-after-scenario-level-evidence-review-and-explicit-approval"	"FR-006 AC-6; C1; detailed record: R05-site-operation-acceptance-scenarios.md line 64; execution evidence remains separate"	"R05-site-operation-acceptance-scenarios.md:64"
"R05-15"	"R05"	"requirement-documents/05-test-cases/01-site-operations/tc-015-cancel-eligible-success.md"	"6a7644844a0958e69e7ca49ef08226b3c35bee6c015b280317142482bbd5de41"	"775"	"tracked-clean"	"tracked-clean"	"candidate-acceptance"	"R05-C1"	"unapproved-acceptance-draft-derived-from-draft-FR-AC"	"未装货任务直接取消; C1; not executed"	"`6a7644844a09` / H1; derived object: FR-007 AC-1"	"not-found"	"not-found"	"not-found"	"not-found"	"not-approved-by-this-classification"	"candidate-only-after-scenario-level-evidence-review-and-explicit-approval"	"FR-007 AC-1; C1; detailed record: R05-site-operation-acceptance-scenarios.md line 65; execution evidence remains separate"	"R05-site-operation-acceptance-scenarios.md:65"
"R05-16"	"R05"	"requirement-documents/05-test-cases/01-site-operations/tc-016-cancel-invalid-state-reject.md"	"43232ddeb6683dad87eab7adcd63937ca64841bc91e22b8d165217064cfd2974"	"705"	"tracked-clean"	"tracked-clean"	"candidate-acceptance"	"R05-C1"	"unapproved-acceptance-draft-derived-from-draft-FR-AC"	"离站或非法状态拒绝取消; C1; not executed"	"`43232ddeb668` / H1; derived object: FR-007 AC-9"	"not-found"	"not-found"	"not-found"	"not-found"	"not-approved-by-this-classification"	"candidate-only-after-scenario-level-evidence-review-and-explicit-approval"	"FR-007 AC-9; C1; detailed record: R05-site-operation-acceptance-scenarios.md line 66; execution evidence remains separate"	"R05-site-operation-acceptance-scenarios.md:66"
"R05-17"	"R05"	"requirement-documents/05-test-cases/01-site-operations/tc-017-cancel-loaded-batch-clear-success.md"	"e56b7e9021c9bb277a0fbe6039e00611236d1e4bd56be13f4e8ac9c336420d0f"	"860"	"tracked-clean"	"tracked-clean"	"candidate-acceptance"	"R05-C2"	"unapproved-acceptance-draft-mixing-FR-AC-with-internal-design"	"已装货批量清空后取消; C2; not executed"	"`e56b7e9021c9` / H2; derived object: FR-007 AC-2/3"	"not-found"	"not-found"	"not-found"	"not-found"	"not-approved-by-this-classification"	"split-business-acceptance-from-design-interface-and-safety-claims-before-explicit-approval"	"FR-007 AC-2/3; C2; detailed record: R05-site-operation-acceptance-scenarios.md line 67; execution evidence remains separate"	"R05-site-operation-acceptance-scenarios.md:67"
"R05-18"	"R05"	"requirement-documents/05-test-cases/01-site-operations/tc-018-destination-auto-identify-list.md"	"10549ebed0e992c092953855bb3e4f2f87e7608b4401ce70a3047679c5ae03cf"	"725"	"tracked-clean"	"tracked-clean"	"candidate-acceptance"	"R05-C1"	"unapproved-acceptance-draft-derived-from-draft-FR-AC"	"自动识别待取料清单; C1; not executed"	"`10549ebed0e9` / H3; derived object: FR-008 AC-1"	"not-found"	"not-found"	"not-found"	"not-found"	"not-approved-by-this-classification"	"candidate-only-after-scenario-level-evidence-review-and-explicit-approval"	"FR-008 AC-1; C1; detailed record: R05-site-operation-acceptance-scenarios.md line 68; execution evidence remains separate"	"R05-site-operation-acceptance-scenarios.md:68"
"R05-19"	"R05"	"requirement-documents/05-test-cases/01-site-operations/tc-019-destination-move-interlock-block.md"	"2e695347ebe60e9291c63502e665f90a33f8451e39d68ae0fddc70a49fd4c0d4"	"676"	"tracked-clean"	"tracked-clean"	"candidate-acceptance"	"R05-C1"	"unapproved-acceptance-draft-derived-from-draft-FR-AC"	"移动联锁拒绝卸货开锁; C1; not executed"	"`2e695347ebe6` / H3; derived object: FR-008 AC-2"	"not-found"	"not-found"	"not-found"	"not-found"	"not-approved-by-this-classification"	"candidate-only-after-scenario-level-evidence-review-and-explicit-approval"	"FR-008 AC-2; C1; detailed record: R05-site-operation-acceptance-scenarios.md line 69; execution evidence remains separate"	"R05-site-operation-acceptance-scenarios.md:69"
"R05-20"	"R05"	"requirement-documents/05-test-cases/01-site-operations/tc-020-destination-batch-unlock-success.md"	"c3835a32b2db370587873bb6b4720b054a98bb7a40757dfa21df4d0b72f89550"	"963"	"tracked-clean"	"tracked-clean"	"candidate-acceptance"	"R05-C2"	"unapproved-acceptance-draft-mixing-FR-AC-with-internal-design"	"Modbus 分组批量开锁成功; C2; not executed"	"`c3835a32b2db` / H1; derived object: FR-008 AC-3/6"	"not-found"	"not-found"	"not-found"	"not-found"	"not-approved-by-this-classification"	"split-business-acceptance-from-design-interface-and-safety-claims-before-explicit-approval"	"FR-008 AC-3/6; C2; detailed record: R05-site-operation-acceptance-scenarios.md line 70; execution evidence remains separate"	"R05-site-operation-acceptance-scenarios.md:70"
"R05-21"	"R05"	"requirement-documents/05-test-cases/01-site-operations/tc-021-destination-unlock-timeout-lockout.md"	"68d42ff1ecb2d4a852dd85ff81cca0b2b034bce8b03e47fb07f0d256abcc49c1"	"1027"	"tracked-clean"	"tracked-clean"	"candidate-acceptance"	"R05-C2"	"unapproved-acceptance-draft-mixing-FR-AC-with-internal-design"	"多模块部分成功/未知恢复; C2; not executed"	"`68d42ff1ecb2` / H1; derived object: FR-008 AC-4/6"	"not-found"	"not-found"	"not-found"	"not-found"	"not-approved-by-this-classification"	"split-business-acceptance-from-design-interface-and-safety-claims-before-explicit-approval"	"FR-008 AC-4/6; C2; detailed record: R05-site-operation-acceptance-scenarios.md line 71; execution evidence remains separate"	"R05-site-operation-acceptance-scenarios.md:71"
"R05-22"	"R05"	"requirement-documents/05-test-cases/01-site-operations/tc-022-destination-content-mismatch-lockout.md"	"e2a2cc9090372f7ef78f56e2691db7b69233fd43789b1be88ff5f813afed5a48"	"807"	"tracked-clean"	"tracked-clean"	"candidate-acceptance"	"R05-C1"	"unapproved-acceptance-draft-derived-from-draft-FR-AC"	"实物不符异常锁定; C1; not executed"	"`e2a2cc909037` / H3; derived object: FR-008 AC-5"	"not-found"	"not-found"	"not-found"	"not-found"	"not-approved-by-this-classification"	"candidate-only-after-scenario-level-evidence-review-and-explicit-approval"	"FR-008 AC-5; C1; detailed record: R05-site-operation-acceptance-scenarios.md line 72; execution evidence remains separate"	"R05-site-operation-acceptance-scenarios.md:72"
"R05-23"	"R05"	"requirement-documents/05-test-cases/01-site-operations/tc-023-destination-close-curtain-clear-rollback.md"	"73f098ac22ce03ab279d7280f5d18fd42ea65ae36d00c9f13f402a80be133500"	"854"	"tracked-clean"	"tracked-clean"	"candidate-acceptance"	"R05-C1"	"unapproved-acceptance-draft-derived-from-draft-FR-AC"	"卸货清空后回滚占用并记录; C1; not executed"	"`73f098ac22ce` / H1; derived object: FR-009 AC-1"	"not-found"	"not-found"	"not-found"	"not-found"	"not-approved-by-this-classification"	"candidate-only-after-scenario-level-evidence-review-and-explicit-approval"	"FR-009 AC-1; C1; detailed record: R05-site-operation-acceptance-scenarios.md line 73; execution evidence remains separate"	"R05-site-operation-acceptance-scenarios.md:73"
"R05-24"	"R05"	"requirement-documents/05-test-cases/01-site-operations/tc-024-destination-residue-escalate-to-uc044.md"	"199b20aca02a345d08d8c3b0942572af84ba32327932899726f2c887d745aac9"	"858"	"tracked-clean"	"tracked-clean"	"candidate-acceptance"	"R05-C1"	"unapproved-acceptance-draft-derived-from-draft-FR-AC"	"残留转 UC-044; C1; not executed"	"`199b20aca02a` / H3; derived object: FR-009 AC-2"	"not-found"	"not-found"	"not-found"	"not-found"	"not-approved-by-this-classification"	"candidate-only-after-scenario-level-evidence-review-and-explicit-approval"	"FR-009 AC-2; C1; detailed record: R05-site-operation-acceptance-scenarios.md line 74; execution evidence remains separate"	"R05-site-operation-acceptance-scenarios.md:74"
"R05-25"	"R05"	"requirement-documents/05-test-cases/01-site-operations/tc-025-arrival-status-updated-to-arrived.md"	"be6d02adac24b9d2348669ae4ec917bc914e490cff32062ef8e8c6b88178caca"	"665"	"tracked-clean"	"tracked-clean"	"candidate-acceptance"	"R05-C1"	"unapproved-acceptance-draft-derived-from-draft-FR-AC"	"到站状态更新; C1; not executed"	"`be6d02adac24` / H3; derived object: FR-010 AC-1"	"not-found"	"not-found"	"not-found"	"not-found"	"not-approved-by-this-classification"	"candidate-only-after-scenario-level-evidence-review-and-explicit-approval"	"FR-010 AC-1; C1; detailed record: R05-site-operation-acceptance-scenarios.md line 75; execution evidence remains separate"	"R05-site-operation-acceptance-scenarios.md:75"
"R05-26"	"R05"	"requirement-documents/05-test-cases/01-site-operations/tc-026-operation-panel-auto-navigation.md"	"9b96fd5968f6b16183b60a630e0efef1eb386a8ff7c16b57796a1846387efae2"	"650"	"tracked-clean"	"tracked-clean"	"candidate-acceptance"	"R05-C1"	"unapproved-acceptance-draft-derived-from-draft-FR-AC"	"操作面板自动跳转; C1; not executed"	"`9b96fd5968f6` / H3; derived object: FR-010 AC-2"	"not-found"	"not-found"	"not-found"	"not-found"	"not-approved-by-this-classification"	"candidate-only-after-scenario-level-evidence-review-and-explicit-approval"	"FR-010 AC-2; C1; detailed record: R05-site-operation-acceptance-scenarios.md line 76; execution evidence remains separate"	"R05-site-operation-acceptance-scenarios.md:76"
"R05-27"	"R05"	"requirement-documents/05-test-cases/01-site-operations/tc-027-active-session-exists-reject-new-verification.md"	"8df9224d5b27ad62c6303ea30e24e656c7e9a9b3569202b55c4ecb6046d0fff0"	"742"	"tracked-clean"	"tracked-clean"	"candidate-acceptance"	"R05-C1"	"unapproved-acceptance-draft-derived-from-draft-FR-AC"	"活动 Sublot 拒绝换工号; C1; not executed"	"`8df9224d5b27` / H1; derived object: FR-011 AC-3"	"not-found"	"not-found"	"not-found"	"not-found"	"not-approved-by-this-classification"	"candidate-only-after-scenario-level-evidence-review-and-explicit-approval"	"FR-011 AC-3; C1; detailed record: R05-site-operation-acceptance-scenarios.md line 77; execution evidence remains separate"	"R05-site-operation-acceptance-scenarios.md:77"
"R05-28"	"R05"	"requirement-documents/05-test-cases/01-site-operations/tc-028-identity-and-role-verification-pass.md"	"99e07265985a661c4d8567806059c1a74f58fc932d6cb5f282a07d774cf2e37e"	"893"	"tracked-clean"	"tracked-clean"	"candidate-acceptance"	"R05-C1"	"unapproved-acceptance-draft-derived-from-draft-FR-AC"	"MES 身份/岗位核验通过; C1; not executed"	"`99e07265985a` / H1; derived object: FR-011 AC-1"	"not-found"	"not-found"	"not-found"	"not-found"	"not-approved-by-this-classification"	"candidate-only-after-scenario-level-evidence-review-and-explicit-approval"	"FR-011 AC-1; C1; detailed record: R05-site-operation-acceptance-scenarios.md line 78; execution evidence remains separate"	"R05-site-operation-acceptance-scenarios.md:78"
"R05-29"	"R05"	"requirement-documents/05-test-cases/01-site-operations/tc-029-identity-not-found-or-mes-error-reject.md"	"20160d193e4e405ac7561015b228677c56c950f113630c54f5925b2f65ec269a"	"774"	"tracked-clean"	"tracked-clean"	"candidate-acceptance"	"R05-C1"	"unapproved-acceptance-draft-derived-from-draft-FR-AC"	"身份、权限或 MES 异常拒绝; C1; not executed"	"`20160d193e4e` / H1; derived object: FR-011 AC-2"	"not-found"	"not-found"	"not-found"	"not-found"	"not-approved-by-this-classification"	"candidate-only-after-scenario-level-evidence-review-and-explicit-approval"	"FR-011 AC-2; C1; detailed record: R05-site-operation-acceptance-scenarios.md line 79; execution evidence remains separate"	"R05-site-operation-acceptance-scenarios.md:79"
"R05-30"	"R05"	"requirement-documents/05-test-cases/01-site-operations/tc-030-insufficient-role-permission-reject.md"	"c1841a228db89b8de73560365b1fc320c5d3df487bb54a8f3e31eb4a0d2447f2"	"712"	"tracked-clean"	"tracked-clean"	"candidate-acceptance"	"R05-C1"	"unapproved-acceptance-draft-derived-from-draft-FR-AC"	"8005 卸货不要求工号; C1; not executed"	"`c1841a228db8` / H1; derived object: FR-011 AC-4"	"not-found"	"not-found"	"not-found"	"not-found"	"not-approved-by-this-classification"	"candidate-only-after-scenario-level-evidence-review-and-explicit-approval"	"FR-011 AC-4; C1; detailed record: R05-site-operation-acceptance-scenarios.md line 80; execution evidence remains separate"	"R05-site-operation-acceptance-scenarios.md:80"
"R05-31"	"R05"	"requirement-documents/05-test-cases/01-site-operations/tc-031-session-established-after-verification-pass.md"	"65a1c1c4641a33420427e366b5bf7c433ba7941747b5cae8f9ad6203c14db256"	"860"	"tracked-clean"	"tracked-clean"	"candidate-acceptance"	"R05-C1"	"unapproved-acceptance-draft-derived-from-draft-FR-AC"	"建立并持久化操作员上下文; C1; not executed"	"`65a1c1c4641a` / H1; derived object: FR-012 AC-1"	"not-found"	"not-found"	"not-found"	"not-found"	"not-approved-by-this-classification"	"candidate-only-after-scenario-level-evidence-review-and-explicit-approval"	"FR-012 AC-1; C1; detailed record: R05-site-operation-acceptance-scenarios.md line 81; execution evidence remains separate"	"R05-site-operation-acceptance-scenarios.md:81"
"R05-32"	"R05"	"requirement-documents/05-test-cases/01-site-operations/tc-032-session-reuse-without-reverification.md"	"adfef029600981d9ae48696759bcf2b8eb9dc26010f06ad5f893a0b03b6bf0e1"	"852"	"tracked-clean"	"tracked-clean"	"candidate-acceptance"	"R05-C1"	"unapproved-acceptance-draft-derived-from-draft-FR-AC"	"跨 Sublot 复用工号; C1; not executed"	"`adfef0296009` / H1; derived object: FR-012 AC-2"	"not-found"	"not-found"	"not-found"	"not-found"	"not-approved-by-this-classification"	"candidate-only-after-scenario-level-evidence-review-and-explicit-approval"	"FR-012 AC-2; C1; detailed record: R05-site-operation-acceptance-scenarios.md line 82; execution evidence remains separate"	"R05-site-operation-acceptance-scenarios.md:82"
"R05-33"	"R05"	"requirement-documents/05-test-cases/01-site-operations/tc-033-first-door-operation-triggers-lock-stage.md"	"1bc566b67d4b0e86675c69716d6558cadf2cb8cbcbc5c631c92bcbd467a4441b"	"739"	"tracked-clean"	"tracked-clean"	"candidate-acceptance"	"R05-C1"	"unapproved-acceptance-draft-derived-from-draft-FR-AC"	"Sublot 内固定操作员; C1; not executed"	"`1bc566b67d4b` / H1; derived object: FR-012 AC-2"	"not-found"	"not-found"	"not-found"	"not-found"	"not-approved-by-this-classification"	"candidate-only-after-scenario-level-evidence-review-and-explicit-approval"	"FR-012 AC-2; C1; detailed record: R05-site-operation-acceptance-scenarios.md line 83; execution evidence remains separate"	"R05-site-operation-acceptance-scenarios.md:83"
"R05-34"	"R05"	"requirement-documents/05-test-cases/01-site-operations/tc-034-uc006-cancel-does-not-affect-session.md"	"bad12f2eef75b76a2f71fceb978a991439fa0efb53dc762cb52bf0652abccb70"	"922"	"tracked-clean"	"tracked-clean"	"candidate-acceptance"	"R05-C1"	"unapproved-acceptance-draft-derived-from-draft-FR-AC"	"无进展/掉线/重启保持上下文; C1; not executed"	"`bad12f2eef75` / H1; derived object: FR-013 AC-1"	"not-found"	"not-found"	"not-found"	"not-found"	"not-approved-by-this-classification"	"candidate-only-after-scenario-level-evidence-review-and-explicit-approval"	"FR-013 AC-1; C1; detailed record: R05-site-operation-acceptance-scenarios.md line 84; execution evidence remains separate"	"R05-site-operation-acceptance-scenarios.md:84"
"R05-35"	"R05"	"requirement-documents/05-test-cases/01-site-operations/tc-035-uc002-confirm-completion-ends-session-normally.md"	"74e36ee04a198713dfee589f3714dab8c6b461f7723a2787fd2d15d27440af8d"	"784"	"tracked-clean"	"tracked-clean"	"candidate-acceptance"	"R05-C1"	"unapproved-acceptance-draft-derived-from-draft-FR-AC"	"完成 Sublot 后保留工号并可换人; C1; not executed"	"`74e36ee04a19` / H1; derived object: FR-013 AC-2"	"not-found"	"not-found"	"not-found"	"not-found"	"not-approved-by-this-classification"	"candidate-only-after-scenario-level-evidence-review-and-explicit-approval"	"FR-013 AC-2; C1; detailed record: R05-site-operation-acceptance-scenarios.md line 85; execution evidence remains separate"	"R05-site-operation-acceptance-scenarios.md:85"
"R05-36"	"R05"	"requirement-documents/05-test-cases/01-site-operations/tc-036-unlocked-stage-manual-early-end-session.md"	"4189c32c99435f430ea6e0df50dbb7da87b99dc74dcafb641b386893ad2f81c0"	"757"	"tracked-clean"	"tracked-clean"	"candidate-acceptance"	"R05-C1"	"unapproved-acceptance-draft-derived-from-draft-FR-AC"	"StopClosureCommit 清除会话; C1; not executed"	"`4189c32c9943` / H1; derived object: FR-013 AC-3"	"not-found"	"not-found"	"not-found"	"not-found"	"not-approved-by-this-classification"	"candidate-only-after-scenario-level-evidence-review-and-explicit-approval"	"FR-013 AC-3; C1; detailed record: R05-site-operation-acceptance-scenarios.md line 86; execution evidence remains separate"	"R05-site-operation-acceptance-scenarios.md:86"
"R05-37"	"R05"	"requirement-documents/05-test-cases/01-site-operations/tc-037-locked-stage-reject-manual-end-session.md"	"496c489a54fac9716725bdfe94f61d02dacd473a85153c3fe74c47995b560917"	"754"	"tracked-clean"	"tracked-clean"	"candidate-acceptance"	"R05-C1"	"unapproved-acceptance-draft-derived-from-draft-FR-AC"	"未结 Sublot 禁止本地强清; C1; not executed"	"`496c489a54fa` / H1; derived object: FR-013 AC-4"	"not-found"	"not-found"	"not-found"	"not-found"	"not-approved-by-this-classification"	"candidate-only-after-scenario-level-evidence-review-and-explicit-approval"	"FR-013 AC-4; C1; detailed record: R05-site-operation-acceptance-scenarios.md line 87; execution evidence remains separate"	"R05-site-operation-acceptance-scenarios.md:87"
"R05-38"	"R05"	"requirement-documents/05-test-cases/01-site-operations/tc-038-move-interlock-reject-unlock.md"	"a532c47588b4d263257b813399f9862ac7a0f250aa4b6a7c788f85ee5f22a7e0"	"757"	"tracked-clean"	"tracked-clean"	"candidate-acceptance"	"R05-C1"	"unapproved-acceptance-draft-derived-from-draft-FR-AC"	"移动联锁拒绝残留仓重开; C1; not executed"	"`a532c47588b4` / H3; derived object: FR-014 AC-1"	"not-found"	"not-found"	"not-found"	"not-found"	"not-approved-by-this-classification"	"candidate-only-after-scenario-level-evidence-review-and-explicit-approval"	"FR-014 AC-1; C1; detailed record: R05-site-operation-acceptance-scenarios.md line 88; execution evidence remains separate"	"R05-site-operation-acceptance-scenarios.md:88"
"R05-39"	"R05"	"requirement-documents/05-test-cases/01-site-operations/tc-039-slot-reopen-success.md"	"e78b1f2b289ab6038b69fd79c59892edf295cb7aafea671ac692cfa710bbb78a"	"595"	"tracked-clean"	"tracked-clean"	"candidate-acceptance"	"R05-C1"	"unapproved-acceptance-draft-derived-from-draft-FR-AC"	"残留仓重开成功; C1; not executed"	"`e78b1f2b289a` / H3; derived object: FR-014 AC-2"	"not-found"	"not-found"	"not-found"	"not-found"	"not-approved-by-this-classification"	"candidate-only-after-scenario-level-evidence-review-and-explicit-approval"	"FR-014 AC-2; C1; detailed record: R05-site-operation-acceptance-scenarios.md line 89; execution evidence remains separate"	"R05-site-operation-acceptance-scenarios.md:89"
"R05-40"	"R05"	"requirement-documents/05-test-cases/01-site-operations/tc-040-reclose-curtain-confirm-clear-restore-idle.md"	"b484708608b0f5bb5b84d23e2f2f0c9d409e3acf1e2ac2a411fa847cca951867"	"820"	"tracked-clean"	"tracked-clean"	"candidate-acceptance"	"R05-C1"	"unapproved-acceptance-draft-derived-from-draft-FR-AC"	"清空后恢复空闲并记录; C1; not executed"	"`b484708608b0` / H3; derived object: FR-014 AC-3"	"not-found"	"not-found"	"not-found"	"not-found"	"not-approved-by-this-classification"	"candidate-only-after-scenario-level-evidence-review-and-explicit-approval"	"FR-014 AC-3; C1; detailed record: R05-site-operation-acceptance-scenarios.md line 90; execution evidence remains separate"	"R05-site-operation-acceptance-scenarios.md:90"
"R05-41"	"R05"	"requirement-documents/05-test-cases/01-site-operations/tc-041-reclose-residue-remains-require-reopen-again.md"	"10673ab1076c5d49dbabd7ee90d2b1c5b34d2252a811f4c26ee55012c0d9a5d0"	"878"	"tracked-clean"	"tracked-clean"	"candidate-acceptance"	"R05-C1"	"unapproved-acceptance-draft-derived-from-draft-FR-AC"	"残留仍在则反复重开; C1; not executed"	"`10673ab1076c` / H1; derived object: FR-014 AC-4"	"not-found"	"not-found"	"not-found"	"not-found"	"not-approved-by-this-classification"	"candidate-only-after-scenario-level-evidence-review-and-explicit-approval"	"FR-014 AC-4; C1; detailed record: R05-site-operation-acceptance-scenarios.md line 91; execution evidence remains separate"	"R05-site-operation-acceptance-scenarios.md:91"
"R05-42"	"R05"	"requirement-documents/05-test-cases/01-site-operations/tc-098-cancel-occupancy-mismatch-auto-reopen.md"	"f0fe7ba0822bb83aa2a90bd9222dad7af43192a8428f29b5fb1b93c7d899dfeb"	"746"	"tracked-clean"	"tracked-clean"	"candidate-acceptance"	"R05-C2"	"unapproved-acceptance-draft-mixing-FR-AC-with-internal-design"	"取消清空目标态闭环; C2; not executed"	"`f0fe7ba0822b` / H2; derived object: FR-007 AC-4"	"not-found"	"not-found"	"not-found"	"not-found"	"not-approved-by-this-classification"	"split-business-acceptance-from-design-interface-and-safety-claims-before-explicit-approval"	"FR-007 AC-4; C2; detailed record: R05-site-operation-acceptance-scenarios.md line 92; execution evidence remains separate"	"R05-site-operation-acceptance-scenarios.md:92"
"R05-43"	"R05"	"requirement-documents/05-test-cases/01-site-operations/tc-099-postcommit-cancel-preserves-history.md"	"424c0b9ae294fc725a87a182c94b4582a7ffbd84e1a801a8cab42fc3620b01d6"	"726"	"tracked-clean"	"tracked-clean"	"candidate-acceptance"	"R05-C2"	"unapproved-acceptance-draft-mixing-FR-AC-with-internal-design"	"提交后取消保留历史; C2; not executed"	"`424c0b9ae294` / H2; derived object: FR-007 AC-5"	"not-found"	"not-found"	"not-found"	"not-found"	"not-approved-by-this-classification"	"split-business-acceptance-from-design-interface-and-safety-claims-before-explicit-approval"	"FR-007 AC-5; C2; detailed record: R05-site-operation-acceptance-scenarios.md line 93; execution evidence remains separate"	"R05-site-operation-acceptance-scenarios.md:93"
"R05-44"	"R05"	"requirement-documents/05-test-cases/01-site-operations/tc-100-cancel-one-sublot-preserves-another.md"	"dc164aae39236bef618c7db30bd91364db1a35bb99d28049c8434697b1e0e24e"	"743"	"tracked-clean"	"tracked-clean"	"candidate-acceptance"	"R05-C2"	"unapproved-acceptance-draft-mixing-FR-AC-with-internal-design"	"多 Sublot 取消隔离; C2; not executed"	"`dc164aae3923` / H2; derived object: FR-007 AC-6"	"not-found"	"not-found"	"not-found"	"not-found"	"not-approved-by-this-classification"	"split-business-acceptance-from-design-interface-and-safety-claims-before-explicit-approval"	"FR-007 AC-6; C2; detailed record: R05-site-operation-acceptance-scenarios.md line 94; execution evidence remains separate"	"R05-site-operation-acceptance-scenarios.md:94"
"R05-45"	"R05"	"requirement-documents/05-test-cases/01-site-operations/tc-101-cross-sublot-operation-serialization.md"	"58e3e0455c1edc26a591f5fa67b302ee7e76fe20b06ac1e13e8e49d7876d01b7"	"691"	"tracked-clean"	"tracked-clean"	"candidate-acceptance"	"R05-C2"	"unapproved-acceptance-draft-mixing-FR-AC-with-internal-design"	"跨 Sublot 物理操作串行; C2; not executed"	"`58e3e0455c1e` / H2; derived object: FR-007 AC-7"	"not-found"	"not-found"	"not-found"	"not-found"	"not-approved-by-this-classification"	"split-business-acceptance-from-design-interface-and-safety-claims-before-explicit-approval"	"FR-007 AC-7; C2; detailed record: R05-site-operation-acceptance-scenarios.md line 95; execution evidence remains separate"	"R05-site-operation-acceptance-scenarios.md:95"
"R05-46"	"R05"	"requirement-documents/05-test-cases/01-site-operations/tc-102-cancelled-slots-reused-for-new-sublot.md"	"e451a2e3b2bfe2c17d7aae7be42205aa646d696fd22dfad3fdbe8af521eb745a"	"973"	"tracked-clean"	"tracked-clean"	"candidate-acceptance"	"R05-C2"	"unapproved-acceptance-draft-mixing-FR-AC-with-internal-design"	"取消释放与业务键抑制; C2; not executed"	"`e451a2e3b2bf` / H2; derived object: FR-007 AC-8"	"not-found"	"not-found"	"not-found"	"not-found"	"not-approved-by-this-classification"	"split-business-acceptance-from-design-interface-and-safety-claims-before-explicit-approval"	"FR-007 AC-8; C2; detailed record: R05-site-operation-acceptance-scenarios.md line 96; execution evidence remains separate"	"R05-site-operation-acceptance-scenarios.md:96"
"R05-47"	"R05"	"requirement-documents/05-test-cases/01-site-operations/tc-103-departure-wait-start-and-visual-warning.md"	"f0b404a199ff38440984e5836f409010869da515b24a808a71713ad484b0ea27"	"782"	"tracked-clean"	"tracked-clean"	"candidate-acceptance"	"R05-C2"	"unapproved-acceptance-draft-mixing-FR-AC-with-internal-design"	"5 分钟等待与 60/10 秒视觉提醒; C2; not executed"	"`f0b404a199ff` / H2; derived object: FR-031 AC-1/3/4"	"not-found"	"not-found"	"not-found"	"not-found"	"not-approved-by-this-classification"	"split-business-acceptance-from-design-interface-and-safety-claims-before-explicit-approval"	"FR-031 AC-1/3/4; C2; detailed record: R05-site-operation-acceptance-scenarios.md line 97; execution evidence remains separate"	"R05-site-operation-acceptance-scenarios.md:97"
"R05-48"	"R05"	"requirement-documents/05-test-cases/01-site-operations/tc-104-full-interval-reset-on-business-progress.md"	"23e2d9f9600730fb07c92e66de86b5b5c9d6143d670c96a17cf5f0e4340fd666"	"667"	"tracked-clean"	"tracked-clean"	"candidate-acceptance"	"R05-C2"	"unapproved-acceptance-draft-mixing-FR-AC-with-internal-design"	"有效进展后完整重新计时; C2; not executed"	"`23e2d9f96007` / H2; derived object: FR-031 AC-2"	"not-found"	"not-found"	"not-found"	"not-found"	"not-approved-by-this-classification"	"split-business-acceptance-from-design-interface-and-safety-claims-before-explicit-approval"	"FR-031 AC-2; C2; detailed record: R05-site-operation-acceptance-scenarios.md line 98; execution evidence remains separate"	"R05-site-operation-acceptance-scenarios.md:98"
"R05-49"	"R05"	"requirement-documents/05-test-cases/01-site-operations/tc-105-timeout-cancels-unstarted-tasks-atomically.md"	"69c32b731df234faf1bfddf77320ad90fc6dc8c89807eeb624a2093798fc516c"	"750"	"tracked-clean"	"tracked-clean"	"candidate-acceptance"	"R05-C2"	"unapproved-acceptance-draft-mixing-FR-AC-with-internal-design"	"超时原子取消未开始任务; C2; not executed"	"`69c32b731df2` / H2; derived object: FR-031 AC-5"	"not-found"	"not-found"	"not-found"	"not-found"	"not-approved-by-this-classification"	"split-business-acceptance-from-design-interface-and-safety-claims-before-explicit-approval"	"FR-031 AC-5; C2; detailed record: R05-site-operation-acceptance-scenarios.md line 99; execution evidence remains separate"	"R05-site-operation-acceptance-scenarios.md:99"
"R05-50"	"R05"	"requirement-documents/05-test-cases/01-site-operations/tc-106-partial-load-inactivity-alert-only.md"	"f7a413ca08a75995f4e67320b6466b580e07f4e1fb25e4dac8f882e2ae081184"	"690"	"tracked-clean"	"tracked-clean"	"candidate-acceptance"	"R05-C2"	"unapproved-acceptance-draft-mixing-FR-AC-with-internal-design"	"部分装货超时只告警; C2; not executed"	"`f7a413ca08a7` / H2; derived object: FR-031 AC-7"	"not-found"	"not-found"	"not-found"	"not-found"	"not-approved-by-this-classification"	"split-business-acceptance-from-design-interface-and-safety-claims-before-explicit-approval"	"FR-031 AC-7; C2; detailed record: R05-site-operation-acceptance-scenarios.md line 100; execution evidence remains separate"	"R05-site-operation-acceptance-scenarios.md:100"
"R05-51"	"R05"	"requirement-documents/05-test-cases/01-site-operations/tc-107-unload-blocks-departure-wait.md"	"e4c5adb829984c981b55270983947d4ff315335b4efc78cdd16e99e7de1f2beb"	"670"	"tracked-clean"	"tracked-clean"	"candidate-acceptance"	"R05-C2"	"unapproved-acceptance-draft-mixing-FR-AC-with-internal-design"	"待卸任务阻断离站等待; C2; not executed"	"`e4c5adb82998` / H2; derived object: FR-031 AC-8"	"not-found"	"not-found"	"not-found"	"not-found"	"not-approved-by-this-classification"	"split-business-acceptance-from-design-interface-and-safety-claims-before-explicit-approval"	"FR-031 AC-8; C2; detailed record: R05-site-operation-acceptance-scenarios.md line 101; execution evidence remains separate"	"R05-site-operation-acceptance-scenarios.md:101"
"R05-52"	"R05"	"requirement-documents/05-test-cases/01-site-operations/tc-108-disconnect-invalidates-deadline.md"	"74e0f2bb07e519829a992180eceb96a6af396a39c856d7eb8e7233a35d54f036"	"635"	"tracked-clean"	"tracked-clean"	"candidate-acceptance"	"R05-C2"	"unapproved-acceptance-draft-mixing-FR-AC-with-internal-design"	"断联使截止时间失效; C2; not executed"	"`74e0f2bb07e5` / H2; derived object: FR-031 AC-9"	"not-found"	"not-found"	"not-found"	"not-found"	"not-approved-by-this-classification"	"split-business-acceptance-from-design-interface-and-safety-claims-before-explicit-approval"	"FR-031 AC-9; C2; detailed record: R05-site-operation-acceptance-scenarios.md line 102; execution evidence remains separate"	"R05-site-operation-acceptance-scenarios.md:102"
"R05-53"	"R05"	"requirement-documents/05-test-cases/01-site-operations/tc-109-operation-vs-timeout-race.md"	"25938f2759aa4c913e98d66e9c2ed018cc9115d7e20e84b07fae6b1c26fb0533"	"650"	"tracked-clean"	"tracked-clean"	"candidate-acceptance"	"R05-C2"	"unapproved-acceptance-draft-mixing-FR-AC-with-internal-design"	"操作与超时竞态; C2; not executed"	"`25938f2759aa` / H2; derived object: FR-031 AC-6"	"not-found"	"not-found"	"not-found"	"not-found"	"not-approved-by-this-classification"	"split-business-acceptance-from-design-interface-and-safety-claims-before-explicit-approval"	"FR-031 AC-6; C2; detailed record: R05-site-operation-acceptance-scenarios.md line 103; execution evidence remains separate"	"R05-site-operation-acceptance-scenarios.md:103"
"R05-54"	"R05"	"requirement-documents/05-test-cases/01-site-operations/tc-110-post-closure-routing-without-next-stop.md"	"60d7e769b112067507399398410a5ff9cb633c33590c2ab7b70d688e1de5d1d5"	"657"	"tracked-clean"	"tracked-clean"	"candidate-acceptance"	"R05-C2"	"unapproved-acceptance-draft-mixing-FR-AC-with-internal-design"	"无下一站的载货/空载分流; C2; not executed"	"`60d7e769b112` / H2; derived object: FR-031 AC-11"	"not-found"	"not-found"	"not-found"	"not-found"	"not-approved-by-this-classification"	"split-business-acceptance-from-design-interface-and-safety-claims-before-explicit-approval"	"FR-031 AC-11; C2; detailed record: R05-site-operation-acceptance-scenarios.md line 104; execution evidence remains separate"	"R05-site-operation-acceptance-scenarios.md:104"
"R05-55"	"R05"	"requirement-documents/05-test-cases/01-site-operations/tc-111-stop-closure-handoff-before-movement.md"	"3034a13f88655376d4feb711d5f0925c8cbbf093d84251dd594a436a78c19114"	"802"	"tracked-clean"	"tracked-clean"	"candidate-acceptance"	"R05-C2"	"unapproved-acceptance-draft-mixing-FR-AC-with-internal-design"	"会话/投影/安全核验先于移动; C2; not executed"	"`3034a13f8865` / H2; derived object: FR-031 AC-10"	"not-found"	"not-found"	"not-found"	"not-found"	"not-approved-by-this-classification"	"split-business-acceptance-from-design-interface-and-safety-claims-before-explicit-approval"	"FR-031 AC-10; C2; detailed record: R05-site-operation-acceptance-scenarios.md line 105; execution evidence remains separate"	"R05-site-operation-acceptance-scenarios.md:105"
"R05-56"	"R05"	"requirement-documents/05-test-cases/01-site-operations/tc-112-movement-failure-does-not-reopen-stop.md"	"62f10342fa85b7667092082a0fa0a7ef72848ef2952b912ade611da194b50652"	"694"	"tracked-clean"	"tracked-clean"	"candidate-acceptance"	"R05-C2"	"unapproved-acceptance-draft-mixing-FR-AC-with-internal-design"	"移动失败不重开本站; C2; not executed"	"`62f10342fa85` / H2; derived object: FR-031 AC-12"	"not-found"	"not-found"	"not-found"	"not-found"	"not-approved-by-this-classification"	"split-business-acceptance-from-design-interface-and-safety-claims-before-explicit-approval"	"FR-031 AC-12; C2; detailed record: R05-site-operation-acceptance-scenarios.md line 106; execution evidence remains separate"	"R05-site-operation-acceptance-scenarios.md:106"
"R05-57"	"R05"	"requirement-documents/05-test-cases/01-site-operations/tc-113-load-batch-auto-commit-and-wait-reset.md"	"ee9c4df34a115635b18b5772ee148591164070f303d7dd305caac044cb52a5bb"	"919"	"tracked-clean"	"tracked-clean"	"candidate-acceptance"	"R05-C2"	"unapproved-acceptance-draft-mixing-FR-AC-with-internal-design"	"LoadBatch 自动提交与重计时; C2; not executed"	"`ee9c4df34a11` / H2; derived object: FR-002 AC-5、FR-031 AC-2"	"not-found"	"not-found"	"not-found"	"not-found"	"not-approved-by-this-classification"	"split-business-acceptance-from-design-interface-and-safety-claims-before-explicit-approval"	"FR-002 AC-5、FR-031 AC-2; C2; detailed record: R05-site-operation-acceptance-scenarios.md line 107; execution evidence remains separate"	"R05-site-operation-acceptance-scenarios.md:107"
"R05-58"	"R05"	"requirement-documents/05-test-cases/01-site-operations/tc-114-load-hardware-fault-holds-without-replacement-or-auto-clear.md"	"31bfbac4df4c8ea112d25f575e9af69d00936bca9b18949f4886b8f1be0ea9d5"	"1322"	"tracked-clean"	"tracked-clean"	"candidate-acceptance"	"R05-C2"	"unapproved-acceptance-draft-mixing-FR-AC-with-internal-design"	"硬件故障保持、不换仓/不自动清空; C2; not executed"	"`31bfbac4df4c` / H2; derived object: FR-002 AC-4/4.1"	"not-found"	"not-found"	"not-found"	"not-found"	"not-approved-by-this-classification"	"split-business-acceptance-from-design-interface-and-safety-claims-before-explicit-approval"	"FR-002 AC-4/4.1; C2; detailed record: R05-site-operation-acceptance-scenarios.md line 108; execution evidence remains separate"	"R05-site-operation-acceptance-scenarios.md:108"
"R05-59"	"R05"	"requirement-documents/05-test-cases/01-site-operations/tc-115-hardware-signal-recovery-still-requires-manual-confirmation.md"	"688c201c3832c4986f17a370228f5947d843b84d1e2e1afb5b4b7c1eef60513c"	"1440"	"tracked-clean"	"tracked-clean"	"candidate-acceptance"	"R05-C2"	"unapproved-acceptance-draft-mixing-FR-AC-with-internal-design"	"信号恢复仍需维护确认和服务端授权; C2; not executed"	"`688c201c3832` / H2; derived object: FR-002 AC-4.2"	"not-found"	"not-found"	"not-found"	"not-found"	"not-approved-by-this-classification"	"split-business-acceptance-from-design-interface-and-safety-claims-before-explicit-approval"	"FR-002 AC-4.2; C2; detailed record: R05-site-operation-acceptance-scenarios.md line 109; execution evidence remains separate"	"R05-site-operation-acceptance-scenarios.md:109"
"R05-60"	"R05"	"requirement-documents/05-test-cases/01-site-operations/tc-116-production-operator-cannot-confirm-hardware-recovery.md"	"41e4970cf2af52246a16f7e651d348a3e02dbf0deeeb3e1ac0ab90cf90c52f70"	"906"	"tracked-clean"	"tracked-clean"	"candidate-acceptance"	"R05-C2"	"unapproved-acceptance-draft-mixing-FR-AC-with-internal-design"	"普通生产操作员越权恢复拒绝; C2; not executed"	"`41e4970cf2af` / H2; derived object: FR-002 AC-4.3"	"not-found"	"not-found"	"not-found"	"not-found"	"not-approved-by-this-classification"	"split-business-acceptance-from-design-interface-and-safety-claims-before-explicit-approval"	"FR-002 AC-4.3; C2; detailed record: R05-site-operation-acceptance-scenarios.md line 110; execution evidence remains separate"	"R05-site-operation-acceptance-scenarios.md:110"
"R05-61"	"R05"	"requirement-documents/05-test-cases/01-site-operations/tc-117-supervisor-decides-load-compensation.md"	"1aef362e85419d13b25b68b0297d8c29366b14862798ff59364cbadb107c04cf"	"1377"	"tracked-clean"	"tracked-clean"	"candidate-acceptance"	"R05-C2"	"unapproved-acceptance-draft-mixing-FR-AC-with-internal-design"	"R-09 整批清空决定; C2; not executed"	"`1aef362e8541` / H2; derived object: FR-002 AC-4.4"	"not-found"	"not-found"	"not-found"	"not-found"	"not-approved-by-this-classification"	"split-business-acceptance-from-design-interface-and-safety-claims-before-explicit-approval"	"FR-002 AC-4.4; C2; detailed record: R05-site-operation-acceptance-scenarios.md line 111; execution evidence remains separate"	"R05-site-operation-acceptance-scenarios.md:111"
"R05-62"	"R05"	"requirement-documents/05-test-cases/01-site-operations/tc-118-maintenance-confirmation-cannot-replace-compensation-decision.md"	"fd8dcf27a226e21de9cd441fb4587787dac1a377311314dc3c5e569c818ddea3"	"1519"	"tracked-clean"	"tracked-clean"	"candidate-acceptance"	"R05-C2"	"unapproved-acceptance-draft-mixing-FR-AC-with-internal-design"	"维护确认与生产决定分权; C2; not executed"	"`fd8dcf27a226` / H2; derived object: FR-002 AC-4.5"	"not-found"	"not-found"	"not-found"	"not-found"	"not-approved-by-this-classification"	"split-business-acceptance-from-design-interface-and-safety-claims-before-explicit-approval"	"FR-002 AC-4.5; C2; detailed record: R05-site-operation-acceptance-scenarios.md line 112; execution evidence remains separate"	"R05-site-operation-acceptance-scenarios.md:112"
"R05-63"	"R05"	"requirement-documents/05-test-cases/01-site-operations/tc-119-hardware-fault-cannot-bypass-compensation-decision-via-normal-cancel.md"	"ac7c38fd837086b67709844f9f61522abf4ee7c422593ee3eed9f6a27196fd16"	"1072"	"tracked-clean"	"tracked-clean"	"candidate-acceptance"	"R05-C2"	"unapproved-acceptance-draft-mixing-FR-AC-with-internal-design"	"普通取消不得绕过补偿决定; C2; not executed"	"`ac7c38fd8370` / H2; derived object: FR-007 AC-10"	"not-found"	"not-found"	"not-found"	"not-found"	"not-approved-by-this-classification"	"split-business-acceptance-from-design-interface-and-safety-claims-before-explicit-approval"	"FR-007 AC-10; C2; detailed record: R05-site-operation-acceptance-scenarios.md line 113; execution evidence remains separate"	"R05-site-operation-acceptance-scenarios.md:113"
"R05-64"	"R05"	"requirement-documents/05-test-cases/01-site-operations/tc-120-compensation-decision-requires-step-up-authentication.md"	"23ad9c7eeba73f496105b474cbdff9325654b862492d47de909eae7de65a5924"	"1962"	"tracked-clean"	"tracked-clean"	"candidate-acceptance"	"R05-C2"	"unapproved-acceptance-draft-mixing-FR-AC-with-internal-design"	"单次强绑定即时二次认证; C2; not executed"	"`23ad9c7eeba7` / H2; derived object: FR-002 AC-4.6/4.6.1"	"not-found"	"not-found"	"not-found"	"not-found"	"not-approved-by-this-classification"	"split-business-acceptance-from-design-interface-and-safety-claims-before-explicit-approval"	"FR-002 AC-4.6/4.6.1; C2; detailed record: R05-site-operation-acceptance-scenarios.md line 114; execution evidence remains separate"	"R05-site-operation-acceptance-scenarios.md:114"
"R05-65"	"R05"	"requirement-documents/05-test-cases/01-site-operations/tc-121-supervisor-approval-does-not-replace-sublot-operator.md"	"a01e2e5905f06eaf594260fedd91f1bdfed6eb7795fc12a9f157fd185026abe6"	"1079"	"tracked-clean"	"tracked-clean"	"candidate-acceptance"	"R05-C2"	"unapproved-acceptance-draft-mixing-FR-AC-with-internal-design"	"审批人不替换 Sublot 操作员; C2; not executed"	"`a01e2e5905f0` / H2; derived object: FR-012 AC-5"	"not-found"	"not-found"	"not-found"	"not-found"	"not-approved-by-this-classification"	"split-business-acceptance-from-design-interface-and-safety-claims-before-explicit-approval"	"FR-012 AC-5; C2; detailed record: R05-site-operation-acceptance-scenarios.md line 115; execution evidence remains separate"	"R05-site-operation-acceptance-scenarios.md:115"
"R05-66"	"R05"	"requirement-documents/05-test-cases/01-site-operations/tc-122-compensation-decision-requires-controlled-reason-code.md"	"2bae6e7c812632d6eae6b362a934ebebc109d2284eb4707ff6fa7859a5249856"	"1170"	"tracked-clean"	"tracked-clean"	"candidate-acceptance"	"R05-C2"	"unapproved-acceptance-draft-mixing-FR-AC-with-internal-design"	"受控补偿原因码; C2; not executed"	"`2bae6e7c8126` / H2; derived object: FR-002 AC-4.7"	"not-found"	"not-found"	"not-found"	"not-found"	"not-approved-by-this-classification"	"split-business-acceptance-from-design-interface-and-safety-claims-before-explicit-approval"	"FR-002 AC-4.7; C2; detailed record: R05-site-operation-acceptance-scenarios.md line 116; execution evidence remains separate"	"R05-site-operation-acceptance-scenarios.md:116"
"R05-67"	"R05"	"requirement-documents/05-test-cases/01-site-operations/tc-123-load-compensation-cancels-transport-demand.md"	"2e2c5743bccb54fabe9bd7b516a7132cf6e093f69d0b0b754f2674a418fb7c4b"	"1911"	"tracked-clean"	"tracked-clean"	"candidate-acceptance"	"R05-C2"	"unapproved-acceptance-draft-mixing-FR-AC-with-internal-design"	"补偿清空后取消并抑制搬运需求; C2; not executed"	"`2e2c5743bccb` / H2; derived object: FR-002 AC-4.8"	"not-found"	"not-found"	"not-found"	"not-found"	"not-approved-by-this-classification"	"split-business-acceptance-from-design-interface-and-safety-claims-before-explicit-approval"	"FR-002 AC-4.8; C2; detailed record: R05-site-operation-acceptance-scenarios.md line 117; execution evidence remains separate"	"R05-site-operation-acceptance-scenarios.md:117"
