"record_id"	"batch_id"	"path"	"sha256"	"bytes"	"inventory_snapshot_git_status"	"effective_snapshot_git_status"	"inventory_material_role"	"document_class"	"source_type"	"current_applicability"	"history_or_derivation"	"approval_named_authorizer"	"approval_date"	"approval_scope"	"approval_version_binding"	"document_approval_state"	"atomic_requirement_extraction_route"	"evidence_or_conflict_pointers"	"investigation_pointer"
"R06-01"	"R06"	"requirement-documents/05-test-cases/02-slot-and-hardware/tc-042-dashboard-normal-display.md"	"8a85621b35c8e6c3da1aa338147f0417b9c89326780a0d2982ee1b80d8cd8961"	"889"	"tracked-clean"	"tracked-clean"	"candidate-acceptance"	"R06-A"	"unapproved-internal-derived-test-case-draft"	"A；看板正常展示候选; no test execution evidence"	"FR-015 AC-1 / UC-011"	"not-found"	"not-found"	"not-found"	"not-found"	"not-approved-by-this-classification"	"candidate-only-after-scenario-level-decomposition-deduplication-source-review-and-explicit-approval"	"A；看板正常展示候选; retain upstream FR/UC/BR pointers and R06 overlap/drift findings; execution evidence remains separate"	"R06-slot-hardware-fleet-test-cases.md:62"
"R06-02"	"R06"	"requirement-documents/05-test-cases/02-slot-and-hardware/tc-043-dashboard-refresh-failure-retain-old-data.md"	"ce5bd7e5c0b0b24c4b84e65b5291d85b5fe4c35d356998ec80eb44e0d584a4a3"	"849"	"tracked-clean"	"tracked-clean"	"candidate-acceptance"	"R06-A"	"unapproved-internal-derived-test-case-draft"	"A；刷新失败保留旧值候选; no test execution evidence"	"FR-015 AC-2 / UC-011"	"not-found"	"not-found"	"not-found"	"not-found"	"not-approved-by-this-classification"	"candidate-only-after-scenario-level-decomposition-deduplication-source-review-and-explicit-approval"	"A；刷新失败保留旧值候选; retain upstream FR/UC/BR pointers and R06 overlap/drift findings; execution evidence remains separate"	"R06-slot-hardware-fleet-test-cases.md:63"
"R06-03"	"R06"	"requirement-documents/05-test-cases/02-slot-and-hardware/tc-044-slot-disable-eligible-success.md"	"64afb7b39fdfee16d38ee4b5c3ffdfe3be752b8ca3e9b9e0ec4da8331be3479e"	"674"	"tracked-clean"	"tracked-clean"	"candidate-acceptance"	"R06-D"	"upstream-drifted-internal-test-case-draft"	"D；只覆盖旧版 Idle→Disabled; no test execution evidence"	"FR-016 AC-1 / UC-014"	"not-found"	"not-found"	"not-found"	"not-found"	"not-approved-by-this-classification"	"blocked-until-upstream-version-drift-is-rewritten-or-explicitly-version-bound"	"D；只覆盖旧版 Idle→Disabled; retain upstream FR/UC/BR pointers and R06 overlap/drift findings; execution evidence remains separate"	"R06-slot-hardware-fleet-test-cases.md:64"
"R06-04"	"R06"	"requirement-documents/05-test-cases/02-slot-and-hardware/tc-045-slot-disable-not-idle-skip.md"	"5a26cd58e51f66ff5ebc6920ff6a4e6b8a7562f2d2abf114e6ebf121218af19b"	"739"	"tracked-clean"	"tracked-clean"	"candidate-acceptance"	"R06-D"	"upstream-drifted-internal-test-case-draft"	"D；“占用即跳过”与当前待禁用冲突; no test execution evidence"	"FR-016 AC-2 / UC-014"	"not-found"	"not-found"	"not-found"	"not-found"	"not-approved-by-this-classification"	"blocked-until-upstream-version-drift-is-rewritten-or-explicitly-version-bound"	"D；“占用即跳过”与当前待禁用冲突; retain upstream FR/UC/BR pointers and R06 overlap/drift findings; execution evidence remains separate"	"R06-slot-hardware-fleet-test-cases.md:65"
"R06-05"	"R06"	"requirement-documents/05-test-cases/02-slot-and-hardware/tc-046-slot-enable-eligible-success.md"	"3746325fc49a3b2429c9649dc6b8a5e1edb3000f368921724c35db1c69e58d79"	"668"	"tracked-clean"	"tracked-clean"	"candidate-acceptance"	"R06-D"	"upstream-drifted-internal-test-case-draft"	"D；遗漏硬件不可操作不得覆盖; no test execution evidence"	"FR-016 AC-3 / UC-014"	"not-found"	"not-found"	"not-found"	"not-found"	"not-approved-by-this-classification"	"blocked-until-upstream-version-drift-is-rewritten-or-explicitly-version-bound"	"D；遗漏硬件不可操作不得覆盖; retain upstream FR/UC/BR pointers and R06 overlap/drift findings; execution evidence remains separate"	"R06-slot-hardware-fleet-test-cases.md:66"
"R06-06"	"R06"	"requirement-documents/05-test-cases/02-slot-and-hardware/tc-047-slot-enable-not-disabled-skip.md"	"9f6dcbf3c0d90ea71a818a2a1c4070e581b757c48c115297e80c67887425e28d"	"714"	"tracked-clean"	"tracked-clean"	"candidate-acceptance"	"R06-D"	"upstream-drifted-internal-test-case-draft"	"D；当前 AC-4 已是批量独立结果; no test execution evidence"	"FR-016 AC-4 / UC-014"	"not-found"	"not-found"	"not-found"	"not-found"	"not-approved-by-this-classification"	"blocked-until-upstream-version-drift-is-rewritten-or-explicitly-version-bound"	"D；当前 AC-4 已是批量独立结果; retain upstream FR/UC/BR pointers and R06 overlap/drift findings; execution evidence remains separate"	"R06-slot-hardware-fleet-test-cases.md:67"
"R06-07"	"R06"	"requirement-documents/05-test-cases/02-slot-and-hardware/tc-048-unlock-test-pass-record-normal.md"	"1a6d1192220b267cbc857b9e93ab9d50d166a194996c58e3e67cf3b9f79abe17"	"864"	"tracked-clean"	"tracked-clean"	"candidate-acceptance"	"R06-A"	"unapproved-internal-derived-test-case-draft"	"A；开锁完整成功候选；与 TC-055 重叠审查; no test execution evidence"	"FR-017 AC-1 / UC-015"	"not-found"	"not-found"	"not-found"	"not-found"	"not-approved-by-this-classification"	"candidate-only-after-scenario-level-decomposition-deduplication-source-review-and-explicit-approval"	"A；开锁完整成功候选；与 TC-055 重叠审查; retain upstream FR/UC/BR pointers and R06 overlap/drift findings; execution evidence remains separate"	"R06-slot-hardware-fleet-test-cases.md:68"
"R06-08"	"R06"	"requirement-documents/05-test-cases/02-slot-and-hardware/tc-049-unlock-command-dispatch-failure.md"	"2e65d50cbdd8131f6be5997eeeeb4e72ce6a8f9320d8bbc0c641e515c7e5f608"	"758"	"tracked-clean"	"tracked-clean"	"candidate-acceptance"	"R06-A"	"unapproved-internal-derived-test-case-draft"	"A；指令下发失败候选; no test execution evidence"	"FR-017 AC-2 / UC-015"	"not-found"	"not-found"	"not-found"	"not-found"	"not-approved-by-this-classification"	"candidate-only-after-scenario-level-decomposition-deduplication-source-review-and-explicit-approval"	"A；指令下发失败候选; retain upstream FR/UC/BR pointers and R06 overlap/drift findings; execution evidence remains separate"	"R06-slot-hardware-fleet-test-cases.md:69"
"R06-09"	"R06"	"requirement-documents/05-test-cases/02-slot-and-hardware/tc-050-door-not-opened-mark-abnormal.md"	"2bfbd081b377aeadf6a0a5f0b9e7c3b56fb043fd1a8b0e6a9f34b4a6fa45393f"	"794"	"tracked-clean"	"tracked-clean"	"candidate-acceptance"	"R06-A"	"unapproved-internal-derived-test-case-draft"	"A；未弹门候选；与 TC-056 重叠审查; no test execution evidence"	"FR-017 AC-3 / UC-015"	"not-found"	"not-found"	"not-found"	"not-found"	"not-approved-by-this-classification"	"candidate-only-after-scenario-level-decomposition-deduplication-source-review-and-explicit-approval"	"A；未弹门候选；与 TC-056 重叠审查; retain upstream FR/UC/BR pointers and R06 overlap/drift findings; execution evidence remains separate"	"R06-slot-hardware-fleet-test-cases.md:70"
"R06-10"	"R06"	"requirement-documents/05-test-cases/02-slot-and-hardware/tc-051-light-curtain-precheck-abnormal.md"	"601df5366aaf0095ef15e0887e9141986d5326db123ca96479b55e037575f6a8"	"759"	"tracked-clean"	"tracked-clean"	"candidate-acceptance"	"R06-A"	"unapproved-internal-derived-test-case-draft"	"A；光幕初态异常候选; no test execution evidence"	"FR-018 AC-1 / UC-016"	"not-found"	"not-found"	"not-found"	"not-found"	"not-approved-by-this-classification"	"candidate-only-after-scenario-level-decomposition-deduplication-source-review-and-explicit-approval"	"A；光幕初态异常候选; retain upstream FR/UC/BR pointers and R06 overlap/drift findings; execution evidence remains separate"	"R06-slot-hardware-fleet-test-cases.md:71"
"R06-11"	"R06"	"requirement-documents/05-test-cases/02-slot-and-hardware/tc-052-light-curtain-all-stages-pass.md"	"69f0834a93fcc8c04fb08ab00ee3abe3b154c6afc4c85b410270ea9e756edec6"	"792"	"tracked-clean"	"tracked-clean"	"candidate-acceptance"	"R06-A"	"unapproved-internal-derived-test-case-draft"	"A；三阶段成功候选; no test execution evidence"	"FR-018 AC-2 / UC-016"	"not-found"	"not-found"	"not-found"	"not-found"	"not-approved-by-this-classification"	"candidate-only-after-scenario-level-decomposition-deduplication-source-review-and-explicit-approval"	"A；三阶段成功候选; retain upstream FR/UC/BR pointers and R06 overlap/drift findings; execution evidence remains separate"	"R06-slot-hardware-fleet-test-cases.md:72"
"R06-12"	"R06"	"requirement-documents/05-test-cases/02-slot-and-hardware/tc-053-light-curtain-occlusion-not-detected.md"	"71cf4fcc3a0b27c7ff8c3bf971bf3db5a0d375e1bfb7e3e9d79cbf1973269518"	"820"	"tracked-clean"	"tracked-clean"	"candidate-acceptance"	"R06-A"	"unapproved-internal-derived-test-case-draft"	"A；遮挡未检出候选; no test execution evidence"	"FR-018 AC-3 / UC-016"	"not-found"	"not-found"	"not-found"	"not-found"	"not-approved-by-this-classification"	"candidate-only-after-scenario-level-decomposition-deduplication-source-review-and-explicit-approval"	"A；遮挡未检出候选; retain upstream FR/UC/BR pointers and R06 overlap/drift findings; execution evidence remains separate"	"R06-slot-hardware-fleet-test-cases.md:73"
"R06-13"	"R06"	"requirement-documents/05-test-cases/02-slot-and-hardware/tc-054-light-curtain-clear-not-restored.md"	"a159b1fc496dc46c8e4b05277754af9d418493184f84dba53166c807709eb3c4"	"844"	"tracked-clean"	"tracked-clean"	"candidate-acceptance"	"R06-A"	"unapproved-internal-derived-test-case-draft"	"A；移除后未恢复候选; no test execution evidence"	"FR-018 AC-4 / UC-016"	"not-found"	"not-found"	"not-found"	"not-found"	"not-approved-by-this-classification"	"candidate-only-after-scenario-level-decomposition-deduplication-source-review-and-explicit-approval"	"A；移除后未恢复候选; retain upstream FR/UC/BR pointers and R06 overlap/drift findings; execution evidence remains separate"	"R06-slot-hardware-fleet-test-cases.md:74"
"R06-14"	"R06"	"requirement-documents/05-test-cases/02-slot-and-hardware/tc-055-door-state-both-directions-pass.md"	"9b184369ac8c8615e7f00e62df3cc2a43459db7dfccc25b517ec4189ce0312b6"	"892"	"tracked-clean"	"tracked-clean"	"candidate-acceptance"	"R06-A"	"unapproved-internal-derived-test-case-draft"	"A；锁反馈完整成功；与 TC-048 重叠审查; no test execution evidence"	"FR-019 AC-1 / UC-017"	"not-found"	"not-found"	"not-found"	"not-found"	"not-approved-by-this-classification"	"candidate-only-after-scenario-level-decomposition-deduplication-source-review-and-explicit-approval"	"A；锁反馈完整成功；与 TC-048 重叠审查; retain upstream FR/UC/BR pointers and R06 overlap/drift findings; execution evidence remains separate"	"R06-slot-hardware-fleet-test-cases.md:75"
"R06-15"	"R06"	"requirement-documents/05-test-cases/02-slot-and-hardware/tc-056-door-opened-signal-still-closed.md"	"7ffc39543ab7d1ea1e3c5e58d9e8b1df66b3f118e95ff9d20e306e792a65e4c5"	"822"	"tracked-clean"	"tracked-clean"	"candidate-acceptance"	"R06-A"	"unapproved-internal-derived-test-case-draft"	"A；未弹门/锁 DI 未变；与 TC-050 重叠审查; no test execution evidence"	"FR-019 AC-2 / UC-017"	"not-found"	"not-found"	"not-found"	"not-found"	"not-approved-by-this-classification"	"candidate-only-after-scenario-level-decomposition-deduplication-source-review-and-explicit-approval"	"A；未弹门/锁 DI 未变；与 TC-050 重叠审查; retain upstream FR/UC/BR pointers and R06 overlap/drift findings; execution evidence remains separate"	"R06-slot-hardware-fleet-test-cases.md:76"
"R06-16"	"R06"	"requirement-documents/05-test-cases/02-slot-and-hardware/tc-057-door-closed-signal-still-opened.md"	"6e662d5570a96dfb7ac03170cf7b79126914a9252a2d5f8c749d954bd8c80d7d"	"724"	"tracked-clean"	"tracked-clean"	"candidate-acceptance"	"R06-A"	"unapproved-internal-derived-test-case-draft"	"A；关门后未锁闭候选; no test execution evidence"	"FR-019 AC-3 / UC-017"	"not-found"	"not-found"	"not-found"	"not-found"	"not-approved-by-this-classification"	"candidate-only-after-scenario-level-decomposition-deduplication-source-review-and-explicit-approval"	"A；关门后未锁闭候选; retain upstream FR/UC/BR pointers and R06 overlap/drift findings; execution evidence remains separate"	"R06-slot-hardware-fleet-test-cases.md:77"
"R06-17"	"R06"	"requirement-documents/05-test-cases/02-slot-and-hardware/tc-058-mapping-both-directions-pass.md"	"88ab1d5ce3b391f44da5edeb1607e0d9c0d77cbc70d394d39c4004df47732bac"	"876"	"tracked-clean"	"tracked-clean"	"candidate-acceptance"	"R06-A"	"unapproved-internal-derived-test-case-draft"	"A；双向映射成功候选; no test execution evidence"	"FR-020 AC-1 / UC-018"	"not-found"	"not-found"	"not-found"	"not-found"	"not-approved-by-this-classification"	"candidate-only-after-scenario-level-decomposition-deduplication-source-review-and-explicit-approval"	"A；双向映射成功候选; retain upstream FR/UC/BR pointers and R06 overlap/drift findings; execution evidence remains separate"	"R06-slot-hardware-fleet-test-cases.md:78"
"R06-18"	"R06"	"requirement-documents/05-test-cases/02-slot-and-hardware/tc-059-mapping-direction-one-mismatch.md"	"95a091e4b4439e536e176e3bc0a04aeb311647c7b95793b7cbb13d31b387f25e"	"788"	"tracked-clean"	"tracked-clean"	"candidate-acceptance"	"R06-A"	"unapproved-internal-derived-test-case-draft"	"A；DO→物理仓不符候选; no test execution evidence"	"FR-020 AC-2 / UC-018"	"not-found"	"not-found"	"not-found"	"not-found"	"not-approved-by-this-classification"	"candidate-only-after-scenario-level-decomposition-deduplication-source-review-and-explicit-approval"	"A；DO→物理仓不符候选; retain upstream FR/UC/BR pointers and R06 overlap/drift findings; execution evidence remains separate"	"R06-slot-hardware-fleet-test-cases.md:79"
"R06-19"	"R06"	"requirement-documents/05-test-cases/02-slot-and-hardware/tc-060-mapping-direction-two-mismatch.md"	"3cdc0adb555791a8d4b28e554be900beaf00b001e832c6b90e5df4651b4101e9"	"769"	"tracked-clean"	"tracked-clean"	"candidate-acceptance"	"R06-A"	"unapproved-internal-derived-test-case-draft"	"A；物理仓→DI 不符候选; no test execution evidence"	"FR-020 AC-3 / UC-018"	"not-found"	"not-found"	"not-found"	"not-found"	"not-approved-by-this-classification"	"candidate-only-after-scenario-level-decomposition-deduplication-source-review-and-explicit-approval"	"A；物理仓→DI 不符候选; retain upstream FR/UC/BR pointers and R06 overlap/drift findings; execution evidence remains separate"	"R06-slot-hardware-fleet-test-cases.md:80"
"R06-20"	"R06"	"requirement-documents/05-test-cases/02-slot-and-hardware/tc-061-mapping-save-pass-pending-verification.md"	"0edea73b9b08d8ee0197ae6f3f8d99ac1f0c32590c5b9d964a15e776703a15a3"	"788"	"tracked-clean"	"tracked-clean"	"candidate-acceptance"	"R06-A"	"unapproved-internal-derived-test-case-draft"	"A；保存为待核对候选; no test execution evidence"	"FR-021 AC-1 / UC-039"	"not-found"	"not-found"	"not-found"	"not-found"	"not-approved-by-this-classification"	"candidate-only-after-scenario-level-decomposition-deduplication-source-review-and-explicit-approval"	"A；保存为待核对候选; retain upstream FR/UC/BR pointers and R06 overlap/drift findings; execution evidence remains separate"	"R06-slot-hardware-fleet-test-cases.md:81"
"R06-21"	"R06"	"requirement-documents/05-test-cases/02-slot-and-hardware/tc-062-mapping-channel-conflict-reject.md"	"a38be5e5384b8fd0bea1172df4de571f658d4019bf4e0dd041f10f14160bd89e"	"727"	"tracked-clean"	"tracked-clean"	"candidate-acceptance"	"R06-A"	"unapproved-internal-derived-test-case-draft"	"A；通道冲突拒绝候选; no test execution evidence"	"FR-021 AC-2 / UC-039"	"not-found"	"not-found"	"not-found"	"not-found"	"not-approved-by-this-classification"	"candidate-only-after-scenario-level-decomposition-deduplication-source-review-and-explicit-approval"	"A；通道冲突拒绝候选; retain upstream FR/UC/BR pointers and R06 overlap/drift findings; execution evidence remains separate"	"R06-slot-hardware-fleet-test-cases.md:82"
"R06-22"	"R06"	"requirement-documents/05-test-cases/02-slot-and-hardware/tc-063-mapping-required-point-missing-reject.md"	"2878a731d09abb95a9ff6a90e8ad6af0aa9520be0913ffe4cb251ff8e06a0da2"	"638"	"tracked-clean"	"tracked-clean"	"candidate-acceptance"	"R06-A"	"unapproved-internal-derived-test-case-draft"	"A；必填点位缺失候选; no test execution evidence"	"FR-021 AC-3 / UC-039"	"not-found"	"not-found"	"not-found"	"not-found"	"not-approved-by-this-classification"	"candidate-only-after-scenario-level-decomposition-deduplication-source-review-and-explicit-approval"	"A；必填点位缺失候选; retain upstream FR/UC/BR pointers and R06 overlap/drift findings; execution evidence remains separate"	"R06-slot-hardware-fleet-test-cases.md:83"
"R06-23"	"R06"	"requirement-documents/05-test-cases/03-agv-fleet-management/tc-064-draft-validation-pass-and-publishable.md"	"21f0ffae2eb8fc9270c7141f9c38a9b12510394d16d2b2791ec5d793d788506a"	"945"	"tracked-clean"	"tracked-clean"	"candidate-acceptance"	"R06-A"	"unapproved-internal-derived-test-case-draft"	"A；模型草稿完整可发布候选; no test execution evidence"	"FR-022 AC-1 / UC-038"	"not-found"	"not-found"	"not-found"	"not-found"	"not-approved-by-this-classification"	"candidate-only-after-scenario-level-decomposition-deduplication-source-review-and-explicit-approval"	"A；模型草稿完整可发布候选; retain upstream FR/UC/BR pointers and R06 overlap/drift findings; execution evidence remains separate"	"R06-slot-hardware-fleet-test-cases.md:89"
"R06-24"	"R06"	"requirement-documents/05-test-cases/03-agv-fleet-management/tc-065-draft-duplicate-face-or-slot-id-reject.md"	"10ca1554ce4ae36707abb1e41ee77d0deb2762c55d0c2bf2a98045afdbaaf8eb"	"644"	"tracked-clean"	"tracked-clean"	"candidate-acceptance"	"R06-A"	"unapproved-internal-derived-test-case-draft"	"A；重复 ID 拒绝候选; no test execution evidence"	"FR-022 AC-2 / UC-038"	"not-found"	"not-found"	"not-found"	"not-found"	"not-approved-by-this-classification"	"candidate-only-after-scenario-level-decomposition-deduplication-source-review-and-explicit-approval"	"A；重复 ID 拒绝候选; retain upstream FR/UC/BR pointers and R06 overlap/drift findings; execution evidence remains separate"	"R06-slot-hardware-fleet-test-cases.md:90"
"R06-25"	"R06"	"requirement-documents/05-test-cases/03-agv-fleet-management/tc-066-draft-out-of-bounds-reject.md"	"365075780ba09f1cb79d04897200a5bfea97cf5f618f74f98139950a61573669"	"748"	"tracked-clean"	"tracked-clean"	"candidate-acceptance"	"R06-A"	"unapproved-internal-derived-test-case-draft"	"A；越界拒绝候选; no test execution evidence"	"FR-022 AC-3 / UC-038"	"not-found"	"not-found"	"not-found"	"not-found"	"not-approved-by-this-classification"	"candidate-only-after-scenario-level-decomposition-deduplication-source-review-and-explicit-approval"	"A；越界拒绝候选; retain upstream FR/UC/BR pointers and R06 overlap/drift findings; execution evidence remains separate"	"R06-slot-hardware-fleet-test-cases.md:91"
"R06-26"	"R06"	"requirement-documents/05-test-cases/03-agv-fleet-management/tc-067-draft-overlap-reject.md"	"10ce26b97714ec2b0bb96390f7c2eb80cb9f5b59e02bd23baf901e6eb2b87577"	"683"	"tracked-clean"	"tracked-clean"	"candidate-acceptance"	"R06-A"	"unapproved-internal-derived-test-case-draft"	"A；重叠拒绝候选; no test execution evidence"	"FR-022 AC-4 / UC-038"	"not-found"	"not-found"	"not-found"	"not-found"	"not-approved-by-this-classification"	"candidate-only-after-scenario-level-decomposition-deduplication-source-review-and-explicit-approval"	"A；重叠拒绝候选; retain upstream FR/UC/BR pointers and R06 overlap/drift findings; execution evidence remains separate"	"R06-slot-hardware-fleet-test-cases.md:92"
"R06-27"	"R06"	"requirement-documents/05-test-cases/03-agv-fleet-management/tc-068-draft-incomplete-spec-save-not-publishable.md"	"0b5cebcb12520e8d84a28bff55460ce8422384bf1874c27f50dab4082f2092f8"	"847"	"tracked-clean"	"tracked-clean"	"candidate-acceptance"	"R06-A"	"unapproved-internal-derived-test-case-draft"	"A；不完整草稿暂存候选; no test execution evidence"	"FR-022 AC-5 / UC-038"	"not-found"	"not-found"	"not-found"	"not-found"	"not-approved-by-this-classification"	"candidate-only-after-scenario-level-decomposition-deduplication-source-review-and-explicit-approval"	"A；不完整草稿暂存候选; retain upstream FR/UC/BR pointers and R06 overlap/drift findings; execution evidence remains separate"	"R06-slot-hardware-fleet-test-cases.md:93"
"R06-28"	"R06"	"requirement-documents/05-test-cases/03-agv-fleet-management/tc-069-publish-success-immutable-version.md"	"b2f942b4a4a1fb087aad038f34d53ca29b68c5ba65216a552df2493ca3c21cd2"	"953"	"tracked-clean"	"tracked-clean"	"candidate-acceptance"	"R06-A"	"unapproved-internal-derived-test-case-draft"	"A；二次认证发布候选; no test execution evidence"	"FR-023 AC-1 / UC-038"	"not-found"	"not-found"	"not-found"	"not-found"	"not-approved-by-this-classification"	"candidate-only-after-scenario-level-decomposition-deduplication-source-review-and-explicit-approval"	"A；二次认证发布候选; retain upstream FR/UC/BR pointers and R06 overlap/drift findings; execution evidence remains separate"	"R06-slot-hardware-fleet-test-cases.md:94"
"R06-29"	"R06"	"requirement-documents/05-test-cases/03-agv-fleet-management/tc-070-publish-incomplete-spec-reject.md"	"b67edd4735ef956fe0a8c3fc41d1ca594c70e1cd2c521e26ca18a9fb6afd5cd9"	"724"	"tracked-clean"	"tracked-clean"	"candidate-acceptance"	"R06-A"	"unapproved-internal-derived-test-case-draft"	"A；规格不完整拒绝候选; no test execution evidence"	"FR-023 AC-2 / UC-038"	"not-found"	"not-found"	"not-found"	"not-found"	"not-approved-by-this-classification"	"candidate-only-after-scenario-level-decomposition-deduplication-source-review-and-explicit-approval"	"A；规格不完整拒绝候选; retain upstream FR/UC/BR pointers and R06 overlap/drift findings; execution evidence remains separate"	"R06-slot-hardware-fleet-test-cases.md:95"
"R06-30"	"R06"	"requirement-documents/05-test-cases/03-agv-fleet-management/tc-071-publish-dual-auth-fail-reject.md"	"3ba3b08a0e527b02988de62d08db5b91725173c18441814775aef2357f5ad94e"	"686"	"tracked-clean"	"tracked-clean"	"candidate-acceptance"	"R06-A"	"unapproved-internal-derived-test-case-draft"	"A；二次认证失败候选; no test execution evidence"	"FR-023 AC-3 / UC-038"	"not-found"	"not-found"	"not-found"	"not-found"	"not-approved-by-this-classification"	"candidate-only-after-scenario-level-decomposition-deduplication-source-review-and-explicit-approval"	"A；二次认证失败候选; retain upstream FR/UC/BR pointers and R06 overlap/drift findings; execution evidence remains separate"	"R06-slot-hardware-fleet-test-cases.md:96"
"R06-31"	"R06"	"requirement-documents/05-test-cases/03-agv-fleet-management/tc-072-publish-transaction-fail-rollback.md"	"7115a1e3da25f22e9ecd44295a33183f730346c32cf728d5f2abe40c9bb7eba2"	"695"	"tracked-clean"	"tracked-clean"	"candidate-acceptance"	"R06-A"	"unapproved-internal-derived-test-case-draft"	"A；发布回滚候选; no test execution evidence"	"FR-023 AC-4 / UC-038"	"not-found"	"not-found"	"not-found"	"not-found"	"not-approved-by-this-classification"	"candidate-only-after-scenario-level-decomposition-deduplication-source-review-and-explicit-approval"	"A；发布回滚候选; retain upstream FR/UC/BR pointers and R06 overlap/drift findings; execution evidence remains separate"	"R06-slot-hardware-fleet-test-cases.md:97"
"R06-32"	"R06"	"requirement-documents/05-test-cases/03-agv-fleet-management/tc-073-retire-success-historical-refs-unaffected.md"	"ae658cee476c19cd2e7104cee6d00674356d6b3781763cb38aa04c24030423ab"	"907"	"tracked-clean"	"tracked-clean"	"candidate-acceptance"	"R06-A"	"unapproved-internal-derived-test-case-draft"	"A；停用且保留历史候选; no test execution evidence"	"FR-024 AC-1 / UC-038"	"not-found"	"not-found"	"not-found"	"not-found"	"not-approved-by-this-classification"	"candidate-only-after-scenario-level-decomposition-deduplication-source-review-and-explicit-approval"	"A；停用且保留历史候选; retain upstream FR/UC/BR pointers and R06 overlap/drift findings; execution evidence remains separate"	"R06-slot-hardware-fleet-test-cases.md:98"
"R06-33"	"R06"	"requirement-documents/05-test-cases/03-agv-fleet-management/tc-074-retire-dual-auth-fail-reject.md"	"b86deaebf7190be1502170dc91af71f6759da4c921a996db2619b2ab750b9d90"	"693"	"tracked-clean"	"tracked-clean"	"candidate-acceptance"	"R06-A"	"unapproved-internal-derived-test-case-draft"	"A；停用认证失败候选; no test execution evidence"	"FR-024 AC-2 / UC-038"	"not-found"	"not-found"	"not-found"	"not-found"	"not-approved-by-this-classification"	"candidate-only-after-scenario-level-decomposition-deduplication-source-review-and-explicit-approval"	"A；停用认证失败候选; retain upstream FR/UC/BR pointers and R06 overlap/drift findings; execution evidence remains separate"	"R06-slot-hardware-fleet-test-cases.md:99"
"R06-34"	"R06"	"requirement-documents/05-test-cases/03-agv-fleet-management/tc-075-retire-transaction-fail-rollback.md"	"4709365d3fc0fa043019e87f0700fe80b5739de670cf9e6b4876452ba09b2cd5"	"641"	"tracked-clean"	"tracked-clean"	"candidate-acceptance"	"R06-A"	"unapproved-internal-derived-test-case-draft"	"A；停用回滚候选; no test execution evidence"	"FR-024 AC-3 / UC-038"	"not-found"	"not-found"	"not-found"	"not-found"	"not-approved-by-this-classification"	"candidate-only-after-scenario-level-decomposition-deduplication-source-review-and-explicit-approval"	"A；停用回滚候选; retain upstream FR/UC/BR pointers and R06 overlap/drift findings; execution evidence remains separate"	"R06-slot-hardware-fleet-test-cases.md:100"
"R06-35"	"R06"	"requirement-documents/05-test-cases/03-agv-fleet-management/tc-076-registration-validation-pass.md"	"746b738028fb574ffcadcf0f9ba758cb39d6ac9859959c26080d32a6745f3f0f"	"966"	"tracked-clean"	"tracked-clean"	"candidate-acceptance"	"R06-A"	"unapproved-internal-derived-test-case-draft"	"A；接入校验成功候选; no test execution evidence"	"FR-025 AC-1 / UC-019"	"not-found"	"not-found"	"not-found"	"not-found"	"not-approved-by-this-classification"	"candidate-only-after-scenario-level-decomposition-deduplication-source-review-and-explicit-approval"	"A；接入校验成功候选; retain upstream FR/UC/BR pointers and R06 overlap/drift findings; execution evidence remains separate"	"R06-slot-hardware-fleet-test-cases.md:101"
"R06-36"	"R06"	"requirement-documents/05-test-cases/03-agv-fleet-management/tc-077-registration-model-version-not-published-reject.md"	"da811366d1adbade2e1f33d12ce84d8107589cbe4128b5ca5e0216e7b66dddf3"	"775"	"tracked-clean"	"tracked-clean"	"candidate-acceptance"	"R06-A"	"unapproved-internal-derived-test-case-draft"	"A；非 Published 拒绝候选; no test execution evidence"	"FR-025 AC-2 / UC-019"	"not-found"	"not-found"	"not-found"	"not-found"	"not-approved-by-this-classification"	"candidate-only-after-scenario-level-decomposition-deduplication-source-review-and-explicit-approval"	"A；非 Published 拒绝候选; retain upstream FR/UC/BR pointers and R06 overlap/drift findings; execution evidence remains separate"	"R06-slot-hardware-fleet-test-cases.md:102"
"R06-37"	"R06"	"requirement-documents/05-test-cases/03-agv-fleet-management/tc-078-registration-duplicate-vehicle-id-reject.md"	"e5e79cf7b8318736d4176f5ea4d0500fce4e90a04ff5246e20ce7af9ab6fc8ec"	"668"	"tracked-clean"	"tracked-clean"	"candidate-acceptance"	"R06-A"	"unapproved-internal-derived-test-case-draft"	"A；车辆 ID 重复候选; no test execution evidence"	"FR-025 AC-3 / UC-019"	"not-found"	"not-found"	"not-found"	"not-found"	"not-approved-by-this-classification"	"candidate-only-after-scenario-level-decomposition-deduplication-source-review-and-explicit-approval"	"A；车辆 ID 重复候选; retain upstream FR/UC/BR pointers and R06 overlap/drift findings; execution evidence remains separate"	"R06-slot-hardware-fleet-test-cases.md:103"
"R06-38"	"R06"	"requirement-documents/05-test-cases/03-agv-fleet-management/tc-079-registration-incomplete-config-reject.md"	"b2cca20f6f40b4054de29405ce22786f3d0c31ba1d9fb2bfc68f82394b1dbfa0"	"683"	"tracked-clean"	"tracked-clean"	"candidate-acceptance"	"R06-A"	"unapproved-internal-derived-test-case-draft"	"A；配置不完整候选; no test execution evidence"	"FR-025 AC-4 / UC-019"	"not-found"	"not-found"	"not-found"	"not-found"	"not-approved-by-this-classification"	"candidate-only-after-scenario-level-decomposition-deduplication-source-review-and-explicit-approval"	"A；配置不完整候选; retain upstream FR/UC/BR pointers and R06 overlap/drift findings; execution evidence remains separate"	"R06-slot-hardware-fleet-test-cases.md:104"
"R06-39"	"R06"	"requirement-documents/05-test-cases/03-agv-fleet-management/tc-080-registration-atomic-creation-success.md"	"d2b9664b7404fd95e2ec03701b82cfb731c8db1ad554f4cc07a8fbf5451d47c0"	"1071"	"tracked-clean"	"tracked-clean"	"candidate-acceptance"	"R06-A"	"unapproved-internal-derived-test-case-draft"	"A；原子创建候选; no test execution evidence"	"FR-026 AC-1 / UC-019"	"not-found"	"not-found"	"not-found"	"not-found"	"not-approved-by-this-classification"	"candidate-only-after-scenario-level-decomposition-deduplication-source-review-and-explicit-approval"	"A；原子创建候选; retain upstream FR/UC/BR pointers and R06 overlap/drift findings; execution evidence remains separate"	"R06-slot-hardware-fleet-test-cases.md:105"
"R06-40"	"R06"	"requirement-documents/05-test-cases/03-agv-fleet-management/tc-081-registration-rcs-query-fail-reject.md"	"a102487a63e11b82c9a9e07b264d2f3ce299107b1a91d35193f5746d3778ab42"	"708"	"tracked-clean"	"tracked-clean"	"candidate-acceptance"	"R06-A"	"unapproved-internal-derived-test-case-draft"	"A；RCS 查询失败候选; no test execution evidence"	"FR-026 AC-2 / UC-019"	"not-found"	"not-found"	"not-found"	"not-found"	"not-approved-by-this-classification"	"candidate-only-after-scenario-level-decomposition-deduplication-source-review-and-explicit-approval"	"A；RCS 查询失败候选; retain upstream FR/UC/BR pointers and R06 overlap/drift findings; execution evidence remains separate"	"R06-slot-hardware-fleet-test-cases.md:106"
"R06-41"	"R06"	"requirement-documents/05-test-cases/03-agv-fleet-management/tc-082-enable-disable-immediate-disable-empty-queue.md"	"adb0d36146f4985d5a2f44321355dfaf744a3d701e4834dc72543aa9c2b21fe3"	"706"	"tracked-clean"	"tracked-clean"	"candidate-acceptance"	"R06-A"	"unapproved-internal-derived-test-case-draft"	"A；空队列立即禁用候选; no test execution evidence"	"FR-027 AC-1 / UC-013"	"not-found"	"not-found"	"not-found"	"not-found"	"not-approved-by-this-classification"	"candidate-only-after-scenario-level-decomposition-deduplication-source-review-and-explicit-approval"	"A；空队列立即禁用候选; retain upstream FR/UC/BR pointers and R06 overlap/drift findings; execution evidence remains separate"	"R06-slot-hardware-fleet-test-cases.md:107"
"R06-42"	"R06"	"requirement-documents/05-test-cases/03-agv-fleet-management/tc-083-enable-disable-pending-then-auto-disable.md"	"f033fa8f0babe384eed036f75cb9b2fdc7aca5aeaa9762a370a16c12ec1996e7"	"893"	"tracked-clean"	"tracked-clean"	"candidate-acceptance"	"R06-A"	"unapproved-internal-derived-test-case-draft"	"A；待生效后自动禁用候选; no test execution evidence"	"FR-027 AC-2 / UC-013"	"not-found"	"not-found"	"not-found"	"not-found"	"not-approved-by-this-classification"	"candidate-only-after-scenario-level-decomposition-deduplication-source-review-and-explicit-approval"	"A；待生效后自动禁用候选; retain upstream FR/UC/BR pointers and R06 overlap/drift findings; execution evidence remains separate"	"R06-slot-hardware-fleet-test-cases.md:108"
"R06-43"	"R06"	"requirement-documents/05-test-cases/03-agv-fleet-management/tc-084-enable-disable-enable-restore-normal.md"	"683e0d0d916fd193438685efcf8b838591064897161da0399206c365573af5a1"	"747"	"tracked-clean"	"tracked-clean"	"candidate-acceptance"	"R06-A"	"unapproved-internal-derived-test-case-draft"	"A；启用恢复候选; no test execution evidence"	"FR-027 AC-3 / UC-013"	"not-found"	"not-found"	"not-found"	"not-found"	"not-approved-by-this-classification"	"candidate-only-after-scenario-level-decomposition-deduplication-source-review-and-explicit-approval"	"A；启用恢复候选; retain upstream FR/UC/BR pointers and R06 overlap/drift findings; execution evidence remains separate"	"R06-slot-hardware-fleet-test-cases.md:109"
"R06-44"	"R06"	"requirement-documents/05-test-cases/03-agv-fleet-management/tc-085-enable-disable-repeat-disable-ignore.md"	"789b5ddaa768752e998e1f8e8c3daa64c1079a3363f4ea9248b5484cb26124fd"	"682"	"tracked-clean"	"tracked-clean"	"candidate-acceptance"	"R06-A"	"unapproved-internal-derived-test-case-draft"	"A；重复禁用忽略候选; no test execution evidence"	"FR-027 AC-4 / UC-013"	"not-found"	"not-found"	"not-found"	"not-found"	"not-approved-by-this-classification"	"candidate-only-after-scenario-level-decomposition-deduplication-source-review-and-explicit-approval"	"A；重复禁用忽略候选; retain upstream FR/UC/BR pointers and R06 overlap/drift findings; execution evidence remains separate"	"R06-slot-hardware-fleet-test-cases.md:110"
"R06-45"	"R06"	"requirement-documents/05-test-cases/03-agv-fleet-management/tc-086-enable-disable-invalid-enable-ignore.md"	"cc28039c452009b2c9b59dbabaf524878ae83c6562a241e9b235917bf7f39246"	"654"	"tracked-clean"	"tracked-clean"	"candidate-acceptance"	"R06-A"	"unapproved-internal-derived-test-case-draft"	"A；无效启用忽略候选; no test execution evidence"	"FR-027 AC-5 / UC-013"	"not-found"	"not-found"	"not-found"	"not-found"	"not-approved-by-this-classification"	"candidate-only-after-scenario-level-decomposition-deduplication-source-review-and-explicit-approval"	"A；无效启用忽略候选; retain upstream FR/UC/BR pointers and R06 overlap/drift findings; execution evidence remains separate"	"R06-slot-hardware-fleet-test-cases.md:111"
"R06-46"	"R06"	"requirement-documents/05-test-cases/03-agv-fleet-management/tc-087-dispatch-profile-update-pass.md"	"f4d997034bfbe2bc8db17511a3cdafef1cc1863bdf4eaa7e7471662a1709bc3b"	"965"	"tracked-clean"	"tracked-clean"	"candidate-acceptance"	"R06-A"	"unapproved-internal-derived-test-case-draft"	"A；调度配置保存候选; no test execution evidence"	"FR-028 AC-1 / UC-020"	"not-found"	"not-found"	"not-found"	"not-found"	"not-approved-by-this-classification"	"candidate-only-after-scenario-level-decomposition-deduplication-source-review-and-explicit-approval"	"A；调度配置保存候选; retain upstream FR/UC/BR pointers and R06 overlap/drift findings; execution evidence remains separate"	"R06-slot-hardware-fleet-test-cases.md:112"
"R06-47"	"R06"	"requirement-documents/05-test-cases/03-agv-fleet-management/tc-088-dispatch-profile-not-fully-stopped-reject.md"	"715551a312a263306b6307b07b1b0806dbdc38266699cfa8cc964b8959e2ca21"	"719"	"tracked-clean"	"tracked-clean"	"candidate-acceptance"	"R06-A"	"unapproved-internal-derived-test-case-draft"	"A；车辆未停用拒绝候选; no test execution evidence"	"FR-028 AC-2 / UC-020"	"not-found"	"not-found"	"not-found"	"not-found"	"not-approved-by-this-classification"	"candidate-only-after-scenario-level-decomposition-deduplication-source-review-and-explicit-approval"	"A；车辆未停用拒绝候选; retain upstream FR/UC/BR pointers and R06 overlap/drift findings; execution evidence remains separate"	"R06-slot-hardware-fleet-test-cases.md:113"
"R06-48"	"R06"	"requirement-documents/05-test-cases/03-agv-fleet-management/tc-089-dispatch-profile-door-safety-fail-closed-reject.md"	"5ef2f3d46a6a5cec87ec40ace778b7d867ce9f3babca3592121e9f5a5af09944"	"713"	"tracked-clean"	"tracked-clean"	"candidate-acceptance"	"R06-A"	"unapproved-internal-derived-test-case-draft"	"A；安全状态 fail-closed 候选; no test execution evidence"	"FR-028 AC-3 / UC-020"	"not-found"	"not-found"	"not-found"	"not-found"	"not-approved-by-this-classification"	"candidate-only-after-scenario-level-decomposition-deduplication-source-review-and-explicit-approval"	"A；安全状态 fail-closed 候选; retain upstream FR/UC/BR pointers and R06 overlap/drift findings; execution evidence remains separate"	"R06-slot-hardware-fleet-test-cases.md:114"
"R06-49"	"R06"	"requirement-documents/05-test-cases/03-agv-fleet-management/tc-090-dispatch-profile-config-conflict-reject.md"	"6ce1f21516df3e55b5907440de12516ce05c927826e36640b19ee8538654d4fe"	"654"	"tracked-clean"	"tracked-clean"	"candidate-acceptance"	"R06-A"	"unapproved-internal-derived-test-case-draft"	"A；配置冲突拒绝候选; no test execution evidence"	"FR-028 AC-4 / UC-020"	"not-found"	"not-found"	"not-found"	"not-found"	"not-approved-by-this-classification"	"candidate-only-after-scenario-level-decomposition-deduplication-source-review-and-explicit-approval"	"A；配置冲突拒绝候选; retain upstream FR/UC/BR pointers and R06 overlap/drift findings; execution evidence remains separate"	"R06-slot-hardware-fleet-test-cases.md:115"
"R06-50"	"R06"	"requirement-documents/05-test-cases/03-agv-fleet-management/tc-091-archive-eligible-success.md"	"555341f71531a324b45db849c3fbdaf7193b42cb828a90a863bd16ef05d3d71f"	"891"	"tracked-clean"	"tracked-clean"	"candidate-acceptance"	"R06-A"	"unapproved-internal-derived-test-case-draft"	"A；归档成功候选; no test execution evidence"	"FR-029 AC-1 / UC-021"	"not-found"	"not-found"	"not-found"	"not-found"	"not-approved-by-this-classification"	"candidate-only-after-scenario-level-decomposition-deduplication-source-review-and-explicit-approval"	"A；归档成功候选; retain upstream FR/UC/BR pointers and R06 overlap/drift findings; execution evidence remains separate"	"R06-slot-hardware-fleet-test-cases.md:116"
"R06-51"	"R06"	"requirement-documents/05-test-cases/03-agv-fleet-management/tc-092-archive-not-disabled-reject.md"	"6f2690e9ae7fc66d3783aaaf3181536f5be97b9723ad4068df4e68ffcadaa06c"	"608"	"tracked-clean"	"tracked-clean"	"candidate-acceptance"	"R06-A"	"unapproved-internal-derived-test-case-draft"	"A；未禁用拒绝归档候选; no test execution evidence"	"FR-029 AC-2 / UC-021"	"not-found"	"not-found"	"not-found"	"not-found"	"not-approved-by-this-classification"	"candidate-only-after-scenario-level-decomposition-deduplication-source-review-and-explicit-approval"	"A；未禁用拒绝归档候选; retain upstream FR/UC/BR pointers and R06 overlap/drift findings; execution evidence remains separate"	"R06-slot-hardware-fleet-test-cases.md:117"
"R06-52"	"R06"	"requirement-documents/05-test-cases/03-agv-fleet-management/tc-093-archive-unfinished-business-reject.md"	"1f735080d9b0dcf89cd0eede67fdddd1b38e68796811cc73d635603f14d59d0c"	"644"	"tracked-clean"	"tracked-clean"	"candidate-acceptance"	"R06-A"	"unapproved-internal-derived-test-case-draft"	"A；未结束业务拒绝候选; no test execution evidence"	"FR-029 AC-3 / UC-021"	"not-found"	"not-found"	"not-found"	"not-found"	"not-approved-by-this-classification"	"candidate-only-after-scenario-level-decomposition-deduplication-source-review-and-explicit-approval"	"A；未结束业务拒绝候选; retain upstream FR/UC/BR pointers and R06 overlap/drift findings; execution evidence remains separate"	"R06-slot-hardware-fleet-test-cases.md:118"
"R06-53"	"R06"	"requirement-documents/05-test-cases/03-agv-fleet-management/tc-094-archive-external-safety-fail-closed-reject.md"	"e7a01016267fad39c09464657f5fc80b3a6500fede342d8831843b3a4a7d8694"	"699"	"tracked-clean"	"tracked-clean"	"candidate-acceptance"	"R06-A"	"unapproved-internal-derived-test-case-draft"	"A；外部/安全状态拒绝候选; no test execution evidence"	"FR-029 AC-4 / UC-021"	"not-found"	"not-found"	"not-found"	"not-found"	"not-approved-by-this-classification"	"candidate-only-after-scenario-level-decomposition-deduplication-source-review-and-explicit-approval"	"A；外部/安全状态拒绝候选; retain upstream FR/UC/BR pointers and R06 overlap/drift findings; execution evidence remains separate"	"R06-slot-hardware-fleet-test-cases.md:119"
"R06-54"	"R06"	"requirement-documents/05-test-cases/03-agv-fleet-management/tc-095-fleet-dashboard-normal-display.md"	"52e962bede21aab659c516c46291703eeed0bf20b935e831e5588cade57c0856"	"962"	"tracked-clean"	"tracked-clean"	"candidate-acceptance"	"R06-A"	"unapproved-internal-derived-test-case-draft"	"A；车队看板正常展示候选; no test execution evidence"	"FR-030 AC-1 / UC-022"	"not-found"	"not-found"	"not-found"	"not-found"	"not-approved-by-this-classification"	"candidate-only-after-scenario-level-decomposition-deduplication-source-review-and-explicit-approval"	"A；车队看板正常展示候选; retain upstream FR/UC/BR pointers and R06 overlap/drift findings; execution evidence remains separate"	"R06-slot-hardware-fleet-test-cases.md:120"
"R06-55"	"R06"	"requirement-documents/05-test-cases/03-agv-fleet-management/tc-096-fleet-dashboard-rcs-status-fail-stale.md"	"dde18ee6291fc84fc5f31ea8519cd09481fa7fcda593023a256a874abd84272e"	"753"	"tracked-clean"	"tracked-clean"	"candidate-acceptance"	"R06-A"	"unapproved-internal-derived-test-case-draft"	"A；外部状态过期/未知候选; no test execution evidence"	"FR-030 AC-2 / UC-022"	"not-found"	"not-found"	"not-found"	"not-found"	"not-approved-by-this-classification"	"candidate-only-after-scenario-level-decomposition-deduplication-source-review-and-explicit-approval"	"A；外部状态过期/未知候选; retain upstream FR/UC/BR pointers and R06 overlap/drift findings; execution evidence remains separate"	"R06-slot-hardware-fleet-test-cases.md:121"
"R06-56"	"R06"	"requirement-documents/05-test-cases/03-agv-fleet-management/tc-097-fleet-dashboard-io-safety-status-fail-unknown.md"	"c231ce3548ff3696ac8f5dc2cd46eef4801c6acaaa042702acf55b95388bb44c"	"740"	"tracked-clean"	"tracked-clean"	"candidate-acceptance"	"R06-A"	"unapproved-internal-derived-test-case-draft"	"A；IO/安全未知候选; no test execution evidence"	"FR-030 AC-3 / UC-022"	"not-found"	"not-found"	"not-found"	"not-found"	"not-approved-by-this-classification"	"candidate-only-after-scenario-level-decomposition-deduplication-source-review-and-explicit-approval"	"A；IO/安全未知候选; retain upstream FR/UC/BR pointers and R06 overlap/drift findings; execution evidence remains separate"	"R06-slot-hardware-fleet-test-cases.md:122"
"R06-57"	"R06"	"requirement-documents/05-test-cases/04-transport-task-dispatch/README.md"	"9442e09e92d04f4e25e719e60e49f039bf9b79c7131a17160bccc30322e1659b"	"381"	"tracked-clean"	"tracked-clean"	"candidate-acceptance"	"R06-P"	"empty-test-domain-placeholder"	"P；无 FR/TC 的结构占位; no test execution evidence"	"repository test-library structure"	"not-found"	"not-found"	"not-found"	"not-found"	"not-approved-by-this-classification"	"do-not-extract-from-this-document"	"P；无 FR/TC 的结构占位; retain upstream FR/UC/BR pointers and R06 overlap/drift findings; execution evidence remains separate"	"R06-slot-hardware-fleet-test-cases.md:128"
"R06-58"	"R06"	"requirement-documents/05-test-cases/05-agv-charging/README.md"	"9a629e7103a51c57c8ba8a3e19f44d6b1f9595c9b08ce505c454c5b5e014aafe"	"359"	"tracked-clean"	"tracked-clean"	"candidate-acceptance"	"R06-P"	"empty-test-domain-placeholder"	"P；无 FR/TC 的结构占位; no test execution evidence"	"repository test-library structure"	"not-found"	"not-found"	"not-found"	"not-found"	"not-approved-by-this-classification"	"do-not-extract-from-this-document"	"P；无 FR/TC 的结构占位; retain upstream FR/UC/BR pointers and R06 overlap/drift findings; execution evidence remains separate"	"R06-slot-hardware-fleet-test-cases.md:129"
"R06-59"	"R06"	"requirement-documents/05-test-cases/06-area-station-mapping/README.md"	"642ba45e2f2394e4327963ca5b0cd10b0c25ea968d3e1c9fa5828888549b9a8d"	"375"	"tracked-clean"	"tracked-clean"	"candidate-acceptance"	"R06-P"	"empty-test-domain-placeholder"	"P；无 FR/TC 的结构占位; no test execution evidence"	"repository test-library structure"	"not-found"	"not-found"	"not-found"	"not-found"	"not-approved-by-this-classification"	"do-not-extract-from-this-document"	"P；无 FR/TC 的结构占位; retain upstream FR/UC/BR pointers and R06 overlap/drift findings; execution evidence remains separate"	"R06-slot-hardware-fleet-test-cases.md:130"
"R06-60"	"R06"	"requirement-documents/05-test-cases/07-workflow-engine/README.md"	"9110537983578aa24fd15d1cf3a3369538ff517d7605a6c81d0ac50fd90b3cfd"	"365"	"tracked-clean"	"tracked-clean"	"candidate-acceptance"	"R06-P"	"empty-test-domain-placeholder"	"P；无 FR/TC 的结构占位; no test execution evidence"	"repository test-library structure"	"not-found"	"not-found"	"not-found"	"not-found"	"not-approved-by-this-classification"	"do-not-extract-from-this-document"	"P；无 FR/TC 的结构占位; retain upstream FR/UC/BR pointers and R06 overlap/drift findings; execution evidence remains separate"	"R06-slot-hardware-fleet-test-cases.md:131"
"R06-61"	"R06"	"requirement-documents/05-test-cases/08-user-and-access/README.md"	"3266d7e620cd930201eb29501b075678466c0382354d747365dddfcbedf25acb"	"365"	"tracked-clean"	"tracked-clean"	"candidate-acceptance"	"R06-P"	"empty-test-domain-placeholder"	"P；无 FR/TC 的结构占位; no test execution evidence"	"repository test-library structure"	"not-found"	"not-found"	"not-found"	"not-found"	"not-approved-by-this-classification"	"do-not-extract-from-this-document"	"P；无 FR/TC 的结构占位; retain upstream FR/UC/BR pointers and R06 overlap/drift findings; execution evidence remains separate"	"R06-slot-hardware-fleet-test-cases.md:132"
"R06-62"	"R06"	"requirement-documents/05-test-cases/09-logs-and-audit/README.md"	"3ee2efc19521e7f411d9e1ba648135ea55711756b2b6e1772472d0bb71396a8a"	"363"	"tracked-clean"	"tracked-clean"	"candidate-acceptance"	"R06-P"	"empty-test-domain-placeholder"	"P；无 FR/TC 的结构占位; no test execution evidence"	"repository test-library structure"	"not-found"	"not-found"	"not-found"	"not-found"	"not-approved-by-this-classification"	"do-not-extract-from-this-document"	"P；无 FR/TC 的结构占位; retain upstream FR/UC/BR pointers and R06 overlap/drift findings; execution evidence remains separate"	"R06-slot-hardware-fleet-test-cases.md:133"
"R06-63"	"R06"	"requirement-documents/05-test-cases/10-safety-and-interlock/README.md"	"9f56e1f3c2dd2b41a4b3ded116b0db9bdfd74132fae9c54d8cca878b86bb73cc"	"375"	"tracked-clean"	"tracked-clean"	"candidate-acceptance"	"R06-P"	"empty-test-domain-placeholder"	"P；无 FR/TC 的结构占位; no test execution evidence"	"repository test-library structure"	"not-found"	"not-found"	"not-found"	"not-found"	"not-approved-by-this-classification"	"do-not-extract-from-this-document"	"P；无 FR/TC 的结构占位; retain upstream FR/UC/BR pointers and R06 overlap/drift findings; execution evidence remains separate"	"R06-slot-hardware-fleet-test-cases.md:134"
"R06-64"	"R06"	"requirement-documents/05-test-cases/11-agv-parking/README.md"	"7bc32cd2196cf0d04434309554384996750e6c5839c64084833a36fb14d0de74"	"357"	"tracked-clean"	"tracked-clean"	"candidate-acceptance"	"R06-P"	"empty-test-domain-placeholder"	"P；无 FR/TC 的结构占位; no test execution evidence"	"repository test-library structure"	"not-found"	"not-found"	"not-found"	"not-found"	"not-approved-by-this-classification"	"do-not-extract-from-this-document"	"P；无 FR/TC 的结构占位; retain upstream FR/UC/BR pointers and R06 overlap/drift findings; execution evidence remains separate"	"R06-slot-hardware-fleet-test-cases.md:135"
"R06-65"	"R06"	"requirement-documents/05-test-cases/README.md"	"43c3c0dd4dffd28ea1ea8d655ebab3df2632c290b1fa0e8f696476d7d265f41a"	"3785"	"tracked-clean"	"tracked-clean"	"candidate-acceptance"	"R06-I"	"test-library-index-and-writing-rule"	"I；测试目录规范与批次索引，不形成验收义务; no test execution evidence"	"repository test-library structure"	"not-found"	"not-found"	"not-found"	"not-found"	"not-approved-by-this-classification"	"do-not-extract-from-this-document"	"I；测试目录规范与批次索引，不形成验收义务; retain upstream FR/UC/BR pointers and R06 overlap/drift findings; execution evidence remains separate"	"R06-slot-hardware-fleet-test-cases.md:136"
"R07-01"	"R07"	"requirement-documents/06-traceability/classification-rules.md"	"920256d9b19b140068ecce41f23cac19df224511d3d4852fddf2ab742cc3a8f9"	"6860"	"tracked-clean"	"tracked-clean"	"candidate-requirement"	"**派生分类/归档规则，非需求**。可用于当前写作归档，但 FR 数量表已漏 FR-031；后续对规则本身与“现有文件清单”分开维护。"	"internal-classification-and-archiving-rule"	"**派生分类/归档规则，非需求**。可用于当前写作归档，但 FR 数量表已漏 FR-031；后续对规则本身与“现有文件清单”分开维护。"	"`type/status: reference`；来源是仓库当时目录/frontmatter 结构；无业务批准对象、无授权范围"	"not-found"	"not-found"	"not-found"	"not-found"	"not-approved-by-this-classification"	"do-not-extract-from-this-document"	"`type/status: reference`；来源是仓库当时目录/frontmatter 结构；无业务批准对象、无授权范围; **派生分类/归档规则，非需求**。可用于当前写作归档，但 FR 数量表已漏 FR-031；后续对规则本身与“现有文件清单”分开维护。; preserve dynamic-query-versus-snapshot and metric-TBD boundaries"	"R07-traceability-and-nonfunctional-requirements.md:21"
"R07-02"	"R07"	"requirement-documents/06-traceability/traceability-matrix.md"	"65ce992234ace5f97251fe5a1894a5f1f419c0ed935f0ea5157cf82592673b78"	"2881"	"tracked-clean"	"tracked-clean"	"candidate-requirement"	"**派生追溯查询/矩阵定义，非需求或批准记录**。可用于发现缺链，但“有链接”不证明上游或下游已批准。"	"derived-dynamic-traceability-query-definition"	"**派生追溯查询/矩阵定义，非需求或批准记录**。可用于发现缺链，但“有链接”不证明上游或下游已批准。"	"来源是五类文档 frontmatter；页面只定义 Dataview 查询与缺口查询，不保存生成结果；无批准"	"not-found"	"not-found"	"not-found"	"not-found"	"not-approved-by-this-classification"	"do-not-extract-from-this-document"	"来源是五类文档 frontmatter；页面只定义 Dataview 查询与缺口查询，不保存生成结果；无批准; **派生追溯查询/矩阵定义，非需求或批准记录**。可用于发现缺链，但“有链接”不证明上游或下游已批准。; preserve dynamic-query-versus-snapshot and metric-TBD boundaries"	"R07-traceability-and-nonfunctional-requirements.md:22"
"R07-03"	"R07"	"requirement-documents/08-non-functional-requirements/auditability/nfr-002-audit-completeness-and-retention.md"	"0789acda32d62c2b29925179e0dc2af0e281218736ee78679baa48d911ab71c2"	"12500"	"tracked-clean"	"tracked-clean"	"candidate-requirement"	"**可独立判断的内部派生 NFR 候选**。按 FC-1 完整性、FC-2 留存、FC-3 可见延迟拆分；“关键操作”目录/最低字段集仍是初稿，180 天/5 分钟待确认；`related_tc: []`。"	"unapproved-internal-derived-nonfunctional-requirement-draft"	"**可独立判断的内部派生 NFR 候选**。按 FC-1 完整性、FC-2 留存、FC-3 可见延迟拆分；“关键操作”目录/最低字段集仍是初稿，180 天/5 分钟待确认；`related_tc: []`。"	"`draft/high/auditability`；Origin 指愿景可追溯目标、UC-034 查询导出及流程模板不得绕过审计；无具名质量/IT/客户批准，批准范围未建立"	"not-found"	"not-found"	"not-found"	"not-found"	"not-approved-by-this-classification"	"candidate-only-after-fit-criterion-level-decomposition-source-review-and-explicit-approval"	"`draft/high/auditability`；Origin 指愿景可追溯目标、UC-034 查询导出及流程模板不得绕过审计；无具名质量/IT/客户批准，批准范围未建立; **可独立判断的内部派生 NFR 候选**。按 FC-1 完整性、FC-2 留存、FC-3 可见延迟拆分；“关键操作”目录/最低字段集仍是初稿，180 天/5 分钟待确认；`related_tc: []`。; preserve dynamic-query-versus-snapshot and metric-TBD boundaries"	"R07-traceability-and-nonfunctional-requirements.md:23"
"R07-04"	"R07"	"requirement-documents/08-non-functional-requirements/availability/nfr-001-service-availability.md"	"ed84af4491a902c822475a257597a4c85ca9ca40159f6038b33264859e78cb22"	"4259"	"tracked-clean"	"tracked-clean"	"candidate-requirement"	"**可独立判断的内部派生 NFR 候选**。按 FC-1 班次可用性与 FC-2 RTO 拆分；99.5%/15 分钟及外部依赖排除边界均待授权确认；`related_tc: []`。"	"unapproved-internal-derived-nonfunctional-requirement-draft"	"**可独立判断的内部派生 NFR 候选**。按 FC-1 班次可用性与 FC-2 RTO 拆分；99.5%/15 分钟及外部依赖排除边界均待授权确认；`related_tc: []`。"	"`draft/high/availability`；Origin 只指愿景“运行稳定/稳定完成场景”和现场连续作业分析；无客户 SLA、班次时窗、运维负责方或具名批准"	"not-found"	"not-found"	"not-found"	"not-found"	"not-approved-by-this-classification"	"candidate-only-after-fit-criterion-level-decomposition-source-review-and-explicit-approval"	"`draft/high/availability`；Origin 只指愿景“运行稳定/稳定完成场景”和现场连续作业分析；无客户 SLA、班次时窗、运维负责方或具名批准; **可独立判断的内部派生 NFR 候选**。按 FC-1 班次可用性与 FC-2 RTO 拆分；99.5%/15 分钟及外部依赖排除边界均待授权确认；`related_tc: []`。; preserve dynamic-query-versus-snapshot and metric-TBD boundaries"	"R07-traceability-and-nonfunctional-requirements.md:24"
"R07-05"	"R07"	"requirement-documents/08-non-functional-requirements/compatibility/README.md"	"b3fbd1c4f5a998468993db8da99e61c40ef309d225caea195d763fd240710446"	"346"	"tracked-clean"	"tracked-clean"	"candidate-requirement"	"**空白分类占位/索引**；示例不形成需求。"	"empty-category-placeholder-or-library-index"	"**空白分类占位/索引**；示例不形成需求。"	"无 NFR 实例、无批准对象；只以 MES/RCS/RIOT/IO 为未来互操作性指标示例"	"not-found"	"not-found"	"not-found"	"not-found"	"not-approved-by-this-classification"	"do-not-extract-from-this-document"	"无 NFR 实例、无批准对象；只以 MES/RCS/RIOT/IO 为未来互操作性指标示例; **空白分类占位/索引**；示例不形成需求。; preserve dynamic-query-versus-snapshot and metric-TBD boundaries"	"R07-traceability-and-nonfunctional-requirements.md:25"
"R07-06"	"R07"	"requirement-documents/08-non-functional-requirements/maintainability/README.md"	"4710ca85041dbfe386e59cd32cba9a97f293bcb895a685131b59eaebf5add489"	"318"	"tracked-clean"	"tracked-clean"	"candidate-requirement"	"**空白分类占位/索引**；不提取指标。"	"empty-category-placeholder-or-library-index"	"**空白分类占位/索引**；不提取指标。"	"无 NFR/批准；只列配置变更成本、日志诊断性示例"	"not-found"	"not-found"	"not-found"	"not-found"	"not-approved-by-this-classification"	"do-not-extract-from-this-document"	"无 NFR/批准；只列配置变更成本、日志诊断性示例; **空白分类占位/索引**；不提取指标。; preserve dynamic-query-versus-snapshot and metric-TBD boundaries"	"R07-traceability-and-nonfunctional-requirements.md:26"
"R07-07"	"R07"	"requirement-documents/08-non-functional-requirements/nfr-template-guide.md"	"ef3b13a83a7a7ef8388946a5a04c8461cf8be1779191ef97cc3aad8eb2ed0aa6"	"3868"	"tracked-clean"	"tracked-clean"	"candidate-requirement"	"**纯记录/写作结构，非 NFR**。“无度量与测量方法视为未完成”是内部质量门槛，不是客户质量目标。"	"writing-and-recording-guidance"	"**纯记录/写作结构，非 NFR**。“无度量与测量方法视为未完成”是内部质量门槛，不是客户质量目标。"	"`type: template-guide,status: reference`；以 NFR-001/002 为写作范例，定义 category、Context/Metric/FC/Measurement/Origin 结构；无业务批准"	"not-found"	"not-found"	"not-found"	"not-found"	"not-approved-by-this-classification"	"do-not-extract-from-this-document"	"`type: template-guide,status: reference`；以 NFR-001/002 为写作范例，定义 category、Context/Metric/FC/Measurement/Origin 结构；无业务批准; **纯记录/写作结构，非 NFR**。“无度量与测量方法视为未完成”是内部质量门槛，不是客户质量目标。; preserve dynamic-query-versus-snapshot and metric-TBD boundaries"	"R07-traceability-and-nonfunctional-requirements.md:27"
"R07-08"	"R07"	"requirement-documents/08-non-functional-requirements/operability/README.md"	"97e8357441f5d7c2108e18d6a9d5d6baafe38e0ce39554740b85f7346a1bf415"	"316"	"tracked-clean"	"tracked-clean"	"candidate-requirement"	"**空白分类占位/索引**。"	"empty-category-placeholder-or-library-index"	"**空白分类占位/索引**。"	"无 NFR/批准；只列部署、监控、告警、值守示例"	"not-found"	"not-found"	"not-found"	"not-found"	"not-approved-by-this-classification"	"do-not-extract-from-this-document"	"无 NFR/批准；只列部署、监控、告警、值守示例; **空白分类占位/索引**。; preserve dynamic-query-versus-snapshot and metric-TBD boundaries"	"R07-traceability-and-nonfunctional-requirements.md:28"
"R07-09"	"R07"	"requirement-documents/08-non-functional-requirements/performance/README.md"	"ac352c7b360edab1ff1e1946f478e9f9013dd6eb92f4227dce15a7f79f547ef3"	"316"	"tracked-clean"	"tracked-clean"	"candidate-requirement"	"**空白分类占位/索引**。"	"empty-category-placeholder-or-library-index"	"**空白分类占位/索引**。"	"无 NFR/批准；只列响应时间/吞吐/并发示例"	"not-found"	"not-found"	"not-found"	"not-found"	"not-approved-by-this-classification"	"do-not-extract-from-this-document"	"无 NFR/批准；只列响应时间/吞吐/并发示例; **空白分类占位/索引**。; preserve dynamic-query-versus-snapshot and metric-TBD boundaries"	"R07-traceability-and-nonfunctional-requirements.md:29"
"R07-10"	"R07"	"requirement-documents/08-non-functional-requirements/README.md"	"185c21ab0eb89658f4db34c383682c95faeb3095473908641e64db70ada31571"	"1268"	"tracked-clean"	"tracked-clean"	"candidate-requirement"	"**NFR 库根索引/编辑说明**，非 NFR。“黄金样例”只指写作形式，不批准 NFR-001/002 内容。"	"empty-category-placeholder-or-library-index"	"**NFR 库根索引/编辑说明**，非 NFR。“黄金样例”只指写作形式，不批准 NFR-001/002 内容。"	"模板、指南、“黄金样例”、category 和 Dataview 导航；无业务批准"	"not-found"	"not-found"	"not-found"	"not-found"	"not-approved-by-this-classification"	"do-not-extract-from-this-document"	"模板、指南、“黄金样例”、category 和 Dataview 导航；无业务批准; **NFR 库根索引/编辑说明**，非 NFR。“黄金样例”只指写作形式，不批准 NFR-001/002 内容。; preserve dynamic-query-versus-snapshot and metric-TBD boundaries"	"R07-traceability-and-nonfunctional-requirements.md:30"
"R07-11"	"R07"	"requirement-documents/08-non-functional-requirements/reliability/README.md"	"ffcc99890024af078ffca7b57c64b333264df1e216b53a9f5e1892bef20dff1b"	"329"	"tracked-clean"	"tracked-clean"	"candidate-requirement"	"**空白分类占位/索引**。"	"empty-category-placeholder-or-library-index"	"**空白分类占位/索引**。"	"无 NFR/批准；只列故障率、MTTR、一致性示例"	"not-found"	"not-found"	"not-found"	"not-found"	"not-approved-by-this-classification"	"do-not-extract-from-this-document"	"无 NFR/批准；只列故障率、MTTR、一致性示例; **空白分类占位/索引**。; preserve dynamic-query-versus-snapshot and metric-TBD boundaries"	"R07-traceability-and-nonfunctional-requirements.md:31"
"R07-12"	"R07"	"requirement-documents/08-non-functional-requirements/safety/README.md"	"af62db06c6d709ec8c046a6bd6a88a9b904cb9420cd115169c8f98ba397a2c57"	"403"	"tracked-clean"	"tracked-clean"	"candidate-requirement"	"**空白分类占位/边界说明**；“故障安全响应时间/失败默认拒绝”是未来类型示例，非已定指标。"	"empty-category-placeholder-or-library-index"	"**空白分类占位/边界说明**；“故障安全响应时间/失败默认拒绝”是未来类型示例，非已定指标。"	"无 NFR/批准；区分可度量功能安全指标与 UC-004 业务联锁流程"	"not-found"	"not-found"	"not-found"	"not-found"	"not-approved-by-this-classification"	"do-not-extract-from-this-document"	"无 NFR/批准；区分可度量功能安全指标与 UC-004 业务联锁流程; **空白分类占位/边界说明**；“故障安全响应时间/失败默认拒绝”是未来类型示例，非已定指标。; preserve dynamic-query-versus-snapshot and metric-TBD boundaries"	"R07-traceability-and-nonfunctional-requirements.md:32"
"R07-13"	"R07"	"requirement-documents/08-non-functional-requirements/scalability/README.md"	"e77fd52df576a5823c73fa62768c6903742c1642d3ee93f6088b8ac60180acaf"	"312"	"tracked-clean"	"tracked-clean"	"candidate-requirement"	"**空白分类占位/索引**。"	"empty-category-placeholder-or-library-index"	"**空白分类占位/索引**。"	"无 NFR/批准；只列仓位/AGV/并发任务增长示例"	"not-found"	"not-found"	"not-found"	"not-found"	"not-approved-by-this-classification"	"do-not-extract-from-this-document"	"无 NFR/批准；只列仓位/AGV/并发任务增长示例; **空白分类占位/索引**。; preserve dynamic-query-versus-snapshot and metric-TBD boundaries"	"R07-traceability-and-nonfunctional-requirements.md:33"
"R07-14"	"R07"	"requirement-documents/08-non-functional-requirements/security/README.md"	"eb0b2107c7e299b402476d9da4fb09bcf56da5f3cc842883ab56fa28b75497f9"	"391"	"tracked-clean"	"tracked-clean"	"candidate-requirement"	"**空白分类占位/边界说明**；不能从示例推导密码/加密要求。"	"empty-category-placeholder-or-library-index"	"**空白分类占位/边界说明**；不能从示例推导密码/加密要求。"	"无 NFR/批准；只列认证强度、权限、加密示例并与 UC-004 业务安全区分"	"not-found"	"not-found"	"not-found"	"not-found"	"not-approved-by-this-classification"	"do-not-extract-from-this-document"	"无 NFR/批准；只列认证强度、权限、加密示例并与 UC-004 业务安全区分; **空白分类占位/边界说明**；不能从示例推导密码/加密要求。; preserve dynamic-query-versus-snapshot and metric-TBD boundaries"	"R07-traceability-and-nonfunctional-requirements.md:34"
"R07-15"	"R07"	"requirement-documents/08-non-functional-requirements/usability/README.md"	"1484f06fd220c3a6224185b82941baa6fd697aa512c4f2b26a6f5fa5a1234ef9"	"300"	"tracked-clean"	"tracked-clean"	"candidate-requirement"	"**空白分类占位/索引**。"	"empty-category-placeholder-or-library-index"	"**空白分类占位/索引**。"	"无 NFR/批准；只列界面易用性/培训上手时间示例"	"not-found"	"not-found"	"not-found"	"not-found"	"not-approved-by-this-classification"	"do-not-extract-from-this-document"	"无 NFR/批准；只列界面易用性/培训上手时间示例; **空白分类占位/索引**。; preserve dynamic-query-versus-snapshot and metric-TBD boundaries"	"R07-traceability-and-nonfunctional-requirements.md:35"
"R08-01"	"R08"	"CONTEXT.md"	"221b4e6942ba0fb0c12277a2e7c3311414b979b2ac90280d6400a805a0f937de"	"48370"	"tracked-clean"	"tracked-clean"	"candidate-vocabulary"	"V + DM + BR? + DD"	"ai-modified-current-vocabulary-and-domain-context-without-confirmation"	"内部当前词汇入口；混入大量规范规则与协议细节，不能整份当词汇或已批准需求"	"H1; see R08 identity/history groups and any explicit supersession"	"not-found"	"not-found"	"not-found"	"not-found"	"not-approved-by-this-classification"	"candidate-only-after-separating-vocabulary-domain-business-physical-and-design-claims-source-review-and-explicit-approval"	"内部当前词汇入口；混入大量规范规则与协议细节，不能整份当词汇或已批准需求; preserve R08 conflict, supersession, physical-evidence and dual-vocabulary-entry findings"	"R08-cross-domain-vocabulary-and-decisions.md:62"
"R08-02"	"R08"	"docs/adr/cross/0001-v1-facade-shaped-for-mes-dispatch.md"	"f5d4342d791a2016ddcbb146111aa7a178669c7b82a69c01622abfd2ab69b8dd"	"401"	"tracked-clean"	"tracked-clean"	"candidate-decision"	"DD"	"internal-adr-of-unknown-decision-source"	"内部当前 SDK/Facade 设计；无业务批准"	"H2; see R08 identity/history groups and any explicit supersession"	"not-found"	"not-found"	"not-found"	"not-found"	"not-approved-by-this-classification"	"do-not-extract-as-requirement; retain-for-separate-technical-decision-review"	"内部当前 SDK/Facade 设计；无业务批准; preserve R08 conflict, supersession, physical-evidence and dual-vocabulary-entry findings"	"R08-cross-domain-vocabulary-and-decisions.md:63"
"R08-03"	"R08"	"docs/adr/cross/0002-hang-continue-named-facade.md"	"9c93adaada95aa9df423f11542023b51515b08afeb2fe87cea561192c6873089"	"409"	"tracked-clean"	"tracked-clean"	"candidate-decision"	"DD"	"internal-adr-of-unknown-decision-source"	"内部当前 SDK 设计；有实验线索但无决定批准"	"H2; see R08 identity/history groups and any explicit supersession"	"not-found"	"not-found"	"not-found"	"not-found"	"not-approved-by-this-classification"	"do-not-extract-as-requirement; retain-for-separate-technical-decision-review"	"内部当前 SDK 设计；有实验线索但无决定批准; preserve R08 conflict, supersession, physical-evidence and dual-vocabulary-entry findings"	"R08-cross-domain-vocabulary-and-decisions.md:64"
"R08-04"	"R08"	"docs/adr/cross/0003-onboard-disconnect-safe-finish-and-server-resume.md"	"e365cf79cb5e3eda5f8feb3b353f0feaf694e234f8603cd0f652c405f5f8a439"	"3464"	"tracked-clean"	"tracked-clean"	"candidate-decision"	"DD"	"ai-generated-or-modified-internal-adr-without-confirmation"	"内部当前断联安全设计"	"H3; see R08 identity/history groups and any explicit supersession"	"not-found"	"not-found"	"not-found"	"not-found"	"not-approved-by-this-classification"	"do-not-extract-as-requirement; retain-for-separate-technical-decision-review"	"内部当前断联安全设计; preserve R08 conflict, supersession, physical-evidence and dual-vocabulary-entry findings"	"R08-cross-domain-vocabulary-and-decisions.md:65"
"R08-05"	"R08"	"docs/adr/cross/0004-onboard-hmi-exclusive-io-authority.md"	"c7c5f1ea932279c9bd8c2ad462479fec0cb873576769be6fde77cfbdb0f00f16"	"2610"	"tracked-clean"	"tracked-clean"	"candidate-decision"	"DD"	"ai-generated-or-modified-internal-adr-without-confirmation"	"内部当前 IO 权威边界设计"	"H3; see R08 identity/history groups and any explicit supersession"	"not-found"	"not-found"	"not-found"	"not-found"	"not-approved-by-this-classification"	"do-not-extract-as-requirement; retain-for-separate-technical-decision-review"	"内部当前 IO 权威边界设计; preserve R08 conflict, supersession, physical-evidence and dual-vocabulary-entry findings"	"R08-cross-domain-vocabulary-and-decisions.md:66"
"R08-06"	"R08"	"docs/adr/cross/0005-slot-physical-and-business-state-authority.md"	"f5522671734fc75caaa4f535f739a5c167d28dad482abbd36e779bd9a5a9dc39"	"1796"	"tracked-clean"	"tracked-clean"	"candidate-decision"	"DD"	"ai-generated-or-modified-internal-adr-without-confirmation"	"内部当前事实权威边界设计"	"H3; see R08 identity/history groups and any explicit supersession"	"not-found"	"not-found"	"not-found"	"not-found"	"not-approved-by-this-classification"	"do-not-extract-as-requirement; retain-for-separate-technical-decision-review"	"内部当前事实权威边界设计; preserve R08 conflict, supersession, physical-evidence and dual-vocabulary-entry findings"	"R08-cross-domain-vocabulary-and-decisions.md:67"
"R08-07"	"R08"	"docs/adr/cross/0006-onboard-minimal-recovery-journal.md"	"4083071d2e5acbdf60af6ad2c5ae06b58e20923721411965ade1df92277a923b"	"2644"	"tracked-clean"	"tracked-clean"	"candidate-decision"	"DD"	"ai-generated-or-modified-internal-adr-without-confirmation"	"内部当前恢复持久化设计"	"H3; see R08 identity/history groups and any explicit supersession"	"not-found"	"not-found"	"not-found"	"not-found"	"not-approved-by-this-classification"	"do-not-extract-as-requirement; retain-for-separate-technical-decision-review"	"内部当前恢复持久化设计; preserve R08 conflict, supersession, physical-evidence and dual-vocabulary-entry findings"	"R08-cross-domain-vocabulary-and-decisions.md:68"
"R08-08"	"R08"	"docs/adr/cross/0007-stable-slot-identity-and-maintenance-io-config-change.md"	"841ab89482c9a9fff1d3d711510bfe88ed7c53995e87c4ddb1b6cf8f8f49b9ae"	"5566"	"tracked-clean"	"tracked-clean"	"candidate-decision"	"DD"	"ai-generated-or-modified-internal-adr-without-confirmation"	"内部当前仓位身份/配置换版设计"	"H3; see R08 identity/history groups and any explicit supersession"	"not-found"	"not-found"	"not-found"	"not-found"	"not-approved-by-this-classification"	"do-not-extract-as-requirement; retain-for-separate-technical-decision-review"	"内部当前仓位身份/配置换版设计; preserve R08 conflict, supersession, physical-evidence and dual-vocabulary-entry findings"	"R08-cross-domain-vocabulary-and-decisions.md:69"
"R08-09"	"R08"	"docs/adr/cross/0008-onboard-departure-safety-server-movement-control.md"	"2767ab6afad4c132be57e5ad9898de70f77d5620027d8ab48ff5534b77b48c30"	"1477"	"tracked-clean"	"tracked-clean"	"candidate-decision"	"DD"	"ai-generated-or-modified-internal-adr-without-confirmation"	"内部当前安全与移动职责设计"	"H3; see R08 identity/history groups and any explicit supersession"	"not-found"	"not-found"	"not-found"	"not-found"	"not-approved-by-this-classification"	"do-not-extract-as-requirement; retain-for-separate-technical-decision-review"	"内部当前安全与移动职责设计; preserve R08 conflict, supersession, physical-evidence and dual-vocabulary-entry findings"	"R08-cross-domain-vocabulary-and-decisions.md:70"
"R08-10"	"R08"	"docs/adr/cross/0009-fresh-safety-check-before-each-movement.md"	"45d7bf2d5791e4211fe4ab959c208caea0729689cc80889275bea1e9c85b401c"	"1438"	"tracked-clean"	"tracked-clean"	"candidate-decision"	"DD"	"ai-generated-or-modified-internal-adr-without-confirmation"	"内部当前发车安全核验设计"	"H3; see R08 identity/history groups and any explicit supersession"	"not-found"	"not-found"	"not-found"	"not-found"	"not-approved-by-this-classification"	"do-not-extract-as-requirement; retain-for-separate-technical-decision-review"	"内部当前发车安全核验设计; preserve R08 conflict, supersession, physical-evidence and dual-vocabulary-entry findings"	"R08-cross-domain-vocabulary-and-decisions.md:71"
"R08-11"	"R08"	"docs/adr/cross/0010-automatic-movement-intervention-on-safety-revocation.md"	"d433fddb95e6f12ebd1e15f998dda9bfde9c10576cc55ce6b7c745760e14542f"	"1261"	"tracked-clean"	"tracked-clean"	"candidate-decision"	"DD"	"ai-generated-or-modified-internal-adr-without-confirmation"	"内部当前安全失效介入设计"	"H3; see R08 identity/history groups and any explicit supersession"	"not-found"	"not-found"	"not-found"	"not-found"	"not-approved-by-this-classification"	"do-not-extract-as-requirement; retain-for-separate-technical-decision-review"	"内部当前安全失效介入设计; preserve R08 conflict, supersession, physical-evidence and dual-vocabulary-entry findings"	"R08-cross-domain-vocabulary-and-decisions.md:72"
"R08-12"	"R08"	"docs/adr/cross/0011-tiered-riot-stop-on-departure-safety-revocation.md"	"63bd310ac6108ddd57f16319214c39d5e49f09053cb8566d0bc492b91fa6853b"	"1344"	"tracked-clean"	"tracked-clean"	"candidate-decision"	"DD"	"ai-generated-or-modified-internal-adr-without-confirmation"	"内部当前分级停车设计"	"H3; see R08 identity/history groups and any explicit supersession"	"not-found"	"not-found"	"not-found"	"not-found"	"not-approved-by-this-classification"	"do-not-extract-as-requirement; retain-for-separate-technical-decision-review"	"内部当前分级停车设计; preserve R08 conflict, supersession, physical-evidence and dual-vocabulary-entry findings"	"R08-cross-domain-vocabulary-and-decisions.md:73"
"R08-13"	"R08"	"docs/adr/cross/0012-persisted-movement-guard-during-station-operation.md"	"09d8fb6aec2705a844fd05b7d7f31642c905e4402ad433a8b586a45cc453ef8c"	"1396"	"tracked-clean"	"tracked-clean"	"candidate-decision"	"DD"	"ai-generated-or-modified-internal-adr-without-confirmation"	"内部当前移动阻断设计"	"H3; see R08 identity/history groups and any explicit supersession"	"not-found"	"not-found"	"not-found"	"not-found"	"not-approved-by-this-classification"	"do-not-extract-as-requirement; retain-for-separate-technical-decision-review"	"内部当前移动阻断设计; preserve R08 conflict, supersession, physical-evidence and dual-vocabulary-entry findings"	"R08-cross-domain-vocabulary-and-decisions.md:74"
"R08-14"	"R08"	"docs/adr/cross/0013-progress-is-telemetry-result-commits-per-slot.md"	"aef9b0cfb241110baa1cabceaf8d97e539d412e5f8ba83a42faf6e4ee7943601"	"2208"	"tracked-clean"	"tracked-clean"	"candidate-decision"	"DD"	"ai-generated-or-modified-internal-adr-without-confirmation"	"内部当前遥测/结果语义设计"	"H3; see R08 identity/history groups and any explicit supersession"	"not-found"	"not-found"	"not-found"	"not-found"	"not-approved-by-this-classification"	"do-not-extract-as-requirement; retain-for-separate-technical-decision-review"	"内部当前遥测/结果语义设计; preserve R08 conflict, supersession, physical-evidence and dual-vocabulary-entry findings"	"R08-cross-domain-vocabulary-and-decisions.md:75"
"R08-15"	"R08"	"docs/adr/cross/0014-durable-command-acceptance-and-same-operation-reconciliation.md"	"4ba1caadc71f4c23167ee53970c851d506d17223c69276cebcff17f44a1da1a8"	"1516"	"tracked-clean"	"tracked-clean"	"candidate-decision"	"DD"	"ai-generated-or-modified-internal-adr-without-confirmation"	"内部当前可靠接受/对账设计"	"H3; see R08 identity/history groups and any explicit supersession"	"not-found"	"not-found"	"not-found"	"not-found"	"not-approved-by-this-classification"	"do-not-extract-as-requirement; retain-for-separate-technical-decision-review"	"内部当前可靠接受/对账设计; preserve R08 conflict, supersession, physical-evidence and dual-vocabulary-entry findings"	"R08-cross-domain-vocabulary-and-decisions.md:76"
"R08-16"	"R08"	"docs/adr/cross/0015-no-generic-cancel-load-recovers-unload-must-complete.md"	"bea94b5337c86b32334c7d68fcf300406243d39ee45a2f7871cf80d385835b05"	"1896"	"tracked-clean"	"tracked-clean"	"candidate-decision"	"BR? + DD"	"ai-generated-or-modified-internal-adr-without-confirmation"	"含装货可补偿、卸货必须完成的业务过程候选；设计仍内部当前"	"H3; see R08 identity/history groups and any explicit supersession"	"not-found"	"not-found"	"not-found"	"not-found"	"not-approved-by-this-classification"	"candidate-only-after-separating-vocabulary-domain-business-physical-and-design-claims-source-review-and-explicit-approval"	"含装货可补偿、卸货必须完成的业务过程候选；设计仍内部当前; preserve R08 conflict, supersession, physical-evidence and dual-vocabulary-entry findings"	"R08-cross-domain-vocabulary-and-decisions.md:77"
"R08-17"	"R08"	"docs/adr/cross/0016-slot-command-is-irrevocable-commit-point.md"	"d315f8a86a8f73ae2030859741c68940708deab622b893981a11e36369ac1222"	"1818"	"tracked-clean"	"tracked-clean"	"candidate-decision"	"DD"	"ai-generated-or-modified-internal-adr-without-confirmation"	"内部当前不可撤回承诺点设计"	"H3; see R08 identity/history groups and any explicit supersession"	"not-found"	"not-found"	"not-found"	"not-found"	"not-approved-by-this-classification"	"do-not-extract-as-requirement; retain-for-separate-technical-decision-review"	"内部当前不可撤回承诺点设计; preserve R08 conflict, supersession, physical-evidence and dual-vocabulary-entry findings"	"R08-cross-domain-vocabulary-and-decisions.md:78"
"R08-18"	"R08"	"docs/adr/cross/0017-restart-resumes-only-from-proven-checkpoint.md"	"057b5f661184c60c8d0cd8f578abd68837385e4575795efdababbc71d753ca55"	"2191"	"tracked-clean"	"tracked-clean"	"candidate-decision"	"DD"	"ai-generated-or-modified-internal-adr-without-confirmation"	"内部当前重启恢复设计"	"H3; see R08 identity/history groups and any explicit supersession"	"not-found"	"not-found"	"not-found"	"not-found"	"not-approved-by-this-classification"	"do-not-extract-as-requirement; retain-for-separate-technical-decision-review"	"内部当前重启恢复设计; preserve R08 conflict, supersession, physical-evidence and dual-vocabulary-entry findings"	"R08-cross-domain-vocabulary-and-decisions.md:79"
"R08-19"	"R08"	"docs/adr/cross/0018-project-wide-operator-verification-enabled.md"	"248ee95ba8489225be00392ddff8d21b99429630c1ef3846f9c03c814b56800f"	"2290"	"tracked-clean"	"tracked-clean"	"candidate-decision"	"BR? + DD"	"ai-generated-or-modified-internal-adr-without-confirmation"	"身份核验策略为业务候选；清除时点与 0055 冲突，当前语义待查"	"H3; see R08 identity/history groups and any explicit supersession"	"not-found"	"not-found"	"not-found"	"not-found"	"not-approved-by-this-classification"	"candidate-only-after-separating-vocabulary-domain-business-physical-and-design-claims-source-review-and-explicit-approval"	"身份核验策略为业务候选；清除时点与 0055 冲突，当前语义待查; preserve R08 conflict, supersession, physical-evidence and dual-vocabulary-entry findings"	"R08-cross-domain-vocabulary-and-decisions.md:80"
"R08-20"	"R08"	"docs/adr/cross/0019-onboard-technical-logs-server-business-audit.md"	"c2ab696fbaa9b70742f0d1ef6ff195a6339396de2602edc955ef3e6c98e15cec"	"1494"	"tracked-clean"	"tracked-clean"	"candidate-decision"	"DD"	"ai-generated-or-modified-internal-adr-without-confirmation"	"内部当前日志/审计职责设计"	"H3; see R08 identity/history groups and any explicit supersession"	"not-found"	"not-found"	"not-found"	"not-found"	"not-approved-by-this-classification"	"do-not-extract-as-requirement; retain-for-separate-technical-decision-review"	"内部当前日志/审计职责设计; preserve R08 conflict, supersession, physical-evidence and dual-vocabulary-entry findings"	"R08-cross-domain-vocabulary-and-decisions.md:81"
"R08-21"	"R08"	"docs/adr/cross/0020-io-config-drafts-and-maintenance-activation.md"	"23f393085cc4af76d305c4e3e515827b08e47d865029933ec55c97325d6b3d78"	"3237"	"tracked-clean"	"tracked-clean"	"candidate-decision"	"DD"	"ai-generated-or-modified-internal-adr-without-confirmation"	"内部当前 IO 配置生命周期设计"	"H3; see R08 identity/history groups and any explicit supersession"	"not-found"	"not-found"	"not-found"	"not-found"	"not-approved-by-this-classification"	"do-not-extract-as-requirement; retain-for-separate-technical-decision-review"	"内部当前 IO 配置生命周期设计; preserve R08 conflict, supersession, physical-evidence and dual-vocabulary-entry findings"	"R08-cross-domain-vocabulary-and-decisions.md:82"
"R08-22"	"R08"	"docs/adr/cross/0021-server-consumes-capabilities-not-io-configuration.md"	"71358da6d3992360fddfa76e993388aea71fcd4eed81e266838923c5b5378a3b"	"1406"	"tracked-clean"	"tracked-clean"	"candidate-decision"	"DD"	"ai-generated-or-modified-internal-adr-without-confirmation"	"内部当前车载/服务端接口边界设计"	"H3; see R08 identity/history groups and any explicit supersession"	"not-found"	"not-found"	"not-found"	"not-found"	"not-approved-by-this-classification"	"do-not-extract-as-requirement; retain-for-separate-technical-decision-review"	"内部当前车载/服务端接口边界设计; preserve R08 conflict, supersession, physical-evidence and dual-vocabulary-entry findings"	"R08-cross-domain-vocabulary-and-decisions.md:83"
"R08-23"	"R08"	"docs/adr/cross/0022-capability-full-sync-on-connect-reliable-on-change.md"	"a58274fb7dd9ece9ef44fcb9b8041e08377d472d77855d26224b63f18cc2cc98"	"1581"	"tracked-clean"	"tracked-clean"	"candidate-decision"	"DD"	"ai-generated-or-modified-internal-adr-without-confirmation"	"内部当前能力同步设计"	"H3; see R08 identity/history groups and any explicit supersession"	"not-found"	"not-found"	"not-found"	"not-found"	"not-approved-by-this-classification"	"do-not-extract-as-requirement; retain-for-separate-technical-decision-review"	"内部当前能力同步设计; preserve R08 conflict, supersession, physical-evidence and dual-vocabulary-entry findings"	"R08-cross-domain-vocabulary-and-decisions.md:84"
"R08-24"	"R08"	"docs/adr/cross/0023-one-fenced-connection-session-per-agv.md"	"6a1eb60f3a517f2454b6045f72524e461d441e5b433d6a72219a8f560a5dfa12"	"1339"	"tracked-clean"	"tracked-clean"	"candidate-decision"	"DD"	"ai-generated-or-modified-internal-adr-without-confirmation"	"内部当前连接 fencing 设计"	"H3; see R08 identity/history groups and any explicit supersession"	"not-found"	"not-found"	"not-found"	"not-found"	"not-approved-by-this-classification"	"do-not-extract-as-requirement; retain-for-separate-technical-decision-review"	"内部当前连接 fencing 设计; preserve R08 conflict, supersession, physical-evidence and dual-vocabulary-entry findings"	"R08-cross-domain-vocabulary-and-decisions.md:85"
"R08-25"	"R08"	"docs/adr/cross/0024-per-agv-connection-credential.md"	"33057fd607a0730370abb92e512fc49d9f8cc1d7a7e67485b9f4d3a2e3addcbc"	"1017"	"tracked-clean"	"tracked-clean"	"candidate-decision"	"DD"	"ai-generated-or-modified-internal-adr-without-confirmation"	"内部当前车辆凭证设计"	"H3; see R08 identity/history groups and any explicit supersession"	"not-found"	"not-found"	"not-found"	"not-found"	"not-approved-by-this-classification"	"do-not-extract-as-requirement; retain-for-separate-technical-decision-review"	"内部当前车辆凭证设计; preserve R08 conflict, supersession, physical-evidence and dual-vocabulary-entry findings"	"R08-cross-domain-vocabulary-and-decisions.md:86"
"R08-26"	"R08"	"docs/adr/cross/0025-pinned-self-signed-tls-and-per-agv-secret.md"	"9a158215651dad23597f62f13fac642f4ade20bbd6dcb39d9694af061111d4bc"	"1221"	"tracked-clean"	"tracked-clean"	"candidate-decision"	"DD"	"ai-generated-or-modified-internal-adr-without-confirmation"	"内部当前 TLS/密钥实现决定"	"H3; see R08 identity/history groups and any explicit supersession"	"not-found"	"not-found"	"not-found"	"not-found"	"not-approved-by-this-classification"	"do-not-extract-as-requirement; retain-for-separate-technical-decision-review"	"内部当前 TLS/密钥实现决定; preserve R08 conflict, supersession, physical-evidence and dual-vocabulary-entry findings"	"R08-cross-domain-vocabulary-and-decisions.md:87"
"R08-27"	"R08"	"docs/adr/cross/0026-hold-system-movement-on-onboard-connection-loss.md"	"c2320a9cba849321264401f0c34813c39a701964e1f3ceac26ab5711eb3feb1a"	"1814"	"tracked-clean"	"tracked-clean"	"candidate-decision"	"DD"	"ai-generated-or-modified-internal-adr-without-confirmation"	"内部当前断链停车设计"	"H3; see R08 identity/history groups and any explicit supersession"	"not-found"	"not-found"	"not-found"	"not-found"	"not-approved-by-this-classification"	"do-not-extract-as-requirement; retain-for-separate-technical-decision-review"	"内部当前断链停车设计; preserve R08 conflict, supersession, physical-evidence and dual-vocabulary-entry findings"	"R08-cross-domain-vocabulary-and-decisions.md:88"
"R08-28"	"R08"	"docs/adr/cross/0027-two-second-heartbeat-six-second-liveness-timeout.md"	"5d19a1321656283ec665b17401bd6a6d47a83e561c2c53ccf40b3ed6a6435f04"	"1789"	"tracked-clean"	"tracked-clean"	"candidate-decision"	"DD"	"ai-generated-or-modified-internal-adr-without-confirmation"	"内部当前协议时序决定；2 秒/6 秒无批准与验证绑定"	"H3; see R08 identity/history groups and any explicit supersession"	"not-found"	"not-found"	"not-found"	"not-found"	"not-approved-by-this-classification"	"do-not-extract-as-requirement; retain-for-separate-technical-decision-review"	"内部当前协议时序决定；2 秒/6 秒无批准与验证绑定; preserve R08 conflict, supersession, physical-evidence and dual-vocabulary-entry findings"	"R08-cross-domain-vocabulary-and-decisions.md:89"
"R08-29"	"R08"	"docs/adr/cross/0028-connected-session-requires-explicit-business-readiness.md"	"2a8075f9200151982e2033dfc37b2a515e59772931cb25bf6bae4f0b753a7273"	"2179"	"tracked-clean"	"tracked-clean"	"candidate-decision"	"DD"	"ai-generated-or-modified-internal-adr-without-confirmation"	"内部当前业务就绪门控设计"	"H3; see R08 identity/history groups and any explicit supersession"	"not-found"	"not-found"	"not-found"	"not-found"	"not-approved-by-this-classification"	"do-not-extract-as-requirement; retain-for-separate-technical-decision-review"	"内部当前业务就绪门控设计; preserve R08 conflict, supersession, physical-evidence and dual-vocabulary-entry findings"	"R08-cross-domain-vocabulary-and-decisions.md:90"
"R08-30"	"R08"	"docs/adr/cross/0029-unified-five-step-recovery-handshake.md"	"5ed5580cff20e23cab57ba57c9b8626e3a0f6bf802d29fab98c51db9f6095d19"	"2383"	"tracked-clean"	"tracked-clean"	"candidate-decision"	"DD"	"ai-generated-or-modified-internal-adr-without-confirmation"	"内部当前恢复握手设计"	"H3; see R08 identity/history groups and any explicit supersession"	"not-found"	"not-found"	"not-found"	"not-found"	"not-approved-by-this-classification"	"do-not-extract-as-requirement; retain-for-separate-technical-decision-review"	"内部当前恢复握手设计; preserve R08 conflict, supersession, physical-evidence and dual-vocabulary-entry findings"	"R08-cross-domain-vocabulary-and-decisions.md:91"
"R08-31"	"R08"	"docs/adr/cross/0030-uniform-ndjson-protocol-envelope.md"	"883fbd6653bf29c8ca17469465f838942774aa6cf75ef8b3dbeb491768aa36af"	"2313"	"tracked-clean"	"tracked-clean"	"candidate-decision"	"DD"	"ai-generated-or-modified-internal-adr-without-confirmation"	"内部当前协议外壳设计"	"H3; see R08 identity/history groups and any explicit supersession"	"not-found"	"not-found"	"not-found"	"not-found"	"not-approved-by-this-classification"	"do-not-extract-as-requirement; retain-for-separate-technical-decision-review"	"内部当前协议外壳设计; preserve R08 conflict, supersession, physical-evidence and dual-vocabulary-entry findings"	"R08-cross-domain-vocabulary-and-decisions.md:92"
"R08-32"	"R08"	"docs/adr/cross/0031-integer-protocol-version-with-exact-match.md"	"fb09aa1335f822915f83ed5885b52b468bc6d4cedc4fd200d0f8fc4b2f147a1e"	"1727"	"tracked-clean"	"tracked-clean"	"candidate-decision"	"DD"	"ai-generated-or-modified-internal-adr-without-confirmation"	"内部当前协议版本设计"	"H3; see R08 identity/history groups and any explicit supersession"	"not-found"	"not-found"	"not-found"	"not-found"	"not-approved-by-this-classification"	"do-not-extract-as-requirement; retain-for-separate-technical-decision-review"	"内部当前协议版本设计; preserve R08 conflict, supersession, physical-evidence and dual-vocabulary-entry findings"	"R08-cross-domain-vocabulary-and-decisions.md:93"
"R08-33"	"R08"	"docs/adr/cross/0032-explicit-message-delivery-classes.md"	"00ffdbbec59f8c3dd5dda61eb5ed29939895be015e57458e2c92004f29f591b1"	"2873"	"tracked-clean"	"tracked-clean"	"candidate-decision"	"DD"	"ai-generated-or-modified-internal-adr-without-confirmation"	"内部当前交付语义设计"	"H3; see R08 identity/history groups and any explicit supersession"	"not-found"	"not-found"	"not-found"	"not-found"	"not-approved-by-this-classification"	"do-not-extract-as-requirement; retain-for-separate-technical-decision-review"	"内部当前交付语义设计; preserve R08 conflict, supersession, physical-evidence and dual-vocabulary-entry findings"	"R08-cross-domain-vocabulary-and-decisions.md:94"
"R08-34"	"R08"	"docs/adr/cross/0033-onboard-publishes-abstract-safety-state-changes.md"	"b09f212523d6273bc36aac4f8764045a03ebad013974cb53e47fe4cfe37cf893"	"2257"	"tracked-clean"	"tracked-clean"	"candidate-decision"	"DD"	"ai-generated-or-modified-internal-adr-without-confirmation"	"内部当前安全状态发布设计"	"H3; see R08 identity/history groups and any explicit supersession"	"not-found"	"not-found"	"not-found"	"not-found"	"not-approved-by-this-classification"	"do-not-extract-as-requirement; retain-for-separate-technical-decision-review"	"内部当前安全状态发布设计; preserve R08 conflict, supersession, physical-evidence and dual-vocabulary-entry findings"	"R08-cross-domain-vocabulary-and-decisions.md:95"
"R08-35"	"R08"	"docs/adr/cross/0034-heartbeat-versions-detect-safety-state-gaps.md"	"a13205fbb68695666815e57b48e6a07c15060d9c4107894a3d2798d7617bddad"	"2039"	"tracked-clean"	"tracked-clean"	"candidate-decision"	"DD"	"ai-generated-or-modified-internal-adr-without-confirmation"	"内部当前状态缺口检测设计"	"H3; see R08 identity/history groups and any explicit supersession"	"not-found"	"not-found"	"not-found"	"not-found"	"not-approved-by-this-classification"	"do-not-extract-as-requirement; retain-for-separate-technical-decision-review"	"内部当前状态缺口检测设计; preserve R08 conflict, supersession, physical-evidence and dual-vocabulary-entry findings"	"R08-cross-domain-vocabulary-and-decisions.md:96"
"R08-36"	"R08"	"docs/adr/cross/0035-server-orders-slots-onboard-executes-array-order.md"	"ff361d8595f4ed383df87b7a5bb91325bd462ec913e3bf8886fab0c11ec12644"	"1958"	"tracked-clean"	"tracked-clean"	"candidate-decision"	"DD"	"ai-generated-or-modified-internal-adr-without-confirmation"	"内部当前仓位排序/批量执行设计"	"H3; see R08 identity/history groups and any explicit supersession"	"not-found"	"not-found"	"not-found"	"not-found"	"not-approved-by-this-classification"	"do-not-extract-as-requirement; retain-for-separate-technical-decision-review"	"内部当前仓位排序/批量执行设计; preserve R08 conflict, supersession, physical-evidence and dual-vocabulary-entry findings"	"R08-cross-domain-vocabulary-and-decisions.md:97"
"R08-37"	"R08"	"docs/adr/cross/0036-load-batch-commit-and-hardware-fault-hold.md"	"aadda359e63ac78d8c2056e469727653116a781b6e43db347e679cb4e7e2353e"	"5193"	"tracked-clean"	"tracked-clean"	"candidate-decision"	"DM + BR? + DD"	"ai-generated-or-modified-internal-adr-without-confirmation"	"LoadBatch 整体原子性与故障处置是业务候选；设计内部当前"	"H3; see R08 identity/history groups and any explicit supersession"	"not-found"	"not-found"	"not-found"	"not-found"	"not-approved-by-this-classification"	"candidate-only-after-separating-vocabulary-domain-business-physical-and-design-claims-source-review-and-explicit-approval"	"LoadBatch 整体原子性与故障处置是业务候选；设计内部当前; preserve R08 conflict, supersession, physical-evidence and dual-vocabulary-entry findings"	"R08-cross-domain-vocabulary-and-decisions.md:98"
"R08-38"	"R08"	"docs/adr/cross/0037-unload-batch-clears-business-state-only-after-all-empty.md"	"fb94c20dc40808094f93f29c10fa713d10455f1527572b124db0a55c259f3469"	"2502"	"tracked-clean"	"tracked-clean"	"candidate-decision"	"BR? + DD"	"ai-generated-or-modified-internal-adr-without-confirmation"	"8005 卸货清空粒度为项目策略候选；设计内部当前"	"H3; see R08 identity/history groups and any explicit supersession"	"not-found"	"not-found"	"not-found"	"not-found"	"not-approved-by-this-classification"	"candidate-only-after-separating-vocabulary-domain-business-physical-and-design-claims-source-review-and-explicit-approval"	"8005 卸货清空粒度为项目策略候选；设计内部当前; preserve R08 conflict, supersession, physical-evidence and dual-vocabulary-entry findings"	"R08-cross-domain-vocabulary-and-decisions.md:99"
"R08-39"	"R08"	"docs/adr/cross/0038-new-slot-operation-attempt-id-after-compensated-load-retry.md"	"0f909ceebfc1c538073d618250b7d12b53f1950590adc97f6ed3b61d70ea5e98"	"2084"	"tracked-clean"	"tracked-clean"	"candidate-decision"	"DD"	"ai-generated-or-modified-internal-adr-without-confirmation"	"`Status` 明确被 0039 取代；仅历史适用"	"H3; see R08 identity/history groups and any explicit supersession"	"not-found"	"not-found"	"not-found"	"not-found"	"not-approved-by-this-classification"	"do-not-extract-superseded-historical-material"	"`Status` 明确被 0039 取代；仅历史适用; preserve R08 conflict, supersession, physical-evidence and dual-vocabulary-entry findings"	"R08-cross-domain-vocabulary-and-decisions.md:100"
"R08-40"	"R08"	"docs/adr/cross/0039-operator-starts-server-authorized-load-compensation.md"	"51a61005c258e930b82daec0cd65e06b931e3bdb30bb9d64ea359ed208fbb3f7"	"8954"	"tracked-clean"	"tracked-clean"	"candidate-decision"	"BR? + DD"	"ai-generated-or-modified-internal-adr-without-confirmation"	"R-09 决策权限、原因与补偿流程为业务候选；内部当前"	"H3; see R08 identity/history groups and any explicit supersession"	"not-found"	"not-found"	"not-found"	"not-found"	"not-approved-by-this-classification"	"candidate-only-after-separating-vocabulary-domain-business-physical-and-design-claims-source-review-and-explicit-approval"	"R-09 决策权限、原因与补偿流程为业务候选；内部当前; preserve R08 conflict, supersession, physical-evidence and dual-vocabulary-entry findings"	"R08-cross-domain-vocabulary-and-decisions.md:101"
"R08-41"	"R08"	"docs/adr/cross/0040-internal-light-curtain-is-slot-occupancy-evidence.md"	"8df1e07ec459372778b7305c83c770f6b0dca9b6a69ad349260b7893ed11e582"	"4320"	"tracked-clean"	"tracked-clean"	"candidate-decision"	"PF + DD"	"ai-generated-or-modified-internal-adr-without-confirmation"	"“仓内光幕可证明占用”需硬件/现场证据；派生设计内部当前"	"H3; see R08 identity/history groups and any explicit supersession"	"not-found"	"not-found"	"not-found"	"not-found"	"not-approved-by-this-classification"	"candidate-only-after-separating-vocabulary-domain-business-physical-and-design-claims-source-review-and-explicit-approval"	"“仓内光幕可证明占用”需硬件/现场证据；派生设计内部当前; preserve R08 conflict, supersession, physical-evidence and dual-vocabulary-entry findings"	"R08-cross-domain-vocabulary-and-decisions.md:102"
"R08-42"	"R08"	"docs/adr/cross/0041-one-basket-per-physical-slot.md"	"fe3b57209f4e4db2cbc16467e016df99f4ae977ccf0697acebe17066ff3b4f41"	"2185"	"tracked-clean"	"tracked-clean"	"candidate-decision"	"DM + BR? + DD"	"ai-generated-or-modified-internal-adr-without-confirmation"	"一仓一篮是物理/业务约束候选；内部当前"	"H3; see R08 identity/history groups and any explicit supersession"	"not-found"	"not-found"	"not-found"	"not-found"	"not-approved-by-this-classification"	"candidate-only-after-separating-vocabulary-domain-business-physical-and-design-claims-source-review-and-explicit-approval"	"一仓一篮是物理/业务约束候选；内部当前; preserve R08 conflict, supersession, physical-evidence and dual-vocabulary-entry findings"	"R08-cross-domain-vocabulary-and-decisions.md:103"
"R08-43"	"R08"	"docs/adr/cross/0042-sublot-is-load-input-and-server-resolves-task.md"	"b3af82b14f3abfb7c242922e4658413221564a682145bc619c280c7e930a82e2"	"3023"	"tracked-clean"	"tracked-clean"	"candidate-decision"	"DM + BR? + DD"	"ai-generated-or-modified-internal-adr-without-confirmation"	"输入物为 Sublot、无“总任务码”是领域/业务候选；内部当前"	"H3; see R08 identity/history groups and any explicit supersession"	"not-found"	"not-found"	"not-found"	"not-found"	"not-approved-by-this-classification"	"candidate-only-after-separating-vocabulary-domain-business-physical-and-design-claims-source-review-and-explicit-approval"	"输入物为 Sublot、无“总任务码”是领域/业务候选；内部当前; preserve R08 conflict, supersession, physical-evidence and dual-vocabulary-entry findings"	"R08-cross-domain-vocabulary-and-decisions.md:104"
"R08-44"	"R08"	"docs/adr/cross/0043-server-enforces-global-sublot-reservation.md"	"66992da73f8ff5d9dc1f58de1b8f6566863c274820c2ed76d827418682177240"	"3101"	"tracked-clean"	"tracked-clean"	"candidate-decision"	"BR? + DD"	"ai-generated-or-modified-internal-adr-without-confirmation"	"Sublot 全局唯一占用是业务不变量候选；内部当前"	"H3; see R08 identity/history groups and any explicit supersession"	"not-found"	"not-found"	"not-found"	"not-found"	"not-approved-by-this-classification"	"candidate-only-after-separating-vocabulary-domain-business-physical-and-design-claims-source-review-and-explicit-approval"	"Sublot 全局唯一占用是业务不变量候选；内部当前; preserve R08 conflict, supersession, physical-evidence and dual-vocabulary-entry findings"	"R08-cross-domain-vocabulary-and-decisions.md:105"
"R08-45"	"R08"	"docs/adr/cross/0044-baskets-have-no-individual-identity.md"	"c4853ee79045b8488aee28429bf83ddb81f471340d068014c56befc371bd1c48"	"2041"	"tracked-clean"	"tracked-clean"	"candidate-decision"	"DM + BR? + DD"	"ai-generated-or-modified-internal-adr-without-confirmation"	"花篮无身份是现场/领域约束候选；内部当前"	"H3; see R08 identity/history groups and any explicit supersession"	"not-found"	"not-found"	"not-found"	"not-found"	"not-approved-by-this-classification"	"candidate-only-after-separating-vocabulary-domain-business-physical-and-design-claims-source-review-and-explicit-approval"	"花篮无身份是现场/领域约束候选；内部当前; preserve R08 conflict, supersession, physical-evidence and dual-vocabulary-entry findings"	"R08-cross-domain-vocabulary-and-decisions.md:106"
"R08-46"	"R08"	"docs/adr/cross/0045-load-final-confirmation-and-precommit-correction.md"	"914d94797312e004644194c11b001a944f32fa6dcebd7e5bbb0891fed11bbf6d"	"4814"	"tracked-clean"	"tracked-clean"	"candidate-decision"	"BR? + DD"	"ai-generated-or-modified-internal-adr-without-confirmation"	"`Status` 明确被 0054 取代；仅历史适用"	"H3; see R08 identity/history groups and any explicit supersession"	"not-found"	"not-found"	"not-found"	"not-found"	"not-approved-by-this-classification"	"do-not-extract-superseded-historical-material"	"`Status` 明确被 0054 取代；仅历史适用; preserve R08 conflict, supersession, physical-evidence and dual-vocabulary-entry findings"	"R08-cross-domain-vocabulary-and-decisions.md:107"
"R08-47"	"R08"	"docs/adr/cross/0046-load-task-cancellable-until-departure-after-full-clearance.md"	"ea41792a50811aa58939036f2578806196b7598d781f2d92b836c468a067e4f9"	"7921"	"tracked-clean"	"tracked-clean"	"candidate-decision"	"BR? + DD"	"ai-generated-or-modified-internal-adr-without-confirmation"	"取消资格/整批清空为业务候选；总体内部当前，但第 44 行残留已删除阶段"	"H3; see R08 identity/history groups and any explicit supersession"	"not-found"	"not-found"	"not-found"	"not-found"	"not-approved-by-this-classification"	"candidate-only-after-separating-vocabulary-domain-business-physical-and-design-claims-source-review-and-explicit-approval"	"取消资格/整批清空为业务候选；总体内部当前，但第 44 行残留已删除阶段; preserve R08 conflict, supersession, physical-evidence and dual-vocabulary-entry findings"	"R08-cross-domain-vocabulary-and-decisions.md:108"
"R08-48"	"R08"	"docs/adr/cross/0047-demand-id-identifies-station-task-and-cancellation.md"	"e8ed975f7ef1289f49216f7424905f480348cc700d3ff83635d80d48268d7641"	"3025"	"tracked-clean"	"tracked-clean"	"candidate-decision"	"DM + DD"	"ai-generated-or-modified-internal-adr-without-confirmation"	"DemandId/TransportDemandKey 身份语义与抑制设计；内部当前"	"H3; see R08 identity/history groups and any explicit supersession"	"not-found"	"not-found"	"not-found"	"not-found"	"not-approved-by-this-classification"	"candidate-only-after-separating-vocabulary-domain-business-physical-and-design-claims-source-review-and-explicit-approval"	"DemandId/TransportDemandKey 身份语义与抑制设计；内部当前; preserve R08 conflict, supersession, physical-evidence and dual-vocabulary-entry findings"	"R08-cross-domain-vocabulary-and-decisions.md:109"
"R08-49"	"R08"	"docs/adr/cross/0048-versioned-current-stop-worklist-snapshot.md"	"c6dfc6bdc8a1c0c8e8fb6b53ef7e139ef5ebdec7d46fa1676ef7c0200286350d"	"3394"	"tracked-clean"	"tracked-clean"	"candidate-decision"	"DD"	"ai-generated-or-modified-internal-adr-without-confirmation"	"内部当前服务端投影设计"	"H3; see R08 identity/history groups and any explicit supersession"	"not-found"	"not-found"	"not-found"	"not-found"	"not-approved-by-this-classification"	"do-not-extract-as-requirement; retain-for-separate-technical-decision-review"	"内部当前服务端投影设计; preserve R08 conflict, supersession, physical-evidence and dual-vocabulary-entry findings"	"R08-cross-domain-vocabulary-and-decisions.md:110"
"R08-50"	"R08"	"docs/adr/cross/0049-station-task-type-many-to-many-admission.md"	"d2b025f4fc968b9367c06192f5f1e7993d61676040e3316380c23a71865fdb7f"	"2776"	"tracked-clean"	"tracked-clean"	"candidate-decision"	"BR? + DD"	"ai-generated-or-modified-internal-adr-without-confirmation"	"站点/任务类型准入规则是业务配置候选；内部当前"	"H3; see R08 identity/history groups and any explicit supersession"	"not-found"	"not-found"	"not-found"	"not-found"	"not-approved-by-this-classification"	"candidate-only-after-separating-vocabulary-domain-business-physical-and-design-claims-source-review-and-explicit-approval"	"站点/任务类型准入规则是业务配置候选；内部当前; preserve R08 conflict, supersession, physical-evidence and dual-vocabulary-entry findings"	"R08-cross-domain-vocabulary-and-decisions.md:111"
"R08-51"	"R08"	"docs/adr/cross/0050-admission-policy-frozen-at-operation-commit.md"	"d9232aac773d043ff6b6d2d24b4a89d60e74042598686b977d48df8180f9c925"	"2080"	"tracked-clean"	"tracked-clean"	"candidate-decision"	"DD"	"ai-generated-or-modified-internal-adr-without-confirmation"	"内部当前准入快照/承诺点设计"	"H3; see R08 identity/history groups and any explicit supersession"	"not-found"	"not-found"	"not-found"	"not-found"	"not-approved-by-this-classification"	"do-not-extract-as-requirement; retain-for-separate-technical-decision-review"	"内部当前准入快照/承诺点设计; preserve R08 conflict, supersession, physical-evidence and dual-vocabulary-entry findings"	"R08-cross-domain-vocabulary-and-decisions.md:112"
"R08-52"	"R08"	"docs/adr/cross/0051-admission-policy-stored-in-server-db-no-v1-ui.md"	"e1912e1806a8b8bda8713d5b3adb83e7fbab9202dbdfd94261e45740b96958df"	"1993"	"tracked-clean"	"tracked-clean"	"candidate-decision"	"DD"	"ai-generated-or-modified-internal-adr-without-confirmation"	"内部当前存储/首版 UI 范围设计"	"H3; see R08 identity/history groups and any explicit supersession"	"not-found"	"not-found"	"not-found"	"not-found"	"not-approved-by-this-classification"	"do-not-extract-as-requirement; retain-for-separate-technical-decision-review"	"内部当前存储/首版 UI 范围设计; preserve R08 conflict, supersession, physical-evidence and dual-vocabulary-entry findings"	"R08-cross-domain-vocabulary-and-decisions.md:113"
"R08-53"	"R08"	"docs/adr/cross/0052-onboard-clears-before-server-finalizes-load-cancellation.md"	"b04491fd1a08ee5c6f2534d3aaef4f76b2481842e548b6d40b1d50a8e0bad8fb"	"4846"	"tracked-clean"	"tracked-clean"	"candidate-decision"	"BR? + DD"	"ai-generated-or-modified-internal-adr-without-confirmation"	"取消必须先物理清空的业务流程候选；内部当前"	"H3; see R08 identity/history groups and any explicit supersession"	"not-found"	"not-found"	"not-found"	"not-found"	"not-approved-by-this-classification"	"candidate-only-after-separating-vocabulary-domain-business-physical-and-design-claims-source-review-and-explicit-approval"	"取消必须先物理清空的业务流程候选；内部当前; preserve R08 conflict, supersession, physical-evidence and dual-vocabulary-entry findings"	"R08-cross-domain-vocabulary-and-decisions.md:114"
"R08-54"	"R08"	"docs/adr/cross/0053-onboard-upcoming-stop-plan-and-vehicle-overview.md"	"dd6f265a785d5dc345fa4f740c3044ac318df93d28a07f5f2a299890062c523a"	"2895"	"tracked-clean"	"tracked-clean"	"candidate-decision"	"BR? + DD"	"ai-generated-or-modified-internal-adr-without-confirmation"	"现场需展示后续站点/车辆概览是产品行为候选；内部当前"	"H3; see R08 identity/history groups and any explicit supersession"	"not-found"	"not-found"	"not-found"	"not-found"	"not-approved-by-this-classification"	"candidate-only-after-separating-vocabulary-domain-business-physical-and-design-claims-source-review-and-explicit-approval"	"现场需展示后续站点/车辆概览是产品行为候选；内部当前; preserve R08 conflict, supersession, physical-evidence and dual-vocabulary-entry findings"	"R08-cross-domain-vocabulary-and-decisions.md:115"
"R08-55"	"R08"	"docs/adr/cross/0054-auto-load-commit-with-pre-departure-correction.md"	"13b50a5a5fcddaabd709bc180bac6e0feafbbda2d54cd174fac6a158e9324cf6"	"1629"	"tracked-clean"	"tracked-clean"	"candidate-decision"	"BR? + DD"	"ai-generated-or-modified-internal-adr-without-confirmation"	"自动提交与离站前纠错是业务过程候选；明确取代 0045"	"H3; see R08 identity/history groups and any explicit supersession"	"not-found"	"not-found"	"not-found"	"not-found"	"not-approved-by-this-classification"	"candidate-only-after-separating-vocabulary-domain-business-physical-and-design-claims-source-review-and-explicit-approval"	"自动提交与离站前纠错是业务过程候选；明确取代 0045; preserve R08 conflict, supersession, physical-evidence and dual-vocabulary-entry findings"	"R08-cross-domain-vocabulary-and-decisions.md:116"
"R08-56"	"R08"	"docs/adr/cross/0055-server-owned-station-departure-wait-timeout.md"	"0a6688b4c663e5a55485c3d9967d0d60e405cf59e6be5acdac907796886e00df"	"2588"	"tracked-clean"	"tracked-clean"	"candidate-decision"	"BR? + DD"	"ai-generated-or-modified-internal-adr-without-confirmation"	"5 分钟、不可延期、取消终态和 UI 告警是业务/产品候选；与 0018 冲突待查"	"H3; see R08 identity/history groups and any explicit supersession"	"not-found"	"not-found"	"not-found"	"not-found"	"not-approved-by-this-classification"	"candidate-only-after-separating-vocabulary-domain-business-physical-and-design-claims-source-review-and-explicit-approval"	"5 分钟、不可延期、取消终态和 UI 告警是业务/产品候选；与 0018 冲突待查; preserve R08 conflict, supersession, physical-evidence and dual-vocabulary-entry findings"	"R08-cross-domain-vocabulary-and-decisions.md:117"
"R08-57"	"R08"	"glossary/terminology-glossary.md"	"5c7dca1fe4e0c96eb00936185660725c64bb055c003e1bc3841b15b40d39e4e6"	"14893"	"tracked-clean"	"tracked-clean"	"candidate-vocabulary"	"V + DM + BR? + DD"	"legacy-vocabulary-carrier-of-unknown-decision-source"	"仍 tracked，但与 CONTEXT 重叠且有待确认术语；不宜作为权威需求源"	"H4; see R08 identity/history groups and any explicit supersession"	"not-found"	"not-found"	"not-found"	"not-found"	"not-approved-by-this-classification"	"candidate-only-after-separating-vocabulary-domain-business-physical-and-design-claims-source-review-and-explicit-approval"	"仍 tracked，但与 CONTEXT 重叠且有待确认术语；不宜作为权威需求源; preserve R08 conflict, supersession, physical-evidence and dual-vocabulary-entry findings"	"R08-cross-domain-vocabulary-and-decisions.md:118"
"R09-01"	"R09"	"docs/adr/mes/0001-queueing-stall-handling.md"	"9b915792d3760cdaf7d400465325fb9a08458cc261cc1b885e327f3715037573"	"628"	"tracked-clean"	"tracked-clean"	"candidate-decision"	"R09-R"	"internal-adr-containing-unapproved-business-or-external-constraint-candidates"	"决定人未知；未见调度实现。`R`：取消/人工介入是业务行为；还须与 draft UC-008 的“RIoT 队列 0/1”口径核对（`requirement-documents/03-use-cases/04-transport-task-dispatch/uc-008-dispatch-move-order-to-riot.md:93-105`）。"	"7/23 在旧 MES ADR 目录形成，7/27 100% 迁移。BC-ORDER-013 只支持清积压事实；预防、超时只报警、不自动 CANCEL 是新增策略。"	"not-found"	"not-found"	"not-found"	"not-found"	"not-approved-by-this-classification"	"candidate-only-after-separating-business-external-safety-and-local-design-claims-source-review-and-explicit-approval"	"7/23 在旧 MES ADR 目录形成，7/27 100% 迁移。BC-ORDER-013 只支持清积压事实；预防、超时只报警、不自动 CANCEL 是新增策略。; 决定人未知；未见调度实现。`R`：取消/人工介入是业务行为；还须与 draft UC-008 的“RIoT 队列 0/1”口径核对（`requirement-documents/03-use-cases/04-transport-task-dispatch/uc-008-dispatch-move-order-to-riot.md:93-105`）。; retain RIoT environment limits, customer SQL boundaries and implementation-versus-approval separation"	"R09-mes-sdk-decisions.md:87"
"R09-02"	"R09"	"docs/adr/mes/0002-order-hang-handling.md"	"49947c628ab8857d80410034e3c4742d1ff40ba7cb7d1fddbe77882343d3bd8c"	"846"	"tracked-clean"	"tracked-clean"	"candidate-decision"	"R09-R"	"internal-adr-containing-unapproved-business-or-external-constraint-candidates"	"决定人未知；当前术语文档沿用，调度未实现。`R`：异常恢复/自动化边界须逐原因批准。"	"7/23 形成，7/27 100% 迁移。BC-ORDER-015/018 支持 HANG/HangContinue 观察；原因分支、自动尝试、失败不自动取消是策略。其“充电人工或改派”由 0003～0005进一步冻结，未正式标注 superseded。"	"not-found"	"not-found"	"not-found"	"not-found"	"not-approved-by-this-classification"	"candidate-only-after-separating-business-external-safety-and-local-design-claims-source-review-and-explicit-approval"	"7/23 形成，7/27 100% 迁移。BC-ORDER-015/018 支持 HANG/HangContinue 观察；原因分支、自动尝试、失败不自动取消是策略。其“充电人工或改派”由 0003～0005进一步冻结，未正式标注 superseded。; 决定人未知；当前术语文档沿用，调度未实现。`R`：异常恢复/自动化边界须逐原因批准。; retain RIoT environment limits, customer SQL boundaries and implementation-versus-approval separation"	"R09-mes-sdk-decisions.md:88"
"R09-03"	"R09"	"docs/adr/mes/0003-charging-hang-auto-reassign.md"	"ad9d0bc14fe9238cbefac143633c3e519953936b48f47ca5c6e0ef5514b37467"	"535"	"tracked-clean"	"tracked-clean"	"candidate-decision"	"R09-R"	"internal-adr-containing-unapproved-business-or-external-constraint-candidates"	"决定人未知，未实现。`R`：它填补 UC-012 明列的“充电过程中途异常如何处理”TBD（`requirement-documents/03-use-cases/05-agv-charging/uc-012-manually-dispatch-agv-to-charge.md:116-124`），必须回基线确认。"	"7/23 形成，7/27 迁移。没有直接 Source；以旧单先 CANCEL、确认终态再新建为架构+业务策略。细节由 0004/0005补充。"	"not-found"	"not-found"	"not-found"	"not-found"	"not-approved-by-this-classification"	"candidate-only-after-separating-business-external-safety-and-local-design-claims-source-review-and-explicit-approval"	"7/23 形成，7/27 迁移。没有直接 Source；以旧单先 CANCEL、确认终态再新建为架构+业务策略。细节由 0004/0005补充。; 决定人未知，未实现。`R`：它填补 UC-012 明列的“充电过程中途异常如何处理”TBD（`requirement-documents/03-use-cases/05-agv-charging/uc-012-manually-dispatch-agv-to-charge.md:116-124`），必须回基线确认。; retain RIoT environment limits, customer SQL boundaries and implementation-versus-approval separation"	"R09-mes-sdk-decisions.md:89"
"R09-04"	"R09"	"docs/adr/mes/0004-charge-hang-station-selection.md"	"51fbf15af5f375f514193b0828940db23076e0e8bf2fb87b7fe344b51b74022a"	"462"	"tracked-clean"	"tracked-clean"	"candidate-decision"	"R09-R"	"internal-adr-containing-unapproved-business-or-external-constraint-candidates"	"决定人未知，未实现。`R`：须与 draft BR-007 的候选有效、占用/预占、电量优先规则共同裁决（`requirement-documents/02-business-rules/br-007-charging-pile-allocation-and-queueing.md:17-48`），不能只凭本 ADR省略可用性条件。"	"7/23 形成，7/27 迁移。NearStationQuery 有实验/SDK 能力基础；“允许集合、排除失败站、按路径最近”未链接批准源。"	"not-found"	"not-found"	"not-found"	"not-found"	"not-approved-by-this-classification"	"candidate-only-after-separating-business-external-safety-and-local-design-claims-source-review-and-explicit-approval"	"7/23 形成，7/27 迁移。NearStationQuery 有实验/SDK 能力基础；“允许集合、排除失败站、按路径最近”未链接批准源。; 决定人未知，未实现。`R`：须与 draft BR-007 的候选有效、占用/预占、电量优先规则共同裁决（`requirement-documents/02-business-rules/br-007-charging-pile-allocation-and-queueing.md:17-48`），不能只凭本 ADR省略可用性条件。; retain RIoT environment limits, customer SQL boundaries and implementation-versus-approval separation"	"R09-mes-sdk-decisions.md:90"
"R09-05"	"R09"	"docs/adr/mes/0005-charge-hang-retry-limit.md"	"5ab612f7fb60728c16d1fe2861f292b5318cff01cb5798afb007f309e40ee8f2"	"401"	"tracked-clean"	"tracked-clean"	"candidate-decision"	"R09-R"	"internal-adr-containing-unapproved-business-or-external-constraint-candidates"	"决定人未知，未实现。`R`：可观察的自动重试/转人工阈值，须由业务/运维确认；不要与 UC-012“下发失败重试次数 TBD”擅自合并，两者失败阶段可能不同。"	"7/23 形成，7/27 迁移；`N=2` 无引用来源或测量依据。"	"not-found"	"not-found"	"not-found"	"not-found"	"not-approved-by-this-classification"	"candidate-only-after-separating-business-external-safety-and-local-design-claims-source-review-and-explicit-approval"	"7/23 形成，7/27 迁移；`N=2` 无引用来源或测量依据。; 决定人未知，未实现。`R`：可观察的自动重试/转人工阈值，须由业务/运维确认；不要与 UC-012“下发失败重试次数 TBD”擅自合并，两者失败阶段可能不同。; retain RIoT environment limits, customer SQL boundaries and implementation-versus-approval separation"	"R09-mes-sdk-decisions.md:91"
"R09-06"	"R09"	"docs/adr/mes/0006-mes-ingest-vs-dispatch.md"	"aa6fa0fa0a46068326fa8db94d9ea53c6605d30aa205a3d5bcd4c77b5bb18e04"	"2201"	"tracked-clean"	"tracked-clean"	"candidate-decision"	"R09-R"	"internal-adr-containing-unapproved-business-or-external-constraint-candidates"	"决定人未知；当前 MesIngest 已实现边界。`R`：模块拆分是本地设计，但幂等键、GONE、抑制、不得派车等是业务规则，须按当前 7/31 哈希逐条送审，不能由共同提交或实现批准。"	"7/27 新建；7/31 实质扩展同键再现、`demand_id`、永久抑制和反向依赖语义，与 BR-012 同次修改。"	"not-found"	"not-found"	"not-found"	"not-found"	"not-approved-by-this-classification"	"candidate-only-after-separating-business-external-safety-and-local-design-claims-source-review-and-explicit-approval"	"7/27 新建；7/31 实质扩展同键再现、`demand_id`、永久抑制和反向依赖语义，与 BR-012 同次修改。; 决定人未知；当前 MesIngest 已实现边界。`R`：模块拆分是本地设计，但幂等键、GONE、抑制、不得派车等是业务规则，须按当前 7/31 哈希逐条送审，不能由共同提交或实现批准。; retain RIoT environment limits, customer SQL boundaries and implementation-versus-approval separation"	"R09-mes-sdk-decisions.md:92"
"R09-07"	"R09"	"docs/adr/mes/0007-mes-ingest-tech-stack.md"	"88db8ba2b0b50bb1016e7a9b310e558fa73d45455ec6d14e7eabd62c0bceb923"	"1576"	"tracked-clean"	"tracked-clean"	"candidate-decision"	"R09-M"	"internal-adr-mixing-local-design-with-unapproved-external-or-product-constraints"	"决定人未知。`M`：技术栈与部署形状留在基线地图之外；Oracle 11g、客户 SQL 唯一原稿、工厂探针、凭证不入库是外部/运维/安全约束，须分别取证。当前 README 明确工厂链路未因能力就绪而自动通过（`mes/ingest/csharp/README.md:65-85,121-127`）。"	"7/27 新建；“团队要求全 C#”无具名来源。Service/WPF/SQL Server/Thin+Thick/查询复制已在当前实现落地。"	"not-found"	"not-found"	"not-found"	"not-found"	"not-approved-by-this-classification"	"candidate-only-after-separating-business-external-safety-and-local-design-claims-source-review-and-explicit-approval"	"7/27 新建；“团队要求全 C#”无具名来源。Service/WPF/SQL Server/Thin+Thick/查询复制已在当前实现落地。; 决定人未知。`M`：技术栈与部署形状留在基线地图之外；Oracle 11g、客户 SQL 唯一原稿、工厂探针、凭证不入库是外部/运维/安全约束，须分别取证。当前 README 明确工厂链路未因能力就绪而自动通过（`mes/ingest/csharp/README.md:65-85,121-127`）。; retain RIoT environment limits, customer SQL boundaries and implementation-versus-approval separation"	"R09-mes-sdk-decisions.md:93"
"R09-08"	"R09"	"docs/adr/mes/0008-full-source-snapshot-incremental-local-projection.md"	"06379baf4f4ed06e8e372df95fc4e6a32cd74512bcae6768609437221627b1c5"	"1523"	"tracked-clean"	"tracked-clean"	"candidate-decision"	"R09-R"	"internal-adr-containing-unapproved-business-or-external-constraint-candidates"	"决定人未知；当前实现采用全源快照+本地差异/分页。`R`：全快照是可靠消失语义的业务数据约束；不改客户 SQL/DDL 是外部授权边界；本地索引/分页是设计选择。必须拆条。"	"7/31 新建。与 BR-012 全快照/GONE/只读方向一致；“客户批准 SQL”没有绑定批准记录或 SQL 哈希。"	"not-found"	"not-found"	"not-found"	"not-found"	"not-approved-by-this-classification"	"candidate-only-after-separating-business-external-safety-and-local-design-claims-source-review-and-explicit-approval"	"7/31 新建。与 BR-012 全快照/GONE/只读方向一致；“客户批准 SQL”没有绑定批准记录或 SQL 哈希。; 决定人未知；当前实现采用全源快照+本地差异/分页。`R`：全快照是可靠消失语义的业务数据约束；不改客户 SQL/DDL 是外部授权边界；本地索引/分页是设计选择。必须拆条。; retain RIoT environment limits, customer SQL boundaries and implementation-versus-approval separation"	"R09-mes-sdk-decisions.md:94"
"R09-09"	"R09"	"docs/adr/mes/0009-demand-change-feed-and-authoritative-bootstrap.md"	"99b6d3d4ebf6ab5df5c47bde9f5a4dac7e1554957b7738b8b2836cfd7abde92c"	"1491"	"tracked-clean"	"tracked-clean"	"candidate-decision"	"R09-L"	"local-technical-design-decision-outside-requirement-baseline"	"决定人未知；当前代码实施 48h/410/24h。`L`：目前是内部同步/API 技术契约；若下游已把 API 当外部契约，保留期、Bootstrap replace、高水位和错误码需另行版本化批准。"	"7/31 新建；实现于同日晚些时候并后续修复。无外部消费者批准记录；ADR 自述当前无旧外部消费者。"	"not-found"	"not-found"	"not-found"	"not-found"	"not-approved-by-this-classification"	"do-not-extract-as-requirement; retain-for-separate-technical-decision-or-index-use"	"7/31 新建；实现于同日晚些时候并后续修复。无外部消费者批准记录；ADR 自述当前无旧外部消费者。; 决定人未知；当前代码实施 48h/410/24h。`L`：目前是内部同步/API 技术契约；若下游已把 API 当外部契约，保留期、Bootstrap replace、高水位和错误码需另行版本化批准。; retain RIoT environment limits, customer SQL boundaries and implementation-versus-approval separation"	"R09-mes-sdk-decisions.md:95"
"R09-10"	"R09"	"docs/adr/README.md"	"49a805fc9be26bf4acc9bfc562774398e041b8714376a56c7aea0e2a73ae174b"	"10003"	"tracked-clean"	"tracked-clean"	"template-or-index"	"R09-I"	"adr-navigation-index"	"无独立决定主体。`I`：当前导航入口，不形成需求或批准，不向所链接 ADR 传递权威性。"	"7/27 新建中央索引，7/31 加 MES-0008/0009；还索引大量不在 R09 的 cross ADR。"	"not-found"	"not-found"	"not-found"	"not-found"	"not-approved-by-this-classification"	"do-not-extract-as-requirement; retain-for-separate-technical-decision-or-index-use"	"7/27 新建中央索引，7/31 加 MES-0008/0009；还索引大量不在 R09 的 cross ADR。; 无独立决定主体。`I`：当前导航入口，不形成需求或批准，不向所链接 ADR 传递权威性。; retain RIoT environment limits, customer SQL boundaries and implementation-versus-approval separation"	"R09-mes-sdk-decisions.md:96"
"R09-11"	"R09"	"docs/adr/sdk/0001-default-auth-callapikey.md"	"d0efa10157d914e362b7e3a72a4f0504646ad980d5819f3cde848366f1d2a6c8"	"492"	"tracked-clean"	"tracked-clean"	"candidate-decision"	"R09-M"	"internal-adr-mixing-local-design-with-unapproved-external-or-product-constraints"	"决定人未知；C#/Python 已实现。`M`：SDK 默认选择可留在设计层，但生产写控制面是否可用 CallApiKey、权限/轮换/过期/密钥托管必须由 RIoT 外部契约与安全负责人确认并绑定版本。"	"7/23 在 SDK 目录形成，7/27 100% 迁移。来源 BC-AUTH-002 只验证 imap/device 只读；ADR 扩展为调度/MES 长连接默认。"	"not-found"	"not-found"	"not-found"	"not-found"	"not-approved-by-this-classification"	"candidate-only-after-separating-business-external-safety-and-local-design-claims-source-review-and-explicit-approval"	"7/23 在 SDK 目录形成，7/27 100% 迁移。来源 BC-AUTH-002 只验证 imap/device 只读；ADR 扩展为调度/MES 长连接默认。; 决定人未知；C#/Python 已实现。`M`：SDK 默认选择可留在设计层，但生产写控制面是否可用 CallApiKey、权限/轮换/过期/密钥托管必须由 RIoT 外部契约与安全负责人确认并绑定版本。; retain RIoT environment limits, customer SQL boundaries and implementation-versus-approval separation"	"R09-mes-sdk-decisions.md:97"
"R09-12"	"R09"	"docs/adr/sdk/0002-v1-seam-session-named-methods-raw-escape.md"	"c676158d2d879db5cfeb783123a8b5cd78f782081b4d103f41c05b88be9784a8"	"564"	"tracked-clean"	"tracked-clean"	"candidate-decision"	"R09-L"	"local-technical-design-decision-outside-requirement-baseline"	"决定人未知；当前两语言实现具名入口与 Raw。`L`：本地 SDK seam；Raw 稳定性警告是开发契约，不是客户需求。"	"7/23 旧编号 0003形成，7/27 100% 迁移并改为当前编号。无业务来源，权衡稳定 Facade 与实验逃逸。"	"not-found"	"not-found"	"not-found"	"not-found"	"not-approved-by-this-classification"	"do-not-extract-as-requirement; retain-for-separate-technical-decision-or-index-use"	"7/23 旧编号 0003形成，7/27 100% 迁移并改为当前编号。无业务来源，权衡稳定 Facade 与实验逃逸。; 决定人未知；当前两语言实现具名入口与 Raw。`L`：本地 SDK seam；Raw 稳定性警告是开发契约，不是客户需求。; retain RIoT environment limits, customer SQL boundaries and implementation-versus-approval separation"	"R09-mes-sdk-decisions.md:98"
"R09-13"	"R09"	"docs/adr/sdk/0003-v1-facade-method-scope.md"	"f671068c455fdc0b7e124d8c431f3e4d85bce7a8565ddd404948066fc487e6a6"	"1003"	"tracked-clean"	"tracked-clean"	"candidate-decision"	"R09-M"	"internal-adr-mixing-local-design-with-unapproved-external-or-product-constraints"	"决定人未知；当前方法表与实现基本一致。`M`：Facade 形状是设计；取消、急停、HangContinue、调度启停等为何属于第一版必需能力是产品/安全范围，应回基线核实。实现清单不是批准。"	"7/23 旧编号 0004形成并与大批 SDK 代码/测试同提交；7/27 82% rename 仅修正 ADR 编号/链接。来源分散于行为 BC、cross ADR 和 MES闭环设想。"	"not-found"	"not-found"	"not-found"	"not-found"	"not-approved-by-this-classification"	"candidate-only-after-separating-business-external-safety-and-local-design-claims-source-review-and-explicit-approval"	"7/23 旧编号 0004形成并与大批 SDK 代码/测试同提交；7/27 82% rename 仅修正 ADR 编号/链接。来源分散于行为 BC、cross ADR 和 MES闭环设想。; 决定人未知；当前方法表与实现基本一致。`M`：Facade 形状是设计；取消、急停、HangContinue、调度启停等为何属于第一版必需能力是产品/安全范围，应回基线核实。实现清单不是批准。; retain RIoT environment limits, customer SQL boundaries and implementation-versus-approval separation"	"R09-mes-sdk-decisions.md:99"
"R09-14"	"R09"	"docs/adr/sdk/0004-v1-csharp-python-parity.md"	"1619fb27412eff51837e57e8911aa45f85cc710b84143797e0bce8555f534914"	"405"	"tracked-clean"	"tracked-clean"	"candidate-decision"	"R09-L"	"local-technical-design-decision-outside-requirement-baseline"	"决定人未知；两语言当前均存在。`L`：本地交付/维护策略；若 C# 与 Python 双端是外部承诺，应另找合同/发布批准，不由本 ADR证明。"	"7/23 旧编号 0005形成，7/27 100% 迁移。无客户/交付合同来源，只称两端同步和共用 fixtures/BC。"	"not-found"	"not-found"	"not-found"	"not-found"	"not-approved-by-this-classification"	"do-not-extract-as-requirement; retain-for-separate-technical-decision-or-index-use"	"7/23 旧编号 0005形成，7/27 100% 迁移。无客户/交付合同来源，只称两端同步和共用 fixtures/BC。; 决定人未知；两语言当前均存在。`L`：本地交付/维护策略；若 C# 与 Python 双端是外部承诺，应另找合同/发布批准，不由本 ADR证明。; retain RIoT environment limits, customer SQL boundaries and implementation-versus-approval separation"	"R09-mes-sdk-decisions.md:100"
"R09-15"	"R09"	"docs/adr/sdk/0005-facade-throws-on-business-failure.md"	"a9b5792e94b61ac0cbdcd7078b8fc1a587fb592479ce7118722051c1be7e6206"	"564"	"tracked-clean"	"tracked-clean"	"candidate-decision"	"R09-L"	"local-technical-design-decision-outside-requirement-baseline"	"决定人未知；当前两语言实现并有测试。`L`：本地 API 错误模型；具体 RIoT 成功码/领域结果仍须按观察环境和版本限制使用。"	"7/23 旧编号 0006形成，7/27 迁移。外部事实来自业务 `code` 观察和 RouteCost `-1`；异常统一方式是 SDK 设计。"	"not-found"	"not-found"	"not-found"	"not-found"	"not-approved-by-this-classification"	"do-not-extract-as-requirement; retain-for-separate-technical-decision-or-index-use"	"7/23 旧编号 0006形成，7/27 迁移。外部事实来自业务 `code` 观察和 RouteCost `-1`；异常统一方式是 SDK 设计。; 决定人未知；当前两语言实现并有测试。`L`：本地 API 错误模型；具体 RIoT 成功码/领域结果仍须按观察环境和版本限制使用。; retain RIoT environment limits, customer SQL boundaries and implementation-versus-approval separation"	"R09-mes-sdk-decisions.md:101"
"R09-16"	"R09"	"docs/adr/sdk/0006-imap-via-kiota.md"	"2d9af13839cc3c2ac82821c6ba1e9893b617cdb08a7eb5f73f555d64863a3c22"	"447"	"tracked-clean"	"tracked-clean"	"candidate-decision"	"R09-L"	"local-technical-design-decision-outside-requirement-baseline"	"决定人未知；当前 generate 管线包含 imap。`L`：Kiota 与不手写旁路是本地代码生成选择；外部 imap 契约必须用真实 spec 哈希/RIoT 版本绑定，不能用预处理补出的 `1.0.0`。"	"7/23 旧编号 0007形成，7/27 迁移。imap spec 和生成代码同期开通；无上游 spec 版本或厂商批准记录。"	"not-found"	"not-found"	"not-found"	"not-found"	"not-approved-by-this-classification"	"do-not-extract-as-requirement; retain-for-separate-technical-decision-or-index-use"	"7/23 旧编号 0007形成，7/27 迁移。imap spec 和生成代码同期开通；无上游 spec 版本或厂商批准记录。; 决定人未知；当前 generate 管线包含 imap。`L`：Kiota 与不手写旁路是本地代码生成选择；外部 imap 契约必须用真实 spec 哈希/RIoT 版本绑定，不能用预处理补出的 `1.0.0`。; retain RIoT environment limits, customer SQL boundaries and implementation-versus-approval separation"	"R09-mes-sdk-decisions.md:102"
"R09-17"	"R09"	"docs/adr/sdk/0007-ready-helpers-no-blocking-wait.md"	"ca82a0226601eec928492ab69342a0915f473c01a4069830afea13c617527fdd"	"657"	"tracked-clean"	"tracked-clean"	"candidate-decision"	"R09-M"	"internal-adr-mixing-local-design-with-unapproved-external-or-product-constraints"	"决定人未知；辅助已实现。`M`：不内置 Wait 属本地设计；可再派条件和 MES 必须承担轮询/超时属于业务/外部接口候选，须按失败/取消路径补证和批准。"	"7/23 旧编号 0008形成，7/27 迁移。BC-STATE-003 支持 SUCCESS+IDLE 的局部外部事实；“SDK 不阻塞、MES 编排超时”是分层选择。"	"not-found"	"not-found"	"not-found"	"not-found"	"not-approved-by-this-classification"	"candidate-only-after-separating-business-external-safety-and-local-design-claims-source-review-and-explicit-approval"	"7/23 旧编号 0008形成，7/27 迁移。BC-STATE-003 支持 SUCCESS+IDLE 的局部外部事实；“SDK 不阻塞、MES 编排超时”是分层选择。; 决定人未知；辅助已实现。`M`：不内置 Wait 属本地设计；可再派条件和 MES 必须承担轮询/超时属于业务/外部接口候选，须按失败/取消路径补证和批准。; retain RIoT environment limits, customer SQL boundaries and implementation-versus-approval separation"	"R09-mes-sdk-decisions.md:103"
"R09-18"	"R09"	"docs/adr/sdk/0008-v1-explicit-non-goals.md"	"b8c68b23afd8e33149f7bc0c720265eb3552dd209888baef112da08f81aa2034"	"437"	"tracked-clean"	"tracked-clean"	"candidate-decision"	"R09-M"	"internal-adr-mixing-local-design-with-unapproved-external-or-product-constraints"	"决定人未知；当前方法表沿用。`M`：作为 SDK V1 内部 scope 可留在设计层；若任何排除项影响已批准业务/安全/运维能力，必须回需求基线，不可凭 ADR 单方缩减承诺。"	"7/23 旧编号 0009形成，7/27 迁移。无产品范围来源；列出 interrupt、建单路径、Wait、发现接口、DSL、密钥轮换等排除项。"	"not-found"	"not-found"	"not-found"	"not-found"	"not-approved-by-this-classification"	"candidate-only-after-separating-business-external-safety-and-local-design-claims-source-review-and-explicit-approval"	"7/23 旧编号 0009形成，7/27 迁移。无产品范围来源；列出 interrupt、建单路径、Wait、发现接口、DSL、密钥轮换等排除项。; 决定人未知；当前方法表沿用。`M`：作为 SDK V1 内部 scope 可留在设计层；若任何排除项影响已批准业务/安全/运维能力，必须回需求基线，不可凭 ADR 单方缩减承诺。; retain RIoT environment limits, customer SQL boundaries and implementation-versus-approval separation"	"R09-mes-sdk-decisions.md:104"
"R10-01"	"R10"	"slots-simulator/docs/_templates/template-decision-record.md"	"cb28ac491a4579c3403af9ae4af18a3effe069176bf51ec7b70add0208d54e9c"	"935"	"tracked-clean"	"tracked-clean"	"candidate-requirement"	"TEMPLATE"	"simulator-planning-material-of-unknown-source"	"仅指向根模板；不含决定内容; vendor-manual semantics excluded from this effort by user scope decision"	"H-U; see R10 Git history, derivation and status-correction groups"	"not-found"	"not-found"	"not-found"	"not-found"	"not-approved-by-this-classification"	"do-not-extract-as-requirement; retain-as-simulator-design-test-plan-index-or-evidence-request-pointer"	"仅指向根模板；不含决定内容; preserve simulator-only scope, MAIN-LEAD evidence gaps, internal inconsistencies and vendor exclusion"	"R10-slot-simulator-materials.md:75"
"R10-02"	"R10"	"slots-simulator/docs/_templates/template-functional-requirement.md"	"0a0521c5a5593508244694de72f58657bcc19a0e6f11fc463a82145d9c7f57d4"	"828"	"tracked-clean"	"tracked-clean"	"candidate-requirement"	"TEMPLATE"	"simulator-planning-material-of-unknown-source"	"仅指向根模板；不含需求内容; vendor-manual semantics excluded from this effort by user scope decision"	"H-U; see R10 Git history, derivation and status-correction groups"	"not-found"	"not-found"	"not-found"	"not-found"	"not-approved-by-this-classification"	"do-not-extract-as-requirement; retain-as-simulator-design-test-plan-index-or-evidence-request-pointer"	"仅指向根模板；不含需求内容; preserve simulator-only scope, MAIN-LEAD evidence gaps, internal inconsistencies and vendor exclusion"	"R10-slot-simulator-materials.md:76"
"R10-03"	"R10"	"slots-simulator/docs/00-vision/vision-and-scope.md"	"36700686b64ef521851c866f3cdacff8676ef81fe95f7e14fe9ca4e0783d9b10"	"9436"	"tracked-clean"	"tracked-clean"	"candidate-requirement"	"SIM-REQ + MAIN-LEAD"	"ai-modified-simulator-planning-material-without-confirmation"	"当前工具范围总览；混入硬件/主系统事实，须逐条回源; vendor-manual semantics excluded from this effort by user scope decision"	"H-AI; see R10 Git history, derivation and status-correction groups"	"not-found"	"not-found"	"not-found"	"not-found"	"not-approved-by-this-classification"	"simulator-scope-candidate-only-after-separating-main-system-vendor-and-tool-claims-source-review-and-explicit-approval"	"当前工具范围总览；混入硬件/主系统事实，须逐条回源; preserve simulator-only scope, MAIN-LEAD evidence gaps, internal inconsistencies and vendor exclusion"	"R10-slot-simulator-materials.md:77"
"R10-04"	"R10"	"slots-simulator/docs/01-requirements/fr-001-configurable-slot-count-and-io-mapping.md"	"6c30831ae7bcfbb7d606c4ebabdfe5b6fd61c1f04b83e697f56825b03e9aba32"	"4331"	"tracked-clean"	"tracked-clean"	"candidate-requirement"	"SIM-REQ"	"simulator-planning-material-of-unknown-source"	"`review`；工具配置/映射需求，无实现证据; vendor-manual semantics excluded from this effort by user scope decision"	"H-U; see R10 Git history, derivation and status-correction groups"	"not-found"	"not-found"	"not-found"	"not-found"	"not-approved-by-this-classification"	"simulator-scope-candidate-only-after-separating-main-system-vendor-and-tool-claims-source-review-and-explicit-approval"	"`review`；工具配置/映射需求，无实现证据; preserve simulator-only scope, MAIN-LEAD evidence gaps, internal inconsistencies and vendor exclusion"	"R10-slot-simulator-materials.md:78"
"R10-05"	"R10"	"slots-simulator/docs/01-requirements/fr-002-slot-state-machine-normal-flow.md"	"da7627a47f12cd3def5164d7d18b0203ea7278398b53387349e9e61b74609e2c"	"5449"	"tracked-clean"	"tracked-clean"	"candidate-requirement"	"SIM-REQ + MAIN-LEAD"	"ai-modified-simulator-planning-material-without-confirmation"	"`review`；工具状态机，包含门/锁/光幕现场假设; vendor-manual semantics excluded from this effort by user scope decision"	"H-AI; see R10 Git history, derivation and status-correction groups"	"not-found"	"not-found"	"not-found"	"not-found"	"not-approved-by-this-classification"	"simulator-scope-candidate-only-after-separating-main-system-vendor-and-tool-claims-source-review-and-explicit-approval"	"`review`；工具状态机，包含门/锁/光幕现场假设; preserve simulator-only scope, MAIN-LEAD evidence gaps, internal inconsistencies and vendor exclusion"	"R10-slot-simulator-materials.md:79"
"R10-06"	"R10"	"slots-simulator/docs/01-requirements/fr-003-exception-scenario-simulation.md"	"4227ba265ac446098d2055c503750dd32a574d401f6a846dd092322d7b37927f"	"5442"	"tracked-clean"	"tracked-clean"	"candidate-requirement"	"SIM-REQ + MAIN-LEAD"	"ai-modified-simulator-planning-material-without-confirmation"	"`review`；工具故障注入，复述主系统超时职责; vendor-manual semantics excluded from this effort by user scope decision"	"H-AI; see R10 Git history, derivation and status-correction groups"	"not-found"	"not-found"	"not-found"	"not-found"	"not-approved-by-this-classification"	"simulator-scope-candidate-only-after-separating-main-system-vendor-and-tool-claims-source-review-and-explicit-approval"	"`review`；工具故障注入，复述主系统超时职责; preserve simulator-only scope, MAIN-LEAD evidence gaps, internal inconsistencies and vendor exclusion"	"R10-slot-simulator-materials.md:80"
"R10-07"	"R10"	"slots-simulator/docs/01-requirements/fr-004-mis-stored-product-retrieval.md"	"b7c1e6a1c2847682cbc2ba68e2e15e1ee8d62bfe6e55a469d843c042cc87852a"	"2620"	"tracked-clean"	"tracked-clean"	"candidate-requirement"	"SIM-REQ"	"ai-modified-simulator-planning-material-without-confirmation"	"`review`；模拟器取出/关门刺激，不实现主业务; vendor-manual semantics excluded from this effort by user scope decision"	"H-AI; see R10 Git history, derivation and status-correction groups"	"not-found"	"not-found"	"not-found"	"not-found"	"not-approved-by-this-classification"	"simulator-scope-candidate-only-after-separating-main-system-vendor-and-tool-claims-source-review-and-explicit-approval"	"`review`；模拟器取出/关门刺激，不实现主业务; preserve simulator-only scope, MAIN-LEAD evidence gaps, internal inconsistencies and vendor exclusion"	"R10-slot-simulator-materials.md:81"
"R10-08"	"R10"	"slots-simulator/docs/01-requirements/fr-005-modbus-tcp-slave-protocol.md"	"1a6dbbefa60ae737587ebed091392538951ef051712a400790014a110385075f"	"5133"	"tracked-clean"	"tracked-clean"	"candidate-requirement"	"SIM-REQ + VENDOR"	"simulator-planning-material-of-unknown-source"	"`review`；工具协议保真要求，硬件部分须回厂商手册/真机; vendor-manual semantics excluded from this effort by user scope decision"	"H-U; see R10 Git history, derivation and status-correction groups"	"not-found"	"not-found"	"not-found"	"not-found"	"not-approved-by-this-classification"	"simulator-scope-candidate-only-after-separating-main-system-vendor-and-tool-claims-source-review-and-explicit-approval"	"`review`；工具协议保真要求，硬件部分须回厂商手册/真机; preserve simulator-only scope, MAIN-LEAD evidence gaps, internal inconsistencies and vendor exclusion"	"R10-slot-simulator-materials.md:82"
"R10-09"	"R10"	"slots-simulator/docs/01-requirements/fr-006-automation-control-api.md"	"a89a8c69c81d7c352a135ffe15bad8e53b5fd6a00ebc41017511c04ce5d0ece2"	"5262"	"tracked-clean"	"tracked-clean"	"candidate-requirement"	"SIM-REQ"	"ai-modified-simulator-planning-material-without-confirmation"	"`review`；仅测试控制面 API，不是主系统 API; vendor-manual semantics excluded from this effort by user scope decision"	"H-AI; see R10 Git history, derivation and status-correction groups"	"not-found"	"not-found"	"not-found"	"not-found"	"not-approved-by-this-classification"	"simulator-scope-candidate-only-after-separating-main-system-vendor-and-tool-claims-source-review-and-explicit-approval"	"`review`；仅测试控制面 API，不是主系统 API; preserve simulator-only scope, MAIN-LEAD evidence gaps, internal inconsistencies and vendor exclusion"	"R10-slot-simulator-materials.md:83"
"R10-10"	"R10"	"slots-simulator/docs/01-requirements/fr-007-wpf-visualization-panel.md"	"030d837ad80252e73cf1cbaba92ceed9ad3296d591d5597baa8b2b249e9d3463"	"5564"	"tracked-clean"	"tracked-clean"	"candidate-requirement"	"SIM-REQ"	"ai-modified-simulator-planning-material-without-confirmation"	"`review`；内部开发工具 UI，不是车载 HMI 需求; vendor-manual semantics excluded from this effort by user scope decision"	"H-AI; see R10 Git history, derivation and status-correction groups"	"not-found"	"not-found"	"not-found"	"not-found"	"not-approved-by-this-classification"	"simulator-scope-candidate-only-after-separating-main-system-vendor-and-tool-claims-source-review-and-explicit-approval"	"`review`；内部开发工具 UI，不是车载 HMI 需求; preserve simulator-only scope, MAIN-LEAD evidence gaps, internal inconsistencies and vendor exclusion"	"R10-slot-simulator-materials.md:84"
"R10-11"	"R10"	"slots-simulator/docs/01-requirements/fr-008-single-instance-single-agv.md"	"824424294f17ef514aa9efa9e68e7fc2c89d190922347a2964db37554dc6f2eb"	"2823"	"tracked-clean"	"tracked-clean"	"candidate-requirement"	"SIM-REQ"	"simulator-planning-material-of-unknown-source"	"`review`；模拟器部署方式，不约束主系统部署; vendor-manual semantics excluded from this effort by user scope decision"	"H-U; see R10 Git history, derivation and status-correction groups"	"not-found"	"not-found"	"not-found"	"not-found"	"not-approved-by-this-classification"	"simulator-scope-candidate-only-after-separating-main-system-vendor-and-tool-claims-source-review-and-explicit-approval"	"`review`；模拟器部署方式，不约束主系统部署; preserve simulator-only scope, MAIN-LEAD evidence gaps, internal inconsistencies and vendor exclusion"	"R10-slot-simulator-materials.md:85"
"R10-12"	"R10"	"slots-simulator/docs/01-requirements/fr-009-headless-host.md"	"54308a5ea4def14275f89a64bc86cc793937e97f599b6b93558583a898a74eee"	"3211"	"tracked-clean"	"tracked-clean"	"candidate-requirement"	"SIM-REQ"	"simulator-planning-material-of-unknown-source"	"`review`；未来 CI 可用性，不是当前 CI 承诺; vendor-manual semantics excluded from this effort by user scope decision"	"H-U; see R10 Git history, derivation and status-correction groups"	"not-found"	"not-found"	"not-found"	"not-found"	"not-approved-by-this-classification"	"simulator-scope-candidate-only-after-separating-main-system-vendor-and-tool-claims-source-review-and-explicit-approval"	"`review`；未来 CI 可用性，不是当前 CI 承诺; preserve simulator-only scope, MAIN-LEAD evidence gaps, internal inconsistencies and vendor exclusion"	"R10-slot-simulator-materials.md:86"
"R10-13"	"R10"	"slots-simulator/docs/01-requirements/fr-010-automation-test-infrastructure.md"	"b40db5e14edffe1aaf59fc2fafe6fb55edae4ef5126da931bf5be2940986b057"	"5332"	"tracked-clean"	"tracked-clean"	"candidate-requirement"	"SIM-REQ"	"simulator-planning-material-of-unknown-source"	"`review`；测试 reset/探针/日志，不是主系统行为; vendor-manual semantics excluded from this effort by user scope decision"	"H-U; see R10 Git history, derivation and status-correction groups"	"not-found"	"not-found"	"not-found"	"not-found"	"not-approved-by-this-classification"	"simulator-scope-candidate-only-after-separating-main-system-vendor-and-tool-claims-source-review-and-explicit-approval"	"`review`；测试 reset/探针/日志，不是主系统行为; preserve simulator-only scope, MAIN-LEAD evidence gaps, internal inconsistencies and vendor exclusion"	"R10-slot-simulator-materials.md:87"
"R10-14"	"R10"	"slots-simulator/docs/01-requirements/fr-011-configurable-slot-layout.md"	"56c00339ed4127f5b2dd90ce286ebba845a616b2bdfac0f7aa0af8e6ad46cd0b"	"7296"	"tracked-clean"	"tracked-clean"	"candidate-requirement"	"SIM-REQ"	"simulator-planning-material-of-unknown-source"	"`review`；模拟器 WPF 布局，不是实际 HMI 布局; vendor-manual semantics excluded from this effort by user scope decision"	"H-U; see R10 Git history, derivation and status-correction groups"	"not-found"	"not-found"	"not-found"	"not-found"	"not-approved-by-this-classification"	"simulator-scope-candidate-only-after-separating-main-system-vendor-and-tool-claims-source-review-and-explicit-approval"	"`review`；模拟器 WPF 布局，不是实际 HMI 布局; preserve simulator-only scope, MAIN-LEAD evidence gaps, internal inconsistencies and vendor exclusion"	"R10-slot-simulator-materials.md:88"
"R10-15"	"R10"	"slots-simulator/docs/01-requirements/fr-012-do-pulse-level-control-mode.md"	"7151362a10b8d6c9e6e2786369136ce3596f4fbf779478e762e3316eea1f2b24"	"5913"	"tracked-clean"	"tracked-clean"	"candidate-requirement"	"SIM-REQ + MAIN-LEAD"	"ai-modified-simulator-planning-material-without-confirmation"	"`review`；工具行为依赖锁机构/IO 模式现场事实; vendor-manual semantics excluded from this effort by user scope decision"	"H-AI; see R10 Git history, derivation and status-correction groups"	"not-found"	"not-found"	"not-found"	"not-found"	"not-approved-by-this-classification"	"simulator-scope-candidate-only-after-separating-main-system-vendor-and-tool-claims-source-review-and-explicit-approval"	"`review`；工具行为依赖锁机构/IO 模式现场事实; preserve simulator-only scope, MAIN-LEAD evidence gaps, internal inconsistencies and vendor exclusion"	"R10-slot-simulator-materials.md:89"
"R10-16"	"R10"	"slots-simulator/docs/01-requirements/fr-013-configurable-register-table-template.md"	"2924ae0dd72144ac024c03f65b8ce4c74b03f8b24cbdf03f1bf17d2ce004a6e7"	"6443"	"tracked-clean"	"tracked-clean"	"candidate-requirement"	"SIM-REQ + VENDOR"	"simulator-planning-material-of-unknown-source"	"`review`；模板要求，厂商事实只限具体型号; vendor-manual semantics excluded from this effort by user scope decision"	"H-U; see R10 Git history, derivation and status-correction groups"	"not-found"	"not-found"	"not-found"	"not-found"	"not-approved-by-this-classification"	"simulator-scope-candidate-only-after-separating-main-system-vendor-and-tool-claims-source-review-and-explicit-approval"	"`review`；模板要求，厂商事实只限具体型号; preserve simulator-only scope, MAIN-LEAD evidence gaps, internal inconsistencies and vendor exclusion"	"R10-slot-simulator-materials.md:90"
"R10-17"	"R10"	"slots-simulator/docs/01-requirements/fr-014-multi-io-module-simulation.md"	"1712993bf188132e53b8edd15ed07b5769c399a75439e9015d7aecd4a8fa370c"	"5973"	"tracked-clean"	"tracked-clean"	"candidate-requirement"	"SIM-REQ + MAIN-LEAD"	"simulator-planning-material-of-unknown-source"	"`review`；多模块模拟，实际车辆拓扑尚缺 IO 清单证据; vendor-manual semantics excluded from this effort by user scope decision"	"H-U; see R10 Git history, derivation and status-correction groups"	"not-found"	"not-found"	"not-found"	"not-found"	"not-approved-by-this-classification"	"simulator-scope-candidate-only-after-separating-main-system-vendor-and-tool-claims-source-review-and-explicit-approval"	"`review`；多模块模拟，实际车辆拓扑尚缺 IO 清单证据; preserve simulator-only scope, MAIN-LEAD evidence gaps, internal inconsistencies and vendor exclusion"	"R10-slot-simulator-materials.md:91"
"R10-18"	"R10"	"slots-simulator/docs/01-requirements/fr-015-destination-station-unload-support.md"	"6dbc003a157de11ddbc68f5daef55b13692c8dd16fc8da5c598a8c11da7b1212"	"5887"	"tracked-clean"	"tracked-clean"	"candidate-requirement"	"SIM-REQ"	"ai-modified-simulator-planning-material-without-confirmation"	"`review`；仅提供 UC-010 所需硬件刺激，不批准 UC 业务; vendor-manual semantics excluded from this effort by user scope decision"	"H-AI; see R10 Git history, derivation and status-correction groups"	"not-found"	"not-found"	"not-found"	"not-found"	"not-approved-by-this-classification"	"simulator-scope-candidate-only-after-separating-main-system-vendor-and-tool-claims-source-review-and-explicit-approval"	"`review`；仅提供 UC-010 所需硬件刺激，不批准 UC 业务; preserve simulator-only scope, MAIN-LEAD evidence gaps, internal inconsistencies and vendor exclusion"	"R10-slot-simulator-materials.md:92"
"R10-19"	"R10"	"slots-simulator/docs/01-requirements/README.md"	"3d19382933b906b86eaf5e6beb207c2689ff376a758d019c389855cf939ab23f"	"1699"	"tracked-clean"	"tracked-clean"	"candidate-requirement"	"INDEX"	"simulator-planning-material-of-unknown-source"	"15 份 FR 导航；不独立形成需求; vendor-manual semantics excluded from this effort by user scope decision"	"H-U; see R10 Git history, derivation and status-correction groups"	"not-found"	"not-found"	"not-found"	"not-found"	"not-approved-by-this-classification"	"do-not-extract-as-requirement; retain-as-simulator-design-test-plan-index-or-evidence-request-pointer"	"15 份 FR 导航；不独立形成需求; preserve simulator-only scope, MAIN-LEAD evidence gaps, internal inconsistencies and vendor exclusion"	"R10-slot-simulator-materials.md:93"
"R10-20"	"R10"	"slots-simulator/docs/02-decisions/dr-001-tech-stack.md"	"4deebb851230fdd64ef383869830af3f98bb3e6dd016adc57e25d0a44467abef"	"1961"	"tracked-clean"	"tracked-clean"	"candidate-requirement"	"SIM-DEC"	"simulator-planning-material-of-unknown-source"	"`decided`；.NET/WPF、编辑/热重载设计，无批准绑定; vendor-manual semantics excluded from this effort by user scope decision"	"H-U; see R10 Git history, derivation and status-correction groups"	"not-found"	"not-found"	"not-found"	"not-found"	"not-approved-by-this-classification"	"do-not-extract-as-requirement; retain-as-simulator-design-test-plan-index-or-evidence-request-pointer"	"`decided`；.NET/WPF、编辑/热重载设计，无批准绑定; preserve simulator-only scope, MAIN-LEAD evidence gaps, internal inconsistencies and vendor exclusion"	"R10-slot-simulator-materials.md:94"
"R10-21"	"R10"	"slots-simulator/docs/02-decisions/dr-002-simulation-scope.md"	"28e03dc44998254a6041a6b8048607fcc07bcc35d1a1823a7df3f019f49e9ddf"	"1268"	"tracked-clean"	"tracked-clean"	"candidate-requirement"	"SIM-DEC + MAIN-LEAD"	"simulator-planning-material-of-unknown-source"	"工具范围决定；“无硬件移动联锁”为待核实现场约束; vendor-manual semantics excluded from this effort by user scope decision"	"H-U; see R10 Git history, derivation and status-correction groups"	"not-found"	"not-found"	"not-found"	"not-found"	"not-approved-by-this-classification"	"do-not-extract-as-requirement; retain-as-simulator-design-test-plan-index-or-evidence-request-pointer"	"工具范围决定；“无硬件移动联锁”为待核实现场约束; preserve simulator-only scope, MAIN-LEAD evidence gaps, internal inconsistencies and vendor exclusion"	"R10-slot-simulator-materials.md:95"
"R10-22"	"R10"	"slots-simulator/docs/02-decisions/dr-003-first-batch-scenarios.md"	"3d2c512d8b1802f2cde838534a795fd7309196cd4625460cf7998cd3fc0e6558"	"3232"	"tracked-clean"	"tracked-clean"	"candidate-requirement"	"SIM-DEC"	"ai-modified-simulator-planning-material-without-confirmation"	"工具覆盖范围，不批准所引用 UC 的业务语义; vendor-manual semantics excluded from this effort by user scope decision"	"H-AI; see R10 Git history, derivation and status-correction groups"	"not-found"	"not-found"	"not-found"	"not-found"	"not-approved-by-this-classification"	"do-not-extract-as-requirement; retain-as-simulator-design-test-plan-index-or-evidence-request-pointer"	"工具覆盖范围，不批准所引用 UC 的业务语义; preserve simulator-only scope, MAIN-LEAD evidence gaps, internal inconsistencies and vendor exclusion"	"R10-slot-simulator-materials.md:96"
"R10-23"	"R10"	"slots-simulator/docs/02-decisions/dr-004-configurable-slot-count.md"	"cb4b22c0c40670ff775139c63e929dbf4f7a77c69917894bf3133d4a217236f2"	"1385"	"tracked-clean"	"tracked-clean"	"candidate-requirement"	"SIM-DEC"	"simulator-planning-material-of-unknown-source"	"工具可配置性设计；8 仓仅作背景引用; vendor-manual semantics excluded from this effort by user scope decision"	"H-U; see R10 Git history, derivation and status-correction groups"	"not-found"	"not-found"	"not-found"	"not-found"	"not-approved-by-this-classification"	"do-not-extract-as-requirement; retain-as-simulator-design-test-plan-index-or-evidence-request-pointer"	"工具可配置性设计；8 仓仅作背景引用; preserve simulator-only scope, MAIN-LEAD evidence gaps, internal inconsistencies and vendor exclusion"	"R10-slot-simulator-materials.md:97"
"R10-24"	"R10"	"slots-simulator/docs/02-decisions/dr-005-modbus-protocol-fidelity.md"	"ee1adde83de09a962cab20c33cfadb21bda2c37060c33fcac5b195bc2efc5e75"	"2034"	"tracked-clean"	"tracked-clean"	"candidate-requirement"	"SIM-DEC + VENDOR"	"simulator-planning-material-of-unknown-source"	"工具协议决定；厂商手册支持部分协议事实; vendor-manual semantics excluded from this effort by user scope decision"	"H-U; see R10 Git history, derivation and status-correction groups"	"not-found"	"not-found"	"not-found"	"not-found"	"not-approved-by-this-classification"	"do-not-extract-as-requirement; retain-as-simulator-design-test-plan-index-or-evidence-request-pointer"	"工具协议决定；厂商手册支持部分协议事实; preserve simulator-only scope, MAIN-LEAD evidence gaps, internal inconsistencies and vendor exclusion"	"R10-slot-simulator-materials.md:98"
"R10-25"	"R10"	"slots-simulator/docs/02-decisions/dr-006-users-and-automation-style.md"	"f72c8df92d256fdb3d6d218723123588f97d9e7d7686ba6d0f1f16bfa5c88f63"	"2263"	"tracked-clean"	"tracked-clean"	"candidate-requirement"	"SIM-DEC"	"ai-modified-simulator-planning-material-without-confirmation"	"开发自测/API 范围，只适用于工具; vendor-manual semantics excluded from this effort by user scope decision"	"H-AI; see R10 Git history, derivation and status-correction groups"	"not-found"	"not-found"	"not-found"	"not-found"	"not-approved-by-this-classification"	"do-not-extract-as-requirement; retain-as-simulator-design-test-plan-index-or-evidence-request-pointer"	"开发自测/API 范围，只适用于工具; preserve simulator-only scope, MAIN-LEAD evidence gaps, internal inconsistencies and vendor exclusion"	"R10-slot-simulator-materials.md:99"
"R10-26"	"R10"	"slots-simulator/docs/02-decisions/dr-007-multi-agv-support.md"	"f47c10de48bb23e3d789ce9de24c51454f39f75503ed7dfe896ac957a6e60e94"	"2749"	"tracked-clean"	"tracked-clean"	"candidate-requirement"	"SIM-DEC"	"simulator-planning-material-of-unknown-source"	"单进程单 AGV 是工具部署决定；正文承认旧理由被推翻; vendor-manual semantics excluded from this effort by user scope decision"	"H-U; see R10 Git history, derivation and status-correction groups"	"not-found"	"not-found"	"not-found"	"not-found"	"not-approved-by-this-classification"	"do-not-extract-as-requirement; retain-as-simulator-design-test-plan-index-or-evidence-request-pointer"	"单进程单 AGV 是工具部署决定；正文承认旧理由被推翻; preserve simulator-only scope, MAIN-LEAD evidence gaps, internal inconsistencies and vendor exclusion"	"R10-slot-simulator-materials.md:100"
"R10-27"	"R10"	"slots-simulator/docs/02-decisions/dr-008-ci-readiness.md"	"965c223ef88f7fea45a2c433bd8380ecb0f225b1a29b46e4fbe83e7273736db4"	"2982"	"tracked-clean"	"tracked-clean"	"candidate-requirement"	"SIM-DEC + MAIN-LEAD"	"simulator-planning-material-of-unknown-source"	"工具 CI 预留；业务超时归主系统是职责线索; vendor-manual semantics excluded from this effort by user scope decision"	"H-U; see R10 Git history, derivation and status-correction groups"	"not-found"	"not-found"	"not-found"	"not-found"	"not-approved-by-this-classification"	"do-not-extract-as-requirement; retain-as-simulator-design-test-plan-index-or-evidence-request-pointer"	"工具 CI 预留；业务超时归主系统是职责线索; preserve simulator-only scope, MAIN-LEAD evidence gaps, internal inconsistencies and vendor exclusion"	"R10-slot-simulator-materials.md:101"
"R10-28"	"R10"	"slots-simulator/docs/02-decisions/dr-009-slot-layout-model.md"	"65faf11d947afd86e8dd49443e7a8d6934dacf9b34cea1e4e5540cfde0865660"	"3921"	"tracked-clean"	"tracked-clean"	"candidate-requirement"	"SIM-DEC"	"simulator-planning-material-of-unknown-source"	"工具 UI 布局决定，不是实际车载 HMI; vendor-manual semantics excluded from this effort by user scope decision"	"H-U; see R10 Git history, derivation and status-correction groups"	"not-found"	"not-found"	"not-found"	"not-found"	"not-approved-by-this-classification"	"do-not-extract-as-requirement; retain-as-simulator-design-test-plan-index-or-evidence-request-pointer"	"工具 UI 布局决定，不是实际车载 HMI; preserve simulator-only scope, MAIN-LEAD evidence gaps, internal inconsistencies and vendor exclusion"	"R10-slot-simulator-materials.md:102"
"R10-29"	"R10"	"slots-simulator/docs/02-decisions/dr-010-do-control-mode.md"	"811b27ccd000b9a5e97d353b1e7fd7d6bf2cc9c56e38c6bad6ef61678f016b79"	"3660"	"tracked-clean"	"tracked-clean"	"candidate-requirement"	"SIM-DEC + MAIN-LEAD"	"ai-modified-simulator-planning-material-without-confirmation"	"工具模型；脉冲、弹簧、锁 DI 事实需现场/设备证据; vendor-manual semantics excluded from this effort by user scope decision"	"H-AI; see R10 Git history, derivation and status-correction groups"	"not-found"	"not-found"	"not-found"	"not-found"	"not-approved-by-this-classification"	"do-not-extract-as-requirement; retain-as-simulator-design-test-plan-index-or-evidence-request-pointer"	"工具模型；脉冲、弹簧、锁 DI 事实需现场/设备证据; preserve simulator-only scope, MAIN-LEAD evidence gaps, internal inconsistencies and vendor exclusion"	"R10-slot-simulator-materials.md:103"
"R10-30"	"R10"	"slots-simulator/docs/02-decisions/dr-011-full-register-table-fidelity.md"	"a4f124205d0c8aa417ea12a6fee38bfab06c388f82f8e89310ad9398354f799a"	"4205"	"tracked-clean"	"tracked-clean"	"candidate-requirement"	"SIM-DEC + VENDOR"	"simulator-planning-material-of-unknown-source"	"模板化是设计；16DI/16DO 可由厂商手册支持; vendor-manual semantics excluded from this effort by user scope decision"	"H-U; see R10 Git history, derivation and status-correction groups"	"not-found"	"not-found"	"not-found"	"not-found"	"not-approved-by-this-classification"	"do-not-extract-as-requirement; retain-as-simulator-design-test-plan-index-or-evidence-request-pointer"	"模板化是设计；16DI/16DO 可由厂商手册支持; preserve simulator-only scope, MAIN-LEAD evidence gaps, internal inconsistencies and vendor exclusion"	"R10-slot-simulator-materials.md:104"
"R10-31"	"R10"	"slots-simulator/docs/02-decisions/dr-012-multi-io-module-support.md"	"07faa2420d7c8d7da2107feb4259951b239a98a0dbd651211093f1051fff1820"	"2318"	"tracked-clean"	"tracked-clean"	"candidate-requirement"	"SIM-DEC + MAIN-LEAD"	"simulator-planning-material-of-unknown-source"	"工具决定；“实际必需多模块”缺项目 IO/布线证据; vendor-manual semantics excluded from this effort by user scope decision"	"H-U; see R10 Git history, derivation and status-correction groups"	"not-found"	"not-found"	"not-found"	"not-found"	"not-approved-by-this-classification"	"do-not-extract-as-requirement; retain-as-simulator-design-test-plan-index-or-evidence-request-pointer"	"工具决定；“实际必需多模块”缺项目 IO/布线证据; preserve simulator-only scope, MAIN-LEAD evidence gaps, internal inconsistencies and vendor exclusion"	"R10-slot-simulator-materials.md:105"
"R10-32"	"R10"	"slots-simulator/docs/02-decisions/dr-013-door-state-not-independent-io-point.md"	"72566706ff4a3dac3ff0d4ec95f70a3af0559be3ac4dc24af371802f429cf752"	"3053"	"tracked-clean"	"tracked-clean"	"candidate-requirement"	"SIM-DEC + MAIN-LEAD"	"ai-modified-simulator-planning-material-without-confirmation"	"无独立门磁/锁 DI 语义为主系统硬件线索，不能靠 DR 自证; vendor-manual semantics excluded from this effort by user scope decision"	"H-AI; see R10 Git history, derivation and status-correction groups"	"not-found"	"not-found"	"not-found"	"not-found"	"not-approved-by-this-classification"	"do-not-extract-as-requirement; retain-as-simulator-design-test-plan-index-or-evidence-request-pointer"	"无独立门磁/锁 DI 语义为主系统硬件线索，不能靠 DR 自证; preserve simulator-only scope, MAIN-LEAD evidence gaps, internal inconsistencies and vendor exclusion"	"R10-slot-simulator-materials.md:106"
"R10-33"	"R10"	"slots-simulator/docs/02-decisions/dr-014-fault-injection-mirror-exception.md"	"0f10f9682f20a33477fcdb48f90d326e63992af64a590839275aa899e8b0f320"	"2693"	"tracked-clean"	"tracked-clean"	"candidate-requirement"	"SIM-DEC + MAIN-LEAD"	"ai-modified-simulator-planning-material-without-confirmation"	"当前故障模型；还复述主系统“不盲目重试”规则，须回源; vendor-manual semantics excluded from this effort by user scope decision"	"H-AI; see R10 Git history, derivation and status-correction groups"	"not-found"	"not-found"	"not-found"	"not-found"	"not-approved-by-this-classification"	"do-not-extract-as-requirement; retain-as-simulator-design-test-plan-index-or-evidence-request-pointer"	"当前故障模型；还复述主系统“不盲目重试”规则，须回源; preserve simulator-only scope, MAIN-LEAD evidence gaps, internal inconsistencies and vendor exclusion"	"R10-slot-simulator-materials.md:107"
"R10-34"	"R10"	"slots-simulator/docs/02-decisions/dr-015-do-power-on-state-vs-reset.md"	"2d93e4febdb3a664299d058925fa127fd4be23f0d4bf1ee488d316507f2875d9"	"4115"	"tracked-clean"	"tracked-clean"	"candidate-requirement"	"SIM-DEC"	"simulator-planning-material-of-unknown-source"	"工具确定性与真机副作用间的有意偏差，不能用于真机验收; vendor-manual semantics excluded from this effort by user scope decision"	"H-U; see R10 Git history, derivation and status-correction groups"	"not-found"	"not-found"	"not-found"	"not-found"	"not-approved-by-this-classification"	"do-not-extract-as-requirement; retain-as-simulator-design-test-plan-index-or-evidence-request-pointer"	"工具确定性与真机副作用间的有意偏差，不能用于真机验收; preserve simulator-only scope, MAIN-LEAD evidence gaps, internal inconsistencies and vendor exclusion"	"R10-slot-simulator-materials.md:108"
"R10-35"	"R10"	"slots-simulator/docs/02-decisions/README.md"	"13928ef5f4a6289a591d4bfbc500ddf56d201b7fa360f4865ef6919dada732f1"	"2224"	"tracked-clean"	"tracked-clean"	"candidate-requirement"	"INDEX"	"simulator-planning-material-of-unknown-source"	"决定导航及“与用户确认”二手陈述；不是确认记录; vendor-manual semantics excluded from this effort by user scope decision"	"H-U; see R10 Git history, derivation and status-correction groups"	"not-found"	"not-found"	"not-found"	"not-found"	"not-approved-by-this-classification"	"do-not-extract-as-requirement; retain-as-simulator-design-test-plan-index-or-evidence-request-pointer"	"决定导航及“与用户确认”二手陈述；不是确认记录; preserve simulator-only scope, MAIN-LEAD evidence gaps, internal inconsistencies and vendor exclusion"	"R10-slot-simulator-materials.md:109"
"R10-36"	"R10"	"slots-simulator/docs/03-design/architecture.md"	"2cac6908cb3010e0fcfeca4f2e27ef03ffa238cf181881d714220d721916d4ec"	"5432"	"tracked-clean"	"tracked-clean"	"candidate-requirement"	"DESIGN"	"ai-modified-simulator-planning-material-without-confirmation"	"Draft 模板、维护者/日期/TODO 未补；不可作为实现证据; vendor-manual semantics excluded from this effort by user scope decision"	"H-AI; see R10 Git history, derivation and status-correction groups"	"not-found"	"not-found"	"not-found"	"not-found"	"not-approved-by-this-classification"	"do-not-extract-as-requirement; retain-as-simulator-design-test-plan-index-or-evidence-request-pointer"	"Draft 模板、维护者/日期/TODO 未补；不可作为实现证据; preserve simulator-only scope, MAIN-LEAD evidence gaps, internal inconsistencies and vendor exclusion"	"R10-slot-simulator-materials.md:110"
"R10-37"	"R10"	"slots-simulator/docs/03-design/configuration-spec.md"	"b62043bed1be867fcf8b75376c76255a30e7190987df75adf2431701a87d21e4"	"7184"	"tracked-clean"	"tracked-clean"	"candidate-requirement"	"DESIGN"	"simulator-planning-material-of-unknown-source"	"Draft 模板，字段名和热重载迁移仍 TODO; vendor-manual semantics excluded from this effort by user scope decision"	"H-U; see R10 Git history, derivation and status-correction groups"	"not-found"	"not-found"	"not-found"	"not-found"	"not-approved-by-this-classification"	"do-not-extract-as-requirement; retain-as-simulator-design-test-plan-index-or-evidence-request-pointer"	"Draft 模板，字段名和热重载迁移仍 TODO; preserve simulator-only scope, MAIN-LEAD evidence gaps, internal inconsistencies and vendor exclusion"	"R10-slot-simulator-materials.md:111"
"R10-38"	"R10"	"slots-simulator/docs/03-design/control-api.openapi.yaml"	"2d5d5555649065c8477aec06f5b5e11e9214893bff94cc31ff39419a170d6f96"	"9767"	"tracked-clean"	"tracked-clean"	"candidate-requirement"	"DESIGN"	"ai-modified-simulator-planning-material-without-confirmation"	"`0.1.0-template`；故障枚举落后于 DR-014，非已实现契约; vendor-manual semantics excluded from this effort by user scope decision"	"H-AI; see R10 Git history, derivation and status-correction groups"	"not-found"	"not-found"	"not-found"	"not-found"	"not-approved-by-this-classification"	"do-not-extract-as-requirement; retain-as-simulator-design-test-plan-index-or-evidence-request-pointer"	"`0.1.0-template`；故障枚举落后于 DR-014，非已实现契约; preserve simulator-only scope, MAIN-LEAD evidence gaps, internal inconsistencies and vendor exclusion"	"R10-slot-simulator-materials.md:112"
"R10-39"	"R10"	"slots-simulator/docs/03-design/modbus-implementation-spec.md"	"e5dd40be4fafc9454a859afedd6f32e5c6a9d09275f4503c665322090965e15d"	"5306"	"tracked-clean"	"tracked-clean"	"candidate-requirement"	"DESIGN + VENDOR"	"ai-modified-simulator-planning-material-without-confirmation"	"Draft；地址换算、Unit ID 等关键项未定，且有锁 DI 镜像冲突; vendor-manual semantics excluded from this effort by user scope decision"	"H-AI; see R10 Git history, derivation and status-correction groups"	"not-found"	"not-found"	"not-found"	"not-found"	"not-approved-by-this-classification"	"do-not-extract-as-requirement; retain-as-simulator-design-test-plan-index-or-evidence-request-pointer"	"Draft；地址换算、Unit ID 等关键项未定，且有锁 DI 镜像冲突; preserve simulator-only scope, MAIN-LEAD evidence gaps, internal inconsistencies and vendor exclusion"	"R10-slot-simulator-materials.md:113"
"R10-40"	"R10"	"slots-simulator/docs/03-design/slot-state-machine.md"	"704384b03fb1d2391175d7041e29c26fb5b7b253ce3cf5261db6cd8a7ddc2117"	"5521"	"tracked-clean"	"tracked-clean"	"candidate-requirement"	"DESIGN"	"ai-modified-simulator-planning-material-without-confirmation"	"Draft；当前较接近 DR-010/013/014，但仍有多项 TODO; vendor-manual semantics excluded from this effort by user scope decision"	"H-AI; see R10 Git history, derivation and status-correction groups"	"not-found"	"not-found"	"not-found"	"not-found"	"not-approved-by-this-classification"	"do-not-extract-as-requirement; retain-as-simulator-design-test-plan-index-or-evidence-request-pointer"	"Draft；当前较接近 DR-010/013/014，但仍有多项 TODO; preserve simulator-only scope, MAIN-LEAD evidence gaps, internal inconsistencies and vendor exclusion"	"R10-slot-simulator-materials.md:114"
"R10-41"	"R10"	"slots-simulator/docs/04-testing/test-plan.md"	"c81bbf6f355a398cb23b5e99d5ab894664f6da2e73b71e79751a04536b8d94ee"	"6148"	"tracked-clean"	"tracked-clean"	"candidate-requirement"	"TEST"	"ai-modified-simulator-planning-material-without-confirmation"	"Draft/Planned/TODO；没有测试实现或执行结果，不能当通过证据; vendor-manual semantics excluded from this effort by user scope decision"	"H-AI; see R10 Git history, derivation and status-correction groups"	"not-found"	"not-found"	"not-found"	"not-found"	"not-approved-by-this-classification"	"do-not-extract-as-requirement; retain-as-simulator-design-test-plan-index-or-evidence-request-pointer"	"Draft/Planned/TODO；没有测试实现或执行结果，不能当通过证据; preserve simulator-only scope, MAIN-LEAD evidence gaps, internal inconsistencies and vendor exclusion"	"R10-slot-simulator-materials.md:115"
"R10-42"	"R10"	"slots-simulator/docs/05-planning/implementation-plan.md"	"2251a8ec6105d08cca22e010245ec5ab97883a453956ca2806599ed81c0f5bea"	"5743"	"tracked-clean"	"tracked-clean"	"candidate-requirement"	"PLAN"	"simulator-planning-material-of-unknown-source"	"Draft，负责人/日期未定，M0–M7 均 Not Started; vendor-manual semantics excluded from this effort by user scope decision"	"H-U; see R10 Git history, derivation and status-correction groups"	"not-found"	"not-found"	"not-found"	"not-found"	"not-approved-by-this-classification"	"do-not-extract-as-requirement; retain-as-simulator-design-test-plan-index-or-evidence-request-pointer"	"Draft，负责人/日期未定，M0–M7 均 Not Started; preserve simulator-only scope, MAIN-LEAD evidence gaps, internal inconsistencies and vendor exclusion"	"R10-slot-simulator-materials.md:116"
"R10-43"	"R10"	"slots-simulator/docs/README.md"	"f4ac3dbd5205707b59a683bf866322be53fb016e0002988a87f9c48c33b741ad"	"3396"	"tracked-clean"	"tracked-clean"	"candidate-requirement"	"INDEX + DERIVED"	"simulator-planning-material-of-unknown-source"	"导航和派生技术摘要；不独立批准 FR/DR; vendor-manual semantics excluded from this effort by user scope decision"	"H-U; see R10 Git history, derivation and status-correction groups"	"not-found"	"not-found"	"not-found"	"not-found"	"not-approved-by-this-classification"	"do-not-extract-as-requirement; retain-as-simulator-design-test-plan-index-or-evidence-request-pointer"	"导航和派生技术摘要；不独立批准 FR/DR; preserve simulator-only scope, MAIN-LEAD evidence gaps, internal inconsistencies and vendor exclusion"	"R10-slot-simulator-materials.md:117"
"R10-44"	"R10"	"slots-simulator/docs/reference/C2000-A2-KDDA0A0-AD6_寄存器表.md"	"593b0c96b8a79e60c7204866ecb67760c81546bd9c7e441349ff06aa08a6d362"	"6045"	"untracked"	"tracked-clean"	"candidate-requirement"	"DERIVED + VENDOR"	"derived-vendor-excerpt-retained-for-lossless-identity-only"	"可追溯 PDF 21–24 页；地址范围和原文笔误判断是派生加工; vendor-manual semantics excluded from this effort by user scope decision"	"H-D; see R10 Git history, derivation and status-correction groups"	"not-found"	"not-found"	"not-found"	"not-found"	"not-approved-by-this-classification"	"do-not-extract; vendor-material-content-is-out-of-scope-and-retained-only-for-lossless-identity-and-source-history"	"可追溯 PDF 21–24 页；地址范围和原文笔误判断是派生加工; preserve simulator-only scope, MAIN-LEAD evidence gaps, internal inconsistencies and vendor exclusion"	"R10-slot-simulator-materials.md:118"
"R10-45"	"R10"	"slots-simulator/docs/reference/C2000-A2-KDDA0A0-AD6-使用说明书2023-02-22].pdf"	"0a2696eb9898efac67d7fc92582f96d8b14d3d001dabb75a9451c55e41644cbd"	"2000812"	"untracked"	"tracked-clean"	"candidate-requirement"	"VENDOR"	"third-party-vendor-manual-retained-for-lossless-identity-only"	"30 页第三方型号资料；未绑定项目采购、固件或实际布线; vendor-manual semantics excluded from this effort by user scope decision"	"H-V; see R10 Git history, derivation and status-correction groups"	"not-found"	"not-found"	"not-found"	"not-found"	"not-approved-by-this-classification"	"do-not-extract; vendor-material-content-is-out-of-scope-and-retained-only-for-lossless-identity-and-source-history"	"30 页第三方型号资料；未绑定项目采购、固件或实际布线; preserve simulator-only scope, MAIN-LEAD evidence gaps, internal inconsistencies and vendor exclusion"	"R10-slot-simulator-materials.md:119"
"R10-46"	"R10"	"slots-simulator/README.md"	"699d2143794c5ac50249ad98b68994f09d10010ead2713e77e4f74345eb25d4e"	"3382"	"tracked-clean"	"tracked-clean"	"candidate-requirement"	"INDEX + DERIVED"	"ai-modified-simulator-planning-material-without-confirmation"	"当前入口与派生摘要；明确代码未搭建、全部为规划状态; vendor-manual semantics excluded from this effort by user scope decision"	"H-AI; see R10 Git history, derivation and status-correction groups"	"not-found"	"not-found"	"not-found"	"not-found"	"not-approved-by-this-classification"	"do-not-extract-as-requirement; retain-as-simulator-design-test-plan-index-or-evidence-request-pointer"	"当前入口与派生摘要；明确代码未搭建、全部为规划状态; preserve simulator-only scope, MAIN-LEAD evidence gaps, internal inconsistencies and vendor exclusion"	"R10-slot-simulator-materials.md:120"
