"RequirementId"	"Source"	"Title"	"OriginalScope"	"CandidateClassification"	"FinalClassification"	"FinalReason"	"DependencyChain"	"MisclassificationRisk"	"ControlServerImpact"	"OnboardHmiImpact"	"SharedProtocolImpact"	"DecisionBasis"
"REQ-0001"	"../../../requirements/baselines/current-requirements-v1.0.0.md#req-0001"	"遵循 ADR-mes-0006 的边界：MesIngest 只拥有 MES 接入事实和外部可读目录，不拥有 …"	"8005 MesIngest Windows Service、Host/领域投影、SQL Server、版本化 API/OpenAPI、MesIngestWatch 与外部可读目录"	"MVP 直接必须"	"MVP 直接必须"	"复核 02～11 票最终决议后保留候选结论：该条直接约束单 WIRE_TO_GATE 旅程的MesIngest 目录与 Demand 事实；候选纳入首期，精确字段/状态仍由决定 Demand 受理、执行身份与完成后防重边界 (../issues/02-decide-demand-acceptance-execution-identity-and-completion-deduplication.md)收口。"	"MesIngest 完整轮次→ExternallyReadableDemandCatalog/CatalogRevision→AcceptedDemandSnapshot→本地执行身份"	"误删会使MesIngest 目录与 Demand 事实主旅程或现场验收无法闭环，并可能造成重复执行、错误站点/仓位或不可证明完成。"	"读取并冻结目录身份；不得重建 MES 事实。"	"仅展示服务端已接受的 Demand 摘要，不自行读取 MES。"	"需要携带已接受执行身份和必要来源修订，不复制 MesIngest DTO。"	"决定 Demand 受理、执行身份与完成后防重边界 (../issues/02-decide-demand-acceptance-execution-identity-and-completion-deduplication.md)"
"REQ-0002"	"../../../requirements/baselines/current-requirements-v1.0.0.md#req-0002"	"遵循 ADR-mes-0007 的技术栈：全 C#、.NET 8 Windows Service、WPF 薄…"	"8005 MesIngest Windows Service、Host/领域投影、SQL Server、版本化 API/OpenAPI、MesIngestWatch 与外部可读目录"	"MVP 交互／安全依赖"	"MVP 交互／安全依赖"	"复核 02～11 票最终决议后保留候选结论：不要求在首期重建该条全部产品面，但MesIngest 目录与 Demand 事实中的事实、门禁或恢复语义是本旅程正确性/安全性的前置依赖；由决定 Demand 受理、执行身份与完成后防重边界 (../issues/02-decide-demand-acceptance-execution-identity-and-completion-deduplication.md)确认最小保留部分。"	"MesIngest 完整轮次→ExternallyReadableDemandCatalog/CatalogRevision→AcceptedDemandSnapshot→本地执行身份"	"误删可能让MesIngest 目录与 Demand 事实出现权威分叉、物理状态猜测、断联后重复副作用或无法恢复；误当完整首期功能则扩大范围。"	"读取并冻结目录身份；不得重建 MES 事实。"	"仅展示服务端已接受的 Demand 摘要，不自行读取 MES。"	"需要携带已接受执行身份和必要来源修订，不复制 MesIngest DTO。"	"决定 Demand 受理、执行身份与完成后防重边界 (../issues/02-decide-demand-acceptance-execution-identity-and-completion-deduplication.md)"
"REQ-0003"	"../../../requirements/baselines/current-requirements-v1.0.0.md#req-0003"	"正式 MES_TASK_UNION 仍是六类任务的开发与发布唯一查询原稿；生产代码不得复制一份会漂移的 SQ…"	"8005 MesIngest Windows Service、Host/领域投影、SQL Server、版本化 API/OpenAPI、MesIngestWatch 与外部可读目录"	"MVP 交互／安全依赖"	"MVP 交互／安全依赖"	"复核 02～11 票最终决议后保留候选结论：不要求在首期重建该条全部产品面，但MesIngest 目录与 Demand 事实中的事实、门禁或恢复语义是本旅程正确性/安全性的前置依赖；由决定 Demand 受理、执行身份与完成后防重边界 (../issues/02-decide-demand-acceptance-execution-identity-and-completion-deduplication.md)确认最小保留部分。"	"MesIngest 完整轮次→ExternallyReadableDemandCatalog/CatalogRevision→AcceptedDemandSnapshot→本地执行身份"	"误删可能让MesIngest 目录与 Demand 事实出现权威分叉、物理状态猜测、断联后重复副作用或无法恢复；误当完整首期功能则扩大范围。"	"读取并冻结目录身份；不得重建 MES 事实。"	"仅展示服务端已接受的 Demand 摘要，不自行读取 MES。"	"需要携带已接受执行身份和必要来源修订，不复制 MesIngest DTO。"	"决定 Demand 受理、执行身份与完成后防重边界 (../issues/02-decide-demand-acceptance-execution-identity-and-completion-deduplication.md)"
"REQ-0004"	"../../../requirements/baselines/current-requirements-v1.0.0.md#req-0004"	"MesTaskUnionRound 只有 SUCCESS、FAILURE、INCOMPLETE 三类结果。只…"	"8005 MesIngest Windows Service、Host/领域投影、SQL Server、版本化 API/OpenAPI、MesIngestWatch 与外部可读目录"	"MVP 交互／安全依赖"	"MVP 交互／安全依赖"	"复核 02～11 票最终决议后保留候选结论：不要求在首期重建该条全部产品面，但MesIngest 目录与 Demand 事实中的事实、门禁或恢复语义是本旅程正确性/安全性的前置依赖；由决定 Demand 受理、执行身份与完成后防重边界 (../issues/02-decide-demand-acceptance-execution-identity-and-completion-deduplication.md)确认最小保留部分。"	"MesIngest 完整轮次→ExternallyReadableDemandCatalog/CatalogRevision→AcceptedDemandSnapshot→本地执行身份"	"误删可能让MesIngest 目录与 Demand 事实出现权威分叉、物理状态猜测、断联后重复副作用或无法恢复；误当完整首期功能则扩大范围。"	"读取并冻结目录身份；不得重建 MES 事实。"	"仅展示服务端已接受的 Demand 摘要，不自行读取 MES。"	"需要携带已接受执行身份和必要来源修订，不复制 MesIngest DTO。"	"决定 Demand 受理、执行身份与完成后防重边界 (../issues/02-decide-demand-acceptance-execution-identity-and-completion-deduplication.md)"
"REQ-0005"	"../../../requirements/baselines/current-requirements-v1.0.0.md#req-0005"	"PollTraceId 及其规范化内容摘要构成轮次幂等边界；相同 id、相同内容不产生副作用，相同 id、不…"	"8005 MesIngest Windows Service、Host/领域投影、SQL Server、版本化 API/OpenAPI、MesIngestWatch 与外部可读目录"	"MVP 交互／安全依赖"	"MVP 交互／安全依赖"	"复核 02～11 票最终决议后保留候选结论：不要求在首期重建该条全部产品面，但MesIngest 目录与 Demand 事实中的事实、门禁或恢复语义是本旅程正确性/安全性的前置依赖；由决定 Demand 受理、执行身份与完成后防重边界 (../issues/02-decide-demand-acceptance-execution-identity-and-completion-deduplication.md)确认最小保留部分。"	"MesIngest 完整轮次→ExternallyReadableDemandCatalog/CatalogRevision→AcceptedDemandSnapshot→本地执行身份"	"误删可能让MesIngest 目录与 Demand 事实出现权威分叉、物理状态猜测、断联后重复副作用或无法恢复；误当完整首期功能则扩大范围。"	"读取并冻结目录身份；不得重建 MES 事实。"	"仅展示服务端已接受的 Demand 摘要，不自行读取 MES。"	"需要携带已接受执行身份和必要来源修订，不复制 MesIngest DTO。"	"决定 Demand 受理、执行身份与完成后防重边界 (../issues/02-decide-demand-acceptance-execution-identity-and-completion-deduplication.md)"
"REQ-0006"	"../../../requirements/baselines/current-requirements-v1.0.0.md#req-0006"	"每个 SUCCESS 使用一个 ProjectionCommit 原子提交轮次涉及的 PollTrace、D…"	"8005 MesIngest Windows Service、Host/领域投影、SQL Server、版本化 API/OpenAPI、MesIngestWatch 与外部可读目录"	"MVP 交互／安全依赖"	"MVP 交互／安全依赖"	"复核 02～11 票最终决议后保留候选结论：不要求在首期重建该条全部产品面，但MesIngest 目录与 Demand 事实中的事实、门禁或恢复语义是本旅程正确性/安全性的前置依赖；由决定 Demand 受理、执行身份与完成后防重边界 (../issues/02-decide-demand-acceptance-execution-identity-and-completion-deduplication.md)确认最小保留部分。"	"MesIngest 完整轮次→ExternallyReadableDemandCatalog/CatalogRevision→AcceptedDemandSnapshot→本地执行身份"	"误删可能让MesIngest 目录与 Demand 事实出现权威分叉、物理状态猜测、断联后重复副作用或无法恢复；误当完整首期功能则扩大范围。"	"读取并冻结目录身份；不得重建 MES 事实。"	"仅展示服务端已接受的 Demand 摘要，不自行读取 MES。"	"需要携带已接受执行身份和必要来源修订，不复制 MesIngest DTO。"	"决定 Demand 受理、执行身份与完成后防重边界 (../issues/02-decide-demand-acceptance-execution-identity-and-completion-deduplication.md)"
"REQ-0007"	"../../../requirements/baselines/current-requirements-v1.0.0.md#req-0007"	"原始行按稳定规范化内容排序后作为多重集合比较；数据库返回顺序本身不构成业务变化。"	"8005 MesIngest Windows Service、Host/领域投影、SQL Server、版本化 API/OpenAPI、MesIngestWatch 与外部可读目录"	"MVP 交互／安全依赖"	"MVP 交互／安全依赖"	"复核 02～11 票最终决议后保留候选结论：不要求在首期重建该条全部产品面，但MesIngest 目录与 Demand 事实中的事实、门禁或恢复语义是本旅程正确性/安全性的前置依赖；由决定 Demand 受理、执行身份与完成后防重边界 (../issues/02-decide-demand-acceptance-execution-identity-and-completion-deduplication.md)确认最小保留部分。"	"MesIngest 完整轮次→ExternallyReadableDemandCatalog/CatalogRevision→AcceptedDemandSnapshot→本地执行身份"	"误删可能让MesIngest 目录与 Demand 事实出现权威分叉、物理状态猜测、断联后重复副作用或无法恢复；误当完整首期功能则扩大范围。"	"读取并冻结目录身份；不得重建 MES 事实。"	"仅展示服务端已接受的 Demand 摘要，不自行读取 MES。"	"需要携带已接受执行身份和必要来源修订，不复制 MesIngest DTO。"	"决定 Demand 受理、执行身份与完成后防重边界 (../issues/02-decide-demand-acceptance-execution-identity-and-completion-deduplication.md)"
"REQ-0008"	"../../../requirements/baselines/current-requirements-v1.0.0.md#req-0008"	"缺少 SUBLOT 或 TASK_TYPE 的行形成 UnassignedMesObservation 并归…"	"8005 MesIngest Windows Service、Host/领域投影、SQL Server、版本化 API/OpenAPI、MesIngestWatch 与外部可读目录"	"MVP 交互／安全依赖"	"MVP 交互／安全依赖"	"复核 02～11 票最终决议后保留候选结论：不要求在首期重建该条全部产品面，但MesIngest 目录与 Demand 事实中的事实、门禁或恢复语义是本旅程正确性/安全性的前置依赖；由决定 Demand 受理、执行身份与完成后防重边界 (../issues/02-decide-demand-acceptance-execution-identity-and-completion-deduplication.md)确认最小保留部分。"	"MesIngest 完整轮次→ExternallyReadableDemandCatalog/CatalogRevision→AcceptedDemandSnapshot→本地执行身份"	"误删可能让MesIngest 目录与 Demand 事实出现权威分叉、物理状态猜测、断联后重复副作用或无法恢复；误当完整首期功能则扩大范围。"	"读取并冻结目录身份；不得重建 MES 事实。"	"仅展示服务端已接受的 Demand 摘要，不自行读取 MES。"	"需要携带已接受执行身份和必要来源修订，不复制 MesIngest DTO。"	"决定 Demand 受理、执行身份与完成后防重边界 (../issues/02-decide-demand-acceptance-execution-identity-and-completion-deduplication.md)"
"REQ-0009"	"../../../requirements/baselines/current-requirements-v1.0.0.md#req-0009"	"DemandSeries 由大小写与空白规则明确的 TransportDemandKey（SUBLOT + …"	"8005 MesIngest Windows Service、Host/领域投影、SQL Server、版本化 API/OpenAPI、MesIngestWatch 与外部可读目录"	"MVP 交互／安全依赖"	"MVP 交互／安全依赖"	"复核 02～11 票最终决议后保留候选结论：不要求在首期重建该条全部产品面，但MesIngest 目录与 Demand 事实中的事实、门禁或恢复语义是本旅程正确性/安全性的前置依赖；由决定 Demand 受理、执行身份与完成后防重边界 (../issues/02-decide-demand-acceptance-execution-identity-and-completion-deduplication.md)确认最小保留部分。"	"MesIngest 完整轮次→ExternallyReadableDemandCatalog/CatalogRevision→AcceptedDemandSnapshot→本地执行身份"	"误删可能让MesIngest 目录与 Demand 事实出现权威分叉、物理状态猜测、断联后重复副作用或无法恢复；误当完整首期功能则扩大范围。"	"读取并冻结目录身份；不得重建 MES 事实。"	"仅展示服务端已接受的 Demand 摘要，不自行读取 MES。"	"需要携带已接受执行身份和必要来源修订，不复制 MesIngest DTO。"	"决定 Demand 受理、执行身份与完成后防重边界 (../issues/02-decide-demand-acceptance-execution-identity-and-completion-deduplication.md)"
"REQ-0010"	"../../../requirements/baselines/current-requirements-v1.0.0.md#req-0010"	"DemandSeries 第一次本地观察时开始，稳定 SeriesId 永不因 GONE、重现或归档后可见而…"	"8005 MesIngest Windows Service、Host/领域投影、SQL Server、版本化 API/OpenAPI、MesIngestWatch 与外部可读目录"	"MVP 交互／安全依赖"	"MVP 交互／安全依赖"	"复核 02～11 票最终决议后保留候选结论：不要求在首期重建该条全部产品面，但MesIngest 目录与 Demand 事实中的事实、门禁或恢复语义是本旅程正确性/安全性的前置依赖；由决定 Demand 受理、执行身份与完成后防重边界 (../issues/02-decide-demand-acceptance-execution-identity-and-completion-deduplication.md)确认最小保留部分。"	"MesIngest 完整轮次→ExternallyReadableDemandCatalog/CatalogRevision→AcceptedDemandSnapshot→本地执行身份"	"误删可能让MesIngest 目录与 Demand 事实出现权威分叉、物理状态猜测、断联后重复副作用或无法恢复；误当完整首期功能则扩大范围。"	"读取并冻结目录身份；不得重建 MES 事实。"	"仅展示服务端已接受的 Demand 摘要，不自行读取 MES。"	"需要携带已接受执行身份和必要来源修订，不复制 MesIngest DTO。"	"决定 Demand 受理、执行身份与完成后防重边界 (../issues/02-decide-demand-acceptance-execution-identity-and-completion-deduplication.md)"
"REQ-0011"	"../../../requirements/baselines/current-requirements-v1.0.0.md#req-0011"	"TransportDemand 是 DemandSeries 内的一代实例。当前 Demand GONE 后…"	"8005 MesIngest Windows Service、Host/领域投影、SQL Server、版本化 API/OpenAPI、MesIngestWatch 与外部可读目录"	"MVP 交互／安全依赖"	"MVP 交互／安全依赖"	"复核 02～11 票最终决议后保留候选结论：不要求在首期重建该条全部产品面，但MesIngest 目录与 Demand 事实中的事实、门禁或恢复语义是本旅程正确性/安全性的前置依赖；由决定 Demand 受理、执行身份与完成后防重边界 (../issues/02-decide-demand-acceptance-execution-identity-and-completion-deduplication.md)确认最小保留部分。"	"MesIngest 完整轮次→ExternallyReadableDemandCatalog/CatalogRevision→AcceptedDemandSnapshot→本地执行身份"	"误删可能让MesIngest 目录与 Demand 事实出现权威分叉、物理状态猜测、断联后重复副作用或无法恢复；误当完整首期功能则扩大范围。"	"读取并冻结目录身份；不得重建 MES 事实。"	"仅展示服务端已接受的 Demand 摘要，不自行读取 MES。"	"需要携带已接受执行身份和必要来源修订，不复制 MesIngest DTO。"	"决定 Demand 受理、执行身份与完成后防重边界 (../issues/02-decide-demand-acceptance-execution-identity-and-completion-deduplication.md)"
"REQ-0012"	"../../../requirements/baselines/current-requirements-v1.0.0.md#req-0012"	"当前 VISIBLE Demand 的唯一原始行实时形成 LiveMesFieldSet；AREA、EQP、…"	"8005 MesIngest Windows Service、Host/领域投影、SQL Server、版本化 API/OpenAPI、MesIngestWatch 与外部可读目录"	"MVP 交互／安全依赖"	"MVP 交互／安全依赖"	"复核 02～11 票最终决议后保留候选结论：不要求在首期重建该条全部产品面，但MesIngest 目录与 Demand 事实中的事实、门禁或恢复语义是本旅程正确性/安全性的前置依赖；由决定 Demand 受理、执行身份与完成后防重边界 (../issues/02-decide-demand-acceptance-execution-identity-and-completion-deduplication.md)确认最小保留部分。"	"MesIngest 完整轮次→ExternallyReadableDemandCatalog/CatalogRevision→AcceptedDemandSnapshot→本地执行身份"	"误删可能让MesIngest 目录与 Demand 事实出现权威分叉、物理状态猜测、断联后重复副作用或无法恢复；误当完整首期功能则扩大范围。"	"读取并冻结目录身份；不得重建 MES 事实。"	"仅展示服务端已接受的 Demand 摘要，不自行读取 MES。"	"需要携带已接受执行身份和必要来源修订，不复制 MesIngest DTO。"	"决定 Demand 受理、执行身份与完成后防重边界 (../issues/02-decide-demand-acceptance-execution-identity-and-completion-deduplication.md)"
"REQ-0013"	"../../../requirements/baselines/current-requirements-v1.0.0.md#req-0013"	"DuplicateTransportDemandKeyObservation 保存同键的全部规范化原始行，不…"	"8005 MesIngest Windows Service、Host/领域投影、SQL Server、版本化 API/OpenAPI、MesIngestWatch 与外部可读目录"	"MVP 交互／安全依赖"	"MVP 交互／安全依赖"	"复核 02～11 票最终决议后保留候选结论：不要求在首期重建该条全部产品面，但MesIngest 目录与 Demand 事实中的事实、门禁或恢复语义是本旅程正确性/安全性的前置依赖；由决定 Demand 受理、执行身份与完成后防重边界 (../issues/02-decide-demand-acceptance-execution-identity-and-completion-deduplication.md)确认最小保留部分。"	"MesIngest 完整轮次→ExternallyReadableDemandCatalog/CatalogRevision→AcceptedDemandSnapshot→本地执行身份"	"误删可能让MesIngest 目录与 Demand 事实出现权威分叉、物理状态猜测、断联后重复副作用或无法恢复；误当完整首期功能则扩大范围。"	"读取并冻结目录身份；不得重建 MES 事实。"	"仅展示服务端已接受的 Demand 摘要，不自行读取 MES。"	"需要携带已接受执行身份和必要来源修订，不复制 MesIngest DTO。"	"决定 Demand 受理、执行身份与完成后防重边界 (../issues/02-decide-demand-acceptance-execution-identity-and-completion-deduplication.md)"
"REQ-0014"	"../../../requirements/baselines/current-requirements-v1.0.0.md#req-0014"	"WorkType 来自 TASK_TYPE 并参与业务键；同一 SUBLOT 多 WorkType 各自形成…"	"8005 MesIngest Windows Service、Host/领域投影、SQL Server、版本化 API/OpenAPI、MesIngestWatch 与外部可读目录"	"MVP 交互／安全依赖"	"MVP 交互／安全依赖"	"复核 02～11 票最终决议后保留候选结论：不要求在首期重建该条全部产品面，但MesIngest 目录与 Demand 事实中的事实、门禁或恢复语义是本旅程正确性/安全性的前置依赖；由决定 Demand 受理、执行身份与完成后防重边界 (../issues/02-decide-demand-acceptance-execution-identity-and-completion-deduplication.md)确认最小保留部分。"	"MesIngest 完整轮次→ExternallyReadableDemandCatalog/CatalogRevision→AcceptedDemandSnapshot→本地执行身份"	"误删可能让MesIngest 目录与 Demand 事实出现权威分叉、物理状态猜测、断联后重复副作用或无法恢复；误当完整首期功能则扩大范围。"	"读取并冻结目录身份；不得重建 MES 事实。"	"仅展示服务端已接受的 Demand 摘要，不自行读取 MES。"	"需要携带已接受执行身份和必要来源修订，不复制 MesIngest DTO。"	"决定 Demand 受理、执行身份与完成后防重边界 (../issues/02-decide-demand-acceptance-execution-identity-and-completion-deduplication.md)"
"REQ-0015"	"../../../requirements/baselines/current-requirements-v1.0.0.md#req-0015"	"Demand 缺席只能由模块根据完整 SUCCESS、RestartBarrier 和 TaskTypePr…"	"8005 MesIngest Windows Service、Host/领域投影、SQL Server、版本化 API/OpenAPI、MesIngestWatch 与外部可读目录"	"MVP 交互／安全依赖"	"MVP 交互／安全依赖"	"复核 02～11 票最终决议后保留候选结论：不要求在首期重建该条全部产品面，但MesIngest 目录与 Demand 事实中的事实、门禁或恢复语义是本旅程正确性/安全性的前置依赖；由决定 Demand 受理、执行身份与完成后防重边界 (../issues/02-decide-demand-acceptance-execution-identity-and-completion-deduplication.md)确认最小保留部分。"	"MesIngest 完整轮次→ExternallyReadableDemandCatalog/CatalogRevision→AcceptedDemandSnapshot→本地执行身份"	"误删可能让MesIngest 目录与 Demand 事实出现权威分叉、物理状态猜测、断联后重复副作用或无法恢复；误当完整首期功能则扩大范围。"	"读取并冻结目录身份；不得重建 MES 事实。"	"仅展示服务端已接受的 Demand 摘要，不自行读取 MES。"	"需要携带已接受执行身份和必要来源修订，不复制 MesIngest DTO。"	"决定 Demand 受理、执行身份与完成后防重边界 (../issues/02-decide-demand-acceptance-execution-identity-and-completion-deduplication.md)"
"REQ-0016"	"../../../requirements/baselines/current-requirements-v1.0.0.md#req-0016"	"服务启动进入两轮重启保护：第一轮完整结果建立基线，第二轮结束保护，下一轮才拥有缺席权威。保护阶段仍可创建/更…"	"8005 MesIngest Windows Service、Host/领域投影、SQL Server、版本化 API/OpenAPI、MesIngestWatch 与外部可读目录"	"MVP 交互／安全依赖"	"MVP 交互／安全依赖"	"复核 02～11 票最终决议后保留候选结论：不要求在首期重建该条全部产品面，但MesIngest 目录与 Demand 事实中的事实、门禁或恢复语义是本旅程正确性/安全性的前置依赖；由决定 Demand 受理、执行身份与完成后防重边界 (../issues/02-decide-demand-acceptance-execution-identity-and-completion-deduplication.md)确认最小保留部分。"	"MesIngest 完整轮次→ExternallyReadableDemandCatalog/CatalogRevision→AcceptedDemandSnapshot→本地执行身份"	"误删可能让MesIngest 目录与 Demand 事实出现权威分叉、物理状态猜测、断联后重复副作用或无法恢复；误当完整首期功能则扩大范围。"	"读取并冻结目录身份；不得重建 MES 事实。"	"仅展示服务端已接受的 Demand 摘要，不自行读取 MES。"	"需要携带已接受执行身份和必要来源修订，不复制 MesIngest DTO。"	"决定 Demand 受理、执行身份与完成后防重边界 (../issues/02-decide-demand-acceptance-execution-identity-and-completion-deduplication.md)"
"REQ-0017"	"../../../requirements/baselines/current-requirements-v1.0.0.md#req-0017"	"PausedZeroDrop / TaskTypeProtection 沿用每 WorkType 健康非零基…"	"8005 MesIngest Windows Service、Host/领域投影、SQL Server、版本化 API/OpenAPI、MesIngestWatch 与外部可读目录"	"MVP 交互／安全依赖"	"MVP 交互／安全依赖"	"复核 02～11 票最终决议后保留候选结论：不要求在首期重建该条全部产品面，但MesIngest 目录与 Demand 事实中的事实、门禁或恢复语义是本旅程正确性/安全性的前置依赖；由决定 Demand 受理、执行身份与完成后防重边界 (../issues/02-decide-demand-acceptance-execution-identity-and-completion-deduplication.md)确认最小保留部分。"	"MesIngest 完整轮次→ExternallyReadableDemandCatalog/CatalogRevision→AcceptedDemandSnapshot→本地执行身份"	"误删可能让MesIngest 目录与 Demand 事实出现权威分叉、物理状态猜测、断联后重复副作用或无法恢复；误当完整首期功能则扩大范围。"	"读取并冻结目录身份；不得重建 MES 事实。"	"仅展示服务端已接受的 Demand 摘要，不自行读取 MES。"	"需要携带已接受执行身份和必要来源修订，不复制 MesIngest DTO。"	"决定 Demand 受理、执行身份与完成后防重边界 (../issues/02-decide-demand-acceptance-execution-identity-and-completion-deduplication.md)"
"REQ-0018"	"../../../requirements/baselines/current-requirements-v1.0.0.md#req-0018"	"有缺席权威的首个完整成功缺席轮次即把当前 Demand 标为 GONE；不再沿用旧版“连续两轮缺席才 GON…"	"8005 MesIngest Windows Service、Host/领域投影、SQL Server、版本化 API/OpenAPI、MesIngestWatch 与外部可读目录"	"MVP 交互／安全依赖"	"MVP 交互／安全依赖"	"复核 02～11 票最终决议后保留候选结论：不要求在首期重建该条全部产品面，但MesIngest 目录与 Demand 事实中的事实、门禁或恢复语义是本旅程正确性/安全性的前置依赖；由决定 Demand 受理、执行身份与完成后防重边界 (../issues/02-decide-demand-acceptance-execution-identity-and-completion-deduplication.md)确认最小保留部分。"	"MesIngest 完整轮次→ExternallyReadableDemandCatalog/CatalogRevision→AcceptedDemandSnapshot→本地执行身份"	"误删可能让MesIngest 目录与 Demand 事实出现权威分叉、物理状态猜测、断联后重复副作用或无法恢复；误当完整首期功能则扩大范围。"	"读取并冻结目录身份；不得重建 MES 事实。"	"仅展示服务端已接受的 Demand 摘要，不自行读取 MES。"	"需要携带已接受执行身份和必要来源修订，不复制 MesIngest DTO。"	"决定 Demand 受理、执行身份与完成后防重边界 (../issues/02-decide-demand-acceptance-execution-identity-and-completion-deduplication.md)"
"REQ-0019"	"../../../requirements/baselines/current-requirements-v1.0.0.md#req-0019"	"DemandSeries 从 GoneConfirmedAt 起连续 GONE 满 12 小时后，只能在后续…"	"8005 MesIngest Windows Service、Host/领域投影、SQL Server、版本化 API/OpenAPI、MesIngestWatch 与外部可读目录"	"MVP 交互／安全依赖"	"MVP 交互／安全依赖"	"复核 02～11 票最终决议后保留候选结论：不要求在首期重建该条全部产品面，但MesIngest 目录与 Demand 事实中的事实、门禁或恢复语义是本旅程正确性/安全性的前置依赖；由决定 Demand 受理、执行身份与完成后防重边界 (../issues/02-decide-demand-acceptance-execution-identity-and-completion-deduplication.md)确认最小保留部分。"	"MesIngest 完整轮次→ExternallyReadableDemandCatalog/CatalogRevision→AcceptedDemandSnapshot→本地执行身份"	"误删可能让MesIngest 目录与 Demand 事实出现权威分叉、物理状态猜测、断联后重复副作用或无法恢复；误当完整首期功能则扩大范围。"	"读取并冻结目录身份；不得重建 MES 事实。"	"仅展示服务端已接受的 Demand 摘要，不自行读取 MES。"	"需要携带已接受执行身份和必要来源修订，不复制 MesIngest DTO。"	"决定 Demand 受理、执行身份与完成后防重边界 (../issues/02-decide-demand-acceptance-execution-identity-and-completion-deduplication.md)"
"REQ-0020"	"../../../requirements/baselines/current-requirements-v1.0.0.md#req-0020"	"归档是不可逆生命周期转换。归档后重现继续原 Series 并创建新的 Watch Demand 世代，但产生…"	"8005 MesIngest Windows Service、Host/领域投影、SQL Server、版本化 API/OpenAPI、MesIngestWatch 与外部可读目录"	"MVP 交互／安全依赖"	"MVP 交互／安全依赖"	"复核 02～11 票最终决议后保留候选结论：不要求在首期重建该条全部产品面，但MesIngest 目录与 Demand 事实中的事实、门禁或恢复语义是本旅程正确性/安全性的前置依赖；由决定 Demand 受理、执行身份与完成后防重边界 (../issues/02-decide-demand-acceptance-execution-identity-and-completion-deduplication.md)确认最小保留部分。"	"MesIngest 完整轮次→ExternallyReadableDemandCatalog/CatalogRevision→AcceptedDemandSnapshot→本地执行身份"	"误删可能让MesIngest 目录与 Demand 事实出现权威分叉、物理状态猜测、断联后重复副作用或无法恢复；误当完整首期功能则扩大范围。"	"读取并冻结目录身份；不得重建 MES 事实。"	"仅展示服务端已接受的 Demand 摘要，不自行读取 MES。"	"需要携带已接受执行身份和必要来源修订，不复制 MesIngest DTO。"	"决定 Demand 受理、执行身份与完成后防重边界 (../issues/02-decide-demand-acceptance-execution-identity-and-completion-deduplication.md)"
"REQ-0021"	"../../../requirements/baselines/current-requirements-v1.0.0.md#req-0021"	"SeriesErrorCatalog 由领域契约版本化发布。第一版五个代码和四个主分类固定；代码可以新增或 …"	"8005 MesIngest Windows Service、Host/领域投影、SQL Server、版本化 API/OpenAPI、MesIngestWatch 与外部可读目录"	"MVP 交互／安全依赖"	"MVP 交互／安全依赖"	"复核 02～11 票最终决议后保留候选结论：不要求在首期重建该条全部产品面，但MesIngest 目录与 Demand 事实中的事实、门禁或恢复语义是本旅程正确性/安全性的前置依赖；由决定 Demand 受理、执行身份与完成后防重边界 (../issues/02-decide-demand-acceptance-execution-identity-and-completion-deduplication.md)确认最小保留部分。"	"MesIngest 完整轮次→ExternallyReadableDemandCatalog/CatalogRevision→AcceptedDemandSnapshot→本地执行身份"	"误删可能让MesIngest 目录与 Demand 事实出现权威分叉、物理状态猜测、断联后重复副作用或无法恢复；误当完整首期功能则扩大范围。"	"读取并冻结目录身份；不得重建 MES 事实。"	"仅展示服务端已接受的 Demand 摘要，不自行读取 MES。"	"需要携带已接受执行身份和必要来源修订，不复制 MesIngest DTO。"	"决定 Demand 受理、执行身份与完成后防重边界 (../issues/02-decide-demand-acceptance-execution-identity-and-completion-deduplication.md)"
"REQ-0022"	"../../../requirements/baselines/current-requirements-v1.0.0.md#req-0022"	"DemandSeriesCurrentCondition 是 DemandSeriesEvent 的当前投影…"	"8005 MesIngest Windows Service、Host/领域投影、SQL Server、版本化 API/OpenAPI、MesIngestWatch 与外部可读目录"	"MVP 交互／安全依赖"	"MVP 交互／安全依赖"	"复核 02～11 票最终决议后保留候选结论：不要求在首期重建该条全部产品面，但MesIngest 目录与 Demand 事实中的事实、门禁或恢复语义是本旅程正确性/安全性的前置依赖；由决定 Demand 受理、执行身份与完成后防重边界 (../issues/02-decide-demand-acceptance-execution-identity-and-completion-deduplication.md)确认最小保留部分。"	"MesIngest 完整轮次→ExternallyReadableDemandCatalog/CatalogRevision→AcceptedDemandSnapshot→本地执行身份"	"误删可能让MesIngest 目录与 Demand 事实出现权威分叉、物理状态猜测、断联后重复副作用或无法恢复；误当完整首期功能则扩大范围。"	"读取并冻结目录身份；不得重建 MES 事实。"	"仅展示服务端已接受的 Demand 摘要，不自行读取 MES。"	"需要携带已接受执行身份和必要来源修订，不复制 MesIngest DTO。"	"决定 Demand 受理、执行身份与完成后防重边界 (../issues/02-decide-demand-acceptance-execution-identity-and-completion-deduplication.md)"
"REQ-0023"	"../../../requirements/baselines/current-requirements-v1.0.0.md#req-0023"	"DemandSeriesErrorPeriod 从事件推导并永久保留。Demand 级错误不得跨 Deman…"	"8005 MesIngest Windows Service、Host/领域投影、SQL Server、版本化 API/OpenAPI、MesIngestWatch 与外部可读目录"	"MVP 交互／安全依赖"	"MVP 交互／安全依赖"	"复核 02～11 票最终决议后保留候选结论：不要求在首期重建该条全部产品面，但MesIngest 目录与 Demand 事实中的事实、门禁或恢复语义是本旅程正确性/安全性的前置依赖；由决定 Demand 受理、执行身份与完成后防重边界 (../issues/02-decide-demand-acceptance-execution-identity-and-completion-deduplication.md)确认最小保留部分。"	"MesIngest 完整轮次→ExternallyReadableDemandCatalog/CatalogRevision→AcceptedDemandSnapshot→本地执行身份"	"误删可能让MesIngest 目录与 Demand 事实出现权威分叉、物理状态猜测、断联后重复副作用或无法恢复；误当完整首期功能则扩大范围。"	"读取并冻结目录身份；不得重建 MES 事实。"	"仅展示服务端已接受的 Demand 摘要，不自行读取 MES。"	"需要携带已接受执行身份和必要来源修订，不复制 MesIngest DTO。"	"决定 Demand 受理、执行身份与完成后防重边界 (../issues/02-decide-demand-acceptance-execution-identity-and-completion-deduplication.md)"
"REQ-0024"	"../../../requirements/baselines/current-requirements-v1.0.0.md#req-0024"	"Series 错误证据使用 Host 在完整成功轮次中的 UTC 时间；不使用 MesSourceDate …"	"8005 MesIngest Windows Service、Host/领域投影、SQL Server、版本化 API/OpenAPI、MesIngestWatch 与外部可读目录"	"MVP 交互／安全依赖"	"MVP 交互／安全依赖"	"复核 02～11 票最终决议后保留候选结论：不要求在首期重建该条全部产品面，但MesIngest 目录与 Demand 事实中的事实、门禁或恢复语义是本旅程正确性/安全性的前置依赖；由决定 Demand 受理、执行身份与完成后防重边界 (../issues/02-decide-demand-acceptance-execution-identity-and-completion-deduplication.md)确认最小保留部分。"	"MesIngest 完整轮次→ExternallyReadableDemandCatalog/CatalogRevision→AcceptedDemandSnapshot→本地执行身份"	"误删可能让MesIngest 目录与 Demand 事实出现权威分叉、物理状态猜测、断联后重复副作用或无法恢复；误当完整首期功能则扩大范围。"	"读取并冻结目录身份；不得重建 MES 事实。"	"仅展示服务端已接受的 Demand 摘要，不自行读取 MES。"	"需要携带已接受执行身份和必要来源修订，不复制 MesIngest DTO。"	"决定 Demand 受理、执行身份与完成后防重边界 (../issues/02-decide-demand-acceptance-execution-identity-and-completion-deduplication.md)"
"REQ-0025"	"../../../requirements/baselines/current-requirements-v1.0.0.md#req-0025"	"错误期间只由完整 SUCCESS 的明确反证以 CONDITION_CLEARED 或 DEMAND_GON…"	"8005 MesIngest Windows Service、Host/领域投影、SQL Server、版本化 API/OpenAPI、MesIngestWatch 与外部可读目录"	"MVP 交互／安全依赖"	"MVP 交互／安全依赖"	"复核 02～11 票最终决议后保留候选结论：不要求在首期重建该条全部产品面，但MesIngest 目录与 Demand 事实中的事实、门禁或恢复语义是本旅程正确性/安全性的前置依赖；由决定 Demand 受理、执行身份与完成后防重边界 (../issues/02-decide-demand-acceptance-execution-identity-and-completion-deduplication.md)确认最小保留部分。"	"MesIngest 完整轮次→ExternallyReadableDemandCatalog/CatalogRevision→AcceptedDemandSnapshot→本地执行身份"	"误删可能让MesIngest 目录与 Demand 事实出现权威分叉、物理状态猜测、断联后重复副作用或无法恢复；误当完整首期功能则扩大范围。"	"读取并冻结目录身份；不得重建 MES 事实。"	"仅展示服务端已接受的 Demand 摘要，不自行读取 MES。"	"需要携带已接受执行身份和必要来源修订，不复制 MesIngest DTO。"	"决定 Demand 受理、执行身份与完成后防重边界 (../issues/02-decide-demand-acceptance-execution-identity-and-completion-deduplication.md)"
"REQ-0026"	"../../../requirements/baselines/current-requirements-v1.0.0.md#req-0026"	"ExternallyReadableDemand 的判定由领域层集中执行：VISIBLE、唯一观测、全部必填…"	"8005 MesIngest Windows Service、Host/领域投影、SQL Server、版本化 API/OpenAPI、MesIngestWatch 与外部可读目录"	"MVP 直接必须"	"MVP 直接必须"	"复核 02～11 票最终决议后保留候选结论：该条直接约束单 WIRE_TO_GATE 旅程的MesIngest 目录与 Demand 事实；候选纳入首期，精确字段/状态仍由决定 Demand 受理、执行身份与完成后防重边界 (../issues/02-decide-demand-acceptance-execution-identity-and-completion-deduplication.md)收口。"	"MesIngest 完整轮次→ExternallyReadableDemandCatalog/CatalogRevision→AcceptedDemandSnapshot→本地执行身份"	"误删会使MesIngest 目录与 Demand 事实主旅程或现场验收无法闭环，并可能造成重复执行、错误站点/仓位或不可证明完成。"	"读取并冻结目录身份；不得重建 MES 事实。"	"仅展示服务端已接受的 Demand 摘要，不自行读取 MES。"	"需要携带已接受执行身份和必要来源修订，不复制 MesIngest DTO。"	"决定 Demand 受理、执行身份与完成后防重边界 (../issues/02-decide-demand-acceptance-execution-identity-and-completion-deduplication.md)"
"REQ-0027"	"../../../requirements/baselines/current-requirements-v1.0.0.md#req-0027"	"ReadabilityBlockerCatalog 与 SeriesErrorCatalog 分离。阻断码解…"	"8005 MesIngest Windows Service、Host/领域投影、SQL Server、版本化 API/OpenAPI、MesIngestWatch 与外部可读目录"	"MVP 交互／安全依赖"	"MVP 交互／安全依赖"	"复核 02～11 票最终决议后保留候选结论：不要求在首期重建该条全部产品面，但MesIngest 目录与 Demand 事实中的事实、门禁或恢复语义是本旅程正确性/安全性的前置依赖；由决定 Demand 受理、执行身份与完成后防重边界 (../issues/02-decide-demand-acceptance-execution-identity-and-completion-deduplication.md)确认最小保留部分。"	"MesIngest 完整轮次→ExternallyReadableDemandCatalog/CatalogRevision→AcceptedDemandSnapshot→本地执行身份"	"误删可能让MesIngest 目录与 Demand 事实出现权威分叉、物理状态猜测、断联后重复副作用或无法恢复；误当完整首期功能则扩大范围。"	"读取并冻结目录身份；不得重建 MES 事实。"	"仅展示服务端已接受的 Demand 摘要，不自行读取 MES。"	"需要携带已接受执行身份和必要来源修订，不复制 MesIngest DTO。"	"决定 Demand 受理、执行身份与完成后防重边界 (../issues/02-decide-demand-acceptance-execution-identity-and-completion-deduplication.md)"
"REQ-0028"	"../../../requirements/baselines/current-requirements-v1.0.0.md#req-0028"	"ExternallyReadableDemandCatalog 始终包含全范围的当前合格 Demand，不接…"	"8005 MesIngest Windows Service、Host/领域投影、SQL Server、版本化 API/OpenAPI、MesIngestWatch 与外部可读目录"	"MVP 直接必须"	"MVP 直接必须"	"复核 02～11 票最终决议后保留候选结论：该条直接约束单 WIRE_TO_GATE 旅程的MesIngest 目录与 Demand 事实；候选纳入首期，精确字段/状态仍由决定 Demand 受理、执行身份与完成后防重边界 (../issues/02-decide-demand-acceptance-execution-identity-and-completion-deduplication.md)收口。"	"MesIngest 完整轮次→ExternallyReadableDemandCatalog/CatalogRevision→AcceptedDemandSnapshot→本地执行身份"	"误删会使MesIngest 目录与 Demand 事实主旅程或现场验收无法闭环，并可能造成重复执行、错误站点/仓位或不可证明完成。"	"读取并冻结目录身份；不得重建 MES 事实。"	"仅展示服务端已接受的 Demand 摘要，不自行读取 MES。"	"需要携带已接受执行身份和必要来源修订，不复制 MesIngest DTO。"	"决定 Demand 受理、执行身份与完成后防重边界 (../issues/02-decide-demand-acceptance-execution-identity-and-completion-deduplication.md)"
"REQ-0029"	"../../../requirements/baselines/current-requirements-v1.0.0.md#req-0029"	"CatalogRevision 是单调版本，仅在目录成员或成员业务值变化时递增；同一轮多项变化只产生一个新修…"	"8005 MesIngest Windows Service、Host/领域投影、SQL Server、版本化 API/OpenAPI、MesIngestWatch 与外部可读目录"	"MVP 直接必须"	"MVP 直接必须"	"复核 02～11 票最终决议后保留候选结论：该条直接约束单 WIRE_TO_GATE 旅程的MesIngest 目录与 Demand 事实；候选纳入首期，精确字段/状态仍由决定 Demand 受理、执行身份与完成后防重边界 (../issues/02-decide-demand-acceptance-execution-identity-and-completion-deduplication.md)收口。"	"MesIngest 完整轮次→ExternallyReadableDemandCatalog/CatalogRevision→AcceptedDemandSnapshot→本地执行身份"	"误删会使MesIngest 目录与 Demand 事实主旅程或现场验收无法闭环，并可能造成重复执行、错误站点/仓位或不可证明完成。"	"读取并冻结目录身份；不得重建 MES 事实。"	"仅展示服务端已接受的 Demand 摘要，不自行读取 MES。"	"需要携带已接受执行身份和必要来源修订，不复制 MesIngest DTO。"	"决定 Demand 受理、执行身份与完成后防重边界 (../issues/02-decide-demand-acceptance-execution-identity-and-completion-deduplication.md)"
"REQ-0030"	"../../../requirements/baselines/current-requirements-v1.0.0.md#req-0030"	"新契约删除 DemandChangeFeed、bootstrap high-watermark 和 SYNC…"	"8005 MesIngest Windows Service、Host/领域投影、SQL Server、版本化 API/OpenAPI、MesIngestWatch 与外部可读目录"	"MVP 直接必须"	"MVP 直接必须"	"复核 02～11 票最终决议后保留候选结论：该条直接约束单 WIRE_TO_GATE 旅程的MesIngest 目录与 Demand 事实；候选纳入首期，精确字段/状态仍由决定 Demand 受理、执行身份与完成后防重边界 (../issues/02-decide-demand-acceptance-execution-identity-and-completion-deduplication.md)收口。"	"MesIngest 完整轮次→ExternallyReadableDemandCatalog/CatalogRevision→AcceptedDemandSnapshot→本地执行身份"	"误删会使MesIngest 目录与 Demand 事实主旅程或现场验收无法闭环，并可能造成重复执行、错误站点/仓位或不可证明完成。"	"读取并冻结目录身份；不得重建 MES 事实。"	"仅展示服务端已接受的 Demand 摘要，不自行读取 MES。"	"需要携带已接受执行身份和必要来源修订，不复制 MesIngest DTO。"	"决定 Demand 受理、执行身份与完成后防重边界 (../issues/02-decide-demand-acceptance-execution-identity-and-completion-deduplication.md)"
"REQ-0031"	"../../../requirements/baselines/current-requirements-v1.0.0.md#req-0031"	"外部消费者在执行承诺点必须最终读取并保存不可变 AcceptedDemandSnapshot、Catalog…"	"8005 MesIngest Windows Service、Host/领域投影、SQL Server、版本化 API/OpenAPI、MesIngestWatch 与外部可读目录"	"MVP 直接必须"	"MVP 直接必须"	"复核 02～11 票最终决议后保留候选结论：该条直接约束单 WIRE_TO_GATE 旅程的MesIngest 目录与 Demand 事实；候选纳入首期，精确字段/状态仍由决定 Demand 受理、执行身份与完成后防重边界 (../issues/02-decide-demand-acceptance-execution-identity-and-completion-deduplication.md)收口。"	"MesIngest 完整轮次→ExternallyReadableDemandCatalog/CatalogRevision→AcceptedDemandSnapshot→本地执行身份"	"误删会使MesIngest 目录与 Demand 事实主旅程或现场验收无法闭环，并可能造成重复执行、错误站点/仓位或不可证明完成。"	"读取并冻结目录身份；不得重建 MES 事实。"	"仅展示服务端已接受的 Demand 摘要，不自行读取 MES。"	"需要携带已接受执行身份和必要来源修订，不复制 MesIngest DTO。"	"决定 Demand 受理、执行身份与完成后防重边界 (../issues/02-decide-demand-acceptance-execution-identity-and-completion-deduplication.md)"
"REQ-0032"	"../../../requirements/baselines/current-requirements-v1.0.0.md#req-0032"	"WatchDemandProjection 包含全部 Demand、原始观测、实时字段、当前条件和资格，不按…"	"8005 MesIngest Windows Service、Host/领域投影、SQL Server、版本化 API/OpenAPI、MesIngestWatch 与外部可读目录"	"本场景不适用"	"本场景不适用"	"复核 02～11 票最终决议后保留候选结论：该条核心行为落在本地图已排除或未采用的MesIngest Watch、历史与运维范围；不进入首期实现，但保留原基线身份并由最终批准 MVP 精确需求适用性清单 (../issues/12-approve-exact-mvp-requirement-applicability-profile.md)最终逐条复核。"	"MesIngest 运维/Watch 能力→真实目录可用性证据；不进入 ControlServer—OnboardHmi 主旅程"	"误纳入会引入范围外状态、页面或协议消息；误把其中可复用的小型门禁一并删除，可能遗漏依赖，故仍需最终 HITL 复核。"	"无首期实现影响；只保留为基线追溯，禁止误删原需求。"	"无首期实现影响；只保留为基线追溯，禁止误删原需求。"	"不进入 ProtocolVersion 1；不得为范围外能力预留未定义消息。"	"最终批准 MVP 精确需求适用性清单 (../issues/12-approve-exact-mvp-requirement-applicability-profile.md)"
"REQ-0033"	"../../../requirements/baselines/current-requirements-v1.0.0.md#req-0033"	"ReadabilityAuditSnapshot 绑定 ProjectionCommit 身份并携带当时 C…"	"8005 MesIngest Windows Service、Host/领域投影、SQL Server、版本化 API/OpenAPI、MesIngestWatch 与外部可读目录"	"本场景不适用"	"本场景不适用"	"复核 02～11 票最终决议后保留候选结论：该条核心行为落在本地图已排除或未采用的MesIngest Watch、历史与运维范围；不进入首期实现，但保留原基线身份并由最终批准 MVP 精确需求适用性清单 (../issues/12-approve-exact-mvp-requirement-applicability-profile.md)最终逐条复核。"	"MesIngest 运维/Watch 能力→真实目录可用性证据；不进入 ControlServer—OnboardHmi 主旅程"	"误纳入会引入范围外状态、页面或协议消息；误把其中可复用的小型门禁一并删除，可能遗漏依赖，故仍需最终 HITL 复核。"	"无首期实现影响；只保留为基线追溯，禁止误删原需求。"	"无首期实现影响；只保留为基线追溯，禁止误删原需求。"	"不进入 ProtocolVersion 1；不得为范围外能力预留未定义消息。"	"最终批准 MVP 精确需求适用性清单 (../issues/12-approve-exact-mvp-requirement-applicability-profile.md)"
"REQ-0034"	"../../../requirements/baselines/current-requirements-v1.0.0.md#req-0034"	"资格审计的筛选、精确计数、分面、稳定顺序、分页和详情均在 Host 端基于同一快照完成。默认 100、最大 …"	"8005 MesIngest Windows Service、Host/领域投影、SQL Server、版本化 API/OpenAPI、MesIngestWatch 与外部可读目录"	"本场景不适用"	"本场景不适用"	"复核 02～11 票最终决议后保留候选结论：该条核心行为落在本地图已排除或未采用的MesIngest Watch、历史与运维范围；不进入首期实现，但保留原基线身份并由最终批准 MVP 精确需求适用性清单 (../issues/12-approve-exact-mvp-requirement-applicability-profile.md)最终逐条复核。"	"MesIngest 运维/Watch 能力→真实目录可用性证据；不进入 ControlServer—OnboardHmi 主旅程"	"误纳入会引入范围外状态、页面或协议消息；误把其中可复用的小型门禁一并删除，可能遗漏依赖，故仍需最终 HITL 复核。"	"无首期实现影响；只保留为基线追溯，禁止误删原需求。"	"无首期实现影响；只保留为基线追溯，禁止误删原需求。"	"不进入 ProtocolVersion 1；不得为范围外能力预留未定义消息。"	"最终批准 MVP 精确需求适用性清单 (../issues/12-approve-exact-mvp-requirement-applicability-profile.md)"
"REQ-0035"	"../../../requirements/baselines/current-requirements-v1.0.0.md#req-0035"	"ErrorSearchSnapshot 由 Host 在 ErrorSearchAsOf 从永久 Deman…"	"8005 MesIngest Windows Service、Host/领域投影、SQL Server、版本化 API/OpenAPI、MesIngestWatch 与外部可读目录"	"本场景不适用"	"本场景不适用"	"复核 02～11 票最终决议后保留候选结论：该条核心行为落在本地图已排除或未采用的MesIngest Watch、历史与运维范围；不进入首期实现，但保留原基线身份并由最终批准 MVP 精确需求适用性清单 (../issues/12-approve-exact-mvp-requirement-applicability-profile.md)最终逐条复核。"	"MesIngest 运维/Watch 能力→真实目录可用性证据；不进入 ControlServer—OnboardHmi 主旅程"	"误纳入会引入范围外状态、页面或协议消息；误把其中可复用的小型门禁一并删除，可能遗漏依赖，故仍需最终 HITL 复核。"	"无首期实现影响；只保留为基线追溯，禁止误删原需求。"	"无首期实现影响；只保留为基线追溯，禁止误删原需求。"	"不进入 ProtocolVersion 1；不得为范围外能力预留未定义消息。"	"最终批准 MVP 精确需求适用性清单 (../issues/12-approve-exact-mvp-requirement-applicability-profile.md)"
"REQ-0036"	"../../../requirements/baselines/current-requirements-v1.0.0.md#req-0036"	"错误历史查询结果按 DemandSeries 去重，固定 ACTIVE 优先、最近证据降序、SeriesId…"	"8005 MesIngest Windows Service、Host/领域投影、SQL Server、版本化 API/OpenAPI、MesIngestWatch 与外部可读目录"	"本场景不适用"	"本场景不适用"	"复核 02～11 票最终决议后保留候选结论：该条核心行为落在本地图已排除或未采用的MesIngest Watch、历史与运维范围；不进入首期实现，但保留原基线身份并由最终批准 MVP 精确需求适用性清单 (../issues/12-approve-exact-mvp-requirement-applicability-profile.md)最终逐条复核。"	"MesIngest 运维/Watch 能力→真实目录可用性证据；不进入 ControlServer—OnboardHmi 主旅程"	"误纳入会引入范围外状态、页面或协议消息；误把其中可复用的小型门禁一并删除，可能遗漏依赖，故仍需最终 HITL 复核。"	"无首期实现影响；只保留为基线追溯，禁止误删原需求。"	"无首期实现影响；只保留为基线追溯，禁止误删原需求。"	"不进入 ProtocolVersion 1；不得为范围外能力预留未定义消息。"	"最终批准 MVP 精确需求适用性清单 (../issues/12-approve-exact-mvp-requirement-applicability-profile.md)"
"REQ-0037"	"../../../requirements/baselines/current-requirements-v1.0.0.md#req-0037"	"CurrentIngestAttention 只表示当前运维关注，可投影活动 Series 错误、PollR…"	"8005 MesIngest Windows Service、Host/领域投影、SQL Server、版本化 API/OpenAPI、MesIngestWatch 与外部可读目录"	"首期延后"	"首期延后"	"复核 02～11 票最终决议后保留候选结论：仅作为真实 MesIngest 试运行健康证据候选；完整 Current Attention 产品面不进入双仓库首期。"	"MesIngest 运维/Watch 能力→真实目录可用性证据；不进入 ControlServer—OnboardHmi 主旅程"	"过早纳入会扩大首期和联调面；若后续证明它是安全/验收必要链却未升级，则会形成隐藏缺口。"	"仅在试运行门禁中消费健康/契约身份。"	"无 MesIngestWatch 页面实现。"	"通常无；健康身份只在诊断证据中引用。"	"最终批准 MVP 精确需求适用性清单 (../issues/12-approve-exact-mvp-requirement-applicability-profile.md)"
"REQ-0038"	"../../../requirements/baselines/current-requirements-v1.0.0.md#req-0038"	"WatchOverviewSnapshot 由 Host 从一个 ProjectionCommit 原子计算…"	"8005 MesIngest Windows Service、Host/领域投影、SQL Server、版本化 API/OpenAPI、MesIngestWatch 与外部可读目录"	"本场景不适用"	"本场景不适用"	"复核 02～11 票最终决议后保留候选结论：该条核心行为落在本地图已排除或未采用的MesIngest Watch、历史与运维范围；不进入首期实现，但保留原基线身份并由最终批准 MVP 精确需求适用性清单 (../issues/12-approve-exact-mvp-requirement-applicability-profile.md)最终逐条复核。"	"MesIngest 运维/Watch 能力→真实目录可用性证据；不进入 ControlServer—OnboardHmi 主旅程"	"误纳入会引入范围外状态、页面或协议消息；误把其中可复用的小型门禁一并删除，可能遗漏依赖，故仍需最终 HITL 复核。"	"无首期实现影响；只保留为基线追溯，禁止误删原需求。"	"无首期实现影响；只保留为基线追溯，禁止误删原需求。"	"不进入 ProtocolVersion 1；不得为范围外能力预留未定义消息。"	"最终批准 MVP 精确需求适用性清单 (../issues/12-approve-exact-mvp-requirement-applicability-profile.md)"
"REQ-0039"	"../../../requirements/baselines/current-requirements-v1.0.0.md#req-0039"	"OverviewAttentionEvent 只来自真实领域转换；概览返回最近 24 小时最新五条，不用静态…"	"8005 MesIngest Windows Service、Host/领域投影、SQL Server、版本化 API/OpenAPI、MesIngestWatch 与外部可读目录"	"本场景不适用"	"本场景不适用"	"复核 02～11 票最终决议后保留候选结论：该条核心行为落在本地图已排除或未采用的MesIngest Watch、历史与运维范围；不进入首期实现，但保留原基线身份并由最终批准 MVP 精确需求适用性清单 (../issues/12-approve-exact-mvp-requirement-applicability-profile.md)最终逐条复核。"	"MesIngest 运维/Watch 能力→真实目录可用性证据；不进入 ControlServer—OnboardHmi 主旅程"	"误纳入会引入范围外状态、页面或协议消息；误把其中可复用的小型门禁一并删除，可能遗漏依赖，故仍需最终 HITL 复核。"	"无首期实现影响；只保留为基线追溯，禁止误删原需求。"	"无首期实现影响；只保留为基线追溯，禁止误删原需求。"	"不进入 ProtocolVersion 1；不得为范围外能力预留未定义消息。"	"最终批准 MVP 精确需求适用性清单 (../issues/12-approve-exact-mvp-requirement-applicability-profile.md)"
"REQ-0040"	"../../../requirements/baselines/current-requirements-v1.0.0.md#req-0040"	"Host 提供版本化契约发现、Poll 健康/证据、概览、DemandSeries 列表与详情、Demand…"	"8005 MesIngest Windows Service、Host/领域投影、SQL Server、版本化 API/OpenAPI、MesIngestWatch 与外部可读目录"	"MVP 直接必须"	"MVP 直接必须"	"复核 02～11 票最终决议后保留候选结论：ControlServer 必须通过版本化 Host API 发现并读取目录/健康事实，属于真实对端接入的直接门禁。"	"MesIngest 运维/Watch 能力→真实目录可用性证据；不进入 ControlServer—OnboardHmi 主旅程"	"误删会使MesIngest Watch、历史与运维主旅程或现场验收无法闭环，并可能造成重复执行、错误站点/仓位或不可证明完成。"	"仅在试运行门禁中消费健康/契约身份。"	"无 MesIngestWatch 页面实现。"	"通常无；健康身份只在诊断证据中引用。"	"最终批准 MVP 精确需求适用性清单 (../issues/12-approve-exact-mvp-requirement-applicability-profile.md)"
"REQ-0041"	"../../../requirements/baselines/current-requirements-v1.0.0.md#req-0041"	"所有历史和审计读取在 Host 端筛选、计数、稳定排序及有界分页。Watch 不下载全表，不用当前页计算总数…"	"8005 MesIngest Windows Service、Host/领域投影、SQL Server、版本化 API/OpenAPI、MesIngestWatch 与外部可读目录"	"本场景不适用"	"本场景不适用"	"复核 02～11 票最终决议后保留候选结论：该条核心行为落在本地图已排除或未采用的MesIngest Watch、历史与运维范围；不进入首期实现，但保留原基线身份并由最终批准 MVP 精确需求适用性清单 (../issues/12-approve-exact-mvp-requirement-applicability-profile.md)最终逐条复核。"	"MesIngest 运维/Watch 能力→真实目录可用性证据；不进入 ControlServer—OnboardHmi 主旅程"	"误纳入会引入范围外状态、页面或协议消息；误把其中可复用的小型门禁一并删除，可能遗漏依赖，故仍需最终 HITL 复核。"	"无首期实现影响；只保留为基线追溯，禁止误删原需求。"	"无首期实现影响；只保留为基线追溯，禁止误删原需求。"	"不进入 ProtocolVersion 1；不得为范围外能力预留未定义消息。"	"最终批准 MVP 精确需求适用性清单 (../issues/12-approve-exact-mvp-requirement-applicability-profile.md)"
"REQ-0042"	"../../../requirements/baselines/current-requirements-v1.0.0.md#req-0042"	"Watch 维持单 Host 会话。应用新 Host 或凭据时取消旧请求、提升会话代次、清空全部业务快照和选…"	"8005 MesIngest Windows Service、Host/领域投影、SQL Server、版本化 API/OpenAPI、MesIngestWatch 与外部可读目录"	"本场景不适用"	"本场景不适用"	"复核 02～11 票最终决议后保留候选结论：该条核心行为落在本地图已排除或未采用的MesIngest Watch、历史与运维范围；不进入首期实现，但保留原基线身份并由最终批准 MVP 精确需求适用性清单 (../issues/12-approve-exact-mvp-requirement-applicability-profile.md)最终逐条复核。"	"MesIngest 运维/Watch 能力→真实目录可用性证据；不进入 ControlServer—OnboardHmi 主旅程"	"误纳入会引入范围外状态、页面或协议消息；误把其中可复用的小型门禁一并删除，可能遗漏依赖，故仍需最终 HITL 复核。"	"无首期实现影响；只保留为基线追溯，禁止误删原需求。"	"无首期实现影响；只保留为基线追溯，禁止误删原需求。"	"不进入 ProtocolVersion 1；不得为范围外能力预留未定义消息。"	"最终批准 MVP 精确需求适用性清单 (../issues/12-approve-exact-mvp-requirement-applicability-profile.md)"
"REQ-0043"	"../../../requirements/baselines/current-requirements-v1.0.0.md#req-0043"	"Watch 使用 WPF UI 4.x 和既定 Fluent 设计系统。已选信息架构以及需求系列/资格审计方…"	"8005 MesIngest Windows Service、Host/领域投影、SQL Server、版本化 API/OpenAPI、MesIngestWatch 与外部可读目录"	"本场景不适用"	"本场景不适用"	"复核 02～11 票最终决议后保留候选结论：该条核心行为落在本地图已排除或未采用的MesIngest Watch、历史与运维范围；不进入首期实现，但保留原基线身份并由最终批准 MVP 精确需求适用性清单 (../issues/12-approve-exact-mvp-requirement-applicability-profile.md)最终逐条复核。"	"MesIngest 运维/Watch 能力→真实目录可用性证据；不进入 ControlServer—OnboardHmi 主旅程"	"误纳入会引入范围外状态、页面或协议消息；误把其中可复用的小型门禁一并删除，可能遗漏依赖，故仍需最终 HITL 复核。"	"无首期实现影响；只保留为基线追溯，禁止误删原需求。"	"无首期实现影响；只保留为基线追溯，禁止误删原需求。"	"不进入 ProtocolVersion 1；不得为范围外能力预留未定义消息。"	"最终批准 MVP 精确需求适用性清单 (../issues/12-approve-exact-mvp-requirement-applicability-profile.md)"
"REQ-0044"	"../../../requirements/baselines/current-requirements-v1.0.0.md#req-0044"	"AreaFilterProfile 是当前 Windows 用户的本地 TXT-backed 命名配置。它只…"	"8005 MesIngest Windows Service、Host/领域投影、SQL Server、版本化 API/OpenAPI、MesIngestWatch 与外部可读目录"	"本场景不适用"	"本场景不适用"	"复核 02～11 票最终决议后保留候选结论：该条核心行为落在本地图已排除或未采用的MesIngest Watch、历史与运维范围；不进入首期实现，但保留原基线身份并由最终批准 MVP 精确需求适用性清单 (../issues/12-approve-exact-mvp-requirement-applicability-profile.md)最终逐条复核。"	"MesIngest 运维/Watch 能力→真实目录可用性证据；不进入 ControlServer—OnboardHmi 主旅程"	"误纳入会引入范围外状态、页面或协议消息；误把其中可复用的小型门禁一并删除，可能遗漏依赖，故仍需最终 HITL 复核。"	"无首期实现影响；只保留为基线追溯，禁止误删原需求。"	"无首期实现影响；只保留为基线追溯，禁止误删原需求。"	"不进入 ProtocolVersion 1；不得为范围外能力预留未定义消息。"	"最终批准 MVP 精确需求适用性清单 (../issues/12-approve-exact-mvp-requirement-applicability-profile.md)"
"REQ-0045"	"../../../requirements/baselines/current-requirements-v1.0.0.md#req-0045"	"Watch 所有数据视图自动刷新始终开启；设置只调整间隔。刷新采用成功快照原子替换，加载/失败保留上一成功快…"	"8005 MesIngest Windows Service、Host/领域投影、SQL Server、版本化 API/OpenAPI、MesIngestWatch 与外部可读目录"	"本场景不适用"	"本场景不适用"	"复核 02～11 票最终决议后保留候选结论：该条核心行为落在本地图已排除或未采用的MesIngest Watch、历史与运维范围；不进入首期实现，但保留原基线身份并由最终批准 MVP 精确需求适用性清单 (../issues/12-approve-exact-mvp-requirement-applicability-profile.md)最终逐条复核。"	"MesIngest 运维/Watch 能力→真实目录可用性证据；不进入 ControlServer—OnboardHmi 主旅程"	"误纳入会引入范围外状态、页面或协议消息；误把其中可复用的小型门禁一并删除，可能遗漏依赖，故仍需最终 HITL 复核。"	"无首期实现影响；只保留为基线追溯，禁止误删原需求。"	"无首期实现影响；只保留为基线追溯，禁止误删原需求。"	"不进入 ProtocolVersion 1；不得为范围外能力预留未定义消息。"	"最终批准 MVP 精确需求适用性清单 (../issues/12-approve-exact-mvp-requirement-applicability-profile.md)"
"REQ-0046"	"../../../requirements/baselines/current-requirements-v1.0.0.md#req-0046"	"Watch 业务 API 保持只读。若保留 WatchRefreshTrace，则只能通过独立受控入口追加白…"	"8005 MesIngest Windows Service、Host/领域投影、SQL Server、版本化 API/OpenAPI、MesIngestWatch 与外部可读目录"	"本场景不适用"	"本场景不适用"	"复核 02～11 票最终决议后保留候选结论：该条核心行为落在本地图已排除或未采用的MesIngest Watch、历史与运维范围；不进入首期实现，但保留原基线身份并由最终批准 MVP 精确需求适用性清单 (../issues/12-approve-exact-mvp-requirement-applicability-profile.md)最终逐条复核。"	"MesIngest 运维/Watch 能力→真实目录可用性证据；不进入 ControlServer—OnboardHmi 主旅程"	"误纳入会引入范围外状态、页面或协议消息；误把其中可复用的小型门禁一并删除，可能遗漏依赖，故仍需最终 HITL 复核。"	"无首期实现影响；只保留为基线追溯，禁止误删原需求。"	"无首期实现影响；只保留为基线追溯，禁止误删原需求。"	"不进入 ProtocolVersion 1；不得为范围外能力预留未定义消息。"	"最终批准 MVP 精确需求适用性清单 (../issues/12-approve-exact-mvp-requirement-applicability-profile.md)"
"REQ-0047"	"../../../requirements/baselines/current-requirements-v1.0.0.md#req-0047"	"SQL Server schema、API、DTO、OpenAPI、Host、Watch 和外部消费者作为一…"	"8005 MesIngest Windows Service、Host/领域投影、SQL Server、版本化 API/OpenAPI、MesIngestWatch 与外部可读目录"	"MVP 交互／安全依赖"	"MVP 交互／安全依赖"	"复核 02～11 票最终决议后保留候选结论：不要求在首期重建该条全部产品面，但MesIngest Watch、历史与运维中的事实、门禁或恢复语义是本旅程正确性/安全性的前置依赖；由最终批准 MVP 精确需求适用性清单 (../issues/12-approve-exact-mvp-requirement-applicability-profile.md)确认最小保留部分。"	"MesIngest 运维/Watch 能力→真实目录可用性证据；不进入 ControlServer—OnboardHmi 主旅程"	"误删可能让MesIngest Watch、历史与运维出现权威分叉、物理状态猜测、断联后重复副作用或无法恢复；误当完整首期功能则扩大范围。"	"仅在试运行门禁中消费健康/契约身份。"	"无 MesIngestWatch 页面实现。"	"通常无；健康身份只在诊断证据中引用。"	"最终批准 MVP 精确需求适用性清单 (../issues/12-approve-exact-mvp-requirement-applicability-profile.md)"
"REQ-0048"	"../../../requirements/baselines/current-requirements-v1.0.0.md#req-0048"	"按 ADR-mes-0017 执行空库切换：人工确认目标、停机和备份后删除旧数据库，由新 Host 建立新 …"	"8005 MesIngest Windows Service、Host/领域投影、SQL Server、版本化 API/OpenAPI、MesIngestWatch 与外部可读目录"	"本场景不适用"	"本场景不适用"	"复核 02～11 票最终决议后保留候选结论：该条核心行为落在本地图已排除或未采用的MesIngest Watch、历史与运维范围；不进入首期实现，但保留原基线身份并由最终批准 MVP 精确需求适用性清单 (../issues/12-approve-exact-mvp-requirement-applicability-profile.md)最终逐条复核。"	"MesIngest 运维/Watch 能力→真实目录可用性证据；不进入 ControlServer—OnboardHmi 主旅程"	"误纳入会引入范围外状态、页面或协议消息；误把其中可复用的小型门禁一并删除，可能遗漏依赖，故仍需最终 HITL 复核。"	"无首期实现影响；只保留为基线追溯，禁止误删原需求。"	"无首期实现影响；只保留为基线追溯，禁止误删原需求。"	"不进入 ProtocolVersion 1；不得为范围外能力预留未定义消息。"	"最终批准 MVP 精确需求适用性清单 (../issues/12-approve-exact-mvp-requirement-applicability-profile.md)"
"REQ-0049"	"../../../requirements/baselines/current-requirements-v1.0.0.md#req-0049"	"新系统不迁移旧 TransportDemand、冻结字段、IngestAlert incident、Dema…"	"8005 MesIngest Windows Service、Host/领域投影、SQL Server、版本化 API/OpenAPI、MesIngestWatch 与外部可读目录"	"本场景不适用"	"本场景不适用"	"复核 02～11 票最终决议后保留候选结论：该条核心行为落在本地图已排除或未采用的MesIngest Watch、历史与运维范围；不进入首期实现，但保留原基线身份并由最终批准 MVP 精确需求适用性清单 (../issues/12-approve-exact-mvp-requirement-applicability-profile.md)最终逐条复核。"	"MesIngest 运维/Watch 能力→真实目录可用性证据；不进入 ControlServer—OnboardHmi 主旅程"	"误纳入会引入范围外状态、页面或协议消息；误把其中可复用的小型门禁一并删除，可能遗漏依赖，故仍需最终 HITL 复核。"	"无首期实现影响；只保留为基线追溯，禁止误删原需求。"	"无首期实现影响；只保留为基线追溯，禁止误删原需求。"	"不进入 ProtocolVersion 1；不得为范围外能力预留未定义消息。"	"最终批准 MVP 精确需求适用性清单 (../issues/12-approve-exact-mvp-requirement-applicability-profile.md)"
"REQ-0050"	"../../../requirements/baselines/current-requirements-v1.0.0.md#req-0050"	"回退是部署级整体恢复：停止新版，恢复旧程序、旧配置和独立旧数据库备份；不允许新程序连接旧库或旧程序连接新库。"	"8005 MesIngest Windows Service、Host/领域投影、SQL Server、版本化 API/OpenAPI、MesIngestWatch 与外部可读目录"	"本场景不适用"	"本场景不适用"	"复核 02～11 票最终决议后保留候选结论：该条核心行为落在本地图已排除或未采用的MesIngest Watch、历史与运维范围；不进入首期实现，但保留原基线身份并由最终批准 MVP 精确需求适用性清单 (../issues/12-approve-exact-mvp-requirement-applicability-profile.md)最终逐条复核。"	"MesIngest 运维/Watch 能力→真实目录可用性证据；不进入 ControlServer—OnboardHmi 主旅程"	"误纳入会引入范围外状态、页面或协议消息；误把其中可复用的小型门禁一并删除，可能遗漏依赖，故仍需最终 HITL 复核。"	"无首期实现影响；只保留为基线追溯，禁止误删原需求。"	"无首期实现影响；只保留为基线追溯，禁止误删原需求。"	"不进入 ProtocolVersion 1；不得为范围外能力预留未定义消息。"	"最终批准 MVP 精确需求适用性清单 (../issues/12-approve-exact-mvp-requirement-applicability-profile.md)"
"REQ-0051"	"../../../requirements/baselines/current-requirements-v1.0.0.md#req-0051"	"安全边界延续本机默认绑定、远程绑定强制共享密钥、凭据外置、日志脱敏和工厂返回包脱敏；OpenAPI 文档可独…"	"8005 MesIngest Windows Service、Host/领域投影、SQL Server、版本化 API/OpenAPI、MesIngestWatch 与外部可读目录"	"MVP 交互／安全依赖"	"MVP 交互／安全依赖"	"复核 02～11 票最终决议后保留候选结论：不要求在首期重建该条全部产品面，但MesIngest Watch、历史与运维中的事实、门禁或恢复语义是本旅程正确性/安全性的前置依赖；由最终批准 MVP 精确需求适用性清单 (../issues/12-approve-exact-mvp-requirement-applicability-profile.md)确认最小保留部分。"	"MesIngest 运维/Watch 能力→真实目录可用性证据；不进入 ControlServer—OnboardHmi 主旅程"	"误删可能让MesIngest Watch、历史与运维出现权威分叉、物理状态猜测、断联后重复副作用或无法恢复；误当完整首期功能则扩大范围。"	"仅在试运行门禁中消费健康/契约身份。"	"无 MesIngestWatch 页面实现。"	"通常无；健康身份只在诊断证据中引用。"	"最终批准 MVP 精确需求适用性清单 (../issues/12-approve-exact-mvp-requirement-applicability-profile.md)"
"REQ-0052"	"../../../requirements/baselines/current-requirements-v1.0.0.md#req-0052"	"数据持续增长通过 SQL Server 差异写入、必要索引、事件不可变追加、当前投影表和有界查询控制；不得每…"	"8005 MesIngest Windows Service、Host/领域投影、SQL Server、版本化 API/OpenAPI、MesIngestWatch 与外部可读目录"	"首期延后"	"首期延后"	"复核 02～11 票最终决议后保留候选结论：该条属于长期MesIngest Watch、历史与运维能力或完整治理面，指定单车、单图、单 Demand 试运行无需先实现；若后续决策证明进入必要链再升级。"	"MesIngest 运维/Watch 能力→真实目录可用性证据；不进入 ControlServer—OnboardHmi 主旅程"	"过早纳入会扩大首期和联调面；若后续证明它是安全/验收必要链却未升级，则会形成隐藏缺口。"	"仅在试运行门禁中消费健康/契约身份。"	"无 MesIngestWatch 页面实现。"	"通常无；健康身份只在诊断证据中引用。"	"最终批准 MVP 精确需求适用性清单 (../issues/12-approve-exact-mvp-requirement-applicability-profile.md)"
"REQ-0053"	"../../../requirements/baselines/current-requirements-v1.0.0.md#req-0053"	"本规格是对既有 NewMesIngestContract 的资源与有界历史扩展；领域身份、完整 MesTas…"	"8005 MesIngest 的 GONE 明细、错误历史、原始证据保留、恢复、容量及低内存存储边界"	"MVP 交互／安全依赖"	"MVP 交互／安全依赖"	"复核 02～11 票最终决议后保留候选结论：不要求在首期重建该条全部产品面，但MesIngest Watch、历史与运维中的事实、门禁或恢复语义是本旅程正确性/安全性的前置依赖；由最终批准 MVP 精确需求适用性清单 (../issues/12-approve-exact-mvp-requirement-applicability-profile.md)确认最小保留部分。"	"MesIngest 运维/Watch 能力→真实目录可用性证据；不进入 ControlServer—OnboardHmi 主旅程"	"误删可能让MesIngest Watch、历史与运维出现权威分叉、物理状态猜测、断联后重复副作用或无法恢复；误当完整首期功能则扩大范围。"	"仅在试运行门禁中消费健康/契约身份。"	"无 MesIngestWatch 页面实现。"	"通常无；健康身份只在诊断证据中引用。"	"最终批准 MVP 精确需求适用性清单 (../issues/12-approve-exact-mvp-requirement-applicability-profile.md)"
"REQ-0054"	"../../../requirements/baselines/current-requirements-v1.0.0.md#req-0054"	"ADR-mes-0020 至 ADR-mes-0030 是本规格的设计权威。本规格补充可验收行为、默认配置、…"	"8005 MesIngest 的 GONE 明细、错误历史、原始证据保留、恢复、容量及低内存存储边界"	"MVP 交互／安全依赖"	"MVP 交互／安全依赖"	"复核 02～11 票最终决议后保留候选结论：不要求在首期重建该条全部产品面，但MesIngest Watch、历史与运维中的事实、门禁或恢复语义是本旅程正确性/安全性的前置依赖；由最终批准 MVP 精确需求适用性清单 (../issues/12-approve-exact-mvp-requirement-applicability-profile.md)确认最小保留部分。"	"MesIngest 运维/Watch 能力→真实目录可用性证据；不进入 ControlServer—OnboardHmi 主旅程"	"误删可能让MesIngest Watch、历史与运维出现权威分叉、物理状态猜测、断联后重复副作用或无法恢复；误当完整首期功能则扩大范围。"	"仅在试运行门禁中消费健康/契约身份。"	"无 MesIngestWatch 页面实现。"	"通常无；健康身份只在诊断证据中引用。"	"最终批准 MVP 精确需求适用性清单 (../issues/12-approve-exact-mvp-requirement-applicability-profile.md)"
"REQ-0055"	"../../../requirements/baselines/current-requirements-v1.0.0.md#req-0055"	"SQL Server 常态 max server memory 默认 1536 MB，sqlservr 稳态…"	"8005 MesIngest 的 GONE 明细、错误历史、原始证据保留、恢复、容量及低内存存储边界"	"首期延后"	"首期延后"	"复核 02～11 票最终决议后保留候选结论：该条属于长期MesIngest Watch、历史与运维能力或完整治理面，指定单车、单图、单 Demand 试运行无需先实现；若后续决策证明进入必要链再升级。"	"MesIngest 运维/Watch 能力→真实目录可用性证据；不进入 ControlServer—OnboardHmi 主旅程"	"过早纳入会扩大首期和联调面；若后续证明它是安全/验收必要链却未升级，则会形成隐藏缺口。"	"仅在试运行门禁中消费健康/契约身份。"	"无 MesIngestWatch 页面实现。"	"通常无；健康身份只在诊断证据中引用。"	"最终批准 MVP 精确需求适用性清单 (../issues/12-approve-exact-mvp-requirement-applicability-profile.md)"
"REQ-0056"	"../../../requirements/baselines/current-requirements-v1.0.0.md#req-0056"	"Host 轮询改为固定 60 秒 start-to-start 单飞调度。慢轮次不重叠、不补跑；连续失败使用…"	"8005 MesIngest 的 GONE 明细、错误历史、原始证据保留、恢复、容量及低内存存储边界"	"MVP 交互／安全依赖"	"MVP 交互／安全依赖"	"复核 02～11 票最终决议后保留候选结论：不要求在首期重建该条全部产品面，但MesIngest Watch、历史与运维中的事实、门禁或恢复语义是本旅程正确性/安全性的前置依赖；由最终批准 MVP 精确需求适用性清单 (../issues/12-approve-exact-mvp-requirement-applicability-profile.md)确认最小保留部分。"	"MesIngest 运维/Watch 能力→真实目录可用性证据；不进入 ControlServer—OnboardHmi 主旅程"	"误删可能让MesIngest Watch、历史与运维出现权威分叉、物理状态猜测、断联后重复副作用或无法恢复；误当完整首期功能则扩大范围。"	"仅在试运行门禁中消费健康/契约身份。"	"无 MesIngestWatch 页面实现。"	"通常无；健康身份只在诊断证据中引用。"	"最终批准 MVP 精确需求适用性清单 (../issues/12-approve-exact-mvp-requirement-applicability-profile.md)"
"REQ-0057"	"../../../requirements/baselines/current-requirements-v1.0.0.md#req-0057"	"Watch 自动刷新继续沿用按视图隔离、单飞、不排队、最后成功窗口原子替换的状态机，但默认档位改为：Over…"	"8005 MesIngest 的 GONE 明细、错误历史、原始证据保留、恢复、容量及低内存存储边界"	"本场景不适用"	"本场景不适用"	"复核 02～11 票最终决议后保留候选结论：该条核心行为落在本地图已排除或未采用的MesIngest Watch、历史与运维范围；不进入首期实现，但保留原基线身份并由最终批准 MVP 精确需求适用性清单 (../issues/12-approve-exact-mvp-requirement-applicability-profile.md)最终逐条复核。"	"MesIngest 运维/Watch 能力→真实目录可用性证据；不进入 ControlServer—OnboardHmi 主旅程"	"误纳入会引入范围外状态、页面或协议消息；误把其中可复用的小型门禁一并删除，可能遗漏依赖，故仍需最终 HITL 复核。"	"无首期实现影响；只保留为基线追溯，禁止误删原需求。"	"无首期实现影响；只保留为基线追溯，禁止误删原需求。"	"不进入 ProtocolVersion 1；不得为范围外能力预留未定义消息。"	"最终批准 MVP 精确需求适用性清单 (../issues/12-approve-exact-mvp-requirement-applicability-profile.md)"
"REQ-0058"	"../../../requirements/baselines/current-requirements-v1.0.0.md#req-0058"	"Inspector 继续沿用既有 modeless 单窗口协调边界，不拥有 Host client、Time…"	"8005 MesIngest 的 GONE 明细、错误历史、原始证据保留、恢复、容量及低内存存储边界"	"本场景不适用"	"本场景不适用"	"复核 02～11 票最终决议后保留候选结论：该条核心行为落在本地图已排除或未采用的MesIngest Watch、历史与运维范围；不进入首期实现，但保留原基线身份并由最终批准 MVP 精确需求适用性清单 (../issues/12-approve-exact-mvp-requirement-applicability-profile.md)最终逐条复核。"	"MesIngest 运维/Watch 能力→真实目录可用性证据；不进入 ControlServer—OnboardHmi 主旅程"	"误纳入会引入范围外状态、页面或协议消息；误把其中可复用的小型门禁一并删除，可能遗漏依赖，故仍需最终 HITL 复核。"	"无首期实现影响；只保留为基线追溯，禁止误删原需求。"	"无首期实现影响；只保留为基线追溯，禁止误删原需求。"	"不进入 ProtocolVersion 1；不得为范围外能力预留未定义消息。"	"最终批准 MVP 精确需求适用性清单 (../issues/12-approve-exact-mvp-requirement-applicability-profile.md)"
"REQ-0059"	"../../../requirements/baselines/current-requirements-v1.0.0.md#req-0059"	"读取模块在物理上分成 Current Read Model 与 Historical/Frozen Read…"	"8005 MesIngest 的 GONE 明细、错误历史、原始证据保留、恢复、容量及低内存存储边界"	"本场景不适用"	"本场景不适用"	"复核 02～11 票最终决议后保留候选结论：该条核心行为落在本地图已排除或未采用的MesIngest Watch、历史与运维范围；不进入首期实现，但保留原基线身份并由最终批准 MVP 精确需求适用性清单 (../issues/12-approve-exact-mvp-requirement-applicability-profile.md)最终逐条复核。"	"MesIngest 运维/Watch 能力→真实目录可用性证据；不进入 ControlServer—OnboardHmi 主旅程"	"误纳入会引入范围外状态、页面或协议消息；误把其中可复用的小型门禁一并删除，可能遗漏依赖，故仍需最终 HITL 复核。"	"无首期实现影响；只保留为基线追溯，禁止误删原需求。"	"无首期实现影响；只保留为基线追溯，禁止误删原需求。"	"不进入 ProtocolVersion 1；不得为范围外能力预留未定义消息。"	"最终批准 MVP 精确需求适用性清单 (../issues/12-approve-exact-mvp-requirement-applicability-profile.md)"
"REQ-0060"	"../../../requirements/baselines/current-requirements-v1.0.0.md#req-0060"	"历史路径必须按单对象或稳定页有界。服务端负责筛选、精确计数、稳定排序、keyset cursor 和历史边界…"	"8005 MesIngest 的 GONE 明细、错误历史、原始证据保留、恢复、容量及低内存存储边界"	"本场景不适用"	"本场景不适用"	"复核 02～11 票最终决议后保留候选结论：该条核心行为落在本地图已排除或未采用的MesIngest Watch、历史与运维范围；不进入首期实现，但保留原基线身份并由最终批准 MVP 精确需求适用性清单 (../issues/12-approve-exact-mvp-requirement-applicability-profile.md)最终逐条复核。"	"MesIngest 运维/Watch 能力→真实目录可用性证据；不进入 ControlServer—OnboardHmi 主旅程"	"误纳入会引入范围外状态、页面或协议消息；误把其中可复用的小型门禁一并删除，可能遗漏依赖，故仍需最终 HITL 复核。"	"无首期实现影响；只保留为基线追溯，禁止误删原需求。"	"无首期实现影响；只保留为基线追溯，禁止误删原需求。"	"不进入 ProtocolVersion 1；不得为范围外能力预留未定义消息。"	"最终批准 MVP 精确需求适用性清单 (../issues/12-approve-exact-mvp-requirement-applicability-profile.md)"
"REQ-0061"	"../../../requirements/baselines/current-requirements-v1.0.0.md#req-0061"	"冻结列表、分面、计数、详情和原始证据读取必须绑定同一 HistoryEpoch 与 ProjectionCo…"	"8005 MesIngest 的 GONE 明细、错误历史、原始证据保留、恢复、容量及低内存存储边界"	"本场景不适用"	"本场景不适用"	"复核 02～11 票最终决议后保留候选结论：该条核心行为落在本地图已排除或未采用的MesIngest Watch、历史与运维范围；不进入首期实现，但保留原基线身份并由最终批准 MVP 精确需求适用性清单 (../issues/12-approve-exact-mvp-requirement-applicability-profile.md)最终逐条复核。"	"MesIngest 运维/Watch 能力→真实目录可用性证据；不进入 ControlServer—OnboardHmi 主旅程"	"误纳入会引入范围外状态、页面或协议消息；误把其中可复用的小型门禁一并删除，可能遗漏依赖，故仍需最终 HITL 复核。"	"无首期实现影响；只保留为基线追溯，禁止误删原需求。"	"无首期实现影响；只保留为基线追溯，禁止误删原需求。"	"不进入 ProtocolVersion 1；不得为范围外能力预留未定义消息。"	"最终批准 MVP 精确需求适用性清单 (../issues/12-approve-exact-mvp-requirement-applicability-profile.md)"
"REQ-0062"	"../../../requirements/baselines/current-requirements-v1.0.0.md#req-0062"	"DemandRawObservation 的 RawObservationAvailabilityWindo…"	"8005 MesIngest 的 GONE 明细、错误历史、原始证据保留、恢复、容量及低内存存储边界"	"本场景不适用"	"本场景不适用"	"复核 02～11 票最终决议后保留候选结论：该条核心行为落在本地图已排除或未采用的MesIngest Watch、历史与运维范围；不进入首期实现，但保留原基线身份并由最终批准 MVP 精确需求适用性清单 (../issues/12-approve-exact-mvp-requirement-applicability-profile.md)最终逐条复核。"	"MesIngest 运维/Watch 能力→真实目录可用性证据；不进入 ControlServer—OnboardHmi 主旅程"	"误纳入会引入范围外状态、页面或协议消息；误把其中可复用的小型门禁一并删除，可能遗漏依赖，故仍需最终 HITL 复核。"	"无首期实现影响；只保留为基线追溯，禁止误删原需求。"	"无首期实现影响；只保留为基线追溯，禁止误删原需求。"	"不进入 ProtocolVersion 1；不得为范围外能力预留未定义消息。"	"最终批准 MVP 精确需求适用性清单 (../issues/12-approve-exact-mvp-requirement-applicability-profile.md)"
"REQ-0063"	"../../../requirements/baselines/current-requirements-v1.0.0.md#req-0063"	"当前物化状态和活跃 DemandSeries 的结构化图不按年龄拆散。RetentionEligibleDe…"	"8005 MesIngest 的 GONE 明细、错误历史、原始证据保留、恢复、容量及低内存存储边界"	"本场景不适用"	"本场景不适用"	"复核 02～11 票最终决议后保留候选结论：该条核心行为落在本地图已排除或未采用的MesIngest Watch、历史与运维范围；不进入首期实现，但保留原基线身份并由最终批准 MVP 精确需求适用性清单 (../issues/12-approve-exact-mvp-requirement-applicability-profile.md)最终逐条复核。"	"MesIngest 运维/Watch 能力→真实目录可用性证据；不进入 ControlServer—OnboardHmi 主旅程"	"误纳入会引入范围外状态、页面或协议消息；误把其中可复用的小型门禁一并删除，可能遗漏依赖，故仍需最终 HITL 复核。"	"无首期实现影响；只保留为基线追溯，禁止误删原需求。"	"无首期实现影响；只保留为基线追溯，禁止误删原需求。"	"不进入 ProtocolVersion 1；不得为范围外能力预留未定义消息。"	"最终批准 MVP 精确需求适用性清单 (../issues/12-approve-exact-mvp-requirement-applicability-profile.md)"
"REQ-0064"	"../../../requirements/baselines/current-requirements-v1.0.0.md#req-0064"	"历史过期使用 410 MES_INGEST_HISTORY_EXPIRED，并返回最早可用 Host UTC…"	"8005 MesIngest 的 GONE 明细、错误历史、原始证据保留、恢复、容量及低内存存储边界"	"本场景不适用"	"本场景不适用"	"复核 02～11 票最终决议后保留候选结论：该条核心行为落在本地图已排除或未采用的MesIngest Watch、历史与运维范围；不进入首期实现，但保留原基线身份并由最终批准 MVP 精确需求适用性清单 (../issues/12-approve-exact-mvp-requirement-applicability-profile.md)最终逐条复核。"	"MesIngest 运维/Watch 能力→真实目录可用性证据；不进入 ControlServer—OnboardHmi 主旅程"	"误纳入会引入范围外状态、页面或协议消息；误把其中可复用的小型门禁一并删除，可能遗漏依赖，故仍需最终 HITL 复核。"	"无首期实现影响；只保留为基线追溯，禁止误删原需求。"	"无首期实现影响；只保留为基线追溯，禁止误删原需求。"	"不进入 ProtocolVersion 1；不得为范围外能力预留未定义消息。"	"最终批准 MVP 精确需求适用性清单 (../issues/12-approve-exact-mvp-requirement-applicability-profile.md)"
"REQ-0065"	"../../../requirements/baselines/current-requirements-v1.0.0.md#req-0065"	"ArchivedDemandKeyTombstone 是唯一允许永久保留的已清理 MesIngest 业务记…"	"8005 MesIngest 的 GONE 明细、错误历史、原始证据保留、恢复、容量及低内存存储边界"	"本场景不适用"	"本场景不适用"	"复核 02～11 票最终决议后保留候选结论：该条核心行为落在本地图已排除或未采用的MesIngest Watch、历史与运维范围；不进入首期实现，但保留原基线身份并由最终批准 MVP 精确需求适用性清单 (../issues/12-approve-exact-mvp-requirement-applicability-profile.md)最终逐条复核。"	"MesIngest 运维/Watch 能力→真实目录可用性证据；不进入 ControlServer—OnboardHmi 主旅程"	"误纳入会引入范围外状态、页面或协议消息；误把其中可复用的小型门禁一并删除，可能遗漏依赖，故仍需最终 HITL 复核。"	"无首期实现影响；只保留为基线追溯，禁止误删原需求。"	"无首期实现影响；只保留为基线追溯，禁止误删原需求。"	"不进入 ProtocolVersion 1；不得为范围外能力预留未定义消息。"	"最终批准 MVP 精确需求适用性清单 (../issues/12-approve-exact-mvp-requirement-applicability-profile.md)"
"REQ-0066"	"../../../requirements/baselines/current-requirements-v1.0.0.md#req-0066"	"清理单个 Series 的原子边界固定为：同一事务内幂等写墓碑，再删除该 Series 完整详细历史图，再提…"	"8005 MesIngest 的 GONE 明细、错误历史、原始证据保留、恢复、容量及低内存存储边界"	"本场景不适用"	"本场景不适用"	"复核 02～11 票最终决议后保留候选结论：该条核心行为落在本地图已排除或未采用的MesIngest Watch、历史与运维范围；不进入首期实现，但保留原基线身份并由最终批准 MVP 精确需求适用性清单 (../issues/12-approve-exact-mvp-requirement-applicability-profile.md)最终逐条复核。"	"MesIngest 运维/Watch 能力→真实目录可用性证据；不进入 ControlServer—OnboardHmi 主旅程"	"误纳入会引入范围外状态、页面或协议消息；误把其中可复用的小型门禁一并删除，可能遗漏依赖，故仍需最终 HITL 复核。"	"无首期实现影响；只保留为基线追溯，禁止误删原需求。"	"无首期实现影响；只保留为基线追溯，禁止误删原需求。"	"不进入 ProtocolVersion 1；不得为范围外能力预留未定义消息。"	"最终批准 MVP 精确需求适用性清单 (../issues/12-approve-exact-mvp-requirement-applicability-profile.md)"
"REQ-0067"	"../../../requirements/baselines/current-requirements-v1.0.0.md#req-0067"	"Host 以单实例后台清理器每小时运行。批次行数、单次时间预算和检查间隔是运维配置，不改变 30 天领域语义…"	"8005 MesIngest 的 GONE 明细、错误历史、原始证据保留、恢复、容量及低内存存储边界"	"本场景不适用"	"本场景不适用"	"复核 02～11 票最终决议后保留候选结论：该条核心行为落在本地图已排除或未采用的MesIngest Watch、历史与运维范围；不进入首期实现，但保留原基线身份并由最终批准 MVP 精确需求适用性清单 (../issues/12-approve-exact-mvp-requirement-applicability-profile.md)最终逐条复核。"	"MesIngest 运维/Watch 能力→真实目录可用性证据；不进入 ControlServer—OnboardHmi 主旅程"	"误纳入会引入范围外状态、页面或协议消息；误把其中可复用的小型门禁一并删除，可能遗漏依赖，故仍需最终 HITL 复核。"	"无首期实现影响；只保留为基线追溯，禁止误删原需求。"	"无首期实现影响；只保留为基线追溯，禁止误删原需求。"	"不进入 ProtocolVersion 1；不得为范围外能力预留未定义消息。"	"最终批准 MVP 精确需求适用性清单 (../issues/12-approve-exact-mvp-requirement-applicability-profile.md)"
"REQ-0068"	"../../../requirements/baselines/current-requirements-v1.0.0.md#req-0068"	"清理器必须幂等、可取消、失败可续且轮询优先。清理失败进入 Current Attention；只有卷空间达到…"	"8005 MesIngest 的 GONE 明细、错误历史、原始证据保留、恢复、容量及低内存存储边界"	"本场景不适用"	"本场景不适用"	"复核 02～11 票最终决议后保留候选结论：该条核心行为落在本地图已排除或未采用的MesIngest Watch、历史与运维范围；不进入首期实现，但保留原基线身份并由最终批准 MVP 精确需求适用性清单 (../issues/12-approve-exact-mvp-requirement-applicability-profile.md)最终逐条复核。"	"MesIngest 运维/Watch 能力→真实目录可用性证据；不进入 ControlServer—OnboardHmi 主旅程"	"误纳入会引入范围外状态、页面或协议消息；误把其中可复用的小型门禁一并删除，可能遗漏依赖，故仍需最终 HITL 复核。"	"无首期实现影响；只保留为基线追溯，禁止误删原需求。"	"无首期实现影响；只保留为基线追溯，禁止误删原需求。"	"不进入 ProtocolVersion 1；不得为范围外能力预留未定义消息。"	"最终批准 MVP 精确需求适用性清单 (../issues/12-approve-exact-mvp-requirement-applicability-profile.md)"
"REQ-0069"	"../../../requirements/baselines/current-requirements-v1.0.0.md#req-0069"	"存储监控针对数据库实际数据卷。低于 15% 产生严重告警；低于 10% 在查询 MES 之前进入 Stora…"	"8005 MesIngest 的 GONE 明细、错误历史、原始证据保留、恢复、容量及低内存存储边界"	"首期延后"	"MVP 交互／安全依赖"	"MesIngest 数据卷低空间门禁决定目录是否仍可作为当前执行来源；MVP 不建设该监控面，但不得绕过其暂停结果。"	"MesIngest 运维/Watch 能力→真实目录可用性证据；不进入 ControlServer—OnboardHmi 主旅程"	"过早纳入会扩大首期和联调面；若后续证明它是安全/验收必要链却未升级，则会形成隐藏缺口。"	"仅在试运行门禁中消费健康/契约身份。"	"无 MesIngestWatch 页面实现。"	"通常无；健康身份只在诊断证据中引用。"	"最终批准 MVP 精确需求适用性清单 (../issues/12-approve-exact-mvp-requirement-applicability-profile.md)"
"REQ-0070"	"../../../requirements/baselines/current-requirements-v1.0.0.md#req-0070"	"StoragePressurePause 期间 Watch 诊断与历史读取继续服务，ExternallyRe…"	"8005 MesIngest 的 GONE 明细、错误历史、原始证据保留、恢复、容量及低内存存储边界"	"首期延后"	"MVP 交互／安全依赖"	"StoragePressurePause 时执行承诺读取必须以 503 fail-closed；ControlServer 不得沿用旧目录受理 Demand。"	"MesIngest 运维/Watch 能力→真实目录可用性证据；不进入 ControlServer—OnboardHmi 主旅程"	"过早纳入会扩大首期和联调面；若后续证明它是安全/验收必要链却未升级，则会形成隐藏缺口。"	"仅在试运行门禁中消费健康/契约身份。"	"无 MesIngestWatch 页面实现。"	"通常无；健康身份只在诊断证据中引用。"	"最终批准 MVP 精确需求适用性清单 (../issues/12-approve-exact-mvp-requirement-applicability-profile.md)"
"REQ-0071"	"../../../requirements/baselines/current-requirements-v1.0.0.md#req-0071"	"MesIngestLocalAdministration 是数据库主机上的本地 CLI/PowerShell…"	"8005 MesIngest 的 GONE 明细、错误历史、原始证据保留、恢复、容量及低内存存储边界"	"首期延后"	"MVP 交互／安全依赖"	"暂停恢复与 HistoryResetAcknowledgement 属 MesIngest 本地管理边界；MVP 只消费其受审计结果，不实现远程恢复旁路。"	"MesIngest 运维/Watch 能力→真实目录可用性证据；不进入 ControlServer—OnboardHmi 主旅程"	"过早纳入会扩大首期和联调面；若后续证明它是安全/验收必要链却未升级，则会形成隐藏缺口。"	"仅在试运行门禁中消费健康/契约身份。"	"无 MesIngestWatch 页面实现。"	"通常无；健康身份只在诊断证据中引用。"	"最终批准 MVP 精确需求适用性清单 (../issues/12-approve-exact-mvp-requirement-applicability-profile.md)"
"REQ-0072"	"../../../requirements/baselines/current-requirements-v1.0.0.md#req-0072"	"新库固定 SIMPLE 恢复且无数据库备份。系统仍监控 LDF 大小、增长与 log reuse wait；…"	"8005 MesIngest 的 GONE 明细、错误历史、原始证据保留、恢复、容量及低内存存储边界"	"首期延后"	"首期延后"	"复核 02～11 票最终决议后保留候选结论：该条属于长期MesIngest Watch、历史与运维能力或完整治理面，指定单车、单图、单 Demand 试运行无需先实现；若后续决策证明进入必要链再升级。"	"MesIngest 运维/Watch 能力→真实目录可用性证据；不进入 ControlServer—OnboardHmi 主旅程"	"过早纳入会扩大首期和联调面；若后续证明它是安全/验收必要链却未升级，则会形成隐藏缺口。"	"仅在试运行门禁中消费健康/契约身份。"	"无 MesIngestWatch 页面实现。"	"通常无；健康身份只在诊断证据中引用。"	"最终批准 MVP 精确需求适用性清单 (../issues/12-approve-exact-mvp-requirement-applicability-profile.md)"
"REQ-0073"	"../../../requirements/baselines/current-requirements-v1.0.0.md#req-0073"	"计划空库切换与不可恢复重建都创建新 HistoryEpoch。非计划重建因墓碑身份丢失必须保持外部当前读取 …"	"8005 MesIngest 的 GONE 明细、错误历史、原始证据保留、恢复、容量及低内存存储边界"	"首期延后"	"MVP 交互／安全依赖"	"重建产生新 HistoryEpoch 且未确认时禁止外部当前读取，是最终重读和跨纪元防重成立的上游门禁。"	"MesIngest 运维/Watch 能力→真实目录可用性证据；不进入 ControlServer—OnboardHmi 主旅程"	"过早纳入会扩大首期和联调面；若后续证明它是安全/验收必要链却未升级，则会形成隐藏缺口。"	"仅在试运行门禁中消费健康/契约身份。"	"无 MesIngestWatch 页面实现。"	"通常无；健康身份只在诊断证据中引用。"	"最终批准 MVP 精确需求适用性清单 (../issues/12-approve-exact-mvp-requirement-applicability-profile.md)"
"REQ-0074"	"../../../requirements/baselines/current-requirements-v1.0.0.md#req-0074"	"所有 snapshot、cursor、目录条件身份和 API 响应都携带或绑定 HistoryEpoch。旧…"	"8005 MesIngest 的 GONE 明细、错误历史、原始证据保留、恢复、容量及低内存存储边界"	"首期延后"	"MVP 直接必须"	"Demand 发现、最终重读、AcceptedDemandSnapshot 与重启对账都必须绑定 HistoryEpoch，旧纪元缓存和快照不得复用。"	"MesIngest 运维/Watch 能力→真实目录可用性证据；不进入 ControlServer—OnboardHmi 主旅程"	"过早纳入会扩大首期和联调面；若后续证明它是安全/验收必要链却未升级，则会形成隐藏缺口。"	"仅在试运行门禁中消费健康/契约身份。"	"无 MesIngestWatch 页面实现。"	"通常无；健康身份只在诊断证据中引用。"	"最终批准 MVP 精确需求适用性清单 (../issues/12-approve-exact-mvp-requirement-applicability-profile.md)"
"REQ-0075"	"../../../requirements/baselines/current-requirements-v1.0.0.md#req-0075"	"DemandRawObservation 主要聚集与非聚集索引在正式 schema 中默认 PAGE 压缩；…"	"8005 MesIngest 的 GONE 明细、错误历史、原始证据保留、恢复、容量及低内存存储边界"	"首期延后"	"首期延后"	"复核 02～11 票最终决议后保留候选结论：该条属于长期MesIngest Watch、历史与运维能力或完整治理面，指定单车、单图、单 Demand 试运行无需先实现；若后续决策证明进入必要链再升级。"	"MesIngest 运维/Watch 能力→真实目录可用性证据；不进入 ControlServer—OnboardHmi 主旅程"	"过早纳入会扩大首期和联调面；若后续证明它是安全/验收必要链却未升级，则会形成隐藏缺口。"	"仅在试运行门禁中消费健康/契约身份。"	"无 MesIngestWatch 页面实现。"	"通常无；健康身份只在诊断证据中引用。"	"最终批准 MVP 精确需求适用性清单 (../issues/12-approve-exact-mvp-requirement-applicability-profile.md)"
"REQ-0076"	"../../../requirements/baselines/current-requirements-v1.0.0.md#req-0076"	"当前投影字段、筛选列、索引键和临时结构使用经真实数据验证的有界类型。DemandRawObservation…"	"8005 MesIngest 的 GONE 明细、错误历史、原始证据保留、恢复、容量及低内存存储边界"	"首期延后"	"首期延后"	"复核 02～11 票最终决议后保留候选结论：该条属于长期MesIngest Watch、历史与运维能力或完整治理面，指定单车、单图、单 Demand 试运行无需先实现；若后续决策证明进入必要链再升级。"	"MesIngest 运维/Watch 能力→真实目录可用性证据；不进入 ControlServer—OnboardHmi 主旅程"	"过早纳入会扩大首期和联调面；若后续证明它是安全/验收必要链却未升级，则会形成隐藏缺口。"	"仅在试运行门禁中消费健康/契约身份。"	"无 MesIngestWatch 页面实现。"	"通常无；健康身份只在诊断证据中引用。"	"最终批准 MVP 精确需求适用性清单 (../issues/12-approve-exact-mvp-requirement-applicability-profile.md)"
"REQ-0077"	"../../../requirements/baselines/current-requirements-v1.0.0.md#req-0077"	"首版不建设 ObservationPayload、ObservationSet 或 Span 内容寻址层。只…"	"8005 MesIngest 的 GONE 明细、错误历史、原始证据保留、恢复、容量及低内存存储边界"	"首期延后"	"首期延后"	"复核 02～11 票最终决议后保留候选结论：该条属于长期MesIngest Watch、历史与运维能力或完整治理面，指定单车、单图、单 Demand 试运行无需先实现；若后续决策证明进入必要链再升级。"	"MesIngest 运维/Watch 能力→真实目录可用性证据；不进入 ControlServer—OnboardHmi 主旅程"	"过早纳入会扩大首期和联调面；若后续证明它是安全/验收必要链却未升级，则会形成隐藏缺口。"	"仅在试运行门禁中消费健康/契约身份。"	"无 MesIngestWatch 页面实现。"	"通常无；健康身份只在诊断证据中引用。"	"最终批准 MVP 精确需求适用性清单 (../issues/12-approve-exact-mvp-requirement-applicability-profile.md)"
"REQ-0078"	"../../../requirements/baselines/current-requirements-v1.0.0.md#req-0078"	"同时提升 NewMesIngestContract 的精确 contractVersion 与 schema…"	"8005 MesIngest 的 GONE 明细、错误历史、原始证据保留、恢复、容量及低内存存储边界"	"MVP 交互／安全依赖"	"MVP 交互／安全依赖"	"复核 02～11 票最终决议后保留候选结论：不要求在首期重建该条全部产品面，但MesIngest Watch、历史与运维中的事实、门禁或恢复语义是本旅程正确性/安全性的前置依赖；由最终批准 MVP 精确需求适用性清单 (../issues/12-approve-exact-mvp-requirement-applicability-profile.md)确认最小保留部分。"	"MesIngest 运维/Watch 能力→真实目录可用性证据；不进入 ControlServer—OnboardHmi 主旅程"	"误删可能让MesIngest Watch、历史与运维出现权威分叉、物理状态猜测、断联后重复副作用或无法恢复；误当完整首期功能则扩大范围。"	"仅在试运行门禁中消费健康/契约身份。"	"无 MesIngestWatch 页面实现。"	"通常无；健康身份只在诊断证据中引用。"	"最终批准 MVP 精确需求适用性清单 (../issues/12-approve-exact-mvp-requirement-applicability-profile.md)"
"REQ-0079"	"../../../requirements/baselines/current-requirements-v1.0.0.md#req-0079"	"Host、Watch 与 reference consumer 必须以精确版本整包切换。任何 contrac…"	"8005 MesIngest 的 GONE 明细、错误历史、原始证据保留、恢复、容量及低内存存储边界"	"MVP 直接必须"	"MVP 直接必须"	"复核 02～11 票最终决议后保留候选结论：精确 contractVersion 整包兼容是 ControlServer 接入真实 MesIngest 的直接拒绝门禁。"	"MesIngest 运维/Watch 能力→真实目录可用性证据；不进入 ControlServer—OnboardHmi 主旅程"	"误删会使MesIngest Watch、历史与运维主旅程或现场验收无法闭环，并可能造成重复执行、错误站点/仓位或不可证明完成。"	"仅在试运行门禁中消费健康/契约身份。"	"无 MesIngestWatch 页面实现。"	"通常无；健康身份只在诊断证据中引用。"	"最终批准 MVP 精确需求适用性清单 (../issues/12-approve-exact-mvp-requirement-applicability-profile.md)"
"REQ-0080"	"../../../requirements/baselines/current-requirements-v1.0.0.md#req-0080"	"新库不迁移旧当前投影、PollTrace、DemandRawObservation、DemandSeries…"	"8005 MesIngest 的 GONE 明细、错误历史、原始证据保留、恢复、容量及低内存存储边界"	"首期延后"	"首期延后"	"复核 02～11 票最终决议后保留候选结论：该条属于长期MesIngest Watch、历史与运维能力或完整治理面，指定单车、单图、单 Demand 试运行无需先实现；若后续决策证明进入必要链再升级。"	"MesIngest 运维/Watch 能力→真实目录可用性证据；不进入 ControlServer—OnboardHmi 主旅程"	"过早纳入会扩大首期和联调面；若后续证明它是安全/验收必要链却未升级，则会形成隐藏缺口。"	"仅在试运行门禁中消费健康/契约身份。"	"无 MesIngestWatch 页面实现。"	"通常无；健康身份只在诊断证据中引用。"	"最终批准 MVP 精确需求适用性清单 (../issues/12-approve-exact-mvp-requirement-applicability-profile.md)"
"REQ-0081"	"../../../requirements/baselines/current-requirements-v1.0.0.md#req-0081"	"切换顺序固定为：只读重建旧环境反馈环；在独立空库验证新包、快速容量预测和加速并发稳定性；按风险信号或用户明确…"	"8005 MesIngest 的 GONE 明细、错误历史、原始证据保留、恢复、容量及低内存存储边界"	"首期延后"	"首期延后"	"复核 02～11 票最终决议后保留候选结论：该条属于长期MesIngest Watch、历史与运维能力或完整治理面，指定单车、单图、单 Demand 试运行无需先实现；若后续决策证明进入必要链再升级。"	"MesIngest 运维/Watch 能力→真实目录可用性证据；不进入 ControlServer—OnboardHmi 主旅程"	"过早纳入会扩大首期和联调面；若后续证明它是安全/验收必要链却未升级，则会形成隐藏缺口。"	"仅在试运行门禁中消费健康/契约身份。"	"无 MesIngestWatch 页面实现。"	"通常无；健康身份只在诊断证据中引用。"	"最终批准 MVP 精确需求适用性清单 (../issues/12-approve-exact-mvp-requirement-applicability-profile.md)"
"REQ-0082"	"../../../requirements/baselines/current-requirements-v1.0.0.md#req-0082"	"MesIngestCutoverRun 必须由唯一 CutoverRunId 标识，且全部门禁、证据与删除属…"	"8005 MesIngest 的 GONE 明细、错误历史、原始证据保留、恢复、容量及低内存存储边界"	"首期延后"	"首期延后"	"复核 02～11 票最终决议后保留候选结论：该条属于长期MesIngest Watch、历史与运维能力或完整治理面，指定单车、单图、单 Demand 试运行无需先实现；若后续决策证明进入必要链再升级。"	"MesIngest 运维/Watch 能力→真实目录可用性证据；不进入 ControlServer—OnboardHmi 主旅程"	"过早纳入会扩大首期和联调面；若后续证明它是安全/验收必要链却未升级，则会形成隐藏缺口。"	"仅在试运行门禁中消费健康/契约身份。"	"无 MesIngestWatch 页面实现。"	"通常无；健康身份只在诊断证据中引用。"	"最终批准 MVP 精确需求适用性清单 (../issues/12-approve-exact-mvp-requirement-applicability-profile.md)"
"REQ-0083"	"../../../requirements/baselines/current-requirements-v1.0.0.md#req-0083"	"删除目标必须同时满足：显式旧库名；不是系统库或新库；匹配预期旧 schema/contract；数据文件位于…"	"8005 MesIngest 的 GONE 明细、错误历史、原始证据保留、恢复、容量及低内存存储边界"	"首期延后"	"首期延后"	"复核 02～11 票最终决议后保留候选结论：该条属于长期MesIngest Watch、历史与运维能力或完整治理面，指定单车、单图、单 Demand 试运行无需先实现；若后续决策证明进入必要链再升级。"	"MesIngest 运维/Watch 能力→真实目录可用性证据；不进入 ControlServer—OnboardHmi 主旅程"	"过早纳入会扩大首期和联调面；若后续证明它是安全/验收必要链却未升级，则会形成隐藏缺口。"	"仅在试运行门禁中消费健康/契约身份。"	"无 MesIngestWatch 页面实现。"	"通常无；健康身份只在诊断证据中引用。"	"最终批准 MVP 精确需求适用性清单 (../issues/12-approve-exact-mvp-requirement-applicability-profile.md)"
"REQ-0084"	"../../../requirements/baselines/current-requirements-v1.0.0.md#req-0084"	"任一切换门禁失败都禁止删除、保留新旧库、以失败退出且不后台重试。删除失败同样保留可检查状态；再次尝试必须由操…"	"8005 MesIngest 的 GONE 明细、错误历史、原始证据保留、恢复、容量及低内存存储边界"	"首期延后"	"首期延后"	"复核 02～11 票最终决议后保留候选结论：该条属于长期MesIngest Watch、历史与运维能力或完整治理面，指定单车、单图、单 Demand 试运行无需先实现；若后续决策证明进入必要链再升级。"	"MesIngest 运维/Watch 能力→真实目录可用性证据；不进入 ControlServer—OnboardHmi 主旅程"	"过早纳入会扩大首期和联调面；若后续证明它是安全/验收必要链却未升级，则会形成隐藏缺口。"	"仅在试运行门禁中消费健康/契约身份。"	"无 MesIngestWatch 页面实现。"	"通常无；健康身份只在诊断证据中引用。"	"最终批准 MVP 精确需求适用性清单 (../issues/12-approve-exact-mvp-requirement-applicability-profile.md)"
"REQ-0085"	"../../../requirements/baselines/current-requirements-v1.0.0.md#req-0085"	"删除前在数据库外写不可覆盖的 JSON/Markdown 证据并写 Windows 事件日志，记录实例、旧/…"	"8005 MesIngest 的 GONE 明细、错误历史、原始证据保留、恢复、容量及低内存存储边界"	"首期延后"	"首期延后"	"复核 02～11 票最终决议后保留候选结论：该条属于长期MesIngest Watch、历史与运维能力或完整治理面，指定单车、单图、单 Demand 试运行无需先实现；若后续决策证明进入必要链再升级。"	"MesIngest 运维/Watch 能力→真实目录可用性证据；不进入 ControlServer—OnboardHmi 主旅程"	"过早纳入会扩大首期和联调面；若后续证明它是安全/验收必要链却未升级，则会形成隐藏缺口。"	"仅在试运行门禁中消费健康/契约身份。"	"无 MesIngestWatch 页面实现。"	"通常无；健康身份只在诊断证据中引用。"	"最终批准 MVP 精确需求适用性清单 (../issues/12-approve-exact-mvp-requirement-applicability-profile.md)"
"REQ-0086"	"../../../requirements/baselines/current-requirements-v1.0.0.md#req-0086"	"旧库删除后没有历史或版本回滚路径，后续故障只在新库与新契约上向前修复。"	"8005 MesIngest 的 GONE 明细、错误历史、原始证据保留、恢复、容量及低内存存储边界"	"首期延后"	"首期延后"	"复核 02～11 票最终决议后保留候选结论：该条属于长期MesIngest Watch、历史与运维能力或完整治理面，指定单车、单图、单 Demand 试运行无需先实现；若后续决策证明进入必要链再升级。"	"MesIngest 运维/Watch 能力→真实目录可用性证据；不进入 ControlServer—OnboardHmi 主旅程"	"过早纳入会扩大首期和联调面；若后续证明它是安全/验收必要链却未升级，则会形成隐藏缺口。"	"仅在试运行门禁中消费健康/契约身份。"	"无 MesIngestWatch 页面实现。"	"通常无；健康身份只在诊断证据中引用。"	"最终批准 MVP 精确需求适用性清单 (../issues/12-approve-exact-mvp-requirement-applicability-profile.md)"
"REQ-0087"	"../../../requirements/baselines/current-requirements-v1.0.0.md#req-0087"	"运行遥测至少覆盖：SQL Server 配置与进程内存、workspace/grant、Error 701、…"	"8005 MesIngest 的 GONE 明细、错误历史、原始证据保留、恢复、容量及低内存存储边界"	"首期延后"	"首期延后"	"复核 02～11 票最终决议后保留候选结论：该条属于长期MesIngest Watch、历史与运维能力或完整治理面，指定单车、单图、单 Demand 试运行无需先实现；若后续决策证明进入必要链再升级。"	"MesIngest 运维/Watch 能力→真实目录可用性证据；不进入 ControlServer—OnboardHmi 主旅程"	"过早纳入会扩大首期和联调面；若后续证明它是安全/验收必要链却未升级，则会形成隐藏缺口。"	"仅在试运行门禁中消费健康/契约身份。"	"无 MesIngestWatch 页面实现。"	"通常无；健康身份只在诊断证据中引用。"	"最终批准 MVP 精确需求适用性清单 (../issues/12-approve-exact-mvp-requirement-applicability-profile.md)"
"REQ-0088"	"../../../requirements/baselines/current-requirements-v1.0.0.md#req-0088"	"默认发布门禁固定为：代表性压缩负载下常用 Watch API P95 < 2 秒、P99 < 5 秒；没有 …"	"8005 MesIngest 的 GONE 明细、错误历史、原始证据保留、恢复、容量及低内存存储边界"	"首期延后"	"首期延后"	"复核 02～11 票最终决议后保留候选结论：该条属于长期MesIngest Watch、历史与运维能力或完整治理面，指定单车、单图、单 Demand 试运行无需先实现；若后续决策证明进入必要链再升级。"	"MesIngest 运维/Watch 能力→真实目录可用性证据；不进入 ControlServer—OnboardHmi 主旅程"	"过早纳入会扩大首期和联调面；若后续证明它是安全/验收必要链却未升级，则会形成隐藏缺口。"	"仅在试运行门禁中消费健康/契约身份。"	"无 MesIngestWatch 页面实现。"	"通常无；健康身份只在诊断证据中引用。"	"最终批准 MVP 精确需求适用性清单 (../issues/12-approve-exact-mvp-requirement-applicability-profile.md)"
"REQ-0089"	"../../../requirements/baselines/current-requirements-v1.0.0.md#req-0089"	"2026-08-22 的 Host、SQL Server 和已部署程序集状态只是旧诊断事实。实施第一张票必须…"	"8005 MesIngest 的 GONE 明细、错误历史、原始证据保留、恢复、容量及低内存存储边界"	"MVP 交互／安全依赖"	"MVP 交互／安全依赖"	"复核 02～11 票最终决议后保留候选结论：旧部署状态不是验收证据；试运行前必须重新捕获目标 MesIngest build/contract 身份。"	"MesIngest 运维/Watch 能力→真实目录可用性证据；不进入 ControlServer—OnboardHmi 主旅程"	"误删可能让MesIngest Watch、历史与运维出现权威分叉、物理状态猜测、断联后重复副作用或无法恢复；误当完整首期功能则扩大范围。"	"仅在试运行门禁中消费健康/契约身份。"	"无 MesIngestWatch 页面实现。"	"通常无；健康身份只在诊断证据中引用。"	"最终批准 MVP 精确需求适用性清单 (../issues/12-approve-exact-mvp-requirement-applicability-profile.md)"
"REQ-0090"	"../../../requirements/baselines/current-requirements-v1.0.0.md#req-0090"	"乐观并发：Save 接受 expectedFingerprint，Rename 与 Delete 接受 ex…"	"8005 MesIngestWatch 的 AreaFilterProfile 编辑、实时同步、冲突与删除后显示范围快照"	"本场景不适用"	"本场景不适用"	"复核 02～11 票最终决议后保留候选结论：该条核心行为落在本地图已排除或未采用的MesIngestWatch AREA 配置编辑范围；不进入首期实现，但保留原基线身份并由最终批准 MVP 精确需求适用性清单 (../issues/12-approve-exact-mvp-requirement-applicability-profile.md)最终逐条复核。"	"MesIngest 运维/Watch 能力→真实目录可用性证据；不进入 ControlServer—OnboardHmi 主旅程"	"误纳入会引入范围外状态、页面或协议消息；误把其中可复用的小型门禁一并删除，可能遗漏依赖，故仍需最终 HITL 复核。"	"无首期实现影响；只保留为基线追溯，禁止误删原需求。"	"无首期实现影响；只保留为基线追溯，禁止误删原需求。"	"不进入 ProtocolVersion 1；不得为范围外能力预留未定义消息。"	"最终批准 MVP 精确需求适用性清单 (../issues/12-approve-exact-mvp-requirement-applicability-profile.md)"
"REQ-0091"	"../../../requirements/baselines/current-requirements-v1.0.0.md#req-0091"	"跨进程事务锁：目录内的锁文件，所有读写操作都在锁内进行。多实例并发已被覆盖，不新增锁。"	"8005 MesIngestWatch 的 AreaFilterProfile 编辑、实时同步、冲突与删除后显示范围快照"	"本场景不适用"	"本场景不适用"	"复核 02～11 票最终决议后保留候选结论：该条核心行为落在本地图已排除或未采用的MesIngestWatch AREA 配置编辑范围；不进入首期实现，但保留原基线身份并由最终批准 MVP 精确需求适用性清单 (../issues/12-approve-exact-mvp-requirement-applicability-profile.md)最终逐条复核。"	"MesIngest 运维/Watch 能力→真实目录可用性证据；不进入 ControlServer—OnboardHmi 主旅程"	"误纳入会引入范围外状态、页面或协议消息；误把其中可复用的小型门禁一并删除，可能遗漏依赖，故仍需最终 HITL 复核。"	"无首期实现影响；只保留为基线追溯，禁止误删原需求。"	"无首期实现影响；只保留为基线追溯，禁止误删原需求。"	"不进入 ProtocolVersion 1；不得为范围外能力预留未定义消息。"	"最终批准 MVP 精确需求适用性清单 (../issues/12-approve-exact-mvp-requirement-applicability-profile.md)"
"REQ-0092"	"../../../requirements/baselines/current-requirements-v1.0.0.md#req-0092"	"可注入时钟：TimeProvider 已是构造参数，去抖与延迟确认直接用它。"	"8005 MesIngestWatch 的 AreaFilterProfile 编辑、实时同步、冲突与删除后显示范围快照"	"本场景不适用"	"本场景不适用"	"复核 02～11 票最终决议后保留候选结论：该条核心行为落在本地图已排除或未采用的MesIngestWatch AREA 配置编辑范围；不进入首期实现，但保留原基线身份并由最终批准 MVP 精确需求适用性清单 (../issues/12-approve-exact-mvp-requirement-applicability-profile.md)最终逐条复核。"	"MesIngest 运维/Watch 能力→真实目录可用性证据；不进入 ControlServer—OnboardHmi 主旅程"	"误纳入会引入范围外状态、页面或协议消息；误把其中可复用的小型门禁一并删除，可能遗漏依赖，故仍需最终 HITL 复核。"	"无首期实现影响；只保留为基线追溯，禁止误删原需求。"	"无首期实现影响；只保留为基线追溯，禁止误删原需求。"	"不进入 ProtocolVersion 1；不得为范围外能力预留未定义消息。"	"最终批准 MVP 精确需求适用性清单 (../issues/12-approve-exact-mvp-requirement-applicability-profile.md)"
"REQ-0093"	"../../../requirements/baselines/current-requirements-v1.0.0.md#req-0093"	"去抖；同一路径的连续事件在一个短窗口内合并为一次"	"8005 MesIngestWatch 的 AreaFilterProfile 编辑、实时同步、冲突与删除后显示范围快照"	"本场景不适用"	"本场景不适用"	"复核 02～11 票最终决议后保留候选结论：该条核心行为落在本地图已排除或未采用的MesIngestWatch AREA 配置编辑范围；不进入首期实现，但保留原基线身份并由最终批准 MVP 精确需求适用性清单 (../issues/12-approve-exact-mvp-requirement-applicability-profile.md)最终逐条复核。"	"MesIngest 运维/Watch 能力→真实目录可用性证据；不进入 ControlServer—OnboardHmi 主旅程"	"误纳入会引入范围外状态、页面或协议消息；误把其中可复用的小型门禁一并删除，可能遗漏依赖，故仍需最终 HITL 复核。"	"无首期实现影响；只保留为基线追溯，禁止误删原需求。"	"无首期实现影响；只保留为基线追溯，禁止误删原需求。"	"不进入 ProtocolVersion 1；不得为范围外能力预留未定义消息。"	"最终批准 MVP 精确需求适用性清单 (../issues/12-approve-exact-mvp-requirement-applicability-profile.md)"
"REQ-0094"	"../../../requirements/baselines/current-requirements-v1.0.0.md#req-0094"	"删除延迟确认；Deleted 事件不立即视为删除；延迟确认后文件仍不存在才判定为真删除，期间同名文件重新出现…"	"8005 MesIngestWatch 的 AreaFilterProfile 编辑、实时同步、冲突与删除后显示范围快照"	"本场景不适用"	"本场景不适用"	"复核 02～11 票最终决议后保留候选结论：该条核心行为落在本地图已排除或未采用的MesIngestWatch AREA 配置编辑范围；不进入首期实现，但保留原基线身份并由最终批准 MVP 精确需求适用性清单 (../issues/12-approve-exact-mvp-requirement-applicability-profile.md)最终逐条复核。"	"MesIngest 运维/Watch 能力→真实目录可用性证据；不进入 ControlServer—OnboardHmi 主旅程"	"误纳入会引入范围外状态、页面或协议消息；误把其中可复用的小型门禁一并删除，可能遗漏依赖，故仍需最终 HITL 复核。"	"无首期实现影响；只保留为基线追溯，禁止误删原需求。"	"无首期实现影响；只保留为基线追溯，禁止误删原需求。"	"不进入 ProtocolVersion 1；不得为范围外能力预留未定义消息。"	"最终批准 MVP 精确需求适用性清单 (../issues/12-approve-exact-mvp-requirement-applicability-profile.md)"
"REQ-0095"	"../../../requirements/baselines/current-requirements-v1.0.0.md#req-0095"	"改名跟随；Renamed 视为改名而非删除；正在编辑的文件跟随到新名字"	"8005 MesIngestWatch 的 AreaFilterProfile 编辑、实时同步、冲突与删除后显示范围快照"	"本场景不适用"	"本场景不适用"	"复核 02～11 票最终决议后保留候选结论：该条核心行为落在本地图已排除或未采用的MesIngestWatch AREA 配置编辑范围；不进入首期实现，但保留原基线身份并由最终批准 MVP 精确需求适用性清单 (../issues/12-approve-exact-mvp-requirement-applicability-profile.md)最终逐条复核。"	"MesIngest 运维/Watch 能力→真实目录可用性证据；不进入 ControlServer—OnboardHmi 主旅程"	"误纳入会引入范围外状态、页面或协议消息；误把其中可复用的小型门禁一并删除，可能遗漏依赖，故仍需最终 HITL 复核。"	"无首期实现影响；只保留为基线追溯，禁止误删原需求。"	"无首期实现影响；只保留为基线追溯，禁止误删原需求。"	"不进入 ProtocolVersion 1；不得为范围外能力预留未定义消息。"	"最终批准 MVP 精确需求适用性清单 (../issues/12-approve-exact-mvp-requirement-applicability-profile.md)"
"REQ-0096"	"../../../requirements/baselines/current-requirements-v1.0.0.md#req-0096"	"自身写入抑制；落盘时记录路径与指纹，命中的事件丢弃。不做抑制会导致「落盘 → 事件 → 重载 → 光标跳回开…"	"8005 MesIngestWatch 的 AreaFilterProfile 编辑、实时同步、冲突与删除后显示范围快照"	"本场景不适用"	"本场景不适用"	"复核 02～11 票最终决议后保留候选结论：该条核心行为落在本地图已排除或未采用的MesIngestWatch AREA 配置编辑范围；不进入首期实现，但保留原基线身份并由最终批准 MVP 精确需求适用性清单 (../issues/12-approve-exact-mvp-requirement-applicability-profile.md)最终逐条复核。"	"MesIngest 运维/Watch 能力→真实目录可用性证据；不进入 ControlServer—OnboardHmi 主旅程"	"误纳入会引入范围外状态、页面或协议消息；误把其中可复用的小型门禁一并删除，可能遗漏依赖，故仍需最终 HITL 复核。"	"无首期实现影响；只保留为基线追溯，禁止误删原需求。"	"无首期实现影响；只保留为基线追溯，禁止误删原需求。"	"不进入 ProtocolVersion 1；不得为范围外能力预留未定义消息。"	"最终批准 MVP 精确需求适用性清单 (../issues/12-approve-exact-mvp-requirement-applicability-profile.md)"
"REQ-0097"	"../../../requirements/baselines/current-requirements-v1.0.0.md#req-0097"	"伴生文件过滤；只接受扩展名为 TXT 且文件名不以点开头的项。FileSystemWatcher 的扩展名过…"	"8005 MesIngestWatch 的 AreaFilterProfile 编辑、实时同步、冲突与删除后显示范围快照"	"本场景不适用"	"本场景不适用"	"复核 02～11 票最终决议后保留候选结论：该条核心行为落在本地图已排除或未采用的MesIngestWatch AREA 配置编辑范围；不进入首期实现，但保留原基线身份并由最终批准 MVP 精确需求适用性清单 (../issues/12-approve-exact-mvp-requirement-applicability-profile.md)最终逐条复核。"	"MesIngest 运维/Watch 能力→真实目录可用性证据；不进入 ControlServer—OnboardHmi 主旅程"	"误纳入会引入范围外状态、页面或协议消息；误把其中可复用的小型门禁一并删除，可能遗漏依赖，故仍需最终 HITL 复核。"	"无首期实现影响；只保留为基线追溯，禁止误删原需求。"	"无首期实现影响；只保留为基线追溯，禁止误删原需求。"	"不进入 ProtocolVersion 1；不得为范围外能力预留未定义消息。"	"最终批准 MVP 精确需求适用性清单 (../issues/12-approve-exact-mvp-requirement-applicability-profile.md)"
"REQ-0098"	"../../../requirements/baselines/current-requirements-v1.0.0.md#req-0098"	"溢出兜底；订阅 Error 事件；触发时全量重扫目录并重建 watcher"	"8005 MesIngestWatch 的 AreaFilterProfile 编辑、实时同步、冲突与删除后显示范围快照"	"本场景不适用"	"本场景不适用"	"复核 02～11 票最终决议后保留候选结论：该条核心行为落在本地图已排除或未采用的MesIngestWatch AREA 配置编辑范围；不进入首期实现，但保留原基线身份并由最终批准 MVP 精确需求适用性清单 (../issues/12-approve-exact-mvp-requirement-applicability-profile.md)最终逐条复核。"	"MesIngest 运维/Watch 能力→真实目录可用性证据；不进入 ControlServer—OnboardHmi 主旅程"	"误纳入会引入范围外状态、页面或协议消息；误把其中可复用的小型门禁一并删除，可能遗漏依赖，故仍需最终 HITL 复核。"	"无首期实现影响；只保留为基线追溯，禁止误删原需求。"	"无首期实现影响；只保留为基线追溯，禁止误删原需求。"	"不进入 ProtocolVersion 1；不得为范围外能力预留未定义消息。"	"最终批准 MVP 精确需求适用性清单 (../issues/12-approve-exact-mvp-requirement-applicability-profile.md)"
"REQ-0099"	"../../../requirements/baselines/current-requirements-v1.0.0.md#req-0099"	"读取重试；文件可能正被外部写入，读取失败按退避重试若干次后才报错"	"8005 MesIngestWatch 的 AreaFilterProfile 编辑、实时同步、冲突与删除后显示范围快照"	"本场景不适用"	"本场景不适用"	"复核 02～11 票最终决议后保留候选结论：该条核心行为落在本地图已排除或未采用的MesIngestWatch AREA 配置编辑范围；不进入首期实现，但保留原基线身份并由最终批准 MVP 精确需求适用性清单 (../issues/12-approve-exact-mvp-requirement-applicability-profile.md)最终逐条复核。"	"MesIngest 运维/Watch 能力→真实目录可用性证据；不进入 ControlServer—OnboardHmi 主旅程"	"误纳入会引入范围外状态、页面或协议消息；误把其中可复用的小型门禁一并删除，可能遗漏依赖，故仍需最终 HITL 复核。"	"无首期实现影响；只保留为基线追溯，禁止误删原需求。"	"无首期实现影响；只保留为基线追溯，禁止误删原需求。"	"不进入 ProtocolVersion 1；不得为范围外能力预留未定义消息。"	"最终批准 MVP 精确需求适用性清单 (../issues/12-approve-exact-mvp-requirement-applicability-profile.md)"
"REQ-0100"	"../../../requirements/baselines/current-requirements-v1.0.0.md#req-0100"	"线程；事件在线程池线程触发，界面更新前必须切回 UI 线程"	"8005 MesIngestWatch 的 AreaFilterProfile 编辑、实时同步、冲突与删除后显示范围快照"	"本场景不适用"	"本场景不适用"	"复核 02～11 票最终决议后保留候选结论：该条核心行为落在本地图已排除或未采用的MesIngestWatch AREA 配置编辑范围；不进入首期实现，但保留原基线身份并由最终批准 MVP 精确需求适用性清单 (../issues/12-approve-exact-mvp-requirement-applicability-profile.md)最终逐条复核。"	"MesIngest 运维/Watch 能力→真实目录可用性证据；不进入 ControlServer—OnboardHmi 主旅程"	"误纳入会引入范围外状态、页面或协议消息；误把其中可复用的小型门禁一并删除，可能遗漏依赖，故仍需最终 HITL 复核。"	"无首期实现影响；只保留为基线追溯，禁止误删原需求。"	"无首期实现影响；只保留为基线追溯，禁止误删原需求。"	"不进入 ProtocolVersion 1；不得为范围外能力预留未定义消息。"	"最终批准 MVP 精确需求适用性清单 (../issues/12-approve-exact-mvp-requirement-applicability-profile.md)"
"REQ-0101"	"../../../requirements/baselines/current-requirements-v1.0.0.md#req-0101"	"目录失效；目录被删除或改名时停止 watcher 并定时重建，界面显示降级提示"	"8005 MesIngestWatch 的 AreaFilterProfile 编辑、实时同步、冲突与删除后显示范围快照"	"本场景不适用"	"本场景不适用"	"复核 02～11 票最终决议后保留候选结论：该条核心行为落在本地图已排除或未采用的MesIngestWatch AREA 配置编辑范围；不进入首期实现，但保留原基线身份并由最终批准 MVP 精确需求适用性清单 (../issues/12-approve-exact-mvp-requirement-applicability-profile.md)最终逐条复核。"	"MesIngest 运维/Watch 能力→真实目录可用性证据；不进入 ControlServer—OnboardHmi 主旅程"	"误纳入会引入范围外状态、页面或协议消息；误把其中可复用的小型门禁一并删除，可能遗漏依赖，故仍需最终 HITL 复核。"	"无首期实现影响；只保留为基线追溯，禁止误删原需求。"	"无首期实现影响；只保留为基线追溯，禁止误删原需求。"	"不进入 ProtocolVersion 1；不得为范围外能力预留未定义消息。"	"最终批准 MVP 精确需求适用性清单 (../issues/12-approve-exact-mvp-requirement-applicability-profile.md)"
"REQ-0102"	"../../../requirements/baselines/current-requirements-v1.0.0.md#req-0102"	"有；干净；静默重载，保持光标、选区、滚动位置"	"8005 MesIngestWatch 的 AreaFilterProfile 编辑、实时同步、冲突与删除后显示范围快照"	"本场景不适用"	"本场景不适用"	"复核 02～11 票最终决议后保留候选结论：该条核心行为落在本地图已排除或未采用的MesIngestWatch AREA 配置编辑范围；不进入首期实现，但保留原基线身份并由最终批准 MVP 精确需求适用性清单 (../issues/12-approve-exact-mvp-requirement-applicability-profile.md)最终逐条复核。"	"MesIngest 运维/Watch 能力→真实目录可用性证据；不进入 ControlServer—OnboardHmi 主旅程"	"误纳入会引入范围外状态、页面或协议消息；误把其中可复用的小型门禁一并删除，可能遗漏依赖，故仍需最终 HITL 复核。"	"无首期实现影响；只保留为基线追溯，禁止误删原需求。"	"无首期实现影响；只保留为基线追溯，禁止误删原需求。"	"不进入 ProtocolVersion 1；不得为范围外能力预留未定义消息。"	"最终批准 MVP 精确需求适用性清单 (../issues/12-approve-exact-mvp-requirement-applicability-profile.md)"
"REQ-0103"	"../../../requirements/baselines/current-requirements-v1.0.0.md#req-0103"	"有；脏；保留本地输入；落盘时指纹不匹配则提示冲突"	"8005 MesIngestWatch 的 AreaFilterProfile 编辑、实时同步、冲突与删除后显示范围快照"	"本场景不适用"	"本场景不适用"	"复核 02～11 票最终决议后保留候选结论：该条核心行为落在本地图已排除或未采用的MesIngestWatch AREA 配置编辑范围；不进入首期实现，但保留原基线身份并由最终批准 MVP 精确需求适用性清单 (../issues/12-approve-exact-mvp-requirement-applicability-profile.md)最终逐条复核。"	"MesIngest 运维/Watch 能力→真实目录可用性证据；不进入 ControlServer—OnboardHmi 主旅程"	"误纳入会引入范围外状态、页面或协议消息；误把其中可复用的小型门禁一并删除，可能遗漏依赖，故仍需最终 HITL 复核。"	"无首期实现影响；只保留为基线追溯，禁止误删原需求。"	"无首期实现影响；只保留为基线追溯，禁止误删原需求。"	"不进入 ProtocolVersion 1；不得为范围外能力预留未定义消息。"	"最终批准 MVP 精确需求适用性清单 (../issues/12-approve-exact-mvp-requirement-applicability-profile.md)"
"REQ-0104"	"../../../requirements/baselines/current-requirements-v1.0.0.md#req-0104"	"有；内容与缓冲逐字节相同；不动，避免光标无谓跳动"	"8005 MesIngestWatch 的 AreaFilterProfile 编辑、实时同步、冲突与删除后显示范围快照"	"本场景不适用"	"本场景不适用"	"复核 02～11 票最终决议后保留候选结论：该条核心行为落在本地图已排除或未采用的MesIngestWatch AREA 配置编辑范围；不进入首期实现，但保留原基线身份并由最终批准 MVP 精确需求适用性清单 (../issues/12-approve-exact-mvp-requirement-applicability-profile.md)最终逐条复核。"	"MesIngest 运维/Watch 能力→真实目录可用性证据；不进入 ControlServer—OnboardHmi 主旅程"	"误纳入会引入范围外状态、页面或协议消息；误把其中可复用的小型门禁一并删除，可能遗漏依赖，故仍需最终 HITL 复核。"	"无首期实现影响；只保留为基线追溯，禁止误删原需求。"	"无首期实现影响；只保留为基线追溯，禁止误删原需求。"	"不进入 ProtocolVersion 1；不得为范围外能力预留未定义消息。"	"最终批准 MVP 精确需求适用性清单 (../issues/12-approve-exact-mvp-requirement-applicability-profile.md)"
"REQ-0105"	"../../../requirements/baselines/current-requirements-v1.0.0.md#req-0105"	"无；任意；无操作"	"8005 MesIngestWatch 的 AreaFilterProfile 编辑、实时同步、冲突与删除后显示范围快照"	"本场景不适用"	"本场景不适用"	"复核 02～11 票最终决议后保留候选结论：该条核心行为落在本地图已排除或未采用的MesIngestWatch AREA 配置编辑范围；不进入首期实现，但保留原基线身份并由最终批准 MVP 精确需求适用性清单 (../issues/12-approve-exact-mvp-requirement-applicability-profile.md)最终逐条复核。"	"MesIngest 运维/Watch 能力→真实目录可用性证据；不进入 ControlServer—OnboardHmi 主旅程"	"误纳入会引入范围外状态、页面或协议消息；误把其中可复用的小型门禁一并删除，可能遗漏依赖，故仍需最终 HITL 复核。"	"无首期实现影响；只保留为基线追溯，禁止误删原需求。"	"无首期实现影响；只保留为基线追溯，禁止误删原需求。"	"不进入 ProtocolVersion 1；不得为范围外能力预留未定义消息。"	"最终批准 MVP 精确需求适用性清单 (../issues/12-approve-exact-mvp-requirement-applicability-profile.md)"
"REQ-0106"	"../../../requirements/baselines/current-requirements-v1.0.0.md#req-0106"	"文件内容变化——无论来自本页编辑器还是外部程序——永远不自动改变显示范围"	"8005 MesIngestWatch 的 AreaFilterProfile 编辑、实时同步、冲突与删除后显示范围快照"	"本场景不适用"	"本场景不适用"	"复核 02～11 票最终决议后保留候选结论：该条核心行为落在本地图已排除或未采用的MesIngestWatch AREA 配置编辑范围；不进入首期实现，但保留原基线身份并由最终批准 MVP 精确需求适用性清单 (../issues/12-approve-exact-mvp-requirement-applicability-profile.md)最终逐条复核。"	"MesIngest 运维/Watch 能力→真实目录可用性证据；不进入 ControlServer—OnboardHmi 主旅程"	"误纳入会引入范围外状态、页面或协议消息；误把其中可复用的小型门禁一并删除，可能遗漏依赖，故仍需最终 HITL 复核。"	"无首期实现影响；只保留为基线追溯，禁止误删原需求。"	"无首期实现影响；只保留为基线追溯，禁止误删原需求。"	"不进入 ProtocolVersion 1；不得为范围外能力预留未定义消息。"	"最终批准 MVP 精确需求适用性清单 (../issues/12-approve-exact-mvp-requirement-applicability-profile.md)"
"REQ-0107"	"../../../requirements/baselines/current-requirements-v1.0.0.md#req-0107"	"只有应用动作才把解析结果写入快照"	"8005 MesIngestWatch 的 AreaFilterProfile 编辑、实时同步、冲突与删除后显示范围快照"	"本场景不适用"	"本场景不适用"	"复核 02～11 票最终决议后保留候选结论：该条核心行为落在本地图已排除或未采用的MesIngestWatch AREA 配置编辑范围；不进入首期实现，但保留原基线身份并由最终批准 MVP 精确需求适用性清单 (../issues/12-approve-exact-mvp-requirement-applicability-profile.md)最终逐条复核。"	"MesIngest 运维/Watch 能力→真实目录可用性证据；不进入 ControlServer—OnboardHmi 主旅程"	"误纳入会引入范围外状态、页面或协议消息；误把其中可复用的小型门禁一并删除，可能遗漏依赖，故仍需最终 HITL 复核。"	"无首期实现影响；只保留为基线追溯，禁止误删原需求。"	"无首期实现影响；只保留为基线追溯，禁止误删原需求。"	"不进入 ProtocolVersion 1；不得为范围外能力预留未定义消息。"	"最终批准 MVP 精确需求适用性清单 (../issues/12-approve-exact-mvp-requirement-applicability-profile.md)"
"REQ-0108"	"../../../requirements/baselines/current-requirements-v1.0.0.md#req-0108"	"快照不依赖文件存在或合法，进程重启后仍然有效"	"8005 MesIngestWatch 的 AreaFilterProfile 编辑、实时同步、冲突与删除后显示范围快照"	"本场景不适用"	"本场景不适用"	"复核 02～11 票最终决议后保留候选结论：该条核心行为落在本地图已排除或未采用的MesIngestWatch AREA 配置编辑范围；不进入首期实现，但保留原基线身份并由最终批准 MVP 精确需求适用性清单 (../issues/12-approve-exact-mvp-requirement-applicability-profile.md)最终逐条复核。"	"MesIngest 运维/Watch 能力→真实目录可用性证据；不进入 ControlServer—OnboardHmi 主旅程"	"误纳入会引入范围外状态、页面或协议消息；误把其中可复用的小型门禁一并删除，可能遗漏依赖，故仍需最终 HITL 复核。"	"无首期实现影响；只保留为基线追溯，禁止误删原需求。"	"无首期实现影响；只保留为基线追溯，禁止误删原需求。"	"不进入 ProtocolVersion 1；不得为范围外能力预留未定义消息。"	"最终批准 MVP 精确需求适用性清单 (../issues/12-approve-exact-mvp-requirement-applicability-profile.md)"
"REQ-0109"	"../../../requirements/baselines/current-requirements-v1.0.0.md#req-0109"	"漂移判定比较解析后的 AREA 序列而非原始文本，因此仅修改注释或空行不算漂移"	"8005 MesIngestWatch 的 AreaFilterProfile 编辑、实时同步、冲突与删除后显示范围快照"	"本场景不适用"	"本场景不适用"	"复核 02～11 票最终决议后保留候选结论：该条核心行为落在本地图已排除或未采用的MesIngestWatch AREA 配置编辑范围；不进入首期实现，但保留原基线身份并由最终批准 MVP 精确需求适用性清单 (../issues/12-approve-exact-mvp-requirement-applicability-profile.md)最终逐条复核。"	"MesIngest 运维/Watch 能力→真实目录可用性证据；不进入 ControlServer—OnboardHmi 主旅程"	"误纳入会引入范围外状态、页面或协议消息；误把其中可复用的小型门禁一并删除，可能遗漏依赖，故仍需最终 HITL 复核。"	"无首期实现影响；只保留为基线追溯，禁止误删原需求。"	"无首期实现影响；只保留为基线追溯，禁止误删原需求。"	"不进入 ProtocolVersion 1；不得为范围外能力预留未定义消息。"	"最终批准 MVP 精确需求适用性清单 (../issues/12-approve-exact-mvp-requirement-applicability-profile.md)"
"REQ-0110"	"../../../requirements/baselines/current-requirements-v1.0.0.md#req-0110"	"非当前应用；有效；—；应用此配置（主按钮，可点）"	"8005 MesIngestWatch 的 AreaFilterProfile 编辑、实时同步、冲突与删除后显示范围快照"	"本场景不适用"	"本场景不适用"	"复核 02～11 票最终决议后保留候选结论：该条核心行为落在本地图已排除或未采用的MesIngestWatch AREA 配置编辑范围；不进入首期实现，但保留原基线身份并由最终批准 MVP 精确需求适用性清单 (../issues/12-approve-exact-mvp-requirement-applicability-profile.md)最终逐条复核。"	"MesIngest 运维/Watch 能力→真实目录可用性证据；不进入 ControlServer—OnboardHmi 主旅程"	"误纳入会引入范围外状态、页面或协议消息；误把其中可复用的小型门禁一并删除，可能遗漏依赖，故仍需最终 HITL 复核。"	"无首期实现影响；只保留为基线追溯，禁止误删原需求。"	"无首期实现影响；只保留为基线追溯，禁止误删原需求。"	"不进入 ProtocolVersion 1；不得为范围外能力预留未定义消息。"	"最终批准 MVP 精确需求适用性清单 (../issues/12-approve-exact-mvp-requirement-applicability-profile.md)"
"REQ-0111"	"../../../requirements/baselines/current-requirements-v1.0.0.md#req-0111"	"非当前应用；非法；—；应用此配置（禁用）"	"8005 MesIngestWatch 的 AreaFilterProfile 编辑、实时同步、冲突与删除后显示范围快照"	"本场景不适用"	"本场景不适用"	"复核 02～11 票最终决议后保留候选结论：该条核心行为落在本地图已排除或未采用的MesIngestWatch AREA 配置编辑范围；不进入首期实现，但保留原基线身份并由最终批准 MVP 精确需求适用性清单 (../issues/12-approve-exact-mvp-requirement-applicability-profile.md)最终逐条复核。"	"MesIngest 运维/Watch 能力→真实目录可用性证据；不进入 ControlServer—OnboardHmi 主旅程"	"误纳入会引入范围外状态、页面或协议消息；误把其中可复用的小型门禁一并删除，可能遗漏依赖，故仍需最终 HITL 复核。"	"无首期实现影响；只保留为基线追溯，禁止误删原需求。"	"无首期实现影响；只保留为基线追溯，禁止误删原需求。"	"不进入 ProtocolVersion 1；不得为范围外能力预留未定义消息。"	"最终批准 MVP 精确需求适用性清单 (../issues/12-approve-exact-mvp-requirement-applicability-profile.md)"
"REQ-0112"	"../../../requirements/baselines/current-requirements-v1.0.0.md#req-0112"	"当前应用；有效；一致；已应用（禁用）"	"8005 MesIngestWatch 的 AreaFilterProfile 编辑、实时同步、冲突与删除后显示范围快照"	"本场景不适用"	"本场景不适用"	"复核 02～11 票最终决议后保留候选结论：该条核心行为落在本地图已排除或未采用的MesIngestWatch AREA 配置编辑范围；不进入首期实现，但保留原基线身份并由最终批准 MVP 精确需求适用性清单 (../issues/12-approve-exact-mvp-requirement-applicability-profile.md)最终逐条复核。"	"MesIngest 运维/Watch 能力→真实目录可用性证据；不进入 ControlServer—OnboardHmi 主旅程"	"误纳入会引入范围外状态、页面或协议消息；误把其中可复用的小型门禁一并删除，可能遗漏依赖，故仍需最终 HITL 复核。"	"无首期实现影响；只保留为基线追溯，禁止误删原需求。"	"无首期实现影响；只保留为基线追溯，禁止误删原需求。"	"不进入 ProtocolVersion 1；不得为范围外能力预留未定义消息。"	"最终批准 MVP 精确需求适用性清单 (../issues/12-approve-exact-mvp-requirement-applicability-profile.md)"
"REQ-0113"	"../../../requirements/baselines/current-requirements-v1.0.0.md#req-0113"	"当前应用；有效；已漂移；重新应用（主按钮，可点）"	"8005 MesIngestWatch 的 AreaFilterProfile 编辑、实时同步、冲突与删除后显示范围快照"	"本场景不适用"	"本场景不适用"	"复核 02～11 票最终决议后保留候选结论：该条核心行为落在本地图已排除或未采用的MesIngestWatch AREA 配置编辑范围；不进入首期实现，但保留原基线身份并由最终批准 MVP 精确需求适用性清单 (../issues/12-approve-exact-mvp-requirement-applicability-profile.md)最终逐条复核。"	"MesIngest 运维/Watch 能力→真实目录可用性证据；不进入 ControlServer—OnboardHmi 主旅程"	"误纳入会引入范围外状态、页面或协议消息；误把其中可复用的小型门禁一并删除，可能遗漏依赖，故仍需最终 HITL 复核。"	"无首期实现影响；只保留为基线追溯，禁止误删原需求。"	"无首期实现影响；只保留为基线追溯，禁止误删原需求。"	"不进入 ProtocolVersion 1；不得为范围外能力预留未定义消息。"	"最终批准 MVP 精确需求适用性清单 (../issues/12-approve-exact-mvp-requirement-applicability-profile.md)"
"REQ-0114"	"../../../requirements/baselines/current-requirements-v1.0.0.md#req-0114"	"当前应用；非法；已漂移；重新应用（禁用），底部状态条说明原因"	"8005 MesIngestWatch 的 AreaFilterProfile 编辑、实时同步、冲突与删除后显示范围快照"	"本场景不适用"	"本场景不适用"	"复核 02～11 票最终决议后保留候选结论：该条核心行为落在本地图已排除或未采用的MesIngestWatch AREA 配置编辑范围；不进入首期实现，但保留原基线身份并由最终批准 MVP 精确需求适用性清单 (../issues/12-approve-exact-mvp-requirement-applicability-profile.md)最终逐条复核。"	"MesIngest 运维/Watch 能力→真实目录可用性证据；不进入 ControlServer—OnboardHmi 主旅程"	"误纳入会引入范围外状态、页面或协议消息；误把其中可复用的小型门禁一并删除，可能遗漏依赖，故仍需最终 HITL 复核。"	"无首期实现影响；只保留为基线追溯，禁止误删原需求。"	"无首期实现影响；只保留为基线追溯，禁止误删原需求。"	"不进入 ProtocolVersion 1；不得为范围外能力预留未定义消息。"	"最终批准 MVP 精确需求适用性清单 (../issues/12-approve-exact-mvp-requirement-applicability-profile.md)"
"REQ-0115"	"../../../requirements/baselines/current-requirements-v1.0.0.md#req-0115"	"当前应用；文件已删除；—；重新应用（禁用），范围仍生效"	"8005 MesIngestWatch 的 AreaFilterProfile 编辑、实时同步、冲突与删除后显示范围快照"	"本场景不适用"	"本场景不适用"	"复核 02～11 票最终决议后保留候选结论：该条核心行为落在本地图已排除或未采用的MesIngestWatch AREA 配置编辑范围；不进入首期实现，但保留原基线身份并由最终批准 MVP 精确需求适用性清单 (../issues/12-approve-exact-mvp-requirement-applicability-profile.md)最终逐条复核。"	"MesIngest 运维/Watch 能力→真实目录可用性证据；不进入 ControlServer—OnboardHmi 主旅程"	"误纳入会引入范围外状态、页面或协议消息；误把其中可复用的小型门禁一并删除，可能遗漏依赖，故仍需最终 HITL 复核。"	"无首期实现影响；只保留为基线追溯，禁止误删原需求。"	"无首期实现影响；只保留为基线追溯，禁止误删原需求。"	"不进入 ProtocolVersion 1；不得为范围外能力预留未定义消息。"	"最终批准 MVP 精确需求适用性清单 (../issues/12-approve-exact-mvp-requirement-applicability-profile.md)"
"REQ-0116"	"../../../requirements/baselines/current-requirements-v1.0.0.md#req-0116"	"The accepted information architecture is E. Prototype …"	"8005 MesIngestWatch 的 DemandSeries 单实例 Inspector E 信息架构"	"本场景不适用"	"本场景不适用"	"复核 02～11 票最终决议后保留候选结论：该条核心行为落在本地图已排除或未采用的MesIngestWatch Inspector 交互范围；不进入首期实现，但保留原基线身份并由最终批准 MVP 精确需求适用性清单 (../issues/12-approve-exact-mvp-requirement-applicability-profile.md)最终逐条复核。"	"MesIngest 运维/Watch 能力→真实目录可用性证据；不进入 ControlServer—OnboardHmi 主旅程"	"误纳入会引入范围外状态、页面或协议消息；误把其中可复用的小型门禁一并删除，可能遗漏依赖，故仍需最终 HITL 复核。"	"无首期实现影响；只保留为基线追溯，禁止误删原需求。"	"无首期实现影响；只保留为基线追溯，禁止误删原需求。"	"不进入 ProtocolVersion 1；不得为范围外能力预留未定义消息。"	"最终批准 MVP 精确需求适用性清单 (../issues/12-approve-exact-mvp-requirement-applicability-profile.md)"
"REQ-0117"	"../../../requirements/baselines/current-requirements-v1.0.0.md#req-0117"	"The Inspector replaces the existing inline DemandSerie…"	"8005 MesIngestWatch 的 DemandSeries 单实例 Inspector E 信息架构"	"本场景不适用"	"本场景不适用"	"复核 02～11 票最终决议后保留候选结论：该条核心行为落在本地图已排除或未采用的MesIngestWatch Inspector 交互范围；不进入首期实现，但保留原基线身份并由最终批准 MVP 精确需求适用性清单 (../issues/12-approve-exact-mvp-requirement-applicability-profile.md)最终逐条复核。"	"MesIngest 运维/Watch 能力→真实目录可用性证据；不进入 ControlServer—OnboardHmi 主旅程"	"误纳入会引入范围外状态、页面或协议消息；误把其中可复用的小型门禁一并删除，可能遗漏依赖，故仍需最终 HITL 复核。"	"无首期实现影响；只保留为基线追溯，禁止误删原需求。"	"无首期实现影响；只保留为基线追溯，禁止误删原需求。"	"不进入 ProtocolVersion 1；不得为范围外能力预留未定义消息。"	"最终批准 MVP 精确需求适用性清单 (../issues/12-approve-exact-mvp-requirement-applicability-profile.md)"
"REQ-0118"	"../../../requirements/baselines/current-requirements-v1.0.0.md#req-0118"	"The main DemandSeries page retains its filters, paging…"	"8005 MesIngestWatch 的 DemandSeries 单实例 Inspector E 信息架构"	"本场景不适用"	"本场景不适用"	"复核 02～11 票最终决议后保留候选结论：该条核心行为落在本地图已排除或未采用的MesIngestWatch Inspector 交互范围；不进入首期实现，但保留原基线身份并由最终批准 MVP 精确需求适用性清单 (../issues/12-approve-exact-mvp-requirement-applicability-profile.md)最终逐条复核。"	"MesIngest 运维/Watch 能力→真实目录可用性证据；不进入 ControlServer—OnboardHmi 主旅程"	"误纳入会引入范围外状态、页面或协议消息；误把其中可复用的小型门禁一并删除，可能遗漏依赖，故仍需最终 HITL 复核。"	"无首期实现影响；只保留为基线追溯，禁止误删原需求。"	"无首期实现影响；只保留为基线追溯，禁止误删原需求。"	"不进入 ProtocolVersion 1；不得为范围外能力预留未定义消息。"	"最终批准 MVP 精确需求适用性清单 (../issues/12-approve-exact-mvp-requirement-applicability-profile.md)"
"REQ-0119"	"../../../requirements/baselines/current-requirements-v1.0.0.md#req-0119"	"The Inspector is a single, unowned, non-Topmost, model…"	"8005 MesIngestWatch 的 DemandSeries 单实例 Inspector E 信息架构"	"本场景不适用"	"本场景不适用"	"复核 02～11 票最终决议后保留候选结论：该条核心行为落在本地图已排除或未采用的MesIngestWatch Inspector 交互范围；不进入首期实现，但保留原基线身份并由最终批准 MVP 精确需求适用性清单 (../issues/12-approve-exact-mvp-requirement-applicability-profile.md)最终逐条复核。"	"MesIngest 运维/Watch 能力→真实目录可用性证据；不进入 ControlServer—OnboardHmi 主旅程"	"误纳入会引入范围外状态、页面或协议消息；误把其中可复用的小型门禁一并删除，可能遗漏依赖，故仍需最终 HITL 复核。"	"无首期实现影响；只保留为基线追溯，禁止误删原需求。"	"无首期实现影响；只保留为基线追溯，禁止误删原需求。"	"不进入 ProtocolVersion 1；不得为范围外能力预留未定义消息。"	"最终批准 MVP 精确需求适用性清单 (../issues/12-approve-exact-mvp-requirement-applicability-profile.md)"
"REQ-0120"	"../../../requirements/baselines/current-requirements-v1.0.0.md#req-0120"	"A coordinator owns Inspector creation, explicit activa…"	"8005 MesIngestWatch 的 DemandSeries 单实例 Inspector E 信息架构"	"本场景不适用"	"本场景不适用"	"复核 02～11 票最终决议后保留候选结论：该条核心行为落在本地图已排除或未采用的MesIngestWatch Inspector 交互范围；不进入首期实现，但保留原基线身份并由最终批准 MVP 精确需求适用性清单 (../issues/12-approve-exact-mvp-requirement-applicability-profile.md)最终逐条复核。"	"MesIngest 运维/Watch 能力→真实目录可用性证据；不进入 ControlServer—OnboardHmi 主旅程"	"误纳入会引入范围外状态、页面或协议消息；误把其中可复用的小型门禁一并删除，可能遗漏依赖，故仍需最终 HITL 复核。"	"无首期实现影响；只保留为基线追溯，禁止误删原需求。"	"无首期实现影响；只保留为基线追溯，禁止误删原需求。"	"不进入 ProtocolVersion 1；不得为范围外能力预留未定义消息。"	"最终批准 MVP 精确需求适用性清单 (../issues/12-approve-exact-mvp-requirement-applicability-profile.md)"
"REQ-0121"	"../../../requirements/baselines/current-requirements-v1.0.0.md#req-0121"	"The DemandSeries detail view consumes an immutable pre…"	"8005 MesIngestWatch 的 DemandSeries 单实例 Inspector E 信息架构"	"本场景不适用"	"本场景不适用"	"复核 02～11 票最终决议后保留候选结论：该条核心行为落在本地图已排除或未采用的MesIngestWatch Inspector 交互范围；不进入首期实现，但保留原基线身份并由最终批准 MVP 精确需求适用性清单 (../issues/12-approve-exact-mvp-requirement-applicability-profile.md)最终逐条复核。"	"MesIngest 运维/Watch 能力→真实目录可用性证据；不进入 ControlServer—OnboardHmi 主旅程"	"误纳入会引入范围外状态、页面或协议消息；误把其中可复用的小型门禁一并删除，可能遗漏依赖，故仍需最终 HITL 复核。"	"无首期实现影响；只保留为基线追溯，禁止误删原需求。"	"无首期实现影响；只保留为基线追溯，禁止误删原需求。"	"不进入 ProtocolVersion 1；不得为范围外能力预留未定义消息。"	"最终批准 MVP 精确需求适用性清单 (../issues/12-approve-exact-mvp-requirement-applicability-profile.md)"
"REQ-0122"	"../../../requirements/baselines/current-requirements-v1.0.0.md#req-0122"	"Stable list selection and detail loading are separate …"	"8005 MesIngestWatch 的 DemandSeries 单实例 Inspector E 信息架构"	"本场景不适用"	"本场景不适用"	"复核 02～11 票最终决议后保留候选结论：该条核心行为落在本地图已排除或未采用的MesIngestWatch Inspector 交互范围；不进入首期实现，但保留原基线身份并由最终批准 MVP 精确需求适用性清单 (../issues/12-approve-exact-mvp-requirement-applicability-profile.md)最终逐条复核。"	"MesIngest 运维/Watch 能力→真实目录可用性证据；不进入 ControlServer—OnboardHmi 主旅程"	"误纳入会引入范围外状态、页面或协议消息；误把其中可复用的小型门禁一并删除，可能遗漏依赖，故仍需最终 HITL 复核。"	"无首期实现影响；只保留为基线追溯，禁止误删原需求。"	"无首期实现影响；只保留为基线追溯，禁止误删原需求。"	"不进入 ProtocolVersion 1；不得为范围外能力预留未定义消息。"	"最终批准 MVP 精确需求适用性清单 (../issues/12-approve-exact-mvp-requirement-applicability-profile.md)"
"REQ-0123"	"../../../requirements/baselines/current-requirements-v1.0.0.md#req-0123"	"All detail content comes from the same frozen snapshot…"	"8005 MesIngestWatch 的 DemandSeries 单实例 Inspector E 信息架构"	"本场景不适用"	"本场景不适用"	"复核 02～11 票最终决议后保留候选结论：该条核心行为落在本地图已排除或未采用的MesIngestWatch Inspector 交互范围；不进入首期实现，但保留原基线身份并由最终批准 MVP 精确需求适用性清单 (../issues/12-approve-exact-mvp-requirement-applicability-profile.md)最终逐条复核。"	"MesIngest 运维/Watch 能力→真实目录可用性证据；不进入 ControlServer—OnboardHmi 主旅程"	"误纳入会引入范围外状态、页面或协议消息；误把其中可复用的小型门禁一并删除，可能遗漏依赖，故仍需最终 HITL 复核。"	"无首期实现影响；只保留为基线追溯，禁止误删原需求。"	"无首期实现影响；只保留为基线追溯，禁止误删原需求。"	"不进入 ProtocolVersion 1；不得为范围外能力预留未定义消息。"	"最终批准 MVP 精确需求适用性清单 (../issues/12-approve-exact-mvp-requirement-applicability-profile.md)"
"REQ-0124"	"../../../requirements/baselines/current-requirements-v1.0.0.md#req-0124"	"Ordinary DemandSeries navigation opens only the list. …"	"8005 MesIngestWatch 的 DemandSeries 单实例 Inspector E 信息架构"	"本场景不适用"	"本场景不适用"	"复核 02～11 票最终决议后保留候选结论：该条核心行为落在本地图已排除或未采用的MesIngestWatch Inspector 交互范围；不进入首期实现，但保留原基线身份并由最终批准 MVP 精确需求适用性清单 (../issues/12-approve-exact-mvp-requirement-applicability-profile.md)最终逐条复核。"	"MesIngest 运维/Watch 能力→真实目录可用性证据；不进入 ControlServer—OnboardHmi 主旅程"	"误纳入会引入范围外状态、页面或协议消息；误把其中可复用的小型门禁一并删除，可能遗漏依赖，故仍需最终 HITL 复核。"	"无首期实现影响；只保留为基线追溯，禁止误删原需求。"	"无首期实现影响；只保留为基线追溯，禁止误删原需求。"	"不进入 ProtocolVersion 1；不得为范围外能力预留未定义消息。"	"最终批准 MVP 精确需求适用性清单 (../issues/12-approve-exact-mvp-requirement-applicability-profile.md)"
"REQ-0125"	"../../../requirements/baselines/current-requirements-v1.0.0.md#req-0125"	"The top of the Inspector uses one compact Series conte…"	"8005 MesIngestWatch 的 DemandSeries 单实例 Inspector E 信息架构"	"本场景不适用"	"本场景不适用"	"复核 02～11 票最终决议后保留候选结论：该条核心行为落在本地图已排除或未采用的MesIngestWatch Inspector 交互范围；不进入首期实现，但保留原基线身份并由最终批准 MVP 精确需求适用性清单 (../issues/12-approve-exact-mvp-requirement-applicability-profile.md)最终逐条复核。"	"MesIngest 运维/Watch 能力→真实目录可用性证据；不进入 ControlServer—OnboardHmi 主旅程"	"误纳入会引入范围外状态、页面或协议消息；误把其中可复用的小型门禁一并删除，可能遗漏依赖，故仍需最终 HITL 复核。"	"无首期实现影响；只保留为基线追溯，禁止误删原需求。"	"无首期实现影响；只保留为基线追溯，禁止误删原需求。"	"不进入 ProtocolVersion 1；不得为范围外能力预留未定义消息。"	"最终批准 MVP 精确需求适用性清单 (../issues/12-approve-exact-mvp-requirement-applicability-profile.md)"
"REQ-0126"	"../../../requirements/baselines/current-requirements-v1.0.0.md#req-0126"	"“世代分析”和“事件” are first-level sibling tabs sharing the s…"	"8005 MesIngestWatch 的 DemandSeries 单实例 Inspector E 信息架构"	"本场景不适用"	"本场景不适用"	"复核 02～11 票最终决议后保留候选结论：该条核心行为落在本地图已排除或未采用的MesIngestWatch Inspector 交互范围；不进入首期实现，但保留原基线身份并由最终批准 MVP 精确需求适用性清单 (../issues/12-approve-exact-mvp-requirement-applicability-profile.md)最终逐条复核。"	"MesIngest 运维/Watch 能力→真实目录可用性证据；不进入 ControlServer—OnboardHmi 主旅程"	"误纳入会引入范围外状态、页面或协议消息；误把其中可复用的小型门禁一并删除，可能遗漏依赖，故仍需最终 HITL 复核。"	"无首期实现影响；只保留为基线追溯，禁止误删原需求。"	"无首期实现影响；只保留为基线追溯，禁止误删原需求。"	"不进入 ProtocolVersion 1；不得为范围外能力预留未定义消息。"	"最终批准 MVP 精确需求适用性清单 (../issues/12-approve-exact-mvp-requirement-applicability-profile.md)"
"REQ-0127"	"../../../requirements/baselines/current-requirements-v1.0.0.md#req-0127"	"A vertical, virtualizable generation list is the sole …"	"8005 MesIngestWatch 的 DemandSeries 单实例 Inspector E 信息架构"	"本场景不适用"	"本场景不适用"	"复核 02～11 票最终决议后保留候选结论：该条核心行为落在本地图已排除或未采用的MesIngestWatch Inspector 交互范围；不进入首期实现，但保留原基线身份并由最终批准 MVP 精确需求适用性清单 (../issues/12-approve-exact-mvp-requirement-applicability-profile.md)最终逐条复核。"	"MesIngest 运维/Watch 能力→真实目录可用性证据；不进入 ControlServer—OnboardHmi 主旅程"	"误纳入会引入范围外状态、页面或协议消息；误把其中可复用的小型门禁一并删除，可能遗漏依赖，故仍需最终 HITL 复核。"	"无首期实现影响；只保留为基线追溯，禁止误删原需求。"	"无首期实现影响；只保留为基线追溯，禁止误删原需求。"	"不进入 ProtocolVersion 1；不得为范围外能力预留未定义消息。"	"最终批准 MVP 精确需求适用性清单 (../issues/12-approve-exact-mvp-requirement-applicability-profile.md)"
"REQ-0128"	"../../../requirements/baselines/current-requirements-v1.0.0.md#req-0128"	"Generation 1 defaults to FIRST_OBSERVED presentation b…"	"8005 MesIngestWatch 的 DemandSeries 单实例 Inspector E 信息架构"	"本场景不适用"	"本场景不适用"	"复核 02～11 票最终决议后保留候选结论：该条核心行为落在本地图已排除或未采用的MesIngestWatch Inspector 交互范围；不进入首期实现，但保留原基线身份并由最终批准 MVP 精确需求适用性清单 (../issues/12-approve-exact-mvp-requirement-applicability-profile.md)最终逐条复核。"	"MesIngest 运维/Watch 能力→真实目录可用性证据；不进入 ControlServer—OnboardHmi 主旅程"	"误纳入会引入范围外状态、页面或协议消息；误把其中可复用的小型门禁一并删除，可能遗漏依赖，故仍需最终 HITL 复核。"	"无首期实现影响；只保留为基线追溯，禁止误删原需求。"	"无首期实现影响；只保留为基线追溯，禁止误删原需求。"	"不进入 ProtocolVersion 1；不得为范围外能力预留未定义消息。"	"最终批准 MVP 精确需求适用性清单 (../issues/12-approve-exact-mvp-requirement-applicability-profile.md)"
"REQ-0129"	"../../../requirements/baselines/current-requirements-v1.0.0.md#req-0129"	"Known reason translations are FIRST_OBSERVED → “首次观察到”…"	"8005 MesIngestWatch 的 DemandSeries 单实例 Inspector E 信息架构"	"本场景不适用"	"本场景不适用"	"复核 02～11 票最终决议后保留候选结论：该条核心行为落在本地图已排除或未采用的MesIngestWatch Inspector 交互范围；不进入首期实现，但保留原基线身份并由最终批准 MVP 精确需求适用性清单 (../issues/12-approve-exact-mvp-requirement-applicability-profile.md)最终逐条复核。"	"MesIngest 运维/Watch 能力→真实目录可用性证据；不进入 ControlServer—OnboardHmi 主旅程"	"误纳入会引入范围外状态、页面或协议消息；误把其中可复用的小型门禁一并删除，可能遗漏依赖，故仍需最终 HITL 复核。"	"无首期实现影响；只保留为基线追溯，禁止误删原需求。"	"无首期实现影响；只保留为基线追溯，禁止误删原需求。"	"不进入 ProtocolVersion 1；不得为范围外能力预留未定义消息。"	"最终批准 MVP 精确需求适用性清单 (../issues/12-approve-exact-mvp-requirement-applicability-profile.md)"
"REQ-0130"	"../../../requirements/baselines/current-requirements-v1.0.0.md#req-0130"	"Unknown or malformed reason payloads produce a neutral…"	"8005 MesIngestWatch 的 DemandSeries 单实例 Inspector E 信息架构"	"本场景不适用"	"本场景不适用"	"复核 02～11 票最终决议后保留候选结论：该条核心行为落在本地图已排除或未采用的MesIngestWatch Inspector 交互范围；不进入首期实现，但保留原基线身份并由最终批准 MVP 精确需求适用性清单 (../issues/12-approve-exact-mvp-requirement-applicability-profile.md)最终逐条复核。"	"MesIngest 运维/Watch 能力→真实目录可用性证据；不进入 ControlServer—OnboardHmi 主旅程"	"误纳入会引入范围外状态、页面或协议消息；误把其中可复用的小型门禁一并删除，可能遗漏依赖，故仍需最终 HITL 复核。"	"无首期实现影响；只保留为基线追溯，禁止误删原需求。"	"无首期实现影响；只保留为基线追溯，禁止误删原需求。"	"不进入 ProtocolVersion 1；不得为范围外能力预留未定义消息。"	"最终批准 MVP 精确需求适用性清单 (../issues/12-approve-exact-mvp-requirement-applicability-profile.md)"
"REQ-0131"	"../../../requirements/baselines/current-requirements-v1.0.0.md#req-0131"	"Formation evidence is a variable ordered collection of…"	"8005 MesIngestWatch 的 DemandSeries 单实例 Inspector E 信息架构"	"本场景不适用"	"本场景不适用"	"复核 02～11 票最终决议后保留候选结论：该条核心行为落在本地图已排除或未采用的MesIngestWatch Inspector 交互范围；不进入首期实现，但保留原基线身份并由最终批准 MVP 精确需求适用性清单 (../issues/12-approve-exact-mvp-requirement-applicability-profile.md)最终逐条复核。"	"MesIngest 运维/Watch 能力→真实目录可用性证据；不进入 ControlServer—OnboardHmi 主旅程"	"误纳入会引入范围外状态、页面或协议消息；误把其中可复用的小型门禁一并删除，可能遗漏依赖，故仍需最终 HITL 复核。"	"无首期实现影响；只保留为基线追溯，禁止误删原需求。"	"无首期实现影响；只保留为基线追溯，禁止误删原需求。"	"不进入 ProtocolVersion 1；不得为范围外能力预留未定义消息。"	"最终批准 MVP 精确需求适用性清单 (../issues/12-approve-exact-mvp-requirement-applicability-profile.md)"
"REQ-0132"	"../../../requirements/baselines/current-requirements-v1.0.0.md#req-0132"	"Production status vocabulary remains authoritative, in…"	"8005 MesIngestWatch 的 DemandSeries 单实例 Inspector E 信息架构"	"本场景不适用"	"本场景不适用"	"复核 02～11 票最终决议后保留候选结论：该条核心行为落在本地图已排除或未采用的MesIngestWatch Inspector 交互范围；不进入首期实现，但保留原基线身份并由最终批准 MVP 精确需求适用性清单 (../issues/12-approve-exact-mvp-requirement-applicability-profile.md)最终逐条复核。"	"MesIngest 运维/Watch 能力→真实目录可用性证据；不进入 ControlServer—OnboardHmi 主旅程"	"误纳入会引入范围外状态、页面或协议消息；误把其中可复用的小型门禁一并删除，可能遗漏依赖，故仍需最终 HITL 复核。"	"无首期实现影响；只保留为基线追溯，禁止误删原需求。"	"无首期实现影响；只保留为基线追溯，禁止误删原需求。"	"不进入 ProtocolVersion 1；不得为范围外能力预留未定义消息。"	"最终批准 MVP 精确需求适用性清单 (../issues/12-approve-exact-mvp-requirement-applicability-profile.md)"
"REQ-0133"	"../../../requirements/baselines/current-requirements-v1.0.0.md#req-0133"	"The event tab renders only real immutable DemandSeries…"	"8005 MesIngestWatch 的 DemandSeries 单实例 Inspector E 信息架构"	"本场景不适用"	"本场景不适用"	"复核 02～11 票最终决议后保留候选结论：该条核心行为落在本地图已排除或未采用的MesIngestWatch Inspector 交互范围；不进入首期实现，但保留原基线身份并由最终批准 MVP 精确需求适用性清单 (../issues/12-approve-exact-mvp-requirement-applicability-profile.md)最终逐条复核。"	"MesIngest 运维/Watch 能力→真实目录可用性证据；不进入 ControlServer—OnboardHmi 主旅程"	"误纳入会引入范围外状态、页面或协议消息；误把其中可复用的小型门禁一并删除，可能遗漏依赖，故仍需最终 HITL 复核。"	"无首期实现影响；只保留为基线追溯，禁止误删原需求。"	"无首期实现影响；只保留为基线追溯，禁止误删原需求。"	"不进入 ProtocolVersion 1；不得为范围外能力预留未定义消息。"	"最终批准 MVP 精确需求适用性清单 (../issues/12-approve-exact-mvp-requirement-applicability-profile.md)"
"REQ-0134"	"../../../requirements/baselines/current-requirements-v1.0.0.md#req-0134"	"Event filtering is local and non-destructive. “相关事件” s…"	"8005 MesIngestWatch 的 DemandSeries 单实例 Inspector E 信息架构"	"本场景不适用"	"本场景不适用"	"复核 02～11 票最终决议后保留候选结论：该条核心行为落在本地图已排除或未采用的MesIngestWatch Inspector 交互范围；不进入首期实现，但保留原基线身份并由最终批准 MVP 精确需求适用性清单 (../issues/12-approve-exact-mvp-requirement-applicability-profile.md)最终逐条复核。"	"MesIngest 运维/Watch 能力→真实目录可用性证据；不进入 ControlServer—OnboardHmi 主旅程"	"误纳入会引入范围外状态、页面或协议消息；误把其中可复用的小型门禁一并删除，可能遗漏依赖，故仍需最终 HITL 复核。"	"无首期实现影响；只保留为基线追溯，禁止误删原需求。"	"无首期实现影响；只保留为基线追溯，禁止误删原需求。"	"不进入 ProtocolVersion 1；不得为范围外能力预留未定义消息。"	"最终批准 MVP 精确需求适用性清单 (../issues/12-approve-exact-mvp-requirement-applicability-profile.md)"
"REQ-0135"	"../../../requirements/baselines/current-requirements-v1.0.0.md#req-0135"	"Boundary MES evidence comes from DemandRawObservationS…"	"8005 MesIngestWatch 的 DemandSeries 单实例 Inspector E 信息架构"	"本场景不适用"	"本场景不适用"	"复核 02～11 票最终决议后保留候选结论：该条核心行为落在本地图已排除或未采用的MesIngestWatch Inspector 交互范围；不进入首期实现，但保留原基线身份并由最终批准 MVP 精确需求适用性清单 (../issues/12-approve-exact-mvp-requirement-applicability-profile.md)最终逐条复核。"	"MesIngest 运维/Watch 能力→真实目录可用性证据；不进入 ControlServer—OnboardHmi 主旅程"	"误纳入会引入范围外状态、页面或协议消息；误把其中可复用的小型门禁一并删除，可能遗漏依赖，故仍需最终 HITL 复核。"	"无首期实现影响；只保留为基线追溯，禁止误删原需求。"	"无首期实现影响；只保留为基线追溯，禁止误删原需求。"	"不进入 ProtocolVersion 1；不得为范围外能力预留未定义消息。"	"最终批准 MVP 精确需求适用性清单 (../issues/12-approve-exact-mvp-requirement-applicability-profile.md)"
"REQ-0136"	"../../../requirements/baselines/current-requirements-v1.0.0.md#req-0136"	"Scalar before/after comparison is allowed only when ea…"	"8005 MesIngestWatch 的 DemandSeries 单实例 Inspector E 信息架构"	"本场景不适用"	"本场景不适用"	"复核 02～11 票最终决议后保留候选结论：该条核心行为落在本地图已排除或未采用的MesIngestWatch Inspector 交互范围；不进入首期实现，但保留原基线身份并由最终批准 MVP 精确需求适用性清单 (../issues/12-approve-exact-mvp-requirement-applicability-profile.md)最终逐条复核。"	"MesIngest 运维/Watch 能力→真实目录可用性证据；不进入 ControlServer—OnboardHmi 主旅程"	"误纳入会引入范围外状态、页面或协议消息；误把其中可复用的小型门禁一并删除，可能遗漏依赖，故仍需最终 HITL 复核。"	"无首期实现影响；只保留为基线追溯，禁止误删原需求。"	"无首期实现影响；只保留为基线追溯，禁止误删原需求。"	"不进入 ProtocolVersion 1；不得为范围外能力预留未定义消息。"	"最终批准 MVP 精确需求适用性清单 (../issues/12-approve-exact-mvp-requirement-applicability-profile.md)"
"REQ-0137"	"../../../requirements/baselines/current-requirements-v1.0.0.md#req-0137"	"The MES field table preserves the native field vocabul…"	"8005 MesIngestWatch 的 DemandSeries 单实例 Inspector E 信息架构"	"本场景不适用"	"本场景不适用"	"复核 02～11 票最终决议后保留候选结论：该条核心行为落在本地图已排除或未采用的MesIngestWatch Inspector 交互范围；不进入首期实现，但保留原基线身份并由最终批准 MVP 精确需求适用性清单 (../issues/12-approve-exact-mvp-requirement-applicability-profile.md)最终逐条复核。"	"MesIngest 运维/Watch 能力→真实目录可用性证据；不进入 ControlServer—OnboardHmi 主旅程"	"误纳入会引入范围外状态、页面或协议消息；误把其中可复用的小型门禁一并删除，可能遗漏依赖，故仍需最终 HITL 复核。"	"无首期实现影响；只保留为基线追溯，禁止误删原需求。"	"无首期实现影响；只保留为基线追溯，禁止误删原需求。"	"不进入 ProtocolVersion 1；不得为范围外能力预留未定义消息。"	"最终批准 MVP 精确需求适用性清单 (../issues/12-approve-exact-mvp-requirement-applicability-profile.md)"
"REQ-0138"	"../../../requirements/baselines/current-requirements-v1.0.0.md#req-0138"	"MES field changes are described as “已变化／保持不变” evidence…"	"8005 MesIngestWatch 的 DemandSeries 单实例 Inspector E 信息架构"	"本场景不适用"	"本场景不适用"	"复核 02～11 票最终决议后保留候选结论：该条核心行为落在本地图已排除或未采用的MesIngestWatch Inspector 交互范围；不进入首期实现，但保留原基线身份并由最终批准 MVP 精确需求适用性清单 (../issues/12-approve-exact-mvp-requirement-applicability-profile.md)最终逐条复核。"	"MesIngest 运维/Watch 能力→真实目录可用性证据；不进入 ControlServer—OnboardHmi 主旅程"	"误纳入会引入范围外状态、页面或协议消息；误把其中可复用的小型门禁一并删除，可能遗漏依赖，故仍需最终 HITL 复核。"	"无首期实现影响；只保留为基线追溯，禁止误删原需求。"	"无首期实现影响；只保留为基线追溯，禁止误删原需求。"	"不进入 ProtocolVersion 1；不得为范围外能力预留未定义消息。"	"最终批准 MVP 精确需求适用性清单 (../issues/12-approve-exact-mvp-requirement-applicability-profile.md)"
"REQ-0139"	"../../../requirements/baselines/current-requirements-v1.0.0.md#req-0139"	"Same-Series refresh attempts to preserve focused Deman…"	"8005 MesIngestWatch 的 DemandSeries 单实例 Inspector E 信息架构"	"本场景不适用"	"本场景不适用"	"复核 02～11 票最终决议后保留候选结论：该条核心行为落在本地图已排除或未采用的MesIngestWatch Inspector 交互范围；不进入首期实现，但保留原基线身份并由最终批准 MVP 精确需求适用性清单 (../issues/12-approve-exact-mvp-requirement-applicability-profile.md)最终逐条复核。"	"MesIngest 运维/Watch 能力→真实目录可用性证据；不进入 ControlServer—OnboardHmi 主旅程"	"误纳入会引入范围外状态、页面或协议消息；误把其中可复用的小型门禁一并删除，可能遗漏依赖，故仍需最终 HITL 复核。"	"无首期实现影响；只保留为基线追溯，禁止误删原需求。"	"无首期实现影响；只保留为基线追溯，禁止误删原需求。"	"不进入 ProtocolVersion 1；不得为范围外能力预留未定义消息。"	"最终批准 MVP 精确需求适用性清单 (../issues/12-approve-exact-mvp-requirement-applicability-profile.md)"
"REQ-0140"	"../../../requirements/baselines/current-requirements-v1.0.0.md#req-0140"	"Current-target refresh failure retains the last succes…"	"8005 MesIngestWatch 的 DemandSeries 单实例 Inspector E 信息架构"	"本场景不适用"	"本场景不适用"	"复核 02～11 票最终决议后保留候选结论：该条核心行为落在本地图已排除或未采用的MesIngestWatch Inspector 交互范围；不进入首期实现，但保留原基线身份并由最终批准 MVP 精确需求适用性清单 (../issues/12-approve-exact-mvp-requirement-applicability-profile.md)最终逐条复核。"	"MesIngest 运维/Watch 能力→真实目录可用性证据；不进入 ControlServer—OnboardHmi 主旅程"	"误纳入会引入范围外状态、页面或协议消息；误把其中可复用的小型门禁一并删除，可能遗漏依赖，故仍需最终 HITL 复核。"	"无首期实现影响；只保留为基线追溯，禁止误删原需求。"	"无首期实现影响；只保留为基线追溯，禁止误删原需求。"	"不进入 ProtocolVersion 1；不得为范围外能力预留未定义消息。"	"最终批准 MVP 精确需求适用性清单 (../issues/12-approve-exact-mvp-requirement-applicability-profile.md)"
"REQ-0141"	"../../../requirements/baselines/current-requirements-v1.0.0.md#req-0141"	"Inspector close, Host change, and application shutdown…"	"8005 MesIngestWatch 的 DemandSeries 单实例 Inspector E 信息架构"	"本场景不适用"	"本场景不适用"	"复核 02～11 票最终决议后保留候选结论：该条核心行为落在本地图已排除或未采用的MesIngestWatch Inspector 交互范围；不进入首期实现，但保留原基线身份并由最终批准 MVP 精确需求适用性清单 (../issues/12-approve-exact-mvp-requirement-applicability-profile.md)最终逐条复核。"	"MesIngest 运维/Watch 能力→真实目录可用性证据；不进入 ControlServer—OnboardHmi 主旅程"	"误纳入会引入范围外状态、页面或协议消息；误把其中可复用的小型门禁一并删除，可能遗漏依赖，故仍需最终 HITL 复核。"	"无首期实现影响；只保留为基线追溯，禁止误删原需求。"	"无首期实现影响；只保留为基线追溯，禁止误删原需求。"	"不进入 ProtocolVersion 1；不得为范围外能力预留未定义消息。"	"最终批准 MVP 精确需求适用性清单 (../issues/12-approve-exact-mvp-requirement-applicability-profile.md)"
"REQ-0142"	"../../../requirements/baselines/current-requirements-v1.0.0.md#req-0142"	"Window layout persistence extends the existing prefere…"	"8005 MesIngestWatch 的 DemandSeries 单实例 Inspector E 信息架构"	"本场景不适用"	"本场景不适用"	"复核 02～11 票最终决议后保留候选结论：该条核心行为落在本地图已排除或未采用的MesIngestWatch Inspector 交互范围；不进入首期实现，但保留原基线身份并由最终批准 MVP 精确需求适用性清单 (../issues/12-approve-exact-mvp-requirement-applicability-profile.md)最终逐条复核。"	"MesIngest 运维/Watch 能力→真实目录可用性证据；不进入 ControlServer—OnboardHmi 主旅程"	"误纳入会引入范围外状态、页面或协议消息；误把其中可复用的小型门禁一并删除，可能遗漏依赖，故仍需最终 HITL 复核。"	"无首期实现影响；只保留为基线追溯，禁止误删原需求。"	"无首期实现影响；只保留为基线追溯，禁止误删原需求。"	"不进入 ProtocolVersion 1；不得为范围外能力预留未定义消息。"	"最终批准 MVP 精确需求适用性清单 (../issues/12-approve-exact-mvp-requirement-applicability-profile.md)"
"REQ-0143"	"../../../requirements/baselines/current-requirements-v1.0.0.md#req-0143"	"Default Inspector size is 1200×800 effective pixels; m…"	"8005 MesIngestWatch 的 DemandSeries 单实例 Inspector E 信息架构"	"本场景不适用"	"本场景不适用"	"复核 02～11 票最终决议后保留候选结论：该条核心行为落在本地图已排除或未采用的MesIngestWatch Inspector 交互范围；不进入首期实现，但保留原基线身份并由最终批准 MVP 精确需求适用性清单 (../issues/12-approve-exact-mvp-requirement-applicability-profile.md)最终逐条复核。"	"MesIngest 运维/Watch 能力→真实目录可用性证据；不进入 ControlServer—OnboardHmi 主旅程"	"误纳入会引入范围外状态、页面或协议消息；误把其中可复用的小型门禁一并删除，可能遗漏依赖，故仍需最终 HITL 复核。"	"无首期实现影响；只保留为基线追溯，禁止误删原需求。"	"无首期实现影响；只保留为基线追溯，禁止误删原需求。"	"不进入 ProtocolVersion 1；不得为范围外能力预留未定义消息。"	"最终批准 MVP 精确需求适用性清单 (../issues/12-approve-exact-mvp-requirement-applicability-profile.md)"
"REQ-0144"	"../../../requirements/baselines/current-requirements-v1.0.0.md#req-0144"	"The existing Inspector ADR remains authoritative for w…"	"8005 MesIngestWatch 的 DemandSeries 单实例 Inspector E 信息架构"	"本场景不适用"	"本场景不适用"	"复核 02～11 票最终决议后保留候选结论：该条核心行为落在本地图已排除或未采用的MesIngestWatch Inspector 交互范围；不进入首期实现，但保留原基线身份并由最终批准 MVP 精确需求适用性清单 (../issues/12-approve-exact-mvp-requirement-applicability-profile.md)最终逐条复核。"	"MesIngest 运维/Watch 能力→真实目录可用性证据；不进入 ControlServer—OnboardHmi 主旅程"	"误纳入会引入范围外状态、页面或协议消息；误把其中可复用的小型门禁一并删除，可能遗漏依赖，故仍需最终 HITL 复核。"	"无首期实现影响；只保留为基线追溯，禁止误删原需求。"	"无首期实现影响；只保留为基线追溯，禁止误删原需求。"	"不进入 ProtocolVersion 1；不得为范围外能力预留未定义消息。"	"最终批准 MVP 精确需求适用性清单 (../issues/12-approve-exact-mvp-requirement-applicability-profile.md)"
"REQ-0145"	"../../../requirements/baselines/current-requirements-v1.0.0.md#req-0145"	"Production UI work must follow the repository Fluent U…"	"8005 MesIngestWatch 的 DemandSeries 单实例 Inspector E 信息架构"	"本场景不适用"	"本场景不适用"	"复核 02～11 票最终决议后保留候选结论：该条核心行为落在本地图已排除或未采用的MesIngestWatch Inspector 交互范围；不进入首期实现，但保留原基线身份并由最终批准 MVP 精确需求适用性清单 (../issues/12-approve-exact-mvp-requirement-applicability-profile.md)最终逐条复核。"	"MesIngest 运维/Watch 能力→真实目录可用性证据；不进入 ControlServer—OnboardHmi 主旅程"	"误纳入会引入范围外状态、页面或协议消息；误把其中可复用的小型门禁一并删除，可能遗漏依赖，故仍需最终 HITL 复核。"	"无首期实现影响；只保留为基线追溯，禁止误删原需求。"	"无首期实现影响；只保留为基线追溯，禁止误删原需求。"	"不进入 ProtocolVersion 1；不得为范围外能力预留未定义消息。"	"最终批准 MVP 精确需求适用性清单 (../issues/12-approve-exact-mvp-requirement-applicability-profile.md)"
"REQ-0146"	"../../../requirements/baselines/current-requirements-v1.0.0.md#req-0146"	"观察与计算：build 查询；地图和站点查询；可调度车辆和指定车辆状态查询；按 upperId/orderI…"	"8005 多仓位 AGV 项目；更窄边界以本条文本及来源票据为准"	"MVP 直接必须"	"MVP 直接必须"	"复核 02～11 票最终决议后保留候选结论：该条直接约束单 WIRE_TO_GATE 旅程的RIoT 允许接口面；候选纳入首期，精确字段/状态仍由决定 MVP RIoT 移动、建单对账与人工充电边界 (../issues/06-decide-riot-movement-order-reconciliation-and-manual-charging-boundary.md)收口。"	"RIoT 查询/建单/命令白名单→OrderIntent→结果未知对账→到站事实"	"误删会使RIoT 允许接口面主旅程或现场验收无法闭环，并可能造成重复执行、错误站点/仓位或不可证明完成。"	"实现指定车辆的查询、建单、命令和对账边界。"	"展示移动/到站/阻断事实，不直接调用 RIoT。"	"服务端向车载发布可行动状态；不透传任意 RIoT API。"	"决定 MVP RIoT 移动、建单对账与人工充电边界 (../issues/06-decide-riot-movement-order-reconciliation-and-manual-charging-boundary.md)"
"REQ-0147"	"../../../requirements/baselines/current-requirements-v1.0.0.md#req-0147"	"常规建单：只允许 POST /api/order/v1/add/byDefaultMissions 创建指定…"	"8005 多仓位 AGV 项目；更窄边界以本条文本及来源票据为准"	"MVP 直接必须"	"MVP 直接必须"	"复核 02～11 票最终决议后保留候选结论：该条直接约束单 WIRE_TO_GATE 旅程的RIoT 允许接口面；候选纳入首期，精确字段/状态仍由决定 MVP RIoT 移动、建单对账与人工充电边界 (../issues/06-decide-riot-movement-order-reconciliation-and-manual-charging-boundary.md)收口。"	"RIoT 查询/建单/命令白名单→OrderIntent→结果未知对账→到站事实"	"误删会使RIoT 允许接口面主旅程或现场验收无法闭环，并可能造成重复执行、错误站点/仓位或不可证明完成。"	"实现指定车辆的查询、建单、命令和对账边界。"	"展示移动/到站/阻断事实，不直接调用 RIoT。"	"服务端向车载发布可行动状态；不透传任意 RIoT API。"	"决定 MVP RIoT 移动、建单对账与人工充电边界 (../issues/06-decide-riot-movement-order-reconciliation-and-manual-charging-boundary.md)"
"REQ-0148"	"../../../requirements/baselines/current-requirements-v1.0.0.md#req-0148"	"受控订单命令：只允许 POST /api/task/v1/order/command/{orderId} 的…"	"8005 多仓位 AGV 项目；更窄边界以本条文本及来源票据为准"	"MVP 交互／安全依赖"	"MVP 交互／安全依赖"	"复核 02～11 票最终决议后保留候选结论：不要求在首期重建该条全部产品面，但RIoT 允许接口面中的事实、门禁或恢复语义是本旅程正确性/安全性的前置依赖；由决定 MVP RIoT 移动、建单对账与人工充电边界 (../issues/06-decide-riot-movement-order-reconciliation-and-manual-charging-boundary.md)确认最小保留部分。"	"RIoT 查询/建单/命令白名单→OrderIntent→结果未知对账→到站事实"	"误删可能让RIoT 允许接口面出现权威分叉、物理状态猜测、断联后重复副作用或无法恢复；误当完整首期功能则扩大范围。"	"实现指定车辆的查询、建单、命令和对账边界。"	"展示移动/到站/阻断事实，不直接调用 RIoT。"	"服务端向车载发布可行动状态；不透传任意 RIoT API。"	"决定 MVP RIoT 移动、建单对账与人工充电边界 (../issues/06-decide-riot-movement-order-reconciliation-and-manual-charging-boundary.md)"
"REQ-0149"	"../../../requirements/baselines/current-requirements-v1.0.0.md#req-0149"	"调度可用性：允许 POST /api/task/vehicles/updateVehicleIntegrat…"	"8005 多仓位 AGV 项目；更窄边界以本条文本及来源票据为准"	"MVP 交互／安全依赖"	"MVP 交互／安全依赖"	"复核 02～11 票最终决议后保留候选结论：不要求在首期重建该条全部产品面，但RIoT 允许接口面中的事实、门禁或恢复语义是本旅程正确性/安全性的前置依赖；由决定 MVP RIoT 移动、建单对账与人工充电边界 (../issues/06-decide-riot-movement-order-reconciliation-and-manual-charging-boundary.md)确认最小保留部分。"	"RIoT 查询/建单/命令白名单→OrderIntent→结果未知对账→到站事实"	"误删可能让RIoT 允许接口面出现权威分叉、物理状态猜测、断联后重复副作用或无法恢复；误当完整首期功能则扩大范围。"	"实现指定车辆的查询、建单、命令和对账边界。"	"展示移动/到站/阻断事实，不直接调用 RIoT。"	"服务端向车载发布可行动状态；不透传任意 RIoT API。"	"决定 MVP RIoT 移动、建单对账与人工充电边界 (../issues/06-decide-riot-movement-order-reconciliation-and-manual-charging-boundary.md)"
"REQ-0150"	"../../../requirements/baselines/current-requirements-v1.0.0.md#req-0150"	"当前 MES 业务对账键是 TransportDemandKey，即 TASK_TYPE + SUBLOT。…"	"8005 多仓位 AGV 项目；更窄边界以本条文本及来源票据为准"	"MVP 直接必须"	"MVP 直接必须"	"复核 02～11 票最终决议后保留候选结论：该条直接约束单 WIRE_TO_GATE 旅程的Demand 身份、取消与抑制；候选纳入首期，精确字段/状态仍由决定 Demand 受理、执行身份与完成后防重边界 (../issues/02-decide-demand-acceptance-execution-identity-and-completion-deduplication.md)收口。"	"TransportDemandKey→DemandId/DemandRevision→本地终态→永久抑制/再现处理"	"误删会使Demand 身份、取消与抑制主旅程或现场验收无法闭环，并可能造成重复执行、错误站点/仓位或不可证明完成。"	"持久化执行、取消、完成和抑制身份。"	"显示唯一任务和本地完成；不显示或等待 PDA。"	"任务快照、终态和去重关联必须版本化。"	"决定 Demand 受理、执行身份与完成后防重边界 (../issues/02-decide-demand-acceptance-execution-identity-and-completion-deduplication.md)"
"REQ-0151"	"../../../requirements/baselines/current-requirements-v1.0.0.md#req-0151"	"唯一性限定在完整快照和同时可见范围。 同一次完整成功 MES 快照中，一个 TransportDemandK…"	"8005 多仓位 AGV 项目；更窄边界以本条文本及来源票据为准"	"MVP 直接必须"	"MVP 直接必须"	"复核 02～11 票最终决议后保留候选结论：该条直接约束单 WIRE_TO_GATE 旅程的Demand 身份、取消与抑制；候选纳入首期，精确字段/状态仍由决定 Demand 受理、执行身份与完成后防重边界 (../issues/02-decide-demand-acceptance-execution-identity-and-completion-deduplication.md)收口。"	"TransportDemandKey→DemandId/DemandRevision→本地终态→永久抑制/再现处理"	"误删会使Demand 身份、取消与抑制主旅程或现场验收无法闭环，并可能造成重复执行、错误站点/仓位或不可证明完成。"	"持久化执行、取消、完成和抑制身份。"	"显示唯一任务和本地完成；不显示或等待 PDA。"	"任务快照、终态和去重关联必须版本化。"	"决定 Demand 受理、执行身份与完成后防重边界 (../issues/02-decide-demand-acceptance-execution-identity-and-completion-deduplication.md)"
"REQ-0152"	"../../../requirements/baselines/current-requirements-v1.0.0.md#req-0152"	"同一 SUBLOT 同时命中多个任务类型是阻断性冲突。 该 SUBLOT 在本轮的全部候选均不创建或刷新 T…"	"8005 多仓位 AGV 项目；更窄边界以本条文本及来源票据为准"	"MVP 直接必须"	"MVP 直接必须"	"复核 02～11 票最终决议后保留候选结论：该条直接约束单 WIRE_TO_GATE 旅程的Demand 身份、取消与抑制；候选纳入首期，精确字段/状态仍由决定 Demand 受理、执行身份与完成后防重边界 (../issues/02-decide-demand-acceptance-execution-identity-and-completion-deduplication.md)收口。"	"TransportDemandKey→DemandId/DemandRevision→本地终态→永久抑制/再现处理"	"误删会使Demand 身份、取消与抑制主旅程或现场验收无法闭环，并可能造成重复执行、错误站点/仓位或不可证明完成。"	"持久化执行、取消、完成和抑制身份。"	"显示唯一任务和本地完成；不显示或等待 PDA。"	"任务快照、终态和去重关联必须版本化。"	"决定 Demand 受理、执行身份与完成后防重边界 (../issues/02-decide-demand-acceptance-execution-identity-and-completion-deduplication.md)"
"REQ-0153"	"../../../requirements/baselines/current-requirements-v1.0.0.md#req-0153"	"DemandId 是本地 TransportDemand 实例身份。 MesIngest 在创建实例时生成，…"	"8005 多仓位 AGV 项目；更窄边界以本条文本及来源票据为准"	"MVP 直接必须"	"MVP 直接必须"	"复核 02～11 票最终决议后保留候选结论：该条直接约束单 WIRE_TO_GATE 旅程的Demand 身份、取消与抑制；候选纳入首期，精确字段/状态仍由决定 Demand 受理、执行身份与完成后防重边界 (../issues/02-decide-demand-acceptance-execution-identity-and-completion-deduplication.md)收口。"	"TransportDemandKey→DemandId/DemandRevision→本地终态→永久抑制/再现处理"	"误删会使Demand 身份、取消与抑制主旅程或现场验收无法闭环，并可能造成重复执行、错误站点/仓位或不可证明完成。"	"持久化执行、取消、完成和抑制身份。"	"显示唯一任务和本地完成；不显示或等待 PDA。"	"任务快照、终态和去重关联必须版本化。"	"决定 Demand 受理、执行身份与完成后防重边界 (../issues/02-decide-demand-acceptance-execution-identity-and-completion-deduplication.md)"
"REQ-0154"	"../../../requirements/baselines/current-requirements-v1.0.0.md#req-0154"	"GONE 后同键再现产生新实例。 原 TransportDemand 与原 DemandId 永久保留为 G…"	"8005 多仓位 AGV 项目；更窄边界以本条文本及来源票据为准"	"MVP 直接必须"	"MVP 直接必须"	"复核 02～11 票最终决议后保留候选结论：该条直接约束单 WIRE_TO_GATE 旅程的Demand 身份、取消与抑制；候选纳入首期，精确字段/状态仍由决定 Demand 受理、执行身份与完成后防重边界 (../issues/02-decide-demand-acceptance-execution-identity-and-completion-deduplication.md)收口。"	"TransportDemandKey→DemandId/DemandRevision→本地终态→永久抑制/再现处理"	"误删会使Demand 身份、取消与抑制主旅程或现场验收无法闭环，并可能造成重复执行、错误站点/仓位或不可证明完成。"	"持久化执行、取消、完成和抑制身份。"	"显示唯一任务和本地完成；不显示或等待 PDA。"	"任务快照、终态和去重关联必须版本化。"	"决定 Demand 受理、执行身份与完成后防重边界 (../issues/02-decide-demand-acceptance-execution-identity-and-completion-deduplication.md)"
"REQ-0155"	"../../../requirements/baselines/current-requirements-v1.0.0.md#req-0155"	"本地取消终态挂 DemandId，禁止再次执行业务挂 TransportDemandKey。 调度以 Tra…"	"8005 多仓位 AGV 项目；更窄边界以本条文本及来源票据为准"	"MVP 直接必须"	"MVP 直接必须"	"复核 02～11 票最终决议后保留候选结论：该条直接约束单 WIRE_TO_GATE 旅程的Demand 身份、取消与抑制；候选纳入首期，精确字段/状态仍由决定 Demand 受理、执行身份与完成后防重边界 (../issues/02-decide-demand-acceptance-execution-identity-and-completion-deduplication.md)收口。"	"TransportDemandKey→DemandId/DemandRevision→本地终态→永久抑制/再现处理"	"误删会使Demand 身份、取消与抑制主旅程或现场验收无法闭环，并可能造成重复执行、错误站点/仓位或不可证明完成。"	"持久化执行、取消、完成和抑制身份。"	"显示唯一任务和本地完成；不显示或等待 PDA。"	"任务快照、终态和去重关联必须版本化。"	"决定 Demand 受理、执行身份与完成后防重边界 (../issues/02-decide-demand-acceptance-execution-identity-and-completion-deduplication.md)"
"REQ-0156"	"../../../requirements/baselines/current-requirements-v1.0.0.md#req-0156"	"抑制只由本地取消产生。 CANCELLED_BY_OPERATOR、CANCELLED_BY_LOAD_CO…"	"8005 多仓位 AGV 项目；更窄边界以本条文本及来源票据为准"	"MVP 直接必须"	"MVP 直接必须"	"复核 02～11 票最终决议后保留候选结论：该条直接约束单 WIRE_TO_GATE 旅程的Demand 身份、取消与抑制；候选纳入首期，精确字段/状态仍由决定 Demand 受理、执行身份与完成后防重边界 (../issues/02-decide-demand-acceptance-execution-identity-and-completion-deduplication.md)收口。"	"TransportDemandKey→DemandId/DemandRevision→本地终态→永久抑制/再现处理"	"误删会使Demand 身份、取消与抑制主旅程或现场验收无法闭环，并可能造成重复执行、错误站点/仓位或不可证明完成。"	"持久化执行、取消、完成和抑制身份。"	"显示唯一任务和本地完成；不显示或等待 PDA。"	"任务快照、终态和去重关联必须版本化。"	"决定 Demand 受理、执行身份与完成后防重边界 (../issues/02-decide-demand-acceptance-execution-identity-and-completion-deduplication.md)"
"REQ-0157"	"../../../requirements/baselines/current-requirements-v1.0.0.md#req-0157"	"版本与范围绑定。 本结论绑定 Git 提交 420c96c2f961aaffa42a5443fa42e658…"	"8005 多仓位 AGV 项目；更窄边界以本条文本及来源票据为准"	"MVP 直接必须"	"MVP 直接必须"	"复核 02～11 票最终决议后保留候选结论：该条直接约束单 WIRE_TO_GATE 旅程的Demand 身份、取消与抑制；候选纳入首期，精确字段/状态仍由决定 Demand 受理、执行身份与完成后防重边界 (../issues/02-decide-demand-acceptance-execution-identity-and-completion-deduplication.md)收口。"	"TransportDemandKey→DemandId/DemandRevision→本地终态→永久抑制/再现处理"	"误删会使Demand 身份、取消与抑制主旅程或现场验收无法闭环，并可能造成重复执行、错误站点/仓位或不可证明完成。"	"持久化执行、取消、完成和抑制身份。"	"显示唯一任务和本地完成；不显示或等待 PDA。"	"任务快照、终态和去重关联必须版本化。"	"决定 Demand 受理、执行身份与完成后防重边界 (../issues/02-decide-demand-acceptance-execution-identity-and-completion-deduplication.md)"
"REQ-0158"	"../../../requirements/baselines/current-requirements-v1.0.0.md#req-0158"	"当前 8005 范围内所有组成部分严格只读访问 MES；不得执行完工、卸货、过站、入库或其它 MES 写操作…"	"8005 多仓位 AGV 项目；更窄边界以本条文本及来源票据为准"	"MVP 直接必须"	"MVP 直接必须"	"复核 02～11 票最终决议后保留候选结论：该条直接约束单 WIRE_TO_GATE 旅程的MES 只读与本地完成边界；候选纳入首期，精确字段/状态仍由决定机台取货、多仓装货、关卡卸货与成功边界 (../issues/04-decide-pickup-loading-gate-unloading-and-success-boundary.md)收口。"	"真实装卸完成→8005 本地终态→释放车辆；MES/PDA 独立且无写回"	"误删会使MES 只读与本地完成边界主旅程或现场验收无法闭环，并可能造成重复执行、错误站点/仓位或不可证明完成。"	"持久化执行、取消、完成和抑制身份。"	"显示唯一任务和本地完成；不显示或等待 PDA。"	"任务快照、终态和去重关联必须版本化。"	"决定机台取货、多仓装货、关卡卸货与成功边界 (../issues/04-decide-pickup-loading-gate-unloading-and-success-boundary.md)"
"REQ-0159"	"../../../requirements/baselines/current-requirements-v1.0.0.md#req-0159"	"8005 的物理卸货与搬运结果只形成其本地业务终态和正常审计事实；本地完成不等同于 MES 完成，也不以任何…"	"8005 多仓位 AGV 项目；更窄边界以本条文本及来源票据为准"	"MVP 直接必须"	"MVP 直接必须"	"复核 02～11 票最终决议后保留候选结论：该条直接约束单 WIRE_TO_GATE 旅程的MES 只读与本地完成边界；候选纳入首期，精确字段/状态仍由决定机台取货、多仓装货、关卡卸货与成功边界 (../issues/04-decide-pickup-loading-gate-unloading-and-success-boundary.md)收口。"	"真实装卸完成→8005 本地终态→释放车辆；MES/PDA 独立且无写回"	"误删会使MES 只读与本地完成边界主旅程或现场验收无法闭环，并可能造成重复执行、错误站点/仓位或不可证明完成。"	"持久化执行、取消、完成和抑制身份。"	"显示唯一任务和本地完成；不显示或等待 PDA。"	"任务快照、终态和去重关联必须版本化。"	"决定机台取货、多仓装货、关卡卸货与成功边界 (../issues/04-decide-pickup-loading-gate-unloading-and-success-boundary.md)"
"REQ-0160"	"../../../requirements/baselines/current-requirements-v1.0.0.md#req-0160"	"正常卸货后所需的 MES 入站、过站、接收或其它状态变化，由目的站对应的现场责任人通过既有 PDA/MES …"	"8005 多仓位 AGV 项目；更窄边界以本条文本及来源票据为准"	"MVP 直接必须"	"MVP 直接必须"	"复核 02～11 票最终决议后保留候选结论：该条直接约束单 WIRE_TO_GATE 旅程的MES 只读与本地完成边界；候选纳入首期，精确字段/状态仍由决定机台取货、多仓装货、关卡卸货与成功边界 (../issues/04-decide-pickup-loading-gate-unloading-and-success-boundary.md)收口。"	"真实装卸完成→8005 本地终态→释放车辆；MES/PDA 独立且无写回"	"误删会使MES 只读与本地完成边界主旅程或现场验收无法闭环，并可能造成重复执行、错误站点/仓位或不可证明完成。"	"持久化执行、取消、完成和抑制身份。"	"显示唯一任务和本地完成；不显示或等待 PDA。"	"任务快照、终态和去重关联必须版本化。"	"决定机台取货、多仓装货、关卡卸货与成功边界 (../issues/04-decide-pickup-loading-gate-unloading-and-success-boundary.md)"
"REQ-0161"	"../../../requirements/baselines/current-requirements-v1.0.0.md#req-0161"	"物理卸货完成并满足安全结束条件后，8005 立即结束本地任务并释放车辆；不等待现场 PDA/MES 操作，不…"	"8005 多仓位 AGV 项目；更窄边界以本条文本及来源票据为准"	"MVP 直接必须"	"MVP 直接必须"	"复核 02～11 票最终决议后保留候选结论：该条直接约束单 WIRE_TO_GATE 旅程的MES 只读与本地完成边界；候选纳入首期，精确字段/状态仍由决定机台取货、多仓装货、关卡卸货与成功边界 (../issues/04-decide-pickup-loading-gate-unloading-and-success-boundary.md)收口。"	"真实装卸完成→8005 本地终态→释放车辆；MES/PDA 独立且无写回"	"误删会使MES 只读与本地完成边界主旅程或现场验收无法闭环，并可能造成重复执行、错误站点/仓位或不可证明完成。"	"持久化执行、取消、完成和抑制身份。"	"显示唯一任务和本地完成；不显示或等待 PDA。"	"任务快照、终态和去重关联必须版本化。"	"决定机台取货、多仓装货、关卡卸货与成功边界 (../issues/04-decide-pickup-loading-gate-unloading-and-success-boundary.md)"
"REQ-0162"	"../../../requirements/baselines/current-requirements-v1.0.0.md#req-0162"	"8005 不显示 MES 后续操作提醒、不要求提醒确认，也不建立 MES 后续待办、完成状态、未确认告警或专…"	"8005 多仓位 AGV 项目；更窄边界以本条文本及来源票据为准"	"MVP 直接必须"	"MVP 直接必须"	"复核 02～11 票最终决议后保留候选结论：该条直接约束单 WIRE_TO_GATE 旅程的MES 只读与本地完成边界；候选纳入首期，精确字段/状态仍由决定机台取货、多仓装货、关卡卸货与成功边界 (../issues/04-decide-pickup-loading-gate-unloading-and-success-boundary.md)收口。"	"真实装卸完成→8005 本地终态→释放车辆；MES/PDA 独立且无写回"	"误删会使MES 只读与本地完成边界主旅程或现场验收无法闭环，并可能造成重复执行、错误站点/仓位或不可证明完成。"	"持久化执行、取消、完成和抑制身份。"	"显示唯一任务和本地完成；不显示或等待 PDA。"	"任务快照、终态和去重关联必须版本化。"	"决定机台取货、多仓装货、关卡卸货与成功边界 (../issues/04-decide-pickup-loading-gate-unloading-and-success-boundary.md)"
"REQ-0163"	"../../../requirements/baselines/current-requirements-v1.0.0.md#req-0163"	"MES 写回能力不属于当前基线。未来若要引入，必须作为新能力重新评审，并取得版本绑定的接口与数据契约、授权、…"	"8005 多仓位 AGV 项目；更窄边界以本条文本及来源票据为准"	"MVP 直接必须"	"MVP 直接必须"	"复核 02～11 票最终决议后保留候选结论：该条直接约束单 WIRE_TO_GATE 旅程的MES 只读与本地完成边界；候选纳入首期，精确字段/状态仍由决定机台取货、多仓装货、关卡卸货与成功边界 (../issues/04-decide-pickup-loading-gate-unloading-and-success-boundary.md)收口。"	"真实装卸完成→8005 本地终态→释放车辆；MES/PDA 独立且无写回"	"误删会使MES 只读与本地完成边界主旅程或现场验收无法闭环，并可能造成重复执行、错误站点/仓位或不可证明完成。"	"持久化执行、取消、完成和抑制身份。"	"显示唯一任务和本地完成；不显示或等待 PDA。"	"任务快照、终态和去重关联必须版本化。"	"决定机台取货、多仓装货、关卡卸货与成功边界 (../issues/04-decide-pickup-loading-gate-unloading-and-success-boundary.md)"
"REQ-0164"	"../../../requirements/baselines/current-requirements-v1.0.0.md#req-0164"	"UC-008 的“0/1”是8005的硬下单门禁，不是自动清理目标。 8005 按下单时的 appointV…"	"8005 多仓位 AGV 项目；更窄边界以本条文本及来源票据为准"	"MVP 直接必须"	"MVP 直接必须"	"复核 02～11 票最终决议后保留候选结论：该条直接约束单 WIRE_TO_GATE 旅程的RIoT 订单状态与自动充电异常；候选纳入首期，精确字段/状态仍由决定 MVP RIoT 移动、建单对账与人工充电边界 (../issues/06-decide-riot-movement-order-reconciliation-and-manual-charging-boundary.md)收口。"	"车辆/订单新鲜事实→派车资格→移动或人工充电阻断→结果收敛"	"误删会使RIoT 订单状态与自动充电异常主旅程或现场验收无法闭环，并可能造成重复执行、错误站点/仓位或不可证明完成。"	"执行 WIRE_TO_GATE 字段、站点和容量准入。"	"在机台展示并核对 Sublot/篮数/端点。"	"只传经服务端裁决的字段和错误码，不让车载二次分类。"	"决定 MVP RIoT 移动、建单对账与人工充电边界 (../issues/06-decide-riot-movement-order-reconciliation-and-manual-charging-boundary.md)"
"REQ-0165"	"../../../requirements/baselines/current-requirements-v1.0.0.md#req-0165"	"正常 QUEUEING 是短暂过渡，QueueingStall 才是异常滞留。 可执行订单通常很快进入 EX…"	"8005 多仓位 AGV 项目；更窄边界以本条文本及来源票据为准"	"MVP 交互／安全依赖"	"MVP 交互／安全依赖"	"复核 02～11 票最终决议后保留候选结论：不要求在首期重建该条全部产品面，但RIoT 订单状态与自动充电异常中的事实、门禁或恢复语义是本旅程正确性/安全性的前置依赖；由决定 MVP RIoT 移动、建单对账与人工充电边界 (../issues/06-decide-riot-movement-order-reconciliation-and-manual-charging-boundary.md)确认最小保留部分。"	"车辆/订单新鲜事实→派车资格→移动或人工充电阻断→结果收敛"	"误删可能让RIoT 订单状态与自动充电异常出现权威分叉、物理状态猜测、断联后重复副作用或无法恢复；误当完整首期功能则扩大范围。"	"执行 WIRE_TO_GATE 字段、站点和容量准入。"	"在机台展示并核对 Sublot/篮数/端点。"	"只传经服务端裁决的字段和错误码，不让车载二次分类。"	"决定 MVP RIoT 移动、建单对账与人工充电边界 (../issues/06-decide-riot-movement-order-reconciliation-and-manual-charging-boundary.md)"
"REQ-0166"	"../../../requirements/baselines/current-requirements-v1.0.0.md#req-0166"	"各终态不等同于可再派。 SUCCESS 后仍须确认车辆 IDLE 并重新通过完整派车检查；CANCELLED…"	"8005 多仓位 AGV 项目；更窄边界以本条文本及来源票据为准"	"MVP 交互／安全依赖"	"MVP 交互／安全依赖"	"复核 02～11 票最终决议后保留候选结论：不要求在首期重建该条全部产品面，但RIoT 订单状态与自动充电异常中的事实、门禁或恢复语义是本旅程正确性/安全性的前置依赖；由决定 MVP RIoT 移动、建单对账与人工充电边界 (../issues/06-decide-riot-movement-order-reconciliation-and-manual-charging-boundary.md)确认最小保留部分。"	"车辆/订单新鲜事实→派车资格→移动或人工充电阻断→结果收敛"	"误删可能让RIoT 订单状态与自动充电异常出现权威分叉、物理状态猜测、断联后重复副作用或无法恢复；误当完整首期功能则扩大范围。"	"执行 WIRE_TO_GATE 字段、站点和容量准入。"	"在机台展示并核对 Sublot/篮数/端点。"	"只传经服务端裁决的字段和错误码，不让车载二次分类。"	"决定 MVP RIoT 移动、建单对账与人工充电边界 (../issues/06-decide-riot-movement-order-reconciliation-and-manual-charging-boundary.md)"
"REQ-0167"	"../../../requirements/baselines/current-requirements-v1.0.0.md#req-0167"	"可证明的暂时阻断应自动恢复。 8005应自动恢复由自身造成、原因已经消除且安全事实可独立证明的临时 Disp…"	"8005 多仓位 AGV 项目；更窄边界以本条文本及来源票据为准"	"MVP 交互／安全依赖"	"MVP 交互／安全依赖"	"复核 02～11 票最终决议后保留候选结论：不要求在首期重建该条全部产品面，但RIoT 订单状态与自动充电异常中的事实、门禁或恢复语义是本旅程正确性/安全性的前置依赖；由决定 MVP RIoT 移动、建单对账与人工充电边界 (../issues/06-decide-riot-movement-order-reconciliation-and-manual-charging-boundary.md)确认最小保留部分。"	"车辆/订单新鲜事实→派车资格→移动或人工充电阻断→结果收敛"	"误删可能让RIoT 订单状态与自动充电异常出现权威分叉、物理状态猜测、断联后重复副作用或无法恢复；误当完整首期功能则扩大范围。"	"执行 WIRE_TO_GATE 字段、站点和容量准入。"	"在机台展示并核对 Sublot/篮数/端点。"	"只传经服务端裁决的字段和错误码，不让车载二次分类。"	"决定 MVP RIoT 移动、建单对账与人工充电边界 (../issues/06-decide-riot-movement-order-reconciliation-and-manual-charging-boundary.md)"
"REQ-0168"	"../../../requirements/baselines/current-requirements-v1.0.0.md#req-0168"	"RIoT 原生 QUEUEING 诊断只提供证据，不提供动作授权。 用户指定 GET /api/task/v…"	"8005 多仓位 AGV 项目；更窄边界以本条文本及来源票据为准"	"MVP 交互／安全依赖"	"MVP 交互／安全依赖"	"复核 02～11 票最终决议后保留候选结论：不要求在首期重建该条全部产品面，但RIoT 订单状态与自动充电异常中的事实、门禁或恢复语义是本旅程正确性/安全性的前置依赖；由决定 MVP RIoT 移动、建单对账与人工充电边界 (../issues/06-decide-riot-movement-order-reconciliation-and-manual-charging-boundary.md)确认最小保留部分。"	"车辆/订单新鲜事实→派车资格→移动或人工充电阻断→结果收敛"	"误删可能让RIoT 订单状态与自动充电异常出现权威分叉、物理状态猜测、断联后重复副作用或无法恢复；误当完整首期功能则扩大范围。"	"执行 WIRE_TO_GATE 字段、站点和容量准入。"	"在机台展示并核对 Sublot/篮数/端点。"	"只传经服务端裁决的字段和错误码，不让车载二次分类。"	"决定 MVP RIoT 移动、建单对账与人工充电边界 (../issues/06-decide-riot-movement-order-reconciliation-and-manual-charging-boundary.md)"
"REQ-0169"	"../../../requirements/baselines/current-requirements-v1.0.0.md#req-0169"	"低电量只触发防御性升级，不产生越权恢复。 既有充电触发阈值和最低接单电量阈值继续承担正常能源调度与候选过滤职…"	"8005 多仓位 AGV 项目；更窄边界以本条文本及来源票据为准"	"MVP 直接必须"	"MVP 直接必须"	"复核 02～11 票最终决议后保留候选结论：自动充电在范围外，但低电量阻断新任务并等待人工充电是地图已明确保留的直接边界。"	"车辆/订单新鲜事实→派车资格→移动或人工充电阻断→结果收敛"	"误删会使RIoT 订单状态与自动充电异常主旅程或现场验收无法闭环，并可能造成重复执行、错误站点/仓位或不可证明完成。"	"执行 WIRE_TO_GATE 字段、站点和容量准入。"	"在机台展示并核对 Sublot/篮数/端点。"	"只传经服务端裁决的字段和错误码，不让车载二次分类。"	"决定 MVP RIoT 移动、建单对账与人工充电边界 (../issues/06-decide-riot-movement-order-reconciliation-and-manual-charging-boundary.md)"
"REQ-0170"	"../../../requirements/baselines/current-requirements-v1.0.0.md#req-0170"	"ChargeHangReassign 与普通待充共用一条候选链。 先限定为该车允许集合中的 8005 项目独…"	"8005 多仓位 AGV 项目；更窄边界以本条文本及来源票据为准"	"本场景不适用"	"本场景不适用"	"复核 02～11 票最终决议后保留候选结论：该条核心行为落在本地图已排除或未采用的RIoT 订单状态与自动充电异常范围；不进入首期实现，但保留原基线身份并由决定 MVP RIoT 移动、建单对账与人工充电边界 (../issues/06-decide-riot-movement-order-reconciliation-and-manual-charging-boundary.md)最终逐条复核。"	"车辆/订单新鲜事实→派车资格→移动或人工充电阻断→结果收敛"	"误纳入会引入范围外状态、页面或协议消息；误把其中可复用的小型门禁一并删除，可能遗漏依赖，故仍需最终 HITL 复核。"	"无首期实现影响；只保留为基线追溯，禁止误删原需求。"	"无首期实现影响；只保留为基线追溯，禁止误删原需求。"	"不进入 ProtocolVersion 1；不得为范围外能力预留未定义消息。"	"决定 MVP RIoT 移动、建单对账与人工充电边界 (../issues/06-decide-riot-movement-order-reconciliation-and-manual-charging-boundary.md)"
"REQ-0171"	"../../../requirements/baselines/current-requirements-v1.0.0.md#req-0171"	"独占资格由受控名册授予。 项目级“8005 独占充电桩名册”以 RIoT 地图 + 站点标识固定身份并保留批…"	"8005 多仓位 AGV 项目；更窄边界以本条文本及来源票据为准"	"本场景不适用"	"本场景不适用"	"复核 02～11 票最终决议后保留候选结论：该条核心行为落在本地图已排除或未采用的RIoT 订单状态与自动充电异常范围；不进入首期实现，但保留原基线身份并由决定 MVP RIoT 移动、建单对账与人工充电边界 (../issues/06-decide-riot-movement-order-reconciliation-and-manual-charging-boundary.md)最终逐条复核。"	"车辆/订单新鲜事实→派车资格→移动或人工充电阻断→结果收敛"	"误纳入会引入范围外状态、页面或协议消息；误把其中可复用的小型门禁一并删除，可能遗漏依赖，故仍需最终 HITL 复核。"	"无首期实现影响；只保留为基线追溯，禁止误删原需求。"	"无首期实现影响；只保留为基线追溯，禁止误删原需求。"	"不进入 ProtocolVersion 1；不得为范围外能力预留未定义消息。"	"决定 MVP RIoT 移动、建单对账与人工充电边界 (../issues/06-decide-riot-movement-order-reconciliation-and-manual-charging-boundary.md)"
"REQ-0172"	"../../../requirements/baselines/current-requirements-v1.0.0.md#req-0172"	"充电失败车辆不取得独立优先级。 它与普通待充车辆进入同一排队集合，统一按当前电量排序；失败事实本身不允许插队…"	"8005 多仓位 AGV 项目；更窄边界以本条文本及来源票据为准"	"本场景不适用"	"本场景不适用"	"复核 02～11 票最终决议后保留候选结论：该条核心行为落在本地图已排除或未采用的RIoT 订单状态与自动充电异常范围；不进入首期实现，但保留原基线身份并由决定 MVP RIoT 移动、建单对账与人工充电边界 (../issues/06-decide-riot-movement-order-reconciliation-and-manual-charging-boundary.md)最终逐条复核。"	"车辆/订单新鲜事实→派车资格→移动或人工充电阻断→结果收敛"	"误纳入会引入范围外状态、页面或协议消息；误把其中可复用的小型门禁一并删除，可能遗漏依赖，故仍需最终 HITL 复核。"	"无首期实现影响；只保留为基线追溯，禁止误删原需求。"	"无首期实现影响；只保留为基线追溯，禁止误删原需求。"	"不进入 ProtocolVersion 1；不得为范围外能力预留未定义消息。"	"决定 MVP RIoT 移动、建单对账与人工充电边界 (../issues/06-decide-riot-movement-order-reconciliation-and-manual-charging-boundary.md)"
"REQ-0173"	"../../../requirements/baselines/current-requirements-v1.0.0.md#req-0173"	"成功预占后不可抢占。 候选计算不等于取得资源，只有原子预占成功的车辆才可下单；电量优先只在尚未取得预占的车辆…"	"8005 多仓位 AGV 项目；更窄边界以本条文本及来源票据为准"	"本场景不适用"	"本场景不适用"	"复核 02～11 票最终决议后保留候选结论：该条核心行为落在本地图已排除或未采用的RIoT 订单状态与自动充电异常范围；不进入首期实现，但保留原基线身份并由决定 MVP RIoT 移动、建单对账与人工充电边界 (../issues/06-decide-riot-movement-order-reconciliation-and-manual-charging-boundary.md)最终逐条复核。"	"车辆/订单新鲜事实→派车资格→移动或人工充电阻断→结果收敛"	"误纳入会引入范围外状态、页面或协议消息；误把其中可复用的小型门禁一并删除，可能遗漏依赖，故仍需最终 HITL 复核。"	"无首期实现影响；只保留为基线追溯，禁止误删原需求。"	"无首期实现影响；只保留为基线追溯，禁止误删原需求。"	"不进入 ProtocolVersion 1；不得为范围外能力预留未定义消息。"	"决定 MVP RIoT 移动、建单对账与人工充电边界 (../issues/06-decide-riot-movement-order-reconciliation-and-manual-charging-boundary.md)"
"REQ-0174"	"../../../requirements/baselines/current-requirements-v1.0.0.md#req-0174"	"“已确认充不上”可由严格系统事实自动形成。 车辆、订单、预占和目标充电桩身份必须一致；车辆已到精确的 RIo…"	"8005 多仓位 AGV 项目；更窄边界以本条文本及来源票据为准"	"本场景不适用"	"本场景不适用"	"复核 02～11 票最终决议后保留候选结论：该条核心行为落在本地图已排除或未采用的RIoT 订单状态与自动充电异常范围；不进入首期实现，但保留原基线身份并由决定 MVP RIoT 移动、建单对账与人工充电边界 (../issues/06-decide-riot-movement-order-reconciliation-and-manual-charging-boundary.md)最终逐条复核。"	"车辆/订单新鲜事实→派车资格→移动或人工充电阻断→结果收敛"	"误纳入会引入范围外状态、页面或协议消息；误把其中可复用的小型门禁一并删除，可能遗漏依赖，故仍需最终 HITL 复核。"	"无首期实现影响；只保留为基线追溯，禁止误删原需求。"	"无首期实现影响；只保留为基线追溯，禁止误删原需求。"	"不进入 ProtocolVersion 1；不得为范围外能力预留未定义消息。"	"决定 MVP RIoT 移动、建单对账与人工充电边界 (../issues/06-decide-riot-movement-order-reconciliation-and-manual-charging-boundary.md)"
"REQ-0175"	"../../../requirements/baselines/current-requirements-v1.0.0.md#req-0175"	"一般充电类异常不得误触发暂停。 单独 HANG、超时、未到桩、导航不可达、车辆不可执行、自由文本失败提示、订…"	"8005 多仓位 AGV 项目；更窄边界以本条文本及来源票据为准"	"本场景不适用"	"本场景不适用"	"复核 02～11 票最终决议后保留候选结论：该条核心行为落在本地图已排除或未采用的RIoT 订单状态与自动充电异常范围；不进入首期实现，但保留原基线身份并由决定 MVP RIoT 移动、建单对账与人工充电边界 (../issues/06-decide-riot-movement-order-reconciliation-and-manual-charging-boundary.md)最终逐条复核。"	"车辆/订单新鲜事实→派车资格→移动或人工充电阻断→结果收敛"	"误纳入会引入范围外状态、页面或协议消息；误把其中可复用的小型门禁一并删除，可能遗漏依赖，故仍需最终 HITL 复核。"	"无首期实现影响；只保留为基线追溯，禁止误删原需求。"	"无首期实现影响；只保留为基线追溯，禁止误删原需求。"	"不进入 ProtocolVersion 1；不得为范围外能力预留未定义消息。"	"决定 MVP RIoT 移动、建单对账与人工充电边界 (../issues/06-decide-riot-movement-order-reconciliation-and-manual-charging-boundary.md)"
"REQ-0176"	"../../../requirements/baselines/current-requirements-v1.0.0.md#req-0176"	"系统事实不完整时，只有 R-11 可补充现场确认。 R-11 或等效维护权限人员可以个人身份确认具体车辆已在…"	"8005 多仓位 AGV 项目；更窄边界以本条文本及来源票据为准"	"本场景不适用"	"本场景不适用"	"复核 02～11 票最终决议后保留候选结论：该条核心行为落在本地图已排除或未采用的RIoT 订单状态与自动充电异常范围；不进入首期实现，但保留原基线身份并由决定 MVP RIoT 移动、建单对账与人工充电边界 (../issues/06-decide-riot-movement-order-reconciliation-and-manual-charging-boundary.md)最终逐条复核。"	"车辆/订单新鲜事实→派车资格→移动或人工充电阻断→结果收敛"	"误纳入会引入范围外状态、页面或协议消息；误把其中可复用的小型门禁一并删除，可能遗漏依赖，故仍需最终 HITL 复核。"	"无首期实现影响；只保留为基线追溯，禁止误删原需求。"	"无首期实现影响；只保留为基线追溯，禁止误删原需求。"	"不进入 ProtocolVersion 1；不得为范围外能力预留未定义消息。"	"决定 MVP RIoT 移动、建单对账与人工充电边界 (../issues/06-decide-riot-movement-order-reconciliation-and-manual-charging-boundary.md)"
"REQ-0177"	"../../../requirements/baselines/current-requirements-v1.0.0.md#req-0177"	"确认后立即以不可变、幂等事件暂停该桩的全部 8005 分配。 事件记录唯一 ID 和触发来源，充电桩 RIo…"	"8005 多仓位 AGV 项目；更窄边界以本条文本及来源票据为准"	"本场景不适用"	"本场景不适用"	"复核 02～11 票最终决议后保留候选结论：该条核心行为落在本地图已排除或未采用的RIoT 订单状态与自动充电异常范围；不进入首期实现，但保留原基线身份并由决定 MVP RIoT 移动、建单对账与人工充电边界 (../issues/06-decide-riot-movement-order-reconciliation-and-manual-charging-boundary.md)最终逐条复核。"	"车辆/订单新鲜事实→派车资格→移动或人工充电阻断→结果收敛"	"误纳入会引入范围外状态、页面或协议消息；误把其中可复用的小型门禁一并删除，可能遗漏依赖，故仍需最终 HITL 复核。"	"无首期实现影响；只保留为基线追溯，禁止误删原需求。"	"无首期实现影响；只保留为基线追溯，禁止误删原需求。"	"不进入 ProtocolVersion 1；不得为范围外能力预留未定义消息。"	"决定 MVP RIoT 移动、建单对账与人工充电边界 (../issues/06-decide-riot-movement-order-reconciliation-and-manual-charging-boundary.md)"
"REQ-0178"	"../../../requirements/baselines/current-requirements-v1.0.0.md#req-0178"	"失败后进入单一“清桩中”闭环。 旧充电订单必须在清桩前确认取消终态，取消结果未知时继续对账而不完成清桩。正常…"	"8005 多仓位 AGV 项目；更窄边界以本条文本及来源票据为准"	"本场景不适用"	"本场景不适用"	"复核 02～11 票最终决议后保留候选结论：该条核心行为落在本地图已排除或未采用的RIoT 订单状态与自动充电异常范围；不进入首期实现，但保留原基线身份并由决定 MVP RIoT 移动、建单对账与人工充电边界 (../issues/06-decide-riot-movement-order-reconciliation-and-manual-charging-boundary.md)最终逐条复核。"	"车辆/订单新鲜事实→派车资格→移动或人工充电阻断→结果收敛"	"误纳入会引入范围外状态、页面或协议消息；误把其中可复用的小型门禁一并删除，可能遗漏依赖，故仍需最终 HITL 复核。"	"无首期实现影响；只保留为基线追溯，禁止误删原需求。"	"无首期实现影响；只保留为基线追溯，禁止误删原需求。"	"不进入 ProtocolVersion 1；不得为范围外能力预留未定义消息。"	"决定 MVP RIoT 移动、建单对账与人工充电边界 (../issues/06-decide-riot-movement-order-reconciliation-and-manual-charging-boundary.md)"
"REQ-0179"	"../../../requirements/baselines/current-requirements-v1.0.0.md#req-0179"	"清桩有两种可替代的完成证明。 系统确认车辆已到地图等待点，或取得人工清桩确认：车辆已移至安全位置且原桩已腾空…"	"8005 多仓位 AGV 项目；更窄边界以本条文本及来源票据为准"	"本场景不适用"	"本场景不适用"	"复核 02～11 票最终决议后保留候选结论：该条核心行为落在本地图已排除或未采用的RIoT 订单状态与自动充电异常范围；不进入首期实现，但保留原基线身份并由决定 MVP RIoT 移动、建单对账与人工充电边界 (../issues/06-decide-riot-movement-order-reconciliation-and-manual-charging-boundary.md)最终逐条复核。"	"车辆/订单新鲜事实→派车资格→移动或人工充电阻断→结果收敛"	"误纳入会引入范围外状态、页面或协议消息；误把其中可复用的小型门禁一并删除，可能遗漏依赖，故仍需最终 HITL 复核。"	"无首期实现影响；只保留为基线追溯，禁止误删原需求。"	"无首期实现影响；只保留为基线追溯，禁止误删原需求。"	"不进入 ProtocolVersion 1；不得为范围外能力预留未定义消息。"	"决定 MVP RIoT 移动、建单对账与人工充电边界 (../issues/06-decide-riot-movement-order-reconciliation-and-manual-charging-boundary.md)"
"REQ-0180"	"../../../requirements/baselines/current-requirements-v1.0.0.md#req-0180"	"人工清桩不自动恢复或阻断车辆。 若车辆已到地图等待点，且位置有效、旧订单已终结、车辆状态正常并通过常规派车检…"	"8005 多仓位 AGV 项目；更窄边界以本条文本及来源票据为准"	"本场景不适用"	"本场景不适用"	"复核 02～11 票最终决议后保留候选结论：该条核心行为落在本地图已排除或未采用的RIoT 订单状态与自动充电异常范围；不进入首期实现，但保留原基线身份并由决定 MVP RIoT 移动、建单对账与人工充电边界 (../issues/06-decide-riot-movement-order-reconciliation-and-manual-charging-boundary.md)最终逐条复核。"	"车辆/订单新鲜事实→派车资格→移动或人工充电阻断→结果收敛"	"误纳入会引入范围外状态、页面或协议消息；误把其中可复用的小型门禁一并删除，可能遗漏依赖，故仍需最终 HITL 复核。"	"无首期实现影响；只保留为基线追溯，禁止误删原需求。"	"无首期实现影响；只保留为基线追溯，禁止误删原需求。"	"不进入 ProtocolVersion 1；不得为范围外能力预留未定义消息。"	"决定 MVP RIoT 移动、建单对账与人工充电边界 (../issues/06-decide-riot-movement-order-reconciliation-and-manual-charging-boundary.md)"
"REQ-0181"	"../../../requirements/baselines/current-requirements-v1.0.0.md#req-0181"	"工厂 IT SQL 是候选集合边界。 MesIngest 执行工厂 IT 正式提供的全厂六类 MES SQL…"	"8005 多仓位 AGV 项目；更窄边界以本条文本及来源票据为准"	"MVP 交互／安全依赖"	"MVP 交互／安全依赖"	"复核 02～11 票最终决议后保留候选结论：不要求在首期重建该条全部产品面，但MES 候选、字段与机台端点中的事实、门禁或恢复语义是本旅程正确性/安全性的前置依赖；由决定机台取货、多仓装货、关卡卸货与成功边界 (../issues/04-decide-pickup-loading-gate-unloading-and-success-boundary.md)确认最小保留部分。"	"完整 WIRE_TO_GATE 行→AREA/EQP 与篮数事实→机台站/关卡站解析→装货准入"	"误删可能让MES 候选、字段与机台端点出现权威分叉、物理状态猜测、断联后重复副作用或无法恢复；误当完整首期功能则扩大范围。"	"执行 WIRE_TO_GATE 字段、站点和容量准入。"	"在机台展示并核对 Sublot/篮数/端点。"	"只传经服务端裁决的字段和错误码，不让车载二次分类。"	"决定机台取货、多仓装货、关卡卸货与成功边界 (../issues/04-decide-pickup-loading-gate-unloading-and-success-boundary.md)"
"REQ-0182"	"../../../requirements/baselines/current-requirements-v1.0.0.md#req-0182"	"字段完整性采用单行隔离。 当前七列为 TASK_TYPE、SUBLOT、AREA、EQP、STEP、DATE…"	"8005 多仓位 AGV 项目；更窄边界以本条文本及来源票据为准"	"MVP 交互／安全依赖"	"MVP 交互／安全依赖"	"复核 02～11 票最终决议后保留候选结论：不要求在首期重建该条全部产品面，但MES 候选、字段与机台端点中的事实、门禁或恢复语义是本旅程正确性/安全性的前置依赖；由决定机台取货、多仓装货、关卡卸货与成功边界 (../issues/04-decide-pickup-loading-gate-unloading-and-success-boundary.md)确认最小保留部分。"	"完整 WIRE_TO_GATE 行→AREA/EQP 与篮数事实→机台站/关卡站解析→装货准入"	"误删可能让MES 候选、字段与机台端点出现权威分叉、物理状态猜测、断联后重复副作用或无法恢复；误当完整首期功能则扩大范围。"	"执行 WIRE_TO_GATE 字段、站点和容量准入。"	"在机台展示并核对 Sublot/篮数/端点。"	"只传经服务端裁决的字段和错误码，不让车载二次分类。"	"决定机台取货、多仓装货、关卡卸货与成功边界 (../issues/04-decide-pickup-loading-gate-unloading-and-success-boundary.md)"
"REQ-0183"	"../../../requirements/baselines/current-requirements-v1.0.0.md#req-0183"	"全厂 Demand 与老厂执行范围分层。 工厂 SQL 读取全厂数据，所有合格返回行均生成并保留 Trans…"	"8005 多仓位 AGV 项目；更窄边界以本条文本及来源票据为准"	"MVP 直接必须"	"MVP 直接必须"	"复核 02～11 票最终决议后保留候选结论：该条直接约束单 WIRE_TO_GATE 旅程的MES 候选、字段与机台端点；候选纳入首期，精确字段/状态仍由决定机台取货、多仓装货、关卡卸货与成功边界 (../issues/04-decide-pickup-loading-gate-unloading-and-success-boundary.md)收口。"	"完整 WIRE_TO_GATE 行→AREA/EQP 与篮数事实→机台站/关卡站解析→装货准入"	"误删会使MES 候选、字段与机台端点主旅程或现场验收无法闭环，并可能造成重复执行、错误站点/仓位或不可证明完成。"	"执行 WIRE_TO_GATE 字段、站点和容量准入。"	"在机台展示并核对 Sublot/篮数/端点。"	"只传经服务端裁决的字段和错误码，不让车载二次分类。"	"决定机台取货、多仓装货、关卡卸货与成功边界 (../issues/04-decide-pickup-loading-gate-unloading-and-success-boundary.md)"
"REQ-0184"	"../../../requirements/baselines/current-requirements-v1.0.0.md#req-0184"	"每个 Demand 只有一个 MES AREA 端点。 STAGING_TO_WIRE 中 EQP + AR…"	"8005 多仓位 AGV 项目；更窄边界以本条文本及来源票据为准"	"MVP 直接必须"	"MVP 直接必须"	"复核 02～11 票最终决议后保留候选结论：该条直接约束单 WIRE_TO_GATE 旅程的MES 候选、字段与机台端点；候选纳入首期，精确字段/状态仍由决定机台取货、多仓装货、关卡卸货与成功边界 (../issues/04-decide-pickup-loading-gate-unloading-and-success-boundary.md)收口。"	"完整 WIRE_TO_GATE 行→AREA/EQP 与篮数事实→机台站/关卡站解析→装货准入"	"误删会使MES 候选、字段与机台端点主旅程或现场验收无法闭环，并可能造成重复执行、错误站点/仓位或不可证明完成。"	"执行 WIRE_TO_GATE 字段、站点和容量准入。"	"在机台展示并核对 Sublot/篮数/端点。"	"只传经服务端裁决的字段和错误码，不让车载二次分类。"	"决定机台取货、多仓装货、关卡卸货与成功边界 (../issues/04-decide-pickup-loading-gate-unloading-and-success-boundary.md)"
"REQ-0185"	"../../../requirements/baselines/current-requirements-v1.0.0.md#req-0185"	"共晶与低温共晶在选任务阶段排除。 项目维护 TransportExecutionExcludedArea 列…"	"8005 多仓位 AGV 项目；更窄边界以本条文本及来源票据为准"	"本场景不适用"	"本场景不适用"	"复核 02～11 票最终决议后保留候选结论：旧排除 AREA 能力已由受控 Map/AREA 正向配置收敛，且单场景只接收 WIRE_TO_GATE；候选不进入首期，最终逐条批准时复核。"	"完整 WIRE_TO_GATE 行→AREA/EQP 与篮数事实→机台站/关卡站解析→装货准入"	"误纳入会引入范围外状态、页面或协议消息；误把其中可复用的小型门禁一并删除，可能遗漏依赖，故仍需最终 HITL 复核。"	"无首期实现影响；只保留为基线追溯，禁止误删原需求。"	"无首期实现影响；只保留为基线追溯，禁止误删原需求。"	"不进入 ProtocolVersion 1；不得为范围外能力预留未定义消息。"	"决定机台取货、多仓装货、关卡卸货与成功边界 (../issues/04-decide-pickup-loading-gate-unloading-and-success-boundary.md)"
"REQ-0186"	"../../../requirements/baselines/current-requirements-v1.0.0.md#req-0186"	"PACKAGE 缺值与容量未覆盖分层处理。 PACKAGE 空值属于字段完整性失败，由 MesIngest …"	"8005 多仓位 AGV 项目；更窄边界以本条文本及来源票据为准"	"MVP 直接必须"	"MVP 直接必须"	"复核 02～11 票最终决议后保留候选结论：该条直接约束单 WIRE_TO_GATE 旅程的MES 候选、字段与机台端点；候选纳入首期，精确字段/状态仍由决定机台取货、多仓装货、关卡卸货与成功边界 (../issues/04-decide-pickup-loading-gate-unloading-and-success-boundary.md)收口。"	"完整 WIRE_TO_GATE 行→AREA/EQP 与篮数事实→机台站/关卡站解析→装货准入"	"误删会使MES 候选、字段与机台端点主旅程或现场验收无法闭环，并可能造成重复执行、错误站点/仓位或不可证明完成。"	"执行 WIRE_TO_GATE 字段、站点和容量准入。"	"在机台展示并核对 Sublot/篮数/端点。"	"只传经服务端裁决的字段和错误码，不让车载二次分类。"	"决定机台取货、多仓装货、关卡卸货与成功边界 (../issues/04-decide-pickup-loading-gate-unloading-and-success-boundary.md)"
"REQ-0187"	"../../../requirements/baselines/current-requirements-v1.0.0.md#req-0187"	"AREA→EQP 唯一性是选任务门禁。 当前客户数据允许一个 AREA 对应多台机，客户后续将调整为 ARE…"	"8005 多仓位 AGV 项目；更窄边界以本条文本及来源票据为准"	"MVP 直接必须"	"MVP 直接必须"	"复核 02～11 票最终决议后保留候选结论：该条直接约束单 WIRE_TO_GATE 旅程的MES 候选、字段与机台端点；候选纳入首期，精确字段/状态仍由决定机台取货、多仓装货、关卡卸货与成功边界 (../issues/04-decide-pickup-loading-gate-unloading-and-success-boundary.md)收口。"	"完整 WIRE_TO_GATE 行→AREA/EQP 与篮数事实→机台站/关卡站解析→装货准入"	"误删会使MES 候选、字段与机台端点主旅程或现场验收无法闭环，并可能造成重复执行、错误站点/仓位或不可证明完成。"	"执行 WIRE_TO_GATE 字段、站点和容量准入。"	"在机台展示并核对 Sublot/篮数/端点。"	"只传经服务端裁决的字段和错误码，不让车载二次分类。"	"决定机台取货、多仓装货、关卡卸货与成功边界 (../issues/04-decide-pickup-loading-gate-unloading-and-success-boundary.md)"
"REQ-0188"	"../../../requirements/baselines/current-requirements-v1.0.0.md#req-0188"	"旧 SQL 只提供查询原型。 GetEqpnoByArea.sql 的 SHA-256 为 4eaee079…"	"8005 多仓位 AGV 项目；更窄边界以本条文本及来源票据为准"	"MVP 交互／安全依赖"	"MVP 交互／安全依赖"	"复核 02～11 票最终决议后保留候选结论：不要求在首期重建该条全部产品面，但MES 候选、字段与机台端点中的事实、门禁或恢复语义是本旅程正确性/安全性的前置依赖；由决定机台取货、多仓装货、关卡卸货与成功边界 (../issues/04-decide-pickup-loading-gate-unloading-and-success-boundary.md)确认最小保留部分。"	"完整 WIRE_TO_GATE 行→AREA/EQP 与篮数事实→机台站/关卡站解析→装货准入"	"误删可能让MES 候选、字段与机台端点出现权威分叉、物理状态猜测、断联后重复副作用或无法恢复；误当完整首期功能则扩大范围。"	"执行 WIRE_TO_GATE 字段、站点和容量准入。"	"在机台展示并核对 Sublot/篮数/端点。"	"只传经服务端裁决的字段和错误码，不让车载二次分类。"	"决定机台取货、多仓装货、关卡卸货与成功边界 (../issues/04-decide-pickup-loading-gate-unloading-and-success-boundary.md)"
"REQ-0189"	"../../../requirements/baselines/current-requirements-v1.0.0.md#req-0189"	"多 Sublot 不合并 Demand。 一辆 AGV 可以同时承载多个 Sublot 和多个独立 Tran…"	"8005 多仓位 AGV 项目；更窄边界以本条文本及来源票据为准"	"本场景不适用"	"本场景不适用"	"复核 02～11 票最终决议后保留候选结论：“同车多 Sublot/多 Demand”明确超出单 Demand/Sublot MVP；其中不合并与冲突保护条款可能仍是上游依赖，须在单 Demand 策略与最终清单中复核。"	"合格 Demand→单任务稳定选择→指定 AGV/仓位硬准入→不预绑忙车→OrderIntent"	"误纳入会引入范围外状态、页面或协议消息；误把其中可复用的小型门禁一并删除，可能遗漏依赖，故仍需最终 HITL 复核。"	"无首期实现影响；只保留为基线追溯，禁止误删原需求。"	"无首期实现影响；只保留为基线追溯，禁止误删原需求。"	"不进入 ProtocolVersion 1；不得为范围外能力预留未定义消息。"	"决定单 Demand 选择、并发与等待策略 (../issues/03-decide-single-demand-selection-concurrency-and-waiting-policy.md)"
"REQ-0190"	"../../../requirements/baselines/current-requirements-v1.0.0.md#req-0190"	"车辆任务类型采用默认拒绝的白名单。 VehicleTaskTypeAdmission 以 agvId + t…"	"8005 多仓位 AGV 项目；更窄边界以本条文本及来源票据为准"	"首期延后"	"MVP 直接必须"	"指定 AGV 必须具有显式 (agvId, WIRE_TO_GATE) VehicleTaskTypeAdmission；未配置即拒绝，首期用受控预置配置。"	"合格 Demand→单任务稳定选择→指定 AGV/仓位硬准入→不预绑忙车→OrderIntent"	"过早纳入会扩大首期和联调面；若后续证明它是安全/验收必要链却未升级，则会形成隐藏缺口。"	"实现单任务选择、硬准入、等待与结构性阻断。"	"只接收当前唯一任务/等待原因。"	"需要任务分配、撤回/阻断和状态快照语义。"	"决定单 Demand 选择、并发与等待策略 (../issues/03-decide-single-demand-selection-concurrency-and-waiting-policy.md)"
"REQ-0191"	"../../../requirements/baselines/current-requirements-v1.0.0.md#req-0191"	"Map、DispatchZone 与 AREA 形成单一正向执行链。 每个 DispatchZone 只归属…"	"8005 多仓位 AGV 项目；更窄边界以本条文本及来源票据为准"	"MVP 直接必须"	"MVP 直接必须"	"复核 02～11 票最终决议后保留候选结论：该条直接约束单 WIRE_TO_GATE 旅程的调度、容量与多任务规划；候选纳入首期，精确字段/状态仍由决定单 Demand 选择、并发与等待策略 (../issues/03-decide-single-demand-selection-concurrency-and-waiting-policy.md)收口。"	"合格 Demand→单任务稳定选择→指定 AGV/仓位硬准入→不预绑忙车→OrderIntent"	"误删会使调度、容量与多任务规划主旅程或现场验收无法闭环，并可能造成重复执行、错误站点/仓位或不可证明完成。"	"实现单任务选择、硬准入、等待与结构性阻断。"	"只接收当前唯一任务/等待原因。"	"需要任务分配、撤回/阻断和状态快照语义。"	"决定单 Demand 选择、并发与等待策略 (../issues/03-decide-single-demand-selection-concurrency-and-waiting-policy.md)"
"REQ-0192"	"../../../requirements/baselines/current-requirements-v1.0.0.md#req-0192"	"车辆必须实际位于任务所属 Map。 Demand 所属分区的 mapId 必须等于车辆当前 Map，才能进入…"	"8005 多仓位 AGV 项目；更窄边界以本条文本及来源票据为准"	"MVP 直接必须"	"MVP 直接必须"	"复核 02～11 票最终决议后保留候选结论：该条直接约束单 WIRE_TO_GATE 旅程的调度、容量与多任务规划；候选纳入首期，精确字段/状态仍由决定单 Demand 选择、并发与等待策略 (../issues/03-decide-single-demand-selection-concurrency-and-waiting-policy.md)收口。"	"合格 Demand→单任务稳定选择→指定 AGV/仓位硬准入→不预绑忙车→OrderIntent"	"误删会使调度、容量与多任务规划主旅程或现场验收无法闭环，并可能造成重复执行、错误站点/仓位或不可证明完成。"	"实现单任务选择、硬准入、等待与结构性阻断。"	"只接收当前唯一任务/等待原因。"	"需要任务分配、撤回/阻断和状态快照语义。"	"决定单 Demand 选择、并发与等待策略 (../issues/03-decide-single-demand-selection-concurrency-and-waiting-policy.md)"
"REQ-0193"	"../../../requirements/baselines/current-requirements-v1.0.0.md#req-0193"	"固定站点不得跨图。 FixedTaskStation 按 TASK_TYPE + mapId 配置；Dema…"	"8005 多仓位 AGV 项目；更窄边界以本条文本及来源票据为准"	"MVP 直接必须"	"MVP 直接必须"	"复核 02～11 票最终决议后保留候选结论：该条直接约束单 WIRE_TO_GATE 旅程的调度、容量与多任务规划；候选纳入首期，精确字段/状态仍由决定单 Demand 选择、并发与等待策略 (../issues/03-decide-single-demand-selection-concurrency-and-waiting-policy.md)收口。"	"合格 Demand→单任务稳定选择→指定 AGV/仓位硬准入→不预绑忙车→OrderIntent"	"误删会使调度、容量与多任务规划主旅程或现场验收无法闭环，并可能造成重复执行、错误站点/仓位或不可证明完成。"	"实现单任务选择、硬准入、等待与结构性阻断。"	"只接收当前唯一任务/等待原因。"	"需要任务分配、撤回/阻断和状态快照语义。"	"决定单 Demand 选择、并发与等待策略 (../issues/03-decide-single-demand-selection-concurrency-and-waiting-policy.md)"
"REQ-0194"	"../../../requirements/baselines/current-requirements-v1.0.0.md#req-0194"	"分区车辆策略同时具有硬准入与软偏好。 DispatchZoneVehicleAdmission 定义允许服务…"	"8005 多仓位 AGV 项目；更窄边界以本条文本及来源票据为准"	"首期延后"	"MVP 交互／安全依赖"	"DispatchZoneVehicleAdmission 硬集合直接保留；多车软偏好、回退次序和跨车策略不进入首期。"	"合格 Demand→单任务稳定选择→指定 AGV/仓位硬准入→不预绑忙车→OrderIntent"	"过早纳入会扩大首期和联调面；若后续证明它是安全/验收必要链却未升级，则会形成隐藏缺口。"	"实现单任务选择、硬准入、等待与结构性阻断。"	"只接收当前唯一任务/等待原因。"	"需要任务分配、撤回/阻断和状态快照语义。"	"决定单 Demand 选择、并发与等待策略 (../issues/03-decide-single-demand-selection-concurrency-and-waiting-policy.md)"
"REQ-0195"	"../../../requirements/baselines/current-requirements-v1.0.0.md#req-0195"	"同图跨区允许，但不得往返摆动。 一辆车同时获准多个同图分区时，可以在同一计划承载这些分区的 Demand，无…"	"8005 多仓位 AGV 项目；更窄边界以本条文本及来源票据为准"	"本场景不适用"	"本场景不适用"	"复核 02～11 票最终决议后保留候选结论：该条核心行为落在本地图已排除或未采用的调度、容量与多任务规划范围；不进入首期实现，但保留原基线身份并由决定单 Demand 选择、并发与等待策略 (../issues/03-decide-single-demand-selection-concurrency-and-waiting-policy.md)最终逐条复核。"	"合格 Demand→单任务稳定选择→指定 AGV/仓位硬准入→不预绑忙车→OrderIntent"	"误纳入会引入范围外状态、页面或协议消息；误把其中可复用的小型门禁一并删除，可能遗漏依赖，故仍需最终 HITL 复核。"	"无首期实现影响；只保留为基线追溯，禁止误删原需求。"	"无首期实现影响；只保留为基线追溯，禁止误删原需求。"	"不进入 ProtocolVersion 1；不得为范围外能力预留未定义消息。"	"决定单 Demand 选择、并发与等待策略 (../issues/03-decide-single-demand-selection-concurrency-and-waiting-policy.md)"
"REQ-0196"	"../../../requirements/baselines/current-requirements-v1.0.0.md#req-0196"	"执行途中只允许受控追加。 新 TransportDemand 可以在车辆执行中经过完整准入后加入其后的未执行…"	"8005 多仓位 AGV 项目；更窄边界以本条文本及来源票据为准"	"本场景不适用"	"本场景不适用"	"复核 02～11 票最终决议后保留候选结论：该条核心行为落在本地图已排除或未采用的调度、容量与多任务规划范围；不进入首期实现，但保留原基线身份并由决定单 Demand 选择、并发与等待策略 (../issues/03-decide-single-demand-selection-concurrency-and-waiting-policy.md)最终逐条复核。"	"合格 Demand→单任务稳定选择→指定 AGV/仓位硬准入→不预绑忙车→OrderIntent"	"误纳入会引入范围外状态、页面或协议消息；误把其中可复用的小型门禁一并删除，可能遗漏依赖，故仍需最终 HITL 复核。"	"无首期实现影响；只保留为基线追溯，禁止误删原需求。"	"无首期实现影响；只保留为基线追溯，禁止误删原需求。"	"不进入 ProtocolVersion 1；不得为范围外能力预留未定义消息。"	"决定单 Demand 选择、并发与等待策略 (../issues/03-decide-single-demand-selection-concurrency-and-waiting-policy.md)"
"REQ-0197"	"../../../requirements/baselines/current-requirements-v1.0.0.md#req-0197"	"后续停靠可以有界删除或换序。 当前下一站不可删除或换序；其后未执行停靠可在满足分区连续性和延迟保护时调整。尚…"	"8005 多仓位 AGV 项目；更窄边界以本条文本及来源票据为准"	"本场景不适用"	"本场景不适用"	"复核 02～11 票最终决议后保留候选结论：该条核心行为落在本地图已排除或未采用的调度、容量与多任务规划范围；不进入首期实现，但保留原基线身份并由决定单 Demand 选择、并发与等待策略 (../issues/03-decide-single-demand-selection-concurrency-and-waiting-policy.md)最终逐条复核。"	"合格 Demand→单任务稳定选择→指定 AGV/仓位硬准入→不预绑忙车→OrderIntent"	"误纳入会引入范围外状态、页面或协议消息；误把其中可复用的小型门禁一并删除，可能遗漏依赖，故仍需最终 HITL 复核。"	"无首期实现影响；只保留为基线追溯，禁止误删原需求。"	"无首期实现影响；只保留为基线追溯，禁止误删原需求。"	"不进入 ProtocolVersion 1；不得为范围外能力预留未定义消息。"	"决定单 Demand 选择、并发与等待策略 (../issues/03-decide-single-demand-selection-concurrency-and-waiting-policy.md)"
"REQ-0198"	"../../../requirements/baselines/current-requirements-v1.0.0.md#req-0198"	"顺路取货按既有 Demand 的最大晚到量约束。 EnRoutePickupDeliveryDelay 是追…"	"8005 多仓位 AGV 项目；更窄边界以本条文本及来源票据为准"	"本场景不适用"	"本场景不适用"	"复核 02～11 票最终决议后保留候选结论：该条核心行为落在本地图已排除或未采用的调度、容量与多任务规划范围；不进入首期实现，但保留原基线身份并由决定单 Demand 选择、并发与等待策略 (../issues/03-decide-single-demand-selection-concurrency-and-waiting-policy.md)最终逐条复核。"	"合格 Demand→单任务稳定选择→指定 AGV/仓位硬准入→不预绑忙车→OrderIntent"	"误纳入会引入范围外状态、页面或协议消息；误把其中可复用的小型门禁一并删除，可能遗漏依赖，故仍需最终 HITL 复核。"	"无首期实现影响；只保留为基线追溯，禁止误删原需求。"	"无首期实现影响；只保留为基线追溯，禁止误删原需求。"	"不进入 ProtocolVersion 1；不得为范围外能力预留未定义消息。"	"决定单 Demand 选择、并发与等待策略 (../issues/03-decide-single-demand-selection-concurrency-and-waiting-policy.md)"
"REQ-0199"	"../../../requirements/baselines/current-requirements-v1.0.0.md#req-0199"	"业务配置与后续设计分离。 当前基线只固定 Map→DispatchZone→AREA 归属、车辆任务类型白名…"	"8005 多仓位 AGV 项目；更窄边界以本条文本及来源票据为准"	"首期延后"	"MVP 交互／安全依赖"	"MVP 消费 Map→DispatchZone→AREA、任务类型白名单和分区硬准入的受控配置身份；评分、拓扑设计和配置 UI 延后。"	"合格 Demand→单任务稳定选择→指定 AGV/仓位硬准入→不预绑忙车→OrderIntent"	"过早纳入会扩大首期和联调面；若后续证明它是安全/验收必要链却未升级，则会形成隐藏缺口。"	"实现单任务选择、硬准入、等待与结构性阻断。"	"只接收当前唯一任务/等待原因。"	"需要任务分配、撤回/阻断和状态快照语义。"	"决定单 Demand 选择、并发与等待策略 (../issues/03-decide-single-demand-selection-concurrency-and-waiting-policy.md)"
"REQ-0200"	"../../../requirements/baselines/current-requirements-v1.0.0.md#req-0200"	"采用任务优先的分层字典序，不采用综合加权总分。 每轮先执行全部任务、车辆、站点和安全硬准入，再按任务层级确定…"	"8005 多仓位 AGV 项目；更窄边界以本条文本及来源票据为准"	"MVP 直接必须"	"MVP 直接必须"	"复核 02～11 票最终决议后保留候选结论：该条直接约束单 WIRE_TO_GATE 旅程的调度、容量与多任务规划；候选纳入首期，精确字段/状态仍由决定单 Demand 选择、并发与等待策略 (../issues/03-decide-single-demand-selection-concurrency-and-waiting-policy.md)收口。"	"合格 Demand→单任务稳定选择→指定 AGV/仓位硬准入→不预绑忙车→OrderIntent"	"误删会使调度、容量与多任务规划主旅程或现场验收无法闭环，并可能造成重复执行、错误站点/仓位或不可证明完成。"	"实现单任务选择、硬准入、等待与结构性阻断。"	"只接收当前唯一任务/等待原因。"	"需要任务分配、撤回/阻断和状态快照语义。"	"决定单 Demand 选择、并发与等待策略 (../issues/03-decide-single-demand-selection-concurrency-and-waiting-policy.md)"
"REQ-0201"	"../../../requirements/baselines/current-requirements-v1.0.0.md#req-0201"	"任务年龄只使用本地连续等待时间。 TransportDemandWaitingAge 从本地首次创建 Tra…"	"8005 多仓位 AGV 项目；更窄边界以本条文本及来源票据为准"	"MVP 直接必须"	"MVP 直接必须"	"复核 02～11 票最终决议后保留候选结论：该条直接约束单 WIRE_TO_GATE 旅程的调度、容量与多任务规划；候选纳入首期，精确字段/状态仍由决定单 Demand 选择、并发与等待策略 (../issues/03-decide-single-demand-selection-concurrency-and-waiting-policy.md)收口。"	"合格 Demand→单任务稳定选择→指定 AGV/仓位硬准入→不预绑忙车→OrderIntent"	"误删会使调度、容量与多任务规划主旅程或现场验收无法闭环，并可能造成重复执行、错误站点/仓位或不可证明完成。"	"实现单任务选择、硬准入、等待与结构性阻断。"	"只接收当前唯一任务/等待原因。"	"需要任务分配、撤回/阻断和状态快照语义。"	"决定单 Demand 选择、并发与等待策略 (../issues/03-decide-single-demand-selection-concurrency-and-waiting-policy.md)"
"REQ-0202"	"../../../requirements/baselines/current-requirements-v1.0.0.md#req-0202"	"任务类型使用初始优先级带。 STAGING_TO_WIRE 单独处于最高初始带，其余五类任务同处普通带且不再…"	"8005 多仓位 AGV 项目；更窄边界以本条文本及来源票据为准"	"本场景不适用"	"本场景不适用"	"复核 02～11 票最终决议后保留候选结论：该条核心行为落在本地图已排除或未采用的调度、容量与多任务规划范围；不进入首期实现，但保留原基线身份并由决定单 Demand 选择、并发与等待策略 (../issues/03-decide-single-demand-selection-concurrency-and-waiting-policy.md)最终逐条复核。"	"合格 Demand→单任务稳定选择→指定 AGV/仓位硬准入→不预绑忙车→OrderIntent"	"误纳入会引入范围外状态、页面或协议消息；误把其中可复用的小型门禁一并删除，可能遗漏依赖，故仍需最终 HITL 复核。"	"无首期实现影响；只保留为基线追溯，禁止误删原需求。"	"无首期实现影响；只保留为基线追溯，禁止误删原需求。"	"不进入 ProtocolVersion 1；不得为范围外能力预留未定义消息。"	"决定单 Demand 选择、并发与等待策略 (../issues/03-decide-single-demand-selection-concurrency-and-waiting-policy.md)"
"REQ-0203"	"../../../requirements/baselines/current-requirements-v1.0.0.md#req-0203"	"防饥饿阈值须按 DispatchZone 现场标定并批准。 不采用原草稿的默认 1～3 分钟，也不提供通用默…"	"8005 多仓位 AGV 项目；更窄边界以本条文本及来源票据为准"	"首期延后"	"首期延后"	"复核 02～11 票最终决议后保留候选结论：该条属于长期调度、容量与多任务规划能力或完整治理面，指定单车、单图、单 Demand 试运行无需先实现；若后续决策证明进入必要链再升级。"	"合格 Demand→单任务稳定选择→指定 AGV/仓位硬准入→不预绑忙车→OrderIntent"	"过早纳入会扩大首期和联调面；若后续证明它是安全/验收必要链却未升级，则会形成隐藏缺口。"	"实现单任务选择、硬准入、等待与结构性阻断。"	"只接收当前唯一任务/等待原因。"	"需要任务分配、撤回/阻断和状态快照语义。"	"决定单 Demand 选择、并发与等待策略 (../issues/03-decide-single-demand-selection-concurrency-and-waiting-policy.md)"
"REQ-0204"	"../../../requirements/baselines/current-requirements-v1.0.0.md#req-0204"	"固定公共站点维持单点与单车位边界。 每张 Map 的每种 PublicStationFunction 只配置…"	"8005 多仓位 AGV 项目；更窄边界以本条文本及来源票据为准"	"MVP 直接必须"	"MVP 直接必须"	"复核 02～11 票最终决议后保留候选结论：该条直接约束单 WIRE_TO_GATE 旅程的调度、容量与多任务规划；候选纳入首期，精确字段/状态仍由决定单 Demand 选择、并发与等待策略 (../issues/03-decide-single-demand-selection-concurrency-and-waiting-policy.md)收口。"	"合格 Demand→单任务稳定选择→指定 AGV/仓位硬准入→不预绑忙车→OrderIntent"	"误删会使调度、容量与多任务规划主旅程或现场验收无法闭环，并可能造成重复执行、错误站点/仓位或不可证明完成。"	"实现单任务选择、硬准入、等待与结构性阻断。"	"只接收当前唯一任务/等待原因。"	"需要任务分配、撤回/阻断和状态快照语义。"	"决定单 Demand 选择、并发与等待策略 (../issues/03-decide-single-demand-selection-concurrency-and-waiting-policy.md)"
"REQ-0205"	"../../../requirements/baselines/current-requirements-v1.0.0.md#req-0205"	"空闲车与可合法追加的在途车共同竞争。 在途车辆只有通过容量、Map、分区连续性、VehicleTaskTyp…"	"8005 多仓位 AGV 项目；更窄边界以本条文本及来源票据为准"	"MVP 直接必须"	"MVP 交互／安全依赖"	"多车及在途追加竞争不适用，但不预绑忙车、共享 UnassignedDemandBacklog、持续老化和事实变化后重选必须保留。"	"合格 Demand→单任务稳定选择→指定 AGV/仓位硬准入→不预绑忙车→OrderIntent"	"误删会使调度、容量与多任务规划主旅程或现场验收无法闭环，并可能造成重复执行、错误站点/仓位或不可证明完成。"	"实现单任务选择、硬准入、等待与结构性阻断。"	"只接收当前唯一任务/等待原因。"	"需要任务分配、撤回/阻断和状态快照语义。"	"决定单 Demand 选择、并发与等待策略 (../issues/03-decide-single-demand-selection-concurrency-and-waiting-policy.md)"
"REQ-0206"	"../../../requirements/baselines/current-requirements-v1.0.0.md#req-0206"	"车辆主要按新增行程成本比较。 VehicleMarginalRouteCost 表示加入已选任务相对车辆原计…"	"8005 多仓位 AGV 项目；更窄边界以本条文本及来源票据为准"	"本场景不适用"	"本场景不适用"	"复核 02～11 票最终决议后保留候选结论：该条核心行为落在本地图已排除或未采用的调度、容量与多任务规划范围；不进入首期实现，但保留原基线身份并由决定单 Demand 选择、并发与等待策略 (../issues/03-decide-single-demand-selection-concurrency-and-waiting-policy.md)最终逐条复核。"	"合格 Demand→单任务稳定选择→指定 AGV/仓位硬准入→不预绑忙车→OrderIntent"	"误纳入会引入范围外状态、页面或协议消息；误把其中可复用的小型门禁一并删除，可能遗漏依赖，故仍需最终 HITL 复核。"	"无首期实现影响；只保留为基线追溯，禁止误删原需求。"	"无首期实现影响；只保留为基线追溯，禁止误删原需求。"	"不进入 ProtocolVersion 1；不得为范围外能力预留未定义消息。"	"决定单 Demand 选择、并发与等待策略 (../issues/03-decide-single-demand-selection-concurrency-and-waiting-policy.md)"
"REQ-0207"	"../../../requirements/baselines/current-requirements-v1.0.0.md#req-0207"	"路径证据区分可达性与排序成本。 无法确认车辆到下一站可达时，该车退出本轮候选，禁止用直线距离或其它弱替代证明…"	"8005 多仓位 AGV 项目；更窄边界以本条文本及来源票据为准"	"MVP 直接必须"	"MVP 直接必须"	"复核 02～11 票最终决议后保留候选结论：该条直接约束单 WIRE_TO_GATE 旅程的调度、容量与多任务规划；候选纳入首期，精确字段/状态仍由决定单 Demand 选择、并发与等待策略 (../issues/03-decide-single-demand-selection-concurrency-and-waiting-policy.md)收口。"	"合格 Demand→单任务稳定选择→指定 AGV/仓位硬准入→不预绑忙车→OrderIntent"	"误删会使调度、容量与多任务规划主旅程或现场验收无法闭环，并可能造成重复执行、错误站点/仓位或不可证明完成。"	"实现单任务选择、硬准入、等待与结构性阻断。"	"只接收当前唯一任务/等待原因。"	"需要任务分配、撤回/阻断和状态快照语义。"	"决定单 Demand 选择、并发与等待策略 (../issues/03-decide-single-demand-selection-concurrency-and-waiting-policy.md)"
"REQ-0208"	"../../../requirements/baselines/current-requirements-v1.0.0.md#req-0208"	"电量和仓位首先是硬资格。 车辆预计完成任务后无法保留经批准的最低电量余量，或电量未知时，直接退出候选；通过后…"	"8005 多仓位 AGV 项目；更窄边界以本条文本及来源票据为准"	"MVP 直接必须"	"MVP 直接必须"	"复核 02～11 票最终决议后保留候选结论：该条直接约束单 WIRE_TO_GATE 旅程的调度、容量与多任务规划；候选纳入首期，精确字段/状态仍由决定单 Demand 选择、并发与等待策略 (../issues/03-decide-single-demand-selection-concurrency-and-waiting-policy.md)收口。"	"合格 Demand→单任务稳定选择→指定 AGV/仓位硬准入→不预绑忙车→OrderIntent"	"误删会使调度、容量与多任务规划主旅程或现场验收无法闭环，并可能造成重复执行、错误站点/仓位或不可证明完成。"	"实现单任务选择、硬准入、等待与结构性阻断。"	"只接收当前唯一任务/等待原因。"	"需要任务分配、撤回/阻断和状态快照语义。"	"决定单 Demand 选择、并发与等待策略 (../issues/03-decide-single-demand-selection-concurrency-and-waiting-policy.md)"
"REQ-0209"	"../../../requirements/baselines/current-requirements-v1.0.0.md#req-0209"	"最终并列必须确定且可审计。 任务所有业务层相同时按本地创建时间、再按 DemandId 稳定排序；车辆所有业…"	"8005 多仓位 AGV 项目；更窄边界以本条文本及来源票据为准"	"MVP 直接必须"	"MVP 直接必须"	"复核 02～11 票最终决议后保留候选结论：该条直接约束单 WIRE_TO_GATE 旅程的调度、容量与多任务规划；候选纳入首期，精确字段/状态仍由决定单 Demand 选择、并发与等待策略 (../issues/03-decide-single-demand-selection-concurrency-and-waiting-policy.md)收口。"	"合格 Demand→单任务稳定选择→指定 AGV/仓位硬准入→不预绑忙车→OrderIntent"	"误删会使调度、容量与多任务规划主旅程或现场验收无法闭环，并可能造成重复执行、错误站点/仓位或不可证明完成。"	"实现单任务选择、硬准入、等待与结构性阻断。"	"只接收当前唯一任务/等待原因。"	"需要任务分配、撤回/阻断和状态快照语义。"	"决定单 Demand 选择、并发与等待策略 (../issues/03-decide-single-demand-selection-concurrency-and-waiting-policy.md)"
"REQ-0210"	"../../../requirements/baselines/current-requirements-v1.0.0.md#req-0210"	"正常积压与结构性无解分别升级。 所有车辆只是忙碌、容量暂满或单车位站点暂被占用时，任务保持正常积压并展示等待…"	"8005 多仓位 AGV 项目；更窄边界以本条文本及来源票据为准"	"MVP 直接必须"	"MVP 直接必须"	"复核 02～11 票最终决议后保留候选结论：该条直接约束单 WIRE_TO_GATE 旅程的调度、容量与多任务规划；候选纳入首期，精确字段/状态仍由决定单 Demand 选择、并发与等待策略 (../issues/03-decide-single-demand-selection-concurrency-and-waiting-policy.md)收口。"	"合格 Demand→单任务稳定选择→指定 AGV/仓位硬准入→不预绑忙车→OrderIntent"	"误删会使调度、容量与多任务规划主旅程或现场验收无法闭环，并可能造成重复执行、错误站点/仓位或不可证明完成。"	"实现单任务选择、硬准入、等待与结构性阻断。"	"只接收当前唯一任务/等待原因。"	"需要任务分配、撤回/阻断和状态快照语义。"	"决定单 Demand 选择、并发与等待策略 (../issues/03-decide-single-demand-selection-concurrency-and-waiting-policy.md)"
"REQ-0211"	"../../../requirements/baselines/current-requirements-v1.0.0.md#req-0211"	"同站取消继续沿用既有 DemandId 与永久抑制边界。 操作员选择并取消一个 DemandId 对应的完整…"	"8005 多仓位 AGV 项目；更窄边界以本条文本及来源票据为准"	"MVP 交互／安全依赖"	"MVP 交互／安全依赖"	"复核 02～11 票最终决议后保留候选结论：不要求在首期重建该条全部产品面，但调度、容量与多任务规划中的事实、门禁或恢复语义是本旅程正确性/安全性的前置依赖；由决定单 Demand 选择、并发与等待策略 (../issues/03-decide-single-demand-selection-concurrency-and-waiting-policy.md)确认最小保留部分。"	"合格 Demand→单任务稳定选择→指定 AGV/仓位硬准入→不预绑忙车→OrderIntent"	"误删可能让调度、容量与多任务规划出现权威分叉、物理状态猜测、断联后重复副作用或无法恢复；误当完整首期功能则扩大范围。"	"实现单任务选择、硬准入、等待与结构性阻断。"	"只接收当前唯一任务/等待原因。"	"需要任务分配、撤回/阻断和状态快照语义。"	"决定单 Demand 选择、并发与等待策略 (../issues/03-decide-single-demand-selection-concurrency-and-waiting-policy.md)"
"REQ-0212"	"../../../requirements/baselines/current-requirements-v1.0.0.md#req-0212"	"系统支持两种能力，但运行界面不同时提供两种入口。 服务端维护项目级、带版本的 LoadTaskEntryMo…"	"8005 多仓位 AGV 项目；更窄边界以本条文本及来源票据为准"	"首期延后"	"首期延后"	"复核 02～11 票最终决议后保留候选结论：MVP 已选扫码/输入 Sublot；运行时双入口配置能力不是首期所需，候选延后。"	"机台到站→操作员/Sublot 核对→服务端最终门禁→多仓装货指令"	"过早纳入会扩大首期和联调面；若后续证明它是安全/验收必要链却未升级，则会形成隐藏缺口。"	"掌握任务、仓位集和装卸业务承诺。"	"掌握扫码、操作员交互和逐仓物理执行。"	"需要装卸请求/结果、幂等身份、可靠事件与可替换快照。"	"决定机台取货、多仓装货、关卡卸货与成功边界 (../issues/04-decide-pickup-loading-gate-unloading-and-success-boundary.md)"
"REQ-0213"	"../../../requirements/baselines/current-requirements-v1.0.0.md#req-0213"	"SUBLOT_ENTRY：车载界面只提供扫码或键盘输入 SUBLOT；"	"8005 多仓位 AGV 项目；更窄边界以本条文本及来源票据为准"	"MVP 直接必须"	"MVP 直接必须"	"复核 02～11 票最终决议后保留候选结论：OnboardHmi 扫码或输入 Sublot 是地图已明确的机台取货入口，直接纳入。"	"机台到站→操作员/Sublot 核对→服务端最终门禁→多仓装货指令"	"误删会使机台装货入口与服务端门禁主旅程或现场验收无法闭环，并可能造成重复执行、错误站点/仓位或不可证明完成。"	"掌握任务、仓位集和装卸业务承诺。"	"掌握扫码、操作员交互和逐仓物理执行。"	"需要装卸请求/结果、幂等身份、可靠事件与可替换快照。"	"决定机台取货、多仓装货、关卡卸货与成功边界 (../issues/04-decide-pickup-loading-gate-unloading-and-success-boundary.md)"
"REQ-0214"	"../../../requirements/baselines/current-requirements-v1.0.0.md#req-0214"	"WORKLIST_SELECTION：车载界面只提供从最新 CurrentStopWorklist 选择待装…"	"8005 多仓位 AGV 项目；更窄边界以本条文本及来源票据为准"	"本场景不适用"	"本场景不适用"	"复核 02～11 票最终决议后保留候选结论：Worklist 选择入口与已选 Sublot 扫码入口冲突，本场景候选不适用。"	"机台到站→操作员/Sublot 核对→服务端最终门禁→多仓装货指令"	"误纳入会引入范围外状态、页面或协议消息；误把其中可复用的小型门禁一并删除，可能遗漏依赖，故仍需最终 HITL 复核。"	"无首期实现影响；只保留为基线追溯，禁止误删原需求。"	"无首期实现影响；只保留为基线追溯，禁止误删原需求。"	"不进入 ProtocolVersion 1；不得为范围外能力预留未定义消息。"	"决定机台取货、多仓装货、关卡卸货与成功边界 (../issues/04-decide-pickup-loading-gate-unloading-and-success-boundary.md)"
"REQ-0215"	"../../../requirements/baselines/current-requirements-v1.0.0.md#req-0215"	"入口模式按装货开始边界冻结。 参数变更不改变已经开始的 Sublot、OperationSession 绑定…"	"8005 多仓位 AGV 项目；更窄边界以本条文本及来源票据为准"	"首期延后"	"首期延后"	"复核 02～11 票最终决议后保留候选结论：该条属于长期机台装货入口与服务端门禁能力或完整治理面，指定单车、单图、单 Demand 试运行无需先实现；若后续决策证明进入必要链再升级。"	"机台到站→操作员/Sublot 核对→服务端最终门禁→多仓装货指令"	"过早纳入会扩大首期和联调面；若后续证明它是安全/验收必要链却未升级，则会形成隐藏缺口。"	"掌握任务、仓位集和装卸业务承诺。"	"掌握扫码、操作员交互和逐仓物理执行。"	"需要装卸请求/结果、幂等身份、可靠事件与可替换快照。"	"决定机台取货、多仓装货、关卡卸货与成功边界 (../issues/04-decide-pickup-loading-gate-unloading-and-success-boundary.md)"
"REQ-0216"	"../../../requirements/baselines/current-requirements-v1.0.0.md#req-0216"	"普通现场操作员可以使用，不增加班组长逐次审批。 只有当前站点具有相应作业权限、已按 OperatorVeri…"	"8005 多仓位 AGV 项目；更窄边界以本条文本及来源票据为准"	"MVP 交互／安全依赖"	"MVP 交互／安全依赖"	"复核 02～11 票最终决议后保留候选结论：不要求在首期重建该条全部产品面，但机台装货入口与服务端门禁中的事实、门禁或恢复语义是本旅程正确性/安全性的前置依赖；由决定机台取货、多仓装货、关卡卸货与成功边界 (../issues/04-decide-pickup-loading-gate-unloading-and-success-boundary.md)确认最小保留部分。"	"机台到站→操作员/Sublot 核对→服务端最终门禁→多仓装货指令"	"误删可能让机台装货入口与服务端门禁出现权威分叉、物理状态猜测、断联后重复副作用或无法恢复；误当完整首期功能则扩大范围。"	"掌握任务、仓位集和装卸业务承诺。"	"掌握扫码、操作员交互和逐仓物理执行。"	"需要装卸请求/结果、幂等身份、可靠事件与可替换快照。"	"决定机台取货、多仓装货、关卡卸货与成功边界 (../issues/04-decide-pickup-loading-gate-unloading-and-success-boundary.md)"
"REQ-0217"	"../../../requirements/baselines/current-requirements-v1.0.0.md#req-0217"	"禁止一点即开门。 操作员先选择一个当前可开始的待装 DemandId，界面再独立展示完整 SUBLOT、任务…"	"8005 多仓位 AGV 项目；更窄边界以本条文本及来源票据为准"	"本场景不适用"	"本场景不适用"	"复核 02～11 票最终决议后保留候选结论：该条专属 WorklistTaskSelection 确认流；MVP 使用扫码核对，候选不适用，但服务端最终门禁由 REQ-0218 保留。"	"机台到站→操作员/Sublot 核对→服务端最终门禁→多仓装货指令"	"误纳入会引入范围外状态、页面或协议消息；误把其中可复用的小型门禁一并删除，可能遗漏依赖，故仍需最终 HITL 复核。"	"无首期实现影响；只保留为基线追溯，禁止误删原需求。"	"无首期实现影响；只保留为基线追溯，禁止误删原需求。"	"不进入 ProtocolVersion 1；不得为范围外能力预留未定义消息。"	"决定机台取货、多仓装货、关卡卸货与成功边界 (../issues/04-decide-pickup-loading-gate-unloading-and-success-boundary.md)"
"REQ-0218"	"../../../requirements/baselines/current-requirements-v1.0.0.md#req-0218"	"最终门禁仍由服务端掌握。 确认后服务端必须以最新 worklistRevision 重新校验操作员、Oper…"	"8005 多仓位 AGV 项目；更窄边界以本条文本及来源票据为准"	"MVP 交互／安全依赖"	"MVP 交互／安全依赖"	"复核 02～11 票最终决议后保留候选结论：旧文案针对 worklistRevision，但“服务端最终裁决、车载不信任旧 UI 状态”是跨端安全依赖，须在消息面票中重述为扫码路径。"	"机台到站→操作员/Sublot 核对→服务端最终门禁→多仓装货指令"	"误删可能让机台装货入口与服务端门禁出现权威分叉、物理状态猜测、断联后重复副作用或无法恢复；误当完整首期功能则扩大范围。"	"掌握任务、仓位集和装卸业务承诺。"	"掌握扫码、操作员交互和逐仓物理执行。"	"需要装卸请求/结果、幂等身份、可靠事件与可替换快照。"	"决定机台取货、多仓装货、关卡卸货与成功边界 (../issues/04-decide-pickup-loading-gate-unloading-and-success-boundary.md)"
"REQ-0219"	"../../../requirements/baselines/current-requirements-v1.0.0.md#req-0219"	"责任按可证明的控制链划分。 系统负责清单正确性、完整展示、权限和最新状态复核，以及保证实际启动的 Deman…"	"8005 多仓位 AGV 项目；更窄边界以本条文本及来源票据为准"	"本场景不适用"	"本场景不适用"	"复核 02～11 票最终决议后保留候选结论：该条核心行为落在本地图已排除或未采用的机台装货入口与服务端门禁范围；不进入首期实现，但保留原基线身份并由决定机台取货、多仓装货、关卡卸货与成功边界 (../issues/04-decide-pickup-loading-gate-unloading-and-success-boundary.md)最终逐条复核。"	"机台到站→操作员/Sublot 核对→服务端最终门禁→多仓装货指令"	"误纳入会引入范围外状态、页面或协议消息；误把其中可复用的小型门禁一并删除，可能遗漏依赖，故仍需最终 HITL 复核。"	"无首期实现影响；只保留为基线追溯，禁止误删原需求。"	"无首期实现影响；只保留为基线追溯，禁止误删原需求。"	"不进入 ProtocolVersion 1；不得为范围外能力预留未定义消息。"	"决定机台取货、多仓装货、关卡卸货与成功边界 (../issues/04-decide-pickup-loading-gate-unloading-and-success-boundary.md)"
"REQ-0220"	"../../../requirements/baselines/current-requirements-v1.0.0.md#req-0220"	"每次 WorklistTaskSelection 形成不可修改的业务审计。 最低记录包括入口模式及配置版本、…"	"8005 多仓位 AGV 项目；更窄边界以本条文本及来源票据为准"	"本场景不适用"	"本场景不适用"	"复核 02～11 票最终决议后保留候选结论：该条核心行为落在本地图已排除或未采用的机台装货入口与服务端门禁范围；不进入首期实现，但保留原基线身份并由决定机台取货、多仓装货、关卡卸货与成功边界 (../issues/04-decide-pickup-loading-gate-unloading-and-success-boundary.md)最终逐条复核。"	"机台到站→操作员/Sublot 核对→服务端最终门禁→多仓装货指令"	"误纳入会引入范围外状态、页面或协议消息；误把其中可复用的小型门禁一并删除，可能遗漏依赖，故仍需最终 HITL 复核。"	"无首期实现影响；只保留为基线追溯，禁止误删原需求。"	"无首期实现影响；只保留为基线追溯，禁止误删原需求。"	"不进入 ProtocolVersion 1；不得为范围外能力预留未定义消息。"	"决定机台取货、多仓装货、关卡卸货与成功边界 (../issues/04-decide-pickup-loading-gate-unloading-and-success-boundary.md)"
"REQ-0221"	"../../../requirements/baselines/current-requirements-v1.0.0.md#req-0221"	"8005 不建立目的站接收确认、暂不收货、拒收或稍后接收状态。车辆到达目的站并满足既有卸货安全条件后直接开始…"	"8005 多仓位 AGV 项目；更窄边界以本条文本及来源票据为准"	"MVP 直接必须"	"MVP 直接必须"	"复核 02～11 票最终决议后保留候选结论：该条直接约束单 WIRE_TO_GATE 旅程的关卡卸货与完工后处置；候选纳入首期，精确字段/状态仍由决定机台取货、多仓装货、关卡卸货与成功边界 (../issues/04-decide-pickup-loading-gate-unloading-and-success-boundary.md)收口。"	"关卡到站→全部目标仓位卸空/锁闭→StopClosureCommit→本地完成"	"误删会使关卡卸货与完工后处置主旅程或现场验收无法闭环，并可能造成重复执行、错误站点/仓位或不可证明完成。"	"掌握任务、仓位集和装卸业务承诺。"	"掌握扫码、操作员交互和逐仓物理执行。"	"需要装卸请求/结果、幂等身份、可靠事件与可替换快照。"	"决定机台取货、多仓装货、关卡卸货与成功边界 (../issues/04-decide-pickup-loading-gate-unloading-and-success-boundary.md)"
"REQ-0222"	"../../../requirements/baselines/current-requirements-v1.0.0.md#req-0222"	"不提供操作员到站取消入口。卸货开始后必须完成全部目标仓位取空、仓门锁闭与开锁输出复位；人员尚未取货时保持卸货…"	"8005 多仓位 AGV 项目；更窄边界以本条文本及来源票据为准"	"MVP 直接必须"	"MVP 直接必须"	"复核 02～11 票最终决议后保留候选结论：该条直接约束单 WIRE_TO_GATE 旅程的关卡卸货与完工后处置；候选纳入首期，精确字段/状态仍由决定机台取货、多仓装货、关卡卸货与成功边界 (../issues/04-decide-pickup-loading-gate-unloading-and-success-boundary.md)收口。"	"关卡到站→全部目标仓位卸空/锁闭→StopClosureCommit→本地完成"	"误删会使关卡卸货与完工后处置主旅程或现场验收无法闭环，并可能造成重复执行、错误站点/仓位或不可证明完成。"	"掌握任务、仓位集和装卸业务承诺。"	"掌握扫码、操作员交互和逐仓物理执行。"	"需要装卸请求/结果、幂等身份、可靠事件与可替换快照。"	"决定机台取货、多仓装货、关卡卸货与成功边界 (../issues/04-decide-pickup-loading-gate-unloading-and-success-boundary.md)"
"REQ-0223"	"../../../requirements/baselines/current-requirements-v1.0.0.md#req-0223"	"普通操作员只在当前 OperationSession 内、StopClosureCommit 前，可以开关本…"	"8005 多仓位 AGV 项目；更窄边界以本条文本及来源票据为准"	"MVP 直接必须"	"MVP 直接必须"	"复核 02～11 票最终决议后保留候选结论：该条直接约束单 WIRE_TO_GATE 旅程的关卡卸货与完工后处置；候选纳入首期，精确字段/状态仍由决定机台取货、多仓装货、关卡卸货与成功边界 (../issues/04-decide-pickup-loading-gate-unloading-and-success-boundary.md)收口。"	"关卡到站→全部目标仓位卸空/锁闭→StopClosureCommit→本地完成"	"误删会使关卡卸货与完工后处置主旅程或现场验收无法闭环，并可能造成重复执行、错误站点/仓位或不可证明完成。"	"掌握任务、仓位集和装卸业务承诺。"	"掌握扫码、操作员交互和逐仓物理执行。"	"需要装卸请求/结果、幂等身份、可靠事件与可替换快照。"	"决定机台取货、多仓装货、关卡卸货与成功边界 (../issues/04-decide-pickup-loading-gate-unloading-and-success-boundary.md)"
"REQ-0224"	"../../../requirements/baselines/current-requirements-v1.0.0.md#req-0224"	"本地完成后发现拿错、漏拿或存错，不重开、回滚或改写原任务，不在 8005 内重送，也不生成新的 MES 运输…"	"8005 多仓位 AGV 项目；更窄边界以本条文本及来源票据为准"	"MVP 直接必须"	"MVP 直接必须"	"复核 02～11 票最终决议后保留候选结论：该条直接约束单 WIRE_TO_GATE 旅程的关卡卸货与完工后处置；候选纳入首期，精确字段/状态仍由决定机台取货、多仓装货、关卡卸货与成功边界 (../issues/04-decide-pickup-loading-gate-unloading-and-success-boundary.md)收口。"	"关卡到站→全部目标仓位卸空/锁闭→StopClosureCommit→本地完成"	"误删会使关卡卸货与完工后处置主旅程或现场验收无法闭环，并可能造成重复执行、错误站点/仓位或不可证明完成。"	"掌握任务、仓位集和装卸业务承诺。"	"掌握扫码、操作员交互和逐仓物理执行。"	"需要装卸请求/结果、幂等身份、可靠事件与可替换快照。"	"决定机台取货、多仓装货、关卡卸货与成功边界 (../issues/04-decide-pickup-loading-gate-unloading-and-success-boundary.md)"
"REQ-0225"	"../../../requirements/baselines/current-requirements-v1.0.0.md#req-0225"	"“系统因光幕漏检而判空完成、产品实际仍锁在仓内”不是重送，而是维护开门模式中的完工后遗留物取出。车辆只要停在…"	"8005 多仓位 AGV 项目；更窄边界以本条文本及来源票据为准"	"MVP 交互／安全依赖"	"MVP 交互／安全依赖"	"复核 02～11 票最终决议后保留候选结论：不要求在首期重建该条全部产品面，但关卡卸货与完工后处置中的事实、门禁或恢复语义是本旅程正确性/安全性的前置依赖；由决定机台取货、多仓装货、关卡卸货与成功边界 (../issues/04-decide-pickup-loading-gate-unloading-and-success-boundary.md)确认最小保留部分。"	"关卡到站→全部目标仓位卸空/锁闭→StopClosureCommit→本地完成"	"误删可能让关卡卸货与完工后处置出现权威分叉、物理状态猜测、断联后重复副作用或无法恢复；误当完整首期功能则扩大范围。"	"掌握任务、仓位集和装卸业务承诺。"	"掌握扫码、操作员交互和逐仓物理执行。"	"需要装卸请求/结果、幂等身份、可靠事件与可替换快照。"	"决定机台取货、多仓装货、关卡卸货与成功边界 (../issues/04-decide-pickup-loading-gate-unloading-and-success-boundary.md)"
"REQ-0226"	"../../../requirements/baselines/current-requirements-v1.0.0.md#req-0226"	"维护开门模式由 R-09 班组长或被明确授予等效生产管理权限的人在车载端即时重新认证后进入；一次进入可重复开…"	"8005 多仓位 AGV 项目；更窄边界以本条文本及来源票据为准"	"MVP 交互／安全依赖"	"MVP 交互／安全依赖"	"复核 02～11 票最终决议后保留候选结论：不要求在首期重建该条全部产品面，但关卡卸货与完工后处置中的事实、门禁或恢复语义是本旅程正确性/安全性的前置依赖；由决定机台取货、多仓装货、关卡卸货与成功边界 (../issues/04-decide-pickup-loading-gate-unloading-and-success-boundary.md)确认最小保留部分。"	"关卡到站→全部目标仓位卸空/锁闭→StopClosureCommit→本地完成"	"误删可能让关卡卸货与完工后处置出现权威分叉、物理状态猜测、断联后重复副作用或无法恢复；误当完整首期功能则扩大范围。"	"掌握任务、仓位集和装卸业务承诺。"	"掌握扫码、操作员交互和逐仓物理执行。"	"需要装卸请求/结果、幂等身份、可靠事件与可替换快照。"	"决定机台取货、多仓装货、关卡卸货与成功边界 (../issues/04-decide-pickup-loading-gate-unloading-and-success-boundary.md)"
"REQ-0227"	"../../../requirements/baselines/current-requirements-v1.0.0.md#req-0227"	"维护开门资格以服务端业务绑定为准：没有活动 Sublot、运输任务、其它货物绑定或未收敛仓位操作的仓位，无论…"	"8005 多仓位 AGV 项目；更窄边界以本条文本及来源票据为准"	"MVP 交互／安全依赖"	"MVP 交互／安全依赖"	"复核 02～11 票最终决议后保留候选结论：不要求在首期重建该条全部产品面，但关卡卸货与完工后处置中的事实、门禁或恢复语义是本旅程正确性/安全性的前置依赖；由决定机台取货、多仓装货、关卡卸货与成功边界 (../issues/04-decide-pickup-loading-gate-unloading-and-success-boundary.md)确认最小保留部分。"	"关卡到站→全部目标仓位卸空/锁闭→StopClosureCommit→本地完成"	"误删可能让关卡卸货与完工后处置出现权威分叉、物理状态猜测、断联后重复副作用或无法恢复；误当完整首期功能则扩大范围。"	"掌握任务、仓位集和装卸业务承诺。"	"掌握扫码、操作员交互和逐仓物理执行。"	"需要装卸请求/结果、幂等身份、可靠事件与可替换快照。"	"决定机台取货、多仓装货、关卡卸货与成功边界 (../issues/04-decide-pickup-loading-gate-unloading-and-success-boundary.md)"
"REQ-0228"	"../../../requirements/baselines/current-requirements-v1.0.0.md#req-0228"	"原完成任务只在所选仓位最近一次完成操作唯一且此后没有其它仓位操作或任务绑定时自动附作审计线索；无法唯一确定时…"	"8005 多仓位 AGV 项目；更窄边界以本条文本及来源票据为准"	"MVP 交互／安全依赖"	"MVP 交互／安全依赖"	"复核 02～11 票最终决议后保留候选结论：不要求在首期重建该条全部产品面，但关卡卸货与完工后处置中的事实、门禁或恢复语义是本旅程正确性/安全性的前置依赖；由决定机台取货、多仓装货、关卡卸货与成功边界 (../issues/04-decide-pickup-loading-gate-unloading-and-success-boundary.md)确认最小保留部分。"	"关卡到站→全部目标仓位卸空/锁闭→StopClosureCommit→本地完成"	"误删可能让关卡卸货与完工后处置出现权威分叉、物理状态猜测、断联后重复副作用或无法恢复；误当完整首期功能则扩大范围。"	"掌握任务、仓位集和装卸业务承诺。"	"掌握扫码、操作员交互和逐仓物理执行。"	"需要装卸请求/结果、幂等身份、可靠事件与可替换快照。"	"决定机台取货、多仓装货、关卡卸货与成功边界 (../issues/04-decide-pickup-loading-gate-unloading-and-success-boundary.md)"
"REQ-0229"	"../../../requirements/baselines/current-requirements-v1.0.0.md#req-0229"	"维护开门模式期间整车停站，阻止移动和新仓位作业，但保留已有任务与有料仓位绑定；退出前必须证明全部已开仓门锁闭…"	"8005 多仓位 AGV 项目；更窄边界以本条文本及来源票据为准"	"MVP 交互／安全依赖"	"MVP 交互／安全依赖"	"复核 02～11 票最终决议后保留候选结论：不要求在首期重建该条全部产品面，但关卡卸货与完工后处置中的事实、门禁或恢复语义是本旅程正确性/安全性的前置依赖；由决定机台取货、多仓装货、关卡卸货与成功边界 (../issues/04-decide-pickup-loading-gate-unloading-and-success-boundary.md)确认最小保留部分。"	"关卡到站→全部目标仓位卸空/锁闭→StopClosureCommit→本地完成"	"误删可能让关卡卸货与完工后处置出现权威分叉、物理状态猜测、断联后重复副作用或无法恢复；误当完整首期功能则扩大范围。"	"掌握任务、仓位集和装卸业务承诺。"	"掌握扫码、操作员交互和逐仓物理执行。"	"需要装卸请求/结果、幂等身份、可靠事件与可替换快照。"	"决定机台取货、多仓装货、关卡卸货与成功边界 (../issues/04-decide-pickup-loading-gate-unloading-and-success-boundary.md)"
"REQ-0230"	"../../../requirements/baselines/current-requirements-v1.0.0.md#req-0230"	"确认发生遗留物漏检后，立即把该仓位标记为不可操作并排除后续分配；只有 R-11 设备/电气维护人员完成检查、…"	"8005 多仓位 AGV 项目；更窄边界以本条文本及来源票据为准"	"MVP 交互／安全依赖"	"MVP 交互／安全依赖"	"复核 02～11 票最终决议后保留候选结论：不要求在首期重建该条全部产品面，但关卡卸货与完工后处置中的事实、门禁或恢复语义是本旅程正确性/安全性的前置依赖；由决定机台取货、多仓装货、关卡卸货与成功边界 (../issues/04-decide-pickup-loading-gate-unloading-and-success-boundary.md)确认最小保留部分。"	"关卡到站→全部目标仓位卸空/锁闭→StopClosureCommit→本地完成"	"误删可能让关卡卸货与完工后处置出现权威分叉、物理状态猜测、断联后重复副作用或无法恢复；误当完整首期功能则扩大范围。"	"掌握任务、仓位集和装卸业务承诺。"	"掌握扫码、操作员交互和逐仓物理执行。"	"需要装卸请求/结果、幂等身份、可靠事件与可替换快照。"	"决定机台取货、多仓装货、关卡卸货与成功边界 (../issues/04-decide-pickup-loading-gate-unloading-and-success-boundary.md)"
"REQ-0231"	"../../../requirements/baselines/current-requirements-v1.0.0.md#req-0231"	"上述所有处置都不修改 MES，不等待或推动 MES 状态变化，也不把 8005 本地终态解释为 MES 完成…"	"8005 多仓位 AGV 项目；更窄边界以本条文本及来源票据为准"	"MVP 直接必须"	"MVP 直接必须"	"复核 02～11 票最终决议后保留候选结论：该条直接约束单 WIRE_TO_GATE 旅程的关卡卸货与完工后处置；候选纳入首期，精确字段/状态仍由决定机台取货、多仓装货、关卡卸货与成功边界 (../issues/04-decide-pickup-loading-gate-unloading-and-success-boundary.md)收口。"	"关卡到站→全部目标仓位卸空/锁闭→StopClosureCommit→本地完成"	"误删会使关卡卸货与完工后处置主旅程或现场验收无法闭环，并可能造成重复执行、错误站点/仓位或不可证明完成。"	"掌握任务、仓位集和装卸业务承诺。"	"掌握扫码、操作员交互和逐仓物理执行。"	"需要装卸请求/结果、幂等身份、可靠事件与可替换快照。"	"决定机台取货、多仓装货、关卡卸货与成功边界 (../issues/04-decide-pickup-loading-gate-unloading-and-success-boundary.md)"
"REQ-0232"	"../../../requirements/baselines/current-requirements-v1.0.0.md#req-0232"	"故障采用“疑似阻断—确认隔离”两级事实模型。 离线、通信中断、导航失败、单个订单 FAILED 和持续时间均…"	"8005 多仓位 AGV 项目；更窄边界以本条文本及来源票据为准"	"MVP 交互／安全依赖"	"MVP 交互／安全依赖"	"复核 02～11 票最终决议后保留候选结论：不要求在首期重建该条全部产品面，但故障、载货恢复与物理安全中的事实、门禁或恢复语义是本旅程正确性/安全性的前置依赖；由决定 MVP 多仓容量、安全联锁与异常恢复最小集 (../issues/05-decide-minimum-multislot-safety-and-recovery-set.md)确认最小保留部分。"	"StationOperationGuard→逐仓物理闭环→断联/故障收敛→可唯一解释恢复"	"误删可能让故障、载货恢复与物理安全出现权威分叉、物理状态猜测、断联后重复副作用或无法恢复；误当完整首期功能则扩大范围。"	"掌握业务阻断、恢复授权和任务/货物绑定。"	"独占 IO、安全收尾、日志与恢复现场交互。"	"需要断联收敛、逐仓结果、未知状态和 RecoveryHandshake 对账。"	"决定 MVP 多仓容量、安全联锁与异常恢复最小集 (../issues/05-decide-minimum-multislot-safety-and-recovery-set.md)"
"REQ-0233"	"../../../requirements/baselines/current-requirements-v1.0.0.md#req-0233"	"自动确认故障使用严格硬证据白名单。 当前唯一可自动进入 VehicleFaultIsolation 的事实是…"	"8005 多仓位 AGV 项目；更窄边界以本条文本及来源票据为准"	"MVP 交互／安全依赖"	"MVP 交互／安全依赖"	"复核 02～11 票最终决议后保留候选结论：不要求在首期重建该条全部产品面，但故障、载货恢复与物理安全中的事实、门禁或恢复语义是本旅程正确性/安全性的前置依赖；由决定 MVP 多仓容量、安全联锁与异常恢复最小集 (../issues/05-decide-minimum-multislot-safety-and-recovery-set.md)确认最小保留部分。"	"StationOperationGuard→逐仓物理闭环→断联/故障收敛→可唯一解释恢复"	"误删可能让故障、载货恢复与物理安全出现权威分叉、物理状态猜测、断联后重复副作用或无法恢复；误当完整首期功能则扩大范围。"	"掌握业务阻断、恢复授权和任务/货物绑定。"	"独占 IO、安全收尾、日志与恢复现场交互。"	"需要断联收敛、逐仓结果、未知状态和 RecoveryHandshake 对账。"	"决定 MVP 多仓容量、安全联锁与异常恢复最小集 (../issues/05-decide-minimum-multislot-safety-and-recovery-set.md)"
"REQ-0234"	"../../../requirements/baselines/current-requirements-v1.0.0.md#req-0234"	"进入阻断先保护当前订单。 进入疑似阻断或正式隔离时立即禁止新派车，并对本项目当前执行订单自动调用 Order…"	"8005 多仓位 AGV 项目；更窄边界以本条文本及来源票据为准"	"MVP 交互／安全依赖"	"MVP 交互／安全依赖"	"复核 02～11 票最终决议后保留候选结论：不要求在首期重建该条全部产品面，但故障、载货恢复与物理安全中的事实、门禁或恢复语义是本旅程正确性/安全性的前置依赖；由决定 MVP 多仓容量、安全联锁与异常恢复最小集 (../issues/05-decide-minimum-multislot-safety-and-recovery-set.md)确认最小保留部分。"	"StationOperationGuard→逐仓物理闭环→断联/故障收敛→可唯一解释恢复"	"误删可能让故障、载货恢复与物理安全出现权威分叉、物理状态猜测、断联后重复副作用或无法恢复；误当完整首期功能则扩大范围。"	"掌握业务阻断、恢复授权和任务/货物绑定。"	"独占 IO、安全收尾、日志与恢复现场交互。"	"需要断联收敛、逐仓结果、未知状态和 RecoveryHandshake 对账。"	"决定 MVP 多仓容量、安全联锁与异常恢复最小集 (../issues/05-decide-minimum-multislot-safety-and-recovery-set.md)"
"REQ-0235"	"../../../requirements/baselines/current-requirements-v1.0.0.md#req-0235"	"所有故障与被困货物处理统一为一次身份验证的异常处置会话。 ExceptionRecoverySession …"	"8005 多仓位 AGV 项目；更窄边界以本条文本及来源票据为准"	"MVP 交互／安全依赖"	"MVP 交互／安全依赖"	"复核 02～11 票最终决议后保留候选结论：不要求在首期重建该条全部产品面，但故障、载货恢复与物理安全中的事实、门禁或恢复语义是本旅程正确性/安全性的前置依赖；由决定 MVP 多仓容量、安全联锁与异常恢复最小集 (../issues/05-decide-minimum-multislot-safety-and-recovery-set.md)确认最小保留部分。"	"StationOperationGuard→逐仓物理闭环→断联/故障收敛→可唯一解释恢复"	"误删可能让故障、载货恢复与物理安全出现权威分叉、物理状态猜测、断联后重复副作用或无法恢复；误当完整首期功能则扩大范围。"	"掌握业务阻断、恢复授权和任务/货物绑定。"	"独占 IO、安全收尾、日志与恢复现场交互。"	"需要断联收敛、逐仓结果、未知状态和 RecoveryHandshake 对账。"	"决定 MVP 多仓容量、安全联锁与异常恢复最小集 (../issues/05-decide-minimum-multislot-safety-and-recovery-set.md)"
"REQ-0236"	"../../../requirements/baselines/current-requirements-v1.0.0.md#req-0236"	"异常处置权限按个人授予。 初始授予 R-09 班组长、R-11 设备/电气维护人员和 R-13 AGV 运维…"	"8005 多仓位 AGV 项目；更窄边界以本条文本及来源票据为准"	"MVP 交互／安全依赖"	"本场景不适用"	"本条按 R-09/R-11/R-13 或逐人附加权限授权的模型不用于 MVP；REQ-0253 与票据 05 已改用两个管理员角色，现场资质仍单独强制。"	"StationOperationGuard→逐仓物理闭环→断联/故障收敛→可唯一解释恢复"	"误删可能让故障、载货恢复与物理安全出现权威分叉、物理状态猜测、断联后重复副作用或无法恢复；误当完整首期功能则扩大范围。"	"掌握业务阻断、恢复授权和任务/货物绑定。"	"独占 IO、安全收尾、日志与恢复现场交互。"	"需要断联收敛、逐仓结果、未知状态和 RecoveryHandshake 对账。"	"决定 MVP 多仓容量、安全联锁与异常恢复最小集 (../issues/05-decide-minimum-multislot-safety-and-recovery-set.md)"
"REQ-0237"	"../../../requirements/baselines/current-requirements-v1.0.0.md#req-0237"	"普通放错只在离站前纠正。 8005 是一对一输送；车辆离开起点前保留既有 LoadCorrection 调整…"	"8005 多仓位 AGV 项目；更窄边界以本条文本及来源票据为准"	"MVP 交互／安全依赖"	"MVP 交互／安全依赖"	"复核 02～11 票最终决议后保留候选结论：不要求在首期重建该条全部产品面，但故障、载货恢复与物理安全中的事实、门禁或恢复语义是本旅程正确性/安全性的前置依赖；由决定 MVP 多仓容量、安全联锁与异常恢复最小集 (../issues/05-decide-minimum-multislot-safety-and-recovery-set.md)确认最小保留部分。"	"StationOperationGuard→逐仓物理闭环→断联/故障收敛→可唯一解释恢复"	"误删可能让故障、载货恢复与物理安全出现权威分叉、物理状态猜测、断联后重复副作用或无法恢复；误当完整首期功能则扩大范围。"	"掌握业务阻断、恢复授权和任务/货物绑定。"	"独占 IO、安全收尾、日志与恢复现场交互。"	"需要断联收敛、逐仓结果、未知状态和 RecoveryHandshake 对账。"	"决定 MVP 多仓容量、安全联锁与异常恢复最小集 (../issues/05-decide-minimum-multislot-safety-and-recovery-set.md)"
"REQ-0238"	"../../../requirements/baselines/current-requirements-v1.0.0.md#req-0238"	"已装货任务保持原绑定并采用双路径。 已有装货事实或货物状态未知时进入 FaultedVehicleCargo…"	"8005 多仓位 AGV 项目；更窄边界以本条文本及来源票据为准"	"MVP 交互／安全依赖"	"MVP 交互／安全依赖"	"复核 02～11 票最终决议后保留候选结论：不要求在首期重建该条全部产品面，但故障、载货恢复与物理安全中的事实、门禁或恢复语义是本旅程正确性/安全性的前置依赖；由决定 MVP 多仓容量、安全联锁与异常恢复最小集 (../issues/05-decide-minimum-multislot-safety-and-recovery-set.md)确认最小保留部分。"	"StationOperationGuard→逐仓物理闭环→断联/故障收敛→可唯一解释恢复"	"误删可能让故障、载货恢复与物理安全出现权威分叉、物理状态猜测、断联后重复副作用或无法恢复；误当完整首期功能则扩大范围。"	"掌握业务阻断、恢复授权和任务/货物绑定。"	"独占 IO、安全收尾、日志与恢复现场交互。"	"需要断联收敛、逐仓结果、未知状态和 RecoveryHandshake 对账。"	"决定 MVP 多仓容量、安全联锁与异常恢复最小集 (../issues/05-decide-minimum-multislot-safety-and-recovery-set.md)"
"REQ-0239"	"../../../requirements/baselines/current-requirements-v1.0.0.md#req-0239"	"修复续行保持同一业务任务与载货车辆。 原 RIoT 订单仍确认为 HELD 且身份、目标和货物绑定一致时走既…"	"8005 多仓位 AGV 项目；更窄边界以本条文本及来源票据为准"	"MVP 交互／安全依赖"	"MVP 交互／安全依赖"	"复核 02～11 票最终决议后保留候选结论：不要求在首期重建该条全部产品面，但故障、载货恢复与物理安全中的事实、门禁或恢复语义是本旅程正确性/安全性的前置依赖；由决定 MVP 多仓容量、安全联锁与异常恢复最小集 (../issues/05-decide-minimum-multislot-safety-and-recovery-set.md)确认最小保留部分。"	"StationOperationGuard→逐仓物理闭环→断联/故障收敛→可唯一解释恢复"	"误删可能让故障、载货恢复与物理安全出现权威分叉、物理状态猜测、断联后重复副作用或无法恢复；误当完整首期功能则扩大范围。"	"掌握业务阻断、恢复授权和任务/货物绑定。"	"独占 IO、安全收尾、日志与恢复现场交互。"	"需要断联收敛、逐仓结果、未知状态和 RecoveryHandshake 对账。"	"决定 MVP 多仓容量、安全联锁与异常恢复最小集 (../issues/05-decide-minimum-multislot-safety-and-recovery-set.md)"
"REQ-0240"	"../../../requirements/baselines/current-requirements-v1.0.0.md#req-0240"	"正常受控取货以电子物理闭环和具名交接终止业务。 车辆须已停稳且当前订单已 HELD/终结；结果未知时先完成断…"	"8005 多仓位 AGV 项目；更窄边界以本条文本及来源票据为准"	"MVP 交互／安全依赖"	"MVP 交互／安全依赖"	"复核 02～11 票最终决议后保留候选结论：不要求在首期重建该条全部产品面，但故障、载货恢复与物理安全中的事实、门禁或恢复语义是本旅程正确性/安全性的前置依赖；由决定 MVP 多仓容量、安全联锁与异常恢复最小集 (../issues/05-decide-minimum-multislot-safety-and-recovery-set.md)确认最小保留部分。"	"StationOperationGuard→逐仓物理闭环→断联/故障收敛→可唯一解释恢复"	"误删可能让故障、载货恢复与物理安全出现权威分叉、物理状态猜测、断联后重复副作用或无法恢复；误当完整首期功能则扩大范围。"	"掌握业务阻断、恢复授权和任务/货物绑定。"	"独占 IO、安全收尾、日志与恢复现场交互。"	"需要断联收敛、逐仓结果、未知状态和 RecoveryHandshake 对账。"	"决定 MVP 多仓容量、安全联锁与异常恢复最小集 (../issues/05-decide-minimum-multislot-safety-and-recovery-set.md)"
"REQ-0241"	"../../../requirements/baselines/current-requirements-v1.0.0.md#req-0241"	"极端锁和传感器故障使用强制机械取出。 锁无法经 DO 弹开，或锁反馈、光幕、占用检测等事实已经失真时，先完成…"	"8005 多仓位 AGV 项目；更窄边界以本条文本及来源票据为准"	"MVP 交互／安全依赖"	"MVP 交互／安全依赖"	"复核 02～11 票最终决议后保留候选结论：不要求在首期重建该条全部产品面，但故障、载货恢复与物理安全中的事实、门禁或恢复语义是本旅程正确性/安全性的前置依赖；由决定 MVP 多仓容量、安全联锁与异常恢复最小集 (../issues/05-decide-minimum-multislot-safety-and-recovery-set.md)确认最小保留部分。"	"StationOperationGuard→逐仓物理闭环→断联/故障收敛→可唯一解释恢复"	"误删可能让故障、载货恢复与物理安全出现权威分叉、物理状态猜测、断联后重复副作用或无法恢复；误当完整首期功能则扩大范围。"	"掌握业务阻断、恢复授权和任务/货物绑定。"	"独占 IO、安全收尾、日志与恢复现场交互。"	"需要断联收敛、逐仓结果、未知状态和 RecoveryHandshake 对账。"	"决定 MVP 多仓容量、安全联锁与异常恢复最小集 (../issues/05-decide-minimum-multislot-safety-and-recovery-set.md)"
"REQ-0242"	"../../../requirements/baselines/current-requirements-v1.0.0.md#req-0242"	"货物业务闭环与设备恢复闭环分离。 强制取出后，产品身份明确且完成具名交接时，ForcedCargoHando…"	"8005 多仓位 AGV 项目；更窄边界以本条文本及来源票据为准"	"MVP 交互／安全依赖"	"MVP 交互／安全依赖"	"复核 02～11 票最终决议后保留候选结论：不要求在首期重建该条全部产品面，但故障、载货恢复与物理安全中的事实、门禁或恢复语义是本旅程正确性/安全性的前置依赖；由决定 MVP 多仓容量、安全联锁与异常恢复最小集 (../issues/05-decide-minimum-multislot-safety-and-recovery-set.md)确认最小保留部分。"	"StationOperationGuard→逐仓物理闭环→断联/故障收敛→可唯一解释恢复"	"误删可能让故障、载货恢复与物理安全出现权威分叉、物理状态猜测、断联后重复副作用或无法恢复；误当完整首期功能则扩大范围。"	"掌握业务阻断、恢复授权和任务/货物绑定。"	"独占 IO、安全收尾、日志与恢复现场交互。"	"需要断联收敛、逐仓结果、未知状态和 RecoveryHandshake 对账。"	"决定 MVP 多仓容量、安全联锁与异常恢复最小集 (../issues/05-decide-minimum-multislot-safety-and-recovery-set.md)"
"REQ-0243"	"../../../requirements/baselines/current-requirements-v1.0.0.md#req-0243"	"仓内光幕不属于安全联锁。 8005 的仓内光幕只形成 SlotOccupancyState，用于判断有物、无…"	"8005 多仓位 AGV 项目；更窄边界以本条文本及来源票据为准"	"MVP 直接必须"	"MVP 直接必须"	"复核 02～11 票最终决议后保留候选结论：该条直接约束单 WIRE_TO_GATE 旅程的故障、载货恢复与物理安全；候选纳入首期，精确字段/状态仍由决定 MVP 多仓容量、安全联锁与异常恢复最小集 (../issues/05-decide-minimum-multislot-safety-and-recovery-set.md)收口。"	"StationOperationGuard→逐仓物理闭环→断联/故障收敛→可唯一解释恢复"	"误删会使故障、载货恢复与物理安全主旅程或现场验收无法闭环，并可能造成重复执行、错误站点/仓位或不可证明完成。"	"掌握业务阻断、恢复授权和任务/货物绑定。"	"独占 IO、安全收尾、日志与恢复现场交互。"	"需要断联收敛、逐仓结果、未知状态和 RecoveryHandshake 对账。"	"决定 MVP 多仓容量、安全联锁与异常恢复最小集 (../issues/05-decide-minimum-multislot-safety-and-recovery-set.md)"
"REQ-0244"	"../../../requirements/baselines/current-requirements-v1.0.0.md#req-0244"	"仓门安全以“明确证明锁闭”为准。 8005 没有独立门磁，不能直接观测仓门打开或关闭；只有有效锁反馈明确证明…"	"8005 多仓位 AGV 项目；更窄边界以本条文本及来源票据为准"	"MVP 直接必须"	"MVP 直接必须"	"复核 02～11 票最终决议后保留候选结论：该条直接约束单 WIRE_TO_GATE 旅程的故障、载货恢复与物理安全；候选纳入首期，精确字段/状态仍由决定 MVP 多仓容量、安全联锁与异常恢复最小集 (../issues/05-decide-minimum-multislot-safety-and-recovery-set.md)收口。"	"StationOperationGuard→逐仓物理闭环→断联/故障收敛→可唯一解释恢复"	"误删会使故障、载货恢复与物理安全主旅程或现场验收无法闭环，并可能造成重复执行、错误站点/仓位或不可证明完成。"	"掌握业务阻断、恢复授权和任务/货物绑定。"	"独占 IO、安全收尾、日志与恢复现场交互。"	"需要断联收敛、逐仓结果、未知状态和 RecoveryHandshake 对账。"	"决定 MVP 多仓容量、安全联锁与异常恢复最小集 (../issues/05-decide-minimum-multislot-safety-and-recovery-set.md)"
"REQ-0245"	"../../../requirements/baselines/current-requirements-v1.0.0.md#req-0245"	"仓门未锁闭采用三层处置。 已授权正常装卸开仓只维持 StationOperationGuard，不告警、不急…"	"8005 多仓位 AGV 项目；更窄边界以本条文本及来源票据为准"	"MVP 直接必须"	"MVP 直接必须"	"复核 02～11 票最终决议后保留候选结论：该条直接约束单 WIRE_TO_GATE 旅程的故障、载货恢复与物理安全；候选纳入首期，精确字段/状态仍由决定 MVP 多仓容量、安全联锁与异常恢复最小集 (../issues/05-decide-minimum-multislot-safety-and-recovery-set.md)收口。"	"StationOperationGuard→逐仓物理闭环→断联/故障收敛→可唯一解释恢复"	"误删会使故障、载货恢复与物理安全主旅程或现场验收无法闭环，并可能造成重复执行、错误站点/仓位或不可证明完成。"	"掌握业务阻断、恢复授权和任务/货物绑定。"	"独占 IO、安全收尾、日志与恢复现场交互。"	"需要断联收敛、逐仓结果、未知状态和 RecoveryHandshake 对账。"	"决定 MVP 多仓容量、安全联锁与异常恢复最小集 (../issues/05-decide-minimum-multislot-safety-and-recovery-set.md)"
"REQ-0246"	"../../../requirements/baselines/current-requirements-v1.0.0.md#req-0246"	"无法证明停车时立即升级，不等待固定超时。 当仓门未能证明安全锁闭，或疑似车辆故障阻断/车辆故障隔离已经要求停…"	"8005 多仓位 AGV 项目；更窄边界以本条文本及来源票据为准"	"MVP 直接必须"	"MVP 直接必须"	"复核 02～11 票最终决议后保留候选结论：该条直接约束单 WIRE_TO_GATE 旅程的故障、载货恢复与物理安全；候选纳入首期，精确字段/状态仍由决定 MVP 多仓容量、安全联锁与异常恢复最小集 (../issues/05-decide-minimum-multislot-safety-and-recovery-set.md)收口。"	"StationOperationGuard→逐仓物理闭环→断联/故障收敛→可唯一解释恢复"	"误删会使故障、载货恢复与物理安全主旅程或现场验收无法闭环，并可能造成重复执行、错误站点/仓位或不可证明完成。"	"掌握业务阻断、恢复授权和任务/货物绑定。"	"独占 IO、安全收尾、日志与恢复现场交互。"	"需要断联收敛、逐仓结果、未知状态和 RecoveryHandshake 对账。"	"决定 MVP 多仓容量、安全联锁与异常恢复最小集 (../issues/05-decide-minimum-multislot-safety-and-recovery-set.md)"
"REQ-0247"	"../../../requirements/baselines/current-requirements-v1.0.0.md#req-0247"	"停稳必须依靠正面组合证据。 订单 HELD、急停状态或单次查询均不能单独构成停稳证明；必须同时取得新鲜且明确…"	"8005 多仓位 AGV 项目；更窄边界以本条文本及来源票据为准"	"MVP 直接必须"	"MVP 直接必须"	"复核 02～11 票最终决议后保留候选结论：该条直接约束单 WIRE_TO_GATE 旅程的故障、载货恢复与物理安全；候选纳入首期，精确字段/状态仍由决定 MVP 多仓容量、安全联锁与异常恢复最小集 (../issues/05-decide-minimum-multislot-safety-and-recovery-set.md)收口。"	"StationOperationGuard→逐仓物理闭环→断联/故障收敛→可唯一解释恢复"	"误删会使故障、载货恢复与物理安全主旅程或现场验收无法闭环，并可能造成重复执行、错误站点/仓位或不可证明完成。"	"掌握业务阻断、恢复授权和任务/货物绑定。"	"独占 IO、安全收尾、日志与恢复现场交互。"	"需要断联收敛、逐仓结果、未知状态和 RecoveryHandshake 对账。"	"决定 MVP 多仓容量、安全联锁与异常恢复最小集 (../issues/05-decide-minimum-multislot-safety-and-recovery-set.md)"
"REQ-0248"	"../../../requirements/baselines/current-requirements-v1.0.0.md#req-0248"	"急停调用按状态重试并保留现场兜底。 急停状态未确认前按受控退避持续重试 triggerEmergency 并…"	"8005 多仓位 AGV 项目；更窄边界以本条文本及来源票据为准"	"MVP 直接必须"	"MVP 直接必须"	"复核 02～11 票最终决议后保留候选结论：该条直接约束单 WIRE_TO_GATE 旅程的故障、载货恢复与物理安全；候选纳入首期，精确字段/状态仍由决定 MVP 多仓容量、安全联锁与异常恢复最小集 (../issues/05-decide-minimum-multislot-safety-and-recovery-set.md)收口。"	"StationOperationGuard→逐仓物理闭环→断联/故障收敛→可唯一解释恢复"	"误删会使故障、载货恢复与物理安全主旅程或现场验收无法闭环，并可能造成重复执行、错误站点/仓位或不可证明完成。"	"掌握业务阻断、恢复授权和任务/货物绑定。"	"独占 IO、安全收尾、日志与恢复现场交互。"	"需要断联收敛、逐仓结果、未知状态和 RecoveryHandshake 对账。"	"决定 MVP 多仓容量、安全联锁与异常恢复最小集 (../issues/05-decide-minimum-multislot-safety-and-recovery-set.md)"
"REQ-0249"	"../../../requirements/baselines/current-requirements-v1.0.0.md#req-0249"	"发起急停遵循“停车宽、恢复严”。 系统满足条件时自动触发，不需要人工授权；现场人员可从车载端无需登录地为本车…"	"8005 多仓位 AGV 项目；更窄边界以本条文本及来源票据为准"	"MVP 直接必须"	"MVP 直接必须"	"复核 02～11 票最终决议后保留候选结论：该条直接约束单 WIRE_TO_GATE 旅程的故障、载货恢复与物理安全；候选纳入首期，精确字段/状态仍由决定 MVP 多仓容量、安全联锁与异常恢复最小集 (../issues/05-decide-minimum-multislot-safety-and-recovery-set.md)收口。"	"StationOperationGuard→逐仓物理闭环→断联/故障收敛→可唯一解释恢复"	"误删会使故障、载货恢复与物理安全主旅程或现场验收无法闭环，并可能造成重复执行、错误站点/仓位或不可证明完成。"	"掌握业务阻断、恢复授权和任务/货物绑定。"	"独占 IO、安全收尾、日志与恢复现场交互。"	"需要断联收敛、逐仓结果、未知状态和 RecoveryHandshake 对账。"	"决定 MVP 多仓容量、安全联锁与异常恢复最小集 (../issues/05-decide-minimum-multislot-safety-and-recovery-set.md)"
"REQ-0250"	"../../../requirements/baselines/current-requirements-v1.0.0.md#req-0250"	"当前只有三种人员访问身份。 操作员通过手工输入工号形成本站操作者声明；维护管理员和系统管理员通过个人账号密码…"	"8005 多仓位 AGV 项目；更窄边界以本条文本及来源票据为准"	"MVP 直接必须"	"MVP 直接必须"	"复核 02～11 票最终决议后保留候选结论：操作员工号和两个具名管理员身份是正常操作、异常恢复和试运行证据的直接身份边界。"	"人员身份/权限→敏感操作授权→不可改写审计→异常处置交接"	"误删会使人员身份、管理员与审计主旅程或现场验收无法闭环，并可能造成重复执行、错误站点/仓位或不可证明完成。"	"提供身份、权限、审计和版本化仓位配置权威。"	"执行身份核验并消费只读布局/IO 绑定。"	"只交换最小身份、授权结果与配置身份，不同步管理界面。"	"决定 MVP 多仓容量、安全联锁与异常恢复最小集 (../issues/05-decide-minimum-multislot-safety-and-recovery-set.md)"
"REQ-0251"	"../../../requirements/baselines/current-requirements-v1.0.0.md#req-0251"	"系统管理员是软件维护人员的最高权限角色。 SystemAdministrator 拥有全部 8005 系统权…"	"8005 多仓位 AGV 项目；更窄边界以本条文本及来源票据为准"	"首期延后"	"MVP 交互／安全依赖"	"SystemAdministrator 的角色身份、异常恢复资格和不得覆盖安全事实的边界适用；完整账号、配置、版本维护产品面首期延后。"	"人员身份/权限→敏感操作授权→不可改写审计→异常处置交接"	"过早纳入会扩大首期和联调面；若后续证明它是安全/验收必要链却未升级，则会形成隐藏缺口。"	"提供身份、权限、审计和版本化仓位配置权威。"	"执行身份核验并消费只读布局/IO 绑定。"	"只交换最小身份、授权结果与配置身份，不同步管理界面。"	"决定 MVP 多仓容量、安全联锁与异常恢复最小集 (../issues/05-decide-minimum-multislot-safety-and-recovery-set.md)"
"REQ-0252"	"../../../requirements/baselines/current-requirements-v1.0.0.md#req-0252"	"管理员必须一人一号且单会话。 每个管理员账号唯一绑定一名自然人，只授予维护管理员或系统管理员之一；禁止多人共…"	"8005 多仓位 AGV 项目；更窄边界以本条文本及来源票据为准"	"首期延后"	"MVP 直接必须"	"试运行和最小异常恢复至少需要一个不共享的个人管理员账号；一人一号、单活动会话和替换审计直接适用。"	"人员身份/权限→敏感操作授权→不可改写审计→异常处置交接"	"过早纳入会扩大首期和联调面；若后续证明它是安全/验收必要链却未升级，则会形成隐藏缺口。"	"提供身份、权限、审计和版本化仓位配置权威。"	"执行身份核验并消费只读布局/IO 绑定。"	"只交换最小身份、授权结果与配置身份，不同步管理界面。"	"决定 MVP 多仓容量、安全联锁与异常恢复最小集 (../issues/05-decide-minimum-multislot-safety-and-recovery-set.md)"
"REQ-0253"	"../../../requirements/baselines/current-requirements-v1.0.0.md#req-0253"	"统一异常处置权限随两个管理员角色授予。 ExceptionRecoveryPermission 不再按 R-…"	"8005 多仓位 AGV 项目；更窄边界以本条文本及来源票据为准"	"MVP 交互／安全依赖"	"MVP 直接必须"	"最小 ExceptionRecoverySession 明确由 MaintenanceAdministrator 或 SystemAdministrator 以个人账号独立操作，普通操作员无权恢复。"	"人员身份/权限→敏感操作授权→不可改写审计→异常处置交接"	"误删可能让人员身份、管理员与审计出现权威分叉、物理状态猜测、断联后重复副作用或无法恢复；误当完整首期功能则扩大范围。"	"提供身份、权限、审计和版本化仓位配置权威。"	"执行身份核验并消费只读布局/IO 绑定。"	"只交换最小身份、授权结果与配置身份，不同步管理界面。"	"决定 MVP 多仓容量、安全联锁与异常恢复最小集 (../issues/05-decide-minimum-multislot-safety-and-recovery-set.md)"
"REQ-0254"	"../../../requirements/baselines/current-requirements-v1.0.0.md#req-0254"	"票据 62 的专门权限并入管理员角色。 系统事实不足时的“充不上现场确认”、人工清桩确认和充电桩恢复确认均可…"	"8005 多仓位 AGV 项目；更窄边界以本条文本及来源票据为准"	"首期延后"	"本场景不适用"	"充不上现场确认、人工清桩和充电桩恢复属于自动充电/充电桩产品面；MVP 仅保留人工充电 Hold 与重新投运。"	"人员身份/权限→敏感操作授权→不可改写审计→异常处置交接"	"过早纳入会扩大首期和联调面；若后续证明它是安全/验收必要链却未升级，则会形成隐藏缺口。"	"提供身份、权限、审计和版本化仓位配置权威。"	"执行身份核验并消费只读布局/IO 绑定。"	"只交换最小身份、授权结果与配置身份，不同步管理界面。"	"决定 MVP 多仓容量、安全联锁与异常恢复最小集 (../issues/05-decide-minimum-multislot-safety-and-recovery-set.md)"
"REQ-0255"	"../../../requirements/baselines/current-requirements-v1.0.0.md#req-0255"	"所有管理员操作形成不可改写审计。 每次查看或变更记录个人账号、当时角色与登录会话、时间、终端及来源地址、操作…"	"8005 多仓位 AGV 项目；更窄边界以本条文本及来源票据为准"	"MVP 交互／安全依赖"	"MVP 交互／安全依赖"	"复核 02～11 票最终决议后保留候选结论：不要求在首期重建该条全部产品面，但人员身份、管理员与审计中的事实、门禁或恢复语义是本旅程正确性/安全性的前置依赖；由决定 MVP 多仓容量、安全联锁与异常恢复最小集 (../issues/05-decide-minimum-multislot-safety-and-recovery-set.md)确认最小保留部分。"	"人员身份/权限→敏感操作授权→不可改写审计→异常处置交接"	"误删可能让人员身份、管理员与审计出现权威分叉、物理状态猜测、断联后重复副作用或无法恢复；误当完整首期功能则扩大范围。"	"提供身份、权限、审计和版本化仓位配置权威。"	"执行身份核验并消费只读布局/IO 绑定。"	"只交换最小身份、授权结果与配置身份，不同步管理界面。"	"决定 MVP 多仓容量、安全联锁与异常恢复最小集 (../issues/05-decide-minimum-multislot-safety-and-recovery-set.md)"
"REQ-0256"	"../../../requirements/baselines/current-requirements-v1.0.0.md#req-0256"	"系统管理员可以立即撤权。 创建账号、调整角色和停用账号只属于系统管理员；停用账号或降低角色后，该账号的活动登…"	"8005 多仓位 AGV 项目；更窄边界以本条文本及来源票据为准"	"首期延后"	"首期延后"	"复核 02～11 票最终决议后保留候选结论：该条属于长期人员身份、管理员与审计能力或完整治理面，指定单车、单图、单 Demand 试运行无需先实现；若后续决策证明进入必要链再升级。"	"人员身份/权限→敏感操作授权→不可改写审计→异常处置交接"	"过早纳入会扩大首期和联调面；若后续证明它是安全/验收必要链却未升级，则会形成隐藏缺口。"	"提供身份、权限、审计和版本化仓位配置权威。"	"执行身份核验并消费只读布局/IO 绑定。"	"只交换最小身份、授权结果与配置身份，不同步管理界面。"	"决定 MVP 多仓容量、安全联锁与异常恢复最小集 (../issues/05-decide-minimum-multislot-safety-and-recovery-set.md)"
"REQ-0257"	"../../../requirements/baselines/current-requirements-v1.0.0.md#req-0257"	"单仓与整车采用两层模板。 SlotTemplate 是可供多个仓位共同引用的受控业务规格，只定义长、宽、高和…"	"8005 多仓位 AGV 项目；更窄边界以本条文本及来源票据为准"	"MVP 交互／安全依赖"	"MVP 交互／安全依赖"	"复核 02～11 票最终决议后保留候选结论：不要求在首期重建该条全部产品面，但仓位模型、IO 配置与投运中的事实、门禁或恢复语义是本旅程正确性/安全性的前置依赖；由决定 MVP 多仓容量、安全联锁与异常恢复最小集 (../issues/05-decide-minimum-multislot-safety-and-recovery-set.md)确认最小保留部分。"	"SlotModel/IO 配置身份→车载快照→投运核验→仓位资格与物理执行"	"误删可能让仓位模型、IO 配置与投运出现权威分叉、物理状态猜测、断联后重复副作用或无法恢复；误当完整首期功能则扩大范围。"	"提供身份、权限、审计和版本化仓位配置权威。"	"执行身份核验并消费只读布局/IO 绑定。"	"只交换最小身份、授权结果与配置身份，不同步管理界面。"	"决定 MVP 多仓容量、安全联锁与异常恢复最小集 (../issues/05-decide-minimum-multislot-safety-and-recovery-set.md)"
"REQ-0258"	"../../../requirements/baselines/current-requirements-v1.0.0.md#req-0258"	"服务端是唯一权威维护入口。 ControlServer 保存并发布 SlotTemplate、Vehicle…"	"8005 多仓位 AGV 项目；更窄边界以本条文本及来源票据为准"	"MVP 直接必须"	"MVP 交互／安全依赖"	"MVP 必须消费服务端发布的仓位模型/配置身份并禁止车载平行改业务模型；ConfigurationMaintenanceConsole 编辑、复制、提交和激活 UI 不进入首期。"	"SlotModel/IO 配置身份→车载快照→投运核验→仓位资格与物理执行"	"误删会使仓位模型、IO 配置与投运主旅程或现场验收无法闭环，并可能造成重复执行、错误站点/仓位或不可证明完成。"	"提供身份、权限、审计和版本化仓位配置权威。"	"执行身份核验并消费只读布局/IO 绑定。"	"只交换最小身份、授权结果与配置身份，不同步管理界面。"	"决定 MVP 多仓容量、安全联锁与异常恢复最小集 (../issues/05-decide-minimum-multislot-safety-and-recovery-set.md)"
"REQ-0259"	"../../../requirements/baselines/current-requirements-v1.0.0.md#req-0259"	"新 AGV 可以先登记，但不能带着缺口投运。 不要求接入当天完成 IO 录入；然而已发布模型中的全部仓位必须…"	"8005 多仓位 AGV 项目；更窄边界以本条文本及来源票据为准"	"MVP 交互／安全依赖"	"MVP 交互／安全依赖"	"复核 02～11 票最终决议后保留候选结论：不要求在首期重建该条全部产品面，但仓位模型、IO 配置与投运中的事实、门禁或恢复语义是本旅程正确性/安全性的前置依赖；由决定 MVP 多仓容量、安全联锁与异常恢复最小集 (../issues/05-decide-minimum-multislot-safety-and-recovery-set.md)确认最小保留部分。"	"SlotModel/IO 配置身份→车载快照→投运核验→仓位资格与物理执行"	"误删可能让仓位模型、IO 配置与投运出现权威分叉、物理状态猜测、断联后重复副作用或无法恢复；误当完整首期功能则扩大范围。"	"提供身份、权限、审计和版本化仓位配置权威。"	"执行身份核验并消费只读布局/IO 绑定。"	"只交换最小身份、授权结果与配置身份，不同步管理界面。"	"决定 MVP 多仓容量、安全联锁与异常恢复最小集 (../issues/05-decide-minimum-multislot-safety-and-recovery-set.md)"
"REQ-0260"	"../../../requirements/baselines/current-requirements-v1.0.0.md#req-0260"	"模板资料变更与硬件配置变更分开治理。 只修改 SlotTemplate 长、宽、高或花篮兼容性的 SlotM…"	"8005 多仓位 AGV 项目；更窄边界以本条文本及来源票据为准"	"首期延后"	"首期延后"	"复核 02～11 票最终决议后保留候选结论：该条属于长期仓位模型、IO 配置与投运能力或完整治理面，指定单车、单图、单 Demand 试运行无需先实现；若后续决策证明进入必要链再升级。"	"SlotModel/IO 配置身份→车载快照→投运核验→仓位资格与物理执行"	"过早纳入会扩大首期和联调面；若后续证明它是安全/验收必要链却未升级，则会形成隐藏缺口。"	"提供身份、权限、审计和版本化仓位配置权威。"	"执行身份核验并消费只读布局/IO 绑定。"	"只交换最小身份、授权结果与配置身份，不同步管理界面。"	"决定 MVP 多仓容量、安全联锁与异常恢复最小集 (../issues/05-decide-minimum-multislot-safety-and-recovery-set.md)"
"REQ-0261"	"../../../requirements/baselines/current-requirements-v1.0.0.md#req-0261"	"只有硬件相关变更进入整车维护。 仓位集合、物理编号、SlotPosition、IO 点位、信号极性、传感器或…"	"8005 多仓位 AGV 项目；更窄边界以本条文本及来源票据为准"	"首期延后"	"首期延后"	"复核 02～11 票最终决议后保留候选结论：该条属于长期仓位模型、IO 配置与投运能力或完整治理面，指定单车、单图、单 Demand 试运行无需先实现；若后续决策证明进入必要链再升级。"	"SlotModel/IO 配置身份→车载快照→投运核验→仓位资格与物理执行"	"过早纳入会扩大首期和联调面；若后续证明它是安全/验收必要链却未升级，则会形成隐藏缺口。"	"提供身份、权限、审计和版本化仓位配置权威。"	"执行身份核验并消费只读布局/IO 绑定。"	"只交换最小身份、授权结果与配置身份，不同步管理界面。"	"决定 MVP 多仓容量、安全联锁与异常恢复最小集 (../issues/05-decide-minimum-multislot-safety-and-recovery-set.md)"
"REQ-0262"	"../../../requirements/baselines/current-requirements-v1.0.0.md#req-0262"	"维护和测试依赖服务端在线。 服务端必须在线核验进入门禁并持久化整车配置维护态；车载端不能在断线时自行进入。维…"	"8005 多仓位 AGV 项目；更窄边界以本条文本及来源票据为准"	"MVP 交互／安全依赖"	"MVP 交互／安全依赖"	"复核 02～11 票最终决议后保留候选结论：不要求在首期重建该条全部产品面，但仓位模型、IO 配置与投运中的事实、门禁或恢复语义是本旅程正确性/安全性的前置依赖；由决定 MVP 多仓容量、安全联锁与异常恢复最小集 (../issues/05-decide-minimum-multislot-safety-and-recovery-set.md)确认最小保留部分。"	"SlotModel/IO 配置身份→车载快照→投运核验→仓位资格与物理执行"	"误删可能让仓位模型、IO 配置与投运出现权威分叉、物理状态猜测、断联后重复副作用或无法恢复；误当完整首期功能则扩大范围。"	"提供身份、权限、审计和版本化仓位配置权威。"	"执行身份核验并消费只读布局/IO 绑定。"	"只交换最小身份、授权结果与配置身份，不同步管理界面。"	"决定 MVP 多仓容量、安全联锁与异常恢复最小集 (../issues/05-decide-minimum-multislot-safety-and-recovery-set.md)"
"REQ-0263"	"../../../requirements/baselines/current-requirements-v1.0.0.md#req-0263"	"任何硬件相关变化都重新核验整车。 SlotConfigurationVerification 必须逐仓确认开…"	"8005 多仓位 AGV 项目；更窄边界以本条文本及来源票据为准"	"MVP 交互／安全依赖"	"MVP 交互／安全依赖"	"复核 02～11 票最终决议后保留候选结论：不要求在首期重建该条全部产品面，但仓位模型、IO 配置与投运中的事实、门禁或恢复语义是本旅程正确性/安全性的前置依赖；由决定 MVP 多仓容量、安全联锁与异常恢复最小集 (../issues/05-decide-minimum-multislot-safety-and-recovery-set.md)确认最小保留部分。"	"SlotModel/IO 配置身份→车载快照→投运核验→仓位资格与物理执行"	"误删可能让仓位模型、IO 配置与投运出现权威分叉、物理状态猜测、断联后重复副作用或无法恢复；误当完整首期功能则扩大范围。"	"提供身份、权限、审计和版本化仓位配置权威。"	"执行身份核验并消费只读布局/IO 绑定。"	"只交换最小身份、授权结果与配置身份，不同步管理界面。"	"决定 MVP 多仓容量、安全联锁与异常恢复最小集 (../issues/05-decide-minimum-multislot-safety-and-recovery-set.md)"
"REQ-0264"	"../../../requirements/baselines/current-requirements-v1.0.0.md#req-0264"	"整车配置只能原子激活。 ActiveSlotConfiguration 由一个已发布 SlotModelVe…"	"8005 多仓位 AGV 项目；更窄边界以本条文本及来源票据为准"	"MVP 交互／安全依赖"	"MVP 交互／安全依赖"	"复核 02～11 票最终决议后保留候选结论：不要求在首期重建该条全部产品面，但仓位模型、IO 配置与投运中的事实、门禁或恢复语义是本旅程正确性/安全性的前置依赖；由决定 MVP 多仓容量、安全联锁与异常恢复最小集 (../issues/05-decide-minimum-multislot-safety-and-recovery-set.md)确认最小保留部分。"	"SlotModel/IO 配置身份→车载快照→投运核验→仓位资格与物理执行"	"误删可能让仓位模型、IO 配置与投运出现权威分叉、物理状态猜测、断联后重复副作用或无法恢复；误当完整首期功能则扩大范围。"	"提供身份、权限、审计和版本化仓位配置权威。"	"执行身份核验并消费只读布局/IO 绑定。"	"只交换最小身份、授权结果与配置身份，不同步管理界面。"	"决定 MVP 多仓容量、安全联锁与异常恢复最小集 (../issues/05-decide-minimum-multislot-safety-and-recovery-set.md)"
"REQ-0265"	"../../../requirements/baselines/current-requirements-v1.0.0.md#req-0265"	"一次激活动作包含重新投运意图。 系统管理员点击激活时无需再进行第二次人工审批；车载端原子激活后，服务端只有在…"	"8005 多仓位 AGV 项目；更窄边界以本条文本及来源票据为准"	"MVP 交互／安全依赖"	"MVP 交互／安全依赖"	"复核 02～11 票最终决议后保留候选结论：不要求在首期重建该条全部产品面，但仓位模型、IO 配置与投运中的事实、门禁或恢复语义是本旅程正确性/安全性的前置依赖；由决定 MVP 多仓容量、安全联锁与异常恢复最小集 (../issues/05-decide-minimum-multislot-safety-and-recovery-set.md)确认最小保留部分。"	"SlotModel/IO 配置身份→车载快照→投运核验→仓位资格与物理执行"	"误删可能让仓位模型、IO 配置与投运出现权威分叉、物理状态猜测、断联后重复副作用或无法恢复；误当完整首期功能则扩大范围。"	"提供身份、权限、审计和版本化仓位配置权威。"	"执行身份核验并消费只读布局/IO 绑定。"	"只交换最小身份、授权结果与配置身份，不同步管理界面。"	"决定 MVP 多仓容量、安全联锁与异常恢复最小集 (../issues/05-decide-minimum-multislot-safety-and-recovery-set.md)"
"REQ-0266"	"../../../requirements/baselines/current-requirements-v1.0.0.md#req-0266"	"配置审计必须可还原全过程。 在票据 71 已批准的管理员审计字段之外，仓位配置记录还必须绑定模板、模型和 I…"	"8005 多仓位 AGV 项目；更窄边界以本条文本及来源票据为准"	"首期延后"	"首期延后"	"复核 02～11 票最终决议后保留候选结论：该条属于长期仓位模型、IO 配置与投运能力或完整治理面，指定单车、单图、单 Demand 试运行无需先实现；若后续决策证明进入必要链再升级。"	"SlotModel/IO 配置身份→车载快照→投运核验→仓位资格与物理执行"	"过早纳入会扩大首期和联调面；若后续证明它是安全/验收必要链却未升级，则会形成隐藏缺口。"	"提供身份、权限、审计和版本化仓位配置权威。"	"执行身份核验并消费只读布局/IO 绑定。"	"只交换最小身份、授权结果与配置身份，不同步管理界面。"	"决定 MVP 多仓容量、安全联锁与异常恢复最小集 (../issues/05-decide-minimum-multislot-safety-and-recovery-set.md)"
"REQ-0267"	"../../../requirements/baselines/current-requirements-v1.0.0.md#req-0267"	"8005 已批准硬件事实保持版本化不可改写。 当前 8005 全部 AGV 的八仓配置继续以 DO1～DO8…"	"8005 多仓位 AGV 项目；更窄边界以本条文本及来源票据为准"	"MVP 直接必须"	"MVP 直接必须"	"复核 02～11 票最终决议后保留候选结论：八仓物理事实直接决定本 MVP 多仓容量、IO 核验和现场配置身份。"	"SlotModel/IO 配置身份→车载快照→投运核验→仓位资格与物理执行"	"误删会使仓位模型、IO 配置与投运主旅程或现场验收无法闭环，并可能造成重复执行、错误站点/仓位或不可证明完成。"	"提供身份、权限、审计和版本化仓位配置权威。"	"执行身份核验并消费只读布局/IO 绑定。"	"只交换最小身份、授权结果与配置身份，不同步管理界面。"	"决定 MVP 多仓容量、安全联锁与异常恢复最小集 (../issues/05-decide-minimum-multislot-safety-and-recovery-set.md)"
"REQ-0268"	"../../../requirements/baselines/current-requirements-v1.0.0.md#req-0268"	"车队与仓位看板采用统一的 2 秒刷新节奏。 看板每 2 秒从 ControlServer 获取一次最新状态并…"	"8005 多仓位 AGV 项目；更窄边界以本条文本及来源票据为准"	"首期延后"	"首期延后"	"复核 02～11 票最终决议后保留候选结论：该条属于长期状态展示、日志与账号策略能力或完整治理面，指定单车、单图、单 Demand 试运行无需先实现；若后续决策证明进入必要链再升级。"	"当前事实/账号策略→HMI 状态与操作权限→日志/审计证据"	"过早纳入会扩大首期和联调面；若后续证明它是安全/验收必要链却未升级，则会形成隐藏缺口。"	"提供当前状态、权限裁决和审计留存。"	"显示可行动状态并保存技术/执行日志。"	"定义诊断/状态快照字段和敏感操作拒绝码。"	"决定 MVP 多仓容量、安全联锁与异常恢复最小集 (../issues/05-decide-minimum-multislot-safety-and-recovery-set.md)"
"REQ-0269"	"../../../requirements/baselines/current-requirements-v1.0.0.md#req-0269"	"不可取得当前事实时直接表达原因，不引入“已过期”展示状态。 对应设备连接失败时显示“设备连接失败”，连接正常…"	"8005 多仓位 AGV 项目；更窄边界以本条文本及来源票据为准"	"MVP 直接必须"	"MVP 直接必须"	"复核 02～11 票最终决议后保留候选结论：该条直接约束单 WIRE_TO_GATE 旅程的状态展示、日志与账号策略；候选纳入首期，精确字段/状态仍由决定 MVP 多仓容量、安全联锁与异常恢复最小集 (../issues/05-decide-minimum-multislot-safety-and-recovery-set.md)收口。"	"当前事实/账号策略→HMI 状态与操作权限→日志/审计证据"	"误删会使状态展示、日志与账号策略主旅程或现场验收无法闭环，并可能造成重复执行、错误站点/仓位或不可证明完成。"	"提供当前状态、权限裁决和审计留存。"	"显示可行动状态并保存技术/执行日志。"	"定义诊断/状态快照字段和敏感操作拒绝码。"	"决定 MVP 多仓容量、安全联锁与异常恢复最小集 (../issues/05-decide-minimum-multislot-safety-and-recovery-set.md)"
"REQ-0270"	"../../../requirements/baselines/current-requirements-v1.0.0.md#req-0270"	"告警可见对象按当前访问模型收敛。 与当前 AGV、当前停靠或当前操作直接相关的告警显示在对应 Onboard…"	"8005 多仓位 AGV 项目；更窄边界以本条文本及来源票据为准"	"MVP 直接必须"	"MVP 直接必须"	"复核 02～11 票最终决议后保留候选结论：该条直接约束单 WIRE_TO_GATE 旅程的状态展示、日志与账号策略；候选纳入首期，精确字段/状态仍由决定 MVP 多仓容量、安全联锁与异常恢复最小集 (../issues/05-decide-minimum-multislot-safety-and-recovery-set.md)收口。"	"当前事实/账号策略→HMI 状态与操作权限→日志/审计证据"	"误删会使状态展示、日志与账号策略主旅程或现场验收无法闭环，并可能造成重复执行、错误站点/仓位或不可证明完成。"	"提供当前状态、权限裁决和审计留存。"	"显示可行动状态并保存技术/执行日志。"	"定义诊断/状态快照字段和敏感操作拒绝码。"	"决定 MVP 多仓容量、安全联锁与异常恢复最小集 (../issues/05-decide-minimum-multislot-safety-and-recovery-set.md)"
"REQ-0271"	"../../../requirements/baselines/current-requirements-v1.0.0.md#req-0271"	"服务端业务与管理员审计至少在线保留 180 天。 BusinessAuditRecord 与 Adminis…"	"8005 多仓位 AGV 项目；更窄边界以本条文本及来源票据为准"	"MVP 交互／安全依赖"	"MVP 交互／安全依赖"	"复核 02～11 票最终决议后保留候选结论：不要求在首期重建该条全部产品面，但状态展示、日志与账号策略中的事实、门禁或恢复语义是本旅程正确性/安全性的前置依赖；由决定 MVP 多仓容量、安全联锁与异常恢复最小集 (../issues/05-decide-minimum-multislot-safety-and-recovery-set.md)确认最小保留部分。"	"当前事实/账号策略→HMI 状态与操作权限→日志/审计证据"	"误删可能让状态展示、日志与账号策略出现权威分叉、物理状态猜测、断联后重复副作用或无法恢复；误当完整首期功能则扩大范围。"	"提供当前状态、权限裁决和审计留存。"	"显示可行动状态并保存技术/执行日志。"	"定义诊断/状态快照字段和敏感操作拒绝码。"	"决定 MVP 多仓容量、安全联锁与异常恢复最小集 (../issues/05-decide-minimum-multislot-safety-and-recovery-set.md)"
"REQ-0272"	"../../../requirements/baselines/current-requirements-v1.0.0.md#req-0272"	"车载技术日志至少保留 30 天。 OnboardTechnicalLog 覆盖 IO 通信、信号变化、安全判…"	"8005 多仓位 AGV 项目；更窄边界以本条文本及来源票据为准"	"MVP 交互／安全依赖"	"MVP 交互／安全依赖"	"复核 02～11 票最终决议后保留候选结论：不要求在首期重建该条全部产品面，但状态展示、日志与账号策略中的事实、门禁或恢复语义是本旅程正确性/安全性的前置依赖；由决定 MVP 多仓容量、安全联锁与异常恢复最小集 (../issues/05-decide-minimum-multislot-safety-and-recovery-set.md)确认最小保留部分。"	"当前事实/账号策略→HMI 状态与操作权限→日志/审计证据"	"误删可能让状态展示、日志与账号策略出现权威分叉、物理状态猜测、断联后重复副作用或无法恢复；误当完整首期功能则扩大范围。"	"提供当前状态、权限裁决和审计留存。"	"显示可行动状态并保存技术/执行日志。"	"定义诊断/状态快照字段和敏感操作拒绝码。"	"决定 MVP 多仓容量、安全联锁与异常恢复最小集 (../issues/05-decide-minimum-multislot-safety-and-recovery-set.md)"
"REQ-0273"	"../../../requirements/baselines/current-requirements-v1.0.0.md#req-0273"	"不建立泄露、找回或强制重置流程。 当前版本不考虑密码疑似泄露后的专门处置，不提供账号找回或独立强制重置流程；…"	"8005 多仓位 AGV 项目；更窄边界以本条文本及来源票据为准"	"首期延后"	"首期延后"	"复核 02～11 票最终决议后保留候选结论：该条属于长期状态展示、日志与账号策略能力或完整治理面，指定单车、单图、单 Demand 试运行无需先实现；若后续决策证明进入必要链再升级。"	"当前事实/账号策略→HMI 状态与操作权限→日志/审计证据"	"过早纳入会扩大首期和联调面；若后续证明它是安全/验收必要链却未升级，则会形成隐藏缺口。"	"提供当前状态、权限裁决和审计留存。"	"显示可行动状态并保存技术/执行日志。"	"定义诊断/状态快照字段和敏感操作拒绝码。"	"决定 MVP 多仓容量、安全联锁与异常恢复最小集 (../issues/05-decide-minimum-multislot-safety-and-recovery-set.md)"
"REQ-0274"	"../../../requirements/baselines/current-requirements-v1.0.0.md#req-0274"	"密码只能由系统管理员设置。 SystemAdministrator 可以设置自己的密码以及维护管理员、其他系…"	"8005 多仓位 AGV 项目；更窄边界以本条文本及来源票据为准"	"首期延后"	"首期延后"	"复核 02～11 票最终决议后保留候选结论：该条属于长期状态展示、日志与账号策略能力或完整治理面，指定单车、单图、单 Demand 试运行无需先实现；若后续决策证明进入必要链再升级。"	"当前事实/账号策略→HMI 状态与操作权限→日志/审计证据"	"过早纳入会扩大首期和联调面；若后续证明它是安全/验收必要链却未升级，则会形成隐藏缺口。"	"提供当前状态、权限裁决和审计留存。"	"显示可行动状态并保存技术/执行日志。"	"定义诊断/状态快照字段和敏感操作拒绝码。"	"决定 MVP 多仓容量、安全联锁与异常恢复最小集 (../issues/05-decide-minimum-multislot-safety-and-recovery-set.md)"
"REQ-0275"	"../../../requirements/baselines/current-requirements-v1.0.0.md#req-0275"	"首次改密仅用于部署初始化。 首次部署创建一个绑定具名自然人的系统管理员个人账号，并为其提供临时初始密码；该系…"	"8005 多仓位 AGV 项目；更窄边界以本条文本及来源票据为准"	"首期延后"	"首期延后"	"复核 02～11 票最终决议后保留候选结论：该条属于长期状态展示、日志与账号策略能力或完整治理面，指定单车、单图、单 Demand 试运行无需先实现；若后续决策证明进入必要链再升级。"	"当前事实/账号策略→HMI 状态与操作权限→日志/审计证据"	"过早纳入会扩大首期和联调面；若后续证明它是安全/验收必要链却未升级，则会形成隐藏缺口。"	"提供当前状态、权限裁决和审计留存。"	"显示可行动状态并保存技术/执行日志。"	"定义诊断/状态快照字段和敏感操作拒绝码。"	"决定 MVP 多仓容量、安全联锁与异常恢复最小集 (../issues/05-decide-minimum-multislot-safety-and-recovery-set.md)"
"REQ-0276"	"../../../requirements/baselines/current-requirements-v1.0.0.md#req-0276"	"基础密码格式固定且不做可配置增强。 密码长度为 6～20 个字符，至少包含一个英文字母和一个数字，不得等于或…"	"8005 多仓位 AGV 项目；更窄边界以本条文本及来源票据为准"	"首期延后"	"MVP 交互／安全依赖"	"预建个人管理员账号仍须遵守已批准的基础密码有效性；可配置增强、找回和完整账号生命周期产品面延后。"	"当前事实/账号策略→HMI 状态与操作权限→日志/审计证据"	"过早纳入会扩大首期和联调面；若后续证明它是安全/验收必要链却未升级，则会形成隐藏缺口。"	"提供当前状态、权限裁决和审计留存。"	"显示可行动状态并保存技术/执行日志。"	"定义诊断/状态快照字段和敏感操作拒绝码。"	"决定 MVP 多仓容量、安全联锁与异常恢复最小集 (../issues/05-decide-minimum-multislot-safety-and-recovery-set.md)"
"REQ-0277"	"../../../requirements/baselines/current-requirements-v1.0.0.md#req-0277"	"设置新密码不联动当前会话。 系统管理员为已有账号设置新密码后，新密码从该账号下一次登录开始使用；该账号已经建…"	"8005 多仓位 AGV 项目；更窄边界以本条文本及来源票据为准"	"首期延后"	"首期延后"	"复核 02～11 票最终决议后保留候选结论：该条属于长期状态展示、日志与账号策略能力或完整治理面，指定单车、单图、单 Demand 试运行无需先实现；若后续决策证明进入必要链再升级。"	"当前事实/账号策略→HMI 状态与操作权限→日志/审计证据"	"过早纳入会扩大首期和联调面；若后续证明它是安全/验收必要链却未升级，则会形成隐藏缺口。"	"提供当前状态、权限裁决和审计留存。"	"显示可行动状态并保存技术/执行日志。"	"定义诊断/状态快照字段和敏感操作拒绝码。"	"决定 MVP 多仓容量、安全联锁与异常恢复最小集 (../issues/05-decide-minimum-multislot-safety-and-recovery-set.md)"
"REQ-0278"	"../../../requirements/baselines/current-requirements-v1.0.0.md#req-0278"	"管理员登录会话不自动超时。 MaintenanceAdministrator 与 SystemAdminis…"	"8005 多仓位 AGV 项目；更窄边界以本条文本及来源票据为准"	"首期延后"	"MVP 交互／安全依赖"	"目标硬件操作和异常处置使用真实管理员登录，会话只能沿已批准明确边界结束；首期不另造自动超时语义。"	"当前事实/账号策略→HMI 状态与操作权限→日志/审计证据"	"过早纳入会扩大首期和联调面；若后续证明它是安全/验收必要链却未升级，则会形成隐藏缺口。"	"提供当前状态、权限裁决和审计留存。"	"显示可行动状态并保存技术/执行日志。"	"定义诊断/状态快照字段和敏感操作拒绝码。"	"决定 MVP 多仓容量、安全联锁与异常恢复最小集 (../issues/05-decide-minimum-multislot-safety-and-recovery-set.md)"
"REQ-0279"	"../../../requirements/baselines/current-requirements-v1.0.0.md#req-0279"	"异常处置会话也不设置空闲超时。 ExceptionRecoverySession 只在人员交接、切换车辆、扩…"	"8005 多仓位 AGV 项目；更窄边界以本条文本及来源票据为准"	"首期延后"	"MVP 交互／安全依赖"	"最小 ExceptionRecoverySession 必须跨短暂断线保留原人员、事件与范围并继续对账，不能因空闲超时释放安全阻断。"	"当前事实/账号策略→HMI 状态与操作权限→日志/审计证据"	"过早纳入会扩大首期和联调面；若后续证明它是安全/验收必要链却未升级，则会形成隐藏缺口。"	"提供当前状态、权限裁决和审计留存。"	"显示可行动状态并保存技术/执行日志。"	"定义诊断/状态快照字段和敏感操作拒绝码。"	"决定 MVP 多仓容量、安全联锁与异常恢复最小集 (../issues/05-decide-minimum-multislot-safety-and-recovery-set.md)"
"REQ-0280"	"../../../requirements/baselines/current-requirements-v1.0.0.md#req-0280"	"密码设置沿用不可改写审计。 每次密码设置记录执行系统管理员的个人账号、当时角色和登录会话、目标账号、时间、终…"	"8005 多仓位 AGV 项目；更窄边界以本条文本及来源票据为准"	"首期延后"	"首期延后"	"复核 02～11 票最终决议后保留候选结论：该条属于长期状态展示、日志与账号策略能力或完整治理面，指定单车、单图、单 Demand 试运行无需先实现；若后续决策证明进入必要链再升级。"	"当前事实/账号策略→HMI 状态与操作权限→日志/审计证据"	"过早纳入会扩大首期和联调面；若后续证明它是安全/验收必要链却未升级，则会形成隐藏缺口。"	"提供当前状态、权限裁决和审计留存。"	"显示可行动状态并保存技术/执行日志。"	"定义诊断/状态快照字段和敏感操作拒绝码。"	"决定 MVP 多仓容量、安全联锁与异常恢复最小集 (../issues/05-decide-minimum-multislot-safety-and-recovery-set.md)"
"REQ-0281"	"../../../requirements/baselines/current-requirements-v1.0.0.md#req-0281"	"三个电量阈值具有不同判定时点并满足硬关系。 DispatchBatteryEligibility 使用预计任…"	"8005 多仓位 AGV 项目；更窄边界以本条文本及来源票据为准"	"MVP 直接必须"	"MVP 直接必须"	"复核 02～11 票最终决议后保留候选结论：即使不做自动充电，也必须固定新任务电量准入与人工充电后恢复业务就绪的阈值关系。"	"电量事实→新任务准入或人工充电等待；自动充电/空闲返回在范围外"	"误删会使电量、自动充电与空闲返回主旅程或现场验收无法闭环，并可能造成重复执行、错误站点/仓位或不可证明完成。"	"以电量门禁阻断新任务并提示人工充电。"	"展示低电量等待与恢复业务就绪。"	"只需要电量阻断/就绪状态；无自动充电或空闲返回消息。"	"决定 MVP RIoT 移动、建单对账与人工充电边界 (../issues/06-decide-riot-movement-order-reconciliation-and-manual-charging-boundary.md)"
"REQ-0282"	"../../../requirements/baselines/current-requirements-v1.0.0.md#req-0282"	"ChargingPolicyVersion 受证据批准且按周期冻结。 需求基线只固定语义、关系与治理，不虚构…"	"8005 多仓位 AGV 项目；更窄边界以本条文本及来源票据为准"	"MVP 交互／安全依赖"	"MVP 交互／安全依赖"	"复核 02～11 票最终决议后保留候选结论：不要求在首期重建该条全部产品面，但电量、自动充电与空闲返回中的事实、门禁或恢复语义是本旅程正确性/安全性的前置依赖；由决定 MVP RIoT 移动、建单对账与人工充电边界 (../issues/06-decide-riot-movement-order-reconciliation-and-manual-charging-boundary.md)确认最小保留部分。"	"电量事实→新任务准入或人工充电等待；自动充电/空闲返回在范围外"	"误删可能让电量、自动充电与空闲返回出现权威分叉、物理状态猜测、断联后重复副作用或无法恢复；误当完整首期功能则扩大范围。"	"以电量门禁阻断新任务并提示人工充电。"	"展示低电量等待与恢复业务就绪。"	"只需要电量阻断/就绪状态；无自动充电或空闲返回消息。"	"决定 MVP RIoT 移动、建单对账与人工充电边界 (../issues/06-decide-riot-movement-order-reconciliation-and-manual-charging-boundary.md)"
"REQ-0283"	"../../../requirements/baselines/current-requirements-v1.0.0.md#req-0283"	"充电建单不建立专属重试制度。 充电移动订单继承 RoutineOrderCreationCall 与 RIo…"	"8005 多仓位 AGV 项目；更窄边界以本条文本及来源票据为准"	"本场景不适用"	"本场景不适用"	"复核 02～11 票最终决议后保留候选结论：该条核心行为落在本地图已排除或未采用的电量、自动充电与空闲返回范围；不进入首期实现，但保留原基线身份并由决定 MVP RIoT 移动、建单对账与人工充电边界 (../issues/06-decide-riot-movement-order-reconciliation-and-manual-charging-boundary.md)最终逐条复核。"	"电量事实→新任务准入或人工充电等待；自动充电/空闲返回在范围外"	"误纳入会引入范围外状态、页面或协议消息；误把其中可复用的小型门禁一并删除，可能遗漏依赖，故仍需最终 HITL 复核。"	"无首期实现影响；只保留为基线追溯，禁止误删原需求。"	"无首期实现影响；只保留为基线追溯，禁止误删原需求。"	"不进入 ProtocolVersion 1；不得为范围外能力预留未定义消息。"	"决定 MVP RIoT 移动、建单对账与人工充电边界 (../issues/06-decide-riot-movement-order-reconciliation-and-manual-charging-boundary.md)"
"REQ-0284"	"../../../requirements/baselines/current-requirements-v1.0.0.md#req-0284"	"严格确认无法开始充电后，8005 原桩追加重试为 0。 RIoT 已完成自身内部重试后仍以经验证失败和最终 …"	"8005 多仓位 AGV 项目；更窄边界以本条文本及来源票据为准"	"本场景不适用"	"本场景不适用"	"复核 02～11 票最终决议后保留候选结论：该条核心行为落在本地图已排除或未采用的电量、自动充电与空闲返回范围；不进入首期实现，但保留原基线身份并由决定 MVP RIoT 移动、建单对账与人工充电边界 (../issues/06-decide-riot-movement-order-reconciliation-and-manual-charging-boundary.md)最终逐条复核。"	"电量事实→新任务准入或人工充电等待；自动充电/空闲返回在范围外"	"误纳入会引入范围外状态、页面或协议消息；误把其中可复用的小型门禁一并删除，可能遗漏依赖，故仍需最终 HITL 复核。"	"无首期实现影响；只保留为基线追溯，禁止误删原需求。"	"无首期实现影响；只保留为基线追溯，禁止误删原需求。"	"不进入 ProtocolVersion 1；不得为范围外能力预留未定义消息。"	"决定 MVP RIoT 移动、建单对账与人工充电边界 (../issues/06-decide-riot-movement-order-reconciliation-and-manual-charging-boundary.md)"
"REQ-0285"	"../../../requirements/baselines/current-requirements-v1.0.0.md#req-0285"	"已确认中断和无进展均采用双向临时隔离。 已确认正在充电但在完成阈值前、无正常停止命令时非预期停止，形成 Co…"	"8005 多仓位 AGV 项目；更窄边界以本条文本及来源票据为准"	"本场景不适用"	"本场景不适用"	"复核 02～11 票最终决议后保留候选结论：该条核心行为落在本地图已排除或未采用的电量、自动充电与空闲返回范围；不进入首期实现，但保留原基线身份并由决定 MVP RIoT 移动、建单对账与人工充电边界 (../issues/06-decide-riot-movement-order-reconciliation-and-manual-charging-boundary.md)最终逐条复核。"	"电量事实→新任务准入或人工充电等待；自动充电/空闲返回在范围外"	"误纳入会引入范围外状态、页面或协议消息；误把其中可复用的小型门禁一并删除，可能遗漏依赖，故仍需最终 HITL 复核。"	"无首期实现影响；只保留为基线追溯，禁止误删原需求。"	"无首期实现影响；只保留为基线追溯，禁止误删原需求。"	"不进入 ProtocolVersion 1；不得为范围外能力预留未定义消息。"	"决定 MVP RIoT 移动、建单对账与人工充电边界 (../issues/06-decide-riot-movement-order-reconciliation-and-manual-charging-boundary.md)"
"REQ-0286"	"../../../requirements/baselines/current-requirements-v1.0.0.md#req-0286"	"中断结果与根因归属分离。 人为关闭、物理急停、车辆问题、充电桩问题或外部供电都可能产生同一中断结果；原因未知…"	"8005 多仓位 AGV 项目；更窄边界以本条文本及来源票据为准"	"本场景不适用"	"本场景不适用"	"复核 02～11 票最终决议后保留候选结论：该条核心行为落在本地图已排除或未采用的电量、自动充电与空闲返回范围；不进入首期实现，但保留原基线身份并由决定 MVP RIoT 移动、建单对账与人工充电边界 (../issues/06-decide-riot-movement-order-reconciliation-and-manual-charging-boundary.md)最终逐条复核。"	"电量事实→新任务准入或人工充电等待；自动充电/空闲返回在范围外"	"误纳入会引入范围外状态、页面或协议消息；误把其中可复用的小型门禁一并删除，可能遗漏依赖，故仍需最终 HITL 复核。"	"无首期实现影响；只保留为基线追溯，禁止误删原需求。"	"无首期实现影响；只保留为基线追溯，禁止误删原需求。"	"不进入 ProtocolVersion 1；不得为范围外能力预留未定义消息。"	"决定 MVP RIoT 移动、建单对账与人工充电边界 (../issues/06-decide-riot-movement-order-reconciliation-and-manual-charging-boundary.md)"
"REQ-0287"	"../../../requirements/baselines/current-requirements-v1.0.0.md#req-0287"	"“车辆失联”按观测来源分开。 VehicleConnectionSession 失效只阻断车辆新业务并继续通…"	"8005 多仓位 AGV 项目；更窄边界以本条文本及来源票据为准"	"本场景不适用"	"本场景不适用"	"复核 02～11 票最终决议后保留候选结论：该条核心行为落在本地图已排除或未采用的电量、自动充电与空闲返回范围；不进入首期实现，但保留原基线身份并由决定 MVP RIoT 移动、建单对账与人工充电边界 (../issues/06-decide-riot-movement-order-reconciliation-and-manual-charging-boundary.md)最终逐条复核。"	"电量事实→新任务准入或人工充电等待；自动充电/空闲返回在范围外"	"误纳入会引入范围外状态、页面或协议消息；误把其中可复用的小型门禁一并删除，可能遗漏依赖，故仍需最终 HITL 复核。"	"无首期实现影响；只保留为基线追溯，禁止误删原需求。"	"无首期实现影响；只保留为基线追溯，禁止误删原需求。"	"不进入 ProtocolVersion 1；不得为范围外能力预留未定义消息。"	"决定 MVP RIoT 移动、建单对账与人工充电边界 (../issues/06-decide-riot-movement-order-reconciliation-and-manual-charging-boundary.md)"
"REQ-0288"	"../../../requirements/baselines/current-requirements-v1.0.0.md#req-0288"	"维修使用暂停分配而非临时删除身份。 维护管理员或系统管理员用 ChargingStationAllocati…"	"8005 多仓位 AGV 项目；更窄边界以本条文本及来源票据为准"	"本场景不适用"	"本场景不适用"	"复核 02～11 票最终决议后保留候选结论：该条核心行为落在本地图已排除或未采用的电量、自动充电与空闲返回范围；不进入首期实现，但保留原基线身份并由决定 MVP RIoT 移动、建单对账与人工充电边界 (../issues/06-decide-riot-movement-order-reconciliation-and-manual-charging-boundary.md)最终逐条复核。"	"电量事实→新任务准入或人工充电等待；自动充电/空闲返回在范围外"	"误纳入会引入范围外状态、页面或协议消息；误把其中可复用的小型门禁一并删除，可能遗漏依赖，故仍需最终 HITL 复核。"	"无首期实现影响；只保留为基线追溯，禁止误删原需求。"	"无首期实现影响；只保留为基线追溯，禁止误删原需求。"	"不进入 ProtocolVersion 1；不得为范围外能力预留未定义消息。"	"决定 MVP RIoT 移动、建单对账与人工充电边界 (../issues/06-decide-riot-movement-order-reconciliation-and-manual-charging-boundary.md)"
"REQ-0289"	"../../../requirements/baselines/current-requirements-v1.0.0.md#req-0289"	"首版只允许专用等待点。 等待点必须以明确的 RIoT 地图 + 站点登记，不得同时承担业务或充电角色，也不得…"	"8005 多仓位 AGV 项目；更窄边界以本条文本及来源票据为准"	"本场景不适用"	"本场景不适用"	"复核 02～11 票最终决议后保留候选结论：该条核心行为落在本地图已排除或未采用的电量、自动充电与空闲返回范围；不进入首期实现，但保留原基线身份并由决定 MVP RIoT 移动、建单对账与人工充电边界 (../issues/06-decide-riot-movement-order-reconciliation-and-manual-charging-boundary.md)最终逐条复核。"	"电量事实→新任务准入或人工充电等待；自动充电/空闲返回在范围外"	"误纳入会引入范围外状态、页面或协议消息；误把其中可复用的小型门禁一并删除，可能遗漏依赖，故仍需最终 HITL 复核。"	"无首期实现影响；只保留为基线追溯，禁止误删原需求。"	"无首期实现影响；只保留为基线追溯，禁止误删原需求。"	"不进入 ProtocolVersion 1；不得为范围外能力预留未定义消息。"	"决定 MVP RIoT 移动、建单对账与人工充电边界 (../issues/06-decide-riot-movement-order-reconciliation-and-manual-charging-boundary.md)"
"REQ-0290"	"../../../requirements/baselines/current-requirements-v1.0.0.md#req-0290"	"所有用途通过唯一 VehiclePurposeClaim 原子争用车辆。 已开始或结果未知的搬运、充电、清桩…"	"8005 多仓位 AGV 项目；更窄边界以本条文本及来源票据为准"	"MVP 交互／安全依赖"	"MVP 交互／安全依赖"	"复核 02～11 票最终决议后保留候选结论：单车仍需防止业务移动与人工充电/恢复动作并发争用；候选作为安全依赖，不实现完整自动用途调度。"	"电量事实→新任务准入或人工充电等待；自动充电/空闲返回在范围外"	"误删可能让电量、自动充电与空闲返回出现权威分叉、物理状态猜测、断联后重复副作用或无法恢复；误当完整首期功能则扩大范围。"	"以电量门禁阻断新任务并提示人工充电。"	"展示低电量等待与恢复业务就绪。"	"只需要电量阻断/就绪状态；无自动充电或空闲返回消息。"	"决定 MVP RIoT 移动、建单对账与人工充电边界 (../issues/06-decide-riot-movement-order-reconciliation-and-manual-charging-boundary.md)"
"REQ-0291"	"../../../requirements/baselines/current-requirements-v1.0.0.md#req-0291"	"IdleReturnEligibility 是严格兜底资格。 车辆须已结束当前用途、没有下一业务目标、活动或…"	"8005 多仓位 AGV 项目；更窄边界以本条文本及来源票据为准"	"本场景不适用"	"本场景不适用"	"复核 02～11 票最终决议后保留候选结论：该条核心行为落在本地图已排除或未采用的电量、自动充电与空闲返回范围；不进入首期实现，但保留原基线身份并由决定 MVP RIoT 移动、建单对账与人工充电边界 (../issues/06-decide-riot-movement-order-reconciliation-and-manual-charging-boundary.md)最终逐条复核。"	"电量事实→新任务准入或人工充电等待；自动充电/空闲返回在范围外"	"误纳入会引入范围外状态、页面或协议消息；误把其中可复用的小型门禁一并删除，可能遗漏依赖，故仍需最终 HITL 复核。"	"无首期实现影响；只保留为基线追溯，禁止误删原需求。"	"无首期实现影响；只保留为基线追溯，禁止误删原需求。"	"不进入 ProtocolVersion 1；不得为范围外能力预留未定义消息。"	"决定 MVP RIoT 移动、建单对账与人工充电边界 (../issues/06-decide-riot-movement-order-reconciliation-and-manual-charging-boundary.md)"
"REQ-0292"	"../../../requirements/baselines/current-requirements-v1.0.0.md#req-0292"	"车辆与等待点必须原子取得后才形成 IdleReturnCommit。 服务端基于同一份新鲜快照同时取得该车的…"	"8005 多仓位 AGV 项目；更窄边界以本条文本及来源票据为准"	"本场景不适用"	"本场景不适用"	"复核 02～11 票最终决议后保留候选结论：该条核心行为落在本地图已排除或未采用的电量、自动充电与空闲返回范围；不进入首期实现，但保留原基线身份并由决定 MVP RIoT 移动、建单对账与人工充电边界 (../issues/06-decide-riot-movement-order-reconciliation-and-manual-charging-boundary.md)最终逐条复核。"	"电量事实→新任务准入或人工充电等待；自动充电/空闲返回在范围外"	"误纳入会引入范围外状态、页面或协议消息；误把其中可复用的小型门禁一并删除，可能遗漏依赖，故仍需最终 HITL 复核。"	"无首期实现影响；只保留为基线追溯，禁止误删原需求。"	"无首期实现影响；只保留为基线追溯，禁止误删原需求。"	"不进入 ProtocolVersion 1；不得为范围外能力预留未定义消息。"	"决定 MVP RIoT 移动、建单对账与人工充电边界 (../issues/06-decide-riot-movement-order-reconciliation-and-manual-charging-boundary.md)"
"REQ-0293"	"../../../requirements/baselines/current-requirements-v1.0.0.md#req-0293"	"等待点实行从在途预占到在点占用的连续单车独占。 选择候选前必须重新核验当前地图、专用角色、车辆适用范围、身份…"	"8005 多仓位 AGV 项目；更窄边界以本条文本及来源票据为准"	"本场景不适用"	"本场景不适用"	"复核 02～11 票最终决议后保留候选结论：该条核心行为落在本地图已排除或未采用的电量、自动充电与空闲返回范围；不进入首期实现，但保留原基线身份并由决定 MVP RIoT 移动、建单对账与人工充电边界 (../issues/06-decide-riot-movement-order-reconciliation-and-manual-charging-boundary.md)最终逐条复核。"	"电量事实→新任务准入或人工充电等待；自动充电/空闲返回在范围外"	"误纳入会引入范围外状态、页面或协议消息；误把其中可复用的小型门禁一并删除，可能遗漏依赖，故仍需最终 HITL 复核。"	"无首期实现影响；只保留为基线追溯，禁止误删原需求。"	"无首期实现影响；只保留为基线追溯，禁止误删原需求。"	"不进入 ProtocolVersion 1；不得为范围外能力预留未定义消息。"	"决定 MVP RIoT 移动、建单对账与人工充电边界 (../issues/06-decide-riot-movement-order-reconciliation-and-manual-charging-boundary.md)"
"REQ-0294"	"../../../requirements/baselines/current-requirements-v1.0.0.md#req-0294"	"空闲返回只使用已批准的通用单段移动能力。 生成的 RIoT“一键停靠”和 parkConfig 客户端不构成…"	"8005 多仓位 AGV 项目；更窄边界以本条文本及来源票据为准"	"本场景不适用"	"本场景不适用"	"复核 02～11 票最终决议后保留候选结论：该条核心行为落在本地图已排除或未采用的电量、自动充电与空闲返回范围；不进入首期实现，但保留原基线身份并由决定 MVP RIoT 移动、建单对账与人工充电边界 (../issues/06-decide-riot-movement-order-reconciliation-and-manual-charging-boundary.md)最终逐条复核。"	"电量事实→新任务准入或人工充电等待；自动充电/空闲返回在范围外"	"误纳入会引入范围外状态、页面或协议消息；误把其中可复用的小型门禁一并删除，可能遗漏依赖，故仍需最终 HITL 复核。"	"无首期实现影响；只保留为基线追溯，禁止误删原需求。"	"无首期实现影响；只保留为基线追溯，禁止误删原需求。"	"不进入 ProtocolVersion 1；不得为范围外能力预留未定义消息。"	"决定 MVP RIoT 移动、建单对账与人工充电边界 (../issues/06-decide-riot-movement-order-reconciliation-and-manual-charging-boundary.md)"
"REQ-0295"	"../../../requirements/baselines/current-requirements-v1.0.0.md#req-0295"	"到点必须由一致证据组合确认。 单值 currentPosition 不得独自证明角色到达；至少要求本次稳定 …"	"8005 多仓位 AGV 项目；更窄边界以本条文本及来源票据为准"	"本场景不适用"	"本场景不适用"	"复核 02～11 票最终决议后保留候选结论：该条核心行为落在本地图已排除或未采用的电量、自动充电与空闲返回范围；不进入首期实现，但保留原基线身份并由决定 MVP RIoT 移动、建单对账与人工充电边界 (../issues/06-decide-riot-movement-order-reconciliation-and-manual-charging-boundary.md)最终逐条复核。"	"电量事实→新任务准入或人工充电等待；自动充电/空闲返回在范围外"	"误纳入会引入范围外状态、页面或协议消息；误把其中可复用的小型门禁一并删除，可能遗漏依赖，故仍需最终 HITL 复核。"	"无首期实现影响；只保留为基线追溯，禁止误删原需求。"	"无首期实现影响；只保留为基线追溯，禁止误删原需求。"	"不进入 ProtocolVersion 1；不得为范围外能力预留未定义消息。"	"决定 MVP RIoT 移动、建单对账与人工充电边界 (../issues/06-decide-riot-movement-order-reconciliation-and-manual-charging-boundary.md)"
"REQ-0296"	"../../../requirements/baselines/current-requirements-v1.0.0.md#req-0296"	"失败按“是否可能已有订单或仍在运动”分流。 首次外部建单前重新核验失败，或明确拒绝且已证明没有活动订单、车辆…"	"8005 多仓位 AGV 项目；更窄边界以本条文本及来源票据为准"	"本场景不适用"	"本场景不适用"	"复核 02～11 票最终决议后保留候选结论：该条核心行为落在本地图已排除或未采用的电量、自动充电与空闲返回范围；不进入首期实现，但保留原基线身份并由决定 MVP RIoT 移动、建单对账与人工充电边界 (../issues/06-decide-riot-movement-order-reconciliation-and-manual-charging-boundary.md)最终逐条复核。"	"电量事实→新任务准入或人工充电等待；自动充电/空闲返回在范围外"	"误纳入会引入范围外状态、页面或协议消息；误把其中可复用的小型门禁一并删除，可能遗漏依赖，故仍需最终 HITL 复核。"	"无首期实现影响；只保留为基线追溯，禁止误删原需求。"	"无首期实现影响；只保留为基线追溯，禁止误删原需求。"	"不进入 ProtocolVersion 1；不得为范围外能力预留未定义消息。"	"决定 MVP RIoT 移动、建单对账与人工充电边界 (../issues/06-decide-riot-movement-order-reconciliation-and-manual-charging-boundary.md)"
"REQ-0297"	"../../../requirements/baselines/current-requirements-v1.0.0.md#req-0297"	"配置和拓扑变化不破坏既有引用。 被删除、停用或改角色的等待点立即停止接受新承诺，但已经预占、在途或在点占用的…"	"8005 多仓位 AGV 项目；更窄边界以本条文本及来源票据为准"	"本场景不适用"	"本场景不适用"	"复核 02～11 票最终决议后保留候选结论：该条核心行为落在本地图已排除或未采用的电量、自动充电与空闲返回范围；不进入首期实现，但保留原基线身份并由决定 MVP RIoT 移动、建单对账与人工充电边界 (../issues/06-decide-riot-movement-order-reconciliation-and-manual-charging-boundary.md)最终逐条复核。"	"电量事实→新任务准入或人工充电等待；自动充电/空闲返回在范围外"	"误纳入会引入范围外状态、页面或协议消息；误把其中可复用的小型门禁一并删除，可能遗漏依赖，故仍需最终 HITL 复核。"	"无首期实现影响；只保留为基线追溯，禁止误删原需求。"	"无首期实现影响；只保留为基线追溯，禁止误删原需求。"	"不进入 ProtocolVersion 1；不得为范围外能力预留未定义消息。"	"决定 MVP RIoT 移动、建单对账与人工充电边界 (../issues/06-decide-riot-movement-order-reconciliation-and-manual-charging-boundary.md)"
"REQ-0298"	"../../../requirements/baselines/current-requirements-v1.0.0.md#req-0298"	"当前产品只同步 Map/Station 目录，不同步本地路网。 MapStationCatalogSnaps…"	"8005 多仓位 AGV 项目；更窄边界以本条文本及来源票据为准"	"MVP 直接必须"	"MVP 直接必须"	"复核 02～11 票最终决议后保留候选结论：该条直接约束单 WIRE_TO_GATE 旅程的Map／Station 目录快照；候选纳入首期，精确字段/状态仍由决定受控工厂试运行配置、执行顺序与验收证据 (../issues/11-decide-controlled-factory-pilot-configuration-and-acceptance-evidence.md)收口。"	"RIoT Map/Station 全量快照→新鲜度门禁→冻结解析站点→移动建单"	"误删会使Map／Station 目录快照主旅程或现场验收无法闭环，并可能造成重复执行、错误站点/仓位或不可证明完成。"	"维护/验证 Map 与 Station 快照并冻结任务端点。"	"展示服务端给出的站点，不自行同步 RIoT 目录。"	"携带稳定站点身份、配置版本和新鲜度阻断码。"	"决定受控工厂试运行配置、执行顺序与验收证据 (../issues/11-decide-controlled-factory-pilot-configuration-and-acceptance-evidence.md)"
"REQ-0299"	"../../../requirements/baselines/current-requirements-v1.0.0.md#req-0299"	"启动、周期和人工刷新共同维持目录。 服务启动时必须尝试一次全量同步，运行期间按投运前批准的周期执行非重入刷新…"	"8005 多仓位 AGV 项目；更窄边界以本条文本及来源票据为准"	"MVP 交互／安全依赖"	"MVP 交互／安全依赖"	"复核 02～11 票最终决议后保留候选结论：不要求在首期重建该条全部产品面，但Map／Station 目录快照中的事实、门禁或恢复语义是本旅程正确性/安全性的前置依赖；由决定受控工厂试运行配置、执行顺序与验收证据 (../issues/11-decide-controlled-factory-pilot-configuration-and-acceptance-evidence.md)确认最小保留部分。"	"RIoT Map/Station 全量快照→新鲜度门禁→冻结解析站点→移动建单"	"误删可能让Map／Station 目录快照出现权威分叉、物理状态猜测、断联后重复副作用或无法恢复；误当完整首期功能则扩大范围。"	"维护/验证 Map 与 Station 快照并冻结任务端点。"	"展示服务端给出的站点，不自行同步 RIoT 目录。"	"携带稳定站点身份、配置版本和新鲜度阻断码。"	"决定受控工厂试运行配置、执行顺序与验收证据 (../issues/11-decide-controlled-factory-pilot-configuration-and-acceptance-evidence.md)"
"REQ-0300"	"../../../requirements/baselines/current-requirements-v1.0.0.md#req-0300"	"新快照只允许全量原子发布。 只有 Map 清单和每张有效 Map 的完整 Station 清单全部读取成功，…"	"8005 多仓位 AGV 项目；更窄边界以本条文本及来源票据为准"	"MVP 交互／安全依赖"	"MVP 交互／安全依赖"	"复核 02～11 票最终决议后保留候选结论：不要求在首期重建该条全部产品面，但Map／Station 目录快照中的事实、门禁或恢复语义是本旅程正确性/安全性的前置依赖；由决定受控工厂试运行配置、执行顺序与验收证据 (../issues/11-decide-controlled-factory-pilot-configuration-and-acceptance-evidence.md)确认最小保留部分。"	"RIoT Map/Station 全量快照→新鲜度门禁→冻结解析站点→移动建单"	"误删可能让Map／Station 目录快照出现权威分叉、物理状态猜测、断联后重复副作用或无法恢复；误当完整首期功能则扩大范围。"	"维护/验证 Map 与 Station 快照并冻结任务端点。"	"展示服务端给出的站点，不自行同步 RIoT 目录。"	"携带稳定站点身份、配置版本和新鲜度阻断码。"	"决定受控工厂试运行配置、执行顺序与验收证据 (../issues/11-decide-controlled-factory-pilot-configuration-and-acceptance-evidence.md)"
"REQ-0301"	"../../../requirements/baselines/current-requirements-v1.0.0.md#req-0301"	"本地可追溯身份弥补 RIoT 原生版本缺口。 每个不同内容的有效快照记录来源环境/build、完整观测起止时…"	"8005 多仓位 AGV 项目；更窄边界以本条文本及来源票据为准"	"MVP 交互／安全依赖"	"MVP 交互／安全依赖"	"复核 02～11 票最终决议后保留候选结论：不要求在首期重建该条全部产品面，但Map／Station 目录快照中的事实、门禁或恢复语义是本旅程正确性/安全性的前置依赖；由决定受控工厂试运行配置、执行顺序与验收证据 (../issues/11-decide-controlled-factory-pilot-configuration-and-acceptance-evidence.md)确认最小保留部分。"	"RIoT Map/Station 全量快照→新鲜度门禁→冻结解析站点→移动建单"	"误删可能让Map／Station 目录快照出现权威分叉、物理状态猜测、断联后重复副作用或无法恢复；误当完整首期功能则扩大范围。"	"维护/验证 Map 与 Station 快照并冻结任务端点。"	"展示服务端给出的站点，不自行同步 RIoT 目录。"	"携带稳定站点身份、配置版本和新鲜度阻断码。"	"决定受控工厂试运行配置、执行顺序与验收证据 (../issues/11-decide-controlled-factory-pilot-configuration-and-acceptance-evidence.md)"
"REQ-0302"	"../../../requirements/baselines/current-requirements-v1.0.0.md#req-0302"	"新鲜度按最近完整确认计算。 同步周期和最大允许未确认时长必须在投运前分别批准，且最大未确认时长须大于正常同步…"	"8005 多仓位 AGV 项目；更窄边界以本条文本及来源票据为准"	"MVP 直接必须"	"MVP 直接必须"	"复核 02～11 票最终决议后保留候选结论：该条直接约束单 WIRE_TO_GATE 旅程的Map／Station 目录快照；候选纳入首期，精确字段/状态仍由决定受控工厂试运行配置、执行顺序与验收证据 (../issues/11-decide-controlled-factory-pilot-configuration-and-acceptance-evidence.md)收口。"	"RIoT Map/Station 全量快照→新鲜度门禁→冻结解析站点→移动建单"	"误删会使Map／Station 目录快照主旅程或现场验收无法闭环，并可能造成重复执行、错误站点/仓位或不可证明完成。"	"维护/验证 Map 与 Station 快照并冻结任务端点。"	"展示服务端给出的站点，不自行同步 RIoT 目录。"	"携带稳定站点身份、配置版本和新鲜度阻断码。"	"决定受控工厂试运行配置、执行顺序与验收证据 (../issues/11-decide-controlled-factory-pilot-configuration-and-acceptance-evidence.md)"
"REQ-0303"	"../../../requirements/baselines/current-requirements-v1.0.0.md#req-0303"	"无快照或超过新鲜度边界时 fail-closed。 系统仍可启动并展示、诊断和重试同步，也可继续观察已经存在…"	"8005 多仓位 AGV 项目；更窄边界以本条文本及来源票据为准"	"MVP 直接必须"	"MVP 直接必须"	"复核 02～11 票最终决议后保留候选结论：该条直接约束单 WIRE_TO_GATE 旅程的Map／Station 目录快照；候选纳入首期，精确字段/状态仍由决定受控工厂试运行配置、执行顺序与验收证据 (../issues/11-decide-controlled-factory-pilot-configuration-and-acceptance-evidence.md)收口。"	"RIoT Map/Station 全量快照→新鲜度门禁→冻结解析站点→移动建单"	"误删会使Map／Station 目录快照主旅程或现场验收无法闭环，并可能造成重复执行、错误站点/仓位或不可证明完成。"	"维护/验证 Map 与 Station 快照并冻结任务端点。"	"展示服务端给出的站点，不自行同步 RIoT 目录。"	"携带稳定站点身份、配置版本和新鲜度阻断码。"	"决定受控工厂试运行配置、执行顺序与验收证据 (../issues/11-decide-controlled-factory-pilot-configuration-and-acceptance-evidence.md)"
"REQ-0304"	"../../../requirements/baselines/current-requirements-v1.0.0.md#req-0304"	"新目录自动成为当前事实，但不自动改写业务配置。 完整候选发布后，新增、删除、激活状态变化、Map/Stati…"	"8005 多仓位 AGV 项目；更窄边界以本条文本及来源票据为准"	"MVP 交互／安全依赖"	"MVP 交互／安全依赖"	"复核 02～11 票最终决议后保留候选结论：不要求在首期重建该条全部产品面，但Map／Station 目录快照中的事实、门禁或恢复语义是本旅程正确性/安全性的前置依赖；由决定受控工厂试运行配置、执行顺序与验收证据 (../issues/11-decide-controlled-factory-pilot-configuration-and-acceptance-evidence.md)确认最小保留部分。"	"RIoT Map/Station 全量快照→新鲜度门禁→冻结解析站点→移动建单"	"误删可能让Map／Station 目录快照出现权威分叉、物理状态猜测、断联后重复副作用或无法恢复；误当完整首期功能则扩大范围。"	"维护/验证 Map 与 Station 快照并冻结任务端点。"	"展示服务端给出的站点，不自行同步 RIoT 目录。"	"携带稳定站点身份、配置版本和新鲜度阻断码。"	"决定受控工厂试运行配置、执行顺序与验收证据 (../issues/11-decide-controlled-factory-pilot-configuration-and-acceptance-evidence.md)"
"REQ-0305"	"../../../requirements/baselines/current-requirements-v1.0.0.md#req-0305"	"TransportDemand 冻结已解析站点且不被后续目录重写。 新任务只可从当时新鲜的当前快照取得并冻结…"	"8005 多仓位 AGV 项目；更窄边界以本条文本及来源票据为准"	"MVP 直接必须"	"MVP 直接必须"	"复核 02～11 票最终决议后保留候选结论：该条直接约束单 WIRE_TO_GATE 旅程的Map／Station 目录快照；候选纳入首期，精确字段/状态仍由决定受控工厂试运行配置、执行顺序与验收证据 (../issues/11-decide-controlled-factory-pilot-configuration-and-acceptance-evidence.md)收口。"	"RIoT Map/Station 全量快照→新鲜度门禁→冻结解析站点→移动建单"	"误删会使Map／Station 目录快照主旅程或现场验收无法闭环，并可能造成重复执行、错误站点/仓位或不可证明完成。"	"维护/验证 Map 与 Station 快照并冻结任务端点。"	"展示服务端给出的站点，不自行同步 RIoT 目录。"	"携带稳定站点身份、配置版本和新鲜度阻断码。"	"决定受控工厂试运行配置、执行顺序与验收证据 (../issues/11-decide-controlled-factory-pilot-configuration-and-acceptance-evidence.md)"
"REQ-0306"	"../../../requirements/baselines/current-requirements-v1.0.0.md#req-0306"	"已经存在的 RIoT 订单不因目录变化被自动取消。 已建单或正在执行的移动继续按其 RIoT OrderRe…"	"8005 多仓位 AGV 项目；更窄边界以本条文本及来源票据为准"	"MVP 交互／安全依赖"	"MVP 交互／安全依赖"	"复核 02～11 票最终决议后保留候选结论：不要求在首期重建该条全部产品面，但Map／Station 目录快照中的事实、门禁或恢复语义是本旅程正确性/安全性的前置依赖；由决定受控工厂试运行配置、执行顺序与验收证据 (../issues/11-decide-controlled-factory-pilot-configuration-and-acceptance-evidence.md)确认最小保留部分。"	"RIoT Map/Station 全量快照→新鲜度门禁→冻结解析站点→移动建单"	"误删可能让Map／Station 目录快照出现权威分叉、物理状态猜测、断联后重复副作用或无法恢复；误当完整首期功能则扩大范围。"	"维护/验证 Map 与 Station 快照并冻结任务端点。"	"展示服务端给出的站点，不自行同步 RIoT 目录。"	"携带稳定站点身份、配置版本和新鲜度阻断码。"	"决定受控工厂试运行配置、执行顺序与验收证据 (../issues/11-decide-controlled-factory-pilot-configuration-and-acceptance-evidence.md)"
"REQ-0307"	"../../../requirements/baselines/current-requirements-v1.0.0.md#req-0307"	"历史快照按引用和审计期限共同留存。 任何仍被活动或保留期内 TransportDemand、配置版本、审计记…"	"8005 多仓位 AGV 项目；更窄边界以本条文本及来源票据为准"	"首期延后"	"MVP 交互／安全依赖"	"FactoryPilotConfigurationSnapshot、运行证据和活动 Demand 引用的 MapStationCatalogSnapshot 修订必须可追溯；完整长期清理管理面延后。"	"RIoT Map/Station 全量快照→新鲜度门禁→冻结解析站点→移动建单"	"过早纳入会扩大首期和联调面；若后续证明它是安全/验收必要链却未升级，则会形成隐藏缺口。"	"维护/验证 Map 与 Station 快照并冻结任务端点。"	"展示服务端给出的站点，不自行同步 RIoT 目录。"	"携带稳定站点身份、配置版本和新鲜度阻断码。"	"决定受控工厂试运行配置、执行顺序与验收证据 (../issues/11-decide-controlled-factory-pilot-configuration-and-acceptance-evidence.md)"
"REQ-0308"	"../../../requirements/baselines/current-requirements-v1.0.0.md#req-0308"	"同步异常形成目录级状态，真实缺站形成任务级阻断。 刷新失败、候选无效、超过新鲜度或 build/环境不兼容形…"	"8005 多仓位 AGV 项目；更窄边界以本条文本及来源票据为准"	"MVP 直接必须"	"MVP 直接必须"	"复核 02～11 票最终决议后保留候选结论：该条直接约束单 WIRE_TO_GATE 旅程的Map／Station 目录快照；候选纳入首期，精确字段/状态仍由决定受控工厂试运行配置、执行顺序与验收证据 (../issues/11-decide-controlled-factory-pilot-configuration-and-acceptance-evidence.md)收口。"	"RIoT Map/Station 全量快照→新鲜度门禁→冻结解析站点→移动建单"	"误删会使Map／Station 目录快照主旅程或现场验收无法闭环，并可能造成重复执行、错误站点/仓位或不可证明完成。"	"维护/验证 Map 与 Station 快照并冻结任务端点。"	"展示服务端给出的站点，不自行同步 RIoT 目录。"	"携带稳定站点身份、配置版本和新鲜度阻断码。"	"决定受控工厂试运行配置、执行顺序与验收证据 (../issues/11-decide-controlled-factory-pilot-configuration-and-acceptance-evidence.md)"
"REQ-0309"	"../../../requirements/baselines/current-requirements-v1.0.0.md#req-0309"	"具体 API 与数据结构继续留给证据验证和正式设计。 实现只能经已批准的 RIoT Map/Station …"	"8005 多仓位 AGV 项目；更窄边界以本条文本及来源票据为准"	"MVP 交互／安全依赖"	"MVP 交互／安全依赖"	"复核 02～11 票最终决议后保留候选结论：不要求在首期重建该条全部产品面，但Map／Station 目录快照中的事实、门禁或恢复语义是本旅程正确性/安全性的前置依赖；由决定受控工厂试运行配置、执行顺序与验收证据 (../issues/11-decide-controlled-factory-pilot-configuration-and-acceptance-evidence.md)确认最小保留部分。"	"RIoT Map/Station 全量快照→新鲜度门禁→冻结解析站点→移动建单"	"误删可能让Map／Station 目录快照出现权威分叉、物理状态猜测、断联后重复副作用或无法恢复；误当完整首期功能则扩大范围。"	"维护/验证 Map 与 Station 快照并冻结任务端点。"	"展示服务端给出的站点，不自行同步 RIoT 目录。"	"携带稳定站点身份、配置版本和新鲜度阻断码。"	"决定受控工厂试运行配置、执行顺序与验收证据 (../issues/11-decide-controlled-factory-pilot-configuration-and-acceptance-evidence.md)"
"REQ-0310"	"../../../requirements/baselines/current-requirements-v1.0.0.md#req-0310"	"允许恢复，但只能恢复原车辆档案。 已归档 AGV 可以恢复；恢复必须沿用原本地 agvId，不得为同一实体车…"	"8005 多仓位 AGV 项目；更窄边界以本条文本及来源票据为准"	"本场景不适用"	"本场景不适用"	"复核 02～11 票最终决议后保留候选结论：该条核心行为落在本地图已排除或未采用的AGV 身份、归档与恢复范围；不进入首期实现，但保留原基线身份并由决定 MVP 多仓容量、安全联锁与异常恢复最小集 (../issues/05-decide-minimum-multislot-safety-and-recovery-set.md)最终逐条复核。"	"AgvIdentity/RiotVehicleBinding/生命周期代次→业务就绪→会话与订单隔离"	"误纳入会引入范围外状态、页面或协议消息；误把其中可复用的小型门禁一并删除，可能遗漏依赖，故仍需最终 HITL 复核。"	"无首期实现影响；只保留为基线追溯，禁止误删原需求。"	"无首期实现影响；只保留为基线追溯，禁止误删原需求。"	"不进入 ProtocolVersion 1；不得为范围外能力预留未定义消息。"	"决定 MVP 多仓容量、安全联锁与异常恢复最小集 (../issues/05-decide-minimum-multislot-safety-and-recovery-set.md)"
"REQ-0311"	"../../../requirements/baselines/current-requirements-v1.0.0.md#req-0311"	"恢复权限只属于系统管理员。 仅 SystemAdministrator 可以用个人账号发起并确认恢复，不设双…"	"8005 多仓位 AGV 项目；更窄边界以本条文本及来源票据为准"	"本场景不适用"	"本场景不适用"	"复核 02～11 票最终决议后保留候选结论：该条核心行为落在本地图已排除或未采用的AGV 身份、归档与恢复范围；不进入首期实现，但保留原基线身份并由决定 MVP 多仓容量、安全联锁与异常恢复最小集 (../issues/05-decide-minimum-multislot-safety-and-recovery-set.md)最终逐条复核。"	"AgvIdentity/RiotVehicleBinding/生命周期代次→业务就绪→会话与订单隔离"	"误纳入会引入范围外状态、页面或协议消息；误把其中可复用的小型门禁一并删除，可能遗漏依赖，故仍需最终 HITL 复核。"	"无首期实现影响；只保留为基线追溯，禁止误删原需求。"	"无首期实现影响；只保留为基线追溯，禁止误删原需求。"	"不进入 ProtocolVersion 1；不得为范围外能力预留未定义消息。"	"决定 MVP 多仓容量、安全联锁与异常恢复最小集 (../issues/05-decide-minimum-multislot-safety-and-recovery-set.md)"
"REQ-0312"	"../../../requirements/baselines/current-requirements-v1.0.0.md#req-0312"	"本地 agvId 是唯一车辆身份。 AgvIdentity 由 ControlServer 首次接入时创建并…"	"8005 多仓位 AGV 项目；更窄边界以本条文本及来源票据为准"	"MVP 直接必须"	"MVP 直接必须"	"复核 02～11 票最终决议后保留候选结论：指定 AGV 仍必须使用稳定 agvId，不能把 deviceKey 或网络地址当车辆身份。"	"AgvIdentity/RiotVehicleBinding/生命周期代次→业务就绪→会话与订单隔离"	"误删会使AGV 身份、归档与恢复主旅程或现场验收无法闭环，并可能造成重复执行、错误站点/仓位或不可证明完成。"	"掌握 AgvIdentity、RIoT 绑定和生命周期代次。"	"使用 VehicleCredential 建会话并证明本车业务就绪。"	"会话、命令和恢复消息绑定 AGV/代次/协议身份。"	"决定 MVP 多仓容量、安全联锁与异常恢复最小集 (../issues/05-decide-minimum-multislot-safety-and-recovery-set.md)"
"REQ-0313"	"../../../requirements/baselines/current-requirements-v1.0.0.md#req-0313"	"deviceKey 只形成当前 RIoT 绑定。 RiotVehicleBinding 表达一个生命周期内 …"	"8005 多仓位 AGV 项目；更窄边界以本条文本及来源票据为准"	"MVP 直接必须"	"MVP 直接必须"	"复核 02～11 票最终决议后保留候选结论：真实 RIoT 指定车辆必须通过受控 RiotVehicleBinding 绑定，属于直接配置/建单身份。"	"AgvIdentity/RiotVehicleBinding/生命周期代次→业务就绪→会话与订单隔离"	"误删会使AGV 身份、归档与恢复主旅程或现场验收无法闭环，并可能造成重复执行、错误站点/仓位或不可证明完成。"	"掌握 AgvIdentity、RIoT 绑定和生命周期代次。"	"使用 VehicleCredential 建会话并证明本车业务就绪。"	"会话、命令和恢复消息绑定 AGV/代次/协议身份。"	"决定 MVP 多仓容量、安全联锁与异常恢复最小集 (../issues/05-decide-minimum-multislot-safety-and-recovery-set.md)"
"REQ-0314"	"../../../requirements/baselines/current-requirements-v1.0.0.md#req-0314"	"每次恢复开始新的生命周期代次。 同一 agvId 每次从归档恢复时递增 AgvLifecycleGenera…"	"8005 多仓位 AGV 项目；更窄边界以本条文本及来源票据为准"	"MVP 交互／安全依赖"	"MVP 交互／安全依赖"	"复核 02～11 票最终决议后保留候选结论：不要求在首期重建该条全部产品面，但AGV 身份、归档与恢复中的事实、门禁或恢复语义是本旅程正确性/安全性的前置依赖；由决定 MVP 多仓容量、安全联锁与异常恢复最小集 (../issues/05-decide-minimum-multislot-safety-and-recovery-set.md)确认最小保留部分。"	"AgvIdentity/RiotVehicleBinding/生命周期代次→业务就绪→会话与订单隔离"	"误删可能让AGV 身份、归档与恢复出现权威分叉、物理状态猜测、断联后重复副作用或无法恢复；误当完整首期功能则扩大范围。"	"掌握 AgvIdentity、RIoT 绑定和生命周期代次。"	"使用 VehicleCredential 建会话并证明本车业务就绪。"	"会话、命令和恢复消息绑定 AGV/代次/协议身份。"	"决定 MVP 多仓容量、安全联锁与异常恢复最小集 (../issues/05-decide-minimum-multislot-safety-and-recovery-set.md)"
"REQ-0315"	"../../../requirements/baselines/current-requirements-v1.0.0.md#req-0315"	"运行态重置不清除历史，也不猜测物理事实。 任务、仓位历史、配置版本、审计和 deviceKey 映射历史不复…"	"8005 多仓位 AGV 项目；更窄边界以本条文本及来源票据为准"	"MVP 交互／安全依赖"	"MVP 交互／安全依赖"	"复核 02～11 票最终决议后保留候选结论：不要求在首期重建该条全部产品面，但AGV 身份、归档与恢复中的事实、门禁或恢复语义是本旅程正确性/安全性的前置依赖；由决定 MVP 多仓容量、安全联锁与异常恢复最小集 (../issues/05-decide-minimum-multislot-safety-and-recovery-set.md)确认最小保留部分。"	"AgvIdentity/RiotVehicleBinding/生命周期代次→业务就绪→会话与订单隔离"	"误删可能让AGV 身份、归档与恢复出现权威分叉、物理状态猜测、断联后重复副作用或无法恢复；误当完整首期功能则扩大范围。"	"掌握 AgvIdentity、RIoT 绑定和生命周期代次。"	"使用 VehicleCredential 建会话并证明本车业务就绪。"	"会话、命令和恢复消息绑定 AGV/代次/协议身份。"	"决定 MVP 多仓容量、安全联锁与异常恢复最小集 (../issues/05-decide-minimum-multislot-safety-and-recovery-set.md)"
"REQ-0316"	"../../../requirements/baselines/current-requirements-v1.0.0.md#req-0316"	"归档前配置可以作为恢复候选。 原 ActiveSlotConfiguration 保留为候选；车载重新连接后…"	"8005 多仓位 AGV 项目；更窄边界以本条文本及来源票据为准"	"本场景不适用"	"本场景不适用"	"复核 02～11 票最终决议后保留候选结论：该条核心行为落在本地图已排除或未采用的AGV 身份、归档与恢复范围；不进入首期实现，但保留原基线身份并由决定 MVP 多仓容量、安全联锁与异常恢复最小集 (../issues/05-decide-minimum-multislot-safety-and-recovery-set.md)最终逐条复核。"	"AgvIdentity/RiotVehicleBinding/生命周期代次→业务就绪→会话与订单隔离"	"误纳入会引入范围外状态、页面或协议消息；误把其中可复用的小型门禁一并删除，可能遗漏依赖，故仍需最终 HITL 复核。"	"无首期实现影响；只保留为基线追溯，禁止误删原需求。"	"无首期实现影响；只保留为基线追溯，禁止误删原需求。"	"不进入 ProtocolVersion 1；不得为范围外能力预留未定义消息。"	"决定 MVP 多仓容量、安全联锁与异常恢复最小集 (../issues/05-decide-minimum-multislot-safety-and-recovery-set.md)"
"REQ-0317"	"../../../requirements/baselines/current-requirements-v1.0.0.md#req-0317"	"恢复与投运严格分离。 恢复事务成功只把车辆置为未归档的新生命周期，并原子建立候选 RiotVehicleBi…"	"8005 多仓位 AGV 项目；更窄边界以本条文本及来源票据为准"	"本场景不适用"	"本场景不适用"	"复核 02～11 票最终决议后保留候选结论：该条核心行为落在本地图已排除或未采用的AGV 身份、归档与恢复范围；不进入首期实现，但保留原基线身份并由决定 MVP 多仓容量、安全联锁与异常恢复最小集 (../issues/05-decide-minimum-multislot-safety-and-recovery-set.md)最终逐条复核。"	"AgvIdentity/RiotVehicleBinding/生命周期代次→业务就绪→会话与订单隔离"	"误纳入会引入范围外状态、页面或协议消息；误把其中可复用的小型门禁一并删除，可能遗漏依赖，故仍需最终 HITL 复核。"	"无首期实现影响；只保留为基线追溯，禁止误删原需求。"	"无首期实现影响；只保留为基线追溯，禁止误删原需求。"	"不进入 ProtocolVersion 1；不得为范围外能力预留未定义消息。"	"决定 MVP 多仓容量、安全联锁与异常恢复最小集 (../issues/05-decide-minimum-multislot-safety-and-recovery-set.md)"
"REQ-0318"	"../../../requirements/baselines/current-requirements-v1.0.0.md#req-0318"	"车辆离线时可以先恢复档案。 完成恢复只要求操作者为 SystemAdministrator、原 agvId …"	"8005 多仓位 AGV 项目；更窄边界以本条文本及来源票据为准"	"本场景不适用"	"本场景不适用"	"复核 02～11 票最终决议后保留候选结论：该条核心行为落在本地图已排除或未采用的AGV 身份、归档与恢复范围；不进入首期实现，但保留原基线身份并由决定 MVP 多仓容量、安全联锁与异常恢复最小集 (../issues/05-decide-minimum-multislot-safety-and-recovery-set.md)最终逐条复核。"	"AgvIdentity/RiotVehicleBinding/生命周期代次→业务就绪→会话与订单隔离"	"误纳入会引入范围外状态、页面或协议消息；误把其中可复用的小型门禁一并删除，可能遗漏依赖，故仍需最终 HITL 复核。"	"无首期实现影响；只保留为基线追溯，禁止误删原需求。"	"无首期实现影响；只保留为基线追溯，禁止误删原需求。"	"不进入 ProtocolVersion 1；不得为范围外能力预留未定义消息。"	"决定 MVP 多仓容量、安全联锁与异常恢复最小集 (../issues/05-decide-minimum-multislot-safety-and-recovery-set.md)"
"REQ-0319"	"../../../requirements/baselines/current-requirements-v1.0.0.md#req-0319"	"业务就绪要求完整、正面的新代次证据。 启用前必须验证新 VehicleCredential 并建立新代次 V…"	"8005 多仓位 AGV 项目；更窄边界以本条文本及来源票据为准"	"MVP 直接必须"	"MVP 直接必须"	"复核 02～11 票最终决议后保留候选结论：试运行前必须以正面新鲜证据证明 VehicleCredential、会话、配置和物理状态业务就绪。"	"AgvIdentity/RiotVehicleBinding/生命周期代次→业务就绪→会话与订单隔离"	"误删会使AGV 身份、归档与恢复主旅程或现场验收无法闭环，并可能造成重复执行、错误站点/仓位或不可证明完成。"	"掌握 AgvIdentity、RIoT 绑定和生命周期代次。"	"使用 VehicleCredential 建会话并证明本车业务就绪。"	"会话、命令和恢复消息绑定 AGV/代次/协议身份。"	"决定 MVP 多仓容量、安全联锁与异常恢复最小集 (../issues/05-decide-minimum-multislot-safety-and-recovery-set.md)"
"REQ-0320"	"../../../requirements/baselines/current-requirements-v1.0.0.md#req-0320"	"每次恢复尝试形成不可改写审计。 成功、失败、超时和结果未知均记录恢复尝试 ID、目标 agvId、归档原因和…"	"8005 多仓位 AGV 项目；更窄边界以本条文本及来源票据为准"	"本场景不适用"	"本场景不适用"	"复核 02～11 票最终决议后保留候选结论：该条核心行为落在本地图已排除或未采用的AGV 身份、归档与恢复范围；不进入首期实现，但保留原基线身份并由决定 MVP 多仓容量、安全联锁与异常恢复最小集 (../issues/05-decide-minimum-multislot-safety-and-recovery-set.md)最终逐条复核。"	"AgvIdentity/RiotVehicleBinding/生命周期代次→业务就绪→会话与订单隔离"	"误纳入会引入范围外状态、页面或协议消息；误把其中可复用的小型门禁一并删除，可能遗漏依赖，故仍需最终 HITL 复核。"	"无首期实现影响；只保留为基线追溯，禁止误删原需求。"	"无首期实现影响；只保留为基线追溯，禁止误删原需求。"	"不进入 ProtocolVersion 1；不得为范围外能力预留未定义消息。"	"决定 MVP 多仓容量、安全联锁与异常恢复最小集 (../issues/05-decide-minimum-multislot-safety-and-recovery-set.md)"
"REQ-0321"	"../../../requirements/baselines/current-requirements-v1.0.0.md#req-0321"	"机台侧站点只按命名规则自动识别。 一张 Map 内，只有 stationName 由一个至三个合法 MES …"	"8005 多仓位 AGV 项目；更窄边界以本条文本及来源票据为准"	"MVP 直接必须"	"MVP 直接必须"	"复核 02～11 票最终决议后保留候选结论：该条直接约束单 WIRE_TO_GATE 旅程的机台／公共站点绑定与建单对账；候选纳入首期，精确字段/状态仍由决定受控工厂试运行配置、执行顺序与验收证据 (../issues/11-decide-controlled-factory-pilot-configuration-and-acceptance-evidence.md)收口。"	"AREA 机台站/关卡公共功能绑定→不可变配置版本→TransportDemand 冻结→建单与结果对账"	"误删会使机台／公共站点绑定与建单对账主旅程或现场验收无法闭环，并可能造成重复执行、错误站点/仓位或不可证明完成。"	"解析机台与关卡绑定，持久化配置/建单对账。"	"按服务端冻结端点执行到站装卸。"	"携带站点/绑定版本、OrderIntent 和对账结果身份。"	"决定受控工厂试运行配置、执行顺序与验收证据 (../issues/11-decide-controlled-factory-pilot-configuration-and-acceptance-evidence.md)"
"REQ-0322"	"../../../requirements/baselines/current-requirements-v1.0.0.md#req-0322"	"AREA 必须唯一解析。 同一 AREA 没有匹配或同时命中多个 Station 时，相关新 Transpo…"	"8005 多仓位 AGV 项目；更窄边界以本条文本及来源票据为准"	"MVP 直接必须"	"MVP 直接必须"	"复核 02～11 票最终决议后保留候选结论：该条直接约束单 WIRE_TO_GATE 旅程的机台／公共站点绑定与建单对账；候选纳入首期，精确字段/状态仍由决定受控工厂试运行配置、执行顺序与验收证据 (../issues/11-decide-controlled-factory-pilot-configuration-and-acceptance-evidence.md)收口。"	"AREA 机台站/关卡公共功能绑定→不可变配置版本→TransportDemand 冻结→建单与结果对账"	"误删会使机台／公共站点绑定与建单对账主旅程或现场验收无法闭环，并可能造成重复执行、错误站点/仓位或不可证明完成。"	"解析机台与关卡绑定，持久化配置/建单对账。"	"按服务端冻结端点执行到站装卸。"	"携带站点/绑定版本、OrderIntent 和对账结果身份。"	"决定受控工厂试运行配置、执行顺序与验收证据 (../issues/11-decide-controlled-factory-pilot-configuration-and-acceptance-evidence.md)"
"REQ-0323"	"../../../requirements/baselines/current-requirements-v1.0.0.md#req-0323"	"非 AREA 命名站点不一律视为异常。 地图可以包含公共业务点、等待点、充电点及其它普通 Station；它…"	"8005 多仓位 AGV 项目；更窄边界以本条文本及来源票据为准"	"MVP 交互／安全依赖"	"MVP 交互／安全依赖"	"复核 02～11 票最终决议后保留候选结论：不要求在首期重建该条全部产品面，但机台／公共站点绑定与建单对账中的事实、门禁或恢复语义是本旅程正确性/安全性的前置依赖；由决定受控工厂试运行配置、执行顺序与验收证据 (../issues/11-decide-controlled-factory-pilot-configuration-and-acceptance-evidence.md)确认最小保留部分。"	"AREA 机台站/关卡公共功能绑定→不可变配置版本→TransportDemand 冻结→建单与结果对账"	"误删可能让机台／公共站点绑定与建单对账出现权威分叉、物理状态猜测、断联后重复副作用或无法恢复；误当完整首期功能则扩大范围。"	"解析机台与关卡绑定，持久化配置/建单对账。"	"按服务端冻结端点执行到站装卸。"	"携带站点/绑定版本、OrderIntent 和对账结果身份。"	"决定受控工厂试运行配置、执行顺序与验收证据 (../issues/11-decide-controlled-factory-pilot-configuration-and-acceptance-evidence.md)"
"REQ-0324"	"../../../requirements/baselines/current-requirements-v1.0.0.md#req-0324"	"公共业务点走独立绑定。 派工待送、烘箱、关卡、三光和氮气柜等使用 PublicStationFunction…"	"8005 多仓位 AGV 项目；更窄边界以本条文本及来源票据为准"	"MVP 直接必须"	"MVP 直接必须"	"复核 02～11 票最终决议后保留候选结论：该条直接约束单 WIRE_TO_GATE 旅程的机台／公共站点绑定与建单对账；候选纳入首期，精确字段/状态仍由决定受控工厂试运行配置、执行顺序与验收证据 (../issues/11-decide-controlled-factory-pilot-configuration-and-acceptance-evidence.md)收口。"	"AREA 机台站/关卡公共功能绑定→不可变配置版本→TransportDemand 冻结→建单与结果对账"	"误删会使机台／公共站点绑定与建单对账主旅程或现场验收无法闭环，并可能造成重复执行、错误站点/仓位或不可证明完成。"	"解析机台与关卡绑定，持久化配置/建单对账。"	"按服务端冻结端点执行到站装卸。"	"携带站点/绑定版本、OrderIntent 和对账结果身份。"	"决定受控工厂试运行配置、执行顺序与验收证据 (../issues/11-decide-controlled-factory-pilot-configuration-and-acceptance-evidence.md)"
"REQ-0325"	"../../../requirements/baselines/current-requirements-v1.0.0.md#req-0325"	"既有任务不被地图变化重写。 新任务只能使用当时唯一有效的 AREA 解析结果并冻结其 Station；后续改…"	"8005 多仓位 AGV 项目；更窄边界以本条文本及来源票据为准"	"MVP 直接必须"	"MVP 直接必须"	"复核 02～11 票最终决议后保留候选结论：该条直接约束单 WIRE_TO_GATE 旅程的机台／公共站点绑定与建单对账；候选纳入首期，精确字段/状态仍由决定受控工厂试运行配置、执行顺序与验收证据 (../issues/11-decide-controlled-factory-pilot-configuration-and-acceptance-evidence.md)收口。"	"AREA 机台站/关卡公共功能绑定→不可变配置版本→TransportDemand 冻结→建单与结果对账"	"误删会使机台／公共站点绑定与建单对账主旅程或现场验收无法闭环，并可能造成重复执行、错误站点/仓位或不可证明完成。"	"解析机台与关卡绑定，持久化配置/建单对账。"	"按服务端冻结端点执行到站装卸。"	"携带站点/绑定版本、OrderIntent 和对账结果身份。"	"决定受控工厂试运行配置、执行顺序与验收证据 (../issues/11-decide-controlled-factory-pilot-configuration-and-acceptance-evidence.md)"
"REQ-0326"	"../../../requirements/baselines/current-requirements-v1.0.0.md#req-0326"	"覆盖治理问题随能力一并消失。 覆盖的发现、录入、复核、批准、二次认证、版本、生效、回滚和审计均不属于当前需求…"	"8005 多仓位 AGV 项目；更窄边界以本条文本及来源票据为准"	"本场景不适用"	"本场景不适用"	"复核 02～11 票最终决议后保留候选结论：该条明确删除旧覆盖治理能力；MVP 不重建已被基线排除的覆盖流程。"	"AREA 机台站/关卡公共功能绑定→不可变配置版本→TransportDemand 冻结→建单与结果对账"	"误纳入会引入范围外状态、页面或协议消息；误把其中可复用的小型门禁一并删除，可能遗漏依赖，故仍需最终 HITL 复核。"	"无首期实现影响；只保留为基线追溯，禁止误删原需求。"	"无首期实现影响；只保留为基线追溯，禁止误删原需求。"	"不进入 ProtocolVersion 1；不得为范围外能力预留未定义消息。"	"决定受控工厂试运行配置、执行顺序与验收证据 (../issues/11-decide-controlled-factory-pilot-configuration-and-acceptance-evidence.md)"
"REQ-0327"	"../../../requirements/baselines/current-requirements-v1.0.0.md#req-0327"	"临时服务或容量问题，且原派发前提仍成立：保留绑定，在同一 DispatchGeneration 中以原 up…"	"8005 多仓位 AGV 项目；更窄边界以本条文本及来源票据为准"	"MVP 直接必须"	"MVP 直接必须"	"复核 02～11 票最终决议后保留候选结论：该条直接约束单 WIRE_TO_GATE 旅程的机台／公共站点绑定与建单对账；候选纳入首期，精确字段/状态仍由决定受控工厂试运行配置、执行顺序与验收证据 (../issues/11-decide-controlled-factory-pilot-configuration-and-acceptance-evidence.md)收口。"	"AREA 机台站/关卡公共功能绑定→不可变配置版本→TransportDemand 冻结→建单与结果对账"	"误删会使机台／公共站点绑定与建单对账主旅程或现场验收无法闭环，并可能造成重复执行、错误站点/仓位或不可证明完成。"	"解析机台与关卡绑定，持久化配置/建单对账。"	"按服务端冻结端点执行到站装卸。"	"携带站点/绑定版本、OrderIntent 和对账结果身份。"	"决定受控工厂试运行配置、执行顺序与验收证据 (../issues/11-decide-controlled-factory-pilot-configuration-and-acceptance-evidence.md)"
"REQ-0328"	"../../../requirements/baselines/current-requirements-v1.0.0.md#req-0328"	"仅当前车辆已不符合资格：在确认无 RIoT 订单后释放原车，TransportDemand 退回调度；若改选…"	"8005 多仓位 AGV 项目；更窄边界以本条文本及来源票据为准"	"本场景不适用"	"本场景不适用"	"复核 02～11 票最终决议后保留候选结论：单车 MVP 不发生释放原车后改选其它车辆；失去资格时应等待/阻断，故本条候选不适用。"	"AREA 机台站/关卡公共功能绑定→不可变配置版本→TransportDemand 冻结→建单与结果对账"	"误纳入会引入范围外状态、页面或协议消息；误把其中可复用的小型门禁一并删除，可能遗漏依赖，故仍需最终 HITL 复核。"	"无首期实现影响；只保留为基线追溯，禁止误删原需求。"	"无首期实现影响；只保留为基线追溯，禁止误删原需求。"	"不进入 ProtocolVersion 1；不得为范围外能力预留未定义消息。"	"决定受控工厂试运行配置、执行顺序与验收证据 (../issues/11-decide-controlled-factory-pilot-configuration-and-acceptance-evidence.md)"
"REQ-0329"	"../../../requirements/baselines/current-requirements-v1.0.0.md#req-0329"	"需求、端点、契约或鉴权问题：释放车辆但阻断该 TransportDemand，修复前不自动重派。"	"8005 多仓位 AGV 项目；更窄边界以本条文本及来源票据为准"	"MVP 直接必须"	"MVP 直接必须"	"复核 02～11 票最终决议后保留候选结论：该条直接约束单 WIRE_TO_GATE 旅程的机台／公共站点绑定与建单对账；候选纳入首期，精确字段/状态仍由决定受控工厂试运行配置、执行顺序与验收证据 (../issues/11-decide-controlled-factory-pilot-configuration-and-acceptance-evidence.md)收口。"	"AREA 机台站/关卡公共功能绑定→不可变配置版本→TransportDemand 冻结→建单与结果对账"	"误删会使机台／公共站点绑定与建单对账主旅程或现场验收无法闭环，并可能造成重复执行、错误站点/仓位或不可证明完成。"	"解析机台与关卡绑定，持久化配置/建单对账。"	"按服务端冻结端点执行到站装卸。"	"携带站点/绑定版本、OrderIntent 和对账结果身份。"	"决定受控工厂试运行配置、执行顺序与验收证据 (../issues/11-decide-controlled-factory-pilot-configuration-and-acceptance-evidence.md)"
"REQ-0330"	"../../../requirements/baselines/current-requirements-v1.0.0.md#req-0330"	"查到订单时，只有存在唯一非终态订单，且其 upperId、指定车辆及当前 AgvLifecycleGener…"	"8005 多仓位 AGV 项目；更窄边界以本条文本及来源票据为准"	"MVP 直接必须"	"MVP 直接必须"	"复核 02～11 票最终决议后保留候选结论：该条直接约束单 WIRE_TO_GATE 旅程的机台／公共站点绑定与建单对账；候选纳入首期，精确字段/状态仍由决定受控工厂试运行配置、执行顺序与验收证据 (../issues/11-decide-controlled-factory-pilot-configuration-and-acceptance-evidence.md)收口。"	"AREA 机台站/关卡公共功能绑定→不可变配置版本→TransportDemand 冻结→建单与结果对账"	"误删会使机台／公共站点绑定与建单对账主旅程或现场验收无法闭环，并可能造成重复执行、错误站点/仓位或不可证明完成。"	"解析机台与关卡绑定，持久化配置/建单对账。"	"按服务端冻结端点执行到站装卸。"	"携带站点/绑定版本、OrderIntent 和对账结果身份。"	"决定受控工厂试运行配置、执行顺序与验收证据 (../issues/11-decide-controlled-factory-pilot-configuration-and-acceptance-evidence.md)"
"REQ-0331"	"../../../requirements/baselines/current-requirements-v1.0.0.md#req-0331"	"查到多单、字段不一致或无法完整核验时，继续阻断，不得接管、释放或重派。"	"8005 多仓位 AGV 项目；更窄边界以本条文本及来源票据为准"	"MVP 直接必须"	"MVP 直接必须"	"复核 02～11 票最终决议后保留候选结论：该条直接约束单 WIRE_TO_GATE 旅程的机台／公共站点绑定与建单对账；候选纳入首期，精确字段/状态仍由决定受控工厂试运行配置、执行顺序与验收证据 (../issues/11-decide-controlled-factory-pilot-configuration-and-acceptance-evidence.md)收口。"	"AREA 机台站/关卡公共功能绑定→不可变配置版本→TransportDemand 冻结→建单与结果对账"	"误删会使机台／公共站点绑定与建单对账主旅程或现场验收无法闭环，并可能造成重复执行、错误站点/仓位或不可证明完成。"	"解析机台与关卡绑定，持久化配置/建单对账。"	"按服务端冻结端点执行到站装卸。"	"携带站点/绑定版本、OrderIntent 和对账结果身份。"	"决定受控工厂试运行配置、执行顺序与验收证据 (../issues/11-decide-controlled-factory-pilot-configuration-and-acceptance-evidence.md)"
"REQ-0332"	"../../../requirements/baselines/current-requirements-v1.0.0.md#req-0332"	"可靠确认订单不存在时，在原前提仍成立的范围内保留绑定，以原 upperId 有限重试；次数和退避时长仍留给正…"	"8005 多仓位 AGV 项目；更窄边界以本条文本及来源票据为准"	"MVP 直接必须"	"MVP 直接必须"	"复核 02～11 票最终决议后保留候选结论：该条直接约束单 WIRE_TO_GATE 旅程的机台／公共站点绑定与建单对账；候选纳入首期，精确字段/状态仍由决定受控工厂试运行配置、执行顺序与验收证据 (../issues/11-decide-controlled-factory-pilot-configuration-and-acceptance-evidence.md)收口。"	"AREA 机台站/关卡公共功能绑定→不可变配置版本→TransportDemand 冻结→建单与结果对账"	"误删会使机台／公共站点绑定与建单对账主旅程或现场验收无法闭环，并可能造成重复执行、错误站点/仓位或不可证明完成。"	"解析机台与关卡绑定，持久化配置/建单对账。"	"按服务端冻结端点执行到站装卸。"	"携带站点/绑定版本、OrderIntent 和对账结果身份。"	"决定受控工厂试运行配置、执行顺序与验收证据 (../issues/11-decide-controlled-factory-pilot-configuration-and-acceptance-evidence.md)"
"REQ-0333"	"../../../requirements/baselines/current-requirements-v1.0.0.md#req-0333"	"建单调用和对账结果同时未知时，进入“建单结果双重未知”：继续保留全部绑定并升级告警，不因时间、重试次数或任何…"	"8005 多仓位 AGV 项目；更窄边界以本条文本及来源票据为准"	"MVP 直接必须"	"MVP 直接必须"	"复核 02～11 票最终决议后保留候选结论：该条直接约束单 WIRE_TO_GATE 旅程的机台／公共站点绑定与建单对账；候选纳入首期，精确字段/状态仍由决定受控工厂试运行配置、执行顺序与验收证据 (../issues/11-decide-controlled-factory-pilot-configuration-and-acceptance-evidence.md)收口。"	"AREA 机台站/关卡公共功能绑定→不可变配置版本→TransportDemand 冻结→建单与结果对账"	"误删会使机台／公共站点绑定与建单对账主旅程或现场验收无法闭环，并可能造成重复执行、错误站点/仓位或不可证明完成。"	"解析机台与关卡绑定，持久化配置/建单对账。"	"按服务端冻结端点执行到站装卸。"	"携带站点/绑定版本、OrderIntent 和对账结果身份。"	"决定受控工厂试运行配置、执行顺序与验收证据 (../issues/11-decide-controlled-factory-pilot-configuration-and-acceptance-evidence.md)"
"REQ-0334"	"../../../requirements/baselines/current-requirements-v1.0.0.md#req-0334"	"规范绑定键是 mapId + PublicStationFunction。 TASK_TYPE 只通过受控的…"	"8005 多仓位 AGV 项目；更窄边界以本条文本及来源票据为准"	"MVP 直接必须"	"MVP 直接必须"	"复核 02～11 票最终决议后保留候选结论：该条直接约束单 WIRE_TO_GATE 旅程的机台／公共站点绑定与建单对账；候选纳入首期，精确字段/状态仍由决定受控工厂试运行配置、执行顺序与验收证据 (../issues/11-decide-controlled-factory-pilot-configuration-and-acceptance-evidence.md)收口。"	"AREA 机台站/关卡公共功能绑定→不可变配置版本→TransportDemand 冻结→建单与结果对账"	"误删会使机台／公共站点绑定与建单对账主旅程或现场验收无法闭环，并可能造成重复执行、错误站点/仓位或不可证明完成。"	"解析机台与关卡绑定，持久化配置/建单对账。"	"按服务端冻结端点执行到站装卸。"	"携带站点/绑定版本、OrderIntent 和对账结果身份。"	"决定受控工厂试运行配置、执行顺序与验收证据 (../issues/11-decide-controlled-factory-pilot-configuration-and-acceptance-evidence.md)"
"REQ-0335"	"../../../requirements/baselines/current-requirements-v1.0.0.md#req-0335"	"Map 目录可见不等于公共站点就绪。 MapPublicStationRequirementSet 是该 M…"	"8005 多仓位 AGV 项目；更窄边界以本条文本及来源票据为准"	"MVP 直接必须"	"MVP 直接必须"	"复核 02～11 票最终决议后保留候选结论：该条直接约束单 WIRE_TO_GATE 旅程的机台／公共站点绑定与建单对账；候选纳入首期，精确字段/状态仍由决定受控工厂试运行配置、执行顺序与验收证据 (../issues/11-decide-controlled-factory-pilot-configuration-and-acceptance-evidence.md)收口。"	"AREA 机台站/关卡公共功能绑定→不可变配置版本→TransportDemand 冻结→建单与结果对账"	"误删会使机台／公共站点绑定与建单对账主旅程或现场验收无法闭环，并可能造成重复执行、错误站点/仓位或不可证明完成。"	"解析机台与关卡绑定，持久化配置/建单对账。"	"按服务端冻结端点执行到站装卸。"	"携带站点/绑定版本、OrderIntent 和对账结果身份。"	"决定受控工厂试运行配置、执行顺序与验收证据 (../issues/11-decide-controlled-factory-pilot-configuration-and-acceptance-evidence.md)"
"REQ-0336"	"../../../requirements/baselines/current-requirements-v1.0.0.md#req-0336"	"现场核对与配置激活遵守现有两级管理员权限。 MaintenanceAdministrator 可识别公共功能…"	"8005 多仓位 AGV 项目；更窄边界以本条文本及来源票据为准"	"MVP 交互／安全依赖"	"MVP 交互／安全依赖"	"复核 02～11 票最终决议后保留候选结论：不要求在首期重建该条全部产品面，但机台／公共站点绑定与建单对账中的事实、门禁或恢复语义是本旅程正确性/安全性的前置依赖；由决定受控工厂试运行配置、执行顺序与验收证据 (../issues/11-decide-controlled-factory-pilot-configuration-and-acceptance-evidence.md)确认最小保留部分。"	"AREA 机台站/关卡公共功能绑定→不可变配置版本→TransportDemand 冻结→建单与结果对账"	"误删可能让机台／公共站点绑定与建单对账出现权威分叉、物理状态猜测、断联后重复副作用或无法恢复；误当完整首期功能则扩大范围。"	"解析机台与关卡绑定，持久化配置/建单对账。"	"按服务端冻结端点执行到站装卸。"	"携带站点/绑定版本、OrderIntent 和对账结果身份。"	"决定受控工厂试运行配置、执行顺序与验收证据 (../issues/11-decide-controlled-factory-pilot-configuration-and-acceptance-evidence.md)"
"REQ-0337"	"../../../requirements/baselines/current-requirements-v1.0.0.md#req-0337"	"每张 Map 以完整不可变绑定集版本生效。 PublicStationBindingSetVersion 保…"	"8005 多仓位 AGV 项目；更窄边界以本条文本及来源票据为准"	"MVP 交互／安全依赖"	"MVP 交互／安全依赖"	"复核 02～11 票最终决议后保留候选结论：不要求在首期重建该条全部产品面，但机台／公共站点绑定与建单对账中的事实、门禁或恢复语义是本旅程正确性/安全性的前置依赖；由决定受控工厂试运行配置、执行顺序与验收证据 (../issues/11-decide-controlled-factory-pilot-configuration-and-acceptance-evidence.md)确认最小保留部分。"	"AREA 机台站/关卡公共功能绑定→不可变配置版本→TransportDemand 冻结→建单与结果对账"	"误删可能让机台／公共站点绑定与建单对账出现权威分叉、物理状态猜测、断联后重复副作用或无法恢复；误当完整首期功能则扩大范围。"	"解析机台与关卡绑定，持久化配置/建单对账。"	"按服务端冻结端点执行到站装卸。"	"携带站点/绑定版本、OrderIntent 和对账结果身份。"	"决定受控工厂试运行配置、执行顺序与验收证据 (../issues/11-decide-controlled-factory-pilot-configuration-and-acceptance-evidence.md)"
"REQ-0338"	"../../../requirements/baselines/current-requirements-v1.0.0.md#req-0338"	"激活必须 fail-closed 验证完整性。 候选必须使用当前新鲜的 MapStationCatalogS…"	"8005 多仓位 AGV 项目；更窄边界以本条文本及来源票据为准"	"MVP 交互／安全依赖"	"MVP 交互／安全依赖"	"复核 02～11 票最终决议后保留候选结论：不要求在首期重建该条全部产品面，但机台／公共站点绑定与建单对账中的事实、门禁或恢复语义是本旅程正确性/安全性的前置依赖；由决定受控工厂试运行配置、执行顺序与验收证据 (../issues/11-decide-controlled-factory-pilot-configuration-and-acceptance-evidence.md)确认最小保留部分。"	"AREA 机台站/关卡公共功能绑定→不可变配置版本→TransportDemand 冻结→建单与结果对账"	"误删可能让机台／公共站点绑定与建单对账出现权威分叉、物理状态猜测、断联后重复副作用或无法恢复；误当完整首期功能则扩大范围。"	"解析机台与关卡绑定，持久化配置/建单对账。"	"按服务端冻结端点执行到站装卸。"	"携带站点/绑定版本、OrderIntent 和对账结果身份。"	"决定受控工厂试运行配置、执行顺序与验收证据 (../issues/11-decide-controlled-factory-pilot-configuration-and-acceptance-evidence.md)"
"REQ-0339"	"../../../requirements/baselines/current-requirements-v1.0.0.md#req-0339"	"敏感生效动作要求新鲜二次认证，但不增加另一批准人。 激活新版本、重新激活被暂停绑定、回滚，以及移除当前生效绑…"	"8005 多仓位 AGV 项目；更窄边界以本条文本及来源票据为准"	"首期延后"	"首期延后"	"复核 02～11 票最终决议后保留候选结论：该条属于长期机台／公共站点绑定与建单对账能力或完整治理面，指定单车、单图、单 Demand 试运行无需先实现；若后续决策证明进入必要链再升级。"	"AREA 机台站/关卡公共功能绑定→不可变配置版本→TransportDemand 冻结→建单与结果对账"	"过早纳入会扩大首期和联调面；若后续证明它是安全/验收必要链却未升级，则会形成隐藏缺口。"	"解析机台与关卡绑定，持久化配置/建单对账。"	"按服务端冻结端点执行到站装卸。"	"携带站点/绑定版本、OrderIntent 和对账结果身份。"	"决定受控工厂试运行配置、执行顺序与验收证据 (../issues/11-decide-controlled-factory-pilot-configuration-and-acceptance-evidence.md)"
"REQ-0340"	"../../../requirements/baselines/current-requirements-v1.0.0.md#req-0340"	"可疑绑定可以立即收紧，恢复必须严格重验。 MaintenanceAdministrator 或 System…"	"8005 多仓位 AGV 项目；更窄边界以本条文本及来源票据为准"	"MVP 交互／安全依赖"	"MVP 交互／安全依赖"	"复核 02～11 票最终决议后保留候选结论：不要求在首期重建该条全部产品面，但机台／公共站点绑定与建单对账中的事实、门禁或恢复语义是本旅程正确性/安全性的前置依赖；由决定受控工厂试运行配置、执行顺序与验收证据 (../issues/11-decide-controlled-factory-pilot-configuration-and-acceptance-evidence.md)确认最小保留部分。"	"AREA 机台站/关卡公共功能绑定→不可变配置版本→TransportDemand 冻结→建单与结果对账"	"误删可能让机台／公共站点绑定与建单对账出现权威分叉、物理状态猜测、断联后重复副作用或无法恢复；误当完整首期功能则扩大范围。"	"解析机台与关卡绑定，持久化配置/建单对账。"	"按服务端冻结端点执行到站装卸。"	"携带站点/绑定版本、OrderIntent 和对账结果身份。"	"决定受控工厂试运行配置、执行顺序与验收证据 (../issues/11-decide-controlled-factory-pilot-configuration-and-acceptance-evidence.md)"
"REQ-0341"	"../../../requirements/baselines/current-requirements-v1.0.0.md#req-0341"	"目录变化按稳定身份与语义风险分类。 同一 mapId + stationId 只改名时，名称不改变 Stat…"	"8005 多仓位 AGV 项目；更窄边界以本条文本及来源票据为准"	"MVP 交互／安全依赖"	"MVP 交互／安全依赖"	"复核 02～11 票最终决议后保留候选结论：不要求在首期重建该条全部产品面，但机台／公共站点绑定与建单对账中的事实、门禁或恢复语义是本旅程正确性/安全性的前置依赖；由决定受控工厂试运行配置、执行顺序与验收证据 (../issues/11-decide-controlled-factory-pilot-configuration-and-acceptance-evidence.md)确认最小保留部分。"	"AREA 机台站/关卡公共功能绑定→不可变配置版本→TransportDemand 冻结→建单与结果对账"	"误删可能让机台／公共站点绑定与建单对账出现权威分叉、物理状态猜测、断联后重复副作用或无法恢复；误当完整首期功能则扩大范围。"	"解析机台与关卡绑定，持久化配置/建单对账。"	"按服务端冻结端点执行到站装卸。"	"携带站点/绑定版本、OrderIntent 和对账结果身份。"	"决定受控工厂试运行配置、执行顺序与验收证据 (../issues/11-decide-controlled-factory-pilot-configuration-and-acceptance-evidence.md)"
"REQ-0342"	"../../../requirements/baselines/current-requirements-v1.0.0.md#req-0342"	"变化影响以必要范围收敛。 单一站点变化只阻断依赖受影响 PublicStationFunction 的新使用…"	"8005 多仓位 AGV 项目；更窄边界以本条文本及来源票据为准"	"MVP 交互／安全依赖"	"MVP 交互／安全依赖"	"复核 02～11 票最终决议后保留候选结论：不要求在首期重建该条全部产品面，但机台／公共站点绑定与建单对账中的事实、门禁或恢复语义是本旅程正确性/安全性的前置依赖；由决定受控工厂试运行配置、执行顺序与验收证据 (../issues/11-decide-controlled-factory-pilot-configuration-and-acceptance-evidence.md)确认最小保留部分。"	"AREA 机台站/关卡公共功能绑定→不可变配置版本→TransportDemand 冻结→建单与结果对账"	"误删可能让机台／公共站点绑定与建单对账出现权威分叉、物理状态猜测、断联后重复副作用或无法恢复；误当完整首期功能则扩大范围。"	"解析机台与关卡绑定，持久化配置/建单对账。"	"按服务端冻结端点执行到站装卸。"	"携带站点/绑定版本、OrderIntent 和对账结果身份。"	"决定受控工厂试运行配置、执行顺序与验收证据 (../issues/11-decide-controlled-factory-pilot-configuration-and-acceptance-evidence.md)"
"REQ-0343"	"../../../requirements/baselines/current-requirements-v1.0.0.md#req-0343"	"任务类型—功能关系本身也必须版本化。 TaskTypePublicStationRuleVersion 固定…"	"8005 多仓位 AGV 项目；更窄边界以本条文本及来源票据为准"	"MVP 直接必须"	"MVP 直接必须"	"复核 02～11 票最终决议后保留候选结论：该条直接约束单 WIRE_TO_GATE 旅程的机台／公共站点绑定与建单对账；候选纳入首期，精确字段/状态仍由决定受控工厂试运行配置、执行顺序与验收证据 (../issues/11-decide-controlled-factory-pilot-configuration-and-acceptance-evidence.md)收口。"	"AREA 机台站/关卡公共功能绑定→不可变配置版本→TransportDemand 冻结→建单与结果对账"	"误删会使机台／公共站点绑定与建单对账主旅程或现场验收无法闭环，并可能造成重复执行、错误站点/仓位或不可证明完成。"	"解析机台与关卡绑定，持久化配置/建单对账。"	"按服务端冻结端点执行到站装卸。"	"携带站点/绑定版本、OrderIntent 和对账结果身份。"	"决定受控工厂试运行配置、执行顺序与验收证据 (../issues/11-decide-controlled-factory-pilot-configuration-and-acceptance-evidence.md)"
"REQ-0344"	"../../../requirements/baselines/current-requirements-v1.0.0.md#req-0344"	"TransportDemand 冻结规则、站点和所依赖版本。 新建 TransportDemand 记录其 …"	"8005 多仓位 AGV 项目；更窄边界以本条文本及来源票据为准"	"MVP 直接必须"	"MVP 直接必须"	"复核 02～11 票最终决议后保留候选结论：该条直接约束单 WIRE_TO_GATE 旅程的机台／公共站点绑定与建单对账；候选纳入首期，精确字段/状态仍由决定受控工厂试运行配置、执行顺序与验收证据 (../issues/11-decide-controlled-factory-pilot-configuration-and-acceptance-evidence.md)收口。"	"AREA 机台站/关卡公共功能绑定→不可变配置版本→TransportDemand 冻结→建单与结果对账"	"误删会使机台／公共站点绑定与建单对账主旅程或现场验收无法闭环，并可能造成重复执行、错误站点/仓位或不可证明完成。"	"解析机台与关卡绑定，持久化配置/建单对账。"	"按服务端冻结端点执行到站装卸。"	"携带站点/绑定版本、OrderIntent 和对账结果身份。"	"决定受控工厂试运行配置、执行顺序与验收证据 (../issues/11-decide-controlled-factory-pilot-configuration-and-acceptance-evidence.md)"
"REQ-0345"	"../../../requirements/baselines/current-requirements-v1.0.0.md#req-0345"	"已存在的 RIoT 订单不被配置变化自动取消。 已建单或正在执行的移动继续按 OrderRef 观察、对账和…"	"8005 多仓位 AGV 项目；更窄边界以本条文本及来源票据为准"	"MVP 直接必须"	"MVP 直接必须"	"复核 02～11 票最终决议后保留候选结论：该条直接约束单 WIRE_TO_GATE 旅程的机台／公共站点绑定与建单对账；候选纳入首期，精确字段/状态仍由决定受控工厂试运行配置、执行顺序与验收证据 (../issues/11-decide-controlled-factory-pilot-configuration-and-acceptance-evidence.md)收口。"	"AREA 机台站/关卡公共功能绑定→不可变配置版本→TransportDemand 冻结→建单与结果对账"	"误删会使机台／公共站点绑定与建单对账主旅程或现场验收无法闭环，并可能造成重复执行、错误站点/仓位或不可证明完成。"	"解析机台与关卡绑定，持久化配置/建单对账。"	"按服务端冻结端点执行到站装卸。"	"携带站点/绑定版本、OrderIntent 和对账结果身份。"	"决定受控工厂试运行配置、执行顺序与验收证据 (../issues/11-decide-controlled-factory-pilot-configuration-and-acceptance-evidence.md)"
"REQ-0346"	"../../../requirements/baselines/current-requirements-v1.0.0.md#req-0346"	"回滚是受控的新激活，不是历史覆盖。 SystemAdministrator 只可选择旧不可变版本的内容，在当…"	"8005 多仓位 AGV 项目；更窄边界以本条文本及来源票据为准"	"首期延后"	"首期延后"	"复核 02～11 票最终决议后保留候选结论：该条属于长期机台／公共站点绑定与建单对账能力或完整治理面，指定单车、单图、单 Demand 试运行无需先实现；若后续决策证明进入必要链再升级。"	"AREA 机台站/关卡公共功能绑定→不可变配置版本→TransportDemand 冻结→建单与结果对账"	"过早纳入会扩大首期和联调面；若后续证明它是安全/验收必要链却未升级，则会形成隐藏缺口。"	"解析机台与关卡绑定，持久化配置/建单对账。"	"按服务端冻结端点执行到站装卸。"	"携带站点/绑定版本、OrderIntent 和对账结果身份。"	"决定受控工厂试运行配置、执行顺序与验收证据 (../issues/11-decide-controlled-factory-pilot-configuration-and-acceptance-evidence.md)"
"REQ-0347"	"../../../requirements/baselines/current-requirements-v1.0.0.md#req-0347"	"激活结果未知时不猜测生效版本。 激活、恢复或回滚超时、断联或返回矛盾结果时，相关 Map 暂停新的公共站点使…"	"8005 多仓位 AGV 项目；更窄边界以本条文本及来源票据为准"	"MVP 交互／安全依赖"	"MVP 交互／安全依赖"	"复核 02～11 票最终决议后保留候选结论：不要求在首期重建该条全部产品面，但机台／公共站点绑定与建单对账中的事实、门禁或恢复语义是本旅程正确性/安全性的前置依赖；由决定受控工厂试运行配置、执行顺序与验收证据 (../issues/11-decide-controlled-factory-pilot-configuration-and-acceptance-evidence.md)确认最小保留部分。"	"AREA 机台站/关卡公共功能绑定→不可变配置版本→TransportDemand 冻结→建单与结果对账"	"误删可能让机台／公共站点绑定与建单对账出现权威分叉、物理状态猜测、断联后重复副作用或无法恢复；误当完整首期功能则扩大范围。"	"解析机台与关卡绑定，持久化配置/建单对账。"	"按服务端冻结端点执行到站装卸。"	"携带站点/绑定版本、OrderIntent 和对账结果身份。"	"决定受控工厂试运行配置、执行顺序与验收证据 (../issues/11-decide-controlled-factory-pilot-configuration-and-acceptance-evidence.md)"
"REQ-0348"	"../../../requirements/baselines/current-requirements-v1.0.0.md#req-0348"	"全部操作和变化证据必须不可改写地审计。 在票据 71 已批准字段之外，记录 Map、PublicStatio…"	"8005 多仓位 AGV 项目；更窄边界以本条文本及来源票据为准"	"MVP 交互／安全依赖"	"MVP 交互／安全依赖"	"复核 02～11 票最终决议后保留候选结论：不要求在首期重建该条全部产品面，但机台／公共站点绑定与建单对账中的事实、门禁或恢复语义是本旅程正确性/安全性的前置依赖；由决定受控工厂试运行配置、执行顺序与验收证据 (../issues/11-decide-controlled-factory-pilot-configuration-and-acceptance-evidence.md)确认最小保留部分。"	"AREA 机台站/关卡公共功能绑定→不可变配置版本→TransportDemand 冻结→建单与结果对账"	"误删可能让机台／公共站点绑定与建单对账出现权威分叉、物理状态猜测、断联后重复副作用或无法恢复；误当完整首期功能则扩大范围。"	"解析机台与关卡绑定，持久化配置/建单对账。"	"按服务端冻结端点执行到站装卸。"	"携带站点/绑定版本、OrderIntent 和对账结果身份。"	"决定受控工厂试运行配置、执行顺序与验收证据 (../issues/11-decide-controlled-factory-pilot-configuration-and-acceptance-evidence.md)"
