RequirementId	Title	OriginalScope	MvpFinalClassification	ControlServerImpact	OnboardHmiImpact	SharedProtocolImpact	FullProductCluster	ClusterBasis	Batch	Batch0FormNote	PreviousBatch	ChangeProposal
REQ-0001	遵循 ADR-mes-0006 的边界：MesIngest 只拥有 MES 接入事实和外部可读目录，不拥有 …	8005 MesIngest Windows Service、Host/领域投影、SQL Server、版本化 API/OpenAPI、MesIngestWatch 与外部可读目录	MVP 直接必须	读取并冻结目录身份；不得重建 MES 事实。	仅展示服务端已接受的 Demand 摘要，不自行读取 MES。	需要携带已接受执行身份和必要来源修订，不复制 MesIngest DTO。	FP-B0 批次 0 候选（MVP 已覆盖）	MVP 剖面 FinalClassification=MVP 直接必须	BATCH-0		BATCH-0	
REQ-0002	遵循 ADR-mes-0007 的技术栈：全 C#、.NET 8 Windows Service、WPF 薄…	8005 MesIngest Windows Service、Host/领域投影、SQL Server、版本化 API/OpenAPI、MesIngestWatch 与外部可读目录	MVP 交互／安全依赖	读取并冻结目录身份；不得重建 MES 事实。	仅展示服务端已接受的 Demand 摘要，不自行读取 MES。	需要携带已接受执行身份和必要来源修订，不复制 MesIngest DTO。	FP-B0 批次 0 候选（MVP 已覆盖）	MVP 剖面 FinalClassification=MVP 交互／安全依赖	BATCH-0		BATCH-0	
REQ-0003	正式 MES_TASK_UNION 仍是六类任务的开发与发布唯一查询原稿；生产代码不得复制一份会漂移的 SQ…	8005 MesIngest Windows Service、Host/领域投影、SQL Server、版本化 API/OpenAPI、MesIngestWatch 与外部可读目录	MVP 交互／安全依赖	读取并冻结目录身份；不得重建 MES 事实。	仅展示服务端已接受的 Demand 摘要，不自行读取 MES。	需要携带已接受执行身份和必要来源修订，不复制 MesIngest DTO。	FP-B0 批次 0 候选（MVP 已覆盖）	MVP 剖面 FinalClassification=MVP 交互／安全依赖	BATCH-0		BATCH-0	
REQ-0004	MesTaskUnionRound 只有 SUCCESS、FAILURE、INCOMPLETE 三类结果。只…	8005 MesIngest Windows Service、Host/领域投影、SQL Server、版本化 API/OpenAPI、MesIngestWatch 与外部可读目录	MVP 交互／安全依赖	读取并冻结目录身份；不得重建 MES 事实。	仅展示服务端已接受的 Demand 摘要，不自行读取 MES。	需要携带已接受执行身份和必要来源修订，不复制 MesIngest DTO。	FP-B0 批次 0 候选（MVP 已覆盖）	MVP 剖面 FinalClassification=MVP 交互／安全依赖	BATCH-0		BATCH-0	
REQ-0005	PollTraceId 及其规范化内容摘要构成轮次幂等边界；相同 id、相同内容不产生副作用，相同 id、不…	8005 MesIngest Windows Service、Host/领域投影、SQL Server、版本化 API/OpenAPI、MesIngestWatch 与外部可读目录	MVP 交互／安全依赖	读取并冻结目录身份；不得重建 MES 事实。	仅展示服务端已接受的 Demand 摘要，不自行读取 MES。	需要携带已接受执行身份和必要来源修订，不复制 MesIngest DTO。	FP-B0 批次 0 候选（MVP 已覆盖）	MVP 剖面 FinalClassification=MVP 交互／安全依赖	BATCH-0		BATCH-0	
REQ-0006	每个 SUCCESS 使用一个 ProjectionCommit 原子提交轮次涉及的 PollTrace、D…	8005 MesIngest Windows Service、Host/领域投影、SQL Server、版本化 API/OpenAPI、MesIngestWatch 与外部可读目录	MVP 交互／安全依赖	读取并冻结目录身份；不得重建 MES 事实。	仅展示服务端已接受的 Demand 摘要，不自行读取 MES。	需要携带已接受执行身份和必要来源修订，不复制 MesIngest DTO。	FP-B0 批次 0 候选（MVP 已覆盖）	MVP 剖面 FinalClassification=MVP 交互／安全依赖	BATCH-0		BATCH-0	
REQ-0007	原始行按稳定规范化内容排序后作为多重集合比较；数据库返回顺序本身不构成业务变化。	8005 MesIngest Windows Service、Host/领域投影、SQL Server、版本化 API/OpenAPI、MesIngestWatch 与外部可读目录	MVP 交互／安全依赖	读取并冻结目录身份；不得重建 MES 事实。	仅展示服务端已接受的 Demand 摘要，不自行读取 MES。	需要携带已接受执行身份和必要来源修订，不复制 MesIngest DTO。	FP-B0 批次 0 候选（MVP 已覆盖）	MVP 剖面 FinalClassification=MVP 交互／安全依赖	BATCH-0		BATCH-0	
REQ-0008	缺少 SUBLOT 或 TASK_TYPE 的行形成 UnassignedMesObservation 并归…	8005 MesIngest Windows Service、Host/领域投影、SQL Server、版本化 API/OpenAPI、MesIngestWatch 与外部可读目录	MVP 交互／安全依赖	读取并冻结目录身份；不得重建 MES 事实。	仅展示服务端已接受的 Demand 摘要，不自行读取 MES。	需要携带已接受执行身份和必要来源修订，不复制 MesIngest DTO。	FP-B0 批次 0 候选（MVP 已覆盖）	MVP 剖面 FinalClassification=MVP 交互／安全依赖	BATCH-0		BATCH-0	
REQ-0009	DemandSeries 由大小写与空白规则明确的 TransportDemandKey（SUBLOT + …	8005 MesIngest Windows Service、Host/领域投影、SQL Server、版本化 API/OpenAPI、MesIngestWatch 与外部可读目录	MVP 交互／安全依赖	读取并冻结目录身份；不得重建 MES 事实。	仅展示服务端已接受的 Demand 摘要，不自行读取 MES。	需要携带已接受执行身份和必要来源修订，不复制 MesIngest DTO。	FP-B0 批次 0 候选（MVP 已覆盖）	MVP 剖面 FinalClassification=MVP 交互／安全依赖	BATCH-0		BATCH-0	
REQ-0010	DemandSeries 第一次本地观察时开始，稳定 SeriesId 永不因 GONE、重现或归档后可见而…	8005 MesIngest Windows Service、Host/领域投影、SQL Server、版本化 API/OpenAPI、MesIngestWatch 与外部可读目录	MVP 交互／安全依赖	读取并冻结目录身份；不得重建 MES 事实。	仅展示服务端已接受的 Demand 摘要，不自行读取 MES。	需要携带已接受执行身份和必要来源修订，不复制 MesIngest DTO。	FP-B0 批次 0 候选（MVP 已覆盖）	MVP 剖面 FinalClassification=MVP 交互／安全依赖	BATCH-0		BATCH-0	
REQ-0011	TransportDemand 是 DemandSeries 内的一代实例。当前 Demand GONE 后…	8005 MesIngest Windows Service、Host/领域投影、SQL Server、版本化 API/OpenAPI、MesIngestWatch 与外部可读目录	MVP 交互／安全依赖	读取并冻结目录身份；不得重建 MES 事实。	仅展示服务端已接受的 Demand 摘要，不自行读取 MES。	需要携带已接受执行身份和必要来源修订，不复制 MesIngest DTO。	FP-B0 批次 0 候选（MVP 已覆盖）	MVP 剖面 FinalClassification=MVP 交互／安全依赖	BATCH-0		BATCH-0	
REQ-0012	当前 VISIBLE Demand 的唯一原始行实时形成 LiveMesFieldSet；AREA、EQP、…	8005 MesIngest Windows Service、Host/领域投影、SQL Server、版本化 API/OpenAPI、MesIngestWatch 与外部可读目录	MVP 交互／安全依赖	读取并冻结目录身份；不得重建 MES 事实。	仅展示服务端已接受的 Demand 摘要，不自行读取 MES。	需要携带已接受执行身份和必要来源修订，不复制 MesIngest DTO。	FP-B0 批次 0 候选（MVP 已覆盖）	MVP 剖面 FinalClassification=MVP 交互／安全依赖	BATCH-0		BATCH-0	
REQ-0013	DuplicateTransportDemandKeyObservation 保存同键的全部规范化原始行，不…	8005 MesIngest Windows Service、Host/领域投影、SQL Server、版本化 API/OpenAPI、MesIngestWatch 与外部可读目录	MVP 交互／安全依赖	读取并冻结目录身份；不得重建 MES 事实。	仅展示服务端已接受的 Demand 摘要，不自行读取 MES。	需要携带已接受执行身份和必要来源修订，不复制 MesIngest DTO。	FP-B0 批次 0 候选（MVP 已覆盖）	MVP 剖面 FinalClassification=MVP 交互／安全依赖	BATCH-0		BATCH-0	
REQ-0014	WorkType 来自 TASK_TYPE 并参与业务键；同一 SUBLOT 多 WorkType 各自形成…	8005 MesIngest Windows Service、Host/领域投影、SQL Server、版本化 API/OpenAPI、MesIngestWatch 与外部可读目录	MVP 交互／安全依赖	读取并冻结目录身份；不得重建 MES 事实。	仅展示服务端已接受的 Demand 摘要，不自行读取 MES。	需要携带已接受执行身份和必要来源修订，不复制 MesIngest DTO。	FP-B0 批次 0 候选（MVP 已覆盖）	MVP 剖面 FinalClassification=MVP 交互／安全依赖	BATCH-0		BATCH-0	
REQ-0015	Demand 缺席只能由模块根据完整 SUCCESS、RestartBarrier 和 TaskTypePr…	8005 MesIngest Windows Service、Host/领域投影、SQL Server、版本化 API/OpenAPI、MesIngestWatch 与外部可读目录	MVP 交互／安全依赖	读取并冻结目录身份；不得重建 MES 事实。	仅展示服务端已接受的 Demand 摘要，不自行读取 MES。	需要携带已接受执行身份和必要来源修订，不复制 MesIngest DTO。	FP-B0 批次 0 候选（MVP 已覆盖）	MVP 剖面 FinalClassification=MVP 交互／安全依赖	BATCH-0		BATCH-0	
REQ-0016	服务启动进入两轮重启保护：第一轮完整结果建立基线，第二轮结束保护，下一轮才拥有缺席权威。保护阶段仍可创建/更…	8005 MesIngest Windows Service、Host/领域投影、SQL Server、版本化 API/OpenAPI、MesIngestWatch 与外部可读目录	MVP 交互／安全依赖	读取并冻结目录身份；不得重建 MES 事实。	仅展示服务端已接受的 Demand 摘要，不自行读取 MES。	需要携带已接受执行身份和必要来源修订，不复制 MesIngest DTO。	FP-B0 批次 0 候选（MVP 已覆盖）	MVP 剖面 FinalClassification=MVP 交互／安全依赖	BATCH-0		BATCH-0	
REQ-0017	PausedZeroDrop / TaskTypeProtection 沿用每 WorkType 健康非零基…	8005 MesIngest Windows Service、Host/领域投影、SQL Server、版本化 API/OpenAPI、MesIngestWatch 与外部可读目录	MVP 交互／安全依赖	读取并冻结目录身份；不得重建 MES 事实。	仅展示服务端已接受的 Demand 摘要，不自行读取 MES。	需要携带已接受执行身份和必要来源修订，不复制 MesIngest DTO。	FP-B0 批次 0 候选（MVP 已覆盖）	MVP 剖面 FinalClassification=MVP 交互／安全依赖	BATCH-0		BATCH-0	
REQ-0018	有缺席权威的首个完整成功缺席轮次即把当前 Demand 标为 GONE；不再沿用旧版“连续两轮缺席才 GON…	8005 MesIngest Windows Service、Host/领域投影、SQL Server、版本化 API/OpenAPI、MesIngestWatch 与外部可读目录	MVP 交互／安全依赖	读取并冻结目录身份；不得重建 MES 事实。	仅展示服务端已接受的 Demand 摘要，不自行读取 MES。	需要携带已接受执行身份和必要来源修订，不复制 MesIngest DTO。	FP-B0 批次 0 候选（MVP 已覆盖）	MVP 剖面 FinalClassification=MVP 交互／安全依赖	BATCH-0		BATCH-0	
REQ-0019	DemandSeries 从 GoneConfirmedAt 起连续 GONE 满 12 小时后，只能在后续…	8005 MesIngest Windows Service、Host/领域投影、SQL Server、版本化 API/OpenAPI、MesIngestWatch 与外部可读目录	MVP 交互／安全依赖	读取并冻结目录身份；不得重建 MES 事实。	仅展示服务端已接受的 Demand 摘要，不自行读取 MES。	需要携带已接受执行身份和必要来源修订，不复制 MesIngest DTO。	FP-B0 批次 0 候选（MVP 已覆盖）	MVP 剖面 FinalClassification=MVP 交互／安全依赖	BATCH-0		BATCH-0	
REQ-0020	归档是不可逆生命周期转换。归档后重现继续原 Series 并创建新的 Watch Demand 世代，但产生…	8005 MesIngest Windows Service、Host/领域投影、SQL Server、版本化 API/OpenAPI、MesIngestWatch 与外部可读目录	MVP 交互／安全依赖	读取并冻结目录身份；不得重建 MES 事实。	仅展示服务端已接受的 Demand 摘要，不自行读取 MES。	需要携带已接受执行身份和必要来源修订，不复制 MesIngest DTO。	FP-B0 批次 0 候选（MVP 已覆盖）	MVP 剖面 FinalClassification=MVP 交互／安全依赖	BATCH-0		BATCH-0	
REQ-0021	SeriesErrorCatalog 由领域契约版本化发布。第一版五个代码和四个主分类固定；代码可以新增或 …	8005 MesIngest Windows Service、Host/领域投影、SQL Server、版本化 API/OpenAPI、MesIngestWatch 与外部可读目录	MVP 交互／安全依赖	读取并冻结目录身份；不得重建 MES 事实。	仅展示服务端已接受的 Demand 摘要，不自行读取 MES。	需要携带已接受执行身份和必要来源修订，不复制 MesIngest DTO。	FP-B0 批次 0 候选（MVP 已覆盖）	MVP 剖面 FinalClassification=MVP 交互／安全依赖	BATCH-0		BATCH-0	
REQ-0022	DemandSeriesCurrentCondition 是 DemandSeriesEvent 的当前投影…	8005 MesIngest Windows Service、Host/领域投影、SQL Server、版本化 API/OpenAPI、MesIngestWatch 与外部可读目录	MVP 交互／安全依赖	读取并冻结目录身份；不得重建 MES 事实。	仅展示服务端已接受的 Demand 摘要，不自行读取 MES。	需要携带已接受执行身份和必要来源修订，不复制 MesIngest DTO。	FP-B0 批次 0 候选（MVP 已覆盖）	MVP 剖面 FinalClassification=MVP 交互／安全依赖	BATCH-0		BATCH-0	
REQ-0023	DemandSeriesErrorPeriod 从事件推导并永久保留。Demand 级错误不得跨 Deman…	8005 MesIngest Windows Service、Host/领域投影、SQL Server、版本化 API/OpenAPI、MesIngestWatch 与外部可读目录	MVP 交互／安全依赖	读取并冻结目录身份；不得重建 MES 事实。	仅展示服务端已接受的 Demand 摘要，不自行读取 MES。	需要携带已接受执行身份和必要来源修订，不复制 MesIngest DTO。	FP-B0 批次 0 候选（MVP 已覆盖）	MVP 剖面 FinalClassification=MVP 交互／安全依赖	BATCH-0		BATCH-0	
REQ-0024	Series 错误证据使用 Host 在完整成功轮次中的 UTC 时间；不使用 MesSourceDate …	8005 MesIngest Windows Service、Host/领域投影、SQL Server、版本化 API/OpenAPI、MesIngestWatch 与外部可读目录	MVP 交互／安全依赖	读取并冻结目录身份；不得重建 MES 事实。	仅展示服务端已接受的 Demand 摘要，不自行读取 MES。	需要携带已接受执行身份和必要来源修订，不复制 MesIngest DTO。	FP-B0 批次 0 候选（MVP 已覆盖）	MVP 剖面 FinalClassification=MVP 交互／安全依赖	BATCH-0		BATCH-0	
REQ-0025	错误期间只由完整 SUCCESS 的明确反证以 CONDITION_CLEARED 或 DEMAND_GON…	8005 MesIngest Windows Service、Host/领域投影、SQL Server、版本化 API/OpenAPI、MesIngestWatch 与外部可读目录	MVP 交互／安全依赖	读取并冻结目录身份；不得重建 MES 事实。	仅展示服务端已接受的 Demand 摘要，不自行读取 MES。	需要携带已接受执行身份和必要来源修订，不复制 MesIngest DTO。	FP-B0 批次 0 候选（MVP 已覆盖）	MVP 剖面 FinalClassification=MVP 交互／安全依赖	BATCH-0		BATCH-0	
REQ-0026	ExternallyReadableDemand 的判定由领域层集中执行：VISIBLE、唯一观测、全部必填…	8005 MesIngest Windows Service、Host/领域投影、SQL Server、版本化 API/OpenAPI、MesIngestWatch 与外部可读目录	MVP 直接必须	读取并冻结目录身份；不得重建 MES 事实。	仅展示服务端已接受的 Demand 摘要，不自行读取 MES。	需要携带已接受执行身份和必要来源修订，不复制 MesIngest DTO。	FP-B0 批次 0 候选（MVP 已覆盖）	MVP 剖面 FinalClassification=MVP 直接必须	BATCH-0		BATCH-0	
REQ-0027	ReadabilityBlockerCatalog 与 SeriesErrorCatalog 分离。阻断码解…	8005 MesIngest Windows Service、Host/领域投影、SQL Server、版本化 API/OpenAPI、MesIngestWatch 与外部可读目录	MVP 交互／安全依赖	读取并冻结目录身份；不得重建 MES 事实。	仅展示服务端已接受的 Demand 摘要，不自行读取 MES。	需要携带已接受执行身份和必要来源修订，不复制 MesIngest DTO。	FP-B0 批次 0 候选（MVP 已覆盖）	MVP 剖面 FinalClassification=MVP 交互／安全依赖	BATCH-0		BATCH-0	
REQ-0028	ExternallyReadableDemandCatalog 始终包含全范围的当前合格 Demand，不接…	8005 MesIngest Windows Service、Host/领域投影、SQL Server、版本化 API/OpenAPI、MesIngestWatch 与外部可读目录	MVP 直接必须	读取并冻结目录身份；不得重建 MES 事实。	仅展示服务端已接受的 Demand 摘要，不自行读取 MES。	需要携带已接受执行身份和必要来源修订，不复制 MesIngest DTO。	FP-B0 批次 0 候选（MVP 已覆盖）	MVP 剖面 FinalClassification=MVP 直接必须	BATCH-0		BATCH-0	
REQ-0029	CatalogRevision 是单调版本，仅在目录成员或成员业务值变化时递增；同一轮多项变化只产生一个新修…	8005 MesIngest Windows Service、Host/领域投影、SQL Server、版本化 API/OpenAPI、MesIngestWatch 与外部可读目录	MVP 直接必须	读取并冻结目录身份；不得重建 MES 事实。	仅展示服务端已接受的 Demand 摘要，不自行读取 MES。	需要携带已接受执行身份和必要来源修订，不复制 MesIngest DTO。	FP-B0 批次 0 候选（MVP 已覆盖）	MVP 剖面 FinalClassification=MVP 直接必须	BATCH-0		BATCH-0	
REQ-0030	新契约删除 DemandChangeFeed、bootstrap high-watermark 和 SYNC…	8005 MesIngest Windows Service、Host/领域投影、SQL Server、版本化 API/OpenAPI、MesIngestWatch 与外部可读目录	MVP 直接必须	读取并冻结目录身份；不得重建 MES 事实。	仅展示服务端已接受的 Demand 摘要，不自行读取 MES。	需要携带已接受执行身份和必要来源修订，不复制 MesIngest DTO。	FP-B0 批次 0 候选（MVP 已覆盖）	MVP 剖面 FinalClassification=MVP 直接必须	BATCH-0		BATCH-0	
REQ-0031	外部消费者在执行承诺点必须最终读取并保存不可变 AcceptedDemandSnapshot、Catalog…	8005 MesIngest Windows Service、Host/领域投影、SQL Server、版本化 API/OpenAPI、MesIngestWatch 与外部可读目录	MVP 直接必须	读取并冻结目录身份；不得重建 MES 事实。	仅展示服务端已接受的 Demand 摘要，不自行读取 MES。	需要携带已接受执行身份和必要来源修订，不复制 MesIngest DTO。	FP-B0 批次 0 候选（MVP 已覆盖）	MVP 剖面 FinalClassification=MVP 直接必须	BATCH-0		BATCH-0	
REQ-0032	WatchDemandProjection 包含全部 Demand、原始观测、实时字段、当前条件和资格，不按…	8005 MesIngest Windows Service、Host/领域投影、SQL Server、版本化 API/OpenAPI、MesIngestWatch 与外部可读目录	本场景不适用	无首期实现影响；只保留为基线追溯，禁止误删原需求。	无首期实现影响；只保留为基线追溯，禁止误删原需求。	不进入 ProtocolVersion 1；不得为范围外能力预留未定义消息。	OOS-MI-3 MesIngest 服务与外部可读目录	OriginalScope 归 MesIngest 服务/Host/SQL/API	OUT-OF-SCOPE		OUT-OF-SCOPE	
REQ-0033	ReadabilityAuditSnapshot 绑定 ProjectionCommit 身份并携带当时 C…	8005 MesIngest Windows Service、Host/领域投影、SQL Server、版本化 API/OpenAPI、MesIngestWatch 与外部可读目录	本场景不适用	无首期实现影响；只保留为基线追溯，禁止误删原需求。	无首期实现影响；只保留为基线追溯，禁止误删原需求。	不进入 ProtocolVersion 1；不得为范围外能力预留未定义消息。	OOS-MI-3 MesIngest 服务与外部可读目录	OriginalScope 归 MesIngest 服务/Host/SQL/API	OUT-OF-SCOPE		OUT-OF-SCOPE	
REQ-0034	资格审计的筛选、精确计数、分面、稳定顺序、分页和详情均在 Host 端基于同一快照完成。默认 100、最大 …	8005 MesIngest Windows Service、Host/领域投影、SQL Server、版本化 API/OpenAPI、MesIngestWatch 与外部可读目录	本场景不适用	无首期实现影响；只保留为基线追溯，禁止误删原需求。	无首期实现影响；只保留为基线追溯，禁止误删原需求。	不进入 ProtocolVersion 1；不得为范围外能力预留未定义消息。	OOS-MI-3 MesIngest 服务与外部可读目录	OriginalScope 归 MesIngest 服务/Host/SQL/API	OUT-OF-SCOPE		OUT-OF-SCOPE	
REQ-0035	ErrorSearchSnapshot 由 Host 在 ErrorSearchAsOf 从永久 Deman…	8005 MesIngest Windows Service、Host/领域投影、SQL Server、版本化 API/OpenAPI、MesIngestWatch 与外部可读目录	本场景不适用	无首期实现影响；只保留为基线追溯，禁止误删原需求。	无首期实现影响；只保留为基线追溯，禁止误删原需求。	不进入 ProtocolVersion 1；不得为范围外能力预留未定义消息。	OOS-MI-3 MesIngest 服务与外部可读目录	OriginalScope 归 MesIngest 服务/Host/SQL/API	OUT-OF-SCOPE		OUT-OF-SCOPE	
REQ-0036	错误历史查询结果按 DemandSeries 去重，固定 ACTIVE 优先、最近证据降序、SeriesId…	8005 MesIngest Windows Service、Host/领域投影、SQL Server、版本化 API/OpenAPI、MesIngestWatch 与外部可读目录	本场景不适用	无首期实现影响；只保留为基线追溯，禁止误删原需求。	无首期实现影响；只保留为基线追溯，禁止误删原需求。	不进入 ProtocolVersion 1；不得为范围外能力预留未定义消息。	OOS-MI-3 MesIngest 服务与外部可读目录	OriginalScope 归 MesIngest 服务/Host/SQL/API	OUT-OF-SCOPE		OUT-OF-SCOPE	
REQ-0037	CurrentIngestAttention 只表示当前运维关注，可投影活动 Series 错误、PollR…	8005 MesIngest Windows Service、Host/领域投影、SQL Server、版本化 API/OpenAPI、MesIngestWatch 与外部可读目录	首期延后	仅在试运行门禁中消费健康/契约身份。	无 MesIngestWatch 页面实现。	通常无；健康身份只在诊断证据中引用。	OOS-MI-3 MesIngest 服务与外部可读目录	OriginalScope 归 MesIngest 服务/Host/SQL/API	OUT-OF-SCOPE		OUT-OF-SCOPE	
REQ-0038	WatchOverviewSnapshot 由 Host 从一个 ProjectionCommit 原子计算…	8005 MesIngest Windows Service、Host/领域投影、SQL Server、版本化 API/OpenAPI、MesIngestWatch 与外部可读目录	本场景不适用	无首期实现影响；只保留为基线追溯，禁止误删原需求。	无首期实现影响；只保留为基线追溯，禁止误删原需求。	不进入 ProtocolVersion 1；不得为范围外能力预留未定义消息。	OOS-MI-3 MesIngest 服务与外部可读目录	OriginalScope 归 MesIngest 服务/Host/SQL/API	OUT-OF-SCOPE		OUT-OF-SCOPE	
REQ-0039	OverviewAttentionEvent 只来自真实领域转换；概览返回最近 24 小时最新五条，不用静态…	8005 MesIngest Windows Service、Host/领域投影、SQL Server、版本化 API/OpenAPI、MesIngestWatch 与外部可读目录	本场景不适用	无首期实现影响；只保留为基线追溯，禁止误删原需求。	无首期实现影响；只保留为基线追溯，禁止误删原需求。	不进入 ProtocolVersion 1；不得为范围外能力预留未定义消息。	OOS-MI-3 MesIngest 服务与外部可读目录	OriginalScope 归 MesIngest 服务/Host/SQL/API	OUT-OF-SCOPE		OUT-OF-SCOPE	
REQ-0040	Host 提供版本化契约发现、Poll 健康/证据、概览、DemandSeries 列表与详情、Demand…	8005 MesIngest Windows Service、Host/领域投影、SQL Server、版本化 API/OpenAPI、MesIngestWatch 与外部可读目录	MVP 直接必须	仅在试运行门禁中消费健康/契约身份。	无 MesIngestWatch 页面实现。	通常无；健康身份只在诊断证据中引用。	FP-B0 批次 0 候选（MVP 已覆盖）	MVP 剖面 FinalClassification=MVP 直接必须	BATCH-0		BATCH-0	
REQ-0041	所有历史和审计读取在 Host 端筛选、计数、稳定排序及有界分页。Watch 不下载全表，不用当前页计算总数…	8005 MesIngest Windows Service、Host/领域投影、SQL Server、版本化 API/OpenAPI、MesIngestWatch 与外部可读目录	本场景不适用	无首期实现影响；只保留为基线追溯，禁止误删原需求。	无首期实现影响；只保留为基线追溯，禁止误删原需求。	不进入 ProtocolVersion 1；不得为范围外能力预留未定义消息。	OOS-MI-3 MesIngest 服务与外部可读目录	OriginalScope 归 MesIngest 服务/Host/SQL/API	OUT-OF-SCOPE		OUT-OF-SCOPE	
REQ-0042	Watch 维持单 Host 会话。应用新 Host 或凭据时取消旧请求、提升会话代次、清空全部业务快照和选…	8005 MesIngest Windows Service、Host/领域投影、SQL Server、版本化 API/OpenAPI、MesIngestWatch 与外部可读目录	本场景不适用	无首期实现影响；只保留为基线追溯，禁止误删原需求。	无首期实现影响；只保留为基线追溯，禁止误删原需求。	不进入 ProtocolVersion 1；不得为范围外能力预留未定义消息。	OOS-MI-3 MesIngest 服务与外部可读目录	OriginalScope 归 MesIngest 服务/Host/SQL/API	OUT-OF-SCOPE		OUT-OF-SCOPE	
REQ-0043	Watch 使用 WPF UI 4.x 和既定 Fluent 设计系统。已选信息架构以及需求系列/资格审计方…	8005 MesIngest Windows Service、Host/领域投影、SQL Server、版本化 API/OpenAPI、MesIngestWatch 与外部可读目录	本场景不适用	无首期实现影响；只保留为基线追溯，禁止误删原需求。	无首期实现影响；只保留为基线追溯，禁止误删原需求。	不进入 ProtocolVersion 1；不得为范围外能力预留未定义消息。	OOS-MI-3 MesIngest 服务与外部可读目录	OriginalScope 归 MesIngest 服务/Host/SQL/API	OUT-OF-SCOPE		OUT-OF-SCOPE	
REQ-0044	AreaFilterProfile 是当前 Windows 用户的本地 TXT-backed 命名配置。它只…	8005 MesIngest Windows Service、Host/领域投影、SQL Server、版本化 API/OpenAPI、MesIngestWatch 与外部可读目录	本场景不适用	无首期实现影响；只保留为基线追溯，禁止误删原需求。	无首期实现影响；只保留为基线追溯，禁止误删原需求。	不进入 ProtocolVersion 1；不得为范围外能力预留未定义消息。	OOS-MI-3 MesIngest 服务与外部可读目录	OriginalScope 归 MesIngest 服务/Host/SQL/API	OUT-OF-SCOPE		OUT-OF-SCOPE	
REQ-0045	Watch 所有数据视图自动刷新始终开启；设置只调整间隔。刷新采用成功快照原子替换，加载/失败保留上一成功快…	8005 MesIngest Windows Service、Host/领域投影、SQL Server、版本化 API/OpenAPI、MesIngestWatch 与外部可读目录	本场景不适用	无首期实现影响；只保留为基线追溯，禁止误删原需求。	无首期实现影响；只保留为基线追溯，禁止误删原需求。	不进入 ProtocolVersion 1；不得为范围外能力预留未定义消息。	OOS-MI-3 MesIngest 服务与外部可读目录	OriginalScope 归 MesIngest 服务/Host/SQL/API	OUT-OF-SCOPE		OUT-OF-SCOPE	
REQ-0046	Watch 业务 API 保持只读。若保留 WatchRefreshTrace，则只能通过独立受控入口追加白…	8005 MesIngest Windows Service、Host/领域投影、SQL Server、版本化 API/OpenAPI、MesIngestWatch 与外部可读目录	本场景不适用	无首期实现影响；只保留为基线追溯，禁止误删原需求。	无首期实现影响；只保留为基线追溯，禁止误删原需求。	不进入 ProtocolVersion 1；不得为范围外能力预留未定义消息。	OOS-MI-3 MesIngest 服务与外部可读目录	OriginalScope 归 MesIngest 服务/Host/SQL/API	OUT-OF-SCOPE		OUT-OF-SCOPE	
REQ-0047	SQL Server schema、API、DTO、OpenAPI、Host、Watch 和外部消费者作为一…	8005 MesIngest Windows Service、Host/领域投影、SQL Server、版本化 API/OpenAPI、MesIngestWatch 与外部可读目录	MVP 交互／安全依赖	仅在试运行门禁中消费健康/契约身份。	无 MesIngestWatch 页面实现。	通常无；健康身份只在诊断证据中引用。	FP-B0 批次 0 候选（MVP 已覆盖）	MVP 剖面 FinalClassification=MVP 交互／安全依赖	BATCH-0		BATCH-0	
REQ-0048	按 ADR-mes-0017 执行空库切换：人工确认目标、停机和备份后删除旧数据库，由新 Host 建立新 …	8005 MesIngest Windows Service、Host/领域投影、SQL Server、版本化 API/OpenAPI、MesIngestWatch 与外部可读目录	本场景不适用	无首期实现影响；只保留为基线追溯，禁止误删原需求。	无首期实现影响；只保留为基线追溯，禁止误删原需求。	不进入 ProtocolVersion 1；不得为范围外能力预留未定义消息。	OOS-MI-3 MesIngest 服务与外部可读目录	OriginalScope 归 MesIngest 服务/Host/SQL/API	OUT-OF-SCOPE		OUT-OF-SCOPE	
REQ-0049	新系统不迁移旧 TransportDemand、冻结字段、IngestAlert incident、Dema…	8005 MesIngest Windows Service、Host/领域投影、SQL Server、版本化 API/OpenAPI、MesIngestWatch 与外部可读目录	本场景不适用	无首期实现影响；只保留为基线追溯，禁止误删原需求。	无首期实现影响；只保留为基线追溯，禁止误删原需求。	不进入 ProtocolVersion 1；不得为范围外能力预留未定义消息。	OOS-MI-3 MesIngest 服务与外部可读目录	OriginalScope 归 MesIngest 服务/Host/SQL/API	OUT-OF-SCOPE		OUT-OF-SCOPE	
REQ-0050	回退是部署级整体恢复：停止新版，恢复旧程序、旧配置和独立旧数据库备份；不允许新程序连接旧库或旧程序连接新库。	8005 MesIngest Windows Service、Host/领域投影、SQL Server、版本化 API/OpenAPI、MesIngestWatch 与外部可读目录	本场景不适用	无首期实现影响；只保留为基线追溯，禁止误删原需求。	无首期实现影响；只保留为基线追溯，禁止误删原需求。	不进入 ProtocolVersion 1；不得为范围外能力预留未定义消息。	OOS-MI-3 MesIngest 服务与外部可读目录	OriginalScope 归 MesIngest 服务/Host/SQL/API	OUT-OF-SCOPE		OUT-OF-SCOPE	
REQ-0051	安全边界延续本机默认绑定、远程绑定强制共享密钥、凭据外置、日志脱敏和工厂返回包脱敏；OpenAPI 文档可独…	8005 MesIngest Windows Service、Host/领域投影、SQL Server、版本化 API/OpenAPI、MesIngestWatch 与外部可读目录	MVP 交互／安全依赖	仅在试运行门禁中消费健康/契约身份。	无 MesIngestWatch 页面实现。	通常无；健康身份只在诊断证据中引用。	FP-B0 批次 0 候选（MVP 已覆盖）	MVP 剖面 FinalClassification=MVP 交互／安全依赖	BATCH-0		BATCH-0	
REQ-0052	数据持续增长通过 SQL Server 差异写入、必要索引、事件不可变追加、当前投影表和有界查询控制；不得每…	8005 MesIngest Windows Service、Host/领域投影、SQL Server、版本化 API/OpenAPI、MesIngestWatch 与外部可读目录	首期延后	仅在试运行门禁中消费健康/契约身份。	无 MesIngestWatch 页面实现。	通常无；健康身份只在诊断证据中引用。	OOS-MI-3 MesIngest 服务与外部可读目录	OriginalScope 归 MesIngest 服务/Host/SQL/API	OUT-OF-SCOPE		OUT-OF-SCOPE	
REQ-0053	本规格是对既有 NewMesIngestContract 的资源与有界历史扩展；领域身份、完整 MesTas…	8005 MesIngest 的 GONE 明细、错误历史、原始证据保留、恢复、容量及低内存存储边界	MVP 交互／安全依赖	仅在试运行门禁中消费健康/契约身份。	无 MesIngestWatch 页面实现。	通常无；健康身份只在诊断证据中引用。	FP-B0 批次 0 候选（MVP 已覆盖）	MVP 剖面 FinalClassification=MVP 交互／安全依赖	BATCH-0		BATCH-0	
REQ-0054	ADR-mes-0020 至 ADR-mes-0030 是本规格的设计权威。本规格补充可验收行为、默认配置、…	8005 MesIngest 的 GONE 明细、错误历史、原始证据保留、恢复、容量及低内存存储边界	MVP 交互／安全依赖	仅在试运行门禁中消费健康/契约身份。	无 MesIngestWatch 页面实现。	通常无；健康身份只在诊断证据中引用。	FP-B0 批次 0 候选（MVP 已覆盖）	MVP 剖面 FinalClassification=MVP 交互／安全依赖	BATCH-0		BATCH-0	
REQ-0055	SQL Server 常态 max server memory 默认 1536 MB，sqlservr 稳态…	8005 MesIngest 的 GONE 明细、错误历史、原始证据保留、恢复、容量及低内存存储边界	首期延后	仅在试运行门禁中消费健康/契约身份。	无 MesIngestWatch 页面实现。	通常无；健康身份只在诊断证据中引用。	OOS-MI-4 GONE 明细与存储边界	OriginalScope 归 MesIngest GONE/保留/低内存存储	OUT-OF-SCOPE		OUT-OF-SCOPE	
REQ-0056	Host 轮询改为固定 60 秒 start-to-start 单飞调度。慢轮次不重叠、不补跑；连续失败使用…	8005 MesIngest 的 GONE 明细、错误历史、原始证据保留、恢复、容量及低内存存储边界	MVP 交互／安全依赖	仅在试运行门禁中消费健康/契约身份。	无 MesIngestWatch 页面实现。	通常无；健康身份只在诊断证据中引用。	FP-B0 批次 0 候选（MVP 已覆盖）	MVP 剖面 FinalClassification=MVP 交互／安全依赖	BATCH-0		BATCH-0	
REQ-0057	Watch 自动刷新继续沿用按视图隔离、单飞、不排队、最后成功窗口原子替换的状态机，但默认档位改为：Over…	8005 MesIngest 的 GONE 明细、错误历史、原始证据保留、恢复、容量及低内存存储边界	本场景不适用	无首期实现影响；只保留为基线追溯，禁止误删原需求。	无首期实现影响；只保留为基线追溯，禁止误删原需求。	不进入 ProtocolVersion 1；不得为范围外能力预留未定义消息。	OOS-MI-4 GONE 明细与存储边界	OriginalScope 归 MesIngest GONE/保留/低内存存储	OUT-OF-SCOPE		OUT-OF-SCOPE	
REQ-0058	Inspector 继续沿用既有 modeless 单窗口协调边界，不拥有 Host client、Time…	8005 MesIngest 的 GONE 明细、错误历史、原始证据保留、恢复、容量及低内存存储边界	本场景不适用	无首期实现影响；只保留为基线追溯，禁止误删原需求。	无首期实现影响；只保留为基线追溯，禁止误删原需求。	不进入 ProtocolVersion 1；不得为范围外能力预留未定义消息。	OOS-MI-4 GONE 明细与存储边界	OriginalScope 归 MesIngest GONE/保留/低内存存储	OUT-OF-SCOPE		OUT-OF-SCOPE	
REQ-0059	读取模块在物理上分成 Current Read Model 与 Historical/Frozen Read…	8005 MesIngest 的 GONE 明细、错误历史、原始证据保留、恢复、容量及低内存存储边界	本场景不适用	无首期实现影响；只保留为基线追溯，禁止误删原需求。	无首期实现影响；只保留为基线追溯，禁止误删原需求。	不进入 ProtocolVersion 1；不得为范围外能力预留未定义消息。	OOS-MI-4 GONE 明细与存储边界	OriginalScope 归 MesIngest GONE/保留/低内存存储	OUT-OF-SCOPE		OUT-OF-SCOPE	
REQ-0060	历史路径必须按单对象或稳定页有界。服务端负责筛选、精确计数、稳定排序、keyset cursor 和历史边界…	8005 MesIngest 的 GONE 明细、错误历史、原始证据保留、恢复、容量及低内存存储边界	本场景不适用	无首期实现影响；只保留为基线追溯，禁止误删原需求。	无首期实现影响；只保留为基线追溯，禁止误删原需求。	不进入 ProtocolVersion 1；不得为范围外能力预留未定义消息。	OOS-MI-4 GONE 明细与存储边界	OriginalScope 归 MesIngest GONE/保留/低内存存储	OUT-OF-SCOPE		OUT-OF-SCOPE	
REQ-0061	冻结列表、分面、计数、详情和原始证据读取必须绑定同一 HistoryEpoch 与 ProjectionCo…	8005 MesIngest 的 GONE 明细、错误历史、原始证据保留、恢复、容量及低内存存储边界	本场景不适用	无首期实现影响；只保留为基线追溯，禁止误删原需求。	无首期实现影响；只保留为基线追溯，禁止误删原需求。	不进入 ProtocolVersion 1；不得为范围外能力预留未定义消息。	OOS-MI-4 GONE 明细与存储边界	OriginalScope 归 MesIngest GONE/保留/低内存存储	OUT-OF-SCOPE		OUT-OF-SCOPE	
REQ-0062	DemandRawObservation 的 RawObservationAvailabilityWindo…	8005 MesIngest 的 GONE 明细、错误历史、原始证据保留、恢复、容量及低内存存储边界	本场景不适用	无首期实现影响；只保留为基线追溯，禁止误删原需求。	无首期实现影响；只保留为基线追溯，禁止误删原需求。	不进入 ProtocolVersion 1；不得为范围外能力预留未定义消息。	OOS-MI-4 GONE 明细与存储边界	OriginalScope 归 MesIngest GONE/保留/低内存存储	OUT-OF-SCOPE		OUT-OF-SCOPE	
REQ-0063	当前物化状态和活跃 DemandSeries 的结构化图不按年龄拆散。RetentionEligibleDe…	8005 MesIngest 的 GONE 明细、错误历史、原始证据保留、恢复、容量及低内存存储边界	本场景不适用	无首期实现影响；只保留为基线追溯，禁止误删原需求。	无首期实现影响；只保留为基线追溯，禁止误删原需求。	不进入 ProtocolVersion 1；不得为范围外能力预留未定义消息。	OOS-MI-4 GONE 明细与存储边界	OriginalScope 归 MesIngest GONE/保留/低内存存储	OUT-OF-SCOPE		OUT-OF-SCOPE	
REQ-0064	历史过期使用 410 MES_INGEST_HISTORY_EXPIRED，并返回最早可用 Host UTC…	8005 MesIngest 的 GONE 明细、错误历史、原始证据保留、恢复、容量及低内存存储边界	本场景不适用	无首期实现影响；只保留为基线追溯，禁止误删原需求。	无首期实现影响；只保留为基线追溯，禁止误删原需求。	不进入 ProtocolVersion 1；不得为范围外能力预留未定义消息。	OOS-MI-4 GONE 明细与存储边界	OriginalScope 归 MesIngest GONE/保留/低内存存储	OUT-OF-SCOPE		OUT-OF-SCOPE	
REQ-0065	ArchivedDemandKeyTombstone 是唯一允许永久保留的已清理 MesIngest 业务记…	8005 MesIngest 的 GONE 明细、错误历史、原始证据保留、恢复、容量及低内存存储边界	本场景不适用	无首期实现影响；只保留为基线追溯，禁止误删原需求。	无首期实现影响；只保留为基线追溯，禁止误删原需求。	不进入 ProtocolVersion 1；不得为范围外能力预留未定义消息。	OOS-MI-4 GONE 明细与存储边界	OriginalScope 归 MesIngest GONE/保留/低内存存储	OUT-OF-SCOPE		OUT-OF-SCOPE	
REQ-0066	清理单个 Series 的原子边界固定为：同一事务内幂等写墓碑，再删除该 Series 完整详细历史图，再提…	8005 MesIngest 的 GONE 明细、错误历史、原始证据保留、恢复、容量及低内存存储边界	本场景不适用	无首期实现影响；只保留为基线追溯，禁止误删原需求。	无首期实现影响；只保留为基线追溯，禁止误删原需求。	不进入 ProtocolVersion 1；不得为范围外能力预留未定义消息。	OOS-MI-4 GONE 明细与存储边界	OriginalScope 归 MesIngest GONE/保留/低内存存储	OUT-OF-SCOPE		OUT-OF-SCOPE	
REQ-0067	Host 以单实例后台清理器每小时运行。批次行数、单次时间预算和检查间隔是运维配置，不改变 30 天领域语义…	8005 MesIngest 的 GONE 明细、错误历史、原始证据保留、恢复、容量及低内存存储边界	本场景不适用	无首期实现影响；只保留为基线追溯，禁止误删原需求。	无首期实现影响；只保留为基线追溯，禁止误删原需求。	不进入 ProtocolVersion 1；不得为范围外能力预留未定义消息。	OOS-MI-4 GONE 明细与存储边界	OriginalScope 归 MesIngest GONE/保留/低内存存储	OUT-OF-SCOPE		OUT-OF-SCOPE	
REQ-0068	清理器必须幂等、可取消、失败可续且轮询优先。清理失败进入 Current Attention；只有卷空间达到…	8005 MesIngest 的 GONE 明细、错误历史、原始证据保留、恢复、容量及低内存存储边界	本场景不适用	无首期实现影响；只保留为基线追溯，禁止误删原需求。	无首期实现影响；只保留为基线追溯，禁止误删原需求。	不进入 ProtocolVersion 1；不得为范围外能力预留未定义消息。	OOS-MI-4 GONE 明细与存储边界	OriginalScope 归 MesIngest GONE/保留/低内存存储	OUT-OF-SCOPE		OUT-OF-SCOPE	
REQ-0069	存储监控针对数据库实际数据卷。低于 15% 产生严重告警；低于 10% 在查询 MES 之前进入 Stora…	8005 MesIngest 的 GONE 明细、错误历史、原始证据保留、恢复、容量及低内存存储边界	MVP 交互／安全依赖	仅在试运行门禁中消费健康/契约身份。	无 MesIngestWatch 页面实现。	通常无；健康身份只在诊断证据中引用。	FP-B0 批次 0 候选（MVP 已覆盖）	MVP 剖面 FinalClassification=MVP 交互／安全依赖	BATCH-0		BATCH-0	
REQ-0070	StoragePressurePause 期间 Watch 诊断与历史读取继续服务，ExternallyRe…	8005 MesIngest 的 GONE 明细、错误历史、原始证据保留、恢复、容量及低内存存储边界	MVP 交互／安全依赖	仅在试运行门禁中消费健康/契约身份。	无 MesIngestWatch 页面实现。	通常无；健康身份只在诊断证据中引用。	FP-B0 批次 0 候选（MVP 已覆盖）	MVP 剖面 FinalClassification=MVP 交互／安全依赖	BATCH-0		BATCH-0	
REQ-0071	MesIngestLocalAdministration 是数据库主机上的本地 CLI/PowerShell…	8005 MesIngest 的 GONE 明细、错误历史、原始证据保留、恢复、容量及低内存存储边界	MVP 交互／安全依赖	仅在试运行门禁中消费健康/契约身份。	无 MesIngestWatch 页面实现。	通常无；健康身份只在诊断证据中引用。	FP-B0 批次 0 候选（MVP 已覆盖）	MVP 剖面 FinalClassification=MVP 交互／安全依赖	BATCH-0		BATCH-0	
REQ-0072	新库固定 SIMPLE 恢复且无数据库备份。系统仍监控 LDF 大小、增长与 log reuse wait；…	8005 MesIngest 的 GONE 明细、错误历史、原始证据保留、恢复、容量及低内存存储边界	首期延后	仅在试运行门禁中消费健康/契约身份。	无 MesIngestWatch 页面实现。	通常无；健康身份只在诊断证据中引用。	OOS-MI-4 GONE 明细与存储边界	OriginalScope 归 MesIngest GONE/保留/低内存存储	OUT-OF-SCOPE		OUT-OF-SCOPE	
REQ-0073	计划空库切换与不可恢复重建都创建新 HistoryEpoch。非计划重建因墓碑身份丢失必须保持外部当前读取 …	8005 MesIngest 的 GONE 明细、错误历史、原始证据保留、恢复、容量及低内存存储边界	MVP 交互／安全依赖	仅在试运行门禁中消费健康/契约身份。	无 MesIngestWatch 页面实现。	通常无；健康身份只在诊断证据中引用。	FP-B0 批次 0 候选（MVP 已覆盖）	MVP 剖面 FinalClassification=MVP 交互／安全依赖	BATCH-0		BATCH-0	
REQ-0074	所有 snapshot、cursor、目录条件身份和 API 响应都携带或绑定 HistoryEpoch。旧…	8005 MesIngest 的 GONE 明细、错误历史、原始证据保留、恢复、容量及低内存存储边界	MVP 直接必须	仅在试运行门禁中消费健康/契约身份。	无 MesIngestWatch 页面实现。	通常无；健康身份只在诊断证据中引用。	FP-B0 批次 0 候选（MVP 已覆盖）	MVP 剖面 FinalClassification=MVP 直接必须	BATCH-0		BATCH-0	
REQ-0075	DemandRawObservation 主要聚集与非聚集索引在正式 schema 中默认 PAGE 压缩；…	8005 MesIngest 的 GONE 明细、错误历史、原始证据保留、恢复、容量及低内存存储边界	首期延后	仅在试运行门禁中消费健康/契约身份。	无 MesIngestWatch 页面实现。	通常无；健康身份只在诊断证据中引用。	OOS-MI-4 GONE 明细与存储边界	OriginalScope 归 MesIngest GONE/保留/低内存存储	OUT-OF-SCOPE		OUT-OF-SCOPE	
REQ-0076	当前投影字段、筛选列、索引键和临时结构使用经真实数据验证的有界类型。DemandRawObservation…	8005 MesIngest 的 GONE 明细、错误历史、原始证据保留、恢复、容量及低内存存储边界	首期延后	仅在试运行门禁中消费健康/契约身份。	无 MesIngestWatch 页面实现。	通常无；健康身份只在诊断证据中引用。	OOS-MI-4 GONE 明细与存储边界	OriginalScope 归 MesIngest GONE/保留/低内存存储	OUT-OF-SCOPE		OUT-OF-SCOPE	
REQ-0077	首版不建设 ObservationPayload、ObservationSet 或 Span 内容寻址层。只…	8005 MesIngest 的 GONE 明细、错误历史、原始证据保留、恢复、容量及低内存存储边界	首期延后	仅在试运行门禁中消费健康/契约身份。	无 MesIngestWatch 页面实现。	通常无；健康身份只在诊断证据中引用。	OOS-MI-4 GONE 明细与存储边界	OriginalScope 归 MesIngest GONE/保留/低内存存储	OUT-OF-SCOPE		OUT-OF-SCOPE	
REQ-0078	同时提升 NewMesIngestContract 的精确 contractVersion 与 schema…	8005 MesIngest 的 GONE 明细、错误历史、原始证据保留、恢复、容量及低内存存储边界	MVP 交互／安全依赖	仅在试运行门禁中消费健康/契约身份。	无 MesIngestWatch 页面实现。	通常无；健康身份只在诊断证据中引用。	FP-B0 批次 0 候选（MVP 已覆盖）	MVP 剖面 FinalClassification=MVP 交互／安全依赖	BATCH-0		BATCH-0	
REQ-0079	Host、Watch 与 reference consumer 必须以精确版本整包切换。任何 contrac…	8005 MesIngest 的 GONE 明细、错误历史、原始证据保留、恢复、容量及低内存存储边界	MVP 直接必须	仅在试运行门禁中消费健康/契约身份。	无 MesIngestWatch 页面实现。	通常无；健康身份只在诊断证据中引用。	FP-B0 批次 0 候选（MVP 已覆盖）	MVP 剖面 FinalClassification=MVP 直接必须	BATCH-0		BATCH-0	
REQ-0080	新库不迁移旧当前投影、PollTrace、DemandRawObservation、DemandSeries…	8005 MesIngest 的 GONE 明细、错误历史、原始证据保留、恢复、容量及低内存存储边界	首期延后	仅在试运行门禁中消费健康/契约身份。	无 MesIngestWatch 页面实现。	通常无；健康身份只在诊断证据中引用。	OOS-MI-4 GONE 明细与存储边界	OriginalScope 归 MesIngest GONE/保留/低内存存储	OUT-OF-SCOPE		OUT-OF-SCOPE	
REQ-0081	切换顺序固定为：只读重建旧环境反馈环；在独立空库验证新包、快速容量预测和加速并发稳定性；按风险信号或用户明确…	8005 MesIngest 的 GONE 明细、错误历史、原始证据保留、恢复、容量及低内存存储边界	首期延后	仅在试运行门禁中消费健康/契约身份。	无 MesIngestWatch 页面实现。	通常无；健康身份只在诊断证据中引用。	OOS-MI-4 GONE 明细与存储边界	OriginalScope 归 MesIngest GONE/保留/低内存存储	OUT-OF-SCOPE		OUT-OF-SCOPE	
REQ-0082	MesIngestCutoverRun 必须由唯一 CutoverRunId 标识，且全部门禁、证据与删除属…	8005 MesIngest 的 GONE 明细、错误历史、原始证据保留、恢复、容量及低内存存储边界	首期延后	仅在试运行门禁中消费健康/契约身份。	无 MesIngestWatch 页面实现。	通常无；健康身份只在诊断证据中引用。	OOS-MI-4 GONE 明细与存储边界	OriginalScope 归 MesIngest GONE/保留/低内存存储	OUT-OF-SCOPE		OUT-OF-SCOPE	
REQ-0083	删除目标必须同时满足：显式旧库名；不是系统库或新库；匹配预期旧 schema/contract；数据文件位于…	8005 MesIngest 的 GONE 明细、错误历史、原始证据保留、恢复、容量及低内存存储边界	首期延后	仅在试运行门禁中消费健康/契约身份。	无 MesIngestWatch 页面实现。	通常无；健康身份只在诊断证据中引用。	OOS-MI-4 GONE 明细与存储边界	OriginalScope 归 MesIngest GONE/保留/低内存存储	OUT-OF-SCOPE		OUT-OF-SCOPE	
REQ-0084	任一切换门禁失败都禁止删除、保留新旧库、以失败退出且不后台重试。删除失败同样保留可检查状态；再次尝试必须由操…	8005 MesIngest 的 GONE 明细、错误历史、原始证据保留、恢复、容量及低内存存储边界	首期延后	仅在试运行门禁中消费健康/契约身份。	无 MesIngestWatch 页面实现。	通常无；健康身份只在诊断证据中引用。	OOS-MI-4 GONE 明细与存储边界	OriginalScope 归 MesIngest GONE/保留/低内存存储	OUT-OF-SCOPE		OUT-OF-SCOPE	
REQ-0085	删除前在数据库外写不可覆盖的 JSON/Markdown 证据并写 Windows 事件日志，记录实例、旧/…	8005 MesIngest 的 GONE 明细、错误历史、原始证据保留、恢复、容量及低内存存储边界	首期延后	仅在试运行门禁中消费健康/契约身份。	无 MesIngestWatch 页面实现。	通常无；健康身份只在诊断证据中引用。	OOS-MI-4 GONE 明细与存储边界	OriginalScope 归 MesIngest GONE/保留/低内存存储	OUT-OF-SCOPE		OUT-OF-SCOPE	
REQ-0086	旧库删除后没有历史或版本回滚路径，后续故障只在新库与新契约上向前修复。	8005 MesIngest 的 GONE 明细、错误历史、原始证据保留、恢复、容量及低内存存储边界	首期延后	仅在试运行门禁中消费健康/契约身份。	无 MesIngestWatch 页面实现。	通常无；健康身份只在诊断证据中引用。	OOS-MI-4 GONE 明细与存储边界	OriginalScope 归 MesIngest GONE/保留/低内存存储	OUT-OF-SCOPE		OUT-OF-SCOPE	
REQ-0087	运行遥测至少覆盖：SQL Server 配置与进程内存、workspace/grant、Error 701、…	8005 MesIngest 的 GONE 明细、错误历史、原始证据保留、恢复、容量及低内存存储边界	首期延后	仅在试运行门禁中消费健康/契约身份。	无 MesIngestWatch 页面实现。	通常无；健康身份只在诊断证据中引用。	OOS-MI-4 GONE 明细与存储边界	OriginalScope 归 MesIngest GONE/保留/低内存存储	OUT-OF-SCOPE		OUT-OF-SCOPE	
REQ-0088	默认发布门禁固定为：代表性压缩负载下常用 Watch API P95 < 2 秒、P99 < 5 秒；没有 …	8005 MesIngest 的 GONE 明细、错误历史、原始证据保留、恢复、容量及低内存存储边界	首期延后	仅在试运行门禁中消费健康/契约身份。	无 MesIngestWatch 页面实现。	通常无；健康身份只在诊断证据中引用。	OOS-MI-4 GONE 明细与存储边界	OriginalScope 归 MesIngest GONE/保留/低内存存储	OUT-OF-SCOPE		OUT-OF-SCOPE	
REQ-0089	2026-08-22 的 Host、SQL Server 和已部署程序集状态只是旧诊断事实。实施第一张票必须…	8005 MesIngest 的 GONE 明细、错误历史、原始证据保留、恢复、容量及低内存存储边界	MVP 交互／安全依赖	仅在试运行门禁中消费健康/契约身份。	无 MesIngestWatch 页面实现。	通常无；健康身份只在诊断证据中引用。	FP-B0 批次 0 候选（MVP 已覆盖）	MVP 剖面 FinalClassification=MVP 交互／安全依赖	BATCH-0		BATCH-0	
REQ-0090	乐观并发：Save 接受 expectedFingerprint，Rename 与 Delete 接受 ex…	8005 MesIngestWatch 的 AreaFilterProfile 编辑、实时同步、冲突与删除后显示范围快照	本场景不适用	无首期实现影响；只保留为基线追溯，禁止误删原需求。	无首期实现影响；只保留为基线追溯，禁止误删原需求。	不进入 ProtocolVersion 1；不得为范围外能力预留未定义消息。	OOS-MI-2 AreaFilterProfile 编辑与实时同步	OriginalScope 归 MesIngestWatch AreaFilterProfile	OUT-OF-SCOPE		OUT-OF-SCOPE	
REQ-0091	跨进程事务锁：目录内的锁文件，所有读写操作都在锁内进行。多实例并发已被覆盖，不新增锁。	8005 MesIngestWatch 的 AreaFilterProfile 编辑、实时同步、冲突与删除后显示范围快照	本场景不适用	无首期实现影响；只保留为基线追溯，禁止误删原需求。	无首期实现影响；只保留为基线追溯，禁止误删原需求。	不进入 ProtocolVersion 1；不得为范围外能力预留未定义消息。	OOS-MI-2 AreaFilterProfile 编辑与实时同步	OriginalScope 归 MesIngestWatch AreaFilterProfile	OUT-OF-SCOPE		OUT-OF-SCOPE	
REQ-0092	可注入时钟：TimeProvider 已是构造参数，去抖与延迟确认直接用它。	8005 MesIngestWatch 的 AreaFilterProfile 编辑、实时同步、冲突与删除后显示范围快照	本场景不适用	无首期实现影响；只保留为基线追溯，禁止误删原需求。	无首期实现影响；只保留为基线追溯，禁止误删原需求。	不进入 ProtocolVersion 1；不得为范围外能力预留未定义消息。	OOS-MI-2 AreaFilterProfile 编辑与实时同步	OriginalScope 归 MesIngestWatch AreaFilterProfile	OUT-OF-SCOPE		OUT-OF-SCOPE	
REQ-0093	去抖；同一路径的连续事件在一个短窗口内合并为一次	8005 MesIngestWatch 的 AreaFilterProfile 编辑、实时同步、冲突与删除后显示范围快照	本场景不适用	无首期实现影响；只保留为基线追溯，禁止误删原需求。	无首期实现影响；只保留为基线追溯，禁止误删原需求。	不进入 ProtocolVersion 1；不得为范围外能力预留未定义消息。	OOS-MI-2 AreaFilterProfile 编辑与实时同步	OriginalScope 归 MesIngestWatch AreaFilterProfile	OUT-OF-SCOPE		OUT-OF-SCOPE	
REQ-0094	删除延迟确认；Deleted 事件不立即视为删除；延迟确认后文件仍不存在才判定为真删除，期间同名文件重新出现…	8005 MesIngestWatch 的 AreaFilterProfile 编辑、实时同步、冲突与删除后显示范围快照	本场景不适用	无首期实现影响；只保留为基线追溯，禁止误删原需求。	无首期实现影响；只保留为基线追溯，禁止误删原需求。	不进入 ProtocolVersion 1；不得为范围外能力预留未定义消息。	OOS-MI-2 AreaFilterProfile 编辑与实时同步	OriginalScope 归 MesIngestWatch AreaFilterProfile	OUT-OF-SCOPE		OUT-OF-SCOPE	
REQ-0095	改名跟随；Renamed 视为改名而非删除；正在编辑的文件跟随到新名字	8005 MesIngestWatch 的 AreaFilterProfile 编辑、实时同步、冲突与删除后显示范围快照	本场景不适用	无首期实现影响；只保留为基线追溯，禁止误删原需求。	无首期实现影响；只保留为基线追溯，禁止误删原需求。	不进入 ProtocolVersion 1；不得为范围外能力预留未定义消息。	OOS-MI-2 AreaFilterProfile 编辑与实时同步	OriginalScope 归 MesIngestWatch AreaFilterProfile	OUT-OF-SCOPE		OUT-OF-SCOPE	
REQ-0096	自身写入抑制；落盘时记录路径与指纹，命中的事件丢弃。不做抑制会导致「落盘 → 事件 → 重载 → 光标跳回开…	8005 MesIngestWatch 的 AreaFilterProfile 编辑、实时同步、冲突与删除后显示范围快照	本场景不适用	无首期实现影响；只保留为基线追溯，禁止误删原需求。	无首期实现影响；只保留为基线追溯，禁止误删原需求。	不进入 ProtocolVersion 1；不得为范围外能力预留未定义消息。	OOS-MI-2 AreaFilterProfile 编辑与实时同步	OriginalScope 归 MesIngestWatch AreaFilterProfile	OUT-OF-SCOPE		OUT-OF-SCOPE	
REQ-0097	伴生文件过滤；只接受扩展名为 TXT 且文件名不以点开头的项。FileSystemWatcher 的扩展名过…	8005 MesIngestWatch 的 AreaFilterProfile 编辑、实时同步、冲突与删除后显示范围快照	本场景不适用	无首期实现影响；只保留为基线追溯，禁止误删原需求。	无首期实现影响；只保留为基线追溯，禁止误删原需求。	不进入 ProtocolVersion 1；不得为范围外能力预留未定义消息。	OOS-MI-2 AreaFilterProfile 编辑与实时同步	OriginalScope 归 MesIngestWatch AreaFilterProfile	OUT-OF-SCOPE		OUT-OF-SCOPE	
REQ-0098	溢出兜底；订阅 Error 事件；触发时全量重扫目录并重建 watcher	8005 MesIngestWatch 的 AreaFilterProfile 编辑、实时同步、冲突与删除后显示范围快照	本场景不适用	无首期实现影响；只保留为基线追溯，禁止误删原需求。	无首期实现影响；只保留为基线追溯，禁止误删原需求。	不进入 ProtocolVersion 1；不得为范围外能力预留未定义消息。	OOS-MI-2 AreaFilterProfile 编辑与实时同步	OriginalScope 归 MesIngestWatch AreaFilterProfile	OUT-OF-SCOPE		OUT-OF-SCOPE	
REQ-0099	读取重试；文件可能正被外部写入，读取失败按退避重试若干次后才报错	8005 MesIngestWatch 的 AreaFilterProfile 编辑、实时同步、冲突与删除后显示范围快照	本场景不适用	无首期实现影响；只保留为基线追溯，禁止误删原需求。	无首期实现影响；只保留为基线追溯，禁止误删原需求。	不进入 ProtocolVersion 1；不得为范围外能力预留未定义消息。	OOS-MI-2 AreaFilterProfile 编辑与实时同步	OriginalScope 归 MesIngestWatch AreaFilterProfile	OUT-OF-SCOPE		OUT-OF-SCOPE	
REQ-0100	线程；事件在线程池线程触发，界面更新前必须切回 UI 线程	8005 MesIngestWatch 的 AreaFilterProfile 编辑、实时同步、冲突与删除后显示范围快照	本场景不适用	无首期实现影响；只保留为基线追溯，禁止误删原需求。	无首期实现影响；只保留为基线追溯，禁止误删原需求。	不进入 ProtocolVersion 1；不得为范围外能力预留未定义消息。	OOS-MI-2 AreaFilterProfile 编辑与实时同步	OriginalScope 归 MesIngestWatch AreaFilterProfile	OUT-OF-SCOPE		OUT-OF-SCOPE	
REQ-0101	目录失效；目录被删除或改名时停止 watcher 并定时重建，界面显示降级提示	8005 MesIngestWatch 的 AreaFilterProfile 编辑、实时同步、冲突与删除后显示范围快照	本场景不适用	无首期实现影响；只保留为基线追溯，禁止误删原需求。	无首期实现影响；只保留为基线追溯，禁止误删原需求。	不进入 ProtocolVersion 1；不得为范围外能力预留未定义消息。	OOS-MI-2 AreaFilterProfile 编辑与实时同步	OriginalScope 归 MesIngestWatch AreaFilterProfile	OUT-OF-SCOPE		OUT-OF-SCOPE	
REQ-0102	有；干净；静默重载，保持光标、选区、滚动位置	8005 MesIngestWatch 的 AreaFilterProfile 编辑、实时同步、冲突与删除后显示范围快照	本场景不适用	无首期实现影响；只保留为基线追溯，禁止误删原需求。	无首期实现影响；只保留为基线追溯，禁止误删原需求。	不进入 ProtocolVersion 1；不得为范围外能力预留未定义消息。	OOS-MI-2 AreaFilterProfile 编辑与实时同步	OriginalScope 归 MesIngestWatch AreaFilterProfile	OUT-OF-SCOPE		OUT-OF-SCOPE	
REQ-0103	有；脏；保留本地输入；落盘时指纹不匹配则提示冲突	8005 MesIngestWatch 的 AreaFilterProfile 编辑、实时同步、冲突与删除后显示范围快照	本场景不适用	无首期实现影响；只保留为基线追溯，禁止误删原需求。	无首期实现影响；只保留为基线追溯，禁止误删原需求。	不进入 ProtocolVersion 1；不得为范围外能力预留未定义消息。	OOS-MI-2 AreaFilterProfile 编辑与实时同步	OriginalScope 归 MesIngestWatch AreaFilterProfile	OUT-OF-SCOPE		OUT-OF-SCOPE	
REQ-0104	有；内容与缓冲逐字节相同；不动，避免光标无谓跳动	8005 MesIngestWatch 的 AreaFilterProfile 编辑、实时同步、冲突与删除后显示范围快照	本场景不适用	无首期实现影响；只保留为基线追溯，禁止误删原需求。	无首期实现影响；只保留为基线追溯，禁止误删原需求。	不进入 ProtocolVersion 1；不得为范围外能力预留未定义消息。	OOS-MI-2 AreaFilterProfile 编辑与实时同步	OriginalScope 归 MesIngestWatch AreaFilterProfile	OUT-OF-SCOPE		OUT-OF-SCOPE	
REQ-0105	无；任意；无操作	8005 MesIngestWatch 的 AreaFilterProfile 编辑、实时同步、冲突与删除后显示范围快照	本场景不适用	无首期实现影响；只保留为基线追溯，禁止误删原需求。	无首期实现影响；只保留为基线追溯，禁止误删原需求。	不进入 ProtocolVersion 1；不得为范围外能力预留未定义消息。	OOS-MI-2 AreaFilterProfile 编辑与实时同步	OriginalScope 归 MesIngestWatch AreaFilterProfile	OUT-OF-SCOPE		OUT-OF-SCOPE	
REQ-0106	文件内容变化——无论来自本页编辑器还是外部程序——永远不自动改变显示范围	8005 MesIngestWatch 的 AreaFilterProfile 编辑、实时同步、冲突与删除后显示范围快照	本场景不适用	无首期实现影响；只保留为基线追溯，禁止误删原需求。	无首期实现影响；只保留为基线追溯，禁止误删原需求。	不进入 ProtocolVersion 1；不得为范围外能力预留未定义消息。	OOS-MI-2 AreaFilterProfile 编辑与实时同步	OriginalScope 归 MesIngestWatch AreaFilterProfile	OUT-OF-SCOPE		OUT-OF-SCOPE	
REQ-0107	只有应用动作才把解析结果写入快照	8005 MesIngestWatch 的 AreaFilterProfile 编辑、实时同步、冲突与删除后显示范围快照	本场景不适用	无首期实现影响；只保留为基线追溯，禁止误删原需求。	无首期实现影响；只保留为基线追溯，禁止误删原需求。	不进入 ProtocolVersion 1；不得为范围外能力预留未定义消息。	OOS-MI-2 AreaFilterProfile 编辑与实时同步	OriginalScope 归 MesIngestWatch AreaFilterProfile	OUT-OF-SCOPE		OUT-OF-SCOPE	
REQ-0108	快照不依赖文件存在或合法，进程重启后仍然有效	8005 MesIngestWatch 的 AreaFilterProfile 编辑、实时同步、冲突与删除后显示范围快照	本场景不适用	无首期实现影响；只保留为基线追溯，禁止误删原需求。	无首期实现影响；只保留为基线追溯，禁止误删原需求。	不进入 ProtocolVersion 1；不得为范围外能力预留未定义消息。	OOS-MI-2 AreaFilterProfile 编辑与实时同步	OriginalScope 归 MesIngestWatch AreaFilterProfile	OUT-OF-SCOPE		OUT-OF-SCOPE	
REQ-0109	漂移判定比较解析后的 AREA 序列而非原始文本，因此仅修改注释或空行不算漂移	8005 MesIngestWatch 的 AreaFilterProfile 编辑、实时同步、冲突与删除后显示范围快照	本场景不适用	无首期实现影响；只保留为基线追溯，禁止误删原需求。	无首期实现影响；只保留为基线追溯，禁止误删原需求。	不进入 ProtocolVersion 1；不得为范围外能力预留未定义消息。	OOS-MI-2 AreaFilterProfile 编辑与实时同步	OriginalScope 归 MesIngestWatch AreaFilterProfile	OUT-OF-SCOPE		OUT-OF-SCOPE	
REQ-0110	非当前应用；有效；—；应用此配置（主按钮，可点）	8005 MesIngestWatch 的 AreaFilterProfile 编辑、实时同步、冲突与删除后显示范围快照	本场景不适用	无首期实现影响；只保留为基线追溯，禁止误删原需求。	无首期实现影响；只保留为基线追溯，禁止误删原需求。	不进入 ProtocolVersion 1；不得为范围外能力预留未定义消息。	OOS-MI-2 AreaFilterProfile 编辑与实时同步	OriginalScope 归 MesIngestWatch AreaFilterProfile	OUT-OF-SCOPE		OUT-OF-SCOPE	
REQ-0111	非当前应用；非法；—；应用此配置（禁用）	8005 MesIngestWatch 的 AreaFilterProfile 编辑、实时同步、冲突与删除后显示范围快照	本场景不适用	无首期实现影响；只保留为基线追溯，禁止误删原需求。	无首期实现影响；只保留为基线追溯，禁止误删原需求。	不进入 ProtocolVersion 1；不得为范围外能力预留未定义消息。	OOS-MI-2 AreaFilterProfile 编辑与实时同步	OriginalScope 归 MesIngestWatch AreaFilterProfile	OUT-OF-SCOPE		OUT-OF-SCOPE	
REQ-0112	当前应用；有效；一致；已应用（禁用）	8005 MesIngestWatch 的 AreaFilterProfile 编辑、实时同步、冲突与删除后显示范围快照	本场景不适用	无首期实现影响；只保留为基线追溯，禁止误删原需求。	无首期实现影响；只保留为基线追溯，禁止误删原需求。	不进入 ProtocolVersion 1；不得为范围外能力预留未定义消息。	OOS-MI-2 AreaFilterProfile 编辑与实时同步	OriginalScope 归 MesIngestWatch AreaFilterProfile	OUT-OF-SCOPE		OUT-OF-SCOPE	
REQ-0113	当前应用；有效；已漂移；重新应用（主按钮，可点）	8005 MesIngestWatch 的 AreaFilterProfile 编辑、实时同步、冲突与删除后显示范围快照	本场景不适用	无首期实现影响；只保留为基线追溯，禁止误删原需求。	无首期实现影响；只保留为基线追溯，禁止误删原需求。	不进入 ProtocolVersion 1；不得为范围外能力预留未定义消息。	OOS-MI-2 AreaFilterProfile 编辑与实时同步	OriginalScope 归 MesIngestWatch AreaFilterProfile	OUT-OF-SCOPE		OUT-OF-SCOPE	
REQ-0114	当前应用；非法；已漂移；重新应用（禁用），底部状态条说明原因	8005 MesIngestWatch 的 AreaFilterProfile 编辑、实时同步、冲突与删除后显示范围快照	本场景不适用	无首期实现影响；只保留为基线追溯，禁止误删原需求。	无首期实现影响；只保留为基线追溯，禁止误删原需求。	不进入 ProtocolVersion 1；不得为范围外能力预留未定义消息。	OOS-MI-2 AreaFilterProfile 编辑与实时同步	OriginalScope 归 MesIngestWatch AreaFilterProfile	OUT-OF-SCOPE		OUT-OF-SCOPE	
REQ-0115	当前应用；文件已删除；—；重新应用（禁用），范围仍生效	8005 MesIngestWatch 的 AreaFilterProfile 编辑、实时同步、冲突与删除后显示范围快照	本场景不适用	无首期实现影响；只保留为基线追溯，禁止误删原需求。	无首期实现影响；只保留为基线追溯，禁止误删原需求。	不进入 ProtocolVersion 1；不得为范围外能力预留未定义消息。	OOS-MI-2 AreaFilterProfile 编辑与实时同步	OriginalScope 归 MesIngestWatch AreaFilterProfile	OUT-OF-SCOPE		OUT-OF-SCOPE	
REQ-0116	The accepted information architecture is E. Prototype …	8005 MesIngestWatch 的 DemandSeries 单实例 Inspector E 信息架构	本场景不适用	无首期实现影响；只保留为基线追溯，禁止误删原需求。	无首期实现影响；只保留为基线追溯，禁止误删原需求。	不进入 ProtocolVersion 1；不得为范围外能力预留未定义消息。	OOS-MI-1 Inspector E 信息架构	OriginalScope 归 MesIngestWatch Inspector E	OUT-OF-SCOPE		OUT-OF-SCOPE	
REQ-0117	The Inspector replaces the existing inline DemandSerie…	8005 MesIngestWatch 的 DemandSeries 单实例 Inspector E 信息架构	本场景不适用	无首期实现影响；只保留为基线追溯，禁止误删原需求。	无首期实现影响；只保留为基线追溯，禁止误删原需求。	不进入 ProtocolVersion 1；不得为范围外能力预留未定义消息。	OOS-MI-1 Inspector E 信息架构	OriginalScope 归 MesIngestWatch Inspector E	OUT-OF-SCOPE		OUT-OF-SCOPE	
REQ-0118	The main DemandSeries page retains its filters, paging…	8005 MesIngestWatch 的 DemandSeries 单实例 Inspector E 信息架构	本场景不适用	无首期实现影响；只保留为基线追溯，禁止误删原需求。	无首期实现影响；只保留为基线追溯，禁止误删原需求。	不进入 ProtocolVersion 1；不得为范围外能力预留未定义消息。	OOS-MI-1 Inspector E 信息架构	OriginalScope 归 MesIngestWatch Inspector E	OUT-OF-SCOPE		OUT-OF-SCOPE	
REQ-0119	The Inspector is a single, unowned, non-Topmost, model…	8005 MesIngestWatch 的 DemandSeries 单实例 Inspector E 信息架构	本场景不适用	无首期实现影响；只保留为基线追溯，禁止误删原需求。	无首期实现影响；只保留为基线追溯，禁止误删原需求。	不进入 ProtocolVersion 1；不得为范围外能力预留未定义消息。	OOS-MI-1 Inspector E 信息架构	OriginalScope 归 MesIngestWatch Inspector E	OUT-OF-SCOPE		OUT-OF-SCOPE	
REQ-0120	A coordinator owns Inspector creation, explicit activa…	8005 MesIngestWatch 的 DemandSeries 单实例 Inspector E 信息架构	本场景不适用	无首期实现影响；只保留为基线追溯，禁止误删原需求。	无首期实现影响；只保留为基线追溯，禁止误删原需求。	不进入 ProtocolVersion 1；不得为范围外能力预留未定义消息。	OOS-MI-1 Inspector E 信息架构	OriginalScope 归 MesIngestWatch Inspector E	OUT-OF-SCOPE		OUT-OF-SCOPE	
REQ-0121	The DemandSeries detail view consumes an immutable pre…	8005 MesIngestWatch 的 DemandSeries 单实例 Inspector E 信息架构	本场景不适用	无首期实现影响；只保留为基线追溯，禁止误删原需求。	无首期实现影响；只保留为基线追溯，禁止误删原需求。	不进入 ProtocolVersion 1；不得为范围外能力预留未定义消息。	OOS-MI-1 Inspector E 信息架构	OriginalScope 归 MesIngestWatch Inspector E	OUT-OF-SCOPE		OUT-OF-SCOPE	
REQ-0122	Stable list selection and detail loading are separate …	8005 MesIngestWatch 的 DemandSeries 单实例 Inspector E 信息架构	本场景不适用	无首期实现影响；只保留为基线追溯，禁止误删原需求。	无首期实现影响；只保留为基线追溯，禁止误删原需求。	不进入 ProtocolVersion 1；不得为范围外能力预留未定义消息。	OOS-MI-1 Inspector E 信息架构	OriginalScope 归 MesIngestWatch Inspector E	OUT-OF-SCOPE		OUT-OF-SCOPE	
REQ-0123	All detail content comes from the same frozen snapshot…	8005 MesIngestWatch 的 DemandSeries 单实例 Inspector E 信息架构	本场景不适用	无首期实现影响；只保留为基线追溯，禁止误删原需求。	无首期实现影响；只保留为基线追溯，禁止误删原需求。	不进入 ProtocolVersion 1；不得为范围外能力预留未定义消息。	OOS-MI-1 Inspector E 信息架构	OriginalScope 归 MesIngestWatch Inspector E	OUT-OF-SCOPE		OUT-OF-SCOPE	
REQ-0124	Ordinary DemandSeries navigation opens only the list. …	8005 MesIngestWatch 的 DemandSeries 单实例 Inspector E 信息架构	本场景不适用	无首期实现影响；只保留为基线追溯，禁止误删原需求。	无首期实现影响；只保留为基线追溯，禁止误删原需求。	不进入 ProtocolVersion 1；不得为范围外能力预留未定义消息。	OOS-MI-1 Inspector E 信息架构	OriginalScope 归 MesIngestWatch Inspector E	OUT-OF-SCOPE		OUT-OF-SCOPE	
REQ-0125	The top of the Inspector uses one compact Series conte…	8005 MesIngestWatch 的 DemandSeries 单实例 Inspector E 信息架构	本场景不适用	无首期实现影响；只保留为基线追溯，禁止误删原需求。	无首期实现影响；只保留为基线追溯，禁止误删原需求。	不进入 ProtocolVersion 1；不得为范围外能力预留未定义消息。	OOS-MI-1 Inspector E 信息架构	OriginalScope 归 MesIngestWatch Inspector E	OUT-OF-SCOPE		OUT-OF-SCOPE	
REQ-0126	“世代分析”和“事件” are first-level sibling tabs sharing the s…	8005 MesIngestWatch 的 DemandSeries 单实例 Inspector E 信息架构	本场景不适用	无首期实现影响；只保留为基线追溯，禁止误删原需求。	无首期实现影响；只保留为基线追溯，禁止误删原需求。	不进入 ProtocolVersion 1；不得为范围外能力预留未定义消息。	OOS-MI-1 Inspector E 信息架构	OriginalScope 归 MesIngestWatch Inspector E	OUT-OF-SCOPE		OUT-OF-SCOPE	
REQ-0127	A vertical, virtualizable generation list is the sole …	8005 MesIngestWatch 的 DemandSeries 单实例 Inspector E 信息架构	本场景不适用	无首期实现影响；只保留为基线追溯，禁止误删原需求。	无首期实现影响；只保留为基线追溯，禁止误删原需求。	不进入 ProtocolVersion 1；不得为范围外能力预留未定义消息。	OOS-MI-1 Inspector E 信息架构	OriginalScope 归 MesIngestWatch Inspector E	OUT-OF-SCOPE		OUT-OF-SCOPE	
REQ-0128	Generation 1 defaults to FIRST_OBSERVED presentation b…	8005 MesIngestWatch 的 DemandSeries 单实例 Inspector E 信息架构	本场景不适用	无首期实现影响；只保留为基线追溯，禁止误删原需求。	无首期实现影响；只保留为基线追溯，禁止误删原需求。	不进入 ProtocolVersion 1；不得为范围外能力预留未定义消息。	OOS-MI-1 Inspector E 信息架构	OriginalScope 归 MesIngestWatch Inspector E	OUT-OF-SCOPE		OUT-OF-SCOPE	
REQ-0129	Known reason translations are FIRST_OBSERVED → “首次观察到”…	8005 MesIngestWatch 的 DemandSeries 单实例 Inspector E 信息架构	本场景不适用	无首期实现影响；只保留为基线追溯，禁止误删原需求。	无首期实现影响；只保留为基线追溯，禁止误删原需求。	不进入 ProtocolVersion 1；不得为范围外能力预留未定义消息。	OOS-MI-1 Inspector E 信息架构	OriginalScope 归 MesIngestWatch Inspector E	OUT-OF-SCOPE		OUT-OF-SCOPE	
REQ-0130	Unknown or malformed reason payloads produce a neutral…	8005 MesIngestWatch 的 DemandSeries 单实例 Inspector E 信息架构	本场景不适用	无首期实现影响；只保留为基线追溯，禁止误删原需求。	无首期实现影响；只保留为基线追溯，禁止误删原需求。	不进入 ProtocolVersion 1；不得为范围外能力预留未定义消息。	OOS-MI-1 Inspector E 信息架构	OriginalScope 归 MesIngestWatch Inspector E	OUT-OF-SCOPE		OUT-OF-SCOPE	
REQ-0131	Formation evidence is a variable ordered collection of…	8005 MesIngestWatch 的 DemandSeries 单实例 Inspector E 信息架构	本场景不适用	无首期实现影响；只保留为基线追溯，禁止误删原需求。	无首期实现影响；只保留为基线追溯，禁止误删原需求。	不进入 ProtocolVersion 1；不得为范围外能力预留未定义消息。	OOS-MI-1 Inspector E 信息架构	OriginalScope 归 MesIngestWatch Inspector E	OUT-OF-SCOPE		OUT-OF-SCOPE	
REQ-0132	Production status vocabulary remains authoritative, in…	8005 MesIngestWatch 的 DemandSeries 单实例 Inspector E 信息架构	本场景不适用	无首期实现影响；只保留为基线追溯，禁止误删原需求。	无首期实现影响；只保留为基线追溯，禁止误删原需求。	不进入 ProtocolVersion 1；不得为范围外能力预留未定义消息。	OOS-MI-1 Inspector E 信息架构	OriginalScope 归 MesIngestWatch Inspector E	OUT-OF-SCOPE		OUT-OF-SCOPE	
REQ-0133	The event tab renders only real immutable DemandSeries…	8005 MesIngestWatch 的 DemandSeries 单实例 Inspector E 信息架构	本场景不适用	无首期实现影响；只保留为基线追溯，禁止误删原需求。	无首期实现影响；只保留为基线追溯，禁止误删原需求。	不进入 ProtocolVersion 1；不得为范围外能力预留未定义消息。	OOS-MI-1 Inspector E 信息架构	OriginalScope 归 MesIngestWatch Inspector E	OUT-OF-SCOPE		OUT-OF-SCOPE	
REQ-0134	Event filtering is local and non-destructive. “相关事件” s…	8005 MesIngestWatch 的 DemandSeries 单实例 Inspector E 信息架构	本场景不适用	无首期实现影响；只保留为基线追溯，禁止误删原需求。	无首期实现影响；只保留为基线追溯，禁止误删原需求。	不进入 ProtocolVersion 1；不得为范围外能力预留未定义消息。	OOS-MI-1 Inspector E 信息架构	OriginalScope 归 MesIngestWatch Inspector E	OUT-OF-SCOPE		OUT-OF-SCOPE	
REQ-0135	Boundary MES evidence comes from DemandRawObservationS…	8005 MesIngestWatch 的 DemandSeries 单实例 Inspector E 信息架构	本场景不适用	无首期实现影响；只保留为基线追溯，禁止误删原需求。	无首期实现影响；只保留为基线追溯，禁止误删原需求。	不进入 ProtocolVersion 1；不得为范围外能力预留未定义消息。	OOS-MI-1 Inspector E 信息架构	OriginalScope 归 MesIngestWatch Inspector E	OUT-OF-SCOPE		OUT-OF-SCOPE	
REQ-0136	Scalar before/after comparison is allowed only when ea…	8005 MesIngestWatch 的 DemandSeries 单实例 Inspector E 信息架构	本场景不适用	无首期实现影响；只保留为基线追溯，禁止误删原需求。	无首期实现影响；只保留为基线追溯，禁止误删原需求。	不进入 ProtocolVersion 1；不得为范围外能力预留未定义消息。	OOS-MI-1 Inspector E 信息架构	OriginalScope 归 MesIngestWatch Inspector E	OUT-OF-SCOPE		OUT-OF-SCOPE	
REQ-0137	The MES field table preserves the native field vocabul…	8005 MesIngestWatch 的 DemandSeries 单实例 Inspector E 信息架构	本场景不适用	无首期实现影响；只保留为基线追溯，禁止误删原需求。	无首期实现影响；只保留为基线追溯，禁止误删原需求。	不进入 ProtocolVersion 1；不得为范围外能力预留未定义消息。	OOS-MI-1 Inspector E 信息架构	OriginalScope 归 MesIngestWatch Inspector E	OUT-OF-SCOPE		OUT-OF-SCOPE	
REQ-0138	MES field changes are described as “已变化／保持不变” evidence…	8005 MesIngestWatch 的 DemandSeries 单实例 Inspector E 信息架构	本场景不适用	无首期实现影响；只保留为基线追溯，禁止误删原需求。	无首期实现影响；只保留为基线追溯，禁止误删原需求。	不进入 ProtocolVersion 1；不得为范围外能力预留未定义消息。	OOS-MI-1 Inspector E 信息架构	OriginalScope 归 MesIngestWatch Inspector E	OUT-OF-SCOPE		OUT-OF-SCOPE	
REQ-0139	Same-Series refresh attempts to preserve focused Deman…	8005 MesIngestWatch 的 DemandSeries 单实例 Inspector E 信息架构	本场景不适用	无首期实现影响；只保留为基线追溯，禁止误删原需求。	无首期实现影响；只保留为基线追溯，禁止误删原需求。	不进入 ProtocolVersion 1；不得为范围外能力预留未定义消息。	OOS-MI-1 Inspector E 信息架构	OriginalScope 归 MesIngestWatch Inspector E	OUT-OF-SCOPE		OUT-OF-SCOPE	
REQ-0140	Current-target refresh failure retains the last succes…	8005 MesIngestWatch 的 DemandSeries 单实例 Inspector E 信息架构	本场景不适用	无首期实现影响；只保留为基线追溯，禁止误删原需求。	无首期实现影响；只保留为基线追溯，禁止误删原需求。	不进入 ProtocolVersion 1；不得为范围外能力预留未定义消息。	OOS-MI-1 Inspector E 信息架构	OriginalScope 归 MesIngestWatch Inspector E	OUT-OF-SCOPE		OUT-OF-SCOPE	
REQ-0141	Inspector close, Host change, and application shutdown…	8005 MesIngestWatch 的 DemandSeries 单实例 Inspector E 信息架构	本场景不适用	无首期实现影响；只保留为基线追溯，禁止误删原需求。	无首期实现影响；只保留为基线追溯，禁止误删原需求。	不进入 ProtocolVersion 1；不得为范围外能力预留未定义消息。	OOS-MI-1 Inspector E 信息架构	OriginalScope 归 MesIngestWatch Inspector E	OUT-OF-SCOPE		OUT-OF-SCOPE	
REQ-0142	Window layout persistence extends the existing prefere…	8005 MesIngestWatch 的 DemandSeries 单实例 Inspector E 信息架构	本场景不适用	无首期实现影响；只保留为基线追溯，禁止误删原需求。	无首期实现影响；只保留为基线追溯，禁止误删原需求。	不进入 ProtocolVersion 1；不得为范围外能力预留未定义消息。	OOS-MI-1 Inspector E 信息架构	OriginalScope 归 MesIngestWatch Inspector E	OUT-OF-SCOPE		OUT-OF-SCOPE	
REQ-0143	Default Inspector size is 1200×800 effective pixels; m…	8005 MesIngestWatch 的 DemandSeries 单实例 Inspector E 信息架构	本场景不适用	无首期实现影响；只保留为基线追溯，禁止误删原需求。	无首期实现影响；只保留为基线追溯，禁止误删原需求。	不进入 ProtocolVersion 1；不得为范围外能力预留未定义消息。	OOS-MI-1 Inspector E 信息架构	OriginalScope 归 MesIngestWatch Inspector E	OUT-OF-SCOPE		OUT-OF-SCOPE	
REQ-0144	The existing Inspector ADR remains authoritative for w…	8005 MesIngestWatch 的 DemandSeries 单实例 Inspector E 信息架构	本场景不适用	无首期实现影响；只保留为基线追溯，禁止误删原需求。	无首期实现影响；只保留为基线追溯，禁止误删原需求。	不进入 ProtocolVersion 1；不得为范围外能力预留未定义消息。	OOS-MI-1 Inspector E 信息架构	OriginalScope 归 MesIngestWatch Inspector E	OUT-OF-SCOPE		OUT-OF-SCOPE	
REQ-0145	Production UI work must follow the repository Fluent U…	8005 MesIngestWatch 的 DemandSeries 单实例 Inspector E 信息架构	本场景不适用	无首期实现影响；只保留为基线追溯，禁止误删原需求。	无首期实现影响；只保留为基线追溯，禁止误删原需求。	不进入 ProtocolVersion 1；不得为范围外能力预留未定义消息。	OOS-MI-1 Inspector E 信息架构	OriginalScope 归 MesIngestWatch Inspector E	OUT-OF-SCOPE		OUT-OF-SCOPE	
REQ-0146	观察与计算：build 查询；地图和站点查询；可调度车辆和指定车辆状态查询；按 upperId/orderI…	8005 多仓位 AGV 项目；更窄边界以本条文本及来源票据为准	MVP 直接必须	实现指定车辆的查询、建单、命令和对账边界。	展示移动/到站/阻断事实，不直接调用 RIoT。	服务端向车载发布可行动状态；不透传任意 RIoT API。	FP-B0 批次 0 候选（MVP 已覆盖）	MVP 剖面 FinalClassification=MVP 直接必须	BATCH-0	白名单条目，批次 0 归属正确。但其具名 endpoint 清单成立于「不建路网成本引擎」这个形态：9 个具名 endpoint 全在 /api/version/ 与 /api/task/ 下，一个 /api/imap/ 端点都没有，而票 14 的 RouteGraphSnapshot 引擎需要四个 imap 只读端点（edges/{mapId}、mapInfo/stations/{mapId}、mapResource/removedEdge/{mapId}、mapEdgeGroup/all），vendored RIoT.Sdk.Facade 的 38 个 *Async 方法里也没有任何边表方法。用户 2026-09-04 已批准扩项并要求走具名 Facade，票 15 已提 CP-0001 修订项二增列这四个端点，本图不执行，形态标 需求变更待批。	BATCH-0	CP-0001
REQ-0147	常规建单：只允许 POST /api/order/v1/add/byDefaultMissions 创建指定…	8005 多仓位 AGV 项目；更窄边界以本条文本及来源票据为准	MVP 直接必须	实现指定车辆的查询、建单、命令和对账边界。	展示移动/到站/阻断事实，不直接调用 RIoT。	服务端向车载发布可行动状态；不透传任意 RIoT API。	FP-B0 批次 0 候选（MVP 已覆盖）	MVP 剖面 FinalClassification=MVP 直接必须	BATCH-0		BATCH-0	
REQ-0148	受控订单命令：只允许 POST /api/task/v1/order/command/{orderId} 的…	8005 多仓位 AGV 项目；更窄边界以本条文本及来源票据为准	MVP 交互／安全依赖	实现指定车辆的查询、建单、命令和对账边界。	展示移动/到站/阻断事实，不直接调用 RIoT。	服务端向车载发布可行动状态；不透传任意 RIoT API。	FP-B0 批次 0 候选（MVP 已覆盖）	MVP 剖面 FinalClassification=MVP 交互／安全依赖	BATCH-0		BATCH-0	
REQ-0149	调度可用性：允许 POST /api/task/vehicles/updateVehicleIntegrat…	8005 多仓位 AGV 项目；更窄边界以本条文本及来源票据为准	MVP 交互／安全依赖	实现指定车辆的查询、建单、命令和对账边界。	展示移动/到站/阻断事实，不直接调用 RIoT。	服务端向车载发布可行动状态；不透传任意 RIoT API。	FP-B0 批次 0 候选（MVP 已覆盖）	MVP 剖面 FinalClassification=MVP 交互／安全依赖	BATCH-0		BATCH-0	
REQ-0150	当前 MES 业务对账键是 TransportDemandKey，即 TASK_TYPE + SUBLOT。…	8005 多仓位 AGV 项目；更窄边界以本条文本及来源票据为准	MVP 直接必须	持久化执行、取消、完成和抑制身份。	显示唯一任务和本地完成；不显示或等待 PDA。	任务快照、终态和去重关联必须版本化。	FP-B0 批次 0 候选（MVP 已覆盖）	MVP 剖面 FinalClassification=MVP 直接必须	BATCH-0		BATCH-0	
REQ-0151	唯一性限定在完整快照和同时可见范围。 同一次完整成功 MES 快照中，一个 TransportDemandK…	8005 多仓位 AGV 项目；更窄边界以本条文本及来源票据为准	MVP 直接必须	持久化执行、取消、完成和抑制身份。	显示唯一任务和本地完成；不显示或等待 PDA。	任务快照、终态和去重关联必须版本化。	FP-B0 批次 0 候选（MVP 已覆盖）	MVP 剖面 FinalClassification=MVP 直接必须	BATCH-0		BATCH-0	
REQ-0152	同一 SUBLOT 同时命中多个任务类型是阻断性冲突。 该 SUBLOT 在本轮的全部候选均不创建或刷新 T…	8005 多仓位 AGV 项目；更窄边界以本条文本及来源票据为准	MVP 直接必须	持久化执行、取消、完成和抑制身份。	显示唯一任务和本地完成；不显示或等待 PDA。	任务快照、终态和去重关联必须版本化。	FP-B0 批次 0 候选（MVP 已覆盖）	MVP 剖面 FinalClassification=MVP 直接必须	BATCH-0		BATCH-0	
REQ-0153	DemandId 是本地 TransportDemand 实例身份。 MesIngest 在创建实例时生成，…	8005 多仓位 AGV 项目；更窄边界以本条文本及来源票据为准	MVP 直接必须	持久化执行、取消、完成和抑制身份。	显示唯一任务和本地完成；不显示或等待 PDA。	任务快照、终态和去重关联必须版本化。	FP-B0 批次 0 候选（MVP 已覆盖）	MVP 剖面 FinalClassification=MVP 直接必须	BATCH-0		BATCH-0	
REQ-0154	GONE 后同键再现产生新实例。 原 TransportDemand 与原 DemandId 永久保留为 G…	8005 多仓位 AGV 项目；更窄边界以本条文本及来源票据为准	MVP 直接必须	持久化执行、取消、完成和抑制身份。	显示唯一任务和本地完成；不显示或等待 PDA。	任务快照、终态和去重关联必须版本化。	FP-B0 批次 0 候选（MVP 已覆盖）	MVP 剖面 FinalClassification=MVP 直接必须	BATCH-0		BATCH-0	
REQ-0155	本地取消终态挂 DemandId，禁止再次执行业务挂 TransportDemandKey。 调度以 Tra…	8005 多仓位 AGV 项目；更窄边界以本条文本及来源票据为准	MVP 直接必须	持久化执行、取消、完成和抑制身份。	显示唯一任务和本地完成；不显示或等待 PDA。	任务快照、终态和去重关联必须版本化。	FP-C2 多车与多任务调度	MVP 剖面 FinalClassification=MVP 直接必须	BATCH-7	成立于「一个 DemandId 一条 journey」：实现是 OnboardRecoveryCoordinator.cs:828 把 「CANCELLED_BY_OPERATOR」 写进 JourneyRuntimeRow.BlockReasonCode，挂在 journey 行上；本条要求的按 TransportDemandKey 的 TransportDemandSuppression 零命中。完整产品下 REQ-0154 规定 GONE 后同键再现产生新 DemandId，新 journey 行命不中旧的 BlockReasonCode，抑制失效。这是本图第十次「能力藏在批次 0」。	BATCH-6	
REQ-0156	抑制只由本地取消产生。 CANCELLED_BY_OPERATOR、CANCELLED_BY_LOAD_CO…	8005 多仓位 AGV 项目；更窄边界以本条文本及来源票据为准	MVP 直接必须	持久化执行、取消、完成和抑制身份。	显示唯一任务和本地完成；不显示或等待 PDA。	任务快照、终态和去重关联必须版本化。	FP-C2 多车与多任务调度	MVP 剖面 FinalClassification=MVP 直接必须	BATCH-7	同 REQ-0155：抑制只由本地取消产生这条规则，需要按键的抑制表才有载体。	BATCH-6	
REQ-0157	版本与范围绑定。 本结论绑定 Git 提交 420c96c2f961aaffa42a5443fa42e658…	8005 多仓位 AGV 项目；更窄边界以本条文本及来源票据为准	MVP 直接必须	持久化执行、取消、完成和抑制身份。	显示唯一任务和本地完成；不显示或等待 PDA。	任务快照、终态和去重关联必须版本化。	FP-B0 批次 0 候选（MVP 已覆盖）	MVP 剖面 FinalClassification=MVP 直接必须	BATCH-0		BATCH-0	
REQ-0158	当前 8005 范围内所有组成部分严格只读访问 MES；不得执行完工、卸货、过站、入库或其它 MES 写操作…	8005 多仓位 AGV 项目；更窄边界以本条文本及来源票据为准	MVP 直接必须	持久化执行、取消、完成和抑制身份。	显示唯一任务和本地完成；不显示或等待 PDA。	任务快照、终态和去重关联必须版本化。	FP-B0 批次 0 候选（MVP 已覆盖）	MVP 剖面 FinalClassification=MVP 直接必须	BATCH-0		BATCH-0	
REQ-0159	8005 的物理卸货与搬运结果只形成其本地业务终态和正常审计事实；本地完成不等同于 MES 完成，也不以任何…	8005 多仓位 AGV 项目；更窄边界以本条文本及来源票据为准	MVP 直接必须	持久化执行、取消、完成和抑制身份。	显示唯一任务和本地完成；不显示或等待 PDA。	任务快照、终态和去重关联必须版本化。	FP-B0 批次 0 候选（MVP 已覆盖）	MVP 剖面 FinalClassification=MVP 直接必须	BATCH-0		BATCH-0	
REQ-0160	正常卸货后所需的 MES 入站、过站、接收或其它状态变化，由目的站对应的现场责任人通过既有 PDA/MES …	8005 多仓位 AGV 项目；更窄边界以本条文本及来源票据为准	MVP 直接必须	持久化执行、取消、完成和抑制身份。	显示唯一任务和本地完成；不显示或等待 PDA。	任务快照、终态和去重关联必须版本化。	FP-B0 批次 0 候选（MVP 已覆盖）	MVP 剖面 FinalClassification=MVP 直接必须	BATCH-0		BATCH-0	
REQ-0161	物理卸货完成并满足安全结束条件后，8005 立即结束本地任务并释放车辆；不等待现场 PDA/MES 操作，不…	8005 多仓位 AGV 项目；更窄边界以本条文本及来源票据为准	MVP 直接必须	持久化执行、取消、完成和抑制身份。	显示唯一任务和本地完成；不显示或等待 PDA。	任务快照、终态和去重关联必须版本化。	FP-B0 批次 0 候选（MVP 已覆盖）	MVP 剖面 FinalClassification=MVP 直接必须	BATCH-0		BATCH-0	
REQ-0162	8005 不显示 MES 后续操作提醒、不要求提醒确认，也不建立 MES 后续待办、完成状态、未确认告警或专…	8005 多仓位 AGV 项目；更窄边界以本条文本及来源票据为准	MVP 直接必须	持久化执行、取消、完成和抑制身份。	显示唯一任务和本地完成；不显示或等待 PDA。	任务快照、终态和去重关联必须版本化。	FP-B0 批次 0 候选（MVP 已覆盖）	MVP 剖面 FinalClassification=MVP 直接必须	BATCH-0		BATCH-0	
REQ-0163	MES 写回能力不属于当前基线。未来若要引入，必须作为新能力重新评审，并取得版本绑定的接口与数据契约、授权、…	8005 多仓位 AGV 项目；更窄边界以本条文本及来源票据为准	MVP 直接必须	持久化执行、取消、完成和抑制身份。	显示唯一任务和本地完成；不显示或等待 PDA。	任务快照、终态和去重关联必须版本化。	FP-B0 批次 0 候选（MVP 已覆盖）	MVP 剖面 FinalClassification=MVP 直接必须	BATCH-0		BATCH-0	
REQ-0164	UC-008 的“0/1”是8005的硬下单门禁，不是自动清理目标。 8005 按下单时的 appointV…	8005 多仓位 AGV 项目；更窄边界以本条文本及来源票据为准	MVP 直接必须	执行 WIRE_TO_GATE 字段、站点和容量准入。	在机台展示并核对 Sublot/篮数/端点。	只传经服务端裁决的字段和错误码，不让车载二次分类。	FP-B0 批次 0 候选（MVP 已覆盖）	MVP 剖面 FinalClassification=MVP 直接必须	BATCH-0		BATCH-0	
REQ-0165	正常 QUEUEING 是短暂过渡，QueueingStall 才是异常滞留。 可执行订单通常很快进入 EX…	8005 多仓位 AGV 项目；更窄边界以本条文本及来源票据为准	MVP 交互／安全依赖	执行 WIRE_TO_GATE 字段、站点和容量准入。	在机台展示并核对 Sublot/篮数/端点。	只传经服务端裁决的字段和错误码，不让车载二次分类。	FP-B0 批次 0 候选（MVP 已覆盖）	MVP 剖面 FinalClassification=MVP 交互／安全依赖	BATCH-0		BATCH-0	
REQ-0166	各终态不等同于可再派。 SUCCESS 后仍须确认车辆 IDLE 并重新通过完整派车检查；CANCELLED…	8005 多仓位 AGV 项目；更窄边界以本条文本及来源票据为准	MVP 交互／安全依赖	执行 WIRE_TO_GATE 字段、站点和容量准入。	在机台展示并核对 Sublot/篮数/端点。	只传经服务端裁决的字段和错误码，不让车载二次分类。	FP-B0 批次 0 候选（MVP 已覆盖）	MVP 剖面 FinalClassification=MVP 交互／安全依赖	BATCH-0		BATCH-0	
REQ-0167	可证明的暂时阻断应自动恢复。 8005应自动恢复由自身造成、原因已经消除且安全事实可独立证明的临时 Disp…	8005 多仓位 AGV 项目；更窄边界以本条文本及来源票据为准	MVP 交互／安全依赖	执行 WIRE_TO_GATE 字段、站点和容量准入。	在机台展示并核对 Sublot/篮数/端点。	只传经服务端裁决的字段和错误码，不让车载二次分类。	FP-C11 RIoT 订单命令面与故障隔离	MVP 剖面 FinalClassification=MVP 交互／安全依赖	BATCH-2	成立于「8005 从不发 RIoT 命令」：本条要求自动恢复自身造成的 RIoT DispatchDisable 并对自己触发的软件急停调 cancelEmergency，而 cancelEmergency 两端源码零命中、8005 根本不触发软件急停，恢复逻辑整段为空。注意服务端 5 处 DispatchDisable 命中是 CreateDispatchDisabled（8005 自己的建单开关，WireToGateOrchestration.cs:121/365/418/447-448），与本条说的 RIoT 侧 DispatchDisable 同名不同物。	BATCH-2	
REQ-0168	RIoT 原生 QUEUEING 诊断只提供证据，不提供动作授权。 用户指定 GET /api/task/v…	8005 多仓位 AGV 项目；更窄边界以本条文本及来源票据为准	MVP 交互／安全依赖	执行 WIRE_TO_GATE 字段、站点和容量准入。	在机台展示并核对 Sublot/篮数/端点。	只传经服务端裁决的字段和错误码，不让车载二次分类。	FP-B0 批次 0 候选（MVP 已覆盖）	MVP 剖面 FinalClassification=MVP 交互／安全依赖	BATCH-0		BATCH-0	
REQ-0169	低电量只触发防御性升级，不产生越权恢复。 既有充电触发阈值和最低接单电量阈值继续承担正常能源调度与候选过滤职…	8005 多仓位 AGV 项目；更窄边界以本条文本及来源票据为准	MVP 直接必须	执行 WIRE_TO_GATE 字段、站点和容量准入。	在机台展示并核对 Sublot/篮数/端点。	只传经服务端裁决的字段和错误码，不让车载二次分类。	FP-B0 批次 0 候选（MVP 已覆盖）	MVP 剖面 FinalClassification=MVP 直接必须	BATCH-0		BATCH-0	
REQ-0170	ChargeHangReassign 与普通待充共用一条候选链。 先限定为该车允许集合中的 8005 项目独…	8005 多仓位 AGV 项目；更窄边界以本条文本及来源票据为准	本场景不适用	无首期实现影响；只保留为基线追溯，禁止误删原需求。	无首期实现影响；只保留为基线追溯，禁止误删原需求。	不进入 ProtocolVersion 1；不得为范围外能力预留未定义消息。	FP-C1 自动充电桩调度与充电失败治理	来源票据 59-decide-charge-failure-reassignment-station-filter-and-queueing-policy.md)	BATCH-9		BATCH-8	
REQ-0171	独占资格由受控名册授予。 项目级“8005 独占充电桩名册”以 RIoT 地图 + 站点标识固定身份并保留批…	8005 多仓位 AGV 项目；更窄边界以本条文本及来源票据为准	本场景不适用	无首期实现影响；只保留为基线追溯，禁止误删原需求。	无首期实现影响；只保留为基线追溯，禁止误删原需求。	不进入 ProtocolVersion 1；不得为范围外能力预留未定义消息。	FP-C1 自动充电桩调度与充电失败治理	来源票据 59-decide-charge-failure-reassignment-station-filter-and-queueing-policy.md)	BATCH-9		BATCH-8	
REQ-0172	充电失败车辆不取得独立优先级。 它与普通待充车辆进入同一排队集合，统一按当前电量排序；失败事实本身不允许插队…	8005 多仓位 AGV 项目；更窄边界以本条文本及来源票据为准	本场景不适用	无首期实现影响；只保留为基线追溯，禁止误删原需求。	无首期实现影响；只保留为基线追溯，禁止误删原需求。	不进入 ProtocolVersion 1；不得为范围外能力预留未定义消息。	FP-C1 自动充电桩调度与充电失败治理	来源票据 59-decide-charge-failure-reassignment-station-filter-and-queueing-policy.md)	BATCH-9		BATCH-8	
REQ-0173	成功预占后不可抢占。 候选计算不等于取得资源，只有原子预占成功的车辆才可下单；电量优先只在尚未取得预占的车辆…	8005 多仓位 AGV 项目；更窄边界以本条文本及来源票据为准	本场景不适用	无首期实现影响；只保留为基线追溯，禁止误删原需求。	无首期实现影响；只保留为基线追溯，禁止误删原需求。	不进入 ProtocolVersion 1；不得为范围外能力预留未定义消息。	FP-C1 自动充电桩调度与充电失败治理	来源票据 59-decide-charge-failure-reassignment-station-filter-and-queueing-policy.md)	BATCH-9		BATCH-8	
REQ-0174	“已确认充不上”可由严格系统事实自动形成。 车辆、订单、预占和目标充电桩身份必须一致；车辆已到精确的 RIo…	8005 多仓位 AGV 项目；更窄边界以本条文本及来源票据为准	本场景不适用	无首期实现影响；只保留为基线追溯，禁止误删原需求。	无首期实现影响；只保留为基线追溯，禁止误删原需求。	不进入 ProtocolVersion 1；不得为范围外能力预留未定义消息。	FP-C1 自动充电桩调度与充电失败治理	来源票据 62-decide-offline-charger-failure-confirmation-and-allocation-hold-trigger.md)	BATCH-9		BATCH-8	
REQ-0175	一般充电类异常不得误触发暂停。 单独 HANG、超时、未到桩、导航不可达、车辆不可执行、自由文本失败提示、订…	8005 多仓位 AGV 项目；更窄边界以本条文本及来源票据为准	本场景不适用	无首期实现影响；只保留为基线追溯，禁止误删原需求。	无首期实现影响；只保留为基线追溯，禁止误删原需求。	不进入 ProtocolVersion 1；不得为范围外能力预留未定义消息。	FP-C1 自动充电桩调度与充电失败治理	来源票据 62-decide-offline-charger-failure-confirmation-and-allocation-hold-trigger.md)	BATCH-9		BATCH-8	
REQ-0176	系统事实不完整时，只有 R-11 可补充现场确认。 R-11 或等效维护权限人员可以个人身份确认具体车辆已在…	8005 多仓位 AGV 项目；更窄边界以本条文本及来源票据为准	本场景不适用	无首期实现影响；只保留为基线追溯，禁止误删原需求。	无首期实现影响；只保留为基线追溯，禁止误删原需求。	不进入 ProtocolVersion 1；不得为范围外能力预留未定义消息。	FP-C1 自动充电桩调度与充电失败治理	来源票据 62-decide-offline-charger-failure-confirmation-and-allocation-hold-trigger.md)	BATCH-9		BATCH-8	
REQ-0177	确认后立即以不可变、幂等事件暂停该桩的全部 8005 分配。 事件记录唯一 ID 和触发来源，充电桩 RIo…	8005 多仓位 AGV 项目；更窄边界以本条文本及来源票据为准	本场景不适用	无首期实现影响；只保留为基线追溯，禁止误删原需求。	无首期实现影响；只保留为基线追溯，禁止误删原需求。	不进入 ProtocolVersion 1；不得为范围外能力预留未定义消息。	FP-C1 自动充电桩调度与充电失败治理	来源票据 62-decide-offline-charger-failure-confirmation-and-allocation-hold-trigger.md)	BATCH-9		BATCH-8	
REQ-0178	失败后进入单一“清桩中”闭环。 旧充电订单必须在清桩前确认取消终态，取消结果未知时继续对账而不完成清桩。正常…	8005 多仓位 AGV 项目；更窄边界以本条文本及来源票据为准	本场景不适用	无首期实现影响；只保留为基线追溯，禁止误删原需求。	无首期实现影响；只保留为基线追溯，禁止误删原需求。	不进入 ProtocolVersion 1；不得为范围外能力预留未定义消息。	FP-C1 自动充电桩调度与充电失败治理	来源票据 62-decide-offline-charger-failure-confirmation-and-allocation-hold-trigger.md)	BATCH-9		BATCH-8	
REQ-0179	清桩有两种可替代的完成证明。 系统确认车辆已到地图等待点，或取得人工清桩确认：车辆已移至安全位置且原桩已腾空…	8005 多仓位 AGV 项目；更窄边界以本条文本及来源票据为准	本场景不适用	无首期实现影响；只保留为基线追溯，禁止误删原需求。	无首期实现影响；只保留为基线追溯，禁止误删原需求。	不进入 ProtocolVersion 1；不得为范围外能力预留未定义消息。	FP-C1 自动充电桩调度与充电失败治理	来源票据 62-decide-offline-charger-failure-confirmation-and-allocation-hold-trigger.md)	BATCH-9		BATCH-8	
REQ-0180	人工清桩不自动恢复或阻断车辆。 若车辆已到地图等待点，且位置有效、旧订单已终结、车辆状态正常并通过常规派车检…	8005 多仓位 AGV 项目；更窄边界以本条文本及来源票据为准	本场景不适用	无首期实现影响；只保留为基线追溯，禁止误删原需求。	无首期实现影响；只保留为基线追溯，禁止误删原需求。	不进入 ProtocolVersion 1；不得为范围外能力预留未定义消息。	FP-C1 自动充电桩调度与充电失败治理	来源票据 62-decide-offline-charger-failure-confirmation-and-allocation-hold-trigger.md)	BATCH-9		BATCH-8	
REQ-0181	工厂 IT SQL 是候选集合边界。 MesIngest 执行工厂 IT 正式提供的全厂六类 MES SQL…	8005 多仓位 AGV 项目；更窄边界以本条文本及来源票据为准	MVP 交互／安全依赖	执行 WIRE_TO_GATE 字段、站点和容量准入。	在机台展示并核对 Sublot/篮数/端点。	只传经服务端裁决的字段和错误码，不让车载二次分类。	FP-B0 批次 0 候选（MVP 已覆盖）	MVP 剖面 FinalClassification=MVP 交互／安全依赖	BATCH-0		BATCH-0	
REQ-0182	字段完整性采用单行隔离。 当前七列为 TASK_TYPE、SUBLOT、AREA、EQP、STEP、DATE…	8005 多仓位 AGV 项目；更窄边界以本条文本及来源票据为准	MVP 交互／安全依赖	执行 WIRE_TO_GATE 字段、站点和容量准入。	在机台展示并核对 Sublot/篮数/端点。	只传经服务端裁决的字段和错误码，不让车载二次分类。	FP-B0 批次 0 候选（MVP 已覆盖）	MVP 剖面 FinalClassification=MVP 交互／安全依赖	BATCH-0		BATCH-0	
REQ-0183	全厂 Demand 与老厂执行范围分层。 工厂 SQL 读取全厂数据，所有合格返回行均生成并保留 Trans…	8005 多仓位 AGV 项目；更窄边界以本条文本及来源票据为准	MVP 直接必须	执行 WIRE_TO_GATE 字段、站点和容量准入。	在机台展示并核对 Sublot/篮数/端点。	只传经服务端裁决的字段和错误码，不让车载二次分类。	FP-B0 批次 0 候选（MVP 已覆盖）	MVP 剖面 FinalClassification=MVP 直接必须	BATCH-0		BATCH-0	
REQ-0184	每个 Demand 只有一个 MES AREA 端点。 STAGING_TO_WIRE 中 EQP + AR…	8005 多仓位 AGV 项目；更窄边界以本条文本及来源票据为准	MVP 直接必须	执行 WIRE_TO_GATE 字段、站点和容量准入。	在机台展示并核对 Sublot/篮数/端点。	只传经服务端裁决的字段和错误码，不让车载二次分类。	FP-C9a 六类任务执行与公共站点绑定	票 13 复核：批次 0 判定只在单一任务类型形态下成立	BATCH-6	只实现了「其余五类」方向（AREA 机台取货、固定站卸货）；STAGING_TO_WIRE 的反方向零实现，且「另一端按 TASK_TYPE 配置为 FixedTaskStation」零实现——当前是 appsettings.json:53 的 gateStationId 单标量。	BATCH-4	
REQ-0185	共晶与低温共晶在选任务阶段排除。 项目维护 TransportExecutionExcludedArea 列…	8005 多仓位 AGV 项目；更窄边界以本条文本及来源票据为准	本场景不适用	无首期实现影响；只保留为基线追溯，禁止误删原需求。	无首期实现影响；只保留为基线追溯，禁止误删原需求。	不进入 ProtocolVersion 1；不得为范围外能力预留未定义消息。	FP-C2 多车与多任务调度	来源票据 64-decide-mes-transport-candidate-inclusion-and-exclusion-boundary.md)	BATCH-7		BATCH-6	
REQ-0186	PACKAGE 缺值与容量未覆盖分层处理。 PACKAGE 空值属于字段完整性失败，由 MesIngest …	8005 多仓位 AGV 项目；更窄边界以本条文本及来源票据为准	MVP 直接必须	执行 WIRE_TO_GATE 字段、站点和容量准入。	在机台展示并核对 Sublot/篮数/端点。	只传经服务端裁决的字段和错误码，不让车载二次分类。	FP-B0 批次 0 候选（MVP 已覆盖）	MVP 剖面 FinalClassification=MVP 直接必须	BATCH-0		BATCH-0	
REQ-0187	AREA→EQP 唯一性是选任务门禁。 当前客户数据允许一个 AREA 对应多台机，客户后续将调整为 ARE…	8005 多仓位 AGV 项目；更窄边界以本条文本及来源票据为准	MVP 直接必须	执行 WIRE_TO_GATE 字段、站点和容量准入。	在机台展示并核对 Sublot/篮数/端点。	只传经服务端裁决的字段和错误码，不让车载二次分类。	FP-C9a 六类任务执行与公共站点绑定	票 13 复核：批次 0 判定只在单一任务类型形态下成立	BATCH-6	"基线明文要求 AREA→EQP 唯一性检查「不按工序过滤」，而 JourneyRuntimeEngine.cs:184 恰恰过滤了 WorkType == ""WIRE_TO_GATE""。单类型下该过滤等价于不过滤，故不可观测；六类下会漏掉其他类型观测行里的 AREA→多 EQP 冲突。另注：基线要求的独立 AreaEqpUniquenessMonitor（直查设备主数据）在控制服务端零命中，当前是从 MES 观测行推导，该缺口与任务类型无关，归票 09。"	BATCH-4	
REQ-0188	旧 SQL 只提供查询原型。 GetEqpnoByArea.sql 的 SHA-256 为 4eaee079…	8005 多仓位 AGV 项目；更窄边界以本条文本及来源票据为准	MVP 交互／安全依赖	执行 WIRE_TO_GATE 字段、站点和容量准入。	在机台展示并核对 Sublot/篮数/端点。	只传经服务端裁决的字段和错误码，不让车载二次分类。	FP-B0 批次 0 候选（MVP 已覆盖）	MVP 剖面 FinalClassification=MVP 交互／安全依赖	BATCH-0		BATCH-0	
REQ-0189	多 Sublot 不合并 Demand。 一辆 AGV 可以同时承载多个 Sublot 和多个独立 Tran…	8005 多仓位 AGV 项目；更窄边界以本条文本及来源票据为准	本场景不适用	无首期实现影响；只保留为基线追溯，禁止误删原需求。	无首期实现影响；只保留为基线追溯，禁止误删原需求。	不进入 ProtocolVersion 1；不得为范围外能力预留未定义消息。	FP-C2 多车与多任务调度	来源票据 65-decide-composite-transport-zoning-and-multi-sublot-boundary.md)	BATCH-7		BATCH-6	
REQ-0190	车辆任务类型采用默认拒绝的白名单。 VehicleTaskTypeAdmission 以 agvId + t…	8005 多仓位 AGV 项目；更窄边界以本条文本及来源票据为准	MVP 直接必须	实现单任务选择、硬准入、等待与结构性阻断。	只接收当前唯一任务/等待原因。	需要任务分配、撤回/阻断和状态快照语义。	FP-B0 批次 0 候选（MVP 已覆盖）	MVP 剖面 FinalClassification=MVP 直接必须	BATCH-0	票 03 已判：单车下语义被满足，故批次 0 归属正确，多车化的工程量归 B2。票 13 补充：它同时依赖六类——agvId × taskType 表在单一任务类型下退化为一个常量维度。VehicleTaskTypeAdmission 全仓零命中。	BATCH-0	
REQ-0191	Map、DispatchZone 与 AREA 形成单一正向执行链。 每个 DispatchZone 只归属…	8005 多仓位 AGV 项目；更窄边界以本条文本及来源票据为准	MVP 直接必须	实现单任务选择、硬准入、等待与结构性阻断。	只接收当前唯一任务/等待原因。	需要任务分配、撤回/阻断和状态快照语义。	FP-B0 批次 0 候选（MVP 已覆盖）	MVP 剖面 FinalClassification=MVP 直接必须	BATCH-4	DispatchZoneAreaAssignment 在控制服务端零命中；AREA 执行白名单当前退化为 AreaScopeCriterion.cs:21 的 Area.StartsWith('N') 硬编码前缀过滤（v2 线；汇编时引用的 JourneyRuntimeEngine.cs:177-180 已迁走）。mapId 25 上 11 个 AREA 全部 N 开头，故单 AREA 集合下语义碰巧成立。六类若引入非 N 前缀的 AREA（例如装片机台），本条即不成立——该前提尚未证明，见票 13 答案的未证明项。	BATCH-0	CP-0002
REQ-0192	车辆必须实际位于任务所属 Map。 Demand 所属分区的 mapId 必须等于车辆当前 Map，才能进入…	8005 多仓位 AGV 项目；更窄边界以本条文本及来源票据为准	MVP 直接必须	实现单任务选择、硬准入、等待与结构性阻断。	只接收当前唯一任务/等待原因。	需要任务分配、撤回/阻断和状态快照语义。	FP-B0 批次 0 候选（MVP 已覆盖）	MVP 剖面 FinalClassification=MVP 直接必须	BATCH-0		BATCH-0	
REQ-0193	固定站点不得跨图。 FixedTaskStation 按 TASK_TYPE + mapId 配置；Dema…	8005 多仓位 AGV 项目；更窄边界以本条文本及来源票据为准	MVP 直接必须	实现单任务选择、硬准入、等待与结构性阻断。	只接收当前唯一任务/等待原因。	需要任务分配、撤回/阻断和状态快照语义。	FP-B0 批次 0 候选（MVP 已覆盖）	MVP 剖面 FinalClassification=MVP 直接必须	BATCH-0	票 11 已判跨 Map 运输为本图 Out of scope，该判定不受影响。票 13 补充：本条的「FixedTaskStation 按 TASK_TYPE + mapId 配置」这一半零实现，单类型单图下语义碰巧成立（唯一的关卡就在 mapId 25 上）；该半句的实现随 FP-C9a 的 REQ-0334 一并落地。	BATCH-0	
REQ-0194	分区车辆策略同时具有硬准入与软偏好。 DispatchZoneVehicleAdmission 定义允许服务…	8005 多仓位 AGV 项目；更窄边界以本条文本及来源票据为准	MVP 交互／安全依赖	实现单任务选择、硬准入、等待与结构性阻断。	只接收当前唯一任务/等待原因。	需要任务分配、撤回/阻断和状态快照语义。	FP-B0 批次 0 候选（MVP 已覆盖）	MVP 剖面 FinalClassification=MVP 交互／安全依赖	BATCH-0		BATCH-0	
REQ-0195	同图跨区允许，但不得往返摆动。 一辆车同时获准多个同图分区时，可以在同一计划承载这些分区的 Demand，无…	8005 多仓位 AGV 项目；更窄边界以本条文本及来源票据为准	本场景不适用	无首期实现影响；只保留为基线追溯，禁止误删原需求。	无首期实现影响；只保留为基线追溯，禁止误删原需求。	不进入 ProtocolVersion 1；不得为范围外能力预留未定义消息。	FP-C2 多车与多任务调度	来源票据 65-decide-composite-transport-zoning-and-multi-sublot-boundary.md)	BATCH-7		BATCH-6	
REQ-0196	执行途中只允许受控追加。 新 TransportDemand 可以在车辆执行中经过完整准入后加入其后的未执行…	8005 多仓位 AGV 项目；更窄边界以本条文本及来源票据为准	本场景不适用	无首期实现影响；只保留为基线追溯，禁止误删原需求。	无首期实现影响；只保留为基线追溯，禁止误删原需求。	不进入 ProtocolVersion 1；不得为范围外能力预留未定义消息。	FP-C2 多车与多任务调度	来源票据 65-decide-composite-transport-zoning-and-multi-sublot-boundary.md)	BATCH-7		BATCH-6	
REQ-0197	后续停靠可以有界删除或换序。 当前下一站不可删除或换序；其后未执行停靠可在满足分区连续性和延迟保护时调整。尚…	8005 多仓位 AGV 项目；更窄边界以本条文本及来源票据为准	本场景不适用	无首期实现影响；只保留为基线追溯，禁止误删原需求。	无首期实现影响；只保留为基线追溯，禁止误删原需求。	不进入 ProtocolVersion 1；不得为范围外能力预留未定义消息。	FP-C2 多车与多任务调度	来源票据 65-decide-composite-transport-zoning-and-multi-sublot-boundary.md)	BATCH-7		BATCH-6	
REQ-0198	顺路取货按既有 Demand 的最大晚到量约束。 EnRoutePickupDeliveryDelay 是追…	8005 多仓位 AGV 项目；更窄边界以本条文本及来源票据为准	本场景不适用	无首期实现影响；只保留为基线追溯，禁止误删原需求。	无首期实现影响；只保留为基线追溯，禁止误删原需求。	不进入 ProtocolVersion 1；不得为范围外能力预留未定义消息。	FP-C2 多车与多任务调度	来源票据 65-decide-composite-transport-zoning-and-multi-sublot-boundary.md)	BATCH-7		BATCH-6	
REQ-0199	业务配置与后续设计分离。 当前基线只固定 Map→DispatchZone→AREA 归属、车辆任务类型白名…	8005 多仓位 AGV 项目；更窄边界以本条文本及来源票据为准	MVP 交互／安全依赖	实现单任务选择、硬准入、等待与结构性阻断。	只接收当前唯一任务/等待原因。	需要任务分配、撤回/阻断和状态快照语义。	FP-B0 批次 0 候选（MVP 已覆盖）	MVP 剖面 FinalClassification=MVP 交互／安全依赖	BATCH-0	本条是范围边界声明而非功能条目，批次 0 归属正确。但它列举的四项业务配置面中三项在控制服务端零命中：车辆任务类型白名单（REQ-0190）、分区车辆硬准入与软偏好（REQ-0194）、分区顺路延迟参数（EnRoutePickupDeliveryDelay）。各自的实现归其条目，不归本条。	BATCH-0	
REQ-0200	采用任务优先的分层字典序，不采用综合加权总分。 每轮先执行全部任务、车辆、站点和安全硬准入，再按任务层级确定…	8005 多仓位 AGV 项目；更窄边界以本条文本及来源票据为准	MVP 直接必须	实现单任务选择、硬准入、等待与结构性阻断。	只接收当前唯一任务/等待原因。	需要任务分配、撤回/阻断和状态快照语义。	FP-B0 批次 0 候选（MVP 已覆盖）	MVP 剖面 FinalClassification=MVP 直接必须	BATCH-0		BATCH-0	
REQ-0201	任务年龄只使用本地连续等待时间。 TransportDemandWaitingAge 从本地首次创建 Tra…	8005 多仓位 AGV 项目；更窄边界以本条文本及来源票据为准	MVP 直接必须	实现单任务选择、硬准入、等待与结构性阻断。	只接收当前唯一任务/等待原因。	需要任务分配、撤回/阻断和状态快照语义。	FP-C2 多车与多任务调度	MVP 剖面 FinalClassification=MVP 直接必须	BATCH-7	成立于「一次只有一个任务，无须排序」：TransportDemandWaitingAge 与 WaitingAge 服务端源码零命中，本地连续等待时间没有任何载体。多任务下它是防饥饿与优先级带（REQ-0202／REQ-0203）的输入。	BATCH-6	
REQ-0202	任务类型使用初始优先级带。 STAGING_TO_WIRE 单独处于最高初始带，其余五类任务同处普通带且不再…	8005 多仓位 AGV 项目；更窄边界以本条文本及来源票据为准	本场景不适用	无首期实现影响；只保留为基线追溯，禁止误删原需求。	无首期实现影响；只保留为基线追溯，禁止误删原需求。	不进入 ProtocolVersion 1；不得为范围外能力预留未定义消息。	FP-C2 多车与多任务调度	来源票据 66-decide-dispatch-ranking-route-cost-and-no-response-escalation.md)	BATCH-7		BATCH-6	
REQ-0203	防饥饿阈值须按 DispatchZone 现场标定并批准。 不采用原草稿的默认 1～3 分钟，也不提供通用默…	8005 多仓位 AGV 项目；更窄边界以本条文本及来源票据为准	首期延后	实现单任务选择、硬准入、等待与结构性阻断。	只接收当前唯一任务/等待原因。	需要任务分配、撤回/阻断和状态快照语义。	FP-C2 多车与多任务调度	来源票据 66-decide-dispatch-ranking-route-cost-and-no-response-escalation.md)	BATCH-7		BATCH-6	
REQ-0204	固定公共站点维持单点与单车位边界。 每张 Map 的每个 TASK_TYPE 只配置一个 FixedTask…	8005 多仓位 AGV 项目；更窄边界以本条文本及来源票据为准	MVP 直接必须	实现单任务选择、硬准入、等待与结构性阻断。	只接收当前唯一任务/等待原因。	需要任务分配、撤回/阻断和状态快照语义。	FP-C4 空闲返回与等待点	票 13 复核：推翻 I4（站点无独占），与等待点独占同一原语，归票 12 的 B4	BATCH-8	公共站点的「一台已到达车辆占用或一台已承诺前往的车辆预占」在单车下自动满足。它推翻 I4，是重构类而非增量类，与 REQ-0292/REQ-0293 的等待点独占是同一个 B4 原语——票 12 的 B4 落地形态必须同时覆盖公共业务点。	BATCH-5	CP-0002
REQ-0205	空闲车与可合法追加的在途车共同竞争。 在途车辆只有通过容量、Map、分区连续性、VehicleTaskTyp…	8005 多仓位 AGV 项目；更窄边界以本条文本及来源票据为准	MVP 交互／安全依赖	实现单任务选择、硬准入、等待与结构性阻断。	只接收当前唯一任务/等待原因。	需要任务分配、撤回/阻断和状态快照语义。	FP-C2 多车与多任务调度	票 13 复核：单车下无「空闲车与在途车竞争」可言，归票 03 已定的 B2 全开	BATCH-7	「空闲车与可合法追加的在途车共同竞争」在单车下无竞争对象。条目内引用的 VehicleTaskTypeAdmission 与 EnRoutePickupDeliveryDelay 两个标识符在控制服务端均零命中。	BATCH-6	
REQ-0206	车辆主要按新增行程成本比较。 VehicleMarginalRouteCost 表示加入已选任务相对车辆原计…	8005 多仓位 AGV 项目；更窄边界以本条文本及来源票据为准	本场景不适用	无首期实现影响；只保留为基线追溯，禁止误删原需求。	无首期实现影响；只保留为基线追溯，禁止误删原需求。	不进入 ProtocolVersion 1；不得为范围外能力预留未定义消息。	FP-C2 多车与多任务调度	来源票据 66-decide-dispatch-ranking-route-cost-and-no-response-escalation.md)	BATCH-7		BATCH-6	
REQ-0207	路径证据区分可达性与排序成本。 无法确认车辆到下一站可达时，该车退出本轮候选，禁止用直线距离或其它弱替代证明…	8005 多仓位 AGV 项目；更窄边界以本条文本及来源票据为准	MVP 直接必须	实现单任务选择、硬准入、等待与结构性阻断。	只接收当前唯一任务/等待原因。	需要任务分配、撤回/阻断和状态快照语义。	FP-C2 多车与多任务调度	MVP 剖面 FinalClassification=MVP 直接必须	BATCH-2	成立于「单车固定行程，可达性由现场保证」：RouteCost 在服务端源码零命中，可达性与排序成本的分层判据整段没有实现。票 14 已把可达性权威迁到自建 RouteGraphSnapshot，票 15 把建单前置那一半留给 getRouteCostsBy——两条路径本条都要，均属新增工程。	BATCH-2	
REQ-0208	电量和仓位首先是硬资格。 车辆预计完成任务后无法保留经批准的最低电量余量，或电量未知时，直接退出候选；通过后…	8005 多仓位 AGV 项目；更窄边界以本条文本及来源票据为准	MVP 直接必须	实现单任务选择、硬准入、等待与结构性阻断。	只接收当前唯一任务/等待原因。	需要任务分配、撤回/阻断和状态快照语义。	FP-C2 多车与多任务调度	MVP 剖面 FinalClassification=MVP 直接必须	BATCH-4	票 04 交来：代码比的是当前电量（v2 线 VehicleDynamicFactsCriterion.cs:89-95；汇编时引用的 JourneyRuntimeEngine.cs:561-565 已迁走）而非本条要求的「预计完成任务后的最低电量余量」，该折叠只在单一固定行程下成立；完整产品的计划含 2～9 个订单。用户 2026-09-15 定（批次 4／5 分票决策 10）：电量半边在批次 9 随 REQ-0282 的 ChargingPolicyVersion 实施，批次 4 只实施仓位半句，出口报告写明电量半边未实施、在一趟一单下比当前电量成立。	BATCH-6	CP-0002
REQ-0209	最终并列必须确定且可审计。 任务所有业务层相同时按本地创建时间、再按 DemandId 稳定排序；车辆所有业…	8005 多仓位 AGV 项目；更窄边界以本条文本及来源票据为准	MVP 直接必须	实现单任务选择、硬准入、等待与结构性阻断。	只接收当前唯一任务/等待原因。	需要任务分配、撤回/阻断和状态快照语义。	FP-B0 批次 0 候选（MVP 已覆盖）	MVP 剖面 FinalClassification=MVP 直接必须	BATCH-0		BATCH-0	
REQ-0210	正常积压与结构性无解分别升级。 所有车辆只是忙碌、容量暂满（含所需 SlotPosition 分组暂时空仓不…	8005 多仓位 AGV 项目；更窄边界以本条文本及来源票据为准	MVP 直接必须	实现单任务选择、硬准入、等待与结构性阻断。	只接收当前唯一任务/等待原因。	需要任务分配、撤回/阻断和状态快照语义。	FP-C2 多车与多任务调度	MVP 剖面 FinalClassification=MVP 直接必须	BATCH-4	成立于「无解即无车可派，人工看着办」：StructuralDispatchBlock 在服务端源码零命中，正常积压与结构性无解的分级升级没有载体。票 15 已点名该标识符零命中但未改判，交本票。	BATCH-6	CP-0002
REQ-0211	同站取消继续沿用既有 DemandId 与永久抑制边界。 操作员选择并取消一个 DemandId 对应的完整…	8005 多仓位 AGV 项目；更窄边界以本条文本及来源票据为准	MVP 交互／安全依赖	实现单任务选择、硬准入、等待与结构性阻断。	只接收当前唯一任务/等待原因。	需要任务分配、撤回/阻断和状态快照语义。	FP-C2 多车与多任务调度	MVP 剖面 FinalClassification=MVP 交互／安全依赖	BATCH-7	同站取消的执行那一半已实现；「完成后……永久抑制对应 TransportDemandKey」这一半随 REQ-0155 零实现。	BATCH-6	
REQ-0212	系统支持两种能力，但运行界面不同时提供两种入口。 服务端维护项目级、带版本的 LoadTaskEntryMo…	8005 多仓位 AGV 项目；更窄边界以本条文本及来源票据为准	首期延后	掌握任务、仓位集和装卸业务承诺。	掌握扫码、操作员交互和逐仓物理执行。	需要装卸请求/结果、幂等身份、可靠事件与可替换快照。	FP-C3 车载 Worklist 选任务模式	来源票据 67-decide-same-station-cancellation-and-operator-task-opening.md)	BATCH-11		BATCH-7	
REQ-0213	SUBLOT_ENTRY：车载界面只提供扫码或键盘输入 SUBLOT；	8005 多仓位 AGV 项目；更窄边界以本条文本及来源票据为准	MVP 直接必须	掌握任务、仓位集和装卸业务承诺。	掌握扫码、操作员交互和逐仓物理执行。	需要装卸请求/结果、幂等身份、可靠事件与可替换快照。	FP-B0 批次 0 候选（MVP 已覆盖）	MVP 剖面 FinalClassification=MVP 直接必须	BATCH-0		BATCH-0	
REQ-0214	WORKLIST_SELECTION：车载界面只提供从最新 CurrentStopWorklist 选择待装…	8005 多仓位 AGV 项目；更窄边界以本条文本及来源票据为准	本场景不适用	无首期实现影响；只保留为基线追溯，禁止误删原需求。	无首期实现影响；只保留为基线追溯，禁止误删原需求。	不进入 ProtocolVersion 1；不得为范围外能力预留未定义消息。	FP-C3 车载 Worklist 选任务模式	来源票据 67-decide-same-station-cancellation-and-operator-task-opening.md)	BATCH-11		BATCH-7	
REQ-0215	入口模式按装货开始边界冻结。 参数变更不改变已经开始的 Sublot、OperationSession 绑定…	8005 多仓位 AGV 项目；更窄边界以本条文本及来源票据为准	首期延后	掌握任务、仓位集和装卸业务承诺。	掌握扫码、操作员交互和逐仓物理执行。	需要装卸请求/结果、幂等身份、可靠事件与可替换快照。	FP-C3 车载 Worklist 选任务模式	来源票据 67-decide-same-station-cancellation-and-operator-task-opening.md)	BATCH-11		BATCH-7	
REQ-0216	普通现场操作员可以使用，不增加班组长逐次审批。 只有当前站点具有相应作业权限、已按 OperatorVeri…	8005 多仓位 AGV 项目；更窄边界以本条文本及来源票据为准	MVP 交互／安全依赖	掌握任务、仓位集和装卸业务承诺。	掌握扫码、操作员交互和逐仓物理执行。	需要装卸请求/结果、幂等身份、可靠事件与可替换快照。	FP-B0 批次 0 候选（MVP 已覆盖）	MVP 剖面 FinalClassification=MVP 交互／安全依赖	BATCH-0		BATCH-0	
REQ-0217	禁止一点即开门。 操作员先选择一个当前可开始的待装 DemandId，界面再独立展示完整 SUBLOT、任务…	8005 多仓位 AGV 项目；更窄边界以本条文本及来源票据为准	本场景不适用	无首期实现影响；只保留为基线追溯，禁止误删原需求。	无首期实现影响；只保留为基线追溯，禁止误删原需求。	不进入 ProtocolVersion 1；不得为范围外能力预留未定义消息。	FP-C3 车载 Worklist 选任务模式	来源票据 67-decide-same-station-cancellation-and-operator-task-opening.md)	BATCH-11		BATCH-7	
REQ-0218	最终门禁仍由服务端掌握。 确认后服务端必须以最新 worklistRevision 重新校验操作员、Oper…	8005 多仓位 AGV 项目；更窄边界以本条文本及来源票据为准	MVP 交互／安全依赖	掌握任务、仓位集和装卸业务承诺。	掌握扫码、操作员交互和逐仓物理执行。	需要装卸请求/结果、幂等身份、可靠事件与可替换快照。	FP-B0 批次 0 候选（MVP 已覆盖）	MVP 剖面 FinalClassification=MVP 交互／安全依赖	BATCH-0		BATCH-0	
REQ-0219	责任按可证明的控制链划分。 系统负责清单正确性、完整展示、权限和最新状态复核，以及保证实际启动的 Deman…	8005 多仓位 AGV 项目；更窄边界以本条文本及来源票据为准	本场景不适用	无首期实现影响；只保留为基线追溯，禁止误删原需求。	无首期实现影响；只保留为基线追溯，禁止误删原需求。	不进入 ProtocolVersion 1；不得为范围外能力预留未定义消息。	FP-C3 车载 Worklist 选任务模式	来源票据 67-decide-same-station-cancellation-and-operator-task-opening.md)	BATCH-11		BATCH-7	
REQ-0220	每次 WorklistTaskSelection 形成不可修改的业务审计。 最低记录包括入口模式及配置版本、…	8005 多仓位 AGV 项目；更窄边界以本条文本及来源票据为准	本场景不适用	无首期实现影响；只保留为基线追溯，禁止误删原需求。	无首期实现影响；只保留为基线追溯，禁止误删原需求。	不进入 ProtocolVersion 1；不得为范围外能力预留未定义消息。	FP-C3 车载 Worklist 选任务模式	来源票据 67-decide-same-station-cancellation-and-operator-task-opening.md)	BATCH-11		BATCH-7	
REQ-0221	8005 不建立目的站接收确认、暂不收货、拒收或稍后接收状态。车辆到达目的站并满足既有卸货安全条件后直接开始…	8005 多仓位 AGV 项目；更窄边界以本条文本及来源票据为准	MVP 直接必须	掌握任务、仓位集和装卸业务承诺。	掌握扫码、操作员交互和逐仓物理执行。	需要装卸请求/结果、幂等身份、可靠事件与可替换快照。	FP-B0 批次 0 候选（MVP 已覆盖）	MVP 剖面 FinalClassification=MVP 直接必须	BATCH-0		BATCH-0	
REQ-0222	不提供操作员到站取消入口。卸货开始后必须完成全部目标仓位取空、仓门锁闭与开锁输出复位；人员尚未取货时保持卸货…	8005 多仓位 AGV 项目；更窄边界以本条文本及来源票据为准	MVP 直接必须	掌握任务、仓位集和装卸业务承诺。	掌握扫码、操作员交互和逐仓物理执行。	需要装卸请求/结果、幂等身份、可靠事件与可替换快照。	FP-B0 批次 0 候选（MVP 已覆盖）	MVP 剖面 FinalClassification=MVP 直接必须	BATCH-0		BATCH-0	
REQ-0223	普通操作员只在当前 OperationSession 内、StopClosureCommit 前，可以开关本…	8005 多仓位 AGV 项目；更窄边界以本条文本及来源票据为准	MVP 直接必须	掌握任务、仓位集和装卸业务承诺。	掌握扫码、操作员交互和逐仓物理执行。	需要装卸请求/结果、幂等身份、可靠事件与可替换快照。	FP-B0 批次 0 候选（MVP 已覆盖）	MVP 剖面 FinalClassification=MVP 直接必须	BATCH-0	v1.4.0（CP-0004）起删去「处理顺序不限」，操作员手工重开同样受 REQ-0357 一次一扇约束，另一扇未闭环时不得开启；车载端实现见 onboard-hmi#106。	BATCH-0	CP-0004
REQ-0224	本地完成后发现拿错、漏拿或存错，不重开、回滚或改写原任务，不在 8005 内重送，也不生成新的 MES 运输…	8005 多仓位 AGV 项目；更窄边界以本条文本及来源票据为准	MVP 直接必须	掌握任务、仓位集和装卸业务承诺。	掌握扫码、操作员交互和逐仓物理执行。	需要装卸请求/结果、幂等身份、可靠事件与可替换快照。	FP-B0 批次 0 候选（MVP 已覆盖）	MVP 剖面 FinalClassification=MVP 直接必须	BATCH-0		BATCH-0	
REQ-0225	“系统因光幕漏检而判空完成、产品实际仍锁在仓内”不是重送，而是维护开门模式中的完工后遗留物取出。车辆只要停在…	8005 多仓位 AGV 项目；更窄边界以本条文本及来源票据为准	MVP 交互／安全依赖	掌握任务、仓位集和装卸业务承诺。	掌握扫码、操作员交互和逐仓物理执行。	需要装卸请求/结果、幂等身份、可靠事件与可替换快照。	FP-C12 维护开门模式	MVP 剖面 FinalClassification=MVP 交互／安全依赖	DEFERRED	成立于「遗留物走异常处置会话取出」：完工后遗留物处置是维护开门模式的入口条件，MaintenanceDoor 两端源码零命中。整簇已按用户 2026-09-04 决定延后，业务目的由已实现的 ExceptionRecoverySession 加强制机械取出覆盖。	DEFERRED	
REQ-0226	维护开门模式由 R-09 班组长或被明确授予等效生产管理权限的人在车载端即时重新认证后进入；一次进入可重复开…	8005 多仓位 AGV 项目；更窄边界以本条文本及来源票据为准	MVP 交互／安全依赖	掌握任务、仓位集和装卸业务承诺。	掌握扫码、操作员交互和逐仓物理执行。	需要装卸请求/结果、幂等身份、可靠事件与可替换快照。	FP-C12 维护开门模式	MVP 剖面 FinalClassification=MVP 交互／安全依赖	DEFERRED	MaintenanceDoor 两端零命中；且本条要求在车载端即时重新认证，甲档下无认证模型（见 FP-C10）。整簇延后。 v1.4.0（CP-0004）起补进入条件：整车不得有未收敛的业务仓位操作，硬件故障的收尾走异常处置闭环（REQ-0358／0359）。整簇仍延后。	DEFERRED	CP-0004
REQ-0227	维护开门资格以服务端业务绑定为准：没有活动 Sublot、运输任务、其它货物绑定或未收敛仓位操作的仓位，无论…	8005 多仓位 AGV 项目；更窄边界以本条文本及来源票据为准	MVP 交互／安全依赖	掌握任务、仓位集和装卸业务承诺。	掌握扫码、操作员交互和逐仓物理执行。	需要装卸请求/结果、幂等身份、可靠事件与可替换快照。	FP-C12 维护开门模式	MVP 剖面 FinalClassification=MVP 交互／安全依赖	DEFERRED	MaintenanceDoor 与 SlotStateMismatch 两端零命中。整簇延后。	DEFERRED	
REQ-0228	原完成任务只在所选仓位最近一次完成操作唯一且此后没有其它仓位操作或任务绑定时自动附作审计线索；无法唯一确定时…	8005 多仓位 AGV 项目；更窄边界以本条文本及来源票据为准	MVP 交互／安全依赖	掌握任务、仓位集和装卸业务承诺。	掌握扫码、操作员交互和逐仓物理执行。	需要装卸请求/结果、幂等身份、可靠事件与可替换快照。	FP-C12 维护开门模式	MVP 剖面 FinalClassification=MVP 交互／安全依赖	DEFERRED	维护开门模式内的审计线索规则，随整簇延后。	DEFERRED	
REQ-0229	维护开门模式期间整车停站，阻止移动和新仓位作业，但保留已有任务与有料仓位绑定；退出前必须证明全部已开仓门锁闭…	8005 多仓位 AGV 项目；更窄边界以本条文本及来源票据为准	MVP 交互／安全依赖	掌握任务、仓位集和装卸业务承诺。	掌握扫码、操作员交互和逐仓物理执行。	需要装卸请求/结果、幂等身份、可靠事件与可替换快照。	FP-C12 维护开门模式	MVP 剖面 FinalClassification=MVP 交互／安全依赖	DEFERRED	维护开门模式期间的整车停站规则，随整簇延后。	DEFERRED	
REQ-0230	确认发生遗留物漏检后，立即把该仓位标记为不可操作并排除后续分配；只有 R-11 设备/电气维护人员完成检查、…	8005 多仓位 AGV 项目；更窄边界以本条文本及来源票据为准	MVP 交互／安全依赖	掌握任务、仓位集和装卸业务承诺。	掌握扫码、操作员交互和逐仓物理执行。	需要装卸请求/结果、幂等身份、可靠事件与可替换快照。	FP-C12 维护开门模式	MVP 剖面 FinalClassification=MVP 交互／安全依赖	DEFERRED	遗留物漏检后的仓位不可操作标记，随整簇延后。	DEFERRED	
REQ-0231	上述所有处置都不修改 MES，不等待或推动 MES 状态变化，也不把 8005 本地终态解释为 MES 完成…	8005 多仓位 AGV 项目；更窄边界以本条文本及来源票据为准	MVP 直接必须	掌握任务、仓位集和装卸业务承诺。	掌握扫码、操作员交互和逐仓物理执行。	需要装卸请求/结果、幂等身份、可靠事件与可替换快照。	FP-B0 批次 0 候选（MVP 已覆盖）	MVP 剖面 FinalClassification=MVP 直接必须	BATCH-0		BATCH-0	
REQ-0232	故障采用“疑似阻断—确认隔离”两级事实模型。 离线、通信中断、导航失败、单个订单 FAILED 和持续时间均…	8005 多仓位 AGV 项目；更窄边界以本条文本及来源票据为准	MVP 交互／安全依赖	掌握业务阻断、恢复授权和任务/货物绑定。	独占 IO、安全收尾、日志与恢复现场交互。	需要断联收敛、逐仓结果、未知状态和 RecoveryHandshake 对账。	FP-C11 RIoT 订单命令面与故障隔离	MVP 剖面 FinalClassification=MVP 交互／安全依赖	BATCH-2	成立于「故障只有一级、且由人现场判定」：VehicleFaultIsolation 与 Isolation 两端源码零命中，疑似阻断—确认隔离的两级事实模型没有任何载体。	BATCH-2	
REQ-0233	自动确认故障使用严格硬证据白名单。 当前唯一可自动进入 VehicleFaultIsolation 的事实是…	8005 多仓位 AGV 项目；更窄边界以本条文本及来源票据为准	MVP 交互／安全依赖	掌握业务阻断、恢复授权和任务/货物绑定。	独占 IO、安全收尾、日志与恢复现场交互。	需要断联收敛、逐仓结果、未知状态和 RecoveryHandshake 对账。	FP-C11 RIoT 订单命令面与故障隔离	MVP 剖面 FinalClassification=MVP 交互／安全依赖	BATCH-2	同 REQ-0232：自动确认故障的硬证据白名单需要 VehicleFaultIsolation 状态机，零实现。	BATCH-2	
REQ-0234	进入阻断先保护当前订单。 进入疑似阻断或正式隔离时立即禁止新派车，并对本项目当前执行订单自动调用 Order…	8005 多仓位 AGV 项目；更窄边界以本条文本及来源票据为准	MVP 交互／安全依赖	掌握业务阻断、恢复授权和任务/货物绑定。	独占 IO、安全收尾、日志与恢复现场交互。	需要断联收敛、逐仓结果、未知状态和 RecoveryHandshake 对账。	FP-C11 RIoT 订单命令面与故障隔离	MVP 剖面 FinalClassification=MVP 交互／安全依赖	BATCH-2	成立于「阻断只需停止建新单」：本条明文要求进入阻断时对当前执行订单自动调用 OrderHold 并回查 HELD，而 OrderHold 两端源码零命中，8005 只会停止建新单、按不住已发出的订单。	BATCH-2	
REQ-0235	所有故障与被困货物处理统一为一次身份验证的异常处置会话。 ExceptionRecoverySession …	8005 多仓位 AGV 项目；更窄边界以本条文本及来源票据为准	MVP 交互／安全依赖	掌握业务阻断、恢复授权和任务/货物绑定。	独占 IO、安全收尾、日志与恢复现场交互。	需要断联收敛、逐仓结果、未知状态和 RecoveryHandshake 对账。	FP-B0 批次 0 候选（MVP 已覆盖）	MVP 剖面 FinalClassification=MVP 交互／安全依赖	BATCH-0		BATCH-0	
REQ-0236	异常处置权限按个人授予。 初始授予 R-09 班组长、R-11 设备/电气维护人员和 R-13 AGV 运维…	8005 多仓位 AGV 项目；更窄边界以本条文本及来源票据为准	本场景不适用	掌握业务阻断、恢复授权和任务/货物绑定。	独占 IO、安全收尾、日志与恢复现场交互。	需要断联收敛、逐仓结果、未知状态和 RecoveryHandshake 对账。	FP-C6 账号权限与密码治理	来源票据 69-decide-faulted-agv-isolation-cargo-handling-and-manual-override.md)；票 05 定案：随 FP-C10 一并延后（用户 2026-09-04 取甲档，本期不建人员认证）	DEFERRED		DEFERRED	
REQ-0237	普通放错只在离站前纠正。 8005 是一对一输送；车辆离开起点前保留既有 LoadCorrection 调整…	8005 多仓位 AGV 项目；更窄边界以本条文本及来源票据为准	MVP 交互／安全依赖	掌握业务阻断、恢复授权和任务/货物绑定。	独占 IO、安全收尾、日志与恢复现场交互。	需要断联收敛、逐仓结果、未知状态和 RecoveryHandshake 对账。	FP-B0 批次 0 候选（MVP 已覆盖）	MVP 剖面 FinalClassification=MVP 交互／安全依赖	BATCH-0		BATCH-0	
REQ-0238	已装货任务保持原绑定并采用双路径。 已有装货事实或货物状态未知时进入 FaultedVehicleCargo…	8005 多仓位 AGV 项目；更窄边界以本条文本及来源票据为准	MVP 交互／安全依赖	掌握业务阻断、恢复授权和任务/货物绑定。	独占 IO、安全收尾、日志与恢复现场交互。	需要断联收敛、逐仓结果、未知状态和 RecoveryHandshake 对账。	FP-C11 RIoT 订单命令面与故障隔离	MVP 剖面 FinalClassification=MVP 交互／安全依赖	BATCH-2	成立于「已装货故障车由人现场处置」：FaultedVehicle 两端源码零命中，双路径分支无载体。	BATCH-2	
REQ-0239	修复续行保持同一业务任务与载货车辆。 原 RIoT 订单仍确认为 HELD 且身份、目标和货物绑定一致时走既…	8005 多仓位 AGV 项目；更窄边界以本条文本及来源票据为准	MVP 交互／安全依赖	掌握业务阻断、恢复授权和任务/货物绑定。	独占 IO、安全收尾、日志与恢复现场交互。	需要断联收敛、逐仓结果、未知状态和 RecoveryHandshake 对账。	FP-C11 RIoT 订单命令面与故障隔离	MVP 剖面 FinalClassification=MVP 交互／安全依赖	BATCH-2	成立于「修复续行由人重新下单」：本条要求走既有 OrderContinue 授权及回查，OrderContinue 两端源码零命中。	BATCH-2	
REQ-0240	正常受控取货以电子物理闭环和具名交接终止业务。 车辆须已停稳且当前订单已 HELD/终结；结果未知时先完成断…	8005 多仓位 AGV 项目；更窄边界以本条文本及来源票据为准	MVP 交互／安全依赖	掌握业务阻断、恢复授权和任务/货物绑定。	独占 IO、安全收尾、日志与恢复现场交互。	需要断联收敛、逐仓结果、未知状态和 RecoveryHandshake 对账。	FP-B0 批次 0 候选（MVP 已覆盖）	MVP 剖面 FinalClassification=MVP 交互／安全依赖	BATCH-0		BATCH-0	
REQ-0241	极端锁和传感器故障使用强制机械取出。 锁无法经 DO 弹开，或锁反馈、光幕、占用检测等事实已经失真时，先完成…	8005 多仓位 AGV 项目；更窄边界以本条文本及来源票据为准	MVP 交互／安全依赖	掌握业务阻断、恢复授权和任务/货物绑定。	独占 IO、安全收尾、日志与恢复现场交互。	需要断联收敛、逐仓结果、未知状态和 RecoveryHandshake 对账。	FP-B0 批次 0 候选（MVP 已覆盖）	MVP 剖面 FinalClassification=MVP 交互／安全依赖	BATCH-0		BATCH-0	
REQ-0242	货物业务闭环与设备恢复闭环分离。 强制取出后，产品身份明确且完成具名交接时，ForcedCargoHando…	8005 多仓位 AGV 项目；更窄边界以本条文本及来源票据为准	MVP 交互／安全依赖	掌握业务阻断、恢复授权和任务/货物绑定。	独占 IO、安全收尾、日志与恢复现场交互。	需要断联收敛、逐仓结果、未知状态和 RecoveryHandshake 对账。	FP-B0 批次 0 候选（MVP 已覆盖）	MVP 剖面 FinalClassification=MVP 交互／安全依赖	BATCH-0		BATCH-0	
REQ-0243	仓内光幕不属于安全联锁。 8005 的仓内光幕只形成 SlotOccupancyState，用于判断有物、无…	8005 多仓位 AGV 项目；更窄边界以本条文本及来源票据为准	MVP 直接必须	掌握业务阻断、恢复授权和任务/货物绑定。	独占 IO、安全收尾、日志与恢复现场交互。	需要断联收敛、逐仓结果、未知状态和 RecoveryHandshake 对账。	FP-B0 批次 0 候选（MVP 已覆盖）	MVP 剖面 FinalClassification=MVP 直接必须	BATCH-0		BATCH-0	
REQ-0244	仓门安全以“明确证明锁闭”为准。 8005 没有独立门磁，不能直接观测仓门打开或关闭；只有有效锁反馈明确证明…	8005 多仓位 AGV 项目；更窄边界以本条文本及来源票据为准	MVP 直接必须	掌握业务阻断、恢复授权和任务/货物绑定。	独占 IO、安全收尾、日志与恢复现场交互。	需要断联收敛、逐仓结果、未知状态和 RecoveryHandshake 对账。	FP-B0 批次 0 候选（MVP 已覆盖）	MVP 剖面 FinalClassification=MVP 直接必须	BATCH-0		BATCH-0	
REQ-0245	仓门未锁闭采用三层处置。 已授权正常装卸开仓只维持 StationOperationGuard，不告警、不急…	8005 多仓位 AGV 项目；更窄边界以本条文本及来源票据为准	MVP 直接必须	掌握业务阻断、恢复授权和任务/货物绑定。	独占 IO、安全收尾、日志与恢复现场交互。	需要断联收敛、逐仓结果、未知状态和 RecoveryHandshake 对账。	FP-B0 批次 0 候选（MVP 已覆盖）	MVP 剖面 FinalClassification=MVP 直接必须	BATCH-0		BATCH-0	
REQ-0246	无法证明停车时立即升级，不等待固定超时。 当仓门未能证明安全锁闭，或疑似车辆故障阻断/车辆故障隔离已经要求停…	8005 多仓位 AGV 项目；更窄边界以本条文本及来源票据为准	MVP 直接必须	掌握业务阻断、恢复授权和任务/货物绑定。	独占 IO、安全收尾、日志与恢复现场交互。	需要断联收敛、逐仓结果、未知状态和 RecoveryHandshake 对账。	FP-C11 RIoT 订单命令面与故障隔离	MVP 剖面 FinalClassification=MVP 直接必须	BATCH-2	成立于「无自动急停」：本条要求无法同时证明订单 HELD 与车辆停稳时自动调用 triggerEmergency，triggerEmergency 两端源码零命中。这是安全能力，已按用户 2026-09-04 决定在 8005-agv-control-server 开缺陷单。	BATCH-2	
REQ-0247	停稳必须依靠正面证据。 急停状态经回查确认为 CAN_RECOVER 或 CAN_NOT_RECOVER 时…	8005 多仓位 AGV 项目；更窄边界以本条文本及来源票据为准	MVP 直接必须	掌握业务阻断、恢复授权和任务/货物绑定。	独占 IO、安全收尾、日志与恢复现场交互。	需要断联收敛、逐仓结果、未知状态和 RecoveryHandshake 对账。	FP-C11 RIoT 订单命令面与故障隔离	MVP 剖面 FinalClassification=MVP 直接必须	BATCH-2	成立于「单次查询即判停稳」：本条要求 movementState 加连续多次位置不变的组合证据，而 MovementState 只在 HttpRiotMovementGateway.cs:246 与 :266 各做一次相等判断（MT_RUNNING／MT_FINISHED），没有任何位置历史窗口。v1.3.0（CP-0003）起，急停状态回查确认为 CAN_RECOVER／CAN_NOT_RECOVER 即视为已停稳，未锁住时仍要求组合证据；实现见 control-server#63。	BATCH-2	CP-0003
REQ-0248	急停调用按状态重试并保留现场兜底。 急停状态未确认前按受控退避持续重试 triggerEmergency 并…	8005 多仓位 AGV 项目；更窄边界以本条文本及来源票据为准	MVP 直接必须	掌握业务阻断、恢复授权和任务/货物绑定。	独占 IO、安全收尾、日志与恢复现场交互。	需要断联收敛、逐仓结果、未知状态和 RecoveryHandshake 对账。	FP-C11 RIoT 订单命令面与故障隔离	MVP 剖面 FinalClassification=MVP 直接必须	BATCH-2	同 REQ-0246：急停按状态受控退避重试需要 triggerEmergency 调用路径，零实现。v1.3.0（CP-0003）起，锁住后按 REQ-0247 视为已停稳并继续监控急停状态，经 REQ-0356 人工确认由服务端解除的不属于意外恢复；实现见 control-server#63。	BATCH-2	CP-0003
REQ-0249	发起急停遵循“停车宽、恢复严”。 系统满足条件时自动触发，不需要人工授权；现场人员可从车载端无需登录地为本车…	8005 多仓位 AGV 项目；更窄边界以本条文本及来源票据为准	MVP 直接必须	掌握业务阻断、恢复授权和任务/货物绑定。	独占 IO、安全收尾、日志与恢复现场交互。	需要断联收敛、逐仓结果、未知状态和 RecoveryHandshake 对账。	FP-C11 RIoT 订单命令面与故障隔离	MVP 剖面 FinalClassification=MVP 直接必须	BATCH-2	同 REQ-0246：发起急停的「停车宽、恢复严」需要 triggerEmergency 与 cancelEmergency 两侧，均零实现。	BATCH-2	
REQ-0250	当前只有三种人员访问身份。 操作员通过手工输入工号形成本站操作者声明；维护管理员和系统管理员通过个人账号密码…	8005 多仓位 AGV 项目；更窄边界以本条文本及来源票据为准	MVP 直接必须	提供身份、权限、审计和版本化仓位配置权威。	执行身份核验并消费只读布局/IO 绑定。	只交换最小身份、授权结果与配置身份，不同步管理界面。	FP-C10 人员认证与账号	票 05 复核：批次 0 判定只在「单机、单共享密钥、身份由客户端自报」形态下成立	DEFERRED	「操作员工号 + 两种个人账号密码登录」三种访问身份在没有任何登录机制时退化为一个进程级环境变量，三种身份不可区分。控制服务端 src/ 中 SystemAdministrator／MaintenanceAdministrator／AdministratorAccount／PasswordHash／LoginSession 全部零命中，28 张持久化表既无账号表也无管理员操作审计表；唯一的管理员身份是消息 payload 里的 administratorRole 字符串（OnboardRecoveryCoordinator.cs:251 只校验它属两值枚举），唯一的认证是 RecoveryProofAccepted（同文件 :1006）对环境变量 CONTROL_SERVER_RECOVERY_AUTHENTICATION_PROOF 的定时安全比较，全场共用一个密钥、不识别人、也不区分那两个角色。车载端 Login／Password／Account／工号 同样零命中，operatorId 来自环境变量（Configuration.cs:278），AdministratorRole 硬编码为 MAINTENANCE_ADMINISTRATOR（WireToGateBusinessService.cs:89）。	DEFERRED	
REQ-0251	系统管理员是软件维护人员的最高权限角色。 SystemAdministrator 拥有全部 8005 系统权…	8005 多仓位 AGV 项目；更窄边界以本条文本及来源票据为准	MVP 交互／安全依赖	提供身份、权限、审计和版本化仓位配置权威。	执行身份核验并消费只读布局/IO 绑定。	只交换最小身份、授权结果与配置身份，不同步管理界面。	FP-C10 人员认证与账号	票 05 复核：批次 0 判定只在「单机、单共享密钥、身份由客户端自报」形态下成立	DEFERRED	SystemAdministrator 实体不存在；其权限面（账号与角色管理、IO 映射修改与激活、系统级参数、外部接口配置、凭证与软件版本维护）在服务端全部无落点。控制服务端 src/ 中 SystemAdministrator／MaintenanceAdministrator／AdministratorAccount／PasswordHash／LoginSession 全部零命中，28 张持久化表既无账号表也无管理员操作审计表；唯一的管理员身份是消息 payload 里的 administratorRole 字符串（OnboardRecoveryCoordinator.cs:251 只校验它属两值枚举），唯一的认证是 RecoveryProofAccepted（同文件 :1006）对环境变量 CONTROL_SERVER_RECOVERY_AUTHENTICATION_PROOF 的定时安全比较，全场共用一个密钥、不识别人、也不区分那两个角色。车载端 Login／Password／Account／工号 同样零命中，operatorId 来自环境变量（Configuration.cs:278），AdministratorRole 硬编码为 MAINTENANCE_ADMINISTRATOR（WireToGateBusinessService.cs:89）。	DEFERRED	
REQ-0252	管理员必须一人一号且单会话。 每个管理员账号唯一绑定一名自然人，只授予维护管理员或系统管理员之一；禁止多人共…	8005 多仓位 AGV 项目；更窄边界以本条文本及来源票据为准	MVP 直接必须	提供身份、权限、审计和版本化仓位配置权威。	执行身份核验并消费只读布局/IO 绑定。	只交换最小身份、授权结果与配置身份，不同步管理界面。	FP-C10 人员认证与账号	票 05 复核：批次 0 判定只在「单机、单共享密钥、身份由客户端自报」形态下成立	DEFERRED	「一人一号且单会话」在既无账号也无会话时无任何实例，条款空转。控制服务端 src/ 中 SystemAdministrator／MaintenanceAdministrator／AdministratorAccount／PasswordHash／LoginSession 全部零命中，28 张持久化表既无账号表也无管理员操作审计表；唯一的管理员身份是消息 payload 里的 administratorRole 字符串（OnboardRecoveryCoordinator.cs:251 只校验它属两值枚举），唯一的认证是 RecoveryProofAccepted（同文件 :1006）对环境变量 CONTROL_SERVER_RECOVERY_AUTHENTICATION_PROOF 的定时安全比较，全场共用一个密钥、不识别人、也不区分那两个角色。车载端 Login／Password／Account／工号 同样零命中，operatorId 来自环境变量（Configuration.cs:278），AdministratorRole 硬编码为 MAINTENANCE_ADMINISTRATOR（WireToGateBusinessService.cs:89）。	DEFERRED	
REQ-0253	统一异常处置权限随两个管理员角色授予。 ExceptionRecoveryPermission 不再按 R-…	8005 多仓位 AGV 项目；更窄边界以本条文本及来源票据为准	MVP 直接必须	提供身份、权限、审计和版本化仓位配置权威。	执行身份核验并消费只读布局/IO 绑定。	只交换最小身份、授权结果与配置身份，不同步管理界面。	FP-C10 人员认证与账号	票 05 复核：批次 0 判定只在「单机、单共享密钥、身份由客户端自报」形态下成立	DEFERRED	角色由客户端自报，实际门禁是共享密钥，「随两个管理员角色授予」退化为「随密钥授予」。控制服务端 src/ 中 SystemAdministrator／MaintenanceAdministrator／AdministratorAccount／PasswordHash／LoginSession 全部零命中，28 张持久化表既无账号表也无管理员操作审计表；唯一的管理员身份是消息 payload 里的 administratorRole 字符串（OnboardRecoveryCoordinator.cs:251 只校验它属两值枚举），唯一的认证是 RecoveryProofAccepted（同文件 :1006）对环境变量 CONTROL_SERVER_RECOVERY_AUTHENTICATION_PROOF 的定时安全比较，全场共用一个密钥、不识别人、也不区分那两个角色。车载端 Login／Password／Account／工号 同样零命中，operatorId 来自环境变量（Configuration.cs:278），AdministratorRole 硬编码为 MAINTENANCE_ADMINISTRATOR（WireToGateBusinessService.cs:89）。	DEFERRED	
REQ-0254	票据 62 的专门权限并入管理员角色。 系统事实不足时的“充不上现场确认”、人工清桩确认和充电桩恢复确认均可…	8005 多仓位 AGV 项目；更窄边界以本条文本及来源票据为准	本场景不适用	提供身份、权限、审计和版本化仓位配置权威。	执行身份核验并消费只读布局/IO 绑定。	只交换最小身份、授权结果与配置身份，不同步管理界面。	FP-C6 账号权限与密码治理	来源票据 71-decide-human-login-maintenance-and-high-risk-permission-boundary.md)；票 05 定案：部分实施——协议 v1 的 administratorRole 两值枚举已冻结、服务端 OnboardRecoveryCoordinator.cs:251 已在校验，身份由客户端自报那一半随 FP-C10 延后。票 04 担心的「不得单独砍」因此不会发生：它本来就在，不需要砍	DEFERRED		DEFERRED	
REQ-0255	所有管理员操作形成不可改写审计。 每次查看或变更记录个人账号、当时角色与登录会话、时间、终端及来源地址、操作…	8005 多仓位 AGV 项目；更窄边界以本条文本及来源票据为准	MVP 交互／安全依赖	提供身份、权限、审计和版本化仓位配置权威。	执行身份核验并消费只读布局/IO 绑定。	只交换最小身份、授权结果与配置身份，不同步管理界面。	FP-C10 人员认证与账号	票 05 复核：批次 0 判定只在「单机、单共享密钥、身份由客户端自报」形态下成立	DEFERRED	无管理员操作审计表；ExceptionRecoverySessionRow 记了 AdministratorId／AdministratorRole／Reason，但那是自报值，且不覆盖本条要求的「每次查看或变更」。控制服务端 src/ 中 SystemAdministrator／MaintenanceAdministrator／AdministratorAccount／PasswordHash／LoginSession 全部零命中，28 张持久化表既无账号表也无管理员操作审计表；唯一的管理员身份是消息 payload 里的 administratorRole 字符串（OnboardRecoveryCoordinator.cs:251 只校验它属两值枚举），唯一的认证是 RecoveryProofAccepted（同文件 :1006）对环境变量 CONTROL_SERVER_RECOVERY_AUTHENTICATION_PROOF 的定时安全比较，全场共用一个密钥、不识别人、也不区分那两个角色。车载端 Login／Password／Account／工号 同样零命中，operatorId 来自环境变量（Configuration.cs:278），AdministratorRole 硬编码为 MAINTENANCE_ADMINISTRATOR（WireToGateBusinessService.cs:89）。	DEFERRED	
REQ-0256	系统管理员可以立即撤权。 创建账号、调整角色和停用账号只属于系统管理员；停用账号或降低角色后，该账号的活动登…	8005 多仓位 AGV 项目；更窄边界以本条文本及来源票据为准	首期延后	提供身份、权限、审计和版本化仓位配置权威。	执行身份核验并消费只读布局/IO 绑定。	只交换最小身份、授权结果与配置身份，不同步管理界面。	FP-C6 账号权限与密码治理	来源票据 71-decide-human-login-maintenance-and-high-risk-permission-boundary.md)；票 05 定案：随 FP-C10 一并延后	DEFERRED		DEFERRED	
REQ-0257	单仓与整车采用两层模板。 SlotTemplate 是可供多个仓位共同引用的受控业务规格，只定义长、宽、高和…	8005 多仓位 AGV 项目；更窄边界以本条文本及来源票据为准	MVP 交互／安全依赖	提供身份、权限、审计和版本化仓位配置权威。	执行身份核验并消费只读布局/IO 绑定。	只交换最小身份、授权结果与配置身份，不同步管理界面。	FP-C7 配置生效治理与回滚	票 05 复核：批次 0 判定只在「车载持有并声明自身仓位配置」形态下成立，是 FP-C7 三条治理规则的地基	BATCH-3	"两层模板（SlotTemplate／整车模型）在服务端零实现，车侧只有一个硬编码版本字符串，「受控模板」形态不存在。服务端 src/ 中 SlotTemplate／SlotPosition／SlotModel／IoMapping／SlotConfiguration／ActiveSlotConfiguration／SlotConfigurationVerification／VehicleConfigurationMaintenance 全部零命中；能力在车载端（SlotConfiguration 10 处、ActiveSlotConfiguration 7 处、IoMapping 6 处），源头是 Configuration.cs:270-272 两个硬编码本地默认值 SlotModelVersion=""eight-slot-v1"" 与 ActiveSlotConfigurationVersion=""eight-slot-modbus-v1""，由 WireToGateSessionClient.cs:402-403 自报给服务端，服务端只记字符串、不裁决。"	BATCH-3	
REQ-0258	服务端是唯一权威维护入口。 ControlServer 保存并发布 SlotTemplate、Vehicle…	8005 多仓位 AGV 项目；更窄边界以本条文本及来源票据为准	MVP 交互／安全依赖	提供身份、权限、审计和版本化仓位配置权威。	执行身份核验并消费只读布局/IO 绑定。	只交换最小身份、授权结果与配置身份，不同步管理界面。	FP-C7 配置生效治理与回滚	票 05 复核：批次 0 判定只在「车载持有并声明自身仓位配置」形态下成立，是 FP-C7 三条治理规则的地基	BATCH-3	"本条推翻不变量 I7「车载持有并声明自身仓位配置，服务端只记录不裁决」，是重构类。「服务端是唯一权威维护入口」与现状方向相反：现状是车自报、服务端记录。服务端 src/ 中 SlotTemplate／SlotPosition／SlotModel／IoMapping／SlotConfiguration／ActiveSlotConfiguration／SlotConfigurationVerification／VehicleConfigurationMaintenance 全部零命中；能力在车载端（SlotConfiguration 10 处、ActiveSlotConfiguration 7 处、IoMapping 6 处），源头是 Configuration.cs:270-272 两个硬编码本地默认值 SlotModelVersion=""eight-slot-v1"" 与 ActiveSlotConfigurationVersion=""eight-slot-modbus-v1""，由 WireToGateSessionClient.cs:402-403 自报给服务端，服务端只记字符串、不裁决。"	BATCH-3	
REQ-0259	新 AGV 可以先登记，但不能带着缺口投运。 不要求接入当天完成 IO 录入；然而已发布模型中的全部仓位必须…	8005 多仓位 AGV 项目；更窄边界以本条文本及来源票据为准	MVP 交互／安全依赖	提供身份、权限、审计和版本化仓位配置权威。	执行身份核验并消费只读布局/IO 绑定。	只交换最小身份、授权结果与配置身份，不同步管理界面。	FP-C7 配置生效治理与回滚	票 05 复核：批次 0 判定只在「车载持有并声明自身仓位配置」形态下成立，是 FP-C7 三条治理规则的地基	BATCH-3	"车辆登记与投运缺口检查在服务端零实现；当前只有一台车的两个标量白名单写在 appsettings.json 里。服务端 src/ 中 SlotTemplate／SlotPosition／SlotModel／IoMapping／SlotConfiguration／ActiveSlotConfiguration／SlotConfigurationVerification／VehicleConfigurationMaintenance 全部零命中；能力在车载端（SlotConfiguration 10 处、ActiveSlotConfiguration 7 处、IoMapping 6 处），源头是 Configuration.cs:270-272 两个硬编码本地默认值 SlotModelVersion=""eight-slot-v1"" 与 ActiveSlotConfigurationVersion=""eight-slot-modbus-v1""，由 WireToGateSessionClient.cs:402-403 自报给服务端，服务端只记字符串、不裁决。"	BATCH-3	
REQ-0260	模板资料变更与硬件配置变更分开治理。 只修改 SlotTemplate 长、宽、高或花篮兼容性的 SlotM…	8005 多仓位 AGV 项目；更窄边界以本条文本及来源票据为准	首期延后	提供身份、权限、审计和版本化仓位配置权威。	执行身份核验并消费只读布局/IO 绑定。	只交换最小身份、授权结果与配置身份，不同步管理界面。	FP-C7 配置生效治理与回滚	来源票据 72-decide-slot-io-mapping-activation-and-maintenance-policy.md)；票 05 定案：本期实施，走受控预置配置 + 版本化审计，不做 UI；冻结点是仓位分配时刻的 SlotAssignmentTemplateSnapshot	BATCH-3		BATCH-3	
REQ-0261	只有硬件相关变更进入整车维护。 仓位集合、物理编号、SlotPosition、IO 点位、信号极性、传感器或…	8005 多仓位 AGV 项目；更窄边界以本条文本及来源票据为准	首期延后	提供身份、权限、审计和版本化仓位配置权威。	执行身份核验并消费只读布局/IO 绑定。	只交换最小身份、授权结果与配置身份，不同步管理界面。	FP-C7 配置生效治理与回滚	来源票据 72-decide-slot-io-mapping-activation-and-maintenance-policy.md)；票 05 定案：本期实施。本条是安全条款而非治理偏好——当前形态下改一颗 IO 点位只改车上的本地配置、服务端毫不知情、车照常接单	BATCH-3		BATCH-3	
REQ-0262	维护和测试依赖服务端在线。 服务端必须在线核验进入门禁并持久化整车配置维护态；车载端不能在断线时自行进入。维…	8005 多仓位 AGV 项目；更窄边界以本条文本及来源票据为准	MVP 交互／安全依赖	提供身份、权限、审计和版本化仓位配置权威。	执行身份核验并消费只读布局/IO 绑定。	只交换最小身份、授权结果与配置身份，不同步管理界面。	FP-C7 配置生效治理与回滚	票 05 复核：批次 0 判定只在「车载持有并声明自身仓位配置」形态下成立，是 FP-C7 三条治理规则的地基	BATCH-3	"「服务端在线核验进入门禁并持久化整车配置维护态」——VehicleConfigurationMaintenance 在两端均零命中，维护态不存在。服务端 src/ 中 SlotTemplate／SlotPosition／SlotModel／IoMapping／SlotConfiguration／ActiveSlotConfiguration／SlotConfigurationVerification／VehicleConfigurationMaintenance 全部零命中；能力在车载端（SlotConfiguration 10 处、ActiveSlotConfiguration 7 处、IoMapping 6 处），源头是 Configuration.cs:270-272 两个硬编码本地默认值 SlotModelVersion=""eight-slot-v1"" 与 ActiveSlotConfigurationVersion=""eight-slot-modbus-v1""，由 WireToGateSessionClient.cs:402-403 自报给服务端，服务端只记字符串、不裁决。"	BATCH-3	
REQ-0263	任何硬件相关变化都重新核验整车。 SlotConfigurationVerification 必须逐仓确认开…	8005 多仓位 AGV 项目；更窄边界以本条文本及来源票据为准	MVP 交互／安全依赖	提供身份、权限、审计和版本化仓位配置权威。	执行身份核验并消费只读布局/IO 绑定。	只交换最小身份、授权结果与配置身份，不同步管理界面。	FP-C7 配置生效治理与回滚	票 05 复核：批次 0 判定只在「车载持有并声明自身仓位配置」形态下成立，是 FP-C7 三条治理规则的地基	BATCH-3	"SlotConfigurationVerification 在服务端零命中，整车重新核验无实现。服务端 src/ 中 SlotTemplate／SlotPosition／SlotModel／IoMapping／SlotConfiguration／ActiveSlotConfiguration／SlotConfigurationVerification／VehicleConfigurationMaintenance 全部零命中；能力在车载端（SlotConfiguration 10 处、ActiveSlotConfiguration 7 处、IoMapping 6 处），源头是 Configuration.cs:270-272 两个硬编码本地默认值 SlotModelVersion=""eight-slot-v1"" 与 ActiveSlotConfigurationVersion=""eight-slot-modbus-v1""，由 WireToGateSessionClient.cs:402-403 自报给服务端，服务端只记字符串、不裁决。"	BATCH-3	
REQ-0264	整车配置只能原子激活。 ActiveSlotConfiguration 由一个已发布 SlotModelVe…	8005 多仓位 AGV 项目；更窄边界以本条文本及来源票据为准	MVP 交互／安全依赖	提供身份、权限、审计和版本化仓位配置权威。	执行身份核验并消费只读布局/IO 绑定。	只交换最小身份、授权结果与配置身份，不同步管理界面。	FP-C7 配置生效治理与回滚	票 05 复核：批次 0 判定只在「车载持有并声明自身仓位配置」形态下成立，是 FP-C7 三条治理规则的地基	BATCH-3	"「整车配置只能原子激活」——服务端无配置对象可激活，协议 54 条消息中也没有任何配置激活消息。服务端 src/ 中 SlotTemplate／SlotPosition／SlotModel／IoMapping／SlotConfiguration／ActiveSlotConfiguration／SlotConfigurationVerification／VehicleConfigurationMaintenance 全部零命中；能力在车载端（SlotConfiguration 10 处、ActiveSlotConfiguration 7 处、IoMapping 6 处），源头是 Configuration.cs:270-272 两个硬编码本地默认值 SlotModelVersion=""eight-slot-v1"" 与 ActiveSlotConfigurationVersion=""eight-slot-modbus-v1""，由 WireToGateSessionClient.cs:402-403 自报给服务端，服务端只记字符串、不裁决。"	BATCH-3	
REQ-0265	一次激活动作包含重新投运意图。 系统管理员点击激活时无需再进行第二次人工审批；车载端原子激活后，服务端只有在…	8005 多仓位 AGV 项目；更窄边界以本条文本及来源票据为准	MVP 交互／安全依赖	提供身份、权限、审计和版本化仓位配置权威。	执行身份核验并消费只读布局/IO 绑定。	只交换最小身份、授权结果与配置身份，不同步管理界面。	FP-C7 配置生效治理与回滚	票 05 复核：批次 0 判定只在「车载持有并声明自身仓位配置」形态下成立，是 FP-C7 三条治理规则的地基	BATCH-3	"「一次激活动作包含重新投运意图」建立在本条之前的激活能力上，激活能力不存在。服务端 src/ 中 SlotTemplate／SlotPosition／SlotModel／IoMapping／SlotConfiguration／ActiveSlotConfiguration／SlotConfigurationVerification／VehicleConfigurationMaintenance 全部零命中；能力在车载端（SlotConfiguration 10 处、ActiveSlotConfiguration 7 处、IoMapping 6 处），源头是 Configuration.cs:270-272 两个硬编码本地默认值 SlotModelVersion=""eight-slot-v1"" 与 ActiveSlotConfigurationVersion=""eight-slot-modbus-v1""，由 WireToGateSessionClient.cs:402-403 自报给服务端，服务端只记字符串、不裁决。"	BATCH-3	
REQ-0266	配置审计必须可还原全过程。 在票据 71 已批准的管理员审计字段之外，仓位配置记录还必须绑定模板、模型和 I…	8005 多仓位 AGV 项目；更窄边界以本条文本及来源票据为准	首期延后	提供身份、权限、审计和版本化仓位配置权威。	执行身份核验并消费只读布局/IO 绑定。	只交换最小身份、授权结果与配置身份，不同步管理界面。	FP-C7 配置生效治理与回滚	来源票据 72-decide-slot-io-mapping-activation-and-maintenance-policy.md)；票 05 定案：本期实施。粒度取版本级不可变完整快照，字段级差异按需从两个快照计算、不单独存储（REQ-0346 强制要求完整快照存在，再存一份差异就是第二份真相）；人员字段保留字段位、值填部署标识并标注不可归属自然人	BATCH-3		BATCH-3	
REQ-0267	8005 已批准硬件事实保持版本化不可改写。 当前 8005 全部 AGV 的八仓配置继续以 DO1～DO8…	8005 多仓位 AGV 项目；更窄边界以本条文本及来源票据为准	MVP 直接必须	提供身份、权限、审计和版本化仓位配置权威。	执行身份核验并消费只读布局/IO 绑定。	只交换最小身份、授权结果与配置身份，不同步管理界面。	FP-C7 配置生效治理与回滚	票 05 复核：批次 0 判定只在「车载持有并声明自身仓位配置」形态下成立，是 FP-C7 三条治理规则的地基	BATCH-3	"「已批准硬件事实保持版本化不可改写」在服务端无版本对象、无不可改写存储。服务端 src/ 中 SlotTemplate／SlotPosition／SlotModel／IoMapping／SlotConfiguration／ActiveSlotConfiguration／SlotConfigurationVerification／VehicleConfigurationMaintenance 全部零命中；能力在车载端（SlotConfiguration 10 处、ActiveSlotConfiguration 7 处、IoMapping 6 处），源头是 Configuration.cs:270-272 两个硬编码本地默认值 SlotModelVersion=""eight-slot-v1"" 与 ActiveSlotConfigurationVersion=""eight-slot-modbus-v1""，由 WireToGateSessionClient.cs:402-403 自报给服务端，服务端只记字符串、不裁决。"	BATCH-3	
REQ-0268	车队与仓位看板采用统一的 2 秒刷新节奏。 看板每 2 秒从 ControlServer 获取一次最新状态并…	8005 多仓位 AGV 项目；更窄边界以本条文本及来源票据为准	首期延后	提供当前状态、权限裁决和审计留存。	显示可行动状态并保存技术/执行日志。	定义诊断/状态快照字段和敏感操作拒绝码。	FP-C8 看板与观测	来源票据 73-decide-monitoring-freshness-alert-retry-and-log-retention.md)；票 05 定案：本期实施，且它是控制服务端第一个人机界面；数据源走新增的只读 HTTP 查询接口，不进协议 v2。界面上只允许 fail-safe 方向的动作	BATCH-3		BATCH-3	
REQ-0269	不可取得当前事实时直接表达原因，不引入“已过期”展示状态。 对应设备连接失败时显示“设备连接失败”，连接正常…	8005 多仓位 AGV 项目；更窄边界以本条文本及来源票据为准	MVP 直接必须	提供当前状态、权限裁决和审计留存。	显示可行动状态并保存技术/执行日志。	定义诊断/状态快照字段和敏感操作拒绝码。	FP-C8 看板与观测	票 05 复核：批次 0 判定只在「看板存在」的前提下成立，而看板与其数据源均零实现	BATCH-3	「不可取得当前事实时直接表达原因」是看板显示规则。ControlServer 全部 HTTP 端点只有 5 个（/health/live、/health/ready、/version、/api/runtime/sessions、/api/onboard/v1/vehicle-safety），既无看板界面也无取数接口，规则无承载面。	BATCH-3	
REQ-0270	告警可见对象按当前访问模型收敛。 与当前 AGV、当前停靠或当前操作直接相关的告警显示在对应 Onboard…	8005 多仓位 AGV 项目；更窄边界以本条文本及来源票据为准	MVP 直接必须	提供当前状态、权限裁决和审计留存。	显示可行动状态并保存技术/执行日志。	定义诊断/状态快照字段和敏感操作拒绝码。	FP-C8 看板与观测	票 05 复核：批次 0 判定只在「看板存在」的前提下成立，而看板与其数据源均零实现	BATCH-3	「全部 8005 告警集中显示在 ControlServer」需要告警上报与集中显示两者：协议 54 条消息中 Alarm／Alert 零命中，服务端无看板。后半句「不发送短信、邮件或企业微信，也不恢复 R-12/R-13」是否定性条款，本就不建东西。	BATCH-3	
REQ-0271	服务端业务与管理员审计至少在线保留 180 天。 BusinessAuditRecord 与 Adminis…	8005 多仓位 AGV 项目；更窄边界以本条文本及来源票据为准	MVP 交互／安全依赖	提供当前状态、权限裁决和审计留存。	显示可行动状态并保存技术/执行日志。	定义诊断/状态快照字段和敏感操作拒绝码。	FP-C14 审计留存与导出	MVP 剖面 FinalClassification=MVP 交互／安全依赖	BATCH-3	部分成立：现有审计（RiotDispatchAudit* 45/36/26、AdmissionPolicyAudit 14）只追加不删除，全库无一条 DELETE FROM，故保留期在这两类上事实满足。零实现的是本条具名的 BusinessAuditRecord 与 AdministratorActionAuditRecord 两个实体、以及「期限内必须可查询、导出」这一面；超期后由系统管理员配置归档，甲档下也无系统管理员。	BATCH-3	
REQ-0272	车载技术日志至少保留 30 天。 OnboardTechnicalLog 覆盖 IO 通信、信号变化、安全判…	8005 多仓位 AGV 项目；更窄边界以本条文本及来源票据为准	MVP 交互／安全依赖	提供当前状态、权限裁决和审计留存。	显示可行动状态并保存技术/执行日志。	定义诊断/状态快照字段和敏感操作拒绝码。	FP-C14 审计留存与导出	MVP 剖面 FinalClassification=MVP 交互／安全依赖	BATCH-3	OnboardTechnicalLog 车载端源码零命中；「关键安全与业务事件实时摘要到 ControlServer 并按 180 天业务审计规则保存」同样依赖 REQ-0271 的具名实体。	BATCH-3	
REQ-0273	不建立泄露、找回或强制重置流程。 当前版本不考虑密码疑似泄露后的专门处置，不提供账号找回或独立强制重置流程；…	8005 多仓位 AGV 项目；更窄边界以本条文本及来源票据为准	首期延后	提供当前状态、权限裁决和审计留存。	显示可行动状态并保存技术/执行日志。	定义诊断/状态快照字段和敏感操作拒绝码。	FP-C6 账号权限与密码治理	来源票据 74-decide-account-recovery-and-password-hardening-policy.md)；票 05 定案：否定性需求，延后即维持不建，与 REQ-0326 同型；票 10 须表述为「本期不建」而非遗漏	DEFERRED		DEFERRED	
REQ-0274	密码只能由系统管理员设置。 SystemAdministrator 可以设置自己的密码以及维护管理员、其他系…	8005 多仓位 AGV 项目；更窄边界以本条文本及来源票据为准	首期延后	提供当前状态、权限裁决和审计留存。	显示可行动状态并保存技术/执行日志。	定义诊断/状态快照字段和敏感操作拒绝码。	FP-C6 账号权限与密码治理	来源票据 74-decide-account-recovery-and-password-hardening-policy.md)；票 05 定案：随 FP-C10 一并延后	DEFERRED		DEFERRED	
REQ-0275	首次改密仅用于部署初始化。 首次部署创建一个绑定具名自然人的系统管理员个人账号，并为其提供临时初始密码；该系…	8005 多仓位 AGV 项目；更窄边界以本条文本及来源票据为准	首期延后	提供当前状态、权限裁决和审计留存。	显示可行动状态并保存技术/执行日志。	定义诊断/状态快照字段和敏感操作拒绝码。	FP-C6 账号权限与密码治理	来源票据 74-decide-account-recovery-and-password-hardening-policy.md)；票 05 定案：随 FP-C10 一并延后	DEFERRED		DEFERRED	
REQ-0276	基础密码格式固定且不做可配置增强。 密码长度为 6～20 个字符，至少包含一个英文字母和一个数字，不得等于或…	8005 多仓位 AGV 项目；更窄边界以本条文本及来源票据为准	MVP 交互／安全依赖	提供当前状态、权限裁决和审计留存。	显示可行动状态并保存技术/执行日志。	定义诊断/状态快照字段和敏感操作拒绝码。	FP-C10 人员认证与账号	票 05 复核：批次 0 判定只在「单机、单共享密钥、身份由客户端自报」形态下成立	DEFERRED	无密码，密码格式条款无实例。控制服务端 src/ 中 SystemAdministrator／MaintenanceAdministrator／AdministratorAccount／PasswordHash／LoginSession 全部零命中，28 张持久化表既无账号表也无管理员操作审计表；唯一的管理员身份是消息 payload 里的 administratorRole 字符串（OnboardRecoveryCoordinator.cs:251 只校验它属两值枚举），唯一的认证是 RecoveryProofAccepted（同文件 :1006）对环境变量 CONTROL_SERVER_RECOVERY_AUTHENTICATION_PROOF 的定时安全比较，全场共用一个密钥、不识别人、也不区分那两个角色。车载端 Login／Password／Account／工号 同样零命中，operatorId 来自环境变量（Configuration.cs:278），AdministratorRole 硬编码为 MAINTENANCE_ADMINISTRATOR（WireToGateBusinessService.cs:89）。	DEFERRED	
REQ-0277	设置新密码不联动当前会话。 系统管理员为已有账号设置新密码后，新密码从该账号下一次登录开始使用；该账号已经建…	8005 多仓位 AGV 项目；更窄边界以本条文本及来源票据为准	首期延后	提供当前状态、权限裁决和审计留存。	显示可行动状态并保存技术/执行日志。	定义诊断/状态快照字段和敏感操作拒绝码。	FP-C6 账号权限与密码治理	来源票据 74-decide-account-recovery-and-password-hardening-policy.md)；票 05 定案：随 FP-C10 一并延后	DEFERRED		DEFERRED	
REQ-0278	管理员登录会话不自动超时。 MaintenanceAdministrator 与 SystemAdminis…	8005 多仓位 AGV 项目；更窄边界以本条文本及来源票据为准	MVP 交互／安全依赖	提供当前状态、权限裁决和审计留存。	显示可行动状态并保存技术/执行日志。	定义诊断/状态快照字段和敏感操作拒绝码。	FP-C10 人员认证与账号	票 05 复核：批次 0 判定只在「单机、单共享密钥、身份由客户端自报」形态下成立	DEFERRED	「登录会话不自动超时」以「不存在登录会话」平凡成立，不是本条要表达的意思。控制服务端 src/ 中 SystemAdministrator／MaintenanceAdministrator／AdministratorAccount／PasswordHash／LoginSession 全部零命中，28 张持久化表既无账号表也无管理员操作审计表；唯一的管理员身份是消息 payload 里的 administratorRole 字符串（OnboardRecoveryCoordinator.cs:251 只校验它属两值枚举），唯一的认证是 RecoveryProofAccepted（同文件 :1006）对环境变量 CONTROL_SERVER_RECOVERY_AUTHENTICATION_PROOF 的定时安全比较，全场共用一个密钥、不识别人、也不区分那两个角色。车载端 Login／Password／Account／工号 同样零命中，operatorId 来自环境变量（Configuration.cs:278），AdministratorRole 硬编码为 MAINTENANCE_ADMINISTRATOR（WireToGateBusinessService.cs:89）。	DEFERRED	
REQ-0279	异常处置会话也不设置空闲超时。 ExceptionRecoverySession 只在人员交接、切换车辆、扩…	8005 多仓位 AGV 项目；更窄边界以本条文本及来源票据为准	MVP 交互／安全依赖	提供当前状态、权限裁决和审计留存。	显示可行动状态并保存技术/执行日志。	定义诊断/状态快照字段和敏感操作拒绝码。	FP-C10 人员认证与账号	票 05 复核：批次 0 判定只在「单机、单共享密钥、身份由客户端自报」形态下成立	DEFERRED	ExceptionRecoverySession 实存（src/ 14 个文件 152 处命中），不超时那一半真实成立；但本条依赖的「一次身份验证」是共享密钥，身份那一半退化。控制服务端 src/ 中 SystemAdministrator／MaintenanceAdministrator／AdministratorAccount／PasswordHash／LoginSession 全部零命中，28 张持久化表既无账号表也无管理员操作审计表；唯一的管理员身份是消息 payload 里的 administratorRole 字符串（OnboardRecoveryCoordinator.cs:251 只校验它属两值枚举），唯一的认证是 RecoveryProofAccepted（同文件 :1006）对环境变量 CONTROL_SERVER_RECOVERY_AUTHENTICATION_PROOF 的定时安全比较，全场共用一个密钥、不识别人、也不区分那两个角色。车载端 Login／Password／Account／工号 同样零命中，operatorId 来自环境变量（Configuration.cs:278），AdministratorRole 硬编码为 MAINTENANCE_ADMINISTRATOR（WireToGateBusinessService.cs:89）。	DEFERRED	
REQ-0280	密码设置沿用不可改写审计。 每次密码设置记录执行系统管理员的个人账号、当时角色和登录会话、目标账号、时间、终…	8005 多仓位 AGV 项目；更窄边界以本条文本及来源票据为准	首期延后	提供当前状态、权限裁决和审计留存。	显示可行动状态并保存技术/执行日志。	定义诊断/状态快照字段和敏感操作拒绝码。	FP-C6 账号权限与密码治理	来源票据 74-decide-account-recovery-and-password-hardening-policy.md)；票 05 定案：随 FP-C10 一并延后	DEFERRED		DEFERRED	
REQ-0281	三个电量阈值具有不同判定时点并满足硬关系。 DispatchBatteryEligibility 使用预计任…	8005 多仓位 AGV 项目；更窄边界以本条文本及来源票据为准	MVP 直接必须	以电量门禁阻断新任务并提示人工充电。	展示低电量等待与恢复业务就绪。	只需要电量阻断/就绪状态；无自动充电或空闲返回消息。	FP-C1 自动充电桩调度与充电失败治理	票 04 复核：与 REQ-0281／REQ-0282／REQ-0290 共享同一个 MVP 影响串「以电量门禁阻断新任务并提示人工充电。」，票 12 已据同一判据改判 REQ-0290；本条同为充电策略条款，MVP 判定只在退化形态下成立，归票 04 的 FP-C1，判增量类	BATCH-9	「三个电量阈值具有不同判定时点并满足硬关系」在只有一条固定行程且没有充电周期时退化为「一个当前电量门槛」，故 MVP 判定在该形态下成立。完整产品的计划含 2～9 个订单，「预计任务完成后的最低电量余量」无法再折叠进一个常量；有了充电周期后 ChargingCompletionThreshold 才有所指，三方硬关系才不空转。代码里只有标量 JourneyRuntime:minimumBatteryPercent（appsettings.json:57，值 30），比的是当前电量（JourneyRuntimeEngine.cs:561-565）；ChargingCompletionThreshold 与 DispatchBatteryEligibility 在 src/ 零命中。MVP 剖面的 ControlServerImpact「以电量门禁阻断新任务并提示人工充电」只覆盖前半句，且「提示人工充电」在 src/ 与 docs/RELEASE-CANDIDATE.md 里都不存在。	BATCH-8	
REQ-0282	ChargingPolicyVersion 受证据批准且按周期冻结。 需求基线只固定语义、关系与治理，不虚构…	8005 多仓位 AGV 项目；更窄边界以本条文本及来源票据为准	MVP 交互／安全依赖	以电量门禁阻断新任务并提示人工充电。	展示低电量等待与恢复业务就绪。	只需要电量阻断/就绪状态；无自动充电或空闲返回消息。	FP-C1 自动充电桩调度与充电失败治理	票 04 复核：与 REQ-0281／REQ-0282／REQ-0290 共享同一个 MVP 影响串「以电量门禁阻断新任务并提示人工充电。」，票 12 已据同一判据改判 REQ-0290；本条同为充电策略条款，MVP 判定只在退化形态下成立，归票 04 的 FP-C1，判增量类	BATCH-9	「ChargingPolicyVersion 受证据批准且按周期冻结」在只有一个参数、一台车、没有并发充电周期时退化为「部署时那个配置文件即已批准版本」，故 MVP 判定在该形态下成立。完整产品有多参数、多车与并发充电周期，「既有任务、排队、预占、建单与充电周期继续使用原策略快照」需要真正的版本与快照隔离，而「无已批准版本的车辆不得投运」那道门在代码里不存在。ChargingPolicyVersion 与 ChargingProgressObservationPolicy 在 src/ 零命中；实际存在的只有一个无版本、无批准记录的 appsettings.json 整数。与 REQ-0281、REQ-0290 共享同一个 MVP 影响串。	BATCH-8	
REQ-0283	充电建单不建立专属重试制度。 充电移动订单继承 RoutineOrderCreationCall 与 RIo…	8005 多仓位 AGV 项目；更窄边界以本条文本及来源票据为准	本场景不适用	无首期实现影响；只保留为基线追溯，禁止误删原需求。	无首期实现影响；只保留为基线追溯，禁止误删原需求。	不进入 ProtocolVersion 1；不得为范围外能力预留未定义消息。	FP-C1 自动充电桩调度与充电失败治理	来源票据 75-decide-charging-threshold-configuration-and-abnormal-lifecycle.md)	BATCH-9		BATCH-8	
REQ-0284	严格确认无法开始充电后，8005 原桩追加重试为 0。 RIoT 已完成自身内部重试后仍以经验证失败和最终 …	8005 多仓位 AGV 项目；更窄边界以本条文本及来源票据为准	本场景不适用	无首期实现影响；只保留为基线追溯，禁止误删原需求。	无首期实现影响；只保留为基线追溯，禁止误删原需求。	不进入 ProtocolVersion 1；不得为范围外能力预留未定义消息。	FP-C1 自动充电桩调度与充电失败治理	来源票据 75-decide-charging-threshold-configuration-and-abnormal-lifecycle.md)	BATCH-9		BATCH-8	
REQ-0285	已确认中断和无进展均采用双向临时隔离。 已确认正在充电但在完成阈值前、无正常停止命令时非预期停止，形成 Co…	8005 多仓位 AGV 项目；更窄边界以本条文本及来源票据为准	本场景不适用	无首期实现影响；只保留为基线追溯，禁止误删原需求。	无首期实现影响；只保留为基线追溯，禁止误删原需求。	不进入 ProtocolVersion 1；不得为范围外能力预留未定义消息。	FP-C1 自动充电桩调度与充电失败治理	来源票据 75-decide-charging-threshold-configuration-and-abnormal-lifecycle.md)	BATCH-9		BATCH-8	
REQ-0286	中断结果与根因归属分离。 人为关闭、物理急停、车辆问题、充电桩问题或外部供电都可能产生同一中断结果；原因未知…	8005 多仓位 AGV 项目；更窄边界以本条文本及来源票据为准	本场景不适用	无首期实现影响；只保留为基线追溯，禁止误删原需求。	无首期实现影响；只保留为基线追溯，禁止误删原需求。	不进入 ProtocolVersion 1；不得为范围外能力预留未定义消息。	FP-C1 自动充电桩调度与充电失败治理	来源票据 75-decide-charging-threshold-configuration-and-abnormal-lifecycle.md)	BATCH-9		BATCH-8	
REQ-0287	“车辆失联”按观测来源分开。 VehicleConnectionSession 失效只阻断车辆新业务并继续通…	8005 多仓位 AGV 项目；更窄边界以本条文本及来源票据为准	本场景不适用	无首期实现影响；只保留为基线追溯，禁止误删原需求。	无首期实现影响；只保留为基线追溯，禁止误删原需求。	不进入 ProtocolVersion 1；不得为范围外能力预留未定义消息。	FP-C1 自动充电桩调度与充电失败治理	来源票据 75-decide-charging-threshold-configuration-and-abnormal-lifecycle.md)	BATCH-9		BATCH-8	
REQ-0288	维修使用暂停分配而非临时删除身份。 维护管理员或系统管理员用 ChargingStationAllocati…	8005 多仓位 AGV 项目；更窄边界以本条文本及来源票据为准	本场景不适用	无首期实现影响；只保留为基线追溯，禁止误删原需求。	无首期实现影响；只保留为基线追溯，禁止误删原需求。	不进入 ProtocolVersion 1；不得为范围外能力预留未定义消息。	FP-C1 自动充电桩调度与充电失败治理	来源票据 75-decide-charging-threshold-configuration-and-abnormal-lifecycle.md)	BATCH-9		BATCH-8	
REQ-0289	首版只允许专用等待点。 等待点必须以明确的 RIoT 地图 + 站点登记，不得同时承担业务或充电角色，也不得…	8005 多仓位 AGV 项目；更窄边界以本条文本及来源票据为准	本场景不适用	无首期实现影响；只保留为基线追溯，禁止误删原需求。	无首期实现影响；只保留为基线追溯，禁止误删原需求。	不进入 ProtocolVersion 1；不得为范围外能力预留未定义消息。	FP-C4 空闲返回与等待点	来源票据 76-decide-idle-return-parking-point-eligibility-and-arbitration.md)	BATCH-8		BATCH-5	
REQ-0290	所有用途通过唯一 VehiclePurposeClaim 原子争用车辆。 已开始或结果未知的搬运、充电、清桩…	8005 多仓位 AGV 项目；更窄边界以本条文本及来源票据为准	MVP 交互／安全依赖	以电量门禁阻断新任务并提示人工充电。	展示低电量等待与恢复业务就绪。	只需要电量阻断/就绪状态；无自动充电或空闲返回消息。	FP-C4 空闲返回与等待点	票 12 复核：VehiclePurposeClaim 是 B1 的定义条款，MVP 单一用途下退化，归票 12 的 B1	BATCH-8	「所有用途通过唯一 VehiclePurposeClaim 原子争用车辆」在只有搬运一种用途时退化为「一个 Demand 一个租约」，故 MVP 判定在单一用途形态下成立。完整产品有搬运/充电/清桩维护/空闲返回四种用途，退化形态不成立。VehiclePurposeClaim 在控制服务端 src/ 零命中；现存的 VehicleDispatchLeaseRow 主键是 DemandId，只表达搬运一种用途。MVP 剖面的 ControlServerImpact「以电量门禁阻断新任务」只覆盖本条后半句的 MandatoryChargeEntryThreshold，未覆盖前半句的用途争用。	BATCH-5	
REQ-0291	IdleReturnEligibility 是严格兜底资格。 车辆须已结束当前用途、没有下一业务目标、活动或…	8005 多仓位 AGV 项目；更窄边界以本条文本及来源票据为准	本场景不适用	无首期实现影响；只保留为基线追溯，禁止误删原需求。	无首期实现影响；只保留为基线追溯，禁止误删原需求。	不进入 ProtocolVersion 1；不得为范围外能力预留未定义消息。	FP-C4 空闲返回与等待点	来源票据 76-decide-idle-return-parking-point-eligibility-and-arbitration.md)	BATCH-8		BATCH-5	
REQ-0292	车辆与等待点必须原子取得后才形成 IdleReturnCommit。 服务端基于同一份新鲜快照同时取得该车的…	8005 多仓位 AGV 项目；更窄边界以本条文本及来源票据为准	本场景不适用	无首期实现影响；只保留为基线追溯，禁止误删原需求。	无首期实现影响；只保留为基线追溯，禁止误删原需求。	不进入 ProtocolVersion 1；不得为范围外能力预留未定义消息。	FP-C4 空闲返回与等待点	来源票据 76-decide-idle-return-parking-point-eligibility-and-arbitration.md)	BATCH-8		BATCH-5	
REQ-0293	等待点实行从在途预占到在点占用的连续单车独占。 选择候选前必须重新核验当前地图、专用角色、车辆适用范围、身份…	8005 多仓位 AGV 项目；更窄边界以本条文本及来源票据为准	本场景不适用	无首期实现影响；只保留为基线追溯，禁止误删原需求。	无首期实现影响；只保留为基线追溯，禁止误删原需求。	不进入 ProtocolVersion 1；不得为范围外能力预留未定义消息。	FP-C4 空闲返回与等待点	来源票据 76-decide-idle-return-parking-point-eligibility-and-arbitration.md)	BATCH-8		BATCH-5	
REQ-0294	空闲返回只使用已批准的通用单段移动能力。 生成的 RIoT“一键停靠”和 parkConfig 客户端不构成…	8005 多仓位 AGV 项目；更窄边界以本条文本及来源票据为准	本场景不适用	无首期实现影响；只保留为基线追溯，禁止误删原需求。	无首期实现影响；只保留为基线追溯，禁止误删原需求。	不进入 ProtocolVersion 1；不得为范围外能力预留未定义消息。	FP-C4 空闲返回与等待点	来源票据 76-decide-idle-return-parking-point-eligibility-and-arbitration.md)	BATCH-8		BATCH-5	
REQ-0295	到点必须由一致证据组合确认。 单值 currentPosition 不得独自证明角色到达；至少要求本次稳定 …	8005 多仓位 AGV 项目；更窄边界以本条文本及来源票据为准	本场景不适用	无首期实现影响；只保留为基线追溯，禁止误删原需求。	无首期实现影响；只保留为基线追溯，禁止误删原需求。	不进入 ProtocolVersion 1；不得为范围外能力预留未定义消息。	FP-C4 空闲返回与等待点	来源票据 76-decide-idle-return-parking-point-eligibility-and-arbitration.md)	BATCH-8		BATCH-5	
REQ-0296	失败按“是否可能已有订单或仍在运动”分流。 首次外部建单前重新核验失败，或明确拒绝且已证明没有活动订单、车辆…	8005 多仓位 AGV 项目；更窄边界以本条文本及来源票据为准	本场景不适用	无首期实现影响；只保留为基线追溯，禁止误删原需求。	无首期实现影响；只保留为基线追溯，禁止误删原需求。	不进入 ProtocolVersion 1；不得为范围外能力预留未定义消息。	FP-C4 空闲返回与等待点	来源票据 76-decide-idle-return-parking-point-eligibility-and-arbitration.md)	BATCH-8		BATCH-5	
REQ-0297	配置和拓扑变化不破坏既有引用。 被删除、停用或改角色的等待点立即停止接受新承诺，但已经预占、在途或在点占用的…	8005 多仓位 AGV 项目；更窄边界以本条文本及来源票据为准	本场景不适用	无首期实现影响；只保留为基线追溯，禁止误删原需求。	无首期实现影响；只保留为基线追溯，禁止误删原需求。	不进入 ProtocolVersion 1；不得为范围外能力预留未定义消息。	FP-C4 空闲返回与等待点	来源票据 76-decide-idle-return-parking-point-eligibility-and-arbitration.md)	BATCH-8		BATCH-5	
REQ-0298	目录与路网是两份各自具名的产品事实。 MapStationCatalogSnapshot 覆盖 RIOT-8…	8005 多仓位 AGV 项目；更窄边界以本条文本及来源票据为准	MVP 直接必须	维护/验证 Map 与 Station 快照并冻结任务端点。	展示服务端给出的站点，不自行同步 RIoT 目录。	携带稳定站点身份、配置版本和新鲜度阻断码。	FP-B0 批次 0 候选（MVP 已覆盖）	MVP 剖面 FinalClassification=MVP 直接必须	BATCH-0	本条是范围边界声明而非功能条目，其中 MapStationCatalogSnapshot 那一半批次 0 归属正确。但「Edge、几何路网、本地最短路与动态交通状态均不进入本产品事实」这一半的批次 0 判定成立于「不建路网成本引擎」这个形态，票 14 已定引擎为完整产品硬依赖，形态被推翻。票 15 已提 CP-0001 修订本条，本图不执行，形态标 需求变更待批。同串的 REQ-0302/REQ-0305 与串外的 REQ-0147/REQ-0293/REQ-0345 的建单前置 RouteCost 门禁不受本提案影响、继续要求，但五条在服务端 src/ 里 RouteCost 零命中，逐条判定属票 09。	BATCH-0	CP-0001
REQ-0299	启动、周期和人工刷新共同维持目录。 服务启动时必须尝试一次全量同步，运行期间按投运前批准的周期执行非重入刷新…	8005 多仓位 AGV 项目；更窄边界以本条文本及来源票据为准	MVP 交互／安全依赖	维护/验证 Map 与 Station 快照并冻结任务端点。	展示服务端给出的站点，不自行同步 RIoT 目录。	携带稳定站点身份、配置版本和新鲜度阻断码。	FP-B0 批次 0 候选（MVP 已覆盖）	MVP 剖面 FinalClassification=MVP 交互／安全依赖	BATCH-0		BATCH-0	
REQ-0300	新快照只允许全量原子发布。 只有 Map 清单和每张有效 Map 的完整 Station 清单全部读取成功，…	8005 多仓位 AGV 项目；更窄边界以本条文本及来源票据为准	MVP 交互／安全依赖	维护/验证 Map 与 Station 快照并冻结任务端点。	展示服务端给出的站点，不自行同步 RIoT 目录。	携带稳定站点身份、配置版本和新鲜度阻断码。	FP-B0 批次 0 候选（MVP 已覆盖）	MVP 剖面 FinalClassification=MVP 交互／安全依赖	BATCH-0		BATCH-0	
REQ-0301	本地可追溯身份弥补 RIoT 原生版本缺口。 每个不同内容的有效快照记录来源环境/build、完整观测起止时…	8005 多仓位 AGV 项目；更窄边界以本条文本及来源票据为准	MVP 交互／安全依赖	维护/验证 Map 与 Station 快照并冻结任务端点。	展示服务端给出的站点，不自行同步 RIoT 目录。	携带稳定站点身份、配置版本和新鲜度阻断码。	FP-B0 批次 0 候选（MVP 已覆盖）	MVP 剖面 FinalClassification=MVP 交互／安全依赖	BATCH-0		BATCH-0	
REQ-0302	新鲜度按最近完整确认计算。 同步周期和最大允许未确认时长必须在投运前分别批准，且最大未确认时长须大于正常同步…	8005 多仓位 AGV 项目；更窄边界以本条文本及来源票据为准	MVP 直接必须	维护/验证 Map 与 Station 快照并冻结任务端点。	展示服务端给出的站点，不自行同步 RIoT 目录。	携带稳定站点身份、配置版本和新鲜度阻断码。	FP-C13 建单前置门禁与目录可用性	MVP 剖面 FinalClassification=MVP 直接必须	BATCH-2	两半形态不同：目录新鲜度那一半已实现（MapStationCatalogSnapshot 10 命中、CatalogRevision 28），而本条明文要求的「继续由实时 RouteCost 完成建单前可达性校验」零实现——RouteCost 在服务端源码零命中。另含两个投运前置参数（同步周期、最大允许未确认时长）须在投运前分别批准。	BATCH-2	
REQ-0303	无快照或超过新鲜度边界时 fail-closed。 系统仍可启动并展示、诊断和重试同步，也可继续观察已经存在…	8005 多仓位 AGV 项目；更窄边界以本条文本及来源票据为准	MVP 直接必须	维护/验证 Map 与 Station 快照并冻结任务端点。	展示服务端给出的站点，不自行同步 RIoT 目录。	携带稳定站点身份、配置版本和新鲜度阻断码。	FP-B0 批次 0 候选（MVP 已覆盖）	MVP 剖面 FinalClassification=MVP 直接必须	BATCH-0		BATCH-0	
REQ-0304	新目录自动成为当前事实，但不自动改写业务配置。 完整候选发布后，新增、删除、激活状态变化、Map/Stati…	8005 多仓位 AGV 项目；更窄边界以本条文本及来源票据为准	MVP 交互／安全依赖	维护/验证 Map 与 Station 快照并冻结任务端点。	展示服务端给出的站点，不自行同步 RIoT 目录。	携带稳定站点身份、配置版本和新鲜度阻断码。	FP-C9b 公共站点绑定运维治理	票 13 复核：批次 0 判定只在单一任务类型形态下成立；票 05 判档：本期实施	BATCH-6	「不自动猜测公共站点功能、不替换 FixedTaskStation 绑定」在这两个抽象都不存在时无从成立。	BATCH-4	CP-0002
REQ-0305	TransportDemand 冻结已解析站点且不被后续目录重写。 新任务只可从当时新鲜的当前快照取得并冻结…	8005 多仓位 AGV 项目；更窄边界以本条文本及来源票据为准	MVP 直接必须	维护/验证 Map 与 Station 快照并冻结任务端点。	展示服务端给出的站点，不自行同步 RIoT 目录。	携带稳定站点身份、配置版本和新鲜度阻断码。	FP-C13 建单前置门禁与目录可用性	MVP 剖面 FinalClassification=MVP 直接必须	BATCH-2	冻结 mapId + stationId 那一半已实现；「每次尚未创建的新 RIoT move 订单仍须……通过 RouteCost」这一半零实现。	BATCH-2	
REQ-0306	已经存在的 RIoT 订单不因目录变化被自动取消。 已建单或正在执行的移动继续按其 RIoT OrderRe…	8005 多仓位 AGV 项目；更窄边界以本条文本及来源票据为准	MVP 交互／安全依赖	维护/验证 Map 与 Station 快照并冻结任务端点。	展示服务端给出的站点，不自行同步 RIoT 目录。	携带稳定站点身份、配置版本和新鲜度阻断码。	FP-B0 批次 0 候选（MVP 已覆盖）	MVP 剖面 FinalClassification=MVP 交互／安全依赖	BATCH-0		BATCH-0	
REQ-0307	历史快照按引用和审计期限共同留存。 任何仍被活动或保留期内 TransportDemand、配置版本、审计记…	8005 多仓位 AGV 项目；更窄边界以本条文本及来源票据为准	MVP 交互／安全依赖	维护/验证 Map 与 Station 快照并冻结任务端点。	展示服务端给出的站点，不自行同步 RIoT 目录。	携带稳定站点身份、配置版本和新鲜度阻断码。	FP-B0 批次 0 候选（MVP 已覆盖）	MVP 剖面 FinalClassification=MVP 交互／安全依赖	BATCH-0		BATCH-0	
REQ-0308	同步异常形成目录级状态，真实缺站形成任务级阻断。 刷新失败、候选无效、超过新鲜度或 build/环境不兼容形…	8005 多仓位 AGV 项目；更窄边界以本条文本及来源票据为准	MVP 直接必须	维护/验证 Map 与 Station 快照并冻结任务端点。	展示服务端给出的站点，不自行同步 RIoT 目录。	携带稳定站点身份、配置版本和新鲜度阻断码。	FP-C13 建单前置门禁与目录可用性	MVP 剖面 FinalClassification=MVP 直接必须	BATCH-2	目录级不可用状态需要向维护/系统管理员展示，看板零实现（见 FP-C8）；任务级 StructuralDispatchBlock 在服务端源码零命中。	BATCH-2	
REQ-0309	具体 API 与数据结构继续留给证据验证和正式设计。 实现只能经已批准的 RIoT Map/Station …	8005 多仓位 AGV 项目；更窄边界以本条文本及来源票据为准	MVP 交互／安全依赖	维护/验证 Map 与 Station 快照并冻结任务端点。	展示服务端给出的站点，不自行同步 RIoT 目录。	携带稳定站点身份、配置版本和新鲜度阻断码。	FP-B0 批次 0 候选（MVP 已覆盖）	MVP 剖面 FinalClassification=MVP 交互／安全依赖	BATCH-0		BATCH-0	
REQ-0310	允许恢复，但只能恢复原车辆档案。 已归档 AGV 可以恢复；恢复必须沿用原本地 agvId，不得为同一实体车…	8005 多仓位 AGV 项目；更窄边界以本条文本及来源票据为准	本场景不适用	无首期实现影响；只保留为基线追溯，禁止误删原需求。	无首期实现影响；只保留为基线追溯，禁止误删原需求。	不进入 ProtocolVersion 1；不得为范围外能力预留未定义消息。	FP-C5 AGV 归档恢复与身份连续性	来源票据 78-decide-archived-agv-restoration-and-identity-continuity.md)；票 05 定案：最小闭环本期实施	BATCH-3		BATCH-3	
REQ-0311	恢复权限只属于系统管理员。 仅 SystemAdministrator 可以用个人账号发起并确认恢复，不设双…	8005 多仓位 AGV 项目；更窄边界以本条文本及来源票据为准	本场景不适用	无首期实现影响；只保留为基线追溯，禁止误删原需求。	无首期实现影响；只保留为基线追溯，禁止误删原需求。	不进入 ProtocolVersion 1；不得为范围外能力预留未定义消息。	FP-C5 AGV 归档恢复与身份连续性	来源票据 78-decide-archived-agv-restoration-and-identity-continuity.md)；票 05 定案：甲档下无 SystemAdministrator 实体，退化实施为「恢复入口不在看板、不在车载端，只在受控运维流程里」	BATCH-3		BATCH-3	
REQ-0312	本地 agvId 是唯一车辆身份。 AgvIdentity 由 ControlServer 首次接入时创建并…	8005 多仓位 AGV 项目；更窄边界以本条文本及来源票据为准	MVP 直接必须	掌握 AgvIdentity、RIoT 绑定和生命周期代次。	使用 VehicleCredential 建会话并证明本车业务就绪。	会话、命令和恢复消息绑定 AGV/代次/协议身份。	FP-B0 批次 0 候选（MVP 已覆盖）	MVP 剖面 FinalClassification=MVP 直接必须	BATCH-0		BATCH-0	
REQ-0313	deviceKey 只形成当前 RIoT 绑定。 RiotVehicleBinding 表达一个生命周期内 …	8005 多仓位 AGV 项目；更窄边界以本条文本及来源票据为准	MVP 直接必须	掌握 AgvIdentity、RIoT 绑定和生命周期代次。	使用 VehicleCredential 建会话并证明本车业务就绪。	会话、命令和恢复消息绑定 AGV/代次/协议身份。	FP-B0 批次 0 候选（MVP 已覆盖）	MVP 剖面 FinalClassification=MVP 直接必须	BATCH-0		BATCH-0	
REQ-0314	每次恢复开始新的生命周期代次。 同一 agvId 每次从归档恢复时递增 AgvLifecycleGenera…	8005 多仓位 AGV 项目；更窄边界以本条文本及来源票据为准	MVP 交互／安全依赖	掌握 AgvIdentity、RIoT 绑定和生命周期代次。	使用 VehicleCredential 建会话并证明本车业务就绪。	会话、命令和恢复消息绑定 AGV/代次/协议身份。	FP-B0 批次 0 候选（MVP 已覆盖）	MVP 剖面 FinalClassification=MVP 交互／安全依赖	BATCH-0		BATCH-0	
REQ-0315	运行态重置不清除历史，也不猜测物理事实。 任务、仓位历史、配置版本、审计和 deviceKey 映射历史不复…	8005 多仓位 AGV 项目；更窄边界以本条文本及来源票据为准	MVP 交互／安全依赖	掌握 AgvIdentity、RIoT 绑定和生命周期代次。	使用 VehicleCredential 建会话并证明本车业务就绪。	会话、命令和恢复消息绑定 AGV/代次/协议身份。	FP-B0 批次 0 候选（MVP 已覆盖）	MVP 剖面 FinalClassification=MVP 交互／安全依赖	BATCH-0		BATCH-0	
REQ-0316	归档前配置可以作为恢复候选。 原 ActiveSlotConfiguration 保留为候选；车载重新连接后…	8005 多仓位 AGV 项目；更窄边界以本条文本及来源票据为准	本场景不适用	无首期实现影响；只保留为基线追溯，禁止误删原需求。	无首期实现影响；只保留为基线追溯，禁止误删原需求。	不进入 ProtocolVersion 1；不得为范围外能力预留未定义消息。	FP-C5 AGV 归档恢复与身份连续性	来源票据 78-decide-archived-agv-restoration-and-identity-continuity.md)；票 05 定案：延后。它依赖 FP-C7 地基，且需 CapabilitySnapshot 新增指纹字段（协议 54 个 schema 中 fingerprint 零命中，属 breaking，见票 06）	BATCH-3		BATCH-3	
REQ-0317	恢复与投运严格分离。 恢复事务成功只把车辆置为未归档的新生命周期，并原子建立候选 RiotVehicleBi…	8005 多仓位 AGV 项目；更窄边界以本条文本及来源票据为准	本场景不适用	无首期实现影响；只保留为基线追溯，禁止误删原需求。	无首期实现影响；只保留为基线追溯，禁止误删原需求。	不进入 ProtocolVersion 1；不得为范围外能力预留未定义消息。	FP-C5 AGV 归档恢复与身份连续性	来源票据 78-decide-archived-agv-restoration-and-identity-continuity.md)；票 05 定案：最小闭环本期实施；投运不是写状态字段，而是写入一个供 fail-closed 谓词链读取的已投运标志位，故「检查通过也不自动投运」自动成立	BATCH-3		BATCH-3	
REQ-0318	车辆离线时可以先恢复档案。 完成恢复只要求操作者为 SystemAdministrator、原 agvId …	8005 多仓位 AGV 项目；更窄边界以本条文本及来源票据为准	本场景不适用	无首期实现影响；只保留为基线追溯，禁止误删原需求。	无首期实现影响；只保留为基线追溯，禁止误删原需求。	不进入 ProtocolVersion 1；不得为范围外能力预留未定义消息。	FP-C5 AGV 归档恢复与身份连续性	来源票据 78-decide-archived-agv-restoration-and-identity-continuity.md)；票 05 定案：最小闭环本期实施	BATCH-3		BATCH-3	
REQ-0319	业务就绪要求完整、正面的新代次证据。 启用前必须验证新 VehicleCredential 并建立新代次 V…	8005 多仓位 AGV 项目；更窄边界以本条文本及来源票据为准	MVP 直接必须	掌握 AgvIdentity、RIoT 绑定和生命周期代次。	使用 VehicleCredential 建会话并证明本车业务就绪。	会话、命令和恢复消息绑定 AGV/代次/协议身份。	FP-C5 AGV 归档恢复与身份连续性	MVP 剖面 FinalClassification=MVP 直接必须	BATCH-3	成立于「车辆凭证不存在，握手只校验一个全场共用的环境变量」：VehicleCredential 服务端源码零命中，本条要求的「启用前必须验证新 VehicleCredential」无载体。与 REQ-0317／REQ-0318 同属恢复后启用门禁，归 FP-C5。	BATCH-3	
REQ-0320	每次恢复尝试形成不可改写审计。 成功、失败、超时和结果未知均记录恢复尝试 ID、目标 agvId、归档原因和…	8005 多仓位 AGV 项目；更窄边界以本条文本及来源票据为准	本场景不适用	无首期实现影响；只保留为基线追溯，禁止误删原需求。	无首期实现影响；只保留为基线追溯，禁止误删原需求。	不进入 ProtocolVersion 1；不得为范围外能力预留未定义消息。	FP-C5 AGV 归档恢复与身份连续性	来源票据 78-decide-archived-agv-restoration-and-identity-continuity.md)；票 05 定案：最小闭环本期实施；审计保留人员字段位，值填部署标识并显式标注不可归属自然人	BATCH-3		BATCH-3	
REQ-0321	机台侧站点只按命名规则自动识别。 一张 Map 内，只有 stationName 由一个至三个合法 MES …	8005 多仓位 AGV 项目；更窄边界以本条文本及来源票据为准	MVP 直接必须	解析机台与关卡绑定，持久化配置/建单对账。	按服务端冻结端点执行到站装卸。	携带站点/绑定版本、OrderIntent 和对账结果身份。	FP-B0 批次 0 候选（MVP 已覆盖）	MVP 剖面 FinalClassification=MVP 直接必须	BATCH-0		BATCH-0	
REQ-0322	AREA 必须唯一解析。 同一 AREA 没有匹配或同时命中多个 Station 时，相关新 Transpo…	8005 多仓位 AGV 项目；更窄边界以本条文本及来源票据为准	MVP 直接必须	解析机台与关卡绑定，持久化配置/建单对账。	按服务端冻结端点执行到站装卸。	携带站点/绑定版本、OrderIntent 和对账结果身份。	FP-B0 批次 0 候选（MVP 已覆盖）	MVP 剖面 FinalClassification=MVP 直接必须	BATCH-0		BATCH-0	
REQ-0323	非 AREA 命名站点不一律视为异常。 地图可以包含公共业务点、等待点、充电点及其它普通 Station；它…	8005 多仓位 AGV 项目；更窄边界以本条文本及来源票据为准	MVP 交互／安全依赖	解析机台与关卡绑定，持久化配置/建单对账。	按服务端冻结端点执行到站装卸。	携带站点/绑定版本、OrderIntent 和对账结果身份。	FP-B0 批次 0 候选（MVP 已覆盖）	MVP 剖面 FinalClassification=MVP 交互／安全依赖	BATCH-0		BATCH-0	
REQ-0324	公共业务点走独立绑定。 派工待送、烘箱、关卡、三光和氮气柜等公共业务点按任务类型绑定：每张 Map 上每个 …	8005 多仓位 AGV 项目；更窄边界以本条文本及来源票据为准	MVP 直接必须	解析机台与关卡绑定，持久化配置/建单对账。	按服务端冻结端点执行到站装卸。	携带站点/绑定版本、OrderIntent 和对账结果身份。	FP-C9a 六类任务执行与公共站点绑定	票 13 复核：批次 0 判定只在单一任务类型形态下成立	BATCH-6	PublicStationFunction 在控制服务端 src/ 零命中。五个公共功能（派工待送、烘箱、关卡、三光、氮气柜）当前只有「关卡」以标量形式存在，且不是功能绑定而是硬编码终点。	BATCH-4	CP-0002
REQ-0325	既有任务不被地图变化重写。 新任务只能使用当时唯一有效的 AREA 解析结果并冻结其 Station；后续改…	8005 多仓位 AGV 项目；更窄边界以本条文本及来源票据为准	MVP 直接必须	解析机台与关卡绑定，持久化配置/建单对账。	按服务端冻结端点执行到站装卸。	携带站点/绑定版本、OrderIntent 和对账结果身份。	FP-B0 批次 0 候选（MVP 已覆盖）	MVP 剖面 FinalClassification=MVP 直接必须	BATCH-0		BATCH-0	
REQ-0326	覆盖治理问题随能力一并消失。 覆盖的发现、录入、复核、批准、二次认证、版本、生效、回滚和审计均不属于当前需求…	8005 多仓位 AGV 项目；更窄边界以本条文本及来源票据为准	本场景不适用	无首期实现影响；只保留为基线追溯，禁止误删原需求。	无首期实现影响；只保留为基线追溯，禁止误删原需求。	不进入 ProtocolVersion 1；不得为范围外能力预留未定义消息。	FP-C7 配置生效治理与回滚	来源票据 79-decide-area-override-maintenance-and-effectivity-governance.md)；票 05 定案：否定性需求，维持不实施；票 10 须表述为「本决定明文排除」而非遗漏	BATCH-3		BATCH-3	
REQ-0327	临时服务或容量问题，且原派发前提仍成立：保留绑定，在同一 DispatchGeneration 中以原 up…	8005 多仓位 AGV 项目；更窄边界以本条文本及来源票据为准	MVP 直接必须	解析机台与关卡绑定，持久化配置/建单对账。	按服务端冻结端点执行到站装卸。	携带站点/绑定版本、OrderIntent 和对账结果身份。	FP-B0 批次 0 候选（MVP 已覆盖）	MVP 剖面 FinalClassification=MVP 直接必须	BATCH-0		BATCH-0	
REQ-0328	仅当前车辆已不符合资格：在确认无 RIoT 订单后释放原车，TransportDemand 退回调度；若改选…	8005 多仓位 AGV 项目；更窄边界以本条文本及来源票据为准	本场景不适用	无首期实现影响；只保留为基线追溯，禁止误删原需求。	无首期实现影响；只保留为基线追溯，禁止误删原需求。	不进入 ProtocolVersion 1；不得为范围外能力预留未定义消息。	FP-C2 多车与多任务调度	来源票据 80-decide-riot-order-creation-uncertainty-binding-retry-release.md)	BATCH-7		BATCH-6	
REQ-0329	需求、端点、契约或鉴权问题：释放车辆但阻断该 TransportDemand，修复前不自动重派。	8005 多仓位 AGV 项目；更窄边界以本条文本及来源票据为准	MVP 直接必须	解析机台与关卡绑定，持久化配置/建单对账。	按服务端冻结端点执行到站装卸。	携带站点/绑定版本、OrderIntent 和对账结果身份。	FP-B0 批次 0 候选（MVP 已覆盖）	MVP 剖面 FinalClassification=MVP 直接必须	BATCH-0		BATCH-0	
REQ-0330	查到订单时，只有存在唯一非终态订单，且其 upperId、指定车辆及当前 AgvLifecycleGener…	8005 多仓位 AGV 项目；更窄边界以本条文本及来源票据为准	MVP 直接必须	解析机台与关卡绑定，持久化配置/建单对账。	按服务端冻结端点执行到站装卸。	携带站点/绑定版本、OrderIntent 和对账结果身份。	FP-B0 批次 0 候选（MVP 已覆盖）	MVP 剖面 FinalClassification=MVP 直接必须	BATCH-0		BATCH-0	
REQ-0331	查到多单、字段不一致或无法完整核验时，继续阻断，不得接管、释放或重派。	8005 多仓位 AGV 项目；更窄边界以本条文本及来源票据为准	MVP 直接必须	解析机台与关卡绑定，持久化配置/建单对账。	按服务端冻结端点执行到站装卸。	携带站点/绑定版本、OrderIntent 和对账结果身份。	FP-B0 批次 0 候选（MVP 已覆盖）	MVP 剖面 FinalClassification=MVP 直接必须	BATCH-0		BATCH-0	
REQ-0332	可靠确认订单不存在时，在原前提仍成立的范围内保留绑定，以原 upperId 有限重试；次数和退避时长仍留给正…	8005 多仓位 AGV 项目；更窄边界以本条文本及来源票据为准	MVP 直接必须	解析机台与关卡绑定，持久化配置/建单对账。	按服务端冻结端点执行到站装卸。	携带站点/绑定版本、OrderIntent 和对账结果身份。	FP-B0 批次 0 候选（MVP 已覆盖）	MVP 剖面 FinalClassification=MVP 直接必须	BATCH-0		BATCH-0	
REQ-0333	建单调用和对账结果同时未知时，进入“建单结果双重未知”：继续保留全部绑定并升级告警，不因时间、重试次数或任何…	8005 多仓位 AGV 项目；更窄边界以本条文本及来源票据为准	MVP 直接必须	解析机台与关卡绑定，持久化配置/建单对账。	按服务端冻结端点执行到站装卸。	携带站点/绑定版本、OrderIntent 和对账结果身份。	FP-B0 批次 0 候选（MVP 已覆盖）	MVP 剖面 FinalClassification=MVP 直接必须	BATCH-0		BATCH-0	
REQ-0334	规范绑定键是 mapId + TASK_TYPE。 每张 Map 每个 TASK_TYPE 最多一个 Fix…	8005 多仓位 AGV 项目；更窄边界以本条文本及来源票据为准	MVP 直接必须	解析机台与关卡绑定，持久化配置/建单对账。	按服务端冻结端点执行到站装卸。	携带站点/绑定版本、OrderIntent 和对账结果身份。	FP-C9a 六类任务执行与公共站点绑定	票 13 复核：批次 0 判定只在单一任务类型形态下成立	BATCH-6	绑定键 mapId + PublicStationFunction 零实现；当前是单个 gateStationId + gateStationRiotId 标量对。	BATCH-4	CP-0002
REQ-0335	Map 目录可见不等于公共站点就绪。 MapPublicStationRequirementSet 是该 M…	8005 多仓位 AGV 项目；更窄边界以本条文本及来源票据为准	MVP 直接必须	解析机台与关卡绑定，持久化配置/建单对账。	按服务端冻结端点执行到站装卸。	携带站点/绑定版本、OrderIntent 和对账结果身份。	FP-C9a 六类任务执行与公共站点绑定	票 13 复核：批次 0 判定只在单一任务类型形态下成立	BATCH-6	MapPublicStationRequirementSet 零命中。「任务类型只有在全部需求功能有有效绑定后才可投运」这条 fail-closed 是六类逐类放行的机制，当前不存在。	BATCH-4	CP-0002
REQ-0336	现场核对与配置激活遵守现有两级管理员权限。 MaintenanceAdministrator 可识别公共业务…	8005 多仓位 AGV 项目；更窄边界以本条文本及来源票据为准	MVP 交互／安全依赖	解析机台与关卡绑定，持久化配置/建单对账。	按服务端冻结端点执行到站装卸。	携带站点/绑定版本、OrderIntent 和对账结果身份。	FP-C9b 公共站点绑定运维治理	票 13 复核：批次 0 判定只在单一任务类型形态下成立；票 05 判档：延后。甲档下两级管理员无载体，与 FP-C10 同因	BATCH-6	两级管理员骨架确在批次 0（REQ-0251），本条是该骨架在公共站点绑定上的具体职责划分，随绑定治理一并延后；不重开权限模型本身。	BATCH-4	CP-0002
REQ-0337	每张 Map 以完整不可变绑定集版本生效。 PublicStationBindingSetVersion 保…	8005 多仓位 AGV 项目；更窄边界以本条文本及来源票据为准	MVP 交互／安全依赖	解析机台与关卡绑定，持久化配置/建单对账。	按服务端冻结端点执行到站装卸。	携带站点/绑定版本、OrderIntent 和对账结果身份。	FP-C9b 公共站点绑定运维治理	票 13 复核：批次 0 判定只在单一任务类型形态下成立；票 05 判档：本期实施	BATCH-6	PublicStationBindingSetVersion 零命中，整图原子激活机制不存在。	BATCH-4	CP-0002
REQ-0338	激活必须 fail-closed 验证完整性。 候选必须使用当前新鲜的 MapStationCatalogS…	8005 多仓位 AGV 项目；更窄边界以本条文本及来源票据为准	MVP 交互／安全依赖	解析机台与关卡绑定，持久化配置/建单对账。	按服务端冻结端点执行到站装卸。	携带站点/绑定版本、OrderIntent 和对账结果身份。	FP-C9a 六类任务执行与公共站点绑定	票 13 复核：批次 0 判定只在单一任务类型形态下成立	BATCH-6	激活期完整性校验零实现。票 13 定乙档后，本条的校验内容（同图、同功能唯一、同 Station 不复用多功能、需求功能完整、目录新鲜）在部署与启动期执行，「激活候选版本」这一动作面随 FP-C9b 延后。	BATCH-4	CP-0002
REQ-0339	敏感生效动作要求新鲜二次认证，但不增加另一批准人。 激活新版本、重新激活被暂停绑定、回滚，以及移除当前生效绑…	8005 多仓位 AGV 项目；更窄边界以本条文本及来源票据为准	首期延后	解析机台与关卡绑定，持久化配置/建单对账。	按服务端冻结端点执行到站装卸。	携带站点/绑定版本、OrderIntent 和对账结果身份。	FP-C7 配置生效治理与回滚	来源票据 83-decide-public-station-binding-maintenance-and-effectivity-governance.md)；票 05 定案：部分实施——「明确确认影响预览」本期实施，「SystemAdministrator 使用当前密码新鲜二次认证」因本期不建人员认证而不实施，随 FP-C10 延后。不接受用共享密钥冒充二次认证	BATCH-3		BATCH-3	
REQ-0340	可疑绑定可以立即收紧，恢复必须严格重验。 MaintenanceAdministrator 或 System…	8005 多仓位 AGV 项目；更窄边界以本条文本及来源票据为准	MVP 交互／安全依赖	解析机台与关卡绑定，持久化配置/建单对账。	按服务端冻结端点执行到站装卸。	携带站点/绑定版本、OrderIntent 和对账结果身份。	FP-C9b 公共站点绑定运维治理	票 13 复核：批次 0 判定只在单一任务类型形态下成立；票 05 判档：本期实施。「可疑绑定立即收紧」是现场事实触发、不能等停机窗口的动作，故它是唯一需要长在看板上的写入口；「恢复必须严格重验」那一半走受控预置配置	BATCH-6	PublicStationBindingHold 零命中，无暂停机制。	BATCH-4	CP-0002
REQ-0341	目录变化按稳定身份与语义风险分类。 同一 mapId + stationId 只改名时，名称不改变 Stat…	8005 多仓位 AGV 项目；更窄边界以本条文本及来源票据为准	MVP 交互／安全依赖	解析机台与关卡绑定，持久化配置/建单对账。	按服务端冻结端点执行到站装卸。	携带站点/绑定版本、OrderIntent 和对账结果身份。	FP-C9b 公共站点绑定运维治理	票 13 复核：批次 0 判定只在单一任务类型形态下成立；票 05 判档：本期实施	BATCH-6	MapStationCatalogSnapshot 确实存在（34 个文件），但「目录变化暂停相关公共站点绑定」无绑定可暂停。	BATCH-4	
REQ-0342	变化影响以必要范围收敛。 单一站点变化只阻断绑定在该 Station 上的那个 TASK_TYPE 的新使用…	8005 多仓位 AGV 项目；更窄边界以本条文本及来源票据为准	MVP 交互／安全依赖	解析机台与关卡绑定，持久化配置/建单对账。	按服务端冻结端点执行到站装卸。	携带站点/绑定版本、OrderIntent 和对账结果身份。	FP-C9b 公共站点绑定运维治理	票 13 复核：批次 0 判定只在单一任务类型形态下成立；票 05 判档：本期实施	BATCH-6	变化影响范围收敛以 PublicStationFunction 为收敛单位，该单位不存在。	BATCH-4	CP-0002
REQ-0343	任务类型规则本身也必须版本化。 TaskTypePublicStationRuleVersion 固定每个受…	8005 多仓位 AGV 项目；更窄边界以本条文本及来源票据为准	MVP 直接必须	解析机台与关卡绑定，持久化配置/建单对账。	按服务端冻结端点执行到站装卸。	携带站点/绑定版本、OrderIntent 和对账结果身份。	FP-C9a 六类任务执行与公共站点绑定	票 13 复核：批次 0 判定只在单一任务类型形态下成立	BATCH-6	TaskTypePublicStationRuleVersion 零命中。它是本簇的核心——每个 TASK_TYPE 用哪个 PublicStationFunction、该功能在运输中是起点还是终点，都由它承载，因此六类执行是配置驱动而非六份代码分支。	BATCH-4	CP-0002
REQ-0344	TransportDemand 冻结规则、站点和所依赖版本。 新建 TransportDemand 记录其 …	8005 多仓位 AGV 项目；更窄边界以本条文本及来源票据为准	MVP 直接必须	解析机台与关卡绑定，持久化配置/建单对账。	按服务端冻结端点执行到站装卸。	携带站点/绑定版本、OrderIntent 和对账结果身份。	FP-C9a 六类任务执行与公共站点绑定	票 13 复核：批次 0 判定只在单一任务类型形态下成立	BATCH-6	TransportDemand 冻结所依赖的规则版本与绑定版本零实现；当前 JourneyExecutionPlan 与 JourneyRuntimeRow 连 taskType 字段都没有（WireToGateModels.cs:174-194、ControlServerDbContext.cs:449-493）。	BATCH-4	
REQ-0345	已存在的 RIoT 订单不被配置变化自动取消。 已建单或正在执行的移动继续按 OrderRef 观察、对账和…	8005 多仓位 AGV 项目；更窄边界以本条文本及来源票据为准	MVP 直接必须	解析机台与关卡绑定，持久化配置/建单对账。	按服务端冻结端点执行到站装卸。	携带站点/绑定版本、OrderIntent 和对账结果身份。	FP-C9b 公共站点绑定运维治理	票 13 复核：批次 0 判定只在单一任务类型形态下成立；票 05 判档：本期实施	BATCH-6	乙档下由 REQ-0344 的冻结机制自然满足大部分语义；完整形态（运行期配置变更时的订单保护）随本簇延后。	BATCH-4	
REQ-0346	回滚是受控的新激活，不是历史覆盖。 SystemAdministrator 只可选择旧不可变版本的内容，在当…	8005 多仓位 AGV 项目；更窄边界以本条文本及来源票据为准	首期延后	解析机台与关卡绑定，持久化配置/建单对账。	按服务端冻结端点执行到站装卸。	携带站点/绑定版本、OrderIntent 和对账结果身份。	FP-C7 配置生效治理与回滚	来源票据 83-decide-public-station-binding-maintenance-and-effectivity-governance.md)；票 05 定案：本期实施。回滚是受控的新激活，只对冻结点晚于它的新对象生效	BATCH-3		BATCH-3	
REQ-0347	激活结果未知时不猜测生效版本。 激活、恢复或回滚超时、断联或返回矛盾结果时，相关 Map 暂停新的公共站点使…	8005 多仓位 AGV 项目；更窄边界以本条文本及来源票据为准	MVP 交互／安全依赖	解析机台与关卡绑定，持久化配置/建单对账。	按服务端冻结端点执行到站装卸。	携带站点/绑定版本、OrderIntent 和对账结果身份。	FP-C9b 公共站点绑定运维治理	票 13 复核：批次 0 判定只在单一任务类型形态下成立；票 05 判档：本期实施	BATCH-6	无激活动作即无「激活结果未知」，随本簇延后。	BATCH-4	
REQ-0348	全部操作和变化证据必须不可改写地审计。 在票据 71 已批准字段之外，记录 Map、TASK_TYPE、变更…	8005 多仓位 AGV 项目；更窄边界以本条文本及来源票据为准	MVP 交互／安全依赖	解析机台与关卡绑定，持久化配置/建单对账。	按服务端冻结端点执行到站装卸。	携带站点/绑定版本、OrderIntent 和对账结果身份。	FP-C9b 公共站点绑定运维治理	票 13 复核：批次 0 判定只在单一任务类型形态下成立；票 05 判档：本期实施；人员字段与 REQ-0266、REQ-0320 同口径处理	BATCH-6	公共站点绑定的 180 天不可改写审计零实现。	BATCH-4	CP-0002
REQ-0349	八仓车型的仓位分为前后两组，每个纳入执行的 AREA 只指派其中一组。 SlotPosition 是 Veh…	8005 多仓位 AGV 项目；更窄边界以本条文本及来源票据为准	不适用（CP-0002 新增）	派车按 AREA 指派的 SlotPosition 分组取仓；种子值 LEFT／RIGHT 改为 FRONT／REAR	无：车载端按下发仓号开门，不按站点校验分组	不改协议	FP-C15 前后仓位分侧	CP-0002 新增（program#71）	BATCH-4		—	CP-0002
REQ-0350	AreaSlotPositionAssignment 随 DispatchZoneAreaAssignmen…	8005 多仓位 AGV 项目；更窄边界以本条文本及来源票据为准	不适用（CP-0002 新增）	分区归属表加开门侧必填列，整表受治理导入、版本化与审计	无：车载端按下发仓号开门，不按站点校验分组	不改协议	FP-C15 前后仓位分侧	CP-0002 新增（program#71）	BATCH-4		—	CP-0002
REQ-0351	车辆为 AREA 机台站点的 Demand 装卸时，只开启该 Demand 冻结的仓位分组。 车辆停靠 AR…	8005 多仓位 AGV 项目；更窄边界以本条文本及来源票据为准	不适用（CP-0002 新增）	分配目标仓位时只取该 Demand 冻结的分组	无：车载端按下发仓号开门，不按站点校验分组	不改协议	FP-C15 前后仓位分侧	CP-0002 新增（program#71，program#80 改写）	BATCH-4		—	CP-0002
REQ-0352	一条 Demand 的全部花篮装入其 AREA 端点指派的同一仓位分组。 每条 Demand 按 REQ-0…	8005 多仓位 AGV 项目；更窄边界以本条文本及来源票据为准	不适用（CP-0002 新增）	整条 Demand 同组选仓；花篮数超过分组物理仓位数形成结构性派车阻断	无：车载端按下发仓号开门，不按站点校验分组	不改协议	FP-C15 前后仓位分侧	CP-0002 新增（program#71）	BATCH-4		—	CP-0002
REQ-0353	同一站点可以挂指派了不同仓位分组的 AREA，车辆在该站点按 Demand 分别开启各自的分组。 服务端不按…	8005 多仓位 AGV 项目；更窄边界以本条文本及来源票据为准	不适用（CP-0002 新增）	不做站点级开门侧一致性检查；同一停靠内按各 Demand 冻结的分组分别选仓	无：车载端按下发仓号开门，不按站点校验分组	不改协议	FP-C15 前后仓位分侧	CP-0002 新增（program#71，program#80 改写）	BATCH-4	v1.4.0（CP-0004）起两组仓门同样遵守 REQ-0357 的一次一扇与先 FRONT 后 REAR，分侧不另加其它限制。	—	CP-0004
REQ-0354	多需求装货阶段在车辆装满、持货超时或让站时结束，此前车辆持货等单。 车辆的每个 SlotPosition 分…	8005 多仓位 AGV 项目；更窄边界以本条文本及来源票据为准	不适用（CP-0002 新增）	按分组判装满；未全部装满时持货等单，直至装满、持货超时或让站	显示持货等单期限与让站原因（program#72 Q12）	协议 v2.0.0 增持货等单期限与让站原因字段（program#72 Q12）	FP-C15 前后仓位分侧	CP-0002 新增（program#71）	BATCH-7		—	CP-0002
REQ-0355	持货等单的车辆停在当前站点，其它车辆需要该站点时让站。 CargoHoldingWait 期间车辆留在其最后…	8005 多仓位 AGV 项目；更窄边界以本条文本及来源票据为准	不适用（CP-0002 新增）	持货等单车辆留在原站点；别的车被承诺以该站为下一停靠时让站	显示持货等单期限与让站原因（program#72 Q12）	协议 v2.0.0 增持货等单期限与让站原因字段（program#72 Q12）	FP-C15 前后仓位分侧	CP-0002 新增（program#71）	BATCH-7		—	CP-0002
REQ-0356	8005 急停锁住后，可经服务端人员确认原因已消除，由服务端解除。 急停状态为 CAN_RECOVER 时，…	8005 多仓位 AGV 项目；更窄边界以本条文本及来源票据为准	不适用（CP-0003 新增）	服务端已登录人员对选中车辆确认原因已消除、车上无货、仓门已关闭并记身份，订单须已终结；服务端调 cancelEmergency（仅 CAN_RECOVER）、回查 OK、结束本次急停且不重触发	无：车载端不能确认恢复	无：不改协议	FP-C11 RIoT 订单命令面与故障隔离	CP-0003 新增（control-server#63）	BATCH-5		—	CP-0003
REQ-0357	8005 业务仓位操作一次只开一扇仓门。 同一台车上，任一时刻最多一个仓位处于已发出开锁或开锁发送结果不确定…	8005 多仓位 AGV 项目；更窄边界以本条文本及来源票据为准	不适用（CP-0004 新增）	无：服务端仍一次冻结并下发完整目标集合；可把上报的 activeUnlockSlots 多于一个记为安全异常（CP-0004 第七节第 2 条）	整车任一时刻至多一扇开锁未闭环，按 FRONT→REAR、组内仓位号依次开；前一仓 UNKNOWN 即停下转人工；装货途中取消先收尾接管的开门、开锁前整车一门校验（onboard-hmi#106）	无：不改协议；slots 升序即本条顺序，supportsBatchUnlock 等措辞留到 protocol-v3.0.0（program#115）	FP-C11 RIoT 订单命令面与故障隔离	CP-0004 新增（program#111）	BATCH-5		—	CP-0004
REQ-0358	8005 业务仓位操作的当前仓位等待操作员过久时上报服务端。 车载端执行装货或卸货仓位操作时，当前仓位自本次…	8005 多仓位 AGV 项目；更窄边界以本条文本及来源票据为准	不适用（CP-0005 新增）	看板「期待动作超时」只读卡片：收到告警请求 SafetyStateSnapshot，与 STATION_TIMEOUT_DOOR_NOT_CLOSED 合并一行（control-server#142）	按仓累计等待、重开不清零，默认 3 个 OperationTimeout；OnboardAlarmSnapshot 挂 SLOT_EXPECTED_ACTION_OVERDUE，HMI 在线／断开两句文案；异常处置会话可填原因（onboard-hmi#109）	无：protocol-v2.0.0 现有 OnboardAlarmSnapshot 承载；告警码在 protocol-v3.0.0 登记进文字说明	FP-C11 RIoT 订单命令面与故障隔离	CP-0005 新增（program#113）	BATCH-5		—	CP-0005
REQ-0359	8005 仓位卡住但未判 UNKNOWN 时，由持异常处置权限的管理员在服务端依据现场事实判定故障。 仅当车…	8005 多仓位 AGV 项目；更窄边界以本条文本及来源票据为准	不适用（CP-0005 新增）	Host 判定 POST 接口与审计（照 EmergencyStopReleaseEndpoints）；看板判定表单，看板第一个写操作；赛跑时撤销判定	核对同一尝试、同一仓仍在等待后中止执行器、不再开锁，报该仓 UNKNOWN、后续 NOT_STARTED；已闭环则拒绝	新增 SlotFaultDeclarationCommand／SlotFaultDeclarationResult 与两条向量，待 protocol-v3.0.0（program#115）	FP-C11 RIoT 订单命令面与故障隔离	CP-0005 新增（program#113）	BATCH-6		—	CP-0005
